Date/Time,Lat,Long,Elv,Speed,Gids,SOC,AHr,Pack Volts,Pack Amps,Max CP mV,Min CP mV,Avg CP mV,CP mV Diff,Judgment Value,Pack T1 F,Pack T1 C,Pack T2 F,Pack T2 C,Pack T3 F,Pack T3 C,Pack T4 F,Pack T4 C,CP1,CP2,CP3,CP4,CP5,CP6,CP7,CP8,CP9,CP10,CP11,CP12,CP13,CP14,CP15,CP16,CP17,CP18,CP19,CP20,CP21,CP22,CP23,CP24,CP25,CP26,CP27,CP28,CP29,CP30,CP31,CP32,CP33,CP34,CP35,CP36,CP37,CP38,CP39,CP40,CP41,CP42,CP43,CP44,CP45,CP46,CP47,CP48,CP49,CP50,CP51,CP52,CP53,CP54,CP55,CP56,CP57,CP58,CP59,CP60,CP61,CP62,CP63,CP64,CP65,CP66,CP67,CP68,CP69,CP70,CP71,CP72,CP73,CP74,CP75,CP76,CP77,CP78,CP79,CP80,CP81,CP82,CP83,CP84,CP85,CP86,CP87,CP88,CP89,CP90,CP91,CP92,CP93,CP94,CP95,CP96,12v Bat Amps,VIN,Hx,12v Bat Volts,Odo(km),QC,L1/L2,TP-FL,TP-FR,TP-RR,TP-RL,Ambient,SOH,RegenWh,BLevel,epoch time,Motor Pwr(w),Aux Pwr(100w),A/C Pwr(250w),A/C Comp(0.1MPa),Est Pwr A/C(50w),Est Pwr Htr(250w),Plug State,Charge Mode,OBC Out Pwr,Gear,HVolt1,HVolt2,GPS Status,Power SW,BMS,OBC,Debug,Motor Temp,Inverter 2 Temp,Inverter 4 Temp, Speed1, Speed2,Wiper Status,Torque Nm
03/06/2018 3:37:17,54 58.4814,-1 31.16831,288,0,161,317784,1145049,342.62,22.040,3577,3560,3569,17,0,79.7,26.5,74.5,23.6,none,none,72.0,22.2,-3574,3568,-3573,3567,3571,3566,-3571,3569,3569,3569,3568,3570,-3568,3569,3570,3565,-3570,3564,-3569,3562,-3569,3566,3569,3565,-3572,3563,-3571,3563,-3570,3566,-3570,3566,-3567,3567,3569,3566,3569,3568,3568,3568,-3570,3567,-3570,3566,3571,3567,-3571,3568,-3572,3568,-3576,3568,-3575,3569,-3574,3569,-3573,3566,-3575,3566,-3574,3564,-3576,3566,-3573,3564,-3575,3565,-3575,3563,-3573,3565,-3576,3560,-3574,3560,-3576,3562,-3576,3562,-3575,3564,-3576,3565,-3577,3565,-3573,3566,-3575,3567,-3573,3567,-3576,3567,-3574,3566,2.52,SJNFAAZE1U0005576,117.67,14.40,8967.2421875,77,74,0,0,0,0,14.5,99.19,-131164,100,1527993437.633,0,4,2,0,11,0,0,0,0,4,343.30,343.30,7F,1,1,1,0080,61,40,40,0,0,19,155.00
03/06/2018 3:37:21,54 58.47354,-1 31.18972,308,17,160,317090,1145049,340.90,57.654,3559,3542,3551,17,0,79.7,26.5,74.5,23.6,none,none,71.8,22.1,3551,-3556,3548,-3555,3548,3553,3551,-3551,3550,3551,3551,3554,3547,3554,3551,-3551,3550,3551,3550,3550,3548,3552,3551,3551,3549,-3553,3547,-3554,3547,3550,3551,-3551,-3549,3551,3550,3550,3552,3551,3551,3552,-3550,3552,-3549,3553,3548,3554,-3549,3552,-3547,3555,-3549,3556,-3549,3555,-3551,3556,-3551,3555,-3549,3553,-3546,3556,-3547,3556,-3545,3553,-3548,3557,-3549,3555,-3547,3554,-3549,3553,-3542,3555,3547,-3557,3547,3555,3546,-3559,3546,-3556,3551,-3557,3547,-3557,3550,-3555,3550,3556,3549,-3556,3548,-3554,2.50,SJNFAAZE1U0005576,117.67,14.40,8967.2421875,77,74,0,0,0,0,14.5,99.19,-131164,100,1527993441.287,16240,4,0,0,0,0,0,0,0,4,341.23,341.23,7F,1,1,1,0080,62,40,40,0,0,11,85.25
03/06/2018 3:37:24,54 58.4588,-1 31.22059,278,28,160,316390,1145049,341.28,52.954,3564,3546,3555,18,0,79.7,26.5,74.5,23.6,none,none,71.8,22.1,3555,-3560,3551,-3559,3551,3558,3555,-3557,3555,3556,3554,3558,3551,3557,3555,-3555,3553,3555,3554,3554,3550,3557,3554,-3556,3553,-3557,3550,-3558,3550,3556,3554,-3555,3554,3556,3554,3554,3555,3556,3555,3556,3554,-3558,3552,-3557,3552,-3558,3554,-3557,3552,3562,3554,-3562,3554,-3561,3555,-3561,3555,-3561,3553,-3559,3552,-3561,3551,-3563,3549,-3560,3551,3561,3553,-3559,3550,-3560,3553,-3560,3546,-3561,3549,3562,3548,-3561,3549,-3564,3549,-3561,3553,-3561,3552,-3562,3553,-3561,3553,-3561,3554,-3562,3552,3559,2.41,SJNFAAZE1U0005576,117.67,14.40,8967.2421875,77,74,0,0,0,0,14.5,99.19,-131164,100,1527993444.791,17840,4,2,0,9,0,0,0,0,4,340.96,340.96,7F,1,1,1,0080,62,40,40,0,0,19,28.25
03/06/2018 3:37:28,54 58.44697,-1 31.24677,278,25,160,316196,1145049,343.68,-6.003,3588,3572,3580,16,0,79.5,26.4,74.3,23.5,none,none,71.8,22.1,3581,-3586,3576,3584,3576,3581,3580,-3579,3579,3580,3579,3581,3573,3579,3578,3578,3577,3576,3576,3576,3573,3579,3577,-3578,3574,3580,3573,-3579,3573,3578,3576,-3578,3577,3576,3577,3577,3578,3579,3578,3579,3578,-3581,3577,3581,3577,-3581,3579,-3582,3580,-3588,3581,-3588,3582,3588,3581,-3587,3581,-3587,3579,-3586,3578,-3587,3577,-3588,3575,-3586,3576,-3586,3577,-3585,3577,3586,3575,-3586,3572,-3586,3575,-3587,3576,-3588,3576,3588,3575,-3587,3579,-3587,3577,-3586,3581,-3587,3580,-3586,3580,-3587,3577,-3584,2.39,SJNFAAZE1U0005576,117.67,14.40,8967.2421875,77,74,0,0,0,0,14.5,99.19,-131164,100,1527993448.279,0,4,2,0,11,0,0,0,0,4,343.65,343.65,7F,1,1,1,0080,62,40,40,0,0,19,-30.25
03/06/2018 3:37:32,54 58.43634,-1 31.26581,259,13,160,316304,1145049,343.78,-1.884,3590,3574,3581,16,0,79.5,26.4,74.5,23.6,none,none,71.8,22.1,3581,3587,3579,-3586,3578,3584,3581,-3581,3580,3581,3579,3581,3576,3581,3580,-3579,3578,3578,3578,3578,3575,3581,3579,-3580,3576,-3582,3574,-3582,3576,3580,3579,-3580,3579,3579,3578,3579,3580,3581,3580,3581,3579,-3583,3578,-3582,3580,-3583,3582,3583,3580,-3589,3582,-3589,3582,-3589,3583,-3589,3580,3589,3581,-3587,3580,-3588,3578,-3589,3577,-3588,3578,-3588,3579,-3586,3578,-3586,3577,-3587,3575,3587,3577,-3588,3576,-3589,3577,-3590,3577,-3588,3580,3589,3577,-3587,3582,-3588,3579,-3588,3582,-3588,3580,-3585,2.33,SJNFAAZE1U0005576,117.67,14.40,8967.2421875,77,74,0,0,0,0,14.5,99.19,-131168,100,1527993452.096,0,5,0,0,0,0,0,0,0,4,343.80,343.80,7F,1,1,1,0080,62,40,40,0,0,19,8.75
03/06/2018 3:37:35,54 58.41844,-1 31.24953,252,19,160,315896,1145049,340.42,72.974,3554,3536,3546,18,0,79.7,26.5,74.3,23.5,none,none,71.8,22.1,3546,-3551,3543,-3551,3543,3549,3547,-3546,3547,3547,3546,3549,3542,3548,3546,-3547,3545,3546,3545,3547,3543,3549,3546,3548,3543,-3548,3542,-3549,3542,3547,3545,-3546,3545,3547,3547,3546,3546,3546,3547,3548,3546,-3549,3544,-3549,3543,-3549,3545,-3548,3542,-3551,3544,3551,3545,-3551,3546,-3552,3546,-3551,3544,-3550,3541,3551,3542,-3552,3540,-3550,3542,-3553,3544,-3551,3542,-3551,3544,-3550,3536,-3551,3541,-3554,3541,3552,3542,-3554,3541,-3553,3544,-3552,3542,-3552,3544,-3551,3544,3554,3545,-3552,3543,-3549,2.30,SJNFAAZE1U0005576,117.67,14.40,8967.2421875,77,74,0,0,0,0,14.5,99.19,-131168,100,1527993455.901,19280,4,0,0,0,0,0,0,0,4,340.38,340.38,7F,1,1,1,0080,63,40,40,0,0,19,53.75
03/06/2018 3:37:39,54 58.40217,-1 31.22864,265,24,159,315615,1145049,344.83,-13.114,3602,3583,3592,19,0,79.5,26.4,74.5,23.6,none,none,71.8,22.1,-3598,3590,-3596,3591,3595,3590,-3592,3591,3591,3590,3591,3591,-3590,3590,3592,3586,-3591,3586,-3592,3583,-3589,3588,3590,3585,-3593,3584,-3593,3584,-3591,3587,-3591,3586,-3590,3589,3590,3587,3591,3590,3590,3589,-3593,3589,-3593,3589,3594,3590,-3595,3592,-3598,3593,-3602,3593,-3601,3595,-3599,3594,-3598,3592,-3601,3592,-3602,3590,-3600,3590,-3598,3590,-3598,3587,-3598,3587,-3598,3589,-3596,3586,-3599,3586,-3600,3586,-3599,3587,-3600,3588,-3601,3589,-3602,3589,-3597,3590,-3600,3592,-3599,3591,-3601,3593,-3601,3591,2.30,SJNFAAZE1U0005576,117.67,14.40,8967.2421875,77,74,0,0,0,0,14.5,99.19,-131168,100,1527993459.448,0,4,2,0,10,0,0,0,0,4,343.90,343.90,7F,1,1,1,0080,63,40,40,0,0,19,-88.75
03/06/2018 3:37:43,54 58.40056,-1 31.21535,272,11,159,315770,1145049,343.58,3.425,3587,3571,3579,16,0,79.5,26.4,74.3,23.5,none,none,71.8,22.1,-3584,3578,-3582,3577,3582,3577,-3580,3578,3579,3578,3578,3579,-3577,3577,3579,3574,-3579,3574,-3578,3571,-3578,3576,3579,3574,-3580,3572,-3580,3572,-3579,3574,-3579,3574,-3577,3575,3578,3575,3579,3578,3578,3577,-3581,3576,-3581,3575,3580,3577,-3582,3579,-3583,3579,-3586,3580,-3586,3580,-3586,3579,-3587,3578,-3586,3576,-3585,3576,-3586,3576,-3584,3574,-3586,3576,-3585,3574,-3584,3575,-3584,3571,-3585,3571,-3587,3572,-3587,3572,-3586,3574,-3587,3576,-3586,3576,-3585,3576,-3585,3578,-3584,3577,-3587,3577,-3586,3577,2.27,SJNFAAZE1U0005576,117.67,14.40,8967.2421875,77,74,0,0,0,0,14.5,99.19,-131174,100,1527993463.208,0,4,2,0,10,0,0,0,0,4,343.62,343.62,7F,1,1,1,0080,63,40,40,0,0,19,-5.00
03/06/2018 3:37:47,54 58.40456,-1 31.21925,282,0,159,315767,1145049,343.68,-2.463,3589,3572,3580,17,0,79.7,26.5,74.5,23.6,none,none,72.0,22.2,-3585,3579,-3584,3578,3583,3578,-3582,3580,3580,3579,3579,3580,-3578,3578,3580,3576,-3581,3574,-3580,3573,-3579,3577,3580,3576,-3581,3573,-3581,3574,-3581,3576,-3580,3576,-3579,3577,3580,3576,3581,3579,3580,3579,-3581,3578,-3581,3577,3582,3579,-3583,3580,-3584,3580,-3589,3581,-3588,3582,-3588,3582,-3587,3580,-3588,3579,-3588,3577,-3588,3578,-3585,3575,-3587,3576,-3587,3577,-3587,3577,-3587,3572,-3586,3573,-3588,3575,-3589,3575,-3588,3576,-3589,3577,-3589,3577,-3587,3577,-3589,3580,-3588,3578,-3589,3579,-3587,3578,2.21,SJNFAAZE1U0005576,117.67,14.40,8967.2421875,77,74,0,0,0,0,14.5,99.19,-131174,100,1527993467.112,0,4,0,0,0,0,0,0,0,4,343.94,343.94,7F,1,1,1,0080,64,40,40,0,0,19,0.00
03/06/2018 3:37:50,54 58.40513,-1 31.22253,285,2,159,315728,1145049,343.68,3.394,3588,3572,3580,16,0,79.7,26.5,74.3,23.5,none,none,71.8,22.1,-3585,3579,-3583,3579,3582,3578,-3581,3580,3579,3578,3579,3579,-3577,3577,3579,3575,-3579,3575,-3579,3572,-3578,3577,3578,3575,-3580,3573,-3580,3573,-3579,3575,-3579,3576,-3578,3577,3579,3576,3580,3579,3579,3578,-3580,3578,-3581,3577,3582,3578,-3582,3581,-3584,3580,-3587,3581,-3587,3582,-3586,3582,-3586,3579,-3586,3578,-3586,3577,-3587,3577,-3584,3575,-3585,3578,-3586,3576,-3585,3577,-3585,3574,-3583,3573,-3586,3576,-3587,3575,-3586,3577,-3587,3578,-3587,3577,-3585,3578,-3587,3581,-3585,3579,-3588,3580,-3586,3578,2.18,SJNFAAZE1U0005576,117.67,14.40,8967.2421875,77,74,0,0,0,0,14.5,99.19,-131174,100,1527993470.703,0,4,2,0,10,0,0,0,0,4,343.69,343.69,7F,1,1,1,0080,64,40,40,0,0,19,0.00
03/06/2018 3:37:54,54 58.40601,-1 31.22407,295,0,159,315677,1145049,343.78,0.159,3590,3574,3581,16,0,79.7,26.5,74.5,23.6,none,none,71.8,22.1,-3581,3587,-3578,3586,3579,3583,-3581,3580,3580,3580,3578,3582,-3576,3580,3579,3579,-3578,3578,-3578,3578,-3576,3580,3578,3579,-3576,3581,-3575,3582,3575,3579,3579,3579,3579,3578,3579,3578,3580,3581,3580,3581,-3579,-3582,3578,3582,3579,3583,-3579,3582,-3579,3589,-3581,3589,-3582,3589,-3582,3589,-3581,3587,-3580,3586,-3578,3588,-3577,3589,-3577,3586,-3578,3587,-3579,3586,-3578,3585,-3577,3587,-3574,3586,-3576,3588,-3576,3588,-3577,3590,-3577,3588,-3580,3587,-3577,3587,-3581,3589,-3579,3588,-3581,3589,-3579,3586,2.08,SJNFAAZE1U0005576,117.67,14.40,8967.2421875,77,74,0,0,0,0,14.5,99.19,-131174,100,1527993474.227,0,0,0,0,10,0,0,0,0,4,343.91,343.91,7F,1,1,1,0080,64,40,40,0,0,19,0.00
03/06/2018 3:37:57,54 58.40638,-1 31.22418,291,0,159,315656,1145049,343.87,-0.083,3590,3574,3582,16,3570,79.7,26.5,74.5,23.6,none,none,71.8,22.1,3582,3587,3579,-3587,3578,3583,3581,-3582,3581,3581,3580,3582,3576,3581,3580,-3580,3580,3579,3579,3579,3576,3581,3579,-3580,3577,-3582,3575,-3582,3576,3580,3579,-3579,3578,3578,3579,3579,3580,3581,3581,3582,3579,3584,3580,-3583,3579,-3584,3581,-3583,3581,-3590,3583,-3590,3583,-3589,3583,-3589,3582,-3588,3581,3587,3580,-3589,3578,-3588,3577,-3587,3579,-3588,3579,3587,3578,-3588,3577,-3587,3574,-3586,3576,-3588,3577,-3589,3577,-3590,3577,-3588,3582,-3589,3579,3587,3583,-3589,3580,-3588,3582,-3590,3580,-3586,-8.28,SJNFAAZE1U0005576,117.67,12.80,8967.2421875,77,74,0,0,0,0,14.5,99.19,-131174,100,1527993477.213,0,0,0,0,0,0,0,0,0,1,343.86,343.86,77,0,1,1,0000,64,40,40,0,0,19,0.00
03/06/2018 3:38:00,54 58.40638,-1 31.22418,291,0,159,315656,1145049,343.87,-0.083,3590,3576,3582,14,3570,79.7,26.5,74.5,23.6,none,none,72.0,22.2,3583,-3588,3579,-3586,3580,3584,3581,3582,3582,3582,3581,3582,3577,3581,3581,-3580,3579,3579,3579,3580,3577,3580,3580,-3580,3577,-3581,3576,-3583,3577,3580,3581,-3579,3579,3579,3579,3580,3582,3581,3580,3582,3581,-3584,3579,-3583,3580,3584,3582,-3583,3582,-3589,3583,-3590,3583,-3589,3584,-3589,3583,-3587,3582,-3587,3581,-3588,3580,3589,3579,-3587,3580,-3586,3581,-3585,3579,-3587,3578,3586,3576,-3587,3578,-3588,3578,-3588,3578,-3589,3578,-3589,3582,-3588,3579,-3587,3583,-3588,3582,3587,3583,-3588,3581,-3586,-7.57,SJNFAAZE1U0005576,117.67,12.72,8967.2421875,77,74,0,0,0,0,14.5,99.19,-131174,100,1527993480.314,0,0,0,0,0,0,0,0,0,1,343.90,343.90,77,0,1,1,0000,64,40,40,0,0,19,0.00
03/06/2018 3:38:03,54 58.40638,-1 31.22418,291,0,159,315656,1145049,343.87,-0.114,3591,3575,3582,16,3568,79.7,26.5,74.5,23.6,none,none,71.8,22.1,3582,-3588,3579,-3587,3579,3584,3582,-3583,3582,3582,3581,3582,3577,3582,3580,-3580,3579,3579,3579,3579,3576,3581,3580,-3581,3577,-3582,3577,-3583,3576,3580,3580,-3580,3580,3579,3580,3580,3581,3581,3581,3582,3581,-3584,3580,-3583,3581,-3585,3581,-3583,3581,3590,3582,-3590,3583,-3590,3583,-3590,3582,-3588,3581,-3588,3580,3590,3579,-3589,3579,-3588,3578,-3589,3580,-3587,3579,-3588,3578,-3587,3575,-3589,3577,-3590,3578,3589,3578,-3591,3578,-3588,3581,-3589,3578,-3588,3582,3590,3582,-3589,3582,-3590,3581,-3587,-7.39,SJNFAAZE1U0005576,117.67,12.64,8967.2421875,77,74,0,0,0,0,14.5,99.19,-131174,100,1527993483.362,0,0,0,0,0,0,0,0,0,1,343.92,343.92,77,0,1,1,0000,64,40,40,0,0,19,0.00
03/06/2018 3:38:06,54 58.40638,-1 31.22418,291,0,159,315656,1145049,343.87,-0.053,3590,3576,3582,14,3570,79.7,26.5,74.5,23.6,none,none,72.0,22.2,3584,-3587,3581,-3587,3580,3584,3582,-3582,3582,3581,3581,3583,3578,3582,3581,3581,3580,3580,3580,3579,3578,3581,3581,-3581,3578,-3583,3577,3583,3577,3581,3581,-3580,3580,3581,3581,3580,3581,3582,3581,3581,3581,-3584,3580,-3583,3581,-3586,3582,-3583,3583,-3589,3584,-3589,3584,-3590,3584,3590,3584,-3588,3583,-3587,3581,-3588,3580,-3588,3578,3588,3580,-3587,3581,-3586,3580,-3587,3578,-3587,3576,-3587,3579,-3589,3579,-3589,3579,-3590,3580,3589,3582,-3588,3579,-3588,3583,-3589,3582,-3588,3583,3589,3581,-3587,-7.38,SJNFAAZE1U0005576,117.67,12.56,8967.2421875,77,74,0,0,0,0,14.5,99.19,-131174,100,1527993486.580,0,0,0,0,0,0,0,0,0,1,343.96,343.96,77,0,1,1,0000,64,40,40,0,0,19,0.00
03/06/2018 3:38:09,54 58.40638,-1 31.22418,291,0,159,315656,1145049,343.97,-0.022,3592,3575,3583,17,3569,79.7,26.5,74.5,23.6,none,none,71.8,22.1,3584,-3589,3579,3588,3580,3585,3582,-3582,3583,3582,3582,3583,3577,3582,3581,-3581,3580,3580,3580,3581,3576,3581,3581,-3581,3578,-3584,3576,-3584,3577,3581,3580,3581,3581,3580,3581,3580,3582,3582,3582,3583,3582,3585,3580,-3584,3581,-3586,3582,-3584,3582,-3591,3584,-3591,3584,-3590,3584,-3589,3583,-3590,3582,3589,3582,-3591,3580,-3590,3578,-3588,3579,-3589,3581,3588,3580,-3588,3578,-3589,3575,-3588,3578,-3590,3578,-3590,3579,-3592,3578,-3590,3581,-3590,3579,3588,3584,-3590,3582,-3590,3583,-3590,3581,-3588,-5.30,SJNFAAZE1U0005576,117.67,12.56,8967.2421875,77,74,0,0,0,0,14.5,99.19,-131174,100,1527993489.828,0,0,0,0,0,0,0,0,0,1,343.99,343.99,77,0,1,1,0000,64,40,40,0,0,19,0.00
03/06/2018 3:38:12,54 58.40638,-1 31.22418,291,0,159,315656,1145049,343.97,-0.083,3592,3575,3583,17,3569,79.7,26.5,74.5,23.6,none,none,71.8,22.1,-3589,3581,-3586,3581,3586,3580,-3585,3583,3582,3582,3582,3583,-3581,3580,3584,3579,-3583,3578,-3583,3576,-3582,3580,3583,3579,-3584,3576,-3585,3576,-3583,3579,-3583,3579,-3582,3580,3582,3580,3582,3582,3581,3582,-3585,3580,-3585,3580,3584,3582,-3585,3583,-3587,3584,-3592,3584,-3590,3585,-3590,3585,-3590,3582,-3591,3581,-3588,3579,-3591,3580,-3589,3579,-3590,3580,-3590,3579,-3590,3579,-3588,3575,-3590,3576,-3590,3578,-3592,3578,-3590,3579,-3591,3580,-3592,3580,-3589,3579,-3591,3583,-3590,3581,-3592,3582,-3590,3581,-7.34,SJNFAAZE1U0005576,117.67,12.48,8967.2421875,77,74,0,0,0,0,14.5,99.19,-131174,100,1527993492.955,0,0,0,0,0,0,0,0,0,1,344.01,344.01,77,0,1,1,0000,64,40,40,0,0,19,0.00
03/06/2018 3:38:16,54 58.40638,-1 31.22418,291,0,159,315656,1145049,343.97,-0.053,3591,3577,3583,14,3571,79.7,26.5,74.5,23.6,none,none,71.8,22.1,-3588,3583,-3586,3583,3587,3582,-3584,3583,3582,3583,3582,3583,-3581,3581,3584,3580,-3583,3579,-3582,3577,-3582,3580,3583,3578,-3585,3577,-3583,3577,-3582,3579,-3583,3580,-3582,3581,3582,3580,3582,3581,3582,3582,-3585,3581,-3584,3580,3585,3582,-3586,3584,-3588,3584,-3591,3585,-3590,3585,-3590,3586,-3590,3583,-3590,3582,-3590,3581,-3590,3581,-3588,3581,-3590,3580,-3590,3580,-3588,3581,-3586,3577,-3587,3578,-3590,3579,-3591,3579,-3590,3581,-3590,3582,-3591,3581,-3589,3581,-3591,3584,-3590,3582,-3591,3583,-3589,3582,-7.43,SJNFAAZE1U0005576,117.67,12.40,8967.2421875,77,74,0,0,0,0,14.5,99.19,-131174,100,1527993496.173,0,0,0,0,0,0,0,0,0,1,344.03,344.03,77,0,1,1,0000,64,40,40,0,0,19,0.00
03/06/2018 3:38:19,54 58.40638,-1 31.22418,291,0,159,315656,1145049,344.16,-0.022,3593,3577,3585,16,3573,79.5,26.4,74.3,23.5,none,none,71.8,22.1,-3590,3583,-3588,3583,3587,3583,-3586,3584,3584,3584,3583,3584,-3582,3583,3585,3580,-3585,3579,-3585,3577,-3584,3582,3584,3580,-3585,3577,-3585,3578,-3585,3579,-3585,3581,-3582,3582,3583,3581,3584,3583,3583,3582,-3586,3582,-3587,3582,3586,3582,-3587,3585,-3589,3585,-3592,3586,-3592,3587,-3592,3587,-3592,3583,-3592,3583,-3592,3582,-3592,3582,-3589,3580,-3591,3581,-3593,3580,-3591,3582,-3589,3577,-3591,3578,-3592,3578,-3592,3579,-3592,3581,-3593,3581,-3593,3582,-3591,3582,-3592,3584,-3591,3582,-3593,3583,-3591,3583,-7.41,SJNFAAZE1U0005576,117.67,12.40,8967.2421875,77,74,0,0,0,0,14.5,99.19,-131174,100,1527993499.168,0,0,0,0,0,0,0,0,0,1,344.17,344.17,77,0,1,1,0000,64,40,40,0,0,19,0.00
03/06/2018 3:38:22,54 58.40638,-1 31.22418,291,0,159,315656,1145049,344.16,0.038,3593,3578,3585,15,3573,79.7,26.5,74.5,23.6,none,none,71.8,22.1,-3590,3585,-3588,3585,3588,3583,-3586,3584,3584,3584,3583,3584,-3583,3582,3585,3580,-3584,3579,-3584,3578,-3584,3582,3584,3580,-3586,3578,-3585,3579,-3583,3580,-3585,3581,-3583,3582,3584,3581,3585,3584,3584,3584,-3587,3583,-3586,3582,3587,3583,-3586,3585,-3588,3586,-3592,3585,-3592,3588,-3592,3588,-3591,3584,-3592,3584,-3591,3582,-3592,3582,-3589,3582,-3591,3582,-3591,3581,-3590,3583,-3589,3578,-3590,3580,-3592,3580,-3592,3580,-3592,3581,-3592,3583,-3593,3583,-3590,3583,-3592,3585,-3591,3584,-3593,3584,-3590,3584,-7.40,SJNFAAZE1U0005576,117.67,12.32,8967.2421875,77,74,0,0,0,0,14.5,99.19,-131174,100,1527993502.364,0,0,0,0,0,0,0,0,0,1,344.18,344.18,77,0,1,1,0000,64,40,40,0,0,19,0.00
03/06/2018 3:38:25,54 58.40638,-1 31.22418,291,0,159,315656,1145049,344.06,-0.114,3593,3576,3584,17,3570,79.7,26.5,74.5,23.6,none,none,71.8,22.1,-3589,3583,-3588,3583,3587,3582,-3585,3584,3584,3584,3583,3584,-3582,3582,3585,3579,-3585,3578,-3584,3577,-3582,3581,3583,3580,-3586,3577,-3586,3578,-3584,3579,-3583,3580,-3582,3582,3583,3581,3584,3584,3582,3582,-3585,3582,-3586,3581,3587,3582,-3586,3584,-3588,3584,-3593,3586,-3592,3586,-3591,3586,-3591,3582,-3591,3583,-3591,3580,-3591,3580,-3590,3580,-3591,3580,-3591,3580,-3591,3581,-3590,3576,-3590,3578,-3592,3579,-3592,3579,-3591,3580,-3592,3581,-3592,3582,-3590,3581,-3592,3583,-3592,3582,-3593,3582,-3591,3582,-5.35,SJNFAAZE1U0005576,117.67,12.32,8967.2421875,77,74,0,0,0,0,14.5,99.19,-131174,100,1527993505.587,0,0,0,0,0,0,0,0,0,1,344.11,344.11,77,0,1,1,0000,64,40,40,0,0,19,0.00
03/06/2018 3:38:28,54 58.40638,-1 31.22418,291,0,159,315656,1145049,344.06,-0.114,3591,3578,3584,13,3573,79.7,26.5,74.5,23.6,none,none,71.8,22.1,3585,-3589,3581,-3589,3581,3585,3583,-3584,3584,3584,3583,3585,3580,3584,3583,-3582,3581,3582,3581,3581,3579,3582,3582,3582,3580,-3584,3579,-3584,3579,3583,3582,-3582,3581,3582,3581,3581,3583,3584,3584,3583,3583,-3586,3581,-3585,3582,-3586,3584,-3584,3584,-3591,3586,3591,3586,-3591,3587,-3591,3585,-3589,3584,-3590,3583,3590,3583,-3591,3580,-3589,3582,-3590,3583,-3588,3582,-3588,-3581,3588,3578,-3589,3580,-3590,3580,3590,3580,-3591,3581,-3590,3584,-3590,3582,-3589,3585,-3591,3584,3590,3585,-3591,3583,-3588,-5.35,SJNFAAZE1U0005576,117.67,12.32,8967.2421875,77,74,0,0,0,0,14.5,99.19,-131174,100,1527993508.811,0,0,0,0,0,0,0,0,0,1,344.13,344.13,77,0,1,1,0000,64,40,40,0,0,19,0.00
03/06/2018 3:38:31,54 58.40638,-1 31.22418,291,0,159,315656,1145049,344.16,-0.114,3590,3580,3585,10,3577,79.5,26.4,74.3,23.5,none,none,71.6,22.0,3589,-3587,3584,-3586,3585,3585,3585,-3584,3584,3583,3584,3585,3582,3583,3583,3582,3581,3582,3581,3580,3581,3582,3581,3582,3583,3580,3582,3581,3582,3582,3582,3583,3582,3582,3583,3582,3584,3583,3584,3583,3586,-3585,3584,-3583,3585,-3585,3586,-3585,3588,3589,3589,-3590,3589,-3589,3589,-3588,3588,-3587,3588,-3587,3588,-3586,3587,-3587,3585,-3585,3587,3587,3587,-3585,3586,-3585,3586,-3583,3585,-3582,3586,3585,3586,-3585,3586,-3587,3587,-3586,3588,-3586,3585,-3586,3588,-3588,3588,-3588,3589,-3588,3587,3587,-5.36,SJNFAAZE1U0005576,117.67,12.32,8967.2421875,77,74,0,0,0,0,14.5,99.19,-131174,100,1527993511.824,0,0,0,0,0,0,0,0,0,1,344.15,344.15,77,0,1,1,0000,64,40,40,0,0,19,0.00
03/06/2018 3:38:34,54 58.40638,-1 31.22418,291,0,159,315656,1145049,344.16,-0.114,3590,3580,3585,10,3577,79.9,26.6,74.5,23.6,none,none,72.0,22.2,3589,3587,3586,3587,3584,3585,3585,3584,3583,3584,3583,3585,3583,3582,3584,3583,3582,3582,3582,3580,3582,3582,3583,3582,3582,3581,3582,3581,3582,3581,3582,3583,3582,3583,3583,3581,3585,3582,3584,3584,3584,3584,3584,3584,3584,3585,3586,3584,3587,3589,3589,3589,3589,3590,3589,3590,3589,3588,3588,3587,3588,3587,3587,3586,3585,3586,3587,3586,3587,3585,3587,3586,3586,3584,3583,3584,3586,3585,3587,3586,3586,3587,3587,3586,3590,3586,3586,3586,3588,3588,3587,3587,3590,3588,3588,3587,-5.30,SJNFAAZE1U0005576,117.67,12.32,8967.2421875,77,74,0,0,0,0,14.5,99.19,-131174,100,1527993514.746,0,0,0,0,0,0,0,0,0,1,344.16,344.16,77,0,1,1,0002,64,40,40,0,0,19,0.00
03/06/2018 3:38:37,54 58.40638,-1 31.22418,291,0,159,315639,1145049,344.16,0.068,3590,3580,3585,10,3577,79.7,26.5,74.3,23.5,none,none,71.8,22.1,3588,3586,3585,3587,3585,3585,3584,3585,3584,3583,3583,3585,3583,3583,3583,3582,3582,3582,3582,3580,3582,3582,3583,3582,3583,3581,3582,3582,3581,3581,3583,3582,3582,3582,3583,3582,3585,3584,3583,3583,3584,3584,3584,3584,3585,3585,3587,3585,3588,3590,3589,3589,3589,3589,3589,3589,3588,3587,3588,3586,3588,3587,3587,3587,3586,3585,3586,3586,3587,3585,3586,3586,3585,3584,3585,3584,3586,3586,3587,3585,3586,3587,3587,3587,3588,3586,3586,3586,3588,3589,3588,3588,3590,3588,3587,3587,-5.32,SJNFAAZE1U0005576,117.67,12.32,8967.2421875,77,74,0,0,0,0,14.5,99.19,-131174,100,1527993517.569,0,0,0,0,0,0,0,0,0,1,344.27,344.27,77,0,1,1,0002,64,40,40,0,0,19,0.00
03/06/2018 3:38:40,54 58.40638,-1 31.22418,291,0,159,315614,1145049,345.60,-23.399,3607,3595,3600,12,3589,79.7,26.5,74.5,23.6,none,none,71.8,22.1,3605,3602,3600,3602,3600,3600,3599,3600,3599,3600,3597,3599,3597,3597,3597,3598,3597,3597,3595,3596,3595,3596,3597,3597,3598,3596,3596,3597,3596,3597,3596,3597,3597,3598,3598,3598,3598,3598,3598,3598,3599,3600,3599,3599,3599,3601,3602,3601,3604,3606,3607,3606,3606,3607,3606,3606,3604,3604,3605,3604,3605,3602,3602,3603,3601,3603,3602,3601,3602,3601,3603,3602,3599,3601,3600,3599,3602,3601,3601,3601,3603,3603,3602,3603,3605,3603,3602,3602,3605,3605,3605,3604,3606,3604,3603,3604,15.21,SJNFAAZE1U0005576,117.67,13.84,8967.2421875,78,74,0,0,0,0,14.5,99.19,-131174,100,1527993520.885,0,1,0,0,0,0,0,3,0,1,345.29,345.29,77,0,1,1,0002,64,40,40,0,0,19,0.00
03/06/2018 3:38:43,54 58.40638,-1 31.22418,291,0,160,315940,1145049,348.00,-76.774,3634,3618,3625,16,3611,79.5,26.4,74.3,23.5,none,none,71.8,22.1,3631,3628,3626,3627,3626,3624,3625,3624,3626,3622,3623,3622,3621,3621,3622,3621,3622,3620,3620,3618,3621,3619,3620,3620,3622,3620,3621,3620,3621,3620,3621,3621,3622,3620,3622,3621,3623,3623,3623,3621,3625,3624,3625,3624,3626,3625,3628,3625,3632,3633,3634,3632,3633,3632,3633,3632,3629,3629,3631,3630,3631,3628,3629,3628,3627,3629,3630,3626,3628,3625,3629,3627,3622,3626,3628,3626,3628,3625,3628,3628,3627,3629,3629,3628,3631,3627,3626,3627,3632,3631,3631,3628,3632,3631,3632,3629,11.20,SJNFAAZE1U0005576,117.67,14.16,8967.2421875,78,74,0,0,0,0,14.5,99.19,-131188,100,1527993523.891,0,1,0,0,0,0,0,3,0,1,347.90,347.90,77,0,1,1,0002,63,40,40,0,0,19,0.00
03/06/2018 3:38:47,54 58.40638,-1 31.22418,291,0,160,316478,1145049,349.34,-96.091,3649,3631,3639,18,3624,79.7,26.5,74.3,23.5,none,none,72.0,22.2,3645,3643,3640,3641,3640,3638,3639,3636,3636,3635,3636,3635,3635,3634,3634,3634,3634,3632,3633,3631,3633,3632,3634,3633,3634,3632,3634,3632,3633,3633,3633,3634,3635,3634,3634,3634,3637,3636,3637,3635,3639,3636,3639,3637,3640,3639,3643,3638,3648,3648,3649,3647,3648,3648,3648,3646,3643,3643,3645,3645,3647,3643,3644,3642,3642,3642,3643,3641,3644,3641,3642,3641,3637,3641,3643,3640,3642,3640,3643,3642,3642,3642,3643,3642,3645,3641,3641,3641,3647,3647,3646,3643,3648,3644,3646,3644,8.79,SJNFAAZE1U0005576,117.67,14.32,8967.2421875,78,74,0,0,0,0,14.5,99.19,-131210,100,1527993527.154,0,1,0,0,0,0,0,3,0,1,349.21,349.21,77,0,1,1,0002,63,40,40,0,0,19,0.00
03/06/2018 3:38:50,54 58.40638,-1 31.22418,291,0,160,317109,1145049,350.78,-114.005,3665,3646,3654,19,3637,79.7,26.5,74.5,23.6,none,none,71.8,22.1,3661,3656,3655,3655,3655,3652,3652,3652,3653,3650,3650,3649,3649,3648,3649,3647,3648,3646,3646,3646,3648,3647,3647,3647,3648,3646,3648,3647,3647,3646,3648,3647,3650,3647,3649,3648,3650,3648,3651,3648,3652,3651,3653,3651,3654,3653,3657,3654,3662,3664,3665,3662,3663,3662,3661,3661,3658,3657,3660,3660,3661,3658,3657,3657,3657,3657,3657,3654,3657,3654,3659,3655,3650,3656,3658,3655,3656,3654,3656,3655,3657,3657,3658,3656,3659,3656,3656,3654,3663,3661,3660,3657,3662,3660,3659,3659,6.83,SJNFAAZE1U0005576,117.67,14.48,8967.2421875,78,74,0,0,0,0,14.5,99.19,-131236,100,1527993530.187,0,1,0,0,0,0,0,3,0,1,350.54,350.54,77,0,1,1,0002,63,40,40,0,0,19,0.00
03/06/2018 3:38:53,54 58.40638,-1 31.22418,291,0,161,317857,1145049,351.55,-121.940,3674,3654,3662,20,3644,79.7,26.5,74.3,23.5,none,none,71.6,22.0,3669,3665,3664,3664,3665,3661,3661,3658,3660,3658,3659,3656,3657,3656,3658,3656,3657,3654,3656,3654,3656,3654,3656,3655,3657,3654,3656,3654,3656,3654,3657,3655,3659,3656,3657,3657,3659,3658,3659,3657,3661,3659,3662,3659,3664,3661,3666,3662,3672,3671,3674,3671,3673,3672,3672,3670,3666,3666,3670,3669,3670,3665,3667,3666,3666,3666,3666,3664,3666,3664,3667,3664,3657,3665,3667,3663,3666,3662,3666,3665,3665,3664,3667,3665,3669,3665,3665,3663,3671,3670,3669,3666,3672,3669,3670,3667,5.52,SJNFAAZE1U0005576,117.67,14.48,8967.2421875,78,74,0,0,0,0,14.5,99.19,-131267,100,1527993533.382,0,1,0,0,0,0,0,3,0,1,351.60,351.60,77,0,1,1,0002,63,40,40,0,0,19,0.00
03/06/2018 3:38:56,54 58.40638,-1 31.22418,291,0,161,318545,1145049,351.94,-122.184,3678,3658,3666,20,3648,79.7,26.5,74.3,23.5,none,none,71.8,22.1,3674,3669,3668,3668,3668,3665,3664,3664,3665,3663,3663,3661,3662,3660,3661,3660,3661,3658,3661,3658,3661,3658,3661,3658,3660,3658,3662,3659,3661,3659,3662,3660,3662,3660,3661,3659,3662,3661,3663,3661,3664,3663,3666,3663,3667,3665,3670,3666,3676,3676,3678,3674,3676,3675,3675,3673,3670,3670,3674,3673,3675,3669,3672,3670,3669,3670,3671,3667,3669,3667,3671,3668,3661,3669,3671,3667,3669,3666,3669,3669,3669,3669,3672,3669,3673,3670,3669,3665,3676,3675,3673,3670,3676,3672,3673,3672,4.54,SJNFAAZE1U0005576,117.67,14.48,8967.2421875,78,74,0,0,0,0,14.5,99.19,-131295,100,1527993536.231,0,1,0,0,0,0,0,3,0,1,352.01,352.01,77,0,1,1,0002,63,40,40,0,0,19,0.00
03/06/2018 3:38:59,54 58.40638,-1 31.22418,291,0,161,319186,1145049,352.32,-122.519,3682,3661,3670,21,3652,79.7,26.5,74.5,23.6,none,none,71.8,22.1,3677,3673,3671,3671,3672,3669,3670,3668,3669,3666,3667,3665,3666,3665,3666,3664,3664,3663,3664,3661,3665,3663,3664,3662,3665,3662,3665,3662,3664,3662,3665,3663,3666,3663,3665,3663,3668,3665,3666,3665,3668,3667,3671,3666,3671,3671,3674,3670,3680,3679,3682,3679,3680,3679,3680,3677,3675,3674,3677,3676,3679,3673,3676,3673,3674,3674,3674,3671,3674,3672,3676,3671,3666,3674,3675,3671,3673,3671,3674,3673,3673,3673,3675,3672,3677,3673,3672,3671,3680,3677,3677,3674,3679,3676,3677,3675,3.91,SJNFAAZE1U0005576,117.67,14.48,8967.2421875,78,74,0,0,0,0,14.5,99.19,-131322,100,1527993539.007,0,1,0,0,0,0,0,3,0,1,352.34,352.34,77,0,1,1,0002,63,40,40,0,0,19,0.00
03/06/2018 3:39:02,54 58.40638,-1 31.22418,291,0,162,319922,1145049,352.80,-122.916,3688,3667,3675,21,3655,79.7,26.5,74.5,23.6,none,none,71.8,22.1,3682,3677,3677,3677,3677,3674,3674,3672,3673,3670,3672,3670,3671,3668,3670,3670,3670,3667,3669,3667,3669,3667,3669,3667,3670,3668,3670,3668,3669,3667,3670,3668,3672,3668,3670,3669,3672,3670,3673,3669,3674,3672,3676,3672,3676,3675,3678,3675,3686,3686,3688,3684,3685,3684,3685,3682,3680,3679,3684,3682,3685,3679,3680,3678,3679,3679,3680,3676,3680,3676,3680,3676,3671,3678,3681,3677,3678,3676,3679,3677,3679,3678,3681,3678,3681,3678,3678,3676,3685,3683,3682,3678,3684,3680,3682,3680,3.54,SJNFAAZE1U0005576,117.67,14.48,8967.2421875,78,74,0,0,0,0,14.5,99.19,-131352,100,1527993542.170,0,1,0,0,0,0,0,3,0,1,352.78,352.78,77,0,1,1,0002,63,40,40,0,0,19,0.00
03/06/2018 3:39:05,54 58.40638,-1 31.22418,291,0,162,320658,1145049,353.18,-122.092,3691,3670,3679,21,3661,79.7,26.5,74.7,23.7,none,none,72.0,22.2,3686,3683,3681,3680,3681,3678,3677,3676,3678,3675,3676,3675,3675,3673,3674,3672,3674,3670,3672,3671,3672,3671,3673,3670,3674,3671,3673,3671,3673,3673,3674,3673,3675,3673,3674,3673,3675,3674,3676,3673,3677,3676,3679,3676,3681,3678,3684,3679,3689,3688,3691,3689,3689,3688,3689,3686,3684,3682,3687,3685,3688,3682,3685,3683,3683,3683,3683,3681,3682,3680,3684,3680,3674,3682,3684,3680,3682,3680,3683,3681,3684,3682,3686,3682,3686,3682,3682,3681,3689,3687,3686,3683,3688,3684,3686,3683,3.23,SJNFAAZE1U0005576,117.67,14.48,8967.2421875,78,74,0,0,0,0,14.5,99.19,-131382,100,1527993545.338,0,1,0,0,0,0,0,3,0,1,353.19,353.19,77,0,1,1,0002,63,40,40,0,0,19,0.00
03/06/2018 3:39:08,54 58.40638,-1 31.22418,291,0,162,321417,1145049,353.47,-121.848,3693,3673,3682,20,3665,79.7,26.5,74.7,23.7,none,none,72.0,22.2,3689,3684,3683,3683,3683,3680,3680,3679,3680,3678,3678,3676,3678,3676,3678,3675,3676,3675,3676,3673,3676,3674,3675,3673,3675,3673,3675,3674,3675,3674,3676,3675,3677,3675,3676,3675,3678,3676,3679,3676,3680,3679,3682,3679,3684,3682,3685,3681,3692,3691,3693,3690,3692,3691,3691,3689,3686,3685,3690,3687,3690,3685,3686,3685,3684,3686,3685,3682,3685,3683,3687,3682,3677,3685,3688,3682,3684,3681,3685,3684,3685,3683,3687,3684,3687,3684,3684,3681,3690,3689,3689,3685,3690,3687,3690,3687,3.02,SJNFAAZE1U0005576,117.67,14.48,8967.2421875,78,74,0,0,0,0,14.5,99.19,-131414,100,1527993548.539,0,1,0,0,0,0,0,3,0,1,353.51,353.51,77,0,1,1,0002,63,40,40,0,0,19,0.00
03/06/2018 3:39:11,54 58.40638,-1 31.22418,291,0,163,322177,1145049,353.76,-122.642,3697,3676,3685,21,3667,79.9,26.6,74.7,23.7,none,none,72.0,22.2,3691,3688,3686,3686,3687,3683,3682,3681,3684,3681,3682,3680,3680,3679,3680,3678,3679,3677,3678,3677,3678,3676,3678,3677,3679,3677,3679,3677,3678,3677,3679,3677,3680,3677,3679,3678,3682,3680,3681,3679,3683,3681,3684,3680,3686,3685,3688,3684,3696,3694,3697,3693,3694,3694,3694,3692,3689,3689,3692,3690,3693,3688,3689,3689,3688,3689,3688,3686,3688,3686,3690,3685,3680,3687,3690,3686,3687,3685,3688,3687,3688,3687,3689,3688,3690,3687,3686,3685,3694,3692,3691,3688,3693,3690,3691,3689,2.84,SJNFAAZE1U0005576,117.67,14.48,8967.2421875,78,74,0,0,0,0,14.5,99.19,-131445,100,1527993551.635,0,1,0,0,0,0,0,3,0,1,353.70,353.70,77,0,1,1,0002,63,40,40,0,0,19,0.00
03/06/2018 3:39:14,54 58.40638,-1 31.22418,291,0,163,322866,1145049,354.05,-122.978,3701,3680,3688,21,3668,79.9,26.6,74.8,23.8,none,none,72.1,22.3,3695,3692,3690,3692,3691,3687,3686,3685,3687,3684,3685,3684,3684,3682,3684,3682,3683,3681,3683,3681,3683,3680,3682,3680,3683,3681,3682,3680,3683,3681,3683,3681,3684,3682,3683,3682,3685,3682,3685,3683,3687,3685,3689,3685,3690,3688,3692,3689,3699,3698,3701,3697,3699,3697,3697,3695,3693,3692,3696,3695,3696,3692,3694,3691,3693,3694,3693,3690,3691,3690,3693,3689,3684,3691,3694,3690,3692,3688,3691,3691,3691,3690,3693,3691,3693,3690,3690,3688,3697,3696,3695,3692,3696,3693,3695,3693,2.69,SJNFAAZE1U0005576,117.67,14.48,8967.2421875,78,74,0,0,0,0,14.5,99.19,-131473,100,1527993554.638,0,1,0,0,0,0,0,3,0,1,354.02,354.02,77,0,1,1,0002,63,40,40,0,0,19,0.00
03/06/2018 3:39:19,54 58.40638,-1 31.22418,291,0,164,323791,1145049,354.34,-122.428,3703,3682,3691,21,3673,80.1,26.7,74.8,23.8,none,none,72.1,22.3,3698,3693,3692,3692,3692,3690,3689,3689,3689,3687,3687,3685,3686,3685,3685,3684,3686,3683,3685,3682,3686,3683,3685,3683,3684,3683,3686,3682,3684,3683,3686,3684,3687,3685,3685,3685,3687,3685,3688,3686,3690,3688,3691,3687,3693,3691,3696,3691,3701,3701,3703,3699,3700,3700,3700,3698,3695,3694,3698,3697,3698,3694,3695,3694,3694,3695,3695,3693,3694,3692,3695,3692,3687,3694,3697,3692,3695,3692,3694,3694,3694,3693,3696,3693,3696,3694,3694,3691,3700,3698,3698,3695,3700,3696,3698,3696,2.55,SJNFAAZE1U0005576,117.67,14.48,8967.2421875,78,74,0,0,0,0,14.5,99.19,-131511,100,1527993559.002,0,1,0,0,0,0,0,3,0,1,354.28,354.28,77,0,1,1,0002,63,40,40,0,0,19,0.00
03/06/2018 3:39:21,54 58.40638,-1 31.22418,291,0,164,324623,1145049,354.62,-122.519,3705,3686,3694,19,3677,80.2,26.8,75.0,23.9,none,none,72.3,22.4,3701,3697,3696,3695,3696,3693,3693,3691,3693,3690,3692,3689,3690,3687,3689,3688,3689,3686,3688,3686,3688,3686,3687,3686,3688,3686,3689,3686,3687,3686,3689,3687,3690,3688,3689,3687,3690,3689,3691,3688,3692,3691,3695,3691,3696,3695,3698,3694,3704,3703,3705,3703,3704,3703,3703,3701,3698,3697,3702,3701,3704,3698,3699,3697,3698,3698,3698,3695,3697,3695,3699,3695,3689,3699,3700,3696,3697,3694,3696,3697,3697,3696,3700,3697,3699,3696,3696,3695,3703,3702,3701,3698,3702,3699,3700,3699,2.45,SJNFAAZE1U0005576,117.67,14.48,8967.2421875,78,74,0,0,0,0,14.5,99.19,-131546,100,1527993561.939,0,1,0,0,0,0,0,3,0,1,354.64,354.64,77,0,1,1,0002,62,40,40,0,0,19,0.00
03/06/2018 3:39:24,54 58.40638,-1 31.22418,291,0,164,325359,1145049,354.72,-121.879,3707,3687,3695,20,3677,80.4,26.9,75.2,24.0,none,none,72.5,22.5,3701,3698,3696,3697,3697,3693,3693,3692,3694,3691,3692,3689,3691,3689,3690,3689,3690,3687,3689,3687,3689,3687,3688,3687,3688,3687,3690,3688,3690,3688,3688,3688,3691,3688,3690,3689,3691,3690,3692,3690,3694,3692,3696,3693,3697,3695,3699,3695,3706,3705,3707,3703,3706,3704,3705,3702,3699,3699,3704,3701,3703,3699,3700,3698,3699,3700,3699,3696,3698,3696,3699,3696,3690,3699,3702,3697,3698,3695,3698,3699,3697,3696,3701,3698,3701,3697,3697,3695,3704,3703,3702,3698,3703,3700,3702,3699,2.36,SJNFAAZE1U0005576,117.67,14.48,8967.2421875,78,74,0,0,0,0,14.5,99.19,-131576,100,1527993564.958,0,1,0,0,0,0,0,3,0,1,354.84,354.84,77,0,1,1,0002,62,40,40,0,0,19,0.00
03/06/2018 3:39:28,54 58.40638,-1 31.22418,291,0,165,326263,1145049,355.10,-122.672,3710,3690,3699,20,3682,80.4,26.9,75.2,24.0,none,none,72.5,22.5,3705,3702,3701,3701,3701,3699,3697,3696,3697,3695,3696,3694,3694,3693,3694,3692,3692,3690,3692,3691,3692,3690,3692,3691,3693,3691,3693,3692,3693,3691,3693,3692,3695,3693,3693,3693,3694,3694,3696,3694,3697,3696,3699,3696,3701,3699,3703,3698,3709,3708,3710,3707,3708,3708,3707,3705,3703,3703,3706,3706,3708,3702,3704,3703,3703,3704,3702,3699,3702,3701,3703,3700,3694,3703,3706,3701,3702,3700,3701,3702,3702,3701,3703,3702,3705,3702,3700,3700,3708,3707,3706,3702,3706,3703,3706,3703,2.31,SJNFAAZE1U0005576,117.67,14.48,8967.2421875,78,74,0,0,0,0,14.5,99.19,-131613,100,1527993568.981,0,1,0,0,0,0,0,3,0,1,355.10,355.10,77,0,1,1,0002,62,40,40,0,0,19,0.00
03/06/2018 3:39:31,54 58.40638,-1 31.22418,291,0,165,326976,1145049,355.20,-122.062,3713,3691,3700,22,3680,80.4,26.9,75.4,24.1,none,none,72.5,22.5,3706,3704,3702,3701,3702,3700,3698,3698,3699,3696,3698,3695,3695,3693,3696,3692,3694,3693,3693,3692,3694,3692,3694,3691,3693,3693,3695,3693,3694,3693,3694,3693,3696,3693,3694,3694,3697,3695,3697,3694,3699,3697,3700,3697,3702,3700,3705,3701,3711,3710,3713,3708,3709,3710,3709,3707,3704,3704,3708,3706,3709,3704,3704,3703,3704,3705,3703,3701,3703,3702,3704,3701,3695,3704,3707,3702,3702,3701,3702,3703,3703,3703,3705,3702,3706,3701,3702,3701,3709,3708,3707,3705,3708,3705,3706,3704,2.21,SJNFAAZE1U0005576,117.67,14.48,8967.2421875,78,74,0,0,0,0,14.5,99.19,-131643,100,1527993571.977,0,1,0,0,0,0,0,3,0,1,355.29,355.29,77,0,1,1,0002,62,40,40,0,0,19,0.00
03/06/2018 3:39:35,54 58.40638,-1 31.22418,291,0,166,327712,1145049,355.30,-122.184,3713,3692,3701,21,3683,80.4,26.9,75.4,24.1,none,none,72.7,22.6,3709,3704,3703,3702,3704,3700,3700,3699,3700,3697,3698,3695,3697,3695,3696,3694,3696,3693,3695,3693,3695,3692,3694,3693,3694,3694,3697,3694,3695,3693,3696,3695,3696,3695,3695,3695,3697,3695,3698,3695,3700,3699,3701,3697,3702,3702,3705,3701,3712,3711,3713,3709,3711,3711,3710,3707,3705,3704,3709,3707,3709,3704,3706,3704,3704,3706,3704,3702,3704,3702,3706,3701,3696,3705,3708,3703,3704,3701,3704,3703,3703,3704,3707,3704,3706,3704,3703,3701,3711,3708,3708,3706,3709,3705,3708,3705,2.02,SJNFAAZE1U0005576,117.67,14.40,8967.2421875,78,74,0,0,0,0,14.5,99.19,-131673,100,1527993575.009,0,1,0,0,0,0,0,3,0,1,355.37,355.37,77,0,1,1,0002,62,40,40,0,0,19,0.00
03/06/2018 3:39:37,54 58.40638,-1 31.22418,291,0,166,328378,1145049,355.49,-122.855,3716,3694,3703,22,3683,80.6,27.0,75.6,24.2,none,none,72.7,22.6,3710,3707,3704,3705,3706,3703,3701,3701,3703,3700,3701,3698,3699,3697,3699,3696,3698,3696,3697,3694,3696,3696,3696,3694,3697,3695,3698,3696,3697,3695,3698,3695,3699,3697,3697,3696,3700,3698,3700,3698,3701,3701,3705,3701,3706,3703,3707,3704,3713,3712,3716,3712,3713,3712,3712,3710,3708,3707,3710,3710,3711,3706,3707,3707,3706,3707,3707,3705,3705,3704,3708,3703,3698,3708,3709,3705,3706,3704,3706,3707,3706,3704,3708,3706,3708,3705,3705,3703,3712,3711,3710,3706,3711,3708,3710,3707,1.95,SJNFAAZE1U0005576,117.67,14.16,8967.2421875,78,74,0,0,0,0,14.5,99.19,-131701,100,1527993577.762,0,1,0,0,0,0,0,3,0,1,355.49,355.49,77,0,1,1,0002,62,40,40,0,0,19,0.00
03/06/2018 3:39:40,54 58.40638,-1 31.22418,291,0,166,329044,1145049,355.68,-123.100,3717,3696,3705,21,3687,81.0,27.2,75.7,24.3,none,none,73.0,22.8,3712,3708,3707,3707,3707,3704,3703,3702,3704,3701,3701,3700,3701,3699,3700,3697,3700,3697,3699,3697,3700,3697,3699,3696,3699,3698,3701,3699,3700,3697,3699,3697,3701,3699,3699,3698,3701,3700,3702,3700,3703,3703,3705,3702,3708,3705,3709,3705,3714,3715,3717,3713,3714,3714,3713,3711,3709,3708,3713,3712,3713,3708,3709,3708,3709,3709,3709,3706,3708,3705,3710,3705,3700,3709,3711,3707,3707,3706,3707,3708,3708,3707,3710,3708,3711,3706,3706,3706,3714,3713,3711,3709,3713,3709,3711,3709,1.80,SJNFAAZE1U0005576,117.67,14.00,8967.2421875,78,74,0,0,0,0,14.5,99.19,-131728,100,1527993580.578,0,1,0,0,0,0,0,3,0,1,355.66,355.66,77,0,1,1,0002,62,40,40,0,0,19,0.00
03/06/2018 3:39:43,54 58.40638,-1 31.22418,291,0,167,329734,1145049,355.87,-123.252,3719,3698,3707,21,3689,81.0,27.2,75.7,24.3,none,none,73.0,22.8,3714,3710,3709,3709,3710,3706,3705,3705,3706,3703,3704,3701,3703,3700,3702,3700,3702,3698,3700,3699,3700,3698,3700,3698,3701,3699,3701,3700,3701,3699,3702,3700,3703,3700,3702,3700,3704,3702,3703,3701,3705,3704,3707,3705,3709,3707,3711,3707,3718,3717,3719,3715,3717,3716,3715,3714,3712,3710,3714,3714,3716,3711,3712,3710,3711,3713,3712,3709,3710,3709,3712,3708,3703,3711,3714,3709,3710,3707,3710,3710,3710,3709,3712,3709,3713,3710,3708,3708,3716,3714,3713,3711,3715,3711,3714,3712,1.15,SJNFAAZE1U0005576,117.67,13.68,8967.2421875,78,74,0,0,0,0,14.5,99.19,-131756,100,1527993583.660,0,1,0,0,0,0,0,3,0,1,355.83,355.83,77,0,1,1,0002,62,40,40,0,0,19,0.00
03/06/2018 3:39:46,54 58.40638,-1 31.22418,291,0,167,330472,1145049,356.06,-122.184,3721,3700,3709,21,3691,81.0,27.2,75.9,24.4,none,none,73.0,22.8,3715,3711,3710,3710,3711,3707,3708,3705,3707,3705,3705,3703,3705,3702,3703,3702,3703,3700,3701,3701,3702,3701,3702,3700,3702,3701,3703,3701,3703,3702,3703,3701,3704,3702,3702,3702,3705,3703,3705,3703,3707,3706,3710,3705,3711,3708,3713,3709,3718,3718,3721,3717,3719,3717,3717,3715,3712,3712,3717,3715,3717,3711,3713,3711,3712,3714,3713,3709,3711,3710,3714,3710,3704,3712,3715,3710,3711,3709,3711,3711,3712,3712,3713,3712,3714,3710,3710,3710,3717,3716,3714,3713,3717,3713,3715,3713,1.10,SJNFAAZE1U0005576,117.67,13.44,8967.2421875,78,74,0,0,0,0,14.5,99.19,-131787,100,1527993586.702,0,1,0,0,0,0,0,3,0,1,356.05,356.05,77,0,1,1,0002,62,40,40,0,0,19,0.00
03/06/2018 3:39:49,54 58.40638,-1 31.22418,291,0,167,331162,1145049,356.16,-122.275,3721,3701,3710,20,3693,81.0,27.2,76.1,24.5,none,none,73.2,22.9,3716,3713,3712,3713,3713,3708,3708,3707,3708,3705,3707,3704,3704,3703,3705,3703,3704,3702,3704,3702,3703,3701,3703,3702,3704,3702,3704,3703,3704,3702,3704,3703,3705,3703,3704,3704,3706,3704,3706,3705,3708,3708,3712,3707,3712,3710,3714,3711,3721,3719,3721,3718,3720,3718,3718,3716,3715,3713,3718,3716,3719,3713,3715,3713,3714,3715,3713,3711,3713,3712,3715,3710,3705,3714,3717,3712,3712,3711,3712,3713,3713,3712,3715,3713,3715,3712,3711,3711,3719,3718,3716,3714,3717,3715,3716,3714,-1.09,SJNFAAZE1U0005576,117.67,13.20,8967.2421875,78,74,0,0,0,0,14.5,99.19,-131815,100,1527993589.343,0,1,0,0,0,0,0,3,0,1,356.18,356.18,77,0,1,1,0002,62,40,40,0,0,19,0.00
03/06/2018 3:40:39,54 58.40638,-1 31.22418,291,0,173,342987,1145049,357.89,-122.184,3740,3719,3728,21,0,82.6,28.1,77.5,25.3,none,none,74.7,23.7,3735,3731,3729,3730,3731,3727,3726,3726,3727,3723,3724,3722,3724,3721,3722,3719,3723,3720,3721,3720,3721,3719,3722,3719,3721,3719,3723,3721,3721,3720,3723,3721,3724,3723,3722,3723,3724,3722,3724,3722,3726,3726,3730,3724,3731,3728,3732,3728,3740,3739,3740,3737,3739,3738,3737,3736,3733,3731,3737,3735,3737,3733,3733,3731,3733,3733,3732,3731,3730,3730,3733,3729,3724,3733,3736,3730,3731,3728,3730,3731,3732,3731,3734,3731,3733,3730,3730,3730,3737,3737,3734,3732,3736,3733,3735,3732,0.13,SJNFAAZE1U0005576,117.67,13.04,8967.2421875,78,74,0,0,0,0,14.5,99.19,-131815,99,1527993639.353,0,1,0,0,0,0,0,3,0,1,357.96,357.96,77,0,1,1,0002,62,40,40,0,0,19,0.00
03/06/2018 3:40:41,54 58.40638,-1 31.22418,291,0,174,343629,1145049,357.98,-122.794,3742,3719,3729,23,0,82.8,28.2,77.5,25.3,none,none,74.7,23.7,3735,3732,3731,3730,3731,3727,3727,3727,3728,3724,3725,3723,3724,3722,3723,3721,3724,3721,3722,3721,3721,3719,3721,3720,3722,3721,3723,3722,3723,3721,3723,3721,3725,3722,3723,3723,3725,3723,3726,3723,3727,3727,3731,3727,3731,3729,3734,3728,3741,3739,3742,3738,3739,3738,3739,3736,3733,3733,3736,3736,3738,3732,3733,3732,3734,3735,3733,3732,3732,3730,3734,3730,3724,3733,3736,3732,3732,3731,3731,3733,3733,3731,3734,3732,3734,3731,3730,3731,3739,3737,3735,3733,3737,3734,3736,3734,0.16,SJNFAAZE1U0005576,117.67,13.04,8967.2421875,78,74,0,0,0,0,14.5,99.19,-131842,99,1527993641.895,0,1,0,0,0,0,0,3,0,1,358.02,358.02,77,0,1,1,0002,62,40,40,0,0,19,0.00
03/06/2018 3:40:44,54 58.40638,-1 31.22418,291,0,174,344199,1145049,358.08,-123.069,3742,3720,3730,22,0,82.9,28.3,77.9,25.5,none,none,75.0,23.9,3736,3733,3732,3732,3733,3728,3728,3727,3729,3725,3726,3723,3725,3722,3724,3721,3723,3722,3722,3720,3722,3720,3722,3721,3723,3723,3724,3722,3724,3722,3724,3723,3725,3723,3724,3723,3725,3724,3727,3724,3728,3727,3731,3726,3732,3730,3734,3729,3740,3739,3742,3738,3739,3738,3738,3736,3736,3733,3737,3736,3739,3733,3734,3733,3733,3735,3734,3731,3732,3732,3735,3730,3726,3735,3737,3731,3733,3729,3733,3734,3732,3731,3734,3731,3736,3732,3731,3730,3739,3737,3736,3734,3737,3736,3737,3734,0.18,SJNFAAZE1U0005576,117.67,13.04,8967.2421875,78,74,0,0,0,0,14.5,99.19,-131865,99,1527993644.458,0,1,0,0,0,0,0,3,0,1,358.02,358.02,77,0,1,1,0002,62,40,40,0,0,19,0.00
03/06/2018 3:40:47,54 58.40638,-1 31.22418,291,0,174,344841,1145049,358.08,-123.161,3743,3721,3730,22,0,82.9,28.3,77.7,25.4,none,none,74.8,23.8,3737,3733,3733,3732,3733,3729,3728,3727,3729,3726,3727,3724,3725,3723,3723,3722,3724,3722,3723,3722,3723,3721,3722,3721,3723,3723,3724,3722,3724,3721,3724,3723,3726,3723,3725,3724,3726,3724,3726,3724,3728,3726,3731,3727,3733,3730,3734,3729,3741,3741,3743,3739,3740,3740,3739,3736,3735,3734,3738,3737,3738,3734,3736,3733,3734,3736,3734,3732,3733,3731,3735,3730,3726,3735,3738,3733,3734,3730,3732,3733,3734,3732,3735,3733,3735,3732,3731,3731,3740,3738,3737,3734,3739,3736,3737,3734,0.21,SJNFAAZE1U0005576,117.67,13.04,8967.2421875,78,74,0,0,0,0,14.5,99.19,-131892,99,1527993647.112,0,1,0,0,0,0,0,3,0,1,358.07,358.07,77,0,1,1,0002,62,40,40,0,0,19,0.00
03/06/2018 3:40:49,54 58.40638,-1 31.22418,291,0,175,345483,1145049,358.18,-123.008,3742,3720,3731,22,0,83.1,28.4,77.9,25.5,none,none,75.0,23.9,3738,3734,3732,3732,3734,3729,3729,3728,3729,3726,3727,3724,3726,3724,3725,3723,3724,3722,3723,3723,3723,3720,3724,3722,3723,3722,3725,3723,3725,3723,3725,3724,3727,3724,3724,3724,3726,3725,3727,3726,3728,3727,3732,3728,3733,3731,3735,3729,3742,3741,3742,3740,3741,3740,3740,3737,3735,3733,3739,3737,3739,3734,3735,3735,3735,3736,3734,3733,3733,3732,3735,3732,3728,3735,3738,3732,3733,3731,3733,3734,3734,3732,3736,3734,3737,3733,3732,3731,3741,3739,3737,3735,3738,3735,3737,3736,0.23,SJNFAAZE1U0005576,117.67,13.04,8967.2421875,78,74,0,0,0,0,14.5,99.19,-131918,99,1527993649.864,0,1,0,0,0,0,0,3,0,1,358.16,358.16,77,0,1,1,0002,62,40,40,0,0,19,0.00
03/06/2018 3:40:52,54 58.40638,-1 31.22418,291,0,175,346149,1145049,358.27,-123.130,3744,3722,3732,22,0,83.1,28.4,77.9,25.5,none,none,75.0,23.9,3738,3734,3733,3733,3734,3731,3730,3729,3730,3727,3728,3725,3727,3724,3725,3724,3726,3723,3724,3723,3726,3722,3724,3723,3725,3725,3726,3723,3725,3723,3726,3724,3727,3725,3726,3725,3728,3726,3728,3725,3730,3729,3733,3728,3734,3731,3736,3731,3744,3742,3744,3740,3742,3740,3742,3738,3736,3736,3739,3738,3740,3735,3736,3734,3736,3737,3736,3733,3734,3733,3736,3732,3727,3737,3739,3734,3734,3732,3734,3735,3735,3733,3737,3736,3737,3734,3733,3732,3741,3741,3739,3735,3740,3737,3738,3737,0.21,SJNFAAZE1U0005576,117.67,13.04,8967.2421875,78,74,0,0,0,0,14.5,99.19,-131946,99,1527993652.654,0,1,0,0,0,0,0,3,0,1,358.22,358.22,77,0,1,1,0002,61,40,40,0,0,19,0.00
03/06/2018 3:40:55,54 58.40638,-1 31.22418,291,0,175,346791,1145049,358.27,-122.794,3745,3722,3732,23,0,83.1,28.4,78.1,25.6,none,none,75.0,23.9,3739,3736,3735,3734,3735,3731,3731,3730,3731,3728,3729,3726,3727,3725,3726,3724,3726,3724,3725,3723,3725,3722,3725,3724,3726,3725,3726,3725,3726,3725,3726,3725,3729,3726,3726,3726,3727,3726,3729,3726,3730,3729,3733,3729,3734,3732,3737,3731,3744,3742,3745,3742,3742,3742,3742,3739,3738,3736,3740,3739,3741,3736,3737,3736,3736,3737,3737,3734,3734,3733,3736,3732,3729,3738,3740,3735,3735,3732,3734,3736,3736,3734,3738,3735,3737,3734,3733,3733,3742,3740,3739,3736,3741,3738,3739,3736,0.20,SJNFAAZE1U0005576,117.67,13.04,8967.2421875,78,74,0,0,0,0,14.5,99.19,-131972,99,1527993655.214,0,1,0,0,0,0,0,3,0,1,358.30,358.30,77,0,1,1,0002,61,40,40,0,0,19,0.00
03/06/2018 3:40:57,54 58.40638,-1 31.22418,291,0,176,347362,1145049,358.37,-122.519,3745,3723,3733,22,0,82.9,28.3,78.1,25.6,none,none,75.0,23.9,3740,3737,3735,3734,3735,3732,3730,3729,3732,3728,3729,3727,3727,3726,3726,3724,3726,3725,3725,3724,3726,3723,3725,3723,3725,3724,3726,3725,3726,3724,3727,3725,3728,3727,3726,3727,3727,3726,3729,3725,3731,3729,3733,3729,3736,3733,3738,3732,3744,3743,3745,3742,3742,3742,3742,3739,3737,3736,3741,3739,3741,3736,3737,3736,3737,3739,3736,3734,3735,3734,3738,3733,3728,3738,3740,3735,3736,3733,3735,3737,3736,3734,3738,3736,3738,3735,3735,3733,3743,3742,3739,3737,3741,3738,3739,3737,0.20,SJNFAAZE1U0005576,117.67,13.04,8967.2421875,78,74,0,0,0,0,14.5,99.19,-131996,99,1527993657.702,0,1,0,0,0,0,0,3,0,1,358.38,358.38,77,0,1,1,0002,61,40,40,0,0,19,0.00
03/06/2018 3:41:00,54 58.40638,-1 31.22418,291,0,176,348004,1145049,358.46,-122.703,3747,3723,3734,24,0,83.3,28.5,78.1,25.6,none,none,75.2,24.0,3741,3738,3736,3736,3736,3733,3732,3731,3732,3729,3731,3728,3729,3726,3727,3726,3728,3724,3726,3725,3726,3723,3726,3725,3726,3726,3728,3726,3728,3726,3727,3726,3730,3727,3728,3726,3729,3728,3730,3728,3731,3730,3736,3730,3736,3734,3739,3733,3745,3744,3747,3742,3744,3744,3744,3741,3738,3738,3742,3740,3743,3737,3738,3737,3738,3740,3739,3735,3737,3735,3738,3734,3730,3740,3741,3737,3737,3734,3736,3738,3737,3736,3740,3737,3739,3735,3736,3734,3744,3742,3741,3738,3742,3738,3741,3737,0.21,SJNFAAZE1U0005576,117.67,13.04,8967.2421875,78,74,0,0,0,0,14.5,99.19,-132022,99,1527993660.462,0,1,0,0,0,0,0,3,0,1,358.46,358.46,77,0,1,1,0002,61,40,40,0,0,19,0.00
03/06/2018 3:41:03,54 58.40638,-1 31.22418,291,0,176,348646,1145049,358.56,-123.008,3747,3724,3735,23,0,83.3,28.5,78.3,25.7,none,none,75.4,24.1,3742,3739,3737,3737,3738,3733,3733,3731,3733,3730,3732,3728,3730,3728,3729,3727,3730,3728,3727,3726,3728,3724,3727,3726,3728,3726,3729,3727,3729,3726,3729,3727,3731,3728,3728,3728,3730,3729,3732,3728,3734,3732,3737,3731,3737,3735,3739,3735,3746,3744,3747,3745,3745,3744,3745,3741,3739,3738,3743,3742,3743,3738,3739,3738,3739,3741,3739,3736,3737,3735,3739,3735,3731,3741,3743,3737,3738,3735,3737,3738,3739,3736,3740,3739,3740,3737,3736,3735,3744,3743,3741,3739,3744,3740,3742,3739,0.20,SJNFAAZE1U0005576,117.67,13.04,8967.2421875,78,74,0,0,0,0,14.5,99.19,-132049,99,1527993663.235,0,1,0,0,0,0,0,3,0,1,358.52,358.52,77,0,1,1,0002,61,40,40,0,0,19,0.00
03/06/2018 3:41:06,54 58.40638,-1 31.22418,291,0,176,349313,1145049,358.66,-123.130,3749,3726,3736,23,0,83.3,28.5,78.3,25.7,none,none,75.4,24.1,3743,3739,3738,3737,3739,3735,3734,3733,3734,3731,3732,3729,3730,3729,3730,3728,3730,3728,3728,3728,3729,3726,3728,3727,3728,3728,3731,3728,3729,3727,3730,3728,3732,3730,3731,3729,3732,3729,3732,3730,3734,3732,3737,3732,3740,3736,3740,3736,3748,3747,3749,3746,3746,3746,3746,3742,3742,3740,3745,3743,3746,3741,3741,3739,3741,3742,3740,3738,3738,3738,3741,3737,3733,3742,3743,3740,3739,3737,3738,3740,3739,3738,3742,3739,3742,3738,3738,3737,3746,3745,3743,3740,3745,3741,3743,3741,0.20,SJNFAAZE1U0005576,117.67,13.04,8967.2421875,78,74,0,0,0,0,14.5,99.19,-132076,99,1527993666.080,0,1,0,0,0,0,0,3,0,1,358.63,358.63,77,0,1,1,0002,61,40,40,0,0,19,0.00
03/06/2018 3:41:08,54 58.40638,-1 31.22418,291,0,177,350027,1145049,358.75,-123.130,3750,3728,3737,22,0,83.5,28.6,78.4,25.8,none,none,75.4,24.1,3744,3740,3739,3739,3740,3737,3735,3734,3735,3733,3734,3731,3733,3730,3731,3729,3732,3729,3730,3728,3731,3728,3730,3728,3730,3730,3731,3730,3730,3728,3732,3729,3732,3731,3731,3732,3733,3730,3733,3730,3734,3734,3739,3733,3739,3737,3742,3737,3749,3748,3750,3746,3748,3747,3747,3745,3742,3740,3745,3743,3746,3741,3741,3740,3742,3743,3741,3739,3741,3739,3742,3738,3734,3742,3745,3739,3741,3737,3739,3741,3740,3738,3743,3739,3742,3739,3738,3738,3748,3745,3744,3742,3745,3743,3744,3742,0.20,SJNFAAZE1U0005576,117.67,13.04,8967.2421875,78,74,0,0,0,0,14.5,99.19,-132106,99,1527993668.972,0,1,0,0,0,0,0,3,0,1,358.75,358.75,77,0,1,1,0002,61,40,40,0,0,19,0.00
03/06/2018 3:41:11,54 58.40638,-1 31.22418,291,0,177,350693,1145049,358.85,-123.191,3751,3728,3738,23,0,83.7,28.7,78.4,25.8,none,none,75.6,24.2,3745,3742,3740,3740,3741,3737,3735,3735,3737,3732,3735,3732,3734,3731,3731,3730,3731,3730,3731,3729,3731,3728,3731,3729,3731,3730,3732,3730,3732,3730,3733,3730,3734,3732,3732,3732,3733,3732,3733,3731,3736,3736,3740,3735,3740,3740,3743,3738,3750,3749,3751,3748,3749,3748,3748,3745,3744,3742,3746,3744,3748,3743,3743,3741,3742,3744,3742,3741,3740,3740,3743,3738,3735,3744,3746,3741,3742,3738,3741,3742,3741,3741,3744,3741,3745,3741,3740,3739,3748,3746,3745,3743,3747,3743,3745,3743,0.20,SJNFAAZE1U0005576,117.67,13.04,8967.2421875,78,74,0,0,0,0,14.5,99.19,-132133,99,1527993671.922,0,1,0,0,0,0,0,3,0,1,358.84,358.84,77,0,1,1,0002,61,40,40,0,0,19,0.00
03/06/2018 3:42:01,54 58.40638,-1 31.22418,291,0,183,362399,1145049,360.29,-121.909,3766,3742,3753,24,0,84.8,29.3,79.7,26.5,none,none,76.8,24.9,3760,3757,3754,3754,3755,3753,3750,3749,3751,3747,3748,3746,3748,3746,3746,3744,3747,3744,3745,3743,3745,3742,3745,3743,3745,3745,3746,3745,3746,3744,3746,3745,3749,3745,3746,3746,3748,3746,3748,3747,3750,3750,3755,3750,3755,3752,3757,3752,3765,3763,3766,3762,3764,3763,3764,3760,3759,3757,3762,3759,3763,3757,3758,3757,3758,3759,3757,3756,3756,3754,3758,3754,3749,3758,3761,3756,3756,3754,3755,3757,3757,3756,3759,3756,3758,3754,3754,3755,3763,3763,3760,3758,3763,3759,3761,3757,0.14,SJNFAAZE1U0005576,117.67,13.04,8967.2421875,78,74,0,0,0,0,14.5,99.19,-132133,99,1527993721.088,0,1,0,0,0,0,0,3,0,1,360.33,360.33,77,0,1,1,0002,61,40,40,0,0,19,0.00
03/06/2018 3:42:03,54 58.40638,-1 31.22418,291,0,183,363041,1145049,360.38,-122.642,3767,3744,3754,23,0,84.8,29.3,79.7,26.5,none,none,76.6,24.8,3761,3758,3755,3754,3757,3753,3751,3750,3752,3748,3749,3746,3749,3746,3747,3745,3747,3745,3746,3745,3746,3744,3746,3745,3746,3746,3748,3745,3747,3745,3748,3748,3749,3747,3748,3747,3748,3747,3748,3748,3751,3751,3754,3749,3756,3754,3758,3753,3766,3764,3767,3764,3764,3764,3764,3762,3759,3758,3762,3761,3765,3757,3759,3757,3758,3761,3759,3756,3756,3756,3760,3755,3751,3759,3762,3757,3757,3755,3756,3759,3758,3757,3760,3757,3760,3756,3754,3755,3764,3763,3761,3759,3763,3759,3761,3759,0.15,SJNFAAZE1U0005576,117.67,13.04,8967.2421875,78,74,0,0,0,0,14.5,99.19,-132159,99,1527993723.854,0,1,0,0,0,0,0,3,0,1,360.40,360.40,77,0,1,1,0002,61,40,40,0,0,19,0.00
03/06/2018 3:42:06,54 58.40638,-1 31.22418,291,0,184,363707,1145049,360.48,-122.794,3768,3744,3755,24,0,84.8,29.3,79.9,26.6,none,none,76.8,24.9,3762,3759,3756,3755,3757,3754,3751,3751,3753,3748,3750,3748,3749,3748,3748,3746,3748,3746,3746,3745,3746,3744,3746,3745,3746,3747,3748,3747,3748,3746,3748,3747,3751,3748,3748,3748,3749,3747,3750,3748,3751,3751,3756,3750,3758,3755,3760,3753,3768,3766,3768,3764,3767,3765,3765,3762,3762,3759,3764,3762,3765,3759,3760,3759,3760,3762,3760,3757,3757,3757,3761,3756,3751,3761,3763,3758,3758,3755,3757,3759,3757,3757,3761,3758,3761,3758,3756,3756,3766,3764,3762,3760,3764,3760,3762,3760,0.15,SJNFAAZE1U0005576,117.67,13.04,8967.2421875,78,74,0,0,0,0,14.5,99.19,-132187,99,1527993726.661,0,1,0,0,0,0,0,3,0,1,360.47,360.47,77,0,1,1,0002,61,40,40,0,0,19,0.00
03/06/2018 3:42:09,54 58.40638,-1 31.22418,291,0,184,364372,1145049,360.58,-122.947,3769,3745,3756,24,0,84.8,29.3,79.9,26.6,none,none,76.8,24.9,3762,3759,3757,3757,3759,3754,3752,3752,3753,3749,3751,3748,3750,3748,3748,3747,3749,3747,3747,3747,3748,3745,3748,3747,3748,3747,3750,3747,3748,3747,3750,3748,3751,3749,3749,3748,3750,3748,3751,3749,3753,3752,3756,3751,3758,3756,3760,3755,3768,3766,3769,3765,3767,3766,3766,3763,3761,3759,3765,3762,3767,3760,3761,3759,3761,3762,3761,3757,3759,3757,3762,3756,3752,3760,3764,3759,3758,3756,3758,3760,3759,3759,3762,3759,3761,3759,3757,3757,3766,3766,3763,3760,3764,3761,3763,3759,0.15,SJNFAAZE1U0005576,117.67,13.04,8967.2421875,78,74,0,0,0,0,14.5,99.19,-132214,99,1527993729.421,0,1,0,0,0,0,0,3,0,1,360.52,360.52,77,0,1,1,0002,61,40,40,0,0,19,0.00
03/06/2018 3:42:12,54 58.40638,-1 31.22418,291,0,184,365038,1145049,360.58,-122.794,3770,3745,3756,25,0,84.8,29.3,79.9,26.6,none,none,76.8,24.9,3764,3760,3758,3757,3759,3755,3753,3753,3755,3750,3752,3749,3751,3748,3749,3747,3751,3747,3749,3747,3748,3745,3748,3747,3747,3748,3750,3748,3750,3747,3750,3748,3752,3749,3749,3749,3751,3749,3752,3750,3753,3752,3758,3752,3759,3756,3761,3755,3769,3767,3770,3767,3767,3766,3767,3764,3763,3760,3766,3764,3767,3760,3762,3760,3761,3763,3761,3759,3760,3758,3762,3759,3752,3762,3765,3759,3759,3758,3759,3760,3760,3760,3762,3760,3762,3759,3758,3758,3767,3766,3763,3762,3765,3763,3764,3761,0.14,SJNFAAZE1U0005576,117.67,13.04,8967.2421875,78,74,0,0,0,0,14.5,99.19,-132242,99,1527993732.316,0,1,0,0,0,0,0,3,0,1,360.60,360.60,77,0,1,1,0002,61,40,40,0,0,19,0.00
03/06/2018 3:42:15,54 58.40638,-1 31.22418,291,0,185,365728,1145049,360.67,-123.069,3771,3746,3757,25,0,85.0,29.4,80.1,26.7,none,none,77.0,25.0,3764,3761,3759,3759,3759,3756,3754,3754,3754,3751,3754,3750,3752,3750,3751,3749,3750,3749,3750,3748,3749,3746,3749,3748,3749,3749,3751,3750,3750,3748,3751,3749,3752,3750,3750,3750,3752,3750,3752,3750,3756,3755,3759,3753,3760,3757,3761,3756,3771,3768,3771,3767,3768,3767,3768,3765,3763,3762,3767,3764,3767,3761,3761,3761,3762,3764,3762,3759,3762,3759,3762,3758,3754,3763,3765,3760,3761,3758,3759,3762,3761,3760,3763,3760,3763,3759,3759,3759,3768,3766,3765,3763,3766,3762,3765,3761,0.14,SJNFAAZE1U0005576,117.67,13.04,8967.2421875,78,74,0,0,0,0,14.5,99.19,-132270,99,1527993735.302,0,1,0,0,0,0,0,3,0,1,360.70,360.70,77,0,1,1,0002,61,40,40,0,0,19,0.00
03/06/2018 3:42:17,54 58.40638,-1 31.22418,291,0,185,366393,1145049,360.77,-123.039,3772,3747,3758,25,0,85.2,29.6,80.1,26.7,none,none,77.0,25.0,3765,3762,3759,3760,3761,3758,3756,3755,3756,3751,3754,3750,3753,3750,3752,3749,3752,3749,3750,3748,3750,3747,3750,3748,3750,3751,3753,3751,3751,3749,3753,3751,3753,3751,3751,3751,3751,3751,3753,3751,3755,3754,3759,3754,3760,3758,3763,3758,3771,3769,3772,3767,3769,3768,3769,3766,3764,3762,3767,3764,3769,3762,3763,3761,3762,3764,3762,3761,3761,3759,3763,3761,3755,3763,3767,3760,3761,3758,3761,3762,3762,3761,3765,3761,3764,3760,3759,3759,3769,3768,3765,3762,3767,3763,3765,3763,0.13,SJNFAAZE1U0005576,117.67,13.04,8967.2421875,78,74,0,0,0,0,14.5,99.19,-132298,99,1527993737.933,0,1,0,0,0,0,0,3,0,1,360.76,360.76,77,0,1,1,0002,61,40,40,0,0,19,0.00
03/06/2018 3:42:20,54 58.40638,-1 31.22418,291,0,185,367035,1145049,360.86,-123.130,3772,3748,3759,24,0,85.2,29.6,80.2,26.8,none,none,77.2,25.1,3766,3763,3760,3761,3762,3757,3756,3756,3757,3753,3755,3751,3753,3752,3751,3750,3752,3750,3751,3749,3750,3748,3751,3749,3750,3750,3753,3750,3751,3750,3752,3751,3754,3753,3752,3751,3753,3752,3754,3751,3756,3755,3760,3754,3762,3759,3764,3757,3772,3770,3772,3768,3769,3770,3769,3766,3765,3763,3768,3766,3768,3763,3764,3762,3764,3765,3763,3761,3763,3760,3764,3759,3755,3764,3767,3762,3763,3759,3762,3763,3762,3762,3765,3762,3764,3761,3760,3760,3770,3768,3765,3764,3768,3764,3766,3763,0.14,SJNFAAZE1U0005576,117.67,13.04,8967.2421875,78,74,0,0,0,0,14.5,99.19,-132324,99,1527993740.785,0,1,0,0,0,0,0,3,0,1,360.83,360.83,77,0,1,1,0002,61,40,40,0,0,19,0.00
03/06/2018 3:42:23,54 58.40638,-1 31.22418,291,0,186,367725,1145049,360.96,-123.100,3773,3749,3760,24,0,85.2,29.6,80.2,26.8,none,none,77.2,25.1,3766,3764,3761,3761,3762,3758,3756,3756,3758,3753,3755,3752,3754,3752,3753,3751,3753,3751,3752,3750,3751,3749,3751,3751,3752,3752,3754,3751,3753,3751,3753,3752,3755,3754,3753,3752,3755,3753,3755,3752,3757,3756,3761,3756,3763,3760,3765,3758,3772,3770,3773,3769,3770,3770,3769,3767,3766,3763,3769,3767,3770,3764,3766,3763,3764,3766,3765,3762,3762,3762,3765,3761,3756,3765,3768,3763,3763,3760,3762,3764,3763,3762,3765,3763,3766,3761,3761,3761,3771,3769,3767,3764,3769,3765,3767,3764,0.13,SJNFAAZE1U0005576,117.67,13.04,8967.2421875,78,74,0,0,0,0,14.5,99.19,-132353,99,1527993743.680,0,1,0,0,0,0,0,3,0,1,360.94,360.94,77,0,1,1,0002,61,40,40,0,0,19,0.00
03/06/2018 3:42:26,54 58.40638,-1 31.22418,291,0,186,368391,1145049,361.06,-122.702,3774,3750,3761,24,0,85.2,29.6,80.4,26.9,none,none,77.4,25.2,3767,3765,3762,3762,3764,3761,3757,3757,3758,3755,3756,3754,3755,3753,3753,3752,3753,3752,3752,3751,3752,3750,3753,3751,3753,3752,3755,3753,3753,3752,3755,3753,3756,3753,3754,3754,3755,3754,3756,3753,3758,3757,3762,3758,3763,3760,3765,3760,3773,3772,3774,3769,3771,3771,3771,3768,3765,3765,3769,3767,3772,3765,3765,3764,3765,3767,3765,3764,3764,3761,3764,3762,3757,3766,3769,3764,3764,3762,3763,3765,3764,3763,3767,3764,3766,3762,3761,3761,3772,3770,3768,3765,3770,3765,3768,3765,0.14,SJNFAAZE1U0005576,117.67,13.04,8967.2421875,78,74,0,0,0,0,14.5,99.19,-132380,99,1527993746.412,0,1,0,0,0,0,0,3,0,1,361.03,361.03,77,0,1,1,0002,61,40,40,0,0,19,0.00
03/06/2018 3:42:29,54 58.40638,-1 31.22418,291,0,186,369033,1145049,361.06,-123.039,3775,3751,3761,24,0,85.4,29.7,80.4,26.9,none,none,77.4,25.2,3769,3765,3762,3763,3763,3760,3759,3758,3759,3756,3756,3754,3756,3754,3755,3753,3755,3752,3754,3752,3754,3751,3753,3752,3754,3753,3755,3753,3754,3752,3756,3754,3757,3754,3755,3754,3755,3754,3757,3754,3760,3757,3762,3758,3764,3761,3766,3761,3774,3772,3775,3771,3772,3772,3771,3769,3767,3766,3771,3768,3772,3765,3767,3765,3766,3768,3766,3764,3765,3763,3767,3763,3758,3765,3769,3764,3764,3761,3765,3766,3764,3764,3767,3765,3767,3764,3762,3763,3773,3771,3768,3766,3771,3767,3769,3765,0.12,SJNFAAZE1U0005576,117.67,13.04,8967.2421875,78,74,0,0,0,0,14.5,99.19,-132406,99,1527993749.180,0,1,0,0,0,0,0,3,0,1,361.08,361.08,77,0,1,1,0002,61,40,40,0,0,19,0.00
03/06/2018 3:42:31,54 58.40638,-1 31.22418,291,0,187,369699,1145049,361.15,-122.764,3776,3751,3762,25,0,85.4,29.7,80.4,26.9,none,none,77.4,25.2,3769,3767,3764,3763,3765,3762,3759,3759,3761,3756,3758,3754,3758,3754,3756,3753,3755,3753,3754,3753,3754,3751,3754,3753,3754,3755,3756,3754,3754,3753,3756,3755,3758,3756,3757,3755,3757,3755,3757,3755,3759,3758,3763,3759,3763,3762,3767,3761,3775,3772,3776,3772,3773,3772,3773,3769,3769,3766,3771,3769,3773,3767,3767,3766,3767,3768,3767,3765,3766,3764,3768,3763,3758,3767,3771,3765,3765,3763,3764,3766,3765,3765,3768,3766,3768,3764,3764,3763,3774,3773,3769,3767,3772,3768,3770,3766,0.14,SJNFAAZE1U0005576,117.67,13.04,8967.2421875,78,74,0,0,0,0,14.5,99.19,-132434,99,1527993751.990,0,1,0,0,0,0,0,3,0,1,361.19,361.19,77,0,1,1,0002,61,40,40,0,0,19,0.00
03/06/2018 3:42:34,54 58.40638,-1 31.22418,291,0,187,370363,1145049,361.25,-121.879,3776,3751,3763,25,0,85.6,29.8,80.4,26.9,none,none,77.4,25.2,3769,3767,3765,3764,3765,3761,3759,3758,3760,3756,3758,3757,3758,3755,3756,3754,3756,3754,3754,3754,3754,3751,3755,3754,3755,3755,3757,3754,3756,3754,3757,3755,3758,3756,3756,3756,3757,3755,3757,3755,3760,3760,3764,3759,3765,3761,3767,3762,3775,3773,3776,3772,3774,3773,3772,3770,3768,3766,3772,3770,3774,3766,3768,3765,3767,3770,3768,3766,3766,3764,3768,3764,3760,3769,3770,3765,3765,3764,3765,3766,3766,3765,3769,3765,3769,3764,3764,3765,3773,3772,3768,3768,3772,3767,3770,3768,-0.03,SJNFAAZE1U0005576,117.67,13.04,8967.2421875,78,74,0,0,0,0,14.5,99.19,-132461,99,1527993754.764,0,1,0,0,0,0,0,3,0,1,361.25,361.25,77,0,1,1,0002,61,40,40,0,0,19,0.00
03/06/2018 3:42:38,54 58.40638,-1 31.22418,291,0,187,371001,1145049,361.15,-121.177,3776,3752,3762,24,0,85.6,29.8,80.6,27.0,none,none,77.4,25.2,3769,3766,3764,3764,3765,3762,3759,3759,3760,3757,3757,3757,3757,3755,3755,3754,3755,3754,3754,3754,3754,3752,3754,3753,3754,3754,3756,3755,3755,3755,3756,3756,3758,3756,3755,3756,3756,3756,3756,3755,3759,3759,3764,3760,3765,3762,3767,3763,3775,3773,3776,3772,3772,3773,3773,3770,3768,3767,3771,3770,3773,3767,3767,3766,3767,3770,3768,3766,3765,3763,3767,3765,3759,3768,3771,3766,3765,3762,3765,3766,3765,3766,3768,3766,3769,3764,3763,3763,3773,3771,3769,3767,3771,3768,3770,3767,0.04,SJNFAAZE1U0005576,117.67,13.04,8967.2421875,78,74,0,0,0,0,14.5,99.19,-132488,99,1527993758.010,0,2,0,0,0,0,0,3,0,1,361.32,361.32,7F,1,1,1,0082,61,40,40,0,0,19,0.00
03/06/2018 3:42:41,54 58.40638,-1 31.22418,291,0,188,371843,1145049,361.25,-119.376,3776,3752,3763,24,0,85.6,29.8,80.8,27.1,none,none,77.5,25.3,3770,3768,3764,3765,3765,3763,3759,3759,3761,3757,3759,3756,3756,3755,3756,3755,3756,3755,3755,3754,3755,3752,3754,3754,3754,3755,3756,3755,3756,3754,3756,3756,3759,3756,3755,3756,3757,3756,3758,3755,3760,3760,3763,3759,3765,3763,3767,3762,3776,3773,3775,3772,3774,3772,3773,3771,3769,3767,3771,3770,3773,3766,3768,3766,3767,3769,3767,3766,3765,3765,3768,3766,3759,3768,3771,3766,3766,3763,3765,3766,3766,3766,3769,3767,3769,3765,3764,3763,3774,3772,3770,3767,3771,3768,3770,3769,-0.04,SJNFAAZE1U0005576,117.67,13.04,8967.2421875,78,74,0,0,0,0,14.5,99.19,-132522,99,1527993761.931,0,2,1,0,5,0,0,3,0,1,361.21,361.21,7F,1,1,1,0082,61,40,40,0,0,19,0.00
03/06/2018 3:42:45,54 58.40638,-1 31.22418,291,0,188,372751,1145049,361.34,-120.322,3777,3753,3764,24,0,85.8,29.9,80.6,27.0,none,none,77.5,25.3,3770,3767,3764,3764,3766,3762,3761,3760,3761,3758,3759,3757,3758,3756,3756,3756,3756,3755,3755,3755,3755,3753,3754,3755,3755,3755,3757,3756,3756,3755,3758,3756,3759,3757,3757,3757,3757,3757,3759,3756,3761,3760,3765,3760,3767,3764,3768,3763,3776,3775,3777,3773,3775,3774,3774,3771,3769,3768,3773,3771,3773,3767,3768,3768,3768,3770,3768,3766,3766,3766,3769,3766,3759,3769,3771,3766,3767,3764,3766,3767,3767,3767,3768,3766,3770,3766,3765,3765,3774,3774,3771,3769,3773,3770,3770,3769,-0.01,SJNFAAZE1U0005576,117.67,13.04,8967.2421875,78,74,0,0,0,0,14.5,99.19,-132560,99,1527993765.866,0,2,1,0,7,0,0,3,0,1,361.25,361.25,7F,1,1,1,0082,61,40,40,0,0,19,0.00
03/06/2018 3:42:49,54 58.40638,-1 31.22418,291,0,189,373657,1145049,361.54,-118.979,3779,3755,3766,24,0,85.8,29.9,80.8,27.1,none,none,77.7,25.4,3773,3770,3768,3767,3767,3766,3762,3762,3764,3760,3760,3759,3760,3759,3757,3757,3758,3757,3758,3757,3757,3755,3756,3757,3757,3758,3759,3757,3758,3757,3759,3758,3760,3759,3758,3760,3759,3759,3760,3759,3763,3762,3766,3761,3767,3766,3769,3764,3778,3777,3779,3776,3777,3775,3776,3774,3772,3770,3773,3771,3775,3769,3770,3770,3770,3772,3771,3770,3768,3768,3771,3767,3762,3771,3773,3769,3769,3767,3768,3769,3768,3768,3771,3770,3771,3768,3766,3767,3776,3775,3772,3773,3774,3772,3773,3771,0.00,SJNFAAZE1U0005576,117.67,13.04,8967.2421875,78,74,0,0,0,0,14.5,99.19,-132597,99,1527993769.444,0,2,2,0,7,0,0,3,0,1,361.56,361.56,7F,1,1,1,0082,61,40,40,0,0,19,0.00
03/06/2018 3:42:53,54 58.40638,-1 31.22418,291,0,189,374446,1145049,361.44,-118.613,3778,3755,3765,23,0,86.0,30.0,81.0,27.2,none,none,77.7,25.4,3771,3769,3766,3767,3767,3765,3761,3762,3763,3759,3760,3757,3759,3759,3758,3757,3758,3757,3757,3757,3757,3755,3756,3757,3757,3757,3758,3758,3758,3757,3758,3757,3760,3760,3758,3758,3760,3758,3760,3759,3761,3763,3766,3761,3768,3765,3769,3764,3778,3775,3778,3775,3776,3776,3775,3772,3771,3769,3774,3772,3775,3769,3769,3769,3770,3773,3769,3768,3768,3767,3769,3767,3761,3771,3772,3768,3768,3767,3768,3769,3768,3768,3771,3768,3771,3767,3765,3766,3777,3775,3772,3770,3773,3770,3772,3770,-0.01,SJNFAAZE1U0005576,117.67,13.04,8967.2421875,78,74,0,0,0,0,14.5,99.19,-132630,99,1527993773.027,0,2,3,0,8,1,0,3,0,1,361.50,361.50,7F,1,1,1,0082,61,40,40,0,0,19,0.00
03/06/2018 3:42:56,54 58.40638,-1 31.22418,291,0,190,375304,1145049,361.63,-119.651,3779,3756,3767,23,0,86.0,30.0,81.2,27.3,none,none,77.9,25.5,3774,3771,3768,3769,3770,3767,3763,3764,3764,3760,3761,3759,3761,3760,3760,3759,3760,3757,3758,3756,3758,3756,3758,3757,3759,3759,3759,3759,3760,3758,3760,3759,3762,3761,3760,3760,3760,3759,3761,3760,3763,3763,3767,3763,3769,3766,3771,3767,3778,3777,3779,3776,3777,3777,3777,3773,3772,3771,3775,3774,3777,3771,3771,3770,3771,3774,3771,3769,3769,3768,3772,3768,3764,3772,3774,3770,3770,3767,3768,3771,3770,3768,3773,3770,3772,3768,3768,3768,3777,3776,3774,3772,3775,3772,3774,3772,0.02,SJNFAAZE1U0005576,117.67,13.04,8967.2421875,78,74,0,0,0,0,14.5,99.19,-132665,99,1527993776.812,0,2,3,0,9,1,0,3,0,1,361.60,361.60,7F,1,1,1,0082,61,40,40,0,0,19,0.00
03/06/2018 3:43:00,54 58.40638,-1 31.22418,291,0,190,376185,1145049,361.63,-119.834,3780,3756,3767,24,0,86.0,30.0,81.0,27.2,none,none,77.9,25.5,3774,3772,3768,3769,3770,3768,3763,3764,3764,3761,3762,3760,3762,3761,3760,3758,3761,3760,3758,3759,3759,3756,3758,3759,3758,3760,3761,3760,3761,3760,3761,3760,3762,3761,3761,3761,3761,3761,3761,3760,3765,3764,3768,3762,3769,3767,3771,3767,3779,3778,3780,3777,3778,3778,3777,3775,3772,3772,3776,3775,3777,3771,3773,3771,3771,3775,3771,3771,3769,3769,3772,3769,3763,3773,3774,3770,3771,3769,3770,3771,3770,3769,3773,3770,3772,3769,3768,3768,3777,3777,3774,3772,3776,3772,3774,3772,0.02,SJNFAAZE1U0005576,117.67,13.04,8967.2421875,78,74,0,0,0,0,14.5,99.19,-132701,99,1527993780.608,0,2,3,0,9,1,0,3,0,1,361.64,361.64,7F,1,1,1,0082,61,40,40,0,0,19,0.00
03/06/2018 3:43:04,54 58.40638,-1 31.22418,291,0,191,377021,1145049,361.82,-119.834,3783,3758,3769,25,0,86.0,30.0,81.2,27.3,none,none,77.9,25.5,3776,3775,3770,3771,3773,3769,3766,3765,3768,3764,3765,3762,3763,3761,3762,3760,3762,3761,3761,3760,3760,3758,3760,3761,3761,3762,3762,3761,3763,3761,3763,3763,3764,3763,3761,3762,3763,3763,3763,3763,3766,3766,3770,3765,3771,3770,3773,3768,3781,3781,3783,3779,3780,3780,3779,3777,3775,3773,3778,3776,3779,3773,3774,3772,3773,3777,3774,3772,3772,3771,3775,3771,3766,3775,3777,3771,3773,3770,3771,3774,3772,3772,3775,3773,3775,3771,3770,3771,3779,3779,3775,3773,3778,3774,3776,3775,-0.02,SJNFAAZE1U0005576,117.67,13.04,8967.2421875,78,74,0,0,0,0,14.5,99.19,-132736,99,1527993784.063,0,2,2,0,10,0,0,3,0,1,361.89,361.89,7F,1,1,1,0082,61,40,40,0,0,19,0.00
03/06/2018 3:43:07,54 58.40638,-1 31.22418,291,0,191,377791,1145049,361.92,-119.376,3783,3758,3770,25,0,86.2,30.1,81.2,27.3,none,none,77.9,25.5,3776,3776,3771,3772,3772,3770,3766,3767,3767,3765,3765,3763,3764,3763,3762,3761,3763,3762,3762,3761,3761,3758,3761,3761,3762,3763,3763,3762,3762,3762,3763,3763,3765,3764,3762,3763,3763,3762,3764,3763,3767,3767,3770,3767,3773,3770,3775,3770,3783,3780,3783,3779,3780,3781,3780,3777,3775,3775,3779,3776,3780,3774,3774,3774,3775,3777,3774,3773,3773,3772,3775,3771,3766,3775,3777,3774,3773,3771,3772,3773,3773,3773,3775,3773,3776,3773,3771,3772,3780,3779,3777,3774,3778,3775,3776,3774,-0.01,SJNFAAZE1U0005576,117.67,13.04,8967.2421875,78,74,0,0,0,0,14.5,99.19,-132767,99,1527993787.349,0,2,2,0,10,0,0,3,0,1,361.98,361.98,7F,1,1,1,0082,61,40,40,0,0,19,0.00
03/06/2018 3:43:10,54 58.40638,-1 31.22418,291,0,191,378607,1145049,361.92,-119.590,3783,3759,3770,24,0,86.4,30.2,81.4,27.4,none,none,78.3,25.7,3777,3775,3771,3773,3773,3771,3767,3768,3768,3766,3766,3764,3765,3763,3762,3761,3763,3762,3762,3762,3762,3759,3762,3762,3762,3762,3764,3763,3763,3763,3764,3763,3766,3764,3763,3764,3764,3763,3765,3764,3768,3767,3771,3766,3772,3771,3774,3769,3782,3781,3783,3780,3781,3781,3780,3778,3776,3774,3779,3776,3780,3775,3775,3775,3774,3777,3774,3773,3772,3771,3775,3772,3766,3775,3778,3774,3774,3770,3773,3775,3774,3773,3776,3774,3775,3773,3771,3772,3781,3780,3777,3775,3780,3776,3777,3775,0.02,SJNFAAZE1U0005576,117.67,13.04,8967.2421875,78,74,0,0,0,0,14.5,99.19,-132801,99,1527993790.982,0,2,2,0,9,0,0,3,0,1,362.03,362.03,7F,1,1,1,0082,61,40,40,0,0,19,0.00
03/06/2018 3:43:14,54 58.40638,-1 31.22418,291,0,192,379494,1145049,362.02,-120.231,3784,3760,3771,24,0,86.2,30.1,81.4,27.4,none,none,78.1,25.6,3778,3776,3772,3773,3774,3771,3767,3769,3770,3766,3766,3765,3766,3764,3764,3763,3764,3763,3763,3762,3763,3760,3762,3763,3763,3763,3765,3763,3763,3762,3765,3764,3767,3765,3764,3765,3766,3765,3766,3765,3768,3768,3772,3767,3774,3772,3775,3770,3783,3782,3784,3781,3781,3780,3781,3778,3777,3775,3779,3778,3781,3775,3775,3776,3775,3778,3775,3774,3774,3772,3774,3773,3767,3777,3779,3773,3773,3770,3773,3774,3773,3774,3776,3774,3776,3772,3772,3772,3782,3781,3778,3776,3780,3776,3778,3776,0.02,SJNFAAZE1U0005576,117.67,13.04,8967.2421875,78,74,0,0,0,0,14.5,99.19,-132838,99,1527993794.848,0,2,2,0,10,0,0,3,0,1,362.03,362.03,7F,1,1,1,0082,61,40,40,0,0,19,0.00
03/06/2018 3:43:18,54 58.40638,-1 31.22418,291,0,192,380381,1145049,362.21,-122.062,3787,3763,3773,24,0,86.4,30.2,81.6,27.6,none,none,78.1,25.6,3781,3778,3775,3775,3777,3773,3771,3770,3772,3768,3770,3766,3769,3766,3767,3764,3766,3764,3765,3764,3765,3763,3765,3764,3766,3765,3768,3765,3766,3764,3767,3766,3769,3766,3767,3767,3767,3767,3768,3766,3770,3770,3773,3769,3776,3773,3779,3772,3786,3784,3787,3782,3784,3783,3784,3780,3780,3777,3783,3779,3784,3777,3778,3777,3778,3779,3777,3777,3776,3774,3779,3776,3771,3777,3782,3776,3778,3774,3776,3777,3776,3775,3780,3776,3778,3775,3775,3776,3784,3782,3780,3778,3783,3778,3781,3777,0.02,SJNFAAZE1U0005576,117.67,13.04,8967.2421875,78,74,0,0,0,0,14.5,99.19,-132874,99,1527993798.724,0,2,2,0,11,0,0,3,0,1,362.24,362.24,7F,1,1,1,0082,61,40,40,0,0,19,0.00
03/06/2018 3:43:22,54 58.40638,-1 31.22418,291,0,193,381302,1145049,362.21,-121.177,3786,3763,3773,23,0,86.4,30.2,81.6,27.6,none,none,78.4,25.8,3779,3779,3775,3775,3777,3773,3770,3770,3771,3769,3770,3768,3768,3767,3766,3765,3766,3766,3765,3765,3764,3763,3765,3764,3766,3766,3767,3767,3766,3765,3767,3767,3769,3767,3767,3767,3767,3767,3768,3767,3771,3771,3775,3769,3776,3774,3778,3773,3786,3784,3786,3783,3785,3783,3783,3781,3779,3777,3783,3781,3783,3776,3778,3778,3777,3781,3778,3776,3777,3774,3779,3777,3769,3778,3781,3776,3776,3774,3776,3777,3776,3776,3780,3777,3779,3775,3774,3774,3783,3781,3779,3778,3782,3779,3780,3779,0.02,SJNFAAZE1U0005576,117.67,13.04,8967.2421875,78,74,0,0,0,0,14.5,99.19,-132912,99,1527993802.745,0,2,0,0,0,0,0,3,0,1,362.37,362.37,7F,1,1,1,0082,61,40,40,0,0,19,0.00
03/06/2018 3:43:26,54 58.40638,-1 31.22418,291,0,193,382213,1145049,362.30,-120.444,3787,3763,3774,24,0,86.4,30.2,81.6,27.6,none,none,78.3,25.7,3780,3779,3775,3775,3777,3773,3770,3771,3772,3768,3769,3768,3768,3767,3766,3766,3767,3766,3766,3765,3766,3763,3766,3766,3766,3766,3768,3767,3767,3766,3768,3767,3770,3768,3767,3768,3766,3768,3769,3768,3771,3771,3774,3770,3776,3774,3778,3773,3786,3785,3787,3784,3783,3784,3783,3781,3779,3778,3783,3780,3784,3777,3778,3777,3778,3780,3778,3776,3777,3774,3779,3776,3770,3779,3781,3776,3777,3774,3775,3778,3777,3777,3780,3777,3779,3775,3775,3775,3784,3782,3781,3777,3782,3779,3780,3779,0.02,SJNFAAZE1U0005576,117.67,13.04,8967.2421875,78,74,0,0,0,0,14.5,99.19,-132950,98,1527993806.494,0,2,2,0,9,0,0,3,0,1,362.32,362.32,7F,1,1,1,0082,60,40,40,0,0,19,0.00
03/06/2018 3:43:30,54 58.40638,-1 31.22418,291,0,194,383077,1145049,362.50,-120.780,3788,3765,3776,23,0,86.6,30.3,81.8,27.7,none,none,78.4,25.8,3783,3780,3777,3777,3778,3776,3773,3773,3774,3770,3771,3769,3770,3769,3768,3768,3769,3767,3768,3768,3767,3765,3767,3768,3767,3769,3770,3769,3768,3767,3770,3768,3771,3769,3769,3769,3770,3769,3770,3769,3772,3772,3776,3772,3778,3776,3781,3775,3788,3786,3788,3785,3786,3785,3786,3783,3781,3780,3785,3782,3786,3779,3781,3779,3780,3783,3780,3778,3778,3777,3781,3777,3772,3781,3783,3779,3778,3775,3777,3779,3779,3777,3781,3778,3781,3777,3776,3777,3786,3784,3783,3780,3784,3780,3783,3780,0.02,SJNFAAZE1U0005576,117.67,13.04,8967.2421875,78,74,0,0,0,0,14.5,99.19,-132985,98,1527993810.259,0,2,2,0,11,0,0,3,0,1,362.43,362.43,7F,1,1,1,0082,60,40,40,0,0,19,0.00
03/06/2018 3:43:34,54 58.40638,-1 31.22418,291,0,194,383988,1145049,362.59,-121.574,3790,3766,3777,24,0,86.8,30.4,82.0,27.8,none,none,78.6,25.9,3785,3782,3779,3779,3780,3777,3774,3774,3775,3771,3774,3771,3772,3770,3769,3768,3770,3769,3769,3768,3769,3766,3769,3768,3770,3769,3771,3769,3771,3768,3771,3770,3773,3769,3771,3770,3771,3769,3773,3770,3775,3774,3778,3772,3778,3777,3782,3775,3790,3787,3790,3786,3788,3787,3787,3785,3784,3781,3786,3783,3787,3781,3782,3780,3782,3783,3781,3780,3780,3778,3782,3779,3775,3782,3785,3779,3780,3777,3779,3781,3781,3780,3783,3781,3784,3779,3778,3780,3788,3786,3784,3783,3786,3782,3785,3781,0.02,SJNFAAZE1U0005576,117.67,13.04,8967.2421875,78,74,0,0,0,0,14.5,99.19,-133023,98,1527993814.053,0,2,2,0,10,0,0,3,0,1,362.66,362.66,7F,1,1,1,0082,60,40,40,0,0,19,0.00
03/06/2018 3:43:37,54 58.40638,-1 31.22418,291,0,194,384814,1145049,362.69,-121.116,3791,3766,3778,25,0,86.8,30.4,82.0,27.8,none,none,78.6,25.9,3785,3781,3779,3779,3781,3777,3774,3774,3775,3772,3774,3770,3772,3769,3771,3768,3771,3769,3769,3769,3770,3766,3769,3768,3770,3768,3772,3770,3771,3768,3772,3770,3773,3770,3771,3770,3772,3771,3773,3770,3774,3776,3779,3773,3780,3778,3783,3776,3790,3788,3791,3787,3788,3787,3788,3784,3784,3781,3786,3784,3789,3782,3783,3781,3782,3785,3782,3781,3780,3779,3783,3780,3773,3782,3784,3780,3781,3778,3780,3781,3781,3780,3784,3782,3783,3780,3778,3778,3788,3786,3784,3783,3787,3783,3786,3782,0.02,SJNFAAZE1U0005576,117.67,13.04,8967.2421875,78,74,0,0,0,0,14.5,99.19,-133057,98,1527993817.450,0,2,0,0,0,0,0,3,0,1,362.74,362.74,7F,1,1,1,0082,60,40,40,0,0,19,0.00
03/06/2018 3:43:40,54 58.40638,-1 31.22418,291,0,195,385612,1145049,362.59,-120.109,3790,3766,3777,24,0,86.8,30.4,82.0,27.8,none,none,78.6,25.9,3785,3783,3779,3779,3780,3777,3774,3775,3775,3773,3773,3770,3773,3771,3769,3769,3771,3770,3769,3770,3768,3766,3769,3769,3770,3769,3772,3770,3770,3769,3772,3771,3773,3771,3771,3770,3771,3770,3772,3770,3775,3774,3778,3773,3779,3779,3782,3777,3789,3788,3790,3787,3789,3787,3786,3784,3783,3781,3787,3784,3787,3780,3783,3781,3781,3784,3782,3780,3780,3778,3783,3779,3774,3783,3785,3779,3780,3778,3779,3780,3780,3780,3784,3780,3783,3778,3778,3778,3788,3786,3784,3782,3786,3782,3784,3783,0.02,SJNFAAZE1U0005576,117.67,13.04,8967.2421875,78,74,0,0,0,0,14.5,99.19,-133090,98,1527993820.884,0,2,2,0,9,0,0,3,0,1,362.73,362.73,7F,1,1,1,0082,60,40,40,0,0,19,0.00
03/06/2018 3:43:44,54 58.40638,-1 31.22418,291,0,195,386453,1145049,362.78,-120.688,3791,3767,3779,24,0,87.0,30.6,82.0,27.8,none,none,78.6,25.9,3786,3783,3781,3780,3781,3778,3775,3776,3777,3773,3775,3772,3773,3771,3772,3770,3772,3770,3770,3770,3771,3767,3770,3769,3770,3772,3772,3771,3771,3770,3773,3772,3774,3772,3772,3773,3772,3771,3773,3771,3776,3776,3781,3774,3781,3780,3783,3778,3791,3790,3791,3789,3789,3788,3788,3786,3784,3783,3787,3785,3789,3782,3784,3781,3784,3785,3783,3781,3781,3781,3784,3781,3775,3784,3786,3782,3781,3779,3779,3782,3781,3782,3785,3781,3784,3780,3778,3779,3789,3787,3784,3783,3788,3783,3785,3783,-0.00,SJNFAAZE1U0005576,117.67,13.04,8967.2421875,78,74,0,0,0,0,14.5,99.19,-133125,98,1527993824.735,0,2,2,0,9,0,0,3,0,1,362.74,362.74,7F,1,1,1,0082,60,40,40,0,0,19,0.00
03/06/2018 3:43:48,54 58.40638,-1 31.22418,291,0,196,387363,1145049,362.88,-120.322,3792,3771,3780,21,0,87.0,30.6,82.2,27.9,none,none,78.8,26.0,3787,3785,3781,3782,3784,3780,3777,3777,3777,3775,3776,3774,3775,3774,3774,3772,3773,3772,3772,3772,3771,3771,3772,3771,3771,3773,3774,3773,3773,3773,3774,3773,3776,3774,3773,3774,3774,3774,3775,3773,3776,3778,3781,3777,3783,3781,3786,3780,3792,3791,3792,3789,3791,3790,3790,3787,3787,3785,3789,3787,3790,3785,3785,3784,3784,3787,3785,3782,3782,3782,3785,3782,3776,3785,3787,3784,3784,3781,3782,3784,3783,3783,3786,3784,3785,3782,3780,3784,3790,3790,3786,3784,3789,3784,3787,3785,0.01,SJNFAAZE1U0005576,117.67,13.04,8967.2421875,78,74,0,0,0,0,14.5,99.19,-133162,98,1527993828.450,0,2,2,0,11,0,0,3,0,1,362.93,362.93,7F,1,1,1,0082,60,40,40,0,0,19,0.00
03/06/2018 3:43:52,54 58.40638,-1 31.22418,291,0,196,388235,1145049,362.98,-121.238,3794,3769,3781,25,0,87.2,30.7,82.4,28.0,none,none,78.8,26.0,3789,3785,3783,3782,3784,3780,3777,3779,3780,3774,3776,3773,3775,3773,3773,3772,3774,3773,3772,3771,3772,3769,3772,3772,3772,3772,3775,3773,3774,3772,3775,3773,3776,3773,3774,3774,3775,3774,3776,3773,3777,3777,3782,3776,3783,3781,3787,3780,3794,3790,3794,3790,3791,3790,3790,3788,3785,3784,3790,3787,3791,3784,3785,3784,3785,3787,3786,3783,3784,3782,3786,3782,3777,3785,3788,3783,3784,3781,3783,3784,3784,3783,3786,3783,3786,3782,3780,3782,3792,3789,3788,3785,3789,3784,3788,3785,-0.01,SJNFAAZE1U0005576,117.67,13.04,8967.2421875,78,74,0,0,0,0,14.5,99.19,-133198,98,1527993832.218,0,2,0,0,0,0,0,3,0,1,363.03,363.03,7F,1,1,1,0082,60,40,40,0,0,19,0.00
03/06/2018 3:43:56,54 58.40638,-1 31.22418,291,0,197,389129,1145049,363.07,-120.902,3795,3771,3782,24,0,87.2,30.7,82.4,28.0,none,none,78.8,26.0,3790,3787,3784,3784,3785,3781,3778,3779,3781,3776,3778,3775,3777,3775,3775,3774,3775,3774,3774,3772,3774,3771,3773,3774,3773,3774,3776,3775,3774,3774,3776,3775,3777,3776,3775,3776,3776,3775,3777,3775,3779,3778,3784,3779,3785,3783,3787,3781,3794,3791,3795,3792,3792,3791,3791,3789,3788,3786,3791,3788,3793,3786,3786,3786,3786,3788,3787,3785,3785,3783,3786,3784,3779,3787,3789,3785,3785,3782,3783,3785,3785,3785,3788,3785,3786,3783,3783,3783,3793,3791,3788,3787,3791,3786,3789,3787,0.03,SJNFAAZE1U0005576,117.67,13.04,8967.2421875,78,74,0,0,0,0,14.5,99.19,-133235,98,1527993836.245,0,2,2,0,10,0,0,3,0,1,363.03,363.03,7F,1,1,1,0082,60,40,40,0,0,19,0.00
03/06/2018 3:44:00,54 58.40638,-1 31.22418,291,0,197,390087,1145049,363.07,-119.834,3794,3771,3782,23,0,87.2,30.7,82.4,28.0,none,none,78.8,26.0,3790,3787,3784,3784,3785,3782,3778,3779,3780,3777,3778,3776,3776,3775,3776,3774,3776,3775,3775,3772,3774,3771,3773,3774,3773,3774,3776,3774,3775,3774,3775,3775,3777,3776,3775,3776,3776,3775,3776,3775,3779,3779,3784,3778,3785,3784,3787,3781,3794,3792,3794,3791,3792,3792,3792,3790,3786,3785,3791,3789,3792,3785,3787,3786,3786,3790,3787,3784,3785,3784,3786,3784,3778,3786,3788,3785,3785,3783,3783,3786,3785,3784,3788,3785,3787,3784,3782,3782,3792,3791,3789,3786,3791,3787,3789,3787,0.03,SJNFAAZE1U0005576,117.67,13.04,8967.2421875,78,74,0,0,0,0,14.5,99.19,-133274,98,1527993840.193,0,2,2,0,10,0,0,3,0,1,363.19,363.19,7F,1,1,1,0082,60,40,40,0,0,19,0.00
03/06/2018 3:44:04,54 58.40638,-1 31.22418,291,0,198,390974,1145049,363.26,-122.214,3798,3773,3784,25,0,87.2,30.7,82.6,28.1,none,none,79.2,26.2,3792,3788,3786,3786,3788,3784,3781,3782,3783,3778,3781,3777,3778,3778,3778,3774,3778,3775,3776,3775,3776,3773,3776,3774,3776,3776,3778,3776,3777,3776,3779,3777,3779,3777,3777,3777,3777,3777,3779,3777,3781,3780,3786,3780,3787,3785,3789,3784,3797,3794,3798,3794,3794,3794,3794,3791,3790,3789,3793,3790,3795,3788,3789,3787,3788,3790,3790,3788,3787,3785,3788,3786,3781,3790,3792,3786,3788,3785,3786,3788,3788,3786,3791,3788,3789,3786,3785,3786,3795,3792,3791,3790,3793,3789,3792,3788,0.01,SJNFAAZE1U0005576,117.67,13.04,8967.2421875,78,74,0,0,0,0,14.5,99.19,-133311,98,1527993844.047,0,2,2,0,10,0,0,3,0,1,363.23,363.23,7F,1,1,1,0082,60,40,40,0,0,19,0.00
03/06/2018 3:44:08,54 58.40638,-1 31.22418,291,0,198,391895,1145049,363.26,-120.811,3798,3773,3784,25,0,87.4,30.8,82.8,28.2,none,none,79.2,26.2,3793,3789,3786,3786,3788,3784,3781,3781,3783,3778,3781,3778,3779,3777,3778,3776,3778,3776,3776,3776,3776,3773,3776,3775,3775,3776,3779,3776,3777,3776,3779,3777,3780,3778,3777,3778,3779,3777,3780,3777,3783,3781,3786,3779,3787,3786,3789,3784,3797,3794,3798,3793,3795,3794,3795,3791,3789,3787,3794,3791,3795,3788,3790,3787,3789,3792,3789,3788,3788,3785,3790,3785,3781,3790,3791,3786,3787,3785,3787,3788,3787,3787,3791,3788,3790,3785,3785,3785,3796,3795,3791,3789,3793,3789,3791,3788,0.00,SJNFAAZE1U0005576,117.67,13.04,8967.2421875,78,74,0,0,0,0,14.5,99.19,-133349,98,1527993848.001,0,2,0,0,0,0,0,3,0,1,363.44,363.44,7F,1,1,1,0082,60,40,40,0,0,19,0.00
03/06/2018 3:44:11,54 58.40638,-1 31.22418,291,0,199,392810,1145049,363.36,-120.688,3798,3774,3785,24,0,87.4,30.8,82.8,28.2,none,none,79.2,26.2,3793,3790,3787,3787,3788,3784,3783,3781,3782,3780,3781,3778,3780,3779,3777,3777,3777,3776,3776,3777,3776,3774,3776,3776,3776,3778,3779,3778,3779,3776,3779,3779,3780,3778,3778,3778,3779,3778,3780,3777,3782,3782,3787,3781,3787,3787,3789,3783,3798,3796,3798,3794,3794,3795,3794,3792,3790,3788,3794,3791,3795,3788,3790,3789,3789,3792,3791,3788,3788,3787,3790,3787,3782,3789,3792,3788,3788,3785,3787,3788,3787,3788,3790,3787,3791,3786,3785,3785,3796,3794,3791,3789,3794,3791,3792,3789,-0.00,SJNFAAZE1U0005576,117.67,13.04,8967.2421875,78,74,0,0,0,0,14.5,99.19,-133387,98,1527993851.937,0,2,2,0,9,0,0,3,0,1,363.35,363.35,7F,1,1,1,0082,60,40,40,0,0,19,0.00
03/06/2018 3:44:15,54 58.40638,-1 31.22418,291,0,199,393722,1145049,363.55,-120.444,3800,3776,3787,24,0,87.6,30.9,82.8,28.2,none,none,79.3,26.3,3794,3792,3788,3789,3790,3787,3783,3783,3784,3781,3782,3780,3781,3779,3778,3778,3780,3778,3778,3779,3778,3776,3778,3778,3778,3779,3780,3779,3779,3779,3781,3780,3782,3780,3780,3781,3779,3780,3782,3779,3783,3784,3788,3782,3789,3787,3791,3786,3799,3798,3800,3796,3797,3798,3797,3794,3793,3791,3795,3793,3797,3791,3790,3791,3791,3795,3791,3788,3789,3788,3790,3788,3784,3792,3793,3790,3790,3788,3788,3791,3790,3789,3793,3790,3792,3788,3787,3789,3797,3796,3792,3791,3796,3792,3794,3792,-0.00,SJNFAAZE1U0005576,117.67,13.04,8967.2421875,78,74,0,0,0,0,14.5,99.19,-133424,98,1527993855.874,0,2,2,0,10,0,0,3,0,1,363.51,363.51,7F,1,1,1,0082,60,40,40,0,0,19,0.00
03/06/2018 3:44:19,54 58.40638,-1 31.22418,291,0,199,394635,1145049,363.55,-121.269,3800,3775,3787,25,0,87.6,30.9,82.9,28.3,none,none,79.3,26.3,3795,3791,3789,3788,3791,3786,3784,3784,3785,3781,3783,3780,3783,3780,3781,3777,3780,3778,3779,3777,3779,3775,3779,3777,3778,3778,3781,3778,3779,3779,3780,3779,3783,3780,3780,3780,3781,3780,3781,3779,3783,3784,3788,3782,3790,3786,3791,3787,3799,3796,3800,3796,3796,3796,3796,3794,3792,3790,3796,3793,3797,3790,3791,3790,3792,3793,3792,3790,3790,3788,3793,3789,3784,3791,3795,3790,3789,3787,3790,3791,3791,3789,3793,3790,3792,3788,3788,3788,3798,3796,3793,3792,3796,3791,3794,3791,0.00,SJNFAAZE1U0005576,117.67,13.04,8967.2421875,78,74,0,0,0,0,14.5,99.19,-133462,98,1527993859.842,0,2,0,0,0,0,0,3,0,1,363.63,363.63,7F,1,1,1,0082,60,40,40,0,0,19,0.00
03/06/2018 3:44:23,54 58.40638,-1 31.22418,291,0,200,395580,1145049,363.65,-121.970,3801,3777,3788,24,0,87.8,31.0,82.9,28.3,none,none,79.5,26.4,3796,3792,3789,3789,3791,3788,3786,3784,3786,3782,3784,3781,3782,3781,3781,3778,3780,3779,3780,3779,3778,3777,3779,3778,3779,3779,3782,3779,3781,3778,3781,3780,3783,3780,3781,3781,3781,3780,3782,3779,3785,3785,3790,3783,3791,3788,3793,3787,3800,3797,3801,3797,3799,3797,3798,3794,3794,3791,3796,3793,3798,3791,3793,3791,3792,3793,3793,3791,3790,3789,3793,3789,3785,3792,3795,3790,3791,3787,3789,3791,3791,3790,3794,3791,3794,3789,3789,3790,3798,3796,3795,3793,3797,3792,3794,3792,-0.03,SJNFAAZE1U0005576,117.67,13.04,8967.2421875,78,74,0,0,0,0,14.5,99.19,-133501,98,1527993863.601,0,2,0,0,0,0,0,3,0,1,363.63,363.63,7F,1,1,1,0082,60,40,40,0,0,19,0.00
03/06/2018 3:44:27,54 58.40638,-1 31.22418,291,0,200,396446,1145049,363.74,-120.597,3802,3777,3789,25,0,87.6,30.9,82.9,28.3,none,none,79.5,26.4,3797,3795,3791,3791,3793,3790,3786,3786,3787,3785,3785,3783,3784,3782,3782,3780,3782,3781,3781,3781,3780,3777,3780,3780,3781,3781,3783,3781,3782,3781,3782,3782,3783,3784,3782,3781,3783,3782,3784,3781,3786,3787,3792,3785,3792,3790,3795,3788,3801,3799,3802,3799,3799,3799,3798,3796,3795,3792,3798,3796,3800,3792,3795,3793,3792,3796,3794,3793,3791,3790,3794,3791,3785,3795,3797,3792,3792,3789,3792,3793,3792,3792,3795,3792,3794,3790,3790,3790,3799,3798,3795,3795,3799,3794,3795,3794,-0.01,SJNFAAZE1U0005576,117.67,13.04,8967.2421875,78,74,0,0,0,0,14.5,99.19,-133536,98,1527993867.318,0,2,2,0,9,0,0,3,0,1,363.73,363.73,7F,1,1,1,0082,60,40,40,0,0,19,0.00
03/06/2018 3:44:31,54 58.40638,-1 31.22418,291,0,201,397333,1145049,363.74,-119.621,3803,3778,3789,25,0,87.8,31.0,82.9,28.3,none,none,79.5,26.4,3796,3794,3790,3791,3793,3789,3786,3786,3787,3785,3785,3783,3784,3782,3782,3781,3782,3781,3781,3780,3781,3778,3781,3781,3781,3782,3784,3782,3782,3781,3782,3784,3785,3784,3782,3783,3783,3782,3784,3783,3785,3786,3791,3785,3792,3790,3794,3789,3801,3800,3803,3797,3800,3800,3799,3796,3795,3793,3799,3795,3799,3794,3793,3793,3794,3797,3794,3792,3791,3791,3794,3792,3785,3794,3796,3792,3792,3790,3791,3794,3792,3792,3795,3792,3795,3791,3788,3790,3800,3798,3796,3795,3798,3794,3795,3794,0.00,SJNFAAZE1U0005576,117.67,13.04,8967.2421875,78,74,0,0,0,0,14.5,99.19,-133573,98,1527993871.355,0,2,2,0,10,0,0,3,0,1,363.87,363.87,7F,1,1,1,0082,60,40,40,0,0,19,0.00
03/06/2018 3:44:35,54 58.40638,-1 31.22418,291,0,201,398274,1145049,363.94,-122.184,3804,3778,3791,26,0,88.0,31.1,83.1,28.4,none,none,79.7,26.5,3798,3795,3793,3792,3795,3790,3788,3788,3789,3785,3787,3783,3786,3783,3784,3781,3785,3782,3783,3781,3782,3778,3782,3782,3783,3783,3785,3783,3783,3781,3785,3783,3787,3784,3784,3784,3785,3783,3785,3782,3788,3787,3792,3786,3794,3791,3795,3790,3803,3800,3804,3800,3801,3800,3802,3798,3796,3794,3800,3797,3801,3794,3796,3795,3794,3796,3795,3793,3794,3791,3796,3792,3788,3795,3799,3792,3793,3791,3793,3794,3794,3793,3797,3793,3797,3792,3791,3791,3801,3799,3798,3795,3800,3795,3797,3794,0.01,SJNFAAZE1U0005576,117.67,13.04,8967.2421875,78,74,0,0,0,0,14.5,99.19,-133612,98,1527993875.240,0,2,0,0,0,0,0,3,0,1,363.88,363.88,7F,1,1,1,0082,60,40,40,0,0,19,0.00
03/06/2018 3:44:39,54 58.40638,-1 31.22418,291,0,202,399195,1145049,364.03,-120.231,3806,3781,3792,25,0,88.0,31.1,83.3,28.5,none,none,79.7,26.5,3800,3797,3794,3793,3796,3792,3787,3789,3789,3787,3788,3785,3787,3785,3785,3782,3785,3783,3784,3783,3783,3781,3783,3784,3784,3785,3785,3785,3784,3784,3785,3786,3788,3785,3784,3786,3786,3784,3786,3785,3789,3788,3794,3788,3795,3793,3796,3791,3804,3802,3806,3801,3802,3801,3802,3799,3798,3795,3800,3798,3801,3796,3797,3795,3796,3799,3796,3794,3794,3794,3797,3794,3788,3796,3798,3794,3795,3792,3794,3796,3794,3794,3797,3795,3796,3793,3791,3794,3802,3802,3798,3796,3801,3796,3798,3797,0.03,SJNFAAZE1U0005576,117.67,13.04,8967.2421875,78,74,0,0,0,0,14.5,99.19,-133650,98,1527993879.071,0,2,0,0,0,0,0,3,0,1,364.04,364.04,7F,1,1,1,0082,60,40,40,0,0,19,0.00
03/06/2018 3:44:42,54 58.40638,-1 31.22418,291,0,202,400082,1145049,363.94,-119.804,3804,3779,3791,25,0,88.0,31.1,83.3,28.5,none,none,79.7,26.5,3800,3796,3793,3793,3795,3792,3787,3789,3789,3785,3787,3786,3786,3785,3784,3782,3784,3783,3784,3782,3783,3779,3782,3784,3783,3783,3784,3784,3784,3782,3785,3785,3787,3785,3784,3785,3785,3785,3786,3783,3788,3788,3794,3787,3795,3791,3796,3791,3803,3802,3804,3800,3802,3800,3802,3799,3797,3796,3800,3798,3802,3794,3796,3795,3796,3798,3796,3794,3795,3792,3795,3793,3788,3796,3799,3793,3795,3791,3794,3794,3794,3795,3798,3795,3797,3792,3791,3791,3801,3800,3799,3797,3801,3796,3798,3797,0.02,SJNFAAZE1U0005576,117.67,13.04,8967.2421875,78,74,0,0,0,0,14.5,99.19,-133686,98,1527993882.946,0,2,2,0,9,0,0,3,0,1,364.06,364.06,7F,1,1,1,0082,60,40,40,0,0,19,0.00
03/06/2018 3:44:46,54 58.40638,-1 31.22418,291,0,203,400993,1145049,364.13,-122.245,3807,3781,3793,26,0,88.2,31.2,83.5,28.6,none,none,79.9,26.6,3801,3797,3794,3794,3796,3791,3790,3789,3791,3787,3789,3786,3787,3786,3786,3784,3786,3784,3785,3784,3785,3781,3784,3783,3784,3785,3787,3785,3785,3784,3788,3786,3789,3786,3786,3787,3787,3785,3788,3786,3790,3790,3794,3789,3796,3793,3799,3792,3806,3803,3807,3802,3804,3802,3803,3800,3798,3797,3802,3799,3804,3797,3798,3797,3797,3799,3798,3796,3796,3794,3798,3795,3790,3798,3800,3795,3796,3793,3795,3797,3796,3796,3799,3796,3799,3794,3794,3794,3805,3802,3800,3797,3803,3797,3800,3797,-0.00,SJNFAAZE1U0005576,117.67,13.04,8967.2421875,78,74,0,0,0,0,14.5,99.19,-133724,98,1527993886.772,0,2,2,0,10,0,0,3,0,1,364.11,364.11,7F,1,1,1,0082,60,40,40,0,0,19,0.00
03/06/2018 3:44:50,54 58.40638,-1 31.22418,291,0,203,401844,1145049,364.22,-121.757,3807,3782,3794,25,0,88.2,31.2,83.5,28.6,none,none,79.9,26.6,3804,3799,3796,3796,3798,3795,3793,3791,3793,3789,3791,3787,3790,3786,3788,3785,3788,3786,3786,3786,3786,3782,3786,3785,3786,3786,3789,3787,3787,3785,3787,3787,3790,3788,3787,3787,3788,3786,3789,3787,3792,3790,3796,3790,3798,3795,3799,3794,3807,3804,3807,3804,3805,3804,3804,3802,3800,3798,3803,3800,3805,3799,3799,3797,3799,3801,3799,3799,3798,3796,3800,3797,3791,3799,3801,3797,3798,3794,3796,3798,3796,3796,3802,3798,3800,3796,3795,3797,3806,3804,3802,3800,3804,3798,3801,3798,-0.03,SJNFAAZE1U0005576,117.67,13.04,8967.2421875,78,74,0,0,0,0,14.5,99.19,-133759,98,1527993890.370,0,2,0,0,0,0,0,3,0,1,364.29,364.29,7F,1,1,1,0082,60,40,40,0,0,19,0.00
03/06/2018 3:44:53,54 58.40638,-1 31.22418,291,0,204,402669,1145049,364.22,-119.834,3807,3783,3794,24,0,88.2,31.2,83.7,28.7,none,none,80.1,26.7,3802,3799,3795,3797,3798,3795,3791,3791,3792,3789,3789,3788,3788,3788,3786,3786,3788,3787,3786,3786,3785,3783,3785,3786,3786,3788,3788,3787,3787,3787,3788,3787,3789,3788,3787,3788,3788,3787,3789,3786,3793,3792,3796,3790,3796,3796,3799,3794,3807,3804,3807,3803,3806,3804,3804,3802,3800,3798,3803,3801,3805,3798,3799,3798,3799,3802,3799,3797,3798,3796,3799,3796,3791,3799,3801,3797,3797,3795,3795,3799,3797,3797,3800,3798,3800,3796,3794,3796,3805,3804,3800,3799,3803,3799,3802,3799,0.00,SJNFAAZE1U0005576,117.67,13.04,8967.2421875,78,74,0,0,0,0,14.5,99.19,-133793,98,1527993893.856,0,2,2,0,0,0,0,3,0,1,364.35,364.35,7F,1,1,1,0082,60,40,40,0,0,19,0.00
03/06/2018 3:44:57,54 58.40638,-1 31.22418,291,0,204,403486,1145049,364.22,-120.353,3807,3783,3794,24,0,88.4,31.3,83.7,28.7,none,none,80.1,26.7,3802,3799,3796,3797,3798,3794,3791,3792,3792,3789,3790,3788,3790,3787,3788,3785,3788,3786,3786,3785,3785,3783,3785,3785,3785,3787,3788,3786,3787,3786,3788,3787,3790,3788,3786,3788,3787,3787,3789,3787,3791,3791,3796,3790,3798,3795,3799,3794,3807,3804,3807,3803,3805,3803,3804,3802,3798,3798,3804,3801,3805,3797,3799,3797,3799,3801,3799,3798,3797,3795,3800,3796,3790,3799,3801,3797,3796,3794,3796,3797,3797,3797,3801,3796,3800,3796,3795,3795,3805,3803,3801,3800,3804,3799,3801,3799,-0.02,SJNFAAZE1U0005576,117.67,13.04,8967.2421875,78,74,0,0,0,0,14.5,99.19,-133827,98,1527993897.443,0,2,2,0,10,0,0,3,0,1,364.29,364.29,7F,1,1,1,0082,60,40,40,0,0,19,0.00
03/06/2018 3:45:01,54 58.40638,-1 31.22418,291,0,204,404397,1145049,364.51,-120.780,3811,3785,3797,26,0,88.4,31.3,83.7,28.7,none,none,80.1,26.7,3805,3801,3799,3797,3802,3796,3793,3794,3795,3791,3793,3789,3791,3789,3789,3787,3790,3787,3788,3788,3789,3785,3788,3786,3788,3788,3790,3788,3790,3787,3790,3788,3793,3790,3790,3789,3790,3789,3790,3789,3794,3794,3798,3792,3800,3797,3803,3795,3809,3807,3811,3806,3808,3806,3807,3804,3804,3799,3806,3803,3807,3802,3801,3799,3801,3804,3801,3800,3800,3798,3803,3798,3794,3801,3804,3799,3800,3797,3798,3799,3800,3799,3804,3800,3802,3798,3797,3798,3808,3806,3803,3802,3806,3801,3804,3800,0.01,SJNFAAZE1U0005576,117.67,13.04,8967.2421875,78,74,0,0,0,0,14.5,99.19,-133864,98,1527993901.324,0,2,2,0,10,0,0,3,0,1,364.42,364.42,7F,1,1,1,0082,60,40,40,0,0,19,0.00
03/06/2018 3:45:05,54 58.40638,-1 31.22418,291,0,205,405293,1145049,364.51,-121.177,3811,3785,3797,26,0,88.6,31.4,83.8,28.8,none,none,80.2,26.8,3805,3802,3798,3800,3801,3798,3794,3794,3796,3792,3793,3791,3792,3790,3789,3789,3790,3789,3789,3789,3788,3785,3787,3788,3789,3790,3791,3789,3789,3789,3791,3790,3792,3791,3790,3791,3791,3790,3792,3790,3795,3795,3799,3793,3800,3799,3803,3797,3811,3808,3810,3807,3807,3807,3808,3805,3804,3801,3807,3803,3808,3800,3801,3801,3801,3804,3802,3800,3800,3798,3801,3799,3793,3802,3803,3799,3800,3797,3800,3800,3799,3800,3804,3799,3802,3798,3798,3798,3808,3806,3804,3802,3806,3802,3804,3802,-0.02,SJNFAAZE1U0005576,117.67,13.04,8967.2421875,78,74,0,0,0,0,14.5,99.19,-133901,98,1527993905.141,0,2,0,0,0,0,0,3,0,1,364.57,364.57,7F,1,1,1,0082,60,40,40,0,0,19,0.00
03/06/2018 3:45:09,54 58.40638,-1 31.22418,291,0,205,406166,1145049,364.51,-120.108,3810,3784,3797,26,0,88.6,31.4,84.0,28.9,none,none,80.4,26.9,3806,3802,3800,3798,3800,3796,3793,3793,3794,3790,3793,3790,3792,3789,3790,3788,3791,3787,3788,3788,3788,3784,3788,3787,3788,3788,3791,3788,3789,3787,3790,3789,3793,3789,3789,3789,3791,3789,3791,3788,3795,3794,3798,3791,3800,3797,3803,3796,3810,3807,3810,3805,3807,3806,3807,3803,3801,3799,3806,3802,3808,3800,3801,3800,3801,3803,3802,3801,3799,3798,3802,3798,3794,3801,3804,3799,3799,3796,3798,3801,3800,3798,3803,3799,3802,3798,3798,3797,3808,3807,3805,3802,3806,3800,3804,3801,-0.01,SJNFAAZE1U0005576,117.67,13.04,8967.2421875,78,74,0,0,0,0,14.5,99.19,-133937,98,1527993909.016,0,2,0,0,0,0,0,3,0,1,364.50,364.50,7F,1,1,1,0082,60,40,40,0,0,19,0.00
03/06/2018 3:45:12,54 58.40638,-1 31.22418,291,0,206,407079,1145049,364.70,-120.933,3812,3786,3799,26,0,88.6,31.4,84.0,28.9,none,none,80.2,26.8,3807,3804,3800,3801,3802,3799,3795,3796,3796,3794,3794,3791,3793,3792,3791,3790,3792,3790,3791,3791,3790,3786,3790,3789,3789,3791,3792,3791,3791,3790,3791,3792,3794,3792,3791,3792,3792,3791,3792,3791,3796,3796,3799,3794,3801,3799,3804,3798,3812,3809,3812,3808,3809,3808,3809,3807,3805,3802,3808,3806,3809,3802,3804,3802,3803,3806,3803,3802,3802,3799,3803,3800,3795,3804,3806,3801,3803,3799,3801,3802,3802,3801,3806,3802,3803,3799,3799,3800,3809,3807,3805,3804,3808,3804,3806,3804,0.00,SJNFAAZE1U0005576,117.67,13.04,8967.2421875,78,74,0,0,0,0,14.5,99.19,-133975,98,1527993912.750,0,2,2,0,9,0,0,3,0,1,364.66,364.66,7F,1,1,1,0082,60,40,40,0,0,19,0.00
03/06/2018 3:45:16,54 58.40638,-1 31.22418,291,0,206,407943,1145049,364.70,-119.895,3812,3788,3799,24,0,88.6,31.4,84.0,28.9,none,none,80.4,26.9,3808,3805,3800,3801,3803,3799,3795,3797,3797,3794,3794,3792,3793,3791,3791,3790,3793,3791,3791,3790,3790,3788,3790,3789,3790,3791,3792,3792,3792,3791,3793,3792,3795,3793,3792,3792,3792,3792,3792,3791,3797,3795,3800,3795,3802,3800,3805,3799,3812,3810,3812,3809,3811,3810,3809,3806,3805,3803,3808,3805,3810,3804,3803,3803,3803,3806,3804,3802,3801,3800,3804,3801,3796,3804,3805,3801,3803,3800,3802,3803,3801,3801,3804,3803,3805,3801,3799,3800,3810,3809,3806,3804,3809,3803,3806,3804,-0.02,SJNFAAZE1U0005576,117.67,13.04,8967.2421875,78,74,0,0,0,0,14.5,99.19,-134010,98,1527993916.537,0,2,2,0,10,0,0,3,0,1,364.76,364.76,7F,1,1,1,0082,60,40,40,0,0,19,0.00
03/06/2018 3:45:20,54 58.40638,-1 31.22418,291,0,207,408861,1145049,364.70,-121.818,3814,3787,3799,27,0,88.6,31.4,84.2,29.0,none,none,80.4,26.9,3808,3805,3801,3801,3803,3799,3796,3796,3797,3794,3795,3791,3794,3792,3793,3790,3793,3791,3792,3790,3791,3787,3791,3791,3792,3792,3794,3792,3792,3790,3794,3792,3796,3793,3792,3793,3793,3791,3795,3791,3797,3796,3802,3794,3803,3799,3805,3799,3813,3810,3814,3809,3810,3809,3810,3807,3805,3803,3810,3805,3810,3803,3803,3803,3804,3806,3806,3801,3804,3800,3804,3801,3796,3804,3806,3802,3802,3799,3801,3803,3803,3801,3805,3802,3806,3801,3800,3800,3811,3809,3806,3804,3809,3803,3808,3803,-0.01,SJNFAAZE1U0005576,117.67,13.04,8967.2421875,78,74,0,0,0,0,14.5,99.19,-134048,98,1527993920.496,0,2,0,0,0,0,0,3,0,1,364.76,364.76,7F,1,1,1,0082,60,40,40,0,0,19,0.00
03/06/2018 3:45:24,54 58.40638,-1 31.22418,291,0,207,409807,1145049,364.90,-122.062,3815,3789,3801,26,0,88.8,31.6,84.2,29.0,none,none,80.4,26.9,3809,3807,3803,3804,3806,3801,3798,3798,3799,3795,3796,3795,3796,3794,3793,3792,3795,3794,3793,3791,3792,3789,3792,3791,3792,3794,3795,3794,3793,3793,3794,3794,3797,3795,3793,3794,3794,3794,3795,3794,3798,3799,3802,3797,3804,3803,3807,3801,3814,3812,3815,3810,3812,3812,3812,3810,3808,3805,3810,3807,3812,3805,3805,3806,3805,3809,3807,3805,3804,3803,3806,3803,3798,3806,3809,3803,3805,3802,3803,3806,3803,3803,3807,3804,3807,3803,3801,3803,3812,3811,3808,3807,3811,3806,3808,3806,-0.04,SJNFAAZE1U0005576,117.67,13.04,8967.2421875,78,74,0,0,0,0,14.5,99.19,-134087,98,1527993924.417,0,2,0,0,0,0,0,3,0,1,364.96,364.96,7F,1,1,1,0082,60,40,40,0,0,19,0.00
03/06/2018 3:45:28,54 58.40638,-1 31.22418,291,0,208,410718,1145049,364.90,-120.261,3814,3788,3801,26,0,88.8,31.6,84.4,29.1,none,none,80.6,27.0,3809,3806,3802,3802,3805,3801,3797,3798,3799,3794,3797,3794,3795,3793,3792,3791,3793,3792,3792,3792,3792,3788,3791,3792,3792,3793,3794,3793,3793,3791,3793,3795,3796,3795,3792,3794,3795,3793,3795,3793,3799,3798,3803,3797,3803,3802,3806,3800,3813,3811,3814,3810,3811,3810,3811,3808,3806,3804,3810,3807,3812,3804,3806,3804,3804,3808,3806,3803,3804,3801,3806,3803,3797,3805,3808,3803,3804,3800,3802,3803,3803,3803,3807,3804,3805,3802,3801,3800,3812,3810,3808,3805,3810,3805,3809,3805,-0.01,SJNFAAZE1U0005576,117.67,13.04,8967.2421875,78,74,0,0,0,0,14.5,99.19,-134125,98,1527993928.271,0,2,2,0,9,0,0,3,0,1,364.91,364.91,7F,1,1,1,0082,60,40,40,0,0,19,0.00
03/06/2018 3:45:32,54 58.40638,-1 31.22418,291,0,208,411583,1145049,364.99,-120.566,3816,3790,3802,26,0,89.0,31.7,84.4,29.1,none,none,80.6,27.0,3811,3808,3804,3805,3806,3802,3798,3800,3800,3797,3798,3796,3797,3796,3795,3794,3795,3794,3793,3793,3794,3790,3793,3793,3793,3796,3797,3794,3794,3794,3796,3795,3798,3796,3795,3795,3796,3795,3797,3794,3800,3799,3804,3797,3806,3803,3808,3802,3815,3812,3816,3812,3813,3813,3813,3810,3809,3805,3812,3809,3813,3807,3807,3806,3807,3809,3807,3805,3804,3804,3808,3803,3799,3807,3809,3804,3806,3803,3804,3807,3805,3805,3807,3805,3808,3805,3803,3806,3813,3813,3810,3807,3811,3808,3810,3808,0.00,SJNFAAZE1U0005576,117.67,13.04,8967.2421875,78,74,0,0,0,0,14.5,99.19,-134160,98,1527993932.142,0,2,2,0,10,0,0,3,0,1,365.04,365.04,7F,1,1,1,0082,60,40,40,0,0,19,0.00
03/06/2018 3:45:35,54 58.40638,-1 31.22418,291,0,209,412501,1145049,364.99,-121.635,3816,3790,3802,26,0,89.0,31.7,84.4,29.1,none,none,80.6,27.0,3812,3807,3805,3804,3807,3803,3799,3798,3801,3796,3797,3795,3798,3794,3795,3793,3795,3794,3794,3793,3794,3790,3793,3793,3794,3794,3796,3794,3795,3794,3797,3795,3798,3796,3795,3795,3796,3795,3797,3795,3799,3799,3804,3798,3805,3803,3809,3802,3816,3812,3816,3811,3813,3812,3813,3809,3808,3806,3812,3808,3812,3806,3807,3805,3807,3809,3809,3805,3805,3803,3807,3804,3798,3807,3810,3804,3806,3802,3805,3805,3805,3805,3810,3805,3808,3803,3803,3802,3814,3812,3808,3807,3813,3806,3809,3807,-0.02,SJNFAAZE1U0005576,117.67,13.04,8967.2421875,78,74,0,0,0,0,14.5,99.19,-134198,98,1527993935.900,0,2,0,0,0,0,0,3,0,1,365.11,365.11,7F,1,1,1,0082,60,40,40,0,0,19,0.00
03/06/2018 3:45:39,54 58.40638,-1 31.22418,291,0,209,413376,1145049,365.18,-122.184,3818,3792,3804,26,0,89.2,31.8,84.6,29.2,none,none,80.8,27.1,3814,3809,3806,3806,3809,3805,3801,3801,3803,3799,3801,3798,3799,3797,3797,3794,3798,3796,3796,3795,3795,3792,3795,3795,3796,3797,3798,3797,3797,3795,3798,3796,3801,3798,3796,3797,3798,3797,3799,3796,3802,3801,3806,3799,3808,3805,3809,3803,3818,3815,3818,3814,3815,3814,3814,3812,3810,3807,3815,3810,3815,3808,3809,3807,3810,3810,3810,3809,3808,3806,3809,3806,3802,3809,3812,3806,3809,3805,3806,3808,3808,3806,3812,3808,3810,3807,3805,3806,3817,3815,3811,3810,3814,3808,3812,3808,-0.00,SJNFAAZE1U0005576,117.67,13.04,8967.2421875,78,74,0,0,0,0,14.5,99.19,-134234,98,1527993939.603,0,2,0,0,0,0,0,3,0,1,365.22,365.22,7F,1,1,1,0082,60,40,40,0,0,19,0.00
03/06/2018 3:45:43,54 58.40638,-1 31.22418,291,0,209,414436,1145049,365.18,-120.109,3817,3792,3804,25,0,89.2,31.8,84.6,29.2,none,none,80.8,27.1,3812,3809,3805,3807,3807,3804,3800,3801,3802,3798,3799,3797,3798,3797,3795,3795,3796,3796,3795,3795,3794,3792,3795,3795,3794,3796,3797,3797,3795,3796,3796,3797,3799,3798,3795,3798,3797,3796,3797,3795,3800,3800,3805,3799,3807,3804,3810,3803,3817,3814,3817,3812,3815,3813,3814,3812,3809,3807,3813,3810,3813,3806,3807,3808,3808,3810,3808,3806,3807,3804,3808,3806,3800,3808,3811,3807,3806,3804,3805,3806,3806,3807,3811,3807,3809,3806,3803,3804,3815,3812,3810,3808,3813,3808,3810,3809,-0.03,SJNFAAZE1U0005576,117.67,13.04,8967.2421875,78,74,0,0,0,0,14.5,99.19,-134278,98,1527993943.397,0,2,2,0,9,0,0,3,0,1,365.28,365.28,7F,1,1,1,0082,60,40,40,0,0,19,0.00
03/06/2018 3:45:47,54 58.40638,-1 31.22418,291,0,210,415576,1145049,365.28,-120.872,3820,3793,3805,27,0,89.4,31.9,84.8,29.3,none,none,81.0,27.2,3814,3810,3806,3808,3809,3806,3802,3802,3803,3801,3801,3799,3800,3797,3798,3797,3799,3797,3797,3797,3796,3793,3795,3797,3796,3798,3798,3798,3797,3798,3799,3798,3801,3799,3797,3799,3798,3798,3800,3797,3802,3802,3807,3800,3808,3807,3811,3805,3819,3817,3820,3815,3817,3815,3815,3813,3812,3810,3815,3812,3817,3808,3810,3809,3809,3812,3811,3809,3808,3806,3809,3808,3802,3810,3812,3808,3810,3806,3808,3809,3809,3808,3811,3808,3811,3806,3806,3807,3816,3814,3813,3810,3814,3811,3813,3810,-0.02,SJNFAAZE1U0005576,117.67,13.04,8967.2421875,78,74,0,0,0,0,14.5,99.19,-134325,98,1527993947.067,0,2,2,0,10,0,0,3,0,1,365.30,365.30,7F,1,1,1,0082,60,40,40,0,0,19,0.00
03/06/2018 3:45:50,54 58.40638,-1 31.22418,291,0,211,416576,1145049,365.47,-121.330,3821,3795,3807,26,0,89.4,31.9,84.8,29.3,none,none,81.0,27.2,3816,3812,3808,3809,3810,3808,3803,3805,3805,3801,3802,3800,3801,3800,3798,3798,3800,3799,3797,3798,3798,3795,3798,3798,3797,3798,3800,3800,3800,3798,3800,3800,3802,3800,3799,3800,3799,3799,3802,3800,3804,3804,3808,3802,3809,3809,3814,3807,3820,3818,3821,3817,3817,3817,3817,3815,3813,3811,3817,3813,3817,3810,3810,3811,3810,3814,3811,3810,3810,3807,3811,3810,3803,3812,3814,3809,3809,3807,3808,3810,3809,3809,3814,3809,3813,3807,3806,3809,3818,3816,3813,3813,3817,3812,3813,3813,-0.04,SJNFAAZE1U0005576,117.67,13.04,8967.2421875,78,74,0,0,0,0,14.5,99.19,-134366,98,1527993950.521,0,2,0,0,0,0,0,3,0,1,365.47,365.47,7F,1,1,1,0082,60,40,40,0,0,19,0.00
03/06/2018 3:45:54,54 58.40638,-1 31.22418,291,0,211,417638,1145049,365.38,-121.543,3820,3794,3806,26,0,89.4,31.9,84.8,29.3,none,none,81.0,27.2,3816,3811,3808,3808,3810,3806,3803,3802,3805,3799,3803,3799,3802,3799,3799,3797,3799,3797,3798,3797,3798,3794,3797,3797,3797,3798,3800,3798,3799,3796,3800,3798,3802,3799,3799,3799,3800,3798,3800,3798,3804,3802,3808,3801,3810,3807,3812,3806,3820,3817,3820,3815,3817,3816,3818,3814,3812,3809,3816,3812,3819,3810,3811,3809,3810,3812,3812,3809,3809,3807,3812,3809,3803,3810,3814,3809,3810,3806,3808,3810,3809,3809,3814,3810,3812,3808,3807,3807,3817,3816,3813,3812,3817,3810,3815,3811,-0.02,SJNFAAZE1U0005576,117.67,13.04,8967.2421875,78,74,0,0,0,0,14.5,99.19,-134410,98,1527993954.189,0,2,0,0,0,0,0,3,0,1,365.44,365.44,7F,1,1,1,0082,60,40,40,0,0,19,0.00
03/06/2018 3:45:57,54 58.40638,-1 31.22418,291,0,212,418694,1145049,365.47,-121.024,3821,3796,3807,25,0,89.4,31.9,85.0,29.4,none,none,81.2,27.3,3816,3813,3809,3810,3810,3808,3803,3804,3805,3802,3803,3800,3801,3801,3800,3798,3800,3800,3798,3799,3798,3796,3798,3799,3798,3800,3801,3800,3800,3799,3801,3801,3803,3801,3799,3801,3800,3800,3801,3799,3805,3805,3809,3802,3810,3808,3814,3808,3821,3818,3820,3817,3819,3817,3818,3816,3814,3812,3817,3814,3819,3811,3812,3811,3812,3815,3812,3811,3809,3807,3813,3810,3806,3812,3815,3810,3811,3807,3808,3810,3810,3811,3814,3810,3813,3809,3807,3809,3819,3817,3815,3813,3817,3813,3815,3812,0.01,SJNFAAZE1U0005576,117.67,13.04,8967.2421875,78,74,0,0,0,0,14.5,99.19,-134454,98,1527993957.840,0,2,2,0,9,0,0,3,0,1,365.45,365.45,7F,1,1,1,0082,60,40,40,0,0,19,0.00
03/06/2018 3:46:01,54 58.40638,-1 31.22418,291,0,212,419746,1145049,365.57,-119.895,3823,3797,3808,26,0,89.6,32.0,85.0,29.4,none,none,81.2,27.3,3817,3814,3810,3810,3813,3809,3805,3805,3806,3803,3803,3801,3802,3801,3801,3799,3800,3800,3799,3799,3799,3797,3798,3799,3798,3800,3801,3801,3800,3799,3802,3800,3803,3802,3800,3802,3801,3800,3802,3800,3804,3805,3809,3803,3811,3809,3814,3808,3822,3819,3823,3818,3820,3819,3819,3815,3814,3811,3817,3813,3819,3812,3813,3812,3812,3816,3813,3811,3811,3810,3813,3810,3804,3813,3815,3810,3812,3809,3809,3812,3811,3810,3814,3810,3813,3810,3808,3810,3820,3818,3815,3813,3817,3812,3814,3812,-0.03,SJNFAAZE1U0005576,117.67,13.04,8967.2421875,78,74,0,0,0,0,14.5,99.19,-134497,98,1527993961.522,0,2,2,0,9,0,0,3,0,1,365.63,365.63,7F,1,1,1,0082,60,40,40,0,0,19,0.00
03/06/2018 3:46:05,54 58.40638,-1 31.22418,291,0,213,420830,1145049,365.57,-121.848,3822,3797,3808,25,0,89.6,32.0,85.2,29.6,none,none,81.4,27.4,3818,3813,3810,3810,3814,3808,3805,3804,3807,3802,3804,3802,3803,3801,3801,3798,3802,3798,3800,3799,3800,3797,3800,3799,3799,3801,3803,3800,3801,3799,3802,3800,3804,3800,3801,3801,3802,3801,3802,3800,3807,3805,3811,3804,3812,3808,3814,3806,3822,3819,3822,3817,3820,3819,3820,3816,3815,3811,3818,3814,3820,3812,3813,3811,3814,3815,3814,3812,3812,3809,3814,3810,3804,3813,3816,3811,3812,3809,3811,3811,3812,3811,3815,3811,3815,3810,3809,3810,3820,3818,3815,3814,3818,3812,3816,3812,-0.03,SJNFAAZE1U0005576,117.67,13.04,8967.2421875,78,74,0,0,0,0,14.5,99.19,-134542,98,1527993965.330,0,2,0,0,0,0,0,3,0,1,365.61,365.61,7F,1,1,1,0082,60,40,40,0,0,19,0.00
03/06/2018 3:46:09,54 58.40638,-1 31.22418,291,0,213,421953,1145049,365.76,-122.001,3824,3798,3810,26,0,89.8,32.1,85.4,29.7,none,none,81.6,27.6,3819,3815,3812,3812,3814,3810,3807,3806,3808,3804,3806,3802,3805,3802,3802,3800,3803,3802,3801,3801,3802,3798,3802,3801,3801,3801,3803,3801,3803,3802,3804,3802,3806,3804,3803,3804,3803,3801,3805,3801,3807,3807,3812,3805,3814,3811,3817,3809,3824,3820,3824,3820,3821,3820,3821,3818,3817,3813,3820,3816,3822,3813,3815,3813,3816,3817,3816,3814,3814,3811,3816,3811,3808,3814,3818,3812,3814,3810,3811,3813,3814,3813,3817,3813,3816,3812,3811,3813,3821,3820,3818,3818,3822,3815,3818,3814,-0.01,SJNFAAZE1U0005576,117.67,13.04,8967.2421875,78,74,0,0,0,0,14.5,99.19,-134588,98,1527993969.123,0,2,0,0,0,0,0,3,0,1,365.79,365.79,7F,1,1,1,0082,60,40,40,0,0,19,0.00
03/06/2018 3:46:12,54 58.40638,-1 31.22418,291,0,214,423100,1145049,365.66,-119.773,3823,3797,3809,26,0,89.8,32.1,85.4,29.7,none,none,81.6,27.6,3818,3815,3811,3811,3813,3810,3806,3806,3807,3804,3804,3802,3804,3802,3801,3800,3802,3802,3801,3801,3800,3797,3800,3801,3800,3801,3802,3802,3801,3801,3804,3803,3805,3803,3802,3803,3802,3801,3803,3801,3806,3807,3811,3806,3813,3810,3816,3810,3823,3821,3823,3820,3820,3819,3820,3817,3815,3812,3818,3816,3820,3812,3814,3813,3814,3816,3814,3812,3812,3810,3814,3811,3806,3814,3817,3812,3813,3808,3810,3812,3812,3812,3817,3811,3815,3811,3810,3810,3821,3818,3816,3814,3819,3814,3816,3815,-0.04,SJNFAAZE1U0005576,117.67,13.04,8967.2421875,78,74,0,0,0,0,14.5,99.19,-134635,98,1527993972.903,0,2,2,0,9,0,0,3,0,1,365.80,365.80,7F,1,1,1,0082,60,40,40,0,0,19,0.00
03/06/2018 3:46:16,54 58.40638,-1 31.22418,291,0,214,424211,1145049,365.86,-120.933,3825,3799,3811,26,0,89.8,32.1,85.4,29.7,none,none,81.6,27.6,3821,3817,3813,3814,3815,3811,3807,3808,3809,3806,3807,3804,3805,3804,3804,3802,3804,3804,3803,3803,3802,3799,3801,3802,3802,3803,3805,3804,3804,3802,3805,3803,3807,3805,3803,3804,3804,3803,3805,3804,3808,3808,3813,3807,3815,3813,3818,3812,3825,3823,3825,3821,3823,3821,3821,3820,3817,3815,3822,3816,3823,3815,3815,3815,3816,3817,3817,3814,3814,3810,3816,3813,3809,3816,3818,3813,3816,3810,3812,3814,3813,3814,3818,3814,3817,3811,3812,3812,3822,3821,3817,3817,3821,3817,3819,3816,-0.04,SJNFAAZE1U0005576,117.67,13.04,8967.2421875,78,74,0,0,0,0,14.5,99.19,-134681,98,1527993976.906,0,2,2,0,9,0,0,3,0,1,365.83,365.83,7F,1,1,1,0082,60,40,40,0,0,19,0.00
03/06/2018 3:46:20,54 58.40638,-1 31.22418,291,0,215,425380,1145049,365.86,-121.330,3826,3799,3811,27,0,90.0,32.2,85.6,29.8,none,none,81.8,27.7,3821,3816,3814,3812,3816,3811,3806,3808,3810,3805,3807,3804,3806,3804,3803,3800,3804,3801,3803,3801,3802,3799,3803,3802,3802,3802,3805,3802,3804,3802,3805,3802,3807,3803,3803,3804,3804,3803,3806,3802,3809,3807,3813,3806,3815,3812,3818,3810,3826,3821,3826,3820,3822,3822,3823,3818,3817,3815,3822,3816,3823,3814,3816,3814,3816,3817,3817,3814,3814,3811,3816,3812,3808,3815,3819,3813,3815,3811,3814,3814,3814,3813,3818,3814,3817,3813,3812,3812,3823,3821,3819,3816,3822,3815,3820,3816,-0.06,SJNFAAZE1U0005576,117.67,13.04,8967.2421875,78,74,0,0,0,0,14.5,99.19,-134729,98,1527993980.907,0,2,2,0,9,0,0,3,0,1,365.95,365.95,7F,1,1,1,0082,59,40,40,0,0,19,0.00
03/06/2018 3:46:24,54 58.40638,-1 31.22418,291,0,216,426562,1145049,366.05,-122.184,3828,3801,3813,27,0,90.2,32.3,85.6,29.8,none,none,81.8,27.7,3822,3818,3815,3815,3817,3813,3809,3810,3810,3806,3809,3806,3808,3805,3806,3803,3806,3804,3805,3804,3804,3801,3804,3804,3804,3804,3807,3805,3805,3804,3808,3805,3809,3806,3806,3806,3807,3804,3808,3805,3810,3810,3815,3807,3817,3813,3819,3812,3827,3824,3828,3822,3825,3824,3824,3821,3820,3816,3823,3819,3825,3817,3818,3816,3818,3820,3819,3817,3815,3814,3819,3815,3811,3817,3820,3815,3817,3813,3815,3818,3816,3815,3820,3817,3820,3815,3814,3816,3826,3823,3821,3820,3824,3817,3821,3819,-0.04,SJNFAAZE1U0005576,117.67,13.04,8967.2421875,78,74,0,0,0,0,14.5,99.19,-134778,98,1527993984.724,0,2,0,0,0,0,0,3,0,1,366.08,366.08,7F,1,1,1,0082,59,40,40,0,0,19,0.00
03/06/2018 3:46:28,54 58.40638,-1 31.22418,291,0,216,427595,1145049,366.05,-120.872,3828,3800,3813,28,0,90.2,32.3,85.6,29.8,none,none,81.8,27.7,3822,3819,3815,3814,3817,3813,3809,3809,3811,3806,3808,3806,3808,3806,3805,3803,3807,3804,3805,3804,3804,3800,3804,3802,3805,3804,3807,3805,3806,3804,3807,3805,3808,3806,3805,3805,3806,3804,3807,3803,3810,3810,3815,3808,3816,3814,3820,3813,3827,3824,3828,3823,3825,3824,3825,3821,3820,3816,3823,3819,3824,3817,3818,3816,3818,3820,3819,3818,3816,3814,3818,3815,3811,3817,3820,3815,3816,3813,3816,3817,3816,3815,3821,3816,3820,3814,3813,3813,3825,3824,3821,3818,3823,3817,3821,3819,-0.02,SJNFAAZE1U0005576,117.67,13.04,8967.2421875,78,74,0,0,0,0,14.5,99.19,-134820,98,1527993988.248,0,2,0,0,0,0,0,3,0,1,366.20,366.20,7F,1,1,1,0082,59,40,40,0,0,19,0.00
03/06/2018 3:46:31,54 58.40638,-1 31.22418,291,0,217,428649,1145049,366.05,-120.841,3828,3800,3813,28,0,90.2,32.3,85.8,29.9,none,none,81.8,27.7,3823,3818,3815,3814,3818,3812,3810,3809,3812,3807,3809,3806,3808,3805,3805,3802,3805,3804,3804,3803,3804,3800,3804,3802,3804,3804,3806,3804,3805,3803,3807,3803,3809,3806,3805,3805,3806,3805,3808,3805,3810,3809,3815,3808,3817,3814,3820,3812,3827,3824,3828,3823,3824,3824,3825,3820,3820,3816,3823,3819,3825,3817,3818,3815,3817,3820,3818,3817,3815,3814,3819,3814,3810,3816,3821,3815,3816,3813,3815,3817,3816,3815,3819,3815,3819,3814,3813,3813,3825,3822,3822,3819,3824,3817,3821,3818,-0.05,SJNFAAZE1U0005576,117.67,13.04,8967.2421875,78,74,0,0,0,0,14.5,99.19,-134864,98,1527993991.780,0,2,2,0,9,0,0,3,0,1,366.08,366.08,7F,1,1,1,0082,59,40,40,0,0,19,0.00
03/06/2018 3:46:35,54 58.40638,-1 31.22418,291,0,217,429673,1145049,366.24,-120.658,3829,3802,3815,27,0,90.2,32.3,85.8,29.9,none,none,82.0,27.8,3824,3820,3817,3816,3819,3816,3811,3811,3813,3809,3810,3808,3810,3808,3806,3806,3807,3806,3807,3807,3805,3802,3805,3806,3806,3806,3808,3807,3807,3807,3808,3807,3810,3808,3806,3808,3807,3806,3809,3807,3812,3811,3817,3810,3818,3816,3821,3815,3828,3826,3829,3826,3827,3825,3826,3823,3822,3819,3825,3821,3826,3818,3819,3819,3820,3822,3819,3819,3817,3815,3820,3817,3812,3820,3822,3817,3819,3815,3817,3818,3818,3817,3821,3818,3821,3816,3814,3816,3827,3825,3823,3820,3825,3819,3823,3820,-0.05,SJNFAAZE1U0005576,117.67,13.04,8967.2421875,78,74,0,0,0,0,14.5,99.19,-134906,98,1527993995.365,0,2,2,0,10,0,0,3,0,1,366.26,366.26,7F,1,1,1,0082,59,40,40,0,0,19,0.00
03/06/2018 3:46:38,54 58.40638,-1 31.22418,291,0,218,430729,1145049,366.24,-120.933,3830,3804,3815,26,0,90.4,32.4,86.0,30.0,none,none,82.0,27.8,3825,3821,3817,3817,3820,3815,3812,3812,3814,3809,3810,3808,3810,3808,3807,3806,3808,3806,3807,3806,3807,3804,3806,3806,3806,3806,3808,3806,3807,3806,3809,3807,3810,3808,3808,3808,3808,3807,3810,3807,3813,3812,3817,3811,3818,3816,3823,3814,3829,3825,3830,3824,3827,3826,3827,3824,3821,3818,3827,3821,3827,3818,3820,3818,3819,3823,3821,3819,3818,3815,3820,3817,3813,3819,3823,3816,3819,3816,3817,3820,3819,3818,3822,3818,3822,3817,3816,3817,3828,3825,3823,3821,3826,3819,3823,3820,-0.06,SJNFAAZE1U0005576,117.67,13.04,8967.2421875,78,74,0,0,0,0,14.5,99.19,-134950,98,1527993998.978,0,2,0,0,0,0,0,3,0,1,366.37,366.37,7F,1,1,1,0082,59,40,40,0,0,19,0.00
03/06/2018 3:46:42,54 58.40638,-1 31.22418,291,0,218,431850,1145049,366.34,-122.092,3830,3803,3816,27,0,90.4,32.4,86.0,30.0,none,none,82.0,27.8,3826,3821,3817,3817,3820,3815,3812,3812,3814,3809,3811,3808,3811,3809,3808,3805,3809,3807,3807,3806,3807,3803,3805,3806,3806,3807,3810,3806,3807,3806,3809,3809,3812,3809,3808,3809,3808,3807,3810,3806,3813,3812,3818,3810,3820,3815,3822,3815,3830,3826,3830,3825,3827,3826,3827,3823,3821,3819,3826,3821,3827,3820,3821,3819,3820,3822,3821,3819,3819,3817,3822,3818,3812,3820,3823,3817,3820,3816,3818,3818,3819,3818,3824,3819,3822,3817,3816,3816,3829,3826,3823,3820,3826,3820,3825,3820,-0.07,SJNFAAZE1U0005576,117.67,13.04,8967.2421875,78,74,0,0,0,0,14.5,99.19,-134996,98,1527994002.821,0,2,0,0,0,0,0,3,0,1,366.31,366.31,7F,1,1,1,0082,59,40,40,0,0,19,0.00
03/06/2018 3:46:46,54 58.40638,-1 31.22418,291,0,219,432972,1145049,366.43,-120.597,3832,3805,3817,27,0,90.4,32.4,86.2,30.1,none,none,82.2,27.9,3826,3823,3818,3819,3821,3817,3813,3814,3814,3811,3812,3810,3811,3810,3809,3808,3809,3809,3807,3808,3808,3805,3807,3807,3808,3810,3810,3809,3809,3808,3810,3810,3813,3810,3809,3811,3809,3809,3811,3810,3814,3814,3819,3813,3820,3818,3824,3817,3832,3828,3832,3827,3830,3828,3828,3826,3825,3821,3827,3823,3829,3822,3821,3820,3821,3825,3823,3821,3820,3818,3822,3819,3814,3823,3825,3819,3821,3817,3818,3821,3820,3821,3824,3822,3824,3819,3817,3819,3830,3828,3824,3823,3827,3822,3824,3823,-0.09,SJNFAAZE1U0005576,117.67,13.04,8967.2421875,78,74,0,0,0,0,14.5,99.19,-135042,98,1527994006.548,0,2,0,0,0,0,0,3,0,1,366.49,366.49,7F,1,1,1,0082,59,40,40,0,0,19,0.00
03/06/2018 3:46:50,54 58.40638,-1 31.22418,291,0,219,434053,1145049,366.43,-119.956,3831,3805,3817,26,0,90.6,32.6,86.2,30.1,none,none,82.2,27.9,3826,3823,3819,3819,3821,3817,3812,3814,3815,3811,3812,3811,3812,3810,3809,3807,3809,3809,3808,3808,3808,3805,3808,3808,3807,3809,3810,3809,3808,3808,3810,3809,3812,3811,3809,3811,3810,3809,3810,3808,3814,3813,3818,3812,3820,3818,3823,3816,3831,3828,3831,3828,3828,3827,3828,3824,3822,3820,3827,3822,3828,3821,3821,3821,3821,3824,3823,3820,3819,3818,3822,3820,3813,3822,3824,3819,3821,3817,3818,3820,3818,3819,3823,3821,3822,3818,3817,3818,3829,3827,3824,3821,3827,3821,3824,3822,-0.04,SJNFAAZE1U0005576,117.67,13.04,8967.2421875,78,74,0,0,0,0,14.5,99.19,-135087,98,1527994010.340,0,2,2,0,8,0,0,3,0,1,366.53,366.53,7F,1,1,1,0082,59,40,40,0,0,19,0.00
03/06/2018 3:46:54,54 58.40638,-1 31.22418,291,0,220,435163,1145049,366.53,-120.872,3833,3805,3818,28,0,90.6,32.6,86.2,30.1,none,none,82.4,28.0,3827,3823,3820,3819,3822,3818,3814,3814,3817,3811,3813,3810,3813,3810,3811,3808,3810,3808,3809,3808,3809,3805,3808,3809,3809,3809,3812,3809,3810,3808,3812,3811,3814,3811,3811,3811,3811,3809,3811,3809,3815,3813,3820,3812,3822,3819,3825,3817,3832,3829,3833,3827,3830,3829,3830,3826,3825,3821,3829,3823,3831,3822,3823,3821,3823,3825,3823,3821,3821,3818,3822,3819,3817,3822,3826,3820,3821,3818,3821,3821,3821,3820,3825,3821,3825,3819,3819,3819,3831,3828,3826,3824,3828,3823,3826,3823,-0.04,SJNFAAZE1U0005576,117.67,13.04,8967.2421875,78,74,0,0,0,0,14.5,99.19,-135132,98,1527994014.257,0,2,2,0,9,0,0,3,0,1,366.50,366.50,7F,1,1,1,0082,59,40,40,0,0,19,0.00
03/06/2018 3:46:58,54 58.40638,-1 31.22418,291,0,221,436343,1145049,366.62,-121.208,3834,3806,3819,28,0,90.8,32.7,86.4,30.2,none,none,82.4,28.0,3829,3824,3821,3821,3823,3820,3816,3815,3817,3812,3815,3812,3813,3810,3812,3809,3811,3809,3811,3810,3809,3806,3810,3809,3810,3811,3812,3810,3810,3810,3813,3812,3815,3812,3811,3813,3811,3810,3814,3810,3817,3816,3821,3813,3823,3820,3827,3819,3834,3830,3834,3828,3831,3831,3831,3827,3825,3822,3830,3824,3831,3823,3824,3822,3824,3826,3826,3823,3823,3820,3824,3821,3817,3823,3827,3821,3822,3819,3821,3821,3823,3822,3827,3822,3826,3821,3820,3821,3832,3830,3826,3826,3830,3824,3828,3823,-0.08,SJNFAAZE1U0005576,117.67,13.04,8967.2421875,78,74,0,0,0,0,14.5,99.19,-135181,98,1527994018.324,0,2,0,0,0,0,0,3,0,1,366.70,366.70,7F,1,1,1,0082,59,40,40,0,0,19,0.00
03/06/2018 3:47:01,54 58.40638,-1 31.22418,291,0,221,437494,1145049,366.72,-122.367,3836,3807,3820,29,0,90.8,32.7,86.4,30.2,none,none,82.4,28.0,3829,3825,3822,3822,3825,3820,3817,3816,3819,3813,3815,3813,3816,3813,3812,3810,3814,3811,3812,3810,3811,3807,3811,3809,3810,3812,3813,3811,3812,3810,3814,3813,3816,3813,3812,3813,3813,3812,3813,3812,3817,3817,3822,3815,3824,3821,3827,3820,3835,3830,3836,3830,3832,3830,3832,3827,3826,3823,3831,3826,3832,3823,3825,3824,3824,3827,3827,3824,3824,3821,3826,3822,3818,3825,3827,3821,3825,3820,3822,3824,3824,3822,3827,3823,3826,3822,3821,3822,3833,3830,3827,3826,3831,3825,3829,3824,-0.05,SJNFAAZE1U0005576,117.67,13.04,8967.2421875,78,74,0,0,0,0,14.5,99.19,-135228,98,1527994021.948,0,2,0,0,0,0,0,3,0,1,366.72,366.72,7F,1,1,1,0082,59,40,40,0,0,19,0.00
03/06/2018 3:47:05,54 58.40638,-1 31.22418,291,0,222,438551,1145049,366.72,-119.926,3836,3808,3820,28,0,90.8,32.7,86.6,30.3,none,none,82.6,28.1,3831,3827,3822,3823,3824,3821,3817,3817,3818,3814,3815,3813,3815,3813,3813,3811,3812,3812,3811,3812,3810,3808,3810,3810,3810,3812,3814,3812,3813,3812,3814,3813,3815,3814,3813,3813,3813,3811,3814,3812,3817,3818,3822,3816,3823,3822,3826,3821,3834,3832,3836,3831,3831,3832,3833,3827,3827,3824,3831,3827,3832,3825,3825,3824,3824,3828,3825,3824,3822,3822,3825,3822,3817,3825,3828,3823,3825,3820,3822,3825,3823,3823,3827,3824,3825,3822,3821,3821,3833,3830,3828,3826,3830,3825,3829,3826,-0.03,SJNFAAZE1U0005576,117.67,13.04,8967.2421875,78,74,0,0,0,0,14.5,99.19,-135272,98,1527994025.803,0,2,2,0,8,0,0,3,0,1,366.85,366.85,7F,1,1,1,0082,59,40,40,0,0,19,0.00
03/06/2018 3:47:09,54 58.40638,-1 31.22418,291,0,222,439690,1145049,366.82,-121.024,3835,3810,3821,25,0,91.0,32.8,86.6,30.3,none,none,82.6,28.1,3831,3827,3823,3824,3825,3820,3816,3817,3819,3814,3816,3814,3815,3813,3813,3811,3814,3812,3812,3813,3812,3810,3812,3812,3811,3813,3814,3813,3813,3811,3814,3812,3815,3815,3812,3814,3814,3813,3815,3813,3818,3817,3823,3816,3824,3823,3829,3821,3835,3831,3835,3830,3832,3830,3833,3829,3828,3824,3832,3827,3833,3825,3825,3825,3825,3828,3827,3826,3825,3822,3826,3823,3818,3826,3829,3823,3825,3821,3822,3824,3823,3823,3828,3824,3827,3822,3821,3822,3834,3831,3828,3827,3832,3826,3829,3826,-0.04,SJNFAAZE1U0005576,117.67,13.04,8967.2421875,78,74,0,0,0,0,14.5,99.19,-135319,98,1527994029.787,0,2,2,0,9,0,0,3,0,1,366.78,366.78,7F,1,1,1,0082,59,40,40,0,0,19,0.00
03/06/2018 3:47:13,54 58.40638,-1 31.22418,291,0,223,440894,1145049,366.91,-121.269,3837,3808,3822,29,0,91.0,32.8,86.8,30.4,none,none,82.6,28.1,3832,3826,3823,3823,3827,3822,3817,3818,3820,3814,3817,3814,3817,3813,3815,3812,3814,3812,3814,3811,3813,3808,3812,3812,3812,3813,3815,3813,3813,3811,3815,3813,3818,3814,3813,3814,3814,3812,3815,3812,3819,3818,3823,3816,3825,3822,3829,3820,3836,3833,3837,3831,3834,3832,3833,3829,3827,3825,3832,3827,3834,3826,3826,3824,3826,3829,3828,3825,3824,3822,3827,3823,3819,3827,3829,3823,3825,3821,3823,3825,3825,3824,3830,3824,3828,3823,3822,3822,3834,3832,3829,3828,3832,3826,3831,3827,-0.05,SJNFAAZE1U0005576,117.67,13.04,8967.2421875,78,74,0,0,0,0,14.5,99.19,-135369,98,1527994033.813,0,2,0,0,0,0,0,3,0,1,366.96,366.96,7F,1,1,1,0082,59,40,40,0,0,19,0.00
03/06/2018 3:47:17,54 58.40638,-1 31.22418,291,0,223,442016,1145049,367.01,-122.367,3838,3810,3823,28,0,91.0,32.8,86.8,30.4,none,none,82.8,28.2,3833,3828,3824,3825,3828,3823,3819,3820,3821,3816,3818,3815,3817,3815,3815,3813,3816,3814,3814,3813,3813,3810,3813,3813,3813,3814,3817,3814,3815,3813,3816,3815,3819,3815,3815,3816,3816,3813,3816,3813,3820,3819,3825,3817,3827,3823,3830,3822,3837,3835,3838,3833,3834,3834,3834,3830,3830,3826,3834,3828,3836,3826,3828,3826,3828,3830,3828,3827,3825,3823,3828,3824,3819,3827,3829,3826,3826,3823,3825,3827,3826,3825,3830,3825,3830,3825,3823,3824,3835,3833,3831,3829,3834,3828,3831,3829,-0.07,SJNFAAZE1U0005576,117.67,13.04,8967.2421875,78,74,0,0,0,0,14.5,99.19,-135415,98,1527994037.507,0,2,0,0,0,0,0,3,0,1,367.00,367.00,7F,1,1,1,0082,59,40,40,0,0,19,0.00
03/06/2018 3:47:21,54 58.40638,-1 31.22418,291,0,224,443194,1145049,367.10,-120.109,3838,3811,3824,27,0,91.2,32.9,87.0,30.6,none,none,82.8,28.2,3833,3830,3824,3826,3828,3823,3819,3819,3821,3817,3819,3816,3819,3816,3815,3814,3816,3815,3815,3814,3814,3811,3814,3814,3813,3815,3816,3815,3815,3815,3816,3816,3818,3817,3815,3817,3816,3816,3817,3815,3820,3821,3825,3818,3827,3825,3831,3823,3837,3835,3838,3834,3835,3834,3835,3832,3830,3827,3834,3830,3834,3828,3828,3827,3828,3832,3828,3827,3826,3824,3828,3826,3821,3828,3831,3826,3827,3824,3824,3827,3827,3826,3831,3828,3830,3824,3823,3826,3835,3834,3831,3830,3834,3828,3832,3829,-0.06,SJNFAAZE1U0005576,117.67,13.04,8967.2421875,78,74,0,0,0,0,14.5,99.19,-135463,98,1527994041.721,0,2,2,0,9,0,0,3,0,1,367.14,367.14,7F,1,1,1,0082,59,40,40,0,0,19,0.00
03/06/2018 3:47:25,54 58.40638,-1 31.22418,291,0,225,444393,1145049,367.10,-120.658,3838,3812,3824,26,0,91.4,33.0,87.0,30.6,none,none,82.9,28.3,3834,3830,3825,3826,3828,3823,3819,3819,3821,3816,3819,3816,3818,3817,3816,3814,3816,3815,3815,3814,3815,3812,3815,3814,3814,3815,3817,3815,3815,3814,3818,3816,3818,3817,3816,3816,3816,3815,3817,3816,3820,3821,3826,3818,3827,3825,3832,3824,3838,3834,3838,3834,3835,3833,3836,3832,3830,3827,3834,3830,3836,3827,3829,3827,3829,3831,3829,3827,3827,3824,3830,3826,3822,3829,3831,3826,3827,3823,3825,3827,3827,3826,3831,3826,3830,3825,3824,3825,3836,3834,3831,3829,3834,3828,3832,3830,-0.04,SJNFAAZE1U0005576,117.67,13.04,8967.2421875,78,74,0,0,0,0,14.5,99.19,-135513,98,1527994045.609,0,2,2,0,9,0,0,3,0,1,367.09,367.09,7F,1,1,1,0082,59,40,40,0,0,19,0.00
03/06/2018 3:47:29,54 58.40638,-1 31.22418,291,0,225,445475,1145049,367.30,-121.360,3841,3812,3826,29,0,91.4,33.0,87.2,30.7,none,none,83.1,28.4,3834,3831,3827,3827,3829,3825,3821,3821,3824,3818,3821,3818,3821,3818,3818,3815,3819,3816,3817,3815,3816,3812,3817,3816,3816,3818,3819,3816,3817,3816,3819,3818,3821,3817,3817,3818,3817,3816,3818,3816,3823,3821,3828,3820,3829,3826,3833,3824,3840,3836,3841,3834,3837,3836,3837,3833,3832,3828,3837,3831,3837,3829,3831,3829,3831,3833,3831,3830,3829,3826,3831,3827,3824,3830,3833,3827,3830,3826,3828,3829,3829,3827,3834,3829,3833,3827,3826,3827,3839,3836,3834,3833,3836,3830,3834,3831,-0.05,SJNFAAZE1U0005576,117.67,13.04,8967.2421875,78,74,0,0,0,0,14.5,99.19,-135557,98,1527994049.421,0,2,2,0,10,0,0,3,0,1,367.30,367.30,7F,1,1,1,0082,59,40,40,0,0,19,0.00
03/06/2018 3:47:33,54 58.40638,-1 31.22418,291,0,226,446596,1145049,367.20,-121.299,3840,3811,3825,29,0,91.6,33.1,87.2,30.7,none,none,83.1,28.4,3836,3831,3827,3827,3830,3825,3820,3821,3824,3818,3821,3817,3819,3817,3817,3814,3819,3816,3817,3815,3816,3811,3816,3815,3815,3816,3818,3816,3817,3816,3819,3817,3820,3817,3817,3817,3817,3816,3819,3816,3823,3820,3828,3819,3828,3826,3833,3824,3839,3835,3840,3835,3836,3835,3837,3833,3831,3828,3836,3830,3838,3830,3830,3828,3830,3832,3831,3828,3829,3826,3830,3828,3822,3829,3833,3827,3829,3826,3827,3829,3829,3826,3834,3828,3832,3828,3826,3827,3838,3835,3833,3830,3837,3830,3834,3831,-0.06,SJNFAAZE1U0005576,117.67,13.04,8967.2421875,78,74,0,0,0,0,14.5,99.19,-135604,98,1527994053.191,0,2,0,0,0,0,0,3,0,1,367.30,367.30,7F,1,1,1,0082,59,40,40,0,0,19,0.00
03/06/2018 3:47:36,54 58.40638,-1 31.22418,291,0,226,447748,1145049,367.39,-122.306,3842,3813,3827,29,0,91.4,33.0,87.2,30.7,none,none,83.1,28.4,3838,3833,3830,3829,3832,3826,3823,3823,3825,3820,3822,3819,3822,3819,3820,3817,3820,3817,3819,3817,3818,3813,3817,3817,3818,3817,3821,3818,3818,3817,3821,3819,3823,3819,3819,3820,3819,3818,3820,3818,3824,3823,3829,3823,3831,3828,3834,3826,3841,3837,3842,3837,3839,3838,3839,3836,3834,3830,3838,3832,3839,3832,3833,3830,3832,3834,3832,3831,3830,3828,3832,3830,3825,3831,3835,3829,3831,3827,3830,3831,3830,3829,3835,3831,3834,3829,3827,3830,3840,3837,3835,3834,3838,3832,3836,3833,-0.09,SJNFAAZE1U0005576,117.67,13.04,8967.2421875,78,74,0,0,0,0,14.5,99.19,-135651,98,1527994056.940,0,2,0,0,0,0,0,3,0,1,367.36,367.36,7F,1,1,1,0082,59,40,40,0,0,19,0.00
03/06/2018 3:47:40,54 58.40638,-1 31.22418,291,0,227,448745,1145049,367.39,-120.719,3842,3815,3827,27,0,91.6,33.1,87.4,30.8,none,none,83.1,28.4,3837,3833,3828,3830,3832,3827,3823,3824,3825,3821,3822,3820,3822,3820,3820,3817,3821,3819,3818,3818,3818,3815,3817,3817,3818,3820,3820,3820,3819,3818,3821,3820,3822,3820,3820,3820,3819,3819,3821,3817,3824,3825,3829,3822,3831,3829,3835,3827,3842,3839,3842,3837,3840,3837,3839,3837,3834,3832,3839,3832,3840,3831,3832,3831,3832,3835,3833,3831,3830,3827,3832,3830,3825,3833,3834,3829,3832,3827,3829,3831,3830,3831,3835,3831,3833,3829,3828,3829,3841,3838,3835,3833,3838,3832,3836,3833,-0.05,SJNFAAZE1U0005576,117.67,13.04,8967.2421875,78,74,0,0,0,0,14.5,99.19,-135692,98,1527994060.403,0,2,2,0,8,0,0,3,0,1,367.48,367.48,7F,1,1,1,0082,59,40,40,0,0,19,0.00
03/06/2018 3:47:44,54 58.40638,-1 31.22418,291,0,227,449826,1145049,367.49,-119.834,3843,3815,3828,28,0,91.8,33.2,87.4,30.8,none,none,83.3,28.5,3838,3833,3828,3830,3832,3828,3822,3823,3826,3821,3823,3820,3822,3821,3819,3817,3820,3819,3818,3818,3818,3815,3818,3819,3817,3820,3821,3819,3819,3818,3820,3820,3823,3821,3819,3821,3820,3819,3820,3819,3824,3824,3829,3821,3832,3828,3834,3827,3843,3839,3843,3837,3840,3839,3840,3837,3834,3832,3839,3834,3840,3832,3832,3831,3833,3835,3834,3830,3831,3829,3833,3830,3823,3832,3835,3829,3832,3829,3830,3832,3830,3831,3835,3832,3835,3830,3827,3828,3841,3839,3835,3834,3838,3833,3836,3833,-0.08,SJNFAAZE1U0005576,117.67,13.04,8967.2421875,78,74,0,0,0,0,14.5,99.19,-135737,98,1527994064.193,0,2,2,0,9,0,0,3,0,1,367.52,367.52,7F,1,1,1,0082,59,40,40,0,0,19,0.00
03/06/2018 3:47:47,54 58.40638,-1 31.22418,291,0,228,450941,1145049,367.49,-121.787,3844,3815,3828,29,0,91.6,33.1,87.4,30.8,none,none,83.3,28.5,3839,3834,3831,3829,3832,3828,3823,3824,3826,3821,3823,3820,3823,3819,3821,3817,3820,3819,3820,3818,3819,3815,3819,3817,3818,3820,3821,3819,3820,3817,3822,3820,3824,3821,3821,3821,3821,3819,3822,3819,3826,3823,3830,3822,3832,3829,3836,3828,3844,3839,3843,3837,3840,3838,3840,3836,3834,3832,3840,3833,3841,3833,3833,3832,3832,3834,3833,3832,3832,3829,3834,3830,3826,3832,3837,3829,3832,3828,3830,3831,3831,3831,3835,3831,3835,3830,3828,3830,3842,3839,3836,3833,3839,3833,3838,3833,-0.08,SJNFAAZE1U0005576,117.67,13.04,8967.2421875,78,74,0,0,0,0,14.5,99.19,-135783,98,1527994067.849,0,2,0,0,0,0,0,3,0,1,367.52,367.52,7F,1,1,1,0082,59,40,40,0,0,19,0.00
03/06/2018 3:47:52,54 58.40638,-1 31.22418,291,0,229,452064,1145049,367.68,-122.123,3847,3816,3830,31,0,91.8,33.2,87.6,30.9,none,none,83.3,28.5,3841,3836,3831,3831,3834,3829,3826,3825,3828,3823,3825,3822,3825,3822,3822,3819,3823,3821,3821,3820,3820,3816,3820,3819,3820,3821,3823,3820,3821,3820,3823,3821,3825,3822,3822,3822,3822,3820,3824,3821,3828,3826,3833,3825,3834,3831,3838,3829,3845,3840,3847,3840,3843,3841,3843,3837,3837,3833,3841,3835,3843,3833,3835,3833,3835,3837,3836,3834,3835,3831,3835,3832,3828,3835,3838,3831,3834,3830,3832,3833,3833,3832,3838,3833,3837,3832,3830,3832,3843,3841,3839,3838,3841,3835,3839,3835,-0.07,SJNFAAZE1U0005576,117.67,13.04,8967.2421875,78,74,0,0,0,0,14.5,99.19,-135829,98,1527994072.036,0,2,0,0,0,0,0,3,0,1,367.69,367.69,7F,1,1,1,0082,59,40,40,0,0,19,0.00
03/06/2018 3:47:56,54 58.40638,-1 31.22418,291,0,229,453300,1145049,367.58,-120.414,3845,3817,3829,28,0,91.8,33.2,87.8,31.0,none,none,83.5,28.6,3841,3837,3831,3832,3833,3830,3825,3825,3827,3823,3824,3822,3823,3821,3822,3819,3821,3822,3821,3819,3820,3817,3819,3820,3819,3822,3823,3821,3821,3820,3823,3822,3824,3822,3821,3821,3820,3820,3823,3821,3826,3826,3832,3823,3833,3830,3837,3829,3844,3840,3845,3839,3841,3840,3841,3838,3835,3833,3840,3836,3842,3833,3834,3832,3834,3837,3836,3833,3832,3829,3835,3831,3827,3833,3837,3832,3833,3829,3831,3832,3833,3831,3838,3832,3835,3830,3830,3830,3843,3839,3838,3835,3841,3834,3838,3835,-0.05,SJNFAAZE1U0005576,117.67,13.04,8967.2421875,78,74,0,0,0,0,14.5,99.19,-135880,98,1527994076.075,0,2,2,0,0,0,0,3,0,1,367.68,367.68,7F,1,1,1,0082,59,40,40,0,0,19,0.00
03/06/2018 3:47:59,54 58.40638,-1 31.22418,291,0,230,454442,1145049,367.78,-120.963,3846,3818,3831,28,0,92.0,33.3,87.8,31.0,none,none,83.5,28.6,3842,3838,3832,3833,3835,3830,3826,3827,3829,3825,3826,3822,3826,3824,3823,3821,3823,3822,3822,3822,3821,3818,3821,3822,3821,3823,3825,3823,3823,3822,3824,3825,3827,3824,3822,3824,3823,3822,3824,3822,3828,3827,3834,3826,3835,3833,3840,3831,3846,3842,3846,3842,3844,3841,3844,3839,3837,3835,3842,3838,3845,3834,3836,3835,3835,3839,3838,3835,3834,3831,3836,3833,3829,3835,3838,3833,3836,3830,3833,3834,3834,3834,3840,3835,3839,3833,3831,3833,3845,3842,3839,3837,3842,3837,3839,3837,-0.04,SJNFAAZE1U0005576,117.67,13.04,8967.2421875,78,74,0,0,0,0,14.5,99.19,-135927,98,1527994079.947,0,2,2,0,9,0,0,3,0,1,367.80,367.80,7F,1,1,1,0082,59,40,40,0,0,19,0.00
03/06/2018 3:48:03,54 58.40638,-1 31.22418,291,0,230,455523,1145049,367.78,-120.689,3848,3817,3831,31,0,92.0,33.3,87.8,31.0,none,none,83.7,28.7,3842,3837,3832,3833,3836,3832,3826,3828,3829,3824,3827,3822,3827,3824,3823,3821,3824,3822,3823,3822,3822,3817,3821,3821,3821,3822,3825,3823,3822,3821,3825,3823,3826,3823,3823,3823,3823,3822,3825,3822,3829,3828,3833,3826,3835,3831,3839,3831,3847,3842,3848,3841,3843,3842,3844,3840,3837,3835,3844,3837,3843,3835,3836,3834,3836,3838,3837,3834,3835,3832,3837,3833,3829,3836,3839,3833,3835,3832,3834,3835,3834,3834,3840,3834,3839,3832,3831,3833,3845,3842,3840,3838,3843,3835,3840,3837,-0.06,SJNFAAZE1U0005576,117.67,13.04,8967.2421875,78,74,0,0,0,0,14.5,99.19,-135972,98,1527994083.637,0,2,2,0,9,0,0,3,0,1,367.89,367.89,7F,1,1,1,0082,59,40,40,0,0,19,0.00
03/06/2018 3:48:07,54 58.40638,-1 31.22418,291,0,231,456614,1145049,367.87,-122.092,3847,3818,3832,29,0,92.2,33.4,88.0,31.1,none,none,83.7,28.7,3843,3838,3834,3834,3836,3831,3827,3828,3830,3825,3826,3824,3827,3823,3824,3822,3825,3823,3822,3823,3822,3818,3822,3822,3823,3823,3826,3823,3824,3821,3826,3823,3828,3824,3823,3824,3824,3823,3824,3822,3828,3828,3835,3826,3837,3832,3841,3831,3847,3843,3847,3841,3844,3842,3844,3839,3838,3836,3844,3838,3845,3836,3838,3836,3837,3839,3838,3836,3835,3832,3838,3833,3829,3836,3840,3834,3836,3832,3834,3836,3835,3834,3841,3835,3839,3832,3833,3833,3846,3843,3840,3837,3844,3837,3841,3836,-0.08,SJNFAAZE1U0005576,117.67,13.04,8967.2421875,78,74,0,0,0,0,14.5,99.19,-136017,98,1527994087.337,0,2,0,0,0,0,0,3,0,1,367.88,367.88,7F,1,1,1,0082,59,40,40,0,0,19,0.00
03/06/2018 3:48:11,54 58.40638,-1 31.22418,291,0,231,457708,1145049,368.06,-122.336,3850,3820,3834,30,0,92.2,33.4,88.0,31.1,none,none,83.7,28.7,3845,3840,3834,3835,3838,3834,3829,3830,3832,3826,3829,3824,3828,3826,3826,3823,3827,3824,3826,3823,3823,3820,3824,3823,3824,3825,3827,3824,3826,3824,3827,3825,3829,3826,3825,3825,3826,3825,3827,3825,3830,3830,3837,3828,3838,3834,3842,3833,3849,3845,3850,3843,3846,3845,3846,3840,3841,3837,3845,3839,3847,3838,3840,3837,3839,3840,3840,3838,3837,3834,3840,3835,3831,3838,3841,3836,3838,3834,3835,3838,3837,3835,3842,3837,3841,3835,3833,3836,3847,3843,3842,3839,3845,3838,3842,3839,-0.08,SJNFAAZE1U0005576,117.67,13.04,8967.2421875,78,74,0,0,0,0,14.5,99.19,-136062,98,1527994091.006,0,2,0,0,0,0,0,3,0,1,368.01,368.01,7F,1,1,1,0082,59,40,40,0,0,19,0.00
03/06/2018 3:48:14,54 58.40638,-1 31.22418,291,0,232,458735,1145049,368.06,-120.597,3850,3821,3834,29,0,92.2,33.4,88.0,31.1,none,none,83.7,28.7,3845,3841,3835,3836,3838,3834,3829,3830,3831,3827,3829,3827,3828,3826,3826,3823,3827,3825,3825,3825,3825,3821,3824,3824,3824,3826,3827,3826,3826,3824,3826,3826,3829,3827,3824,3827,3825,3825,3827,3825,3831,3831,3837,3828,3837,3835,3842,3833,3849,3846,3850,3845,3847,3846,3846,3843,3841,3838,3846,3840,3846,3838,3840,3837,3838,3842,3840,3839,3837,3835,3839,3836,3832,3839,3841,3835,3839,3834,3835,3838,3837,3836,3841,3837,3841,3837,3834,3837,3848,3846,3842,3840,3845,3839,3843,3839,-0.10,SJNFAAZE1U0005576,117.67,13.04,8967.2421875,78,74,0,0,0,0,14.5,99.19,-136104,98,1527994094.431,0,2,2,0,8,0,0,3,0,1,368.10,368.10,7F,1,1,1,0082,59,40,40,0,0,19,0.00
03/06/2018 3:48:17,54 58.40638,-1 31.22418,291,0,232,459758,1145049,368.06,-119.895,3849,3821,3834,28,0,92.2,33.4,88.2,31.2,none,none,83.8,28.8,3845,3841,3836,3835,3839,3834,3829,3830,3832,3827,3828,3826,3829,3826,3825,3823,3826,3826,3825,3825,3824,3821,3824,3824,3824,3825,3827,3825,3825,3824,3828,3825,3828,3827,3826,3827,3826,3825,3826,3824,3831,3831,3837,3829,3838,3835,3842,3833,3849,3846,3848,3845,3847,3846,3846,3843,3840,3838,3846,3840,3846,3838,3838,3838,3838,3841,3840,3839,3837,3834,3840,3837,3831,3838,3842,3836,3838,3834,3836,3838,3837,3837,3842,3837,3841,3836,3833,3836,3847,3844,3842,3839,3845,3838,3843,3840,-0.06,SJNFAAZE1U0005576,117.67,13.04,8967.2421875,78,74,0,0,0,0,14.5,99.19,-136146,98,1527994097.965,0,2,2,0,9,0,0,3,0,1,368.16,368.16,7F,1,1,1,0082,59,40,40,0,0,19,0.00
03/06/2018 3:48:21,54 58.40638,-1 31.22418,291,0,233,460753,1145049,368.06,-121.635,3850,3821,3834,29,0,92.4,33.6,88.2,31.2,none,none,83.8,28.8,3846,3840,3837,3837,3838,3834,3830,3830,3832,3826,3829,3825,3830,3826,3826,3824,3826,3825,3825,3824,3824,3821,3824,3824,3824,3825,3828,3825,3826,3824,3828,3826,3830,3826,3827,3826,3827,3825,3827,3825,3832,3831,3837,3828,3838,3835,3843,3833,3850,3844,3850,3844,3845,3844,3846,3841,3842,3837,3847,3839,3847,3838,3840,3836,3840,3841,3842,3838,3839,3835,3840,3837,3832,3838,3842,3836,3838,3834,3836,3838,3837,3836,3842,3837,3842,3836,3834,3835,3848,3846,3843,3840,3846,3839,3844,3840,-0.07,SJNFAAZE1U0005576,117.67,13.04,8967.2421875,78,74,0,0,0,0,14.5,99.19,-136187,98,1527994101.360,0,2,0,0,10,0,0,3,0,1,368.14,368.14,7F,1,1,1,0082,59,40,40,0,0,19,0.00
03/06/2018 3:48:24,54 58.40638,-1 31.22418,291,0,233,461787,1145049,368.26,-122.214,3852,3822,3836,30,0,92.4,33.6,88.4,31.3,none,none,83.8,28.8,3847,3841,3837,3837,3840,3835,3832,3832,3834,3829,3831,3827,3829,3826,3828,3825,3828,3826,3828,3826,3826,3822,3825,3825,3825,3827,3829,3827,3828,3825,3829,3827,3832,3828,3828,3827,3828,3826,3828,3826,3833,3831,3838,3830,3840,3837,3844,3835,3852,3847,3852,3845,3847,3847,3849,3843,3842,3838,3848,3841,3849,3840,3841,3840,3841,3843,3843,3839,3839,3836,3841,3837,3834,3840,3843,3836,3840,3835,3838,3840,3839,3838,3844,3839,3843,3837,3836,3837,3850,3846,3843,3841,3848,3841,3843,3840,-0.07,SJNFAAZE1U0005576,117.67,13.04,8967.2421875,78,74,0,0,0,0,14.5,99.19,-136230,98,1527994104.720,0,2,0,0,0,0,0,3,0,1,368.22,368.22,7F,1,1,1,0082,59,40,40,0,0,19,0.00
03/06/2018 3:48:28,54 58.40638,-1 31.22418,291,0,234,462791,1145049,368.35,-121.818,3854,3822,3837,32,0,92.4,33.6,88.4,31.3,none,none,84.0,28.9,3848,3843,3839,3839,3842,3838,3833,3833,3836,3830,3831,3829,3831,3828,3828,3826,3830,3826,3828,3827,3828,3822,3828,3826,3827,3827,3830,3827,3829,3828,3831,3829,3832,3829,3829,3829,3829,3827,3831,3827,3833,3834,3840,3830,3842,3837,3845,3836,3852,3847,3854,3848,3849,3847,3849,3844,3843,3839,3849,3843,3850,3841,3842,3840,3843,3844,3843,3842,3841,3837,3843,3839,3835,3841,3845,3839,3841,3837,3839,3841,3840,3839,3844,3840,3845,3838,3838,3839,3851,3848,3845,3844,3849,3842,3846,3842,-0.08,SJNFAAZE1U0005576,117.67,13.04,8967.2421875,78,74,0,0,0,0,14.5,99.19,-136271,98,1527994108.510,0,2,0,0,0,0,0,3,0,1,368.38,368.38,7F,1,1,1,0082,59,40,40,0,0,19,0.00
03/06/2018 3:48:32,54 58.40638,-1 31.22418,291,0,235,463936,1145049,368.26,-120.536,3852,3822,3836,30,0,92.6,33.7,88.6,31.4,none,none,84.0,28.9,3847,3842,3837,3838,3841,3835,3831,3831,3834,3828,3831,3827,3831,3828,3828,3825,3828,3827,3827,3826,3826,3822,3826,3825,3827,3827,3830,3826,3827,3826,3830,3827,3832,3828,3828,3828,3828,3826,3828,3827,3834,3832,3838,3830,3840,3836,3844,3835,3851,3846,3852,3845,3848,3847,3848,3845,3842,3838,3848,3840,3848,3840,3842,3839,3840,3843,3842,3839,3839,3836,3841,3838,3834,3840,3844,3838,3839,3836,3838,3839,3840,3838,3844,3839,3844,3837,3836,3837,3849,3847,3844,3841,3848,3840,3845,3841,-0.09,SJNFAAZE1U0005576,117.67,13.04,8967.2421875,78,74,0,0,0,0,14.5,99.19,-136318,98,1527994112.486,0,2,2,0,8,0,0,3,0,1,368.32,368.32,7F,1,1,1,0082,59,40,40,0,0,19,0.00
03/06/2018 3:48:36,54 58.40638,-1 31.22418,291,0,235,465106,1145049,368.45,-120.231,3854,3824,3838,30,0,92.6,33.7,88.6,31.4,none,none,84.2,29.0,3849,3844,3839,3840,3842,3838,3833,3833,3836,3831,3832,3830,3832,3831,3829,3827,3830,3829,3828,3829,3829,3824,3828,3828,3828,3829,3830,3829,3830,3828,3831,3830,3833,3831,3829,3830,3830,3829,3831,3829,3835,3834,3839,3832,3841,3839,3846,3838,3852,3850,3854,3848,3850,3849,3851,3847,3845,3840,3849,3844,3851,3842,3843,3842,3843,3845,3844,3842,3841,3840,3844,3841,3836,3843,3846,3840,3842,3839,3840,3842,3841,3841,3846,3843,3844,3840,3837,3840,3851,3850,3846,3844,3849,3843,3846,3844,-0.07,SJNFAAZE1U0005576,117.67,13.04,8967.2421875,78,74,0,0,0,0,14.5,99.19,-136367,98,1527994116.161,0,2,2,0,9,0,0,3,0,1,368.51,368.51,7F,1,1,1,0082,59,40,40,0,0,19,0.00
03/06/2018 3:48:39,54 58.40638,-1 31.22418,291,0,236,466133,1145049,368.45,-121.391,3854,3824,3838,30,0,92.6,33.7,88.6,31.4,none,none,84.2,29.0,3850,3844,3840,3840,3843,3838,3834,3833,3835,3831,3832,3830,3832,3830,3829,3827,3831,3829,3829,3827,3829,3824,3830,3828,3828,3829,3831,3830,3830,3828,3831,3830,3833,3831,3830,3830,3829,3828,3832,3828,3835,3834,3839,3831,3842,3839,3847,3838,3853,3848,3854,3848,3851,3849,3851,3846,3844,3841,3849,3843,3851,3841,3843,3841,3843,3845,3844,3841,3842,3838,3843,3840,3835,3842,3845,3840,3842,3838,3841,3841,3842,3840,3847,3840,3845,3839,3838,3839,3851,3849,3846,3843,3850,3843,3847,3842,-0.08,SJNFAAZE1U0005576,117.67,13.04,8967.2421875,78,74,0,0,0,0,14.5,99.19,-136409,98,1527994119.948,0,2,0,0,0,0,0,3,0,1,368.53,368.53,7F,1,1,1,0082,59,40,40,0,0,19,0.00
03/06/2018 3:48:43,54 58.40638,-1 31.22418,291,0,236,467285,1145049,368.64,-122.214,3856,3825,3840,31,0,92.8,33.8,88.8,31.6,none,none,84.4,29.1,3851,3846,3841,3842,3844,3839,3834,3836,3837,3832,3834,3831,3834,3831,3833,3829,3832,3830,3831,3829,3831,3825,3829,3829,3829,3830,3833,3831,3831,3829,3833,3831,3834,3831,3831,3832,3831,3831,3833,3830,3837,3836,3842,3834,3844,3840,3849,3839,3856,3851,3856,3850,3852,3850,3852,3847,3847,3843,3852,3845,3852,3844,3844,3843,3844,3846,3845,3843,3843,3840,3845,3842,3838,3844,3847,3842,3844,3839,3842,3844,3843,3842,3848,3842,3847,3842,3840,3840,3853,3849,3849,3845,3852,3844,3849,3844,-0.06,SJNFAAZE1U0005576,117.67,13.04,8967.2421875,78,74,0,0,0,0,14.5,99.19,-136457,98,1527994123.820,0,2,0,0,0,0,0,3,0,1,368.59,368.59,7F,1,1,1,0082,59,40,40,0,0,19,0.00
03/06/2018 3:48:47,54 58.40638,-1 31.22418,291,0,237,468409,1145049,368.74,-121.604,3855,3827,3841,28,0,92.8,33.8,88.8,31.6,none,none,84.4,29.1,3852,3847,3842,3843,3845,3840,3835,3837,3838,3834,3834,3833,3835,3833,3832,3830,3832,3831,3831,3831,3831,3827,3831,3831,3829,3832,3833,3832,3831,3830,3833,3833,3835,3833,3832,3833,3831,3831,3833,3831,3838,3836,3843,3835,3844,3842,3849,3841,3855,3852,3855,3850,3853,3851,3853,3849,3847,3845,3853,3847,3853,3844,3846,3845,3844,3847,3847,3844,3844,3841,3846,3842,3838,3845,3847,3842,3845,3840,3843,3844,3844,3843,3848,3845,3848,3841,3841,3841,3854,3851,3848,3846,3852,3846,3850,3846,-0.02,SJNFAAZE1U0005576,117.67,13.04,8967.2421875,78,74,0,0,0,0,14.5,99.19,-136503,97,1527994127.627,0,2,0,0,0,0,0,3,0,1,368.76,368.76,7F,1,1,1,0082,59,40,40,0,0,19,0.00
03/06/2018 3:48:51,54 58.40638,-1 31.22418,291,0,237,469550,1145049,368.64,-120.353,3856,3826,3840,30,0,92.8,33.8,88.8,31.6,none,none,84.4,29.1,3851,3847,3841,3842,3844,3838,3835,3835,3837,3832,3835,3831,3834,3831,3832,3828,3832,3830,3831,3830,3830,3826,3830,3830,3830,3830,3833,3831,3832,3829,3834,3830,3835,3831,3831,3832,3832,3830,3833,3830,3836,3836,3843,3834,3844,3840,3849,3839,3856,3850,3856,3849,3851,3851,3853,3848,3847,3842,3852,3846,3853,3843,3844,3842,3844,3846,3846,3844,3844,3840,3844,3842,3837,3843,3847,3841,3843,3839,3842,3842,3842,3842,3848,3842,3847,3841,3840,3840,3854,3850,3848,3846,3852,3844,3849,3844,-0.07,SJNFAAZE1U0005576,117.67,13.04,8967.2421875,78,74,0,0,0,0,14.5,99.19,-136550,97,1527994131.424,0,2,2,0,8,0,0,3,0,1,368.74,368.74,7F,1,1,1,0082,59,40,40,0,0,19,0.00
03/06/2018 3:48:55,54 58.40638,-1 31.22418,291,0,238,470634,1145049,368.83,-122.458,3859,3827,3842,32,0,93.0,33.9,89.0,31.7,none,none,84.6,29.2,3854,3848,3844,3843,3846,3842,3837,3837,3840,3834,3836,3834,3836,3833,3833,3831,3834,3832,3832,3831,3832,3827,3833,3831,3832,3832,3834,3832,3833,3831,3835,3832,3836,3833,3833,3833,3833,3832,3835,3833,3839,3837,3845,3836,3846,3843,3851,3841,3857,3853,3859,3852,3854,3852,3854,3849,3849,3844,3853,3847,3855,3846,3847,3845,3848,3849,3849,3846,3845,3843,3848,3843,3839,3845,3849,3843,3846,3841,3844,3844,3845,3842,3850,3845,3849,3843,3841,3843,3854,3852,3851,3848,3853,3846,3850,3848,-0.05,SJNFAAZE1U0005576,117.67,13.04,8967.2421875,78,74,0,0,0,0,14.5,99.19,-136595,97,1527994135.168,0,2,2,0,9,0,0,3,0,1,368.79,368.79,7F,1,1,1,0082,59,40,40,0,0,19,0.00
03/06/2018 3:48:58,54 58.40638,-1 31.22418,291,0,239,471699,1145049,368.93,-122.214,3860,3828,3843,32,0,93.2,34.0,89.2,31.8,none,none,84.6,29.2,3855,3849,3846,3845,3848,3843,3838,3839,3840,3836,3837,3835,3838,3835,3835,3832,3834,3834,3833,3833,3834,3828,3833,3833,3833,3834,3835,3833,3833,3832,3836,3834,3838,3835,3834,3835,3835,3833,3835,3834,3840,3838,3846,3837,3847,3844,3852,3842,3858,3854,3860,3854,3855,3854,3855,3850,3850,3846,3855,3848,3857,3847,3847,3847,3847,3850,3849,3848,3846,3843,3848,3845,3842,3848,3850,3845,3848,3843,3845,3847,3846,3845,3851,3848,3850,3844,3842,3845,3857,3854,3851,3850,3855,3847,3852,3848,-0.11,SJNFAAZE1U0005576,117.67,13.04,8967.2421875,78,74,0,0,0,0,14.5,99.19,-136638,97,1527994138.815,0,2,0,0,0,0,0,3,0,1,368.93,368.93,7F,1,1,1,0082,59,40,40,0,0,19,0.00
03/06/2018 3:49:02,54 58.40638,-1 31.22418,291,0,239,472734,1145049,369.02,-121.452,3860,3831,3844,29,0,93.2,34.0,89.4,31.9,none,none,84.8,29.3,3856,3851,3846,3847,3849,3845,3839,3841,3842,3838,3838,3836,3839,3836,3835,3833,3836,3834,3835,3834,3833,3831,3834,3834,3834,3834,3836,3834,3834,3834,3837,3835,3839,3837,3835,3837,3835,3835,3836,3834,3840,3840,3846,3838,3847,3845,3853,3844,3859,3855,3860,3854,3856,3854,3856,3853,3852,3847,3856,3850,3857,3848,3849,3848,3848,3851,3850,3848,3848,3844,3850,3847,3842,3848,3852,3846,3848,3844,3845,3847,3848,3846,3852,3847,3851,3845,3843,3845,3858,3854,3853,3850,3856,3849,3853,3849,-0.05,SJNFAAZE1U0005576,117.67,13.04,8967.2421875,78,74,0,0,0,0,14.5,99.19,-136681,97,1527994142.238,0,2,0,0,0,0,0,3,0,1,369.03,369.03,7F,1,1,1,0082,59,40,40,0,0,19,0.00
03/06/2018 3:49:05,54 58.40638,-1 31.22418,291,0,240,473763,1145049,368.93,-120.322,3859,3830,3843,29,0,93.2,34.0,89.2,31.8,none,none,84.8,29.3,3855,3850,3846,3846,3848,3843,3838,3839,3839,3836,3838,3836,3838,3835,3834,3833,3835,3834,3834,3833,3832,3830,3833,3833,3833,3835,3836,3834,3833,3833,3836,3835,3839,3834,3835,3835,3835,3834,3835,3833,3840,3840,3845,3838,3847,3844,3852,3843,3858,3855,3859,3853,3855,3854,3856,3852,3849,3846,3855,3849,3856,3847,3848,3846,3848,3851,3849,3847,3845,3843,3848,3846,3841,3848,3850,3844,3846,3842,3844,3845,3846,3846,3851,3845,3850,3844,3842,3844,3857,3853,3852,3849,3855,3848,3853,3849,-0.09,SJNFAAZE1U0005576,117.67,13.04,8967.2421875,78,74,0,0,0,0,14.5,99.19,-136724,97,1527994145.601,0,2,2,0,8,0,0,3,0,1,369.03,369.03,7F,1,1,1,0082,59,40,40,0,0,19,0.00
03/06/2018 3:49:09,54 58.40638,-1 31.22418,291,0,240,474788,1145049,369.02,-121.086,3861,3831,3844,30,0,93.2,34.0,89.4,31.9,none,none,84.8,29.3,3856,3851,3845,3846,3847,3844,3838,3839,3841,3837,3838,3835,3838,3836,3836,3833,3836,3834,3834,3834,3834,3831,3834,3834,3834,3835,3836,3835,3835,3833,3836,3835,3839,3835,3834,3836,3836,3835,3837,3834,3840,3841,3845,3837,3847,3845,3852,3844,3859,3856,3861,3854,3856,3854,3857,3852,3850,3846,3856,3850,3857,3848,3848,3847,3849,3851,3850,3848,3847,3844,3849,3846,3842,3848,3851,3845,3848,3842,3844,3846,3847,3846,3852,3846,3851,3845,3843,3845,3858,3854,3852,3849,3855,3849,3853,3850,-0.07,SJNFAAZE1U0005576,117.67,13.04,8967.2421875,78,74,0,0,0,0,14.5,99.19,-136766,97,1527994149.402,0,2,2,0,9,0,0,3,0,1,368.98,368.98,7F,1,1,1,0082,59,40,40,0,0,19,0.00
03/06/2018 3:49:12,54 58.40638,-1 31.22418,291,0,241,475877,1145049,369.12,-122.489,3862,3830,3845,32,0,93.2,34.0,89.4,31.9,none,none,84.8,29.3,3858,3852,3848,3847,3850,3845,3841,3841,3843,3837,3841,3836,3840,3837,3837,3834,3838,3835,3836,3835,3835,3830,3834,3834,3836,3836,3838,3836,3836,3834,3839,3836,3840,3837,3837,3837,3837,3836,3838,3836,3842,3841,3848,3839,3851,3846,3855,3844,3861,3856,3862,3856,3857,3856,3858,3854,3852,3848,3858,3851,3859,3850,3851,3848,3850,3853,3853,3849,3849,3846,3851,3847,3844,3849,3853,3847,3851,3844,3847,3849,3849,3847,3854,3850,3853,3847,3845,3846,3861,3856,3854,3851,3857,3849,3854,3851,-0.07,SJNFAAZE1U0005576,117.67,13.04,8967.2421875,78,74,0,0,0,0,14.5,99.19,-136811,97,1527994152.837,0,2,0,0,0,0,0,3,0,1,369.15,369.15,7F,1,1,1,0082,59,40,40,0,0,19,0.00
03/06/2018 3:49:16,54 58.40638,-1 31.22418,291,0,241,476882,1145049,369.31,-122.397,3863,3832,3847,31,0,93.4,34.1,89.4,31.9,none,none,84.8,29.3,3858,3853,3848,3848,3850,3846,3842,3842,3845,3839,3841,3838,3841,3838,3838,3835,3838,3836,3837,3837,3835,3832,3837,3836,3836,3837,3839,3837,3838,3835,3839,3837,3841,3839,3838,3838,3839,3836,3841,3837,3844,3842,3849,3840,3852,3847,3855,3846,3863,3857,3863,3856,3859,3857,3859,3855,3854,3850,3860,3852,3860,3851,3852,3851,3852,3853,3854,3851,3850,3847,3853,3849,3845,3849,3853,3848,3851,3846,3848,3850,3850,3848,3855,3850,3854,3848,3847,3848,3860,3856,3855,3853,3859,3851,3856,3852,-0.09,SJNFAAZE1U0005576,117.67,13.04,8967.2421875,78,74,0,0,0,0,14.5,99.19,-136852,97,1527994156.355,0,2,0,0,0,0,0,3,0,1,369.25,369.25,7F,1,1,1,0082,59,40,40,0,0,19,0.00
03/06/2018 3:49:21,54 58.40638,-1 31.22418,291,0,242,478034,1145049,369.22,-120.231,3862,3832,3846,30,0,93.4,34.1,89.6,32.0,none,none,85.0,29.4,3858,3854,3847,3848,3851,3846,3841,3842,3844,3839,3840,3837,3841,3838,3837,3836,3839,3837,3837,3836,3836,3832,3836,3836,3836,3837,3839,3837,3838,3836,3839,3838,3841,3838,3837,3838,3838,3837,3839,3837,3843,3843,3848,3841,3851,3847,3855,3846,3862,3858,3862,3857,3858,3857,3859,3855,3852,3849,3858,3851,3859,3850,3851,3850,3850,3854,3852,3851,3850,3846,3852,3848,3844,3852,3853,3848,3849,3846,3847,3848,3849,3848,3854,3849,3853,3848,3846,3846,3860,3857,3855,3853,3858,3851,3856,3852,-0.10,SJNFAAZE1U0005576,117.67,13.04,8967.2421875,78,74,0,0,0,0,14.5,99.19,-136900,97,1527994161.377,0,2,0,0,0,0,0,3,0,1,369.36,369.36,7F,1,1,1,0082,59,40,40,0,0,19,0.00
03/06/2018 3:49:26,54 58.40638,-1 31.22418,291,0,242,479470,1145049,369.41,-121.177,3864,3834,3848,30,0,93.6,34.2,89.6,32.0,none,none,85.0,29.4,3860,3856,3849,3850,3853,3847,3843,3844,3846,3841,3843,3840,3842,3840,3839,3837,3840,3839,3839,3838,3837,3834,3837,3838,3839,3838,3841,3839,3839,3838,3841,3839,3843,3840,3838,3841,3839,3839,3841,3838,3845,3845,3850,3842,3851,3849,3857,3847,3864,3859,3864,3858,3861,3858,3860,3856,3856,3850,3860,3853,3861,3851,3853,3851,3852,3855,3855,3853,3851,3847,3853,3850,3847,3853,3855,3850,3852,3846,3850,3851,3851,3850,3856,3852,3854,3848,3848,3850,3862,3859,3856,3854,3860,3853,3856,3854,-0.06,SJNFAAZE1U0005576,117.67,13.04,8967.2421875,78,74,0,0,0,0,14.5,99.19,-136959,97,1527994166.270,0,2,2,0,9,0,0,3,0,1,369.37,369.37,7F,1,1,1,0082,59,40,40,0,0,19,0.00
03/06/2018 3:49:32,54 58.40638,-1 31.22418,291,0,243,481298,1145049,369.50,-121.665,3867,3834,3849,33,0,93.6,34.2,89.8,32.1,none,none,85.2,29.6,3862,3856,3851,3852,3854,3849,3843,3845,3848,3842,3844,3840,3844,3841,3841,3838,3842,3839,3840,3838,3839,3834,3839,3839,3839,3839,3843,3839,3841,3838,3842,3840,3844,3842,3841,3841,3842,3840,3842,3838,3847,3845,3852,3842,3854,3850,3859,3848,3865,3860,3867,3859,3863,3860,3862,3857,3857,3852,3862,3854,3863,3853,3854,3852,3855,3857,3856,3855,3853,3850,3856,3851,3848,3853,3856,3850,3854,3849,3851,3853,3853,3851,3859,3852,3858,3851,3849,3852,3864,3860,3858,3856,3862,3854,3858,3855,-0.10,SJNFAAZE1U0005576,117.67,13.04,8967.2421875,78,74,0,0,0,0,14.5,99.19,-137034,97,1527994172.424,0,2,0,0,0,0,0,3,0,1,369.59,369.59,7F,1,1,1,0082,59,40,40,0,0,19,0.00
03/06/2018 3:49:37,54 58.40638,-1 31.22418,291,0,244,483098,1145049,369.60,-120.292,3866,3836,3850,30,0,93.8,34.3,90.0,32.2,none,none,85.4,29.7,3863,3856,3852,3852,3854,3850,3845,3846,3848,3843,3844,3842,3844,3841,3840,3838,3842,3840,3840,3839,3839,3836,3839,3840,3840,3840,3842,3840,3841,3839,3842,3841,3844,3841,3840,3841,3841,3840,3842,3839,3846,3846,3852,3844,3854,3851,3858,3849,3865,3860,3866,3860,3863,3860,3863,3858,3856,3853,3862,3855,3863,3854,3854,3853,3855,3859,3856,3853,3852,3849,3854,3852,3847,3854,3857,3851,3854,3850,3852,3852,3853,3852,3859,3853,3857,3851,3850,3850,3864,3860,3858,3855,3862,3854,3860,3855,-0.11,SJNFAAZE1U0005576,117.67,13.04,8967.2421875,78,74,0,0,0,0,14.5,99.19,-137108,97,1527994177.959,0,1,3,0,0,0,0,3,0,1,369.67,369.67,7F,1,1,1,0082,59,40,40,0,0,19,0.00
03/06/2018 3:49:41,54 58.40638,-1 31.22418,291,0,245,484269,1145049,369.60,-120.810,3867,3836,3850,31,0,94.0,34.4,90.0,32.2,none,none,85.4,29.7,3863,3856,3852,3851,3855,3849,3845,3845,3848,3842,3845,3840,3844,3841,3841,3838,3842,3839,3841,3839,3840,3836,3840,3839,3839,3840,3843,3840,3841,3839,3842,3840,3844,3842,3841,3841,3842,3840,3843,3839,3846,3846,3853,3844,3855,3850,3860,3849,3867,3860,3867,3859,3862,3860,3863,3858,3857,3852,3862,3855,3863,3852,3855,3852,3855,3857,3856,3854,3853,3850,3856,3851,3848,3853,3857,3850,3853,3850,3851,3852,3853,3852,3858,3853,3858,3851,3850,3852,3864,3861,3859,3855,3862,3854,3859,3855,-0.09,SJNFAAZE1U0005576,117.67,13.04,8967.2421875,78,74,0,0,0,0,14.5,99.19,-137157,97,1527994181.861,0,1,2,0,8,0,0,3,0,1,369.63,369.63,7F,1,1,1,0082,59,40,40,0,0,19,0.00
03/06/2018 3:49:47,54 58.40638,-1 31.22418,291,0,246,485536,1145049,369.79,-121.757,3869,3837,3852,32,0,93.8,34.3,89.8,32.1,none,none,85.6,29.8,3865,3859,3854,3853,3856,3852,3847,3847,3851,3844,3847,3845,3846,3843,3844,3841,3844,3843,3844,3842,3842,3837,3843,3842,3842,3843,3845,3843,3844,3842,3845,3843,3847,3843,3842,3844,3845,3842,3845,3841,3849,3848,3854,3846,3856,3854,3863,3852,3868,3862,3869,3861,3865,3863,3866,3860,3858,3855,3865,3857,3865,3857,3858,3856,3857,3858,3859,3857,3855,3852,3858,3854,3851,3857,3859,3854,3857,3851,3854,3855,3856,3854,3861,3856,3859,3854,3853,3854,3866,3863,3860,3859,3864,3856,3862,3857,-0.06,SJNFAAZE1U0005576,117.67,13.04,8967.2421875,78,74,0,0,0,0,14.5,99.19,-137209,97,1527994187.009,0,1,0,0,0,0,0,3,0,1,369.85,369.85,7F,1,1,1,0082,59,40,40,0,0,19,0.00
03/06/2018 3:49:53,54 58.40638,-1 31.22418,291,0,246,487398,1145049,369.79,-121.421,3870,3838,3852,32,0,94.0,34.4,90.2,32.3,none,none,85.6,29.8,3866,3859,3855,3855,3858,3852,3848,3849,3850,3845,3847,3844,3846,3844,3844,3842,3844,3843,3843,3842,3842,3838,3842,3843,3842,3843,3845,3843,3844,3841,3845,3843,3848,3843,3844,3844,3844,3842,3845,3842,3850,3848,3855,3846,3857,3853,3862,3852,3869,3863,3870,3862,3865,3864,3866,3861,3858,3855,3865,3858,3867,3856,3859,3857,3858,3860,3859,3856,3855,3852,3858,3855,3849,3856,3860,3854,3857,3853,3854,3856,3856,3854,3861,3856,3860,3853,3853,3854,3867,3863,3861,3858,3864,3856,3861,3858,-0.11,SJNFAAZE1U0005576,117.67,13.04,8967.2421875,78,74,0,0,0,0,14.5,99.19,-137286,97,1527994193.534,0,1,0,0,0,0,0,3,0,1,369.94,369.94,7F,1,1,1,0082,59,40,40,0,0,19,0.00
03/06/2018 3:50:00,54 58.40638,-1 31.22418,291,0,247,489217,1145049,369.98,-120.780,3870,3839,3854,31,0,94.0,34.4,90.4,32.4,none,none,85.8,29.9,3867,3861,3856,3856,3860,3853,3849,3850,3852,3847,3848,3844,3848,3845,3845,3843,3846,3843,3845,3843,3843,3839,3844,3843,3843,3844,3847,3844,3845,3841,3847,3844,3849,3845,3846,3845,3846,3843,3847,3844,3850,3849,3856,3847,3858,3855,3863,3853,3870,3866,3870,3864,3866,3864,3867,3861,3863,3857,3867,3859,3867,3858,3859,3856,3859,3861,3861,3860,3858,3854,3860,3855,3853,3858,3861,3856,3860,3854,3856,3857,3857,3856,3864,3857,3862,3855,3853,3856,3868,3863,3863,3860,3866,3858,3863,3859,-0.10,SJNFAAZE1U0005576,117.67,13.04,8967.2421875,78,74,0,0,0,0,14.5,99.19,-137361,97,1527994200.053,0,1,2,0,8,0,0,3,0,1,369.95,369.95,7F,1,1,1,0082,59,40,40,0,0,19,0.00
03/06/2018 3:50:06,54 58.40638,-1 31.22418,291,0,248,491135,1145049,370.18,-121.970,3873,3841,3856,32,0,94.4,34.7,90.6,32.6,none,none,85.8,29.9,3869,3863,3858,3858,3861,3856,3851,3851,3854,3849,3850,3846,3850,3847,3848,3845,3848,3846,3846,3845,3847,3841,3845,3846,3845,3846,3848,3845,3848,3845,3849,3847,3850,3847,3847,3847,3848,3845,3849,3845,3853,3852,3858,3849,3861,3857,3866,3856,3872,3867,3873,3866,3869,3867,3870,3865,3863,3858,3869,3861,3870,3860,3861,3859,3861,3863,3863,3861,3859,3855,3862,3858,3855,3860,3863,3857,3861,3855,3857,3859,3859,3859,3865,3860,3863,3858,3857,3860,3871,3868,3865,3864,3869,3861,3867,3861,-0.11,SJNFAAZE1U0005576,117.67,13.04,8967.2421875,78,74,0,0,0,0,14.5,99.19,-137440,97,1527994206.527,0,1,0,0,0,0,0,3,0,1,370.22,370.22,7F,1,1,1,0082,59,40,40,0,0,19,0.00
03/06/2018 3:50:12,54 58.40638,-1 31.22418,291,0,249,493080,1145049,370.18,-120.383,3872,3841,3856,31,0,94.4,34.7,90.6,32.6,none,none,86.0,30.0,3868,3864,3858,3857,3860,3855,3852,3850,3854,3848,3851,3847,3850,3847,3848,3844,3847,3845,3846,3845,3846,3841,3845,3845,3845,3845,3849,3846,3846,3844,3849,3846,3850,3846,3846,3847,3847,3845,3848,3845,3853,3851,3859,3849,3861,3856,3866,3856,3872,3867,3872,3866,3868,3866,3870,3864,3863,3859,3869,3860,3870,3860,3862,3858,3860,3862,3863,3859,3860,3856,3862,3857,3853,3859,3863,3856,3860,3855,3857,3858,3859,3857,3865,3859,3863,3857,3856,3856,3870,3866,3864,3863,3867,3860,3865,3862,-0.09,SJNFAAZE1U0005576,117.67,13.04,8967.2421875,78,74,0,0,0,0,14.5,99.19,-137520,97,1527994212.942,0,1,1,0,7,0,0,3,0,1,370.29,370.29,7F,1,1,1,0082,59,40,40,0,0,19,0.00
03/06/2018 3:50:18,54 58.40638,-1 31.22418,291,0,250,494932,1145049,370.37,-122.031,3875,3844,3858,31,0,94.4,34.7,90.8,32.7,none,none,86.0,30.0,3871,3864,3860,3859,3863,3857,3853,3853,3856,3850,3853,3849,3853,3849,3850,3846,3850,3848,3849,3847,3848,3844,3847,3847,3847,3847,3850,3847,3847,3846,3850,3847,3853,3849,3849,3849,3850,3848,3851,3847,3854,3854,3860,3851,3863,3859,3867,3857,3874,3868,3875,3868,3870,3869,3872,3867,3865,3860,3870,3862,3872,3861,3863,3861,3863,3865,3865,3862,3861,3858,3863,3860,3856,3861,3866,3859,3862,3857,3859,3861,3861,3859,3866,3861,3865,3859,3858,3859,3872,3869,3866,3863,3870,3863,3868,3862,-0.07,SJNFAAZE1U0005576,117.67,13.04,8967.2421875,78,74,0,0,0,0,14.5,99.19,-137596,97,1527994218.983,0,1,0,0,0,0,0,3,0,1,370.33,370.33,7F,1,1,1,0082,59,40,40,0,0,19,0.00
03/06/2018 3:50:24,54 58.40638,-1 31.22418,291,0,251,496707,1145049,370.37,-121.635,3876,3843,3858,33,0,94.6,34.8,91.0,32.8,none,none,86.4,30.2,3872,3866,3861,3859,3863,3858,3854,3854,3857,3851,3853,3850,3854,3849,3850,3847,3850,3848,3849,3848,3847,3843,3848,3847,3848,3848,3851,3848,3849,3847,3851,3849,3853,3850,3849,3849,3850,3848,3851,3847,3856,3853,3861,3852,3863,3859,3869,3858,3874,3869,3876,3868,3871,3869,3873,3866,3865,3860,3872,3863,3872,3862,3864,3861,3863,3866,3866,3863,3863,3859,3864,3861,3857,3862,3866,3860,3863,3858,3860,3862,3862,3860,3869,3860,3867,3860,3858,3860,3874,3870,3868,3865,3871,3862,3868,3863,-0.10,SJNFAAZE1U0005576,117.67,13.04,8967.2421875,78,74,0,0,0,0,14.5,99.19,-137669,97,1527994224.136,0,1,0,0,0,0,0,3,0,1,370.46,370.46,7F,1,1,1,0082,59,40,40,0,0,19,0.00
03/06/2018 3:50:27,54 58.40638,-1 31.22418,291,0,252,497823,1145049,370.56,-121.360,3877,3845,3860,32,0,94.8,34.9,91.0,32.8,none,none,86.4,30.2,3874,3866,3861,3862,3865,3859,3856,3856,3859,3852,3855,3851,3853,3851,3852,3848,3852,3849,3850,3848,3850,3845,3850,3849,3849,3850,3853,3850,3850,3848,3852,3850,3855,3851,3851,3851,3852,3850,3853,3848,3856,3854,3863,3853,3865,3861,3869,3859,3876,3870,3877,3870,3872,3871,3874,3868,3868,3862,3874,3865,3874,3862,3865,3863,3865,3867,3867,3865,3864,3860,3866,3862,3858,3864,3868,3860,3864,3859,3861,3863,3863,3862,3869,3863,3869,3861,3859,3862,3874,3871,3869,3867,3873,3865,3870,3865,-0.09,SJNFAAZE1U0005576,117.67,13.04,8967.2421875,78,74,0,0,0,0,14.5,99.19,-137715,97,1527994227.807,0,1,2,0,8,0,0,3,0,1,370.51,370.51,7F,1,1,1,0082,59,40,40,0,0,19,0.00
03/06/2018 3:50:31,54 58.40638,-1 31.22418,291,0,252,498910,1145049,370.66,-121.452,3879,3846,3861,33,0,94.8,34.9,91.2,32.9,none,none,86.4,30.2,3875,3868,3863,3862,3866,3860,3855,3856,3859,3854,3856,3853,3856,3852,3852,3849,3852,3850,3852,3849,3851,3846,3851,3851,3850,3852,3853,3850,3853,3850,3854,3852,3856,3853,3852,3852,3853,3851,3854,3850,3859,3857,3864,3855,3866,3862,3872,3860,3877,3871,3879,3872,3875,3872,3875,3870,3868,3864,3875,3866,3876,3866,3866,3864,3866,3868,3868,3866,3865,3862,3867,3864,3860,3865,3868,3862,3866,3860,3863,3865,3864,3863,3870,3864,3869,3862,3861,3864,3876,3873,3870,3868,3874,3866,3872,3867,-0.12,SJNFAAZE1U0005576,117.67,13.04,8967.2421875,78,74,0,0,0,0,14.5,99.19,-137760,97,1527994231.395,0,1,0,0,0,0,0,3,0,1,370.73,370.73,7F,1,1,1,0082,59,40,40,0,0,19,0.00
03/06/2018 3:50:39,54 58.40638,-1 31.22418,291,0,253,500062,1145049,370.75,-121.482,3878,3847,3862,31,0,95.0,35.0,91.4,33.0,none,none,86.6,30.3,3875,3869,3864,3864,3866,3862,3857,3858,3859,3856,3856,3854,3856,3853,3853,3850,3853,3853,3852,3851,3852,3847,3851,3852,3851,3851,3855,3852,3853,3850,3854,3853,3857,3854,3853,3854,3854,3851,3854,3852,3858,3858,3865,3856,3866,3862,3872,3863,3877,3872,3878,3872,3875,3872,3876,3870,3868,3864,3875,3867,3875,3865,3866,3865,3867,3869,3869,3867,3865,3861,3867,3864,3860,3866,3870,3863,3866,3861,3863,3865,3865,3863,3871,3865,3869,3863,3861,3864,3876,3872,3870,3867,3874,3867,3872,3868,-0.10,SJNFAAZE1U0005576,117.67,13.04,8967.2421875,78,74,0,0,0,0,14.5,99.19,-137808,97,1527994239.511,0,1,0,0,0,0,0,3,0,1,370.75,370.75,7F,1,1,1,0082,59,40,40,0,0,19,0.00
03/06/2018 3:50:43,54 58.40638,-1 31.22418,291,0,254,502420,1145049,370.94,-120.627,3880,3849,3864,31,0,95.0,35.0,91.4,33.0,none,none,86.6,30.3,3877,3871,3865,3866,3868,3863,3858,3860,3862,3857,3858,3855,3858,3854,3855,3853,3856,3853,3853,3853,3853,3849,3853,3854,3852,3854,3856,3854,3855,3852,3856,3855,3858,3855,3853,3856,3854,3853,3855,3853,3860,3859,3866,3858,3868,3866,3873,3864,3879,3874,3880,3874,3877,3874,3878,3873,3871,3866,3877,3869,3878,3867,3868,3867,3868,3871,3871,3868,3867,3864,3868,3866,3862,3867,3870,3865,3868,3862,3864,3867,3866,3866,3872,3867,3871,3864,3863,3865,3879,3875,3872,3870,3877,3869,3872,3869,-0.12,SJNFAAZE1U0005576,117.67,13.04,8967.2421875,78,74,0,0,0,0,14.5,99.19,-137905,97,1527994243.537,0,1,2,0,8,0,0,3,0,1,370.94,370.94,7F,1,1,1,0082,59,40,40,0,0,19,0.00
03/06/2018 3:50:47,54 58.40638,-1 31.22418,291,0,255,503566,1145049,370.94,-121.177,3881,3848,3864,33,0,95.2,35.1,91.6,33.1,none,none,86.8,30.4,3878,3871,3866,3866,3868,3864,3859,3859,3862,3856,3857,3855,3858,3855,3855,3853,3855,3854,3854,3853,3853,3848,3854,3853,3852,3853,3855,3853,3855,3853,3856,3854,3859,3854,3854,3855,3855,3853,3856,3853,3860,3859,3866,3857,3868,3865,3875,3863,3880,3875,3881,3874,3877,3876,3878,3872,3870,3866,3877,3869,3878,3867,3869,3868,3868,3872,3871,3867,3868,3864,3870,3865,3862,3868,3870,3864,3869,3864,3865,3867,3867,3865,3873,3868,3872,3865,3864,3867,3879,3876,3874,3871,3876,3869,3874,3869,-0.07,SJNFAAZE1U0005576,117.67,13.04,8967.2421875,78,74,0,0,0,0,14.5,99.19,-137952,97,1527994247.482,0,1,0,0,0,0,0,3,0,1,371.01,371.01,7F,1,1,1,0082,59,40,40,0,0,19,0.00
03/06/2018 3:50:53,54 58.40638,-1 31.22418,291,0,255,504986,1145049,371.14,-122.367,3883,3850,3866,33,0,95.2,35.1,91.6,33.1,none,none,86.8,30.4,3879,3873,3867,3868,3870,3865,3861,3860,3864,3858,3860,3857,3860,3856,3856,3855,3857,3855,3855,3855,3854,3850,3855,3854,3855,3855,3857,3855,3856,3853,3858,3856,3860,3856,3856,3857,3857,3856,3858,3856,3862,3861,3869,3859,3870,3866,3876,3865,3883,3877,3882,3875,3878,3876,3880,3874,3872,3867,3879,3871,3879,3869,3871,3869,3871,3873,3872,3871,3869,3866,3871,3867,3865,3870,3874,3867,3869,3865,3867,3868,3869,3869,3876,3870,3872,3867,3865,3869,3881,3877,3875,3874,3879,3871,3876,3871,-0.09,SJNFAAZE1U0005576,117.67,13.04,8967.2421875,78,74,0,0,0,0,14.5,99.19,-138011,97,1527994253.652,0,1,0,0,0,0,0,3,0,1,371.12,371.12,7F,1,1,1,0082,59,40,40,0,0,19,0.00
03/06/2018 3:50:59,54 58.40638,-1 31.22418,291,0,256,506926,1145049,371.14,-120.261,3883,3851,3866,32,0,95.2,35.1,91.8,33.2,none,none,86.8,30.4,3879,3873,3867,3869,3870,3866,3860,3861,3863,3858,3860,3857,3860,3857,3856,3855,3857,3856,3855,3856,3855,3851,3855,3855,3854,3856,3858,3855,3856,3856,3859,3857,3861,3857,3856,3858,3856,3856,3858,3855,3862,3862,3868,3858,3871,3867,3876,3865,3882,3877,3883,3877,3878,3877,3880,3873,3872,3868,3879,3871,3878,3869,3871,3869,3870,3873,3872,3869,3869,3865,3872,3867,3863,3870,3873,3868,3869,3865,3868,3869,3868,3868,3875,3868,3873,3867,3865,3866,3880,3876,3874,3872,3879,3871,3875,3872,-0.08,SJNFAAZE1U0005576,117.67,13.04,8967.2421875,78,74,0,0,0,0,14.5,99.19,-138091,97,1527994259.788,0,1,2,0,7,0,0,3,0,1,371.23,371.23,7F,1,1,1,0082,59,40,40,0,0,19,0.00
03/06/2018 3:51:05,54 58.40638,-1 31.22418,291,0,257,508431,1145049,371.33,-121.909,3886,3853,3868,33,0,95.6,35.3,91.8,33.2,none,none,87.0,30.6,3882,3876,3870,3869,3873,3867,3863,3863,3866,3860,3862,3859,3862,3858,3859,3855,3860,3858,3859,3857,3857,3853,3857,3857,3857,3858,3860,3858,3858,3856,3860,3858,3862,3859,3859,3859,3859,3857,3861,3858,3865,3864,3871,3861,3873,3869,3879,3867,3884,3879,3886,3878,3881,3879,3882,3876,3875,3870,3880,3873,3883,3871,3873,3870,3872,3874,3876,3873,3871,3867,3873,3869,3867,3872,3876,3868,3873,3868,3869,3870,3871,3869,3878,3872,3875,3869,3868,3870,3882,3879,3877,3875,3881,3872,3879,3873,-0.12,SJNFAAZE1U0005576,117.67,13.04,8967.2421875,78,74,0,0,0,0,14.5,99.19,-138153,97,1527994265.281,0,1,0,0,0,0,0,3,0,1,371.35,371.35,7F,1,1,1,0082,59,40,40,0,0,19,0.00
03/06/2018 3:51:11,54 58.40638,-1 31.22418,291,0,258,510379,1145049,371.42,-120.231,3886,3853,3869,33,0,95.4,35.2,91.8,33.2,none,none,87.2,30.7,3882,3876,3870,3871,3874,3869,3863,3865,3867,3861,3863,3860,3862,3860,3859,3857,3860,3859,3858,3858,3857,3853,3857,3858,3857,3859,3860,3859,3859,3858,3861,3859,3863,3860,3859,3860,3858,3859,3861,3859,3865,3865,3871,3862,3873,3870,3879,3869,3885,3879,3886,3879,3883,3880,3882,3877,3875,3871,3882,3874,3883,3872,3874,3872,3873,3876,3875,3873,3872,3870,3873,3871,3867,3873,3876,3872,3873,3869,3870,3872,3871,3870,3877,3872,3876,3871,3867,3869,3883,3881,3877,3875,3882,3874,3878,3874,-0.12,SJNFAAZE1U0005576,117.67,13.04,8967.2421875,78,74,0,0,0,0,14.5,99.19,-138233,97,1527994271.608,0,1,1,0,8,0,0,3,0,1,371.48,371.48,7F,1,1,1,0082,59,40,40,0,0,19,0.00
03/06/2018 3:51:16,54 58.40638,-1 31.22418,291,0,259,511876,1145049,371.52,-122.397,3888,3855,3870,33,0,95.6,35.3,92.2,33.4,none,none,87.4,30.8,3885,3878,3872,3872,3875,3869,3865,3865,3868,3862,3864,3859,3864,3861,3861,3859,3862,3859,3860,3859,3860,3855,3859,3859,3860,3859,3863,3859,3861,3858,3862,3861,3864,3861,3861,3861,3862,3859,3863,3859,3867,3866,3873,3863,3875,3871,3881,3869,3887,3880,3888,3879,3884,3881,3884,3878,3877,3873,3883,3875,3884,3874,3875,3872,3875,3877,3877,3873,3873,3870,3875,3871,3869,3874,3878,3871,3875,3870,3872,3873,3873,3871,3880,3873,3879,3871,3869,3871,3885,3880,3878,3876,3883,3875,3880,3875,-0.11,SJNFAAZE1U0005576,117.67,13.04,8967.2421875,78,74,0,0,0,0,14.5,99.19,-138295,97,1527994276.140,0,1,0,0,9,0,0,3,0,1,371.49,371.49,7F,1,1,1,0082,59,40,40,0,0,19,0.00
03/06/2018 3:51:22,54 58.40638,-1 31.22418,291,0,260,513620,1145049,371.62,-122.489,3889,3856,3871,33,0,95.6,35.3,92.2,33.4,none,none,87.4,30.8,3886,3879,3874,3873,3877,3870,3867,3867,3870,3863,3866,3862,3865,3862,3862,3860,3863,3860,3862,3860,3861,3856,3860,3860,3860,3861,3863,3861,3862,3859,3864,3861,3865,3862,3862,3862,3863,3861,3864,3860,3869,3866,3875,3864,3875,3871,3882,3870,3888,3881,3889,3881,3884,3882,3886,3879,3879,3873,3885,3876,3886,3875,3877,3874,3876,3879,3878,3875,3875,3871,3877,3873,3870,3875,3879,3871,3875,3870,3874,3874,3873,3873,3881,3874,3880,3872,3871,3873,3887,3882,3881,3877,3885,3875,3881,3877,-0.11,SJNFAAZE1U0005576,117.67,13.04,8967.2421875,78,74,0,0,0,0,14.5,99.19,-138367,97,1527994282.227,0,1,0,0,0,0,0,3,0,1,371.60,371.60,7F,1,1,1,0082,59,40,40,0,0,19,0.00
03/06/2018 3:51:28,54 58.40638,-1 31.22418,291,0,260,515093,1145049,371.62,-120.048,3888,3856,3871,32,0,95.8,35.4,92.4,33.6,none,none,87.4,30.8,3886,3878,3873,3872,3877,3869,3866,3866,3869,3862,3867,3861,3866,3861,3862,3859,3862,3859,3862,3860,3860,3856,3860,3860,3860,3860,3863,3860,3863,3859,3863,3862,3865,3862,3862,3862,3863,3860,3864,3860,3868,3866,3874,3864,3876,3871,3881,3870,3888,3881,3888,3880,3884,3882,3885,3878,3878,3873,3885,3876,3885,3875,3876,3874,3877,3877,3878,3874,3874,3869,3876,3872,3870,3875,3878,3871,3875,3870,3873,3874,3875,3874,3881,3874,3879,3872,3869,3872,3886,3882,3880,3877,3884,3876,3881,3877,-0.13,SJNFAAZE1U0005576,117.67,13.04,8967.2421875,78,74,0,0,0,0,14.5,99.19,-138427,97,1527994288.254,0,1,1,0,7,0,0,3,0,1,371.75,371.75,7F,1,1,1,0082,59,40,40,0,0,19,0.00
03/06/2018 3:51:34,54 58.40638,-1 31.22418,291,0,261,516948,1145049,371.81,-121.574,3891,3857,3873,34,0,96.0,35.6,92.6,33.7,none,none,87.6,30.9,3888,3881,3875,3875,3878,3873,3867,3868,3872,3865,3868,3864,3867,3863,3865,3861,3865,3862,3864,3861,3862,3857,3862,3862,3862,3862,3864,3862,3864,3861,3865,3863,3868,3864,3864,3864,3864,3862,3866,3862,3870,3868,3877,3865,3878,3873,3883,3873,3890,3883,3891,3882,3886,3884,3887,3881,3879,3875,3887,3877,3886,3876,3879,3875,3878,3880,3881,3877,3878,3872,3880,3873,3871,3878,3881,3874,3878,3872,3874,3875,3875,3874,3882,3875,3881,3875,3873,3874,3889,3885,3881,3879,3886,3877,3883,3878,-0.10,SJNFAAZE1U0005576,117.67,13.04,8967.2421875,78,74,0,0,0,0,14.5,99.19,-138504,97,1527994294.051,0,1,0,0,0,0,0,3,0,1,371.84,371.84,7F,1,1,1,0082,59,40,40,0,0,19,0.00
03/06/2018 3:51:39,54 58.40638,-1 31.22418,291,0,262,518808,1145049,371.90,-121.147,3891,3858,3874,33,0,96.0,35.6,92.6,33.7,none,none,87.6,30.9,3889,3881,3876,3875,3879,3873,3869,3869,3872,3866,3868,3865,3867,3864,3865,3862,3865,3863,3864,3863,3862,3858,3863,3862,3863,3863,3865,3863,3864,3862,3866,3865,3868,3864,3864,3865,3866,3862,3866,3863,3871,3869,3877,3867,3878,3874,3885,3873,3891,3884,3891,3884,3887,3885,3889,3882,3880,3875,3888,3879,3889,3877,3878,3876,3879,3881,3882,3878,3877,3873,3880,3875,3873,3877,3882,3875,3878,3873,3876,3876,3878,3875,3883,3877,3883,3876,3873,3875,3889,3885,3883,3881,3887,3878,3884,3879,-0.13,SJNFAAZE1U0005576,117.67,13.04,8967.2421875,78,74,0,0,0,0,14.5,99.19,-138580,97,1527994299.164,0,1,1,0,4,0,0,3,0,1,371.88,371.88,7F,1,1,1,0082,59,40,40,0,0,19,0.00
03/06/2018 3:51:44,54 58.40638,-1 31.22418,291,0,263,519894,1145049,372.10,-121.208,3893,3860,3876,33,0,96.0,35.6,92.6,33.7,none,none,87.8,31.0,3890,3884,3877,3877,3880,3876,3870,3871,3872,3869,3870,3867,3869,3867,3866,3864,3867,3865,3865,3867,3865,3860,3864,3864,3865,3867,3868,3865,3866,3864,3867,3867,3870,3868,3867,3867,3867,3866,3868,3866,3873,3872,3879,3870,3880,3877,3887,3876,3892,3886,3893,3885,3890,3886,3890,3884,3883,3879,3889,3880,3889,3878,3881,3878,3880,3884,3882,3880,3879,3874,3881,3878,3874,3880,3882,3877,3881,3874,3877,3878,3878,3878,3885,3878,3883,3876,3875,3877,3891,3886,3884,3882,3889,3881,3886,3882,-0.10,SJNFAAZE1U0005576,117.67,13.04,8967.2421875,78,74,0,0,0,0,14.5,99.19,-138625,97,1527994304.115,0,1,2,0,8,0,0,3,0,1,372.03,372.03,7F,1,1,1,0082,59,40,40,0,0,19,0.00
03/06/2018 3:51:51,54 58.40638,-1 31.22418,291,0,264,521844,1145049,372.19,-121.574,3894,3861,3877,33,0,96.2,35.7,92.8,33.8,none,none,87.8,31.0,3891,3884,3879,3879,3882,3876,3871,3871,3875,3868,3871,3868,3872,3867,3868,3866,3868,3866,3867,3866,3867,3861,3867,3866,3865,3867,3868,3866,3867,3865,3870,3866,3871,3866,3868,3869,3868,3866,3870,3867,3873,3872,3881,3870,3882,3878,3888,3876,3894,3888,3894,3886,3890,3888,3891,3885,3884,3879,3891,3881,3891,3881,3882,3879,3881,3884,3885,3882,3881,3878,3882,3878,3874,3880,3886,3878,3882,3876,3878,3879,3879,3878,3887,3880,3885,3879,3877,3879,3892,3889,3886,3885,3891,3882,3888,3883,-0.10,SJNFAAZE1U0005576,117.67,13.04,8967.2421875,78,74,0,0,0,0,14.5,99.19,-138706,97,1527994311.066,0,1,0,0,0,0,0,3,0,1,372.25,372.25,7F,1,1,1,0082,59,40,40,0,0,19,0.00
03/06/2018 3:51:56,54 58.40638,-1 31.22418,291,0,265,523787,1145049,372.19,-120.383,3896,3863,3877,33,0,96.4,35.8,93.0,33.9,none,none,88.0,31.1,3892,3885,3879,3880,3883,3878,3871,3872,3875,3869,3872,3869,3871,3869,3868,3868,3869,3868,3867,3866,3866,3863,3866,3867,3866,3867,3869,3867,3868,3866,3870,3868,3871,3869,3868,3869,3868,3867,3870,3867,3874,3873,3880,3871,3882,3878,3889,3878,3895,3888,3896,3887,3890,3889,3891,3886,3884,3880,3891,3883,3892,3880,3882,3880,3882,3885,3885,3882,3880,3876,3884,3880,3874,3881,3885,3879,3883,3877,3878,3879,3880,3879,3887,3879,3886,3878,3877,3878,3893,3888,3887,3884,3892,3883,3887,3883,-0.14,SJNFAAZE1U0005576,117.67,13.04,8967.2421875,78,74,0,0,0,0,14.5,99.19,-138786,97,1527994316.967,0,1,1,0,7,0,0,3,0,1,372.31,372.31,7F,1,1,1,0082,59,40,40,0,0,19,0.00
03/06/2018 3:52:03,54 58.40638,-1 31.22418,291,0,266,525674,1145049,372.38,-121.360,3896,3863,3879,33,0,96.6,35.9,93.2,34.0,none,none,88.2,31.2,3894,3887,3880,3880,3884,3879,3874,3874,3877,3871,3874,3870,3874,3870,3870,3868,3870,3869,3870,3867,3869,3863,3868,3868,3868,3869,3871,3868,3870,3868,3871,3869,3874,3870,3870,3870,3870,3868,3871,3868,3875,3874,3881,3872,3884,3880,3891,3879,3896,3889,3896,3890,3892,3890,3894,3887,3885,3882,3894,3883,3894,3883,3884,3882,3885,3886,3886,3882,3883,3879,3884,3881,3877,3883,3886,3880,3884,3878,3880,3881,3882,3881,3889,3882,3887,3880,3878,3879,3895,3891,3888,3885,3892,3882,3889,3884,-0.14,SJNFAAZE1U0005576,117.67,13.04,8967.2421875,78,74,0,0,0,0,14.5,99.19,-138863,97,1527994323.809,0,1,0,0,0,0,0,3,0,1,372.45,372.45,7F,1,1,1,0082,59,40,40,0,0,19,0.00
03/06/2018 3:52:10,54 58.40638,-1 31.22418,291,0,267,527770,1145049,372.48,-121.177,3898,3864,3880,34,0,96.6,35.9,93.2,34.0,none,none,88.2,31.2,3896,3888,3882,3882,3886,3880,3875,3875,3878,3872,3875,3871,3875,3870,3871,3869,3871,3869,3870,3868,3869,3864,3871,3869,3869,3870,3872,3869,3872,3868,3874,3871,3875,3870,3871,3871,3871,3869,3873,3870,3877,3875,3884,3874,3885,3881,3892,3880,3898,3891,3898,3891,3894,3891,3895,3888,3887,3882,3894,3885,3895,3884,3886,3882,3886,3887,3888,3885,3885,3880,3886,3882,3879,3884,3888,3881,3884,3878,3882,3883,3882,3883,3890,3884,3889,3882,3879,3882,3897,3891,3890,3887,3894,3884,3891,3886,-0.11,SJNFAAZE1U0005576,117.67,13.04,8967.2421875,78,74,0,0,0,0,14.5,99.19,-138950,97,1527994330.963,0,1,1,0,7,0,0,3,0,1,372.49,372.49,7F,1,1,1,0082,59,40,40,0,0,19,0.00
03/06/2018 3:52:18,54 58.40638,-1 31.22418,291,0,268,529714,1145049,372.77,-122.489,3901,3868,3883,33,0,96.8,36.0,93.4,34.1,none,none,88.4,31.3,3898,3891,3885,3885,3888,3882,3878,3878,3881,3875,3878,3874,3877,3873,3874,3870,3874,3872,3874,3871,3872,3868,3872,3872,3871,3872,3875,3871,3873,3871,3876,3874,3878,3873,3874,3873,3875,3871,3875,3873,3881,3879,3886,3877,3888,3884,3895,3882,3900,3893,3901,3893,3895,3894,3897,3891,3890,3885,3897,3888,3898,3887,3888,3886,3888,3890,3890,3887,3887,3883,3890,3884,3882,3887,3891,3884,3888,3882,3884,3886,3886,3884,3892,3886,3891,3884,3882,3885,3899,3894,3892,3889,3897,3886,3893,3889,-0.15,SJNFAAZE1U0005576,117.67,13.04,8967.2421875,78,74,0,0,0,0,14.5,99.19,-139030,97,1527994338.032,0,1,0,0,0,0,0,3,0,1,372.71,372.71,7F,1,1,1,0082,58,40,40,0,0,19,0.00
03/06/2018 3:52:25,54 58.40638,-1 31.22418,291,0,269,531899,1145049,372.86,-121.574,3902,3869,3884,33,0,97.0,36.1,93.6,34.2,none,none,88.4,31.3,3899,3891,3886,3886,3889,3884,3878,3879,3882,3877,3878,3875,3878,3875,3875,3874,3876,3874,3873,3873,3873,3869,3874,3874,3874,3874,3877,3873,3875,3874,3876,3875,3879,3875,3874,3875,3875,3873,3876,3874,3882,3879,3887,3878,3889,3886,3896,3884,3902,3896,3902,3895,3898,3895,3899,3893,3892,3887,3898,3890,3899,3887,3889,3888,3890,3893,3892,3889,3887,3883,3890,3886,3883,3889,3891,3886,3890,3884,3886,3887,3886,3887,3894,3887,3893,3886,3884,3885,3900,3896,3894,3890,3898,3889,3894,3890,-0.14,SJNFAAZE1U0005576,117.67,13.04,8967.2421875,78,74,0,0,0,0,14.5,99.19,-139120,97,1527994345.271,0,1,1,0,2,0,0,3,0,1,372.83,372.83,7F,1,1,1,0082,59,40,40,0,0,19,0.00
03/06/2018 3:52:32,54 58.40638,-1 31.22418,291,0,270,533990,1145049,373.06,-121.848,3904,3871,3886,33,0,97.2,36.2,93.8,34.3,none,none,88.8,31.6,3902,3894,3888,3888,3891,3885,3880,3881,3884,3877,3880,3876,3880,3877,3877,3874,3877,3875,3876,3875,3875,3871,3875,3875,3875,3875,3877,3875,3876,3874,3878,3876,3880,3877,3877,3877,3876,3875,3878,3875,3883,3881,3889,3879,3892,3886,3899,3886,3904,3897,3904,3895,3900,3898,3900,3894,3892,3889,3900,3891,3901,3890,3891,3888,3891,3893,3893,3890,3889,3886,3891,3888,3885,3889,3893,3885,3891,3885,3888,3888,3889,3887,3896,3888,3894,3887,3886,3888,3902,3898,3895,3893,3899,3891,3897,3892,-0.11,SJNFAAZE1U0005576,117.67,13.04,8967.2421875,78,74,0,0,0,0,14.5,99.19,-139206,97,1527994352.205,0,1,0,0,0,0,0,3,0,1,373.07,373.07,7F,1,1,1,0082,58,40,40,0,0,19,0.00
03/06/2018 3:52:37,54 58.40638,-1 31.22418,291,0,271,536000,1145049,373.15,-120.811,3905,3871,3887,34,0,97.2,36.2,93.8,34.3,none,none,88.8,31.6,3902,3896,3889,3889,3892,3886,3881,3883,3885,3879,3880,3878,3880,3878,3878,3876,3879,3877,3877,3876,3876,3871,3876,3877,3876,3877,3879,3877,3877,3875,3879,3878,3882,3878,3877,3879,3878,3878,3880,3877,3883,3883,3890,3880,3892,3888,3898,3887,3904,3898,3905,3897,3901,3898,3903,3896,3894,3890,3900,3891,3902,3890,3892,3890,3891,3895,3894,3891,3891,3887,3893,3890,3885,3891,3894,3888,3892,3885,3889,3890,3890,3889,3897,3891,3894,3889,3887,3889,3902,3898,3897,3894,3901,3893,3898,3894,-0.14,SJNFAAZE1U0005576,117.67,13.04,8967.2421875,78,74,0,0,0,0,14.5,99.19,-139289,97,1527994357.991,0,1,0,0,0,0,0,3,0,1,373.23,373.23,7F,1,1,1,0082,58,40,40,0,0,19,0.00
03/06/2018 3:52:44,54 58.40638,-1 31.22418,291,0,272,537465,1145049,373.15,-122.001,3906,3871,3887,35,0,97.2,36.2,94.0,34.4,none,none,89.0,31.7,3903,3895,3890,3889,3893,3887,3883,3882,3885,3879,3881,3879,3882,3878,3879,3876,3879,3877,3878,3877,3877,3871,3876,3877,3876,3877,3880,3877,3879,3875,3880,3878,3882,3878,3878,3879,3879,3876,3880,3876,3884,3882,3891,3880,3892,3888,3899,3887,3905,3898,3906,3898,3900,3898,3902,3895,3894,3889,3902,3892,3903,3890,3892,3891,3893,3894,3896,3890,3891,3887,3893,3890,3886,3891,3895,3888,3893,3887,3888,3890,3891,3889,3898,3890,3896,3889,3887,3888,3903,3899,3897,3893,3902,3893,3898,3893,-0.12,SJNFAAZE1U0005576,117.67,13.04,8967.2421875,78,74,0,0,0,0,14.5,99.19,-139349,97,1527994364.582,0,1,2,0,8,0,0,3,0,1,373.20,373.20,7F,1,1,1,0082,58,40,40,0,0,19,0.00
03/06/2018 3:52:51,54 58.40638,-1 31.22418,291,0,273,539624,1145049,373.44,-122.275,3908,3874,3890,34,0,97.5,36.4,94.2,34.6,none,none,89.0,31.7,3905,3897,3891,3890,3895,3889,3884,3884,3888,3882,3884,3880,3884,3880,3881,3879,3881,3878,3879,3879,3880,3874,3879,3878,3879,3879,3882,3879,3881,3878,3882,3880,3885,3879,3881,3881,3881,3879,3882,3879,3886,3884,3893,3883,3894,3891,3901,3888,3907,3900,3908,3899,3904,3900,3905,3898,3898,3891,3904,3894,3905,3894,3895,3892,3894,3896,3898,3894,3894,3889,3895,3891,3889,3893,3897,3890,3895,3889,3891,3893,3892,3891,3900,3893,3899,3891,3889,3890,3905,3901,3900,3895,3903,3894,3900,3895,-0.18,SJNFAAZE1U0005576,117.67,13.04,8967.2421875,78,74,0,0,0,0,14.5,99.19,-139438,97,1527994371.302,0,1,0,0,0,0,0,3,0,1,373.38,373.38,7F,1,1,1,0082,58,40,40,0,0,19,0.00
03/06/2018 3:52:57,54 58.40638,-1 31.22418,291,0,274,541418,1145049,373.44,-120.719,3910,3874,3890,36,0,97.7,36.5,94.4,34.7,none,none,89.2,31.8,3905,3897,3891,3891,3895,3888,3884,3885,3888,3882,3883,3880,3883,3880,3881,3878,3882,3878,3880,3879,3880,3874,3879,3879,3879,3880,3882,3879,3880,3877,3882,3880,3885,3880,3881,3881,3882,3878,3883,3879,3887,3884,3893,3883,3895,3890,3903,3890,3907,3900,3910,3900,3904,3901,3905,3897,3896,3892,3904,3894,3905,3893,3894,3892,3895,3896,3898,3894,3893,3889,3896,3891,3889,3894,3898,3890,3894,3889,3892,3892,3893,3891,3900,3893,3899,3891,3889,3890,3906,3901,3899,3896,3903,3895,3901,3895,-0.14,SJNFAAZE1U0005576,117.67,13.04,8967.2421875,78,74,0,0,0,0,14.5,99.19,-139512,97,1527994377.595,0,1,2,0,7,0,0,3,0,1,373.49,373.49,7F,1,1,1,0082,58,40,40,0,0,19,0.00
03/06/2018 3:53:03,54 58.40638,-1 31.22418,291,0,275,543189,1145049,373.54,-121.574,3911,3877,3891,34,0,97.7,36.5,94.4,34.7,none,none,89.2,31.8,3907,3899,3892,3894,3897,3891,3886,3886,3890,3884,3885,3882,3886,3881,3883,3880,3884,3880,3882,3880,3880,3877,3881,3881,3881,3881,3884,3880,3882,3879,3884,3882,3886,3882,3883,3883,3882,3881,3884,3881,3887,3886,3895,3885,3897,3892,3904,3891,3909,3902,3911,3902,3905,3902,3907,3899,3897,3893,3907,3896,3906,3896,3897,3894,3897,3899,3899,3894,3896,3891,3897,3893,3890,3896,3900,3892,3896,3890,3893,3894,3894,3893,3902,3894,3901,3894,3891,3892,3908,3902,3900,3897,3905,3896,3902,3897,-0.12,SJNFAAZE1U0005576,117.67,13.04,8967.2421875,78,74,0,0,0,0,14.5,99.19,-139585,97,1527994383.680,0,1,0,0,0,0,0,3,0,1,373.65,373.65,7F,1,1,1,0082,58,40,40,0,0,19,0.00
03/06/2018 3:53:10,54 58.40638,-1 31.22418,291,0,276,545167,1145049,373.73,-120.902,3911,3877,3893,34,0,97.9,36.6,94.6,34.8,none,none,89.4,31.9,3908,3900,3894,3894,3898,3891,3886,3887,3890,3885,3887,3882,3887,3883,3884,3881,3886,3882,3884,3881,3882,3877,3883,3882,3882,3881,3886,3882,3883,3880,3885,3883,3887,3884,3883,3883,3884,3882,3886,3881,3890,3888,3896,3886,3897,3893,3905,3891,3911,3903,3911,3903,3905,3903,3907,3902,3899,3894,3907,3898,3908,3896,3898,3894,3898,3898,3901,3898,3896,3892,3898,3894,3893,3896,3900,3893,3897,3891,3894,3895,3896,3894,3903,3895,3901,3894,3891,3893,3909,3904,3902,3899,3907,3896,3904,3898,-0.16,SJNFAAZE1U0005576,117.67,13.04,8967.2421875,78,74,0,0,0,0,14.5,99.19,-139667,97,1527994390.263,0,1,1,0,7,0,0,3,0,1,373.75,373.75,7F,1,1,1,0082,58,40,40,0,0,19,0.00
03/06/2018 3:53:15,54 58.40638,-1 31.22418,291,0,277,547021,1145049,373.82,-121.391,3913,3878,3894,35,0,97.9,36.6,94.6,34.8,none,none,89.6,32.0,3911,3902,3896,3896,3899,3893,3889,3887,3892,3886,3889,3885,3888,3885,3885,3883,3887,3883,3885,3884,3884,3878,3883,3882,3883,3884,3886,3884,3885,3883,3888,3885,3889,3885,3885,3885,3885,3884,3887,3884,3891,3888,3897,3886,3900,3895,3906,3894,3912,3904,3913,3904,3907,3905,3909,3903,3900,3896,3909,3899,3909,3898,3899,3897,3899,3901,3902,3898,3898,3894,3901,3895,3893,3898,3901,3895,3899,3893,3895,3897,3898,3896,3905,3898,3904,3896,3894,3895,3911,3906,3904,3900,3910,3899,3905,3900,-0.16,SJNFAAZE1U0005576,117.67,13.04,8967.2421875,78,74,0,0,0,0,14.5,99.19,-139743,97,1527994395.625,0,1,0,0,0,0,0,3,0,1,373.93,373.93,7F,1,1,1,0082,58,40,40,0,0,19,0.00
03/06/2018 3:53:22,54 58.40638,-1 31.22418,291,0,278,548738,1145049,374.02,-121.604,3914,3880,3896,34,0,98.2,36.8,94.8,34.9,none,none,89.6,32.0,3911,3904,3898,3897,3901,3895,3891,3891,3895,3888,3891,3887,3890,3887,3887,3884,3887,3886,3885,3886,3886,3880,3885,3885,3885,3884,3888,3885,3887,3885,3889,3885,3891,3886,3886,3888,3888,3886,3888,3885,3894,3892,3900,3889,3900,3896,3908,3896,3914,3907,3914,3907,3910,3907,3911,3904,3903,3898,3912,3902,3911,3899,3902,3899,3902,3903,3904,3900,3900,3895,3903,3899,3894,3899,3903,3896,3901,3895,3897,3898,3899,3898,3905,3899,3905,3897,3895,3897,3912,3907,3905,3903,3911,3900,3908,3902,-0.18,SJNFAAZE1U0005576,117.67,13.04,8967.2421875,78,74,0,0,0,0,14.5,99.19,-139814,97,1527994402.075,0,1,0,0,0,0,0,3,0,1,374.11,374.11,7F,1,1,1,0082,58,40,40,0,0,19,0.00
03/06/2018 3:53:27,54 58.40638,-1 31.22418,291,0,278,550264,1145049,374.11,-120.963,3915,3881,3897,34,0,98.2,36.8,94.8,34.9,none,none,89.8,32.1,3913,3904,3898,3899,3902,3895,3891,3891,3895,3889,3890,3887,3891,3887,3888,3886,3889,3886,3886,3886,3886,3881,3886,3886,3886,3886,3888,3887,3888,3884,3889,3887,3891,3886,3888,3888,3889,3886,3889,3886,3894,3892,3901,3890,3902,3897,3910,3895,3914,3907,3915,3906,3911,3907,3912,3905,3904,3899,3911,3902,3911,3900,3902,3899,3902,3904,3905,3901,3900,3896,3902,3898,3896,3900,3904,3897,3902,3896,3897,3899,3900,3898,3906,3900,3906,3898,3896,3898,3913,3908,3907,3903,3912,3901,3908,3903,-0.18,SJNFAAZE1U0005576,117.67,13.04,8967.2421875,78,74,0,0,0,0,14.5,99.19,-139877,97,1527994407.348,0,1,2,0,7,0,0,3,0,1,374.04,374.04,7F,1,1,1,0082,58,40,40,0,0,19,0.00
03/06/2018 3:53:34,54 58.40638,-1 31.22418,291,0,279,552243,1145049,374.30,-122.367,3918,3884,3899,34,0,98.2,36.8,95.0,35.0,none,none,89.8,32.1,3916,3907,3901,3901,3905,3898,3894,3894,3898,3891,3893,3890,3893,3890,3891,3888,3890,3888,3890,3887,3888,3884,3888,3889,3889,3889,3891,3889,3890,3887,3891,3889,3894,3889,3889,3889,3890,3888,3892,3888,3896,3895,3902,3893,3904,3900,3912,3898,3916,3909,3918,3909,3914,3910,3915,3907,3906,3901,3914,3904,3914,3901,3904,3901,3904,3906,3907,3902,3903,3899,3905,3900,3898,3903,3907,3900,3905,3898,3901,3901,3902,3901,3909,3902,3908,3900,3899,3901,3916,3910,3909,3906,3913,3903,3910,3904,-0.14,SJNFAAZE1U0005576,117.67,13.04,8967.2421875,78,74,0,0,0,0,14.5,99.19,-139959,97,1527994414.103,0,1,0,0,0,0,0,3,0,1,374.25,374.25,7F,1,1,1,0082,58,40,40,0,0,19,0.00
03/06/2018 3:53:38,54 58.40638,-1 31.22418,291,0,280,553692,1145049,374.40,-120.749,3918,3885,3900,33,0,98.6,37.0,95.2,35.1,none,none,90.0,32.2,3916,3908,3901,3903,3904,3899,3895,3896,3898,3893,3894,3892,3896,3892,3891,3891,3892,3890,3890,3890,3889,3885,3889,3890,3888,3891,3892,3891,3891,3889,3891,3891,3895,3891,3891,3892,3891,3890,3892,3890,3897,3896,3903,3894,3903,3902,3913,3899,3918,3912,3918,3911,3915,3910,3915,3909,3907,3902,3915,3906,3915,3903,3905,3903,3905,3908,3908,3903,3903,3901,3906,3903,3899,3905,3907,3901,3906,3899,3901,3902,3902,3902,3911,3905,3909,3902,3900,3901,3917,3912,3910,3906,3915,3906,3911,3906,-0.15,SJNFAAZE1U0005576,117.67,13.04,8967.2421875,78,74,0,0,0,0,14.5,99.19,-140018,96,1527994418.729,0,1,1,0,0,0,0,3,0,1,374.48,374.48,7F,1,1,1,0082,58,40,40,0,0,19,0.00
03/06/2018 3:53:45,54 58.40638,-1 31.22418,291,0,281,555574,1145049,374.59,-121.940,3921,3887,3902,34,0,98.6,37.0,95.2,35.1,none,none,90.0,32.2,3919,3910,3904,3903,3908,3901,3896,3897,3900,3893,3895,3892,3896,3893,3893,3890,3893,3892,3892,3891,3892,3887,3891,3891,3891,3891,3894,3891,3892,3890,3894,3892,3897,3892,3893,3893,3894,3890,3894,3891,3899,3897,3904,3895,3906,3902,3915,3902,3919,3912,3921,3912,3916,3913,3918,3909,3909,3903,3917,3905,3918,3906,3907,3904,3907,3908,3910,3907,3906,3901,3909,3903,3901,3905,3910,3902,3907,3900,3903,3904,3904,3903,3911,3905,3911,3903,3902,3904,3918,3913,3912,3909,3915,3906,3913,3907,-0.13,SJNFAAZE1U0005576,117.67,13.04,8967.2421875,78,74,0,0,0,0,14.5,99.19,-140096,96,1527994425.399,0,1,0,0,0,0,0,3,0,1,374.60,374.60,7F,1,1,1,0082,58,40,40,0,0,19,0.00
03/06/2018 3:53:52,54 58.40638,-1 31.22418,291,0,282,557437,1145049,374.69,-122.397,3923,3888,3903,35,0,98.6,37.0,95.4,35.2,none,none,90.2,32.3,3920,3911,3906,3904,3908,3902,3897,3898,3902,3895,3898,3894,3897,3894,3894,3892,3895,3893,3893,3893,3893,3888,3893,3892,3892,3893,3895,3893,3893,3892,3897,3893,3898,3894,3893,3895,3894,3892,3895,3893,3900,3898,3907,3896,3908,3904,3916,3903,3921,3914,3923,3914,3918,3913,3918,3912,3910,3905,3919,3908,3919,3907,3908,3906,3908,3910,3912,3908,3907,3903,3909,3905,3901,3906,3910,3903,3908,3902,3904,3905,3906,3905,3914,3906,3912,3905,3903,3906,3919,3915,3912,3910,3918,3907,3914,3909,-0.17,SJNFAAZE1U0005576,117.67,13.04,8967.2421875,78,74,0,0,0,0,14.5,99.19,-140173,96,1527994432.118,0,1,0,0,0,0,0,3,0,1,374.69,374.69,7F,1,1,1,0082,58,40,40,0,0,19,0.00
03/06/2018 3:53:58,54 58.40638,-1 31.22418,291,0,283,559288,1145049,374.88,-121.269,3923,3888,3905,35,0,98.8,37.1,95.6,35.3,none,none,90.2,32.3,3921,3912,3906,3905,3911,3903,3899,3900,3902,3896,3899,3895,3900,3895,3896,3894,3897,3893,3896,3893,3895,3888,3893,3894,3893,3894,3896,3894,3895,3893,3898,3895,3900,3896,3896,3896,3895,3894,3897,3893,3901,3899,3908,3898,3910,3905,3918,3905,3921,3915,3923,3914,3917,3915,3919,3912,3912,3906,3920,3910,3919,3908,3910,3906,3909,3912,3913,3910,3908,3904,3912,3906,3903,3908,3912,3905,3910,3904,3907,3906,3906,3905,3915,3907,3914,3906,3903,3906,3920,3916,3915,3911,3919,3909,3916,3910,-0.16,SJNFAAZE1U0005576,117.67,13.04,8967.2421875,78,74,0,0,0,0,14.5,99.19,-140249,96,1527994438.088,0,1,1,0,7,0,0,3,0,1,374.76,374.76,7F,1,1,1,0082,58,40,40,0,0,19,0.00
03/06/2018 3:54:04,54 58.40638,-1 31.22418,291,0,284,561236,1145049,374.98,-122.092,3924,3890,3906,34,0,99.0,37.2,95.6,35.3,none,none,90.4,32.4,3921,3914,3908,3907,3911,3905,3900,3900,3904,3898,3900,3896,3901,3896,3897,3893,3897,3896,3896,3895,3896,3890,3896,3896,3895,3895,3898,3895,3896,3894,3898,3896,3901,3897,3896,3896,3897,3895,3898,3895,3903,3901,3909,3899,3911,3906,3919,3906,3924,3916,3923,3916,3920,3916,3922,3914,3912,3907,3921,3911,3921,3909,3910,3908,3911,3913,3914,3911,3909,3905,3912,3907,3905,3909,3913,3905,3910,3904,3907,3908,3909,3907,3916,3909,3915,3907,3905,3907,3923,3917,3915,3912,3920,3910,3917,3911,-0.16,SJNFAAZE1U0005576,117.67,13.04,8967.2421875,78,74,0,0,0,0,14.5,99.19,-140329,96,1527994444.421,0,1,0,0,0,0,0,3,0,1,374.99,374.99,7F,1,1,1,0082,58,40,40,0,0,19,0.00
03/06/2018 3:54:08,54 58.40638,-1 31.22418,291,0,285,562619,1145049,374.98,-120.200,3924,3890,3906,34,0,99.0,37.2,95.8,35.4,none,none,90.6,32.6,3922,3915,3906,3907,3911,3905,3899,3901,3904,3898,3900,3897,3901,3897,3896,3894,3897,3895,3896,3896,3895,3890,3894,3896,3895,3896,3897,3896,3896,3894,3898,3897,3900,3897,3896,3897,3897,3895,3899,3895,3902,3901,3908,3900,3910,3907,3919,3906,3924,3917,3924,3916,3919,3917,3921,3914,3912,3908,3920,3911,3920,3908,3911,3908,3911,3913,3913,3909,3909,3904,3911,3908,3904,3910,3913,3907,3910,3904,3906,3907,3908,3907,3916,3908,3916,3907,3905,3906,3922,3917,3916,3911,3920,3911,3917,3912,-0.16,SJNFAAZE1U0005576,117.67,13.04,8967.2421875,78,74,0,0,0,0,14.5,99.19,-140386,96,1527994448.222,0,1,1,0,7,0,0,3,0,1,375.05,375.05,7F,1,1,1,0082,58,40,40,0,0,19,0.00
03/06/2018 3:54:11,54 58.40638,-1 31.22418,291,0,285,563704,1145049,375.07,-121.299,3925,3892,3907,33,0,99.0,37.2,95.8,35.4,none,none,90.6,32.6,3923,3913,3908,3908,3911,3906,3900,3900,3905,3899,3901,3897,3901,3897,3898,3896,3899,3896,3897,3896,3896,3892,3896,3896,3896,3896,3898,3896,3898,3893,3900,3897,3901,3896,3897,3897,3898,3895,3900,3896,3904,3901,3910,3900,3912,3906,3920,3906,3924,3917,3925,3916,3921,3917,3922,3915,3912,3908,3922,3911,3922,3910,3911,3909,3912,3913,3915,3910,3911,3906,3913,3908,3905,3910,3913,3907,3911,3905,3908,3909,3909,3908,3917,3910,3916,3908,3906,3907,3923,3918,3916,3913,3921,3910,3918,3912,-0.12,SJNFAAZE1U0005576,117.67,13.04,8967.2421875,78,74,0,0,0,0,14.5,99.19,-140431,96,1527994451.841,0,1,0,0,8,0,0,3,0,1,375.11,375.11,7F,1,1,1,0082,58,40,40,0,0,19,0.00
03/06/2018 3:54:15,54 58.40638,-1 31.22418,291,0,286,564767,1145049,375.07,-121.391,3926,3892,3907,34,0,99.0,37.2,96.0,35.6,none,none,90.8,32.7,3925,3915,3909,3908,3912,3907,3902,3902,3906,3899,3902,3898,3902,3898,3900,3897,3899,3896,3898,3895,3898,3892,3897,3898,3896,3898,3899,3896,3899,3896,3900,3897,3902,3897,3898,3899,3899,3897,3901,3896,3904,3902,3911,3901,3912,3909,3921,3907,3926,3917,3925,3918,3922,3919,3924,3916,3913,3908,3923,3912,3924,3911,3913,3910,3911,3914,3915,3911,3912,3906,3914,3908,3905,3911,3915,3907,3912,3906,3909,3909,3910,3909,3918,3910,3916,3908,3907,3908,3924,3918,3918,3913,3922,3912,3918,3913,-0.16,SJNFAAZE1U0005576,117.67,13.04,8967.2421875,78,74,0,0,0,0,14.5,99.19,-140475,96,1527994455.416,0,1,0,0,0,0,0,3,0,1,375.18,375.18,7F,1,1,1,0082,58,40,40,0,0,19,0.00
03/06/2018 3:54:18,54 58.40638,-1 31.22418,291,0,286,565831,1145049,375.17,-121.726,3927,3893,3908,34,0,99.2,37.3,96.0,35.6,none,none,90.8,32.7,3925,3917,3911,3910,3913,3907,3903,3902,3906,3901,3903,3900,3903,3899,3900,3898,3900,3898,3899,3898,3898,3893,3898,3898,3897,3897,3900,3898,3899,3896,3901,3899,3904,3899,3899,3900,3899,3898,3902,3897,3905,3903,3912,3901,3913,3909,3922,3908,3927,3918,3927,3917,3921,3919,3925,3915,3915,3910,3924,3912,3924,3911,3914,3911,3913,3915,3917,3912,3912,3909,3915,3910,3906,3912,3916,3909,3913,3907,3910,3909,3912,3909,3919,3911,3918,3909,3908,3908,3925,3920,3918,3914,3924,3913,3920,3914,-0.19,SJNFAAZE1U0005576,117.67,13.04,8967.2421875,78,74,0,0,0,0,14.5,99.19,-140519,96,1527994458.924,0,1,0,0,0,0,0,3,0,1,375.24,375.24,7F,1,1,1,0082,58,40,40,0,0,19,0.00
03/06/2018 3:54:22,54 58.40638,-1 31.22418,291,0,287,566859,1145049,375.26,-121.177,3928,3893,3909,35,0,99.4,37.4,96.2,35.7,none,none,90.8,32.7,3926,3917,3910,3909,3914,3908,3903,3903,3908,3900,3904,3900,3904,3898,3901,3898,3900,3898,3900,3898,3899,3893,3898,3898,3897,3899,3901,3899,3899,3896,3902,3899,3903,3900,3900,3899,3901,3898,3902,3898,3905,3904,3912,3903,3914,3910,3922,3908,3927,3919,3928,3919,3922,3919,3925,3916,3915,3911,3925,3914,3925,3912,3915,3911,3916,3916,3917,3912,3913,3908,3916,3910,3909,3913,3917,3910,3914,3907,3911,3910,3912,3910,3919,3912,3918,3910,3908,3910,3924,3921,3920,3915,3924,3913,3920,3913,-0.15,SJNFAAZE1U0005576,117.67,13.04,8967.2421875,78,74,0,0,0,0,14.5,99.19,-140561,96,1527994462.480,0,1,1,0,7,0,0,3,0,1,375.28,375.28,7F,1,1,1,0082,58,40,40,0,0,19,0.00
03/06/2018 3:54:26,54 58.40638,-1 31.22418,291,0,287,567916,1145049,375.46,-122.184,3930,3896,3911,34,0,99.2,37.3,96.0,35.6,none,none,90.8,32.7,3928,3919,3912,3912,3916,3910,3905,3905,3909,3903,3904,3903,3906,3902,3902,3899,3902,3900,3901,3900,3900,3896,3900,3901,3900,3900,3903,3901,3902,3900,3903,3902,3906,3901,3902,3903,3902,3900,3903,3900,3909,3906,3914,3905,3916,3911,3925,3911,3928,3921,3930,3921,3924,3921,3926,3918,3917,3913,3927,3916,3927,3914,3915,3914,3916,3918,3919,3915,3915,3911,3917,3913,3910,3914,3918,3911,3916,3910,3912,3912,3913,3912,3922,3914,3921,3913,3911,3912,3927,3922,3921,3917,3926,3915,3921,3916,-0.13,SJNFAAZE1U0005576,117.67,13.04,8967.2421875,78,74,0,0,0,0,14.5,99.19,-140605,96,1527994466.377,0,1,0,0,8,0,0,3,0,1,375.44,375.44,7F,1,1,1,0082,58,40,40,0,0,19,0.00
03/06/2018 3:54:30,54 58.40638,-1 31.22418,291,0,288,569098,1145049,375.55,-121.269,3931,3896,3912,35,0,99.4,37.4,96.2,35.7,none,none,91.0,32.8,3928,3920,3913,3913,3917,3910,3906,3906,3910,3903,3906,3902,3906,3902,3903,3901,3903,3900,3902,3900,3902,3896,3902,3901,3901,3901,3904,3901,3903,3900,3905,3902,3907,3903,3902,3904,3903,3901,3905,3900,3908,3906,3915,3905,3917,3912,3926,3911,3929,3921,3931,3921,3926,3922,3928,3920,3918,3914,3927,3917,3927,3916,3917,3914,3917,3918,3920,3917,3916,3911,3918,3913,3912,3916,3920,3912,3917,3911,3914,3914,3915,3913,3922,3915,3921,3912,3911,3913,3928,3923,3921,3919,3926,3916,3923,3916,-0.17,SJNFAAZE1U0005576,117.67,13.04,8967.2421875,78,74,0,0,0,0,14.5,99.19,-140653,96,1527994470.244,0,1,0,0,0,0,0,3,0,1,375.58,375.58,7F,1,1,1,0082,58,40,40,0,0,19,0.00
03/06/2018 3:54:33,54 58.40638,-1 31.22418,291,0,288,570161,1145049,375.55,-121.543,3930,3896,3912,34,0,99.4,37.4,96.2,35.7,none,none,91.0,32.8,3929,3919,3913,3913,3917,3911,3906,3905,3910,3903,3906,3902,3907,3902,3903,3901,3904,3901,3903,3902,3902,3896,3901,3902,3901,3901,3903,3902,3902,3901,3905,3902,3907,3902,3903,3902,3903,3901,3903,3900,3909,3908,3915,3905,3917,3911,3924,3912,3930,3921,3930,3922,3926,3922,3927,3919,3918,3913,3927,3916,3927,3916,3916,3914,3917,3919,3920,3915,3916,3911,3918,3914,3909,3916,3918,3911,3916,3911,3913,3914,3914,3913,3922,3914,3921,3913,3911,3914,3929,3923,3921,3918,3925,3916,3922,3917,-0.17,SJNFAAZE1U0005576,117.67,13.04,8967.2421875,78,74,0,0,0,0,14.5,99.19,-140697,96,1527994473.867,0,1,0,0,0,0,0,3,0,1,375.58,375.58,7F,1,1,1,0082,58,40,40,0,0,19,0.00
03/06/2018 3:54:37,54 58.40638,-1 31.22418,291,0,289,571276,1145049,375.55,-121.299,3931,3897,3912,34,0,99.4,37.4,96.4,35.8,none,none,91.0,32.8,3930,3920,3914,3914,3918,3910,3906,3907,3911,3905,3907,3903,3907,3903,3904,3902,3904,3901,3903,3901,3902,3897,3902,3902,3901,3903,3904,3902,3903,3900,3905,3903,3907,3903,3902,3903,3903,3902,3904,3902,3910,3907,3917,3906,3917,3913,3926,3912,3930,3922,3931,3923,3926,3923,3928,3919,3919,3913,3928,3916,3928,3915,3917,3915,3917,3920,3921,3916,3916,3913,3919,3913,3911,3917,3920,3913,3918,3911,3913,3914,3915,3913,3923,3914,3922,3914,3912,3914,3930,3923,3922,3919,3927,3916,3923,3917,-0.16,SJNFAAZE1U0005576,117.67,13.04,8967.2421875,78,74,0,0,0,0,14.5,99.19,-140743,96,1527994477.579,0,1,1,0,7,0,0,3,0,1,375.59,375.59,7F,1,1,1,0082,58,40,40,0,0,19,0.00
03/06/2018 3:54:41,54 58.40638,-1 31.22418,291,0,290,572424,1145049,375.84,-122.336,3933,3899,3915,34,0,99.6,37.6,96.6,35.9,none,none,91.2,32.9,3931,3923,3916,3916,3920,3914,3909,3909,3912,3906,3909,3906,3910,3905,3907,3903,3907,3904,3906,3903,3904,3899,3904,3905,3904,3904,3908,3905,3905,3903,3908,3905,3909,3905,3905,3906,3906,3904,3907,3904,3911,3909,3918,3908,3920,3915,3928,3914,3932,3924,3933,3924,3929,3925,3931,3921,3921,3916,3931,3919,3930,3918,3919,3917,3920,3922,3922,3919,3919,3914,3920,3916,3914,3918,3922,3914,3920,3914,3916,3916,3916,3915,3925,3917,3924,3916,3915,3917,3932,3926,3924,3922,3929,3919,3926,3919,-0.18,SJNFAAZE1U0005576,117.67,13.04,8967.2421875,78,74,0,0,0,0,14.5,99.19,-140790,96,1527994481.721,0,1,0,0,0,0,0,3,0,1,375.79,375.79,7F,1,1,1,0082,58,40,40,0,0,19,0.00
03/06/2018 3:54:45,54 58.40638,-1 31.22418,291,0,290,573576,1145049,375.84,-121.513,3934,3900,3915,34,0,99.6,37.6,96.6,35.9,none,none,91.2,32.9,3933,3924,3915,3917,3921,3914,3909,3910,3914,3908,3910,3905,3910,3907,3907,3904,3907,3904,3905,3904,3906,3900,3905,3904,3904,3905,3907,3904,3906,3903,3908,3905,3910,3906,3907,3906,3907,3905,3908,3905,3913,3911,3919,3909,3920,3916,3929,3915,3933,3925,3934,3924,3929,3926,3932,3923,3922,3916,3931,3920,3931,3919,3920,3917,3921,3922,3923,3920,3919,3915,3922,3917,3915,3919,3922,3916,3921,3915,3917,3917,3918,3916,3925,3918,3924,3916,3914,3917,3932,3927,3925,3922,3930,3920,3927,3921,-0.20,SJNFAAZE1U0005576,117.67,13.04,8967.2421875,78,74,0,0,0,0,14.5,99.19,-140838,96,1527994485.672,0,1,0,0,0,0,0,3,0,1,375.94,375.94,7F,1,1,1,0082,58,40,40,0,0,19,0.00
03/06/2018 3:54:49,54 58.40638,-1 31.22418,291,0,291,574756,1145049,375.94,-120.475,3933,3901,3916,32,0,99.8,37.7,96.6,35.9,none,none,91.4,33.0,3932,3923,3917,3917,3921,3915,3910,3911,3913,3909,3909,3907,3910,3907,3907,3904,3907,3906,3906,3906,3905,3901,3905,3906,3904,3906,3907,3905,3907,3904,3908,3907,3910,3907,3906,3907,3906,3906,3908,3905,3912,3912,3920,3910,3920,3916,3928,3916,3932,3926,3933,3927,3928,3926,3932,3923,3921,3917,3931,3921,3931,3918,3920,3918,3920,3923,3923,3919,3919,3914,3922,3917,3914,3919,3922,3917,3919,3914,3918,3916,3917,3917,3926,3918,3924,3917,3915,3916,3932,3927,3924,3921,3930,3919,3926,3921,-0.19,SJNFAAZE1U0005576,117.67,13.04,8967.2421875,78,74,0,0,0,0,14.5,99.19,-140887,96,1527994489.560,0,1,0,0,0,0,0,3,0,1,376.00,376.00,7F,1,1,1,0082,58,40,40,0,0,19,0.00
03/06/2018 3:54:53,54 58.40638,-1 31.22418,291,0,291,575869,1145049,375.94,-120.353,3934,3902,3916,32,0,99.8,37.7,96.8,36.0,none,none,91.6,33.1,3933,3925,3917,3917,3922,3915,3910,3911,3914,3908,3910,3908,3911,3906,3906,3906,3908,3906,3907,3906,3906,3902,3906,3906,3905,3906,3908,3907,3907,3905,3908,3907,3911,3907,3907,3908,3908,3907,3909,3905,3913,3912,3919,3910,3921,3917,3929,3916,3933,3926,3934,3927,3929,3925,3932,3923,3922,3918,3931,3920,3930,3918,3920,3919,3920,3924,3923,3919,3919,3915,3924,3918,3915,3921,3923,3916,3921,3914,3918,3918,3918,3918,3927,3918,3924,3917,3914,3916,3932,3926,3927,3922,3930,3921,3927,3922,-0.19,SJNFAAZE1U0005576,117.67,13.04,8967.2421875,78,74,0,0,0,0,14.5,99.19,-140932,96,1527994493.243,0,1,2,0,7,0,0,3,0,1,376.00,376.00,7F,1,1,1,0082,58,40,40,0,0,19,0.00
03/06/2018 3:54:56,54 58.40638,-1 31.22418,291,0,292,576930,1145049,376.03,-121.635,3935,3902,3917,33,0,99.8,37.7,96.8,36.0,none,none,91.4,33.0,3934,3925,3918,3917,3923,3916,3912,3911,3915,3908,3911,3908,3912,3907,3908,3906,3908,3906,3908,3905,3907,3902,3907,3907,3907,3906,3909,3906,3907,3905,3909,3907,3913,3909,3908,3908,3909,3906,3910,3906,3914,3912,3921,3909,3921,3917,3931,3917,3935,3926,3935,3926,3931,3927,3932,3924,3924,3917,3932,3921,3932,3920,3921,3919,3922,3924,3924,3920,3921,3916,3923,3919,3915,3920,3925,3917,3921,3916,3918,3918,3919,3917,3928,3919,3926,3919,3916,3918,3933,3928,3927,3922,3931,3920,3929,3922,-0.16,SJNFAAZE1U0005576,117.67,13.04,8967.2421875,78,74,0,0,0,0,14.5,99.19,-140976,96,1527994496.801,0,1,0,0,0,0,0,3,0,1,376.10,376.10,7F,1,1,1,0082,58,40,40,0,0,19,0.00
03/06/2018 3:55:00,54 58.40638,-1 31.22418,291,0,292,578023,1145049,376.13,-121.726,3937,3903,3918,34,0,100.0,37.8,97.0,36.1,none,none,91.6,33.1,3935,3926,3918,3919,3924,3916,3913,3912,3916,3910,3913,3908,3913,3909,3910,3907,3910,3907,3909,3907,3909,3903,3909,3908,3908,3908,3910,3908,3909,3906,3911,3908,3913,3908,3909,3909,3910,3907,3911,3907,3915,3912,3922,3912,3924,3918,3932,3918,3936,3927,3937,3928,3932,3929,3934,3925,3924,3919,3934,3923,3933,3921,3923,3920,3923,3925,3926,3921,3922,3918,3924,3919,3917,3921,3925,3918,3923,3916,3920,3920,3919,3919,3928,3921,3928,3919,3918,3918,3936,3929,3928,3923,3933,3922,3929,3922,-0.19,SJNFAAZE1U0005576,117.67,13.04,8967.2421875,78,74,0,0,0,0,14.5,99.19,-141021,96,1527994500.538,0,1,0,0,0,0,0,3,0,1,376.16,376.16,7F,1,1,1,0082,58,40,40,0,0,19,0.00
03/06/2018 3:55:04,54 58.40638,-1 31.22418,291,0,293,579116,1145049,376.22,-121.085,3937,3903,3919,34,0,100.2,37.9,97.0,36.1,none,none,91.6,33.1,3937,3927,3920,3920,3924,3917,3914,3913,3917,3910,3912,3909,3914,3910,3911,3908,3911,3908,3910,3908,3910,3903,3908,3908,3908,3908,3911,3908,3910,3907,3911,3909,3914,3909,3910,3910,3911,3908,3912,3908,3915,3913,3922,3912,3924,3919,3933,3918,3937,3928,3937,3928,3932,3928,3934,3926,3926,3919,3935,3923,3934,3922,3923,3922,3924,3926,3926,3924,3923,3918,3926,3920,3919,3922,3926,3918,3925,3918,3921,3921,3921,3920,3929,3921,3927,3919,3919,3920,3936,3929,3928,3925,3934,3923,3930,3924,-0.16,SJNFAAZE1U0005576,117.67,13.04,8967.2421875,78,74,0,0,0,0,14.5,99.19,-141066,96,1527994504.194,0,1,0,0,0,0,0,3,0,1,376.24,376.24,7F,1,1,1,0082,58,40,40,0,0,19,0.00
03/06/2018 3:55:07,54 58.40638,-1 31.22418,291,0,293,580171,1145049,376.32,-121.055,3938,3905,3920,33,0,100.2,37.9,97.0,36.1,none,none,91.6,33.1,3937,3927,3922,3922,3925,3919,3915,3915,3918,3912,3913,3910,3915,3910,3911,3909,3912,3909,3910,3910,3909,3905,3910,3909,3909,3909,3912,3909,3911,3908,3913,3910,3915,3909,3910,3910,3911,3910,3913,3910,3917,3914,3924,3913,3925,3920,3933,3919,3938,3929,3938,3929,3934,3930,3936,3927,3926,3922,3934,3924,3936,3923,3925,3922,3925,3926,3928,3924,3925,3920,3927,3921,3919,3923,3928,3920,3925,3918,3921,3923,3923,3920,3931,3924,3929,3922,3920,3922,3937,3931,3929,3926,3935,3924,3931,3925,-0.14,SJNFAAZE1U0005576,117.67,13.04,8967.2421875,78,74,0,0,0,0,14.5,99.19,-141110,96,1527994507.935,0,1,2,0,7,0,0,3,0,1,376.31,376.31,7F,1,1,1,0082,58,40,40,0,0,19,0.00
03/06/2018 3:55:11,54 58.40638,-1 31.22418,291,0,294,581290,1145049,376.51,-122.214,3940,3905,3922,35,0,100.2,37.9,97.2,36.2,none,none,91.8,33.2,3938,3929,3924,3924,3926,3920,3916,3916,3920,3913,3915,3912,3916,3912,3913,3911,3914,3911,3912,3911,3912,3905,3912,3911,3911,3911,3913,3911,3913,3909,3915,3912,3917,3912,3912,3913,3913,3911,3914,3912,3919,3917,3925,3915,3927,3921,3935,3922,3939,3931,3940,3931,3935,3932,3938,3928,3928,3923,3936,3926,3937,3924,3925,3923,3926,3928,3929,3926,3925,3921,3928,3923,3921,3926,3929,3922,3928,3920,3923,3923,3924,3922,3932,3925,3930,3924,3921,3924,3939,3934,3932,3928,3936,3926,3933,3926,-0.19,SJNFAAZE1U0005576,117.67,13.04,8967.2421875,78,74,0,0,0,0,14.5,99.19,-141156,96,1527994511.834,0,1,0,0,0,0,0,3,0,1,376.47,376.47,7F,1,1,1,0082,58,40,40,0,0,19,0.00
03/06/2018 3:55:15,54 58.40638,-1 31.22418,291,0,295,582443,1145049,376.61,-121.574,3941,3907,3923,34,0,100.2,37.9,97.2,36.2,none,none,91.8,33.2,3941,3930,3924,3924,3928,3920,3916,3917,3921,3914,3916,3914,3917,3913,3915,3912,3915,3912,3913,3913,3912,3907,3914,3912,3912,3913,3915,3913,3914,3912,3916,3912,3918,3913,3914,3914,3915,3912,3915,3912,3919,3917,3926,3916,3928,3923,3937,3922,3941,3932,3941,3932,3937,3933,3938,3932,3929,3924,3939,3927,3939,3926,3927,3925,3928,3930,3931,3927,3927,3922,3929,3924,3922,3926,3931,3922,3928,3922,3924,3925,3925,3923,3932,3926,3933,3924,3922,3925,3940,3934,3932,3929,3937,3927,3934,3928,-0.18,SJNFAAZE1U0005576,117.67,13.04,8967.2421875,78,74,0,0,0,0,14.5,99.19,-141203,96,1527994515.787,0,1,0,0,0,0,0,3,0,1,376.61,376.61,7F,1,1,1,0082,58,40,40,0,0,19,0.00
03/06/2018 3:55:19,54 58.40638,-1 31.22418,291,0,295,583564,1145049,376.61,-120.566,3942,3909,3923,33,0,100.4,38.0,97.2,36.2,none,none,92.0,33.3,3941,3932,3925,3925,3929,3922,3916,3918,3921,3915,3917,3915,3917,3914,3914,3913,3915,3911,3913,3913,3912,3909,3913,3914,3913,3913,3914,3912,3914,3912,3916,3914,3918,3914,3914,3915,3915,3914,3916,3912,3919,3918,3926,3917,3928,3924,3936,3923,3940,3934,3942,3933,3937,3933,3938,3931,3929,3925,3939,3927,3939,3926,3928,3926,3928,3931,3931,3928,3927,3923,3928,3924,3922,3926,3930,3924,3929,3921,3924,3924,3925,3924,3933,3927,3932,3924,3922,3924,3940,3933,3933,3929,3937,3928,3934,3929,-0.21,SJNFAAZE1U0005576,117.67,13.04,8967.2421875,78,74,0,0,0,0,14.5,99.19,-141250,96,1527994519.464,0,1,1,0,0,0,0,3,0,1,376.70,376.70,7F,1,1,1,0082,58,40,40,0,0,19,0.00
03/06/2018 3:55:23,54 58.40638,-1 31.22418,291,0,296,584677,1145049,376.70,-120.170,3942,3908,3924,34,0,100.4,38.0,97.5,36.4,none,none,92.0,33.3,3940,3933,3925,3926,3929,3923,3917,3918,3921,3916,3917,3914,3918,3915,3915,3913,3915,3913,3914,3913,3914,3908,3914,3914,3913,3914,3915,3913,3914,3912,3915,3915,3918,3914,3914,3916,3916,3913,3916,3914,3921,3919,3927,3918,3928,3924,3937,3923,3942,3934,3941,3934,3937,3934,3938,3931,3930,3925,3939,3929,3939,3927,3928,3927,3928,3931,3931,3927,3927,3923,3929,3924,3923,3927,3931,3924,3929,3921,3924,3925,3926,3924,3934,3927,3932,3924,3922,3924,3940,3935,3933,3930,3938,3929,3934,3929,-0.20,SJNFAAZE1U0005576,117.67,13.04,8967.2421875,78,74,0,0,0,0,14.5,99.19,-141296,96,1527994523.415,0,1,2,0,7,0,0,3,0,1,376.73,376.73,7F,1,1,1,0082,58,40,40,0,0,19,0.00
03/06/2018 3:55:27,54 58.40638,-1 31.22418,291,0,296,585825,1145049,376.70,-121.604,3944,3909,3924,35,0,100.6,38.1,97.7,36.5,none,none,92.2,33.4,3942,3933,3925,3926,3929,3923,3919,3919,3922,3916,3919,3916,3920,3915,3915,3913,3916,3913,3915,3913,3914,3909,3914,3915,3914,3914,3916,3914,3916,3913,3917,3914,3919,3916,3915,3915,3916,3913,3917,3914,3922,3920,3928,3917,3929,3924,3938,3925,3943,3934,3944,3934,3938,3934,3939,3932,3930,3925,3940,3928,3940,3928,3930,3926,3930,3930,3932,3927,3928,3923,3930,3925,3922,3928,3932,3923,3929,3922,3925,3926,3927,3924,3935,3927,3934,3925,3924,3924,3941,3936,3934,3929,3939,3929,3936,3930,-0.20,SJNFAAZE1U0005576,117.67,13.04,8967.2421875,78,74,0,0,0,0,14.5,99.19,-141343,96,1527994527.372,0,1,0,0,0,0,0,3,0,1,376.76,376.76,7F,1,1,1,0082,58,40,40,0,0,19,0.00
03/06/2018 3:55:31,54 58.40638,-1 31.22418,291,0,297,586978,1145049,376.80,-122.123,3944,3910,3925,34,0,100.6,38.1,97.7,36.5,none,none,92.2,33.4,3944,3933,3927,3926,3931,3924,3920,3920,3925,3917,3919,3917,3921,3916,3917,3914,3917,3915,3916,3914,3915,3910,3915,3915,3915,3915,3918,3915,3916,3913,3917,3915,3921,3916,3916,3917,3918,3916,3919,3915,3922,3920,3930,3918,3930,3925,3939,3925,3943,3935,3944,3935,3940,3936,3941,3933,3932,3926,3941,3929,3941,3928,3930,3928,3930,3932,3933,3929,3929,3925,3931,3926,3925,3929,3933,3925,3931,3924,3926,3927,3928,3925,3936,3929,3935,3927,3925,3925,3942,3937,3935,3931,3939,3930,3936,3930,-0.18,SJNFAAZE1U0005576,117.67,13.04,8967.2421875,78,74,0,0,0,0,14.5,99.19,-141390,96,1527994531.113,0,1,0,0,0,0,0,3,0,1,376.86,376.86,7F,1,1,1,0082,58,40,40,0,0,19,0.00
03/06/2018 3:55:34,54 58.40638,-1 31.22418,291,0,297,588069,1145049,376.90,-121.574,3946,3910,3926,36,0,100.6,38.1,97.7,36.5,none,none,92.2,33.4,3945,3934,3928,3927,3932,3925,3921,3921,3925,3918,3921,3917,3921,3917,3917,3914,3918,3916,3918,3915,3918,3910,3916,3917,3916,3916,3918,3916,3918,3914,3918,3918,3921,3917,3917,3918,3919,3915,3920,3916,3924,3921,3930,3920,3932,3926,3940,3926,3944,3935,3946,3937,3940,3936,3942,3934,3932,3928,3942,3930,3942,3929,3931,3928,3931,3932,3934,3931,3930,3925,3932,3927,3926,3930,3933,3927,3932,3924,3928,3928,3929,3926,3936,3929,3935,3928,3926,3928,3944,3937,3935,3932,3941,3931,3937,3931,-0.18,SJNFAAZE1U0005576,117.67,13.04,8967.2421875,78,74,0,0,0,0,14.5,99.19,-141435,96,1527994534.760,0,1,1,0,5,0,0,3,0,1,376.94,376.94,7F,1,1,1,0082,58,40,40,0,0,19,0.00
03/06/2018 3:55:38,54 58.40638,-1 31.22418,291,0,298,589154,1145049,377.09,-121.147,3946,3914,3928,32,0,100.6,38.1,97.7,36.5,none,none,92.4,33.6,3946,3937,3929,3930,3932,3927,3922,3924,3927,3921,3922,3920,3922,3919,3920,3918,3920,3918,3918,3917,3917,3914,3918,3918,3917,3918,3920,3918,3918,3917,3920,3919,3922,3918,3918,3920,3920,3918,3921,3918,3925,3923,3931,3922,3933,3928,3942,3928,3945,3938,3946,3938,3943,3937,3942,3936,3935,3929,3944,3932,3943,3931,3932,3931,3932,3935,3935,3932,3932,3927,3933,3930,3927,3932,3935,3928,3934,3925,3929,3928,3930,3929,3938,3930,3936,3927,3927,3929,3944,3939,3937,3934,3942,3932,3938,3933,-0.18,SJNFAAZE1U0005576,117.67,13.04,8967.2421875,78,74,0,0,0,0,14.5,99.19,-141480,96,1527994538.546,0,1,1,0,7,0,0,3,0,1,377.07,377.07,7F,1,1,1,0082,58,40,40,0,0,19,0.00
03/06/2018 3:55:42,54 58.40638,-1 31.22418,291,0,299,590275,1145049,377.18,-121.391,3947,3915,3929,32,0,100.8,38.2,97.9,36.6,none,none,92.2,33.4,3946,3937,3930,3930,3934,3928,3923,3923,3927,3921,3923,3921,3924,3919,3921,3919,3922,3919,3919,3918,3919,3915,3918,3919,3918,3918,3921,3919,3919,3917,3922,3919,3923,3919,3919,3920,3920,3918,3922,3919,3927,3924,3933,3922,3934,3929,3944,3928,3946,3939,3947,3937,3943,3939,3945,3936,3936,3930,3945,3934,3944,3932,3935,3931,3934,3937,3936,3933,3933,3928,3935,3930,3928,3932,3936,3929,3934,3927,3929,3930,3931,3929,3939,3932,3939,3929,3928,3931,3946,3940,3938,3936,3943,3932,3940,3933,-0.16,SJNFAAZE1U0005576,117.67,13.04,8967.2421875,78,74,0,0,0,0,14.5,99.19,-141526,96,1527994542.294,0,1,0,0,0,0,0,3,0,1,377.22,377.22,7F,1,1,1,0082,58,40,40,0,0,19,0.00
03/06/2018 3:55:45,54 58.40638,-1 31.22418,291,0,299,591338,1145049,377.18,-121.269,3949,3915,3929,34,0,100.8,38.2,97.9,36.6,none,none,92.4,33.6,3947,3937,3930,3930,3935,3928,3924,3924,3928,3922,3923,3920,3924,3920,3921,3918,3922,3919,3920,3920,3919,3915,3920,3919,3918,3919,3921,3919,3921,3917,3922,3919,3925,3919,3921,3921,3922,3919,3922,3919,3927,3924,3933,3923,3935,3929,3944,3929,3947,3938,3949,3939,3943,3941,3946,3936,3935,3929,3945,3934,3945,3932,3934,3932,3934,3936,3937,3933,3933,3929,3936,3931,3930,3933,3936,3930,3935,3927,3931,3931,3932,3930,3939,3932,3938,3929,3929,3931,3946,3941,3939,3936,3944,3934,3940,3935,-0.18,SJNFAAZE1U0005576,117.67,13.04,8967.2421875,78,74,0,0,0,0,14.5,99.19,-141570,96,1527994545.981,0,1,0,0,0,0,0,3,0,1,377.31,377.31,7F,1,1,1,0082,58,40,40,0,0,19,0.00
03/06/2018 3:55:49,54 58.40638,-1 31.22418,291,0,300,592486,1145049,377.18,-120.627,3948,3914,3929,34,0,100.8,38.2,97.9,36.6,none,none,92.4,33.6,3947,3937,3931,3930,3935,3928,3924,3924,3928,3921,3925,3920,3924,3920,3921,3917,3922,3919,3920,3919,3920,3914,3920,3919,3919,3918,3922,3919,3919,3917,3922,3920,3924,3919,3921,3920,3921,3919,3922,3918,3927,3924,3933,3923,3934,3929,3943,3928,3947,3937,3948,3938,3943,3939,3946,3936,3936,3930,3944,3933,3944,3931,3933,3930,3934,3935,3936,3933,3933,3928,3935,3931,3929,3933,3938,3930,3934,3928,3930,3930,3931,3929,3939,3931,3938,3930,3929,3930,3947,3940,3939,3935,3943,3934,3941,3934,-0.15,SJNFAAZE1U0005576,117.67,13.04,8967.2421875,78,74,0,0,0,0,14.5,99.19,-141617,96,1527994549.978,0,1,1,0,6,0,0,3,0,1,377.30,377.30,7F,1,1,1,0082,58,40,40,0,0,19,0.00
03/06/2018 3:55:53,54 58.40638,-1 31.22418,291,0,300,593660,1145049,377.47,-122.428,3950,3917,3932,33,0,100.8,38.2,97.9,36.6,none,none,92.6,33.7,3950,3940,3933,3933,3938,3929,3925,3926,3930,3923,3926,3922,3927,3923,3924,3921,3924,3920,3923,3921,3923,3917,3922,3922,3921,3921,3924,3921,3923,3920,3924,3922,3927,3922,3923,3923,3923,3922,3925,3922,3928,3925,3934,3925,3936,3932,3945,3931,3949,3941,3950,3941,3946,3941,3948,3939,3938,3932,3947,3935,3948,3935,3936,3934,3936,3938,3939,3935,3935,3932,3938,3932,3931,3935,3939,3931,3938,3930,3932,3934,3934,3932,3942,3934,3940,3932,3930,3933,3949,3942,3941,3938,3946,3935,3943,3936,-0.19,SJNFAAZE1U0005576,117.67,13.04,8967.2421875,78,74,0,0,0,0,14.5,99.19,-141666,96,1527994553.829,0,1,2,0,8,0,0,3,0,1,377.41,377.41,7F,1,1,1,0082,58,40,40,0,0,19,0.00
03/06/2018 3:55:57,54 58.40638,-1 31.22418,291,0,301,594783,1145049,377.57,-121.513,3951,3917,3933,34,0,101.1,38.4,98.2,36.8,none,none,92.6,33.7,3950,3942,3934,3934,3938,3932,3927,3927,3931,3926,3927,3923,3927,3924,3924,3921,3925,3922,3924,3921,3923,3917,3923,3923,3922,3922,3924,3922,3924,3921,3925,3923,3926,3923,3925,3924,3925,3921,3926,3923,3930,3927,3936,3926,3937,3933,3946,3933,3950,3942,3951,3942,3946,3944,3949,3939,3938,3933,3948,3937,3949,3935,3937,3935,3938,3940,3941,3937,3937,3932,3939,3934,3933,3937,3940,3932,3938,3930,3934,3934,3935,3933,3942,3935,3941,3934,3932,3934,3950,3942,3942,3939,3947,3937,3944,3937,-0.20,SJNFAAZE1U0005576,117.67,13.04,8967.2421875,78,74,0,0,0,0,14.5,99.19,-141712,96,1527994557.805,0,1,0,0,0,0,0,3,0,1,377.59,377.59,7F,1,1,1,0082,58,40,40,0,0,19,0.00
03/06/2018 3:56:01,54 58.40638,-1 31.22418,291,0,301,595934,1145049,377.57,-121.360,3951,3918,3933,33,0,101.1,38.4,98.4,36.9,none,none,92.8,33.8,3951,3941,3935,3933,3939,3931,3927,3927,3931,3924,3927,3923,3928,3923,3924,3921,3925,3922,3923,3922,3924,3918,3923,3922,3923,3923,3925,3922,3925,3921,3925,3923,3928,3923,3923,3924,3924,3922,3926,3922,3930,3927,3937,3926,3938,3932,3947,3933,3950,3942,3951,3942,3946,3943,3949,3940,3938,3933,3949,3937,3948,3934,3937,3934,3937,3939,3940,3936,3936,3932,3939,3933,3932,3936,3941,3932,3938,3931,3933,3934,3935,3933,3944,3935,3942,3933,3932,3933,3950,3944,3943,3938,3948,3937,3943,3937,-0.21,SJNFAAZE1U0005576,117.67,13.04,8967.2421875,78,74,0,0,0,0,14.5,99.19,-141760,96,1527994561.579,0,1,0,0,0,0,0,3,0,1,377.62,377.62,7F,1,1,1,0082,58,40,40,0,0,19,0.00
03/06/2018 3:56:05,54 58.40638,-1 31.22418,291,0,302,597051,1145049,377.57,-121.055,3953,3918,3933,35,0,101.3,38.5,98.4,36.9,none,none,92.6,33.7,3952,3941,3934,3935,3939,3931,3928,3928,3932,3925,3927,3924,3929,3923,3925,3922,3926,3923,3924,3923,3924,3918,3924,3924,3923,3923,3925,3924,3925,3922,3927,3923,3929,3924,3924,3925,3926,3922,3926,3923,3930,3928,3937,3927,3938,3933,3948,3933,3951,3943,3953,3943,3947,3943,3950,3941,3939,3934,3949,3936,3948,3936,3938,3935,3939,3940,3941,3937,3937,3932,3940,3935,3932,3936,3941,3933,3938,3931,3934,3936,3936,3933,3945,3936,3943,3935,3933,3934,3950,3944,3943,3939,3947,3937,3945,3938,-0.17,SJNFAAZE1U0005576,117.67,13.04,8967.2421875,78,74,0,0,0,0,14.5,99.19,-141806,96,1527994565.508,0,1,1,0,7,0,0,3,0,1,377.61,377.61,7F,1,1,1,0082,58,40,40,0,0,19,0.00
03/06/2018 3:56:09,54 58.40638,-1 31.22418,291,0,303,598197,1145049,377.86,-122.336,3954,3920,3936,34,0,101.3,38.5,98.4,36.9,none,none,92.8,33.8,3953,3944,3937,3936,3941,3935,3930,3931,3934,3928,3929,3926,3931,3926,3927,3925,3927,3924,3927,3925,3925,3920,3925,3925,3925,3927,3928,3925,3926,3924,3928,3926,3931,3926,3926,3928,3928,3925,3928,3925,3932,3930,3939,3930,3941,3935,3950,3936,3953,3944,3954,3946,3949,3944,3952,3943,3942,3936,3951,3939,3950,3939,3939,3939,3940,3942,3944,3940,3939,3935,3942,3937,3935,3939,3942,3935,3941,3934,3936,3937,3938,3937,3946,3937,3945,3937,3935,3936,3952,3947,3945,3941,3949,3939,3947,3940,-0.18,SJNFAAZE1U0005576,117.67,13.04,8967.2421875,78,74,0,0,0,0,14.5,99.19,-141853,96,1527994569.417,0,1,0,0,0,0,0,3,0,1,377.80,377.80,7F,1,1,1,0082,58,40,40,0,0,19,0.00
03/06/2018 3:56:13,54 58.40638,-1 31.22418,291,0,303,599409,1145049,377.95,-122.123,3955,3922,3937,33,0,101.5,38.6,98.6,37.0,none,none,93.0,33.9,3955,3945,3938,3938,3943,3935,3931,3931,3934,3930,3930,3928,3931,3927,3928,3926,3929,3926,3928,3926,3927,3922,3926,3926,3927,3926,3929,3926,3928,3924,3929,3927,3933,3928,3927,3928,3929,3927,3930,3925,3933,3931,3941,3931,3942,3937,3952,3936,3954,3946,3955,3946,3951,3947,3953,3944,3943,3937,3953,3941,3953,3940,3941,3938,3942,3944,3945,3940,3941,3936,3942,3938,3936,3941,3945,3937,3943,3936,3938,3938,3939,3937,3948,3940,3946,3938,3936,3938,3953,3947,3947,3942,3951,3940,3948,3942,-0.17,SJNFAAZE1U0005576,117.67,13.04,8967.2421875,78,74,0,0,0,0,14.5,99.19,-141903,96,1527994573.634,0,1,0,0,0,0,0,3,0,1,377.91,377.91,7F,1,1,1,0082,58,40,40,0,0,19,0.00
03/06/2018 3:56:17,54 58.40638,-1 31.22418,291,0,304,600650,1145049,378.05,-120.078,3956,3923,3938,33,0,101.5,38.6,98.6,37.0,none,none,93.0,33.9,3956,3947,3938,3940,3943,3937,3931,3934,3935,3930,3932,3929,3933,3928,3929,3928,3929,3928,3928,3927,3928,3923,3928,3929,3927,3928,3929,3928,3928,3927,3929,3929,3932,3928,3929,3929,3929,3928,3930,3927,3935,3933,3942,3933,3942,3938,3953,3938,3955,3948,3956,3947,3952,3947,3952,3945,3945,3939,3953,3943,3952,3940,3941,3941,3943,3944,3946,3942,3941,3937,3944,3940,3937,3942,3945,3938,3943,3935,3938,3939,3939,3939,3948,3941,3947,3939,3938,3939,3954,3949,3946,3944,3953,3942,3948,3943,-0.19,SJNFAAZE1U0005576,117.67,13.04,8967.2421875,78,74,0,0,0,0,14.5,99.19,-141954,96,1527994577.685,0,1,0,0,0,0,0,3,0,1,378.05,378.05,7F,1,1,1,0082,58,40,40,0,0,19,0.00
03/06/2018 3:56:21,54 58.40638,-1 31.22418,291,0,304,601735,1145049,378.05,-120.292,3957,3924,3938,33,0,101.5,38.6,98.6,37.0,none,none,93.0,33.9,3957,3947,3940,3941,3944,3938,3932,3933,3936,3931,3933,3930,3933,3929,3930,3929,3930,3928,3929,3929,3928,3924,3928,3929,3928,3929,3931,3929,3929,3928,3931,3929,3933,3929,3929,3930,3930,3928,3931,3928,3936,3933,3941,3933,3944,3939,3952,3939,3955,3948,3957,3948,3953,3949,3954,3945,3946,3940,3954,3943,3953,3941,3942,3941,3942,3946,3947,3943,3943,3938,3944,3939,3938,3943,3946,3939,3943,3937,3937,3939,3941,3940,3949,3942,3946,3939,3937,3939,3955,3949,3947,3944,3952,3942,3948,3943,-0.20,SJNFAAZE1U0005576,117.67,13.04,8967.2421875,78,74,0,0,0,0,14.5,99.19,-141999,96,1527994581.284,0,1,1,0,7,0,0,3,0,1,378.16,378.16,7F,1,1,1,0082,58,40,40,0,0,19,0.00
03/06/2018 3:56:24,54 58.40638,-1 31.22418,291,0,305,602794,1145049,378.24,-121.299,3957,3925,3940,32,0,101.5,38.6,98.8,37.1,none,none,93.0,33.9,3957,3947,3941,3941,3944,3938,3934,3934,3938,3932,3935,3930,3935,3930,3930,3929,3933,3929,3929,3929,3930,3925,3930,3930,3929,3930,3932,3929,3930,3928,3933,3931,3935,3930,3931,3931,3932,3929,3933,3929,3937,3935,3944,3933,3944,3941,3954,3939,3957,3949,3957,3949,3954,3949,3955,3946,3946,3940,3955,3943,3955,3942,3945,3941,3944,3946,3948,3943,3943,3939,3945,3941,3939,3943,3947,3939,3944,3938,3940,3940,3941,3940,3950,3943,3948,3940,3938,3941,3957,3951,3949,3946,3953,3944,3950,3945,-0.18,SJNFAAZE1U0005576,117.67,13.04,8967.2421875,78,74,0,0,0,0,14.5,99.19,-142042,96,1527994584.991,0,1,0,0,0,0,0,3,0,1,378.25,378.25,7F,1,1,1,0082,58,40,40,0,0,19,0.00
03/06/2018 3:56:28,54 58.40638,-1 31.22418,291,0,306,603942,1145049,378.24,-120.353,3958,3927,3940,31,0,101.8,38.8,98.8,37.1,none,none,93.2,34.0,3957,3949,3941,3942,3945,3939,3935,3934,3938,3932,3935,3932,3934,3931,3932,3929,3932,3930,3931,3930,3931,3927,3930,3931,3929,3932,3932,3931,3931,3929,3932,3932,3935,3931,3931,3932,3932,3930,3933,3930,3936,3936,3943,3934,3945,3941,3955,3941,3957,3950,3958,3950,3954,3950,3956,3948,3948,3941,3955,3945,3956,3942,3944,3942,3944,3948,3947,3943,3944,3939,3946,3941,3939,3944,3947,3941,3946,3938,3940,3941,3943,3941,3951,3943,3949,3940,3939,3940,3957,3951,3949,3946,3954,3944,3950,3947,-0.23,SJNFAAZE1U0005576,117.67,13.04,8967.2421875,78,74,0,0,0,0,14.5,99.19,-142090,96,1527994588.914,0,1,0,0,0,0,0,3,0,1,378.32,378.32,7F,1,1,1,0082,58,40,40,0,0,19,0.00
03/06/2018 3:56:32,54 58.40638,-1 31.22418,291,0,306,605111,1145049,378.14,-118.277,3957,3926,3939,31,0,101.8,38.8,99.0,37.2,none,none,93.4,34.1,3957,3947,3940,3942,3944,3939,3933,3935,3938,3932,3934,3931,3934,3930,3931,3930,3932,3930,3930,3929,3929,3926,3929,3930,3929,3930,3932,3929,3930,3928,3932,3930,3935,3931,3930,3931,3931,3929,3933,3929,3936,3935,3942,3933,3944,3940,3953,3939,3956,3949,3957,3949,3953,3950,3955,3946,3944,3940,3954,3943,3955,3943,3944,3942,3943,3946,3947,3943,3942,3939,3945,3941,3938,3943,3947,3939,3945,3938,3940,3941,3942,3940,3949,3942,3948,3941,3939,3940,3956,3951,3948,3945,3954,3943,3950,3944,-0.22,SJNFAAZE1U0005576,117.67,13.04,8967.2421875,78,74,0,0,0,0,14.5,99.19,-142138,96,1527994592.864,0,1,0,0,0,0,0,3,0,1,378.28,378.28,7F,1,1,1,0082,58,40,40,0,0,19,0.00
03/06/2018 3:56:37,54 58.40638,-1 31.22418,291,0,307,606296,1145049,378.24,-119.193,3959,3925,3940,34,0,102.0,38.9,99.0,37.2,none,none,93.2,34.0,3959,3949,3941,3942,3945,3939,3934,3935,3938,3932,3934,3931,3935,3931,3932,3930,3933,3930,3931,3929,3932,3925,3930,3931,3930,3931,3932,3930,3931,3929,3932,3931,3936,3930,3931,3932,3933,3930,3933,3930,3937,3935,3944,3934,3945,3941,3953,3940,3958,3949,3958,3950,3954,3951,3956,3946,3946,3941,3955,3944,3956,3943,3945,3943,3945,3947,3948,3943,3944,3940,3947,3941,3939,3945,3947,3940,3945,3939,3940,3941,3941,3941,3951,3943,3948,3941,3939,3941,3956,3952,3949,3946,3955,3944,3951,3944,-0.17,SJNFAAZE1U0005576,117.67,13.04,8967.2421875,78,74,0,0,0,0,14.5,99.19,-142187,96,1527994597.310,0,1,2,0,7,0,0,3,0,1,378.27,378.27,7F,1,1,1,0082,58,40,40,0,0,19,0.00
03/06/2018 3:56:41,54 58.40638,-1 31.22418,291,0,307,607568,1145049,378.34,-119.651,3960,3928,3941,32,0,102.0,38.9,99.0,37.2,none,none,93.4,34.1,3960,3950,3942,3943,3946,3941,3936,3936,3941,3934,3935,3933,3936,3932,3933,3931,3933,3931,3932,3931,3932,3928,3932,3931,3931,3932,3934,3932,3933,3930,3934,3932,3937,3932,3933,3934,3934,3931,3934,3932,3938,3937,3944,3936,3945,3942,3955,3941,3958,3951,3959,3951,3955,3951,3957,3949,3947,3942,3957,3946,3956,3944,3945,3943,3946,3947,3949,3944,3945,3941,3947,3943,3940,3946,3948,3942,3947,3940,3942,3943,3944,3942,3951,3944,3950,3943,3940,3943,3958,3953,3950,3947,3955,3945,3952,3946,-0.19,SJNFAAZE1U0005576,117.67,13.04,8967.2421875,78,74,0,0,0,0,14.5,99.19,-142239,96,1527994601.447,0,1,0,0,0,0,0,3,0,1,378.39,378.39,7F,1,1,1,0082,58,40,40,0,0,19,0.00
03/06/2018 3:56:45,54 58.40638,-1 31.22418,291,0,308,608686,1145049,378.43,-118.583,3960,3929,3942,31,0,102.0,38.9,99.2,37.3,none,none,93.6,34.2,3960,3951,3943,3944,3947,3941,3936,3938,3940,3935,3936,3933,3937,3933,3933,3931,3935,3931,3933,3931,3933,3929,3933,3933,3931,3932,3934,3933,3933,3931,3934,3932,3937,3933,3933,3934,3934,3932,3935,3932,3939,3937,3945,3937,3947,3942,3956,3942,3959,3952,3960,3951,3956,3952,3957,3949,3949,3942,3958,3946,3958,3945,3947,3944,3946,3949,3949,3946,3945,3942,3948,3943,3942,3946,3949,3943,3948,3941,3943,3944,3943,3942,3952,3944,3951,3943,3941,3943,3957,3954,3950,3948,3955,3945,3952,3946,-0.18,SJNFAAZE1U0005576,117.67,13.04,8967.2421875,78,74,0,0,0,0,14.5,99.19,-142285,96,1527994605.269,0,1,0,0,0,0,0,3,0,1,378.45,378.45,7F,1,1,1,0082,58,40,40,0,0,19,0.00
03/06/2018 3:56:49,54 58.40638,-1 31.22418,291,0,308,609792,1145049,378.53,-116.538,3961,3928,3943,33,0,102.2,39.0,99.2,37.3,none,none,93.6,34.2,3960,3951,3943,3944,3948,3941,3937,3937,3941,3936,3936,3934,3937,3934,3934,3934,3935,3932,3934,3932,3933,3928,3933,3933,3933,3934,3935,3933,3934,3932,3935,3933,3938,3933,3933,3936,3934,3933,3936,3932,3940,3938,3946,3938,3948,3944,3957,3943,3959,3953,3961,3952,3956,3951,3959,3949,3950,3943,3958,3948,3957,3944,3947,3945,3948,3950,3951,3946,3947,3941,3949,3945,3942,3946,3949,3943,3949,3940,3943,3943,3944,3944,3952,3946,3952,3943,3941,3944,3960,3953,3952,3948,3956,3947,3953,3947,-0.20,SJNFAAZE1U0005576,117.67,13.04,8967.2421875,78,74,0,0,0,0,14.5,99.19,-142331,96,1527994609.317,0,1,1,0,6,0,0,3,0,1,378.47,378.47,7F,1,1,1,0082,58,40,40,0,0,19,0.00
03/06/2018 3:56:53,54 58.40638,-1 31.22418,291,0,309,610912,1145049,378.53,-116.020,3961,3928,3943,33,0,102.4,39.1,99.4,37.4,none,none,93.8,34.3,3961,3951,3944,3944,3948,3943,3937,3939,3942,3936,3937,3935,3938,3934,3935,3933,3935,3934,3934,3933,3934,3928,3934,3934,3933,3933,3936,3933,3934,3932,3936,3935,3938,3934,3935,3937,3936,3933,3937,3934,3941,3938,3946,3938,3948,3943,3958,3944,3960,3952,3961,3953,3957,3953,3959,3950,3949,3944,3959,3948,3958,3947,3947,3945,3947,3950,3951,3946,3947,3943,3949,3945,3944,3947,3950,3944,3949,3942,3943,3945,3945,3944,3953,3946,3952,3945,3942,3943,3959,3955,3951,3948,3956,3946,3954,3948,-0.18,SJNFAAZE1U0005576,117.67,13.04,8967.2421875,78,74,0,0,0,0,14.5,99.19,-142377,96,1527994613.545,0,1,2,0,8,0,0,3,0,1,378.60,378.60,7F,1,1,1,0082,58,40,40,0,0,19,0.00
03/06/2018 3:56:57,54 58.40638,-1 31.22418,291,0,310,612117,1145049,378.53,-114.127,3962,3930,3943,32,0,102.4,39.1,99.4,37.4,none,none,93.8,34.3,3962,3951,3944,3944,3948,3942,3937,3938,3942,3935,3937,3935,3938,3935,3935,3932,3936,3933,3934,3933,3934,3930,3934,3934,3933,3933,3936,3933,3933,3932,3937,3934,3938,3934,3934,3936,3935,3933,3937,3933,3940,3939,3946,3938,3948,3943,3957,3943,3959,3952,3961,3953,3956,3952,3959,3950,3950,3943,3958,3947,3957,3945,3947,3945,3947,3950,3950,3945,3947,3942,3949,3944,3942,3947,3950,3943,3948,3941,3943,3944,3945,3944,3953,3946,3951,3943,3942,3943,3960,3954,3951,3947,3956,3947,3953,3948,-0.17,SJNFAAZE1U0005576,117.67,13.04,8967.2421875,78,74,0,0,0,0,14.5,99.19,-142427,96,1527994617.601,0,1,0,0,0,0,0,3,0,1,378.62,378.62,7F,1,1,1,0082,58,40,40,0,0,19,0.00
03/06/2018 3:57:01,54 58.40638,-1 31.22418,291,0,310,613259,1145049,378.53,-113.608,3961,3928,3943,33,0,102.4,39.1,99.4,37.4,none,none,93.8,34.3,3960,3950,3944,3944,3947,3941,3938,3938,3940,3935,3937,3934,3937,3934,3934,3933,3935,3933,3934,3932,3933,3928,3934,3933,3933,3933,3936,3932,3934,3931,3935,3934,3938,3933,3934,3935,3935,3933,3935,3932,3940,3938,3945,3937,3948,3943,3956,3943,3959,3951,3961,3951,3955,3953,3958,3948,3948,3943,3957,3946,3958,3946,3947,3944,3948,3949,3950,3946,3946,3943,3949,3944,3942,3946,3949,3943,3947,3941,3943,3943,3944,3943,3952,3945,3952,3943,3942,3943,3960,3954,3952,3947,3955,3946,3952,3947,-0.17,SJNFAAZE1U0005576,117.67,13.04,8967.2421875,78,74,0,0,0,0,14.5,99.19,-142474,96,1527994621.746,0,1,0,0,0,0,0,3,0,1,378.56,378.56,7F,1,1,1,0082,58,40,40,0,0,19,0.00
03/06/2018 3:57:05,54 58.40638,-1 31.22418,291,0,311,614361,1145049,378.53,-113.029,3961,3929,3943,32,0,102.4,39.1,99.6,37.6,none,none,93.8,34.3,3961,3951,3944,3945,3948,3942,3938,3938,3942,3937,3938,3935,3938,3935,3935,3933,3935,3932,3934,3932,3934,3929,3934,3933,3933,3933,3934,3934,3934,3931,3935,3934,3938,3934,3935,3935,3935,3933,3937,3933,3941,3938,3948,3938,3948,3944,3956,3943,3960,3951,3961,3952,3957,3953,3958,3950,3949,3944,3958,3947,3958,3946,3947,3944,3948,3949,3950,3945,3946,3942,3949,3944,3943,3946,3950,3943,3947,3941,3944,3944,3945,3943,3953,3945,3952,3944,3943,3943,3960,3954,3952,3949,3957,3947,3952,3948,-0.18,SJNFAAZE1U0005576,117.67,13.04,8967.2421875,78,74,0,0,0,0,14.5,99.19,-142519,96,1527994625.758,0,1,1,0,7,0,0,3,0,1,378.51,378.51,7F,1,1,1,0082,58,40,40,0,0,19,0.00
03/06/2018 3:57:09,54 58.40638,-1 31.22418,291,0,311,615463,1145049,378.62,-114.555,3963,3930,3944,33,0,102.7,39.2,99.6,37.6,none,none,94.0,34.4,3962,3952,3946,3946,3949,3942,3938,3940,3943,3937,3939,3935,3939,3936,3936,3934,3936,3932,3935,3934,3935,3930,3934,3936,3934,3935,3937,3934,3935,3933,3936,3934,3939,3935,3935,3935,3937,3935,3938,3935,3942,3938,3948,3939,3950,3944,3959,3944,3961,3953,3963,3953,3957,3954,3959,3951,3949,3945,3960,3948,3958,3946,3947,3946,3949,3950,3951,3947,3947,3944,3951,3945,3944,3947,3951,3944,3949,3942,3945,3945,3946,3944,3953,3946,3952,3945,3943,3943,3961,3955,3952,3949,3957,3948,3954,3949,-0.20,SJNFAAZE1U0005576,117.67,13.04,8967.2421875,78,74,0,0,0,0,14.5,99.19,-142565,96,1527994629.784,0,1,0,0,0,0,0,3,0,1,378.63,378.63,7F,1,1,1,0082,58,40,40,0,0,19,0.00
03/06/2018 3:57:13,54 58.40638,-1 31.22418,291,0,312,616589,1145049,378.72,-113.578,3962,3931,3945,31,0,102.7,39.2,99.8,37.7,none,none,94.0,34.4,3962,3953,3945,3945,3950,3944,3940,3939,3943,3937,3940,3937,3940,3937,3937,3935,3937,3935,3936,3935,3936,3931,3934,3936,3935,3936,3937,3935,3937,3933,3938,3936,3939,3936,3935,3937,3937,3935,3938,3936,3941,3939,3949,3940,3949,3945,3959,3944,3962,3955,3962,3954,3959,3954,3959,3952,3951,3946,3960,3948,3961,3947,3949,3947,3949,3952,3952,3949,3948,3944,3952,3945,3945,3947,3951,3944,3951,3943,3946,3946,3947,3944,3955,3947,3953,3945,3943,3946,3960,3956,3953,3951,3959,3948,3955,3949,-0.19,SJNFAAZE1U0005576,117.67,13.04,8967.2421875,78,74,0,0,0,0,14.5,99.19,-142611,96,1527994633.887,0,1,0,0,0,0,0,3,0,1,378.68,378.68,7F,1,1,1,0082,58,40,40,0,0,19,0.00
03/06/2018 3:57:18,54 58.40638,-1 31.22418,291,0,312,617709,1145049,378.82,-111.167,3963,3932,3946,31,0,102.7,39.2,99.8,37.7,none,none,94.2,34.6,3963,3954,3947,3947,3951,3945,3941,3942,3944,3937,3940,3937,3942,3937,3937,3936,3938,3936,3937,3936,3937,3932,3936,3937,3936,3937,3938,3935,3937,3934,3938,3937,3941,3937,3936,3938,3938,3935,3938,3935,3943,3941,3949,3939,3950,3945,3960,3945,3962,3955,3962,3954,3958,3954,3961,3953,3951,3946,3962,3949,3960,3948,3949,3948,3950,3952,3953,3948,3949,3945,3951,3945,3945,3950,3953,3945,3951,3944,3946,3947,3948,3946,3955,3948,3953,3947,3945,3945,3962,3957,3955,3951,3959,3948,3955,3950,-0.18,SJNFAAZE1U0005576,117.67,13.04,8967.2421875,78,74,0,0,0,0,14.5,99.19,-142657,96,1527994638.200,0,1,0,0,0,0,0,3,0,1,378.76,378.76,7F,1,1,1,0082,58,40,40,0,0,19,0.00
03/06/2018 3:57:22,54 58.40638,-1 31.22418,291,0,313,618865,1145049,378.72,-109.946,3962,3931,3945,31,0,102.7,39.2,100.0,37.8,none,none,94.2,34.6,3962,3952,3947,3945,3949,3944,3939,3939,3943,3937,3939,3936,3939,3936,3937,3935,3937,3935,3936,3934,3936,3931,3935,3936,3935,3935,3938,3935,3935,3933,3938,3936,3940,3936,3936,3938,3937,3935,3938,3935,3942,3940,3948,3939,3949,3945,3958,3945,3961,3953,3962,3953,3958,3954,3960,3951,3950,3944,3960,3949,3958,3946,3948,3946,3949,3951,3951,3947,3948,3944,3951,3946,3944,3948,3951,3945,3949,3943,3945,3946,3947,3945,3954,3946,3953,3945,3943,3944,3961,3955,3954,3949,3958,3948,3954,3949,-0.16,SJNFAAZE1U0005576,117.67,13.04,8967.2421875,78,74,0,0,0,0,14.5,99.19,-142705,96,1527994642.390,0,1,1,0,8,0,0,3,0,1,378.83,378.83,7F,1,1,1,0082,58,40,40,0,0,19,0.00
03/06/2018 3:57:26,54 58.40638,-1 31.22418,291,0,314,619991,1145049,378.72,-110.679,3962,3931,3945,31,0,102.9,39.4,100.0,37.8,none,none,94.2,34.6,3961,3954,3946,3946,3950,3943,3939,3940,3944,3937,3938,3937,3940,3937,3936,3936,3938,3934,3935,3935,3936,3931,3935,3936,3935,3937,3938,3935,3936,3934,3937,3936,3939,3937,3936,3939,3937,3935,3938,3935,3941,3940,3948,3939,3950,3945,3959,3945,3961,3954,3962,3955,3957,3954,3959,3952,3950,3946,3960,3949,3959,3947,3948,3947,3949,3952,3951,3947,3949,3944,3950,3947,3944,3948,3950,3945,3950,3945,3946,3946,3946,3945,3954,3947,3953,3945,3944,3945,3961,3955,3953,3950,3958,3949,3955,3950,-0.18,SJNFAAZE1U0005576,117.67,13.04,8967.2421875,78,74,0,0,0,0,14.5,99.19,-142751,96,1527994646.523,0,1,0,0,0,0,0,3,0,1,378.78,378.78,7F,1,1,1,0082,58,40,40,0,0,19,0.00
03/06/2018 3:57:30,54 58.40638,-1 31.22418,291,0,314,621117,1145049,378.82,-110.404,3964,3933,3946,31,0,102.9,39.4,100.0,37.8,none,none,94.2,34.6,3964,3954,3947,3948,3951,3945,3941,3941,3945,3938,3940,3938,3942,3938,3938,3936,3939,3937,3937,3936,3937,3933,3937,3938,3937,3936,3938,3936,3938,3934,3939,3938,3941,3937,3938,3939,3938,3937,3940,3937,3944,3942,3950,3940,3951,3946,3960,3945,3964,3954,3964,3955,3960,3955,3961,3952,3951,3946,3961,3949,3959,3949,3950,3948,3950,3953,3953,3949,3950,3945,3952,3947,3946,3949,3953,3945,3952,3945,3948,3947,3948,3947,3956,3949,3955,3947,3945,3947,3962,3957,3955,3951,3960,3949,3955,3951,-0.20,SJNFAAZE1U0005576,117.67,13.04,8967.2421875,78,74,0,0,0,0,14.5,99.19,-142798,96,1527994650.911,0,1,0,0,0,0,0,3,0,1,378.80,378.80,7F,1,1,1,0082,58,40,40,0,0,19,0.00
03/06/2018 3:57:35,54 58.40638,-1 31.22418,291,0,315,622286,1145049,378.91,-109.001,3964,3933,3947,31,0,103.1,39.5,100.0,37.8,none,none,94.4,34.7,3964,3955,3947,3947,3951,3946,3941,3942,3946,3939,3942,3937,3942,3938,3939,3937,3939,3937,3937,3937,3938,3933,3938,3938,3936,3937,3939,3937,3938,3936,3940,3937,3941,3937,3938,3938,3940,3937,3941,3937,3944,3942,3950,3941,3951,3947,3961,3946,3962,3955,3963,3955,3960,3956,3962,3953,3953,3947,3963,3951,3961,3949,3950,3949,3951,3953,3953,3950,3950,3946,3953,3948,3947,3949,3952,3946,3951,3946,3948,3948,3948,3947,3956,3949,3954,3948,3946,3948,3963,3957,3955,3952,3960,3950,3957,3951,-0.18,SJNFAAZE1U0005576,117.67,13.04,8967.2421875,78,74,0,0,0,0,14.5,99.19,-142846,96,1527994655.280,0,1,1,0,7,0,0,3,0,1,378.91,378.91,7F,1,1,1,0082,58,40,40,0,0,19,0.00
03/06/2018 3:57:39,54 58.40638,-1 31.22418,291,0,315,623392,1145049,378.91,-108.176,3965,3933,3947,32,0,102.9,39.4,100.0,37.8,none,none,94.2,34.6,3965,3955,3947,3947,3952,3946,3941,3942,3945,3940,3941,3939,3942,3937,3938,3937,3939,3937,3938,3937,3939,3933,3938,3938,3937,3938,3940,3937,3938,3936,3939,3938,3941,3938,3938,3939,3940,3937,3940,3937,3943,3942,3951,3941,3952,3946,3961,3946,3963,3955,3964,3956,3959,3956,3963,3953,3952,3947,3962,3950,3962,3948,3951,3948,3951,3953,3953,3950,3951,3945,3953,3948,3945,3950,3953,3946,3952,3946,3948,3948,3948,3946,3956,3948,3955,3947,3946,3948,3963,3957,3956,3952,3960,3950,3956,3951,-0.17,SJNFAAZE1U0005576,117.67,13.04,8967.2421875,78,74,0,0,0,0,14.5,99.19,-142891,96,1527994659.303,0,1,0,0,0,0,0,3,0,1,378.95,378.95,7F,1,1,1,0082,58,40,40,0,0,19,0.00
03/06/2018 3:57:43,54 58.40638,-1 31.22418,291,0,316,624420,1145049,378.91,-108.268,3964,3934,3947,30,0,102.9,39.4,100.2,37.9,none,none,94.4,34.7,3964,3955,3947,3948,3951,3946,3942,3942,3944,3939,3941,3938,3942,3937,3939,3937,3939,3938,3939,3937,3938,3934,3937,3938,3938,3937,3939,3938,3938,3936,3940,3938,3942,3939,3938,3940,3940,3938,3940,3937,3944,3942,3951,3942,3951,3947,3962,3946,3963,3955,3964,3955,3959,3955,3961,3953,3952,3947,3962,3951,3962,3948,3951,3948,3951,3952,3954,3949,3951,3946,3953,3948,3946,3950,3953,3945,3951,3945,3948,3948,3948,3947,3956,3949,3955,3946,3946,3947,3963,3957,3955,3951,3960,3950,3957,3950,-0.16,SJNFAAZE1U0005576,117.67,13.04,8967.2421875,78,74,0,0,0,0,14.5,99.19,-142934,96,1527994663.198,0,1,0,0,0,0,0,3,0,1,378.98,378.98,7F,1,1,1,0082,58,40,40,0,0,19,0.00
03/06/2018 3:57:47,54 58.40638,-1 31.22418,291,0,316,625443,1145049,378.82,-107.597,3964,3933,3946,31,0,103.1,39.5,100.2,37.9,none,none,94.4,34.7,3964,3955,3947,3947,3951,3945,3941,3942,3945,3940,3940,3938,3941,3939,3939,3937,3940,3937,3939,3937,3938,3933,3937,3938,3938,3937,3940,3938,3938,3935,3940,3938,3942,3938,3938,3939,3939,3937,3940,3938,3944,3941,3950,3942,3952,3947,3961,3946,3964,3955,3964,3954,3959,3955,3962,3953,3951,3947,3962,3949,3961,3948,3950,3947,3950,3953,3953,3949,3950,3946,3953,3946,3945,3950,3953,3946,3950,3946,3948,3946,3949,3947,3956,3948,3955,3946,3946,3947,3963,3957,3955,3952,3960,3950,3956,3950,-0.19,SJNFAAZE1U0005576,117.67,13.04,8967.2421875,78,74,0,0,0,0,14.5,99.19,-142976,96,1527994667.068,0,1,0,0,0,0,0,3,0,1,378.92,378.92,7F,1,1,1,0082,58,40,40,0,0,19,0.00
03/06/2018 3:57:51,54 58.40638,-1 31.22418,291,0,317,626455,1145049,378.91,-106.894,3964,3933,3947,31,0,103.1,39.5,100.2,37.9,none,none,94.6,34.8,3964,3955,3948,3948,3951,3946,3941,3942,3946,3940,3941,3939,3942,3939,3938,3937,3939,3937,3937,3937,3938,3933,3938,3938,3938,3938,3939,3938,3938,3937,3939,3938,3941,3938,3938,3939,3940,3938,3940,3938,3944,3942,3950,3942,3951,3946,3960,3946,3963,3955,3964,3955,3959,3956,3962,3953,3952,3948,3963,3951,3960,3949,3951,3948,3950,3953,3953,3949,3950,3946,3952,3948,3946,3950,3951,3947,3951,3945,3947,3948,3948,3947,3955,3949,3956,3948,3946,3947,3963,3957,3955,3952,3960,3950,3955,3950,-0.21,SJNFAAZE1U0005576,117.67,13.04,8967.2421875,78,74,0,0,0,0,14.5,99.19,-143018,96,1527994671.151,0,1,1,0,7,0,0,3,0,1,378.93,378.93,7F,1,1,1,0082,58,40,40,0,0,19,0.00
03/06/2018 3:57:55,54 58.40638,-1 31.22418,291,0,317,627517,1145049,379.01,-107.261,3965,3935,3948,30,0,103.1,39.5,100.4,38.0,none,none,94.6,34.8,3965,3956,3948,3949,3953,3947,3941,3943,3946,3941,3942,3940,3942,3940,3939,3938,3941,3937,3939,3938,3939,3935,3939,3940,3939,3940,3941,3939,3939,3937,3940,3940,3943,3939,3939,3940,3941,3940,3942,3940,3945,3943,3951,3943,3951,3948,3961,3947,3963,3956,3964,3957,3959,3956,3963,3954,3952,3948,3962,3952,3962,3950,3951,3949,3951,3954,3955,3950,3951,3947,3953,3948,3947,3952,3954,3947,3952,3947,3948,3949,3950,3948,3956,3949,3956,3948,3946,3947,3963,3957,3956,3952,3961,3951,3956,3953,-0.21,SJNFAAZE1U0005576,117.67,13.04,8967.2421875,78,74,0,0,0,0,14.5,99.19,-143062,96,1527994675.348,0,1,0,0,0,0,0,3,0,1,378.97,378.97,7F,1,1,1,0082,58,40,40,0,0,19,0.00
03/06/2018 3:57:59,54 58.40638,-1 31.22418,291,0,318,628633,1145049,379.10,-107.383,3967,3936,3949,31,0,103.3,39.6,100.4,38.0,none,none,94.6,34.8,3967,3958,3949,3951,3954,3948,3943,3945,3947,3943,3943,3941,3945,3941,3941,3941,3942,3940,3940,3940,3940,3936,3940,3941,3940,3940,3942,3940,3940,3939,3942,3941,3944,3940,3940,3943,3942,3941,3942,3941,3947,3944,3952,3945,3953,3949,3963,3949,3965,3957,3966,3958,3962,3958,3964,3956,3956,3950,3964,3953,3964,3951,3953,3951,3953,3955,3955,3952,3953,3948,3955,3949,3950,3952,3954,3949,3954,3948,3950,3950,3951,3950,3958,3951,3957,3950,3948,3950,3965,3960,3958,3954,3962,3953,3959,3953,-0.21,SJNFAAZE1U0005576,117.67,13.04,8967.2421875,78,74,0,0,0,0,14.5,99.19,-143108,96,1527994679.613,0,1,0,0,0,0,0,3,0,1,379.13,379.13,7F,1,1,1,0082,58,40,40,0,0,19,0.00
03/06/2018 3:58:03,54 58.40638,-1 31.22418,291,0,319,629712,1145049,379.10,-104.453,3966,3936,3949,30,0,103.3,39.6,100.4,38.0,none,none,94.6,34.8,3966,3957,3950,3950,3954,3948,3944,3944,3948,3942,3944,3941,3945,3942,3942,3940,3942,3939,3941,3939,3941,3936,3940,3940,3941,3940,3942,3940,3940,3939,3941,3940,3945,3941,3941,3941,3943,3941,3943,3940,3947,3945,3953,3944,3954,3949,3963,3949,3964,3957,3966,3958,3961,3958,3963,3954,3953,3948,3964,3953,3963,3951,3953,3950,3953,3955,3956,3952,3952,3948,3954,3950,3947,3952,3956,3949,3953,3947,3949,3950,3950,3950,3959,3951,3956,3949,3947,3949,3965,3959,3956,3954,3962,3952,3959,3953,-0.18,SJNFAAZE1U0005576,117.67,13.04,8967.2421875,78,74,0,0,0,0,14.5,99.19,-143152,96,1527994683.699,0,1,1,0,0,0,0,3,0,1,379.16,379.16,7F,1,1,1,0082,58,40,40,0,0,19,0.00
03/06/2018 3:58:07,54 58.40638,-1 31.22418,291,0,319,630753,1145049,379.01,-104.270,3965,3936,3948,29,0,103.3,39.6,100.4,38.0,none,none,94.6,34.8,3965,3955,3949,3949,3954,3946,3943,3944,3947,3941,3944,3940,3946,3940,3942,3939,3942,3939,3941,3939,3940,3936,3939,3941,3940,3939,3941,3939,3941,3938,3943,3940,3943,3940,3941,3940,3942,3940,3942,3940,3947,3943,3952,3943,3953,3947,3962,3948,3963,3956,3965,3956,3960,3957,3963,3954,3954,3949,3963,3951,3962,3950,3952,3950,3953,3955,3956,3950,3951,3947,3953,3948,3947,3951,3954,3947,3952,3946,3948,3949,3950,3949,3957,3949,3955,3948,3947,3948,3964,3958,3955,3952,3961,3953,3959,3952,-0.16,SJNFAAZE1U0005576,117.67,13.04,8967.2421875,78,74,0,0,0,0,14.5,99.19,-143195,96,1527994687.918,0,1,2,0,7,0,0,3,0,1,379.14,379.14,7F,1,1,1,0082,58,40,40,0,0,19,0.00
03/06/2018 3:58:12,54 58.40638,-1 31.22418,291,0,320,631795,1145049,379.10,-104.880,3966,3935,3949,31,0,103.3,39.6,100.6,38.1,none,none,94.8,34.9,3966,3956,3949,3950,3953,3946,3943,3944,3947,3941,3944,3941,3944,3940,3941,3940,3941,3940,3940,3939,3940,3935,3940,3940,3939,3940,3941,3940,3941,3938,3942,3940,3943,3940,3940,3941,3942,3941,3942,3940,3946,3944,3952,3945,3952,3948,3962,3948,3966,3956,3965,3958,3961,3958,3964,3956,3955,3949,3963,3952,3962,3950,3952,3950,3952,3954,3956,3952,3952,3948,3955,3949,3949,3953,3954,3948,3954,3947,3949,3949,3950,3949,3957,3950,3956,3950,3948,3948,3964,3959,3956,3953,3962,3952,3957,3953,-0.19,SJNFAAZE1U0005576,117.67,13.04,8967.2421875,78,74,0,0,0,0,14.5,99.19,-143238,96,1527994692.067,0,1,0,0,0,0,0,3,0,1,379.12,379.12,7F,1,1,1,0082,58,40,40,0,0,19,0.00
03/06/2018 3:58:16,54 58.40638,-1 31.22418,291,0,320,632887,1145049,379.20,-105.369,3967,3937,3950,30,0,103.6,39.8,100.6,38.1,none,none,94.8,34.9,3967,3958,3950,3951,3955,3948,3945,3945,3949,3943,3944,3942,3944,3942,3942,3940,3943,3940,3942,3940,3941,3937,3940,3942,3940,3941,3942,3941,3941,3939,3943,3941,3946,3941,3941,3943,3942,3941,3943,3941,3947,3945,3953,3945,3954,3950,3963,3948,3965,3958,3966,3958,3962,3958,3964,3956,3956,3950,3964,3953,3964,3952,3952,3952,3953,3956,3956,3952,3953,3949,3954,3951,3950,3954,3955,3949,3955,3948,3950,3951,3951,3950,3958,3952,3958,3951,3948,3950,3965,3960,3958,3954,3962,3953,3959,3954,-0.21,SJNFAAZE1U0005576,117.67,13.04,8967.2421875,78,74,0,0,0,0,14.5,99.19,-143283,96,1527994696.156,0,1,0,0,0,0,0,3,0,1,379.15,379.15,7F,1,1,1,0082,58,40,40,0,0,19,0.00
03/06/2018 3:58:20,54 58.40638,-1 31.22418,291,0,321,633916,1145049,379.30,-103.324,3969,3938,3951,31,0,103.6,39.8,100.6,38.1,none,none,94.8,34.9,3969,3958,3951,3952,3955,3950,3946,3946,3950,3944,3946,3943,3946,3943,3944,3941,3943,3941,3942,3941,3942,3938,3943,3942,3941,3943,3943,3942,3942,3942,3943,3943,3946,3943,3943,3944,3945,3942,3944,3942,3948,3947,3953,3947,3955,3951,3964,3950,3966,3958,3967,3960,3963,3960,3965,3957,3956,3951,3965,3955,3964,3953,3954,3953,3954,3956,3957,3954,3955,3950,3956,3951,3951,3953,3957,3951,3955,3950,3951,3952,3952,3951,3960,3953,3958,3951,3950,3952,3966,3960,3959,3955,3963,3954,3960,3954,-0.18,SJNFAAZE1U0005576,117.67,13.04,8967.2421875,78,74,0,0,0,0,14.5,99.19,-143325,96,1527994700.428,0,1,1,0,7,0,0,3,0,1,379.23,379.23,7F,1,1,1,0082,58,40,40,0,0,19,0.00
03/06/2018 3:58:24,54 58.40638,-1 31.22418,291,0,321,634965,1145049,379.20,-102.103,3967,3938,3950,29,0,103.6,39.8,100.8,38.2,none,none,95.0,35.0,3967,3958,3950,3951,3954,3950,3945,3945,3948,3944,3945,3943,3946,3943,3942,3941,3942,3942,3942,3941,3942,3938,3941,3943,3941,3942,3943,3941,3941,3941,3943,3943,3946,3943,3943,3944,3944,3941,3945,3942,3949,3946,3953,3946,3955,3950,3964,3951,3966,3959,3967,3959,3963,3959,3965,3956,3955,3950,3965,3953,3963,3952,3955,3952,3954,3956,3958,3954,3955,3950,3955,3951,3950,3954,3957,3951,3954,3949,3951,3951,3952,3951,3960,3952,3958,3951,3950,3951,3966,3961,3959,3956,3963,3954,3960,3955,-0.22,SJNFAAZE1U0005576,117.67,13.04,8967.2421875,78,74,0,0,0,0,14.5,99.19,-143369,96,1527994704.723,0,1,0,0,0,0,0,3,0,1,379.35,379.35,7F,1,1,1,0082,58,40,40,0,0,19,0.00
03/06/2018 3:58:28,54 58.40638,-1 31.22418,291,0,322,636036,1145049,379.20,-102.775,3968,3937,3950,31,0,103.6,39.8,100.8,38.2,none,none,94.8,34.9,3968,3958,3951,3950,3954,3948,3946,3946,3949,3942,3945,3942,3946,3942,3943,3941,3943,3940,3942,3940,3942,3937,3941,3941,3941,3942,3943,3941,3943,3940,3943,3941,3946,3941,3942,3943,3944,3941,3945,3941,3948,3945,3954,3945,3954,3949,3964,3949,3966,3958,3967,3958,3963,3958,3966,3956,3955,3949,3964,3952,3964,3952,3954,3951,3954,3956,3957,3952,3954,3950,3956,3951,3950,3953,3956,3949,3955,3949,3951,3951,3952,3951,3960,3952,3958,3951,3949,3950,3966,3960,3958,3954,3963,3954,3960,3954,-0.21,SJNFAAZE1U0005576,117.67,13.04,8967.2421875,78,74,0,0,0,0,14.5,99.19,-143413,96,1527994708.945,0,1,0,0,0,0,0,3,0,1,379.28,379.28,7F,1,1,1,0082,58,40,40,0,0,19,0.00
03/06/2018 3:58:33,54 58.40638,-1 31.22418,291,0,322,637057,1145049,379.30,-102.592,3969,3939,3951,30,0,103.6,39.8,100.8,38.2,none,none,95.0,35.0,3969,3959,3953,3952,3955,3949,3946,3947,3950,3945,3946,3944,3947,3943,3944,3943,3944,3942,3942,3942,3944,3939,3943,3944,3943,3943,3944,3942,3943,3941,3945,3943,3946,3944,3943,3944,3945,3943,3946,3943,3949,3946,3955,3948,3956,3951,3965,3951,3966,3958,3967,3960,3963,3959,3966,3957,3956,3951,3965,3954,3964,3954,3954,3953,3955,3957,3957,3954,3954,3951,3957,3953,3951,3954,3957,3951,3956,3949,3952,3952,3952,3952,3960,3953,3959,3952,3950,3952,3966,3962,3960,3956,3964,3955,3961,3955,-0.21,SJNFAAZE1U0005576,117.67,13.04,8967.2421875,78,74,0,0,0,0,14.5,99.19,-143455,96,1527994713.167,0,1,1,0,0,0,0,3,0,1,379.31,379.31,7F,1,1,1,0082,58,40,40,0,0,19,0.00
03/06/2018 3:58:37,54 58.40638,-1 31.22418,291,0,323,638119,1145049,379.39,-102.073,3969,3939,3952,30,0,103.8,39.9,100.8,38.2,none,none,95.0,35.0,3969,3961,3953,3953,3956,3951,3947,3948,3950,3946,3947,3945,3949,3945,3945,3944,3945,3944,3944,3943,3945,3939,3944,3945,3944,3945,3945,3944,3943,3943,3945,3945,3949,3944,3944,3946,3946,3944,3947,3945,3950,3948,3956,3949,3956,3953,3967,3951,3968,3960,3969,3961,3965,3960,3966,3958,3958,3952,3967,3956,3965,3954,3956,3954,3956,3958,3959,3956,3955,3952,3958,3954,3952,3957,3958,3953,3957,3951,3953,3954,3954,3953,3960,3953,3961,3953,3952,3953,3968,3963,3961,3957,3965,3956,3961,3956,-0.19,SJNFAAZE1U0005576,117.67,13.04,8967.2421875,78,74,0,0,0,0,14.5,99.19,-143499,96,1527994717.431,0,1,2,0,8,0,0,3,0,1,379.43,379.43,7F,1,1,1,0082,58,40,40,0,0,19,0.00
03/06/2018 3:58:41,54 58.40638,-1 31.22418,291,0,323,639186,1145049,379.49,-100.913,3970,3941,3953,29,0,103.6,39.8,100.8,38.2,none,none,95.0,35.0,3970,3960,3953,3954,3957,3951,3947,3949,3951,3946,3946,3946,3948,3945,3945,3944,3946,3945,3944,3944,3945,3941,3944,3945,3944,3944,3945,3944,3944,3943,3946,3945,3948,3945,3944,3946,3947,3945,3946,3944,3950,3949,3956,3948,3956,3952,3966,3952,3968,3960,3968,3961,3964,3961,3967,3958,3957,3953,3967,3956,3965,3955,3956,3954,3956,3959,3959,3955,3957,3952,3959,3954,3952,3956,3958,3953,3957,3951,3953,3954,3954,3952,3962,3955,3961,3954,3952,3953,3967,3963,3961,3957,3966,3957,3962,3957,-0.19,SJNFAAZE1U0005576,117.67,13.04,8967.2421875,78,74,0,0,0,0,14.5,99.19,-143543,96,1527994721.599,0,1,0,0,0,0,0,3,0,1,379.51,379.51,7F,1,1,1,0082,58,40,40,0,0,19,0.00
03/06/2018 3:58:45,54 58.40638,-1 31.22418,291,0,324,640151,1145049,379.39,-101.279,3970,3940,3952,30,0,103.6,39.8,100.8,38.2,none,none,95.0,35.0,3970,3960,3953,3953,3957,3951,3948,3948,3952,3946,3947,3945,3948,3945,3945,3944,3946,3944,3944,3943,3945,3940,3945,3944,3944,3945,3946,3944,3946,3943,3946,3945,3948,3945,3945,3946,3946,3945,3946,3944,3950,3948,3955,3949,3958,3953,3966,3953,3967,3959,3968,3960,3964,3960,3966,3957,3956,3953,3967,3956,3966,3955,3955,3953,3956,3958,3958,3954,3955,3952,3958,3953,3951,3955,3959,3953,3956,3950,3953,3953,3954,3953,3961,3954,3960,3953,3952,3952,3967,3962,3959,3957,3965,3955,3962,3956,-0.20,SJNFAAZE1U0005576,117.67,13.04,8967.2421875,78,74,0,0,0,0,14.5,99.19,-143582,96,1527994725.494,0,1,0,0,0,0,0,3,0,1,379.49,379.49,7F,1,1,1,0082,58,40,40,0,0,19,0.00
03/06/2018 3:58:49,54 58.40638,-1 31.22418,291,0,324,641085,1145049,379.49,-101.737,3969,3941,3953,28,0,103.8,39.9,101.1,38.4,none,none,95.2,35.1,3969,3960,3954,3954,3958,3950,3948,3948,3951,3946,3947,3945,3950,3945,3946,3944,3945,3943,3945,3943,3946,3941,3945,3945,3944,3945,3946,3944,3945,3943,3947,3944,3948,3945,3944,3946,3947,3944,3947,3944,3950,3949,3955,3948,3957,3952,3966,3952,3967,3961,3969,3960,3965,3960,3967,3958,3957,3952,3967,3957,3965,3955,3956,3955,3957,3958,3959,3954,3956,3952,3959,3953,3953,3956,3958,3953,3957,3951,3953,3954,3954,3953,3961,3955,3961,3953,3952,3952,3968,3962,3961,3956,3965,3956,3962,3956,-0.19,SJNFAAZE1U0005576,117.67,13.04,8967.2421875,78,74,0,0,0,0,14.5,99.19,-143621,96,1527994729.228,0,1,1,0,7,0,0,3,0,1,379.49,379.49,7F,1,1,1,0082,58,40,40,0,0,19,0.00
03/06/2018 3:58:53,54 58.40638,-1 31.22418,291,0,325,642042,1145049,379.58,-102.439,3970,3943,3954,27,0,103.8,39.9,101.1,38.4,none,none,95.2,35.1,3970,3963,3954,3956,3959,3953,3948,3950,3953,3948,3950,3947,3950,3947,3947,3946,3947,3946,3946,3946,3947,3943,3946,3947,3946,3946,3948,3947,3946,3945,3949,3947,3950,3947,3947,3947,3948,3946,3949,3947,3952,3949,3958,3950,3958,3955,3967,3955,3969,3961,3970,3963,3967,3962,3968,3960,3959,3954,3968,3958,3968,3956,3959,3956,3958,3960,3961,3956,3958,3953,3960,3955,3954,3958,3961,3955,3959,3953,3955,3955,3955,3955,3963,3956,3963,3955,3954,3955,3969,3965,3963,3959,3967,3957,3964,3958,-0.20,SJNFAAZE1U0005576,117.67,13.04,8967.2421875,78,74,0,0,0,0,14.5,99.19,-143660,96,1527994733.286,0,1,0,0,8,0,0,3,0,1,379.58,379.58,7F,1,1,1,0082,58,40,40,0,0,19,0.00
03/06/2018 3:58:57,54 58.40638,-1 31.22418,291,0,325,643054,1145049,379.68,-101.188,3972,3944,3955,28,0,104.0,40.0,101.3,38.5,none,none,95.2,35.1,3972,3963,3955,3956,3959,3954,3951,3950,3954,3949,3949,3948,3952,3947,3949,3947,3950,3947,3948,3947,3948,3944,3947,3949,3946,3947,3948,3947,3947,3946,3949,3947,3951,3948,3948,3949,3950,3946,3950,3947,3953,3952,3958,3951,3960,3957,3969,3955,3969,3962,3971,3964,3967,3964,3969,3961,3961,3955,3969,3959,3968,3956,3958,3957,3959,3961,3962,3957,3958,3955,3962,3955,3955,3959,3962,3956,3959,3954,3955,3956,3957,3956,3964,3957,3963,3955,3954,3956,3971,3964,3963,3960,3967,3959,3964,3959,-0.22,SJNFAAZE1U0005576,117.67,13.04,8967.2421875,78,74,0,0,0,0,14.5,99.19,-143702,96,1527994737.375,0,1,0,0,0,0,0,3,0,1,379.76,379.76,7F,1,1,1,0082,58,40,40,0,0,19,0.00
03/06/2018 3:59:01,54 58.40638,-1 31.22418,291,0,326,644037,1145049,379.68,-100.089,3973,3943,3955,30,0,103.8,39.9,101.1,38.4,none,none,95.2,35.1,3973,3961,3955,3957,3959,3954,3949,3950,3954,3948,3950,3948,3950,3948,3948,3947,3948,3947,3947,3947,3948,3943,3948,3948,3947,3947,3949,3946,3947,3945,3948,3947,3951,3947,3947,3949,3949,3947,3950,3947,3953,3951,3958,3951,3959,3955,3968,3954,3970,3963,3970,3962,3966,3963,3970,3960,3959,3955,3969,3957,3968,3956,3958,3956,3958,3961,3961,3956,3959,3955,3961,3955,3953,3958,3961,3955,3959,3954,3956,3955,3955,3956,3963,3956,3963,3955,3955,3954,3970,3965,3963,3958,3967,3958,3965,3958,-0.18,SJNFAAZE1U0005576,117.67,13.04,8967.2421875,78,74,0,0,0,0,14.5,99.19,-143743,96,1527994741.469,0,1,0,0,0,0,0,3,0,1,379.72,379.72,7F,1,1,1,0082,58,40,40,0,0,19,0.00
03/06/2018 3:59:05,54 58.40638,-1 31.22418,291,0,326,645085,1145049,379.68,-99.906,3971,3942,3955,29,0,104.0,40.0,101.3,38.5,none,none,95.2,35.1,3971,3963,3955,3955,3958,3953,3950,3950,3953,3948,3950,3948,3951,3947,3948,3946,3948,3946,3946,3946,3948,3942,3946,3948,3946,3947,3948,3946,3947,3945,3947,3947,3951,3947,3947,3948,3949,3947,3949,3947,3953,3949,3958,3950,3959,3955,3967,3954,3969,3961,3971,3962,3967,3963,3969,3959,3959,3955,3969,3957,3968,3956,3958,3956,3958,3960,3961,3956,3959,3954,3960,3955,3954,3957,3961,3954,3959,3953,3956,3956,3956,3954,3963,3956,3963,3955,3954,3954,3969,3964,3962,3959,3966,3958,3962,3958,-0.22,SJNFAAZE1U0005576,117.67,13.04,8967.2421875,78,74,0,0,0,0,14.5,99.19,-143786,96,1527994745.629,0,1,1,0,7,0,0,3,0,1,379.66,379.66,7F,1,1,1,0082,58,40,40,0,0,19,0.00
03/06/2018 3:59:09,54 58.40638,-1 31.22418,291,0,327,646035,1145049,379.87,-101.340,3973,3945,3957,28,0,104.0,40.0,101.3,38.5,none,none,95.4,35.2,3973,3964,3956,3958,3961,3955,3951,3953,3956,3951,3951,3950,3953,3949,3949,3949,3949,3947,3949,3948,3950,3945,3949,3949,3948,3949,3950,3948,3948,3947,3950,3949,3952,3949,3949,3950,3950,3949,3951,3948,3954,3952,3960,3952,3961,3957,3969,3957,3971,3964,3972,3964,3968,3964,3971,3961,3961,3957,3971,3959,3970,3958,3960,3958,3961,3962,3962,3959,3960,3957,3962,3956,3957,3960,3963,3956,3961,3955,3958,3957,3958,3957,3966,3958,3964,3957,3956,3956,3971,3966,3965,3960,3969,3959,3964,3960,-0.21,SJNFAAZE1U0005576,117.67,13.04,8967.2421875,78,74,0,0,0,0,14.5,99.19,-143825,96,1527994749.541,0,1,0,0,0,0,0,3,0,1,379.78,379.78,7F,1,1,1,0082,58,40,40,0,0,19,0.00
03/06/2018 3:59:13,54 58.40638,-1 31.22418,291,0,327,647037,1145049,379.97,-100.395,3974,3946,3958,28,0,104.2,40.1,101.3,38.5,none,none,95.4,35.2,3974,3964,3957,3958,3961,3957,3952,3953,3956,3951,3951,3951,3953,3950,3950,3949,3950,3949,3949,3948,3949,3946,3950,3950,3950,3950,3950,3949,3950,3947,3951,3950,3953,3950,3950,3952,3952,3951,3952,3950,3955,3953,3961,3954,3962,3958,3971,3958,3973,3964,3973,3966,3970,3965,3972,3962,3963,3958,3971,3961,3971,3959,3961,3959,3961,3963,3964,3960,3961,3957,3963,3958,3958,3960,3963,3957,3963,3957,3958,3958,3959,3957,3965,3961,3965,3959,3957,3959,3972,3967,3965,3963,3969,3961,3965,3961,-0.21,SJNFAAZE1U0005576,117.67,13.04,8967.2421875,78,74,0,0,0,0,14.5,99.19,-143866,95,1527994753.552,0,1,0,0,0,0,0,3,0,1,379.96,379.96,7F,1,1,1,0082,58,40,40,0,0,19,0.00
03/06/2018 3:59:17,54 58.40638,-1 31.22418,291,0,328,648012,1145049,379.87,-99.296,3974,3945,3957,29,0,104.0,40.0,101.3,38.5,none,none,95.4,35.2,3974,3965,3957,3959,3962,3957,3953,3953,3956,3951,3952,3950,3954,3950,3951,3948,3950,3948,3949,3949,3950,3945,3950,3950,3949,3950,3951,3950,3950,3948,3951,3949,3952,3949,3950,3950,3951,3949,3952,3949,3954,3953,3961,3952,3961,3957,3970,3957,3972,3965,3973,3965,3970,3966,3972,3962,3963,3957,3971,3960,3970,3959,3960,3959,3961,3963,3963,3959,3961,3957,3963,3957,3956,3960,3963,3956,3961,3957,3958,3958,3959,3957,3966,3960,3965,3958,3956,3957,3973,3967,3964,3962,3969,3960,3965,3961,-0.21,SJNFAAZE1U0005576,117.67,13.04,8967.2421875,78,74,0,0,0,0,14.5,99.19,-143906,95,1527994757.719,0,1,1,0,5,0,0,3,0,1,379.97,379.97,7F,1,1,1,0082,58,40,40,0,0,19,0.00
03/06/2018 3:59:21,54 58.40638,-1 31.22418,291,0,328,648977,1145049,379.87,-99.509,3973,3945,3957,28,0,104.0,40.0,101.3,38.5,none,none,95.4,35.2,3973,3964,3958,3958,3962,3955,3952,3952,3955,3951,3952,3949,3952,3949,3950,3948,3949,3948,3948,3948,3951,3945,3949,3950,3950,3949,3950,3948,3949,3947,3950,3950,3953,3949,3949,3951,3952,3949,3951,3949,3955,3953,3960,3952,3961,3957,3970,3957,3971,3964,3972,3965,3969,3965,3970,3962,3960,3957,3970,3960,3970,3957,3960,3959,3960,3963,3963,3959,3960,3956,3963,3957,3957,3961,3963,3956,3962,3956,3957,3957,3958,3957,3965,3959,3964,3957,3956,3957,3972,3966,3965,3962,3969,3959,3964,3961,-0.20,SJNFAAZE1U0005576,117.67,13.04,8967.2421875,78,74,0,0,0,0,14.5,99.19,-143946,95,1527994761.592,0,1,2,0,8,0,0,3,0,1,379.94,379.94,7F,1,1,1,0082,58,40,40,0,0,19,0.00
03/06/2018 3:59:25,54 58.40638,-1 31.22418,291,0,329,649922,1145049,379.97,-100.333,3975,3946,3958,29,0,104.2,40.1,101.3,38.5,none,none,95.4,35.2,3975,3967,3958,3959,3962,3956,3953,3953,3957,3951,3953,3950,3954,3951,3952,3949,3951,3950,3951,3949,3950,3946,3950,3950,3949,3951,3951,3950,3951,3949,3952,3950,3955,3950,3951,3952,3952,3951,3953,3950,3956,3954,3962,3954,3962,3958,3971,3958,3972,3965,3973,3965,3969,3965,3972,3963,3963,3958,3972,3961,3972,3959,3962,3960,3962,3963,3964,3961,3961,3959,3964,3958,3959,3961,3964,3957,3963,3956,3959,3958,3959,3958,3967,3959,3966,3958,3957,3959,3973,3968,3965,3963,3970,3962,3967,3961,-0.18,SJNFAAZE1U0005576,117.67,13.04,8967.2421875,78,74,0,0,0,0,14.5,99.19,-143985,95,1527994765.753,0,1,0,0,0,0,0,3,0,1,379.98,379.98,7F,1,1,1,0082,58,40,40,0,0,19,0.00
03/06/2018 3:59:29,54 58.40638,-1 31.22418,291,0,329,650915,1145049,380.16,-99.936,3976,3949,3960,27,0,104.2,40.1,101.5,38.6,none,none,95.4,35.2,3976,3967,3960,3961,3963,3958,3954,3956,3958,3954,3955,3952,3956,3952,3952,3952,3953,3951,3952,3951,3952,3949,3951,3952,3951,3952,3953,3951,3951,3950,3953,3952,3955,3951,3952,3954,3953,3952,3956,3952,3957,3955,3964,3955,3963,3961,3973,3959,3973,3966,3975,3968,3973,3968,3974,3964,3965,3959,3974,3962,3973,3962,3962,3961,3963,3966,3966,3963,3963,3961,3965,3961,3961,3962,3966,3960,3965,3959,3959,3960,3962,3960,3968,3962,3968,3962,3958,3961,3974,3970,3967,3965,3971,3963,3968,3963,-0.19,SJNFAAZE1U0005576,117.67,13.04,8967.2421875,78,74,0,0,0,0,14.5,99.19,-144026,95,1527994769.818,0,1,0,0,0,0,0,3,0,1,380.14,380.14,7F,1,1,1,0082,58,40,40,0,0,19,0.00
03/06/2018 3:59:33,54 58.40638,-1 31.22418,291,0,330,651902,1145049,380.16,-97.922,3976,3949,3960,27,0,104.2,40.1,101.5,38.6,none,none,95.6,35.3,3975,3968,3960,3961,3964,3959,3955,3956,3959,3954,3955,3953,3957,3953,3954,3952,3954,3952,3953,3951,3953,3949,3953,3954,3951,3953,3953,3953,3952,3951,3953,3953,3956,3953,3952,3955,3955,3953,3954,3953,3957,3956,3964,3956,3964,3960,3973,3961,3974,3967,3976,3968,3971,3968,3973,3966,3964,3960,3974,3964,3972,3961,3961,3962,3964,3967,3966,3961,3963,3960,3965,3960,3958,3963,3967,3960,3964,3958,3960,3960,3961,3961,3969,3962,3967,3961,3959,3961,3974,3970,3968,3963,3971,3963,3968,3963,-0.25,SJNFAAZE1U0005576,117.67,13.04,8967.2421875,78,74,0,0,0,0,14.5,99.19,-144067,95,1527994773.856,0,1,1,0,6,0,0,3,0,1,380.24,380.24,7F,1,1,1,0082,58,40,40,0,0,19,0.00
03/06/2018 3:59:37,54 58.40638,-1 31.22418,291,0,330,652861,1145049,380.16,-99.387,3976,3948,3960,28,0,104.2,40.1,101.5,38.6,none,none,95.6,35.3,3976,3968,3960,3961,3964,3958,3955,3955,3958,3954,3955,3952,3955,3952,3953,3951,3954,3952,3953,3951,3953,3948,3951,3953,3951,3953,3953,3951,3952,3951,3953,3953,3956,3953,3952,3954,3954,3952,3954,3952,3958,3955,3963,3956,3964,3960,3972,3960,3973,3966,3975,3967,3973,3967,3974,3965,3964,3959,3973,3963,3973,3961,3963,3962,3963,3965,3966,3963,3964,3959,3965,3959,3960,3962,3966,3959,3964,3958,3960,3960,3961,3959,3967,3961,3967,3960,3959,3959,3975,3969,3967,3964,3971,3963,3968,3963,-0.23,SJNFAAZE1U0005576,117.67,13.04,8967.2421875,78,74,0,0,0,0,14.5,99.19,-144106,95,1527994777.872,0,1,0,0,8,0,0,3,0,1,380.20,380.20,7F,1,1,1,0082,58,40,40,0,0,19,0.00
03/06/2018 3:59:41,54 58.40638,-1 31.22418,291,0,331,653848,1145049,380.26,-99.265,3977,3949,3961,28,0,104.4,40.2,101.8,38.8,none,none,95.6,35.3,3977,3968,3960,3961,3965,3958,3955,3956,3959,3954,3956,3954,3957,3953,3954,3952,3954,3952,3953,3952,3954,3949,3953,3954,3952,3954,3953,3953,3953,3952,3953,3953,3956,3953,3953,3955,3954,3953,3955,3953,3958,3956,3964,3957,3964,3960,3973,3960,3975,3968,3976,3969,3973,3968,3975,3966,3965,3961,3975,3963,3973,3962,3964,3961,3964,3966,3966,3963,3964,3960,3966,3959,3961,3964,3966,3960,3964,3960,3961,3962,3962,3961,3969,3962,3969,3962,3958,3960,3975,3971,3967,3965,3973,3963,3969,3965,-0.23,SJNFAAZE1U0005576,117.67,13.04,8967.2421875,78,74,0,0,0,0,14.5,99.19,-144147,95,1527994781.956,0,1,0,0,0,0,0,3,0,1,380.20,380.20,7F,1,1,1,0082,58,40,40,0,0,19,0.00
03/06/2018 3:59:45,54 58.40638,-1 31.22418,291,0,331,654783,1145049,380.45,-99.235,3978,3952,3963,26,0,104.4,40.2,101.8,38.8,none,none,95.6,35.3,3978,3970,3963,3964,3967,3961,3959,3959,3962,3956,3958,3956,3959,3956,3956,3955,3957,3955,3955,3954,3955,3952,3956,3956,3955,3956,3958,3956,3956,3954,3956,3956,3958,3956,3954,3957,3957,3955,3958,3954,3960,3959,3966,3959,3967,3962,3976,3963,3976,3970,3977,3971,3974,3970,3976,3968,3967,3963,3976,3966,3975,3964,3965,3964,3967,3968,3969,3965,3965,3963,3967,3963,3962,3966,3968,3962,3966,3961,3963,3963,3963,3963,3971,3964,3970,3962,3961,3963,3976,3971,3969,3967,3974,3967,3971,3966,-0.23,SJNFAAZE1U0005576,117.67,13.04,8967.2421875,78,74,0,0,0,0,14.5,99.19,-144186,95,1527994785.958,0,1,0,0,0,0,0,3,0,1,380.37,380.37,7F,1,1,1,0082,58,40,40,0,0,19,0.00
03/06/2018 3:59:49,54 58.40638,-1 31.22418,291,0,332,655757,1145049,380.45,-97.251,3978,3952,3963,26,0,104.4,40.2,101.8,38.8,none,none,95.6,35.3,3978,3970,3963,3963,3966,3962,3957,3959,3961,3956,3958,3956,3960,3956,3955,3956,3956,3954,3955,3954,3956,3952,3955,3955,3955,3955,3956,3955,3955,3954,3955,3957,3959,3955,3956,3956,3958,3954,3957,3954,3960,3959,3966,3958,3966,3962,3976,3962,3977,3969,3977,3969,3975,3969,3976,3967,3967,3962,3976,3967,3975,3965,3966,3964,3965,3968,3969,3964,3966,3961,3968,3963,3963,3965,3967,3962,3966,3961,3963,3963,3964,3962,3971,3965,3970,3963,3964,3963,3977,3972,3971,3966,3975,3966,3971,3965,-0.18,SJNFAAZE1U0005576,117.67,13.04,8967.2421875,78,74,0,0,0,0,14.5,99.19,-144226,95,1527994789.990,0,1,1,0,7,0,0,3,0,1,380.48,380.48,7F,1,1,1,0082,58,40,40,0,0,19,0.00
03/06/2018 3:59:54,54 58.40638,-1 31.22418,291,0,332,656756,1145049,380.35,-98.472,3979,3951,3962,28,0,104.4,40.2,101.8,38.8,none,none,95.6,35.3,3979,3969,3962,3963,3966,3960,3957,3958,3961,3956,3957,3955,3959,3955,3956,3955,3955,3954,3954,3954,3954,3951,3955,3955,3955,3955,3956,3954,3954,3953,3956,3955,3958,3955,3954,3955,3956,3954,3957,3955,3960,3958,3965,3958,3966,3962,3974,3961,3976,3969,3977,3969,3974,3970,3976,3967,3966,3962,3975,3965,3975,3964,3966,3963,3966,3968,3967,3963,3965,3962,3967,3963,3962,3965,3968,3961,3966,3961,3963,3963,3964,3961,3970,3964,3970,3963,3961,3962,3977,3973,3970,3966,3975,3966,3970,3965,-0.24,SJNFAAZE1U0005576,117.67,13.04,8967.2421875,78,74,0,0,0,0,14.5,99.19,-144267,95,1527994794.436,0,1,0,0,0,0,0,3,0,1,380.48,380.48,7F,1,1,1,0082,58,40,40,0,0,19,0.00
03/06/2018 3:59:58,54 58.40638,-1 31.22418,291,0,333,657787,1145049,380.54,-99.509,3981,3953,3964,28,0,104.4,40.2,101.8,38.8,none,none,95.8,35.4,3981,3971,3964,3963,3967,3963,3959,3959,3963,3958,3960,3957,3960,3956,3958,3957,3956,3955,3957,3955,3957,3953,3956,3956,3956,3956,3958,3956,3957,3955,3957,3956,3960,3956,3957,3957,3958,3956,3958,3957,3962,3959,3966,3959,3967,3964,3976,3964,3977,3970,3980,3970,3976,3972,3977,3968,3968,3963,3977,3967,3977,3965,3967,3964,3967,3968,3969,3966,3967,3964,3970,3964,3963,3966,3969,3963,3969,3962,3965,3965,3965,3963,3972,3965,3971,3964,3963,3964,3978,3973,3971,3967,3976,3967,3972,3966,-0.20,SJNFAAZE1U0005576,117.67,13.04,8967.2421875,78,74,0,0,0,0,14.5,99.19,-144309,95,1527994798.655,0,1,0,0,0,0,0,3,0,1,380.51,380.51,7F,1,1,1,0082,58,40,40,0,0,19,0.00
03/06/2018 4:00:02,54 58.40638,-1 31.22418,291,0,333,658765,1145049,380.64,-97.526,3981,3954,3965,27,0,104.4,40.2,102.0,38.9,none,none,95.8,35.4,3981,3972,3966,3967,3970,3963,3960,3961,3964,3959,3959,3958,3963,3959,3959,3957,3959,3957,3958,3957,3957,3954,3957,3959,3957,3959,3959,3957,3958,3957,3961,3958,3962,3958,3957,3959,3959,3958,3961,3957,3963,3961,3968,3961,3969,3965,3979,3964,3979,3972,3980,3973,3978,3972,3979,3970,3970,3965,3978,3969,3977,3967,3968,3967,3969,3971,3972,3968,3969,3964,3971,3966,3965,3967,3971,3964,3971,3964,3966,3966,3967,3964,3974,3968,3973,3965,3965,3966,3980,3975,3973,3970,3977,3967,3973,3968,-0.22,SJNFAAZE1U0005576,117.67,13.04,8967.2421875,78,74,0,0,0,0,14.5,99.19,-144350,95,1527994802.802,0,1,1,0,12,0,0,3,0,1,380.69,380.69,7F,1,1,1,0082,58,40,40,0,0,19,0.00
03/06/2018 4:00:06,54 58.40638,-1 31.22418,291,0,334,659752,1145049,380.64,-96.457,3980,3954,3965,26,0,104.7,40.4,102.0,38.9,none,none,95.8,35.4,3980,3972,3965,3966,3969,3964,3960,3961,3965,3959,3960,3958,3961,3959,3958,3958,3958,3957,3957,3956,3957,3954,3958,3958,3957,3957,3959,3957,3958,3956,3959,3957,3961,3958,3958,3959,3959,3958,3960,3958,3963,3960,3967,3960,3969,3964,3978,3964,3978,3972,3979,3973,3975,3972,3977,3969,3968,3965,3979,3969,3977,3966,3967,3966,3969,3971,3971,3967,3968,3964,3970,3966,3964,3968,3971,3965,3969,3964,3965,3966,3965,3965,3973,3967,3971,3965,3964,3964,3978,3976,3972,3969,3976,3968,3973,3969,-0.19,SJNFAAZE1U0005576,117.67,13.04,8967.2421875,78,74,0,0,0,0,14.5,99.19,-144390,95,1527994806.933,0,1,1,0,7,0,0,3,0,1,380.69,380.69,7F,1,1,1,0082,58,40,40,0,0,19,0.00
03/06/2018 4:00:11,54 58.40638,-1 31.22418,291,0,334,660746,1145049,380.64,-97.556,3981,3954,3965,27,0,104.7,40.4,102.0,38.9,none,none,96.0,35.6,3981,3973,3966,3966,3970,3963,3960,3962,3964,3960,3961,3959,3962,3959,3959,3958,3959,3959,3958,3957,3958,3954,3958,3959,3958,3958,3960,3957,3959,3957,3961,3958,3962,3958,3960,3960,3960,3958,3960,3959,3963,3961,3969,3961,3969,3965,3979,3966,3979,3972,3981,3972,3976,3972,3978,3970,3969,3966,3979,3968,3977,3967,3968,3966,3969,3971,3972,3967,3967,3964,3970,3965,3966,3968,3971,3965,3969,3964,3966,3966,3965,3965,3973,3967,3972,3966,3965,3964,3979,3974,3972,3968,3976,3967,3974,3969,-0.18,SJNFAAZE1U0005576,117.67,13.04,8967.2421875,78,74,0,0,0,0,14.5,99.19,-144431,95,1527994811.224,0,1,0,0,0,0,0,3,0,1,380.73,380.73,7F,1,1,1,0082,58,40,40,0,0,19,0.00
03/06/2018 4:00:15,54 58.40638,-1 31.22418,291,0,335,661742,1145049,380.74,-97.373,3982,3956,3966,26,0,104.7,40.4,102.0,38.9,none,none,95.8,35.4,3982,3974,3966,3968,3970,3965,3963,3962,3965,3961,3961,3960,3963,3960,3960,3959,3961,3958,3960,3958,3960,3956,3958,3960,3960,3961,3961,3959,3960,3958,3961,3959,3963,3959,3960,3960,3962,3959,3962,3959,3964,3962,3969,3963,3971,3967,3979,3966,3979,3973,3982,3974,3977,3973,3980,3971,3971,3966,3981,3969,3978,3968,3969,3967,3970,3972,3972,3969,3968,3966,3971,3967,3967,3969,3972,3966,3971,3964,3966,3967,3967,3966,3975,3969,3974,3968,3965,3965,3980,3975,3973,3971,3977,3970,3975,3970,-0.23,SJNFAAZE1U0005576,117.67,13.04,8967.2421875,78,74,0,0,0,0,14.5,99.19,-144472,95,1527994815.367,0,1,0,0,0,0,0,3,0,1,380.75,380.75,7F,1,1,1,0082,58,40,40,0,0,19,0.00
03/06/2018 4:00:19,54 58.40638,-1 31.22418,291,0,335,662725,1145049,380.83,-95.329,3983,3955,3967,28,0,104.7,40.4,102.2,39.0,none,none,96.0,35.6,3983,3973,3967,3968,3970,3965,3963,3963,3966,3961,3963,3960,3963,3960,3959,3959,3961,3960,3960,3959,3960,3955,3959,3960,3960,3960,3961,3959,3960,3958,3962,3961,3964,3959,3960,3961,3962,3959,3961,3959,3965,3962,3970,3963,3970,3966,3979,3966,3981,3972,3981,3975,3978,3974,3981,3971,3971,3967,3979,3970,3980,3969,3970,3968,3971,3972,3973,3970,3971,3967,3972,3967,3967,3970,3972,3966,3971,3966,3967,3968,3968,3967,3975,3968,3975,3968,3967,3967,3982,3977,3974,3971,3978,3969,3976,3968,-0.22,SJNFAAZE1U0005576,117.67,13.04,8967.2421875,78,74,0,0,0,0,14.5,99.19,-144513,95,1527994819.603,0,1,1,0,6,0,0,3,0,1,380.90,380.90,7F,1,1,1,0082,58,40,40,0,0,19,0.00
03/06/2018 4:00:23,54 58.40638,-1 31.22418,291,0,336,663726,1145049,380.83,-96.640,3983,3956,3967,27,0,104.7,40.4,102.0,38.9,none,none,96.0,35.6,3982,3974,3967,3968,3971,3965,3963,3962,3966,3960,3963,3961,3964,3961,3960,3960,3961,3960,3961,3959,3961,3956,3961,3960,3960,3960,3962,3959,3961,3958,3962,3960,3964,3960,3960,3962,3962,3960,3963,3959,3965,3963,3969,3964,3971,3966,3980,3967,3980,3973,3983,3974,3977,3974,3980,3972,3970,3967,3980,3970,3979,3968,3969,3969,3971,3973,3973,3968,3970,3966,3972,3968,3967,3970,3972,3967,3970,3966,3966,3968,3968,3967,3974,3969,3974,3967,3966,3967,3981,3976,3974,3970,3977,3969,3976,3970,-0.20,SJNFAAZE1U0005576,117.67,13.04,8967.2421875,78,74,0,0,0,0,14.5,99.19,-144554,95,1527994823.788,0,1,0,0,0,0,0,3,0,1,380.89,380.89,7F,1,1,1,0082,58,40,40,0,0,19,0.00
03/06/2018 4:00:27,54 58.40638,-1 31.22418,291,0,336,664665,1145049,381.02,-97.373,3985,3959,3969,26,0,104.7,40.4,102.2,39.0,none,none,96.0,35.6,3985,3977,3971,3970,3973,3967,3965,3964,3967,3964,3965,3962,3966,3963,3962,3962,3964,3961,3962,3961,3962,3959,3962,3962,3962,3963,3963,3961,3963,3960,3964,3962,3965,3963,3962,3964,3965,3962,3965,3962,3967,3964,3971,3966,3972,3970,3981,3968,3982,3976,3984,3977,3980,3976,3983,3974,3973,3968,3984,3972,3981,3970,3972,3970,3972,3974,3975,3971,3971,3968,3974,3969,3968,3971,3975,3968,3974,3966,3969,3968,3970,3968,3976,3971,3976,3968,3967,3969,3985,3978,3976,3972,3980,3972,3977,3972,-0.21,SJNFAAZE1U0005576,117.67,13.04,8967.2421875,78,74,0,0,0,0,14.5,99.19,-144593,95,1527994827.906,0,1,0,0,0,0,0,3,0,1,381.01,381.01,7F,1,1,1,0082,58,40,40,0,0,19,0.00
03/06/2018 4:00:32,54 58.40638,-1 31.22418,291,0,337,665649,1145049,381.02,-94.565,3984,3959,3969,25,0,104.9,40.5,102.2,39.0,none,none,96.2,35.7,3984,3975,3970,3968,3972,3968,3964,3964,3967,3962,3964,3962,3966,3962,3963,3962,3963,3962,3962,3961,3962,3959,3962,3962,3961,3962,3963,3961,3962,3960,3963,3962,3965,3962,3962,3963,3964,3961,3964,3962,3967,3966,3972,3965,3972,3968,3982,3968,3982,3975,3983,3975,3981,3976,3982,3972,3972,3968,3983,3971,3981,3970,3972,3969,3972,3975,3975,3971,3972,3969,3974,3969,3968,3971,3974,3968,3973,3968,3969,3969,3970,3969,3977,3971,3976,3969,3967,3969,3983,3978,3976,3973,3981,3972,3977,3971,-0.22,SJNFAAZE1U0005576,117.67,13.04,8967.2421875,78,74,0,0,0,0,14.5,99.19,-144633,95,1527994832.037,0,1,0,0,0,0,0,3,0,1,381.09,381.09,7F,1,1,1,0082,58,40,40,0,0,19,0.00
03/06/2018 4:00:36,54 58.40638,-1 31.22418,291,0,337,666596,1145049,380.93,-94.748,3985,3958,3968,27,0,104.9,40.5,102.2,39.0,none,none,96.0,35.6,3985,3975,3968,3970,3972,3967,3963,3964,3967,3962,3965,3962,3965,3962,3962,3961,3962,3960,3962,3961,3961,3958,3962,3962,3960,3961,3963,3960,3962,3960,3963,3962,3964,3961,3961,3961,3964,3962,3964,3961,3967,3964,3972,3965,3972,3968,3982,3968,3982,3974,3983,3976,3979,3976,3982,3972,3972,3968,3982,3971,3981,3970,3971,3970,3972,3974,3974,3970,3972,3968,3974,3969,3967,3971,3973,3967,3972,3967,3969,3970,3971,3968,3976,3970,3975,3969,3968,3968,3982,3978,3976,3973,3981,3972,3977,3972,-0.18,SJNFAAZE1U0005576,117.67,13.04,8967.2421875,78,74,0,0,0,0,14.5,99.19,-144672,95,1527994836.384,0,1,1,0,7,0,0,3,0,1,380.99,380.99,7F,1,1,1,0082,58,40,40,0,0,19,0.00
03/06/2018 4:00:40,54 58.40638,-1 31.22418,291,0,338,667593,1145049,381.22,-96.427,3987,3960,3971,27,0,104.9,40.5,102.2,39.0,none,none,96.0,35.6,3987,3978,3970,3971,3975,3969,3966,3967,3969,3965,3967,3963,3967,3964,3965,3963,3964,3962,3963,3962,3964,3960,3964,3965,3964,3963,3965,3963,3964,3962,3965,3963,3967,3963,3964,3966,3966,3963,3966,3963,3968,3966,3974,3967,3974,3970,3984,3970,3986,3977,3985,3978,3982,3977,3984,3975,3975,3970,3984,3973,3983,3972,3974,3972,3974,3975,3976,3972,3974,3970,3976,3970,3970,3975,3977,3970,3974,3968,3972,3971,3972,3970,3979,3972,3978,3971,3970,3971,3985,3979,3978,3975,3981,3973,3978,3973,-0.22,SJNFAAZE1U0005576,117.67,13.04,8967.2421875,78,74,0,0,0,0,14.5,99.19,-144714,95,1527994840.565,0,1,0,0,0,0,0,3,0,1,381.17,381.17,7F,1,1,1,0082,58,40,40,0,0,19,0.00
03/06/2018 4:00:44,54 58.40638,-1 31.22418,291,0,338,668569,1145049,381.31,-95.329,3988,3961,3972,27,0,104.9,40.5,102.2,39.0,none,none,96.2,35.7,3988,3978,3972,3972,3974,3970,3968,3968,3970,3965,3966,3964,3969,3965,3965,3964,3966,3965,3965,3964,3966,3961,3965,3964,3964,3966,3966,3964,3964,3963,3965,3964,3968,3965,3965,3967,3967,3964,3966,3964,3970,3968,3975,3968,3976,3971,3984,3972,3986,3978,3985,3978,3982,3979,3986,3976,3975,3971,3985,3974,3984,3974,3975,3971,3974,3977,3977,3974,3975,3972,3976,3972,3972,3974,3977,3971,3976,3971,3973,3974,3973,3971,3979,3974,3978,3973,3971,3973,3985,3981,3979,3976,3983,3974,3980,3975,-0.25,SJNFAAZE1U0005576,117.67,13.04,8967.2421875,78,74,0,0,0,0,14.5,99.19,-144754,95,1527994844.682,0,1,0,0,0,0,0,3,0,1,381.32,381.32,7F,1,1,1,0082,58,40,40,0,0,19,0.00
03/06/2018 4:00:48,54 58.40638,-1 31.22418,291,0,339,669491,1145049,381.22,-94.169,3987,3960,3971,27,0,104.9,40.5,102.4,39.1,none,none,96.2,35.7,3987,3977,3970,3971,3975,3970,3966,3966,3970,3964,3966,3963,3967,3965,3965,3963,3965,3963,3963,3962,3965,3960,3963,3965,3962,3963,3965,3962,3964,3962,3966,3963,3968,3963,3965,3965,3966,3964,3966,3963,3969,3967,3974,3968,3974,3970,3984,3970,3985,3976,3985,3978,3981,3978,3985,3974,3973,3970,3984,3973,3983,3971,3974,3971,3974,3976,3976,3972,3974,3970,3976,3970,3971,3974,3975,3970,3975,3969,3971,3972,3972,3970,3977,3972,3978,3972,3971,3970,3985,3981,3978,3974,3982,3973,3979,3974,-0.24,SJNFAAZE1U0005576,117.67,13.04,8967.2421875,78,74,0,0,0,0,14.5,99.19,-144792,95,1527994848.799,0,1,1,0,6,0,0,3,0,1,381.30,381.30,7F,1,1,1,0082,58,40,40,0,0,19,0.00
03/06/2018 4:00:52,54 58.40638,-1 31.22418,291,0,339,670452,1145049,381.31,-95.146,3987,3961,3972,26,0,104.9,40.5,102.4,39.1,none,none,96.4,35.8,3987,3979,3973,3972,3976,3970,3967,3968,3971,3966,3968,3964,3969,3965,3965,3965,3966,3964,3966,3964,3965,3961,3965,3965,3964,3965,3966,3963,3965,3963,3965,3965,3968,3964,3965,3967,3967,3964,3967,3964,3969,3967,3975,3968,3975,3971,3984,3971,3987,3977,3986,3978,3982,3978,3986,3976,3975,3970,3986,3975,3984,3972,3975,3972,3975,3976,3978,3974,3975,3971,3977,3971,3971,3974,3977,3970,3976,3968,3972,3972,3973,3970,3979,3973,3980,3971,3971,3970,3986,3979,3979,3975,3983,3974,3980,3974,-0.21,SJNFAAZE1U0005576,117.67,13.04,8967.2421875,78,74,0,0,0,0,14.5,99.19,-144831,95,1527994852.830,0,1,0,0,0,0,0,3,0,1,381.29,381.29,7F,1,1,1,0082,58,40,40,0,0,19,0.00
03/06/2018 4:00:57,54 58.40638,-1 31.22418,291,0,340,671371,1145049,381.41,-95.481,3989,3962,3973,27,0,105.1,40.6,102.7,39.2,none,none,96.4,35.8,3989,3980,3973,3974,3977,3972,3968,3969,3972,3967,3968,3966,3970,3967,3967,3966,3968,3965,3967,3965,3967,3962,3966,3967,3965,3967,3967,3966,3966,3965,3967,3966,3970,3966,3966,3968,3968,3966,3968,3966,3971,3969,3976,3970,3976,3973,3986,3973,3986,3980,3987,3980,3984,3981,3987,3977,3977,3971,3987,3975,3985,3974,3975,3974,3976,3978,3979,3975,3977,3972,3978,3973,3974,3977,3979,3973,3977,3972,3974,3974,3975,3973,3980,3976,3981,3974,3973,3974,3987,3983,3981,3977,3984,3976,3980,3977,-0.20,SJNFAAZE1U0005576,117.67,13.04,8967.2421875,78,74,0,0,0,0,14.5,99.19,-144869,95,1527994857.019,0,1,0,0,0,0,0,3,0,1,381.43,381.43,7F,1,1,1,0082,58,40,40,0,0,19,0.00
03/06/2018 4:01:01,54 58.40638,-1 31.22418,291,0,340,672336,1145049,381.50,-94.352,3990,3963,3974,27,0,105.1,40.6,102.7,39.2,none,none,96.4,35.8,3990,3982,3973,3975,3977,3973,3970,3970,3973,3969,3969,3967,3970,3968,3968,3967,3968,3967,3967,3967,3967,3963,3966,3967,3966,3968,3968,3967,3967,3967,3967,3968,3969,3967,3967,3969,3968,3967,3969,3967,3971,3970,3977,3971,3976,3974,3986,3975,3987,3980,3988,3982,3985,3981,3987,3978,3976,3974,3987,3977,3985,3974,3976,3975,3977,3979,3979,3975,3977,3973,3979,3975,3973,3977,3979,3974,3978,3972,3974,3974,3975,3973,3980,3976,3982,3973,3973,3975,3987,3983,3981,3977,3985,3977,3982,3977,-0.26,SJNFAAZE1U0005576,117.67,13.04,8967.2421875,78,74,0,0,0,0,14.5,99.19,-144909,95,1527994861.203,0,1,0,0,0,0,0,3,0,1,381.54,381.54,7F,1,1,1,0082,58,40,40,0,0,19,0.00
03/06/2018 4:01:05,54 58.40638,-1 31.22418,291,0,341,673291,1145049,381.41,-93.070,3989,3964,3973,25,0,105.1,40.6,102.4,39.1,none,none,96.4,35.8,3989,3981,3974,3975,3977,3973,3969,3970,3973,3968,3969,3967,3970,3968,3967,3967,3967,3966,3966,3965,3967,3964,3966,3968,3966,3967,3968,3967,3967,3966,3968,3967,3970,3967,3966,3968,3968,3967,3968,3966,3970,3970,3977,3970,3977,3973,3986,3973,3986,3979,3988,3982,3985,3981,3987,3979,3976,3972,3986,3977,3985,3974,3976,3975,3976,3979,3978,3974,3976,3974,3978,3974,3972,3977,3979,3973,3977,3972,3973,3973,3975,3974,3980,3975,3981,3973,3974,3972,3987,3982,3981,3977,3984,3977,3981,3977,-0.24,SJNFAAZE1U0005576,117.67,13.04,8967.2421875,78,74,0,0,0,0,14.5,99.19,-144948,95,1527994865.379,0,1,1,0,7,0,0,3,0,1,381.57,381.57,7F,1,1,1,0082,58,40,40,0,0,19,0.00
03/06/2018 4:01:09,54 58.40638,-1 31.22418,291,0,341,674247,1145049,381.50,-93.925,3989,3964,3974,25,0,105.1,40.6,102.7,39.2,none,none,96.4,35.8,3989,3981,3974,3974,3978,3972,3969,3970,3973,3969,3970,3967,3971,3968,3967,3967,3968,3967,3968,3966,3968,3964,3968,3968,3967,3967,3968,3966,3968,3965,3969,3967,3970,3968,3968,3968,3969,3967,3969,3967,3973,3970,3977,3971,3977,3973,3987,3973,3987,3980,3989,3981,3985,3981,3988,3979,3976,3973,3987,3976,3987,3976,3978,3974,3977,3979,3979,3976,3977,3975,3980,3973,3975,3976,3979,3973,3977,3973,3975,3976,3975,3973,3981,3976,3982,3976,3973,3974,3988,3983,3982,3977,3985,3976,3982,3976,-0.25,SJNFAAZE1U0005576,117.67,13.04,8967.2421875,78,74,0,0,0,0,14.5,99.19,-144988,95,1527994869.648,0,1,0,0,0,0,0,3,0,1,381.55,381.55,7F,1,1,1,0082,58,40,40,0,0,19,0.00
03/06/2018 4:01:13,54 58.40638,-1 31.22418,291,0,342,675225,1145049,381.70,-94.047,3991,3966,3976,25,0,105.1,40.6,102.7,39.2,none,none,96.4,35.8,3991,3984,3976,3977,3979,3975,3972,3972,3974,3972,3971,3970,3973,3970,3969,3970,3970,3969,3969,3970,3970,3966,3969,3971,3969,3970,3971,3971,3969,3969,3971,3970,3973,3971,3969,3972,3970,3970,3971,3969,3974,3972,3978,3974,3979,3975,3988,3975,3989,3983,3990,3984,3987,3983,3989,3981,3981,3976,3989,3980,3988,3976,3979,3977,3978,3982,3982,3978,3979,3976,3980,3976,3977,3980,3981,3976,3981,3974,3975,3976,3977,3977,3983,3978,3984,3977,3975,3976,3989,3985,3982,3980,3987,3978,3983,3980,-0.23,SJNFAAZE1U0005576,117.67,13.04,8967.2421875,78,74,0,0,0,0,14.5,99.19,-145028,95,1527994873.932,0,1,0,0,0,0,0,3,0,1,381.73,381.73,7F,1,1,1,0082,58,40,40,0,0,19,0.00
03/06/2018 4:01:18,54 58.40638,-1 31.22418,291,0,342,676176,1145049,381.70,-91.972,3990,3966,3976,24,0,105.3,40.8,102.7,39.2,none,none,96.4,35.8,3990,3982,3976,3976,3980,3975,3971,3971,3975,3970,3971,3970,3973,3970,3969,3969,3970,3968,3970,3969,3969,3966,3969,3970,3969,3969,3970,3968,3970,3968,3971,3969,3973,3969,3969,3971,3971,3969,3972,3970,3975,3971,3980,3973,3979,3975,3988,3975,3989,3982,3990,3983,3987,3983,3989,3980,3979,3975,3989,3979,3986,3977,3978,3977,3980,3981,3981,3978,3978,3975,3981,3976,3975,3978,3982,3976,3979,3974,3975,3975,3976,3975,3984,3977,3982,3976,3975,3974,3989,3985,3982,3979,3987,3979,3984,3980,-0.23,SJNFAAZE1U0005576,117.67,13.04,8967.2421875,78,74,0,0,0,0,14.5,99.19,-145067,95,1527994878.013,0,1,1,0,13,0,0,3,0,1,381.77,381.77,7F,1,1,1,0082,57,40,40,0,0,19,0.00
03/06/2018 4:01:22,54 58.40638,-1 31.22418,291,0,343,677098,1145049,381.70,-94.108,3992,3966,3976,26,0,105.1,40.6,102.7,39.2,none,none,96.4,35.8,3992,3983,3977,3978,3980,3975,3971,3972,3975,3970,3972,3970,3973,3970,3970,3969,3971,3968,3970,3968,3971,3966,3969,3970,3969,3970,3971,3969,3971,3968,3971,3971,3973,3970,3970,3971,3971,3969,3972,3968,3975,3972,3979,3973,3980,3975,3989,3975,3989,3982,3991,3984,3987,3984,3989,3980,3980,3975,3989,3979,3987,3978,3980,3977,3979,3981,3982,3978,3981,3976,3982,3975,3977,3979,3981,3975,3980,3975,3977,3978,3977,3975,3983,3979,3984,3977,3975,3975,3990,3986,3984,3979,3987,3979,3984,3979,-0.20,SJNFAAZE1U0005576,117.67,13.04,8967.2421875,78,74,0,0,0,0,14.5,99.19,-145105,95,1527994882.112,0,1,2,0,7,0,0,3,0,1,381.73,381.73,7F,1,1,1,0082,57,40,40,0,0,19,0.00
03/06/2018 4:01:26,54 58.40638,-1 31.22418,291,0,343,678007,1145049,381.89,-92.887,3994,3968,3978,26,0,105.3,40.8,102.9,39.4,none,none,96.4,35.8,3994,3985,3977,3979,3981,3976,3974,3975,3977,3973,3974,3972,3975,3973,3971,3972,3972,3971,3972,3971,3972,3968,3971,3973,3971,3972,3972,3971,3973,3971,3972,3972,3974,3972,3971,3973,3973,3972,3974,3971,3976,3975,3982,3976,3981,3979,3991,3979,3991,3985,3992,3986,3990,3985,3992,3983,3982,3978,3990,3981,3991,3980,3980,3980,3980,3984,3983,3981,3982,3978,3982,3979,3979,3982,3983,3977,3984,3977,3979,3979,3978,3980,3986,3981,3985,3979,3977,3978,3992,3987,3985,3982,3989,3981,3985,3981,-0.23,SJNFAAZE1U0005576,117.67,13.04,8967.2421875,78,74,0,0,0,0,14.5,99.19,-145143,95,1527994886.351,0,1,0,0,0,0,0,3,0,1,381.91,381.91,7F,1,1,1,0082,57,40,40,0,0,19,0.00
03/06/2018 4:01:30,54 58.40638,-1 31.22418,291,0,344,678978,1145049,381.89,-91.697,3993,3968,3978,25,0,105.3,40.8,102.9,39.4,none,none,96.6,35.9,3993,3985,3977,3978,3981,3977,3972,3973,3977,3972,3974,3972,3974,3972,3972,3971,3972,3972,3970,3971,3973,3968,3971,3972,3972,3972,3973,3972,3971,3971,3973,3972,3974,3972,3970,3974,3973,3971,3974,3972,3975,3974,3981,3975,3980,3979,3990,3978,3991,3985,3992,3986,3989,3985,3992,3982,3981,3978,3992,3981,3988,3979,3981,3979,3981,3983,3983,3980,3981,3978,3983,3978,3978,3981,3983,3978,3982,3977,3978,3978,3978,3978,3985,3979,3985,3979,3977,3978,3992,3987,3985,3982,3989,3981,3985,3981,-0.25,SJNFAAZE1U0005576,117.67,13.04,8967.2421875,78,74,0,0,0,0,14.5,99.19,-145183,95,1527994890.532,0,1,0,0,0,0,0,3,0,1,382.02,382.02,7F,1,1,1,0082,57,40,40,0,0,19,0.00
03/06/2018 4:01:34,54 58.40638,-1 31.22418,291,0,344,679894,1145049,381.89,-91.636,3994,3969,3978,25,0,105.3,40.8,102.9,39.4,none,none,96.6,35.9,3993,3985,3978,3978,3982,3975,3974,3974,3978,3972,3974,3972,3976,3973,3973,3971,3972,3970,3972,3970,3973,3969,3972,3971,3971,3971,3973,3971,3972,3970,3974,3972,3975,3971,3971,3974,3974,3971,3973,3970,3976,3973,3982,3975,3981,3977,3991,3978,3991,3984,3994,3985,3988,3984,3992,3982,3980,3978,3992,3981,3989,3979,3980,3979,3981,3982,3984,3979,3981,3977,3982,3978,3978,3981,3984,3977,3982,3976,3978,3978,3978,3978,3986,3979,3984,3978,3977,3977,3991,3986,3984,3980,3988,3980,3986,3981,-0.21,SJNFAAZE1U0005576,117.67,13.04,8967.2421875,78,74,0,0,0,0,14.5,99.19,-145221,95,1527994894.556,0,1,1,0,6,0,0,3,0,1,381.93,381.93,7F,1,1,1,0082,58,40,40,0,0,19,0.00
03/06/2018 4:01:38,54 58.40638,-1 31.22418,291,0,344,680788,1145049,382.08,-93.223,3994,3970,3980,24,0,105.6,40.9,102.9,39.4,none,none,96.6,35.9,3994,3986,3979,3980,3984,3978,3976,3976,3979,3974,3976,3974,3977,3974,3974,3973,3975,3973,3974,3973,3974,3970,3973,3974,3973,3974,3974,3972,3974,3972,3974,3973,3977,3973,3974,3975,3976,3972,3976,3972,3979,3976,3983,3976,3983,3979,3993,3979,3993,3986,3994,3988,3991,3987,3992,3984,3983,3980,3992,3983,3992,3980,3982,3980,3983,3985,3985,3982,3982,3979,3984,3979,3979,3983,3985,3979,3984,3978,3979,3979,3980,3979,3988,3981,3986,3980,3979,3979,3993,3989,3987,3983,3989,3982,3987,3982,-0.21,SJNFAAZE1U0005576,117.67,13.04,8967.2421875,78,74,0,0,0,0,14.5,99.19,-145257,95,1527994898.751,0,1,0,0,0,0,0,3,0,1,382.01,382.01,7F,1,1,1,0082,57,40,40,0,0,19,0.00
03/06/2018 4:01:42,54 58.40638,-1 31.22418,291,0,345,681706,1145049,382.18,-91.606,3995,3971,3981,24,0,105.6,40.9,103.1,39.5,none,none,96.8,36.0,3995,3988,3980,3981,3984,3980,3976,3976,3979,3976,3976,3975,3978,3975,3975,3973,3975,3974,3974,3973,3975,3971,3975,3974,3974,3974,3975,3972,3975,3973,3976,3974,3978,3974,3974,3976,3976,3974,3977,3973,3979,3977,3984,3977,3984,3980,3992,3980,3993,3987,3995,3988,3992,3987,3994,3984,3985,3980,3995,3983,3993,3981,3982,3982,3984,3986,3987,3983,3982,3980,3985,3981,3981,3984,3986,3979,3984,3978,3980,3980,3982,3980,3988,3981,3987,3981,3980,3981,3994,3990,3987,3984,3991,3983,3988,3983,-0.26,SJNFAAZE1U0005576,117.67,13.04,8967.2421875,78,74,0,0,0,0,14.5,99.19,-145295,95,1527994902.874,0,1,0,0,0,0,0,3,0,1,382.18,382.18,7F,1,1,1,0082,57,40,40,0,0,19,0.00
03/06/2018 4:01:46,54 58.40638,-1 31.22418,291,0,345,682639,1145049,382.08,-89.866,3995,3969,3980,26,0,105.6,40.9,102.9,39.4,none,none,96.6,35.9,3995,3987,3980,3980,3985,3978,3975,3975,3979,3973,3976,3973,3977,3974,3974,3974,3974,3972,3974,3972,3974,3969,3973,3974,3973,3974,3974,3972,3974,3971,3975,3973,3977,3972,3974,3974,3976,3972,3975,3973,3978,3976,3984,3976,3984,3979,3993,3979,3993,3985,3994,3987,3990,3986,3993,3983,3983,3979,3994,3983,3992,3981,3982,3981,3983,3985,3985,3981,3983,3980,3983,3979,3981,3982,3986,3980,3983,3979,3979,3981,3980,3980,3988,3982,3986,3981,3979,3979,3993,3990,3986,3983,3990,3983,3988,3982,-0.24,SJNFAAZE1U0005576,117.67,13.04,8967.2421875,78,74,0,0,0,0,14.5,99.19,-145334,95,1527994906.994,0,1,0,0,0,0,0,3,0,1,382.12,382.12,7F,1,1,1,0082,57,40,40,0,0,19,0.00
03/06/2018 4:01:51,54 58.40638,-1 31.22418,291,0,346,683586,1145049,382.27,-91.239,3997,3972,3982,25,0,105.6,40.9,103.1,39.5,none,none,96.6,35.9,3996,3989,3982,3982,3985,3979,3977,3977,3981,3976,3977,3974,3979,3975,3976,3974,3976,3973,3976,3974,3976,3972,3974,3976,3976,3975,3977,3975,3975,3974,3977,3975,3978,3974,3974,3977,3977,3975,3977,3974,3980,3977,3985,3978,3985,3981,3994,3981,3994,3988,3997,3989,3992,3988,3994,3985,3986,3981,3995,3985,3993,3983,3983,3981,3985,3986,3987,3983,3984,3981,3986,3982,3982,3983,3987,3982,3986,3981,3981,3983,3981,3981,3990,3983,3987,3983,3981,3982,3994,3991,3987,3985,3992,3984,3989,3984,-0.23,SJNFAAZE1U0005576,117.67,13.04,8967.2421875,78,74,0,0,0,0,14.5,99.19,-145373,95,1527994911.338,0,1,1,0,7,0,0,3,0,1,382.21,382.21,7F,1,1,1,0082,57,40,40,0,0,19,0.00
03/06/2018 4:01:55,54 58.40638,-1 31.22418,291,0,346,684495,1145049,382.27,-90.995,3997,3972,3982,25,0,105.6,40.9,103.1,39.5,none,none,96.8,36.0,3997,3989,3982,3983,3986,3981,3977,3978,3982,3976,3977,3977,3980,3977,3978,3976,3977,3975,3976,3975,3977,3972,3975,3976,3975,3977,3978,3976,3976,3975,3978,3975,3980,3976,3976,3977,3977,3975,3978,3975,3980,3978,3985,3978,3985,3981,3995,3981,3994,3988,3997,3989,3992,3990,3995,3986,3985,3982,3996,3985,3994,3984,3985,3983,3986,3989,3987,3983,3985,3982,3986,3982,3982,3985,3988,3981,3986,3981,3982,3984,3983,3982,3989,3984,3989,3982,3981,3982,3995,3992,3989,3985,3992,3984,3990,3985,-0.22,SJNFAAZE1U0005576,117.67,13.04,8967.2421875,78,74,0,0,0,0,14.5,99.19,-145410,95,1527994915.603,0,1,0,0,0,0,0,3,0,1,382.40,382.40,7F,1,1,1,0082,57,40,40,0,0,19,0.00
03/06/2018 4:01:59,54 58.40638,-1 31.22418,291,0,347,685471,1145049,382.37,-91.941,3998,3974,3983,24,0,105.6,40.9,103.1,39.5,none,none,96.8,36.0,3998,3990,3983,3983,3987,3981,3979,3978,3982,3977,3978,3976,3980,3977,3977,3976,3978,3976,3977,3976,3977,3974,3977,3978,3976,3977,3978,3977,3977,3975,3978,3977,3981,3976,3977,3979,3978,3975,3978,3977,3981,3977,3986,3979,3986,3983,3995,3982,3995,3988,3997,3990,3994,3989,3996,3987,3985,3982,3996,3985,3994,3983,3985,3984,3986,3987,3988,3984,3985,3981,3987,3982,3982,3985,3988,3982,3987,3980,3983,3983,3983,3982,3990,3984,3989,3982,3982,3982,3996,3991,3988,3985,3993,3986,3992,3985,-0.21,SJNFAAZE1U0005576,117.67,13.04,8967.2421875,78,74,0,0,0,0,14.5,99.19,-145451,95,1527994919.904,0,1,0,0,0,0,0,3,0,1,382.34,382.34,7F,1,1,1,0082,57,40,40,0,0,19,0.00
03/06/2018 4:02:04,54 58.40638,-1 31.22418,291,0,347,686400,1145049,382.46,-90.964,4000,3975,3984,25,0,105.8,41.0,103.1,39.5,none,none,97.0,36.1,4000,3992,3984,3985,3987,3983,3979,3980,3983,3978,3980,3978,3982,3980,3978,3979,3979,3977,3978,3978,3978,3975,3978,3979,3977,3979,3978,3978,3978,3977,3979,3978,3981,3979,3978,3980,3979,3979,3980,3977,3983,3980,3987,3982,3987,3984,3997,3984,3997,3990,3997,3992,3994,3990,3997,3989,3989,3983,3997,3987,3995,3984,3987,3985,3987,3990,3989,3987,3987,3985,3989,3984,3984,3987,3989,3984,3988,3982,3985,3985,3985,3984,3991,3986,3992,3984,3983,3984,3998,3993,3990,3987,3995,3987,3991,3987,-0.23,SJNFAAZE1U0005576,117.67,13.04,8967.2421875,78,74,0,0,0,0,14.5,99.19,-145489,95,1527994924.155,0,1,1,0,6,0,0,3,0,1,382.50,382.50,7F,1,1,1,0082,57,40,40,0,0,19,0.00
03/06/2018 4:02:08,54 58.40638,-1 31.22418,291,0,348,687316,1145049,382.46,-89.958,4000,3975,3984,25,0,105.8,41.0,103.1,39.5,none,none,96.8,36.0,4000,3991,3983,3984,3987,3982,3979,3981,3983,3978,3979,3978,3981,3978,3978,3977,3979,3978,3978,3976,3979,3975,3978,3979,3978,3977,3979,3978,3979,3976,3979,3979,3981,3977,3978,3980,3980,3977,3980,3977,3983,3980,3987,3980,3987,3983,3997,3983,3996,3990,3998,3991,3995,3991,3998,3988,3987,3983,3997,3986,3996,3985,3986,3984,3987,3989,3989,3985,3987,3985,3990,3984,3983,3985,3989,3983,3989,3983,3984,3984,3985,3984,3991,3986,3991,3985,3984,3983,3997,3994,3991,3986,3995,3986,3991,3986,-0.20,SJNFAAZE1U0005576,117.67,13.04,8967.2421875,78,74,0,0,0,0,14.5,99.19,-145527,95,1527994928.369,0,1,0,0,8,0,0,3,0,1,382.56,382.56,7F,1,1,1,0082,57,40,40,0,0,19,0.00
03/06/2018 4:02:12,54 58.40638,-1 31.22418,291,0,348,688260,1145049,382.46,-90.659,3999,3974,3984,25,0,105.8,41.0,103.1,39.5,none,none,96.8,36.0,3999,3991,3984,3984,3988,3983,3980,3980,3984,3980,3980,3978,3982,3978,3979,3978,3979,3977,3977,3978,3980,3974,3978,3979,3978,3978,3979,3977,3979,3977,3979,3978,3982,3977,3978,3979,3980,3978,3979,3978,3983,3981,3988,3981,3988,3983,3995,3984,3997,3990,3997,3991,3994,3992,3997,3988,3987,3983,3998,3987,3996,3985,3987,3985,3987,3990,3989,3986,3987,3984,3989,3983,3984,3987,3989,3983,3988,3984,3984,3984,3984,3984,3991,3986,3990,3984,3983,3984,3998,3993,3991,3987,3994,3988,3992,3986,-0.23,SJNFAAZE1U0005576,117.67,13.04,8967.2421875,78,74,0,0,0,0,14.5,99.19,-145565,95,1527994932.530,0,1,0,0,0,0,0,3,0,1,382.53,382.53,7F,1,1,1,0082,57,40,40,0,0,19,0.00
03/06/2018 4:02:16,54 58.40638,-1 31.22418,291,0,349,689160,1145049,382.66,-90.232,4001,3975,3986,26,0,105.8,41.0,103.3,39.6,none,none,97.0,36.1,4001,3993,3985,3986,3990,3984,3982,3981,3985,3980,3982,3979,3983,3980,3980,3979,3981,3978,3979,3978,3980,3975,3980,3979,3979,3979,3981,3979,3980,3978,3982,3979,3982,3979,3980,3980,3982,3979,3981,3978,3984,3981,3989,3982,3989,3985,3998,3984,3999,3991,4000,3992,3996,3992,3999,3990,3988,3985,4000,3988,3997,3986,3989,3987,3990,3991,3992,3989,3990,3986,3991,3985,3986,3988,3991,3984,3991,3983,3987,3986,3987,3985,3993,3988,3993,3986,3985,3985,4000,3995,3993,3990,3996,3989,3994,3988,-0.23,SJNFAAZE1U0005576,117.67,13.04,8967.2421875,78,74,0,0,0,0,14.5,99.19,-145603,95,1527994936.583,0,1,0,0,0,0,0,3,0,1,382.60,382.60,7F,1,1,1,0082,57,40,40,0,0,19,0.00
03/06/2018 4:02:20,54 58.40638,-1 31.22418,291,0,349,690046,1145049,382.66,-88.249,4001,3978,3986,23,0,105.8,41.0,103.3,39.6,none,none,96.8,36.0,4001,3993,3985,3988,3990,3985,3982,3983,3985,3980,3982,3980,3983,3981,3981,3980,3981,3980,3980,3980,3980,3978,3979,3982,3979,3981,3982,3979,3980,3979,3981,3980,3983,3981,3980,3981,3981,3979,3981,3980,3984,3982,3988,3983,3990,3986,3998,3985,3998,3992,3998,3994,3996,3992,3999,3990,3990,3986,3999,3990,3997,3986,3990,3986,3988,3991,3990,3987,3990,3986,3990,3986,3986,3989,3991,3987,3990,3984,3986,3987,3987,3987,3993,3987,3993,3987,3986,3986,4000,3995,3993,3989,3996,3990,3992,3989,-0.21,SJNFAAZE1U0005576,117.67,13.04,8967.2421875,78,74,0,0,0,0,14.5,99.19,-145639,95,1527994940.702,0,1,1,0,7,0,0,3,0,1,382.72,382.72,7F,1,1,1,0082,57,40,40,0,0,19,0.00
03/06/2018 4:02:24,54 58.40638,-1 31.22418,291,0,350,690910,1145049,382.75,-88.950,4001,3978,3987,23,0,105.8,41.0,103.3,39.6,none,none,97.0,36.1,4001,3993,3986,3987,3990,3985,3982,3983,3987,3981,3982,3981,3983,3981,3981,3981,3981,3980,3980,3980,3983,3978,3981,3981,3979,3981,3981,3979,3981,3980,3981,3981,3983,3981,3980,3982,3981,3980,3981,3980,3985,3983,3989,3983,3989,3986,3999,3986,3999,3993,4000,3995,3997,3993,4000,3991,3990,3986,4000,3990,3997,3987,3989,3988,3989,3992,3991,3987,3989,3986,3992,3986,3985,3989,3991,3985,3990,3985,3987,3986,3987,3987,3993,3987,3993,3987,3986,3985,4000,3996,3993,3990,3997,3988,3994,3989,-0.24,SJNFAAZE1U0005576,117.67,13.04,8967.2421875,78,74,0,0,0,0,14.5,99.19,-145675,95,1527994944.684,0,1,0,0,0,0,0,3,0,1,382.82,382.82,7F,1,1,1,0082,57,40,40,0,0,19,0.00
03/06/2018 4:02:28,54 58.40638,-1 31.22418,291,0,350,691735,1145049,382.75,-89.225,4002,3978,3987,24,0,105.8,41.0,103.3,39.6,none,none,97.0,36.1,4002,3993,3988,3987,3991,3984,3983,3982,3986,3981,3983,3980,3984,3981,3981,3981,3981,3979,3980,3979,3981,3978,3980,3980,3980,3980,3982,3980,3980,3978,3982,3980,3984,3979,3980,3982,3982,3980,3983,3979,3985,3982,3990,3984,3990,3986,3999,3985,4000,3993,4000,3993,3997,3993,4000,3991,3990,3987,4000,3989,3997,3988,3990,3988,3990,3992,3993,3988,3991,3986,3992,3987,3986,3990,3993,3985,3990,3985,3987,3987,3988,3986,3994,3988,3994,3988,3987,3984,4001,3995,3993,3990,3997,3989,3994,3988,-0.27,SJNFAAZE1U0005576,117.67,13.04,8967.2421875,78,74,0,0,0,0,14.5,99.19,-145709,95,1527994948.328,0,1,0,0,0,0,0,3,0,1,382.82,382.82,7F,1,1,1,0082,57,40,40,0,0,19,0.00
03/06/2018 4:02:32,54 58.40638,-1 31.22418,291,0,350,692561,1145049,382.85,-89.591,4002,3978,3988,24,0,106.0,41.1,103.6,39.8,none,none,97.2,36.2,4002,3995,3987,3987,3992,3985,3983,3984,3986,3982,3983,3981,3985,3983,3982,3981,3982,3980,3981,3981,3982,3978,3980,3982,3981,3982,3982,3981,3982,3980,3983,3983,3984,3982,3980,3982,3983,3981,3983,3981,3985,3983,3990,3985,3989,3987,3999,3986,4001,3993,4001,3994,3998,3994,4000,3991,3991,3988,3999,3990,3998,3988,3990,3989,3991,3993,3993,3989,3991,3987,3992,3988,3987,3992,3992,3988,3991,3985,3988,3988,3989,3987,3993,3989,3994,3987,3988,3986,4001,3996,3995,3991,3998,3991,3995,3990,-0.24,SJNFAAZE1U0005576,117.67,13.04,8967.2421875,78,74,0,0,0,0,14.5,99.19,-145743,95,1527994952.553,0,1,0,0,0,0,0,3,0,1,382.87,382.87,7F,1,1,1,0082,57,40,40,0,0,19,0.00
03/06/2018 4:02:36,54 58.40638,-1 31.22418,291,0,351,693486,1145049,382.94,-88.279,4003,3980,3989,23,0,106.0,41.1,103.3,39.6,none,none,97.0,36.1,4003,3996,3988,3989,3991,3987,3984,3985,3988,3983,3984,3983,3986,3983,3982,3982,3983,3981,3983,3981,3984,3980,3982,3983,3982,3983,3983,3982,3982,3982,3983,3982,3986,3983,3982,3984,3984,3982,3984,3982,3986,3984,3991,3986,3991,3989,4000,3989,4002,3994,4002,3996,3998,3995,4001,3993,3991,3987,4001,3992,3999,3989,3991,3990,3992,3994,3995,3990,3990,3989,3993,3989,3989,3991,3993,3988,3991,3986,3989,3989,3989,3988,3996,3991,3996,3989,3988,3988,4001,3997,3995,3991,3999,3992,3995,3991,-0.24,SJNFAAZE1U0005576,117.67,13.04,8967.2421875,78,74,0,0,0,0,14.5,99.19,-145781,95,1527994956.574,0,1,1,0,7,0,0,3,0,1,382.91,382.91,7F,1,1,1,0082,57,40,40,0,0,19,0.00
03/06/2018 4:02:40,54 58.40638,-1 31.22418,291,0,351,694280,1145049,383.04,-88.706,4004,3981,3990,23,0,106.0,41.1,103.3,39.6,none,none,97.2,36.2,4004,3996,3989,3990,3992,3988,3986,3986,3988,3985,3985,3984,3988,3984,3985,3984,3985,3984,3984,3984,3984,3981,3982,3985,3982,3984,3985,3984,3984,3982,3985,3985,3987,3984,3984,3985,3985,3984,3985,3983,3988,3986,3992,3988,3993,3989,4001,3990,4002,3996,4002,3997,4001,3997,4004,3994,3993,3990,4002,3993,4001,3991,3992,3990,3993,3995,3995,3991,3993,3989,3995,3991,3990,3993,3995,3989,3994,3988,3990,3990,3992,3990,3998,3991,3997,3991,3989,3989,4003,3998,3997,3993,4000,3992,3997,3992,-0.20,SJNFAAZE1U0005576,117.67,13.04,8967.2421875,78,74,0,0,0,0,14.5,99.19,-145814,95,1527994960.197,0,1,0,0,0,0,0,3,0,1,383.06,383.06,7F,1,1,1,0082,57,40,40,0,0,19,0.00
03/06/2018 4:02:44,54 58.40638,-1 31.22418,291,0,352,695118,1145049,383.04,-88.004,4004,3981,3990,23,0,106.0,41.1,103.6,39.8,none,none,97.2,36.2,4004,3996,3989,3991,3994,3989,3985,3986,3989,3986,3986,3985,3987,3984,3985,3984,3985,3983,3984,3984,3985,3981,3983,3985,3983,3984,3985,3984,3984,3983,3985,3985,3986,3985,3984,3985,3985,3983,3986,3983,3988,3986,3992,3988,3993,3991,4002,3990,4002,3996,4003,3997,4000,3997,4003,3994,3993,3990,4002,3993,4000,3990,3993,3991,3992,3995,3995,3991,3993,3989,3995,3990,3990,3993,3995,3989,3992,3989,3991,3990,3990,3989,3998,3991,3996,3990,3989,3989,4003,3999,3996,3992,4000,3993,3997,3993,-0.25,SJNFAAZE1U0005576,117.67,13.04,8967.2421875,78,74,0,0,0,0,14.5,99.19,-145848,95,1527994964.465,0,1,0,0,0,0,0,3,0,1,383.12,383.12,7F,1,1,1,0082,57,40,40,0,0,19,0.00
03/06/2018 4:02:48,54 58.40638,-1 31.22418,291,0,352,696014,1145049,383.04,-87.241,4005,3981,3990,24,0,106.0,41.1,103.6,39.8,none,none,97.2,36.2,4005,3996,3989,3990,3992,3989,3985,3985,3989,3986,3985,3984,3987,3984,3984,3983,3984,3983,3983,3983,3985,3981,3984,3984,3983,3984,3984,3983,3983,3983,3985,3983,3987,3984,3983,3984,3984,3983,3985,3983,3988,3986,3992,3986,3992,3990,4000,3990,4003,3995,4003,3997,4000,3995,4003,3994,3992,3989,4002,3992,4001,3989,3992,3990,3992,3996,3995,3991,3993,3989,3995,3990,3989,3992,3994,3989,3993,3988,3990,3990,3991,3988,3997,3991,3996,3990,3990,3990,4003,3998,3996,3992,4000,3992,3997,3991,-0.25,SJNFAAZE1U0005576,117.67,13.04,8967.2421875,78,74,0,0,0,0,14.5,99.19,-145885,95,1527994968.380,0,1,1,0,12,0,0,3,0,1,383.07,383.07,7F,1,1,1,0082,57,40,40,0,0,19,0.00
03/06/2018 4:02:52,54 58.40638,-1 31.22418,291,0,353,696840,1145049,383.04,-86.540,4005,3981,3990,24,0,106.0,41.1,103.6,39.8,none,none,97.2,36.2,4005,3997,3990,3991,3992,3989,3986,3986,3989,3984,3986,3984,3988,3985,3985,3985,3985,3984,3985,3983,3985,3981,3984,3985,3984,3985,3984,3984,3984,3983,3985,3983,3987,3984,3984,3985,3985,3983,3985,3983,3987,3986,3993,3987,3993,3990,4001,3989,4002,3995,4003,3997,4000,3996,4003,3994,3992,3990,4003,3994,4001,3991,3993,3991,3993,3995,3995,3990,3994,3990,3995,3990,3990,3993,3996,3990,3992,3989,3990,3990,3991,3989,3997,3990,3996,3990,3990,3989,4003,3998,3997,3993,4001,3993,3997,3993,-0.27,SJNFAAZE1U0005576,117.67,13.04,8967.2421875,78,74,0,0,0,0,14.5,99.19,-145919,95,1527994972.367,0,1,1,0,8,0,0,3,0,1,383.05,383.05,7F,1,1,1,0082,57,40,40,0,0,19,0.00
03/06/2018 4:02:56,54 58.40638,-1 31.22418,291,0,353,697688,1145049,383.14,-88.127,4006,3983,3991,23,0,106.2,41.2,103.6,39.8,none,none,97.2,36.2,4006,3999,3991,3992,3995,3990,3987,3987,3990,3986,3987,3985,3988,3986,3986,3985,3987,3985,3986,3985,3986,3983,3985,3986,3985,3987,3986,3986,3985,3984,3986,3986,3988,3986,3986,3987,3988,3984,3987,3984,3990,3987,3995,3987,3994,3992,4002,3991,4004,3998,4005,3999,4001,3996,4004,3995,3995,3991,4004,3995,4003,3992,3993,3993,3995,3997,3996,3993,3994,3990,3995,3992,3992,3995,3996,3991,3995,3989,3991,3992,3992,3990,3998,3992,3998,3991,3991,3991,4004,3999,3998,3994,4001,3994,3998,3994,-0.29,SJNFAAZE1U0005576,117.67,13.04,8967.2421875,78,74,0,0,0,0,14.5,99.19,-145954,95,1527994976.692,0,1,0,0,0,0,0,3,0,1,383.16,383.16,7F,1,1,1,0082,57,40,40,0,0,19,0.00
03/06/2018 4:03:00,54 58.40638,-1 31.22418,291,0,353,698623,1145049,383.33,-87.607,4007,3984,3993,23,0,106.0,41.1,103.6,39.8,none,none,97.2,36.2,4007,3999,3992,3994,3996,3991,3988,3989,3991,3987,3987,3988,3990,3988,3987,3987,3987,3986,3987,3986,3988,3984,3986,3987,3986,3988,3988,3986,3987,3986,3987,3987,3990,3986,3987,3988,3988,3987,3988,3986,3990,3989,3995,3990,3995,3993,4005,3992,4005,3999,4005,4000,4004,3998,4005,3996,3996,3992,4005,3995,4005,3994,3996,3994,3996,3999,3998,3995,3996,3993,3998,3993,3992,3995,3998,3993,3998,3990,3993,3993,3993,3993,4000,3994,3998,3993,3992,3993,4006,4002,4000,3997,4003,3995,3999,3996,-0.26,SJNFAAZE1U0005576,117.67,13.04,8967.2421875,78,74,0,0,0,0,14.5,99.19,-145993,95,1527994980.976,0,1,0,0,0,0,0,3,0,1,383.36,383.36,7F,1,1,1,0082,57,40,40,0,0,19,0.00
03/06/2018 4:03:05,54 58.40638,-1 31.22418,291,0,354,699507,1145049,383.33,-85.807,4007,3984,3993,23,0,106.2,41.2,103.8,39.9,none,none,97.5,36.4,4007,3999,3992,3993,3997,3990,3989,3988,3993,3987,3989,3986,3990,3986,3988,3986,3988,3985,3987,3985,3989,3984,3987,3987,3987,3986,3989,3986,3988,3985,3988,3987,3990,3986,3987,3988,3988,3986,3989,3986,3991,3989,3995,3988,3996,3992,4005,3992,4006,3997,4005,4000,4003,3999,4005,3996,3996,3993,4005,3995,4004,3993,3995,3992,3995,3998,3998,3993,3995,3993,3997,3992,3992,3994,3998,3992,3995,3992,3993,3993,3993,3991,4000,3992,3999,3993,3992,3991,4005,4002,3999,3995,4003,3994,4000,3995,-0.26,SJNFAAZE1U0005576,117.67,13.04,8967.2421875,78,74,0,0,0,0,14.5,99.19,-146029,95,1527994985.139,0,1,1,0,6,0,0,3,0,1,383.37,383.37,7F,1,1,1,0082,57,40,40,0,0,19,0.00
03/06/2018 4:03:09,54 58.40638,-1 31.22418,291,0,354,700390,1145049,383.33,-87.913,4008,3983,3993,25,0,106.2,41.2,103.6,39.8,none,none,97.2,36.2,4008,4000,3992,3993,3995,3992,3989,3989,3991,3989,3988,3986,3991,3988,3988,3988,3988,3986,3987,3987,3988,3983,3987,3988,3987,3988,3988,3987,3988,3986,3988,3987,3990,3987,3986,3988,3988,3987,3988,3986,3991,3989,3996,3991,3996,3993,4004,3992,4005,3999,4006,4000,4002,3998,4006,3997,3997,3992,4005,3996,4004,3994,3995,3994,3996,3997,3998,3996,3996,3993,3998,3993,3993,3996,3998,3992,3998,3992,3994,3993,3994,3992,3999,3994,4000,3993,3992,3992,4006,4001,3999,3996,4002,3996,4000,3996,-0.25,SJNFAAZE1U0005576,117.67,13.04,8967.2421875,78,74,0,0,0,0,14.5,99.19,-146065,95,1527994989.343,0,1,0,0,0,0,0,3,0,1,383.36,383.36,7F,1,1,1,0082,57,40,40,0,0,19,0.00
03/06/2018 4:03:13,54 58.40638,-1 31.22418,291,0,355,701272,1145049,383.52,-86.540,4009,3985,3995,24,0,106.0,41.1,103.8,39.9,none,none,97.2,36.2,4009,4001,3995,3994,3999,3992,3990,3990,3994,3989,3991,3988,3992,3989,3990,3989,3990,3987,3990,3988,3989,3985,3989,3990,3990,3989,3990,3989,3989,3987,3990,3988,3992,3988,3988,3991,3991,3990,3991,3988,3993,3991,3998,3992,3999,3994,4008,3994,4006,4000,4008,4001,4005,4001,4007,3998,3998,3994,4008,3997,4006,3996,3997,3996,3997,3999,4001,3997,3997,3995,4000,3995,3995,3997,3999,3994,3999,3994,3993,3996,3995,3993,4002,3996,4000,3995,3994,3993,4008,4004,4000,3999,4004,3997,4002,3997,-0.28,SJNFAAZE1U0005576,117.67,13.04,8967.2421875,78,74,0,0,0,0,14.5,99.19,-146102,95,1527994993.514,0,1,0,0,0,0,0,3,0,1,383.50,383.50,7F,1,1,1,0082,57,40,40,0,0,19,0.00
03/06/2018 4:03:17,54 58.40638,-1 31.22418,291,0,355,702151,1145049,383.42,-85.166,4008,3985,3994,23,0,106.2,41.2,103.8,39.9,none,none,97.5,36.4,4007,4000,3993,3995,3999,3993,3990,3990,3993,3989,3990,3988,3992,3989,3989,3988,3990,3986,3988,3987,3989,3985,3989,3988,3988,3988,3989,3987,3988,3987,3989,3988,3991,3987,3989,3988,3991,3986,3989,3986,3992,3990,3998,3991,3997,3993,4005,3993,4006,3998,4008,4000,4004,4000,4006,3997,3996,3993,4007,3995,4004,3995,3996,3994,3997,3999,3998,3995,3997,3994,3999,3993,3993,3996,4000,3992,3998,3993,3994,3994,3994,3994,4001,3994,4000,3995,3993,3993,4006,4003,4000,3996,4004,3995,4001,3996,-0.25,SJNFAAZE1U0005576,117.67,13.04,8967.2421875,78,74,0,0,0,0,14.5,99.19,-146138,95,1527994997.747,0,1,0,0,0,0,0,3,0,1,383.48,383.48,7F,1,1,1,0082,57,40,40,0,0,19,0.00
03/06/2018 4:03:22,54 58.40638,-1 31.22418,291,0,356,703023,1145049,383.62,-85.929,4009,3986,3996,23,0,106.2,41.2,103.8,39.9,none,none,97.5,36.4,4009,4002,3996,3996,3999,3994,3991,3992,3995,3990,3992,3990,3994,3990,3990,3990,3991,3988,3991,3990,3992,3986,3990,3990,3990,3990,3992,3988,3990,3988,3991,3990,3993,3990,3990,3990,3992,3990,3991,3990,3994,3992,3999,3993,3998,3995,4008,3994,4007,4000,4009,4003,4006,4002,4007,3999,3999,3995,4008,3998,4007,3997,3998,3996,3999,4000,4000,3997,3998,3995,3999,3995,3996,3998,4000,3995,3999,3995,3995,3996,3996,3995,4003,3997,4001,3996,3995,3996,4008,4004,4001,3999,4005,3997,4002,3998,-0.24,SJNFAAZE1U0005576,117.67,13.04,8967.2421875,78,74,0,0,0,0,14.5,99.19,-146174,95,1527995002.167,0,1,1,0,7,0,0,3,0,1,383.57,383.57,7F,1,1,1,0082,57,40,40,0,0,19,0.00
03/06/2018 4:03:26,54 58.40638,-1 31.22418,291,0,356,703923,1145049,383.71,-85.929,4011,3987,3997,24,0,106.2,41.2,103.8,39.9,none,none,97.5,36.4,4011,4004,3997,3997,4000,3994,3993,3994,3996,3990,3992,3991,3994,3991,3992,3990,3992,3991,3992,3990,3992,3987,3991,3992,3991,3992,3992,3989,3991,3990,3993,3991,3995,3991,3991,3992,3992,3990,3993,3990,3996,3993,4000,3994,4000,3996,4009,3996,4008,4002,4011,4003,4007,4003,4009,4000,3998,3995,4009,3999,4008,3998,3999,3997,4000,4002,4002,3998,4000,3997,4001,3996,3996,3999,4002,3996,4001,3994,3997,3998,3997,3996,4004,3998,4002,3997,3996,3996,4008,4005,4002,3999,4006,3999,4004,3999,-0.27,SJNFAAZE1U0005576,117.67,13.04,8967.2421875,78,74,0,0,0,0,14.5,99.19,-146211,95,1527995006.318,0,1,0,0,0,0,0,3,0,1,383.75,383.75,7F,1,1,1,0082,57,40,40,0,0,19,0.00
03/06/2018 4:03:30,54 58.40638,-1 31.22418,291,0,357,704800,1145049,383.71,-84.892,4010,3988,3997,22,0,106.2,41.2,104.0,40.0,none,none,97.5,36.4,4010,4003,3996,3998,3999,3995,3992,3992,3996,3992,3993,3991,3995,3991,3991,3991,3992,3991,3991,3991,3992,3988,3990,3992,3990,3991,3992,3991,3992,3991,3992,3991,3994,3991,3991,3993,3992,3992,3992,3991,3995,3993,4000,3995,3999,3997,4008,3996,4008,4002,4009,4004,4006,4002,4008,4001,3999,3997,4009,3999,4007,3997,3998,3997,4000,4002,4003,3997,4000,3996,4000,3997,3995,3999,4001,3996,4000,3995,3996,3996,3997,3996,4004,3997,4003,3997,3995,3996,4009,4005,4002,3998,4005,3999,4002,3999,-0.28,SJNFAAZE1U0005576,117.67,13.04,8967.2421875,78,74,0,0,0,0,14.5,99.19,-146247,95,1527995010.455,0,1,0,0,0,0,0,3,0,1,383.78,383.78,7F,1,1,1,0082,57,40,40,0,0,19,0.00
03/06/2018 4:03:34,54 58.40638,-1 31.22418,291,0,357,705648,1145049,383.62,-84.831,4011,3987,3996,24,0,106.5,41.4,103.8,39.9,none,none,97.5,36.4,4010,4003,3996,3996,3999,3995,3993,3992,3996,3991,3992,3991,3995,3991,3992,3990,3992,3989,3991,3990,3992,3987,3990,3992,3989,3991,3992,3990,3992,3991,3992,3990,3994,3991,3991,3993,3992,3990,3993,3989,3995,3992,4000,3994,4000,3996,4008,3995,4008,4001,4011,4004,4007,4002,4010,4001,4000,3995,4010,3998,4008,3997,3999,3996,4000,4001,4001,3998,3999,3996,4001,3996,3997,3999,4002,3996,4000,3995,3998,3996,3997,3995,4003,3997,4002,3996,3995,3995,4009,4005,4002,3998,4007,3998,4003,3998,-0.25,SJNFAAZE1U0005576,117.67,13.04,8967.2421875,78,74,0,0,0,0,14.5,99.19,-146282,95,1527995014.697,0,1,1,0,6,0,0,3,0,1,383.71,383.71,7F,1,1,1,0082,57,40,40,0,0,19,0.00
03/06/2018 4:03:38,54 58.40638,-1 31.22418,291,0,357,706534,1145049,383.90,-85.898,4013,3990,3999,23,0,106.2,41.2,103.8,39.9,none,none,97.5,36.4,4013,4005,3999,3998,4001,3997,3995,3994,3999,3994,3995,3992,3996,3993,3995,3993,3995,3992,3993,3992,3995,3990,3993,3994,3994,3993,3994,3992,3993,3992,3994,3993,3996,3993,3993,3994,3995,3993,3995,3993,3997,3995,4002,3997,4001,3998,4010,3998,4010,4003,4012,4005,4009,4005,4012,4002,4002,3998,4011,4001,4010,4000,4000,3999,4002,4003,4003,4000,4002,3999,4003,3998,3999,4001,4004,3999,4003,3998,3999,3998,3999,3998,4006,4000,4004,3999,3998,3999,4011,4008,4005,4002,4008,4001,4006,4000,-0.27,SJNFAAZE1U0005576,117.67,13.04,8967.2421875,78,74,0,0,0,0,14.5,99.19,-146319,95,1527995018.931,0,1,0,0,0,0,0,3,0,1,383.85,383.85,7F,1,1,1,0082,57,40,40,0,0,19,0.00
03/06/2018 4:03:42,54 58.40638,-1 31.22418,291,0,358,707383,1145049,384.00,-84.953,4013,3991,4000,22,0,106.5,41.4,104.0,40.0,none,none,97.7,36.5,4013,4006,3999,4000,4002,3998,3995,3996,3998,3994,3995,3995,3998,3993,3994,3993,3995,3994,3994,3993,3995,3991,3993,3994,3994,3994,3995,3995,3994,3993,3996,3994,3996,3995,3993,3996,3996,3994,3996,3994,3997,3996,4002,3998,4002,4000,4011,3999,4010,4005,4012,4007,4009,4006,4012,4003,4002,3999,4011,4003,4010,4001,4001,4001,4002,4006,4004,4001,4002,3999,4004,4000,3999,4003,4004,3999,4003,3998,3999,3998,3999,4000,4006,4001,4005,4000,3998,3999,4012,4009,4005,4002,4008,4003,4006,4002,-0.21,SJNFAAZE1U0005576,117.67,13.04,8967.2421875,78,74,0,0,0,0,14.5,99.19,-146354,95,1527995022.980,0,1,0,0,0,0,0,3,0,1,384.02,384.02,7F,1,1,1,0082,57,40,40,0,0,19,0.00
03/06/2018 4:03:47,54 58.40638,-1 31.22418,291,0,358,708246,1145049,383.90,-83.854,4013,3990,3999,23,0,106.2,41.2,104.0,40.0,none,none,97.5,36.4,4013,4006,3999,3999,4001,3997,3994,3995,3999,3994,3995,3993,3997,3995,3995,3993,3994,3993,3994,3992,3994,3990,3992,3994,3993,3994,3994,3993,3993,3993,3994,3994,3996,3993,3993,3995,3996,3993,3995,3993,3997,3996,4002,3996,4002,3999,4011,3998,4009,4004,4012,4006,4008,4004,4012,4002,4001,3998,4011,4002,4009,3998,4001,3999,4002,4004,4004,4000,4002,3998,4003,3999,3998,4002,4003,3998,4002,3998,3999,4000,3999,3998,4005,4000,4004,3998,3997,3997,4012,4008,4004,4002,4008,4002,4005,4001,-0.23,SJNFAAZE1U0005576,117.67,13.04,8967.2421875,78,74,0,0,0,0,14.5,99.19,-146389,95,1527995027.239,0,1,0,0,0,0,0,3,0,1,383.97,383.97,7F,1,1,1,0082,57,40,40,0,0,19,0.00
03/06/2018 4:03:51,54 58.40638,-1 31.22418,291,0,359,709079,1145049,383.90,-83.671,4012,3991,3999,21,0,106.5,41.4,104.0,40.0,none,none,97.7,36.5,4012,4006,3998,4000,4003,3998,3995,3995,3998,3993,3996,3994,3997,3993,3994,3994,3993,3994,3994,3994,3995,3991,3994,3995,3993,3995,3994,3994,3993,3993,3995,3993,3996,3994,3995,3996,3996,3993,3996,3994,3999,3996,4002,3997,4002,3999,4011,3999,4011,4005,4011,4006,4009,4005,4011,4002,4003,3998,4011,4001,4010,3999,4001,4000,4002,4003,4005,3999,4002,3998,4003,4000,3999,4001,4004,3999,4002,3998,3999,3999,4000,3999,4006,3999,4004,3999,3998,3999,4012,4006,4005,4001,4008,4002,4005,4001,-0.26,SJNFAAZE1U0005576,117.67,13.04,8967.2421875,78,74,0,0,0,0,14.5,99.19,-146424,95,1527995031.365,0,1,1,0,7,0,0,3,0,1,383.93,383.93,7F,1,1,1,0082,57,40,40,0,0,19,0.00
03/06/2018 4:03:55,54 58.40638,-1 31.22418,291,0,359,709919,1145049,384.10,-85.105,4015,3992,4001,23,0,106.5,41.4,104.0,40.0,none,none,97.7,36.5,4015,4008,4000,4001,4004,3998,3997,3997,4000,3995,3997,3996,3999,3996,3996,3996,3996,3995,3995,3996,3996,3992,3995,3996,3995,3996,3997,3995,3996,3995,3996,3995,3999,3995,3995,3997,3997,3996,3997,3995,3999,3998,4004,3999,4005,4001,4013,4000,4013,4007,4014,4009,4011,4007,4013,4005,4004,4001,4013,4004,4011,4002,4003,4002,4004,4006,4005,4001,4003,4001,4005,4002,4001,4004,4006,4002,4004,4000,4001,4000,4001,4001,4008,4002,4006,4001,4000,4001,4013,4009,4006,4003,4011,4003,4008,4003,-0.27,SJNFAAZE1U0005576,117.67,13.04,8967.2421875,78,74,0,0,0,0,14.5,99.19,-146458,95,1527995035.431,0,1,0,0,0,0,0,3,0,1,384.02,384.02,7F,1,1,1,0082,57,40,40,0,0,19,0.00
03/06/2018 4:03:59,54 58.40638,-1 31.22418,291,0,360,710760,1145049,384.19,-84.830,4016,3994,4002,22,0,106.7,41.5,104.0,40.0,none,none,97.9,36.6,4016,4009,4001,4003,4005,4001,3997,3998,4001,3997,3998,3996,4000,3998,3997,3996,3998,3996,3997,3995,3997,3994,3996,3997,3996,3997,3998,3997,3997,3996,3997,3997,3999,3998,3996,3998,3998,3996,3998,3996,4000,3999,4005,4000,4005,4003,4014,4002,4013,4008,4015,4008,4011,4008,4014,4006,4005,4002,4014,4004,4013,4004,4004,4004,4006,4008,4007,4004,4004,4002,4006,4002,4003,4005,4007,4001,4006,4001,4002,4002,4001,4002,4009,4004,4007,4004,4001,4001,4014,4010,4007,4005,4012,4005,4009,4004,-0.25,SJNFAAZE1U0005576,117.67,13.04,8967.2421875,78,74,0,0,0,0,14.5,99.19,-146493,95,1527995039.558,0,1,0,0,0,0,0,3,0,1,384.22,384.22,7F,1,1,1,0082,57,40,40,0,0,19,0.00
03/06/2018 4:04:03,54 58.40638,-1 31.22418,291,0,360,711593,1145049,384.19,-82.847,4017,3994,4002,23,0,106.5,41.4,104.0,40.0,none,none,97.7,36.5,4017,4009,4001,4002,4006,4000,3998,3997,4000,3998,3998,3996,3999,3997,3997,3997,3997,3996,3996,3996,3997,3994,3997,3997,3997,3997,3997,3996,3996,3996,3997,3996,3999,3997,3996,3999,3998,3996,3998,3995,4000,3998,4006,4000,4005,4002,4014,4001,4013,4008,4015,4009,4012,4008,4015,4005,4004,4001,4014,4004,4013,4002,4005,4003,4005,4008,4007,4003,4006,4003,4006,4003,4003,4005,4007,4001,4006,4000,4002,4003,4002,4001,4008,4004,4008,4003,4002,4001,4014,4011,4008,4004,4011,4005,4007,4004,-0.24,SJNFAAZE1U0005576,117.67,13.04,8967.2421875,78,74,0,0,0,0,14.5,99.19,-146527,95,1527995043.624,0,1,1,0,7,0,0,3,0,1,384.28,384.28,7F,1,1,1,0082,57,40,40,0,0,19,0.00
03/06/2018 4:04:07,54 58.40638,-1 31.22418,291,0,360,712438,1145049,384.19,-82.969,4017,3993,4002,24,0,106.7,41.5,104.0,40.0,none,none,97.7,36.5,4017,4010,4001,4001,4004,4000,3998,3998,4001,3996,3998,3996,3999,3997,3997,3996,3997,3996,3996,3994,3997,3993,3995,3997,3996,3997,3997,3996,3996,3995,3997,3996,3998,3996,3997,3998,3998,3995,3998,3996,4000,3998,4005,3999,4005,4002,4013,4001,4012,4007,4015,4009,4011,4007,4013,4005,4003,4001,4015,4004,4012,4001,4003,4002,4004,4006,4006,4003,4004,4001,4005,4001,4001,4004,4006,4001,4005,3999,4002,4000,4002,4001,4008,4003,4007,4002,3999,4000,4013,4009,4007,4004,4011,4004,4008,4004,-0.26,SJNFAAZE1U0005576,117.67,13.04,8967.2421875,78,74,0,0,0,0,14.5,99.19,-146562,95,1527995047.942,0,1,0,0,0,0,0,3,0,1,384.27,384.27,7F,1,1,1,0082,57,40,40,0,0,19,0.00
03/06/2018 4:04:11,54 58.40638,-1 31.22418,291,0,361,713288,1145049,384.29,-83.915,4015,3995,4003,20,0,106.7,41.5,104.2,40.1,none,none,97.9,36.6,4015,4009,4002,4003,4005,4001,3999,4001,4002,3998,3999,3998,4001,3998,3998,3998,3998,3996,3997,3997,3999,3995,3998,3998,3997,3998,3998,3997,3997,3996,3998,3998,4000,3998,3997,3999,3999,3997,3999,3997,4001,3998,4006,4001,4006,4004,4015,4002,4014,4008,4015,4009,4012,4008,4014,4007,4005,4002,4015,4006,4013,4003,4005,4004,4006,4007,4007,4004,4004,4001,4007,4003,4003,4006,4006,4001,4006,4001,4002,4002,4003,4002,4009,4004,4008,4003,4002,4002,4014,4010,4007,4005,4012,4005,4009,4005,-0.27,SJNFAAZE1U0005576,117.67,13.04,8967.2421875,78,74,0,0,0,0,14.5,99.19,-146597,95,1527995051.963,0,1,0,0,0,0,0,3,0,1,384.25,384.25,7F,1,1,1,0082,57,40,40,0,0,19,0.00
03/06/2018 4:04:16,54 58.40638,-1 31.22418,291,0,361,714096,1145049,384.38,-83.183,4018,3996,4004,22,0,106.7,41.5,104.2,40.1,none,none,97.9,36.6,4018,4011,4003,4004,4008,4002,3999,4000,4002,3999,4000,3998,4001,4000,3999,3999,3999,3997,3999,3997,3999,3996,3998,3999,3998,3999,3999,3998,3998,3998,4000,3999,4001,3998,3998,4000,4000,3998,4000,3998,4002,4000,4007,4002,4006,4004,4015,4004,4016,4010,4016,4011,4015,4009,4017,4008,4007,4003,4016,4006,4015,4004,4005,4004,4007,4010,4009,4005,4007,4005,4008,4004,4006,4007,4009,4003,4008,4003,4004,4005,4004,4003,4010,4005,4010,4004,4004,4004,4017,4013,4010,4006,4014,4006,4011,4007,-0.27,SJNFAAZE1U0005576,117.67,13.04,8967.2421875,78,74,0,0,0,0,14.5,99.19,-146630,95,1527995056.279,0,1,1,0,7,0,0,3,0,1,384.39,384.39,7F,1,1,1,0082,57,40,40,0,0,19,0.00
03/06/2018 4:04:20,54 58.40638,-1 31.22418,291,0,362,714956,1145049,384.48,-82.145,4019,3996,4005,23,0,106.5,41.4,104.2,40.1,none,none,97.7,36.5,4019,4012,4004,4005,4008,4003,4000,4002,4004,4000,4000,3999,4002,4000,4000,3999,4000,3999,3999,3998,4000,3996,3999,4000,3999,3999,4000,3999,3999,3998,4000,3999,4002,3999,3999,4001,4000,3999,4000,3999,4002,4001,4008,4003,4007,4004,4015,4004,4017,4010,4017,4011,4015,4011,4018,4008,4007,4005,4016,4007,4016,4006,4007,4005,4007,4010,4010,4006,4008,4004,4009,4004,4006,4007,4009,4003,4008,4003,4005,4006,4006,4005,4012,4005,4011,4005,4004,4005,4018,4014,4011,4008,4015,4007,4011,4007,-0.26,SJNFAAZE1U0005576,117.67,13.04,8967.2421875,78,74,0,0,0,0,14.5,99.19,-146666,95,1527995060.445,0,1,1,0,8,0,0,3,0,1,384.50,384.50,7F,1,1,1,0082,57,40,40,0,0,19,0.00
03/06/2018 4:04:24,54 58.40638,-1 31.22418,291,0,362,715795,1145049,384.48,-81.565,4019,3995,4005,24,0,106.5,41.4,104.2,40.1,none,none,97.7,36.5,4019,4013,4004,4004,4007,4002,4001,4001,4003,4001,4001,4000,4001,3999,4000,4000,4000,3999,3999,3998,4001,3995,3998,4000,3999,4000,4000,3999,3999,3998,4001,3999,4002,3997,3999,4000,4000,3998,4000,3999,4003,4001,4007,4001,4008,4004,4016,4004,4017,4010,4017,4012,4014,4011,4017,4009,4007,4003,4017,4007,4016,4007,4007,4005,4007,4010,4009,4005,4008,4004,4009,4004,4005,4007,4008,4004,4008,4004,4004,4005,4005,4003,4011,4005,4010,4006,4004,4004,4017,4014,4011,4008,4015,4007,4011,4008,-0.26,SJNFAAZE1U0005576,117.67,13.04,8967.2421875,78,74,0,0,0,0,14.5,99.19,-146701,95,1527995064.523,0,1,0,0,0,0,0,3,0,1,384.54,384.54,7F,1,1,1,0082,57,40,40,0,0,19,0.00
03/06/2018 4:04:28,54 58.40638,-1 31.22418,291,0,363,716593,1145049,384.48,-81.931,4019,3996,4005,23,0,106.7,41.5,104.2,40.1,none,none,97.9,36.6,4019,4012,4005,4006,4008,4003,4000,4001,4004,3999,4000,3999,4002,4000,4000,3999,4000,3999,3999,3999,3999,3996,3999,4000,3999,4001,3999,3999,3998,3998,4000,3999,4002,3998,4000,4000,4000,3998,4001,3999,4004,4001,4008,4003,4007,4004,4016,4004,4017,4009,4017,4011,4014,4011,4018,4007,4006,4002,4017,4007,4017,4006,4007,4006,4008,4010,4011,4005,4008,4005,4009,4004,4004,4008,4010,4004,4009,4004,4005,4005,4006,4005,4011,4006,4012,4006,4004,4003,4017,4014,4010,4007,4014,4006,4011,4008,-0.29,SJNFAAZE1U0005576,117.67,13.04,8967.2421875,78,74,0,0,0,0,14.5,99.19,-146733,95,1527995068.424,0,1,0,0,0,0,0,3,0,1,384.54,384.54,7F,1,1,1,0082,57,40,40,0,0,19,0.00
03/06/2018 4:04:32,54 58.40638,-1 31.22418,291,0,363,717346,1145049,384.48,-81.687,4019,3998,4005,21,0,106.7,41.5,104.2,40.1,none,none,97.9,36.6,4019,4012,4005,4005,4009,4003,4001,4001,4004,4001,4002,4000,4002,4000,4000,3999,4001,3998,4000,3998,4001,3998,3999,4001,4000,4000,4001,3998,3999,3998,4001,4000,4003,4000,3999,4001,4001,4000,4001,3999,4004,4001,4008,4003,4008,4005,4015,4005,4018,4011,4017,4012,4015,4011,4017,4008,4007,4004,4017,4008,4017,4006,4008,4005,4008,4010,4010,4005,4009,4005,4010,4005,4005,4007,4010,4004,4009,4004,4005,4005,4006,4004,4011,4005,4012,4007,4005,4003,4018,4013,4012,4007,4015,4008,4011,4008,-0.30,SJNFAAZE1U0005576,117.67,13.04,8967.2421875,78,74,0,0,0,0,14.5,99.19,-146764,95,1527995072.469,0,1,1,0,7,0,0,3,0,1,384.52,384.52,7F,1,1,1,0082,57,40,40,0,0,19,0.00
03/06/2018 4:04:36,54 58.40638,-1 31.22418,291,0,363,718159,1145049,384.67,-82.175,4021,3998,4007,23,0,106.7,41.5,104.2,40.1,none,none,97.9,36.6,4021,4013,4006,4007,4010,4005,4002,4002,4005,4002,4002,4000,4004,4002,4001,4001,4002,4000,4002,4001,4003,3998,4001,4002,4001,4002,4002,4000,4001,3999,4002,4000,4004,4001,4001,4003,4002,4001,4003,4001,4005,4003,4009,4004,4009,4007,4017,4006,4018,4012,4019,4013,4016,4012,4019,4009,4010,4006,4019,4009,4017,4008,4009,4008,4009,4012,4011,4009,4011,4006,4011,4006,4007,4009,4011,4006,4010,4007,4007,4007,4007,4006,4013,4008,4013,4008,4006,4006,4019,4015,4013,4010,4017,4009,4013,4009,-0.27,SJNFAAZE1U0005576,117.67,13.04,8967.2421875,78,74,0,0,0,0,14.5,99.19,-146798,95,1527995076.460,0,1,0,0,0,0,0,3,0,1,384.65,384.65,7F,1,1,1,0082,57,40,40,0,0,19,0.00
03/06/2018 4:04:40,54 58.40638,-1 31.22418,291,0,364,718949,1145049,384.77,-80.955,4022,4000,4008,22,0,106.9,41.6,104.2,40.1,none,none,97.9,36.6,4022,4015,4007,4009,4010,4007,4003,4004,4007,4003,4003,4003,4005,4003,4003,4003,4003,4002,4001,4002,4003,4000,4002,4003,4001,4004,4002,4003,4001,4001,4002,4002,4004,4003,4002,4004,4003,4002,4004,4001,4006,4005,4010,4005,4010,4007,4019,4008,4019,4014,4019,4014,4016,4013,4020,4011,4011,4007,4019,4010,4018,4008,4010,4009,4010,4014,4012,4010,4011,4007,4012,4008,4008,4011,4011,4007,4011,4006,4007,4007,4007,4008,4014,4009,4013,4007,4007,4007,4020,4016,4013,4010,4016,4010,4013,4010,-0.23,SJNFAAZE1U0005576,117.67,13.04,8967.2421875,78,74,0,0,0,0,14.5,99.19,-146831,95,1527995080.630,0,1,0,0,0,0,0,3,0,1,384.76,384.76,7F,1,1,1,0082,57,40,40,0,0,19,0.00
03/06/2018 4:04:44,54 58.40638,-1 31.22418,291,0,364,719756,1145049,384.67,-79.887,4021,4000,4007,21,0,106.9,41.6,104.2,40.1,none,none,97.9,36.6,4021,4015,4005,4007,4009,4006,4002,4004,4006,4002,4001,4001,4005,4003,4001,4003,4003,4001,4001,4000,4002,4000,4001,4003,4002,4003,4002,4002,4001,4001,4003,4002,4003,4002,4001,4004,4003,4002,4002,4001,4004,4003,4009,4005,4009,4007,4018,4007,4018,4013,4018,4013,4016,4012,4018,4011,4010,4007,4018,4010,4017,4008,4009,4008,4009,4013,4011,4008,4010,4006,4012,4007,4006,4010,4012,4006,4010,4005,4007,4007,4008,4007,4013,4008,4013,4007,4007,4005,4020,4016,4013,4009,4016,4010,4012,4009,-0.25,SJNFAAZE1U0005576,117.67,13.04,8967.2421875,78,74,0,0,0,0,14.5,99.19,-146864,95,1527995084.691,0,1,2,0,0,0,0,3,0,1,384.76,384.76,7F,1,1,1,0082,57,40,40,0,0,19,0.00
03/06/2018 4:04:48,54 58.40638,-1 31.22418,291,0,365,720556,1145049,384.67,-80.619,4022,3999,4007,23,0,106.9,41.6,104.4,40.2,none,none,98.2,36.8,4022,4015,4007,4007,4011,4005,4004,4003,4006,4002,4004,4002,4005,4002,4003,4002,4003,4001,4003,4002,4003,3999,4002,4002,4002,4003,4003,4002,4002,4000,4002,4001,4005,4001,4002,4004,4004,4001,4003,4001,4006,4003,4011,4005,4010,4007,4019,4007,4019,4012,4021,4014,4017,4013,4020,4011,4010,4006,4019,4011,4018,4008,4011,4009,4011,4011,4012,4007,4012,4008,4011,4008,4008,4010,4012,4007,4011,4007,4007,4008,4009,4007,4014,4008,4014,4008,4006,4005,4019,4015,4014,4010,4017,4009,4013,4009,-0.27,SJNFAAZE1U0005576,117.67,13.04,8967.2421875,78,74,0,0,0,0,14.5,99.19,-146897,95,1527995088.662,0,1,1,0,7,0,0,3,0,1,384.72,384.72,7F,1,1,1,0082,57,40,40,0,0,19,0.00
03/06/2018 4:04:52,54 58.40638,-1 31.22418,291,0,365,721347,1145049,384.86,-81.260,4024,4001,4009,23,0,106.7,41.5,104.4,40.2,none,none,97.9,36.6,4024,4016,4009,4009,4012,4007,4005,4005,4009,4004,4005,4002,4006,4004,4004,4003,4004,4002,4003,4002,4004,4001,4003,4004,4003,4003,4003,4003,4003,4002,4003,4003,4006,4002,4003,4004,4004,4003,4005,4003,4007,4004,4012,4007,4011,4008,4019,4008,4020,4012,4022,4016,4018,4014,4021,4012,4011,4008,4021,4011,4019,4010,4011,4009,4011,4013,4013,4011,4013,4009,4014,4009,4009,4011,4013,4008,4012,4007,4008,4009,4009,4008,4015,4011,4015,4009,4008,4009,4022,4017,4015,4012,4019,4010,4015,4010,-0.29,SJNFAAZE1U0005576,117.67,13.04,8967.2421875,78,74,0,0,0,0,14.5,99.19,-146929,95,1527995092.936,0,1,0,0,0,0,0,3,0,1,384.84,384.84,7F,1,1,1,0082,57,40,40,0,0,19,0.00
03/06/2018 4:04:57,54 58.40638,-1 31.22418,291,0,365,722191,1145049,385.06,-80.192,4024,4002,4011,22,0,106.9,41.6,104.4,40.2,none,none,97.9,36.6,4024,4018,4011,4012,4014,4010,4007,4008,4010,4006,4007,4006,4008,4006,4005,4005,4006,4005,4006,4004,4005,4002,4005,4006,4004,4006,4006,4005,4005,4005,4006,4006,4008,4004,4005,4007,4007,4005,4007,4005,4009,4008,4014,4007,4013,4010,4022,4009,4022,4015,4023,4018,4020,4016,4023,4014,4013,4010,4023,4013,4020,4009,4012,4012,4014,4015,4015,4012,4013,4009,4014,4010,4012,4013,4015,4010,4014,4009,4010,4009,4012,4010,4017,4012,4016,4011,4010,4010,4023,4018,4016,4013,4019,4013,4017,4013,-0.30,SJNFAAZE1U0005576,117.67,13.04,8967.2421875,78,74,0,0,0,0,14.5,99.19,-146964,95,1527995097.168,0,1,0,0,0,0,0,3,0,1,385.02,385.02,7F,1,1,1,0082,57,40,40,0,0,19,0.00
03/06/2018 4:05:01,54 58.40638,-1 31.22418,291,0,366,723005,1145049,384.96,-78.635,4024,4002,4010,22,0,106.9,41.6,104.4,40.2,none,none,98.2,36.8,4024,4018,4010,4010,4015,4009,4007,4007,4010,4005,4007,4004,4009,4006,4004,4004,4006,4005,4004,4004,4005,4002,4004,4006,4005,4005,4005,4004,4005,4005,4006,4005,4007,4005,4005,4006,4007,4004,4006,4004,4009,4007,4013,4009,4013,4010,4022,4010,4020,4015,4022,4017,4019,4017,4021,4013,4013,4009,4022,4013,4020,4011,4012,4011,4014,4015,4014,4012,4013,4010,4014,4009,4010,4012,4015,4009,4013,4009,4009,4010,4011,4009,4017,4012,4016,4011,4010,4010,4022,4019,4015,4013,4018,4012,4017,4012,-0.27,SJNFAAZE1U0005576,117.67,13.04,8967.2421875,78,74,0,0,0,0,14.5,99.19,-146998,95,1527995101.275,0,1,1,0,7,0,0,3,0,1,385.06,385.06,7F,1,1,1,0082,57,40,40,0,0,19,0.00
03/06/2018 4:05:05,54 58.40638,-1 31.22418,291,0,366,723799,1145049,384.96,-79.673,4024,4002,4010,22,0,106.9,41.6,104.4,40.2,none,none,97.9,36.6,4024,4017,4009,4011,4013,4010,4005,4007,4009,4005,4005,4005,4007,4007,4004,4004,4005,4004,4003,4003,4005,4002,4004,4006,4004,4006,4006,4005,4003,4004,4004,4005,4006,4005,4004,4007,4007,4004,4006,4005,4008,4006,4012,4009,4011,4010,4021,4010,4021,4015,4022,4017,4019,4015,4022,4013,4012,4009,4022,4012,4019,4010,4012,4011,4013,4016,4015,4009,4013,4010,4014,4010,4009,4012,4013,4010,4014,4008,4010,4010,4011,4011,4016,4012,4016,4010,4009,4008,4023,4019,4015,4012,4020,4012,4016,4012,-0.25,SJNFAAZE1U0005576,117.67,13.04,8967.2421875,78,74,0,0,0,0,14.5,99.19,-147030,95,1527995105.424,0,1,0,0,0,0,0,3,0,1,385.08,385.08,7F,1,1,1,0082,57,40,40,0,0,19,0.00
03/06/2018 4:05:09,54 58.40638,-1 31.22418,291,0,367,724599,1145049,385.06,-80.955,4025,4003,4011,22,0,107.2,41.8,104.4,40.2,none,none,98.2,36.8,4025,4019,4010,4012,4014,4011,4007,4008,4009,4007,4007,4006,4008,4007,4006,4006,4006,4006,4006,4006,4006,4003,4005,4007,4005,4007,4005,4006,4006,4004,4006,4006,4008,4005,4005,4008,4007,4006,4007,4006,4008,4007,4014,4008,4014,4011,4022,4010,4022,4017,4023,4018,4021,4016,4023,4016,4013,4009,4023,4013,4021,4011,4013,4012,4013,4016,4014,4011,4015,4010,4015,4011,4011,4014,4014,4011,4015,4009,4011,4010,4011,4011,4016,4012,4016,4011,4011,4009,4024,4019,4016,4012,4020,4013,4016,4013,-0.25,SJNFAAZE1U0005576,117.67,13.04,8967.2421875,78,74,0,0,0,0,14.5,99.19,-147063,95,1527995109.828,0,1,0,0,0,0,0,3,0,1,385.03,385.03,7F,1,1,1,0082,57,40,40,0,0,19,0.00
03/06/2018 4:05:14,54 58.40638,-1 31.22418,291,0,367,725450,1145049,385.25,-78.788,4025,4005,4013,20,0,107.2,41.8,104.4,40.2,none,none,98.2,36.8,4025,4019,4012,4013,4016,4012,4009,4009,4012,4007,4009,4007,4010,4008,4008,4007,4007,4006,4007,4006,4008,4005,4007,4008,4008,4008,4008,4007,4007,4006,4007,4007,4010,4007,4007,4009,4009,4007,4008,4006,4011,4010,4016,4010,4016,4012,4024,4011,4022,4017,4025,4019,4021,4019,4024,4015,4016,4011,4024,4015,4023,4013,4015,4014,4016,4017,4017,4014,4016,4013,4017,4012,4013,4015,4016,4011,4015,4011,4012,4013,4013,4012,4019,4014,4018,4012,4011,4012,4024,4021,4018,4015,4021,4015,4020,4015,-0.28,SJNFAAZE1U0005576,117.67,13.04,8967.2421875,78,74,0,0,0,0,14.5,99.19,-147099,95,1527995114.125,0,1,1,0,6,0,0,3,0,1,385.21,385.21,7F,1,1,1,0082,57,40,40,0,0,19,0.00
03/06/2018 4:05:18,54 58.40638,-1 31.22418,291,0,367,726253,1145049,385.25,-78.910,4027,4005,4013,22,0,107.2,41.8,104.4,40.2,none,none,98.2,36.8,4027,4020,4012,4014,4016,4012,4010,4010,4013,4009,4010,4008,4011,4008,4008,4008,4008,4007,4008,4008,4009,4005,4007,4008,4008,4008,4009,4007,4008,4007,4008,4008,4010,4007,4008,4009,4008,4007,4009,4007,4011,4010,4016,4011,4016,4013,4025,4013,4024,4017,4025,4019,4022,4019,4026,4016,4015,4012,4025,4015,4024,4013,4015,4013,4016,4018,4017,4015,4015,4012,4017,4013,4013,4015,4016,4011,4016,4009,4013,4012,4013,4012,4019,4014,4018,4013,4012,4012,4025,4021,4018,4016,4023,4014,4020,4015,-0.27,SJNFAAZE1U0005576,117.67,13.04,8967.2421875,78,74,0,0,0,0,14.5,99.19,-147132,95,1527995118.156,0,1,0,0,8,0,0,3,0,1,385.33,385.33,7F,1,1,1,0082,57,40,40,0,0,19,0.00
03/06/2018 4:05:22,54 58.40638,-1 31.22418,291,0,368,727043,1145049,385.25,-79.001,4028,4005,4013,23,0,107.2,41.8,104.7,40.4,none,none,98.2,36.8,4028,4020,4013,4014,4016,4012,4009,4009,4012,4009,4010,4008,4011,4009,4007,4008,4008,4008,4008,4007,4009,4005,4009,4008,4007,4008,4009,4008,4007,4007,4008,4008,4011,4007,4007,4009,4009,4007,4009,4007,4011,4010,4016,4010,4016,4013,4025,4012,4023,4018,4026,4019,4022,4019,4024,4016,4013,4012,4025,4016,4022,4012,4014,4014,4015,4018,4018,4013,4015,4011,4017,4012,4012,4015,4017,4012,4017,4010,4013,4012,4013,4013,4018,4013,4018,4012,4012,4012,4025,4020,4019,4015,4022,4015,4019,4014,-0.23,SJNFAAZE1U0005576,117.67,13.04,8967.2421875,78,74,0,0,0,0,14.5,99.19,-147164,94,1527995122.264,0,1,0,0,0,0,0,3,0,1,385.32,385.32,7F,1,1,1,0082,57,40,40,0,0,19,0.00
03/06/2018 4:05:26,54 58.40638,-1 31.22418,291,0,368,727814,1145049,385.25,-79.581,4028,4005,4013,23,0,107.2,41.8,104.7,40.4,none,none,98.2,36.8,4028,4021,4014,4014,4017,4012,4011,4010,4013,4009,4009,4008,4012,4009,4009,4008,4009,4008,4007,4008,4010,4005,4007,4010,4008,4009,4008,4006,4008,4008,4009,4008,4011,4008,4008,4010,4011,4007,4010,4007,4011,4009,4016,4012,4016,4013,4024,4014,4025,4019,4027,4019,4023,4018,4026,4016,4016,4013,4026,4016,4023,4014,4015,4014,4016,4018,4018,4014,4015,4012,4017,4014,4014,4016,4018,4013,4017,4011,4013,4013,4014,4013,4020,4014,4020,4013,4013,4012,4025,4020,4018,4015,4023,4016,4021,4016,-0.25,SJNFAAZE1U0005576,117.67,13.04,8967.2421875,78,74,0,0,0,0,14.5,99.19,-147196,94,1527995126.270,0,1,0,0,0,0,0,3,0,1,385.33,385.33,7F,1,1,1,0082,57,40,40,0,0,19,0.00
03/06/2018 4:05:30,54 58.40638,-1 31.22418,291,0,369,728599,1145049,385.34,-79.398,4027,4007,4014,20,0,106.9,41.6,104.4,40.2,none,none,98.2,36.8,4027,4021,4014,4015,4019,4013,4010,4011,4014,4011,4011,4009,4012,4010,4010,4009,4009,4008,4009,4008,4010,4007,4009,4010,4009,4009,4010,4009,4009,4008,4010,4009,4012,4009,4009,4010,4010,4008,4011,4009,4012,4011,4017,4013,4016,4013,4026,4013,4025,4019,4026,4021,4023,4019,4026,4018,4017,4013,4026,4017,4025,4014,4016,4015,4017,4018,4019,4017,4016,4014,4019,4013,4014,4016,4018,4014,4018,4014,4014,4014,4014,4014,4021,4016,4020,4015,4013,4013,4026,4022,4019,4017,4024,4017,4020,4017,-0.28,SJNFAAZE1U0005576,117.67,13.04,8967.2421875,78,74,0,0,0,0,14.5,99.19,-147228,94,1527995130.273,0,1,1,0,7,0,0,3,0,1,385.36,385.36,7F,1,1,1,0082,57,40,40,0,0,19,0.00
03/06/2018 4:05:34,54 58.40638,-1 31.22418,291,0,369,729345,1145049,385.54,-78.940,4029,4007,4016,22,0,107.2,41.8,104.7,40.4,none,none,98.4,36.9,4029,4023,4015,4016,4019,4014,4012,4012,4015,4011,4013,4011,4014,4010,4011,4010,4011,4010,4010,4010,4012,4007,4009,4011,4011,4011,4012,4010,4010,4009,4011,4011,4014,4010,4010,4012,4012,4010,4012,4010,4014,4013,4018,4014,4017,4016,4027,4015,4026,4020,4028,4022,4025,4021,4027,4019,4018,4014,4027,4019,4026,4016,4017,4016,4018,4020,4020,4018,4018,4015,4019,4016,4016,4019,4020,4015,4019,4014,4015,4016,4015,4016,4022,4017,4021,4016,4014,4016,4028,4025,4021,4018,4025,4017,4022,4018,-0.27,SJNFAAZE1U0005576,117.67,13.04,8967.2421875,78,74,0,0,0,0,14.5,99.19,-147259,94,1527995134.305,0,1,0,0,0,0,0,3,0,1,385.50,385.50,7F,1,1,1,0082,57,40,40,0,0,19,0.00
03/06/2018 4:05:38,54 58.40638,-1 31.22418,291,0,369,730145,1145049,385.54,-77.934,4029,4008,4016,21,0,107.2,41.8,104.7,40.4,none,none,98.4,36.9,4029,4023,4016,4017,4019,4015,4012,4013,4016,4012,4013,4010,4014,4012,4012,4011,4012,4010,4011,4011,4012,4008,4011,4012,4010,4011,4013,4011,4012,4010,4012,4010,4013,4010,4011,4013,4013,4010,4012,4010,4015,4013,4019,4015,4019,4016,4028,4017,4026,4021,4027,4022,4026,4023,4027,4019,4019,4014,4028,4018,4026,4017,4017,4017,4020,4020,4021,4018,4018,4017,4020,4016,4016,4018,4020,4016,4019,4016,4016,4017,4016,4016,4023,4018,4022,4017,4014,4016,4028,4024,4021,4018,4024,4019,4023,4019,-0.30,SJNFAAZE1U0005576,117.67,13.04,8967.2421875,78,74,0,0,0,0,14.5,99.19,-147292,94,1527995138.577,0,1,0,0,0,0,0,3,0,1,385.61,385.61,7F,1,1,1,0082,57,40,40,0,0,19,0.00
03/06/2018 4:05:42,54 58.40638,-1 31.22418,291,0,370,730942,1145049,385.54,-77.018,4029,4008,4016,21,0,107.2,41.8,104.7,40.4,none,none,98.4,36.9,4029,4022,4015,4017,4019,4014,4012,4012,4015,4012,4012,4011,4014,4011,4011,4011,4011,4010,4010,4009,4012,4008,4011,4012,4011,4011,4012,4010,4011,4010,4011,4011,4013,4010,4011,4012,4013,4010,4013,4009,4014,4012,4019,4013,4018,4015,4027,4014,4026,4020,4029,4023,4025,4022,4028,4019,4018,4015,4029,4018,4026,4016,4017,4016,4018,4021,4020,4016,4018,4015,4019,4016,4016,4018,4020,4014,4018,4014,4016,4016,4015,4015,4022,4016,4021,4016,4013,4014,4028,4024,4020,4018,4024,4018,4021,4017,-0.25,SJNFAAZE1U0005576,117.67,13.04,8967.2421875,78,74,0,0,0,0,14.5,99.19,-147325,94,1527995142.758,0,1,1,0,2,0,0,3,0,1,385.61,385.61,7F,1,1,1,0082,57,40,40,0,0,19,0.00
03/06/2018 4:05:46,54 58.40638,-1 31.22418,291,0,370,731695,1145049,385.54,-77.018,4030,4009,4016,21,0,107.2,41.8,104.7,40.4,none,none,98.4,36.9,4030,4023,4016,4016,4020,4016,4012,4013,4016,4012,4014,4012,4014,4012,4012,4011,4012,4010,4011,4010,4013,4009,4011,4011,4010,4012,4013,4010,4012,4010,4012,4012,4015,4010,4011,4012,4012,4010,4013,4011,4015,4013,4020,4014,4019,4016,4028,4015,4027,4020,4028,4022,4025,4022,4028,4019,4018,4015,4028,4019,4027,4018,4018,4017,4020,4021,4020,4017,4018,4016,4020,4015,4015,4018,4020,4016,4020,4015,4016,4017,4016,4016,4022,4017,4022,4017,4015,4014,4028,4024,4022,4018,4025,4018,4023,4019,-0.26,SJNFAAZE1U0005576,117.67,13.04,8967.2421875,78,74,0,0,0,0,14.5,99.19,-147356,94,1527995146.645,0,1,2,0,7,0,0,3,0,1,385.62,385.62,7F,1,1,1,0082,57,40,40,0,0,19,0.00
03/06/2018 4:05:50,54 58.40638,-1 31.22418,291,0,371,732437,1145049,385.63,-78.178,4030,4009,4017,21,0,107.2,41.8,104.7,40.4,none,none,98.4,36.9,4030,4023,4017,4017,4020,4015,4014,4013,4017,4012,4014,4012,4015,4011,4012,4012,4012,4011,4012,4011,4012,4009,4012,4013,4012,4012,4012,4011,4012,4011,4013,4012,4015,4012,4012,4013,4014,4010,4013,4011,4016,4013,4019,4015,4021,4018,4029,4016,4028,4022,4029,4023,4026,4021,4028,4020,4018,4016,4029,4020,4028,4016,4019,4017,4020,4022,4022,4018,4019,4016,4020,4017,4017,4019,4021,4017,4020,4015,4016,4016,4017,4017,4023,4017,4023,4017,4016,4015,4028,4025,4023,4019,4025,4018,4023,4019,-0.27,SJNFAAZE1U0005576,117.67,13.04,8967.2421875,78,74,0,0,0,0,14.5,99.19,-147387,94,1527995150.537,0,1,0,0,0,0,0,3,0,1,385.70,385.70,7F,1,1,1,0082,57,40,40,0,0,19,0.00
03/06/2018 4:05:54,54 58.40638,-1 31.22418,291,0,371,733197,1145049,385.63,-77.964,4031,4010,4017,21,0,107.2,41.8,104.7,40.4,none,none,98.4,36.9,4031,4024,4018,4018,4021,4015,4015,4015,4017,4013,4014,4012,4016,4013,4012,4013,4013,4012,4012,4012,4014,4010,4013,4012,4011,4013,4013,4011,4013,4011,4014,4012,4016,4011,4012,4014,4014,4012,4014,4012,4016,4014,4020,4016,4020,4018,4029,4016,4028,4022,4029,4024,4027,4023,4028,4019,4019,4016,4029,4020,4028,4018,4019,4018,4019,4021,4021,4018,4020,4017,4021,4017,4018,4020,4023,4017,4021,4016,4016,4018,4017,4017,4024,4019,4023,4018,4016,4017,4029,4025,4023,4018,4026,4020,4024,4020,-0.29,SJNFAAZE1U0005576,117.67,13.04,8967.2421875,78,74,0,0,0,0,14.5,99.19,-147418,94,1527995154.758,0,1,0,0,0,0,0,3,0,1,385.69,385.69,7F,1,1,1,0082,57,40,40,0,0,19,0.00
03/06/2018 4:05:58,54 58.40638,-1 31.22418,291,0,371,733986,1145049,385.82,-77.445,4032,4010,4019,22,0,107.4,41.9,104.9,40.5,none,none,98.4,36.9,4031,4026,4018,4019,4023,4017,4015,4015,4018,4014,4016,4013,4016,4014,4014,4014,4015,4012,4014,4013,4015,4010,4014,4014,4013,4014,4015,4013,4014,4012,4015,4014,4015,4013,4014,4014,4014,4013,4015,4012,4017,4015,4021,4017,4022,4018,4030,4018,4029,4023,4032,4025,4029,4024,4031,4022,4021,4017,4031,4022,4029,4019,4020,4019,4022,4023,4023,4021,4022,4018,4022,4018,4019,4021,4023,4018,4023,4017,4018,4018,4019,4018,4024,4020,4024,4019,4017,4019,4031,4027,4024,4022,4027,4021,4024,4020,-0.32,SJNFAAZE1U0005576,117.67,13.04,8967.2421875,78,74,0,0,0,0,14.5,99.19,-147450,94,1527995158.972,0,1,1,0,6,0,0,3,0,1,385.79,385.79,7F,1,1,1,0082,57,40,40,0,0,19,0.00
03/06/2018 4:06:03,54 58.40638,-1 31.22418,291,0,372,734787,1145049,385.82,-76.926,4032,4012,4019,20,0,107.4,41.9,104.7,40.4,none,none,98.4,36.9,4032,4026,4020,4019,4022,4018,4016,4016,4019,4015,4016,4014,4017,4014,4015,4014,4015,4014,4015,4014,4016,4012,4015,4015,4014,4014,4015,4013,4014,4014,4015,4015,4018,4014,4014,4015,4015,4014,4015,4013,4018,4015,4023,4018,4022,4020,4031,4019,4029,4024,4031,4025,4029,4025,4031,4023,4021,4019,4031,4022,4029,4020,4020,4019,4022,4024,4024,4021,4021,4019,4023,4019,4020,4021,4023,4019,4023,4018,4018,4019,4019,4018,4025,4020,4025,4020,4018,4019,4031,4028,4025,4022,4028,4021,4026,4021,-0.29,SJNFAAZE1U0005576,117.67,13.04,8967.2421875,78,74,0,0,0,0,14.5,99.19,-147483,94,1527995163.137,0,1,0,0,0,0,0,3,0,1,385.95,385.95,7F,1,1,1,0082,57,40,40,0,0,19,0.00
03/06/2018 4:06:07,54 58.40638,-1 31.22418,291,0,372,735557,1145049,385.82,-76.926,4032,4011,4019,21,0,107.4,41.9,104.9,40.5,none,none,98.4,36.9,4032,4026,4020,4021,4023,4018,4016,4016,4018,4015,4016,4014,4017,4014,4015,4014,4015,4014,4014,4013,4016,4011,4014,4015,4014,4016,4015,4014,4015,4013,4016,4014,4018,4012,4013,4015,4015,4013,4016,4013,4018,4015,4022,4017,4021,4019,4030,4019,4029,4023,4031,4026,4027,4024,4031,4022,4021,4018,4031,4021,4030,4020,4021,4019,4022,4023,4023,4020,4022,4020,4023,4018,4019,4022,4024,4018,4023,4017,4019,4019,4020,4018,4026,4020,4024,4020,4018,4018,4030,4027,4025,4021,4027,4021,4025,4021,-0.26,SJNFAAZE1U0005576,117.67,13.04,8967.2421875,78,74,0,0,0,0,14.5,99.19,-147515,94,1527995167.473,0,1,0,0,0,0,0,3,0,1,385.89,385.89,7F,1,1,1,0082,57,40,40,0,0,19,0.00
03/06/2018 4:06:11,54 58.40638,-1 31.22418,291,0,373,736366,1145049,386.02,-78.330,4035,4014,4021,21,0,107.4,41.9,104.9,40.5,none,none,98.6,37.0,4035,4028,4021,4021,4024,4019,4017,4018,4020,4017,4018,4016,4018,4017,4017,4017,4016,4014,4016,4015,4017,4014,4016,4017,4016,4016,4016,4015,4017,4014,4017,4016,4019,4015,4017,4017,4018,4015,4018,4016,4019,4018,4025,4020,4024,4022,4033,4021,4032,4025,4033,4028,4030,4026,4033,4024,4024,4019,4032,4023,4032,4021,4022,4022,4024,4026,4026,4022,4023,4021,4024,4021,4021,4024,4025,4021,4024,4019,4020,4021,4021,4020,4027,4023,4027,4021,4020,4021,4033,4029,4025,4023,4029,4023,4028,4022,-0.27,SJNFAAZE1U0005576,117.67,13.04,8967.2421875,78,74,0,0,0,0,14.5,99.19,-147548,94,1527995171.650,0,1,0,0,0,0,0,3,0,1,385.98,385.98,7F,1,1,1,0082,57,40,40,0,0,19,0.00
03/06/2018 4:06:15,54 58.40638,-1 31.22418,291,0,373,737128,1145049,386.11,-75.859,4035,4014,4022,21,0,107.4,41.9,104.9,40.5,none,none,98.4,36.9,4035,4029,4021,4023,4026,4020,4018,4018,4021,4018,4018,4017,4019,4018,4017,4017,4016,4016,4015,4016,4018,4014,4016,4018,4016,4017,4017,4017,4016,4016,4017,4017,4018,4018,4016,4018,4018,4017,4018,4016,4021,4019,4025,4020,4024,4022,4033,4021,4033,4027,4033,4029,4031,4027,4034,4025,4025,4022,4033,4024,4031,4022,4024,4022,4023,4028,4025,4024,4024,4021,4026,4022,4023,4025,4025,4022,4024,4020,4023,4022,4022,4022,4028,4023,4027,4022,4021,4022,4034,4030,4027,4024,4030,4024,4028,4024,-0.27,SJNFAAZE1U0005576,117.67,13.04,8967.2421875,78,74,0,0,0,0,14.5,99.19,-147580,94,1527995175.682,0,1,1,0,7,0,0,3,0,1,386.11,386.11,7F,1,1,1,0082,57,40,40,0,0,19,0.00
03/06/2018 4:06:19,54 58.40638,-1 31.22418,291,0,373,737889,1145049,386.11,-75.858,4037,4014,4022,23,0,107.4,41.9,104.9,40.5,none,none,98.6,37.0,4037,4029,4022,4023,4025,4021,4019,4020,4021,4018,4018,4018,4019,4018,4018,4017,4018,4017,4016,4017,4017,4014,4016,4018,4017,4018,4017,4018,4016,4017,4018,4018,4020,4018,4017,4019,4018,4017,4018,4017,4020,4020,4025,4021,4024,4022,4034,4022,4032,4027,4034,4029,4031,4027,4034,4025,4025,4021,4035,4025,4033,4022,4025,4023,4024,4027,4026,4023,4025,4022,4026,4022,4022,4024,4026,4021,4025,4021,4022,4022,4024,4023,4028,4023,4027,4022,4022,4021,4035,4030,4027,4025,4031,4023,4027,4024,-0.27,SJNFAAZE1U0005576,117.67,13.04,8967.2421875,78,74,0,0,0,0,14.5,99.19,-147611,94,1527995179.914,0,1,0,0,0,0,0,3,0,1,386.22,386.22,7F,1,1,1,0082,57,40,40,0,0,19,0.00
03/06/2018 4:06:24,54 58.40638,-1 31.22418,291,0,374,738667,1145049,386.11,-75.920,4035,4014,4022,21,0,107.4,41.9,104.9,40.5,none,none,98.6,37.0,4035,4029,4021,4023,4025,4021,4017,4018,4021,4017,4019,4016,4019,4017,4017,4017,4018,4016,4017,4015,4018,4014,4016,4018,4017,4017,4018,4016,4017,4015,4018,4016,4019,4016,4017,4018,4019,4016,4019,4016,4020,4018,4025,4020,4025,4021,4032,4021,4033,4027,4034,4028,4031,4027,4033,4024,4023,4020,4033,4023,4032,4022,4023,4023,4025,4027,4026,4023,4024,4021,4025,4021,4021,4023,4026,4020,4025,4020,4021,4021,4021,4021,4027,4022,4027,4023,4020,4020,4034,4030,4026,4025,4030,4023,4027,4024,-0.26,SJNFAAZE1U0005576,117.67,13.04,8967.2421875,78,74,0,0,0,0,14.5,99.19,-147643,94,1527995184.165,0,1,0,0,0,0,0,3,0,1,386.21,386.21,7F,1,1,1,0082,57,40,40,0,0,19,0.00
03/06/2018 4:06:28,54 58.40638,-1 31.22418,291,0,374,739444,1145049,386.11,-75.797,4036,4014,4022,22,0,107.4,41.9,104.9,40.5,none,none,98.6,37.0,4036,4029,4022,4022,4025,4021,4018,4019,4021,4018,4019,4017,4020,4016,4017,4016,4017,4015,4017,4016,4018,4014,4018,4017,4017,4017,4017,4017,4017,4015,4017,4017,4020,4016,4017,4018,4019,4016,4018,4015,4020,4018,4025,4020,4023,4021,4033,4021,4033,4026,4034,4029,4030,4028,4034,4025,4024,4021,4034,4024,4032,4022,4024,4022,4025,4026,4026,4023,4025,4022,4027,4021,4023,4023,4025,4020,4025,4020,4022,4022,4022,4021,4028,4023,4028,4022,4021,4021,4035,4030,4028,4024,4031,4023,4027,4023,-0.28,SJNFAAZE1U0005576,117.67,13.04,8967.2421875,78,74,0,0,0,0,14.5,99.19,-147675,94,1527995188.196,0,1,1,0,13,0,0,3,0,1,386.18,386.18,7F,1,1,1,0082,57,40,40,0,0,19,0.00
03/06/2018 4:06:32,54 58.40638,-1 31.22418,291,0,375,740178,1145049,386.21,-76.103,4036,4016,4023,20,0,107.4,41.9,104.9,40.5,none,none,98.6,37.0,4036,4030,4023,4023,4026,4022,4020,4019,4022,4018,4020,4018,4021,4019,4018,4018,4019,4017,4019,4017,4019,4016,4018,4019,4018,4018,4018,4017,4018,4016,4019,4018,4022,4018,4017,4018,4020,4017,4019,4017,4021,4020,4027,4021,4025,4023,4034,4022,4032,4027,4035,4029,4031,4029,4034,4026,4025,4022,4035,4026,4032,4023,4024,4023,4026,4028,4028,4024,4025,4023,4027,4022,4023,4026,4028,4021,4026,4021,4023,4022,4023,4023,4029,4024,4028,4023,4023,4021,4034,4031,4028,4026,4031,4025,4028,4025,-0.25,SJNFAAZE1U0005576,117.67,13.04,8967.2421875,78,74,0,0,0,0,14.5,99.19,-147706,94,1527995192.380,0,1,2,0,7,0,0,3,0,1,386.22,386.22,7F,1,1,1,0082,57,40,40,0,0,19,0.00
03/06/2018 4:06:36,54 58.40638,-1 31.22418,291,0,375,740958,1145049,386.40,-77.048,4039,4017,4025,22,0,107.6,42.0,104.9,40.5,none,none,98.6,37.0,4039,4032,4024,4026,4028,4023,4021,4021,4024,4019,4021,4019,4023,4019,4020,4019,4020,4018,4019,4018,4020,4017,4019,4020,4020,4021,4020,4020,4020,4019,4021,4020,4022,4019,4019,4021,4021,4020,4022,4019,4024,4021,4028,4023,4027,4024,4035,4024,4034,4029,4036,4031,4034,4030,4036,4027,4028,4023,4037,4027,4034,4025,4026,4025,4028,4029,4029,4026,4026,4024,4028,4024,4026,4027,4029,4024,4029,4024,4024,4024,4024,4024,4031,4026,4030,4025,4024,4025,4037,4032,4030,4027,4033,4028,4031,4025,-0.25,SJNFAAZE1U0005576,117.67,13.04,8967.2421875,78,74,0,0,0,0,14.5,99.19,-147738,94,1527995196.457,0,1,0,0,0,0,0,3,0,1,386.37,386.37,7F,1,1,1,0082,57,40,40,0,0,19,0.00
03/06/2018 4:06:40,54 58.40638,-1 31.22418,291,0,375,741701,1145049,386.50,-77.018,4039,4019,4026,20,0,107.6,42.0,104.9,40.5,none,none,98.6,37.0,4039,4032,4026,4026,4028,4024,4022,4021,4026,4022,4023,4021,4024,4021,4022,4020,4021,4021,4022,4020,4022,4019,4020,4021,4021,4020,4022,4020,4021,4020,4022,4020,4024,4019,4021,4021,4022,4022,4023,4020,4025,4023,4029,4025,4029,4026,4037,4025,4036,4031,4038,4032,4035,4031,4036,4029,4028,4024,4038,4028,4035,4026,4028,4026,4028,4030,4030,4028,4027,4026,4029,4025,4026,4028,4030,4025,4031,4025,4024,4025,4026,4025,4031,4026,4031,4026,4024,4026,4037,4034,4030,4029,4033,4027,4031,4027,-0.26,SJNFAAZE1U0005576,117.67,13.04,8967.2421875,78,74,0,0,0,0,14.5,99.19,-147768,94,1527995200.445,0,1,0,0,0,0,0,3,0,1,386.47,386.47,7F,1,1,1,0082,57,40,40,0,0,19,0.00
03/06/2018 4:06:44,54 58.40638,-1 31.22418,291,0,376,742421,1145049,386.59,-76.103,4040,4019,4027,21,0,107.6,42.0,104.9,40.5,none,none,98.6,37.0,4040,4034,4026,4028,4029,4025,4023,4024,4026,4022,4023,4023,4024,4022,4021,4022,4022,4022,4021,4022,4022,4019,4021,4022,4020,4023,4022,4021,4021,4020,4022,4022,4023,4022,4021,4025,4023,4022,4022,4022,4024,4024,4029,4025,4029,4028,4037,4026,4038,4032,4038,4033,4035,4031,4038,4031,4030,4026,4038,4029,4035,4027,4028,4027,4029,4031,4031,4028,4030,4026,4031,4028,4027,4029,4029,4025,4030,4024,4026,4027,4026,4026,4032,4028,4032,4027,4026,4026,4038,4034,4031,4029,4036,4029,4032,4029,-0.25,SJNFAAZE1U0005576,117.67,13.04,8967.2421875,78,74,0,0,0,0,14.5,99.19,-147798,94,1527995204.323,0,1,1,0,6,0,0,3,0,1,386.56,386.56,7F,1,1,1,0082,57,40,40,0,0,19,0.00
03/06/2018 4:06:48,54 58.40638,-1 31.22418,291,0,376,743156,1145049,386.69,-75.431,4041,4020,4028,21,0,107.6,42.0,104.9,40.5,none,none,98.6,37.0,4041,4035,4027,4029,4030,4026,4024,4025,4027,4023,4023,4023,4026,4024,4023,4023,4023,4023,4022,4021,4023,4020,4022,4023,4022,4024,4023,4023,4022,4022,4023,4023,4024,4023,4022,4025,4024,4024,4024,4022,4026,4025,4030,4026,4029,4028,4038,4028,4038,4033,4039,4034,4037,4033,4040,4032,4030,4026,4039,4030,4037,4028,4030,4029,4030,4032,4031,4029,4031,4027,4032,4027,4028,4029,4032,4026,4031,4026,4027,4027,4027,4027,4033,4029,4033,4026,4027,4028,4039,4036,4033,4031,4036,4029,4033,4030,-0.27,SJNFAAZE1U0005576,117.67,13.04,8967.2421875,78,74,0,0,0,0,14.5,99.19,-147828,94,1527995208.364,0,1,0,0,0,0,0,3,0,1,386.65,386.65,7F,1,1,1,0082,57,40,40,0,0,19,0.00
03/06/2018 4:06:52,54 58.40638,-1 31.22418,291,0,376,743934,1145049,386.69,-75.920,4041,4020,4028,21,0,107.6,42.0,104.9,40.5,none,none,98.8,37.1,4041,4036,4027,4028,4031,4027,4025,4024,4027,4023,4025,4024,4025,4024,4023,4023,4023,4022,4022,4023,4024,4020,4023,4025,4023,4023,4023,4024,4023,4023,4023,4023,4025,4022,4021,4024,4025,4023,4024,4023,4027,4025,4030,4027,4030,4028,4039,4028,4039,4033,4040,4035,4037,4033,4041,4032,4030,4027,4040,4031,4038,4028,4029,4028,4030,4034,4032,4029,4030,4027,4032,4028,4028,4030,4031,4027,4031,4027,4028,4029,4029,4028,4034,4030,4033,4028,4027,4028,4039,4036,4033,4031,4036,4031,4033,4031,-0.27,SJNFAAZE1U0005576,117.67,13.04,8967.2421875,78,74,0,0,0,0,14.5,99.19,-147860,94,1527995212.674,0,1,0,0,0,0,0,3,0,1,386.77,386.77,7F,1,1,1,0082,57,40,40,0,0,19,0.00
03/06/2018 4:06:56,54 58.40638,-1 31.22418,291,0,377,744712,1145049,386.69,-75.798,4042,4021,4028,21,0,107.6,42.0,105.1,40.6,none,none,98.6,37.0,4042,4035,4027,4028,4031,4027,4024,4025,4027,4024,4025,4024,4025,4024,4023,4024,4023,4022,4023,4022,4024,4021,4023,4025,4022,4024,4023,4023,4022,4023,4023,4023,4026,4023,4023,4024,4024,4023,4024,4022,4025,4025,4030,4027,4030,4029,4039,4027,4039,4032,4039,4035,4038,4033,4040,4031,4030,4026,4039,4030,4038,4028,4029,4029,4030,4033,4033,4029,4031,4028,4032,4029,4027,4031,4032,4027,4031,4026,4028,4028,4028,4028,4034,4029,4034,4028,4028,4026,4040,4036,4034,4030,4037,4030,4034,4030,-0.27,SJNFAAZE1U0005576,117.67,13.04,8967.2421875,78,74,0,0,0,0,14.5,99.19,-147893,94,1527995216.955,0,1,0,0,0,0,0,3,0,1,386.83,386.83,7F,1,1,1,0082,57,40,40,0,0,19,0.00
03/06/2018 4:07:00,54 58.40638,-1 31.22418,291,0,377,745462,1145049,386.78,-74.882,4042,4022,4029,20,0,107.6,42.0,105.1,40.6,none,none,98.8,37.1,4042,4037,4028,4030,4031,4028,4025,4025,4028,4025,4025,4024,4026,4024,4024,4025,4024,4025,4023,4024,4025,4022,4023,4024,4024,4024,4024,4023,4023,4023,4024,4024,4025,4024,4023,4025,4025,4024,4025,4024,4027,4026,4032,4028,4031,4030,4040,4028,4040,4033,4040,4036,4037,4034,4041,4032,4030,4028,4040,4031,4039,4030,4031,4030,4032,4034,4033,4029,4031,4029,4034,4029,4028,4032,4033,4029,4032,4026,4029,4028,4029,4029,4034,4031,4035,4028,4028,4027,4040,4036,4034,4031,4037,4032,4034,4031,-0.29,SJNFAAZE1U0005576,117.67,13.04,8967.2421875,78,74,0,0,0,0,14.5,99.19,-147923,94,1527995220.831,0,1,1,0,7,0,0,3,0,1,386.83,386.83,7F,1,1,1,0082,57,40,40,0,0,19,0.00
03/06/2018 4:07:04,54 58.40638,-1 31.22418,291,0,378,746176,1145049,386.88,-74.668,4043,4022,4030,21,0,107.6,42.0,104.9,40.5,none,none,98.6,37.0,4043,4037,4030,4031,4033,4030,4026,4027,4028,4027,4026,4025,4027,4026,4024,4025,4025,4024,4023,4024,4025,4022,4024,4025,4024,4025,4025,4025,4025,4024,4025,4025,4027,4025,4025,4026,4025,4024,4026,4024,4028,4027,4033,4029,4033,4030,4040,4030,4041,4034,4041,4036,4039,4035,4042,4033,4032,4029,4041,4033,4039,4030,4032,4030,4033,4034,4034,4031,4033,4030,4034,4030,4030,4033,4034,4030,4033,4028,4030,4029,4029,4030,4036,4032,4035,4029,4028,4030,4042,4038,4034,4031,4038,4032,4035,4032,-0.29,SJNFAAZE1U0005576,117.67,13.04,8967.2421875,78,74,0,0,0,0,14.5,99.19,-147953,94,1527995224.754,0,1,0,0,0,0,0,3,0,1,386.91,386.91,7F,1,1,1,0082,57,40,40,0,0,19,0.00
03/06/2018 4:07:08,54 58.40638,-1 31.22418,291,0,378,746872,1145049,386.98,-75.004,4044,4022,4031,22,0,107.6,42.0,105.1,40.6,none,none,98.8,37.1,4044,4038,4030,4032,4033,4030,4027,4028,4029,4026,4027,4025,4028,4026,4025,4026,4026,4026,4025,4025,4026,4022,4025,4026,4025,4026,4026,4025,4025,4025,4025,4027,4028,4025,4025,4028,4027,4026,4027,4026,4029,4028,4033,4030,4033,4031,4041,4031,4041,4035,4041,4037,4040,4036,4042,4033,4033,4029,4042,4034,4040,4030,4033,4031,4033,4035,4035,4031,4032,4031,4034,4030,4031,4033,4034,4030,4034,4029,4030,4030,4031,4030,4037,4033,4036,4030,4030,4030,4042,4038,4036,4034,4040,4033,4035,4032,-0.28,SJNFAAZE1U0005576,117.67,13.04,8967.2421875,78,74,0,0,0,0,14.5,99.19,-147982,94,1527995228.721,0,1,0,0,0,0,0,3,0,1,386.98,386.98,7F,1,1,1,0082,57,40,40,0,0,19,0.00
03/06/2018 4:07:12,54 58.40638,-1 31.22418,291,0,378,747603,1145049,386.98,-74.424,4045,4024,4031,21,0,107.6,42.0,105.1,40.6,none,none,98.6,37.0,4045,4038,4031,4033,4035,4030,4029,4028,4031,4027,4028,4027,4030,4026,4027,4026,4026,4026,4026,4025,4027,4024,4027,4027,4026,4027,4028,4026,4026,4025,4027,4026,4029,4025,4027,4028,4029,4026,4028,4026,4030,4028,4036,4030,4034,4032,4042,4031,4042,4036,4043,4038,4040,4037,4043,4034,4034,4030,4044,4033,4041,4033,4033,4032,4035,4035,4036,4033,4033,4032,4034,4031,4032,4034,4035,4030,4034,4030,4030,4031,4032,4030,4038,4031,4037,4032,4030,4032,4043,4040,4036,4034,4040,4033,4037,4033,-0.29,SJNFAAZE1U0005576,117.67,13.04,8967.2421875,78,74,0,0,0,0,14.5,99.19,-148012,94,1527995232.694,0,1,1,0,7,0,0,3,0,1,387.03,387.03,7F,1,1,1,0082,57,40,40,0,0,19,0.00
03/06/2018 4:07:16,54 58.40638,-1 31.22418,291,0,379,748291,1145049,387.07,-75.278,4047,4024,4032,23,0,107.6,42.0,105.1,40.6,none,none,98.8,37.1,4047,4040,4031,4034,4035,4031,4029,4029,4031,4028,4029,4027,4029,4028,4027,4027,4027,4026,4026,4026,4028,4024,4027,4028,4026,4028,4027,4027,4026,4026,4028,4027,4029,4027,4026,4029,4029,4028,4028,4027,4029,4029,4036,4031,4034,4032,4042,4031,4042,4036,4044,4039,4041,4036,4044,4036,4035,4032,4044,4035,4042,4032,4035,4031,4035,4037,4036,4033,4034,4031,4036,4033,4032,4034,4036,4032,4034,4030,4032,4032,4032,4032,4038,4033,4037,4031,4031,4032,4044,4040,4037,4034,4040,4034,4037,4033,-0.32,SJNFAAZE1U0005576,117.67,13.04,8967.2421875,78,74,0,0,0,0,14.5,99.19,-148040,94,1527995236.352,0,1,1,0,7,0,0,3,0,1,387.09,387.09,7F,1,1,1,0082,57,40,40,0,0,19,0.00
03/06/2018 4:07:20,54 58.40638,-1 31.22418,291,0,379,748986,1145049,387.17,-75.004,4046,4026,4033,20,0,107.6,42.0,105.1,40.6,none,none,98.8,37.1,4046,4040,4031,4033,4035,4032,4029,4030,4031,4028,4029,4029,4031,4029,4028,4027,4027,4028,4027,4028,4028,4026,4027,4028,4027,4029,4028,4028,4027,4027,4028,4028,4030,4027,4027,4029,4029,4028,4029,4028,4030,4030,4035,4031,4034,4033,4042,4033,4043,4037,4044,4039,4041,4038,4044,4036,4034,4032,4044,4036,4042,4033,4035,4033,4034,4037,4036,4034,4035,4032,4036,4032,4033,4035,4036,4031,4036,4030,4032,4033,4033,4032,4038,4034,4037,4033,4032,4032,4045,4039,4038,4035,4041,4034,4038,4035,-0.28,SJNFAAZE1U0005576,117.67,13.04,8967.2421875,78,74,0,0,0,0,14.5,99.19,-148069,94,1527995240.092,0,1,0,0,0,0,0,3,0,1,387.09,387.09,7F,1,1,1,0082,57,40,40,0,0,19,0.00
03/06/2018 4:07:23,54 58.40638,-1 31.22418,291,0,379,749663,1145049,387.17,-75.126,4047,4025,4033,22,0,107.9,42.1,105.1,40.6,none,none,98.8,37.1,4047,4041,4032,4033,4035,4031,4029,4030,4031,4029,4029,4028,4030,4027,4027,4028,4029,4026,4027,4027,4028,4025,4028,4029,4028,4028,4027,4027,4026,4026,4028,4028,4030,4028,4026,4029,4029,4027,4028,4028,4030,4030,4035,4032,4036,4032,4044,4032,4043,4037,4044,4039,4041,4037,4044,4036,4034,4031,4044,4036,4043,4032,4034,4034,4035,4036,4037,4034,4035,4031,4036,4031,4032,4035,4036,4031,4036,4030,4032,4032,4034,4033,4038,4033,4038,4033,4031,4032,4044,4040,4038,4035,4041,4036,4038,4036,-0.30,SJNFAAZE1U0005576,117.67,13.04,8967.2421875,78,74,0,0,0,0,14.5,99.19,-148097,94,1527995243.706,0,1,0,0,0,0,0,3,0,1,387.13,387.13,7F,1,1,1,0082,57,40,40,0,0,19,0.00
03/06/2018 4:07:27,54 58.40638,-1 31.22418,291,0,380,750280,1145049,387.17,-75.156,4047,4026,4033,21,0,107.9,42.1,105.3,40.8,none,none,99.0,37.2,4047,4039,4033,4034,4035,4032,4029,4029,4032,4029,4029,4028,4030,4028,4028,4028,4028,4026,4027,4028,4028,4026,4027,4029,4027,4028,4028,4027,4028,4027,4028,4028,4029,4028,4027,4029,4029,4028,4029,4027,4031,4029,4036,4032,4035,4033,4044,4032,4043,4037,4044,4040,4041,4037,4045,4036,4035,4032,4045,4035,4041,4033,4033,4032,4035,4037,4036,4034,4036,4031,4037,4033,4033,4036,4036,4032,4035,4030,4032,4032,4033,4033,4039,4034,4039,4032,4033,4032,4046,4042,4038,4035,4042,4035,4038,4035,-0.29,SJNFAAZE1U0005576,117.67,13.04,8967.2421875,78,74,0,0,0,0,14.5,99.19,-148122,94,1527995247.054,0,1,1,0,6,0,0,3,0,1,387.15,387.15,7F,1,1,1,0082,57,40,40,0,0,19,0.00
03/06/2018 4:07:30,54 58.40638,-1 31.22418,291,0,380,750893,1145049,387.17,-74.363,4047,4026,4033,21,0,107.9,42.1,105.3,40.8,none,none,99.0,37.2,4047,4041,4033,4034,4036,4032,4029,4030,4032,4030,4029,4028,4030,4028,4029,4028,4028,4027,4028,4027,4029,4026,4028,4030,4027,4028,4029,4027,4027,4028,4028,4029,4030,4028,4027,4030,4029,4029,4028,4027,4031,4029,4036,4032,4035,4033,4043,4033,4043,4037,4044,4040,4042,4038,4045,4037,4035,4033,4044,4035,4042,4034,4035,4033,4035,4037,4036,4033,4036,4031,4037,4033,4032,4035,4036,4032,4036,4031,4034,4032,4033,4032,4039,4034,4038,4033,4032,4032,4046,4040,4038,4035,4042,4034,4038,4035,-0.29,SJNFAAZE1U0005576,117.67,13.04,8967.2421875,78,74,0,0,0,0,14.5,99.19,-148147,94,1527995250.497,0,1,1,0,8,0,0,3,0,1,387.17,387.17,7F,1,1,1,0082,57,40,40,0,0,19,0.00
03/06/2018 4:07:34,54 58.40638,-1 31.22418,291,0,380,751525,1145049,387.17,-75.126,4048,4026,4033,22,0,107.9,42.1,105.3,40.8,none,none,99.0,37.2,4048,4041,4033,4033,4036,4032,4029,4031,4032,4029,4030,4030,4030,4030,4028,4029,4028,4028,4028,4028,4030,4026,4028,4030,4028,4029,4029,4029,4029,4028,4028,4030,4032,4029,4028,4031,4029,4029,4030,4028,4032,4032,4036,4033,4036,4034,4044,4034,4044,4037,4044,4039,4042,4039,4045,4036,4035,4032,4045,4037,4043,4034,4036,4034,4036,4037,4037,4035,4037,4033,4038,4033,4034,4036,4037,4033,4036,4031,4033,4033,4035,4033,4039,4034,4038,4033,4032,4032,4045,4040,4038,4035,4042,4036,4039,4035,-0.26,SJNFAAZE1U0005576,117.67,13.04,8967.2421875,78,74,0,0,0,0,14.5,99.19,-148173,94,1527995254.058,0,1,0,0,0,0,0,3,0,1,387.24,387.24,7F,1,1,1,0082,57,40,40,0,0,19,0.00
03/06/2018 4:07:37,54 58.40638,-1 31.22418,291,0,381,752140,1145049,387.26,-74.943,4049,4026,4034,23,0,107.6,42.0,105.1,40.6,none,none,99.0,37.2,4049,4042,4034,4035,4037,4033,4031,4031,4033,4029,4030,4029,4032,4030,4029,4029,4029,4029,4029,4029,4030,4026,4028,4030,4028,4031,4029,4029,4028,4028,4029,4029,4032,4029,4028,4030,4030,4028,4032,4030,4032,4030,4037,4032,4036,4034,4045,4033,4045,4038,4045,4041,4043,4039,4047,4037,4036,4034,4045,4036,4044,4035,4036,4035,4037,4039,4037,4035,4037,4034,4038,4033,4034,4036,4037,4033,4037,4032,4034,4034,4035,4034,4040,4035,4040,4035,4034,4033,4045,4041,4040,4035,4043,4036,4039,4036,-0.27,SJNFAAZE1U0005576,117.67,13.04,8967.2421875,78,74,0,0,0,0,14.5,99.19,-148199,94,1527995257.560,0,1,0,0,0,0,0,3,0,1,387.28,387.28,7F,1,1,1,0082,57,40,40,0,0,19,0.00
03/06/2018 4:07:41,54 58.40638,-1 31.22418,291,0,381,752825,1145049,387.36,-74.272,4047,4027,4035,20,0,107.9,42.1,105.3,40.8,none,none,98.8,37.1,4047,4042,4034,4035,4038,4034,4031,4031,4034,4031,4031,4030,4032,4030,4031,4031,4029,4028,4029,4029,4030,4027,4029,4031,4029,4030,4030,4030,4029,4029,4030,4030,4033,4029,4028,4030,4031,4029,4031,4029,4033,4031,4037,4033,4036,4035,4045,4034,4045,4040,4046,4041,4043,4039,4047,4038,4035,4034,4045,4036,4045,4035,4037,4035,4038,4039,4038,4036,4036,4035,4038,4034,4036,4037,4039,4034,4037,4034,4035,4035,4035,4034,4039,4036,4040,4035,4032,4034,4047,4042,4041,4037,4043,4036,4039,4037,-0.30,SJNFAAZE1U0005576,117.67,13.04,8967.2421875,78,74,0,0,0,0,14.5,99.19,-148227,94,1527995261.485,0,1,1,0,0,0,0,3,0,1,387.32,387.32,7F,1,1,1,0082,57,40,40,0,0,19,0.00
03/06/2018 4:07:45,54 58.40638,-1 31.22418,291,0,381,753504,1145049,387.36,-74.057,4049,4028,4035,21,0,107.9,42.1,105.3,40.8,none,none,99.0,37.2,4049,4043,4034,4036,4038,4034,4031,4032,4034,4031,4032,4030,4033,4030,4031,4030,4030,4029,4029,4029,4030,4028,4030,4031,4030,4031,4030,4031,4030,4029,4030,4031,4032,4029,4029,4032,4032,4031,4032,4031,4033,4032,4039,4033,4038,4036,4046,4035,4045,4040,4046,4042,4044,4040,4047,4038,4037,4034,4047,4037,4046,4037,4037,4036,4037,4040,4039,4037,4037,4035,4039,4034,4036,4037,4038,4034,4038,4034,4036,4035,4035,4034,4041,4037,4041,4035,4034,4035,4047,4044,4040,4038,4044,4038,4041,4037,-0.25,SJNFAAZE1U0005576,117.67,13.04,8967.2421875,78,74,0,0,0,0,14.5,99.19,-148255,94,1527995265.173,0,1,1,0,7,0,0,3,0,1,387.38,387.38,7F,1,1,1,0082,57,40,40,0,0,19,0.00
03/06/2018 4:07:48,54 58.40638,-1 31.22418,291,0,382,754153,1145049,387.46,-74.851,4049,4027,4036,22,0,107.9,42.1,105.3,40.8,none,none,98.8,37.1,4049,4043,4036,4037,4038,4036,4032,4033,4036,4032,4032,4032,4035,4032,4031,4031,4031,4030,4030,4030,4032,4027,4030,4031,4031,4032,4032,4031,4031,4030,4032,4032,4033,4031,4031,4034,4032,4032,4032,4031,4034,4033,4039,4035,4039,4036,4047,4035,4047,4041,4047,4043,4044,4040,4049,4039,4037,4035,4048,4038,4045,4037,4038,4036,4038,4040,4039,4036,4038,4035,4039,4036,4035,4038,4039,4036,4038,4034,4036,4036,4037,4036,4042,4036,4042,4035,4036,4035,4047,4043,4041,4037,4044,4039,4042,4038,-0.28,SJNFAAZE1U0005576,117.67,13.04,8967.2421875,78,74,0,0,0,0,14.5,99.19,-148282,94,1527995268.688,0,1,0,0,0,0,0,3,0,1,387.49,387.49,7F,1,1,1,0082,57,40,40,0,0,19,0.00
03/06/2018 4:07:52,54 58.40638,-1 31.22418,291,0,382,754786,1145049,387.55,-74.516,4050,4030,4037,20,0,107.9,42.1,105.3,40.8,none,none,98.8,37.1,4050,4044,4036,4037,4039,4035,4032,4033,4035,4032,4033,4033,4034,4032,4032,4033,4032,4031,4032,4031,4032,4030,4031,4033,4031,4033,4032,4032,4032,4030,4032,4032,4033,4031,4032,4034,4033,4032,4033,4033,4036,4034,4040,4035,4040,4037,4048,4036,4048,4041,4048,4043,4045,4041,4049,4039,4038,4035,4048,4038,4046,4037,4039,4038,4039,4042,4040,4036,4039,4036,4041,4037,4035,4039,4039,4036,4039,4034,4037,4035,4037,4036,4042,4039,4042,4036,4036,4035,4048,4045,4041,4039,4046,4040,4043,4038,-0.29,SJNFAAZE1U0005576,117.67,13.04,8967.2421875,78,74,0,0,0,0,14.5,99.19,-148308,94,1527995272.360,0,1,0,0,0,0,0,3,0,1,387.56,387.56,7F,1,1,1,0082,57,40,40,0,0,19,0.00
03/06/2018 4:07:55,54 58.40638,-1 31.22418,291,0,382,755418,1145049,387.55,-73.325,4051,4029,4037,22,0,108.1,42.3,105.3,40.8,none,none,99.0,37.2,4051,4045,4037,4037,4041,4035,4035,4034,4037,4033,4034,4033,4035,4033,4034,4032,4034,4032,4032,4031,4034,4029,4031,4033,4032,4033,4033,4032,4032,4032,4033,4032,4036,4032,4033,4033,4035,4031,4034,4032,4037,4034,4040,4035,4039,4037,4049,4037,4048,4041,4049,4043,4047,4043,4049,4041,4038,4036,4050,4039,4047,4037,4038,4037,4040,4041,4042,4038,4040,4037,4041,4036,4037,4039,4041,4036,4040,4036,4037,4037,4037,4036,4043,4038,4042,4037,4036,4036,4049,4046,4042,4039,4046,4039,4044,4039,-0.29,SJNFAAZE1U0005576,117.67,13.04,8967.2421875,78,74,0,0,0,0,14.5,99.19,-148334,94,1527995275.698,0,1,0,0,0,0,0,3,0,1,387.66,387.66,7F,1,1,1,0082,57,40,40,0,0,19,0.00
03/06/2018 4:07:59,54 58.40638,-1 31.22418,291,0,383,756114,1145049,387.65,-72.929,4051,4030,4038,21,0,107.9,42.1,105.3,40.8,none,none,99.0,37.2,4051,4045,4038,4038,4041,4036,4035,4034,4038,4034,4035,4034,4036,4033,4033,4033,4033,4033,4035,4032,4035,4030,4034,4034,4033,4033,4034,4032,4033,4033,4035,4033,4036,4032,4034,4034,4035,4033,4036,4033,4037,4035,4041,4036,4041,4039,4050,4037,4047,4043,4050,4044,4047,4043,4049,4041,4039,4037,4050,4040,4047,4037,4039,4038,4041,4043,4043,4038,4040,4038,4043,4037,4038,4039,4043,4037,4042,4036,4038,4038,4038,4037,4045,4039,4043,4038,4037,4037,4050,4046,4042,4040,4046,4039,4044,4040,-0.30,SJNFAAZE1U0005576,117.67,13.04,8967.2421875,78,74,0,0,0,0,14.5,99.19,-148363,94,1527995279.623,0,1,1,0,7,0,0,3,0,1,387.71,387.71,7F,1,1,1,0082,57,40,40,0,0,19,0.00
03/06/2018 4:08:03,54 58.40638,-1 31.22418,291,0,383,756744,1145049,387.84,-73.905,4053,4032,4040,21,0,108.1,42.3,105.3,40.8,none,none,99.0,37.2,4053,4047,4040,4040,4043,4039,4037,4037,4038,4035,4038,4036,4038,4034,4035,4036,4036,4035,4035,4034,4036,4032,4035,4036,4035,4035,4036,4035,4035,4034,4036,4035,4039,4035,4035,4037,4037,4034,4036,4034,4039,4037,4043,4038,4042,4040,4050,4039,4050,4044,4051,4046,4050,4045,4052,4044,4042,4039,4052,4043,4049,4040,4041,4040,4043,4045,4044,4040,4041,4039,4043,4038,4039,4042,4044,4039,4042,4039,4039,4040,4040,4040,4046,4041,4045,4041,4039,4039,4052,4049,4044,4042,4048,4042,4046,4041,-0.27,SJNFAAZE1U0005576,117.67,13.04,8967.2421875,78,74,0,0,0,0,14.5,99.19,-148388,94,1527995283.479,0,1,0,0,0,0,0,3,0,1,387.90,387.90,7F,1,1,1,0082,57,40,40,0,0,19,0.00
03/06/2018 4:08:07,54 58.40638,-1 31.22418,291,0,383,757465,1145049,387.94,-73.966,4054,4033,4041,21,0,107.9,42.1,105.3,40.8,none,none,99.0,37.2,4054,4048,4041,4041,4044,4040,4038,4038,4040,4036,4038,4037,4039,4036,4037,4036,4036,4036,4036,4035,4038,4033,4037,4037,4035,4037,4037,4036,4037,4036,4037,4036,4039,4036,4036,4038,4039,4036,4037,4036,4040,4038,4044,4040,4044,4041,4052,4041,4050,4045,4053,4047,4049,4046,4052,4044,4043,4040,4054,4043,4050,4041,4042,4040,4043,4046,4045,4043,4043,4041,4044,4041,4041,4043,4045,4040,4043,4040,4041,4040,4041,4040,4046,4043,4046,4041,4038,4041,4053,4049,4046,4044,4049,4043,4046,4043,-0.27,SJNFAAZE1U0005576,117.67,13.04,8967.2421875,78,74,0,0,0,0,14.5,99.19,-148418,94,1527995287.344,0,1,0,0,0,0,0,3,0,1,387.97,387.97,7F,1,1,1,0082,57,40,40,0,0,19,0.00
03/06/2018 4:08:11,54 58.40638,-1 31.22418,291,0,384,758165,1145049,387.94,-72.745,4053,4033,4041,20,0,108.1,42.3,105.3,40.8,none,none,99.0,37.2,4053,4048,4040,4042,4045,4040,4037,4038,4041,4037,4038,4035,4038,4036,4036,4035,4037,4035,4036,4035,4036,4033,4036,4036,4035,4037,4037,4035,4037,4035,4036,4035,4038,4036,4035,4037,4038,4036,4039,4035,4039,4036,4045,4040,4044,4042,4052,4041,4051,4045,4053,4048,4051,4047,4052,4044,4043,4040,4053,4043,4051,4043,4043,4041,4044,4045,4045,4040,4043,4040,4045,4040,4041,4044,4045,4040,4044,4040,4040,4040,4041,4040,4046,4042,4046,4041,4040,4041,4052,4049,4045,4043,4049,4043,4046,4042,-0.28,SJNFAAZE1U0005576,117.67,13.04,8967.2421875,78,74,0,0,0,0,14.5,99.19,-148447,93,1527995291.177,0,1,2,0,0,0,0,3,0,1,387.97,387.97,7F,1,1,1,0082,57,40,40,0,0,19,0.00
03/06/2018 4:08:14,54 58.40638,-1 31.22418,291,0,384,758805,1145049,387.94,-72.837,4054,4033,4041,21,0,108.1,42.3,105.3,40.8,none,none,99.0,37.2,4054,4048,4041,4043,4045,4040,4038,4038,4040,4037,4038,4037,4039,4037,4037,4036,4038,4037,4037,4035,4037,4033,4037,4036,4037,4037,4037,4036,4037,4036,4037,4036,4039,4035,4036,4038,4038,4037,4038,4036,4040,4038,4045,4039,4043,4042,4052,4041,4052,4046,4053,4048,4051,4046,4053,4045,4044,4040,4053,4044,4051,4041,4042,4041,4044,4046,4046,4043,4043,4041,4045,4040,4041,4043,4045,4040,4045,4040,4040,4041,4042,4040,4047,4042,4046,4042,4039,4041,4053,4049,4046,4043,4050,4042,4047,4042,-0.27,SJNFAAZE1U0005576,117.67,13.04,8967.2421875,78,74,0,0,0,0,14.5,99.19,-148473,93,1527995294.756,0,1,1,0,7,0,0,3,0,1,387.99,387.99,7F,1,1,1,0082,57,40,40,0,0,19,0.00
03/06/2018 4:08:18,54 58.40638,-1 31.22418,291,0,384,759443,1145049,388.03,-74.088,4056,4034,4042,22,0,108.1,42.3,105.3,40.8,none,none,99.0,37.2,4056,4049,4040,4043,4045,4041,4038,4039,4040,4038,4038,4037,4039,4037,4037,4037,4036,4037,4037,4036,4037,4034,4036,4037,4035,4037,4037,4037,4036,4035,4037,4037,4039,4037,4037,4038,4038,4036,4039,4037,4040,4038,4044,4041,4044,4042,4052,4042,4052,4046,4053,4048,4051,4047,4053,4045,4043,4041,4053,4044,4051,4043,4044,4042,4044,4046,4045,4041,4045,4041,4046,4041,4042,4043,4045,4041,4043,4040,4041,4042,4042,4041,4048,4042,4047,4043,4041,4041,4053,4050,4047,4043,4050,4044,4046,4044,-0.29,SJNFAAZE1U0005576,117.67,13.04,8967.2421875,78,74,0,0,0,0,14.5,99.19,-148500,93,1527995298.422,0,1,0,0,0,0,0,3,0,1,387.98,387.98,7F,1,1,1,0082,57,40,40,0,0,19,0.00
03/06/2018 4:08:21,54 58.40638,-1 31.22418,291,0,385,760102,1145049,387.94,-73.783,4056,4033,4041,23,0,108.1,42.3,105.6,40.9,none,none,99.0,37.2,4056,4049,4041,4043,4045,4040,4038,4038,4040,4038,4037,4037,4040,4037,4037,4036,4037,4037,4036,4035,4037,4033,4036,4037,4035,4038,4036,4037,4036,4036,4037,4036,4039,4036,4035,4038,4037,4037,4038,4036,4039,4038,4044,4041,4044,4042,4051,4042,4052,4045,4052,4048,4049,4046,4053,4045,4043,4040,4053,4043,4051,4043,4043,4042,4043,4046,4045,4041,4044,4042,4045,4041,4040,4043,4045,4040,4043,4040,4041,4042,4042,4040,4047,4043,4048,4042,4040,4041,4053,4049,4047,4042,4050,4044,4046,4043,-0.29,SJNFAAZE1U0005576,117.67,13.04,8967.2421875,78,74,0,0,0,0,14.5,99.19,-148527,93,1527995301.987,0,1,0,0,0,0,0,3,0,1,388.04,388.04,7F,1,1,1,0082,57,40,40,0,0,19,0.00
03/06/2018 4:08:25,54 58.40638,-1 31.22418,291,0,385,760708,1145049,388.03,-71.982,4056,4035,4042,21,0,108.1,42.3,105.6,40.9,none,none,99.0,37.2,4056,4049,4043,4042,4046,4041,4038,4038,4041,4038,4039,4036,4040,4037,4039,4037,4039,4036,4038,4036,4038,4035,4036,4037,4037,4037,4038,4036,4038,4036,4038,4038,4040,4036,4037,4038,4039,4037,4039,4036,4041,4039,4045,4040,4046,4043,4054,4042,4052,4046,4054,4048,4050,4047,4054,4045,4043,4041,4054,4044,4052,4042,4044,4042,4045,4046,4046,4043,4045,4042,4046,4041,4042,4044,4046,4040,4045,4041,4041,4042,4043,4043,4048,4043,4047,4042,4042,4040,4053,4050,4048,4044,4051,4044,4047,4044,-0.30,SJNFAAZE1U0005576,117.67,13.04,8967.2421875,78,74,0,0,0,0,14.5,99.19,-148552,93,1527995305.409,0,1,0,0,0,0,0,3,0,1,388.11,388.11,7F,1,1,1,0082,57,40,40,0,0,19,0.00
03/06/2018 4:08:28,54 58.40638,-1 31.22418,291,0,385,761326,1145049,388.13,-71.708,4057,4036,4043,21,0,108.1,42.3,105.6,40.9,none,none,99.2,37.3,4057,4050,4042,4044,4046,4042,4041,4040,4043,4039,4040,4040,4041,4039,4038,4038,4040,4038,4038,4036,4040,4036,4038,4039,4039,4038,4038,4037,4038,4037,4039,4039,4042,4038,4038,4040,4040,4037,4041,4038,4042,4040,4048,4041,4046,4044,4055,4042,4053,4048,4055,4049,4052,4049,4055,4046,4045,4042,4054,4046,4053,4044,4044,4042,4046,4048,4048,4043,4045,4042,4047,4042,4042,4045,4047,4041,4046,4042,4042,4042,4043,4042,4049,4044,4048,4043,4041,4042,4055,4052,4048,4045,4052,4046,4048,4045,-0.28,SJNFAAZE1U0005576,117.67,13.04,8967.2421875,78,74,0,0,0,0,14.5,99.19,-148577,93,1527995308.952,0,1,1,0,7,0,0,3,0,1,388.23,388.23,7F,1,1,1,0082,57,40,40,0,0,19,0.00
03/06/2018 4:08:32,54 58.40638,-1 31.22418,291,0,386,761963,1145049,388.32,-72.898,4058,4037,4045,21,0,108.1,42.3,105.6,40.9,none,none,99.2,37.3,4058,4052,4045,4045,4048,4044,4042,4041,4045,4041,4042,4040,4043,4041,4041,4040,4040,4039,4040,4039,4040,4037,4039,4041,4040,4040,4041,4039,4040,4040,4041,4040,4043,4040,4040,4042,4041,4041,4041,4040,4043,4041,4048,4043,4047,4044,4056,4044,4054,4048,4057,4051,4053,4050,4057,4047,4046,4043,4057,4047,4055,4046,4047,4045,4047,4048,4048,4046,4047,4045,4049,4044,4045,4047,4048,4044,4048,4043,4044,4044,4045,4045,4052,4046,4049,4045,4043,4043,4056,4053,4049,4048,4053,4047,4051,4047,-0.29,SJNFAAZE1U0005576,117.67,13.04,8967.2421875,78,74,0,0,0,0,14.5,99.19,-148604,93,1527995312.510,0,1,0,0,0,0,0,3,0,1,388.35,388.35,7F,1,1,1,0082,57,40,40,0,0,19,0.00
03/06/2018 4:08:36,54 58.40638,-1 31.22418,291,0,386,762568,1145049,388.32,-73.325,4058,4038,4045,20,0,108.1,42.3,105.6,40.9,none,none,99.2,37.3,4058,4053,4045,4046,4049,4044,4042,4042,4044,4041,4042,4040,4044,4041,4041,4040,4041,4039,4040,4040,4042,4038,4040,4040,4040,4041,4040,4040,4040,4039,4040,4040,4043,4039,4041,4042,4042,4040,4042,4038,4043,4042,4048,4044,4048,4045,4057,4045,4055,4049,4056,4051,4054,4050,4057,4047,4048,4044,4056,4047,4054,4045,4046,4045,4048,4050,4049,4047,4046,4044,4047,4045,4046,4047,4049,4043,4048,4043,4045,4045,4046,4043,4051,4045,4050,4046,4044,4044,4056,4053,4049,4048,4053,4047,4050,4046,-0.30,SJNFAAZE1U0005576,117.67,13.04,8967.2421875,78,74,0,0,0,0,14.5,99.19,-148629,93,1527995316.267,0,1,0,0,0,0,0,3,0,1,388.31,388.31,7F,1,1,1,0082,57,40,40,0,0,19,0.00
03/06/2018 4:08:40,54 58.40638,-1 31.22418,291,0,386,763279,1145049,388.32,-73.051,4058,4037,4045,21,0,108.4,42.4,105.6,40.9,none,none,99.2,37.3,4058,4052,4045,4045,4048,4043,4042,4041,4043,4041,4042,4041,4043,4040,4040,4040,4042,4038,4040,4039,4042,4037,4040,4040,4040,4041,4040,4038,4040,4040,4041,4040,4043,4040,4041,4041,4042,4039,4042,4039,4044,4041,4049,4043,4048,4044,4056,4044,4054,4048,4056,4051,4053,4049,4056,4047,4046,4043,4057,4046,4054,4045,4046,4046,4048,4048,4050,4045,4047,4044,4049,4044,4045,4047,4049,4044,4047,4043,4045,4046,4045,4045,4051,4045,4049,4045,4043,4044,4056,4053,4050,4047,4053,4046,4050,4047,-0.29,SJNFAAZE1U0005576,117.67,13.04,8967.2421875,78,74,0,0,0,0,14.5,99.19,-148658,93,1527995320.004,0,1,0,0,0,0,0,3,0,1,388.33,388.33,7F,1,1,1,0082,57,40,40,0,0,19,0.00
03/06/2018 4:08:43,54 58.40638,-1 31.22418,291,0,387,763928,1145049,388.32,-72.685,4059,4037,4045,22,0,108.1,42.3,105.6,40.9,none,none,99.0,37.2,4059,4052,4045,4046,4048,4044,4043,4041,4044,4041,4043,4040,4044,4040,4040,4041,4041,4040,4040,4039,4042,4037,4040,4041,4041,4041,4041,4040,4041,4040,4040,4040,4043,4039,4040,4041,4043,4041,4042,4039,4045,4042,4048,4045,4048,4046,4057,4044,4055,4050,4056,4051,4054,4050,4057,4048,4046,4044,4057,4047,4055,4046,4046,4045,4048,4049,4050,4045,4047,4045,4049,4045,4044,4047,4049,4044,4048,4044,4044,4045,4046,4045,4051,4046,4049,4046,4044,4043,4056,4053,4050,4047,4054,4047,4050,4046,-0.29,SJNFAAZE1U0005576,117.67,13.04,8967.2421875,78,74,0,0,0,0,14.5,99.19,-148685,93,1527995323.863,0,1,1,0,7,0,0,3,0,1,388.38,388.38,7F,1,1,1,0082,57,40,40,0,0,19,0.00
03/06/2018 4:08:47,54 58.40638,-1 31.22418,291,0,387,764594,1145049,388.42,-72.104,4059,4039,4046,20,0,108.1,42.3,105.6,40.9,none,none,99.2,37.3,4059,4053,4046,4045,4049,4044,4043,4043,4045,4042,4043,4040,4045,4042,4041,4041,4041,4040,4041,4041,4042,4039,4041,4041,4041,4042,4042,4041,4042,4040,4042,4040,4044,4041,4041,4042,4042,4041,4043,4040,4045,4042,4050,4044,4048,4046,4056,4045,4055,4050,4057,4052,4055,4051,4057,4049,4046,4044,4057,4048,4056,4047,4047,4046,4047,4050,4050,4047,4048,4045,4049,4045,4046,4047,4049,4044,4048,4045,4045,4045,4046,4045,4052,4046,4051,4045,4045,4043,4058,4054,4051,4048,4055,4048,4052,4046,-0.25,SJNFAAZE1U0005576,117.67,13.04,8967.2421875,78,74,0,0,0,0,14.5,99.19,-148712,93,1527995327.558,0,1,0,0,0,0,0,3,0,1,388.44,388.44,7F,1,1,1,0082,57,40,40,0,0,19,0.00
03/06/2018 4:08:51,54 58.40638,-1 31.22418,291,0,387,765228,1145049,388.51,-71.799,4060,4040,4047,20,0,108.4,42.4,105.6,40.9,none,none,99.2,37.3,4060,4054,4046,4046,4050,4045,4043,4042,4046,4044,4044,4042,4045,4042,4042,4042,4042,4041,4042,4041,4045,4040,4042,4042,4041,4041,4042,4040,4042,4041,4043,4041,4045,4041,4042,4043,4043,4042,4043,4041,4045,4043,4050,4044,4049,4046,4058,4046,4057,4050,4059,4053,4055,4051,4059,4050,4047,4046,4060,4048,4056,4047,4047,4047,4049,4051,4051,4046,4049,4046,4051,4046,4046,4048,4050,4045,4049,4045,4046,4046,4046,4046,4053,4048,4053,4047,4045,4045,4059,4055,4052,4048,4056,4049,4053,4049,-0.28,SJNFAAZE1U0005576,117.67,13.04,8967.2421875,78,74,0,0,0,0,14.5,99.19,-148738,93,1527995331.179,0,1,0,0,0,0,0,3,0,1,388.57,388.57,7F,1,1,1,0082,57,40,40,0,0,19,0.00
03/06/2018 4:08:55,54 58.40638,-1 31.22418,291,0,388,765879,1145049,388.61,-71.708,4061,4041,4048,20,0,108.4,42.4,105.6,40.9,none,none,99.2,37.3,4061,4056,4047,4048,4051,4046,4044,4045,4046,4043,4044,4044,4046,4044,4043,4043,4043,4043,4042,4044,4044,4041,4042,4044,4042,4044,4043,4043,4043,4044,4044,4044,4045,4043,4043,4045,4044,4043,4045,4042,4047,4045,4051,4048,4050,4047,4059,4049,4057,4052,4059,4054,4056,4053,4059,4051,4050,4047,4059,4051,4057,4047,4048,4048,4050,4053,4052,4049,4050,4047,4050,4047,4047,4050,4051,4046,4049,4046,4047,4047,4047,4048,4053,4049,4053,4048,4046,4046,4059,4056,4052,4050,4056,4050,4052,4049,-0.28,SJNFAAZE1U0005576,117.67,13.04,8967.2421875,78,74,0,0,0,0,14.5,99.19,-148765,93,1527995335.112,0,1,0,0,0,0,0,3,0,1,388.67,388.67,7F,1,1,1,0082,57,40,40,0,0,19,0.00
03/06/2018 4:08:59,54 58.40638,-1 31.22418,291,0,388,766609,1145049,388.61,-70.762,4061,4042,4048,19,0,108.1,42.3,105.6,40.9,none,none,99.2,37.3,4061,4056,4048,4050,4051,4047,4045,4045,4048,4044,4045,4045,4046,4045,4045,4043,4044,4043,4045,4044,4045,4042,4044,4045,4043,4045,4044,4043,4044,4043,4044,4044,4046,4044,4042,4046,4045,4044,4046,4043,4047,4045,4052,4047,4052,4049,4059,4048,4058,4053,4060,4054,4057,4053,4061,4052,4050,4047,4060,4051,4056,4047,4050,4049,4051,4053,4052,4049,4050,4048,4052,4047,4048,4051,4052,4048,4050,4046,4048,4047,4047,4048,4054,4050,4053,4048,4047,4047,4060,4056,4053,4051,4057,4051,4054,4050,-0.30,SJNFAAZE1U0005576,117.67,13.04,8967.2421875,78,74,0,0,0,0,14.5,99.19,-148795,93,1527995339.289,0,1,1,0,7,0,0,3,0,1,388.72,388.72,7F,1,1,1,0082,57,40,40,0,0,19,0.00
03/06/2018 4:09:02,54 58.40638,-1 31.22418,291,0,388,767276,1145049,388.80,-71.952,4063,4044,4050,19,0,108.4,42.4,105.6,40.9,none,none,99.2,37.3,4063,4059,4050,4051,4053,4050,4046,4047,4050,4047,4046,4046,4047,4046,4046,4046,4046,4046,4045,4045,4046,4044,4044,4046,4045,4046,4045,4045,4044,4045,4046,4045,4048,4046,4045,4048,4047,4045,4047,4045,4049,4048,4053,4049,4053,4051,4061,4051,4059,4056,4062,4056,4058,4054,4062,4054,4052,4049,4062,4053,4058,4051,4051,4051,4052,4055,4054,4050,4051,4050,4054,4050,4050,4052,4053,4049,4053,4048,4050,4049,4050,4050,4055,4052,4055,4050,4049,4050,4061,4058,4055,4053,4058,4053,4055,4052,-0.29,SJNFAAZE1U0005576,117.67,13.04,8967.2421875,78,74,0,0,0,0,14.5,99.19,-148823,93,1527995342.820,0,1,0,0,0,0,0,3,0,1,388.82,388.82,7F,1,1,1,0082,57,40,40,0,0,19,0.00
03/06/2018 4:09:06,54 58.40638,-1 31.22418,291,0,389,767909,1145049,388.90,-72.715,4064,4044,4051,20,0,108.4,42.4,105.8,41.0,none,none,99.2,37.3,4064,4058,4050,4051,4054,4049,4048,4047,4049,4046,4048,4047,4049,4047,4046,4046,4046,4046,4045,4045,4047,4044,4045,4046,4045,4046,4046,4046,4045,4045,4047,4045,4048,4045,4046,4047,4048,4045,4049,4046,4048,4048,4054,4049,4053,4051,4062,4050,4061,4055,4062,4057,4059,4056,4061,4053,4052,4050,4062,4053,4060,4051,4052,4050,4052,4054,4055,4052,4053,4049,4053,4050,4050,4052,4054,4049,4053,4049,4050,4050,4051,4049,4057,4052,4056,4052,4049,4051,4062,4058,4054,4052,4059,4053,4056,4052,-0.32,SJNFAAZE1U0005576,117.67,13.04,8967.2421875,78,74,0,0,0,0,14.5,99.19,-148849,93,1527995346.496,0,1,0,0,0,0,0,3,0,1,388.88,388.88,7F,1,1,1,0082,57,40,40,0,0,19,0.00
03/06/2018 4:09:10,54 58.40638,-1 31.22418,291,0,389,768541,1145049,388.80,-72.471,4064,4043,4050,21,0,108.4,42.4,105.8,41.0,none,none,99.4,37.4,4064,4057,4050,4050,4053,4048,4048,4047,4050,4046,4047,4046,4049,4046,4046,4045,4046,4045,4046,4046,4047,4043,4045,4046,4046,4047,4047,4045,4046,4045,4047,4045,4049,4045,4045,4047,4048,4045,4048,4045,4049,4047,4053,4049,4053,4051,4062,4050,4061,4055,4062,4057,4060,4054,4062,4053,4052,4049,4062,4053,4060,4051,4052,4050,4054,4055,4054,4051,4052,4051,4053,4050,4050,4052,4054,4049,4053,4049,4050,4050,4050,4050,4056,4051,4055,4051,4049,4050,4062,4059,4055,4052,4059,4052,4056,4052,-0.32,SJNFAAZE1U0005576,117.67,13.04,8967.2421875,78,74,0,0,0,0,14.5,99.19,-148875,93,1527995350.054,0,1,0,0,0,0,0,3,0,1,388.85,388.85,7F,1,1,1,0082,57,40,40,0,0,19,0.00
03/06/2018 4:09:13,54 58.40638,-1 31.22418,291,0,389,769147,1145049,388.80,-72.257,4064,4043,4050,21,0,108.4,42.4,105.8,41.0,none,none,99.2,37.3,4064,4058,4051,4051,4055,4049,4047,4047,4050,4046,4047,4045,4049,4046,4047,4045,4046,4045,4046,4044,4047,4043,4045,4046,4045,4046,4046,4045,4047,4044,4046,4045,4048,4045,4045,4047,4048,4045,4047,4045,4049,4047,4055,4049,4053,4050,4061,4050,4061,4055,4063,4056,4059,4055,4062,4052,4051,4048,4062,4052,4060,4051,4052,4049,4052,4054,4055,4051,4052,4050,4054,4050,4050,4051,4054,4050,4053,4049,4050,4049,4050,4049,4056,4051,4056,4051,4049,4049,4061,4058,4055,4052,4059,4052,4056,4052,-0.31,SJNFAAZE1U0005576,117.67,13.04,8967.2421875,78,74,0,0,0,0,14.5,99.19,-148900,93,1527995353.557,0,1,1,0,7,0,0,3,0,1,388.82,388.82,7F,1,1,1,0082,57,40,40,0,0,19,0.00
03/06/2018 4:09:17,54 58.40638,-1 31.22418,291,0,390,769775,1145049,388.90,-72.837,4064,4044,4051,20,0,108.4,42.4,105.8,41.0,none,none,99.2,37.3,4064,4058,4051,4051,4055,4050,4049,4048,4051,4047,4049,4046,4050,4046,4048,4047,4048,4045,4047,4046,4049,4044,4046,4046,4046,4047,4047,4045,4047,4045,4049,4047,4049,4046,4047,4048,4048,4045,4048,4046,4049,4048,4055,4049,4054,4051,4062,4050,4061,4054,4062,4057,4060,4057,4062,4054,4053,4050,4063,4053,4061,4052,4052,4050,4054,4055,4055,4052,4053,4050,4055,4050,4050,4053,4055,4049,4054,4049,4051,4050,4051,4051,4057,4051,4056,4051,4050,4050,4063,4058,4056,4054,4060,4053,4057,4054,-0.31,SJNFAAZE1U0005576,117.67,13.04,8967.2421875,78,74,0,0,0,0,14.5,99.19,-148926,93,1527995357.227,0,1,0,0,0,0,0,3,0,1,388.94,388.94,7F,1,1,1,0082,57,40,40,0,0,19,0.00
03/06/2018 4:09:20,54 58.40638,-1 31.22418,291,0,390,770402,1145049,388.90,-72.013,4064,4044,4051,20,0,108.4,42.4,105.8,41.0,none,none,99.4,37.4,4064,4059,4052,4052,4055,4050,4049,4047,4051,4046,4049,4047,4050,4048,4048,4046,4048,4046,4047,4046,4049,4044,4047,4048,4046,4047,4048,4046,4047,4045,4048,4047,4050,4046,4046,4048,4049,4047,4048,4046,4050,4048,4055,4050,4054,4052,4063,4051,4062,4055,4064,4058,4060,4056,4063,4053,4053,4050,4063,4053,4060,4052,4053,4051,4054,4056,4055,4052,4053,4050,4054,4051,4051,4054,4054,4049,4054,4051,4051,4052,4052,4051,4057,4052,4056,4052,4050,4049,4064,4059,4056,4054,4060,4054,4058,4053,-0.27,SJNFAAZE1U0005576,117.67,13.04,8967.2421875,78,74,0,0,0,0,14.5,99.19,-148952,93,1527995360.805,0,1,0,0,0,0,0,3,0,1,388.95,388.95,7F,1,1,1,0082,57,40,40,0,0,19,0.00
03/06/2018 4:09:24,54 58.40638,-1 31.22418,291,0,390,771009,1145049,388.99,-70.609,4065,4045,4052,20,0,108.4,42.4,105.8,41.0,none,none,99.4,37.4,4065,4061,4052,4053,4055,4051,4049,4049,4051,4047,4049,4048,4050,4048,4047,4048,4047,4048,4047,4047,4049,4045,4047,4047,4047,4048,4048,4047,4048,4047,4048,4048,4050,4047,4047,4048,4049,4046,4049,4047,4051,4049,4055,4051,4055,4052,4063,4051,4061,4057,4063,4059,4060,4056,4063,4055,4054,4051,4063,4055,4060,4051,4053,4052,4054,4056,4055,4052,4053,4051,4054,4051,4052,4053,4054,4051,4054,4050,4052,4050,4051,4051,4057,4053,4056,4052,4050,4050,4063,4058,4056,4054,4060,4054,4056,4054,-0.30,SJNFAAZE1U0005576,117.67,13.04,8967.2421875,78,74,0,0,0,0,14.5,99.19,-148977,93,1527995364.326,0,1,0,0,0,0,0,3,0,1,389.00,389.00,7F,1,1,1,0082,57,40,40,0,0,19,0.00
03/06/2018 4:09:28,54 58.40638,-1 31.22418,291,0,390,771626,1145049,389.09,-70.823,4066,4046,4053,20,0,108.4,42.4,105.8,41.0,none,none,99.4,37.4,4066,4060,4053,4053,4056,4051,4049,4050,4052,4049,4049,4048,4050,4049,4049,4049,4048,4048,4047,4047,4049,4046,4048,4048,4048,4050,4049,4048,4048,4047,4048,4048,4050,4047,4047,4049,4050,4048,4049,4047,4051,4050,4055,4052,4055,4054,4063,4052,4062,4057,4064,4059,4061,4057,4064,4055,4054,4051,4063,4055,4062,4052,4054,4053,4054,4058,4056,4053,4054,4051,4054,4052,4053,4054,4056,4052,4055,4050,4053,4051,4052,4053,4059,4054,4056,4052,4051,4051,4064,4060,4057,4055,4062,4055,4058,4055,-0.25,SJNFAAZE1U0005576,117.67,13.04,8967.2421875,78,74,0,0,0,0,14.5,99.19,-149002,93,1527995368.105,0,1,1,0,7,0,0,3,0,1,389.05,389.05,7F,1,1,1,0082,57,40,40,0,0,19,0.00
03/06/2018 4:09:31,54 58.40638,-1 31.22418,291,0,391,772283,1145049,389.18,-72.135,4067,4047,4054,20,0,108.4,42.4,105.8,41.0,none,none,99.2,37.3,4067,4062,4055,4055,4058,4052,4052,4050,4054,4050,4051,4049,4052,4050,4049,4049,4050,4048,4049,4048,4051,4047,4050,4050,4050,4050,4050,4048,4050,4048,4050,4049,4052,4049,4049,4051,4051,4049,4051,4048,4052,4050,4056,4053,4056,4053,4065,4053,4063,4058,4066,4061,4063,4058,4066,4057,4056,4052,4065,4056,4064,4054,4056,4053,4056,4057,4058,4054,4056,4053,4058,4052,4054,4055,4057,4052,4057,4051,4054,4054,4053,4053,4059,4055,4058,4054,4052,4053,4065,4062,4058,4057,4063,4056,4059,4055,-0.27,SJNFAAZE1U0005576,117.67,13.04,8967.2421875,78,74,0,0,0,0,14.5,99.19,-149029,93,1527995371.796,0,1,0,0,0,0,0,3,0,1,389.16,389.16,7F,1,1,1,0082,57,40,40,0,0,19,0.00
03/06/2018 4:09:35,54 58.40638,-1 31.22418,291,0,391,772943,1145049,389.28,-72.043,4068,4048,4055,20,0,108.6,42.6,105.8,41.0,none,none,99.4,37.4,4068,4062,4055,4056,4058,4053,4052,4052,4054,4050,4052,4051,4053,4050,4050,4049,4050,4049,4051,4049,4052,4048,4050,4050,4051,4052,4051,4050,4051,4049,4052,4050,4053,4048,4050,4052,4053,4050,4052,4050,4054,4051,4058,4054,4057,4055,4066,4055,4064,4059,4066,4062,4064,4060,4067,4057,4057,4054,4066,4057,4064,4055,4056,4055,4057,4059,4058,4056,4057,4054,4058,4055,4054,4056,4058,4053,4058,4053,4054,4054,4054,4054,4060,4055,4060,4055,4054,4055,4066,4064,4059,4056,4064,4058,4060,4057,-0.27,SJNFAAZE1U0005576,117.67,13.04,8967.2421875,78,74,0,0,0,0,14.5,99.19,-149056,93,1527995375.592,0,1,0,0,0,0,0,3,0,1,389.24,389.24,7F,1,1,1,0082,57,40,40,0,0,19,0.00
03/06/2018 4:09:39,54 58.40638,-1 31.22418,291,0,391,773583,1145049,389.38,-71.159,4068,4049,4056,19,0,108.6,42.6,105.8,41.0,none,none,99.4,37.4,4068,4063,4055,4057,4058,4054,4052,4053,4055,4052,4051,4052,4054,4052,4051,4053,4050,4050,4050,4050,4051,4050,4051,4052,4051,4053,4050,4051,4051,4049,4051,4052,4053,4050,4049,4053,4052,4050,4052,4051,4054,4053,4060,4055,4058,4057,4066,4056,4065,4060,4066,4062,4065,4060,4067,4059,4057,4054,4067,4058,4064,4056,4057,4057,4058,4060,4060,4058,4057,4055,4059,4055,4057,4057,4058,4054,4057,4054,4055,4055,4054,4055,4061,4057,4061,4056,4053,4054,4067,4063,4060,4059,4064,4058,4061,4057,-0.29,SJNFAAZE1U0005576,117.67,13.04,8967.2421875,78,74,0,0,0,0,14.5,99.19,-149083,93,1527995379.424,0,1,1,0,0,0,0,3,0,1,389.35,389.35,7F,1,1,1,0082,57,40,40,0,0,19,0.00
03/06/2018 4:09:42,54 58.40638,-1 31.22418,291,0,392,774234,1145049,389.38,-70.640,4070,4050,4056,20,0,108.4,42.4,105.8,41.0,none,none,99.4,37.4,4070,4065,4056,4058,4059,4055,4053,4054,4055,4051,4052,4052,4054,4053,4052,4053,4051,4051,4051,4051,4052,4050,4052,4052,4050,4052,4052,4052,4051,4050,4052,4051,4054,4051,4051,4053,4053,4051,4054,4051,4055,4054,4060,4056,4058,4057,4066,4056,4067,4061,4068,4063,4066,4062,4067,4060,4059,4055,4068,4059,4066,4057,4057,4057,4058,4061,4060,4057,4057,4057,4060,4056,4056,4058,4060,4054,4060,4055,4054,4056,4056,4056,4062,4057,4061,4058,4054,4057,4067,4065,4061,4058,4064,4059,4062,4059,-0.27,SJNFAAZE1U0005576,117.67,13.04,8967.2421875,78,74,0,0,0,0,14.5,99.19,-149109,93,1527995382.990,0,1,1,0,7,0,0,3,0,1,389.42,389.42,7F,1,1,1,0082,57,40,40,0,0,19,0.00
03/06/2018 4:09:46,54 58.40638,-1 31.22418,291,0,392,774821,1145049,389.57,-70.945,4071,4050,4058,21,0,108.4,42.4,105.8,41.0,none,none,99.4,37.4,4071,4065,4057,4058,4060,4057,4054,4055,4056,4054,4055,4053,4056,4054,4052,4053,4052,4053,4052,4053,4055,4050,4052,4053,4053,4055,4054,4053,4053,4052,4053,4053,4054,4052,4053,4055,4055,4054,4054,4053,4055,4055,4061,4057,4060,4058,4068,4057,4067,4062,4068,4065,4066,4062,4068,4061,4059,4057,4070,4060,4067,4058,4059,4058,4060,4062,4060,4060,4059,4057,4060,4057,4058,4059,4061,4057,4060,4056,4056,4056,4057,4058,4063,4058,4063,4057,4056,4057,4068,4065,4062,4060,4066,4060,4062,4059,-0.32,SJNFAAZE1U0005576,117.67,13.04,8967.2421875,78,74,0,0,0,0,14.5,99.19,-149134,93,1527995386.445,0,1,0,0,0,0,0,3,0,1,389.50,389.50,7F,1,1,1,0082,57,40,40,0,0,19,0.00
03/06/2018 4:09:49,54 58.40638,-1 31.22418,291,0,392,775410,1145049,389.57,-71.037,4071,4051,4058,20,0,108.6,42.6,105.8,41.0,none,none,99.4,37.4,4071,4066,4058,4059,4060,4056,4055,4055,4057,4054,4054,4053,4056,4054,4054,4055,4053,4053,4054,4054,4054,4051,4053,4054,4053,4055,4053,4053,4054,4053,4053,4054,4056,4052,4053,4054,4054,4054,4055,4053,4057,4056,4061,4057,4061,4059,4069,4059,4068,4062,4068,4064,4066,4063,4069,4060,4060,4057,4070,4061,4068,4058,4060,4059,4060,4062,4061,4059,4059,4058,4062,4059,4058,4061,4060,4058,4060,4055,4057,4057,4057,4057,4063,4060,4063,4058,4055,4057,4070,4065,4063,4061,4066,4062,4063,4061,-0.28,SJNFAAZE1U0005576,117.67,13.04,8967.2421875,78,74,0,0,0,0,14.5,99.19,-149158,93,1527995389.874,0,1,0,0,0,0,0,3,0,1,389.63,389.63,7F,1,1,1,0082,57,40,40,0,0,19,0.00
03/06/2018 4:09:53,54 58.40638,-1 31.22418,291,0,393,776032,1145049,389.57,-70.212,4071,4051,4058,20,0,108.6,42.6,105.8,41.0,none,none,99.4,37.4,4071,4065,4058,4058,4061,4056,4054,4055,4057,4053,4054,4053,4056,4054,4053,4052,4053,4052,4053,4052,4055,4051,4052,4054,4052,4054,4054,4053,4053,4053,4053,4054,4055,4053,4053,4054,4054,4053,4055,4053,4056,4055,4061,4058,4060,4057,4069,4059,4067,4062,4069,4065,4067,4063,4069,4061,4059,4057,4069,4060,4067,4058,4058,4058,4060,4063,4062,4058,4058,4058,4060,4057,4058,4060,4061,4056,4060,4057,4056,4058,4058,4058,4063,4059,4063,4059,4056,4057,4070,4067,4061,4059,4066,4060,4063,4060,-0.27,SJNFAAZE1U0005576,117.67,13.04,8967.2421875,78,74,0,0,0,0,14.5,99.19,-149184,93,1527995393.378,0,1,0,0,0,0,0,3,0,1,389.68,389.68,7F,1,1,1,0082,57,40,40,0,0,19,0.00
03/06/2018 4:09:56,54 58.40638,-1 31.22418,291,0,393,776595,1145049,389.57,-69.877,4071,4051,4058,20,0,108.6,42.6,106.0,41.1,none,none,99.6,37.6,4071,4067,4057,4057,4061,4056,4054,4055,4057,4055,4055,4053,4056,4054,4052,4053,4053,4053,4053,4053,4054,4051,4052,4054,4053,4054,4054,4054,4053,4053,4053,4054,4055,4053,4052,4055,4053,4052,4053,4053,4056,4054,4061,4057,4060,4058,4069,4058,4068,4063,4069,4065,4067,4064,4069,4061,4059,4057,4070,4060,4067,4058,4058,4058,4060,4062,4061,4058,4059,4058,4061,4057,4057,4060,4061,4056,4061,4056,4056,4058,4057,4057,4064,4060,4062,4058,4056,4056,4068,4066,4062,4059,4066,4060,4063,4059,-0.30,SJNFAAZE1U0005576,117.67,13.04,8967.2421875,78,74,0,0,0,0,14.5,99.19,-149207,93,1527995396.789,0,1,1,0,7,0,0,3,0,1,389.64,389.64,7F,1,1,1,0082,57,40,40,0,0,19,0.00
03/06/2018 4:10:00,54 58.40638,-1 31.22418,291,0,393,777192,1145049,389.57,-69.785,4071,4051,4058,20,0,108.6,42.6,105.8,41.0,none,none,99.4,37.4,4071,4067,4057,4059,4061,4058,4054,4054,4057,4054,4054,4054,4056,4054,4053,4053,4054,4054,4054,4052,4054,4051,4053,4054,4052,4055,4054,4054,4054,4053,4054,4054,4056,4054,4053,4054,4055,4054,4054,4053,4056,4055,4061,4057,4061,4058,4068,4058,4069,4063,4070,4065,4066,4063,4069,4061,4059,4056,4069,4061,4067,4058,4059,4057,4060,4062,4061,4058,4060,4057,4061,4057,4058,4060,4061,4057,4060,4057,4057,4058,4057,4057,4064,4059,4063,4058,4056,4057,4070,4068,4062,4059,4066,4060,4064,4060,-0.27,SJNFAAZE1U0005576,117.67,13.04,8967.2421875,78,74,0,0,0,0,14.5,99.19,-149231,93,1527995400.246,0,1,0,0,0,0,0,3,0,1,389.67,389.67,7F,1,1,1,0082,57,40,40,0,0,19,0.00
03/06/2018 4:10:03,54 58.40638,-1 31.22418,291,0,394,777773,1145049,389.57,-70.182,4071,4052,4058,19,0,108.6,42.6,106.0,41.1,none,none,99.4,37.4,4071,4066,4058,4059,4062,4057,4055,4055,4057,4055,4055,4054,4056,4056,4054,4055,4054,4053,4054,4054,4054,4052,4054,4055,4053,4055,4054,4054,4053,4052,4054,4053,4056,4054,4054,4056,4055,4054,4055,4054,4057,4057,4063,4058,4061,4059,4069,4058,4069,4062,4070,4065,4067,4064,4069,4062,4060,4058,4070,4061,4067,4059,4060,4059,4061,4063,4063,4059,4060,4057,4062,4059,4058,4060,4061,4057,4061,4057,4057,4058,4058,4057,4064,4060,4063,4058,4056,4056,4070,4066,4063,4060,4066,4061,4063,4061,-0.30,SJNFAAZE1U0005576,117.67,13.04,8967.2421875,78,74,0,0,0,0,14.5,99.19,-149255,93,1527995403.613,0,1,0,0,0,0,0,3,0,1,389.70,389.70,7F,1,1,1,0082,57,40,40,0,0,19,0.00
03/06/2018 4:10:06,54 58.40638,-1 31.22418,291,0,394,778354,1145049,389.66,-70.212,4073,4053,4059,20,0,108.6,42.6,105.8,41.0,none,none,99.4,37.4,4073,4066,4059,4060,4062,4057,4055,4056,4058,4056,4056,4055,4056,4056,4056,4055,4055,4054,4054,4055,4056,4053,4054,4056,4055,4056,4054,4055,4055,4054,4054,4056,4056,4055,4054,4057,4056,4055,4055,4054,4057,4056,4063,4058,4061,4060,4069,4059,4068,4064,4071,4065,4067,4063,4070,4062,4060,4058,4071,4062,4067,4058,4061,4060,4062,4063,4063,4061,4061,4058,4063,4059,4059,4062,4063,4058,4061,4057,4058,4058,4057,4058,4064,4060,4065,4059,4057,4057,4071,4066,4063,4061,4067,4061,4064,4061,-0.32,SJNFAAZE1U0005576,117.67,13.04,8967.2421875,78,74,0,0,0,0,14.5,99.19,-149279,93,1527995406.968,0,1,0,0,0,0,0,3,0,1,389.74,389.74,7F,1,1,1,0082,57,40,40,0,0,19,0.00
03/06/2018 4:10:10,54 58.40638,-1 31.22418,291,0,394,778896,1145049,389.66,-69.297,4073,4052,4059,21,0,108.6,42.6,105.8,41.0,none,none,99.4,37.4,4073,4067,4059,4061,4062,4058,4056,4057,4058,4056,4056,4055,4057,4056,4055,4056,4055,4054,4054,4054,4055,4052,4055,4055,4054,4055,4054,4056,4054,4053,4054,4056,4056,4054,4054,4057,4056,4055,4056,4054,4058,4056,4062,4057,4062,4060,4070,4059,4069,4064,4070,4066,4069,4065,4072,4063,4060,4057,4070,4062,4068,4059,4060,4060,4062,4064,4063,4060,4061,4060,4061,4059,4058,4061,4062,4058,4062,4057,4059,4059,4058,4059,4065,4060,4064,4060,4057,4058,4071,4068,4063,4061,4067,4062,4065,4062,-0.30,SJNFAAZE1U0005576,117.67,13.04,8967.2421875,78,74,0,0,0,0,14.5,99.19,-149302,93,1527995410.229,0,1,1,0,6,0,0,3,0,1,389.79,389.79,7F,1,1,1,0082,57,40,40,0,0,19,0.00
03/06/2018 4:10:13,54 58.40638,-1 31.22418,291,0,394,779455,1145049,389.76,-70.243,4073,4053,4060,20,0,108.6,42.6,106.0,41.1,none,none,99.6,37.6,4073,4067,4060,4061,4063,4059,4057,4057,4059,4055,4057,4056,4058,4056,4056,4055,4055,4055,4055,4056,4056,4053,4055,4056,4056,4057,4056,4055,4055,4056,4056,4056,4058,4056,4055,4057,4057,4056,4056,4055,4059,4057,4064,4059,4062,4061,4071,4060,4069,4064,4071,4067,4068,4065,4072,4064,4061,4059,4072,4063,4069,4060,4062,4060,4062,4065,4064,4060,4061,4059,4064,4060,4060,4062,4062,4059,4062,4058,4059,4060,4059,4060,4065,4062,4066,4060,4059,4058,4072,4067,4065,4062,4068,4063,4066,4062,-0.28,SJNFAAZE1U0005576,117.67,13.04,8967.2421875,78,74,0,0,0,0,14.5,99.19,-149325,93,1527995413.554,0,1,0,0,0,0,0,3,0,1,389.85,389.85,7F,1,1,1,0082,57,40,40,0,0,19,0.00
03/06/2018 4:10:17,54 58.40638,-1 31.22418,291,0,395,780036,1145049,389.86,-70.609,4074,4055,4061,19,0,108.6,42.6,106.0,41.1,none,none,99.6,37.6,4074,4069,4061,4061,4064,4061,4058,4058,4060,4057,4059,4056,4060,4057,4056,4056,4058,4057,4056,4056,4058,4055,4057,4057,4056,4057,4057,4057,4056,4056,4057,4057,4059,4056,4056,4058,4058,4056,4058,4056,4060,4058,4064,4061,4063,4062,4071,4061,4071,4066,4072,4068,4069,4066,4072,4063,4061,4059,4072,4063,4069,4061,4062,4061,4062,4066,4065,4062,4062,4061,4064,4060,4061,4063,4064,4060,4064,4059,4060,4060,4061,4060,4067,4062,4066,4060,4059,4059,4072,4068,4066,4064,4068,4064,4067,4063,-0.30,SJNFAAZE1U0005576,117.67,13.04,8967.2421875,78,74,0,0,0,0,14.5,99.19,-149349,93,1527995417.008,0,1,0,0,0,0,0,3,0,1,389.88,389.88,7F,1,1,1,0082,57,40,40,0,0,19,0.00
03/06/2018 4:10:20,54 58.40638,-1 31.22418,291,0,395,780617,1145049,389.95,-70.854,4075,4055,4062,20,0,108.9,42.7,106.0,41.1,none,none,99.4,37.4,4075,4070,4061,4063,4065,4062,4059,4059,4061,4058,4058,4058,4060,4058,4058,4058,4058,4058,4057,4058,4058,4055,4058,4059,4058,4058,4058,4057,4058,4057,4058,4058,4060,4056,4058,4059,4058,4057,4059,4057,4060,4059,4066,4062,4065,4062,4073,4061,4072,4066,4073,4069,4070,4067,4073,4065,4063,4062,4073,4064,4072,4063,4062,4062,4065,4067,4066,4062,4064,4061,4065,4061,4062,4064,4064,4061,4064,4059,4060,4060,4062,4061,4067,4063,4067,4061,4061,4060,4073,4069,4066,4064,4070,4065,4067,4064,-0.30,SJNFAAZE1U0005576,117.67,13.04,8967.2421875,78,74,0,0,0,0,14.5,99.19,-149373,93,1527995420.410,0,1,0,0,0,0,0,3,0,1,389.94,389.94,7F,1,1,1,0082,57,40,40,0,0,19,0.00
03/06/2018 4:10:23,54 58.40638,-1 31.22418,291,0,395,781195,1145049,390.05,-70.395,4075,4056,4063,19,0,108.9,42.7,106.0,41.1,none,none,99.6,37.6,4075,4070,4063,4063,4065,4060,4058,4059,4061,4059,4060,4059,4060,4059,4058,4058,4058,4058,4058,4058,4060,4056,4058,4059,4058,4058,4058,4057,4058,4057,4059,4058,4061,4058,4058,4060,4060,4057,4059,4058,4060,4059,4066,4062,4065,4062,4072,4062,4072,4067,4075,4069,4072,4068,4074,4066,4065,4061,4075,4065,4072,4063,4063,4062,4064,4066,4066,4063,4064,4062,4065,4062,4063,4065,4066,4062,4065,4060,4061,4063,4062,4062,4067,4064,4067,4064,4061,4062,4073,4070,4066,4065,4070,4064,4067,4065,-0.30,SJNFAAZE1U0005576,117.67,13.04,8967.2421875,78,74,0,0,0,0,14.5,99.19,-149396,93,1527995423.912,0,1,1,0,6,0,0,3,0,1,389.97,389.97,7F,1,1,1,0082,57,40,40,0,0,19,0.00
03/06/2018 4:10:27,54 58.40638,-1 31.22418,291,0,396,781803,1145049,390.14,-70.151,4076,4058,4064,18,0,108.9,42.7,106.0,41.1,none,none,99.4,37.4,4075,4072,4063,4065,4066,4062,4060,4061,4062,4059,4061,4060,4061,4060,4060,4060,4060,4059,4059,4060,4060,4058,4059,4060,4059,4060,4060,4060,4059,4058,4059,4060,4060,4059,4058,4061,4060,4059,4060,4059,4062,4061,4067,4063,4066,4064,4074,4063,4073,4068,4075,4070,4073,4069,4075,4067,4067,4064,4076,4066,4074,4066,4064,4064,4066,4068,4067,4064,4065,4063,4066,4062,4065,4066,4066,4062,4067,4063,4062,4065,4063,4063,4069,4065,4068,4065,4062,4064,4075,4073,4068,4066,4072,4065,4069,4066,-0.34,SJNFAAZE1U0005576,117.67,13.04,8967.2421875,78,74,0,0,0,0,14.5,99.19,-149422,93,1527995427.590,0,1,1,0,8,0,0,3,0,1,390.10,390.10,7F,1,1,1,0082,57,40,40,0,0,19,0.00
03/06/2018 4:10:31,54 58.40638,-1 31.22418,291,0,396,782444,1145049,390.14,-69.144,4078,4058,4064,20,0,108.9,42.7,106.0,41.1,none,none,99.6,37.6,4078,4072,4064,4065,4066,4063,4060,4061,4062,4061,4062,4060,4062,4061,4060,4060,4060,4059,4060,4060,4060,4058,4060,4061,4059,4060,4059,4060,4060,4059,4060,4060,4062,4059,4059,4061,4061,4060,4060,4059,4062,4060,4067,4063,4066,4065,4075,4064,4074,4069,4075,4071,4073,4070,4077,4067,4067,4063,4076,4066,4074,4065,4065,4064,4066,4070,4067,4066,4067,4065,4069,4063,4063,4067,4067,4063,4067,4064,4063,4064,4064,4063,4070,4065,4069,4066,4064,4064,4076,4073,4069,4068,4074,4067,4069,4067,-0.30,SJNFAAZE1U0005576,117.67,13.04,8967.2421875,78,74,0,0,0,0,14.5,99.19,-149448,93,1527995431.387,0,1,0,0,0,0,0,3,0,1,390.25,390.25,7F,1,1,1,0082,57,40,40,0,0,19,0.00
03/06/2018 4:10:35,54 58.40638,-1 31.22418,291,0,396,783083,1145049,390.14,-68.686,4078,4057,4064,21,0,108.9,42.7,106.0,41.1,none,none,99.6,37.6,4078,4071,4064,4065,4067,4063,4060,4061,4063,4060,4061,4061,4061,4059,4059,4060,4060,4059,4060,4059,4060,4057,4060,4059,4059,4060,4060,4059,4059,4059,4060,4059,4060,4059,4058,4061,4060,4059,4060,4058,4063,4061,4067,4064,4066,4064,4074,4063,4073,4068,4074,4070,4073,4070,4076,4068,4066,4063,4076,4067,4074,4065,4065,4064,4066,4069,4067,4063,4066,4065,4068,4063,4063,4066,4067,4062,4066,4062,4064,4064,4064,4063,4070,4065,4069,4065,4064,4062,4076,4072,4068,4066,4073,4066,4069,4066,-0.32,SJNFAAZE1U0005576,117.67,13.04,8967.2421875,78,74,0,0,0,0,14.5,99.19,-149474,93,1527995435.048,0,1,0,0,0,0,0,3,0,1,390.27,390.27,7F,1,1,1,0082,57,40,40,0,0,19,0.00
03/06/2018 4:10:38,54 58.40638,-1 31.22418,291,0,397,783685,1145049,390.14,-68.381,4077,4056,4064,21,0,108.9,42.7,106.0,41.1,none,none,99.6,37.6,4077,4072,4064,4064,4067,4062,4061,4061,4062,4060,4059,4060,4062,4059,4059,4059,4059,4059,4059,4058,4061,4056,4059,4059,4059,4060,4059,4059,4059,4058,4060,4060,4062,4058,4060,4061,4060,4061,4061,4058,4062,4061,4067,4063,4066,4064,4075,4063,4074,4068,4075,4070,4073,4069,4077,4067,4065,4062,4076,4065,4073,4063,4065,4064,4065,4068,4067,4065,4066,4063,4068,4063,4063,4066,4065,4062,4066,4062,4064,4063,4064,4063,4069,4064,4069,4065,4064,4062,4076,4072,4069,4066,4074,4066,4069,4066,-0.30,SJNFAAZE1U0005576,117.67,13.04,8967.2421875,78,74,0,0,0,0,14.5,99.19,-149499,93,1527995438.625,0,1,1,0,6,0,0,3,0,1,390.20,390.20,7F,1,1,1,0082,57,40,40,0,0,19,0.00
03/06/2018 4:10:42,54 58.40638,-1 31.22418,291,0,397,784251,1145049,390.24,-69.572,4078,4059,4065,19,0,108.9,42.7,106.2,41.2,none,none,99.8,37.7,4078,4073,4064,4065,4067,4063,4061,4061,4063,4060,4061,4060,4063,4061,4061,4060,4061,4059,4060,4060,4061,4059,4060,4060,4060,4062,4061,4059,4060,4059,4061,4060,4063,4060,4060,4062,4061,4060,4060,4060,4063,4061,4068,4064,4067,4065,4076,4065,4074,4069,4076,4071,4073,4070,4076,4068,4065,4064,4076,4067,4074,4065,4065,4066,4067,4070,4068,4065,4066,4065,4068,4064,4064,4067,4068,4064,4067,4063,4063,4065,4064,4064,4071,4065,4069,4066,4063,4063,4076,4073,4068,4067,4074,4068,4070,4067,-0.30,SJNFAAZE1U0005576,117.67,13.04,8967.2421875,78,74,0,0,0,0,14.5,99.19,-149522,93,1527995442.065,0,1,0,0,7,0,0,3,0,1,390.25,390.25,7F,1,1,1,0082,57,40,40,0,0,19,0.00
03/06/2018 4:10:45,54 58.40638,-1 31.22418,291,0,397,784841,1145049,390.34,-70.029,4078,4059,4066,19,0,108.9,42.7,106.0,41.1,none,none,99.6,37.6,4078,4073,4065,4067,4069,4064,4062,4062,4065,4062,4062,4062,4063,4062,4062,4061,4061,4061,4062,4061,4062,4059,4061,4062,4061,4063,4061,4061,4060,4060,4062,4061,4063,4062,4061,4062,4062,4061,4061,4062,4064,4063,4069,4065,4068,4067,4077,4065,4075,4071,4077,4073,4075,4070,4076,4069,4067,4066,4077,4068,4075,4067,4067,4066,4068,4070,4068,4066,4067,4066,4069,4066,4066,4068,4069,4065,4069,4064,4064,4066,4065,4065,4070,4066,4070,4067,4064,4064,4077,4074,4070,4068,4074,4069,4071,4067,-0.32,SJNFAAZE1U0005576,117.67,13.04,8967.2421875,78,74,0,0,0,0,14.5,99.19,-149547,93,1527995445.699,0,1,0,0,0,0,0,3,0,1,390.33,390.33,7F,1,1,1,0082,57,40,40,0,0,19,0.00
03/06/2018 4:10:49,54 58.40638,-1 31.22418,291,0,397,785466,1145049,390.53,-70.151,4079,4061,4068,18,0,108.9,42.7,106.2,41.2,none,none,99.8,37.7,4079,4076,4066,4068,4071,4066,4064,4064,4066,4063,4064,4063,4065,4064,4064,4063,4063,4062,4063,4063,4063,4061,4063,4065,4063,4064,4063,4063,4063,4062,4064,4064,4066,4063,4062,4065,4064,4063,4063,4063,4067,4065,4071,4067,4070,4068,4079,4068,4077,4072,4078,4074,4077,4073,4079,4071,4070,4065,4079,4070,4077,4068,4068,4069,4070,4072,4072,4069,4069,4068,4070,4067,4068,4070,4070,4066,4071,4067,4067,4068,4066,4068,4073,4069,4072,4068,4065,4066,4078,4075,4072,4071,4075,4070,4073,4069,-0.31,SJNFAAZE1U0005576,117.67,13.04,8967.2421875,78,74,0,0,0,0,14.5,99.19,-149573,92,1527995449.456,0,1,0,0,0,0,0,3,0,1,390.47,390.47,7F,1,1,1,0082,57,40,40,0,0,19,0.00
03/06/2018 4:10:52,54 58.40638,-1 31.22418,291,0,398,786069,1145049,390.53,-68.381,4081,4061,4068,20,0,108.9,42.7,106.2,41.2,none,none,99.8,37.7,4081,4075,4066,4069,4070,4067,4065,4065,4066,4063,4064,4063,4065,4065,4064,4064,4063,4064,4062,4063,4064,4061,4063,4065,4062,4064,4063,4063,4063,4063,4063,4064,4065,4062,4063,4065,4065,4063,4064,4062,4066,4064,4071,4066,4069,4069,4079,4068,4078,4072,4078,4074,4077,4072,4079,4070,4070,4068,4079,4071,4077,4068,4069,4069,4071,4071,4071,4070,4070,4068,4072,4068,4068,4069,4070,4066,4070,4067,4067,4068,4068,4068,4072,4070,4073,4068,4067,4068,4080,4075,4073,4070,4076,4069,4073,4070,-0.32,SJNFAAZE1U0005576,117.67,13.04,8967.2421875,78,74,0,0,0,0,14.5,99.19,-149597,92,1527995452.928,0,1,1,0,6,0,0,3,0,1,390.56,390.56,7F,1,1,1,0082,57,40,40,0,0,19,0.00
03/06/2018 4:10:56,54 58.40638,-1 31.22418,291,0,398,786668,1145049,390.53,-68.717,4082,4062,4068,20,0,108.9,42.7,106.2,41.2,none,none,99.8,37.7,4082,4076,4067,4069,4071,4067,4065,4065,4066,4063,4064,4063,4066,4064,4063,4063,4064,4063,4063,4063,4064,4062,4063,4064,4062,4064,4063,4063,4063,4063,4064,4064,4066,4063,4063,4066,4065,4064,4065,4062,4067,4065,4070,4066,4070,4068,4079,4068,4079,4072,4079,4074,4076,4073,4080,4070,4070,4066,4079,4069,4078,4068,4070,4068,4070,4073,4071,4068,4070,4067,4071,4067,4068,4069,4071,4066,4071,4067,4068,4068,4067,4068,4073,4069,4073,4068,4067,4066,4080,4076,4073,4070,4077,4070,4073,4070,-0.31,SJNFAAZE1U0005576,117.67,13.04,8967.2421875,78,74,0,0,0,0,14.5,99.19,-149622,92,1527995456.607,0,1,1,0,8,0,0,3,0,1,390.63,390.63,7F,1,1,1,0082,57,40,40,0,0,19,0.00
03/06/2018 4:11:00,54 58.40638,-1 31.22418,291,0,398,787289,1145049,390.53,-69.511,4081,4061,4068,20,0,109.1,42.9,106.2,41.2,none,none,99.6,37.6,4081,4075,4068,4069,4071,4067,4065,4064,4067,4064,4064,4063,4066,4065,4064,4064,4064,4063,4063,4063,4064,4061,4063,4065,4063,4064,4063,4063,4064,4063,4064,4064,4066,4063,4063,4065,4064,4063,4065,4062,4067,4065,4071,4068,4070,4069,4079,4068,4077,4073,4079,4074,4076,4073,4079,4071,4069,4067,4080,4070,4078,4069,4068,4068,4071,4072,4073,4068,4070,4068,4072,4067,4067,4070,4071,4067,4071,4066,4067,4068,4067,4068,4074,4069,4073,4069,4066,4066,4080,4076,4072,4069,4076,4071,4074,4070,-0.34,SJNFAAZE1U0005576,117.67,13.04,8967.2421875,78,74,0,0,0,0,14.5,99.19,-149648,92,1527995460.334,0,1,0,0,0,0,0,3,0,1,390.58,390.58,7F,1,1,1,0082,57,40,40,0,0,19,0.00
03/06/2018 4:11:04,54 58.40638,-1 31.22418,291,0,399,787912,1145049,390.72,-70.273,4083,4063,4070,20,0,108.9,42.7,106.0,41.1,none,none,99.6,37.6,4083,4077,4069,4069,4072,4068,4065,4066,4067,4065,4066,4065,4067,4064,4065,4065,4065,4066,4066,4065,4066,4063,4064,4066,4064,4065,4065,4065,4064,4064,4065,4065,4067,4065,4065,4067,4066,4065,4066,4065,4068,4065,4072,4069,4072,4070,4080,4069,4080,4074,4081,4076,4080,4074,4082,4073,4071,4068,4080,4071,4079,4071,4071,4069,4072,4074,4072,4070,4072,4069,4073,4069,4070,4071,4072,4068,4073,4068,4069,4069,4070,4068,4075,4071,4076,4070,4068,4069,4081,4077,4075,4071,4078,4073,4074,4071,-0.32,SJNFAAZE1U0005576,117.67,13.04,8967.2421875,78,74,0,0,0,0,14.5,99.19,-149673,92,1527995464.021,0,1,0,0,0,0,0,3,0,1,390.69,390.69,7F,1,1,1,0082,57,40,40,0,0,19,0.00
03/06/2018 4:11:07,54 58.40638,-1 31.22418,291,0,399,788496,1145049,390.82,-67.802,4086,4063,4071,23,0,108.9,42.7,106.2,41.2,none,none,99.6,37.6,4086,4079,4069,4071,4073,4069,4067,4067,4069,4066,4067,4066,4068,4067,4067,4067,4066,4065,4065,4065,4067,4063,4065,4067,4066,4066,4067,4066,4065,4065,4066,4066,4069,4065,4066,4067,4067,4065,4067,4065,4068,4068,4074,4070,4072,4071,4081,4070,4081,4075,4082,4076,4080,4076,4083,4073,4072,4069,4081,4073,4080,4071,4072,4070,4073,4075,4073,4072,4073,4070,4075,4070,4071,4071,4073,4069,4074,4069,4070,4070,4070,4070,4076,4073,4076,4072,4069,4070,4081,4079,4076,4073,4079,4073,4074,4073,-0.33,SJNFAAZE1U0005576,117.67,13.04,8967.2421875,78,74,0,0,0,0,14.5,99.19,-149697,92,1527995467.512,0,1,1,0,6,0,0,3,0,1,390.79,390.79,7F,1,1,1,0082,57,40,40,0,0,19,0.00
03/06/2018 4:11:11,54 58.40638,-1 31.22418,291,0,399,789107,1145049,390.72,-67.802,4083,4064,4070,19,0,108.9,42.7,106.2,41.2,none,none,99.8,37.7,4083,4077,4068,4070,4072,4068,4066,4067,4069,4066,4066,4066,4068,4066,4066,4066,4067,4065,4065,4065,4066,4064,4065,4066,4065,4066,4065,4066,4065,4065,4065,4066,4068,4065,4066,4067,4066,4064,4067,4064,4068,4068,4073,4068,4072,4071,4081,4070,4080,4074,4081,4076,4079,4075,4082,4073,4071,4069,4082,4072,4079,4070,4072,4071,4072,4074,4073,4070,4072,4070,4073,4070,4070,4072,4073,4069,4072,4069,4071,4069,4070,4069,4076,4072,4074,4070,4069,4069,4083,4079,4076,4072,4079,4072,4075,4071,-0.29,SJNFAAZE1U0005576,117.67,13.04,8967.2421875,78,74,0,0,0,0,14.5,99.19,-149723,92,1527995471.468,0,1,1,0,8,0,0,3,0,1,390.87,390.87,7F,1,1,1,0082,57,40,40,0,0,19,0.00
03/06/2018 4:11:15,54 58.40638,-1 31.22418,291,0,400,789754,1145049,390.72,-68.717,4085,4063,4070,22,0,108.9,42.7,106.2,41.2,none,none,99.8,37.7,4085,4079,4070,4070,4073,4070,4068,4067,4069,4066,4066,4066,4068,4067,4066,4065,4066,4065,4066,4065,4067,4063,4066,4067,4065,4067,4065,4066,4066,4065,4066,4066,4067,4066,4065,4067,4067,4065,4066,4065,4068,4067,4074,4069,4073,4071,4081,4071,4081,4074,4081,4076,4079,4075,4082,4074,4071,4069,4082,4072,4080,4071,4072,4071,4072,4075,4074,4070,4073,4070,4074,4070,4070,4072,4073,4069,4073,4069,4071,4070,4071,4070,4075,4071,4076,4071,4070,4068,4082,4078,4075,4071,4079,4073,4075,4072,-0.29,SJNFAAZE1U0005576,117.67,13.04,8967.2421875,78,74,0,0,0,0,14.5,99.19,-149749,92,1527995475.198,0,1,0,0,0,0,0,3,0,1,390.78,390.78,7F,1,1,1,0082,57,40,40,0,0,19,0.00
03/06/2018 4:11:18,54 58.40638,-1 31.22418,291,0,400,790336,1145049,390.91,-69.358,4086,4066,4072,20,0,109.1,42.9,106.2,41.2,none,none,99.8,37.7,4086,4080,4072,4073,4075,4070,4068,4069,4070,4067,4068,4067,4069,4069,4068,4068,4067,4067,4068,4066,4068,4066,4067,4068,4067,4069,4067,4067,4067,4067,4068,4068,4069,4067,4066,4069,4069,4067,4069,4067,4069,4068,4076,4071,4074,4073,4084,4072,4083,4076,4082,4079,4081,4077,4084,4075,4074,4071,4084,4074,4082,4073,4075,4072,4074,4076,4075,4072,4074,4071,4076,4070,4072,4074,4074,4071,4075,4071,4072,4072,4072,4072,4077,4073,4077,4072,4071,4071,4084,4080,4077,4073,4081,4075,4077,4073,-0.30,SJNFAAZE1U0005576,117.67,13.04,8967.2421875,78,74,0,0,0,0,14.5,99.19,-149773,92,1527995478.595,0,1,0,0,0,0,0,3,0,1,390.87,390.87,7F,1,1,1,0082,57,40,40,0,0,19,0.00
03/06/2018 4:11:22,54 58.40638,-1 31.22418,291,0,400,790931,1145049,391.01,-67.771,4086,4067,4073,19,0,108.9,42.7,106.2,41.2,none,none,99.8,37.7,4086,4082,4072,4074,4076,4072,4070,4069,4073,4070,4070,4069,4072,4070,4069,4069,4069,4069,4068,4068,4070,4067,4069,4070,4068,4071,4069,4068,4068,4068,4069,4069,4070,4068,4068,4070,4070,4069,4070,4069,4072,4070,4076,4074,4075,4074,4084,4073,4082,4077,4083,4081,4081,4078,4084,4076,4075,4073,4084,4075,4082,4072,4073,4073,4075,4078,4077,4074,4075,4073,4076,4072,4072,4075,4075,4072,4074,4071,4072,4072,4072,4072,4079,4075,4078,4072,4072,4073,4085,4080,4077,4075,4081,4076,4078,4075,-0.26,SJNFAAZE1U0005576,117.67,13.04,8967.2421875,78,74,0,0,0,0,14.5,99.19,-149798,92,1527995482.363,0,1,1,0,6,0,0,3,0,1,391.02,391.02,7F,1,1,1,0082,57,40,40,0,0,19,0.00
03/06/2018 4:11:26,54 58.40638,-1 31.22418,291,0,401,791554,1145049,391.01,-67.741,4086,4066,4073,20,0,109.1,42.9,106.2,41.2,none,none,99.8,37.7,4086,4081,4072,4073,4075,4072,4069,4069,4071,4069,4069,4068,4070,4069,4068,4068,4068,4068,4067,4068,4070,4066,4068,4068,4067,4069,4069,4068,4068,4068,4069,4069,4070,4068,4069,4069,4069,4068,4069,4068,4071,4070,4076,4073,4075,4073,4083,4073,4083,4077,4085,4079,4082,4078,4084,4076,4074,4072,4083,4074,4081,4074,4074,4072,4075,4078,4076,4074,4075,4072,4076,4072,4073,4074,4076,4071,4074,4072,4073,4072,4073,4072,4078,4075,4078,4072,4072,4071,4085,4081,4078,4075,4082,4075,4078,4075,-0.30,SJNFAAZE1U0005576,117.67,13.04,8967.2421875,78,74,0,0,0,0,14.5,99.19,-149823,92,1527995486.101,0,1,0,0,7,0,0,3,0,1,391.10,391.10,7F,1,1,1,0082,57,40,40,0,0,19,0.00
03/06/2018 4:11:29,54 58.40638,-1 31.22418,291,0,401,792168,1145049,391.01,-68.442,4087,4066,4073,21,0,109.1,42.9,106.2,41.2,none,none,99.8,37.7,4087,4081,4072,4074,4075,4071,4070,4070,4071,4069,4070,4067,4071,4069,4069,4068,4069,4067,4067,4068,4069,4066,4067,4070,4068,4070,4068,4068,4068,4067,4069,4070,4071,4068,4068,4070,4069,4068,4069,4067,4071,4070,4076,4072,4075,4073,4084,4074,4083,4076,4084,4080,4081,4078,4085,4075,4074,4072,4085,4075,4083,4074,4075,4072,4075,4078,4076,4073,4075,4072,4077,4072,4073,4074,4075,4071,4076,4072,4073,4072,4073,4072,4079,4073,4078,4073,4072,4071,4085,4080,4078,4074,4082,4076,4078,4074,-0.31,SJNFAAZE1U0005576,117.67,13.04,8967.2421875,78,74,0,0,0,0,14.5,99.19,-149849,92,1527995489.864,0,1,0,0,0,0,0,3,0,1,391.02,391.02,7F,1,1,1,0082,57,40,40,0,0,19,0.00
03/06/2018 4:11:33,54 58.40638,-1 31.22418,291,0,401,792799,1145049,391.10,-69.267,4088,4067,4074,21,0,109.1,42.9,106.2,41.2,none,none,99.8,37.7,4088,4083,4074,4075,4077,4073,4070,4070,4073,4070,4071,4069,4071,4070,4070,4069,4070,4070,4069,4069,4070,4067,4068,4071,4069,4071,4070,4069,4069,4068,4070,4069,4072,4070,4069,4071,4071,4070,4071,4069,4071,4071,4078,4074,4076,4075,4086,4074,4084,4079,4086,4081,4083,4080,4086,4077,4075,4073,4085,4077,4084,4076,4076,4075,4077,4078,4078,4076,4077,4074,4078,4074,4075,4076,4077,4073,4077,4072,4074,4075,4074,4073,4080,4075,4080,4075,4073,4073,4086,4082,4080,4076,4084,4077,4079,4076,-0.30,SJNFAAZE1U0005576,117.67,13.04,8967.2421875,78,74,0,0,0,0,14.5,99.19,-149875,92,1527995493.827,0,1,0,0,0,0,0,3,0,1,391.14,391.14,7F,1,1,1,0082,57,40,40,0,0,19,0.00
03/06/2018 4:11:37,54 58.40638,-1 31.22418,291,0,402,793442,1145049,391.20,-68.259,4089,4068,4075,21,0,109.1,42.9,106.2,41.2,none,none,99.8,37.7,4089,4083,4075,4074,4078,4072,4072,4072,4075,4071,4072,4070,4074,4071,4072,4071,4072,4070,4071,4070,4072,4068,4072,4070,4072,4071,4072,4070,4072,4070,4072,4071,4074,4069,4071,4071,4073,4070,4073,4070,4074,4072,4078,4074,4078,4075,4088,4074,4085,4079,4087,4081,4084,4080,4087,4078,4077,4073,4086,4077,4085,4075,4076,4075,4079,4078,4079,4076,4077,4075,4078,4075,4076,4077,4078,4073,4078,4072,4075,4074,4075,4075,4082,4076,4081,4076,4074,4074,4086,4083,4079,4078,4083,4077,4081,4076,-0.34,SJNFAAZE1U0005576,117.67,13.04,8967.2421875,78,74,0,0,0,0,14.5,99.19,-149901,92,1527995497.591,0,1,1,0,6,0,0,3,0,1,391.19,391.19,7F,1,1,1,0082,57,40,40,0,0,19,0.00
03/06/2018 4:11:41,54 58.40638,-1 31.22418,291,0,402,794050,1145049,391.30,-68.015,4090,4068,4076,22,0,109.1,42.9,106.2,41.2,none,none,99.8,37.7,4090,4084,4074,4076,4078,4074,4071,4073,4074,4071,4072,4071,4073,4071,4071,4072,4070,4071,4071,4071,4072,4068,4070,4071,4070,4072,4071,4071,4070,4070,4072,4072,4073,4070,4072,4072,4073,4070,4072,4071,4074,4072,4080,4074,4078,4077,4086,4076,4086,4079,4086,4082,4083,4080,4087,4079,4077,4074,4087,4077,4085,4077,4077,4076,4078,4079,4078,4077,4077,4075,4079,4075,4076,4078,4078,4074,4078,4074,4075,4075,4076,4075,4081,4076,4081,4077,4075,4076,4087,4083,4080,4078,4084,4079,4081,4077,-0.31,SJNFAAZE1U0005576,117.67,13.04,8967.2421875,78,74,0,0,0,0,14.5,99.19,-149926,92,1527995501.112,0,1,0,0,0,0,0,3,0,1,391.23,391.23,7F,1,1,1,0082,57,40,40,0,0,19,0.00
03/06/2018 4:11:45,54 58.40638,-1 31.22418,291,0,402,794709,1145049,391.39,-67.741,4090,4071,4077,19,0,109.1,42.9,106.2,41.2,none,none,99.8,37.7,4090,4085,4077,4078,4079,4076,4074,4074,4075,4073,4074,4073,4075,4074,4074,4073,4073,4073,4073,4073,4074,4071,4072,4073,4073,4074,4073,4073,4072,4072,4073,4073,4074,4072,4073,4074,4074,4072,4073,4072,4076,4074,4081,4077,4079,4078,4088,4077,4087,4082,4088,4083,4086,4081,4088,4081,4079,4076,4089,4080,4087,4078,4078,4077,4080,4082,4081,4077,4078,4077,4080,4077,4076,4080,4079,4076,4078,4075,4076,4076,4076,4076,4083,4078,4082,4077,4075,4077,4088,4085,4082,4079,4086,4080,4082,4080,-0.31,SJNFAAZE1U0005576,117.67,13.04,8967.2421875,78,74,0,0,0,0,14.5,99.19,-149954,92,1527995505.185,0,1,0,0,0,0,0,3,0,1,391.40,391.40,7F,1,1,1,0082,57,40,40,0,0,19,0.00
03/06/2018 4:11:49,54 58.40638,-1 31.22418,291,0,402,795317,1145049,391.39,-67.038,4091,4072,4077,19,0,109.1,42.9,106.2,41.2,none,none,99.8,37.7,4091,4086,4077,4077,4080,4076,4073,4074,4076,4073,4074,4073,4076,4074,4074,4073,4073,4073,4074,4073,4074,4072,4073,4075,4073,4075,4073,4073,4072,4072,4074,4073,4075,4073,4074,4075,4074,4073,4074,4072,4076,4075,4081,4076,4080,4079,4088,4079,4087,4082,4089,4083,4087,4082,4088,4080,4079,4075,4089,4080,4085,4078,4078,4078,4080,4082,4081,4077,4079,4077,4080,4077,4076,4080,4080,4076,4080,4076,4077,4076,4076,4077,4083,4078,4081,4076,4076,4075,4088,4084,4081,4079,4085,4081,4082,4079,-0.32,SJNFAAZE1U0005576,117.67,13.04,8967.2421875,78,74,0,0,0,0,14.5,99.19,-149979,92,1527995509.058,0,1,0,0,0,0,0,3,0,1,391.50,391.50,7F,1,1,1,0082,57,40,40,0,0,19,0.00
03/06/2018 4:11:54,54 58.40638,-1 31.22418,291,0,403,796192,1145049,391.58,-67.222,4092,4072,4079,20,0,109.1,42.9,106.2,41.2,none,none,99.8,37.7,4092,4087,4078,4080,4082,4077,4075,4075,4078,4074,4076,4075,4076,4074,4074,4075,4075,4074,4073,4074,4075,4072,4073,4075,4074,4074,4075,4075,4074,4074,4075,4075,4076,4074,4074,4076,4077,4075,4075,4074,4078,4076,4082,4079,4081,4079,4090,4079,4088,4082,4089,4085,4088,4083,4090,4082,4080,4077,4091,4081,4087,4079,4079,4080,4080,4082,4082,4080,4080,4077,4082,4078,4078,4080,4081,4078,4082,4077,4078,4078,4077,4078,4084,4080,4083,4079,4077,4077,4090,4086,4082,4080,4086,4082,4084,4081,-0.32,SJNFAAZE1U0005576,117.67,13.04,8967.2421875,78,74,0,0,0,0,14.5,99.19,-150015,92,1527995514.899,0,1,1,0,7,0,0,3,0,1,391.40,391.40,7F,1,1,1,0082,57,40,40,0,0,19,0.00
03/06/2018 4:12:01,54 58.40638,-1 31.22418,291,0,403,797089,1145049,391.49,-67.466,4092,4071,4078,21,0,109.1,42.9,106.5,41.4,none,none,100.0,37.8,4092,4086,4077,4079,4080,4077,4074,4074,4077,4073,4075,4073,4077,4075,4073,4074,4074,4073,4072,4073,4074,4071,4073,4074,4073,4074,4073,4073,4073,4072,4074,4074,4076,4072,4073,4075,4074,4073,4074,4073,4076,4075,4081,4077,4080,4079,4088,4079,4089,4082,4088,4084,4086,4083,4090,4081,4079,4077,4088,4081,4088,4079,4079,4078,4080,4082,4081,4079,4080,4078,4082,4078,4079,4080,4081,4076,4080,4076,4077,4078,4079,4077,4084,4080,4083,4079,4077,4077,4090,4085,4083,4080,4087,4081,4083,4080,-0.33,SJNFAAZE1U0005576,117.67,13.04,8967.2421875,78,74,0,0,0,0,14.5,99.19,-150052,92,1527995521.407,0,1,0,0,0,0,0,3,0,1,391.52,391.52,7F,1,1,1,0082,57,40,40,0,0,19,0.00
03/06/2018 4:12:08,54 58.40638,-1 31.22418,291,0,404,798166,1145049,391.58,-66.764,4092,4073,4079,19,0,109.1,42.9,106.2,41.2,none,none,99.8,37.7,4092,4088,4079,4079,4082,4077,4076,4075,4078,4074,4076,4074,4078,4075,4076,4075,4076,4074,4075,4074,4076,4073,4075,4076,4075,4076,4076,4074,4075,4074,4076,4075,4077,4074,4075,4076,4077,4075,4077,4073,4079,4075,4084,4079,4082,4080,4091,4079,4089,4083,4090,4085,4087,4084,4091,4082,4080,4077,4090,4081,4088,4080,4080,4080,4082,4083,4083,4080,4081,4078,4083,4078,4080,4081,4082,4078,4081,4077,4079,4079,4078,4078,4085,4080,4084,4080,4078,4078,4091,4086,4084,4081,4088,4081,4084,4082,-0.29,SJNFAAZE1U0005576,117.67,13.04,8967.2421875,78,74,0,0,0,0,14.5,99.19,-150096,92,1527995528.165,0,1,1,0,6,0,0,3,0,1,391.61,391.61,7F,1,1,1,0082,57,40,40,0,0,19,0.00
03/06/2018 4:12:13,54 58.40638,-1 31.22418,291,0,404,799302,1145049,391.78,-67.222,4094,4075,4081,19,0,109.4,43.0,106.2,41.2,none,none,100.0,37.8,4094,4090,4081,4082,4084,4080,4078,4078,4080,4079,4078,4077,4079,4079,4077,4077,4078,4076,4077,4077,4078,4075,4076,4079,4076,4078,4078,4077,4077,4077,4078,4077,4080,4076,4077,4079,4078,4076,4077,4075,4080,4079,4085,4081,4084,4082,4093,4082,4091,4086,4092,4089,4090,4085,4091,4084,4082,4080,4092,4084,4090,4080,4083,4081,4084,4086,4085,4082,4082,4080,4085,4080,4081,4084,4084,4080,4085,4079,4081,4081,4081,4081,4087,4083,4086,4082,4079,4081,4092,4088,4086,4083,4090,4084,4086,4083,-0.31,SJNFAAZE1U0005576,117.67,13.04,8967.2421875,78,74,0,0,0,0,14.5,99.19,-150143,92,1527995533.743,0,1,0,0,0,0,0,3,0,1,391.74,391.74,7F,1,1,1,0082,57,40,40,0,0,19,0.00
03/06/2018 4:15:26,,,0,0,420,829118,1145049,394.75,-61.393,4125,4105,4112,20,0,110.2,43.4,106.9,41.6,none,none,100.4,38.0,4125,4121,4112,4113,4114,4112,4108,4110,4111,4108,4108,4109,4109,4109,4107,4107,4107,4108,4107,4107,4108,4105,4107,4108,4107,4109,4106,4108,4106,4107,4108,4108,4110,4107,4106,4109,4109,4108,4108,4107,4110,4109,4115,4112,4114,4113,4122,4113,4122,4115,4122,4119,4121,4116,4124,4116,4113,4111,4124,4115,4120,4114,4113,4112,4114,4116,4115,4113,4114,4112,4116,4111,4112,4114,4114,4111,4114,4111,4112,4111,4112,4112,4117,4112,4116,4113,4111,4111,4124,4121,4117,4114,4121,4116,4117,4114,-0.35,SJNFAAZE1U0005576,117.67,13.04,8967.2421875,78,74,0,0,0,0,14.5,99.19,-150143,92,1527995726.275,0,1,0,0,0,0,0,3,0,1,394.75,394.75,0F,1,1,1,0082,57,40,40,0,0,19,0.00
03/06/2018 4:15:30,54 58.41842,-1 31.22006,374,0,420,829777,1145049,394.66,-60.294,4125,4105,4111,20,0,110.2,43.4,106.9,41.6,none,none,100.4,38.0,4125,4119,4111,4112,4114,4110,4109,4108,4111,4107,4109,4108,4110,4108,4108,4108,4107,4106,4107,4107,4109,4105,4107,4108,4107,4108,4107,4107,4107,4106,4109,4107,4109,4106,4107,4108,4108,4106,4109,4106,4110,4109,4115,4111,4114,4112,4123,4112,4121,4115,4122,4118,4118,4116,4122,4113,4110,4109,4123,4114,4119,4111,4112,4111,4113,4116,4114,4111,4113,4111,4115,4110,4111,4113,4114,4110,4113,4109,4111,4109,4111,4111,4117,4113,4116,4111,4110,4110,4122,4120,4115,4112,4120,4114,4115,4113,-0.32,SJNFAAZE1U0005576,117.67,13.04,8967.2421875,78,74,0,0,0,0,14.5,99.19,-150170,92,1527995730.175,0,1,0,0,0,0,0,3,0,1,394.73,394.73,7F,1,1,1,0082,57,40,40,0,0,19,0.00
03/06/2018 4:15:33,54 58.41399,-1 31.21785,406,0,420,830324,1145049,394.75,-60.905,4125,4106,4112,19,0,110.2,43.4,106.9,41.6,none,none,100.4,38.0,4125,4120,4111,4112,4115,4110,4109,4108,4112,4108,4108,4107,4110,4108,4108,4108,4108,4107,4108,4108,4109,4106,4108,4109,4107,4108,4107,4107,4107,4106,4108,4107,4109,4107,4106,4108,4109,4108,4109,4106,4111,4109,4116,4112,4114,4113,4123,4112,4122,4116,4123,4118,4119,4115,4123,4115,4112,4110,4124,4114,4121,4112,4112,4112,4115,4116,4115,4111,4113,4111,4114,4111,4112,4113,4114,4110,4113,4111,4111,4111,4111,4111,4117,4113,4116,4112,4110,4110,4124,4120,4116,4113,4120,4114,4116,4113,-0.30,SJNFAAZE1U0005576,117.67,13.04,8967.2421875,78,74,0,0,0,0,14.5,99.19,-150193,92,1527995733.895,0,1,1,0,7,0,0,3,0,1,394.72,394.72,7F,1,1,1,0082,57,40,40,0,0,19,0.00
03/06/2018 4:15:37,54 58.41433,-1 31.21948,360,0,420,830889,1145049,394.94,-61.728,4128,4107,4114,21,0,110.2,43.4,106.9,41.6,none,none,100.4,38.0,4128,4122,4113,4114,4117,4112,4110,4111,4112,4110,4111,4109,4113,4110,4110,4110,4110,4109,4109,4110,4111,4107,4109,4110,4109,4111,4110,4109,4109,4108,4110,4110,4112,4109,4109,4110,4111,4109,4111,4109,4113,4111,4118,4113,4117,4115,4125,4114,4123,4117,4125,4121,4122,4118,4126,4116,4114,4112,4125,4116,4122,4114,4114,4114,4116,4118,4118,4114,4115,4114,4116,4113,4114,4116,4116,4112,4115,4111,4113,4114,4113,4113,4120,4116,4117,4114,4112,4112,4126,4122,4117,4116,4123,4117,4119,4115,-0.33,SJNFAAZE1U0005576,117.67,13.04,8967.2421875,78,74,0,0,0,0,14.5,99.19,-150216,92,1527995737.793,0,1,0,0,0,0,0,3,0,1,394.90,394.90,7F,1,1,1,0082,57,40,40,0,0,19,0.00
03/06/2018 4:15:41,54 58.41762,-1 31.22204,357,0,421,831454,1145049,394.85,-60.630,4127,4107,4113,20,0,110.2,43.4,106.9,41.6,none,none,100.4,38.0,4127,4122,4113,4114,4116,4113,4110,4111,4112,4110,4111,4110,4111,4109,4109,4109,4110,4108,4109,4108,4111,4107,4109,4110,4109,4110,4110,4109,4109,4109,4110,4110,4111,4109,4109,4110,4110,4109,4110,4108,4112,4110,4117,4113,4116,4114,4123,4114,4123,4117,4124,4120,4121,4118,4125,4116,4113,4112,4126,4116,4123,4113,4115,4114,4116,4118,4116,4113,4115,4112,4117,4113,4112,4115,4116,4112,4114,4112,4111,4113,4113,4113,4118,4114,4117,4114,4112,4112,4124,4121,4117,4115,4121,4115,4119,4115,-0.33,SJNFAAZE1U0005576,117.67,13.04,8967.2421875,78,74,0,0,0,0,14.5,99.19,-150239,92,1527995741.620,0,1,0,0,0,0,0,3,0,1,395.02,395.02,7F,1,1,1,0082,57,40,40,0,0,19,0.00
03/06/2018 4:15:45,54 58.41745,-1 31.22214,347,0,421,832018,1145049,394.85,-59.958,4127,4108,4113,19,0,110.2,43.4,106.9,41.6,none,none,100.6,38.1,4127,4122,4113,4114,4116,4112,4110,4110,4113,4109,4110,4109,4112,4109,4110,4109,4110,4108,4109,4109,4111,4108,4108,4109,4109,4110,4109,4109,4109,4108,4110,4109,4111,4108,4108,4110,4110,4109,4110,4109,4113,4111,4117,4113,4116,4114,4125,4114,4123,4116,4124,4120,4120,4117,4124,4116,4112,4111,4125,4116,4122,4114,4114,4115,4116,4117,4117,4113,4115,4113,4116,4112,4113,4115,4115,4111,4115,4112,4113,4113,4113,4113,4120,4114,4118,4114,4113,4111,4124,4120,4117,4114,4123,4115,4118,4115,-0.34,SJNFAAZE1U0005576,117.67,13.04,8967.2421875,78,74,0,0,0,0,14.5,99.19,-150262,92,1527995745.184,0,1,0,0,0,0,0,3,0,1,394.88,394.88,7F,1,1,1,0082,57,40,40,0,0,19,0.00
03/06/2018 4:15:48,54 58.41677,-1 31.22191,344,0,421,832518,1145049,394.94,-61.118,4127,4107,4114,20,0,110.2,43.4,106.9,41.6,none,none,100.6,38.1,4127,4122,4114,4116,4117,4113,4111,4110,4113,4111,4112,4110,4112,4110,4110,4109,4110,4109,4110,4110,4110,4107,4110,4111,4109,4110,4110,4109,4110,4108,4110,4110,4112,4109,4110,4110,4112,4110,4112,4109,4113,4111,4119,4114,4116,4114,4124,4115,4124,4118,4125,4120,4122,4119,4126,4116,4114,4112,4126,4116,4123,4115,4114,4114,4116,4117,4117,4113,4116,4112,4117,4113,4114,4115,4116,4112,4116,4112,4113,4113,4113,4112,4119,4115,4119,4114,4112,4111,4125,4121,4118,4115,4123,4116,4119,4116,-0.34,SJNFAAZE1U0005576,117.67,13.04,8967.2421875,78,74,0,0,0,0,14.5,99.19,-150283,92,1527995748.550,0,1,1,0,7,0,0,3,0,1,394.95,394.95,7F,1,1,1,0082,57,40,40,0,0,19,0.00
03/06/2018 4:15:51,54 58.41675,-1 31.22192,344,0,422,833007,1145049,395.04,-62.248,4130,4109,4115,21,0,110.2,43.4,106.9,41.6,none,none,100.6,38.1,4130,4124,4114,4117,4117,4115,4111,4112,4113,4111,4112,4111,4112,4110,4110,4110,4110,4111,4110,4111,4111,4109,4110,4112,4110,4113,4110,4111,4109,4110,4111,4112,4112,4110,4110,4112,4112,4111,4111,4111,4113,4112,4118,4115,4117,4117,4125,4116,4125,4118,4125,4122,4123,4120,4127,4118,4117,4113,4126,4118,4123,4116,4117,4116,4117,4120,4118,4116,4117,4115,4118,4115,4115,4118,4117,4114,4116,4113,4115,4115,4115,4115,4120,4115,4119,4116,4113,4114,4126,4123,4119,4118,4124,4117,4120,4117,-0.34,SJNFAAZE1U0005576,117.67,13.04,8967.2421875,78,74,0,0,0,0,14.5,99.19,-150303,91,1527995751.908,0,1,0,0,0,0,0,3,0,1,395.06,395.06,7F,1,1,1,0082,57,40,40,0,0,19,0.00
03/06/2018 4:15:55,54 58.4167,-1 31.22194,344,0,422,833544,1145049,395.23,-61.698,4131,4110,4117,21,0,110.2,43.4,107.2,41.8,none,none,100.6,38.1,4131,4126,4117,4118,4120,4116,4114,4114,4116,4114,4114,4114,4116,4113,4112,4113,4112,4112,4113,4113,4113,4110,4112,4114,4112,4114,4113,4112,4112,4112,4113,4113,4114,4111,4113,4114,4114,4112,4114,4113,4116,4114,4120,4117,4120,4118,4129,4117,4126,4121,4128,4123,4126,4122,4128,4119,4117,4116,4128,4119,4125,4117,4117,4117,4121,4121,4121,4118,4118,4117,4120,4116,4118,4118,4120,4116,4118,4116,4116,4117,4116,4116,4122,4119,4122,4117,4116,4116,4128,4125,4122,4118,4126,4120,4121,4119,-0.34,SJNFAAZE1U0005576,117.67,13.04,8967.2421875,78,74,0,0,0,0,14.5,99.19,-150325,91,1527995755.559,0,1,0,0,0,0,0,3,0,1,395.19,395.19,7F,1,1,1,0082,57,40,40,0,0,19,0.00
03/06/2018 4:15:59,54 58.41664,-1 31.22192,344,0,422,834094,1145049,395.23,-60.508,4131,4110,4117,21,0,110.2,43.4,106.9,41.6,none,none,100.6,38.1,4131,4125,4117,4118,4120,4116,4113,4114,4116,4111,4115,4113,4115,4113,4113,4112,4112,4112,4112,4113,4114,4110,4112,4113,4113,4113,4113,4111,4112,4111,4113,4112,4114,4111,4112,4113,4115,4112,4114,4112,4115,4114,4120,4117,4119,4118,4129,4116,4125,4121,4127,4123,4124,4122,4128,4119,4117,4115,4128,4119,4127,4118,4118,4117,4119,4121,4121,4117,4118,4115,4120,4116,4116,4118,4119,4116,4118,4115,4116,4117,4116,4115,4123,4118,4121,4117,4115,4116,4127,4125,4120,4118,4125,4119,4122,4119,-0.35,SJNFAAZE1U0005576,117.67,13.04,8967.2421875,78,74,0,0,0,0,14.5,99.19,-150348,91,1527995759.414,0,1,0,0,0,0,0,3,0,1,395.31,395.31,7F,1,1,1,0082,57,40,40,0,0,19,0.00
03/06/2018 4:16:03,54 58.41551,-1 31.22234,337,0,422,834668,1145049,395.14,-60.966,4130,4110,4116,20,0,110.2,43.4,106.9,41.6,none,none,100.4,38.0,4130,4125,4117,4117,4120,4114,4113,4113,4115,4113,4114,4112,4114,4112,4112,4112,4113,4111,4112,4113,4114,4110,4112,4113,4112,4114,4112,4112,4112,4111,4113,4112,4114,4111,4112,4113,4113,4112,4114,4111,4114,4114,4120,4116,4119,4117,4127,4118,4127,4121,4128,4122,4124,4121,4127,4119,4115,4115,4128,4118,4125,4116,4117,4117,4119,4121,4120,4117,4118,4116,4119,4116,4116,4118,4118,4115,4118,4115,4115,4115,4117,4116,4122,4118,4121,4117,4115,4114,4127,4125,4121,4117,4124,4119,4121,4117,-0.31,SJNFAAZE1U0005576,117.67,13.04,8967.2421875,78,74,0,0,0,0,14.5,99.19,-150372,91,1527995763.287,0,1,1,0,7,0,0,3,0,1,395.18,395.18,7F,1,1,1,0082,57,40,40,0,0,19,0.00
03/06/2018 4:16:07,54 58.41463,-1 31.22299,334,0,423,835215,1145049,395.33,-60.447,4131,4112,4118,19,0,110.2,43.4,106.9,41.6,none,none,100.4,38.0,4131,4127,4118,4120,4121,4116,4114,4115,4117,4114,4115,4114,4116,4113,4114,4115,4114,4114,4114,4113,4115,4112,4113,4114,4114,4115,4115,4114,4113,4113,4114,4114,4116,4113,4114,4116,4115,4114,4116,4114,4117,4114,4122,4119,4121,4119,4129,4119,4128,4121,4129,4125,4127,4122,4130,4121,4119,4117,4130,4120,4127,4118,4118,4119,4120,4123,4122,4119,4119,4118,4121,4117,4117,4119,4120,4117,4121,4117,4117,4118,4117,4117,4124,4119,4123,4119,4116,4118,4129,4126,4122,4121,4127,4121,4123,4120,-0.34,SJNFAAZE1U0005576,117.67,13.04,8967.2421875,78,74,0,0,0,0,14.5,99.19,-150394,91,1527995767.056,0,1,0,0,0,0,0,3,0,1,395.36,395.36,7F,1,1,1,0082,57,40,40,0,0,19,0.00
03/06/2018 4:16:10,54 58.41378,-1 31.22358,334,0,423,835776,1145049,395.33,-60.630,4131,4112,4118,19,0,110.2,43.4,106.9,41.6,none,none,100.4,38.0,4131,4127,4117,4119,4121,4117,4115,4115,4117,4115,4116,4114,4115,4114,4113,4114,4114,4114,4114,4114,4114,4112,4113,4114,4114,4116,4114,4112,4114,4114,4115,4114,4116,4113,4114,4115,4115,4113,4115,4113,4117,4115,4122,4117,4120,4118,4129,4118,4127,4121,4130,4124,4126,4123,4130,4120,4117,4116,4129,4120,4126,4118,4118,4118,4120,4123,4122,4117,4120,4118,4121,4117,4117,4119,4120,4116,4119,4117,4118,4117,4116,4118,4124,4119,4123,4118,4115,4114,4129,4126,4122,4119,4126,4120,4123,4120,-0.34,SJNFAAZE1U0005576,117.67,13.04,8967.2421875,78,74,0,0,0,0,14.5,99.19,-150417,91,1527995770.731,0,1,0,0,0,0,0,3,0,1,395.42,395.42,7F,1,1,1,0082,57,40,40,0,0,19,0.00
03/06/2018 4:16:14,54 58.41331,-1 31.22367,334,0,423,836322,1145049,395.42,-61.149,4133,4112,4119,21,0,110.2,43.4,107.2,41.8,none,none,100.6,38.1,4133,4127,4119,4119,4121,4117,4116,4116,4118,4115,4116,4115,4118,4115,4114,4114,4114,4113,4114,4114,4115,4112,4114,4116,4114,4116,4115,4115,4114,4114,4115,4115,4116,4114,4114,4116,4116,4115,4115,4114,4118,4115,4123,4119,4122,4121,4130,4120,4129,4123,4130,4126,4126,4123,4131,4122,4119,4116,4130,4121,4127,4119,4120,4119,4122,4122,4122,4119,4120,4119,4122,4118,4119,4120,4122,4117,4121,4118,4117,4118,4118,4119,4125,4119,4124,4119,4118,4118,4130,4126,4123,4120,4127,4121,4123,4120,-0.32,SJNFAAZE1U0005576,117.67,13.04,8967.2421875,78,74,0,0,0,0,14.5,99.19,-150440,91,1527995774.420,0,1,0,0,0,0,0,3,0,1,395.41,395.41,7F,1,1,1,0082,57,40,40,0,0,19,0.00
03/06/2018 4:16:18,54 58.41327,-1 31.22368,337,0,424,836848,1145049,395.52,-59.379,4132,4113,4120,19,0,110.2,43.4,106.9,41.6,none,none,100.6,38.1,4132,4128,4119,4121,4122,4118,4116,4116,4119,4116,4116,4116,4118,4115,4116,4116,4116,4115,4115,4115,4117,4113,4116,4116,4114,4117,4115,4114,4115,4114,4116,4116,4117,4115,4115,4117,4117,4115,4117,4114,4118,4117,4123,4119,4122,4120,4131,4119,4129,4123,4130,4126,4129,4125,4131,4122,4121,4117,4131,4121,4128,4120,4121,4119,4122,4124,4123,4120,4122,4119,4123,4119,4120,4121,4122,4118,4123,4119,4118,4119,4119,4119,4125,4122,4123,4119,4117,4120,4131,4127,4123,4121,4127,4122,4125,4121,-0.35,SJNFAAZE1U0005576,117.67,13.04,8967.2421875,78,74,0,0,0,0,14.5,99.19,-150461,91,1527995778.197,0,1,1,0,7,0,0,3,0,1,395.52,395.52,7F,1,1,1,0082,57,40,40,0,0,19,0.00
03/06/2018 4:16:21,54 58.41327,-1 31.22367,334,0,424,837398,1145049,395.42,-60.111,4132,4112,4119,20,0,110.2,43.4,107.2,41.8,none,none,100.4,38.0,4132,4128,4119,4120,4122,4118,4116,4117,4118,4116,4117,4115,4118,4116,4115,4115,4116,4114,4115,4115,4116,4112,4115,4115,4114,4115,4114,4114,4115,4114,4115,4115,4116,4114,4115,4117,4118,4115,4117,4114,4118,4117,4123,4120,4122,4121,4131,4120,4129,4123,4130,4126,4126,4124,4132,4123,4119,4118,4131,4121,4127,4119,4120,4119,4121,4123,4122,4121,4120,4118,4122,4119,4119,4121,4121,4117,4121,4118,4117,4118,4118,4118,4125,4120,4124,4120,4117,4117,4129,4127,4123,4121,4127,4122,4124,4121,-0.36,SJNFAAZE1U0005576,117.67,13.04,8967.2421875,78,74,0,0,0,0,14.5,99.19,-150484,91,1527995781.918,0,1,0,0,0,0,0,3,0,1,395.51,395.51,7F,1,1,1,0082,57,40,40,0,0,19,0.00
03/06/2018 4:16:25,54 58.41327,-1 31.22367,334,0,424,837926,1145049,395.62,-61.088,4135,4114,4121,21,0,110.2,43.4,106.9,41.6,none,none,100.6,38.1,4135,4130,4120,4122,4125,4120,4118,4118,4120,4117,4118,4117,4119,4117,4117,4118,4117,4117,4116,4117,4118,4114,4116,4117,4116,4118,4116,4116,4117,4116,4117,4117,4119,4116,4116,4118,4119,4116,4119,4117,4120,4118,4125,4121,4123,4123,4132,4122,4130,4124,4132,4127,4129,4126,4133,4125,4123,4119,4132,4123,4130,4121,4121,4121,4123,4125,4125,4122,4122,4121,4124,4121,4121,4123,4123,4120,4122,4119,4120,4121,4120,4120,4126,4123,4125,4121,4120,4121,4132,4128,4124,4123,4130,4123,4127,4122,-0.30,SJNFAAZE1U0005576,117.67,13.04,8967.2421875,78,74,0,0,0,0,14.5,99.19,-150506,91,1527995785.500,0,1,0,0,0,0,0,3,0,1,395.60,395.60,7F,1,1,1,0082,57,40,40,0,0,19,0.00
03/06/2018 4:16:29,54 58.41327,-1 31.22367,334,0,424,838467,1145049,395.52,-59.714,4135,4114,4120,21,0,110.2,43.4,107.2,41.8,none,none,100.4,38.0,4135,4128,4120,4122,4123,4120,4118,4118,4120,4117,4117,4116,4118,4117,4116,4117,4116,4116,4116,4116,4117,4114,4115,4117,4116,4117,4115,4116,4116,4116,4116,4116,4118,4115,4117,4118,4118,4116,4117,4115,4119,4118,4124,4120,4123,4121,4132,4121,4131,4125,4131,4127,4128,4126,4132,4123,4121,4118,4132,4123,4129,4121,4121,4120,4122,4123,4124,4121,4122,4119,4123,4119,4119,4122,4122,4119,4122,4119,4120,4120,4120,4119,4126,4122,4125,4120,4118,4119,4131,4128,4124,4122,4129,4123,4125,4121,-0.34,SJNFAAZE1U0005576,117.67,13.04,8967.2421875,78,74,0,0,0,0,14.5,99.19,-150528,91,1527995789.339,0,1,0,0,0,0,0,3,0,1,395.68,395.68,7F,1,1,1,0082,57,40,40,0,0,19,0.00
03/06/2018 4:16:33,54 58.41326,-1 31.22367,334,0,425,839019,1145049,395.71,-60.386,4135,4116,4122,19,0,110.2,43.4,107.2,41.8,none,none,100.6,38.1,4135,4131,4122,4123,4126,4121,4119,4119,4121,4119,4119,4119,4120,4117,4118,4118,4117,4117,4118,4117,4119,4116,4117,4118,4118,4119,4117,4117,4118,4117,4118,4118,4120,4117,4117,4119,4120,4118,4119,4117,4120,4118,4126,4122,4124,4123,4133,4123,4131,4126,4133,4129,4130,4126,4134,4125,4123,4120,4134,4124,4131,4122,4123,4122,4124,4126,4125,4123,4123,4120,4125,4121,4123,4124,4124,4119,4125,4120,4121,4120,4121,4121,4128,4122,4126,4121,4119,4121,4133,4130,4126,4125,4130,4123,4126,4123,-0.33,SJNFAAZE1U0005576,117.67,13.04,8967.2421875,78,74,0,0,0,0,14.5,99.19,-150551,91,1527995793.054,0,1,1,0,6,0,0,3,0,1,395.68,395.68,7F,1,1,1,0082,57,40,40,0,0,19,0.00
03/06/2018 4:16:36,54 58.41325,-1 31.22367,334,0,425,839541,1145049,395.71,-58.677,4135,4116,4122,19,0,110.2,43.4,107.2,41.8,none,none,100.6,38.1,4135,4131,4122,4123,4125,4122,4119,4119,4121,4118,4119,4118,4121,4117,4119,4117,4118,4118,4117,4118,4119,4116,4117,4119,4117,4119,4118,4118,4118,4117,4118,4119,4120,4117,4117,4119,4119,4117,4120,4117,4122,4119,4126,4122,4125,4123,4134,4123,4132,4125,4133,4129,4131,4127,4134,4125,4123,4120,4133,4123,4132,4122,4123,4122,4125,4126,4125,4123,4123,4121,4125,4121,4121,4123,4125,4120,4124,4121,4121,4121,4123,4121,4127,4122,4126,4122,4121,4121,4134,4130,4126,4124,4131,4125,4127,4124,-0.36,SJNFAAZE1U0005576,117.67,13.04,8967.2421875,78,74,0,0,0,0,14.5,99.19,-150573,91,1527995796.693,0,1,0,0,0,0,0,3,0,1,395.77,395.77,7F,1,1,1,0082,57,40,40,0,0,19,0.00
03/06/2018 4:16:40,54 58.41324,-1 31.22367,334,0,425,840095,1145049,395.81,-60.722,4136,4117,4123,19,0,110.4,43.6,107.2,41.8,none,none,100.6,38.1,4136,4132,4123,4124,4126,4122,4120,4120,4122,4119,4120,4119,4121,4119,4120,4119,4118,4118,4118,4119,4120,4117,4118,4118,4118,4119,4119,4117,4118,4117,4120,4119,4120,4118,4119,4119,4120,4118,4120,4118,4121,4120,4126,4123,4126,4125,4134,4124,4132,4126,4134,4129,4130,4127,4134,4124,4123,4120,4134,4125,4132,4124,4124,4123,4126,4126,4126,4123,4124,4122,4126,4122,4122,4124,4125,4121,4124,4120,4122,4121,4122,4123,4128,4124,4127,4124,4121,4121,4133,4130,4126,4124,4132,4125,4128,4124,-0.33,SJNFAAZE1U0005576,117.67,13.04,8967.2421875,78,74,0,0,0,0,14.5,99.19,-150595,91,1527995800.646,0,1,0,0,0,0,0,3,0,1,395.76,395.76,7F,1,1,1,0082,57,40,40,0,0,19,0.00
03/06/2018 4:16:44,54 58.41324,-1 31.22367,334,0,425,840677,1145049,395.90,-58.921,4138,4118,4124,20,0,110.4,43.6,107.2,41.8,none,none,100.6,38.1,4138,4133,4124,4125,4127,4123,4120,4121,4124,4121,4121,4121,4121,4120,4120,4119,4120,4119,4119,4119,4123,4118,4119,4120,4119,4122,4120,4120,4119,4119,4120,4120,4121,4119,4119,4121,4122,4119,4121,4119,4122,4121,4127,4123,4127,4125,4135,4125,4133,4128,4135,4130,4132,4128,4136,4126,4124,4122,4135,4126,4133,4124,4124,4124,4126,4128,4127,4124,4124,4123,4126,4123,4123,4125,4125,4123,4126,4122,4123,4123,4124,4123,4129,4126,4127,4124,4122,4123,4135,4133,4128,4126,4132,4126,4129,4126,-0.34,SJNFAAZE1U0005576,117.67,13.04,8967.2421875,78,74,0,0,0,0,14.5,99.19,-150619,91,1527995804.535,0,1,0,0,0,0,0,3,0,1,395.91,395.91,7F,1,1,1,0082,57,40,40,0,0,19,0.00
03/06/2018 4:16:48,54 58.41324,-1 31.22367,334,0,426,841225,1145049,395.81,-59.470,4136,4116,4123,20,0,110.2,43.4,107.2,41.8,none,none,100.6,38.1,4136,4132,4123,4124,4126,4122,4120,4120,4122,4120,4120,4119,4120,4118,4119,4119,4119,4118,4119,4118,4119,4116,4118,4119,4119,4120,4119,4118,4118,4118,4119,4118,4120,4118,4118,4120,4120,4117,4120,4116,4122,4119,4126,4122,4125,4124,4134,4123,4131,4126,4133,4129,4131,4128,4133,4125,4123,4121,4134,4125,4131,4123,4124,4122,4125,4127,4125,4123,4124,4122,4126,4120,4122,4123,4125,4121,4125,4121,4121,4121,4122,4122,4128,4122,4127,4123,4121,4121,4133,4129,4126,4124,4131,4125,4127,4125,-0.38,SJNFAAZE1U0005576,117.67,13.04,8967.2421875,78,74,0,0,0,0,14.5,99.19,-150642,91,1527995808.249,0,1,1,0,6,0,0,3,0,1,395.85,395.85,7F,1,1,1,0082,57,40,40,0,0,19,0.00
03/06/2018 4:16:52,54 58.41324,-1 31.22367,334,0,426,841755,1145049,396.00,-59.470,4138,4118,4125,20,0,110.2,43.4,107.2,41.8,none,none,100.6,38.1,4138,4134,4125,4126,4128,4124,4122,4122,4125,4121,4122,4121,4122,4120,4120,4120,4120,4120,4120,4121,4122,4118,4120,4121,4120,4122,4121,4120,4120,4121,4120,4121,4122,4120,4121,4122,4122,4121,4122,4120,4124,4122,4130,4124,4127,4126,4136,4124,4133,4128,4137,4131,4133,4129,4137,4128,4126,4123,4137,4127,4134,4126,4125,4125,4127,4129,4128,4126,4125,4124,4127,4123,4125,4125,4126,4122,4127,4123,4123,4124,4123,4124,4131,4126,4129,4125,4123,4125,4136,4133,4129,4127,4134,4128,4130,4126,-0.36,SJNFAAZE1U0005576,117.67,13.04,8967.2421875,78,74,0,0,0,0,14.5,99.19,-150664,91,1527995812.105,0,1,0,0,0,0,0,3,0,1,396.00,396.00,7F,1,1,1,0082,57,40,40,0,0,19,0.00
03/06/2018 4:16:56,54 58.41324,-1 31.22367,334,0,426,842315,1145049,395.90,-58.799,4138,4117,4124,21,0,110.4,43.6,107.2,41.8,none,none,100.6,38.1,4138,4133,4124,4125,4127,4123,4122,4120,4123,4120,4121,4120,4123,4121,4120,4119,4120,4119,4119,4119,4121,4117,4120,4120,4120,4121,4119,4119,4119,4120,4121,4119,4122,4119,4119,4121,4121,4119,4120,4119,4123,4122,4128,4124,4126,4125,4135,4125,4134,4128,4135,4129,4132,4128,4135,4127,4124,4122,4135,4126,4134,4124,4125,4125,4126,4128,4127,4123,4126,4123,4126,4122,4123,4125,4127,4123,4127,4122,4123,4122,4123,4123,4130,4125,4129,4125,4122,4121,4135,4131,4128,4126,4133,4126,4129,4126,-0.33,SJNFAAZE1U0005576,117.67,13.04,8967.2421875,78,74,0,0,0,0,14.5,99.19,-150687,91,1527995816.009,0,1,0,0,0,0,0,3,0,1,396.02,396.02,7F,1,1,1,0082,57,40,40,0,0,19,0.00
03/06/2018 4:16:59,54 58.41324,-1 31.22367,334,0,427,842864,1145049,396.10,-60.203,4139,4119,4126,20,0,110.4,43.6,107.2,41.8,none,none,100.8,38.2,4139,4135,4126,4126,4129,4124,4122,4123,4125,4121,4123,4122,4125,4122,4122,4122,4122,4121,4121,4122,4123,4119,4121,4122,4121,4123,4122,4122,4122,4120,4122,4122,4124,4121,4122,4123,4123,4122,4123,4122,4125,4123,4130,4126,4129,4127,4137,4126,4135,4130,4137,4132,4135,4131,4137,4129,4127,4124,4137,4128,4135,4126,4126,4125,4127,4129,4129,4126,4127,4125,4129,4125,4127,4127,4128,4124,4129,4124,4126,4126,4125,4124,4131,4127,4130,4126,4124,4125,4136,4132,4130,4129,4134,4129,4131,4128,-0.32,SJNFAAZE1U0005576,117.67,13.04,8967.2421875,78,74,0,0,0,0,14.5,99.19,-150709,91,1527995819.741,0,1,0,0,0,0,0,3,0,1,396.07,396.07,7F,1,1,1,0082,57,40,40,0,0,19,0.00
03/06/2018 4:17:03,54 58.41324,-1 31.22367,334,0,427,843390,1145049,396.10,-57.761,4139,4120,4126,19,0,110.4,43.6,107.2,41.8,none,none,100.6,38.1,4139,4136,4126,4127,4128,4125,4122,4123,4125,4123,4123,4123,4124,4123,4122,4122,4122,4122,4121,4122,4122,4120,4122,4123,4121,4123,4121,4122,4121,4123,4122,4123,4124,4122,4121,4123,4122,4123,4122,4122,4125,4123,4129,4125,4127,4128,4137,4127,4134,4130,4136,4132,4133,4131,4138,4131,4126,4125,4137,4129,4134,4127,4126,4126,4127,4130,4129,4127,4127,4127,4128,4125,4126,4127,4128,4124,4127,4125,4125,4125,4125,4126,4131,4128,4130,4127,4124,4124,4137,4134,4129,4128,4134,4129,4131,4128,-0.32,SJNFAAZE1U0005576,117.67,13.04,8967.2421875,78,74,0,0,0,0,14.5,99.19,-150731,91,1527995823.406,0,1,1,0,7,0,0,3,0,1,396.20,396.20,7F,1,1,1,0082,57,40,40,0,0,19,0.00
03/06/2018 4:17:07,54 58.41324,-1 31.22367,334,0,427,843904,1145049,396.10,-59.653,4139,4119,4126,20,0,110.4,43.6,107.2,41.8,none,none,100.6,38.1,4139,4135,4126,4127,4129,4125,4124,4123,4125,4123,4123,4122,4124,4122,4122,4122,4122,4121,4121,4121,4123,4119,4121,4123,4121,4123,4121,4122,4122,4121,4122,4122,4123,4120,4121,4124,4123,4122,4124,4122,4125,4122,4130,4126,4129,4127,4138,4126,4135,4129,4137,4133,4135,4131,4138,4128,4126,4124,4137,4128,4134,4126,4127,4125,4128,4130,4130,4126,4128,4126,4128,4125,4125,4127,4128,4123,4128,4124,4125,4126,4124,4126,4132,4126,4131,4126,4125,4123,4136,4133,4131,4128,4135,4128,4131,4128,-0.31,SJNFAAZE1U0005576,117.67,13.04,8967.2421875,78,74,0,0,0,0,14.5,99.19,-150752,91,1527995827.068,0,1,0,0,0,0,0,3,0,1,396.10,396.10,7F,1,1,1,0082,57,40,40,0,0,19,0.00
03/06/2018 4:17:10,54 58.41324,-1 31.22367,334,0,427,844438,1145049,396.29,-58.921,4140,4121,4128,19,0,110.4,43.6,107.2,41.8,none,none,100.6,38.1,4140,4136,4127,4129,4130,4127,4125,4125,4127,4124,4124,4123,4126,4123,4123,4124,4123,4123,4122,4124,4124,4121,4123,4124,4124,4125,4124,4123,4124,4122,4123,4123,4125,4123,4124,4125,4124,4123,4125,4123,4127,4124,4131,4127,4131,4129,4138,4128,4136,4131,4138,4134,4137,4132,4139,4131,4129,4125,4139,4130,4136,4128,4128,4127,4129,4131,4130,4129,4129,4127,4132,4127,4128,4129,4130,4126,4129,4126,4128,4127,4127,4127,4133,4128,4133,4127,4126,4127,4139,4136,4132,4130,4137,4131,4132,4129,-0.32,SJNFAAZE1U0005576,117.67,13.04,8967.2421875,78,74,0,0,0,0,14.5,99.19,-150774,91,1527995830.746,0,1,0,0,0,0,0,3,0,1,396.31,396.31,7F,1,1,1,0082,57,40,40,0,0,19,0.00
03/06/2018 4:17:14,54 58.41324,-1 31.22367,334,0,428,844984,1145049,396.29,-59.775,4141,4120,4128,21,0,110.2,43.4,107.2,41.8,none,none,100.6,38.1,4141,4137,4128,4129,4131,4126,4125,4125,4127,4124,4124,4124,4125,4123,4124,4123,4123,4122,4123,4122,4124,4120,4124,4124,4123,4124,4123,4122,4124,4122,4124,4124,4125,4121,4123,4125,4125,4123,4125,4123,4127,4124,4131,4127,4130,4129,4138,4128,4136,4131,4138,4134,4136,4132,4139,4130,4128,4126,4139,4130,4136,4128,4128,4129,4130,4130,4131,4128,4129,4127,4132,4127,4128,4129,4130,4126,4129,4126,4126,4126,4127,4127,4133,4128,4132,4127,4126,4126,4138,4135,4132,4129,4137,4130,4132,4129,-0.36,SJNFAAZE1U0005576,117.67,13.04,8967.2421875,78,74,0,0,0,0,14.5,99.19,-150797,91,1527995834.809,0,1,0,0,0,0,0,3,0,1,396.24,396.24,7F,1,1,1,0082,57,40,40,0,0,19,0.00
03/06/2018 4:17:21,54 58.41324,-1 31.22367,334,0,428,845696,1145049,396.38,-58.708,4142,4122,4129,20,0,110.4,43.6,107.2,41.8,none,none,100.6,38.1,4142,4138,4130,4131,4132,4127,4126,4126,4128,4124,4126,4124,4127,4125,4125,4124,4125,4124,4124,4125,4127,4122,4123,4124,4125,4126,4125,4124,4126,4124,4125,4125,4127,4124,4124,4126,4126,4124,4125,4125,4128,4126,4133,4129,4131,4130,4140,4129,4139,4133,4140,4135,4137,4133,4140,4132,4130,4127,4141,4131,4138,4130,4129,4128,4131,4133,4132,4129,4131,4128,4132,4127,4129,4130,4131,4127,4131,4127,4127,4128,4129,4128,4134,4131,4134,4129,4128,4128,4139,4136,4133,4131,4137,4131,4134,4131,-0.32,SJNFAAZE1U0005576,117.67,13.04,8967.2421875,78,74,0,0,0,0,14.5,99.19,-150826,91,1527995841.100,0,1,1,0,7,0,0,3,0,1,396.27,396.27,7F,1,1,1,0082,57,40,40,0,0,19,0.00
03/06/2018 4:17:28,54 58.41324,-1 31.22367,334,0,429,846729,1145049,396.38,-58.860,4143,4123,4129,20,0,110.4,43.6,107.4,41.9,none,none,100.8,38.2,4143,4138,4128,4130,4132,4128,4127,4125,4128,4126,4126,4125,4128,4125,4125,4125,4124,4125,4125,4125,4126,4123,4125,4125,4126,4126,4125,4124,4124,4124,4126,4125,4126,4124,4125,4127,4127,4124,4127,4125,4128,4126,4133,4127,4132,4130,4140,4129,4139,4132,4139,4135,4138,4133,4142,4133,4129,4127,4140,4132,4137,4129,4130,4129,4132,4134,4132,4129,4132,4128,4132,4128,4129,4130,4131,4126,4130,4127,4128,4128,4129,4129,4134,4130,4133,4129,4128,4128,4141,4137,4133,4131,4137,4131,4135,4131,-0.33,SJNFAAZE1U0005576,117.67,13.04,8967.2421875,78,74,0,0,0,0,14.5,99.19,-150869,91,1527995848.428,0,1,0,0,0,0,0,3,0,1,396.49,396.49,7F,1,1,1,0082,57,40,40,0,0,19,0.00
03/06/2018 4:17:35,54 58.41324,-1 31.22367,334,0,429,847739,1145049,396.48,-56.938,4142,4124,4130,18,0,110.4,43.6,107.2,41.8,none,none,100.6,38.1,4142,4139,4129,4131,4132,4131,4126,4128,4128,4127,4127,4127,4127,4127,4124,4126,4126,4126,4126,4126,4126,4125,4126,4127,4125,4128,4125,4125,4125,4126,4126,4126,4127,4126,4125,4128,4127,4126,4127,4125,4128,4128,4134,4131,4132,4131,4139,4131,4139,4134,4140,4137,4138,4136,4142,4133,4130,4129,4141,4132,4138,4130,4131,4131,4132,4134,4133,4131,4131,4130,4133,4130,4129,4131,4132,4128,4131,4129,4128,4129,4129,4130,4136,4131,4135,4130,4127,4129,4140,4139,4133,4132,4138,4133,4134,4131,-0.34,SJNFAAZE1U0005576,117.67,13.04,8967.2421875,78,74,0,0,0,0,14.5,99.19,-150910,91,1527995855.705,0,1,1,0,6,0,0,3,0,1,396.63,396.63,7F,1,1,1,0082,57,40,40,0,0,19,0.00
03/06/2018 4:17:40,54 58.41324,-1 31.22367,334,0,430,848657,1145049,396.58,-58.738,4146,4126,4131,20,0,110.4,43.6,107.2,41.8,none,none,100.6,38.1,4146,4139,4131,4133,4135,4130,4129,4128,4131,4128,4129,4127,4129,4128,4127,4127,4128,4126,4126,4127,4129,4126,4127,4127,4127,4129,4128,4127,4127,4126,4128,4128,4130,4127,4127,4128,4128,4127,4129,4126,4130,4128,4136,4131,4134,4133,4142,4132,4140,4135,4143,4137,4141,4135,4143,4135,4131,4130,4143,4132,4140,4131,4133,4132,4134,4135,4135,4132,4133,4131,4134,4129,4132,4133,4133,4129,4134,4128,4131,4130,4129,4130,4136,4132,4136,4131,4130,4130,4142,4139,4135,4134,4140,4133,4137,4133,-0.35,SJNFAAZE1U0005576,117.67,13.04,8967.2421875,78,74,0,0,0,0,14.5,99.19,-150948,91,1527995860.644,0,1,0,0,0,0,0,3,0,1,396.59,396.59,7F,1,1,1,0082,57,40,40,0,0,19,0.00
03/06/2018 4:17:44,54 58.41324,-1 31.22367,334,0,430,849196,1145049,396.77,-58.280,4146,4127,4133,19,0,110.4,43.6,107.2,41.8,none,none,100.6,38.1,4146,4142,4132,4134,4135,4132,4130,4131,4131,4130,4130,4130,4131,4130,4129,4129,4129,4129,4129,4129,4130,4127,4128,4131,4129,4131,4130,4129,4129,4129,4129,4130,4131,4130,4128,4130,4129,4130,4129,4128,4132,4131,4137,4133,4135,4134,4144,4133,4142,4137,4144,4140,4141,4138,4144,4136,4135,4132,4144,4136,4142,4134,4134,4133,4135,4137,4136,4134,4134,4134,4135,4132,4133,4135,4135,4132,4135,4132,4131,4132,4132,4133,4138,4135,4137,4133,4132,4132,4143,4142,4136,4135,4141,4137,4138,4135,-0.33,SJNFAAZE1U0005576,117.67,13.04,8967.2421875,78,74,0,0,0,0,14.5,99.19,-150971,91,1527995864.219,0,1,0,0,0,0,0,3,0,1,396.77,396.77,7F,1,1,1,0082,57,40,40,0,0,19,0.00
03/06/2018 4:17:47,54 58.41264,-1 31.22354,331,0,430,849699,1145049,396.67,-57.182,4146,4126,4132,20,0,110.4,43.6,107.2,41.8,none,none,100.6,38.1,4146,4141,4131,4134,4134,4131,4129,4129,4131,4128,4129,4129,4129,4128,4127,4128,4128,4127,4126,4128,4129,4126,4128,4130,4127,4129,4128,4128,4127,4127,4128,4128,4129,4127,4128,4130,4130,4128,4130,4128,4129,4129,4135,4132,4133,4133,4142,4132,4141,4135,4143,4139,4139,4138,4143,4134,4131,4130,4143,4134,4141,4133,4132,4132,4134,4136,4135,4132,4133,4131,4135,4132,4131,4133,4134,4131,4133,4131,4131,4132,4131,4132,4137,4133,4136,4132,4130,4130,4143,4140,4136,4134,4140,4136,4136,4134,-0.30,SJNFAAZE1U0005576,117.67,13.04,8967.2421875,78,74,0,0,0,0,14.5,99.19,-150991,91,1527995867.768,0,1,1,0,6,0,0,3,0,1,396.73,396.73,7F,1,1,1,0082,57,40,40,0,0,19,0.00
03/06/2018 4:17:51,54 58.41255,-1 31.22368,334,0,430,850205,1145049,396.86,-59.074,4146,4128,4134,18,0,110.4,43.6,107.2,41.8,none,none,100.6,38.1,4146,4142,4133,4135,4136,4133,4131,4131,4134,4129,4131,4129,4131,4130,4129,4130,4130,4130,4129,4129,4131,4128,4130,4131,4129,4130,4129,4128,4129,4129,4130,4130,4132,4129,4129,4131,4131,4129,4130,4130,4131,4130,4138,4134,4136,4135,4145,4135,4143,4137,4145,4140,4142,4139,4146,4137,4134,4133,4146,4136,4143,4134,4134,4134,4136,4138,4137,4135,4135,4133,4137,4132,4135,4134,4136,4131,4135,4132,4132,4133,4133,4133,4139,4136,4138,4136,4132,4133,4145,4141,4138,4136,4142,4137,4138,4136,-0.37,SJNFAAZE1U0005576,117.67,13.04,8967.2421875,78,74,0,0,0,0,14.5,99.19,-151012,91,1527995871.588,0,1,0,0,0,0,0,3,0,1,396.80,396.80,7F,1,1,1,0082,57,40,40,0,0,19,0.00
03/06/2018 4:17:55,54 58.41263,-1 31.22366,337,0,431,850742,1145049,396.77,-57.792,4146,4127,4133,19,0,110.4,43.6,107.2,41.8,none,none,100.8,38.2,4146,4142,4132,4134,4137,4132,4130,4130,4133,4129,4130,4129,4132,4129,4129,4129,4129,4128,4129,4129,4130,4127,4128,4129,4129,4130,4129,4128,4129,4129,4129,4129,4131,4128,4129,4130,4130,4129,4130,4127,4132,4131,4137,4132,4135,4134,4145,4134,4142,4137,4144,4139,4142,4138,4145,4135,4133,4132,4145,4134,4141,4134,4134,4133,4135,4137,4136,4133,4134,4132,4136,4132,4133,4134,4136,4131,4135,4131,4133,4132,4133,4132,4138,4135,4138,4133,4131,4132,4144,4141,4137,4134,4143,4135,4137,4136,-0.34,SJNFAAZE1U0005576,117.67,13.04,8967.2421875,78,74,0,0,0,0,14.5,99.19,-151034,91,1527995875.269,0,1,0,0,0,0,0,3,0,1,396.90,396.90,7F,1,1,1,0082,57,40,40,0,0,19,0.00
03/06/2018 4:17:58,54 58.41253,-1 31.22362,337,0,431,851252,1145049,396.96,-59.104,4148,4129,4135,19,0,110.4,43.6,107.2,41.8,none,none,100.6,38.1,4148,4144,4136,4136,4138,4132,4132,4132,4133,4131,4132,4130,4133,4131,4131,4131,4130,4129,4131,4130,4131,4129,4130,4132,4131,4131,4131,4130,4131,4130,4132,4130,4132,4130,4130,4133,4131,4131,4133,4130,4135,4131,4138,4135,4137,4135,4146,4136,4144,4139,4147,4141,4144,4139,4146,4138,4136,4134,4147,4137,4144,4135,4136,4135,4136,4139,4137,4135,4136,4133,4137,4133,4136,4135,4137,4133,4137,4133,4134,4134,4134,4134,4140,4137,4139,4135,4132,4134,4146,4143,4139,4137,4143,4138,4140,4137,-0.36,SJNFAAZE1U0005576,117.67,13.04,8967.2421875,78,74,0,0,0,0,14.5,99.19,-151055,91,1527995878.841,0,1,0,0,0,0,0,3,0,1,396.94,396.94,7F,1,1,1,0082,57,40,40,0,0,19,0.00
03/06/2018 4:18:02,54 58.41241,-1 31.2237,337,0,431,851757,1145049,396.86,-56.907,4148,4128,4134,20,0,110.4,43.6,107.2,41.8,none,none,100.8,38.2,4148,4144,4134,4135,4137,4134,4131,4131,4132,4131,4132,4132,4133,4131,4131,4132,4131,4130,4130,4130,4131,4128,4129,4132,4130,4132,4131,4130,4129,4131,4130,4131,4132,4130,4129,4131,4131,4129,4131,4130,4133,4131,4138,4134,4136,4136,4145,4135,4143,4138,4145,4142,4142,4140,4145,4138,4134,4134,4146,4136,4142,4135,4135,4135,4136,4139,4137,4135,4135,4133,4137,4134,4133,4135,4136,4133,4135,4133,4132,4133,4133,4133,4139,4135,4138,4135,4132,4132,4146,4143,4137,4136,4141,4138,4138,4137,-0.33,SJNFAAZE1U0005576,117.67,13.04,8967.2421875,78,74,0,0,0,0,14.5,99.19,-151076,91,1527995882.469,0,1,1,0,6,0,0,3,0,1,397.02,397.02,7F,1,1,1,0082,57,40,40,0,0,19,0.00
03/06/2018 4:18:06,54 58.41237,-1 31.22374,337,0,431,852275,1145049,397.06,-57.822,4149,4130,4136,19,0,110.7,43.7,107.2,41.8,none,none,100.8,38.2,4149,4146,4135,4138,4139,4135,4132,4134,4135,4133,4134,4133,4133,4133,4132,4132,4132,4132,4131,4132,4132,4130,4131,4133,4132,4134,4132,4132,4131,4132,4132,4132,4133,4132,4131,4134,4132,4132,4132,4132,4135,4134,4139,4136,4139,4138,4146,4137,4145,4140,4147,4143,4144,4140,4147,4139,4137,4134,4147,4138,4144,4137,4137,4137,4137,4141,4139,4138,4137,4136,4137,4135,4136,4138,4138,4134,4137,4135,4135,4136,4135,4136,4141,4138,4141,4137,4133,4136,4146,4146,4140,4138,4144,4139,4140,4138,-0.37,SJNFAAZE1U0005576,117.67,13.04,8967.2421875,78,74,0,0,0,0,14.5,99.19,-151097,91,1527995886.096,0,1,0,0,8,0,0,3,0,1,397.08,397.08,7F,1,1,1,0082,57,40,40,0,0,19,0.00
03/06/2018 4:18:09,54 58.41237,-1 31.22375,337,0,432,852776,1145049,396.96,-57.151,4148,4130,4135,18,0,110.7,43.7,107.4,41.9,none,none,100.8,38.2,4148,4145,4135,4137,4139,4134,4132,4132,4134,4132,4132,4133,4134,4132,4131,4132,4131,4131,4130,4132,4133,4130,4131,4132,4131,4132,4131,4131,4130,4131,4131,4132,4132,4131,4130,4133,4132,4131,4131,4131,4134,4133,4138,4135,4137,4137,4147,4137,4144,4139,4146,4143,4142,4141,4147,4138,4135,4134,4147,4137,4144,4136,4136,4135,4137,4140,4138,4136,4136,4134,4138,4134,4135,4137,4137,4134,4137,4133,4134,4135,4135,4136,4141,4137,4139,4136,4133,4133,4146,4144,4140,4137,4144,4138,4141,4138,-0.36,SJNFAAZE1U0005576,117.67,13.04,8967.2421875,78,74,0,0,0,0,14.5,99.19,-151118,91,1527995889.882,0,1,0,0,0,0,0,3,0,1,397.05,397.05,7F,1,1,1,0082,57,40,40,0,0,19,0.00
03/06/2018 4:18:13,54 58.41237,-1 31.22375,337,0,432,853306,1145049,397.15,-57.151,4150,4132,4137,18,0,110.4,43.6,107.4,41.9,none,none,100.8,38.2,4150,4147,4137,4139,4140,4136,4134,4134,4136,4134,4134,4134,4135,4134,4133,4134,4133,4134,4132,4134,4134,4132,4132,4134,4132,4134,4132,4132,4133,4133,4133,4134,4134,4133,4133,4135,4134,4132,4134,4132,4136,4135,4140,4138,4140,4139,4147,4139,4146,4141,4147,4144,4146,4142,4148,4140,4137,4137,4149,4139,4147,4138,4137,4137,4139,4143,4140,4138,4137,4136,4138,4136,4136,4138,4138,4136,4139,4136,4135,4137,4136,4137,4142,4138,4141,4138,4135,4137,4148,4145,4141,4140,4145,4140,4142,4140,-0.34,SJNFAAZE1U0005576,117.67,13.04,8967.2421875,78,74,0,0,0,0,14.5,99.19,-151140,91,1527995893.572,0,1,0,0,0,0,0,3,0,1,397.22,397.22,7F,1,1,1,0082,57,40,40,0,0,19,0.00
03/06/2018 4:18:17,54 58.41237,-1 31.22375,337,0,432,853802,1145049,397.06,-56.662,4150,4131,4136,19,0,110.4,43.6,107.4,41.9,none,none,100.8,38.2,4150,4145,4136,4138,4140,4135,4133,4133,4134,4132,4134,4133,4134,4133,4132,4133,4131,4132,4131,4133,4133,4131,4132,4133,4131,4133,4132,4133,4131,4131,4132,4133,4133,4132,4132,4134,4133,4133,4132,4132,4134,4132,4140,4136,4138,4138,4146,4138,4146,4140,4148,4142,4144,4141,4148,4139,4136,4135,4147,4139,4144,4138,4137,4137,4138,4140,4139,4135,4137,4136,4139,4136,4137,4138,4137,4135,4137,4134,4136,4135,4135,4136,4140,4137,4140,4137,4134,4134,4147,4144,4139,4138,4145,4139,4141,4138,-0.33,SJNFAAZE1U0005576,117.67,13.04,8967.2421875,78,74,0,0,0,0,14.5,99.19,-151160,91,1527995897.371,0,1,1,0,6,0,0,3,0,1,397.09,397.09,7F,1,1,1,0082,57,40,40,0,0,19,0.00
03/06/2018 4:18:20,54 58.41237,-1 31.22375,337,0,432,854311,1145049,397.25,-57.334,4150,4132,4138,18,0,110.7,43.7,107.4,41.9,none,none,100.8,38.2,4150,4148,4138,4140,4142,4138,4135,4135,4137,4134,4135,4135,4136,4135,4134,4135,4134,4133,4133,4134,4135,4132,4134,4136,4134,4135,4134,4134,4133,4135,4134,4134,4135,4134,4134,4136,4135,4134,4134,4134,4136,4135,4142,4139,4142,4140,4149,4139,4147,4143,4148,4145,4147,4143,4150,4142,4140,4137,4149,4140,4149,4139,4138,4138,4140,4143,4142,4139,4138,4138,4141,4138,4137,4140,4139,4136,4140,4136,4136,4138,4137,4138,4144,4139,4142,4139,4136,4138,4149,4147,4141,4141,4146,4141,4142,4141,-0.36,SJNFAAZE1U0005576,117.67,13.04,8967.2421875,78,74,0,0,0,0,14.5,99.19,-151181,91,1527995900.907,0,1,1,0,7,0,0,3,0,1,397.30,397.30,7F,1,1,1,0082,57,40,40,0,0,19,0.00
03/06/2018 4:18:24,54 58.41237,-1 31.22375,337,0,433,854797,1145049,397.15,-57.151,4150,4132,4137,18,0,110.7,43.7,107.4,41.9,none,none,100.8,38.2,4150,4146,4136,4139,4140,4136,4134,4134,4136,4134,4135,4134,4135,4134,4134,4134,4133,4133,4133,4134,4134,4132,4133,4135,4133,4135,4133,4133,4133,4134,4133,4134,4135,4133,4133,4135,4135,4133,4134,4132,4135,4135,4141,4137,4139,4140,4149,4138,4146,4142,4148,4144,4145,4143,4149,4140,4139,4135,4149,4139,4146,4139,4137,4138,4138,4142,4142,4138,4138,4137,4139,4137,4137,4139,4139,4136,4138,4137,4136,4137,4136,4136,4143,4138,4140,4137,4136,4135,4149,4146,4141,4139,4145,4141,4142,4139,-0.31,SJNFAAZE1U0005576,117.67,13.04,8967.2421875,78,74,0,0,0,0,14.5,99.19,-151201,91,1527995904.440,0,1,0,0,0,0,0,3,0,1,397.26,397.26,7F,1,1,1,0082,57,40,40,0,0,19,0.00
03/06/2018 4:18:28,54 58.41237,-1 31.22375,337,0,433,855313,1145049,397.44,-57.517,4152,4134,4140,18,0,110.4,43.6,107.4,41.9,none,none,100.8,38.2,4152,4149,4139,4141,4142,4139,4136,4137,4138,4135,4136,4135,4137,4137,4135,4136,4135,4136,4135,4136,4137,4135,4134,4136,4136,4137,4135,4136,4135,4136,4135,4136,4137,4135,4134,4137,4137,4135,4136,4135,4138,4137,4143,4140,4142,4142,4151,4141,4147,4143,4149,4147,4148,4144,4151,4142,4140,4138,4150,4142,4149,4141,4140,4139,4142,4143,4141,4141,4141,4139,4141,4139,4140,4141,4142,4138,4141,4139,4138,4140,4138,4139,4145,4140,4144,4139,4137,4138,4150,4147,4143,4142,4147,4142,4144,4142,-0.32,SJNFAAZE1U0005576,117.67,13.04,8967.2421875,78,74,0,0,0,0,14.5,99.19,-151223,91,1527995908.126,0,1,0,0,0,0,0,3,0,1,397.44,397.44,7F,1,1,1,0082,57,40,40,0,0,19,0.00
03/06/2018 4:18:32,54 58.41238,-1 31.22375,337,0,433,855838,1145049,397.34,-56.999,4152,4133,4139,19,0,110.7,43.7,107.4,41.9,none,none,100.8,38.2,4152,4148,4138,4141,4142,4138,4135,4137,4137,4135,4136,4135,4137,4136,4135,4136,4134,4135,4134,4135,4135,4133,4134,4135,4134,4136,4134,4136,4134,4135,4135,4136,4137,4136,4134,4137,4136,4134,4136,4134,4137,4136,4142,4139,4141,4141,4150,4140,4148,4142,4150,4146,4146,4144,4150,4142,4139,4137,4150,4141,4147,4139,4139,4139,4142,4143,4141,4140,4139,4139,4140,4139,4139,4140,4140,4137,4140,4137,4137,4138,4138,4138,4143,4140,4143,4141,4138,4136,4149,4147,4143,4141,4147,4142,4144,4142,-0.34,SJNFAAZE1U0005576,117.67,13.04,8967.2421875,78,74,0,0,0,0,14.5,99.19,-151244,91,1527995912.025,0,1,1,0,6,0,0,3,0,1,397.32,397.32,7F,1,1,1,0082,57,40,40,0,0,19,0.00
03/06/2018 4:18:35,54 58.41238,-1 31.22375,337,0,433,856346,1145049,397.44,-56.571,4152,4134,4140,18,0,110.4,43.6,107.4,41.9,none,none,100.8,38.2,4152,4149,4139,4141,4143,4139,4136,4136,4138,4136,4136,4136,4138,4136,4136,4137,4136,4136,4135,4136,4137,4135,4135,4138,4134,4138,4135,4136,4135,4136,4136,4136,4137,4136,4136,4137,4137,4136,4135,4135,4138,4137,4143,4140,4142,4141,4150,4141,4149,4145,4151,4147,4148,4145,4151,4143,4139,4139,4151,4143,4149,4140,4140,4140,4142,4144,4142,4139,4140,4139,4143,4139,4138,4140,4141,4138,4141,4138,4138,4139,4139,4139,4145,4141,4144,4140,4138,4138,4151,4148,4144,4142,4149,4143,4144,4142,-0.33,SJNFAAZE1U0005576,117.67,13.04,8967.2421875,78,74,0,0,0,0,14.5,99.19,-151265,91,1527995915.774,0,1,1,0,7,0,0,3,0,1,397.52,397.52,7F,1,1,1,0082,57,40,40,0,0,19,0.00
03/06/2018 4:18:39,54 58.41238,-1 31.22375,337,0,434,856875,1145049,397.54,-58.066,4154,4136,4141,18,0,110.7,43.7,107.4,41.9,none,none,100.8,38.2,4154,4150,4140,4143,4144,4140,4138,4138,4140,4138,4138,4137,4139,4138,4136,4138,4136,4137,4137,4138,4138,4136,4137,4138,4136,4139,4138,4137,4137,4137,4137,4138,4139,4136,4136,4139,4139,4137,4139,4136,4140,4138,4145,4142,4144,4142,4152,4141,4150,4145,4152,4148,4150,4146,4152,4143,4142,4140,4152,4144,4150,4142,4141,4142,4144,4146,4144,4142,4142,4141,4144,4140,4141,4143,4143,4140,4142,4140,4140,4140,4140,4141,4146,4143,4145,4143,4140,4141,4152,4150,4145,4143,4149,4145,4145,4143,-0.34,SJNFAAZE1U0005576,117.67,13.04,8967.2421875,78,74,0,0,0,0,14.5,99.19,-151287,91,1527995919.550,0,1,0,0,0,0,0,3,0,1,397.53,397.53,7F,1,1,1,0082,57,40,40,0,0,19,0.00
03/06/2018 4:18:43,54 58.41239,-1 31.22375,337,0,434,857402,1145049,397.54,-57.029,4154,4134,4141,20,0,110.4,43.6,107.4,41.9,none,none,100.8,38.2,4154,4150,4141,4142,4144,4139,4137,4138,4138,4137,4138,4137,4139,4137,4137,4137,4137,4136,4136,4137,4138,4135,4136,4137,4136,4138,4136,4136,4135,4136,4136,4136,4138,4136,4134,4139,4138,4136,4137,4135,4139,4138,4144,4141,4143,4144,4151,4141,4149,4144,4151,4148,4148,4145,4152,4143,4140,4140,4151,4143,4149,4140,4142,4142,4142,4145,4143,4141,4142,4140,4143,4140,4140,4143,4142,4140,4142,4140,4139,4140,4139,4140,4145,4143,4144,4141,4139,4139,4151,4149,4144,4143,4149,4143,4146,4144,-0.36,SJNFAAZE1U0005576,117.67,13.04,8967.2421875,78,74,0,0,0,0,14.5,99.19,-151309,91,1527995923.267,0,1,0,0,0,0,0,3,0,1,397.56,397.56,7F,1,1,1,0082,57,40,40,0,0,19,0.00
03/06/2018 4:18:46,54 58.41239,-1 31.22375,337,0,434,857916,1145049,397.63,-56.601,4155,4136,4142,19,0,110.4,43.6,107.4,41.9,none,none,100.8,38.2,4155,4152,4142,4143,4145,4141,4139,4139,4142,4138,4138,4139,4139,4140,4138,4138,4138,4139,4138,4138,4140,4136,4138,4140,4136,4140,4137,4138,4137,4138,4138,4138,4139,4139,4137,4141,4139,4138,4138,4138,4141,4139,4145,4142,4145,4144,4153,4143,4151,4146,4153,4150,4151,4147,4154,4145,4144,4141,4153,4144,4153,4143,4142,4142,4144,4146,4145,4144,4143,4141,4144,4142,4143,4144,4144,4141,4145,4141,4140,4141,4141,4142,4148,4143,4146,4143,4140,4142,4153,4151,4146,4144,4150,4145,4147,4145,-0.37,SJNFAAZE1U0005576,117.67,13.04,8967.2421875,78,74,0,0,0,0,14.5,99.19,-151330,91,1527995926.917,0,1,1,0,6,0,0,3,0,1,397.68,397.68,7F,1,1,1,0082,57,40,40,0,0,19,0.00
03/06/2018 4:18:50,54 58.41239,-1 31.22375,337,0,434,858422,1145049,397.63,-57.731,4155,4136,4142,19,0,110.7,43.7,107.4,41.9,none,none,100.8,38.2,4155,4151,4141,4144,4145,4140,4139,4140,4140,4138,4138,4138,4140,4138,4138,4139,4137,4138,4137,4138,4139,4138,4136,4139,4138,4140,4138,4138,4138,4138,4138,4139,4140,4137,4137,4139,4138,4137,4138,4137,4141,4139,4147,4143,4145,4144,4152,4143,4151,4147,4152,4149,4149,4146,4153,4145,4142,4141,4153,4145,4150,4142,4144,4143,4143,4147,4145,4143,4143,4140,4145,4142,4142,4144,4144,4141,4144,4140,4140,4140,4142,4141,4147,4143,4146,4142,4140,4140,4152,4149,4146,4143,4150,4146,4147,4145,-0.37,SJNFAAZE1U0005576,117.67,13.04,8967.2421875,78,74,0,0,0,0,14.5,99.19,-151351,91,1527995930.860,0,1,1,0,7,0,0,3,0,1,397.62,397.62,7F,1,1,1,0082,57,40,40,0,0,19,0.00
03/06/2018 4:18:54,54 58.41239,-1 31.22375,337,0,435,858944,1145049,397.63,-55.625,4155,4137,4142,18,0,110.4,43.6,107.4,41.9,none,none,100.8,38.2,4155,4151,4142,4144,4145,4141,4139,4140,4140,4138,4140,4139,4140,4139,4137,4138,4138,4138,4137,4139,4139,4137,4137,4139,4137,4140,4138,4138,4137,4138,4138,4139,4140,4138,4137,4140,4139,4138,4139,4137,4141,4139,4145,4143,4144,4143,4154,4144,4151,4146,4153,4150,4151,4148,4154,4146,4143,4141,4153,4144,4151,4142,4142,4142,4144,4147,4145,4143,4143,4141,4144,4142,4143,4145,4143,4141,4145,4141,4141,4141,4142,4142,4146,4143,4145,4144,4140,4140,4153,4151,4145,4144,4150,4146,4146,4145,-0.38,SJNFAAZE1U0005576,117.67,13.04,8967.2421875,78,74,0,0,0,0,14.5,99.19,-151372,91,1527995934.677,0,1,0,0,0,0,0,3,0,1,397.78,397.78,7F,1,1,1,0082,57,40,40,0,0,19,0.00
03/06/2018 4:18:58,54 58.41239,-1 31.22375,337,0,435,859450,1145049,397.82,-57.090,4157,4138,4144,19,0,110.7,43.7,107.4,41.9,none,none,100.8,38.2,4157,4153,4143,4145,4146,4143,4140,4140,4141,4141,4140,4139,4142,4141,4139,4140,4139,4139,4139,4140,4141,4138,4139,4141,4139,4141,4139,4140,4139,4140,4140,4141,4142,4140,4140,4141,4141,4140,4140,4139,4142,4141,4147,4144,4146,4145,4154,4145,4151,4147,4154,4150,4152,4148,4156,4146,4144,4142,4154,4146,4153,4144,4143,4143,4146,4148,4146,4144,4144,4144,4145,4142,4144,4145,4145,4142,4147,4142,4142,4143,4143,4142,4149,4146,4147,4145,4141,4142,4154,4151,4147,4146,4152,4146,4148,4145,-0.36,SJNFAAZE1U0005576,117.67,13.04,8967.2421875,78,74,0,0,0,0,14.5,99.19,-151393,91,1527995938.148,0,1,0,0,0,0,0,3,0,1,397.77,397.77,7F,1,1,1,0082,57,40,40,0,0,19,0.00
03/06/2018 4:19:01,54 58.41239,-1 31.22375,337,0,435,859939,1145049,397.73,-55.351,4155,4137,4143,18,0,110.7,43.7,107.4,41.9,none,none,100.8,38.2,4155,4152,4142,4144,4145,4141,4139,4140,4141,4138,4140,4139,4141,4139,4138,4139,4138,4138,4138,4139,4140,4137,4138,4140,4137,4140,4138,4138,4139,4138,4139,4139,4140,4138,4138,4141,4139,4138,4138,4137,4140,4141,4147,4144,4145,4143,4153,4144,4151,4147,4153,4150,4151,4147,4153,4145,4143,4141,4154,4145,4152,4142,4142,4143,4144,4147,4144,4143,4144,4142,4144,4142,4143,4144,4144,4141,4144,4141,4142,4141,4142,4143,4148,4143,4146,4143,4141,4141,4153,4151,4147,4144,4151,4145,4147,4145,-0.39,SJNFAAZE1U0005576,117.67,13.04,8967.2421875,78,74,0,0,0,0,14.5,99.19,-151413,91,1527995941.960,0,1,1,0,12,0,0,3,0,1,397.78,397.78,7F,1,1,1,0082,57,40,40,0,0,19,0.00
03/06/2018 4:19:05,54 58.41239,-1 31.22375,337,0,435,860452,1145049,397.82,-55.594,4157,4138,4144,19,0,110.7,43.7,107.4,41.9,none,none,100.8,38.2,4157,4153,4144,4146,4146,4144,4141,4141,4142,4140,4142,4140,4142,4140,4139,4140,4140,4140,4139,4139,4141,4139,4139,4142,4139,4142,4139,4139,4139,4139,4140,4140,4143,4138,4140,4142,4141,4141,4140,4139,4143,4142,4147,4145,4146,4146,4154,4145,4152,4148,4154,4150,4153,4148,4156,4147,4145,4143,4155,4146,4153,4145,4144,4144,4146,4149,4147,4145,4145,4144,4147,4142,4144,4145,4146,4142,4145,4143,4143,4142,4142,4143,4149,4146,4147,4145,4142,4141,4155,4153,4148,4147,4152,4146,4149,4146,-0.36,SJNFAAZE1U0005576,117.67,13.04,8967.2421875,78,74,0,0,0,0,14.5,99.19,-151435,91,1527995945.694,0,1,1,0,7,0,0,3,0,1,397.97,397.97,7F,1,1,1,0082,57,40,40,0,0,19,0.00
03/06/2018 4:19:09,54 58.41239,-1 31.22375,337,0,436,860930,1145049,397.92,-57.182,4158,4139,4145,19,0,110.7,43.7,107.4,41.9,none,none,100.8,38.2,4158,4154,4143,4147,4147,4145,4140,4142,4143,4142,4141,4142,4143,4142,4141,4141,4141,4142,4140,4142,4142,4139,4141,4142,4140,4143,4141,4141,4141,4141,4141,4142,4143,4142,4140,4143,4142,4141,4142,4141,4144,4143,4149,4145,4147,4147,4156,4146,4153,4149,4155,4152,4154,4150,4156,4148,4145,4144,4157,4147,4154,4146,4145,4145,4147,4150,4148,4146,4146,4144,4147,4144,4146,4147,4146,4143,4147,4143,4143,4144,4143,4144,4150,4147,4149,4146,4143,4143,4155,4153,4149,4147,4152,4148,4150,4148,-0.33,SJNFAAZE1U0005576,117.67,13.04,8967.2421875,78,74,0,0,0,0,14.5,99.19,-151454,91,1527995949.100,0,1,0,0,0,0,0,3,0,1,397.87,397.87,7F,1,1,1,0082,57,40,40,0,0,19,0.00
03/06/2018 4:19:12,54 58.41239,-1 31.22375,337,0,436,861422,1145049,397.92,-55.656,4158,4139,4145,19,0,110.7,43.7,107.4,41.9,none,none,100.8,38.2,4158,4155,4144,4146,4148,4144,4141,4142,4143,4141,4142,4142,4143,4142,4141,4141,4140,4141,4140,4141,4142,4139,4140,4142,4140,4143,4141,4141,4140,4141,4140,4141,4142,4141,4140,4142,4142,4142,4142,4140,4143,4142,4148,4144,4147,4146,4155,4145,4154,4148,4156,4152,4153,4150,4157,4148,4144,4144,4156,4147,4154,4146,4145,4146,4147,4149,4147,4145,4146,4143,4146,4144,4146,4147,4146,4143,4146,4144,4143,4144,4143,4145,4150,4146,4148,4146,4142,4142,4156,4153,4149,4147,4153,4148,4149,4147,-0.37,SJNFAAZE1U0005576,117.67,13.04,8967.2421875,78,74,0,0,0,0,14.5,99.19,-151474,91,1527995952.888,0,1,0,0,0,0,0,3,0,1,398.01,398.01,7F,1,1,1,0082,57,40,40,0,0,19,0.00
03/06/2018 4:19:16,54 58.41239,-1 31.22375,337,0,436,861955,1145049,398.11,-56.540,4160,4141,4147,19,0,110.7,43.7,107.4,41.9,none,none,100.8,38.2,4160,4156,4147,4148,4149,4145,4144,4143,4146,4142,4144,4143,4145,4143,4143,4143,4143,4142,4143,4143,4145,4141,4142,4144,4142,4144,4142,4142,4143,4142,4143,4143,4145,4142,4143,4143,4144,4141,4144,4142,4146,4144,4150,4146,4150,4148,4157,4147,4156,4150,4157,4153,4155,4151,4158,4149,4148,4145,4158,4148,4155,4147,4148,4146,4149,4151,4150,4148,4148,4146,4150,4146,4147,4148,4149,4145,4148,4146,4146,4145,4146,4146,4153,4148,4151,4147,4145,4146,4158,4155,4151,4150,4155,4150,4152,4148,-0.34,SJNFAAZE1U0005576,117.67,13.04,8967.2421875,78,74,0,0,0,0,14.5,99.19,-151496,91,1527995956.697,0,1,0,0,0,0,0,3,0,1,398.11,398.11,7F,1,1,1,0082,57,40,40,0,0,19,0.00
03/06/2018 4:19:20,54 58.41239,-1 31.22375,337,0,436,862452,1145049,398.02,-55.961,4158,4140,4146,18,0,110.7,43.7,107.4,41.9,none,none,100.8,38.2,4158,4156,4146,4148,4148,4145,4142,4144,4145,4142,4142,4142,4145,4144,4141,4143,4142,4142,4141,4142,4143,4141,4141,4142,4140,4143,4142,4141,4142,4142,4143,4143,4143,4142,4140,4143,4143,4142,4143,4141,4144,4144,4150,4146,4149,4148,4157,4147,4155,4150,4156,4153,4154,4151,4158,4149,4147,4145,4157,4148,4155,4146,4146,4146,4147,4150,4148,4146,4147,4145,4149,4145,4147,4148,4148,4145,4149,4144,4145,4145,4145,4145,4151,4147,4150,4147,4143,4145,4157,4154,4149,4149,4154,4148,4150,4147,-0.32,SJNFAAZE1U0005576,117.67,13.04,8967.2421875,78,74,0,0,0,0,14.5,99.19,-151517,91,1527995960.551,0,1,1,0,7,0,0,3,0,1,397.99,397.99,7F,1,1,1,0082,57,40,40,0,0,19,0.00
03/06/2018 4:19:24,54 58.41239,-1 31.22375,337,0,437,862983,1145049,398.11,-55.900,4159,4141,4147,18,0,110.7,43.7,107.4,41.9,none,none,101.1,38.4,4159,4156,4146,4148,4149,4144,4143,4144,4146,4142,4144,4143,4145,4143,4143,4143,4143,4143,4142,4142,4144,4141,4142,4144,4142,4144,4142,4142,4143,4142,4143,4142,4145,4142,4142,4144,4144,4144,4143,4142,4145,4144,4150,4146,4149,4148,4159,4147,4156,4150,4156,4153,4155,4152,4158,4150,4146,4145,4157,4148,4156,4147,4147,4147,4148,4151,4149,4146,4147,4146,4149,4145,4147,4148,4149,4144,4148,4146,4145,4145,4145,4145,4152,4148,4151,4147,4145,4145,4157,4154,4150,4147,4155,4149,4151,4149,-0.39,SJNFAAZE1U0005576,117.67,13.04,8967.2421875,78,74,0,0,0,0,14.5,99.19,-151539,91,1527995964.603,0,1,0,0,0,0,0,3,0,1,398.12,398.12,7F,1,1,1,0082,57,40,40,0,0,19,0.00
03/06/2018 4:19:28,54 58.41239,-1 31.22375,337,0,437,863544,1145049,398.11,-55.595,4160,4142,4147,18,0,110.7,43.7,107.6,42.0,none,none,101.1,38.4,4160,4157,4147,4148,4149,4147,4144,4144,4146,4144,4144,4143,4145,4145,4143,4143,4143,4144,4143,4144,4145,4142,4143,4145,4142,4145,4143,4144,4143,4144,4144,4143,4145,4143,4143,4145,4144,4143,4143,4143,4146,4145,4151,4147,4149,4148,4158,4148,4156,4151,4157,4155,4155,4153,4158,4151,4148,4146,4159,4150,4157,4147,4148,4148,4149,4152,4150,4147,4148,4147,4150,4145,4147,4149,4148,4146,4149,4146,4146,4147,4146,4147,4153,4148,4151,4147,4145,4145,4158,4156,4150,4149,4155,4151,4151,4150,-0.33,SJNFAAZE1U0005576,117.67,13.04,8967.2421875,78,74,0,0,0,0,14.5,99.19,-151562,91,1527995968.626,0,1,0,0,0,0,0,3,0,1,398.27,398.27,7F,1,1,1,0082,57,40,40,0,0,19,0.00
03/06/2018 4:19:32,54 58.41239,-1 31.22375,337,0,437,864063,1145049,398.30,-55.595,4163,4144,4149,19,0,110.7,43.7,107.4,41.9,none,none,100.8,38.2,4163,4158,4149,4149,4152,4148,4146,4146,4148,4145,4145,4144,4147,4145,4145,4145,4145,4145,4144,4145,4146,4145,4144,4146,4145,4147,4145,4144,4144,4145,4146,4146,4148,4145,4146,4147,4147,4144,4146,4145,4148,4147,4154,4148,4152,4150,4161,4150,4158,4153,4160,4156,4158,4154,4161,4152,4150,4148,4162,4152,4158,4150,4150,4150,4151,4153,4152,4150,4150,4148,4152,4148,4148,4150,4151,4147,4151,4147,4149,4148,4149,4149,4154,4150,4153,4150,4147,4149,4159,4156,4154,4152,4158,4151,4155,4151,-0.37,SJNFAAZE1U0005576,117.67,13.04,8967.2421875,78,74,0,0,0,0,14.5,99.19,-151583,91,1527995972.331,0,1,0,0,0,0,0,3,0,1,398.32,398.32,7F,1,1,1,0082,57,40,40,0,0,19,0.00
03/06/2018 4:19:35,54 58.41239,-1 31.22375,337,0,438,864560,1145049,398.21,-55.656,4161,4143,4148,18,0,110.7,43.7,107.4,41.9,none,none,100.8,38.2,4161,4158,4148,4150,4150,4147,4145,4146,4146,4145,4146,4145,4147,4145,4144,4145,4144,4145,4144,4145,4146,4143,4144,4145,4145,4146,4144,4145,4144,4144,4144,4144,4146,4143,4143,4146,4145,4144,4144,4144,4147,4145,4152,4148,4151,4150,4159,4149,4157,4153,4159,4156,4157,4153,4160,4153,4148,4147,4160,4151,4157,4149,4149,4148,4150,4152,4151,4149,4148,4148,4151,4147,4149,4150,4150,4147,4150,4147,4147,4148,4147,4148,4153,4149,4152,4149,4146,4147,4159,4157,4153,4150,4157,4152,4153,4150,-0.38,SJNFAAZE1U0005576,117.67,13.04,8967.2421875,78,74,0,0,0,0,14.5,99.19,-151604,91,1527995975.899,0,1,1,0,6,0,0,3,0,1,398.23,398.23,7F,1,1,1,0082,57,40,40,0,0,19,0.00
03/06/2018 4:19:39,54 58.41239,-1 31.22375,337,0,438,865044,1145049,398.30,-54.404,4162,4143,4149,19,0,110.7,43.7,107.4,41.9,none,none,100.8,38.2,4162,4157,4149,4150,4152,4147,4146,4146,4148,4145,4147,4145,4149,4146,4146,4145,4146,4145,4145,4145,4147,4143,4145,4146,4145,4146,4144,4145,4145,4146,4146,4146,4147,4144,4144,4146,4146,4145,4146,4144,4148,4146,4153,4148,4152,4150,4160,4150,4159,4154,4160,4155,4157,4153,4161,4152,4148,4148,4161,4151,4158,4149,4150,4149,4151,4153,4152,4150,4150,4147,4151,4148,4148,4151,4151,4147,4151,4147,4147,4149,4147,4148,4155,4151,4153,4148,4148,4148,4160,4157,4154,4150,4157,4152,4154,4152,-0.38,SJNFAAZE1U0005576,117.67,13.04,8967.2421875,78,74,0,0,0,0,14.5,99.19,-151624,91,1527995979.635,0,1,0,0,0,0,0,3,0,1,398.45,398.45,7F,1,1,1,0082,57,40,40,0,0,19,0.00
03/06/2018 4:19:43,54 58.41239,-1 31.22375,337,0,438,865555,1145049,398.50,-55.961,4162,4144,4151,18,0,110.7,43.7,107.4,41.9,none,none,100.8,38.2,4162,4160,4150,4151,4153,4149,4147,4146,4150,4146,4147,4147,4150,4147,4147,4146,4147,4145,4147,4146,4148,4144,4146,4147,4146,4148,4148,4146,4147,4146,4148,4147,4148,4145,4146,4148,4148,4145,4147,4145,4149,4148,4155,4150,4152,4152,4161,4151,4160,4154,4161,4157,4160,4155,4161,4154,4151,4149,4162,4151,4159,4151,4152,4151,4153,4155,4153,4152,4152,4150,4154,4150,4151,4151,4152,4149,4154,4149,4150,4150,4150,4149,4156,4152,4155,4150,4149,4150,4161,4158,4154,4152,4159,4153,4156,4152,-0.38,SJNFAAZE1U0005576,117.67,13.04,8967.2421875,78,74,0,0,0,0,14.5,99.19,-151645,91,1527995983.247,0,1,0,0,0,0,0,3,0,1,398.39,398.39,7F,1,1,1,0082,57,40,40,0,0,19,0.00
03/06/2018 4:19:46,54 58.41239,-1 31.22375,337,0,438,866011,1145049,398.30,-54.435,4162,4144,4149,18,0,110.7,43.7,107.4,41.9,none,none,100.8,38.2,4162,4157,4149,4150,4153,4148,4146,4146,4148,4146,4147,4145,4148,4146,4147,4146,4145,4145,4146,4145,4146,4144,4145,4145,4146,4146,4146,4146,4146,4145,4146,4145,4147,4144,4145,4147,4147,4145,4147,4145,4148,4146,4153,4149,4152,4150,4161,4150,4160,4153,4160,4155,4157,4154,4160,4152,4148,4147,4161,4151,4158,4149,4150,4149,4151,4152,4153,4149,4150,4148,4153,4149,4149,4151,4152,4148,4150,4148,4148,4147,4148,4148,4154,4150,4154,4149,4148,4148,4161,4158,4154,4151,4159,4152,4155,4151,-0.36,SJNFAAZE1U0005576,117.67,13.04,8967.2421875,78,74,0,0,0,0,14.5,99.19,-151664,91,1527995986.673,0,1,0,0,0,0,0,3,0,1,398.50,398.50,7F,1,1,1,0082,57,40,40,0,0,19,0.00
03/06/2018 4:19:50,54 58.41239,-1 31.22375,337,0,439,866461,1145049,398.50,-55.259,4164,4145,4151,19,0,110.7,43.7,107.4,41.9,none,none,101.1,38.4,4164,4160,4151,4152,4155,4149,4149,4148,4149,4148,4148,4148,4149,4147,4148,4147,4147,4147,4147,4148,4149,4145,4147,4147,4148,4149,4147,4148,4148,4146,4148,4146,4150,4146,4146,4148,4149,4146,4148,4146,4149,4148,4155,4151,4154,4152,4162,4151,4160,4155,4162,4157,4160,4156,4163,4154,4152,4149,4162,4153,4160,4151,4152,4150,4154,4154,4154,4152,4151,4149,4154,4149,4151,4152,4153,4149,4153,4149,4150,4150,4150,4150,4157,4152,4156,4151,4149,4151,4163,4159,4155,4154,4159,4153,4156,4152,-0.36,SJNFAAZE1U0005576,117.67,13.04,8967.2421875,78,74,0,0,0,0,14.5,99.19,-151682,91,1527995990.119,0,1,1,0,6,0,0,3,0,1,398.47,398.47,7F,1,1,1,0082,57,40,40,0,0,19,0.00
03/06/2018 4:19:53,54 58.41239,-1 31.22375,337,0,439,866926,1145049,398.50,-54.648,4164,4145,4151,19,0,110.7,43.7,107.4,41.9,none,none,100.8,38.2,4164,4160,4151,4152,4153,4149,4149,4147,4150,4146,4149,4146,4150,4148,4148,4146,4148,4146,4147,4146,4148,4145,4147,4147,4147,4147,4147,4146,4147,4147,4148,4147,4149,4145,4148,4148,4148,4147,4148,4146,4150,4147,4154,4150,4153,4152,4162,4152,4161,4155,4161,4157,4159,4155,4163,4154,4151,4148,4163,4153,4160,4151,4152,4151,4153,4155,4155,4151,4151,4150,4154,4150,4150,4151,4153,4149,4152,4149,4150,4150,4150,4149,4156,4152,4155,4151,4149,4148,4161,4159,4155,4153,4160,4153,4156,4152,-0.41,SJNFAAZE1U0005576,117.67,13.04,8967.2421875,78,74,0,0,0,0,14.5,99.19,-151701,91,1527995993.657,0,1,0,0,0,0,0,3,0,1,398.60,398.60,7F,1,1,1,0082,57,40,40,0,0,19,0.00
03/06/2018 4:19:57,54 58.41239,-1 31.22375,337,0,439,867424,1145049,398.69,-55.747,4166,4147,4153,19,0,110.7,43.7,107.4,41.9,none,none,101.1,38.4,4166,4162,4152,4154,4155,4152,4149,4150,4151,4148,4150,4149,4151,4149,4149,4149,4149,4148,4148,4148,4151,4147,4149,4150,4149,4150,4149,4149,4148,4149,4149,4149,4150,4147,4148,4149,4150,4148,4150,4148,4151,4150,4156,4153,4155,4155,4164,4154,4162,4157,4163,4159,4162,4157,4164,4155,4153,4151,4164,4155,4161,4153,4153,4152,4155,4157,4155,4154,4154,4153,4155,4151,4153,4153,4155,4151,4154,4151,4151,4152,4152,4152,4158,4155,4156,4153,4151,4153,4164,4161,4156,4155,4161,4155,4158,4154,-0.36,SJNFAAZE1U0005576,117.67,13.04,8967.2421875,78,74,0,0,0,0,14.5,99.19,-151722,91,1527995997.522,0,1,0,0,0,0,0,3,0,1,398.66,398.66,7F,1,1,1,0082,57,40,40,0,0,19,0.00
03/06/2018 4:20:01,54 58.41239,-1 31.22375,337,0,439,867933,1145049,398.59,-55.961,4166,4147,4152,19,0,110.9,43.9,107.4,41.9,none,none,101.1,38.4,4166,4162,4151,4154,4155,4150,4149,4149,4150,4148,4149,4148,4151,4150,4148,4148,4148,4148,4148,4150,4150,4147,4148,4149,4148,4150,4148,4148,4147,4147,4149,4148,4150,4148,4147,4150,4149,4149,4148,4147,4151,4149,4156,4152,4154,4153,4161,4154,4162,4156,4162,4160,4160,4157,4164,4155,4154,4151,4163,4155,4160,4152,4153,4153,4153,4156,4154,4154,4153,4151,4155,4152,4152,4154,4155,4151,4154,4151,4150,4151,4151,4151,4157,4153,4156,4153,4149,4150,4163,4160,4156,4154,4160,4155,4156,4155,-0.39,SJNFAAZE1U0005576,117.67,13.04,8967.2421875,78,74,0,0,0,0,14.5,99.19,-151743,91,1527996001.390,0,1,0,0,0,0,0,3,0,1,398.60,398.60,7F,1,1,1,0082,57,40,40,0,0,19,0.00
03/06/2018 4:20:05,54 58.41239,-1 31.22375,337,0,440,868464,1145049,398.59,-53.947,4165,4146,4152,19,0,110.9,43.9,107.4,41.9,none,none,100.8,38.2,4165,4161,4152,4153,4155,4150,4149,4148,4151,4148,4149,4148,4150,4148,4149,4149,4148,4148,4149,4148,4150,4146,4147,4149,4148,4149,4149,4148,4148,4148,4149,4148,4150,4147,4147,4150,4150,4147,4149,4146,4151,4150,4156,4151,4154,4153,4163,4153,4162,4156,4163,4159,4160,4157,4164,4155,4152,4150,4164,4154,4161,4152,4153,4152,4154,4157,4156,4152,4154,4151,4155,4151,4152,4153,4154,4150,4153,4151,4151,4151,4152,4152,4158,4154,4157,4152,4150,4150,4164,4160,4156,4154,4161,4155,4157,4154,-0.39,SJNFAAZE1U0005576,117.67,13.04,8967.2421875,78,74,0,0,0,0,14.5,99.19,-151765,91,1527996005.215,0,1,1,0,6,0,0,3,0,1,398.69,398.69,7F,1,1,1,0082,57,40,40,0,0,19,0.00
03/06/2018 4:20:09,54 58.41239,-1 31.22375,337,0,440,868952,1145049,398.78,-54.191,4166,4149,4154,17,0,110.9,43.9,107.4,41.9,none,none,100.8,38.2,4166,4163,4154,4156,4157,4153,4151,4151,4152,4151,4150,4151,4152,4152,4150,4151,4149,4150,4150,4151,4152,4149,4149,4152,4149,4152,4150,4150,4150,4151,4150,4151,4151,4149,4149,4152,4151,4150,4150,4149,4151,4152,4157,4154,4157,4157,4165,4156,4162,4158,4164,4161,4162,4159,4166,4158,4155,4153,4166,4156,4162,4155,4154,4155,4156,4159,4158,4154,4155,4154,4156,4154,4154,4156,4156,4153,4156,4153,4153,4155,4153,4154,4160,4156,4158,4155,4152,4153,4166,4163,4158,4156,4163,4158,4159,4156,-0.34,SJNFAAZE1U0005576,117.67,13.04,8967.2421875,78,74,0,0,0,0,14.5,99.19,-151785,91,1527996009.155,0,1,0,0,0,0,0,3,0,1,398.82,398.82,7F,1,1,1,0082,57,40,40,0,0,19,0.00
03/06/2018 4:20:12,54 58.41239,-1 31.22375,337,0,440,869465,1145049,398.78,-55.107,4167,4148,4154,19,0,110.7,43.7,107.4,41.9,none,none,100.8,38.2,4167,4163,4154,4156,4156,4153,4151,4151,4152,4151,4152,4150,4152,4150,4150,4150,4151,4149,4150,4150,4152,4148,4149,4151,4150,4151,4150,4149,4150,4150,4151,4149,4153,4149,4150,4151,4152,4149,4151,4149,4153,4149,4159,4154,4157,4155,4166,4154,4163,4158,4165,4161,4162,4158,4167,4157,4154,4152,4166,4156,4162,4154,4154,4154,4157,4158,4157,4154,4155,4153,4157,4153,4154,4155,4156,4152,4156,4151,4153,4153,4154,4153,4160,4155,4159,4154,4153,4154,4165,4162,4159,4156,4162,4157,4160,4156,-0.37,SJNFAAZE1U0005576,117.67,13.04,8967.2421875,78,74,0,0,0,0,14.5,99.19,-151806,91,1527996012.988,0,1,0,0,0,0,0,3,0,1,398.76,398.76,7F,1,1,1,0082,57,40,40,0,0,19,0.00
03/06/2018 4:20:16,54 58.41239,-1 31.22375,337,0,440,869965,1145049,398.78,-54.008,4167,4147,4154,20,0,110.7,43.7,107.4,41.9,none,none,101.1,38.4,4167,4162,4154,4154,4155,4152,4151,4150,4152,4149,4150,4149,4152,4151,4150,4149,4150,4149,4150,4150,4150,4147,4150,4151,4150,4150,4150,4149,4150,4149,4151,4150,4153,4149,4150,4152,4151,4149,4150,4147,4153,4151,4158,4154,4156,4156,4165,4155,4163,4158,4164,4160,4161,4158,4167,4156,4153,4152,4166,4155,4162,4154,4154,4153,4156,4157,4157,4153,4156,4152,4156,4151,4154,4154,4156,4151,4155,4152,4152,4153,4153,4152,4158,4155,4158,4154,4152,4152,4165,4162,4158,4155,4162,4156,4159,4156,-0.36,SJNFAAZE1U0005576,117.67,13.04,8967.2421875,78,74,0,0,0,0,14.5,99.19,-151827,91,1527996016.756,0,1,0,0,0,0,0,3,0,1,398.83,398.83,7F,1,1,1,0082,57,40,40,0,0,19,0.00
03/06/2018 4:20:20,54 58.41239,-1 31.22375,337,0,441,870460,1145049,398.78,-52.665,4167,4148,4154,19,0,110.9,43.9,107.4,41.9,none,none,100.8,38.2,4167,4164,4154,4156,4157,4154,4150,4151,4153,4150,4150,4150,4152,4150,4151,4151,4150,4151,4150,4151,4152,4148,4149,4151,4150,4152,4149,4150,4150,4150,4151,4151,4152,4152,4150,4153,4151,4150,4152,4149,4153,4151,4157,4154,4157,4156,4166,4155,4163,4159,4164,4161,4162,4159,4165,4157,4154,4154,4166,4157,4162,4156,4155,4155,4156,4159,4157,4155,4155,4155,4156,4154,4153,4156,4157,4152,4156,4153,4154,4153,4153,4154,4160,4155,4159,4155,4152,4152,4165,4163,4158,4156,4163,4158,4159,4156,-0.35,SJNFAAZE1U0005576,117.67,13.04,8967.2421875,78,74,0,0,0,0,14.5,99.19,-151847,91,1527996020.541,0,1,1,0,6,0,0,3,0,1,398.95,398.95,7F,1,1,1,0082,57,40,40,0,0,19,0.00
03/06/2018 4:20:24,54 58.41239,-1 31.22375,337,0,441,870958,1145049,398.98,-54.069,4169,4150,4156,19,0,110.7,43.7,107.4,41.9,none,none,100.8,38.2,4169,4166,4156,4158,4159,4155,4152,4153,4155,4152,4152,4152,4155,4154,4152,4153,4153,4153,4152,4152,4153,4150,4151,4154,4151,4155,4153,4152,4152,4154,4153,4153,4154,4151,4152,4154,4154,4153,4154,4152,4153,4154,4159,4157,4159,4158,4167,4158,4165,4160,4166,4163,4165,4163,4168,4160,4156,4155,4167,4158,4164,4158,4156,4156,4159,4160,4160,4157,4156,4156,4159,4156,4156,4157,4158,4155,4157,4156,4154,4156,4155,4156,4161,4157,4159,4157,4154,4154,4167,4164,4160,4157,4165,4159,4160,4159,-0.36,SJNFAAZE1U0005576,117.67,13.04,8967.2421875,78,74,0,0,0,0,14.5,99.19,-151868,91,1527996024.290,0,1,0,0,0,0,0,3,0,1,399.03,399.03,7F,1,1,1,0082,57,40,40,0,0,19,0.00
03/06/2018 4:20:28,54 58.41239,-1 31.22375,337,0,441,871458,1145049,399.07,-54.893,4170,4151,4157,19,0,110.9,43.9,107.4,41.9,none,none,101.1,38.4,4170,4166,4157,4158,4159,4156,4154,4153,4156,4153,4154,4152,4155,4154,4153,4154,4153,4151,4152,4153,4154,4151,4152,4153,4153,4154,4153,4151,4153,4152,4154,4153,4155,4152,4152,4153,4154,4152,4155,4152,4155,4154,4161,4157,4159,4157,4168,4157,4166,4160,4167,4162,4165,4162,4169,4159,4157,4155,4168,4159,4166,4157,4158,4157,4159,4161,4160,4158,4159,4156,4159,4155,4158,4158,4159,4155,4159,4155,4156,4155,4157,4157,4162,4158,4161,4157,4155,4155,4168,4165,4161,4159,4166,4160,4162,4159,-0.38,SJNFAAZE1U0005576,117.67,13.04,8967.2421875,78,74,0,0,0,0,14.5,99.19,-151888,91,1527996028.204,0,1,0,0,0,0,0,3,0,1,399.03,399.03,7F,1,1,1,0082,57,40,40,0,0,19,0.00
03/06/2018 4:20:31,54 58.41239,-1 31.22375,337,0,441,871958,1145049,398.98,-54.740,4169,4150,4156,19,0,110.9,43.9,107.4,41.9,none,none,101.1,38.4,4169,4165,4156,4156,4159,4154,4152,4153,4154,4151,4153,4152,4154,4152,4152,4152,4152,4152,4152,4152,4153,4150,4152,4152,4151,4153,4151,4151,4152,4151,4153,4153,4153,4151,4152,4153,4153,4152,4153,4151,4155,4152,4160,4156,4159,4157,4168,4156,4164,4159,4168,4162,4163,4160,4169,4158,4156,4154,4168,4158,4164,4156,4157,4156,4158,4159,4159,4155,4157,4155,4159,4155,4155,4157,4157,4153,4156,4154,4155,4154,4155,4155,4161,4157,4160,4157,4155,4154,4167,4163,4160,4157,4164,4158,4161,4158,-0.36,SJNFAAZE1U0005576,117.67,13.04,8967.2421875,78,74,0,0,0,0,14.5,99.19,-151909,91,1527996031.883,0,1,0,0,0,0,0,3,0,1,399.01,399.01,7F,1,1,1,0082,57,40,40,0,0,19,0.00
03/06/2018 4:20:35,54 58.41239,-1 31.22375,337,0,442,872426,1145049,399.07,-52.695,4170,4151,4157,19,0,110.9,43.9,107.4,41.9,none,none,101.1,38.4,4170,4167,4156,4158,4159,4157,4153,4154,4156,4153,4153,4153,4155,4155,4153,4153,4152,4153,4152,4153,4155,4151,4152,4152,4152,4154,4153,4152,4151,4152,4153,4153,4154,4152,4152,4155,4153,4153,4153,4152,4156,4154,4160,4157,4159,4158,4168,4158,4165,4161,4167,4163,4164,4161,4168,4159,4156,4155,4168,4159,4164,4158,4157,4157,4158,4160,4160,4155,4157,4155,4160,4155,4156,4157,4158,4155,4158,4156,4156,4156,4156,4156,4162,4158,4160,4156,4155,4155,4167,4165,4161,4158,4165,4160,4161,4159,-0.36,SJNFAAZE1U0005576,117.67,13.04,8967.2421875,78,74,0,0,0,0,14.5,99.19,-151928,91,1527996035.611,0,1,1,0,6,0,0,3,0,1,399.17,399.17,7F,1,1,1,0082,57,40,40,0,0,19,0.00
03/06/2018 4:20:39,54 58.41239,-1 31.22375,337,0,442,872911,1145049,399.26,-54.313,4172,4152,4159,20,0,110.9,43.9,107.4,41.9,none,none,100.8,38.2,4172,4167,4159,4159,4161,4156,4155,4154,4158,4154,4155,4154,4157,4156,4154,4155,4155,4154,4154,4154,4156,4152,4154,4154,4154,4155,4155,4154,4154,4155,4155,4154,4157,4153,4154,4155,4156,4154,4156,4154,4158,4156,4162,4158,4162,4160,4170,4159,4168,4162,4169,4164,4166,4164,4170,4160,4160,4155,4171,4161,4167,4159,4159,4157,4161,4161,4161,4159,4160,4158,4162,4158,4158,4159,4161,4156,4160,4158,4157,4158,4157,4158,4163,4160,4162,4160,4157,4157,4169,4167,4162,4161,4167,4162,4163,4161,-0.36,SJNFAAZE1U0005576,117.67,13.04,8967.2421875,78,74,0,0,0,0,14.5,99.19,-151948,91,1527996039.195,0,1,0,0,0,0,0,3,0,1,399.24,399.24,7F,1,1,1,0082,57,40,40,0,0,19,0.00
03/06/2018 4:20:42,54 58.41239,-1 31.22375,337,0,442,873371,1145049,399.26,-54.984,4172,4153,4159,19,0,110.9,43.9,107.4,41.9,none,none,101.1,38.4,4172,4167,4158,4160,4162,4157,4156,4156,4159,4154,4156,4154,4157,4154,4154,4155,4154,4153,4154,4154,4156,4153,4154,4156,4154,4156,4154,4154,4155,4154,4156,4155,4157,4154,4154,4155,4156,4155,4155,4154,4157,4155,4162,4158,4162,4159,4170,4159,4168,4161,4170,4166,4167,4163,4171,4161,4159,4157,4169,4160,4167,4158,4160,4158,4161,4162,4162,4159,4160,4158,4161,4157,4159,4160,4160,4157,4160,4157,4158,4157,4158,4158,4163,4160,4162,4158,4156,4158,4170,4166,4164,4161,4167,4162,4164,4161,-0.34,SJNFAAZE1U0005576,117.67,13.04,8967.2421875,78,74,0,0,0,0,14.5,99.19,-151967,91,1527996042.799,0,1,0,0,0,0,0,3,0,1,399.18,399.18,7F,1,1,1,0082,57,40,40,0,0,19,0.00
03/06/2018 4:20:46,54 58.41239,-1 31.22375,337,0,442,873858,1145049,399.17,-54.099,4172,4151,4158,21,0,110.9,43.9,107.6,42.0,none,none,101.1,38.4,4172,4168,4158,4160,4162,4156,4156,4155,4157,4153,4155,4154,4156,4155,4154,4154,4154,4153,4154,4154,4156,4151,4154,4155,4155,4156,4154,4154,4155,4154,4155,4154,4157,4153,4154,4156,4156,4154,4155,4153,4157,4156,4162,4159,4161,4160,4170,4159,4168,4162,4170,4165,4166,4163,4170,4161,4158,4157,4169,4160,4167,4158,4159,4157,4161,4163,4162,4158,4160,4158,4161,4157,4159,4159,4160,4157,4160,4157,4157,4157,4158,4158,4164,4160,4162,4159,4156,4157,4170,4166,4162,4160,4166,4162,4163,4160,-0.37,SJNFAAZE1U0005576,117.67,13.04,8967.2421875,78,74,0,0,0,0,14.5,99.19,-151987,91,1527996046.446,0,1,0,0,0,0,0,3,0,1,399.24,399.24,7F,1,1,1,0082,57,40,40,0,0,19,0.00
03/06/2018 4:20:50,54 58.41239,-1 31.22375,337,0,443,874341,1145049,399.26,-52.634,4172,4154,4159,18,0,110.9,43.9,107.4,41.9,none,none,101.1,38.4,4172,4169,4158,4161,4161,4158,4156,4156,4157,4155,4155,4156,4158,4156,4155,4155,4154,4155,4155,4155,4156,4154,4154,4155,4154,4157,4155,4155,4154,4155,4155,4156,4156,4155,4154,4157,4155,4154,4156,4154,4157,4157,4161,4159,4161,4160,4170,4160,4168,4162,4170,4166,4166,4163,4170,4162,4159,4157,4170,4161,4166,4160,4160,4159,4162,4164,4162,4159,4159,4159,4162,4158,4159,4160,4161,4157,4159,4157,4158,4158,4159,4158,4164,4160,4162,4160,4157,4158,4170,4167,4163,4160,4167,4162,4164,4161,-0.36,SJNFAAZE1U0005576,117.67,13.04,8967.2421875,78,74,0,0,0,0,14.5,99.19,-152007,91,1527996050.224,0,1,1,0,6,0,0,3,0,1,399.38,399.38,7F,1,1,1,0082,57,40,40,0,0,19,0.00
03/06/2018 4:20:53,54 58.41239,-1 31.22375,337,0,443,874821,1145049,399.36,-53.092,4173,4155,4160,18,0,110.9,43.9,107.4,41.9,none,none,100.8,38.2,4173,4169,4160,4162,4161,4160,4157,4157,4159,4156,4157,4157,4158,4157,4156,4157,4156,4156,4157,4157,4157,4155,4155,4158,4156,4159,4157,4157,4156,4156,4156,4157,4159,4156,4155,4157,4157,4157,4157,4156,4159,4159,4165,4161,4163,4162,4171,4161,4169,4165,4171,4167,4168,4166,4172,4164,4160,4159,4172,4163,4169,4161,4161,4160,4162,4164,4163,4161,4161,4159,4163,4159,4161,4162,4163,4159,4162,4159,4159,4160,4159,4160,4166,4162,4163,4161,4158,4160,4171,4169,4163,4164,4168,4163,4164,4163,-0.36,SJNFAAZE1U0005576,117.67,13.04,8967.2421875,78,74,0,0,0,0,14.5,99.19,-152027,91,1527996053.834,0,1,0,0,0,0,0,3,0,1,399.48,399.48,7F,1,1,1,0082,57,40,40,0,0,19,0.00
03/06/2018 4:20:57,54 58.41239,-1 31.22375,337,0,443,875300,1145049,399.46,-54.069,4174,4154,4161,20,0,110.9,43.9,107.4,41.9,none,none,101.1,38.4,4174,4171,4160,4164,4164,4160,4158,4158,4160,4157,4158,4157,4159,4159,4158,4158,4157,4158,4157,4156,4158,4154,4156,4158,4157,4159,4156,4157,4156,4158,4158,4157,4159,4157,4156,4159,4158,4156,4158,4156,4159,4159,4165,4161,4163,4163,4172,4163,4169,4165,4171,4168,4168,4165,4173,4163,4163,4160,4172,4164,4169,4162,4161,4161,4163,4165,4163,4161,4161,4161,4163,4160,4162,4162,4163,4159,4163,4160,4159,4160,4160,4161,4165,4163,4165,4161,4159,4161,4172,4170,4164,4162,4169,4165,4166,4164,-0.38,SJNFAAZE1U0005576,117.67,13.04,8967.2421875,78,74,0,0,0,0,14.5,99.19,-152047,91,1527996057.627,0,1,0,0,0,0,0,3,0,1,399.39,399.39,7F,1,1,1,0082,57,40,40,0,0,19,0.00
03/06/2018 4:21:01,54 58.4122,-1 31.22348,337,0,443,875791,1145049,399.36,-53.794,4173,4155,4160,18,0,110.9,43.9,107.6,42.0,none,none,101.1,38.4,4173,4170,4161,4161,4163,4158,4158,4157,4159,4156,4157,4156,4158,4157,4157,4156,4156,4156,4156,4156,4158,4155,4157,4156,4156,4159,4156,4156,4157,4156,4158,4156,4158,4156,4157,4157,4157,4156,4157,4155,4159,4157,4165,4160,4164,4162,4171,4162,4170,4164,4171,4167,4169,4165,4172,4163,4160,4158,4172,4163,4170,4160,4160,4161,4163,4164,4164,4160,4162,4159,4164,4159,4160,4161,4163,4158,4163,4159,4160,4159,4160,4158,4165,4161,4164,4160,4159,4159,4172,4168,4164,4162,4168,4164,4165,4161,-0.36,SJNFAAZE1U0005576,117.67,13.04,8967.2421875,78,74,0,0,0,0,14.5,99.19,-152067,91,1527996061.404,0,1,0,0,0,0,0,3,0,1,399.44,399.44,7F,1,1,1,0082,57,40,40,0,0,19,0.00
03/06/2018 4:21:05,54 58.41233,-1 31.2232,337,0,444,876290,1145049,399.46,-52.238,4173,4155,4161,18,0,110.9,43.9,107.4,41.9,none,none,101.1,38.4,4173,4170,4160,4163,4163,4159,4157,4158,4158,4157,4157,4157,4158,4157,4157,4157,4156,4157,4156,4156,4157,4155,4156,4157,4155,4157,4156,4156,4157,4157,4158,4157,4158,4156,4155,4157,4157,4156,4158,4156,4159,4158,4165,4161,4163,4163,4171,4162,4170,4164,4171,4168,4168,4165,4172,4163,4160,4160,4172,4163,4168,4161,4160,4160,4162,4164,4164,4159,4162,4160,4162,4160,4161,4163,4162,4158,4162,4159,4160,4160,4161,4160,4166,4162,4165,4161,4159,4158,4172,4169,4164,4161,4169,4164,4165,4163,-0.38,SJNFAAZE1U0005576,117.67,13.04,8967.2421875,78,74,0,0,0,0,14.5,99.19,-152087,91,1527996065.387,0,1,1,0,6,0,0,3,0,1,399.45,399.45,7F,1,1,1,0082,57,40,40,0,0,19,0.00
03/06/2018 4:21:09,54 58.41276,-1 31.223,341,0,444,876802,1145049,399.46,-52.817,4174,4156,4161,18,0,110.7,43.7,107.4,41.9,none,none,101.1,38.4,4174,4170,4161,4163,4164,4160,4157,4158,4159,4158,4159,4157,4160,4157,4157,4158,4157,4157,4157,4157,4159,4156,4157,4158,4157,4159,4158,4157,4157,4158,4158,4158,4159,4157,4157,4159,4158,4157,4158,4157,4160,4159,4165,4162,4165,4163,4172,4162,4170,4165,4172,4169,4168,4166,4172,4164,4160,4161,4172,4164,4169,4162,4162,4162,4163,4166,4165,4161,4162,4161,4164,4161,4161,4162,4164,4160,4163,4160,4160,4161,4160,4162,4167,4162,4165,4162,4159,4158,4172,4169,4164,4162,4170,4165,4166,4163,-0.35,SJNFAAZE1U0005576,117.67,13.04,8967.2421875,78,74,0,0,0,0,14.5,99.19,-152109,91,1527996069.442,0,1,0,0,0,0,0,3,0,1,399.56,399.56,7F,1,1,1,0082,57,40,40,0,0,19,0.00
03/06/2018 4:21:13,54 58.41278,-1 31.22302,341,0,444,877332,1145049,399.55,-52.756,4175,4157,4162,18,0,110.9,43.9,107.6,42.0,none,none,101.1,38.4,4175,4171,4161,4163,4165,4160,4159,4160,4160,4158,4159,4159,4160,4159,4158,4159,4157,4158,4158,4159,4160,4157,4157,4159,4158,4159,4158,4158,4158,4158,4158,4158,4159,4158,4157,4160,4159,4158,4160,4157,4160,4159,4166,4162,4164,4164,4172,4164,4171,4167,4172,4169,4168,4167,4174,4165,4163,4161,4174,4165,4171,4163,4163,4161,4164,4166,4164,4162,4163,4162,4164,4162,4161,4164,4164,4161,4163,4160,4161,4162,4161,4162,4167,4163,4165,4163,4160,4159,4173,4170,4166,4164,4171,4166,4167,4165,-0.33,SJNFAAZE1U0005576,117.67,13.04,8967.2421875,78,74,0,0,0,0,14.5,99.19,-152130,91,1527996073.508,0,1,0,0,0,0,0,3,0,1,399.65,399.65,7F,1,1,1,0082,57,40,40,0,0,19,0.00
03/06/2018 4:21:17,54 58.41278,-1 31.223,341,0,444,877849,1145049,399.65,-52.604,4175,4157,4163,18,0,110.9,43.9,107.4,41.9,none,none,101.1,38.4,4175,4173,4162,4164,4166,4161,4160,4160,4161,4160,4161,4159,4161,4160,4158,4159,4158,4159,4158,4158,4162,4157,4158,4160,4158,4160,4159,4158,4159,4159,4159,4159,4160,4157,4158,4161,4159,4158,4159,4159,4161,4160,4167,4164,4165,4165,4173,4165,4171,4167,4173,4170,4171,4167,4174,4166,4163,4161,4174,4165,4171,4164,4163,4162,4165,4167,4166,4162,4164,4162,4165,4162,4162,4164,4164,4161,4164,4162,4162,4162,4162,4163,4168,4163,4166,4164,4160,4161,4173,4171,4167,4163,4171,4166,4167,4165,-0.37,SJNFAAZE1U0005576,117.67,13.04,8967.2421875,78,74,0,0,0,0,14.5,99.19,-152152,91,1527996077.576,0,1,0,0,0,0,0,3,0,1,399.73,399.73,7F,1,1,1,0082,57,40,40,0,0,19,0.00
03/06/2018 4:21:21,54 58.41278,-1 31.223,341,0,445,878361,1145049,399.65,-51.597,4176,4157,4163,19,0,110.9,43.9,107.6,42.0,none,none,101.1,38.4,4176,4173,4164,4165,4166,4163,4160,4161,4162,4159,4160,4160,4161,4160,4160,4160,4159,4159,4158,4159,4161,4157,4158,4160,4158,4161,4158,4159,4159,4160,4159,4159,4161,4159,4157,4161,4160,4158,4161,4158,4162,4160,4167,4164,4165,4165,4175,4165,4172,4167,4173,4170,4171,4168,4175,4167,4163,4162,4174,4165,4171,4163,4163,4162,4165,4167,4165,4162,4164,4163,4166,4162,4163,4164,4164,4162,4165,4162,4162,4163,4162,4163,4169,4164,4167,4164,4161,4161,4174,4171,4168,4165,4172,4166,4168,4164,-0.35,SJNFAAZE1U0005576,117.67,13.04,8967.2421875,78,74,0,0,0,0,14.5,99.19,-152173,91,1527996081.623,0,1,1,0,6,0,0,3,0,1,399.79,399.79,7F,1,1,1,0082,57,40,40,0,0,19,0.00
03/06/2018 4:21:25,54 58.41277,-1 31.223,341,0,445,878862,1145049,399.84,-52.665,4178,4159,4165,19,0,110.9,43.9,107.4,41.9,none,none,101.1,38.4,4178,4175,4165,4167,4167,4164,4161,4161,4163,4161,4161,4161,4162,4162,4160,4162,4160,4161,4161,4161,4162,4159,4160,4162,4160,4162,4161,4160,4160,4161,4161,4160,4163,4160,4160,4163,4161,4161,4161,4160,4163,4162,4168,4166,4168,4167,4175,4166,4173,4168,4175,4172,4173,4170,4176,4168,4164,4164,4176,4167,4173,4166,4164,4165,4166,4169,4167,4165,4167,4164,4167,4163,4165,4167,4166,4163,4166,4164,4164,4164,4164,4165,4170,4166,4170,4165,4163,4164,4176,4172,4168,4167,4172,4168,4170,4167,-0.39,SJNFAAZE1U0005576,117.67,13.04,8967.2421875,78,74,0,0,0,0,14.5,99.19,-152193,91,1527996085.425,0,1,0,0,0,0,0,3,0,1,399.91,399.91,7F,1,1,1,0082,57,40,40,0,0,19,0.00
03/06/2018 4:21:29,54 58.41277,-1 31.223,341,0,445,879353,1145049,399.94,-53.825,4180,4160,4166,20,0,110.9,43.9,107.6,42.0,none,none,101.1,38.4,4180,4175,4165,4168,4169,4165,4163,4163,4164,4162,4161,4163,4163,4163,4161,4163,4161,4162,4161,4162,4162,4160,4160,4162,4162,4163,4161,4162,4162,4162,4161,4163,4164,4162,4161,4164,4163,4161,4163,4161,4165,4162,4170,4166,4168,4167,4176,4168,4174,4169,4175,4172,4174,4170,4177,4169,4166,4165,4176,4168,4174,4167,4167,4166,4168,4171,4170,4167,4166,4166,4168,4165,4168,4168,4168,4164,4168,4163,4165,4165,4165,4166,4171,4167,4169,4166,4163,4166,4177,4174,4169,4169,4174,4169,4171,4168,-0.36,SJNFAAZE1U0005576,117.67,13.04,8967.2421875,78,74,0,0,0,0,14.5,99.19,-152214,91,1527996089.372,0,1,0,0,0,0,0,3,0,1,399.90,399.90,7F,1,1,1,0082,57,40,40,0,0,19,0.00
03/06/2018 4:21:33,54 58.41277,-1 31.223,341,0,445,879843,1145049,399.94,-53.947,4178,4160,4166,18,0,110.9,43.9,107.6,42.0,none,none,101.1,38.4,4178,4174,4165,4167,4169,4164,4162,4162,4164,4161,4163,4161,4165,4162,4162,4162,4161,4161,4162,4161,4163,4160,4161,4162,4162,4164,4162,4161,4161,4160,4162,4161,4164,4160,4162,4163,4163,4160,4163,4161,4164,4162,4169,4165,4168,4167,4177,4166,4175,4169,4177,4172,4173,4171,4178,4170,4166,4164,4177,4167,4174,4166,4167,4165,4167,4169,4168,4166,4167,4165,4169,4164,4166,4166,4167,4163,4167,4163,4164,4164,4164,4164,4171,4166,4169,4166,4163,4164,4177,4173,4170,4167,4174,4168,4171,4166,-0.39,SJNFAAZE1U0005576,117.67,13.04,8967.2421875,78,74,0,0,0,0,14.5,99.19,-152234,91,1527996093.023,0,1,0,0,0,0,0,3,0,1,399.84,399.84,7F,1,1,1,0082,57,40,40,0,0,19,0.00
03/06/2018 4:21:36,54 58.41276,-1 31.223,341,0,446,880315,1145049,399.84,-51.872,4179,4159,4165,20,0,110.9,43.9,107.4,41.9,none,none,101.1,38.4,4179,4175,4164,4166,4169,4164,4162,4162,4164,4161,4162,4161,4163,4162,4161,4161,4160,4161,4161,4161,4162,4159,4160,4162,4160,4163,4160,4161,4161,4161,4162,4161,4162,4161,4161,4163,4162,4160,4161,4160,4164,4162,4169,4165,4167,4167,4176,4166,4174,4169,4175,4172,4174,4170,4177,4168,4164,4163,4176,4168,4173,4166,4166,4166,4167,4169,4168,4166,4166,4164,4169,4165,4164,4167,4166,4163,4167,4164,4163,4165,4164,4164,4170,4165,4170,4166,4164,4163,4176,4174,4168,4166,4173,4168,4169,4167,-0.38,SJNFAAZE1U0005576,117.67,13.04,8967.2421875,78,74,0,0,0,0,14.5,99.19,-152253,91,1527996096.774,0,1,1,0,6,0,0,3,0,1,399.96,399.96,7F,1,1,1,0082,57,40,40,0,0,19,0.00
03/06/2018 4:21:40,54 58.41277,-1 31.223,341,0,446,880788,1145049,400.03,-51.994,4180,4161,4167,19,0,110.9,43.9,107.4,41.9,none,none,101.1,38.4,4180,4176,4167,4169,4169,4166,4163,4163,4165,4163,4163,4164,4164,4164,4162,4163,4162,4163,4162,4163,4164,4161,4162,4164,4163,4165,4163,4162,4163,4163,4162,4163,4164,4163,4163,4164,4163,4163,4163,4162,4165,4164,4171,4168,4169,4169,4177,4167,4175,4171,4176,4174,4175,4171,4178,4169,4168,4166,4178,4169,4175,4167,4168,4168,4169,4171,4170,4167,4167,4166,4169,4166,4166,4168,4167,4165,4168,4165,4167,4166,4166,4166,4171,4169,4171,4167,4164,4166,4177,4176,4171,4169,4174,4170,4170,4170,-0.34,SJNFAAZE1U0005576,117.67,13.04,8967.2421875,78,74,0,0,0,0,14.5,99.19,-152273,91,1527996100.370,0,1,0,0,0,0,0,3,0,1,400.08,400.08,7F,1,1,1,0082,57,40,40,0,0,19,0.00
03/06/2018 4:21:44,54 58.41277,-1 31.223,341,0,446,881285,1145049,400.13,-52.756,4179,4162,4168,17,0,110.9,43.9,107.6,42.0,none,none,101.1,38.4,4179,4177,4167,4169,4170,4167,4164,4165,4166,4163,4164,4164,4166,4163,4163,4165,4163,4164,4163,4164,4164,4163,4163,4164,4163,4166,4164,4164,4163,4163,4164,4164,4166,4162,4162,4164,4164,4164,4164,4163,4166,4165,4171,4168,4170,4170,4177,4168,4176,4171,4178,4175,4175,4173,4179,4171,4167,4165,4179,4169,4177,4169,4168,4168,4169,4172,4172,4168,4168,4166,4169,4166,4168,4169,4169,4166,4169,4166,4166,4167,4167,4168,4173,4169,4171,4168,4166,4167,4179,4176,4172,4170,4175,4170,4171,4169,-0.35,SJNFAAZE1U0005576,117.67,13.04,8967.2421875,78,74,0,0,0,0,14.5,99.19,-152293,91,1527996104.327,0,1,0,0,0,0,0,3,0,1,400.10,400.10,7F,1,1,1,0082,57,40,40,0,0,19,0.00
03/06/2018 4:21:48,54 58.41277,-1 31.223,341,0,446,881753,1145049,400.13,-52.939,4180,4161,4168,19,0,111.2,44.0,107.6,42.0,none,none,101.1,38.4,4180,4177,4167,4169,4170,4166,4164,4164,4167,4164,4164,4163,4165,4164,4163,4164,4163,4163,4163,4164,4164,4161,4162,4165,4163,4166,4164,4163,4163,4164,4164,4164,4165,4164,4163,4166,4164,4164,4165,4164,4165,4165,4173,4168,4170,4169,4179,4168,4176,4172,4178,4175,4177,4173,4179,4172,4167,4166,4179,4168,4175,4167,4168,4168,4170,4172,4170,4169,4168,4167,4170,4167,4169,4169,4170,4167,4169,4166,4166,4167,4166,4167,4173,4169,4172,4168,4166,4167,4178,4176,4172,4170,4175,4171,4172,4170,-0.37,SJNFAAZE1U0005576,117.67,13.04,8967.2421875,78,74,0,0,0,0,14.5,99.19,-152313,91,1527996108.092,0,1,0,0,0,0,0,3,0,1,400.06,400.06,7F,1,1,1,0082,57,40,40,0,0,19,0.00
03/06/2018 4:21:52,54 58.41277,-1 31.223,341,0,447,882229,1145049,400.03,-51.413,4180,4161,4167,19,0,110.9,43.9,107.6,42.0,none,none,101.1,38.4,4180,4177,4167,4168,4170,4165,4164,4164,4165,4164,4165,4163,4166,4164,4163,4163,4163,4163,4162,4164,4163,4162,4162,4164,4163,4164,4162,4163,4161,4163,4163,4165,4164,4162,4161,4164,4164,4163,4164,4163,4166,4164,4171,4168,4169,4169,4177,4168,4176,4170,4177,4174,4176,4171,4179,4171,4165,4166,4178,4169,4177,4167,4167,4167,4168,4171,4169,4167,4168,4167,4169,4166,4168,4167,4168,4166,4169,4165,4166,4166,4166,4167,4173,4167,4171,4167,4164,4165,4178,4175,4171,4169,4175,4170,4171,4169,-0.36,SJNFAAZE1U0005576,117.67,13.04,8967.2421875,78,74,0,0,0,0,14.5,99.19,-152332,90,1527996112.038,0,1,1,0,6,0,0,3,0,1,400.06,400.06,7F,1,1,1,0082,57,40,40,0,0,19,0.00
03/06/2018 4:21:55,54 58.41277,-1 31.223,341,0,447,882745,1145049,400.13,-51.933,4182,4163,4168,19,0,110.9,43.9,107.6,42.0,none,none,101.1,38.4,4182,4177,4167,4169,4170,4167,4164,4165,4167,4164,4165,4163,4166,4165,4163,4164,4163,4164,4164,4164,4165,4163,4164,4165,4163,4166,4164,4164,4164,4163,4164,4164,4165,4163,4164,4165,4164,4163,4165,4163,4167,4165,4172,4169,4170,4170,4179,4168,4177,4171,4179,4175,4175,4173,4179,4171,4168,4166,4179,4170,4176,4169,4168,4168,4170,4172,4171,4168,4169,4168,4171,4167,4168,4168,4169,4166,4170,4166,4167,4167,4167,4167,4173,4168,4172,4168,4166,4165,4178,4176,4172,4170,4176,4171,4172,4170,-0.37,SJNFAAZE1U0005576,117.67,13.04,8967.2421875,78,74,0,0,0,0,14.5,99.19,-152354,90,1527996115.925,0,1,0,0,0,0,0,3,0,1,400.17,400.17,7F,1,1,1,0082,57,40,40,0,0,19,0.00
03/06/2018 4:21:59,54 58.41277,-1 31.22299,341,0,447,883202,1145049,400.22,-51.627,4182,4163,4169,19,0,110.9,43.9,107.6,42.0,none,none,101.1,38.4,4182,4179,4169,4171,4172,4168,4165,4166,4167,4165,4166,4165,4167,4166,4165,4165,4164,4165,4164,4165,4166,4164,4165,4166,4164,4167,4164,4164,4165,4165,4166,4165,4166,4163,4164,4166,4166,4164,4165,4164,4168,4166,4173,4169,4171,4170,4179,4170,4178,4173,4180,4176,4176,4174,4180,4172,4169,4166,4181,4170,4178,4169,4169,4169,4171,4173,4171,4170,4170,4168,4172,4168,4168,4170,4171,4168,4171,4167,4167,4168,4168,4169,4173,4171,4172,4169,4167,4167,4178,4178,4172,4171,4178,4171,4173,4171,-0.37,SJNFAAZE1U0005576,117.67,13.04,8967.2421875,78,74,0,0,0,0,14.5,99.19,-152372,90,1527996119.597,0,1,0,0,0,0,0,3,0,1,400.33,400.33,7F,1,1,1,0082,57,40,40,0,0,19,0.00
03/06/2018 4:22:03,54 58.41276,-1 31.22299,341,0,447,883684,1145049,400.32,-52.482,4185,4164,4170,21,0,110.9,43.9,107.6,42.0,none,none,101.1,38.4,4185,4180,4170,4172,4173,4170,4167,4167,4169,4167,4166,4167,4168,4167,4166,4167,4166,4166,4166,4167,4167,4165,4167,4167,4165,4168,4164,4166,4166,4166,4167,4167,4168,4166,4166,4167,4168,4166,4166,4166,4169,4167,4174,4171,4173,4172,4181,4172,4179,4174,4180,4177,4178,4175,4182,4174,4171,4169,4180,4171,4179,4171,4171,4170,4172,4174,4173,4170,4171,4170,4172,4169,4170,4171,4171,4169,4172,4169,4169,4170,4169,4170,4175,4172,4174,4171,4168,4169,4181,4179,4173,4173,4179,4175,4174,4172,-0.34,SJNFAAZE1U0005576,117.67,13.04,8967.2421875,78,74,0,0,0,0,14.5,99.19,-152392,90,1527996123.563,0,1,0,0,0,0,0,3,0,1,400.38,400.38,7F,1,1,1,0082,57,40,40,0,0,19,0.00
03/06/2018 4:22:07,54 58.41276,-1 31.22299,341,0,448,884196,1145049,400.32,-51.994,4183,4163,4170,20,0,110.9,43.9,107.4,41.9,none,none,101.1,38.4,4183,4179,4170,4172,4172,4169,4166,4167,4169,4166,4166,4166,4168,4167,4166,4166,4166,4165,4165,4166,4166,4163,4166,4167,4165,4167,4165,4165,4165,4165,4166,4166,4169,4166,4165,4167,4167,4166,4167,4164,4168,4166,4173,4169,4172,4171,4181,4171,4179,4174,4180,4176,4177,4174,4182,4172,4169,4168,4182,4172,4179,4169,4170,4170,4172,4174,4172,4169,4171,4169,4171,4169,4169,4171,4171,4168,4171,4167,4168,4169,4169,4169,4175,4171,4173,4170,4168,4168,4181,4177,4174,4172,4177,4172,4175,4172,-0.38,SJNFAAZE1U0005576,117.67,13.04,8967.2421875,78,74,0,0,0,0,14.5,99.19,-152413,90,1527996127.590,0,1,1,0,6,0,0,3,0,1,400.27,400.27,7F,1,1,1,0082,57,40,40,0,0,19,0.00
03/06/2018 4:22:11,54 58.41275,-1 31.223,341,0,448,884701,1145049,400.32,-51.352,4183,4164,4170,19,0,110.9,43.9,107.6,42.0,none,none,101.1,38.4,4183,4179,4169,4173,4173,4169,4167,4167,4169,4168,4167,4167,4169,4167,4166,4166,4166,4166,4166,4166,4167,4165,4166,4167,4166,4168,4167,4166,4166,4166,4167,4167,4168,4166,4164,4168,4167,4166,4167,4165,4169,4168,4174,4170,4173,4173,4182,4171,4180,4174,4181,4178,4178,4175,4181,4173,4169,4169,4181,4172,4179,4170,4170,4171,4172,4175,4173,4170,4171,4170,4172,4168,4170,4172,4171,4169,4170,4169,4169,4169,4169,4171,4175,4172,4174,4171,4169,4168,4182,4179,4174,4173,4178,4175,4174,4172,-0.38,SJNFAAZE1U0005576,117.67,13.04,8967.2421875,78,74,0,0,0,0,14.5,99.19,-152434,90,1527996131.707,0,1,0,0,0,0,0,3,0,1,400.48,400.48,7F,1,1,1,0082,57,40,40,0,0,19,0.00
03/06/2018 4:22:15,54 58.41275,-1 31.223,341,0,448,885220,1145049,400.51,-51.963,4184,4165,4172,19,0,110.9,43.9,107.6,42.0,none,none,101.1,38.4,4184,4181,4170,4173,4173,4170,4168,4168,4169,4168,4169,4168,4170,4169,4168,4168,4167,4167,4167,4168,4169,4165,4167,4169,4167,4170,4168,4168,4168,4168,4168,4168,4170,4167,4167,4170,4168,4168,4168,4166,4170,4169,4175,4172,4174,4175,4183,4173,4181,4176,4182,4179,4181,4176,4183,4175,4172,4170,4183,4175,4182,4172,4172,4173,4173,4176,4174,4172,4172,4171,4174,4171,4172,4173,4174,4170,4173,4170,4171,4171,4172,4171,4176,4173,4176,4173,4169,4172,4183,4180,4175,4174,4180,4176,4175,4174,-0.36,SJNFAAZE1U0005576,117.67,13.04,8967.2421875,78,74,0,0,0,0,14.5,99.19,-152456,90,1527996135.740,0,1,0,0,0,0,0,3,0,1,400.51,400.51,7F,1,1,1,0082,57,40,40,0,0,19,0.00
03/06/2018 4:22:19,54 58.41274,-1 31.223,341,0,448,885733,1145049,400.42,-51.841,4184,4166,4171,18,0,110.9,43.9,107.6,42.0,none,none,101.1,38.4,4184,4181,4170,4172,4173,4170,4168,4168,4170,4167,4168,4167,4170,4168,4168,4167,4167,4168,4168,4168,4169,4166,4166,4168,4167,4168,4167,4167,4166,4167,4167,4168,4169,4167,4166,4169,4169,4167,4168,4166,4169,4168,4175,4172,4174,4172,4182,4172,4181,4176,4181,4177,4179,4175,4184,4174,4172,4169,4183,4174,4179,4172,4172,4171,4174,4176,4174,4171,4173,4171,4174,4171,4172,4172,4173,4169,4173,4170,4170,4170,4170,4171,4176,4173,4176,4171,4169,4169,4183,4179,4175,4173,4179,4174,4176,4173,-0.38,SJNFAAZE1U0005576,117.67,13.04,8967.2421875,78,74,0,0,0,0,14.5,99.19,-152477,90,1527996139.804,0,1,0,0,0,0,0,3,0,1,400.45,400.45,7F,1,1,1,0082,57,40,40,0,0,19,0.00
03/06/2018 4:22:23,54 58.41273,-1 31.223,341,0,449,886191,1145049,400.51,-49.888,4185,4166,4172,19,0,111.2,44.0,107.6,42.0,none,none,101.3,38.5,4185,4182,4171,4175,4175,4171,4168,4168,4171,4168,4169,4168,4170,4170,4169,4169,4168,4167,4168,4168,4169,4166,4167,4168,4167,4170,4167,4167,4168,4168,4168,4168,4169,4167,4167,4170,4169,4168,4168,4167,4172,4169,4176,4172,4174,4174,4183,4173,4181,4176,4183,4179,4181,4178,4183,4176,4172,4171,4183,4174,4181,4174,4172,4172,4173,4176,4174,4173,4173,4173,4174,4171,4173,4173,4174,4170,4175,4171,4172,4173,4172,4171,4177,4173,4176,4173,4170,4173,4182,4181,4176,4175,4180,4175,4176,4174,-0.35,SJNFAAZE1U0005576,117.67,13.04,8967.2421875,78,74,0,0,0,0,14.5,99.19,-152496,90,1527996143.551,0,1,1,0,7,0,0,3,0,1,400.58,400.58,7F,1,1,1,0082,57,40,40,0,0,19,0.00
03/06/2018 4:22:27,54 58.41273,-1 31.22301,341,0,449,886661,1145049,400.51,-51.383,4185,4167,4172,18,0,111.2,44.0,107.6,42.0,none,none,101.1,38.4,4185,4182,4172,4175,4174,4170,4169,4169,4170,4169,4168,4168,4170,4168,4168,4169,4168,4168,4168,4170,4169,4167,4168,4169,4168,4169,4168,4167,4168,4167,4169,4169,4169,4167,4167,4170,4170,4168,4168,4167,4171,4168,4175,4172,4174,4173,4183,4173,4181,4177,4182,4179,4180,4177,4183,4175,4172,4170,4182,4175,4180,4172,4172,4173,4174,4176,4174,4172,4173,4172,4174,4171,4173,4173,4174,4170,4173,4170,4171,4171,4172,4172,4177,4173,4176,4173,4170,4170,4183,4180,4176,4174,4181,4175,4177,4174,-0.38,SJNFAAZE1U0005576,117.67,13.04,8967.2421875,78,74,0,0,0,0,14.5,99.19,-152515,90,1527996147.197,0,1,0,0,0,0,0,3,0,1,400.53,400.53,7F,1,1,1,0082,57,40,40,0,0,19,0.00
03/06/2018 4:22:30,54 58.41272,-1 31.22301,341,0,449,887122,1145049,400.70,-50.864,4187,4168,4174,19,0,110.9,43.9,107.6,42.0,none,none,101.1,38.4,4187,4183,4173,4175,4176,4173,4171,4171,4171,4169,4171,4170,4171,4170,4170,4170,4169,4169,4169,4170,4171,4168,4168,4170,4169,4171,4169,4169,4169,4170,4170,4170,4171,4169,4169,4171,4169,4170,4170,4168,4172,4171,4177,4174,4176,4176,4184,4174,4183,4178,4184,4181,4181,4179,4186,4176,4174,4172,4184,4176,4182,4173,4173,4173,4176,4178,4177,4173,4174,4173,4176,4172,4174,4175,4175,4172,4175,4172,4173,4173,4173,4173,4179,4175,4177,4174,4172,4173,4185,4182,4178,4176,4182,4177,4178,4175,-0.36,SJNFAAZE1U0005576,117.67,13.04,8967.2421875,78,74,0,0,0,0,14.5,99.19,-152534,90,1527996150.929,0,1,0,0,0,0,0,3,0,1,400.72,400.72,7F,1,1,1,0082,57,40,40,0,0,19,0.00
03/06/2018 4:22:34,54 58.41272,-1 31.22301,341,0,449,887581,1145049,400.61,-50.925,4187,4167,4173,20,0,111.2,44.0,107.6,42.0,none,none,101.1,38.4,4187,4182,4172,4174,4176,4172,4169,4170,4171,4170,4169,4168,4171,4169,4169,4169,4168,4169,4168,4170,4170,4167,4168,4170,4168,4171,4169,4168,4168,4169,4169,4170,4170,4169,4168,4170,4170,4168,4169,4168,4171,4169,4176,4172,4176,4175,4184,4174,4182,4177,4184,4180,4181,4177,4184,4176,4174,4172,4184,4175,4182,4173,4174,4173,4175,4177,4176,4172,4174,4172,4174,4172,4173,4174,4176,4171,4174,4171,4172,4172,4173,4172,4178,4174,4177,4174,4171,4171,4183,4181,4176,4175,4182,4176,4177,4175,-0.37,SJNFAAZE1U0005576,117.67,13.04,8967.2421875,78,74,0,0,0,0,14.5,99.19,-152553,90,1527996154.728,0,1,0,0,0,0,0,3,0,1,400.61,400.61,7F,1,1,1,0082,57,40,40,0,0,19,0.00
03/06/2018 4:22:38,54 58.41272,-1 31.22301,341,0,449,888053,1145049,400.70,-48.667,4188,4169,4174,19,0,110.9,43.9,107.6,42.0,none,none,101.1,38.4,4188,4184,4173,4175,4176,4173,4171,4172,4173,4171,4172,4171,4172,4171,4170,4169,4170,4171,4169,4170,4171,4169,4169,4171,4170,4172,4170,4169,4170,4171,4171,4171,4171,4169,4169,4171,4171,4169,4171,4169,4172,4172,4178,4174,4176,4176,4184,4176,4182,4178,4185,4182,4183,4179,4186,4177,4174,4172,4186,4177,4181,4174,4175,4173,4176,4178,4177,4173,4175,4174,4177,4173,4173,4176,4176,4172,4175,4172,4173,4173,4173,4174,4178,4176,4179,4175,4172,4172,4185,4182,4177,4175,4183,4177,4178,4176,-0.38,SJNFAAZE1U0005576,117.67,13.04,8967.2421875,78,74,0,0,0,0,14.5,99.19,-152572,90,1527996158.633,0,1,1,0,7,0,0,3,0,1,400.81,400.81,7F,1,1,1,0082,57,40,40,0,0,19,0.00
03/06/2018 4:22:42,54 58.41273,-1 31.22301,341,0,450,888526,1145049,400.70,-51.047,4188,4168,4174,20,0,111.2,44.0,107.6,42.0,none,none,101.1,38.4,4188,4184,4173,4176,4177,4173,4171,4171,4172,4171,4172,4171,4172,4172,4170,4171,4170,4170,4170,4171,4172,4168,4169,4171,4170,4172,4170,4170,4170,4170,4170,4171,4171,4170,4170,4171,4171,4170,4171,4169,4173,4172,4178,4175,4176,4176,4184,4176,4183,4179,4185,4182,4182,4179,4185,4177,4174,4173,4185,4176,4183,4175,4175,4174,4177,4178,4177,4175,4175,4174,4177,4173,4175,4176,4175,4172,4176,4173,4173,4174,4174,4173,4180,4176,4178,4175,4173,4173,4185,4183,4178,4176,4183,4178,4179,4177,-0.37,SJNFAAZE1U0005576,117.67,13.04,8967.2421875,78,74,0,0,0,0,14.5,99.19,-152592,90,1527996162.611,0,1,0,0,0,0,0,3,0,1,400.69,400.69,7F,1,1,1,0082,57,40,40,0,0,19,0.00
03/06/2018 4:22:46,54 58.41273,-1 31.22301,341,0,450,888967,1145049,400.70,-48.454,4187,4168,4174,19,0,111.2,44.0,107.6,42.0,none,none,101.1,38.4,4187,4183,4173,4176,4176,4173,4171,4170,4172,4170,4171,4170,4172,4170,4170,4169,4170,4170,4170,4169,4171,4168,4170,4170,4170,4172,4170,4170,4169,4170,4171,4170,4172,4169,4170,4171,4171,4169,4171,4168,4172,4172,4178,4173,4177,4176,4185,4175,4183,4177,4185,4180,4181,4178,4186,4177,4173,4172,4185,4177,4182,4175,4174,4174,4176,4178,4177,4173,4175,4173,4176,4173,4174,4174,4176,4173,4175,4173,4174,4173,4173,4173,4180,4175,4178,4174,4171,4171,4185,4182,4178,4175,4182,4177,4179,4176,-0.34,SJNFAAZE1U0005576,117.67,13.04,8967.2421875,78,74,0,0,0,0,14.5,99.19,-152610,90,1527996166.185,0,1,0,0,0,0,0,3,0,1,400.84,400.84,7F,1,1,1,0082,57,40,40,0,0,19,0.00
03/06/2018 4:22:49,54 58.41273,-1 31.22301,341,0,450,889375,1145049,400.70,-47.996,4187,4168,4174,19,0,111.2,44.0,107.6,42.0,none,none,101.1,38.4,4187,4184,4173,4176,4176,4172,4170,4170,4173,4170,4170,4170,4172,4169,4170,4171,4168,4168,4170,4170,4171,4168,4169,4171,4169,4172,4170,4169,4169,4169,4169,4169,4171,4169,4170,4171,4171,4169,4170,4170,4172,4171,4177,4173,4177,4176,4184,4174,4184,4177,4184,4180,4182,4178,4185,4176,4175,4172,4184,4175,4183,4174,4173,4174,4176,4178,4176,4175,4174,4173,4176,4172,4174,4175,4175,4172,4175,4172,4172,4172,4173,4173,4179,4175,4177,4175,4172,4173,4185,4181,4177,4175,4182,4177,4178,4175,-0.38,SJNFAAZE1U0005576,117.67,13.04,8967.2421875,78,74,0,0,0,0,14.5,99.19,-152627,90,1527996169.668,0,1,0,0,0,0,0,3,0,1,400.70,400.70,7F,1,1,1,0082,57,40,40,0,0,19,0.00
03/06/2018 4:22:53,54 58.41273,-1 31.22301,341,0,450,889781,1145049,400.70,-45.615,4187,4167,4174,20,0,110.9,43.9,107.6,42.0,none,none,101.1,38.4,4187,4183,4173,4175,4177,4172,4171,4171,4172,4169,4170,4170,4171,4170,4170,4171,4169,4170,4169,4170,4171,4167,4169,4171,4169,4170,4169,4169,4170,4170,4170,4169,4171,4169,4169,4171,4171,4169,4170,4168,4172,4171,4177,4175,4176,4175,4184,4175,4183,4177,4184,4181,4182,4179,4185,4177,4173,4173,4185,4175,4182,4174,4174,4174,4175,4177,4176,4174,4174,4172,4176,4172,4174,4175,4175,4172,4175,4173,4173,4172,4172,4172,4178,4174,4178,4173,4172,4172,4185,4181,4177,4176,4182,4176,4177,4176,-0.34,SJNFAAZE1U0005576,117.67,13.04,8967.2421875,78,74,0,0,0,0,14.5,99.19,-152644,90,1527996173.349,0,1,1,0,6,0,0,3,0,1,400.77,400.77,7F,1,1,1,0082,57,40,40,0,0,19,0.00
03/06/2018 4:22:57,54 58.41407,-1 31.2235,354,0,451,890205,1145049,400.70,-47.080,4187,4169,4174,18,0,110.9,43.9,107.6,42.0,none,none,101.1,38.4,4187,4183,4174,4176,4177,4172,4171,4171,4173,4170,4170,4170,4172,4170,4171,4170,4170,4169,4170,4170,4172,4169,4169,4171,4170,4170,4171,4170,4170,4170,4170,4170,4172,4169,4169,4171,4172,4170,4171,4169,4173,4171,4178,4175,4177,4175,4184,4175,4184,4177,4185,4181,4182,4178,4185,4177,4176,4173,4186,4176,4183,4174,4174,4174,4177,4177,4176,4175,4175,4173,4177,4173,4175,4174,4175,4173,4176,4172,4173,4173,4173,4173,4180,4175,4178,4174,4173,4172,4185,4182,4177,4176,4183,4178,4179,4177,-0.40,SJNFAAZE1U0005576,117.67,13.04,8967.2421875,78,74,0,0,0,0,14.5,99.19,-152661,90,1527996177.084,0,1,0,0,0,0,0,3,0,1,400.68,400.68,7F,1,1,1,0082,57,40,40,0,0,19,0.00
03/06/2018 4:23:00,54 58.41337,-1 31.22436,357,0,451,890609,1145049,400.70,-45.493,4186,4169,4174,17,0,111.2,44.0,107.6,42.0,none,none,101.1,38.4,4186,4184,4173,4176,4175,4173,4169,4171,4172,4170,4170,4169,4171,4171,4170,4171,4169,4171,4169,4171,4171,4169,4169,4171,4169,4172,4170,4170,4169,4170,4170,4171,4171,4170,4169,4172,4170,4170,4170,4170,4172,4171,4177,4176,4176,4176,4183,4176,4182,4178,4184,4182,4181,4179,4185,4178,4174,4173,4185,4177,4182,4174,4174,4174,4175,4179,4176,4174,4174,4174,4176,4173,4174,4176,4175,4172,4175,4173,4173,4173,4173,4174,4179,4175,4178,4175,4172,4171,4184,4183,4177,4176,4182,4178,4178,4176,-0.36,SJNFAAZE1U0005576,117.67,13.04,8967.2421875,78,74,0,0,0,0,14.5,99.19,-152678,90,1527996180.544,0,1,0,0,0,0,0,3,0,1,400.81,400.81,7F,1,1,1,0082,57,40,40,0,0,19,0.00
03/06/2018 4:23:04,54 58.41388,-1 31.22431,364,0,451,890997,1145049,400.70,-45.798,4187,4169,4174,18,0,111.2,44.0,107.6,42.0,none,none,101.1,38.4,4187,4183,4175,4176,4177,4173,4172,4171,4172,4170,4171,4170,4172,4171,4169,4170,4170,4170,4169,4170,4171,4169,4170,4170,4169,4171,4170,4170,4170,4170,4170,4170,4172,4169,4169,4171,4171,4169,4171,4169,4172,4170,4178,4174,4176,4176,4184,4174,4183,4178,4183,4180,4181,4178,4185,4177,4174,4172,4185,4176,4182,4173,4175,4174,4175,4177,4176,4173,4174,4172,4176,4173,4174,4175,4175,4172,4174,4171,4172,4173,4174,4173,4179,4174,4177,4174,4173,4173,4185,4182,4177,4176,4183,4177,4178,4176,-0.37,SJNFAAZE1U0005576,117.67,13.04,8967.2421875,78,74,0,0,0,0,14.5,99.19,-152694,90,1527996184.178,0,1,0,0,0,0,0,3,0,1,400.64,400.64,7F,1,1,1,0082,57,40,40,0,0,19,0.00
03/06/2018 4:23:07,54 58.41412,-1 31.22485,367,0,451,891391,1145049,400.70,-43.784,4186,4169,4174,17,0,111.2,44.0,107.6,42.0,none,none,101.1,38.4,4186,4185,4173,4177,4176,4174,4171,4171,4172,4172,4171,4171,4172,4171,4170,4170,4169,4171,4169,4171,4171,4169,4170,4172,4170,4172,4169,4170,4169,4170,4170,4171,4171,4169,4170,4172,4171,4170,4171,4170,4173,4173,4178,4175,4176,4176,4184,4175,4182,4178,4184,4181,4183,4178,4185,4179,4174,4173,4185,4177,4183,4174,4174,4174,4175,4179,4176,4174,4175,4174,4176,4174,4175,4176,4174,4174,4176,4174,4173,4173,4173,4175,4179,4176,4178,4174,4172,4173,4185,4183,4177,4177,4182,4178,4177,4177,-0.33,SJNFAAZE1U0005576,117.67,13.04,8967.2421875,78,74,0,0,0,0,14.5,99.19,-152710,90,1527996187.887,0,1,1,0,6,0,0,3,0,1,400.81,400.81,7F,1,1,1,0082,57,40,40,0,0,19,0.00
03/06/2018 4:23:11,54 58.41424,-1 31.22328,357,0,451,891779,1145049,400.61,-45.402,4186,4167,4173,19,0,110.9,43.9,107.6,42.0,none,none,101.1,38.4,4186,4183,4173,4176,4177,4172,4170,4170,4171,4169,4170,4170,4172,4170,4170,4171,4169,4169,4169,4169,4172,4167,4169,4170,4169,4171,4170,4169,4170,4169,4169,4170,4172,4169,4169,4171,4171,4169,4170,4168,4172,4170,4177,4174,4176,4175,4184,4174,4182,4177,4184,4180,4181,4178,4185,4176,4173,4171,4184,4175,4181,4173,4175,4174,4175,4177,4177,4174,4174,4171,4176,4172,4173,4174,4174,4171,4175,4171,4173,4171,4173,4173,4179,4174,4178,4174,4172,4171,4185,4182,4178,4175,4181,4177,4178,4175,-0.36,SJNFAAZE1U0005576,117.67,13.04,8967.2421875,78,74,0,0,0,0,14.5,99.19,-152726,90,1527996191.420,0,1,0,0,0,0,0,3,0,1,400.68,400.68,7F,1,1,1,0082,57,40,40,0,0,19,0.00
03/06/2018 4:23:15,54 58.41403,-1 31.2226,374,0,452,892186,1145049,400.80,-45.036,4188,4170,4175,18,0,111.2,44.0,107.6,42.0,none,none,101.3,38.5,4188,4185,4174,4176,4178,4174,4171,4173,4172,4171,4172,4171,4173,4172,4170,4171,4171,4172,4170,4171,4172,4170,4170,4173,4170,4173,4170,4171,4170,4171,4171,4172,4172,4171,4170,4173,4172,4171,4172,4171,4173,4173,4179,4177,4176,4177,4185,4176,4184,4180,4185,4182,4183,4180,4187,4179,4175,4174,4187,4177,4183,4176,4175,4175,4176,4179,4177,4176,4175,4174,4176,4174,4176,4176,4176,4173,4178,4173,4174,4175,4174,4175,4180,4176,4178,4176,4173,4176,4185,4183,4178,4178,4183,4178,4179,4177,-0.37,SJNFAAZE1U0005576,117.67,13.04,8967.2421875,78,74,0,0,0,0,14.5,99.19,-152743,90,1527996195.326,0,1,0,0,0,0,0,3,0,1,400.85,400.85,7F,1,1,1,0082,57,40,40,0,0,19,0.00
03/06/2018 4:23:19,54 58.41501,-1 31.22247,370,0,452,892605,1145049,400.70,-44.883,4186,4168,4174,18,0,111.2,44.0,107.6,42.0,none,none,101.1,38.4,4185,4183,4174,4175,4177,4172,4171,4170,4173,4170,4171,4171,4172,4170,4170,4171,4170,4170,4171,4171,4172,4168,4171,4171,4170,4172,4170,4171,4171,4169,4171,4170,4172,4169,4169,4172,4171,4170,4171,4170,4172,4172,4178,4174,4177,4176,4184,4175,4183,4178,4185,4181,4182,4180,4186,4178,4175,4172,4186,4175,4182,4175,4175,4173,4176,4177,4177,4175,4176,4173,4176,4173,4174,4174,4175,4172,4175,4173,4173,4173,4173,4174,4179,4175,4178,4175,4174,4173,4185,4183,4178,4177,4183,4177,4179,4177,-0.40,SJNFAAZE1U0005576,117.67,13.04,8967.2421875,78,74,0,0,0,0,14.5,99.19,-152760,90,1527996199.109,0,1,0,0,0,0,0,3,0,1,400.69,400.69,7F,1,1,1,0082,57,40,40,0,0,19,0.00
03/06/2018 4:23:22,54 58.41305,-1 31.22279,367,0,452,893009,1145049,400.70,-42.655,4187,4169,4174,18,0,111.2,44.0,107.6,42.0,none,none,101.1,38.4,4186,4183,4173,4176,4177,4173,4171,4171,4173,4170,4172,4171,4173,4171,4171,4171,4171,4171,4170,4171,4173,4169,4170,4171,4171,4172,4171,4170,4171,4172,4172,4171,4172,4169,4170,4172,4172,4171,4171,4169,4173,4173,4179,4175,4177,4177,4184,4175,4183,4178,4185,4180,4183,4179,4186,4177,4174,4173,4187,4176,4182,4174,4174,4176,4176,4179,4176,4175,4173,4173,4176,4173,4175,4175,4175,4173,4176,4173,4173,4173,4173,4174,4180,4175,4177,4175,4171,4173,4185,4182,4177,4175,4182,4177,4179,4177,-0.38,SJNFAAZE1U0005576,117.67,13.04,8967.2421875,78,74,0,0,0,0,14.5,99.19,-152777,90,1527996202.885,0,1,1,0,6,0,0,3,0,1,400.87,400.87,7F,1,1,1,0082,57,40,40,0,0,19,0.00
03/06/2018 4:23:26,54 58.41247,-1 31.22229,364,0,452,893396,1145049,400.70,-43.754,4186,4168,4174,18,0,111.2,44.0,107.6,42.0,none,none,101.1,38.4,4186,4184,4173,4176,4176,4173,4170,4171,4172,4171,4172,4171,4172,4171,4169,4172,4170,4170,4170,4170,4171,4168,4169,4171,4170,4172,4170,4170,4170,4170,4170,4170,4171,4171,4171,4172,4171,4171,4171,4170,4172,4172,4178,4176,4177,4176,4184,4176,4183,4178,4184,4181,4182,4178,4185,4178,4174,4173,4185,4177,4181,4174,4174,4175,4176,4179,4177,4175,4174,4174,4176,4174,4175,4174,4175,4173,4176,4173,4173,4173,4173,4174,4179,4176,4177,4175,4172,4171,4185,4182,4178,4177,4182,4177,4178,4177,-0.38,SJNFAAZE1U0005576,117.67,13.04,8967.2421875,78,74,0,0,0,0,14.5,99.19,-152793,90,1527996206.520,0,1,0,0,0,0,0,3,0,1,400.72,400.72,7F,1,1,1,0082,57,40,40,0,0,19,0.00
03/06/2018 4:23:30,54 58.41295,-1 31.22191,367,0,452,893775,1145049,400.90,-42.869,4187,4170,4176,17,0,111.2,44.0,107.6,42.0,none,none,101.1,38.4,4186,4184,4175,4178,4178,4175,4173,4173,4175,4172,4173,4172,4174,4172,4172,4171,4171,4172,4171,4171,4173,4170,4172,4173,4171,4174,4171,4171,4172,4171,4172,4173,4173,4171,4171,4173,4173,4171,4172,4170,4174,4173,4180,4175,4179,4177,4186,4176,4184,4179,4186,4182,4184,4179,4187,4178,4176,4174,4187,4178,4183,4175,4175,4175,4177,4180,4178,4175,4176,4176,4177,4174,4176,4177,4177,4174,4177,4175,4174,4176,4175,4175,4180,4177,4178,4176,4173,4174,4185,4184,4178,4177,4183,4179,4180,4177,-0.39,SJNFAAZE1U0005576,117.67,13.04,8967.2421875,78,74,0,0,0,0,14.5,99.19,-152808,90,1527996210.084,0,1,0,0,0,0,0,3,0,1,400.90,400.90,7F,1,1,1,0082,57,40,40,0,0,19,0.00
03/06/2018 4:23:33,54 58.41269,-1 31.22015,364,0,453,894138,1145049,400.70,-41.984,4186,4168,4174,18,0,110.9,43.9,107.6,42.0,none,none,101.1,38.4,4186,4184,4174,4175,4177,4172,4172,4171,4172,4170,4171,4171,4173,4170,4171,4171,4170,4169,4171,4170,4171,4168,4170,4171,4170,4171,4170,4170,4170,4170,4171,4170,4173,4169,4170,4172,4171,4170,4171,4170,4173,4171,4178,4175,4177,4175,4184,4175,4182,4178,4184,4181,4181,4178,4185,4177,4172,4172,4184,4176,4181,4174,4173,4174,4177,4178,4176,4174,4174,4174,4177,4172,4173,4175,4175,4172,4175,4172,4172,4173,4173,4173,4179,4174,4178,4173,4172,4172,4184,4181,4176,4175,4181,4178,4179,4176,-0.38,SJNFAAZE1U0005576,117.67,13.04,8967.2421875,78,74,0,0,0,0,14.5,99.19,-152823,90,1527996213.805,0,1,0,0,0,0,0,3,0,1,400.75,400.75,7F,1,1,1,0082,57,40,40,0,0,19,0.00
03/06/2018 4:23:37,54 58.41297,-1 31.21728,364,0,453,894522,1145049,400.80,-40.641,4187,4170,4175,17,0,111.2,44.0,107.6,42.0,none,none,101.1,38.4,4187,4185,4174,4177,4177,4175,4171,4172,4173,4172,4172,4171,4172,4172,4171,4172,4171,4171,4170,4172,4172,4170,4171,4172,4170,4173,4170,4171,4171,4171,4171,4172,4172,4171,4171,4172,4171,4171,4171,4171,4173,4173,4178,4175,4177,4178,4185,4176,4184,4179,4185,4182,4183,4179,4186,4179,4175,4174,4186,4177,4183,4175,4175,4176,4177,4180,4177,4175,4176,4174,4177,4174,4176,4177,4176,4174,4177,4174,4174,4174,4173,4175,4179,4175,4179,4175,4173,4174,4186,4184,4179,4177,4183,4179,4179,4177,-0.39,SJNFAAZE1U0005576,117.67,13.04,8967.2421875,78,74,0,0,0,0,14.5,99.19,-152839,90,1527996217.563,0,1,1,0,5,0,0,3,0,1,400.81,400.81,7F,1,1,1,0082,57,40,40,0,0,19,0.00
03/06/2018 4:23:41,54 58.4128,-1 31.21573,364,0,453,894881,1145049,400.61,-39.817,4186,4167,4173,19,0,110.9,43.9,107.4,41.9,none,none,101.1,38.4,4186,4182,4173,4174,4176,4171,4170,4169,4171,4169,4170,4169,4171,4169,4169,4170,4170,4168,4170,4168,4170,4167,4169,4170,4170,4171,4170,4169,4170,4169,4170,4170,4171,4168,4169,4170,4171,4168,4170,4169,4171,4170,4177,4173,4175,4174,4183,4173,4183,4177,4183,4179,4181,4177,4185,4176,4172,4172,4184,4175,4181,4174,4173,4172,4175,4177,4175,4173,4174,4173,4176,4172,4173,4173,4173,4171,4173,4172,4172,4172,4173,4173,4178,4174,4177,4174,4172,4171,4184,4182,4177,4174,4181,4176,4177,4175,-0.37,SJNFAAZE1U0005576,117.67,13.04,8967.2421875,78,74,0,0,0,0,14.5,99.19,-152854,90,1527996221.231,0,1,1,0,7,0,0,3,0,1,400.71,400.71,7F,1,1,1,0082,57,40,40,0,0,19,0.00
03/06/2018 4:23:44,54 58.41264,-1 31.21575,364,0,453,895224,1145049,400.80,-41.648,4188,4170,4175,18,0,110.9,43.9,107.4,41.9,none,none,101.1,38.4,4188,4184,4175,4176,4178,4173,4172,4173,4174,4172,4171,4171,4174,4172,4172,4171,4171,4171,4170,4172,4173,4170,4172,4172,4171,4173,4172,4171,4171,4170,4172,4171,4173,4170,4171,4172,4172,4171,4173,4170,4174,4172,4179,4176,4178,4177,4185,4176,4183,4178,4185,4182,4182,4180,4186,4178,4175,4173,4185,4177,4182,4176,4175,4175,4176,4179,4178,4176,4176,4175,4177,4173,4176,4175,4176,4173,4176,4175,4174,4174,4175,4174,4180,4177,4180,4176,4173,4175,4186,4183,4178,4177,4183,4179,4180,4177,-0.38,SJNFAAZE1U0005576,117.67,13.04,8967.2421875,78,74,0,0,0,0,14.5,99.19,-152868,90,1527996224.689,0,1,0,0,0,0,0,3,0,1,400.79,400.79,7F,1,1,1,0082,57,40,40,0,0,19,0.00
03/06/2018 4:23:48,54 58.41284,-1 31.21587,364,0,453,895588,1145049,400.61,-39.665,4187,4167,4173,20,0,111.2,44.0,107.6,42.0,none,none,101.1,38.4,4187,4182,4173,4173,4176,4172,4170,4171,4172,4170,4170,4169,4171,4170,4170,4169,4170,4169,4170,4170,4171,4167,4169,4170,4169,4171,4169,4169,4169,4169,4170,4169,4171,4168,4169,4171,4171,4168,4170,4168,4172,4170,4177,4173,4176,4175,4184,4173,4181,4177,4183,4180,4179,4178,4185,4177,4172,4171,4184,4175,4181,4174,4174,4172,4176,4177,4176,4174,4175,4173,4176,4171,4174,4174,4174,4171,4174,4172,4172,4173,4173,4172,4178,4175,4178,4174,4172,4170,4183,4181,4177,4175,4182,4175,4177,4174,-0.41,SJNFAAZE1U0005576,117.67,13.04,8967.2421875,78,74,0,0,0,0,14.5,99.19,-152883,90,1527996228.469,0,1,0,0,0,0,0,3,0,1,400.77,400.77,7F,1,1,1,0082,57,40,40,0,0,19,0.00
03/06/2018 4:23:52,54 58.41352,-1 31.21777,360,0,453,895949,1145049,400.80,-39.573,4187,4169,4175,18,0,111.2,44.0,107.6,42.0,none,none,101.1,38.4,4187,4184,4174,4176,4178,4174,4171,4172,4173,4172,4171,4171,4173,4173,4171,4171,4171,4170,4170,4172,4172,4169,4170,4173,4170,4173,4170,4171,4171,4172,4172,4171,4172,4171,4170,4173,4172,4171,4171,4170,4174,4173,4178,4175,4176,4177,4184,4176,4183,4178,4185,4181,4184,4179,4186,4178,4176,4173,4185,4177,4182,4175,4175,4174,4176,4179,4177,4176,4176,4175,4177,4174,4175,4176,4175,4173,4176,4173,4174,4174,4174,4175,4179,4175,4178,4175,4172,4174,4185,4182,4178,4176,4183,4179,4179,4177,-0.38,SJNFAAZE1U0005576,117.67,13.04,8967.2421875,78,74,0,0,0,0,14.5,99.19,-152898,90,1527996232.187,0,1,0,0,0,0,0,3,0,1,400.81,400.81,7F,1,1,1,0082,57,40,40,0,0,19,0.00
03/06/2018 4:23:55,54 58.41377,-1 31.21815,360,0,454,896301,1145049,400.70,-38.535,4186,4168,4174,18,0,111.2,44.0,107.4,41.9,none,none,101.1,38.4,4186,4183,4173,4175,4176,4173,4170,4170,4172,4170,4170,4170,4172,4170,4169,4171,4170,4171,4169,4171,4171,4169,4170,4172,4168,4172,4169,4170,4170,4170,4170,4170,4172,4169,4169,4171,4171,4170,4170,4170,4171,4172,4177,4175,4175,4176,4183,4175,4182,4177,4183,4180,4181,4178,4184,4176,4173,4172,4184,4176,4182,4174,4174,4173,4175,4178,4176,4174,4175,4173,4177,4173,4173,4174,4174,4171,4175,4172,4172,4173,4174,4174,4178,4175,4176,4174,4172,4171,4184,4181,4178,4176,4181,4177,4178,4176,-0.37,SJNFAAZE1U0005576,117.67,13.04,8967.2421875,78,74,0,0,0,0,14.5,99.19,-152912,90,1527996235.749,0,1,1,0,7,0,0,3,0,1,400.77,400.77,7F,1,1,1,0082,57,40,40,0,0,19,0.00
03/06/2018 4:23:59,54 58.41377,-1 31.21815,360,0,454,896629,1145049,400.70,-40.702,4187,4169,4174,18,0,110.9,43.9,107.6,42.0,none,none,101.1,38.4,4187,4184,4173,4175,4177,4172,4172,4171,4174,4170,4171,4171,4172,4171,4170,4169,4171,4171,4171,4171,4171,4169,4171,4171,4170,4172,4171,4169,4170,4170,4171,4171,4172,4169,4170,4172,4171,4169,4171,4169,4173,4170,4179,4175,4177,4175,4184,4175,4183,4178,4184,4180,4182,4178,4186,4177,4174,4173,4185,4175,4182,4175,4175,4174,4176,4177,4177,4174,4175,4174,4177,4173,4175,4174,4176,4172,4175,4173,4174,4174,4174,4173,4178,4175,4177,4175,4172,4172,4185,4183,4178,4176,4182,4176,4178,4176,-0.39,SJNFAAZE1U0005576,117.67,13.04,8967.2421875,78,74,0,0,0,0,14.5,99.19,-152926,90,1527996239.220,0,1,0,0,0,0,0,3,0,1,400.70,400.70,7F,1,1,1,0082,57,40,40,0,0,19,0.00
03/06/2018 4:24:02,54 58.41377,-1 31.21815,360,0,454,896958,1145049,400.90,-40.244,4188,4171,4176,17,0,111.2,44.0,107.4,41.9,none,none,101.1,38.4,4188,4185,4175,4177,4178,4175,4173,4173,4173,4173,4173,4173,4172,4173,4171,4172,4171,4171,4172,4172,4172,4171,4171,4172,4172,4174,4171,4174,4172,4172,4172,4172,4173,4172,4171,4173,4172,4171,4172,4172,4174,4174,4179,4177,4177,4178,4185,4177,4184,4179,4185,4183,4183,4180,4185,4179,4176,4174,4186,4177,4183,4176,4175,4175,4177,4181,4178,4175,4176,4175,4178,4174,4176,4176,4177,4174,4177,4174,4175,4174,4175,4175,4179,4177,4178,4176,4174,4176,4186,4184,4179,4177,4184,4180,4180,4178,-0.38,SJNFAAZE1U0005576,117.67,13.04,8967.2421875,78,74,0,0,0,0,14.5,99.19,-152939,90,1527996242.603,0,1,0,0,0,0,0,3,0,1,400.85,400.85,7F,1,1,1,0082,57,40,40,0,0,19,0.00
03/06/2018 4:24:05,54 58.41377,-1 31.21815,360,0,454,897283,1145049,400.70,-38.444,4186,4169,4174,17,0,111.2,44.0,107.6,42.0,none,none,101.1,38.4,4186,4184,4173,4176,4177,4173,4170,4171,4173,4171,4172,4171,4173,4172,4170,4172,4170,4171,4170,4171,4171,4170,4170,4171,4169,4174,4171,4170,4171,4171,4170,4171,4172,4170,4169,4173,4172,4170,4171,4170,4173,4171,4179,4176,4176,4177,4184,4176,4183,4178,4184,4181,4182,4179,4186,4178,4174,4173,4185,4177,4182,4175,4175,4174,4176,4178,4176,4175,4174,4174,4176,4173,4175,4175,4175,4174,4176,4172,4173,4174,4175,4174,4179,4176,4178,4175,4172,4172,4185,4183,4177,4176,4183,4178,4178,4177,-0.39,SJNFAAZE1U0005576,117.67,13.04,8967.2421875,78,74,0,0,0,0,14.5,99.19,-152953,90,1527996245.919,0,1,0,0,0,0,0,3,0,1,400.88,400.88,7F,1,1,1,0082,57,40,40,0,0,19,0.00
03/06/2018 4:24:09,54 58.41377,-1 31.21815,360,0,454,897613,1145049,400.70,-38.566,4186,4168,4174,18,0,111.2,44.0,107.4,41.9,none,none,101.1,38.4,4186,4182,4174,4176,4176,4173,4170,4171,4173,4171,4171,4170,4172,4171,4170,4171,4169,4170,4170,4171,4171,4169,4170,4171,4170,4173,4170,4170,4170,4170,4170,4170,4172,4170,4169,4171,4171,4170,4170,4168,4172,4171,4178,4174,4176,4176,4183,4174,4182,4177,4184,4180,4180,4178,4185,4176,4172,4173,4183,4176,4181,4173,4174,4174,4175,4178,4176,4174,4175,4173,4176,4172,4174,4174,4175,4172,4176,4172,4173,4172,4173,4173,4179,4174,4177,4174,4172,4172,4184,4182,4177,4176,4182,4177,4177,4176,-0.40,SJNFAAZE1U0005576,117.67,13.04,8967.2421875,78,74,0,0,0,0,14.5,99.19,-152966,90,1527996249.779,0,1,1,0,5,0,0,3,0,1,400.71,400.71,7F,1,1,1,0082,57,40,40,0,0,19,0.00
03/06/2018 4:24:13,54 58.41377,-1 31.21815,360,0,454,897978,1145049,400.90,-39.054,4187,4170,4176,17,0,111.2,44.0,107.4,41.9,none,none,101.1,38.4,4187,4185,4174,4177,4178,4176,4173,4173,4174,4172,4171,4172,4173,4172,4171,4172,4171,4172,4171,4172,4174,4170,4170,4172,4170,4174,4171,4171,4171,4172,4172,4173,4174,4172,4171,4174,4173,4172,4170,4171,4174,4173,4179,4176,4177,4177,4184,4176,4184,4180,4184,4182,4183,4180,4186,4179,4175,4174,4186,4177,4184,4176,4176,4176,4177,4180,4178,4176,4176,4174,4178,4175,4178,4176,4176,4174,4176,4174,4174,4175,4175,4176,4180,4177,4178,4177,4174,4174,4187,4183,4179,4178,4184,4179,4179,4178,-0.38,SJNFAAZE1U0005576,117.67,13.04,8967.2421875,78,74,0,0,0,0,14.5,99.19,-152981,90,1527996253.607,0,1,1,0,7,0,0,3,0,1,400.88,400.88,7F,1,1,1,0082,57,40,40,0,0,19,0.00
03/06/2018 4:24:17,54 58.41377,-1 31.21815,360,0,455,898345,1145049,400.70,-38.352,4186,4168,4174,18,0,111.2,44.0,107.4,41.9,none,none,101.1,38.4,4186,4182,4173,4175,4176,4172,4170,4171,4172,4170,4171,4170,4172,4171,4170,4171,4170,4171,4170,4171,4171,4168,4169,4171,4170,4172,4171,4171,4170,4170,4170,4171,4171,4170,4171,4171,4171,4170,4171,4169,4173,4171,4178,4174,4177,4176,4184,4175,4182,4177,4183,4181,4180,4178,4185,4176,4173,4172,4184,4176,4181,4175,4174,4174,4175,4178,4176,4174,4174,4172,4176,4173,4173,4174,4175,4171,4174,4172,4172,4173,4173,4173,4178,4176,4178,4174,4172,4171,4184,4182,4177,4175,4182,4178,4177,4175,-0.39,SJNFAAZE1U0005576,117.67,13.04,8967.2421875,78,74,0,0,0,0,14.5,99.19,-152997,90,1527996257.515,0,1,0,0,0,0,0,3,0,1,400.72,400.72,7F,1,1,1,0082,57,40,40,0,0,19,0.00
03/06/2018 4:24:21,54 58.41377,-1 31.21815,360,0,455,898692,1145049,400.90,-39.451,4189,4170,4176,19,0,110.9,43.9,107.4,41.9,none,none,101.1,38.4,4189,4185,4175,4178,4179,4175,4173,4174,4174,4172,4173,4173,4174,4173,4172,4173,4172,4173,4172,4173,4173,4171,4170,4172,4171,4175,4172,4173,4172,4172,4172,4173,4174,4172,4172,4174,4173,4172,4173,4172,4175,4174,4180,4177,4178,4178,4186,4177,4183,4179,4185,4183,4183,4181,4187,4180,4176,4175,4185,4178,4184,4177,4176,4176,4177,4180,4178,4177,4178,4176,4177,4175,4176,4176,4177,4174,4177,4175,4175,4176,4175,4177,4179,4177,4178,4176,4175,4176,4186,4183,4180,4178,4184,4178,4180,4179,-0.40,SJNFAAZE1U0005576,117.67,13.04,8967.2421875,78,74,0,0,0,0,14.5,99.19,-153011,90,1527996261.057,0,1,0,0,0,0,0,3,0,1,400.91,400.91,7F,1,1,1,0082,57,40,40,0,0,19,0.00
03/06/2018 4:24:24,54 58.41377,-1 31.21815,360,0,455,899024,1145049,400.70,-36.735,4186,4169,4174,17,0,111.2,44.0,107.4,41.9,none,none,101.1,38.4,4186,4183,4173,4176,4176,4173,4171,4171,4172,4170,4171,4170,4172,4171,4170,4171,4170,4170,4169,4171,4172,4169,4170,4172,4170,4172,4170,4169,4170,4170,4171,4170,4171,4170,4170,4172,4170,4169,4171,4169,4172,4172,4178,4175,4176,4175,4183,4174,4181,4178,4183,4180,4181,4178,4185,4177,4174,4172,4184,4176,4182,4174,4174,4174,4175,4178,4176,4173,4175,4172,4176,4173,4175,4174,4175,4172,4174,4173,4173,4173,4174,4174,4178,4175,4177,4174,4172,4173,4184,4181,4177,4175,4180,4177,4177,4175,-0.38,SJNFAAZE1U0005576,117.67,13.04,8967.2421875,78,74,0,0,0,0,14.5,99.19,-153025,90,1527996264.856,0,1,1,0,5,0,0,3,0,1,400.85,400.85,7F,1,1,1,0082,57,40,40,0,0,19,0.00
03/06/2018 4:24:28,54 58.41377,-1 31.21815,360,0,455,899368,1145049,400.80,-38.871,4187,4171,4175,16,0,111.2,44.0,107.4,41.9,none,none,101.1,38.4,4187,4185,4175,4177,4177,4174,4172,4173,4174,4172,4172,4172,4173,4172,4171,4172,4171,4171,4171,4172,4173,4171,4171,4172,4171,4173,4171,4171,4171,4171,4172,4173,4173,4171,4171,4173,4172,4171,4172,4171,4174,4173,4179,4177,4177,4177,4184,4176,4183,4180,4184,4183,4183,4179,4185,4178,4175,4174,4186,4177,4183,4175,4175,4175,4176,4179,4177,4176,4176,4174,4178,4174,4177,4176,4177,4174,4178,4173,4174,4174,4175,4176,4180,4176,4179,4175,4173,4173,4185,4183,4179,4176,4183,4179,4179,4178,-0.39,SJNFAAZE1U0005576,117.67,13.04,8967.2421875,78,74,0,0,0,0,14.5,99.19,-153039,90,1527996268.665,0,1,1,0,7,0,0,3,0,1,400.82,400.82,7F,1,1,1,0082,57,40,40,0,0,19,0.00
03/06/2018 4:24:32,54 58.41377,-1 31.21815,360,0,455,899720,1145049,400.80,-37.375,4187,4170,4175,17,0,110.9,43.9,107.4,41.9,none,none,101.1,38.4,4187,4185,4175,4177,4178,4175,4172,4172,4174,4172,4172,4172,4174,4172,4171,4172,4172,4171,4172,4172,4173,4170,4172,4172,4173,4173,4172,4171,4172,4171,4173,4173,4174,4171,4172,4174,4175,4171,4173,4170,4174,4173,4179,4175,4178,4177,4185,4177,4183,4179,4185,4182,4183,4180,4185,4178,4175,4174,4185,4177,4184,4177,4175,4175,4177,4180,4178,4176,4175,4175,4176,4175,4175,4175,4177,4173,4177,4174,4174,4175,4174,4174,4180,4176,4179,4175,4173,4174,4185,4183,4178,4178,4183,4178,4180,4177,-0.39,SJNFAAZE1U0005576,117.67,13.04,8967.2421875,78,74,0,0,0,0,14.5,99.19,-153053,90,1527996272.373,0,1,0,0,0,0,0,3,0,1,400.94,400.94,7F,1,1,1,0082,57,40,40,0,0,19,0.00
03/06/2018 4:24:36,54 58.41377,-1 31.21815,360,0,456,900056,1145049,400.70,-37.345,4186,4169,4174,17,0,111.2,44.0,107.6,42.0,none,none,101.1,38.4,4186,4184,4174,4176,4177,4173,4171,4171,4173,4171,4171,4171,4173,4172,4171,4171,4170,4170,4171,4171,4172,4169,4170,4171,4171,4172,4170,4170,4170,4171,4170,4171,4172,4170,4171,4172,4172,4170,4171,4171,4173,4173,4178,4176,4177,4176,4183,4175,4183,4178,4184,4181,4181,4177,4185,4177,4175,4173,4183,4176,4182,4174,4175,4174,4176,4179,4177,4174,4175,4174,4177,4173,4175,4175,4176,4173,4175,4172,4174,4174,4174,4174,4178,4175,4177,4174,4172,4173,4185,4182,4177,4176,4182,4178,4177,4176,-0.38,SJNFAAZE1U0005576,117.67,13.04,8967.2421875,78,74,0,0,0,0,14.5,99.19,-153067,90,1527996276.254,0,1,0,0,0,0,0,3,0,1,400.75,400.75,7F,1,1,1,0082,57,40,40,0,0,19,0.00
03/06/2018 4:24:39,54 58.41377,-1 31.21815,360,0,456,900407,1145049,400.90,-36.491,4188,4171,4176,17,0,110.9,43.9,107.4,41.9,none,none,101.1,38.4,4188,4186,4176,4179,4179,4176,4172,4173,4174,4174,4173,4174,4174,4172,4173,4173,4173,4173,4172,4173,4173,4171,4172,4174,4172,4174,4172,4173,4172,4173,4173,4173,4174,4172,4172,4175,4173,4172,4173,4173,4175,4174,4180,4177,4178,4179,4185,4178,4184,4180,4185,4184,4185,4180,4186,4179,4177,4175,4186,4177,4183,4177,4176,4176,4179,4181,4178,4176,4176,4175,4177,4176,4176,4176,4177,4174,4177,4175,4174,4176,4175,4176,4179,4178,4178,4176,4173,4175,4185,4184,4179,4178,4183,4180,4179,4178,-0.39,SJNFAAZE1U0005576,117.67,13.04,8967.2421875,78,74,0,0,0,0,14.5,99.19,-153082,90,1527996279.955,0,1,1,0,0,0,0,3,0,1,400.91,400.91,7F,1,1,1,0082,57,40,40,0,0,19,0.00
03/06/2018 4:24:43,54 58.41377,-1 31.21815,360,0,456,900714,1145049,400.70,-35.483,4185,4169,4174,16,0,110.9,43.9,107.4,41.9,none,none,101.1,38.4,4185,4183,4174,4176,4178,4174,4172,4171,4174,4171,4172,4171,4173,4171,4171,4171,4171,4171,4171,4171,4172,4169,4171,4172,4171,4172,4170,4170,4172,4171,4171,4171,4173,4170,4172,4172,4173,4170,4172,4170,4174,4171,4178,4174,4176,4175,4185,4174,4182,4177,4185,4181,4182,4178,4185,4175,4173,4173,4185,4175,4182,4175,4174,4174,4177,4178,4176,4174,4175,4173,4175,4173,4174,4175,4175,4173,4175,4173,4174,4173,4174,4174,4179,4175,4177,4174,4173,4173,4184,4183,4177,4175,4182,4178,4179,4175,-0.38,SJNFAAZE1U0005576,117.67,13.04,8967.2421875,78,74,0,0,0,0,14.5,99.19,-153094,90,1527996283.449,0,1,1,0,6,0,0,3,0,1,400.87,400.87,7F,1,1,1,0082,57,40,40,0,0,19,0.00
03/06/2018 4:24:47,54 58.41377,-1 31.21815,360,0,456,901034,1145049,400.80,-37.314,4187,4171,4175,16,0,110.9,43.9,107.4,41.9,none,none,101.1,38.4,4187,4185,4175,4177,4178,4174,4172,4173,4174,4173,4173,4171,4174,4173,4172,4173,4171,4171,4171,4172,4173,4171,4171,4172,4171,4173,4172,4172,4172,4172,4172,4172,4173,4172,4171,4174,4172,4172,4173,4171,4174,4174,4179,4176,4177,4177,4185,4176,4184,4179,4185,4182,4183,4179,4186,4178,4177,4174,4186,4178,4183,4176,4176,4176,4177,4179,4178,4176,4176,4174,4178,4174,4176,4175,4176,4174,4177,4174,4175,4174,4174,4175,4180,4177,4178,4176,4174,4175,4186,4183,4179,4177,4182,4179,4179,4178,-0.39,SJNFAAZE1U0005576,117.67,13.04,8967.2421875,78,74,0,0,0,0,14.5,99.19,-153107,90,1527996287.186,0,1,0,0,0,0,0,3,0,1,400.80,400.80,7F,1,1,1,0082,57,40,40,0,0,19,0.00
03/06/2018 4:24:51,54 58.41377,-1 31.21815,360,0,456,901379,1145049,400.80,-35.392,4186,4170,4175,16,0,110.9,43.9,107.4,41.9,none,none,101.1,38.4,4186,4184,4174,4177,4177,4175,4172,4172,4174,4172,4172,4173,4173,4172,4172,4173,4172,4172,4172,4173,4172,4170,4170,4174,4172,4175,4171,4171,4171,4173,4172,4172,4173,4171,4172,4174,4172,4172,4173,4171,4174,4173,4179,4176,4177,4177,4184,4176,4183,4179,4184,4182,4183,4180,4185,4179,4175,4174,4185,4176,4182,4175,4175,4175,4177,4180,4177,4175,4175,4175,4177,4175,4175,4176,4176,4174,4176,4174,4173,4175,4174,4175,4179,4177,4178,4175,4172,4174,4184,4184,4178,4176,4182,4179,4179,4177,-0.37,SJNFAAZE1U0005576,117.67,13.04,8967.2421875,78,74,0,0,0,0,14.5,99.19,-153122,90,1527996291.186,0,1,0,0,0,0,0,3,0,1,400.96,400.96,7F,1,1,1,0082,57,40,40,0,0,19,0.00
03/06/2018 4:24:54,54 58.41377,-1 31.21815,360,0,456,901712,1145049,400.90,-36.979,4187,4172,4176,15,0,111.2,44.0,107.4,41.9,none,none,101.1,38.4,4187,4185,4176,4177,4179,4175,4173,4173,4174,4173,4174,4173,4175,4173,4173,4173,4172,4173,4172,4173,4174,4172,4172,4172,4173,4175,4172,4173,4173,4173,4172,4173,4174,4172,4172,4174,4174,4172,4173,4172,4174,4174,4180,4176,4179,4178,4185,4177,4183,4179,4185,4183,4183,4180,4186,4179,4176,4174,4186,4178,4182,4176,4176,4176,4178,4180,4178,4176,4175,4175,4177,4175,4177,4178,4178,4174,4177,4174,4174,4175,4175,4175,4180,4177,4178,4175,4173,4175,4185,4183,4178,4178,4183,4179,4180,4178,-0.39,SJNFAAZE1U0005576,117.67,13.04,8967.2421875,78,74,0,0,0,0,14.5,99.19,-153135,90,1527996294.877,0,1,0,0,0,0,0,3,0,1,400.84,400.84,7F,1,1,1,0082,57,40,40,0,0,19,0.00
03/06/2018 4:24:58,54 58.41377,-1 31.21815,360,0,457,902039,1145049,400.80,-34.416,4187,4170,4175,17,0,110.9,43.9,107.4,41.9,none,none,101.1,38.4,4187,4184,4174,4177,4178,4175,4172,4174,4174,4172,4173,4173,4174,4173,4172,4172,4172,4172,4171,4173,4173,4170,4171,4172,4172,4174,4172,4171,4171,4173,4173,4173,4173,4172,4171,4174,4172,4172,4172,4172,4174,4173,4179,4175,4178,4177,4184,4177,4183,4178,4184,4182,4182,4180,4186,4178,4175,4174,4186,4177,4183,4176,4176,4175,4178,4180,4177,4175,4176,4174,4177,4174,4174,4175,4177,4174,4176,4173,4175,4174,4175,4175,4180,4176,4178,4175,4174,4174,4185,4183,4178,4177,4183,4178,4179,4177,-0.36,SJNFAAZE1U0005576,117.67,13.04,8967.2421875,78,74,0,0,0,0,14.5,99.19,-153149,90,1527996298.715,0,1,1,0,6,0,0,3,0,1,400.95,400.95,7F,1,1,1,0082,57,40,40,0,0,19,0.00
03/06/2018 4:25:02,54 58.41377,-1 31.21815,360,0,457,902360,1145049,400.90,-35.789,4187,4171,4176,16,0,111.2,44.0,107.4,41.9,none,none,101.1,38.4,4187,4186,4176,4177,4178,4174,4174,4173,4174,4173,4172,4172,4174,4173,4172,4172,4171,4173,4172,4173,4173,4171,4172,4173,4172,4174,4172,4174,4172,4172,4173,4173,4173,4172,4172,4174,4174,4172,4174,4172,4175,4173,4179,4177,4177,4177,4185,4176,4183,4180,4185,4183,4183,4180,4186,4178,4176,4174,4186,4176,4182,4176,4175,4176,4177,4180,4178,4175,4177,4174,4177,4174,4177,4178,4177,4174,4177,4175,4175,4175,4175,4175,4179,4177,4178,4175,4173,4174,4184,4183,4178,4178,4182,4179,4178,4177,-0.38,SJNFAAZE1U0005576,117.67,13.04,8967.2421875,78,74,0,0,0,0,14.5,99.19,-153162,90,1527996302.597,0,1,0,0,0,0,0,3,0,1,400.82,400.82,7F,1,1,1,0082,57,40,40,0,0,19,0.00
03/06/2018 4:25:06,54 58.41377,-1 31.21815,360,0,457,902692,1145049,400.90,-34.446,4187,4170,4176,17,0,110.9,43.9,107.4,41.9,none,none,100.8,38.2,4187,4184,4175,4177,4178,4174,4173,4173,4174,4172,4173,4172,4173,4173,4172,4173,4171,4172,4172,4172,4174,4170,4171,4174,4172,4174,4172,4173,4172,4173,4173,4172,4173,4172,4173,4175,4172,4172,4172,4172,4174,4173,4180,4176,4178,4177,4185,4177,4184,4179,4184,4182,4182,4181,4186,4179,4175,4174,4185,4178,4182,4176,4176,4176,4177,4180,4177,4177,4176,4174,4178,4175,4176,4177,4177,4174,4177,4174,4176,4175,4176,4175,4181,4178,4179,4175,4174,4174,4186,4184,4179,4179,4183,4179,4180,4177,-0.39,SJNFAAZE1U0005576,117.67,13.04,8967.2421875,78,74,0,0,0,0,14.5,99.19,-153176,90,1527996306.505,0,1,0,0,0,0,0,3,0,1,400.99,400.99,7F,1,1,1,0082,57,40,40,0,0,19,0.00
03/06/2018 4:25:10,54 58.41377,-1 31.21815,360,0,457,903002,1145049,400.80,-34.324,4187,4169,4175,18,0,110.9,43.9,107.4,41.9,none,none,101.1,38.4,4187,4184,4174,4176,4177,4174,4172,4172,4173,4172,4171,4171,4173,4172,4171,4171,4171,4171,4171,4172,4173,4169,4171,4172,4171,4172,4171,4172,4171,4172,4172,4171,4173,4171,4171,4173,4172,4172,4172,4171,4173,4173,4178,4176,4177,4177,4184,4176,4182,4178,4183,4182,4181,4179,4185,4178,4174,4173,4185,4176,4181,4175,4175,4175,4176,4180,4176,4175,4175,4174,4176,4174,4176,4175,4176,4173,4175,4173,4173,4173,4173,4174,4179,4176,4177,4175,4173,4172,4184,4182,4177,4176,4181,4177,4178,4177,-0.39,SJNFAAZE1U0005576,117.67,13.04,8967.2421875,78,74,0,0,0,0,14.5,99.19,-153189,90,1527996310.093,0,1,0,0,0,0,0,3,0,1,400.82,400.82,7F,1,1,1,0082,57,40,40,0,0,19,0.00
03/06/2018 4:25:13,54 58.41377,-1 31.21815,360,0,457,903295,1145049,400.90,-33.896,4188,4170,4176,18,0,110.9,43.9,107.4,41.9,none,none,100.8,38.2,4188,4185,4175,4177,4178,4175,4173,4172,4173,4173,4173,4172,4174,4173,4172,4173,4172,4172,4172,4173,4173,4171,4171,4174,4172,4175,4172,4173,4172,4172,4173,4172,4173,4172,4172,4174,4173,4173,4172,4170,4175,4173,4180,4177,4177,4178,4185,4176,4183,4178,4184,4182,4183,4179,4186,4179,4175,4175,4185,4177,4183,4178,4176,4177,4177,4180,4177,4176,4177,4176,4178,4174,4176,4177,4177,4174,4178,4174,4174,4175,4174,4176,4180,4175,4179,4176,4174,4174,4186,4184,4179,4179,4184,4179,4179,4178,-0.41,SJNFAAZE1U0005576,117.67,13.04,8967.2421875,78,74,0,0,0,0,14.5,99.19,-153201,90,1527996313.796,0,1,1,0,6,0,0,3,0,1,400.84,400.84,7F,1,1,1,0082,57,40,40,0,0,19,0.00
03/06/2018 4:25:17,54 58.41377,-1 31.21815,360,0,457,903606,1145049,400.70,-32.371,4186,4169,4174,17,0,110.9,43.9,107.4,41.9,none,none,101.1,38.4,4186,4182,4173,4176,4176,4173,4171,4172,4172,4170,4172,4172,4173,4172,4171,4171,4172,4171,4172,4172,4173,4169,4170,4172,4170,4172,4171,4170,4171,4172,4172,4171,4173,4170,4171,4172,4172,4170,4171,4171,4173,4172,4178,4175,4176,4176,4184,4175,4182,4177,4182,4181,4181,4179,4185,4178,4174,4173,4183,4175,4181,4175,4175,4175,4177,4179,4176,4174,4176,4175,4177,4174,4175,4175,4175,4173,4176,4174,4173,4174,4174,4174,4179,4174,4178,4176,4172,4173,4184,4183,4178,4176,4182,4177,4178,4176,-0.40,SJNFAAZE1U0005576,117.67,13.04,8967.2421875,78,74,0,0,0,0,14.5,99.19,-153213,90,1527996317.545,0,1,0,0,0,0,0,3,0,1,400.86,400.86,7F,1,1,1,0082,57,40,40,0,0,19,0.00
03/06/2018 4:25:21,54 58.41377,-1 31.21815,360,0,457,903889,1145049,400.80,-33.439,4187,4170,4175,17,0,110.9,43.9,107.4,41.9,none,none,100.8,38.2,4187,4184,4174,4175,4177,4174,4171,4172,4173,4172,4171,4171,4173,4172,4171,4172,4171,4171,4171,4171,4172,4170,4171,4172,4171,4173,4171,4171,4171,4172,4172,4172,4173,4170,4171,4173,4172,4171,4173,4170,4173,4172,4178,4175,4177,4176,4183,4175,4183,4177,4183,4180,4181,4178,4186,4177,4174,4173,4184,4176,4182,4174,4175,4175,4177,4178,4176,4175,4175,4174,4177,4173,4175,4175,4175,4173,4174,4173,4174,4173,4175,4174,4179,4175,4178,4174,4173,4173,4185,4181,4178,4176,4183,4178,4178,4177,-0.36,SJNFAAZE1U0005576,117.67,13.04,8967.2421875,78,74,0,0,0,0,14.5,99.19,-153225,90,1527996321.105,0,1,0,0,0,0,0,3,0,1,400.76,400.76,7F,1,1,1,0082,57,40,40,0,0,19,0.00
03/06/2018 4:25:24,54 58.41377,-1 31.21815,360,0,458,904183,1145049,400.90,-34.507,4188,4171,4176,17,0,110.9,43.9,107.4,41.9,none,none,100.8,38.2,4188,4185,4177,4178,4179,4175,4174,4173,4175,4173,4174,4172,4175,4174,4173,4174,4173,4173,4172,4174,4173,4171,4173,4174,4173,4175,4172,4173,4173,4173,4174,4173,4175,4172,4172,4174,4174,4172,4174,4172,4175,4173,4180,4177,4178,4177,4185,4177,4184,4180,4185,4183,4183,4180,4188,4180,4176,4175,4186,4178,4183,4177,4177,4176,4178,4180,4178,4178,4177,4177,4179,4175,4178,4177,4177,4174,4177,4174,4176,4175,4176,4176,4180,4178,4179,4176,4175,4176,4186,4183,4180,4178,4185,4179,4181,4179,-0.42,SJNFAAZE1U0005576,117.67,13.04,8967.2421875,78,74,0,0,0,0,14.5,99.19,-153237,90,1527996324.642,0,1,0,0,0,0,0,3,0,1,400.94,400.94,7F,1,1,1,0082,57,40,40,0,0,19,0.00
03/06/2018 4:25:28,54 58.41377,-1 31.21815,360,0,458,904469,1145049,400.70,-31.516,4187,4169,4174,18,0,110.9,43.9,107.4,41.9,none,none,100.8,38.2,4187,4183,4174,4175,4176,4174,4172,4171,4172,4172,4171,4171,4173,4171,4171,4172,4171,4171,4171,4171,4172,4169,4169,4172,4171,4172,4171,4171,4170,4171,4172,4171,4173,4170,4171,4172,4173,4171,4172,4171,4173,4172,4177,4175,4177,4175,4183,4175,4182,4178,4184,4180,4182,4180,4185,4176,4173,4173,4183,4175,4181,4175,4175,4175,4176,4179,4176,4174,4175,4174,4177,4173,4175,4175,4175,4172,4174,4173,4173,4174,4174,4174,4178,4175,4178,4175,4173,4173,4184,4182,4177,4176,4182,4177,4178,4176,-0.36,SJNFAAZE1U0005576,117.67,13.04,8967.2421875,78,74,0,0,0,0,14.5,99.19,-153249,90,1527996328.436,0,1,1,0,6,0,0,3,0,1,400.86,400.86,7F,1,1,1,0082,57,40,40,0,0,19,0.00
03/06/2018 4:25:32,54 58.41377,-1 31.21815,360,0,458,904777,1145049,400.90,-33.957,4187,4171,4176,16,0,110.9,43.9,107.4,41.9,none,none,100.8,38.2,4187,4185,4176,4178,4178,4174,4172,4173,4174,4172,4173,4172,4175,4173,4173,4173,4172,4172,4172,4173,4174,4172,4173,4173,4172,4174,4172,4173,4172,4172,4173,4173,4174,4171,4171,4174,4173,4172,4173,4172,4176,4173,4180,4176,4177,4177,4185,4177,4184,4179,4185,4182,4182,4178,4187,4179,4176,4174,4186,4177,4183,4175,4177,4176,4177,4179,4177,4175,4176,4175,4177,4174,4176,4176,4177,4174,4176,4175,4176,4175,4175,4175,4180,4177,4178,4176,4174,4176,4185,4183,4178,4178,4183,4178,4178,4177,-0.36,SJNFAAZE1U0005576,117.67,13.04,8967.2421875,78,74,0,0,0,0,14.5,99.19,-153262,90,1527996332.327,0,1,0,0,0,0,0,3,0,1,400.81,400.81,7F,1,1,1,0082,57,40,40,0,0,19,0.00
03/06/2018 4:25:36,54 58.41377,-1 31.21815,360,0,458,905075,1145049,400.90,-32.554,4187,4171,4176,16,0,110.9,43.9,107.4,41.9,none,none,100.8,38.2,4187,4185,4177,4177,4178,4175,4173,4173,4174,4172,4173,4172,4174,4174,4173,4172,4172,4173,4172,4174,4173,4171,4172,4174,4174,4173,4173,4173,4172,4173,4173,4173,4174,4172,4172,4174,4173,4172,4173,4172,4175,4174,4180,4177,4178,4178,4184,4177,4183,4179,4184,4183,4184,4181,4186,4179,4176,4175,4186,4177,4183,4177,4177,4176,4177,4180,4179,4178,4177,4176,4178,4175,4177,4176,4177,4175,4178,4175,4175,4176,4175,4176,4181,4178,4179,4177,4173,4175,4186,4184,4179,4178,4183,4179,4180,4177,-0.42,SJNFAAZE1U0005576,117.67,13.04,8967.2421875,78,74,0,0,0,0,14.5,99.19,-153274,90,1527996336.027,0,1,0,0,0,0,0,3,0,1,400.97,400.97,7F,1,1,1,0082,57,40,40,0,0,19,0.00
03/06/2018 4:25:39,54 58.41377,-1 31.21815,360,0,458,905369,1145049,400.70,-32.767,4186,4169,4174,17,0,110.9,43.9,107.4,41.9,none,none,100.8,38.2,4186,4183,4173,4176,4177,4174,4172,4172,4173,4171,4171,4172,4173,4172,4172,4172,4171,4171,4171,4171,4172,4170,4171,4172,4171,4172,4170,4171,4170,4171,4171,4171,4173,4170,4171,4172,4171,4172,4171,4169,4173,4172,4178,4176,4176,4176,4183,4175,4182,4177,4182,4180,4181,4179,4186,4177,4173,4173,4185,4176,4181,4175,4174,4174,4177,4179,4176,4174,4176,4174,4177,4173,4175,4175,4176,4173,4175,4175,4174,4174,4174,4174,4179,4176,4178,4175,4173,4172,4185,4182,4177,4176,4182,4176,4178,4176,-0.38,SJNFAAZE1U0005576,117.67,13.04,8967.2421875,78,74,0,0,0,0,14.5,99.19,-153286,90,1527996339.598,0,1,0,0,0,0,0,3,0,1,400.85,400.85,7F,1,1,1,0082,57,40,40,0,0,19,0.00
03/06/2018 4:25:43,54 58.41377,-1 31.21815,360,0,458,905641,1145049,400.80,-31.882,4186,4171,4175,15,0,110.9,43.9,107.4,41.9,none,none,100.8,38.2,4186,4183,4175,4177,4177,4174,4172,4173,4174,4171,4172,4172,4173,4172,4172,4172,4172,4171,4172,4173,4173,4171,4172,4174,4172,4174,4171,4172,4172,4173,4172,4172,4173,4172,4171,4173,4173,4171,4172,4172,4173,4174,4179,4176,4177,4177,4184,4175,4182,4178,4184,4181,4182,4180,4185,4177,4176,4174,4185,4177,4183,4176,4175,4175,4178,4178,4177,4176,4176,4175,4177,4175,4177,4176,4176,4174,4176,4174,4173,4175,4174,4175,4179,4176,4177,4176,4172,4174,4185,4183,4178,4177,4183,4177,4179,4176,-0.38,SJNFAAZE1U0005576,117.67,13.04,8967.2421875,78,74,0,0,0,0,14.5,99.19,-153297,90,1527996343.049,0,1,1,0,6,0,0,3,0,1,400.76,400.76,7F,1,1,1,0082,57,40,40,0,0,19,0.00
03/06/2018 4:25:46,54 58.41377,-1 31.21815,360,0,459,905916,1145049,400.90,-31.943,4187,4172,4176,15,0,110.9,43.9,107.4,41.9,none,none,100.8,38.2,4187,4186,4175,4177,4178,4177,4172,4174,4174,4174,4173,4174,4174,4174,4172,4174,4172,4173,4172,4174,4173,4172,4172,4174,4172,4176,4172,4174,4172,4174,4173,4173,4174,4173,4172,4175,4173,4173,4173,4173,4174,4174,4180,4178,4177,4178,4184,4179,4183,4180,4184,4183,4183,4181,4186,4179,4176,4175,4185,4178,4183,4177,4175,4177,4177,4182,4177,4177,4177,4176,4178,4176,4176,4177,4177,4174,4177,4175,4175,4176,4175,4176,4180,4178,4178,4177,4175,4176,4185,4184,4178,4178,4183,4180,4179,4178,-0.39,SJNFAAZE1U0005576,117.67,13.04,8967.2421875,78,74,0,0,0,0,14.5,99.19,-153309,90,1527996346.822,0,1,0,0,7,0,0,3,0,1,400.92,400.92,7F,1,1,1,0082,57,40,40,0,0,19,0.00
03/06/2018 4:25:50,54 58.41377,-1 31.21815,360,0,459,906209,1145049,400.80,-31.333,4185,4169,4175,16,0,110.9,43.9,107.2,41.8,none,none,100.8,38.2,4185,4184,4174,4176,4177,4174,4173,4171,4174,4171,4173,4172,4173,4172,4172,4171,4171,4171,4171,4172,4173,4170,4171,4171,4171,4173,4171,4171,4171,4171,4172,4172,4173,4171,4170,4173,4173,4171,4172,4169,4173,4172,4179,4175,4177,4177,4183,4175,4183,4177,4183,4181,4181,4179,4185,4177,4174,4173,4185,4175,4181,4175,4175,4175,4176,4178,4177,4174,4176,4175,4177,4175,4175,4175,4175,4173,4176,4173,4174,4174,4174,4174,4178,4175,4178,4175,4172,4173,4185,4183,4178,4176,4181,4177,4177,4176,-0.43,SJNFAAZE1U0005576,117.67,13.04,8967.2421875,78,74,0,0,0,0,14.5,99.19,-153321,90,1527996350.555,0,1,0,0,0,0,0,3,0,1,400.90,400.90,7F,1,1,1,0082,57,40,40,0,0,19,0.00
03/06/2018 4:25:54,54 58.41377,-1 31.21815,360,0,459,906496,1145049,400.90,-32.768,4187,4171,4176,16,0,110.9,43.9,107.4,41.9,none,none,100.8,38.2,4187,4185,4175,4176,4179,4174,4174,4173,4174,4173,4173,4173,4174,4173,4172,4173,4171,4173,4174,4173,4175,4172,4172,4173,4172,4174,4172,4172,4171,4173,4172,4173,4174,4172,4172,4174,4174,4171,4172,4171,4174,4173,4180,4176,4178,4177,4184,4176,4184,4179,4184,4182,4182,4180,4186,4178,4175,4174,4185,4177,4182,4175,4176,4175,4177,4179,4178,4176,4177,4175,4177,4175,4177,4176,4177,4174,4176,4174,4175,4175,4175,4175,4179,4175,4179,4176,4174,4173,4185,4184,4178,4177,4183,4178,4179,4178,-0.41,SJNFAAZE1U0005576,117.67,13.04,8967.2421875,78,74,0,0,0,0,14.5,99.19,-153333,90,1527996354.223,0,1,0,0,0,0,0,3,0,1,400.85,400.85,7F,1,1,1,0082,57,40,40,0,0,19,0.00
03/06/2018 4:25:58,54 58.41377,-1 31.21815,360,0,459,906774,1145049,400.99,-30.998,4187,4172,4177,15,0,110.9,43.9,107.4,41.9,none,none,100.8,38.2,4187,4185,4176,4179,4179,4176,4174,4174,4175,4175,4173,4174,4174,4174,4173,4174,4174,4173,4174,4174,4174,4173,4172,4175,4173,4175,4173,4173,4174,4174,4174,4174,4175,4173,4173,4174,4174,4173,4174,4172,4176,4174,4180,4179,4179,4178,4185,4177,4183,4180,4186,4183,4183,4180,4187,4180,4177,4175,4187,4179,4184,4176,4176,4176,4178,4181,4179,4176,4177,4176,4178,4176,4177,4177,4178,4175,4176,4175,4175,4175,4175,4176,4180,4178,4178,4177,4174,4177,4185,4184,4179,4179,4183,4181,4180,4179,-0.41,SJNFAAZE1U0005576,117.67,13.04,8967.2421875,78,74,0,0,0,0,14.5,99.19,-153344,90,1527996358.048,0,1,2,0,6,0,0,3,0,1,400.99,400.99,7F,1,1,1,0082,57,40,40,0,0,19,0.00
03/06/2018 4:26:01,54 58.41377,-1 31.21815,360,0,459,907066,1145049,400.80,-29.685,4186,4170,4175,16,0,110.9,43.9,107.2,41.8,none,none,100.8,38.2,4186,4184,4174,4177,4177,4173,4171,4173,4173,4172,4172,4173,4173,4173,4171,4173,4170,4172,4171,4173,4172,4171,4170,4173,4170,4174,4172,4172,4171,4172,4171,4172,4173,4172,4171,4174,4171,4172,4172,4171,4174,4172,4178,4176,4177,4177,4183,4176,4182,4178,4183,4182,4181,4178,4186,4178,4175,4173,4184,4177,4181,4175,4175,4176,4177,4179,4176,4175,4175,4174,4177,4174,4175,4176,4175,4174,4175,4173,4174,4173,4175,4175,4179,4175,4177,4175,4173,4173,4183,4183,4178,4178,4182,4178,4179,4176,-0.43,SJNFAAZE1U0005576,117.67,13.04,8967.2421875,78,74,0,0,0,0,14.5,99.19,-153356,90,1527996361.992,0,1,1,0,7,0,0,3,0,1,400.85,400.85,7F,1,1,1,0082,57,40,40,0,0,19,0.00
03/06/2018 4:26:05,54 58.41377,-1 31.21815,360,0,459,907360,1145049,400.90,-31.394,4187,4172,4176,15,0,110.9,43.9,107.4,41.9,none,none,100.8,38.2,4187,4185,4175,4178,4179,4176,4173,4174,4174,4174,4173,4174,4174,4175,4174,4174,4172,4174,4173,4175,4173,4172,4172,4174,4173,4176,4173,4173,4172,4174,4173,4175,4174,4173,4173,4175,4173,4173,4172,4173,4175,4175,4180,4177,4178,4179,4185,4177,4184,4180,4184,4183,4183,4180,4186,4180,4177,4175,4186,4178,4182,4178,4176,4177,4178,4181,4177,4176,4176,4176,4178,4176,4178,4177,4177,4175,4176,4175,4175,4175,4175,4177,4180,4178,4179,4177,4174,4175,4186,4183,4179,4179,4183,4181,4179,4178,-0.41,SJNFAAZE1U0005576,117.67,13.04,8967.2421875,78,74,0,0,0,0,14.5,99.19,-153368,89,1527996365.796,0,1,0,0,0,0,0,3,0,1,400.90,400.90,7F,1,1,1,0082,57,40,40,0,0,19,0.00
03/06/2018 4:26:09,54 58.41377,-1 31.21815,360,0,459,907652,1145049,400.90,-29.990,4186,4172,4176,14,0,110.9,43.9,107.2,41.8,none,none,100.8,38.2,4186,4184,4176,4178,4179,4175,4173,4173,4174,4173,4173,4173,4175,4173,4173,4173,4172,4174,4172,4172,4174,4172,4172,4174,4173,4175,4174,4173,4172,4173,4174,4173,4174,4172,4173,4174,4174,4172,4173,4172,4175,4173,4179,4176,4178,4177,4184,4177,4182,4179,4185,4182,4181,4181,4186,4179,4176,4175,4185,4177,4181,4175,4176,4176,4177,4180,4178,4175,4177,4175,4177,4175,4175,4176,4177,4174,4176,4174,4173,4174,4175,4175,4179,4176,4178,4176,4173,4173,4184,4183,4178,4178,4182,4179,4180,4177,-0.40,SJNFAAZE1U0005576,117.67,13.04,8967.2421875,78,74,0,0,0,0,14.5,99.19,-153380,89,1527996369.841,0,1,0,0,0,0,0,3,0,1,401.01,401.01,7F,1,1,1,0082,57,40,40,0,0,19,0.00
03/06/2018 4:26:13,54 58.41377,-1 31.21815,360,0,460,907942,1145049,400.90,-31.059,4187,4172,4176,15,0,110.9,43.9,107.4,41.9,none,none,100.8,38.2,4187,4185,4176,4178,4178,4175,4174,4174,4175,4173,4174,4173,4175,4175,4174,4175,4174,4173,4173,4174,4176,4172,4173,4174,4174,4175,4173,4173,4174,4173,4174,4174,4176,4173,4173,4176,4175,4173,4174,4173,4175,4174,4181,4177,4178,4179,4185,4177,4184,4180,4185,4182,4184,4179,4185,4180,4177,4175,4187,4178,4183,4175,4176,4176,4179,4181,4178,4176,4176,4176,4177,4175,4177,4176,4178,4175,4177,4174,4175,4176,4175,4176,4180,4177,4179,4176,4175,4175,4185,4183,4178,4177,4183,4180,4179,4178,-0.42,SJNFAAZE1U0005576,117.67,13.04,8967.2421875,78,74,0,0,0,0,14.5,99.19,-153392,89,1527996373.754,0,1,1,0,2,0,0,3,0,1,400.87,400.87,7F,1,1,1,0082,57,40,40,0,0,19,0.00
03/06/2018 4:26:17,54 58.41377,-1 31.21815,360,0,460,908227,1145049,400.90,-30.265,4186,4171,4176,15,0,110.9,43.9,107.2,41.8,none,none,100.8,38.2,4186,4185,4176,4176,4179,4175,4174,4173,4175,4173,4174,4174,4175,4174,4173,4174,4173,4173,4173,4173,4175,4172,4172,4174,4173,4174,4172,4173,4173,4173,4174,4173,4174,4171,4173,4174,4174,4172,4174,4173,4175,4173,4180,4177,4178,4177,4186,4177,4183,4179,4185,4183,4183,4181,4186,4179,4175,4174,4186,4179,4183,4177,4176,4176,4178,4181,4178,4176,4177,4176,4177,4176,4177,4177,4176,4175,4176,4175,4175,4176,4176,4175,4181,4178,4178,4176,4173,4175,4185,4184,4178,4179,4183,4179,4180,4177,-0.38,SJNFAAZE1U0005576,117.67,13.04,8967.2421875,78,74,0,0,0,0,14.5,99.19,-153404,89,1527996377.546,0,1,1,0,7,0,0,3,0,1,401.04,401.04,7F,1,1,1,0082,57,40,40,0,0,19,0.00
03/06/2018 4:26:21,54 58.41377,-1 31.21815,360,0,460,908505,1145049,400.80,-29.960,4186,4171,4175,15,0,110.9,43.9,107.2,41.8,none,none,100.8,38.2,4186,4184,4175,4177,4178,4175,4174,4174,4174,4172,4173,4172,4174,4173,4172,4173,4173,4172,4173,4173,4173,4171,4171,4173,4172,4173,4172,4173,4173,4174,4173,4173,4173,4172,4172,4175,4173,4172,4172,4172,4175,4172,4180,4176,4178,4178,4184,4176,4182,4179,4184,4182,4181,4180,4186,4178,4175,4174,4184,4177,4182,4175,4175,4176,4178,4179,4178,4175,4176,4174,4177,4175,4176,4176,4176,4173,4176,4174,4175,4174,4175,4175,4179,4176,4178,4175,4174,4173,4184,4182,4177,4176,4182,4178,4179,4178,-0.40,SJNFAAZE1U0005576,117.67,13.04,8967.2421875,78,74,0,0,0,0,14.5,99.19,-153415,89,1527996381.426,0,1,0,0,0,0,0,3,0,1,400.87,400.87,7F,1,1,1,0082,57,40,40,0,0,19,0.00
03/06/2018 4:26:25,54 58.41377,-1 31.21815,360,0,460,908792,1145049,400.99,-31.333,4188,4173,4177,15,0,110.9,43.9,107.2,41.8,none,none,100.8,38.2,4188,4187,4177,4178,4180,4176,4175,4175,4176,4174,4174,4175,4176,4175,4174,4175,4174,4174,4174,4175,4176,4173,4173,4174,4175,4176,4174,4175,4174,4174,4175,4176,4176,4174,4174,4176,4175,4175,4175,4173,4176,4176,4182,4179,4181,4180,4186,4177,4184,4181,4186,4184,4184,4182,4186,4179,4177,4176,4186,4179,4184,4178,4177,4178,4179,4182,4180,4177,4177,4176,4178,4176,4178,4178,4178,4176,4178,4176,4176,4176,4176,4177,4182,4179,4180,4177,4176,4176,4186,4185,4179,4179,4184,4181,4182,4180,-0.41,SJNFAAZE1U0005576,117.67,13.04,8967.2421875,78,74,0,0,0,0,14.5,99.19,-153427,89,1527996385.291,0,1,0,0,0,0,0,3,0,1,400.99,400.99,7F,1,1,1,0082,57,40,40,0,0,19,0.00
03/06/2018 4:26:29,54 58.41377,-1 31.21815,360,0,460,909067,1145049,400.90,-28.434,4186,4171,4176,15,0,110.9,43.9,107.2,41.8,none,none,100.8,38.2,4186,4185,4175,4177,4178,4174,4173,4173,4174,4173,4173,4173,4176,4173,4172,4173,4172,4172,4172,4173,4174,4171,4172,4174,4172,4174,4173,4172,4172,4173,4173,4173,4174,4172,4172,4174,4174,4172,4174,4172,4175,4173,4180,4177,4178,4178,4185,4176,4183,4178,4184,4181,4182,4180,4186,4178,4175,4173,4185,4177,4182,4177,4176,4176,4178,4180,4177,4176,4176,4175,4177,4175,4176,4176,4177,4174,4176,4175,4174,4176,4175,4175,4179,4177,4177,4176,4174,4174,4184,4184,4178,4177,4182,4178,4180,4178,-0.40,SJNFAAZE1U0005576,117.67,13.04,8967.2421875,78,74,0,0,0,0,14.5,99.19,-153439,89,1527996389.106,0,1,1,0,13,0,0,3,0,1,400.97,400.97,7F,1,1,1,0082,57,40,40,0,0,19,0.00
03/06/2018 4:26:32,54 58.41377,-1 31.21815,360,0,460,909335,1145049,400.90,-30.417,4187,4172,4176,15,0,110.9,43.9,107.2,41.8,none,none,100.6,38.1,4187,4185,4176,4178,4178,4175,4175,4173,4174,4173,4173,4173,4175,4174,4173,4174,4172,4173,4173,4174,4174,4172,4173,4173,4172,4175,4173,4173,4173,4173,4174,4173,4175,4173,4172,4174,4174,4173,4173,4172,4175,4173,4179,4177,4178,4178,4185,4176,4183,4180,4184,4182,4181,4178,4185,4178,4175,4175,4186,4178,4181,4176,4176,4176,4179,4179,4178,4176,4177,4175,4177,4175,4176,4176,4177,4175,4175,4174,4175,4175,4175,4176,4180,4176,4178,4175,4174,4174,4185,4184,4178,4177,4183,4179,4179,4178,-0.43,SJNFAAZE1U0005576,117.67,13.04,8967.2421875,78,74,0,0,0,0,14.5,99.19,-153450,89,1527996392.765,0,1,1,0,7,0,0,3,0,1,400.91,400.91,7F,1,1,1,0082,57,40,40,0,0,19,0.00
03/06/2018 4:26:36,54 58.41377,-1 31.21815,360,0,460,909587,1145049,400.99,-30.356,4188,4173,4177,15,0,110.7,43.7,107.2,41.8,none,none,100.8,38.2,4187,4187,4178,4180,4180,4177,4175,4175,4176,4175,4174,4174,4176,4174,4173,4175,4173,4174,4174,4175,4175,4173,4174,4175,4174,4176,4174,4174,4174,4175,4175,4174,4176,4173,4174,4176,4175,4174,4175,4174,4176,4175,4181,4180,4180,4180,4186,4178,4184,4180,4186,4184,4184,4181,4188,4181,4177,4175,4187,4179,4184,4177,4177,4177,4179,4182,4179,4178,4177,4176,4178,4176,4178,4177,4178,4175,4179,4176,4176,4176,4176,4176,4181,4177,4179,4176,4174,4177,4186,4184,4180,4178,4184,4180,4180,4179,-0.42,SJNFAAZE1U0005576,117.67,13.04,8967.2421875,78,74,0,0,0,0,14.5,99.19,-153460,89,1527996396.374,0,1,0,0,0,0,0,3,0,1,401.03,401.03,7F,1,1,1,0082,57,40,40,0,0,19,0.00
03/06/2018 4:26:39,54 58.41377,-1 31.21815,360,0,461,909850,1145049,400.90,-28.159,4186,4170,4176,16,0,110.7,43.7,107.2,41.8,none,none,100.6,38.1,4186,4184,4176,4177,4178,4175,4173,4174,4174,4174,4174,4174,4175,4174,4173,4174,4173,4174,4172,4173,4174,4170,4172,4174,4174,4175,4173,4173,4174,4174,4174,4174,4174,4172,4173,4175,4174,4172,4172,4173,4176,4174,4179,4177,4179,4178,4185,4177,4183,4179,4185,4182,4183,4181,4186,4179,4176,4174,4186,4178,4182,4177,4176,4176,4178,4181,4179,4177,4176,4176,4176,4175,4177,4177,4177,4174,4176,4175,4175,4176,4175,4176,4180,4177,4178,4176,4173,4176,4185,4185,4179,4179,4182,4179,4180,4179,-0.39,SJNFAAZE1U0005576,117.67,13.04,8967.2421875,78,74,0,0,0,0,14.5,99.19,-153471,89,1527996399.909,0,1,0,0,0,0,0,3,0,1,401.02,401.02,7F,1,1,1,0082,57,40,40,0,0,19,0.00
03/06/2018 4:26:43,54 58.41377,-1 31.21815,360,0,461,910094,1145049,400.80,-27.549,4185,4171,4175,14,0,110.9,43.9,107.2,41.8,none,none,100.8,38.2,4185,4184,4175,4177,4178,4175,4173,4173,4174,4173,4173,4172,4174,4173,4173,4173,4172,4172,4172,4173,4174,4171,4171,4173,4173,4174,4172,4172,4173,4173,4172,4173,4173,4173,4172,4174,4174,4172,4172,4172,4174,4172,4180,4177,4178,4176,4184,4176,4182,4178,4184,4182,4181,4180,4185,4177,4175,4173,4184,4177,4181,4176,4175,4176,4177,4179,4178,4176,4175,4175,4177,4174,4176,4176,4176,4174,4175,4175,4174,4175,4175,4174,4179,4175,4178,4175,4174,4173,4184,4183,4178,4177,4180,4178,4179,4177,-0.39,SJNFAAZE1U0005576,117.67,13.04,8967.2421875,78,74,0,0,0,0,14.5,99.19,-153481,89,1527996403.569,0,1,0,0,0,0,0,3,0,1,400.87,400.87,7F,1,1,1,0082,57,40,40,0,0,19,0.00
03/06/2018 4:26:47,54 58.41377,-1 31.21815,360,0,461,910345,1145049,400.90,-27.793,4187,4171,4176,16,0,110.7,43.7,107.2,41.8,none,none,100.6,38.1,4187,4185,4176,4177,4178,4174,4174,4174,4175,4173,4174,4173,4175,4174,4173,4173,4173,4172,4173,4173,4175,4171,4173,4174,4173,4175,4173,4172,4173,4172,4173,4173,4175,4171,4173,4174,4174,4172,4174,4172,4174,4173,4180,4178,4178,4179,4184,4178,4183,4179,4183,4182,4181,4181,4186,4178,4175,4175,4185,4176,4182,4177,4177,4176,4178,4180,4178,4177,4177,4175,4179,4175,4178,4177,4176,4176,4177,4175,4176,4175,4176,4176,4180,4178,4179,4176,4175,4175,4184,4183,4179,4178,4183,4178,4179,4178,-0.43,SJNFAAZE1U0005576,117.67,13.04,8967.2421875,78,74,0,0,0,0,14.5,99.19,-153491,89,1527996407.218,0,1,1,0,7,0,0,3,0,1,400.89,400.89,7F,1,1,1,0082,57,40,40,0,0,19,0.00
03/06/2018 4:26:50,54 58.41377,-1 31.21815,360,0,461,910595,1145049,400.99,-28.068,4188,4173,4177,15,0,110.7,43.7,107.2,41.8,none,none,100.6,38.1,4188,4185,4176,4178,4179,4176,4174,4174,4176,4174,4174,4173,4175,4174,4173,4174,4173,4174,4173,4174,4174,4173,4173,4175,4173,4176,4174,4173,4173,4175,4175,4173,4175,4174,4174,4175,4174,4173,4174,4173,4175,4175,4181,4178,4179,4179,4185,4177,4183,4179,4185,4183,4183,4181,4186,4178,4177,4175,4186,4178,4182,4176,4176,4177,4178,4181,4179,4177,4177,4176,4178,4176,4177,4177,4177,4174,4177,4176,4174,4177,4175,4176,4181,4178,4177,4177,4174,4176,4185,4185,4179,4178,4183,4180,4179,4179,-0.40,SJNFAAZE1U0005576,117.67,13.04,8967.2421875,78,74,0,0,0,0,14.5,99.19,-153502,89,1527996410.882,0,1,0,0,0,0,0,3,0,1,401.03,401.03,7F,1,1,1,0082,57,40,40,0,0,19,0.00
03/06/2018 4:26:54,54 58.41377,-1 31.21815,360,0,461,910843,1145049,400.90,-28.495,4186,4172,4176,14,0,110.7,43.7,107.2,41.8,none,none,100.6,38.1,4186,4185,4176,4178,4178,4175,4173,4173,4175,4173,4173,4173,4174,4173,4172,4173,4173,4173,4173,4173,4174,4172,4173,4173,4174,4175,4172,4173,4173,4173,4174,4173,4175,4172,4173,4173,4174,4173,4173,4172,4175,4173,4179,4177,4178,4178,4183,4176,4182,4179,4183,4182,4182,4179,4185,4178,4174,4175,4186,4177,4182,4175,4175,4177,4178,4180,4177,4176,4177,4175,4177,4175,4177,4177,4177,4175,4176,4174,4174,4174,4175,4176,4179,4177,4178,4175,4172,4173,4184,4182,4178,4177,4182,4178,4179,4178,-0.39,SJNFAAZE1U0005576,117.67,13.04,8967.2421875,78,74,0,0,0,0,14.5,99.19,-153512,89,1527996414.457,0,1,0,0,0,0,0,3,0,1,400.96,400.96,7F,1,1,1,0082,57,40,40,0,0,19,0.00
03/06/2018 4:26:58,54 58.41377,-1 31.21815,360,0,461,911095,1145049,400.99,-29.655,4186,4172,4177,14,0,110.7,43.7,107.2,41.8,none,none,100.6,38.1,4186,4186,4177,4178,4180,4175,4175,4175,4175,4174,4174,4174,4175,4174,4173,4175,4173,4174,4174,4175,4175,4172,4173,4175,4173,4175,4173,4174,4173,4175,4174,4174,4175,4173,4174,4175,4174,4174,4175,4173,4176,4176,4181,4177,4179,4179,4185,4177,4183,4180,4186,4183,4183,4179,4186,4180,4176,4175,4186,4177,4184,4176,4177,4177,4179,4181,4179,4177,4178,4175,4178,4175,4177,4177,4177,4176,4177,4175,4175,4176,4176,4176,4180,4178,4179,4176,4175,4176,4185,4184,4179,4179,4183,4179,4180,4178,-0.41,SJNFAAZE1U0005576,117.67,13.04,8967.2421875,78,74,0,0,0,0,14.5,99.19,-153522,89,1527996418.226,0,1,0,0,0,0,0,3,0,1,400.93,400.93,7F,1,1,1,0082,57,40,40,0,0,19,0.00
03/06/2018 4:27:02,54 58.41377,-1 31.21815,360,0,461,911362,1145049,400.90,-26.725,4188,4172,4176,16,0,110.9,43.9,107.2,41.8,none,none,100.6,38.1,4188,4185,4175,4178,4178,4176,4174,4174,4175,4174,4173,4174,4175,4174,4173,4174,4173,4174,4172,4174,4174,4173,4172,4174,4173,4176,4173,4174,4174,4174,4173,4174,4175,4172,4173,4175,4173,4173,4173,4173,4174,4174,4180,4178,4178,4179,4184,4178,4183,4179,4184,4183,4183,4180,4186,4178,4176,4175,4185,4178,4183,4176,4177,4177,4179,4181,4178,4178,4177,4176,4179,4175,4177,4177,4177,4176,4177,4174,4176,4175,4176,4177,4179,4178,4178,4176,4175,4175,4186,4184,4179,4179,4183,4180,4179,4179,-0.39,SJNFAAZE1U0005576,117.67,13.04,8967.2421875,78,74,0,0,0,0,14.5,99.19,-153533,89,1527996422.386,0,1,1,0,6,0,0,3,0,1,401.05,401.05,7F,1,1,1,0082,57,40,40,0,0,19,0.00
03/06/2018 4:27:06,54 58.41377,-1 31.21815,360,0,461,911612,1145049,400.80,-25.413,4186,4171,4175,15,0,110.7,43.7,106.9,41.6,none,none,100.6,38.1,4186,4185,4174,4176,4178,4174,4173,4173,4174,4173,4173,4173,4174,4173,4172,4173,4172,4172,4172,4173,4173,4171,4171,4173,4172,4175,4171,4172,4171,4173,4173,4173,4174,4172,4171,4174,4173,4173,4173,4172,4174,4174,4178,4177,4176,4177,4183,4176,4183,4178,4182,4182,4181,4179,4185,4178,4175,4174,4184,4176,4181,4175,4176,4176,4178,4179,4177,4175,4176,4174,4177,4174,4176,4176,4175,4174,4176,4173,4174,4174,4175,4175,4178,4176,4177,4175,4174,4173,4184,4182,4178,4177,4182,4179,4178,4177,-0.41,SJNFAAZE1U0005576,117.67,13.04,8967.2421875,78,74,0,0,0,0,14.5,99.19,-153543,89,1527996426.187,0,1,0,0,0,0,0,3,0,1,400.88,400.88,7F,1,1,1,0082,57,40,40,0,0,19,0.00
03/06/2018 4:27:10,54 58.41377,-1 31.21815,360,0,462,911865,1145049,400.90,-27.610,4188,4172,4176,16,0,110.9,43.9,107.2,41.8,none,none,100.8,38.2,4188,4185,4176,4177,4178,4176,4174,4174,4174,4172,4173,4173,4175,4173,4173,4173,4173,4173,4172,4173,4174,4172,4173,4174,4173,4175,4173,4172,4173,4174,4173,4174,4174,4172,4173,4174,4174,4173,4174,4173,4175,4174,4180,4177,4178,4178,4184,4177,4184,4179,4184,4182,4182,4179,4187,4178,4176,4174,4185,4177,4182,4177,4176,4176,4178,4179,4178,4177,4176,4177,4178,4175,4178,4176,4177,4175,4177,4176,4175,4176,4176,4175,4179,4176,4179,4176,4175,4175,4185,4184,4179,4178,4183,4179,4179,4177,-0.43,SJNFAAZE1U0005576,117.67,13.04,8967.2421875,78,74,0,0,0,0,14.5,99.19,-153554,89,1527996430.062,0,1,0,0,0,0,0,3,0,1,400.88,400.88,7F,1,1,1,0082,57,40,40,0,0,19,0.00
03/06/2018 4:27:13,54 58.41377,-1 31.21815,360,0,462,912107,1145049,400.99,-26.603,4186,4172,4177,14,0,110.7,43.7,107.2,41.8,none,none,100.6,38.1,4186,4186,4176,4178,4178,4177,4174,4175,4175,4175,4173,4174,4175,4175,4174,4174,4173,4174,4173,4175,4175,4173,4172,4175,4173,4175,4173,4175,4174,4173,4174,4175,4175,4173,4172,4176,4174,4174,4174,4174,4175,4175,4180,4178,4178,4179,4184,4177,4183,4181,4184,4184,4183,4180,4186,4179,4177,4176,4186,4178,4183,4177,4177,4177,4178,4181,4178,4178,4178,4176,4178,4177,4178,4177,4178,4175,4178,4175,4175,4175,4175,4177,4180,4178,4179,4177,4176,4176,4185,4184,4179,4178,4183,4180,4180,4179,-0.45,SJNFAAZE1U0005576,117.67,13.04,8967.2421875,78,74,0,0,0,0,14.5,99.19,-153564,89,1527996433.718,0,1,0,0,0,0,0,3,0,1,400.99,400.99,7F,1,1,1,0082,57,40,40,0,0,19,0.00
03/06/2018 4:27:17,54 58.41377,-1 31.21815,360,0,462,912328,1145049,400.90,-25.291,4187,4171,4176,16,0,110.7,43.7,107.2,41.8,none,none,100.6,38.1,4187,4184,4175,4177,4178,4176,4174,4173,4174,4173,4173,4174,4174,4174,4173,4174,4172,4174,4172,4174,4173,4171,4172,4174,4173,4175,4173,4173,4173,4174,4173,4174,4174,4173,4172,4175,4173,4174,4173,4173,4174,4174,4179,4178,4177,4179,4184,4176,4183,4179,4183,4183,4183,4179,4187,4178,4175,4175,4185,4177,4182,4176,4176,4176,4177,4180,4178,4177,4177,4176,4178,4175,4176,4177,4176,4176,4176,4176,4175,4175,4176,4176,4179,4177,4178,4176,4175,4174,4185,4183,4179,4178,4183,4179,4178,4178,-0.41,SJNFAAZE1U0005576,117.67,13.04,8967.2421875,78,74,0,0,0,0,14.5,99.19,-153573,89,1527996437.180,0,1,1,0,6,0,0,3,0,1,401.00,401.00,7F,1,1,1,0082,57,40,40,0,0,19,0.00
03/06/2018 4:27:20,54 58.41377,-1 31.21815,360,0,462,912543,1145049,400.80,-25.229,4186,4171,4175,15,0,110.7,43.7,107.2,41.8,none,none,100.6,38.1,4186,4184,4174,4177,4177,4174,4172,4174,4174,4173,4172,4173,4174,4173,4173,4173,4172,4173,4172,4174,4173,4171,4171,4174,4173,4175,4172,4173,4171,4174,4173,4173,4173,4172,4172,4174,4174,4173,4172,4172,4174,4173,4179,4176,4177,4177,4183,4175,4182,4178,4183,4182,4181,4179,4185,4178,4175,4174,4183,4177,4181,4175,4176,4176,4177,4180,4177,4175,4176,4175,4178,4175,4176,4176,4175,4175,4175,4173,4175,4174,4174,4176,4178,4176,4178,4175,4173,4174,4184,4182,4178,4176,4182,4178,4178,4177,-0.42,SJNFAAZE1U0005576,117.67,13.04,8967.2421875,78,74,0,0,0,0,14.5,99.19,-153582,89,1527996440.554,0,1,0,0,0,0,0,3,0,1,400.94,400.94,7F,1,1,1,0082,57,40,40,0,0,19,0.00
03/06/2018 4:27:23,54 58.41377,-1 31.21815,360,0,462,912759,1145049,400.80,-25.535,4186,4171,4175,15,0,110.9,43.9,107.2,41.8,none,none,100.6,38.1,4185,4185,4175,4177,4178,4175,4172,4174,4174,4174,4172,4173,4174,4174,4172,4173,4171,4172,4172,4174,4173,4172,4172,4173,4173,4174,4171,4172,4171,4174,4173,4173,4173,4172,4172,4174,4173,4172,4173,4172,4173,4174,4179,4177,4177,4177,4183,4175,4183,4178,4184,4181,4181,4178,4185,4178,4175,4174,4185,4177,4181,4175,4177,4176,4177,4180,4177,4175,4176,4175,4176,4175,4176,4176,4176,4175,4175,4174,4175,4174,4175,4176,4179,4177,4177,4175,4174,4174,4186,4183,4179,4177,4181,4178,4178,4177,-0.40,SJNFAAZE1U0005576,117.67,13.04,8967.2421875,78,74,0,0,0,0,14.5,99.19,-153591,89,1527996443.931,0,1,0,0,0,0,0,3,0,1,400.91,400.91,7F,1,1,1,0082,57,40,40,0,0,19,0.00
03/06/2018 4:27:27,54 58.41377,-1 31.21815,360,0,462,912993,1145049,400.90,-26.481,4187,4172,4176,15,0,110.7,43.7,107.2,41.8,none,none,100.6,38.1,4187,4185,4175,4178,4178,4176,4173,4174,4174,4173,4174,4173,4174,4174,4172,4174,4172,4173,4172,4174,4174,4173,4173,4174,4173,4175,4173,4173,4173,4173,4173,4174,4174,4173,4172,4175,4173,4173,4173,4173,4175,4174,4180,4178,4177,4179,4183,4176,4183,4179,4184,4182,4182,4180,4185,4178,4175,4176,4184,4176,4180,4176,4176,4175,4178,4181,4176,4175,4176,4175,4177,4175,4177,4177,4177,4175,4177,4175,4176,4175,4175,4177,4179,4176,4179,4176,4174,4176,4185,4183,4179,4177,4182,4179,4178,4177,-0.45,SJNFAAZE1U0005576,117.67,13.04,8967.2421875,78,74,0,0,0,0,14.5,99.19,-153600,89,1527996447.760,0,1,0,0,0,0,0,3,0,1,400.90,400.90,7F,1,1,1,0082,57,40,40,0,0,19,0.00
03/06/2018 4:27:31,54 58.41377,-1 31.21815,360,0,462,913222,1145049,400.90,-25.627,4187,4172,4176,15,0,110.7,43.7,107.2,41.8,none,none,100.6,38.1,4187,4187,4176,4177,4179,4176,4173,4174,4173,4173,4174,4174,4175,4174,4173,4174,4172,4175,4173,4174,4173,4173,4172,4174,4173,4175,4172,4174,4173,4174,4174,4174,4175,4173,4173,4175,4174,4173,4174,4173,4176,4175,4180,4179,4178,4178,4184,4177,4183,4179,4184,4183,4182,4180,4186,4180,4176,4175,4186,4178,4183,4176,4177,4177,4178,4181,4178,4177,4177,4176,4178,4176,4177,4177,4177,4175,4176,4175,4175,4176,4175,4176,4179,4178,4178,4176,4175,4176,4185,4182,4179,4178,4183,4179,4179,4178,-0.39,SJNFAAZE1U0005576,117.67,13.04,8967.2421875,78,74,0,0,0,0,14.5,99.19,-153610,89,1527996451.519,0,1,1,0,6,0,0,3,0,1,400.94,400.94,7F,1,1,1,0082,57,40,40,0,0,19,0.00
03/06/2018 4:27:35,54 58.41377,-1 31.21815,360,0,462,913457,1145049,400.99,-25.229,4188,4172,4177,16,0,110.7,43.7,106.9,41.6,none,none,100.6,38.1,4188,4186,4176,4178,4178,4177,4174,4173,4174,4175,4173,4174,4174,4175,4173,4174,4173,4173,4173,4174,4174,4173,4172,4175,4172,4175,4172,4173,4173,4174,4173,4174,4173,4173,4173,4175,4174,4173,4174,4173,4175,4175,4180,4178,4177,4179,4184,4177,4184,4179,4184,4183,4182,4181,4187,4180,4176,4176,4186,4178,4183,4176,4176,4177,4179,4181,4178,4177,4177,4176,4178,4176,4177,4177,4177,4175,4177,4175,4177,4175,4177,4177,4180,4178,4179,4177,4175,4175,4186,4184,4179,4179,4184,4179,4180,4178,-0.38,SJNFAAZE1U0005576,117.67,13.04,8967.2421875,78,74,0,0,0,0,14.5,99.19,-153620,89,1527996455.368,0,1,0,0,0,0,0,3,0,1,401.02,401.02,7F,1,1,1,0082,57,40,40,0,0,19,0.00
03/06/2018 4:27:39,54 58.41377,-1 31.21815,360,0,462,913693,1145049,400.90,-25.352,4187,4172,4176,15,0,110.9,43.9,107.2,41.8,none,none,100.6,38.1,4187,4185,4175,4178,4177,4175,4173,4173,4174,4172,4173,4173,4174,4174,4173,4173,4173,4173,4172,4174,4174,4172,4172,4173,4173,4175,4172,4173,4173,4173,4173,4175,4174,4172,4172,4175,4172,4173,4172,4173,4174,4174,4180,4177,4177,4178,4184,4176,4182,4178,4183,4182,4182,4179,4186,4178,4175,4174,4185,4178,4182,4175,4176,4176,4178,4181,4177,4176,4176,4175,4177,4176,4176,4177,4177,4174,4177,4175,4174,4175,4175,4176,4180,4177,4178,4175,4175,4174,4185,4183,4179,4177,4182,4179,4178,4177,-0.39,SJNFAAZE1U0005576,117.67,13.04,8967.2421875,78,74,0,0,0,0,14.5,99.19,-153629,89,1527996459.089,0,1,0,0,0,0,0,3,0,1,400.95,400.95,7F,1,1,1,0082,57,40,40,0,0,19,0.00
03/06/2018 4:27:42,54 58.41377,-1 31.21815,360,0,463,913925,1145049,400.90,-26.420,4187,4172,4176,15,0,110.9,43.9,107.2,41.8,none,none,100.6,38.1,4187,4185,4175,4178,4178,4176,4174,4173,4174,4174,4174,4174,4175,4174,4173,4174,4173,4174,4173,4174,4175,4173,4173,4174,4173,4176,4172,4174,4173,4173,4173,4175,4175,4174,4173,4174,4173,4173,4174,4173,4175,4174,4180,4178,4178,4178,4184,4177,4183,4179,4183,4182,4183,4180,4185,4179,4176,4175,4185,4177,4182,4175,4176,4177,4178,4181,4177,4176,4177,4176,4178,4175,4177,4176,4177,4175,4177,4176,4176,4175,4176,4177,4180,4177,4178,4176,4175,4177,4185,4184,4178,4178,4184,4179,4179,4178,-0.40,SJNFAAZE1U0005576,117.67,13.04,8967.2421875,78,74,0,0,0,0,14.5,99.19,-153639,89,1527996462.869,0,1,0,0,0,0,0,3,0,1,400.91,400.91,7F,1,1,1,0082,57,40,40,0,0,19,0.00
03/06/2018 4:27:46,54 58.41377,-1 31.21815,360,0,463,914164,1145049,400.99,-25.168,4187,4172,4177,15,0,110.7,43.7,106.9,41.6,none,none,100.6,38.1,4187,4186,4177,4179,4180,4176,4176,4175,4177,4175,4175,4175,4176,4175,4173,4175,4174,4174,4175,4174,4175,4172,4174,4175,4174,4176,4173,4174,4174,4175,4174,4175,4176,4174,4175,4176,4175,4174,4176,4173,4176,4175,4181,4179,4181,4179,4185,4178,4184,4180,4185,4182,4183,4181,4187,4178,4178,4176,4187,4179,4184,4179,4176,4178,4179,4181,4179,4178,4178,4177,4178,4177,4177,4178,4178,4176,4178,4176,4175,4177,4176,4177,4180,4178,4179,4177,4175,4177,4185,4184,4179,4180,4183,4180,4181,4179,-0.39,SJNFAAZE1U0005576,117.67,13.04,8967.2421875,78,74,0,0,0,0,14.5,99.19,-153649,89,1527996466.790,0,1,1,0,6,0,0,3,0,1,401.00,401.00,7F,1,1,1,0082,57,40,40,0,0,19,0.00
03/06/2018 4:27:50,54 58.41377,-1 31.21815,360,0,463,914394,1145049,400.90,-24.070,4186,4172,4176,14,0,110.7,43.7,106.9,41.6,none,none,100.6,38.1,4186,4184,4176,4178,4179,4176,4175,4174,4176,4173,4174,4173,4175,4174,4173,4174,4173,4173,4173,4174,4175,4172,4174,4174,4173,4175,4173,4173,4174,4174,4175,4173,4175,4173,4173,4175,4174,4173,4173,4172,4176,4174,4181,4177,4179,4177,4184,4177,4183,4178,4184,4183,4183,4181,4186,4178,4176,4174,4186,4177,4181,4176,4176,4177,4178,4181,4179,4176,4177,4177,4177,4176,4175,4176,4176,4174,4176,4176,4176,4176,4176,4177,4180,4177,4178,4176,4173,4175,4184,4184,4179,4178,4182,4179,4180,4178,-0.41,SJNFAAZE1U0005576,117.67,13.04,8967.2421875,78,74,0,0,0,0,14.5,99.19,-153658,89,1527996470.553,0,1,0,0,0,0,0,3,0,1,401.01,401.01,7F,1,1,1,0082,57,40,40,0,0,19,0.00
03/06/2018 4:27:54,54 58.41377,-1 31.21815,360,0,463,914619,1145049,400.90,-24.894,4186,4172,4176,14,0,110.7,43.7,106.9,41.6,none,none,100.6,38.1,4186,4185,4175,4177,4179,4175,4174,4173,4174,4173,4172,4173,4174,4174,4173,4173,4172,4174,4172,4173,4173,4172,4173,4174,4172,4176,4172,4174,4173,4173,4173,4174,4174,4172,4172,4174,4173,4173,4173,4172,4175,4174,4180,4177,4177,4178,4183,4177,4183,4178,4183,4182,4181,4179,4186,4178,4176,4175,4184,4177,4182,4175,4176,4175,4177,4179,4176,4176,4177,4174,4178,4175,4176,4176,4177,4174,4176,4173,4174,4174,4175,4175,4179,4177,4178,4175,4175,4173,4185,4184,4179,4176,4182,4178,4178,4177,-0.41,SJNFAAZE1U0005576,117.67,13.04,8967.2421875,78,74,0,0,0,0,14.5,99.19,-153667,89,1527996474.229,0,1,0,0,0,0,0,3,0,1,400.91,400.91,7F,1,1,1,0082,57,40,40,0,0,19,0.00
03/06/2018 4:27:58,54 58.41377,-1 31.21815,360,0,463,914852,1145049,400.99,-25.566,4187,4172,4177,15,0,110.7,43.7,106.9,41.6,none,none,100.6,38.1,4187,4186,4175,4178,4179,4176,4174,4174,4174,4174,4174,4174,4175,4175,4173,4175,4174,4174,4173,4175,4174,4173,4173,4174,4173,4176,4172,4173,4173,4175,4173,4174,4175,4175,4173,4176,4175,4174,4174,4174,4176,4175,4181,4178,4178,4179,4184,4177,4184,4180,4185,4184,4184,4181,4187,4180,4176,4176,4186,4178,4183,4177,4178,4178,4179,4181,4178,4178,4178,4176,4178,4176,4179,4177,4177,4175,4177,4175,4176,4176,4177,4177,4180,4178,4179,4176,4176,4176,4186,4183,4179,4179,4183,4179,4179,4178,-0.41,SJNFAAZE1U0005576,117.67,13.04,8967.2421875,78,74,0,0,0,0,14.5,99.19,-153677,89,1527996478.167,0,1,0,0,0,0,0,3,0,1,400.97,400.97,7F,1,1,1,0082,57,40,40,0,0,19,0.00
03/06/2018 4:28:02,54 58.41377,-1 31.21815,360,0,463,915081,1145049,400.99,-23.276,4186,4173,4177,13,0,110.7,43.7,106.9,41.6,none,none,100.6,38.1,4186,4184,4176,4177,4179,4176,4175,4174,4176,4174,4174,4173,4175,4175,4174,4174,4175,4174,4175,4175,4176,4173,4174,4175,4174,4175,4174,4174,4174,4174,4174,4174,4176,4174,4173,4175,4175,4174,4174,4173,4176,4174,4181,4178,4179,4177,4185,4176,4183,4179,4185,4182,4183,4181,4186,4178,4177,4176,4186,4178,4182,4177,4177,4176,4179,4180,4179,4178,4177,4176,4178,4175,4176,4176,4178,4174,4178,4175,4175,4176,4175,4176,4181,4178,4178,4178,4174,4175,4185,4185,4179,4178,4182,4178,4179,4178,-0.42,SJNFAAZE1U0005576,117.67,13.04,8967.2421875,78,74,0,0,0,0,14.5,99.19,-153686,89,1527996482.183,0,1,1,0,6,0,0,3,0,1,401.04,401.04,7F,1,1,1,0082,57,40,40,0,0,19,0.00
03/06/2018 4:28:06,54 58.41377,-1 31.21815,360,0,463,915319,1145049,400.90,-24.650,4186,4171,4176,15,0,110.9,43.9,107.2,41.8,none,none,100.6,38.1,4186,4185,4175,4178,4178,4174,4174,4174,4175,4173,4173,4175,4174,4174,4173,4174,4172,4174,4173,4174,4174,4171,4173,4174,4172,4175,4173,4173,4173,4174,4173,4173,4175,4173,4173,4175,4174,4173,4174,4173,4175,4174,4180,4177,4178,4178,4184,4176,4182,4178,4183,4182,4182,4179,4186,4178,4174,4174,4184,4176,4182,4176,4177,4176,4178,4181,4178,4176,4176,4175,4177,4175,4176,4177,4176,4174,4176,4174,4175,4175,4175,4176,4180,4177,4178,4175,4175,4174,4185,4183,4179,4177,4183,4178,4178,4178,-0.41,SJNFAAZE1U0005576,117.67,13.04,8967.2421875,78,74,0,0,0,0,14.5,99.19,-153696,89,1527996486.020,0,1,0,0,0,0,0,3,0,1,400.97,400.97,7F,1,1,1,0082,57,40,40,0,0,19,0.00
03/06/2018 4:28:09,54 58.41377,-1 31.21815,360,0,463,915543,1145049,400.99,-25.566,4188,4172,4177,16,0,110.7,43.7,106.9,41.6,none,none,100.6,38.1,4188,4186,4176,4179,4179,4176,4175,4175,4175,4175,4175,4175,4175,4174,4174,4175,4174,4174,4173,4174,4175,4174,4172,4175,4173,4176,4174,4174,4173,4175,4174,4174,4175,4173,4173,4176,4175,4174,4174,4174,4176,4175,4181,4179,4178,4180,4184,4177,4183,4180,4185,4184,4182,4180,4187,4179,4177,4176,4185,4178,4183,4176,4177,4177,4178,4181,4178,4177,4178,4177,4178,4176,4178,4177,4176,4175,4177,4175,4176,4176,4177,4177,4180,4178,4179,4176,4176,4175,4185,4184,4180,4179,4183,4180,4181,4178,-0.41,SJNFAAZE1U0005576,117.67,13.04,8967.2421875,78,74,0,0,0,0,14.5,99.19,-153706,89,1527996489.636,0,1,0,0,0,0,0,3,0,1,400.97,400.97,7F,1,1,1,0082,57,40,40,0,0,19,0.00
03/06/2018 4:28:13,54 58.41377,-1 31.21815,360,0,464,915760,1145049,401.09,-25.168,4188,4173,4178,15,0,110.7,43.7,106.9,41.6,none,none,100.6,38.1,4188,4186,4177,4180,4181,4176,4176,4175,4176,4175,4175,4175,4176,4176,4175,4175,4175,4174,4174,4175,4176,4173,4174,4175,4175,4177,4175,4174,4175,4175,4175,4175,4177,4174,4176,4175,4176,4174,4176,4173,4177,4175,4182,4179,4179,4179,4185,4178,4185,4180,4186,4184,4184,4182,4187,4180,4178,4176,4187,4179,4184,4178,4178,4178,4180,4182,4179,4178,4178,4177,4178,4177,4178,4178,4179,4176,4177,4176,4176,4178,4176,4177,4181,4179,4179,4177,4176,4177,4185,4184,4180,4179,4184,4180,4181,4179,-0.41,SJNFAAZE1U0005576,117.67,13.04,8967.2421875,78,74,0,0,0,0,14.5,99.19,-153714,89,1527996493.274,0,1,0,0,0,0,0,3,0,1,401.07,401.07,7F,1,1,1,0082,57,40,40,0,0,19,0.00
03/06/2018 4:28:16,54 58.41377,-1 31.21815,360,0,464,915967,1145049,400.99,-22.361,4187,4173,4177,14,0,110.7,43.7,106.9,41.6,none,none,100.4,38.0,4186,4187,4176,4179,4180,4177,4175,4175,4176,4175,4174,4175,4176,4175,4174,4175,4175,4175,4174,4176,4175,4174,4173,4175,4175,4177,4173,4175,4173,4175,4175,4176,4175,4173,4174,4176,4175,4174,4175,4174,4175,4176,4180,4179,4179,4179,4185,4178,4184,4180,4184,4183,4183,4180,4185,4179,4177,4176,4186,4178,4182,4177,4177,4178,4180,4182,4179,4177,4176,4177,4179,4177,4177,4178,4177,4176,4177,4175,4176,4177,4175,4178,4180,4177,4178,4177,4176,4176,4185,4184,4179,4178,4182,4181,4181,4179,-0.38,SJNFAAZE1U0005576,117.67,13.04,8967.2421875,78,74,0,0,0,0,14.5,99.19,-153723,89,1527996496.783,0,1,1,0,6,0,0,3,0,1,401.08,401.08,7F,1,1,1,0082,57,40,40,0,0,19,0.00
03/06/2018 4:28:20,54 58.41377,-1 31.21815,360,0,464,916173,1145049,400.90,-23.490,4187,4172,4176,15,0,110.7,43.7,106.9,41.6,none,none,100.6,38.1,4187,4185,4176,4177,4179,4175,4174,4174,4176,4173,4174,4173,4175,4174,4173,4174,4174,4174,4174,4174,4174,4172,4173,4173,4174,4175,4173,4174,4173,4174,4174,4173,4176,4173,4174,4175,4175,4173,4174,4173,4176,4174,4180,4178,4178,4178,4184,4177,4183,4179,4184,4182,4182,4181,4187,4179,4175,4174,4185,4176,4181,4177,4176,4177,4178,4181,4178,4175,4177,4176,4176,4176,4176,4176,4178,4175,4177,4175,4175,4176,4176,4176,4179,4177,4178,4176,4174,4174,4186,4183,4178,4177,4181,4178,4178,4177,-0.42,SJNFAAZE1U0005576,117.67,13.04,8967.2421875,78,74,0,0,0,0,14.5,99.19,-153731,89,1527996500.476,0,1,0,0,0,0,0,3,0,1,401.01,401.01,7F,1,1,1,0082,57,40,40,0,0,19,0.00
03/06/2018 4:28:24,54 58.41377,-1 31.21815,360,0,464,916382,1145049,400.99,-24.589,4187,4173,4177,14,0,110.7,43.7,106.9,41.6,none,none,100.6,38.1,4187,4185,4176,4179,4180,4176,4175,4174,4175,4175,4175,4174,4175,4174,4174,4174,4174,4174,4174,4175,4176,4174,4175,4175,4174,4176,4174,4174,4174,4174,4174,4175,4176,4174,4173,4175,4175,4174,4174,4174,4177,4175,4182,4178,4179,4178,4184,4177,4183,4179,4185,4182,4183,4181,4186,4180,4177,4175,4186,4178,4182,4177,4178,4177,4179,4181,4179,4177,4177,4177,4178,4175,4177,4177,4177,4175,4177,4176,4175,4176,4176,4177,4180,4178,4179,4177,4176,4176,4184,4184,4179,4179,4183,4180,4180,4178,-0.40,SJNFAAZE1U0005576,117.67,13.04,8967.2421875,78,74,0,0,0,0,14.5,99.19,-153740,89,1527996504.196,0,1,0,0,0,0,0,3,0,1,400.98,400.98,7F,1,1,1,0082,57,40,40,0,0,19,0.00
03/06/2018 4:28:27,54 58.41377,-1 31.21815,360,0,464,916604,1145049,400.99,-23.581,4187,4174,4177,13,0,110.7,43.7,106.9,41.6,none,none,100.6,38.1,4187,4186,4176,4179,4179,4177,4175,4176,4176,4176,4175,4175,4175,4176,4175,4175,4174,4175,4175,4176,4175,4174,4174,4176,4174,4176,4174,4174,4175,4176,4175,4175,4175,4174,4174,4177,4176,4174,4175,4175,4176,4176,4182,4179,4180,4181,4185,4178,4184,4180,4184,4183,4184,4182,4186,4180,4178,4177,4186,4178,4183,4177,4177,4178,4179,4182,4179,4178,4177,4176,4179,4177,4178,4178,4179,4176,4178,4177,4175,4176,4176,4177,4180,4178,4179,4177,4175,4178,4185,4184,4179,4179,4183,4180,4180,4178,-0.40,SJNFAAZE1U0005576,117.67,13.04,8967.2421875,78,74,0,0,0,0,14.5,99.19,-153749,89,1527996507.972,0,1,0,0,0,0,0,3,0,1,401.12,401.12,7F,1,1,1,0082,57,40,40,0,0,19,0.00
03/06/2018 4:28:31,54 58.41377,-1 31.21815,360,0,464,916811,1145049,400.90,-22.361,4186,4172,4176,14,0,110.7,43.7,106.9,41.6,none,none,100.4,38.0,4186,4185,4176,4177,4178,4175,4174,4174,4174,4174,4175,4172,4176,4174,4174,4173,4173,4174,4173,4174,4175,4172,4174,4174,4173,4174,4173,4173,4173,4173,4174,4174,4175,4173,4174,4174,4174,4173,4174,4172,4176,4174,4180,4178,4177,4178,4184,4177,4183,4177,4184,4182,4182,4179,4185,4178,4175,4175,4184,4176,4180,4176,4176,4176,4178,4179,4178,4177,4176,4176,4177,4175,4177,4176,4178,4175,4176,4175,4175,4175,4176,4176,4179,4177,4177,4176,4174,4174,4185,4183,4179,4177,4182,4178,4180,4178,-0.42,SJNFAAZE1U0005576,117.67,13.04,8967.2421875,78,74,0,0,0,0,14.5,99.19,-153758,89,1527996511.765,0,1,1,0,6,0,0,3,0,1,401.06,401.06,7F,1,1,1,0082,57,40,40,0,0,19,0.00
03/06/2018 4:28:35,54 58.41377,-1 31.21815,360,0,464,917026,1145049,400.90,-23.307,4186,4172,4176,14,0,110.7,43.7,106.9,41.6,none,none,100.6,38.1,4186,4185,4175,4177,4178,4176,4173,4174,4175,4174,4173,4174,4174,4175,4173,4175,4173,4174,4173,4174,4175,4172,4173,4175,4173,4176,4173,4174,4173,4175,4174,4174,4175,4173,4172,4175,4174,4174,4174,4173,4175,4174,4180,4178,4179,4179,4184,4178,4183,4179,4183,4183,4182,4180,4186,4179,4176,4175,4185,4177,4183,4178,4177,4176,4178,4180,4178,4176,4177,4176,4178,4176,4177,4177,4177,4176,4177,4176,4176,4177,4177,4177,4179,4177,4179,4177,4176,4175,4185,4184,4179,4177,4183,4180,4179,4178,-0.43,SJNFAAZE1U0005576,117.67,13.04,8967.2421875,78,74,0,0,0,0,14.5,99.19,-153767,89,1527996515.541,0,1,0,0,0,0,0,3,0,1,400.94,400.94,7F,1,1,1,0082,57,40,40,0,0,19,0.00
03/06/2018 4:28:39,54 58.41377,-1 31.21815,360,0,464,917246,1145049,401.09,-24.497,4188,4174,4178,14,0,110.7,43.7,106.9,41.6,none,none,100.4,38.0,4188,4186,4177,4179,4181,4178,4176,4176,4177,4174,4176,4175,4177,4176,4175,4175,4175,4176,4175,4176,4177,4175,4176,4176,4176,4177,4175,4175,4175,4176,4176,4176,4177,4175,4175,4177,4176,4175,4175,4174,4177,4175,4183,4180,4180,4179,4185,4179,4185,4181,4186,4184,4183,4182,4187,4180,4178,4176,4187,4179,4184,4179,4177,4178,4180,4182,4180,4178,4178,4177,4179,4177,4178,4177,4178,4176,4179,4177,4177,4178,4177,4178,4181,4179,4180,4179,4176,4177,4187,4185,4180,4179,4184,4180,4182,4179,-0.41,SJNFAAZE1U0005576,117.67,13.04,8967.2421875,78,74,0,0,0,0,14.5,99.19,-153776,89,1527996519.321,0,1,0,0,0,0,0,3,0,1,401.09,401.09,7F,1,1,1,0082,57,40,40,0,0,19,0.00
03/06/2018 4:28:43,54 58.41377,-1 31.21815,360,0,464,917463,1145049,400.99,-22.453,4186,4173,4177,13,0,110.7,43.7,106.9,41.6,none,none,100.4,38.0,4186,4186,4177,4179,4180,4178,4175,4175,4176,4175,4176,4175,4176,4176,4174,4175,4174,4175,4174,4176,4175,4174,4174,4176,4174,4177,4173,4175,4174,4175,4174,4176,4175,4174,4174,4177,4175,4174,4174,4174,4176,4176,4181,4179,4179,4179,4185,4178,4183,4180,4185,4184,4182,4180,4186,4180,4177,4176,4186,4179,4183,4178,4177,4178,4179,4181,4179,4177,4178,4177,4178,4177,4177,4178,4178,4176,4178,4176,4176,4176,4176,4177,4180,4178,4179,4176,4175,4176,4186,4185,4179,4180,4183,4180,4181,4179,-0.39,SJNFAAZE1U0005576,117.67,13.04,8967.2421875,78,74,0,0,0,0,14.5,99.19,-153785,89,1527996523.191,0,1,0,0,0,0,0,3,0,1,401.11,401.11,7F,1,1,1,0082,57,40,40,0,0,19,0.00
03/06/2018 4:28:47,54 58.41377,-1 31.21815,360,0,464,917671,1145049,400.90,-22.025,4186,4171,4176,15,0,110.7,43.7,106.9,41.6,none,none,100.4,38.0,4186,4185,4176,4177,4178,4175,4174,4172,4175,4174,4173,4173,4174,4174,4174,4173,4172,4174,4173,4173,4175,4171,4173,4174,4173,4175,4173,4173,4174,4173,4174,4173,4175,4172,4173,4174,4174,4173,4174,4172,4176,4174,4180,4177,4178,4178,4184,4176,4182,4178,4184,4181,4182,4180,4185,4178,4175,4174,4185,4177,4180,4175,4176,4175,4178,4179,4178,4176,4176,4176,4177,4175,4175,4176,4177,4174,4175,4175,4175,4175,4175,4175,4180,4177,4178,4176,4174,4175,4184,4183,4178,4178,4182,4178,4179,4177,-0.40,SJNFAAZE1U0005576,117.67,13.04,8967.2421875,78,74,0,0,0,0,14.5,99.19,-153793,89,1527996527.058,0,1,1,0,6,0,0,3,0,1,400.97,400.97,7F,1,1,1,0082,57,40,40,0,0,19,0.00
03/06/2018 4:28:50,54 58.41377,-1 31.21815,360,0,465,917882,1145049,401.09,-23.551,4188,4174,4178,14,0,110.7,43.7,106.9,41.6,none,none,100.4,38.0,4188,4186,4178,4179,4180,4176,4176,4175,4176,4174,4176,4174,4176,4176,4175,4176,4175,4174,4175,4175,4176,4174,4174,4177,4174,4177,4176,4175,4176,4174,4176,4175,4176,4175,4175,4176,4176,4175,4176,4174,4178,4175,4182,4179,4179,4179,4184,4178,4185,4181,4185,4182,4184,4181,4187,4180,4178,4175,4186,4179,4183,4179,4177,4178,4180,4181,4180,4179,4177,4177,4179,4176,4180,4178,4179,4176,4178,4177,4177,4177,4177,4177,4181,4178,4180,4178,4175,4176,4186,4185,4179,4180,4183,4180,4181,4179,-0.44,SJNFAAZE1U0005576,117.67,13.04,8967.2421875,78,74,0,0,0,0,14.5,99.19,-153802,89,1527996530.737,0,1,0,0,0,0,0,3,0,1,401.05,401.05,7F,1,1,1,0082,57,40,40,0,0,19,0.00
03/06/2018 4:28:54,54 58.41377,-1 31.21815,360,0,465,918077,1145049,401.09,-23.002,4188,4173,4178,15,0,110.7,43.7,106.9,41.6,none,none,100.4,38.0,4188,4186,4178,4179,4180,4177,4176,4176,4176,4175,4175,4175,4176,4175,4174,4175,4174,4176,4174,4176,4176,4173,4175,4176,4175,4177,4175,4175,4175,4176,4176,4175,4176,4175,4175,4175,4176,4174,4176,4175,4177,4175,4183,4179,4180,4179,4185,4178,4184,4180,4185,4184,4184,4182,4187,4180,4178,4176,4188,4178,4183,4179,4177,4178,4181,4181,4180,4178,4178,4177,4179,4177,4179,4178,4178,4177,4179,4177,4177,4177,4176,4177,4181,4179,4180,4178,4176,4179,4186,4185,4180,4181,4184,4180,4180,4179,-0.40,SJNFAAZE1U0005576,117.67,13.04,8967.2421875,78,74,0,0,0,0,14.5,99.19,-153810,89,1527996534.177,0,1,0,0,0,0,0,3,0,1,401.12,401.12,7F,1,1,1,0082,57,40,40,0,0,19,0.00
03/06/2018 4:28:58,54 58.41377,-1 31.21815,360,0,465,918276,1145049,400.99,-22.239,4186,4173,4177,13,0,110.7,43.7,106.9,41.6,none,none,100.4,38.0,4186,4185,4177,4179,4178,4177,4174,4175,4176,4175,4175,4176,4176,4175,4174,4175,4173,4175,4174,4175,4176,4173,4173,4175,4174,4177,4174,4175,4175,4175,4174,4176,4175,4174,4174,4176,4174,4174,4174,4174,4176,4176,4180,4179,4179,4178,4184,4178,4183,4180,4185,4184,4184,4181,4186,4180,4176,4176,4186,4178,4183,4177,4176,4178,4179,4181,4178,4177,4177,4176,4178,4177,4177,4178,4177,4176,4177,4175,4176,4176,4176,4178,4180,4178,4178,4177,4175,4176,4185,4184,4179,4178,4182,4180,4179,4179,-0.38,SJNFAAZE1U0005576,117.67,13.04,8967.2421875,78,74,0,0,0,0,14.5,99.19,-153818,89,1527996538.211,0,1,0,0,0,0,0,3,0,1,401.16,401.16,7F,1,1,1,0082,57,40,40,0,0,19,0.00
03/06/2018 4:29:02,54 58.41377,-1 31.21815,360,0,465,918489,1145049,400.90,-21.415,4186,4173,4176,13,0,110.7,43.7,106.9,41.6,none,none,100.4,38.0,4185,4186,4176,4178,4179,4175,4175,4174,4175,4173,4174,4175,4176,4176,4173,4175,4173,4174,4173,4174,4174,4174,4173,4174,4174,4176,4174,4174,4173,4173,4175,4174,4175,4174,4174,4177,4175,4174,4174,4173,4175,4174,4179,4178,4178,4178,4184,4177,4183,4179,4184,4182,4182,4179,4185,4179,4177,4175,4184,4178,4182,4176,4176,4176,4178,4179,4178,4176,4177,4175,4177,4176,4177,4177,4177,4175,4176,4175,4175,4175,4175,4176,4180,4176,4178,4176,4174,4175,4185,4183,4178,4177,4182,4179,4179,4178,-0.41,SJNFAAZE1U0005576,117.67,13.04,8967.2421875,78,74,0,0,0,0,14.5,99.19,-153827,89,1527996542.215,0,1,1,0,6,0,0,3,0,1,400.96,400.96,7F,1,1,1,0082,57,40,40,0,0,19,0.00
03/06/2018 4:29:05,54 58.41377,-1 31.21815,360,0,465,918691,1145049,401.09,-22.453,4187,4174,4178,13,0,110.7,43.7,106.7,41.5,none,none,100.4,38.0,4186,4187,4178,4179,4180,4177,4175,4175,4176,4176,4175,4175,4177,4176,4175,4176,4175,4175,4175,4176,4176,4174,4174,4175,4175,4178,4175,4176,4175,4176,4175,4176,4176,4176,4174,4178,4176,4175,4175,4175,4176,4176,4182,4181,4180,4179,4184,4178,4183,4181,4185,4184,4184,4181,4186,4179,4178,4176,4186,4179,4182,4177,4177,4178,4179,4182,4179,4179,4179,4178,4178,4178,4179,4178,4178,4176,4177,4177,4176,4177,4176,4178,4181,4180,4180,4178,4176,4177,4186,4185,4179,4180,4183,4180,4180,4179,-0.42,SJNFAAZE1U0005576,117.67,13.04,8967.2421875,78,74,0,0,0,0,14.5,99.19,-153835,89,1527996545.887,0,1,0,0,0,0,0,3,0,1,401.04,401.04,7F,1,1,1,0082,57,40,40,0,0,19,0.00
03/06/2018 4:29:09,54 58.41377,-1 31.21815,360,0,465,918888,1145049,401.09,-22.575,4187,4174,4178,13,0,110.7,43.7,106.7,41.5,none,none,100.4,38.0,4187,4186,4176,4180,4180,4177,4175,4176,4175,4175,4175,4176,4176,4176,4174,4175,4174,4176,4175,4176,4177,4175,4174,4176,4175,4178,4174,4175,4174,4175,4176,4177,4175,4176,4175,4177,4176,4175,4176,4175,4176,4175,4183,4179,4180,4180,4185,4178,4184,4180,4185,4184,4183,4180,4186,4180,4178,4177,4186,4179,4183,4178,4177,4178,4179,4183,4180,4178,4178,4177,4179,4177,4179,4178,4179,4176,4177,4177,4176,4177,4177,4178,4181,4179,4179,4178,4174,4177,4185,4185,4179,4179,4183,4181,4181,4180,-0.39,SJNFAAZE1U0005576,117.67,13.04,8967.2421875,78,74,0,0,0,0,14.5,99.19,-153843,89,1527996549.537,0,1,0,0,0,0,0,3,0,1,401.15,401.15,7F,1,1,1,0082,57,40,40,0,0,19,0.00
03/06/2018 4:29:12,54 58.41377,-1 31.21815,360,0,465,919074,1145049,400.99,-21.262,4187,4172,4177,15,0,110.4,43.6,106.7,41.5,none,none,100.4,38.0,4187,4186,4176,4178,4179,4176,4174,4175,4175,4175,4174,4175,4176,4175,4174,4175,4173,4174,4174,4175,4175,4172,4173,4175,4174,4175,4174,4174,4173,4175,4175,4175,4175,4174,4174,4175,4175,4175,4173,4174,4176,4175,4181,4178,4179,4178,4184,4177,4183,4179,4184,4182,4182,4182,4187,4179,4176,4176,4184,4178,4183,4177,4178,4177,4179,4182,4178,4177,4178,4177,4179,4176,4178,4178,4177,4175,4175,4176,4177,4176,4176,4177,4179,4178,4179,4178,4176,4175,4185,4185,4180,4177,4183,4179,4179,4178,-0.41,SJNFAAZE1U0005576,117.67,13.04,8967.2421875,78,74,0,0,0,0,14.5,99.19,-153851,89,1527996552.923,0,1,0,0,0,0,0,3,0,1,401.11,401.11,7F,1,1,1,0082,57,40,40,0,0,19,0.00
03/06/2018 4:29:16,54 58.41377,-1 31.21815,360,0,465,919248,1145049,400.90,-20.652,4187,4172,4176,15,0,110.4,43.6,106.7,41.5,none,none,100.4,38.0,4187,4184,4175,4177,4179,4176,4175,4174,4175,4174,4174,4173,4176,4174,4172,4174,4173,4173,4173,4174,4175,4173,4173,4175,4174,4176,4174,4174,4174,4175,4174,4174,4175,4174,4174,4175,4174,4173,4174,4173,4174,4174,4180,4179,4178,4178,4183,4176,4183,4178,4184,4183,4182,4180,4187,4178,4177,4176,4185,4177,4182,4177,4177,4177,4179,4179,4178,4176,4178,4176,4178,4175,4177,4177,4177,4176,4176,4174,4176,4176,4176,4176,4179,4177,4179,4177,4174,4175,4186,4183,4179,4178,4183,4178,4179,4177,-0.39,SJNFAAZE1U0005576,117.67,13.04,8967.2421875,78,74,0,0,0,0,14.5,99.19,-153858,89,1527996556.397,0,1,1,0,6,0,0,3,0,1,401.03,401.03,7F,1,1,1,0082,57,40,40,0,0,19,0.00
03/06/2018 4:29:20,54 58.41377,-1 31.21815,360,0,465,919428,1145049,400.99,-21.201,4186,4173,4177,13,0,110.4,43.6,106.9,41.6,none,none,100.4,38.0,4186,4186,4177,4178,4179,4176,4175,4175,4175,4174,4175,4175,4176,4174,4175,4175,4174,4174,4173,4175,4175,4173,4174,4175,4174,4176,4174,4175,4174,4173,4174,4175,4175,4173,4173,4176,4174,4174,4174,4174,4176,4175,4180,4178,4179,4178,4184,4178,4181,4179,4183,4183,4181,4180,4185,4180,4176,4176,4185,4178,4182,4177,4176,4177,4179,4180,4177,4175,4176,4175,4176,4176,4178,4177,4177,4176,4177,4175,4175,4175,4176,4177,4179,4178,4178,4176,4174,4175,4184,4183,4178,4178,4183,4179,4179,4178,-0.43,SJNFAAZE1U0005576,117.67,13.04,8967.2421875,78,74,0,0,0,0,14.5,99.19,-153866,89,1527996560.088,0,1,0,0,0,0,0,3,0,1,400.98,400.98,7F,1,1,1,0082,57,40,40,0,0,19,0.00
03/06/2018 4:29:23,54 58.41377,-1 31.21815,360,0,465,919616,1145049,400.99,-21.567,4186,4174,4177,12,0,110.7,43.7,106.7,41.5,none,none,100.4,38.0,4186,4186,4177,4179,4179,4177,4175,4176,4176,4176,4175,4175,4175,4176,4174,4176,4174,4175,4174,4176,4176,4174,4175,4175,4175,4178,4175,4175,4174,4175,4176,4176,4176,4174,4174,4176,4175,4175,4175,4174,4176,4176,4181,4179,4178,4180,4184,4178,4183,4180,4185,4184,4182,4181,4186,4179,4178,4176,4186,4178,4184,4178,4177,4178,4179,4181,4178,4177,4178,4177,4179,4177,4178,4177,4178,4176,4177,4174,4176,4176,4176,4177,4180,4178,4179,4177,4176,4176,4186,4184,4179,4178,4182,4180,4180,4178,-0.41,SJNFAAZE1U0005576,117.67,13.04,8967.2421875,78,74,0,0,0,0,14.5,99.19,-153873,89,1527996563.764,0,1,0,0,0,0,0,3,0,1,401.03,401.03,7F,1,1,1,0082,57,40,40,0,0,19,0.00
03/06/2018 4:29:27,54 58.41377,-1 31.21815,360,0,466,919812,1145049,401.09,-22.056,4187,4175,4178,12,0,110.7,43.7,106.7,41.5,none,none,100.4,38.0,4186,4187,4177,4179,4181,4178,4176,4176,4177,4176,4176,4175,4176,4176,4176,4176,4176,4176,4175,4177,4177,4175,4175,4176,4175,4178,4176,4177,4175,4176,4175,4177,4178,4175,4176,4177,4177,4176,4177,4176,4177,4178,4182,4181,4180,4180,4186,4179,4184,4181,4184,4184,4185,4182,4187,4181,4179,4177,4187,4179,4184,4178,4178,4178,4180,4182,4180,4179,4178,4178,4179,4177,4180,4179,4179,4178,4178,4176,4176,4177,4177,4178,4181,4180,4179,4178,4176,4178,4186,4186,4180,4180,4185,4182,4181,4179,-0.41,SJNFAAZE1U0005576,117.67,13.04,8967.2421875,78,74,0,0,0,0,14.5,99.19,-153882,89,1527996567.465,0,1,0,0,0,0,0,3,0,1,401.15,401.15,7F,1,1,1,0082,57,40,40,0,0,19,0.00
03/06/2018 4:29:31,54 58.41377,-1 31.21815,360,0,466,919998,1145049,401.09,-20.591,4187,4173,4178,14,0,110.7,43.7,106.7,41.5,none,none,100.4,38.0,4187,4186,4176,4180,4180,4177,4175,4175,4177,4175,4175,4175,4176,4176,4175,4175,4174,4175,4175,4176,4175,4174,4173,4176,4175,4176,4174,4175,4174,4175,4175,4175,4176,4175,4174,4177,4175,4175,4176,4174,4177,4176,4181,4180,4179,4179,4184,4178,4185,4181,4185,4184,4182,4182,4187,4180,4177,4176,4186,4179,4183,4178,4178,4178,4179,4181,4179,4178,4178,4178,4180,4177,4179,4178,4178,4176,4178,4178,4178,4177,4177,4178,4181,4178,4180,4178,4177,4178,4187,4185,4180,4180,4184,4181,4180,4179,-0.43,SJNFAAZE1U0005576,117.67,13.04,8967.2421875,78,74,0,0,0,0,14.5,99.19,-153889,89,1527996571.282,0,1,1,0,6,0,0,3,0,1,401.15,401.15,7F,1,1,1,0082,57,40,40,0,0,19,0.00
03/06/2018 4:29:35,54 58.40571,-1 31.21818,367,0,466,920191,1145049,400.99,-19.645,4187,4173,4177,14,0,110.7,43.7,106.7,41.5,none,none,100.4,38.0,4187,4185,4176,4178,4178,4175,4174,4174,4175,4174,4174,4175,4175,4175,4173,4175,4173,4174,4173,4175,4175,4173,4173,4175,4174,4176,4174,4174,4173,4175,4173,4174,4175,4173,4174,4175,4174,4173,4174,4173,4175,4175,4180,4178,4178,4178,4183,4178,4183,4179,4184,4182,4183,4181,4186,4179,4176,4175,4185,4177,4181,4177,4177,4176,4179,4180,4178,4177,4178,4177,4178,4176,4177,4176,4177,4175,4177,4175,4175,4176,4176,4177,4180,4177,4179,4177,4176,4175,4185,4183,4179,4178,4183,4179,4179,4178,-0.40,SJNFAAZE1U0005576,117.67,13.04,8967.2421875,78,74,0,0,0,0,14.5,99.19,-153897,89,1527996575.118,0,1,0,0,0,0,0,3,0,1,401.03,401.03,7F,1,1,1,0082,57,40,40,0,0,19,0.00
03/06/2018 4:29:38,54 58.42368,-1 31.2221,419,0,466,920369,1145049,400.99,-20.133,4187,4173,4177,14,0,110.7,43.7,106.7,41.5,none,none,100.4,38.0,4187,4184,4177,4178,4179,4176,4174,4174,4176,4174,4174,4174,4175,4175,4173,4175,4173,4174,4173,4174,4174,4173,4173,4175,4174,4176,4173,4174,4173,4175,4174,4175,4175,4174,4173,4176,4175,4174,4174,4174,4176,4174,4181,4179,4178,4178,4183,4177,4184,4179,4183,4182,4182,4180,4186,4178,4175,4174,4185,4178,4181,4176,4177,4176,4178,4180,4177,4176,4178,4176,4179,4176,4177,4177,4177,4175,4175,4176,4176,4177,4177,4176,4179,4177,4179,4177,4176,4175,4185,4183,4179,4177,4183,4179,4179,4178,-0.41,SJNFAAZE1U0005576,117.67,13.04,8967.2421875,78,74,0,0,0,0,14.5,99.19,-153904,89,1527996578.819,0,1,0,0,0,0,0,3,0,1,400.99,400.99,7F,1,1,1,0082,57,40,40,0,0,19,0.00
03/06/2018 4:29:42,54 58.41989,-1 31.22555,410,0,466,920563,1145049,401.09,-20.378,4187,4174,4178,13,0,110.4,43.6,106.7,41.5,none,none,100.4,38.0,4187,4186,4177,4179,4179,4177,4175,4176,4176,4176,4175,4175,4176,4175,4175,4175,4175,4175,4174,4176,4176,4174,4174,4176,4175,4177,4174,4175,4175,4176,4176,4176,4177,4174,4174,4176,4175,4175,4175,4174,4176,4176,4181,4178,4179,4179,4184,4179,4183,4180,4184,4183,4184,4181,4186,4180,4178,4176,4186,4179,4183,4179,4178,4177,4179,4181,4179,4178,4178,4177,4179,4177,4179,4178,4177,4176,4179,4177,4177,4178,4177,4178,4180,4178,4180,4178,4176,4177,4185,4185,4180,4180,4184,4181,4180,4179,-0.43,SJNFAAZE1U0005576,117.67,13.04,8967.2421875,78,74,0,0,0,0,14.5,99.19,-153912,89,1527996582.787,0,1,0,0,0,0,0,3,0,1,401.05,401.05,7F,1,1,1,0082,57,40,40,0,0,19,0.00
03/06/2018 4:29:46,54 58.41855,-1 31.2256,400,0,466,920741,1145049,401.09,-18.852,4187,4174,4178,13,0,110.4,43.6,106.7,41.5,none,none,100.2,37.9,4187,4186,4177,4179,4181,4176,4176,4175,4176,4175,4176,4175,4177,4176,4176,4175,4175,4175,4175,4176,4177,4174,4175,4176,4175,4176,4175,4175,4175,4174,4175,4175,4176,4174,4174,4176,4176,4174,4176,4174,4177,4175,4181,4179,4179,4179,4185,4177,4184,4179,4185,4182,4183,4181,4186,4179,4177,4176,4186,4178,4182,4177,4178,4177,4180,4181,4179,4179,4178,4178,4178,4176,4178,4177,4178,4176,4177,4176,4177,4177,4176,4178,4181,4179,4179,4178,4176,4178,4186,4185,4180,4180,4183,4180,4180,4178,-0.42,SJNFAAZE1U0005576,117.67,13.04,8967.2421875,78,74,0,0,0,0,14.5,99.19,-153920,89,1527996586.619,0,1,1,0,6,0,0,3,0,1,401.07,401.07,7F,1,1,1,0082,57,40,40,0,0,19,0.00
03/06/2018 4:29:50,54 58.41783,-1 31.22475,396,0,466,920915,1145049,400.90,-19.248,4186,4172,4176,14,0,110.4,43.6,106.7,41.5,none,none,100.2,37.9,4186,4185,4176,4177,4179,4175,4174,4174,4175,4173,4174,4173,4175,4174,4173,4174,4173,4174,4174,4175,4175,4173,4173,4175,4174,4177,4173,4173,4173,4174,4174,4174,4174,4174,4174,4175,4175,4173,4174,4172,4174,4174,4181,4178,4177,4177,4183,4176,4182,4179,4183,4182,4182,4180,4185,4179,4176,4175,4184,4177,4181,4177,4177,4176,4178,4180,4178,4176,4177,4177,4177,4176,4177,4177,4176,4175,4177,4175,4175,4176,4176,4176,4179,4177,4178,4177,4175,4176,4185,4184,4180,4178,4182,4178,4178,4177,-0.41,SJNFAAZE1U0005576,117.67,13.04,8967.2421875,78,74,0,0,0,0,14.5,99.19,-153927,89,1527996590.259,0,1,0,0,0,0,0,3,0,1,401.08,401.08,7F,1,1,1,0082,57,40,40,0,0,19,0.00
03/06/2018 4:29:53,54 58.41786,-1 31.22463,396,0,466,921086,1145049,400.99,-19.828,4187,4172,4177,15,0,110.4,43.6,106.7,41.5,none,none,100.2,37.9,4186,4185,4177,4178,4179,4176,4174,4175,4175,4174,4174,4175,4175,4174,4174,4175,4174,4174,4173,4175,4175,4173,4174,4176,4174,4176,4173,4174,4173,4175,4174,4174,4175,4174,4174,4176,4175,4174,4174,4172,4175,4175,4181,4178,4179,4178,4183,4177,4183,4178,4184,4183,4181,4179,4187,4178,4175,4175,4185,4178,4181,4176,4177,4177,4179,4181,4178,4176,4177,4176,4177,4175,4178,4177,4176,4174,4176,4176,4177,4176,4176,4176,4178,4177,4178,4177,4175,4175,4185,4183,4179,4178,4183,4179,4179,4179,-0.43,SJNFAAZE1U0005576,117.67,13.04,8967.2421875,78,74,0,0,0,0,14.5,99.19,-153934,89,1527996593.838,0,1,0,0,0,0,0,3,0,1,401.02,401.02,7F,1,1,1,0082,57,40,40,0,0,19,0.00
03/06/2018 4:29:57,54 58.41785,-1 31.22462,396,0,466,921260,1145049,400.99,-20.408,4187,4173,4177,14,0,110.4,43.6,106.7,41.5,none,none,100.4,38.0,4187,4185,4176,4178,4180,4176,4174,4176,4175,4175,4176,4175,4175,4175,4174,4175,4174,4174,4173,4176,4176,4175,4175,4175,4175,4177,4174,4176,4175,4175,4174,4176,4176,4174,4174,4176,4175,4174,4175,4174,4176,4176,4181,4178,4179,4179,4184,4178,4183,4180,4184,4182,4182,4181,4186,4180,4176,4175,4185,4178,4182,4178,4178,4177,4179,4181,4179,4178,4179,4177,4178,4176,4178,4178,4178,4176,4177,4176,4176,4177,4177,4177,4180,4177,4179,4178,4176,4177,4187,4185,4179,4179,4184,4181,4179,4179,-0.41,SJNFAAZE1U0005576,117.67,13.04,8967.2421875,78,74,0,0,0,0,14.5,99.19,-153941,89,1527996597.594,0,1,0,0,0,0,0,3,0,1,401.01,401.01,7F,1,1,1,0082,57,40,40,0,0,19,0.00
03/06/2018 4:30:01,54 58.41769,-1 31.22471,396,0,466,921439,1145049,400.99,-19.492,4187,4173,4177,14,0,110.4,43.6,106.7,41.5,none,none,100.2,37.9,4186,4185,4176,4179,4178,4177,4174,4176,4175,4174,4175,4175,4176,4176,4174,4175,4175,4175,4174,4176,4176,4173,4174,4176,4174,4176,4174,4175,4174,4175,4174,4174,4175,4174,4174,4176,4175,4175,4174,4175,4177,4175,4182,4180,4178,4179,4185,4178,4184,4179,4184,4183,4184,4180,4186,4180,4177,4175,4185,4178,4183,4178,4178,4178,4179,4181,4179,4177,4178,4177,4177,4176,4178,4178,4178,4176,4178,4176,4177,4177,4177,4177,4180,4178,4179,4178,4176,4177,4187,4185,4179,4179,4183,4179,4181,4178,-0.39,SJNFAAZE1U0005576,117.67,13.04,8967.2421875,78,74,0,0,0,0,14.5,99.19,-153949,89,1527996601.305,0,1,1,0,6,0,0,3,0,1,401.04,401.04,7F,1,1,1,0082,57,40,40,0,0,19,0.00
03/06/2018 4:30:04,54 58.4158,-1 31.22492,387,0,466,921609,1145049,401.09,-19.614,4187,4174,4178,13,0,110.4,43.6,106.7,41.5,none,none,100.2,37.9,4187,4185,4177,4179,4181,4177,4175,4176,4178,4176,4176,4175,4177,4175,4175,4175,4175,4176,4175,4175,4177,4174,4175,4176,4175,4178,4175,4175,4176,4176,4175,4175,4177,4174,4175,4176,4176,4174,4176,4174,4177,4175,4183,4179,4180,4180,4185,4178,4183,4179,4185,4183,4183,4181,4187,4179,4177,4176,4187,4178,4183,4178,4178,4177,4179,4183,4180,4177,4178,4177,4178,4176,4178,4178,4179,4176,4178,4177,4178,4177,4177,4176,4180,4179,4179,4178,4176,4178,4186,4184,4179,4179,4183,4179,4181,4179,-0.40,SJNFAAZE1U0005576,117.67,13.04,8967.2421875,78,74,0,0,0,0,14.5,99.19,-153956,89,1527996604.892,0,1,0,0,0,0,0,3,0,1,401.13,401.13,7F,1,1,1,0082,57,40,40,0,0,19,0.00
03/06/2018 4:30:08,54 58.41393,-1 31.2255,383,0,467,921771,1145049,401.09,-18.485,4187,4173,4178,14,0,110.4,43.6,106.7,41.5,none,none,100.2,37.9,4187,4186,4177,4177,4181,4177,4176,4175,4177,4175,4176,4175,4177,4175,4175,4175,4175,4175,4175,4176,4177,4174,4174,4175,4175,4177,4176,4174,4175,4175,4176,4175,4177,4175,4176,4177,4176,4173,4176,4173,4177,4176,4182,4180,4180,4179,4185,4177,4184,4180,4185,4183,4183,4181,4186,4179,4177,4177,4186,4178,4182,4177,4177,4177,4180,4182,4179,4179,4179,4178,4178,4176,4178,4178,4178,4176,4178,4177,4176,4177,4177,4178,4181,4178,4179,4177,4175,4177,4186,4185,4179,4179,4183,4179,4181,4178,-0.38,SJNFAAZE1U0005576,117.67,13.04,8967.2421875,78,74,0,0,0,0,14.5,99.19,-153962,89,1527996608.425,0,1,0,0,0,0,0,3,0,1,401.12,401.12,7F,1,1,1,0082,57,40,40,0,0,19,0.00
03/06/2018 4:30:12,54 58.41299,-1 31.22512,377,0,467,921937,1145049,400.99,-18.271,4187,4173,4177,14,0,110.4,43.6,106.5,41.4,none,none,100.4,38.0,4187,4185,4177,4178,4180,4176,4176,4174,4177,4175,4175,4174,4177,4175,4175,4175,4174,4175,4174,4175,4178,4173,4174,4176,4175,4176,4175,4175,4176,4175,4176,4175,4176,4173,4174,4176,4176,4175,4175,4173,4177,4174,4182,4178,4180,4178,4184,4176,4184,4178,4185,4183,4183,4181,4186,4179,4177,4176,4186,4178,4182,4177,4177,4178,4180,4182,4180,4178,4177,4177,4178,4176,4177,4177,4178,4175,4177,4176,4176,4177,4177,4177,4180,4178,4178,4177,4176,4176,4185,4185,4179,4178,4183,4179,4180,4179,-0.39,SJNFAAZE1U0005576,117.67,13.04,8967.2421875,78,74,0,0,0,0,14.5,99.19,-153969,89,1527996612.073,0,1,0,0,0,0,0,3,0,1,401.09,401.09,7F,1,1,1,0082,57,40,40,0,0,19,0.00
03/06/2018 4:30:15,54 58.41288,-1 31.22516,377,0,467,922099,1145049,400.90,-17.448,4186,4172,4176,14,0,110.4,43.6,106.7,41.5,none,none,100.2,37.9,4186,4184,4176,4178,4179,4176,4175,4173,4176,4174,4175,4174,4175,4174,4174,4173,4174,4173,4174,4175,4175,4172,4173,4175,4174,4176,4174,4175,4175,4174,4174,4174,4176,4173,4173,4176,4175,4173,4175,4173,4176,4174,4181,4178,4179,4178,4184,4177,4183,4178,4184,4181,4182,4180,4184,4178,4174,4175,4186,4177,4181,4175,4176,4176,4178,4180,4178,4177,4177,4176,4177,4175,4177,4176,4178,4175,4176,4175,4175,4177,4175,4176,4179,4177,4178,4177,4175,4175,4185,4183,4179,4178,4182,4178,4180,4177,-0.40,SJNFAAZE1U0005576,117.67,13.04,8967.2421875,78,74,0,0,0,0,14.5,99.19,-153976,89,1527996615.919,0,1,1,0,6,0,0,3,0,1,401.05,401.05,7F,1,1,1,0082,57,40,40,0,0,19,0.00
03/06/2018 4:30:19,54 58.41372,-1 31.22728,357,0,467,922273,1145049,400.99,-19.187,4186,4173,4177,13,0,110.4,43.6,106.7,41.5,none,none,100.2,37.9,4186,4185,4176,4178,4178,4176,4174,4174,4175,4174,4174,4175,4174,4175,4174,4175,4174,4174,4174,4175,4175,4174,4173,4177,4174,4175,4173,4174,4174,4174,4174,4174,4175,4174,4174,4175,4175,4174,4174,4174,4175,4174,4180,4178,4178,4178,4183,4176,4182,4179,4183,4182,4182,4180,4186,4179,4177,4175,4185,4177,4182,4176,4178,4177,4179,4180,4178,4177,4178,4176,4178,4176,4178,4177,4177,4176,4178,4176,4176,4177,4177,4177,4179,4178,4179,4177,4177,4175,4186,4183,4179,4179,4184,4180,4180,4178,-0.37,SJNFAAZE1U0005576,117.67,13.04,8967.2421875,78,74,0,0,0,0,14.5,99.19,-153983,89,1527996619.775,0,1,0,0,0,0,0,3,0,1,400.99,400.99,7F,1,1,1,0082,57,40,40,0,0,19,0.00
03/06/2018 4:30:23,54 58.41173,-1 31.22659,347,0,467,922453,1145049,400.99,-19.401,4187,4173,4177,14,0,110.4,43.6,106.7,41.5,none,none,100.2,37.9,4187,4185,4176,4178,4180,4177,4175,4175,4176,4175,4175,4175,4176,4176,4174,4176,4174,4174,4174,4175,4175,4174,4173,4176,4174,4176,4175,4174,4174,4175,4176,4176,4177,4175,4174,4176,4176,4174,4175,4174,4176,4175,4182,4178,4179,4179,4185,4177,4183,4179,4185,4183,4183,4180,4187,4179,4177,4175,4185,4178,4183,4178,4177,4177,4179,4181,4178,4178,4179,4178,4179,4177,4179,4178,4177,4177,4178,4176,4177,4178,4178,4177,4180,4178,4180,4178,4176,4177,4187,4185,4180,4178,4184,4180,4180,4179,-0.43,SJNFAAZE1U0005576,117.67,13.04,8967.2421875,78,74,0,0,0,0,14.5,99.19,-153990,89,1527996623.518,0,1,0,0,0,0,0,3,0,1,401.04,401.04,7F,1,1,1,0082,57,40,40,0,0,19,0.00
03/06/2018 4:30:27,54 58.41034,-1 31.22588,337,0,467,922502,1145049,400.32,-0.114,4179,4166,4170,13,0,110.4,43.6,106.7,41.5,none,none,100.2,37.9,4177,4177,4170,4171,4171,4170,4167,4168,4168,4167,4168,4167,4168,4168,4167,4168,4167,4167,4167,4168,4168,4166,4168,4168,4167,4169,4167,4167,4168,4169,4167,4168,4168,4169,4167,4170,4168,4167,4167,4167,4169,4168,4174,4171,4171,4171,4176,4169,4175,4172,4176,4176,4175,4172,4179,4172,4169,4168,4178,4170,4173,4170,4169,4170,4172,4173,4171,4169,4170,4169,4171,4169,4172,4171,4170,4169,4169,4169,4169,4170,4169,4169,4171,4171,4171,4170,4168,4169,4177,4176,4172,4171,4174,4172,4171,4170,-14.40,SJNFAAZE1U0005576,117.67,12.48,8967.2421875,78,74,0,0,0,0,14.5,99.19,-153992,89,1527996627.423,0,0,0,0,0,0,0,0,0,1,400.35,400.35,7F,1,1,1,0080,57,40,40,0,0,19,0.00
03/06/2018 4:30:31,54 58.40997,-1 31.22385,331,0,467,922502,1145049,400.13,-0.053,4176,4165,4168,11,0,110.4,43.6,106.5,41.4,none,none,100.2,37.9,4176,4176,4168,4170,4171,4168,4166,4166,4167,4166,4166,4167,4168,4166,4166,4167,4165,4167,4166,4168,4166,4165,4166,4168,4166,4169,4165,4166,4166,4167,4166,4166,4167,4165,4166,4167,4167,4165,4166,4165,4167,4167,4172,4171,4170,4169,4174,4168,4175,4171,4174,4173,4174,4171,4176,4170,4168,4167,4176,4168,4172,4168,4168,4169,4169,4172,4170,4168,4168,4167,4168,4168,4169,4168,4168,4166,4169,4167,4167,4168,4167,4167,4170,4168,4169,4168,4166,4167,4175,4174,4170,4169,4173,4170,4171,4169,-13.11,SJNFAAZE1U0005576,117.67,12.40,8967.2421875,78,74,0,0,0,0,14.5,99.19,-153992,89,1527996631.128,0,0,0,0,0,0,0,0,0,1,400.19,400.19,7F,1,1,1,0080,57,40,40,0,0,19,0.00
03/06/2018 4:30:34,54 58.40979,-1 31.22398,324,0,467,922502,1145049,400.03,-0.114,4177,4164,4167,13,0,110.4,43.6,106.5,41.4,none,none,100.2,37.9,4177,4175,4167,4168,4170,4167,4165,4165,4165,4165,4164,4165,4166,4166,4165,4164,4164,4165,4165,4166,4166,4164,4165,4166,4164,4167,4165,4165,4165,4166,4166,4165,4166,4164,4164,4167,4165,4164,4165,4164,4166,4166,4170,4169,4169,4169,4174,4167,4171,4168,4172,4172,4171,4170,4176,4169,4167,4165,4175,4168,4170,4167,4167,4168,4169,4170,4168,4167,4167,4166,4169,4166,4168,4167,4166,4165,4168,4166,4166,4166,4167,4167,4169,4166,4168,4167,4166,4166,4173,4173,4168,4168,4172,4169,4170,4167,-13.16,SJNFAAZE1U0005576,117.67,12.24,8967.2421875,78,74,0,0,0,0,14.5,99.19,-153992,89,1527996634.844,0,0,0,0,0,0,0,0,0,1,400.08,400.08,7F,1,1,1,0080,57,40,40,0,0,19,0.00
03/06/2018 4:30:38,54 58.409,-1 31.22527,318,0,467,922502,1145049,399.94,-0.114,4175,4163,4166,12,0,110.4,43.6,106.5,41.4,none,none,100.2,37.9,4173,4174,4165,4168,4169,4166,4164,4165,4165,4164,4164,4163,4165,4166,4163,4165,4163,4165,4164,4166,4165,4163,4164,4165,4164,4166,4163,4164,4164,4165,4165,4166,4166,4163,4163,4166,4164,4164,4164,4163,4165,4164,4169,4168,4167,4168,4173,4166,4171,4167,4172,4170,4170,4169,4175,4168,4166,4165,4173,4166,4170,4165,4166,4166,4168,4170,4167,4166,4167,4165,4166,4165,4167,4167,4167,4166,4166,4165,4165,4166,4165,4165,4168,4167,4167,4167,4165,4165,4173,4173,4167,4167,4172,4169,4168,4167,-13.10,SJNFAAZE1U0005576,117.67,12.16,8967.2421875,78,74,0,0,0,0,14.5,99.19,-153992,89,1527996638.385,0,0,0,0,0,0,0,0,0,1,399.99,399.99,7F,1,1,1,0080,57,40,40,0,0,19,0.00
03/06/2018 4:30:42,54 58.40902,-1 31.22479,318,0,467,922502,1145049,399.84,-0.114,4173,4161,4165,12,0,110.4,43.6,106.5,41.4,none,none,100.2,37.9,4173,4173,4165,4166,4166,4165,4163,4163,4164,4164,4163,4163,4166,4163,4163,4163,4163,4164,4163,4164,4164,4163,4163,4164,4163,4165,4162,4163,4162,4164,4164,4165,4164,4163,4163,4165,4164,4161,4164,4162,4164,4164,4169,4168,4166,4166,4170,4166,4170,4168,4171,4170,4170,4169,4173,4167,4165,4164,4173,4165,4169,4165,4165,4165,4167,4169,4166,4166,4165,4165,4165,4164,4167,4166,4165,4165,4164,4164,4164,4164,4165,4164,4167,4165,4167,4165,4164,4165,4173,4171,4166,4167,4169,4168,4167,4166,-13.15,SJNFAAZE1U0005576,117.67,12.16,8967.2421875,78,74,0,0,0,0,14.5,99.19,-153992,89,1527996642.104,0,0,0,0,0,0,0,0,0,1,399.90,399.90,7F,1,1,1,0080,57,40,40,0,0,19,0.00
03/06/2018 4:30:45,54 58.40902,-1 31.22479,318,0,467,922502,1145049,399.74,-0.114,4173,4161,4164,12,0,110.4,43.6,106.5,41.4,none,none,100.2,37.9,4173,4172,4164,4167,4166,4164,4161,4163,4162,4162,4162,4163,4165,4163,4162,4163,4162,4162,4162,4164,4164,4162,4161,4163,4162,4164,4162,4162,4162,4164,4162,4163,4164,4162,4162,4163,4163,4163,4163,4162,4163,4163,4168,4166,4166,4167,4169,4164,4169,4166,4170,4169,4169,4167,4172,4166,4165,4163,4171,4166,4168,4165,4164,4165,4166,4167,4165,4165,4166,4163,4165,4164,4166,4165,4164,4164,4164,4164,4163,4163,4163,4165,4166,4165,4165,4164,4163,4164,4171,4170,4166,4165,4169,4167,4166,4165,-13.18,SJNFAAZE1U0005576,117.67,12.08,8967.2421875,78,74,0,0,0,0,14.5,99.19,-153992,89,1527996645.958,0,0,0,0,0,0,0,0,0,1,399.83,399.83,7F,1,1,1,0080,57,40,40,0,0,19,0.00
03/06/2018 4:30:49,54 58.40902,-1 31.22479,318,0,467,922502,1145049,399.74,-0.114,4172,4160,4164,12,0,110.4,43.6,106.5,41.4,none,none,100.2,37.9,4171,4172,4163,4165,4166,4164,4160,4162,4162,4163,4162,4161,4164,4164,4161,4162,4161,4162,4161,4163,4163,4160,4161,4163,4162,4164,4162,4161,4161,4162,4162,4162,4162,4163,4161,4164,4162,4161,4162,4161,4163,4163,4168,4166,4166,4165,4169,4164,4168,4165,4170,4169,4168,4166,4172,4165,4163,4163,4171,4164,4168,4163,4164,4164,4166,4168,4165,4165,4164,4163,4165,4162,4164,4163,4164,4162,4163,4163,4163,4162,4163,4164,4166,4164,4164,4164,4162,4164,4170,4170,4165,4165,4168,4167,4166,4165,-15.25,SJNFAAZE1U0005576,117.67,12.00,8967.2421875,78,74,0,0,0,0,14.5,99.19,-153992,89,1527996649.571,0,0,0,0,0,0,0,0,0,1,399.76,399.76,7F,1,1,1,0080,57,40,40,0,0,19,0.00
03/06/2018 4:30:53,54 58.40902,-1 31.22479,318,0,467,922502,1145049,399.65,-0.114,4171,4160,4163,11,0,110.4,43.6,106.5,41.4,none,none,100.2,37.9,4171,4170,4162,4165,4164,4162,4161,4161,4161,4161,4161,4161,4163,4161,4160,4161,4160,4162,4160,4162,4163,4160,4160,4161,4161,4163,4160,4161,4160,4161,4161,4161,4162,4161,4161,4162,4161,4160,4160,4160,4162,4162,4167,4165,4165,4165,4169,4163,4168,4164,4169,4168,4168,4165,4170,4164,4162,4163,4170,4164,4167,4163,4164,4164,4164,4167,4165,4163,4163,4163,4164,4162,4164,4164,4163,4162,4164,4163,4162,4162,4162,4163,4165,4164,4164,4161,4161,4162,4169,4169,4165,4164,4168,4166,4164,4164,-13.64,SJNFAAZE1U0005576,117.67,12.00,8967.2421875,78,74,0,0,0,0,14.5,99.19,-153992,89,1527996653.209,0,0,0,0,0,0,0,0,0,1,399.69,399.69,7F,1,1,1,0080,57,40,40,0,0,19,0.00
03/06/2018 4:30:57,54 58.40902,-1 31.22479,318,0,467,922502,1145049,399.65,0.007,4171,4160,4163,11,0,110.2,43.4,106.5,41.4,none,none,100.2,37.9,4171,4171,4163,4165,4165,4163,4161,4162,4162,4161,4162,4162,4162,4163,4161,4162,4160,4162,4161,4163,4163,4160,4161,4162,4161,4164,4161,4161,4161,4162,4161,4162,4163,4161,4160,4163,4162,4161,4161,4160,4163,4162,4168,4166,4165,4166,4168,4163,4168,4165,4169,4168,4168,4166,4171,4165,4163,4162,4170,4164,4168,4163,4163,4163,4165,4167,4164,4163,4164,4163,4164,4162,4165,4163,4164,4162,4163,4162,4162,4163,4162,4164,4166,4164,4164,4163,4162,4163,4170,4170,4166,4164,4168,4165,4165,4165,-13.68,SJNFAAZE1U0005576,117.67,12.00,8967.2421875,78,74,0,0,0,0,14.5,99.19,-153992,89,1527996657.127,0,0,0,0,0,0,0,0,0,1,399.73,399.73,7F,1,1,1,0080,57,40,40,0,0,19,0.00
03/06/2018 4:31:00,54 58.40921,-1 31.22397,314,0,467,922502,1145049,399.55,-0.083,4170,4158,4162,12,0,110.2,43.4,106.5,41.4,none,none,100.0,37.8,4170,4169,4161,4164,4164,4161,4159,4160,4160,4160,4160,4161,4161,4161,4160,4161,4160,4160,4159,4161,4161,4159,4158,4160,4160,4161,4159,4160,4159,4161,4161,4160,4162,4159,4160,4161,4160,4160,4160,4159,4162,4159,4166,4164,4164,4163,4168,4161,4167,4163,4168,4167,4166,4164,4170,4164,4162,4161,4169,4161,4166,4162,4162,4161,4164,4166,4163,4161,4162,4162,4163,4161,4164,4162,4161,4160,4162,4161,4161,4161,4161,4161,4164,4163,4163,4161,4160,4161,4168,4168,4163,4164,4166,4164,4165,4163,-13.86,SJNFAAZE1U0005576,117.67,12.00,8967.2421875,78,74,0,0,0,0,14.5,99.19,-153992,89,1527996660.771,0,0,0,0,0,0,0,0,0,1,399.56,399.56,7F,1,1,1,0080,57,40,40,0,0,19,0.00
03/06/2018 4:31:04,54 58.40924,-1 31.22362,314,0,467,922502,1145049,399.46,-0.114,4169,4158,4161,11,0,110.4,43.6,106.5,41.4,none,none,100.2,37.9,4169,4169,4161,4163,4163,4161,4160,4160,4160,4159,4160,4160,4161,4160,4159,4160,4158,4160,4159,4160,4160,4159,4159,4160,4159,4161,4158,4160,4159,4160,4159,4160,4160,4158,4159,4161,4159,4159,4159,4159,4161,4160,4164,4163,4163,4162,4166,4161,4166,4163,4167,4166,4166,4164,4168,4163,4161,4160,4169,4161,4165,4161,4161,4162,4163,4165,4163,4161,4162,4160,4162,4161,4163,4162,4161,4160,4161,4160,4160,4161,4160,4161,4164,4162,4162,4161,4160,4161,4168,4167,4162,4162,4166,4163,4163,4162,-13.16,SJNFAAZE1U0005576,117.67,12.00,8967.2421875,78,74,0,0,0,0,14.5,99.19,-153992,89,1527996664.370,0,0,0,0,0,0,0,0,0,1,399.54,399.54,7F,1,1,1,0080,57,40,40,0,0,19,0.00
03/06/2018 4:31:07,54 58.40939,-1 31.22349,318,0,467,922502,1145049,399.55,-0.114,4170,4158,4162,12,0,110.2,43.4,106.5,41.4,none,none,100.2,37.9,4169,4170,4161,4163,4164,4162,4160,4160,4161,4160,4159,4160,4161,4160,4160,4160,4159,4160,4159,4161,4161,4159,4158,4161,4160,4162,4160,4161,4160,4160,4160,4161,4161,4160,4160,4162,4160,4160,4160,4159,4161,4159,4165,4164,4162,4163,4168,4162,4167,4163,4167,4167,4165,4165,4169,4164,4161,4161,4169,4162,4166,4162,4162,4162,4164,4165,4162,4162,4161,4161,4163,4162,4163,4161,4162,4160,4161,4161,4161,4161,4161,4162,4164,4163,4162,4162,4161,4161,4168,4168,4163,4163,4167,4163,4163,4162,-13.04,SJNFAAZE1U0005576,117.67,12.00,8967.2421875,78,74,0,0,0,0,14.5,99.19,-153992,89,1527996667.915,0,0,0,0,0,0,0,0,0,1,399.48,399.48,7F,1,1,1,0080,57,40,40,0,0,19,0.00
03/06/2018 4:31:11,54 58.40939,-1 31.22375,318,0,467,922502,1145049,399.36,-0.114,4168,4157,4160,11,0,110.4,43.6,106.5,41.4,none,none,100.2,37.9,4167,4168,4160,4162,4162,4161,4158,4158,4159,4159,4158,4159,4160,4159,4158,4159,4158,4159,4158,4160,4160,4158,4158,4160,4158,4162,4158,4158,4157,4159,4159,4159,4160,4158,4158,4160,4158,4158,4158,4157,4159,4160,4164,4162,4162,4162,4166,4159,4165,4161,4165,4165,4165,4164,4168,4162,4160,4158,4168,4160,4164,4161,4161,4160,4163,4163,4161,4161,4161,4160,4161,4159,4162,4159,4161,4159,4160,4160,4159,4161,4160,4161,4162,4160,4161,4161,4159,4159,4167,4167,4162,4161,4165,4163,4163,4162,-13.05,SJNFAAZE1U0005576,117.67,12.00,8967.2421875,78,74,0,0,0,0,14.5,99.19,-153992,89,1527996671.598,0,0,0,0,0,0,0,0,0,1,399.43,399.43,7F,1,1,1,0080,57,40,40,0,0,19,0.00
03/06/2018 4:31:15,54 58.40929,-1 31.22356,314,0,467,922502,1145049,399.36,-0.114,4168,4157,4160,11,0,110.4,43.6,106.5,41.4,none,none,100.2,37.9,4167,4168,4159,4161,4162,4160,4158,4158,4159,4158,4158,4158,4159,4159,4158,4157,4158,4159,4158,4160,4160,4159,4158,4159,4158,4159,4157,4158,4158,4159,4158,4159,4159,4159,4158,4159,4158,4158,4157,4158,4159,4158,4165,4162,4162,4160,4165,4159,4165,4161,4164,4165,4164,4163,4168,4162,4160,4158,4167,4160,4163,4160,4160,4160,4161,4164,4161,4160,4160,4160,4160,4159,4161,4160,4160,4158,4159,4158,4159,4158,4159,4160,4162,4160,4160,4160,4159,4158,4166,4165,4161,4161,4164,4161,4162,4161,-13.20,SJNFAAZE1U0005576,117.67,12.00,8967.2421875,78,74,0,0,0,0,14.5,99.19,-153992,89,1527996675.419,0,0,0,0,0,0,0,0,0,1,399.39,399.39,7F,1,1,1,0080,57,40,40,0,0,19,0.00
03/06/2018 4:31:19,54 58.40921,-1 31.22507,308,0,467,922502,1145049,399.36,-0.114,4168,4158,4160,10,0,110.4,43.6,106.5,41.4,none,none,100.2,37.9,4167,4168,4160,4162,4162,4161,4158,4159,4159,4159,4159,4159,4160,4160,4158,4159,4159,4159,4158,4159,4159,4158,4158,4160,4159,4161,4158,4159,4158,4159,4158,4159,4160,4158,4158,4160,4159,4160,4158,4158,4160,4159,4165,4162,4162,4162,4167,4160,4165,4162,4166,4165,4165,4162,4168,4162,4160,4159,4168,4161,4165,4162,4160,4162,4162,4163,4160,4160,4161,4160,4162,4160,4161,4160,4160,4159,4160,4159,4160,4161,4159,4161,4162,4161,4161,4161,4159,4160,4167,4166,4162,4162,4165,4163,4162,4161,-13.09,SJNFAAZE1U0005576,117.67,12.00,8967.2421875,78,74,0,0,0,0,14.5,99.19,-153992,89,1527996679.049,0,0,0,0,0,0,0,0,0,1,399.34,399.34,7F,1,1,1,0080,57,40,40,0,0,19,0.00
03/06/2018 4:31:22,54 58.40939,-1 31.22499,308,0,467,922502,1145049,399.36,-0.083,4167,4158,4160,9,0,110.4,43.6,106.5,41.4,none,none,100.2,37.9,4167,4167,4159,4161,4161,4160,4158,4159,4159,4159,4158,4158,4159,4160,4159,4159,4159,4158,4158,4159,4159,4158,4158,4159,4158,4161,4158,4158,4158,4159,4158,4160,4159,4158,4158,4160,4158,4158,4158,4158,4159,4158,4163,4161,4161,4161,4165,4160,4165,4163,4166,4166,4165,4163,4167,4162,4158,4158,4167,4160,4163,4160,4161,4160,4162,4164,4161,4161,4161,4160,4160,4159,4161,4160,4161,4160,4159,4159,4159,4159,4160,4160,4161,4160,4161,4160,4158,4159,4166,4165,4161,4161,4164,4162,4162,4161,-12.36,SJNFAAZE1U0005576,117.67,12.00,8967.2421875,78,74,0,0,0,0,14.5,99.19,-153992,89,1527996682.544,0,0,0,0,0,0,0,0,0,1,399.31,399.31,7F,1,1,1,0080,57,40,40,0,0,19,0.00
03/06/2018 4:31:26,54 58.40942,-1 31.22465,311,0,467,922502,1145049,399.26,-0.083,4167,4156,4159,11,0,110.4,43.6,106.5,41.4,none,none,100.2,37.9,4165,4167,4158,4160,4160,4158,4157,4157,4158,4158,4157,4157,4157,4157,4157,4158,4157,4157,4157,4159,4158,4157,4157,4158,4157,4160,4157,4158,4157,4158,4158,4158,4158,4157,4157,4158,4158,4157,4156,4156,4158,4157,4163,4161,4159,4160,4164,4158,4162,4160,4164,4164,4163,4161,4165,4161,4158,4157,4166,4159,4162,4158,4159,4157,4161,4162,4159,4159,4159,4159,4160,4159,4160,4159,4160,4158,4158,4158,4157,4158,4158,4159,4160,4160,4159,4159,4157,4158,4166,4164,4160,4160,4163,4161,4160,4159,-12.36,SJNFAAZE1U0005576,117.67,12.00,8967.2421875,78,74,0,0,0,0,14.5,99.19,-153992,89,1527996686.140,0,0,0,0,0,0,0,0,0,1,399.28,399.28,7F,1,1,1,0080,57,40,40,0,0,19,0.00
03/06/2018 4:31:29,54 58.41022,-1 31.22683,314,0,467,922502,1145049,399.17,-0.114,4166,4156,4158,10,0,110.2,43.4,106.5,41.4,none,none,100.0,37.8,4166,4166,4158,4160,4161,4159,4156,4156,4157,4156,4157,4157,4158,4157,4156,4158,4157,4157,4157,4158,4157,4156,4156,4157,4157,4160,4158,4157,4156,4158,4157,4158,4158,4156,4156,4158,4156,4157,4157,4156,4157,4156,4162,4160,4159,4160,4164,4158,4161,4160,4164,4163,4162,4161,4165,4160,4157,4156,4165,4159,4162,4158,4158,4157,4160,4162,4160,4157,4160,4158,4159,4157,4160,4159,4158,4157,4158,4157,4157,4158,4157,4159,4160,4160,4159,4159,4157,4157,4165,4165,4159,4159,4162,4161,4160,4159,-12.41,SJNFAAZE1U0005576,117.67,12.00,8967.2421875,78,74,0,0,0,0,14.5,99.19,-153992,89,1527996689.887,0,0,0,0,0,0,0,0,0,1,399.23,399.23,7F,1,1,1,0080,57,40,40,0,0,19,0.00
03/06/2018 4:31:33,54 58.41025,-1 31.22693,324,0,467,922502,1145049,399.17,-0.144,4165,4155,4158,10,0,110.2,43.4,106.5,41.4,none,none,100.2,37.9,4165,4165,4158,4159,4160,4158,4156,4156,4156,4156,4156,4157,4157,4157,4155,4157,4156,4157,4156,4158,4157,4156,4155,4157,4157,4159,4156,4156,4156,4157,4157,4156,4157,4156,4155,4158,4157,4156,4156,4156,4157,4157,4162,4160,4159,4160,4163,4158,4163,4160,4162,4163,4161,4161,4165,4159,4157,4157,4165,4157,4161,4157,4157,4158,4159,4162,4159,4158,4158,4158,4159,4157,4159,4159,4158,4157,4157,4157,4157,4158,4157,4158,4160,4159,4159,4158,4157,4157,4164,4164,4159,4159,4163,4160,4160,4159,-11.65,SJNFAAZE1U0005576,117.67,12.00,8967.2421875,78,74,0,0,0,0,14.5,99.19,-153992,89,1527996693.712,0,0,0,0,0,0,0,0,0,1,399.22,399.22,7F,1,1,1,0080,57,40,40,0,0,19,0.00
03/06/2018 4:31:37,54 58.41059,-1 31.22611,328,0,467,922502,1145049,399.17,-0.022,4166,4155,4158,11,0,110.4,43.6,106.5,41.4,none,none,100.0,37.8,4165,4166,4158,4159,4160,4158,4156,4156,4157,4157,4156,4157,4157,4157,4156,4156,4157,4157,4156,4157,4157,4155,4155,4157,4156,4158,4155,4156,4155,4157,4157,4157,4157,4156,4156,4157,4156,4157,4156,4156,4157,4157,4162,4160,4159,4159,4163,4157,4162,4159,4162,4163,4162,4159,4165,4159,4157,4157,4165,4158,4160,4156,4158,4158,4160,4162,4158,4158,4158,4157,4158,4156,4160,4158,4158,4156,4157,4157,4156,4156,4157,4157,4159,4159,4159,4157,4156,4156,4163,4164,4160,4158,4161,4159,4159,4158,-11.60,SJNFAAZE1U0005576,117.67,12.00,8967.2421875,78,74,0,0,0,0,14.5,99.19,-153992,89,1527996697.724,0,0,0,0,0,0,0,0,0,1,399.27,399.27,7F,1,1,1,0080,57,40,40,0,0,19,0.00
03/06/2018 4:31:41,54 58.41107,-1 31.22618,328,0,467,922502,1145049,399.07,-0.114,4165,4154,4157,11,0,110.2,43.4,106.5,41.4,none,none,100.0,37.8,4164,4165,4157,4158,4159,4157,4156,4157,4157,4156,4156,4156,4158,4156,4155,4156,4155,4156,4155,4156,4155,4154,4155,4156,4155,4159,4154,4156,4156,4156,4155,4156,4157,4155,4155,4156,4155,4156,4155,4155,4157,4156,4162,4159,4159,4159,4162,4157,4162,4159,4163,4161,4161,4160,4164,4158,4157,4156,4165,4158,4160,4157,4157,4157,4160,4161,4157,4157,4157,4157,4157,4156,4159,4157,4158,4156,4156,4156,4156,4157,4156,4157,4159,4157,4158,4157,4156,4156,4162,4162,4159,4159,4162,4158,4159,4158,-11.57,SJNFAAZE1U0005576,117.67,12.00,8967.2421875,78,74,0,0,0,0,14.5,99.19,-153992,89,1527996701.706,0,0,0,0,0,0,0,0,0,1,399.15,399.15,7F,1,1,1,0080,57,40,40,0,0,19,0.00
03/06/2018 4:31:45,54 58.41301,-1 31.22567,334,0,467,922502,1145049,399.07,-0.114,4165,4155,4157,10,0,110.2,43.4,106.5,41.4,none,none,100.0,37.8,4164,4165,4156,4158,4158,4157,4155,4157,4155,4156,4155,4156,4157,4156,4155,4156,4156,4157,4156,4157,4156,4155,4155,4157,4156,4158,4155,4155,4155,4157,4156,4157,4156,4156,4155,4157,4156,4155,4155,4155,4156,4156,4161,4159,4157,4159,4162,4157,4161,4158,4162,4161,4160,4158,4164,4159,4157,4155,4163,4158,4160,4156,4156,4157,4159,4160,4158,4156,4157,4157,4157,4157,4158,4157,4157,4155,4156,4156,4157,4157,4157,4157,4159,4157,4158,4156,4155,4155,4164,4163,4157,4157,4161,4159,4158,4158,-11.57,SJNFAAZE1U0005576,117.67,12.00,8967.2421875,78,74,0,0,0,0,14.5,99.19,-153992,89,1527996705.451,0,0,0,0,0,0,0,0,0,1,399.11,399.11,7F,1,1,1,0080,57,40,40,0,0,19,0.00
03/06/2018 4:31:49,54 58.41287,-1 31.22574,337,0,467,922502,1145049,399.07,-0.114,4165,4154,4157,11,0,110.2,43.4,106.2,41.2,none,none,100.0,37.8,4164,4165,4157,4158,4159,4157,4155,4156,4156,4155,4155,4155,4156,4156,4155,4156,4155,4156,4155,4156,4156,4154,4155,4156,4155,4157,4155,4156,4155,4155,4155,4156,4156,4155,4155,4155,4155,4155,4156,4154,4156,4156,4160,4159,4158,4158,4162,4156,4161,4158,4162,4161,4160,4158,4163,4157,4156,4155,4163,4157,4160,4156,4156,4156,4159,4160,4157,4156,4156,4156,4157,4156,4158,4157,4157,4156,4156,4156,4155,4156,4156,4157,4158,4156,4157,4156,4155,4156,4163,4162,4158,4157,4160,4158,4158,4157,-11.56,SJNFAAZE1U0005576,117.67,12.00,8967.2421875,78,74,0,0,0,0,14.5,99.19,-153992,89,1527996709.290,0,0,0,0,0,0,0,0,0,1,399.09,399.09,7F,1,1,1,0080,57,40,40,0,0,19,0.00
03/06/2018 4:31:53,54 58.41308,-1 31.22603,351,0,467,922502,1145049,398.98,-0.114,4164,4154,4156,10,0,110.2,43.4,106.2,41.2,none,none,100.0,37.8,4164,4164,4156,4158,4158,4157,4154,4154,4156,4156,4154,4156,4156,4156,4154,4155,4154,4155,4155,4156,4155,4154,4155,4156,4155,4158,4154,4155,4154,4156,4155,4156,4156,4155,4155,4156,4155,4154,4155,4154,4155,4154,4160,4159,4158,4158,4161,4156,4160,4156,4162,4161,4161,4159,4164,4157,4156,4155,4163,4156,4160,4156,4156,4156,4158,4160,4157,4156,4156,4155,4156,4155,4158,4158,4157,4155,4156,4155,4155,4156,4155,4155,4157,4157,4157,4156,4154,4156,4162,4162,4158,4158,4160,4159,4157,4157,-11.48,SJNFAAZE1U0005576,117.67,12.00,8967.2421875,78,74,0,0,0,0,14.5,99.19,-153992,89,1527996713.432,0,0,0,0,0,0,0,0,0,1,399.05,399.05,7F,1,1,1,0080,57,40,40,0,0,19,0.00
03/06/2018 4:31:57,54 58.41413,-1 31.22598,357,0,467,922502,1145049,398.98,-0.114,4164,4152,4156,12,0,110.2,43.4,106.2,41.2,none,none,100.0,37.8,4164,4164,4156,4158,4159,4156,4156,4154,4155,4156,4155,4155,4155,4155,4155,4155,4154,4155,4155,4155,4155,4152,4154,4156,4154,4157,4154,4155,4155,4156,4155,4156,4155,4154,4154,4157,4156,4154,4154,4154,4155,4154,4160,4159,4158,4158,4161,4156,4159,4158,4160,4160,4160,4158,4164,4158,4154,4154,4162,4156,4159,4156,4156,4155,4158,4159,4156,4157,4156,4155,4156,4155,4157,4155,4155,4154,4154,4156,4155,4156,4155,4156,4157,4155,4157,4155,4154,4155,4162,4163,4157,4157,4161,4157,4158,4157,-11.61,SJNFAAZE1U0005576,117.67,12.00,8967.2421875,78,74,0,0,0,0,14.5,99.19,-153992,89,1527996717.410,0,0,0,0,0,0,0,0,0,1,399.02,399.02,7F,1,1,1,0080,57,40,40,0,0,19,0.00
03/06/2018 4:32:01,54 58.4142,-1 31.22576,357,0,467,922502,1145049,398.98,-0.114,4163,4153,4156,10,0,110.2,43.4,106.2,41.2,none,none,100.0,37.8,4162,4163,4155,4156,4158,4155,4154,4155,4156,4155,4154,4155,4156,4156,4154,4155,4154,4155,4154,4155,4155,4154,4153,4155,4155,4156,4153,4154,4154,4155,4154,4155,4155,4154,4153,4156,4155,4154,4154,4153,4155,4155,4160,4158,4158,4157,4161,4156,4159,4157,4161,4161,4160,4158,4162,4157,4155,4155,4162,4156,4158,4155,4156,4155,4157,4159,4156,4155,4157,4155,4156,4154,4158,4156,4156,4155,4155,4154,4154,4154,4154,4155,4156,4155,4155,4156,4155,4155,4163,4161,4156,4156,4160,4156,4157,4157,-11.57,SJNFAAZE1U0005576,117.67,12.00,8967.2421875,78,74,0,0,0,0,14.5,99.19,-153992,89,1527996721.401,0,0,0,0,0,0,0,0,0,1,399.00,399.00,7F,1,1,1,0080,57,40,40,0,0,19,0.00
03/06/2018 4:32:05,54 58.4144,-1 31.22482,357,0,467,922502,1145049,398.98,-0.114,4163,4153,4156,10,0,110.2,43.4,106.2,41.2,none,none,100.0,37.8,4162,4163,4155,4157,4157,4156,4154,4154,4154,4154,4154,4154,4155,4155,4154,4154,4154,4154,4154,4155,4155,4153,4153,4156,4155,4157,4153,4155,4153,4155,4155,4155,4156,4154,4154,4155,4154,4154,4154,4154,4154,4154,4160,4158,4157,4158,4161,4154,4159,4158,4160,4161,4159,4158,4162,4157,4155,4155,4163,4155,4158,4154,4154,4155,4157,4160,4156,4156,4156,4154,4156,4155,4156,4156,4155,4154,4155,4154,4154,4155,4155,4155,4157,4156,4155,4156,4155,4154,4161,4162,4157,4157,4159,4158,4158,4156,-11.62,SJNFAAZE1U0005576,117.67,12.00,8967.2421875,78,74,0,0,0,0,14.5,99.19,-153992,89,1527996725.370,0,0,0,0,0,0,0,0,0,1,398.97,398.97,7F,1,1,1,0080,57,40,40,0,0,19,0.00
03/06/2018 4:32:09,54 58.41411,-1 31.22494,341,0,467,922502,1145049,398.88,-0.083,4163,4153,4155,10,0,110.2,43.4,106.2,41.2,none,none,100.0,37.8,4162,4163,4155,4157,4157,4155,4154,4154,4155,4155,4153,4154,4155,4155,4154,4154,4153,4154,4153,4156,4154,4153,4153,4155,4153,4156,4153,4154,4154,4155,4154,4155,4155,4154,4154,4155,4154,4154,4153,4153,4155,4154,4159,4157,4156,4157,4159,4155,4160,4156,4160,4160,4159,4157,4162,4157,4154,4154,4162,4155,4158,4155,4155,4155,4157,4159,4156,4156,4155,4155,4155,4154,4156,4155,4155,4154,4154,4154,4153,4154,4154,4155,4157,4155,4156,4154,4154,4154,4161,4161,4156,4156,4160,4158,4156,4155,-11.63,SJNFAAZE1U0005576,117.67,12.00,8967.2421875,78,74,0,0,0,0,14.5,99.19,-153992,89,1527996729.085,0,0,0,0,0,0,0,0,0,1,398.95,398.95,7F,1,1,1,0080,57,40,40,0,0,19,0.00
03/06/2018 4:32:12,54 58.41391,-1 31.22522,341,0,467,922502,1145049,398.88,-0.114,4163,4152,4155,11,0,110.2,43.4,106.2,41.2,none,none,99.8,37.7,4161,4163,4155,4156,4156,4156,4153,4154,4153,4154,4154,4154,4155,4155,4152,4154,4153,4155,4152,4155,4154,4152,4154,4155,4154,4157,4153,4155,4154,4154,4154,4155,4154,4154,4153,4154,4155,4153,4154,4153,4155,4154,4159,4158,4156,4156,4160,4155,4159,4156,4160,4159,4159,4158,4161,4156,4155,4153,4162,4155,4157,4155,4154,4155,4157,4159,4155,4154,4156,4155,4156,4154,4156,4154,4155,4155,4155,4154,4154,4155,4154,4154,4155,4154,4155,4154,4153,4154,4161,4160,4155,4155,4158,4157,4156,4155,-11.57,SJNFAAZE1U0005576,117.67,12.00,8967.2421875,78,74,0,0,0,0,14.5,99.19,-153992,89,1527996732.971,0,0,0,0,0,0,0,0,0,1,398.92,398.92,7F,1,1,1,0080,57,40,40,0,0,19,0.00
03/06/2018 4:32:16,54 58.41392,-1 31.22512,351,0,467,922502,1145049,398.88,-0.114,4162,4152,4155,10,0,110.2,43.4,106.2,41.2,none,none,100.0,37.8,4161,4162,4155,4156,4157,4154,4154,4154,4153,4154,4153,4153,4155,4154,4154,4154,4153,4154,4153,4154,4154,4153,4152,4155,4154,4156,4153,4154,4153,4155,4153,4155,4154,4153,4153,4155,4153,4154,4153,4153,4154,4154,4159,4157,4156,4156,4160,4154,4159,4156,4159,4159,4159,4157,4162,4156,4153,4154,4161,4154,4157,4155,4154,4154,4156,4158,4156,4155,4156,4155,4154,4154,4155,4155,4155,4154,4154,4154,4154,4154,4154,4154,4156,4155,4156,4154,4153,4153,4161,4160,4156,4156,4159,4156,4156,4155,-11.60,SJNFAAZE1U0005576,117.67,11.92,8967.2421875,78,74,0,0,0,0,14.5,99.19,-153992,89,1527996736.753,0,0,0,0,0,0,0,0,0,1,398.90,398.90,7F,1,1,1,0080,57,40,40,0,0,19,0.00
03/06/2018 4:32:20,54 58.41392,-1 31.22507,347,0,467,922502,1145049,398.88,-0.083,4162,4152,4155,10,0,110.2,43.4,106.2,41.2,none,none,100.0,37.8,4161,4162,4153,4156,4157,4155,4154,4154,4153,4153,4153,4153,4154,4154,4152,4154,4153,4154,4153,4155,4154,4152,4152,4155,4153,4156,4152,4154,4154,4155,4154,4155,4155,4153,4153,4154,4153,4153,4154,4152,4155,4154,4159,4157,4156,4156,4158,4154,4158,4156,4159,4159,4158,4157,4161,4155,4154,4153,4161,4154,4157,4154,4154,4154,4156,4158,4155,4155,4155,4154,4154,4153,4156,4155,4155,4154,4154,4153,4154,4153,4153,4154,4155,4154,4154,4155,4153,4155,4159,4160,4155,4155,4159,4156,4156,4155,-11.57,SJNFAAZE1U0005576,117.67,11.92,8967.2421875,78,74,0,0,0,0,14.5,99.19,-153992,89,1527996740.717,0,0,0,0,0,0,0,0,0,1,398.88,398.88,7F,1,1,1,0080,57,40,40,0,0,19,0.00
03/06/2018 4:32:24,54 58.4139,-1 31.22503,351,0,467,922502,1145049,398.78,-0.114,4162,4152,4154,10,0,110.2,43.4,106.2,41.2,none,none,100.0,37.8,4161,4162,4154,4156,4156,4155,4153,4154,4153,4153,4153,4153,4154,4154,4152,4153,4152,4154,4153,4154,4153,4153,4153,4154,4153,4155,4153,4154,4152,4153,4152,4154,4154,4152,4152,4154,4153,4152,4153,4153,4154,4154,4159,4156,4156,4157,4159,4155,4159,4156,4159,4159,4158,4156,4161,4155,4153,4153,4160,4154,4157,4154,4153,4154,4157,4158,4155,4155,4156,4154,4155,4153,4156,4155,4154,4153,4155,4153,4154,4153,4154,4154,4155,4154,4155,4154,4153,4153,4160,4159,4155,4155,4158,4157,4155,4154,-11.61,SJNFAAZE1U0005576,117.67,11.92,8967.2421875,78,74,0,0,0,0,14.5,99.19,-153992,89,1527996744.511,0,0,0,0,0,0,0,0,0,1,398.86,398.86,7F,1,1,1,0080,57,40,40,0,0,19,0.00
03/06/2018 4:32:28,54 58.4139,-1 31.22496,354,0,467,922502,1145049,398.78,-0.114,4161,4152,4154,9,0,110.2,43.4,106.2,41.2,none,none,100.0,37.8,4161,4161,4154,4155,4156,4154,4153,4152,4154,4153,4153,4154,4153,4155,4152,4153,4152,4153,4153,4154,4154,4152,4153,4155,4153,4156,4153,4153,4153,4154,4153,4153,4153,4153,4152,4154,4154,4153,4152,4152,4153,4153,4157,4156,4155,4155,4160,4154,4158,4156,4159,4158,4158,4156,4161,4154,4153,4152,4160,4155,4157,4154,4154,4153,4156,4158,4156,4155,4154,4154,4155,4153,4155,4154,4154,4153,4153,4153,4153,4152,4154,4153,4155,4155,4154,4154,4153,4153,4160,4160,4154,4155,4158,4156,4155,4155,-11.64,SJNFAAZE1U0005576,117.67,11.92,8967.2421875,78,74,0,0,0,0,14.5,99.19,-153992,89,1527996748.154,0,0,0,0,0,0,0,0,0,1,398.84,398.84,7F,1,1,1,0080,57,40,40,0,0,19,0.00
03/06/2018 4:32:31,54 58.41388,-1 31.22496,354,0,467,922502,1145049,398.88,-0.114,4162,4153,4155,9,0,109.9,43.3,106.2,41.2,none,none,99.8,37.7,4162,4161,4154,4156,4156,4155,4153,4154,4155,4154,4153,4154,4155,4155,4153,4155,4154,4154,4153,4155,4155,4153,4153,4155,4154,4155,4153,4153,4153,4155,4154,4154,4155,4153,4153,4155,4155,4154,4154,4153,4155,4154,4159,4157,4156,4156,4159,4155,4158,4156,4159,4160,4158,4157,4161,4156,4154,4153,4161,4155,4158,4154,4154,4155,4157,4158,4155,4154,4155,4155,4155,4155,4156,4154,4155,4154,4154,4155,4155,4155,4154,4155,4156,4155,4155,4155,4154,4153,4161,4161,4155,4156,4158,4157,4156,4156,-11.66,SJNFAAZE1U0005576,117.67,11.92,8967.2421875,78,74,0,0,0,0,14.5,99.19,-153992,89,1527996751.757,0,0,0,0,0,0,0,0,0,1,398.83,398.83,7F,1,1,1,0080,57,40,40,0,0,19,0.00
03/06/2018 4:32:35,54 58.41099,-1 31.22266,324,0,467,922502,1145049,398.78,-0.053,4160,4151,4154,9,0,110.2,43.4,106.2,41.2,none,none,100.0,37.8,4160,4160,4154,4155,4156,4153,4152,4152,4153,4153,4153,4153,4154,4153,4152,4152,4152,4153,4152,4153,4153,4152,4152,4153,4151,4155,4152,4153,4152,4152,4152,4154,4154,4152,4152,4155,4153,4152,4152,4151,4153,4152,4159,4157,4155,4155,4159,4154,4158,4155,4158,4158,4158,4156,4160,4155,4154,4152,4159,4154,4157,4154,4154,4154,4156,4157,4155,4153,4154,4153,4154,4153,4155,4153,4154,4152,4153,4153,4152,4153,4153,4154,4154,4153,4154,4153,4153,4153,4159,4160,4155,4154,4156,4155,4155,4155,-11.64,SJNFAAZE1U0005576,117.67,11.92,8967.2421875,78,74,0,0,0,0,14.5,99.19,-153992,89,1527996755.658,0,0,0,0,0,0,0,0,0,1,398.81,398.81,7F,1,1,1,0080,57,40,40,0,0,19,0.00
03/06/2018 4:32:39,54 58.40992,-1 31.22046,321,0,467,922502,1145049,398.78,-0.083,4161,4151,4154,10,0,110.2,43.4,106.0,41.1,none,none,100.0,37.8,4160,4161,4154,4155,4156,4153,4152,4152,4153,4153,4152,4153,4154,4153,4152,4153,4152,4153,4153,4153,4153,4151,4151,4154,4153,4155,4152,4152,4152,4152,4153,4152,4154,4152,4151,4154,4152,4152,4153,4152,4153,4152,4158,4156,4155,4155,4158,4153,4157,4155,4159,4158,4158,4156,4160,4155,4154,4152,4160,4153,4156,4153,4153,4153,4155,4157,4154,4153,4154,4153,4153,4152,4155,4153,4153,4153,4153,4151,4153,4152,4153,4153,4155,4154,4154,4154,4152,4152,4159,4158,4155,4154,4157,4155,4155,4154,-11.65,SJNFAAZE1U0005576,117.67,11.92,8967.2421875,78,74,0,0,0,0,14.5,99.19,-153992,89,1527996759.159,0,0,0,0,0,0,0,0,0,1,398.78,398.78,7F,1,1,1,0080,57,40,40,0,0,19,0.00
03/06/2018 4:32:42,54 58.40957,-1 31.22059,311,0,467,922502,1145049,398.69,-0.114,4161,4151,4153,10,0,110.2,43.4,106.2,41.2,none,none,100.0,37.8,4161,4161,4153,4156,4156,4154,4152,4152,4152,4152,4152,4152,4153,4154,4152,4152,4152,4153,4151,4152,4153,4151,4151,4153,4152,4154,4151,4153,4151,4153,4153,4153,4153,4152,4151,4154,4152,4152,4152,4151,4154,4152,4158,4156,4155,4154,4158,4154,4157,4155,4158,4158,4157,4155,4160,4154,4153,4152,4160,4154,4155,4153,4153,4153,4155,4157,4154,4152,4153,4154,4153,4153,4155,4154,4154,4152,4152,4152,4152,4153,4153,4153,4155,4153,4153,4152,4152,4152,4159,4159,4154,4154,4157,4155,4155,4155,-11.67,SJNFAAZE1U0005576,117.67,11.92,8967.2421875,78,74,0,0,0,0,14.5,99.19,-153992,89,1527996762.735,0,0,0,0,0,0,0,0,0,1,398.77,398.77,7F,1,1,1,0080,57,40,40,0,0,19,0.00
03/06/2018 4:32:46,54 58.40898,-1 31.22029,308,0,467,922502,1145049,398.69,-0.083,4161,4151,4153,10,0,110.2,43.4,106.2,41.2,none,none,100.0,37.8,4161,4160,4153,4155,4154,4154,4152,4153,4152,4152,4151,4152,4153,4152,4151,4153,4152,4154,4151,4153,4152,4151,4151,4152,4153,4154,4152,4152,4151,4153,4152,4153,4153,4151,4152,4153,4152,4152,4152,4151,4154,4152,4158,4156,4155,4155,4158,4153,4156,4154,4157,4158,4158,4155,4160,4154,4153,4152,4160,4153,4156,4153,4153,4154,4155,4157,4153,4153,4154,4153,4153,4152,4155,4152,4153,4152,4152,4153,4153,4153,4152,4153,4155,4154,4153,4153,4152,4152,4159,4158,4154,4153,4157,4155,4154,4154,-11.72,SJNFAAZE1U0005576,117.67,11.92,8967.2421875,78,74,0,0,0,0,14.5,99.19,-153992,88,1527996766.462,0,0,0,0,0,0,0,0,0,1,398.75,398.75,7F,1,1,1,0080,57,40,40,0,0,19,0.00
03/06/2018 4:32:50,54 58.40886,-1 31.22018,308,0,467,922502,1145049,398.69,-0.144,4160,4151,4153,9,0,110.2,43.4,106.2,41.2,none,none,100.0,37.8,4160,4160,4153,4155,4155,4154,4152,4152,4152,4153,4151,4153,4152,4152,4151,4152,4151,4153,4152,4152,4153,4151,4151,4154,4152,4154,4151,4152,4151,4153,4152,4153,4153,4151,4151,4154,4153,4151,4151,4151,4153,4152,4158,4155,4155,4154,4158,4153,4157,4154,4158,4157,4156,4155,4159,4154,4153,4152,4159,4153,4154,4153,4153,4153,4155,4156,4153,4153,4153,4153,4153,4153,4154,4153,4153,4152,4153,4152,4153,4152,4153,4153,4154,4153,4153,4153,4152,4152,4160,4159,4154,4154,4156,4155,4154,4154,-11.62,SJNFAAZE1U0005576,117.67,11.92,8967.2421875,78,74,0,0,0,0,14.5,99.19,-153992,88,1527996770.147,0,0,0,0,0,0,0,0,0,1,398.75,398.75,7F,1,1,1,0080,57,40,40,0,0,19,0.00
03/06/2018 4:32:53,54 58.40881,-1 31.22013,308,0,467,922502,1145049,398.69,-0.022,4160,4150,4153,10,0,110.2,43.4,106.2,41.2,none,none,99.8,37.7,4160,4160,4154,4155,4155,4153,4151,4153,4152,4152,4151,4152,4153,4152,4151,4152,4152,4153,4151,4153,4153,4152,4152,4152,4152,4154,4151,4153,4151,4152,4153,4153,4152,4151,4151,4152,4151,4151,4152,4150,4153,4152,4157,4155,4154,4155,4157,4152,4156,4155,4157,4157,4156,4155,4160,4154,4153,4152,4159,4153,4156,4152,4152,4153,4155,4156,4154,4153,4153,4153,4152,4152,4154,4152,4152,4152,4152,4152,4152,4153,4152,4152,4154,4153,4153,4153,4152,4153,4160,4158,4154,4154,4157,4155,4154,4153,-11.62,SJNFAAZE1U0005576,117.67,11.92,8967.2421875,78,74,0,0,0,0,14.5,99.19,-153992,88,1527996773.900,0,0,0,0,0,0,0,0,0,1,398.73,398.73,7F,1,1,1,0080,57,40,40,0,0,19,0.00
03/06/2018 4:32:57,54 58.40878,-1 31.22013,311,0,467,922502,1145049,398.69,-0.053,4160,4151,4153,9,0,110.2,43.4,106.2,41.2,none,none,100.0,37.8,4159,4160,4153,4153,4155,4153,4151,4151,4152,4152,4151,4151,4154,4152,4151,4151,4151,4153,4151,4153,4153,4151,4151,4153,4151,4154,4151,4152,4151,4152,4152,4151,4152,4151,4152,4152,4153,4152,4151,4151,4151,4151,4157,4156,4154,4154,4156,4152,4156,4154,4157,4157,4156,4154,4159,4154,4151,4152,4159,4152,4155,4152,4152,4152,4155,4156,4153,4153,4154,4152,4153,4152,4154,4152,4153,4151,4152,4152,4152,4151,4151,4152,4154,4153,4153,4153,4152,4151,4158,4159,4153,4153,4155,4155,4154,4154,-11.61,SJNFAAZE1U0005576,117.67,11.92,8967.2421875,78,74,0,0,0,0,14.5,99.19,-153992,88,1527996777.947,0,0,0,0,0,0,0,0,0,1,398.70,398.70,7F,1,1,1,0080,57,40,40,0,0,19,0.00
03/06/2018 4:33:01,54 58.40878,-1 31.22013,311,0,467,922502,1145049,398.69,-0.083,4160,4150,4153,10,0,110.2,43.4,106.0,41.1,none,none,99.8,37.7,4159,4160,4152,4154,4155,4152,4152,4152,4151,4151,4151,4152,4153,4152,4152,4152,4151,4151,4151,4152,4152,4152,4151,4153,4151,4154,4151,4152,4151,4152,4151,4152,4152,4151,4152,4154,4151,4151,4151,4151,4152,4152,4157,4156,4154,4154,4158,4152,4156,4153,4157,4157,4157,4155,4159,4154,4152,4150,4158,4152,4155,4153,4153,4154,4154,4155,4153,4152,4153,4153,4152,4151,4154,4151,4153,4151,4152,4151,4152,4152,4152,4153,4155,4153,4153,4153,4151,4151,4158,4157,4153,4154,4156,4153,4153,4154,-11.71,SJNFAAZE1U0005576,117.67,11.92,8967.2421875,78,74,0,0,0,0,14.5,99.19,-153992,88,1527996781.522,0,0,0,0,0,0,0,0,0,1,398.70,398.70,7F,1,1,1,0080,57,40,40,0,0,19,0.00
03/06/2018 4:33:04,54 58.40878,-1 31.22014,311,0,467,922502,1145049,398.59,-0.053,4159,4150,4152,9,0,110.2,43.4,106.2,41.2,none,none,99.8,37.7,4159,4159,4151,4154,4155,4152,4152,4151,4151,4151,4150,4151,4153,4152,4151,4152,4151,4151,4150,4152,4152,4151,4151,4153,4151,4153,4151,4151,4151,4152,4151,4152,4152,4151,4150,4152,4152,4152,4151,4151,4151,4151,4156,4155,4154,4154,4157,4152,4156,4153,4157,4157,4157,4154,4159,4154,4152,4151,4159,4152,4156,4153,4151,4153,4154,4156,4153,4152,4153,4152,4153,4151,4154,4153,4152,4151,4152,4151,4152,4152,4152,4153,4154,4152,4153,4153,4151,4151,4159,4158,4153,4154,4156,4154,4153,4152,-11.62,SJNFAAZE1U0005576,117.67,11.92,8967.2421875,78,74,0,0,0,0,14.5,99.19,-153992,88,1527996784.935,0,0,0,0,0,0,0,0,0,1,398.68,398.68,7F,1,1,1,0080,57,40,40,0,0,19,0.00
03/06/2018 4:33:08,54 58.40878,-1 31.22014,311,0,467,922502,1145049,398.59,-0.114,4159,4150,4152,9,0,110.2,43.4,106.2,41.2,none,none,99.8,37.7,4159,4159,4151,4154,4154,4153,4151,4152,4151,4152,4152,4151,4153,4152,4151,4152,4151,4151,4151,4152,4152,4150,4150,4153,4151,4153,4150,4151,4151,4152,4151,4150,4152,4151,4151,4151,4151,4151,4150,4150,4151,4151,4156,4156,4154,4154,4157,4153,4157,4152,4156,4157,4157,4154,4158,4153,4151,4151,4158,4151,4155,4152,4152,4152,4155,4155,4154,4152,4153,4152,4152,4150,4154,4153,4153,4151,4151,4151,4152,4152,4151,4153,4153,4151,4152,4152,4151,4151,4158,4157,4153,4153,4156,4154,4153,4153,-11.70,SJNFAAZE1U0005576,117.67,11.92,8967.2421875,78,74,0,0,0,0,14.5,99.19,-153992,88,1527996788.394,0,0,0,0,0,0,0,0,0,1,398.66,398.66,7F,1,1,1,0080,57,40,40,0,0,19,0.00
03/06/2018 4:33:11,54 58.40879,-1 31.22015,311,0,467,922502,1145049,398.59,-0.022,4158,4150,4152,8,0,110.2,43.4,106.2,41.2,none,none,99.8,37.7,4158,4158,4152,4154,4154,4152,4150,4151,4151,4151,4151,4152,4152,4151,4151,4151,4151,4151,4151,4152,4153,4150,4151,4152,4151,4154,4150,4151,4150,4152,4151,4152,4152,4151,4151,4152,4151,4150,4150,4151,4152,4152,4157,4155,4154,4154,4156,4152,4155,4153,4157,4156,4157,4155,4158,4153,4151,4151,4158,4151,4154,4151,4151,4152,4154,4155,4152,4152,4152,4152,4151,4152,4153,4152,4152,4152,4151,4151,4151,4151,4151,4151,4153,4153,4152,4152,4151,4152,4158,4158,4152,4153,4156,4154,4153,4153,-11.69,SJNFAAZE1U0005576,117.67,11.92,8967.2421875,78,74,0,0,0,0,14.5,99.19,-153992,88,1527996791.764,0,0,0,0,0,0,0,0,0,1,398.65,398.65,7F,1,1,1,0080,57,40,40,0,0,19,0.00
03/06/2018 4:33:15,54 58.40879,-1 31.22016,311,0,467,922502,1145049,398.59,-0.114,4160,4149,4152,11,0,110.2,43.4,106.2,41.2,none,none,99.8,37.7,4158,4160,4152,4153,4154,4152,4151,4151,4151,4151,4151,4151,4152,4152,4149,4152,4150,4152,4151,4152,4151,4151,4151,4152,4150,4154,4150,4151,4150,4151,4152,4151,4152,4149,4150,4152,4151,4150,4151,4151,4152,4151,4157,4154,4154,4154,4157,4152,4156,4153,4156,4157,4155,4155,4160,4152,4151,4150,4158,4152,4154,4151,4152,4152,4153,4155,4152,4153,4152,4151,4152,4151,4153,4151,4151,4152,4151,4151,4152,4152,4151,4153,4153,4152,4152,4152,4151,4151,4157,4157,4152,4154,4155,4154,4154,4153,-11.65,SJNFAAZE1U0005576,117.67,11.92,8967.2421875,78,74,0,0,0,0,14.5,99.19,-153992,88,1527996795.089,0,0,0,0,0,0,0,0,0,1,398.65,398.65,7F,1,1,1,0080,57,40,40,0,0,19,0.00
03/06/2018 4:33:18,54 58.40879,-1 31.22017,311,0,467,922502,1145049,398.59,-0.053,4159,4149,4152,10,0,109.9,43.3,106.0,41.1,none,none,99.8,37.7,4158,4159,4151,4154,4153,4152,4150,4151,4150,4152,4150,4151,4152,4151,4150,4151,4151,4151,4149,4152,4151,4151,4150,4151,4150,4152,4150,4150,4150,4152,4151,4151,4151,4151,4151,4153,4152,4150,4150,4150,4153,4152,4156,4156,4155,4154,4157,4151,4156,4153,4157,4157,4155,4154,4158,4152,4152,4151,4158,4152,4155,4152,4152,4152,4154,4155,4153,4152,4152,4152,4152,4151,4152,4150,4152,4150,4151,4150,4151,4152,4151,4152,4153,4152,4151,4151,4151,4151,4157,4157,4152,4152,4155,4153,4153,4153,-11.75,SJNFAAZE1U0005576,117.67,11.92,8967.2421875,78,74,0,0,0,0,14.5,99.19,-153992,88,1527996798.952,0,0,0,0,0,0,0,0,0,1,398.63,398.63,7F,1,1,1,0080,57,40,40,0,0,19,0.00
03/06/2018 4:33:22,54 58.40879,-1 31.22019,311,0,467,922502,1145049,398.69,-0.114,4159,4151,4153,8,0,109.9,43.3,106.0,41.1,none,none,99.8,37.7,4159,4159,4152,4153,4154,4153,4152,4152,4151,4152,4151,4152,4153,4154,4152,4152,4151,4152,4151,4152,4152,4151,4151,4153,4152,4154,4151,4152,4151,4152,4152,4152,4152,4151,4152,4154,4153,4152,4151,4151,4152,4152,4157,4156,4154,4155,4158,4152,4156,4152,4157,4157,4156,4155,4159,4154,4152,4151,4159,4153,4155,4152,4152,4153,4155,4157,4154,4153,4153,4152,4152,4152,4154,4153,4152,4151,4153,4152,4152,4152,4153,4152,4153,4153,4153,4152,4152,4152,4159,4158,4154,4152,4156,4154,4154,4152,-11.75,SJNFAAZE1U0005576,117.67,11.92,8967.2421875,78,74,0,0,0,0,14.5,99.19,-153992,88,1527996802.763,0,0,0,0,0,0,0,0,0,1,398.61,398.61,7F,1,1,1,0080,57,40,40,0,0,19,0.00
03/06/2018 4:33:30,54 58.40879,-1 31.2202,311,0,467,922502,1145049,398.59,-0.114,4159,4149,4152,10,0,109.9,43.3,106.0,41.1,none,none,99.8,37.7,4159,4158,4151,4153,4153,4152,4151,4151,4150,4151,4150,4151,4152,4151,4150,4151,4150,4150,4149,4152,4151,4149,4150,4151,4150,4153,4149,4151,4150,4151,4150,4151,4151,4150,4151,4152,4150,4150,4149,4150,4151,4151,4156,4155,4153,4153,4157,4152,4155,4152,4156,4155,4155,4154,4157,4153,4151,4151,4157,4152,4154,4151,4151,4152,4154,4154,4151,4151,4151,4152,4152,4151,4153,4151,4151,4151,4151,4151,4151,4151,4151,4152,4153,4152,4151,4150,4150,4150,4157,4157,4152,4152,4155,4153,4154,4152,-11.67,SJNFAAZE1U0005576,117.67,11.92,8967.2421875,78,74,0,0,0,0,14.5,99.19,-153992,88,1527996810.296,0,0,0,0,0,0,0,0,0,1,398.59,398.59,7F,1,1,1,0080,57,40,40,0,0,19,0.00
03/06/2018 4:33:34,54 58.40879,-1 31.22021,311,0,467,922502,1145049,398.50,-0.053,4158,4149,4151,9,0,110.2,43.4,106.0,41.1,none,none,99.8,37.7,4158,4158,4151,4153,4153,4152,4150,4150,4151,4150,4150,4151,4151,4151,4150,4150,4149,4151,4149,4152,4152,4150,4150,4151,4151,4153,4149,4151,4150,4152,4150,4150,4153,4150,4150,4151,4150,4150,4150,4149,4151,4150,4157,4155,4153,4153,4155,4151,4155,4151,4155,4156,4155,4152,4158,4153,4150,4150,4157,4151,4154,4151,4151,4151,4154,4154,4152,4151,4152,4151,4151,4150,4152,4151,4151,4151,4150,4151,4150,4151,4150,4151,4152,4152,4152,4151,4151,4151,4157,4157,4153,4152,4155,4153,4153,4152,-11.63,SJNFAAZE1U0005576,117.67,11.92,8967.2421875,78,74,0,0,0,0,14.5,99.19,-153992,88,1527996814.075,0,0,0,0,0,0,0,0,0,1,398.57,398.57,7F,1,1,1,0080,57,40,40,0,0,19,0.00
03/06/2018 4:33:37,54 58.40879,-1 31.22021,311,0,467,922502,1145049,398.50,0.007,4158,4149,4151,9,0,109.9,43.3,106.0,41.1,none,none,99.8,37.7,4158,4158,4151,4152,4154,4151,4150,4150,4151,4151,4150,4151,4151,4151,4149,4151,4150,4150,4150,4152,4151,4149,4150,4151,4150,4153,4150,4151,4149,4150,4149,4150,4151,4151,4149,4152,4151,4150,4150,4149,4151,4151,4156,4154,4152,4152,4156,4151,4155,4154,4155,4155,4155,4153,4157,4152,4151,4150,4157,4151,4153,4151,4151,4151,4154,4154,4152,4152,4151,4151,4151,4151,4152,4151,4151,4151,4151,4150,4150,4151,4150,4152,4152,4153,4151,4151,4150,4151,4157,4157,4152,4152,4155,4152,4152,4152,-11.66,SJNFAAZE1U0005576,117.67,11.92,8967.2421875,78,74,0,0,0,0,14.5,99.19,-153992,88,1527996817.787,0,0,0,0,0,0,0,0,0,1,398.67,398.67,7F,1,1,1,0080,57,40,40,0,0,19,0.00
03/06/2018 4:33:41,54 58.40908,-1 31.22015,314,0,467,922502,1145049,398.50,0.007,4158,4149,4151,9,0,109.9,43.3,106.0,41.1,none,none,99.6,37.6,4157,4158,4151,4154,4153,4152,4150,4150,4150,4150,4150,4151,4151,4151,4149,4150,4149,4151,4149,4151,4151,4149,4149,4150,4151,4152,4149,4151,4149,4152,4149,4151,4152,4149,4150,4151,4150,4150,4150,4150,4151,4150,4156,4154,4152,4152,4156,4151,4154,4151,4155,4155,4155,4153,4157,4152,4150,4149,4156,4151,4153,4151,4151,4150,4153,4155,4152,4151,4151,4151,4152,4149,4153,4151,4151,4151,4151,4151,4150,4150,4150,4151,4152,4151,4152,4150,4150,4150,4156,4156,4151,4151,4154,4153,4152,4151,-11.66,SJNFAAZE1U0005576,117.67,11.92,8967.2421875,78,74,0,0,0,0,14.5,99.19,-153992,88,1527996821.407,0,0,0,0,0,0,0,0,0,1,398.66,398.66,7F,1,1,1,0080,57,40,40,0,0,19,0.00
03/06/2018 4:33:44,54 58.40885,-1 31.22204,308,0,467,922502,1145049,398.50,-0.114,4158,4149,4151,9,0,109.9,43.3,106.0,41.1,none,none,99.8,37.7,4157,4158,4151,4153,4154,4151,4150,4150,4150,4150,4149,4150,4152,4151,4150,4151,4150,4150,4149,4152,4151,4150,4150,4150,4151,4152,4150,4150,4151,4151,4150,4150,4150,4149,4149,4151,4151,4149,4151,4149,4151,4150,4156,4155,4153,4152,4155,4150,4154,4152,4155,4155,4154,4153,4158,4151,4150,4150,4157,4150,4153,4150,4150,4151,4152,4155,4152,4151,4151,4151,4152,4150,4152,4150,4150,4150,4150,4149,4149,4150,4150,4152,4152,4151,4151,4150,4151,4151,4156,4156,4151,4152,4154,4152,4151,4151,-11.64,SJNFAAZE1U0005576,117.67,11.92,8967.2421875,78,74,0,0,0,0,14.5,99.19,-153992,88,1527996824.718,0,0,0,0,0,0,0,0,0,1,398.54,398.54,7F,1,1,1,0080,57,40,40,0,0,19,0.00
03/06/2018 4:33:48,54 58.40975,-1 31.22257,311,0,467,922502,1145049,398.59,-0.114,4159,4149,4152,10,0,109.9,43.3,106.0,41.1,none,none,99.8,37.7,4158,4159,4152,4153,4154,4153,4150,4151,4151,4151,4150,4150,4152,4153,4150,4151,4149,4152,4150,4152,4152,4150,4151,4152,4150,4153,4150,4151,4150,4151,4150,4152,4151,4151,4150,4152,4151,4150,4151,4151,4152,4151,4156,4155,4153,4153,4156,4152,4155,4152,4156,4155,4156,4154,4158,4153,4150,4151,4158,4151,4154,4152,4152,4152,4154,4155,4152,4153,4151,4152,4152,4151,4153,4151,4152,4151,4151,4150,4152,4151,4151,4152,4153,4151,4151,4152,4150,4151,4157,4157,4153,4153,4156,4153,4153,4153,-11.73,SJNFAAZE1U0005576,117.67,11.92,8967.2421875,78,74,0,0,0,0,14.5,99.19,-153992,88,1527996828.187,0,0,0,0,0,0,0,0,0,1,398.53,398.53,7F,1,1,1,0080,57,40,40,0,0,19,0.00
03/06/2018 4:33:51,54 58.41036,-1 31.22188,311,0,467,922502,1145049,398.59,-0.144,4159,4149,4152,10,0,109.9,43.3,106.0,41.1,none,none,99.8,37.7,4157,4159,4151,4153,4155,4152,4151,4152,4151,4151,4151,4151,4152,4151,4151,4152,4151,4151,4151,4152,4152,4150,4151,4152,4151,4153,4151,4151,4150,4152,4151,4152,4152,4151,4151,4152,4151,4151,4150,4150,4152,4151,4156,4155,4154,4154,4156,4152,4156,4154,4156,4156,4155,4154,4158,4152,4151,4150,4157,4152,4153,4151,4151,4151,4154,4155,4152,4152,4152,4153,4152,4152,4152,4151,4152,4151,4151,4151,4151,4151,4151,4151,4153,4153,4152,4150,4149,4150,4157,4157,4152,4152,4155,4154,4152,4152,-11.68,SJNFAAZE1U0005576,117.67,11.92,8967.2421875,78,74,0,0,0,0,14.5,99.19,-153992,88,1527996831.715,0,0,0,0,0,0,0,0,0,1,398.52,398.52,7F,1,1,1,0080,57,40,40,0,0,19,0.00
03/06/2018 4:33:55,54 58.41055,-1 31.22186,314,0,467,922502,1145049,398.50,0.007,4158,4148,4151,10,0,109.9,43.3,106.0,41.1,none,none,99.6,37.6,4157,4158,4150,4151,4152,4151,4150,4151,4149,4150,4149,4150,4151,4151,4149,4150,4149,4150,4148,4151,4152,4149,4150,4150,4150,4152,4149,4150,4149,4150,4151,4150,4151,4150,4150,4151,4150,4149,4149,4149,4151,4150,4156,4154,4152,4152,4155,4150,4155,4152,4155,4155,4154,4152,4157,4151,4151,4148,4157,4150,4153,4151,4150,4150,4152,4154,4151,4151,4151,4151,4151,4149,4153,4150,4151,4150,4150,4150,4149,4150,4151,4150,4152,4151,4151,4150,4150,4151,4156,4156,4152,4152,4154,4152,4152,4151,-11.62,SJNFAAZE1U0005576,117.67,11.92,8967.2421875,78,74,0,0,0,0,14.5,99.19,-153992,88,1527996835.129,0,0,0,0,0,0,0,0,0,1,398.51,398.51,7F,1,1,1,0080,57,40,40,0,0,19,0.00
03/06/2018 4:33:58,54 58.41115,-1 31.22462,311,0,467,922502,1145049,398.50,-0.114,4158,4148,4151,10,0,109.9,43.3,106.0,41.1,none,none,99.8,37.7,4157,4158,4151,4152,4154,4151,4150,4150,4151,4149,4149,4151,4150,4151,4149,4150,4150,4150,4150,4151,4151,4149,4151,4150,4149,4152,4150,4150,4149,4150,4149,4151,4151,4150,4148,4150,4150,4150,4148,4149,4150,4149,4155,4153,4152,4152,4155,4150,4155,4151,4155,4155,4154,4152,4157,4151,4149,4150,4157,4151,4153,4150,4150,4151,4152,4154,4151,4150,4151,4150,4150,4150,4152,4150,4150,4150,4150,4150,4150,4150,4150,4151,4151,4151,4150,4150,4150,4150,4156,4156,4150,4152,4154,4152,4152,4151,-11.67,SJNFAAZE1U0005576,117.67,11.92,8967.2421875,78,74,0,0,0,0,14.5,99.19,-153992,88,1527996838.634,0,0,0,0,0,0,0,0,0,1,398.51,398.51,7F,1,1,1,0080,57,40,40,0,0,19,0.00
03/06/2018 4:34:02,54 58.41202,-1 31.22671,311,0,467,922502,1145049,398.40,-0.114,4157,4148,4150,9,0,109.9,43.3,106.0,41.1,none,none,99.8,37.7,4157,4157,4151,4152,4153,4151,4150,4149,4149,4149,4148,4150,4150,4150,4150,4150,4148,4150,4148,4150,4150,4149,4149,4151,4150,4152,4148,4150,4150,4150,4149,4150,4150,4149,4148,4150,4150,4149,4150,4148,4150,4150,4154,4154,4153,4152,4154,4151,4154,4150,4154,4154,4154,4152,4156,4153,4149,4149,4156,4151,4152,4150,4149,4150,4152,4153,4151,4151,4152,4150,4150,4150,4152,4151,4151,4150,4150,4150,4150,4150,4149,4150,4151,4150,4151,4150,4149,4150,4156,4155,4150,4151,4154,4152,4151,4152,-11.70,SJNFAAZE1U0005576,117.67,11.92,8967.2421875,78,74,0,0,0,0,14.5,99.19,-153992,88,1527996842.267,0,0,0,0,0,0,0,0,0,1,398.50,398.50,7F,1,1,1,0080,57,40,40,0,0,19,0.00
03/06/2018 4:34:05,54 58.41177,-1 31.22612,314,0,467,922502,1145049,398.40,-0.083,4157,4148,4150,9,0,109.9,43.3,106.0,41.1,none,none,99.6,37.6,4157,4157,4150,4152,4153,4150,4148,4150,4150,4149,4150,4149,4151,4150,4149,4150,4148,4149,4150,4150,4151,4148,4149,4150,4150,4151,4148,4150,4149,4150,4149,4150,4151,4148,4148,4151,4150,4149,4150,4149,4150,4150,4155,4153,4152,4152,4155,4150,4153,4151,4155,4155,4154,4153,4157,4151,4149,4150,4157,4150,4153,4150,4150,4150,4152,4154,4151,4151,4151,4151,4151,4149,4151,4151,4151,4149,4149,4151,4149,4150,4150,4150,4151,4151,4150,4150,4149,4149,4155,4155,4151,4151,4152,4152,4151,4151,-11.64,SJNFAAZE1U0005576,117.67,11.92,8967.2421875,78,74,0,0,0,0,14.5,99.19,-153992,88,1527996845.826,0,0,0,0,0,0,0,0,0,1,398.50,398.50,7F,1,1,1,0080,57,40,40,0,0,19,0.00
03/06/2018 4:34:09,54 58.41223,-1 31.22621,321,0,467,922502,1145049,398.40,-0.114,4157,4148,4150,9,0,109.9,43.3,105.8,41.0,none,none,99.6,37.6,4156,4157,4149,4152,4152,4151,4150,4149,4149,4149,4149,4150,4150,4150,4148,4149,4149,4150,4148,4151,4151,4149,4149,4151,4149,4152,4149,4149,4149,4150,4149,4150,4150,4149,4149,4151,4150,4149,4149,4148,4150,4150,4156,4152,4152,4151,4154,4150,4153,4151,4154,4155,4153,4152,4157,4151,4149,4149,4157,4150,4152,4150,4150,4150,4152,4154,4151,4151,4151,4150,4149,4148,4151,4150,4150,4149,4150,4149,4150,4150,4150,4151,4151,4150,4151,4149,4149,4150,4156,4155,4150,4150,4153,4153,4151,4151,-11.65,SJNFAAZE1U0005576,117.67,11.92,8967.2421875,78,74,0,0,0,0,14.5,99.19,-153992,88,1527996849.757,0,0,0,0,0,0,0,0,0,1,398.48,398.48,7F,1,1,1,0080,57,40,40,0,0,19,0.00
03/06/2018 4:34:13,54 58.41219,-1 31.2261,324,0,467,922502,1145049,398.40,-0.083,4157,4148,4150,9,0,109.9,43.3,105.8,41.0,none,none,99.6,37.6,4157,4157,4150,4152,4153,4150,4149,4148,4149,4150,4148,4150,4151,4150,4148,4150,4148,4149,4149,4150,4151,4148,4148,4151,4149,4151,4149,4149,4149,4150,4149,4150,4149,4148,4149,4150,4149,4148,4149,4149,4150,4149,4154,4153,4151,4152,4154,4150,4154,4151,4154,4154,4153,4152,4156,4151,4149,4149,4156,4150,4153,4150,4150,4151,4152,4154,4151,4150,4150,4151,4151,4150,4151,4150,4150,4149,4150,4149,4149,4150,4150,4150,4151,4151,4151,4151,4150,4150,4156,4156,4151,4151,4154,4152,4151,4150,-11.64,SJNFAAZE1U0005576,117.67,11.92,8967.2421875,78,74,0,0,0,0,14.5,99.19,-153992,88,1527996853.546,0,0,0,0,0,0,0,0,0,1,398.47,398.47,7F,1,1,1,0080,57,40,40,0,0,19,0.00
03/06/2018 4:34:17,54 58.41215,-1 31.22564,328,0,467,922502,1145049,398.40,-0.083,4157,4148,4150,9,0,109.9,43.3,105.8,41.0,none,none,99.6,37.6,4156,4157,4151,4150,4153,4150,4149,4150,4149,4149,4148,4150,4150,4151,4148,4149,4149,4150,4149,4149,4150,4149,4149,4150,4150,4151,4148,4149,4148,4150,4148,4150,4150,4149,4148,4150,4150,4149,4149,4148,4150,4149,4154,4154,4152,4152,4154,4150,4153,4151,4154,4154,4154,4152,4156,4151,4150,4149,4156,4150,4152,4150,4150,4150,4152,4154,4151,4150,4150,4150,4150,4149,4151,4149,4150,4149,4150,4150,4151,4150,4149,4150,4151,4151,4150,4150,4149,4149,4155,4155,4150,4151,4153,4152,4152,4151,-11.66,SJNFAAZE1U0005576,117.67,11.92,8967.2421875,78,74,0,0,0,0,14.5,99.19,-153992,88,1527996857.017,0,0,0,0,0,0,0,0,0,1,398.46,398.46,7F,1,1,1,0080,57,40,40,0,0,19,0.00
03/06/2018 4:34:20,54 58.41203,-1 31.22533,331,0,467,922502,1145049,398.40,-0.114,4158,4148,4150,10,0,109.9,43.3,106.0,41.1,none,none,99.6,37.6,4156,4158,4150,4151,4152,4150,4149,4149,4150,4149,4149,4149,4150,4149,4148,4150,4149,4149,4149,4150,4151,4148,4148,4150,4149,4151,4148,4149,4150,4150,4150,4149,4151,4148,4148,4151,4150,4148,4149,4148,4149,4149,4154,4153,4152,4151,4155,4149,4154,4151,4155,4155,4153,4151,4155,4151,4148,4148,4156,4149,4153,4149,4150,4150,4152,4154,4151,4150,4150,4150,4151,4149,4150,4150,4149,4149,4149,4148,4149,4149,4149,4150,4151,4150,4150,4150,4148,4149,4155,4155,4151,4150,4154,4151,4151,4151,-11.62,SJNFAAZE1U0005576,117.67,11.92,8967.2421875,78,74,0,0,0,0,14.5,99.19,-153992,88,1527996860.408,0,0,0,0,0,0,0,0,0,1,398.45,398.45,7F,1,1,1,0080,57,40,40,0,0,19,0.00
03/06/2018 4:34:24,54 58.41204,-1 31.2252,331,0,467,922502,1145049,398.40,-0.114,4158,4148,4150,10,0,109.9,43.3,105.8,41.0,none,none,99.6,37.6,4156,4158,4150,4152,4152,4150,4148,4149,4149,4149,4149,4149,4151,4151,4148,4150,4149,4149,4149,4150,4150,4148,4148,4150,4149,4151,4148,4149,4148,4149,4149,4150,4150,4148,4149,4150,4149,4149,4149,4148,4149,4148,4154,4153,4151,4152,4154,4150,4153,4149,4153,4154,4154,4152,4156,4150,4149,4148,4156,4150,4152,4150,4149,4149,4152,4154,4150,4150,4150,4149,4150,4149,4150,4150,4150,4149,4148,4150,4149,4149,4149,4149,4151,4149,4150,4150,4149,4150,4155,4156,4151,4150,4154,4151,4151,4150,-11.56,SJNFAAZE1U0005576,117.67,11.92,8967.2421875,78,74,0,0,0,0,14.5,99.19,-153992,88,1527996864.326,0,0,0,0,0,0,0,0,0,1,398.43,398.43,7F,1,1,1,0080,57,40,40,0,0,19,0.00
03/06/2018 4:34:28,54 58.412,-1 31.22518,331,0,467,922502,1145049,398.40,-0.114,4156,4148,4150,8,0,109.9,43.3,106.0,41.1,none,none,99.6,37.6,4156,4156,4150,4152,4152,4151,4148,4149,4149,4148,4149,4150,4151,4150,4149,4149,4149,4149,4149,4150,4149,4148,4149,4150,4149,4151,4148,4148,4149,4148,4149,4149,4149,4148,4149,4150,4150,4148,4148,4148,4149,4149,4154,4153,4152,4151,4154,4149,4153,4151,4153,4154,4153,4152,4156,4151,4149,4148,4156,4150,4153,4149,4150,4150,4151,4153,4151,4149,4151,4150,4150,4149,4151,4150,4150,4148,4149,4150,4149,4150,4149,4149,4151,4149,4150,4149,4148,4148,4155,4155,4151,4150,4153,4152,4150,4150,-11.60,SJNFAAZE1U0005576,117.67,11.92,8967.2421875,78,74,0,0,0,0,14.5,99.19,-153992,88,1527996868.219,0,0,0,0,0,0,0,0,0,1,398.43,398.43,7F,1,1,1,0080,57,40,40,0,0,19,0.00
03/06/2018 4:34:31,54 58.41198,-1 31.22516,324,0,467,922502,1145049,398.50,-0.114,4158,4148,4151,10,0,109.9,43.3,105.8,41.0,none,none,99.6,37.6,4157,4158,4150,4152,4153,4152,4150,4150,4150,4150,4149,4150,4151,4151,4150,4150,4150,4151,4150,4151,4151,4148,4149,4150,4149,4151,4149,4150,4150,4150,4149,4150,4151,4149,4150,4152,4150,4150,4149,4149,4150,4148,4156,4155,4152,4152,4156,4150,4154,4151,4154,4155,4155,4152,4157,4152,4150,4149,4157,4150,4153,4150,4150,4151,4153,4154,4151,4151,4151,4151,4151,4150,4152,4151,4151,4149,4150,4150,4150,4150,4150,4150,4151,4151,4150,4150,4149,4149,4156,4156,4151,4152,4154,4152,4151,4152,-11.66,SJNFAAZE1U0005576,117.67,11.92,8967.2421875,78,74,0,0,0,0,14.5,99.19,-153992,88,1527996871.934,0,0,0,0,0,0,0,0,0,1,398.42,398.42,7F,1,1,1,0080,57,40,40,0,0,19,0.00
03/06/2018 4:34:35,54 58.41196,-1 31.22515,324,0,467,922502,1145049,398.50,-0.144,4158,4148,4151,10,0,109.9,43.3,105.8,41.0,none,none,99.6,37.6,4158,4158,4150,4152,4153,4151,4150,4149,4150,4150,4150,4150,4150,4150,4149,4150,4149,4150,4149,4151,4149,4149,4150,4151,4150,4152,4149,4149,4149,4151,4149,4150,4150,4150,4149,4152,4150,4149,4150,4148,4150,4150,4155,4155,4152,4152,4155,4150,4154,4151,4155,4153,4154,4153,4156,4151,4150,4148,4156,4150,4153,4151,4150,4151,4153,4154,4151,4151,4152,4151,4151,4150,4152,4150,4151,4149,4150,4150,4150,4151,4150,4150,4152,4151,4150,4150,4150,4151,4155,4156,4151,4151,4154,4151,4151,4151,-11.55,SJNFAAZE1U0005576,117.67,11.92,8967.2421875,78,74,0,0,0,0,14.5,99.19,-153992,88,1527996875.543,0,0,0,0,0,0,0,0,0,1,398.41,398.41,7F,1,1,1,0080,57,40,40,0,0,19,0.00
03/06/2018 4:34:39,54 58.41194,-1 31.22513,324,0,467,922502,1145049,398.50,-0.114,4158,4148,4151,10,0,109.9,43.3,105.8,41.0,none,none,99.6,37.6,4158,4158,4150,4152,4153,4151,4149,4149,4149,4150,4150,4151,4151,4151,4150,4150,4149,4150,4148,4151,4151,4149,4150,4150,4149,4151,4149,4150,4149,4150,4150,4150,4151,4149,4149,4152,4150,4149,4150,4149,4149,4149,4155,4153,4152,4152,4154,4150,4154,4151,4154,4154,4154,4152,4157,4151,4150,4148,4156,4151,4152,4150,4150,4150,4153,4154,4151,4151,4152,4150,4150,4149,4152,4151,4151,4148,4150,4151,4150,4150,4150,4151,4152,4150,4150,4150,4150,4150,4155,4156,4150,4150,4154,4152,4152,4151,-11.73,SJNFAAZE1U0005576,117.67,11.92,8967.2421875,78,74,0,0,0,0,14.5,99.19,-153992,88,1527996879.024,0,0,0,0,0,0,0,0,0,1,398.40,398.40,7F,1,1,1,0080,57,40,40,0,0,19,0.00
03/06/2018 4:34:42,54 58.41192,-1 31.2251,328,0,467,922502,1145049,398.40,-0.114,4157,4147,4150,10,0,109.9,43.3,105.8,41.0,none,none,99.6,37.6,4156,4157,4149,4151,4152,4151,4148,4149,4149,4149,4148,4148,4150,4149,4147,4149,4149,4149,4149,4149,4151,4148,4148,4149,4149,4151,4148,4148,4147,4150,4148,4149,4149,4148,4148,4150,4148,4148,4148,4148,4149,4149,4155,4152,4151,4151,4154,4149,4153,4150,4153,4154,4153,4151,4155,4151,4149,4148,4155,4150,4153,4149,4149,4149,4151,4153,4150,4149,4151,4150,4149,4149,4151,4149,4149,4148,4148,4147,4149,4149,4149,4149,4150,4149,4150,4149,4147,4148,4154,4154,4150,4150,4153,4152,4151,4150,-11.61,SJNFAAZE1U0005576,117.67,11.92,8967.2421875,78,74,0,0,0,0,14.5,99.19,-153992,88,1527996882.581,0,0,0,0,0,0,0,0,0,1,398.39,398.39,7F,1,1,1,0080,57,40,40,0,0,19,0.00
03/06/2018 4:34:46,54 58.4119,-1 31.22508,328,0,467,922502,1145049,398.30,-0.114,4157,4147,4149,10,0,109.9,43.3,105.8,41.0,none,none,99.6,37.6,4155,4157,4149,4150,4151,4149,4149,4149,4149,4149,4148,4148,4149,4151,4149,4150,4148,4148,4147,4150,4149,4148,4148,4150,4149,4151,4149,4149,4147,4148,4149,4149,4149,4147,4148,4149,4149,4148,4147,4148,4149,4149,4154,4153,4150,4151,4153,4149,4153,4150,4154,4154,4152,4151,4156,4150,4149,4148,4155,4149,4151,4149,4149,4150,4151,4153,4150,4150,4150,4149,4150,4148,4151,4150,4149,4148,4149,4148,4147,4149,4148,4149,4151,4149,4149,4149,4148,4148,4154,4154,4149,4150,4152,4151,4150,4151,-11.56,SJNFAAZE1U0005576,117.67,11.92,8967.2421875,78,74,0,0,0,0,14.5,99.19,-153992,88,1527996886.385,0,0,0,0,0,0,0,0,0,1,398.39,398.39,7F,1,1,1,0080,57,40,40,0,0,19,0.00
03/06/2018 4:34:50,54 58.41159,-1 31.22455,328,0,467,922502,1145049,398.30,-0.114,4156,4147,4149,9,0,109.9,43.3,105.8,41.0,none,none,99.6,37.6,4156,4156,4150,4150,4152,4150,4147,4148,4149,4149,4148,4148,4149,4150,4147,4149,4148,4149,4148,4150,4149,4148,4148,4149,4148,4151,4148,4149,4148,4149,4148,4148,4149,4148,4147,4149,4148,4148,4148,4148,4150,4148,4155,4153,4151,4150,4153,4148,4153,4150,4155,4153,4153,4151,4155,4149,4149,4147,4156,4149,4152,4149,4148,4148,4151,4152,4149,4150,4150,4148,4149,4148,4150,4149,4149,4149,4149,4149,4148,4150,4148,4149,4150,4149,4149,4149,4147,4148,4156,4155,4150,4150,4154,4151,4150,4150,-11.62,SJNFAAZE1U0005576,117.67,11.92,8967.2421875,78,74,0,0,0,0,14.5,99.19,-153992,88,1527996890.024,0,0,0,0,0,0,0,0,0,1,398.38,398.38,7F,1,1,1,0080,57,40,40,0,0,19,0.00
03/06/2018 4:34:53,54 58.41212,-1 31.22395,321,0,467,922502,1145049,398.30,-0.144,4157,4147,4149,10,0,109.9,43.3,105.8,41.0,none,none,99.6,37.6,4155,4157,4149,4151,4152,4150,4149,4148,4149,4148,4147,4149,4149,4149,4147,4149,4149,4148,4148,4149,4150,4148,4147,4149,4148,4152,4148,4149,4149,4149,4149,4148,4149,4148,4147,4149,4149,4147,4149,4149,4149,4149,4154,4152,4150,4150,4154,4148,4153,4149,4153,4153,4153,4150,4155,4151,4149,4148,4155,4150,4151,4149,4149,4149,4151,4153,4150,4150,4150,4149,4149,4148,4151,4148,4149,4148,4148,4148,4148,4149,4149,4149,4151,4149,4150,4148,4147,4148,4154,4154,4150,4150,4153,4151,4150,4151,-11.64,SJNFAAZE1U0005576,117.67,11.92,8967.2421875,78,74,0,0,0,0,14.5,99.19,-153992,88,1527996893.667,0,0,0,0,0,0,0,0,0,1,398.36,398.36,7F,1,1,1,0080,57,40,40,0,0,19,0.00
03/06/2018 4:34:57,54 58.41208,-1 31.22349,324,0,467,922502,1145049,398.30,-0.144,4157,4146,4149,11,0,109.9,43.3,105.8,41.0,none,none,99.6,37.6,4156,4157,4148,4151,4151,4150,4149,4149,4148,4148,4147,4149,4149,4149,4147,4149,4148,4149,4148,4150,4149,4147,4148,4150,4148,4150,4148,4149,4147,4149,4148,4149,4149,4148,4148,4150,4149,4148,4148,4146,4149,4148,4154,4153,4151,4150,4153,4150,4152,4149,4154,4153,4152,4151,4155,4150,4148,4148,4155,4148,4151,4149,4150,4149,4151,4152,4149,4149,4150,4149,4150,4148,4151,4149,4148,4148,4148,4148,4148,4149,4149,4149,4150,4149,4150,4149,4147,4148,4153,4154,4149,4149,4152,4151,4150,4149,-11.64,SJNFAAZE1U0005576,117.67,11.92,8967.2421875,78,74,0,0,0,0,14.5,99.19,-153992,88,1527996897.626,0,0,0,0,0,0,0,0,0,1,398.37,398.37,7F,1,1,1,0080,57,40,40,0,0,19,0.00
03/06/2018 4:35:01,54 58.41191,-1 31.22346,324,0,467,922502,1145049,398.40,-0.022,4158,4148,4150,10,0,109.9,43.3,105.8,41.0,none,none,99.6,37.6,4157,4158,4150,4151,4151,4151,4149,4149,4150,4149,4148,4150,4150,4150,4150,4149,4150,4150,4149,4150,4149,4148,4148,4150,4150,4151,4148,4150,4148,4150,4149,4150,4150,4149,4148,4151,4150,4149,4149,4148,4149,4148,4155,4153,4152,4152,4155,4150,4154,4150,4153,4154,4153,4152,4156,4151,4149,4149,4156,4149,4152,4149,4149,4150,4152,4154,4151,4150,4151,4151,4149,4149,4151,4150,4150,4149,4149,4148,4148,4149,4150,4150,4151,4150,4151,4149,4148,4150,4156,4156,4150,4150,4154,4152,4150,4151,-11.67,SJNFAAZE1U0005576,117.67,11.92,8967.2421875,78,74,0,0,0,0,14.5,99.19,-153992,88,1527996901.566,0,0,0,0,0,0,0,0,0,1,398.44,398.44,7F,1,1,1,0080,57,40,40,0,0,19,0.00
03/06/2018 4:35:05,54 58.41196,-1 31.22358,324,0,467,922490,1145049,398.21,3.272,4154,4146,4148,8,0,109.9,43.3,105.8,41.0,none,none,99.6,37.6,4153,4154,4147,4150,4149,4149,4147,4148,4147,4147,4146,4147,4147,4148,4146,4148,4146,4148,4146,4149,4148,4146,4147,4149,4147,4150,4146,4148,4146,4148,4147,4148,4147,4148,4146,4148,4147,4148,4146,4147,4147,4148,4152,4152,4148,4149,4151,4148,4151,4149,4151,4151,4151,4150,4153,4150,4148,4147,4153,4148,4150,4147,4147,4148,4150,4151,4147,4146,4147,4148,4148,4146,4149,4148,4147,4147,4147,4147,4147,4147,4147,4148,4148,4148,4148,4148,4147,4147,4153,4153,4148,4149,4151,4150,4148,4148,34.32,SJNFAAZE1U0005576,117.67,13.84,8967.2421875,78,74,0,0,0,0,14.5,99.19,-153992,88,1527996905.117,0,3,0,0,0,0,0,0,0,1,398.28,398.28,7F,1,1,1,0080,57,40,40,0,0,19,-35.25
03/06/2018 4:35:08,54 58.41105,-1 31.22288,334,1,467,922438,1145049,398.02,8.460,4153,4143,4146,10,0,109.9,43.3,105.8,41.0,none,none,99.6,37.6,4152,4153,4145,4148,4149,4146,4145,4145,4145,4145,4144,4145,4145,4146,4145,4145,4145,4145,4145,4146,4145,4145,4145,4147,4145,4147,4144,4145,4144,4146,4144,4146,4146,4145,4143,4146,4144,4145,4145,4145,4146,4145,4150,4149,4146,4147,4149,4145,4148,4147,4149,4150,4148,4147,4152,4148,4145,4145,4151,4146,4147,4146,4146,4145,4148,4150,4147,4145,4146,4146,4146,4146,4147,4146,4145,4144,4144,4145,4145,4145,4145,4146,4146,4145,4146,4145,4145,4145,4151,4152,4146,4146,4148,4146,4146,4147,24.73,SJNFAAZE1U0005576,117.67,14.48,8967.2421875,78,74,0,0,0,0,14.5,99.19,-153992,88,1527996908.546,1160,3,1,0,7,0,0,0,0,2,398.08,398.08,7F,1,1,1,0080,57,40,40,0,0,19,-36.50
03/06/2018 4:35:12,54 58.41014,-1 31.21978,337,3,467,922376,1145049,398.11,4.187,4154,4144,4147,10,0,109.9,43.3,105.8,41.0,none,none,99.6,37.6,4152,4154,4147,4147,4149,4146,4146,4145,4146,4146,4145,4146,4146,4147,4145,4145,4146,4146,4146,4147,4147,4146,4145,4147,4145,4148,4146,4144,4146,4146,4145,4147,4147,4146,4145,4147,4146,4145,4146,4145,4146,4145,4151,4149,4147,4148,4150,4146,4150,4147,4151,4150,4151,4149,4153,4147,4146,4144,4152,4147,4150,4146,4146,4146,4148,4150,4146,4147,4147,4147,4147,4146,4148,4145,4146,4145,4147,4147,4146,4147,4146,4146,4147,4147,4147,4146,4145,4146,4152,4152,4147,4148,4150,4148,4147,4147,20.38,SJNFAAZE1U0005576,117.67,14.40,8967.2421875,78,74,0,0,0,0,14.5,99.19,-153992,88,1527996912.140,1920,3,1,0,7,0,0,0,0,2,398.12,398.12,7F,1,1,1,0080,57,40,40,0,0,19,-8.25
03/06/2018 4:35:15,54 58.40959,-1 31.21985,347,4,467,922319,1145049,397.73,16.608,4149,4141,4143,8,0,109.9,43.3,105.8,41.0,none,none,99.6,37.6,4149,4149,4143,4144,4144,4143,4142,4143,4142,4142,4141,4142,4144,4143,4142,4143,4141,4142,4141,4143,4144,4142,4143,4143,4143,4145,4142,4143,4142,4143,4142,4143,4143,4141,4142,4144,4144,4142,4141,4141,4143,4142,4147,4145,4145,4145,4146,4143,4146,4143,4147,4148,4145,4144,4149,4143,4142,4141,4148,4142,4145,4141,4142,4143,4145,4146,4143,4143,4143,4142,4143,4142,4145,4142,4143,4142,4141,4142,4143,4142,4143,4143,4144,4142,4143,4142,4143,4142,4148,4148,4143,4143,4146,4144,4143,4144,18.08,SJNFAAZE1U0005576,117.67,14.40,8967.2421875,78,74,0,0,0,0,14.5,99.19,-153992,88,1527996915.609,3120,3,2,0,8,0,0,0,0,4,397.77,397.77,7F,1,1,1,0080,57,40,40,0,0,19,45.25
03/06/2018 4:35:19,54 58.40723,-1 31.23027,344,5,467,922221,1145049,397.82,9.284,4151,4142,4144,9,0,109.7,43.1,105.8,41.0,none,none,99.6,37.6,4151,4151,4144,4146,4147,4144,4145,4143,4144,4144,4144,4145,4145,4144,4143,4144,4143,4143,4143,4144,4144,4143,4143,4145,4144,4145,4144,4143,4144,4145,4143,4144,4145,4142,4143,4145,4145,4143,4143,4143,4144,4143,4149,4147,4146,4146,4148,4144,4148,4144,4147,4147,4148,4146,4151,4145,4144,4143,4150,4143,4146,4145,4145,4144,4146,4147,4145,4145,4145,4145,4145,4143,4144,4144,4144,4143,4144,4144,4144,4144,4144,4145,4145,4145,4144,4144,4144,4143,4150,4149,4144,4146,4148,4145,4145,4145,16.45,SJNFAAZE1U0005576,117.67,14.40,8967.2421875,78,74,0,0,0,0,14.5,99.19,-153992,88,1527996919.343,2880,3,1,0,6,0,0,0,0,4,397.91,397.91,7F,1,1,1,0080,57,40,40,0,0,19,22.50
03/06/2018 4:35:23,54 58.41013,-1 31.2376,341,5,467,922173,1145049,398.02,2.600,4154,4144,4146,10,0,109.7,43.1,105.8,41.0,none,none,99.6,37.6,4154,4153,4146,4147,4149,4147,4145,4145,4145,4146,4145,4145,4146,4147,4146,4146,4144,4146,4145,4145,4145,4144,4144,4147,4145,4147,4145,4146,4144,4146,4146,4146,4146,4145,4145,4147,4146,4144,4145,4144,4146,4145,4151,4149,4148,4148,4150,4146,4150,4146,4150,4149,4149,4147,4152,4147,4146,4144,4152,4146,4148,4144,4146,4145,4148,4149,4146,4146,4147,4146,4146,4145,4147,4146,4146,4144,4145,4146,4146,4145,4145,4145,4146,4145,4146,4145,4145,4145,4150,4151,4147,4147,4149,4148,4146,4146,15.18,SJNFAAZE1U0005576,117.67,14.40,8967.2421875,78,74,0,0,0,0,14.5,99.19,-153992,88,1527996923.181,80,3,1,0,5,0,0,0,0,4,398.06,398.06,7F,1,1,1,0080,57,40,40,0,0,19,-0.50
03/06/2018 4:35:26,54 58.41116,-1 31.23899,347,0,467,922150,1145049,398.02,2.998,4153,4144,4146,9,0,109.9,43.3,105.8,41.0,none,none,99.6,37.6,4152,4152,4146,4147,4148,4147,4145,4145,4146,4145,4145,4146,4147,4147,4144,4146,4144,4146,4144,4146,4147,4144,4145,4147,4145,4147,4146,4145,4144,4146,4145,4146,4146,4146,4144,4146,4146,4145,4145,4145,4146,4145,4151,4150,4147,4147,4151,4146,4150,4146,4149,4150,4149,4147,4153,4146,4146,4145,4152,4146,4148,4146,4145,4146,4147,4150,4146,4146,4146,4146,4146,4145,4147,4145,4146,4145,4144,4145,4146,4145,4145,4146,4146,4145,4146,4145,4144,4145,4152,4151,4147,4146,4149,4147,4147,4147,14.10,SJNFAAZE1U0005576,117.67,14.40,8967.2421875,78,74,0,0,0,0,14.5,99.19,-153992,88,1527996926.697,0,3,1,0,5,0,0,0,0,4,398.06,398.06,7F,1,1,1,0080,57,40,40,0,0,19,0.00
03/06/2018 4:35:30,54 58.41138,-1 31.23989,351,0,467,922124,1145049,398.02,2.661,4153,4144,4146,9,0,109.9,43.3,105.8,41.0,none,none,99.6,37.6,4152,4153,4145,4147,4149,4147,4145,4146,4146,4146,4146,4145,4147,4146,4145,4146,4146,4145,4144,4147,4146,4144,4145,4146,4145,4147,4145,4146,4145,4146,4145,4147,4147,4145,4144,4147,4145,4144,4144,4145,4145,4144,4150,4149,4148,4147,4150,4146,4150,4146,4149,4150,4148,4148,4152,4147,4146,4144,4152,4146,4147,4146,4145,4146,4148,4149,4146,4146,4146,4145,4145,4145,4147,4145,4146,4146,4145,4145,4145,4146,4146,4146,4147,4146,4145,4145,4145,4144,4151,4151,4147,4146,4148,4148,4147,4146,13.18,SJNFAAZE1U0005576,117.67,14.40,8967.2421875,78,74,0,0,0,0,14.5,99.19,-153992,88,1527996930.280,0,3,1,0,4,0,0,0,0,1,398.05,398.05,7F,1,1,1,0080,57,40,40,0,0,19,0.00
03/06/2018 4:35:33,54 58.41169,-1 31.23975,351,0,467,921900,1145049,393.31,143.618,4112,4088,4097,24,0,109.7,43.1,105.8,41.0,none,none,99.6,37.6,4103,4101,4102,4095,4102,4095,4098,4096,4096,4098,4096,4098,4099,4100,4099,4095,4101,4096,4100,4094,4100,4097,4099,4096,4103,4096,4100,4098,4097,4099,4098,4098,4096,4097,4096,4098,4098,4099,4098,4098,4097,4097,4101,4100,4098,4097,4096,4095,4098,4097,4098,4100,4097,4096,4100,4097,4093,4095,4099,4094,4096,4098,4097,4098,4098,4099,4095,4095,4099,4091,4098,4096,4112,4098,4096,4098,4096,4096,4100,4088,4103,4089,4101,4089,4102,4092,4103,4094,4104,4096,4099,4090,4103,4091,4099,4092,12.35,SJNFAAZE1U0005576,117.67,14.40,8967.2421875,78,74,0,0,0,0,14.5,99.19,-153992,88,1527996933.757,35560,3,1,0,4,0,0,0,0,4,394.28,394.28,7F,1,1,1,0080,58,40,40,0,0,19,132.00
03/06/2018 4:35:37,54 58.42178,-1 31.25394,351,16,466,921445,1145049,397.63,-1.731,4149,4137,4142,12,0,109.9,43.3,105.8,41.0,none,none,99.6,37.6,-4148,4148,-4144,4140,4147,4141,-4142,4142,4141,4142,4141,4142,-4143,4142,4142,4138,-4144,4138,-4142,4140,-4144,4141,4143,4140,-4144,4140,4144,4137,-4143,4139,-4143,4140,-4142,4141,4143,4141,4142,4142,4141,4141,-4142,4139,-4149,4142,4145,4141,-4147,4142,-4144,4142,-4145,4146,-4146,4143,4147,4143,-4141,4141,-4148,4141,-4143,4142,-4142,4142,4144,4145,-4142,4142,-4142,4141,-4141,4141,-4143,4141,-4141,4141,-4141,4141,-4140,4141,-4141,4141,4141,4142,-4142,4138,-4142,4138,-4148,4145,-4142,4140,-4147,4141,-4144,4140,11.96,SJNFAAZE1U0005576,117.67,14.40,8967.2421875,78,74,0,0,0,0,14.5,99.19,-153992,88,1527996937.071,320,3,0,0,0,0,0,0,0,4,397.60,397.60,7F,1,1,1,0080,58,40,40,0,0,19,-19.75
03/06/2018 4:35:40,54 58.43126,-1 31.26565,341,7,466,921541,1145049,398.21,-21.995,4155,4145,4148,10,0,109.9,43.3,105.8,41.0,none,none,99.6,37.6,4155,4155,4148,4148,4151,4147,4147,4146,4147,4147,4148,4147,4149,4149,4146,4148,4147,4147,4146,4147,4148,4145,4147,4148,4146,4150,4146,4147,4148,4148,4147,4147,4150,4147,4146,4148,4148,4147,4147,4147,4148,4147,4152,4151,4150,4150,4151,4148,4151,4148,4152,4151,4151,4150,4154,4148,4147,4146,4154,4147,4150,4147,4147,4147,4150,4151,4149,4148,4147,4148,4148,4147,4148,4148,4148,4146,4146,4146,4147,4148,4147,4149,4148,4147,4148,4147,4146,4147,4153,4153,4149,4149,4151,4149,4148,4147,11.43,SJNFAAZE1U0005576,117.67,14.40,8967.2421875,78,74,0,0,0,0,14.5,99.19,-153996,88,1527996940.632,0,3,0,0,0,0,0,0,0,4,398.43,398.43,7F,1,1,1,0080,59,40,40,0,0,19,-27.00
03/06/2018 4:35:44,54 58.43625,-1 31.2702,331,6,466,921486,1145049,396.67,36.872,4140,4127,4132,13,0,109.7,43.1,105.8,41.0,none,none,99.6,37.6,4139,4135,4136,4130,4138,4131,4133,4132,4132,4132,4131,4132,4132,4132,4132,4129,4133,4128,4133,4128,4133,4131,4133,4130,4135,4131,4135,4128,4134,4130,4134,4131,4133,4131,4131,4132,4131,4132,4131,4131,4134,4129,4139,4133,4136,4131,4136,4132,4137,4128,4138,4134,4136,4131,4139,4130,4133,4128,4139,4128,4135,4129,4134,4128,4136,4135,4132,4133,4133,4133,4132,4132,4136,4132,4131,4132,4130,4131,4132,4132,4131,4132,4131,4133,4131,4132,4133,4127,4140,4133,4135,4128,4138,4129,4136,4130,10.94,SJNFAAZE1U0005576,117.67,14.40,8967.2421875,78,74,0,0,0,0,14.5,99.19,-153996,88,1527996944.322,10280,3,0,0,0,0,0,0,0,4,396.83,396.83,7F,1,1,1,0080,59,40,40,0,0,19,103.00
03/06/2018 4:35:48,54 58.44887,-1 31.24625,324,19,466,921098,1145049,396.67,29.852,4141,4123,4132,18,0,109.9,43.3,105.8,41.0,none,none,99.4,37.4,4134,-4141,4129,-4137,4131,4135,4131,-4132,4132,4132,4132,4133,4129,4133,4131,-4131,4131,4131,4132,4134,4130,4132,4132,-4134,4129,-4137,4127,-4135,4129,4133,4131,-4132,4132,4131,4132,4134,4131,4131,4132,4132,4130,-4134,4135,-4138,4131,-4135,4134,-4131,4131,-4135,4132,-4138,4130,-4136,4133,-4136,4128,-4134,4134,-4135,4127,4136,4126,-4136,-4128,4140,-4128,4137,-4127,4138,-4127,4134,-4128,4138,-4125,4137,-4123,4138,4124,4139,4126,-4138,4126,-4138,4126,-4136,4126,-4135,4132,-4140,4127,-4136,4129,-4137,4128,-4133,10.57,SJNFAAZE1U0005576,117.67,14.40,8967.2421875,78,74,0,0,0,0,14.5,99.19,-153996,88,1527996948.115,11640,3,2,0,0,0,0,0,0,4,396.60,396.60,7F,1,1,1,0080,59,40,40,0,0,19,40.75
03/06/2018 4:35:51,54 58.46188,-1 31.21897,318,23,466,920792,1145049,396.67,17.981,4143,4123,4132,20,0,109.9,43.3,105.8,41.0,none,none,99.6,37.6,4134,-4143,4128,-4137,4131,4133,4131,-4132,4132,4131,4131,4134,4128,4134,4131,-4132,4131,4131,4131,4133,4129,4133,4131,-4133,4127,-4137,4126,-4135,4127,4134,4132,-4131,4132,4130,4131,4132,4133,4131,4131,4133,4130,-4134,4134,-4138,4131,-4135,4132,-4132,4130,-4136,4130,-4139,4130,-4137,4134,-4136,4126,-4134,4132,-4134,4128,-4137,4125,-4137,4126,-4140,4126,-4137,4128,-4138,4126,-4136,4129,-4140,4123,-4138,4123,-4139,4124,-4138,4124,-4139,4123,-4136,4126,-4136,4126,-4136,4132,-4141,4127,-4137,4129,-4137,4126,-4134,10.19,SJNFAAZE1U0005576,117.67,14.40,8967.2421875,78,74,0,0,0,0,14.5,99.19,-153996,88,1527996951.951,7920,3,1,0,4,0,0,0,0,4,396.82,396.82,7F,1,1,1,0080,60,40,40,0,0,19,21.75
03/06/2018 4:35:55,54 58.47645,-1 31.19002,318,22,466,920657,1145049,397.15,9.040,4148,4127,4137,21,0,109.9,43.3,105.8,41.0,none,none,99.6,37.6,4139,-4148,4133,-4143,4136,4139,4137,-4137,4137,4137,4136,4138,4134,4139,4138,-4137,4136,4137,4135,4140,4135,4138,4137,-4139,4133,-4144,4131,-4141,4133,4139,4137,-4137,4137,4136,4136,4138,4137,4136,4137,4138,4135,-4139,4140,-4144,4136,-4141,4138,-4138,4135,-4141,4136,-4145,4135,-4142,4138,-4141,4132,-4142,4138,-4142,4132,-4142,4130,-4143,4133,-4147,4131,-4143,4132,-4142,4132,-4141,4133,-4145,4130,-4143,4127,-4144,4127,-4144,4128,-4145,4131,-4142,4129,-4141,4129,-4140,4136,-4145,4132,-4142,4134,-4144,4132,-4139,9.86,SJNFAAZE1U0005576,117.67,14.40,8967.2421875,78,74,0,0,0,0,14.5,99.19,-153996,88,1527996955.709,4360,3,1,0,4,0,0,0,0,4,397.09,397.09,7F,1,1,1,0080,60,40,40,0,0,19,15.25
03/06/2018 4:35:59,54 58.48932,-1 31.15606,308,24,466,920521,1145049,397.06,11.908,4147,4127,4136,20,0,109.9,43.3,105.8,41.0,none,none,99.6,37.6,4138,-4147,4132,-4141,4134,4138,4135,-4136,4135,4136,4134,4137,4132,4138,4134,-4137,4134,4136,4134,4139,4133,4136,4135,-4138,4132,-4143,4131,-4141,4132,4138,4135,-4136,4137,4136,4134,4137,4135,4135,4135,4137,4134,-4138,4137,-4142,4135,-4140,4137,-4137,4134,-4140,4134,-4144,4136,-4140,4138,-4140,4132,-4140,4136,-4139,4132,-4142,4129,-4142,4131,-4146,4130,-4141,4131,-4142,4130,-4139,4131,-4143,4127,-4143,4127,-4143,4127,-4143,4127,-4143,4128,-4142,4128,-4141,4129,-4140,4136,-4145,4130,-4142,4134,-4143,4131,-4138,9.59,SJNFAAZE1U0005576,117.67,14.40,8967.2421875,78,74,0,0,0,0,14.5,99.19,-153996,88,1527996959.435,4600,3,1,0,4,0,0,0,0,4,396.96,396.96,7F,1,1,1,0080,61,40,40,0,0,19,3.50
03/06/2018 4:36:02,54 58.49919,-1 31.13381,314,22,466,920466,1145049,397.25,3.242,4149,4129,4138,20,0,109.9,43.3,105.8,41.0,none,none,99.6,37.6,4141,-4149,4134,-4144,4137,4141,4137,-4137,4139,4139,4138,4140,4135,4141,4137,-4139,4137,4138,4137,4140,4135,4139,4137,-4139,4139,-4141,4138,-4138,4137,4140,4139,-4139,4139,4137,4137,4139,4138,4139,4138,4137,4139,-4139,4141,-4144,4138,-4141,4140,-4139,4137,-4143,4137,-4146,4138,-4143,4141,-4142,4134,-4141,4139,-4142,4134,-4144,4133,-4144,4135,-4147,4132,-4144,4133,-4143,4133,-4143,4133,-4146,4130,-4145,4129,-4146,4130,-4145,4130,-4145,4131,-4144,4133,-4143,4132,-4143,4139,-4147,4134,-4143,4135,-4145,4134,-4141,9.36,SJNFAAZE1U0005576,117.67,14.40,8967.2421875,78,74,0,0,0,0,14.5,99.19,-153996,88,1527996962.966,0,3,1,0,4,0,0,0,0,4,397.29,397.29,7F,1,1,1,0080,61,40,40,0,0,19,0.00
03/06/2018 4:36:06,54 58.51122,-1 31.10459,314,21,466,920480,1145049,397.63,-4.630,4149,4138,4142,11,0,109.9,43.3,105.8,41.0,none,none,99.6,37.6,-4147,4149,4141,4143,4144,4143,-4141,4141,4141,4141,4141,4142,4142,4143,4143,4138,-4145,4138,-4144,4138,4143,4140,4140,4142,4141,4144,4141,4141,-4140,4142,4141,4142,4142,4141,4141,4143,4141,4141,4141,4142,-4142,4142,4146,4145,4142,4143,-4145,4141,-4144,4143,-4145,4145,4144,4142,4147,4141,4141,4141,4146,4141,-4143,4140,4141,4142,-4144,4144,-4142,4140,-4142,4141,4141,4142,-4142,4141,-4142,4141,-4140,4140,-4141,4140,4141,4141,-4142,4142,-4141,4140,-4140,4139,-4145,4145,-4141,4141,-4144,4143,-4142,4142,9.16,SJNFAAZE1U0005576,117.67,14.40,8967.2421875,78,74,0,0,0,0,14.5,99.19,-153997,88,1527996966.446,0,3,1,0,4,0,0,0,0,4,397.64,397.64,7F,1,1,1,0080,61,40,40,0,0,19,3.00
03/06/2018 4:36:10,54 58.52061,-1 31.08588,314,20,466,920426,1145049,397.34,3.821,4150,4130,4139,20,0,109.9,43.3,105.8,41.0,none,none,99.6,37.6,-4147,4141,-4142,4136,4145,4136,4140,4137,4139,4139,4139,4139,-4139,4139,4140,4135,-4141,4135,4142,4135,-4141,4138,4140,4136,-4142,4135,-4143,4133,4142,4137,-4141,4138,4140,4137,4140,4137,4139,4137,4138,4138,-4141,4136,-4147,4140,4142,4137,4144,4139,-4144,4134,-4146,4138,-4146,4136,-4147,4136,4143,4132,-4150,4134,-4145,4132,-4144,4132,-4147,4137,-4144,4134,-4145,4133,-4144,4133,-4146,4130,4147,4130,-4146,4130,-4146,4130,-4145,4131,-4147,4132,4143,4132,-4144,4133,-4147,4138,-4144,4134,-4147,4134,-4144,4134,8.96,SJNFAAZE1U0005576,117.67,14.40,8967.2421875,78,74,0,0,0,0,14.5,99.19,-153997,88,1527996970.344,3080,3,1,0,4,0,0,0,0,4,397.32,397.32,7F,1,1,1,0080,61,40,40,0,0,19,-10.00
03/06/2018 4:36:13,54 58.53139,-1 31.06325,324,16,466,920481,1145049,397.92,-14.701,4152,4143,4145,9,0,109.9,43.3,105.8,41.0,none,none,99.6,37.6,-4152,4150,-4145,4144,4149,4144,-4146,4145,4144,4144,4143,4145,-4145,4145,4144,4144,4144,4144,4144,4145,4145,4143,4144,4146,4144,4146,4143,4145,4144,4145,4144,4145,4146,4143,4144,4145,4144,4144,4143,4144,4145,4143,4151,4149,4146,4146,4149,4145,4148,4146,4148,4148,4147,4146,4151,4146,4144,4143,4151,4144,4146,4145,4145,4144,4147,4148,4145,4145,4147,4145,4146,4144,4145,4144,4145,4144,4144,4144,4144,4144,4145,4143,4145,4144,4145,4145,4144,4145,4151,4150,4146,4146,4149,4146,4146,4145,8.82,SJNFAAZE1U0005576,117.67,14.40,8967.2421875,78,74,0,0,0,0,14.5,99.19,-153999,88,1527996973.819,0,3,1,0,4,0,0,0,0,4,397.99,397.99,7F,1,1,1,0080,61,40,40,0,0,19,-38.50
03/06/2018 4:36:17,54 58.53449,-1 31.05865,318,5,466,920530,1145049,396.86,17.188,4144,4128,4134,16,0,109.9,43.3,105.8,41.0,none,none,99.6,37.6,4139,4142,4134,4136,4137,4136,4134,4134,4134,4134,4134,4135,4135,4135,4133,4133,4133,4135,4134,4135,4135,4133,4134,4135,4134,4136,4136,4130,4137,4132,4137,4132,4136,4134,4134,4133,4134,4134,4134,4133,4135,4133,4140,4137,4137,4136,4138,4134,4138,4130,4141,4134,4140,4133,4142,4132,4136,4130,4144,4130,4140,4128,4139,4129,4141,4132,4140,4130,4138,4130,4137,4133,4137,4133,4136,4132,4135,4131,4135,4133,4134,4133,4137,4134,4133,4133,4133,4133,4139,4140,4134,4134,4137,4136,4135,4135,8.65,SJNFAAZE1U0005576,117.67,14.40,8967.2421875,78,74,0,0,0,0,14.5,99.19,-154001,88,1527996977.378,3040,3,0,0,0,0,0,0,0,4,397.24,397.24,7F,1,1,1,0080,61,40,40,0,0,19,63.00
03/06/2018 4:36:21,54 58.54884,-1 31.07656,318,15,466,920286,1145049,397.15,12.183,4149,4128,4137,21,0,109.9,43.3,105.8,41.0,none,none,99.6,37.6,-4139,4149,4133,4142,4136,4141,-4136,4137,4136,4137,4136,4139,4133,4140,4136,4137,-4136,4138,-4136,4140,-4134,4138,4135,4140,-4132,4144,-4131,4142,-4132,4138,4137,4138,4137,4137,4137,4139,4136,4138,4136,4139,4134,-4140,4139,-4145,4136,-4142,4138,-4138,4136,-4141,4136,-4146,4136,-4143,4139,-4140,4133,-4141,4137,-4141,4134,-4143,4130,-4144,4132,-4147,4131,-4143,4132,-4143,4131,-4143,-4132,-4145,4129,-4145,-4128,4145,-4128,4145,4128,4145,-4130,4143,-4130,4143,-4130,4142,-4137,4146,-4133,4142,-4136,4143,-4133,4140,8.51,SJNFAAZE1U0005576,117.67,14.40,8967.2421875,78,74,0,0,0,0,14.5,99.19,-154001,88,1527996981.097,6280,3,0,0,0,0,0,0,0,4,397.04,397.04,7F,1,1,1,0080,61,40,40,0,0,19,0.00
03/06/2018 4:36:24,54 58.56267,-1 31.09688,314,17,466,920285,1145049,397.54,-3.135,4148,4136,4141,12,0,109.9,43.3,105.8,41.0,none,none,99.4,37.4,4148,-4148,4141,-4143,4144,4142,4141,-4142,4140,4142,4141,4141,4142,4142,4140,-4141,4142,4141,4141,4143,4139,4142,4141,4143,4138,4146,4136,4145,4138,4143,4141,4142,4142,4141,4139,4143,4141,4140,4140,4142,4139,4143,4144,4147,4141,4144,4145,4141,4144,4142,4144,4148,4141,4146,4144,4145,4137,4142,4146,4140,4143,4141,4141,4141,4143,4144,4141,4142,4141,4142,4141,4141,4142,-4142,4141,-4141,4140,-4141,4141,-4141,4140,-4141,4142,-4141,4142,-4140,4140,-4140,4146,-4146,4141,-4142,4145,-4142,4142,-4141,8.39,SJNFAAZE1U0005576,117.67,14.40,8967.2421875,78,74,0,0,0,0,14.5,99.19,-154001,88,1527996984.705,0,3,0,0,0,0,0,0,0,4,397.62,397.62,7F,1,1,1,0080,61,40,40,0,0,19,-14.25
03/06/2018 4:36:28,54 58.56929,-1 31.1082,311,15,466,920374,1145049,398.21,-21.781,4154,4146,4148,8,0,109.9,43.3,105.8,41.0,none,none,99.6,37.6,4154,4154,4148,4149,4150,4148,4147,4147,4147,4148,4147,4147,4148,4148,4146,4147,4146,4147,4147,4149,4148,4146,4147,4148,4147,4149,4146,4148,4147,4147,4147,4148,4148,4146,4146,4148,4147,4147,4147,4146,4147,4147,4152,4150,4150,4149,4151,4147,4151,4149,4151,4151,4152,-4150,4154,-4148,4148,4146,4154,-4147,4149,4147,4148,4147,4149,-4152,4148,-4148,4148,-4148,4149,-4146,4147,-4148,4147,-4147,4148,-4148,4148,-4147,4148,-4147,4148,-4147,4148,4147,4147,4146,4152,4153,4148,4149,4152,4150,4148,4147,8.22,SJNFAAZE1U0005576,117.67,14.40,8967.2421875,78,74,0,0,0,0,14.5,99.19,-154005,88,1527996988.291,0,3,0,0,0,0,0,0,0,4,398.25,398.25,7F,1,1,1,0080,61,40,40,0,0,19,-46.00
03/06/2018 4:36:31,54 58.57393,-1 31.12437,321,7,466,920384,1145049,397.34,10.596,4149,4131,4139,18,0,109.9,43.3,105.8,41.0,none,none,99.6,37.6,4141,4149,4136,4143,4138,4141,4137,4138,4138,4139,4138,4140,4137,4141,4137,4138,4137,4138,4137,4140,4138,4137,4138,4140,4138,4141,4138,4139,4138,4139,4138,4139,4141,4138,4138,4140,4138,4138,4138,4138,4138,4138,4143,4143,4140,4140,4142,4138,4141,4139,4141,4143,4142,4142,4141,4142,4135,4142,4140,4142,4135,4143,4133,4144,4135,4147,4135,4143,4134,4144,4134,4142,4135,4146,4132,4144,4131,4145,4132,4144,4132,4145,4132,4143,4132,4143,4132,4143,4140,4147,4135,4143,4137,4145,4135,4142,8.14,SJNFAAZE1U0005576,117.67,14.40,8967.2421875,78,74,0,0,0,0,14.5,99.19,-154005,88,1527996991.861,4640,3,1,0,4,0,0,0,0,4,397.34,397.34,7F,1,1,1,0080,61,40,40,0,0,19,45.25
03/06/2018 4:36:35,54 58.56912,-1 31.13515,324,11,466,920282,1145049,397.44,2.600,4150,4134,4140,16,0,109.9,43.3,105.8,41.0,none,none,99.6,37.6,4147,-4148,4141,-4141,4143,4141,4140,-4139,4140,4140,4140,4140,4140,4141,4139,-4141,4140,4139,4139,4143,4138,4141,4139,-4141,4137,4147,4135,4145,4136,4141,4140,4140,4141,4139,4139,4141,4139,4140,4141,4140,4138,4143,4143,-4147,4139,4145,4142,4141,4140,4145,4140,4148,4140,-4145,4142,4144,4135,-4143,4141,-4145,4136,-4146,4134,-4147,4136,-4150,4135,-4146,4135,-4144,4140,-4140,4142,-4140,4140,-4138,4139,-4140,4140,-4140,4140,-4139,4141,-4140,4140,-4139,4138,-4139,4144,-4145,4140,-4141,4143,-4141,4141,-4141,8.02,SJNFAAZE1U0005576,117.67,14.40,8967.2421875,78,74,0,0,0,0,14.5,99.19,-154005,87,1527996995.359,2440,3,1,0,4,0,0,0,0,4,397.45,397.45,7F,1,1,1,0080,61,40,40,0,0,19,-6.50
03/06/2018 4:36:38,54 58.56102,-1 31.15205,318,13,466,920251,1145049,397.25,13.037,4148,4129,4138,19,0,109.9,43.3,105.8,41.0,none,none,99.6,37.6,-4147,4141,-4142,4136,4145,4136,-4140,4137,4138,4137,4139,4138,4140,4138,4138,4138,4136,4138,-4138,4138,-4139,4137,4139,4136,4141,4135,4139,4139,4138,4137,4138,4138,4138,4137,4138,4139,4138,4137,4138,4137,4141,4135,4146,4139,4143,4136,4143,4138,4143,4135,4146,4137,4144,4136,4147,4135,4142,4132,4148,4133,4146,4132,4144,4131,-4147,4135,4145,4133,4145,4133,4144,4132,4146,4131,4146,4129,4145,4130,4147,4129,4146,4130,4146,4132,-4143,4131,-4143,4133,-4148,4137,4144,4134,-4147,4134,-4145,4134,7.92,SJNFAAZE1U0005576,117.67,14.40,8967.2421875,78,74,0,0,0,0,14.5,99.19,-154005,87,1527996998.957,3680,3,1,0,5,0,0,0,0,4,397.19,397.19,7F,1,1,1,0080,61,40,40,0,0,19,-4.00
03/06/2018 4:36:42,54 58.55308,-1 31.16291,301,9,466,920230,1145049,397.54,1.288,4150,4133,4141,17,0,109.9,43.3,105.8,41.0,none,none,99.6,37.6,-4146,4147,-4140,4141,4144,4138,-4141,4140,4141,4141,4139,4141,-4140,4140,4142,4136,-4143,4137,-4143,4138,4144,4139,4142,4139,-4144,4138,-4144,4135,-4143,4138,-4144,4138,-4141,4140,4141,4139,4141,4140,4139,4139,4141,4137,-4148,4142,4145,4139,4145,4139,4146,4136,4148,4140,4147,4138,4149,4138,4144,4134,4150,4135,4147,4133,4147,4133,4149,4138,4146,4134,4146,4134,4146,4135,4144,4140,4141,4140,4139,4140,4141,4139,4140,4141,4141,4141,4140,4138,4139,4139,4145,4144,4141,4141,-4143,4142,4141,4141,7.73,SJNFAAZE1U0005576,117.67,14.40,8967.2421875,78,74,0,0,0,0,14.5,99.19,-154005,87,1527997002.704,760,3,1,0,5,0,0,0,0,4,397.57,397.57,7F,1,1,1,0080,61,40,40,0,0,19,20.25
03/06/2018 4:36:46,54 58.54453,-1 31.15268,298,12,466,920096,1145049,396.77,23.749,4141,4125,4133,16,0,109.9,43.3,105.8,41.0,none,none,99.6,37.6,4140,4137,4135,4130,4138,4132,4133,4132,4133,4134,4132,4133,4133,4133,4133,4130,4134,4130,4134,4131,4134,4132,4134,4131,4136,4132,4135,4129,4134,4132,4134,4131,4135,4132,4132,4132,4132,4131,4132,4131,-4134,4131,4140,4135,4136,4132,-4136,4133,-4138,4129,-4139,4134,4138,4132,-4141,4131,-4135,4128,-4141,4129,-4138,4126,-4138,4127,-4139,4132,-4138,4128,-4137,4128,4137,4128,-4139,4126,-4138,4125,-4137,4125,-4139,4126,4138,4127,-4138,4127,-4137,4127,-4136,4127,4140,4133,-4136,4129,4138,4131,4137,4130,7.62,SJNFAAZE1U0005576,117.67,14.40,8967.2421875,78,74,0,0,0,0,14.5,99.19,-154005,87,1527997006.464,6720,3,1,0,5,0,0,0,0,4,396.81,396.81,7F,1,1,1,0080,61,40,40,0,0,19,57.50
03/06/2018 4:36:50,54 58.54263,-1 31.13739,295,11,466,919946,1145049,397.25,2.967,4147,4130,4138,17,0,109.9,43.3,105.8,41.0,none,none,99.6,37.6,4146,4141,-4142,4137,4143,4137,-4138,4138,4137,4137,4137,4138,-4138,4138,4138,4134,-4140,4136,4141,4136,-4140,4137,4138,4136,-4140,4136,-4141,4134,4139,4137,-4140,4136,-4140,4138,4139,4137,4138,4137,4138,4137,-4139,4135,-4145,4139,4142,4137,4143,4139,-4143,4135,-4145,4139,-4144,4137,-4146,4136,4141,4133,-4147,4133,-4144,4132,-4142,4132,-4144,4136,-4144,4134,-4143,4134,-4143,4134,-4143,4131,4144,4130,-4144,4130,-4144,4132,-4144,4131,-4145,4133,-4142,4133,-4141,4132,-4145,4139,-4142,4136,-4145,4135,-4143,4133,7.58,SJNFAAZE1U0005576,117.67,14.40,8967.2421875,78,74,0,0,0,0,14.5,99.19,-154005,87,1527997010.148,1760,3,1,0,5,0,0,0,0,4,397.27,397.27,7F,1,1,1,0080,61,40,40,0,0,19,0.00
03/06/2018 4:36:53,54 58.53495,-1 31.12335,282,10,466,919897,1145049,397.34,2.265,4148,4131,4139,17,0,109.9,43.3,105.8,41.0,none,none,99.6,37.6,-4146,4142,-4142,4137,4144,4136,-4140,4138,4138,4139,4138,4138,-4139,4139,4139,4135,-4140,4136,-4141,4135,-4140,4138,4139,4137,-4141,4137,-4141,4135,-4141,4137,-4140,4137,4140,4137,4139,4136,4139,4138,4138,4137,-4140,4136,-4145,4140,4143,4137,-4143,4138,-4142,4135,4144,4138,-4144,4137,-4147,4136,-4140,4134,-4148,4134,4143,4134,-4144,4134,-4145,4137,-4144,4134,-4143,4134,-4142,4134,4144,4132,-4144,4132,-4144,4131,-4145,4132,-4144,4133,-4146,4133,-4142,4133,-4142,4134,-4146,4140,4142,4135,-4147,4136,-4143,4136,7.46,SJNFAAZE1U0005576,117.67,14.40,8967.2421875,78,74,0,0,0,0,14.5,99.19,-154005,87,1527997013.808,2480,3,1,0,5,0,0,0,0,4,397.33,397.33,7F,1,1,1,0080,61,40,40,0,0,19,-6.50
03/06/2018 4:36:57,54 58.53384,-1 31.11188,282,7,466,919889,1145049,397.44,0.952,4150,4131,4140,19,0,109.9,43.3,105.8,41.0,none,none,99.6,37.6,4142,4150,4135,4144,4138,4142,4139,4139,4139,4140,4140,4141,4136,4142,4138,4139,4139,4139,4137,4141,4139,4139,4139,-4140,4140,-4142,4139,-4139,4139,4140,4139,-4139,4140,4139,4139,4140,4140,4140,4139,4138,4140,-4139,4145,-4143,4141,-4141,4144,-4139,4142,-4141,4143,-4142,4143,-4142,4144,-4141,4135,-4142,4141,-4143,4135,-4142,4140,-4140,4142,-4143,4139,-4142,4134,4147,4134,-4144,4135,4147,4132,4146,4131,-4147,4131,-4147,4132,-4147,4132,-4146,4133,4145,4133,-4144,4139,4148,4135,4145,4137,4146,4135,4142,7.32,SJNFAAZE1U0005576,117.67,14.40,8967.2421875,78,74,0,0,0,0,14.5,99.19,-154005,87,1527997017.386,920,3,0,0,0,0,0,0,0,4,397.45,397.45,7F,1,1,1,0080,61,40,40,0,0,19,-4.00
03/06/2018 4:37:00,54 58.53544,-1 31.10288,285,4,466,919884,1145049,397.34,2.051,4149,4130,4139,19,0,109.9,43.3,105.8,41.0,none,none,99.6,37.6,4145,4146,4139,4141,4142,4140,4138,4138,4138,4139,4139,4140,4136,4141,4139,-4139,4138,4138,4137,4142,4135,4140,4138,-4142,4135,-4146,4133,-4144,4135,4141,4139,-4140,4141,4138,4138,4140,4140,4138,4138,4139,4139,-4139,4144,-4143,4141,-4141,4140,-4140,4139,4144,4139,4147,4137,4144,4141,4142,4134,4143,4140,4143,4135,4144,4133,4146,4136,4149,4134,4144,4133,4144,4134,4144,4135,4146,4131,4146,4130,4142,4139,4138,4139,4140,4140,4141,4133,4144,4132,4145,4139,4147,4134,4141,4142,4141,4140,4140,7.20,SJNFAAZE1U0005576,117.67,14.40,8967.2421875,78,74,0,0,0,0,14.5,99.19,-154005,87,1527997020.962,80,3,0,0,0,0,0,0,0,4,397.43,397.43,7F,1,1,1,0080,61,40,40,0,0,19,9.25
03/06/2018 4:37:04,54 58.53604,-1 31.10007,288,2,466,919857,1145049,397.34,3.577,4147,4130,4139,17,0,109.9,43.3,105.8,41.0,none,none,99.6,37.6,4145,-4147,4138,-4140,4141,4140,4138,-4139,4139,4138,4139,4140,4136,4141,4138,4139,4138,4139,4138,4142,4136,4140,4138,4140,4135,4146,4133,4145,4135,4141,4139,4140,4139,4138,4138,4140,4139,4139,4139,4140,4137,4141,4142,4146,4139,-4141,4143,4138,4142,-4140,4142,-4141,4141,-4141,4144,-4139,4139,-4139,4140,-4141,4141,-4137,4138,-4139,4141,-4142,4140,-4139,4139,-4138,4138,-4137,4139,-4139,4139,-4142,4130,-4146,4130,-4147,4131,-4146,4131,-4145,4133,-4142,4138,-4138,4144,-4144,4139,-4143,4136,-4142,4140,-4139,7.09,SJNFAAZE1U0005576,117.67,14.40,8967.2421875,78,74,0,0,0,0,14.5,99.19,-154005,87,1527997024.731,440,3,0,0,0,0,0,0,0,4,397.36,397.36,7F,1,1,1,0080,61,40,40,0,0,19,-29.25
03/06/2018 4:37:08,54 58.5349,-1 31.10105,295,1,466,919817,1145049,397.34,3.699,4150,4132,4139,18,0,109.9,43.3,105.8,41.0,none,none,99.4,37.4,4141,-4150,4136,-4143,4138,4142,4137,-4139,4139,4138,4138,4140,4135,4141,4137,-4137,4138,4139,4138,4141,4135,4140,4138,4140,4135,4145,4134,4144,4134,4141,4139,4139,4139,4138,4138,4140,4139,4139,4138,4140,4136,-4141,4142,-4145,4138,-4142,4142,-4137,4142,-4140,4141,-4142,4141,-4141,4144,-4140,4134,-4142,4139,-4143,4134,-4145,4132,-4144,4134,-4148,4133,-4144,4134,-4142,4138,-4138,4140,-4138,4139,-4137,4138,-4138,4139,-4138,4137,-4138,4139,-4141,4133,-4144,4132,-4143,4140,-4145,4139,-4140,4142,-4140,4139,-4138,6.93,SJNFAAZE1U0005576,117.67,14.40,8967.2421875,78,74,0,0,0,0,14.5,99.19,-154005,87,1527997028.597,920,3,1,0,4,0,0,0,0,2,397.35,397.35,7F,1,1,1,0080,61,40,40,0,0,19,0.00
03/06/2018 4:37:12,54 58.53369,-1 31.1018,298,0,466,919790,1145049,397.34,2.600,4149,4130,4139,19,0,109.9,43.3,105.8,41.0,none,none,99.4,37.4,-4147,4143,4143,4136,4146,4137,4140,4138,4139,4138,4139,4138,4140,4139,4140,4136,-4143,4135,4142,4137,-4141,4138,4141,4136,4143,4136,-4143,4134,-4142,4137,-4141,4137,-4141,4138,4139,4138,4139,4138,4138,4138,-4141,4136,4147,4140,4143,-4138,4144,4139,4143,4134,4147,4138,4146,4137,4148,4136,4142,4133,4149,4135,4145,4133,4145,4134,4148,4136,4146,4132,4145,4134,4145,4133,4146,4131,4147,4130,4146,4130,4146,4131,4146,4131,4146,4132,4144,4133,4144,4133,4148,4139,4144,4134,4147,4136,4145,4135,6.85,SJNFAAZE1U0005576,117.67,14.40,8967.2421875,78,74,0,0,0,0,14.5,99.19,-154005,87,1527997032.377,0,3,1,0,4,0,0,0,0,1,397.40,397.40,7F,1,1,1,0080,61,40,40,0,0,19,0.00
03/06/2018 4:37:16,54 58.53369,-1 31.10136,301,0,466,919774,1145049,397.54,0.190,4148,4134,4141,14,0,109.7,43.1,105.6,40.9,none,none,99.4,37.4,4147,4144,4144,4139,4146,4138,4142,4140,4140,4141,4140,4139,-4140,4141,4141,4137,-4142,4138,4142,4138,-4142,4139,4141,4139,-4143,4139,-4143,4137,4142,4140,-4142,4139,-4143,4140,4140,4140,4140,4139,4140,4138,4141,4140,-4146,4142,4145,4140,-4145,4140,-4145,4138,-4145,4144,-4144,4142,-4146,4142,-4140,4139,4148,4136,-4146,4135,-4146,4135,-4148,4139,-4143,4140,4140,4141,-4141,4140,-4142,4140,-4141,4139,4141,4139,4143,4135,-4145,4134,4145,4140,-4140,4139,4140,4140,-4144,4145,-4142,4137,-4147,4138,-4145,4138,-20.47,SJNFAAZE1U0005576,117.67,13.44,8967.2421875,78,74,0,0,0,0,14.5,99.19,-154005,87,1527997036.275,0,0,0,0,0,0,0,0,0,1,397.53,397.53,7F,1,1,1,0080,61,40,40,0,0,19,0.00
03/06/2018 4:37:19,54 58.53373,-1 31.10137,301,0,466,919773,1145049,397.54,0.098,4149,4131,4141,18,0,109.7,43.1,105.6,40.9,none,none,99.4,37.4,4148,4144,4143,4142,4144,4141,4141,4140,4140,4140,4140,4141,4141,4142,4142,4137,4144,4137,4142,4137,4142,4139,4139,4141,4141,4142,4140,4141,4140,4141,4141,4141,4142,4139,4140,4141,4140,4140,4140,4139,4141,4140,4145,4144,4142,4143,4144,4140,-4143,4140,-4144,4145,-4144,4142,-4146,4141,-4141,4140,-4147,4141,-4141,4139,4140,4141,4143,4144,-4141,4140,4140,4139,4142,4135,4147,4133,4148,4132,4147,4131,4149,4132,4148,4133,4148,4133,4144,4134,4145,4134,4149,4141,4145,4135,4149,4136,4146,4135,-5.89,SJNFAAZE1U0005576,117.67,13.52,8967.2421875,78,74,0,0,0,0,14.5,99.19,-154005,87,1527997039.407,0,0,0,0,0,0,0,0,0,1,397.55,397.55,77,0,1,1,0000,61,40,40,0,0,19,0.00
03/06/2018 4:37:22,54 58.53373,-1 31.10137,301,0,466,919773,1145049,397.54,0.159,4150,4131,4141,19,0,109.7,43.1,105.6,40.9,none,none,99.4,37.4,4148,4145,4142,4140,4146,4140,4142,4140,4141,4141,4141,4141,-4141,4142,4140,4141,-4140,4142,-4139,4142,4141,4139,4140,4141,4141,4142,4139,4140,4141,4141,4139,4140,4141,4140,4140,4142,4141,4140,4140,4141,4141,4140,4145,4145,4142,4142,4144,4141,4144,4140,4144,4144,4144,4142,4146,4141,-4140,4140,-4146,4141,4141,4140,-4141,4141,4143,4145,4142,4141,4141,4141,4141,4140,4142,4140,4144,4132,4148,4131,4149,4133,4148,4133,4148,4135,4146,4134,4145,4134,4150,4142,4145,4136,4148,4136,4147,4136,-5.73,SJNFAAZE1U0005576,117.67,13.36,8967.2421875,78,74,0,0,0,0,14.5,99.19,-154005,87,1527997042.630,0,0,0,0,0,0,0,0,0,1,397.58,397.58,77,0,1,1,0000,61,40,40,0,0,19,0.00
03/06/2018 4:37:27,54 58.53373,-1 31.10137,301,0,465,919001,1145049,397.50,-0.0,4150,4131,4141,19,0,109.7,43.1,105.6,40.9,none,none,99.4,37.4,4148,4145,4142,4140,4146,4140,4142,4140,4141,4141,4141,4141,-4141,4142,4140,4141,-4140,4142,-4139,4142,4141,4139,4140,4141,4141,4142,4139,4140,4141,4141,4139,4140,4141,4140,4140,4142,4141,4140,4140,4141,4141,4140,4145,4145,4142,4142,4144,4141,4144,4140,4144,4144,4144,4142,4146,4141,-4140,4140,-4146,4141,4141,4140,-4141,4141,4143,4145,4142,4141,4141,4141,4141,4140,4142,4140,4144,4132,4148,4131,4149,4133,4148,4133,4148,4135,4146,4134,4145,4134,4150,4142,4145,4136,4148,4136,4147,4136,-7.98,SJNFAAZE1U0005576,117.67,13.12,8967.2421875,78,74,0,0,0,0,14.5,99.19,-154005,87,1527997047.598,0,0,0,0,0,0,0,0,0,1,397.58,397.50,77,0,0,1,0000,61,40,40,0,0,19,0.00
03/06/2018 4:38:12,54 58.53373,-1 31.10137,301,0,465,919772,1144933,397.54,-0.023,4147,4139,4141,8,0,109.7,43.1,105.6,40.9,none,none,99.2,37.3,4145,4147,4141,4143,4143,4142,4139,4141,4141,4141,4139,4141,4141,4140,4140,4141,4139,4140,4139,4141,4141,4140,4139,4140,4140,4142,4140,4140,4139,4141,4140,4140,4141,4141,4139,4141,4140,4140,4139,4139,4141,4140,4145,4144,4141,4142,4144,4140,4143,4140,4143,4144,4143,4143,4146,4141,4141,4140,4146,4140,4142,4139,4139,4140,4143,4144,4141,4140,4141,4141,4141,4139,4141,4140,4140,4140,4139,4140,4141,4140,4140,4141,4140,4140,4140,4139,4139,4140,4145,4145,4140,4140,4143,4141,4140,4141,-5.98,SJNFAAZE1U0005576,117.67,12.64,8967.2421875,78,74,0,0,0,0,14.5,99.19,-154005,87,1527997092.694,0,0,0,0,0,0,0,0,0,1,397.53,397.53,77,0,1,1,0000,61,40,40,0,0,19,0.00
03/06/2018 4:38:16,54 58.53373,-1 31.10137,301,0,465,919772,1144933,397.63,0.037,4153,4138,4142,15,0,109.7,43.1,105.6,40.9,none,none,99.2,37.3,4144,4153,4138,4147,4141,4145,4141,4141,4141,4141,4142,4141,4142,4141,4140,4141,4140,4141,4140,4143,4142,4140,4141,4142,4141,4143,4140,4141,4141,4141,4141,4142,4142,4141,4140,4142,4141,4140,4140,4141,4141,4141,4147,4145,4143,4143,4146,4142,4144,4142,4144,4145,4144,4143,4147,4142,4141,4140,4147,4140,4143,4140,4141,4141,4143,4145,4142,4142,4142,4142,4142,4141,4143,4142,4143,4141,4141,4140,4141,4141,4141,4141,4142,4141,4141,4141,4140,4141,4146,4147,4142,4142,4145,4143,4142,4142,-5.38,SJNFAAZE1U0005576,117.67,12.56,8967.2421875,78,74,0,0,0,0,14.5,99.19,-154005,87,1527997096.892,0,0,0,0,0,0,0,0,0,1,397.54,397.54,77,0,1,1,0000,61,40,40,0,0,19,0.00
03/06/2018 4:38:20,54 58.53373,-1 31.10137,301,0,465,919772,1144933,397.63,-0.084,4149,4138,4142,11,0,109.7,43.1,105.6,40.9,none,none,99.4,37.4,4147,4149,4141,4143,4144,4141,4141,4140,4141,4142,4141,4143,4138,4144,4141,4141,4141,4142,4140,4144,4138,4141,4140,4142,4141,4144,4140,4141,4141,4141,4141,4142,4142,4141,4140,4141,4141,4141,4141,4140,4141,4142,4147,4145,4143,4143,4145,4141,4144,4142,4145,4145,4144,4143,4147,4142,4141,4141,4147,4141,4143,4141,4142,4141,4144,4146,4142,4142,4142,4142,4142,4141,4143,4141,4142,4141,4141,4140,4141,4142,4142,4141,4142,4141,4140,4141,4141,4141,4147,4146,4143,4142,4144,4144,4142,4142,-5.33,SJNFAAZE1U0005576,117.67,12.56,8967.2421875,78,74,0,0,0,0,14.5,99.19,-154005,87,1527997100.207,0,0,0,0,0,0,0,0,0,1,397.54,397.54,77,0,1,1,0000,61,40,40,0,0,19,0.00
03/06/2018 4:38:24,54 58.53373,-1 31.10137,301,0,465,919001,1144933,397.50,-0.0,4149,4138,4142,11,0,109.7,43.1,105.6,40.9,none,none,99.4,37.4,4147,4149,4141,4143,4144,4141,4141,4140,4141,4142,4141,4143,4138,4144,4141,4141,4141,4142,4140,4144,4138,4141,4140,4142,4141,4144,4140,4141,4141,4141,4141,4142,4142,4141,4140,4141,4141,4141,4141,4140,4141,4142,4147,4145,4143,4143,4145,4141,4144,4142,4145,4145,4144,4143,4147,4142,4141,4141,4147,4141,4143,4141,4142,4141,4144,4146,4142,4142,4142,4142,4142,4141,4143,4141,4142,4141,4141,4140,4141,4142,4142,4141,4142,4141,4140,4141,4141,4141,4147,4146,4143,4142,4144,4144,4142,4142,-3.44,SJNFAAZE1U0005576,117.67,12.56,8967.2421875,78,74,0,0,0,0,14.5,99.19,-154005,87,1527997104.481,0,0,0,0,0,0,0,0,0,1,397.54,397.50,77,0,0,1,0000,61,40,40,0,0,19,0.00
03/06/2018 4:38:29,54 58.53373,-1 31.10137,301,0,465,919772,1144933,397.54,-0.030,4147,4139,4141,8,0,109.7,43.1,105.3,40.8,none,none,99.2,37.3,4146,4147,4141,4143,4144,4141,4140,4140,4140,4141,4141,4140,4141,4141,4140,4141,4140,4140,4139,4141,4141,4139,4140,4141,4141,4143,4140,4141,4140,4142,4140,4141,4141,4140,4139,4142,4140,4140,4139,4140,4140,4139,4146,4145,4142,4142,4145,4140,4143,4141,4144,4144,4143,4142,4146,4141,4140,4140,4146,4141,4143,4139,4141,4141,4142,4143,4141,4140,4140,4141,4140,4141,4141,4140,4141,4140,4139,4139,4140,4140,4140,4141,4141,4140,4140,4140,4140,4140,4145,4146,4140,4142,4144,4142,4141,4140,-2.29,SJNFAAZE1U0005576,117.67,12.64,8967.2421875,78,74,0,0,0,0,14.5,99.19,-154005,87,1527997109.795,0,0,0,0,0,0,2,0,0,1,397.54,397.54,77,0,1,1,0000,61,40,40,0,0,19,0.00
03/06/2018 4:38:33,54 58.53373,-1 31.10137,301,0,465,919772,1144933,397.54,-0.061,4150,4139,4141,11,0,109.7,43.1,105.6,40.9,none,none,99.2,37.3,4144,4150,4139,4144,4141,4142,4139,4140,4140,4141,4140,4140,4141,4141,4140,4140,4140,4140,4140,4141,4141,4139,4140,4141,4141,4143,4140,4140,4139,4141,4141,4141,4141,4140,4140,4142,4140,4139,4140,4140,4141,4141,4145,4144,4142,4143,4144,4140,4144,4141,4145,4144,4144,4142,4146,4142,4140,4139,4146,4140,4142,4140,4140,4141,4142,4144,4141,4141,4141,4140,4141,4140,4142,4141,4140,4140,4140,4140,4140,4140,4140,4141,4142,4140,4139,4140,4139,4139,4146,4144,4141,4141,4144,4142,4141,4141,-3.50,SJNFAAZE1U0005576,117.67,12.56,8967.2421875,78,74,0,0,0,0,14.5,99.19,-154005,87,1527997113.022,0,0,0,0,0,0,2,0,0,1,397.55,397.55,77,0,1,1,0000,61,40,40,0,0,19,0.00
03/06/2018 4:38:36,54 58.53373,-1 31.10137,301,0,465,919772,1144933,397.54,-0.061,4151,4133,4141,18,0,109.7,43.1,105.6,40.9,none,none,99.2,37.3,4144,-4151,4137,-4145,4140,4143,4140,4140,4141,4141,4140,4142,4138,4142,4139,-4140,4139,4140,4140,4143,4138,4141,4140,-4142,4136,-4146,4137,-4144,4136,4142,4140,-4141,4140,4139,4139,4141,4140,4140,4140,4141,4138,-4143,4143,-4146,4141,4145,4142,-4141,4141,-4145,4140,-4148,4141,-4145,4143,-4144,4137,4143,4143,-4143,4138,4145,4135,4145,4137,4149,4136,4145,4136,4145,4135,4145,4137,4147,4134,4145,4133,4145,4134,4147,4133,4146,4134,4145,4136,4144,4134,4144,4141,4148,4137,4145,4138,4145,4137,4142,-3.31,SJNFAAZE1U0005576,117.67,12.56,8967.2421875,78,74,0,0,0,0,14.5,99.19,-154005,87,1527997116.045,0,0,0,0,0,0,2,0,0,1,397.54,397.54,77,0,1,1,0000,61,40,40,0,0,19,0.00
03/06/2018 4:38:40,54 58.53373,-1 31.10137,301,0,465,919001,1144933,397.50,-0.0,4151,4133,4141,18,0,109.7,43.1,105.6,40.9,none,none,99.2,37.3,4144,-4151,4137,-4145,4140,4143,4140,4140,4141,4141,4140,4142,4138,4142,4139,-4140,4139,4140,4140,4143,4138,4141,4140,-4142,4136,-4146,4137,-4144,4136,4142,4140,-4141,4140,4139,4139,4141,4140,4140,4140,4141,4138,-4143,4143,-4146,4141,4145,4142,-4141,4141,-4145,4140,-4148,4141,-4145,4143,-4144,4137,4143,4143,-4143,4138,4145,4135,4145,4137,4149,4136,4145,4136,4145,4135,4145,4137,4147,4134,4145,4133,4145,4134,4147,4133,4146,4134,4145,4136,4144,4134,4144,4141,4148,4137,4145,4138,4145,4137,4142,-5.18,SJNFAAZE1U0005576,117.67,12.48,8967.2421875,78,74,0,0,0,0,14.5,99.19,-154005,87,1527997120.405,0,0,0,0,0,0,2,0,0,1,397.54,397.50,77,0,0,1,0000,61,40,40,0,0,19,0.00
03/06/2018 10:25:13,54 58.53373,-1 31.10137,301,0,484,955743,1144818,401.38,0.038,4188,4179,4181,9,0,91.0,32.8,85.0,29.4,none,none,79.3,26.3,4186,4188,4180,4182,4184,4182,4180,4179,4181,4180,4181,4180,4180,4180,4179,4181,4179,4181,4179,4181,4181,4179,4180,4181,4179,4183,4179,4179,4180,4181,4179,4181,4181,4180,4179,4181,4180,4180,4179,4179,4180,4179,4185,4184,4183,4182,4184,4179,4184,4182,4184,4185,4184,4184,4187,4181,4181,4180,4187,4181,4181,4181,4181,4181,4183,4186,4181,4181,4182,4181,4180,4180,4182,4181,4180,4181,4179,4180,4181,4182,4180,4181,4182,4181,4180,4181,4179,4180,4186,4186,4181,4181,4185,4182,4182,4182,-3.25,SJNFAAZE1U0005576,117.67,12.24,0,78,75,0,0,0,0,15.0,99.17,-154005,50,1528017913.059,0,0,0,0,0,0,0,0,0,1,401.51,401.51,17,0,1,1,0000,59,40,40,0,0,19,0.00
03/06/2018 10:25:17,54 58.53373,-1 31.10137,301,0,483,955001,1144818,401.00,-0.0,4188,4179,4181,9,0,91.0,32.8,85.0,29.4,none,none,79.3,26.3,4186,4188,4180,4182,4184,4182,4180,4179,4181,4180,4181,4180,4180,4180,4179,4181,4179,4181,4179,4181,4181,4179,4180,4181,4179,4183,4179,4179,4180,4181,4179,4181,4181,4180,4179,4181,4180,4180,4179,4179,4180,4179,4185,4184,4183,4182,4184,4179,4184,4182,4184,4185,4184,4184,4187,4181,4181,4180,4187,4181,4181,4181,4181,4181,4183,4186,4181,4181,4182,4181,4180,4180,4182,4181,4180,4181,4179,4180,4181,4182,4180,4181,4182,4181,4180,4181,4179,4180,4186,4186,4181,4181,4185,4182,4182,4182,-2.59,SJNFAAZE1U0005576,117.67,12.24,0,78,75,0,0,0,0,15.0,99.17,-154005,50,1528017917.648,0,0,0,0,0,0,0,0,0,1,401.51,401.00,17,0,0,1,0000,59,40,40,0,0,19,0.00
03/06/2018 10:25:50,54 58.53373,-1 31.10137,301,0,484,955741,1144818,401.38,2.303,4188,4178,4181,10,0,91.0,32.8,85.0,29.4,none,none,79.3,26.3,4186,4188,4181,4182,4183,4180,4178,4179,4180,4180,4179,4179,4180,4180,4180,4180,4180,4180,4179,4181,4181,4179,4179,4182,4180,4182,4179,4180,4180,4180,4180,4180,4181,4179,4180,4180,4181,4179,4180,4179,4181,4180,4186,4183,4182,4182,4183,4179,4184,4182,4184,4185,4183,4183,4187,4181,4180,4179,4185,4180,4183,4180,4180,4180,4183,4185,4181,4181,4181,4181,4181,4180,4181,4179,4181,4180,4180,4180,4181,4181,4181,4181,4181,4180,4180,4179,4180,4181,4185,4185,4181,4181,4183,4182,4181,4181,-7.94,SJNFAAZE1U0005576,117.67,12.16,0,78,75,0,0,0,0,15.0,99.17,-154005,50,1528017950.504,0,0,0,0,0,0,0,0,0,1,401.36,401.36,17,0,1,1,0000,59,40,40,0,0,19,0.00
03/06/2018 10:25:55,54 58.53373,-1 31.10137,301,0,484,955715,1144818,401.18,6.240,4186,4176,4179,10,0,91.0,32.8,85.2,29.6,none,none,79.5,26.4,4184,4186,4178,4180,4181,4180,4178,4178,4178,4178,4178,4178,4179,4179,4177,4179,4177,4179,4176,4180,4178,4178,4177,4179,4177,4181,4178,4179,4177,4179,4177,4179,4178,4177,4177,4179,4178,4179,4177,4179,4178,4179,4183,4182,4179,4180,4181,4177,4181,4180,4180,4182,4182,4180,4183,4180,4179,4177,4183,4179,4180,4179,4179,4179,4181,4183,4179,4179,4180,4179,4179,4179,4180,4179,4178,4179,4178,4179,4178,4179,4178,4179,4179,4179,4178,4178,4177,4177,4184,4183,4179,4180,4181,4181,4178,4179,16.96,SJNFAAZE1U0005576,117.67,14.24,8967.2421875,78,75,0,0,0,0,15.0,99.17,-154005,50,1528017955.983,0,3,3,0,13,0,0,0,0,1,401.20,401.20,1F,1,1,1,0080,59,40,40,0,0,19,-18.00
03/06/2018 10:26:00,54 58.53373,-1 31.10137,301,0,484,955683,1144818,401.09,5.416,4185,4176,4178,9,0,91.0,32.8,85.0,29.4,none,none,79.3,26.3,4182,4185,4178,4179,4180,4178,4177,4178,4176,4178,4177,4178,4178,4179,4177,4178,4177,4178,4177,4179,4178,4177,4177,4179,4178,4181,4177,4179,4177,4179,4177,4179,4179,4178,4177,4179,4177,4178,4177,4178,4178,4178,4183,4181,4179,4179,4180,4178,4181,4181,4180,4183,4181,4180,4184,4179,4178,4178,4183,4178,4180,4178,4178,4179,4180,4182,4178,4179,4179,4180,4177,4178,4179,4178,4178,4177,4177,4179,4179,4179,4178,4179,4178,4179,4177,4178,4177,4177,4183,4183,4179,4179,4181,4181,4179,4179,13.79,SJNFAAZE1U0005576,117.67,14.40,8967.2421875,78,75,0,0,0,0,15.0,99.17,-154005,50,1528017960.652,600,3,3,0,15,0,0,0,0,2,401.17,401.17,1F,1,1,1,0080,59,40,40,0,0,19,-22.00
03/06/2018 10:26:06,54 58.53373,-1 31.10137,301,0,484,955622,1144818,401.09,5.080,4185,4176,4178,9,0,91.0,32.8,85.2,29.6,none,none,79.3,26.3,4182,4185,4178,4180,4181,4179,4177,4178,4177,4178,4177,4178,4179,4178,4177,4178,4177,4179,4178,4179,4177,4177,4177,4179,4177,4181,4177,4178,4177,4179,4177,4179,4178,4178,4178,4178,4178,4178,4176,4178,4177,4178,4183,4182,4180,4180,4181,4178,4182,4179,4180,4183,4181,4180,4183,4179,4179,4178,4183,4179,4180,4179,4178,4179,4181,4182,4179,4179,4178,4178,4177,4178,4179,4178,4178,4180,4178,4178,4177,4178,4177,4179,4178,4179,4177,4179,4176,4177,4182,4183,4178,4179,4181,4180,4178,4178,11.47,SJNFAAZE1U0005576,117.67,14.40,8967.2421875,78,75,0,0,0,0,15.0,99.17,-154005,50,1528017966.661,600,3,3,0,15,0,0,0,0,2,401.15,401.15,1F,1,1,1,0080,59,40,40,0,0,19,-35.50
03/06/2018 10:26:11,54 58.53373,-1 31.10137,301,0,484,955597,1144818,401.09,3.463,4185,4176,4178,9,0,91.0,32.8,85.0,29.4,none,none,79.3,26.3,4184,4185,4178,4179,4181,4179,4178,4177,4176,4179,4178,4178,4179,4178,4177,4177,4177,4179,4177,4179,4178,4177,4176,4178,4178,4180,4177,4179,4177,4178,4178,4179,4178,4178,4177,4179,4179,4178,4177,4177,4179,4178,4183,4183,4181,4181,4182,4178,4181,4178,4181,4182,4182,4180,4183,4178,4177,4177,4184,4178,4179,4178,4178,4177,4180,4182,4179,4178,4178,4178,4179,4177,4180,4178,4179,4177,4179,4178,4179,4178,4178,4179,4179,4179,4178,4178,4177,4177,4182,4183,4179,4179,4181,4180,4180,4179,10.10,SJNFAAZE1U0005576,117.67,14.40,8967.2421875,78,75,0,0,0,0,15.0,99.17,-154005,50,1528017971.040,0,3,2,0,11,0,0,0,0,0,401.16,401.16,1F,1,1,1,0080,59,40,40,0,0,19,0.00
03/06/2018 10:26:15,54 58.53373,-1 31.10137,301,0,484,955587,1144818,401.18,2.089,4185,4177,4179,8,0,91.0,32.8,85.0,29.4,none,none,79.3,26.3,4184,4185,4178,4180,4181,4179,4178,4178,4178,4178,4177,4179,4179,4179,4177,4178,4178,4179,4178,4180,4180,4178,4178,4178,4178,4181,4178,4179,4178,4179,4178,4178,4179,4178,4178,4180,4178,4178,4178,4177,4179,4178,4184,4182,4180,4180,4182,4178,4182,4179,4182,4183,4183,4180,4185,4180,4178,4178,4184,4178,4181,4179,4179,4179,4182,4183,4180,4178,4180,4179,4180,4179,4181,4180,4180,4179,4178,4179,4179,4180,4179,4179,4180,4179,4178,4178,4178,4179,4183,4183,4180,4180,4182,4180,4181,4180,9.18,SJNFAAZE1U0005576,117.67,14.40,8967.2421875,78,75,0,0,0,0,15.0,99.17,-154005,50,1528017975.715,0,3,0,0,0,0,0,0,0,1,401.24,401.24,1F,1,1,1,0080,59,40,40,0,0,19,0.00
03/06/2018 10:26:38,54 58.53373,-1 31.10137,301,0,484,955566,1144818,401.18,2.609,4184,4176,4179,8,0,91.0,32.8,85.0,29.4,none,none,79.3,26.3,4183,4184,4178,4179,4181,4179,4178,4178,4178,4178,4177,4178,4179,4179,4177,4179,4178,4178,4177,4179,4179,4178,4177,4179,4177,4180,4177,4178,4178,4178,4178,4179,4178,4178,4177,4179,4179,4177,4178,4178,4179,4178,4184,4182,4179,4180,4181,4177,4182,4179,4182,4182,4181,4180,4184,4179,4179,4177,4184,4178,4180,4178,4179,4179,4181,4182,4179,4179,4179,4178,4178,4178,4179,4178,4179,4178,4177,4178,4178,4179,4179,4178,4179,4179,4178,4176,4177,4178,4183,4184,4178,4180,4182,4180,4179,4179,8.34,SJNFAAZE1U0005576,117.67,14.40,8967.2421875,78,75,0,0,0,0,15.0,99.17,-154005,50,1528017998.362,0,3,1,0,3,0,0,0,0,1,401.19,401.19,1F,1,1,1,0080,59,40,40,0,0,19,0.00
03/06/2018 10:26:42,54 58.53373,-1 31.10137,301,0,484,955560,1144818,401.18,2.578,4186,4177,4179,9,0,91.0,32.8,85.0,29.4,none,none,79.3,26.3,4184,4186,4179,4179,4181,4179,4177,4178,4177,4178,4177,4179,4179,4178,4178,4178,4177,4179,4177,4179,4179,4178,4177,4178,4179,4180,4177,4178,4178,4179,4178,4178,4178,4177,4177,4180,4178,4177,4178,4177,4179,4178,4184,4182,4181,4181,4182,4178,4182,4179,4183,4183,4182,4180,4183,4178,4178,4178,4184,4178,4180,4178,4178,4179,4181,4182,4179,4178,4179,4179,4178,4178,4179,4178,4179,4178,4178,4178,4180,4179,4178,4178,4180,4179,4178,4177,4177,4179,4183,4183,4180,4179,4181,4180,4179,4179,6.09,SJNFAAZE1U0005576,117.67,14.40,8967.2421875,78,75,0,0,0,0,15.0,99.17,-154005,50,1528018002.329,0,3,1,0,5,0,0,0,0,1,401.19,401.19,1F,1,1,1,0080,59,40,40,0,0,19,0.00
03/06/2018 10:26:46,54 58.53373,-1 31.10137,301,0,484,955555,1144818,401.18,2.426,4185,4177,4179,8,0,91.0,32.8,85.0,29.4,none,none,79.3,26.3,4183,4185,4178,4180,4181,4180,4178,4178,4179,4178,4178,4177,4178,4178,4177,4178,4177,4178,4178,4179,4178,4177,4177,4178,4178,4180,4178,4177,4178,4178,4178,4179,4178,4178,4177,4179,4177,4178,4178,4177,4178,4178,4184,4182,4180,4180,4181,4178,4182,4179,4183,4182,4181,4180,4183,4178,4178,4177,4183,4178,4180,4179,4180,4178,4181,4182,4179,4177,4179,4179,4179,4178,4179,4179,4178,4178,4177,4178,4178,4178,4179,4179,4178,4179,4178,4178,4177,4179,4183,4183,4180,4180,4182,4180,4178,4179,5.81,SJNFAAZE1U0005576,117.67,14.40,8967.2421875,78,75,0,0,0,0,15.0,99.17,-154005,50,1528018006.671,0,3,1,0,5,0,0,0,0,1,401.18,401.18,1F,1,1,1,0080,59,40,40,0,0,19,0.00
03/06/2018 10:26:52,54 58.53373,-1 31.10137,301,0,484,955550,1144818,401.18,2.365,4184,4176,4179,8,0,91.0,32.8,85.0,29.4,none,none,79.3,26.3,4183,4184,4178,4180,4181,4179,4177,4178,4178,4177,4178,4178,4179,4178,4177,4178,4178,4178,4177,4179,4180,4177,4178,4179,4177,4181,4176,4178,4176,4178,4178,4178,4179,4177,4177,4179,4178,4178,4178,4177,4179,4178,4184,4183,4180,4179,4182,4178,4181,4180,4182,4183,4182,4180,4184,4179,4178,4177,4183,4178,4180,4178,4179,4178,4181,4182,4178,4179,4179,4178,4178,4178,4179,4178,4179,4177,4178,4178,4178,4179,4178,4178,4179,4178,4178,4177,4178,4177,4183,4183,4178,4178,4182,4181,4179,4179,5.56,SJNFAAZE1U0005576,117.67,14.40,8967.2421875,78,75,0,0,0,0,15.0,99.17,-154005,50,1528018012.599,0,3,1,0,4,0,0,0,0,1,401.19,401.19,1F,1,1,1,0080,59,40,40,0,0,19,0.00
03/06/2018 10:26:56,54 58.53373,-1 31.10137,301,0,484,955533,1144818,401.09,4.196,4185,4176,4178,9,0,91.0,32.8,85.0,29.4,none,none,79.3,26.3,4182,4185,4177,4179,4181,4179,4176,4177,4177,4177,4177,4177,4178,4178,4176,4177,4177,4178,4177,4179,4178,4177,4177,4178,4177,4180,4176,4177,4177,4178,4178,4177,4178,4177,4177,4178,4178,4178,4177,4177,4178,4178,4183,4182,4179,4180,4181,4177,4181,4178,4183,4181,4182,4179,4183,4179,4178,4177,4183,4177,4179,4178,4178,4177,4181,4181,4178,4179,4180,4178,4177,4177,4179,4178,4178,4178,4177,4177,4178,4178,4177,4178,4178,4178,4178,4177,4176,4177,4182,4183,4178,4179,4181,4179,4178,4178,5.04,SJNFAAZE1U0005576,117.67,14.40,8967.2421875,78,75,0,0,0,0,15.0,99.17,-154005,50,1528018016.956,520,3,1,0,5,0,0,0,0,2,401.07,401.07,1F,1,1,1,0080,59,40,40,0,0,19,-34.25
03/06/2018 10:27:00,54 58.53373,-1 31.10137,301,0,484,955507,1144818,401.09,6.484,4184,4175,4178,9,0,91.0,32.8,85.0,29.4,none,none,79.3,26.3,4184,4184,4178,4179,4180,4179,4177,4177,4178,4177,4178,4177,4178,4178,4177,4178,4177,4178,4176,4178,4178,4175,4176,4178,4177,4180,4176,4178,4178,4177,4178,4178,4178,4177,4177,4178,4177,4177,4177,4176,4178,4177,4183,4180,4180,4180,4181,4177,4181,4179,4181,4181,4180,4180,4183,4178,4178,4177,4184,4178,4179,4178,4178,4178,4180,4181,4178,4177,4178,4178,4178,4177,4178,4178,4179,4177,4177,4178,4177,4178,4179,4178,4178,4177,4177,4177,4177,4178,4182,4183,4178,4178,4181,4179,4178,4177,5.03,SJNFAAZE1U0005576,117.67,14.40,8967.2421875,78,75,0,0,0,0,15.0,99.17,-154005,50,1528018020.727,1520,3,1,0,4,0,0,0,0,2,401.00,401.00,1F,1,1,1,0080,59,40,40,0,0,19,0.00
03/06/2018 10:27:04,54 58.53373,-1 31.10137,301,0,484,955482,1144818,400.90,4.134,4183,4174,4176,9,0,91.0,32.8,85.0,29.4,none,none,79.3,26.3,4182,4183,4176,4177,4179,4176,4176,4175,4176,4175,4175,4175,4176,4177,4174,4176,4176,4176,4175,4177,4176,4175,4175,4177,4176,4178,4175,4176,4176,4177,4176,4176,4177,4176,4175,4175,4176,4175,4176,4175,4176,4175,4182,4179,4178,4177,4180,4175,4178,4177,4179,4180,4180,4177,4181,4177,4176,4176,4181,4175,4178,4175,4176,4176,4179,4180,4176,4176,4176,4176,4177,4175,4178,4175,4176,4175,4175,4175,4176,4177,4176,4177,4177,4176,4176,4175,4176,4175,4181,4181,4176,4176,4179,4178,4177,4176,4.84,SJNFAAZE1U0005576,117.67,14.40,8967.2421875,78,75,0,0,0,0,15.0,99.17,-154005,50,1528018024.474,40,3,1,0,4,0,0,0,0,2,401.05,401.05,1F,1,1,1,0080,59,40,40,0,0,19,79.25
03/06/2018 10:27:08,54 58.53373,-1 31.10137,301,0,483,955395,1144818,400.42,18.874,4178,4169,4171,9,0,91.0,32.8,85.0,29.4,none,none,79.3,26.3,4175,4178,4171,4172,4172,4172,4170,4170,4170,4170,4170,4170,4171,4171,4170,4172,4170,4172,4169,4173,4172,4171,4170,4172,4171,4172,4169,4171,4170,4171,4171,4172,4171,4170,4170,4171,4171,4170,4171,4170,4171,4170,4176,4175,4172,4172,4174,4169,4172,4171,4173,4174,4173,4172,4175,4172,4170,4170,4176,4170,4172,4169,4170,4172,4173,4175,4171,4171,4171,4171,4169,4170,4174,4170,4171,4171,4170,4170,4170,4171,4169,4171,4171,4171,4170,4170,4169,4170,4174,4175,4170,4171,4173,4171,4171,4170,4.70,SJNFAAZE1U0005576,117.67,14.40,8967.2421875,78,75,0,0,0,0,15.0,99.17,-154005,50,1528018028.085,4520,3,1,0,4,0,0,0,0,4,400.48,400.48,1F,1,1,1,0080,59,40,40,0,0,19,48.00
03/06/2018 10:27:11,54 58.53373,-1 31.10137,301,0,483,955320,1144818,400.90,2.761,4183,4174,4176,9,0,91.0,32.8,85.0,29.4,none,none,79.3,26.3,4181,4183,4175,4177,4179,4177,4174,4174,4175,4176,4175,4175,4177,4176,4175,4177,4174,4175,4176,4176,4177,4175,4175,4176,4177,4178,4175,4176,4175,4177,4176,4175,4177,4175,4175,4177,4175,4175,4176,4175,4176,4176,4181,4180,4178,4178,4179,4175,4179,4177,4179,4180,4179,4178,4181,4177,4177,4175,4181,4176,4176,4175,4176,4177,4178,4180,4177,4176,4176,4177,4177,4175,4177,4176,4176,4175,4175,4175,4175,4175,4177,4177,4177,4175,4176,4175,4175,4176,4181,4181,4177,4178,4179,4179,4177,4176,4.52,SJNFAAZE1U0005576,117.67,14.40,8967.2421875,78,75,0,0,0,0,15.0,99.17,-154005,50,1528018031.965,1720,3,1,0,4,0,0,0,0,4,400.96,400.96,1F,1,1,1,0080,59,40,40,0,0,19,8.25
03/06/2018 10:27:15,54 58.53373,-1 31.10137,301,0,483,955298,1144818,400.90,8.132,4183,4173,4176,10,0,91.0,32.8,85.0,29.4,none,none,79.3,26.3,4180,4183,4175,4177,4178,4176,4175,4175,4174,4176,4174,4176,4176,4177,4174,4176,4174,4176,4173,4177,4175,4175,4174,4177,4175,4178,4174,4176,4175,4176,4175,4176,4176,4174,4175,4177,4175,4175,4174,4175,4175,4175,4181,4179,4177,4178,4177,4175,4177,4177,4179,4180,4179,4177,4181,4176,4175,4174,4181,4176,4177,4176,4175,4176,4178,4181,4174,4175,4176,4177,4175,4176,4177,4176,4175,4176,4175,4175,4176,4177,4176,4177,4176,4175,4175,4175,4175,4175,4181,4182,4175,4175,4179,4178,4177,4176,4.35,SJNFAAZE1U0005576,117.67,14.40,8967.2421875,78,75,0,0,0,0,15.0,99.17,-154005,50,1528018035.835,960,3,1,0,4,0,0,0,0,4,400.79,400.79,1F,1,1,1,0080,59,40,40,0,0,19,0.00
03/06/2018 10:27:19,54 58.53373,-1 31.10137,301,0,483,955287,1144818,400.61,0.168,4179,4171,4173,8,0,91.0,32.8,85.0,29.4,none,none,79.3,26.3,4177,4179,4174,4174,4175,4174,4173,4171,4173,4173,4173,4172,4174,4174,4172,4172,4173,4173,4173,4174,4175,4172,4173,4174,4173,4175,4172,4173,4173,4173,4174,4174,4174,4173,4172,4173,4174,4172,4173,4172,4174,4172,4179,4177,4175,4175,4176,4172,4176,4172,4176,4177,4176,4175,4179,4173,4173,4171,4179,4173,4174,4174,4173,4173,4176,4177,4174,4173,4173,4174,4173,4172,4175,4173,4174,4172,4172,4173,4173,4175,4172,4173,4175,4173,4172,4173,4171,4173,4177,4179,4173,4173,4176,4175,4173,4173,4.21,SJNFAAZE1U0005576,117.67,14.40,8967.2421875,78,75,0,0,0,0,15.0,99.17,-154005,50,1528018039.883,80,3,1,0,4,0,0,0,0,4,401.05,401.05,1F,1,1,1,0080,59,40,40,0,0,19,36.50
03/06/2018 10:27:26,54 58.53373,-1 31.10137,301,0,483,955105,1144818,400.51,15.700,4179,4170,4172,9,0,91.0,32.8,85.0,29.4,none,none,79.3,26.3,4176,4179,4171,4173,4173,4172,4171,4172,4170,4172,4171,4171,4172,4172,4170,4172,4171,4172,4170,4173,4172,4171,4171,4172,4170,4174,4170,4172,4171,4172,4171,4173,4172,4171,4170,4173,4171,4171,4170,4171,4172,4171,4177,4175,4173,4173,4174,4170,4173,4173,4175,4174,4175,4172,4176,4172,4171,4171,4177,4172,4173,4172,4171,4172,4174,4175,4171,4171,4172,4172,4171,4171,4174,4172,4171,4171,4172,4172,4171,4172,4172,4172,4172,4172,4171,4171,4171,4172,4176,4177,4172,4172,4175,4173,4172,4172,4.09,SJNFAAZE1U0005576,117.67,14.40,8967.2421875,78,75,0,0,0,0,15.0,99.17,-154005,50,1528018046.114,8000,3,1,0,4,0,0,0,0,4,400.34,400.34,1F,1,1,1,0080,59,40,40,0,0,19,18.75
03/06/2018 10:27:30,54 58.53373,-1 31.10137,301,0,483,955065,1144818,401.38,-15.944,4188,4179,4181,9,0,91.0,32.8,85.0,29.4,none,none,79.2,26.2,4187,4188,4181,4182,4184,4182,4180,4181,4181,4180,4180,4180,4180,4181,4179,4181,4180,4182,4180,4181,4181,4180,4179,4181,4180,4182,4180,4179,4180,4182,4181,4180,4181,4180,4179,4181,4180,4180,4180,4180,4180,4180,4187,4185,4182,4182,4185,4180,4184,4183,4185,4185,4185,4184,4187,4182,4182,4181,4187,4182,4184,4182,4182,4181,4184,4185,4181,4182,4181,4183,4182,4180,4183,4182,4182,4181,4182,4181,4180,4181,4180,4182,4182,4182,4180,4180,4179,4180,4187,4187,4182,4183,4184,4184,4182,4181,3.95,SJNFAAZE1U0005576,117.67,14.40,8967.2421875,78,75,0,0,0,0,15.0,99.17,-154005,50,1528018050.757,0,3,1,0,5,0,0,0,0,4,401.49,401.49,1F,1,1,1,0080,59,40,40,0,0,19,-26.75
03/06/2018 10:27:37,54 58.53373,-1 31.10137,301,0,483,954883,1144818,399.07,42.464,4162,4156,4157,6,0,90.8,32.7,85.0,29.4,none,none,79.3,26.3,4161,4162,4157,4158,4159,4158,4157,4157,4157,4157,4157,4158,4158,4157,4157,4157,4157,4159,4158,4159,4159,4157,4158,4159,4158,4160,4157,4157,4158,4159,4159,4158,4159,4157,4158,4159,4158,4157,4157,4157,4158,4158,4162,4162,4159,4159,4159,4156,4158,4156,4158,4159,4158,4158,4161,4156,4156,4156,4162,4156,4156,4156,4157,4158,4160,4161,4157,4157,4157,4157,4158,4157,4160,4156,4157,4156,4156,4157,4157,4157,4156,4157,4157,4157,4157,4156,4156,4156,4160,4161,4156,4157,4159,4157,4156,4157,3.77,SJNFAAZE1U0005576,117.67,14.40,8967.2421875,78,75,0,0,0,0,15.0,99.17,-154005,50,1528018057.467,12640,3,1,0,5,0,0,0,0,4,399.29,399.29,1F,1,1,1,0080,60,40,40,0,0,19,51.75
03/06/2018 10:27:43,54 58.53373,-1 31.10137,301,0,483,954699,1144818,401.28,-6.209,4187,4178,4180,9,0,91.0,32.8,85.0,29.4,none,none,79.3,26.3,4185,4187,4180,4180,4183,4180,4179,4179,4179,4179,4179,4178,4179,4179,4178,4179,4179,4180,4180,4181,4180,4178,4178,4180,4180,4181,4178,4179,4180,4180,4178,4180,4180,4179,4178,4181,4180,4179,4178,4178,4180,4179,4184,4183,4181,4181,4184,4179,4183,4182,4184,4184,4184,4183,4187,4181,4179,4179,4185,4181,4182,4180,4179,4181,4182,4184,4181,4180,4180,4181,4180,4179,4181,4180,4180,4180,4180,4179,4179,4181,4180,4180,4181,4179,4179,4180,4178,4180,4185,4186,4180,4180,4184,4183,4181,4181,3.58,SJNFAAZE1U0005576,117.67,14.40,8967.2421875,78,75,0,0,0,0,15.0,99.17,-154005,50,1528018063.807,0,4,1,0,5,0,0,0,0,4,400.96,400.96,1F,1,1,1,0080,60,40,40,0,0,19,-56.00
03/06/2018 10:27:49,54 58.53373,-1 31.10137,301,0,483,954780,1144818,399.55,28.212,4167,4160,4162,7,0,91.0,32.8,85.0,29.4,none,none,79.3,26.3,4166,4167,4160,4162,4163,4162,4162,4161,4162,4162,4162,4162,4162,4162,4161,4163,4162,4163,4162,4164,4163,4162,4161,4163,4161,4164,4161,4163,4160,4164,4162,4163,4163,4162,4161,4163,4161,4162,4161,4161,4163,4163,4166,4165,4163,4163,4164,4161,4163,4161,4164,4164,4164,4163,4167,4162,4161,4160,4166,4161,4162,4161,4162,4162,4163,4164,4162,4162,4163,4162,4162,4160,4164,4162,4161,4161,4162,4161,4162,4162,4162,4161,4160,4161,4161,4161,4161,4162,4166,4166,4161,4162,4163,4162,4161,4161,3.23,SJNFAAZE1U0005576,117.67,14.40,8967.2421875,78,75,0,0,0,0,15.0,99.17,-154009,50,1528018069.867,7320,3,1,0,5,0,0,0,0,4,399.90,399.90,1F,1,1,1,0080,60,40,40,0,0,19,95.75
03/06/2018 10:27:55,54 58.53373,-1 31.10137,301,0,483,954598,1144818,401.18,-16.250,4185,4177,4179,8,0,91.0,32.8,85.0,29.4,none,none,79.3,26.3,4185,4185,4178,4180,4180,4180,4177,4178,4177,4178,4177,4178,4178,4178,4177,4179,4177,4179,4177,4180,4178,4178,4177,4179,4177,4181,4177,4179,4177,4179,4177,4179,4178,4177,4178,4179,4178,4178,4177,4178,4178,4179,4184,4182,4180,4180,4181,4178,4182,4180,4182,4183,4182,4180,4184,4179,4179,4178,4184,4179,4179,4178,4179,4180,4180,4183,4178,4178,4180,4178,4179,4178,4179,4180,4179,4179,4178,4177,4179,4179,4179,4180,4179,4178,4179,4177,4178,4177,4184,4183,4180,4179,4183,4181,4179,4179,3.23,SJNFAAZE1U0005576,117.67,14.48,8967.2421875,78,75,0,0,0,0,15.0,99.17,-154009,50,1528018075.890,0,3,1,0,5,0,0,0,0,4,401.21,401.21,1F,1,1,1,0080,61,40,40,0,0,19,-72.00
03/06/2018 10:28:01,54 58.53373,-1 31.10137,301,0,483,954692,1144818,400.70,2.853,4180,4172,4174,8,0,91.0,32.8,85.0,29.4,none,none,79.3,26.3,4179,4180,4173,4175,4176,4174,4173,4173,4173,4174,4173,4174,4175,4174,4173,4173,4173,4174,4173,4175,4175,4173,4173,4173,4173,4176,4174,4175,4173,4174,4173,4174,4175,4172,4173,4175,4174,4173,4173,4173,4175,4173,4180,4178,4175,4175,4177,4173,4177,4175,4177,4177,4177,4177,4179,4174,4174,4172,4179,4173,4176,4173,4174,4174,4177,4177,4174,4173,4174,4174,4175,4173,4175,4174,4173,4174,4173,4174,4174,4173,4174,4174,4175,4174,4174,4173,4173,4174,4179,4180,4174,4174,4177,4175,4174,4174,3.18,SJNFAAZE1U0005576,117.67,14.40,8967.2421875,78,75,0,0,0,0,15.0,99.17,-154013,50,1528018081.690,400,3,1,0,5,0,0,0,0,4,400.74,400.74,1F,1,1,1,0080,61,40,40,0,0,19,-22.00
03/06/2018 10:28:06,54 58.53373,-1 31.10137,301,0,483,954686,1144818,400.70,2.365,4181,4172,4174,9,0,91.0,32.8,85.0,29.4,none,none,79.2,26.2,4179,4181,4173,4176,4177,4174,4174,4173,4174,4174,4173,4173,4175,4174,4173,4174,4173,4175,4174,4175,4176,4174,4174,4175,4175,4177,4173,4174,4174,4174,4174,4175,4174,4174,4173,4176,4175,4173,4173,4174,4174,4175,4180,4178,4176,4175,4177,4172,4178,4174,4178,4178,4177,4176,4179,4175,4174,4173,4179,4174,4176,4173,4173,4174,4176,4178,4175,4174,4175,4175,4174,4173,4176,4175,4175,4174,4173,4173,4174,4175,4174,4175,4175,4175,4174,4173,4173,4174,4178,4180,4175,4175,4177,4176,4175,4175,3.04,SJNFAAZE1U0005576,117.67,14.40,8967.2421875,78,75,0,0,0,0,15.0,99.17,-154013,50,1528018086.350,0,3,1,0,5,0,0,0,0,0,400.78,400.78,1F,1,1,1,0080,61,40,40,0,0,19,0.00
03/06/2018 10:28:13,54 58.53373,-1 31.10137,301,0,483,954682,1144818,400.90,1.540,4183,4174,4176,9,0,90.8,32.7,85.0,29.4,none,none,79.2,26.2,4181,4183,4176,4177,4178,4176,4175,4175,4175,4175,4175,4176,4175,4176,4174,4176,4175,4176,4176,4176,4176,4176,4175,4175,4176,4177,4175,4175,4175,4177,4176,4176,4176,4175,4175,4176,4175,4175,4175,4174,4176,4175,4181,4179,4177,4178,4179,4175,4178,4176,4180,4180,4178,4177,4180,4177,4175,4175,4181,4175,4177,4175,4176,4176,4178,4179,4175,4175,4176,4176,4176,4176,4177,4177,4176,4175,4176,4176,4175,4175,4176,4176,4177,4176,4175,4175,4175,4175,4181,4180,4176,4176,4179,4178,4177,4175,2.85,SJNFAAZE1U0005576,117.67,14.40,8967.2421875,78,75,0,0,0,0,15.0,99.17,-154013,50,1528018093.032,0,3,1,0,5,0,0,0,0,1,400.83,400.83,1F,1,1,1,0080,61,40,40,0,0,19,0.00
03/06/2018 10:28:16,54 58.53373,-1 31.10137,301,0,483,954710,1144818,400.90,0.046,4183,4174,4176,9,0,91.0,32.8,85.0,29.4,none,none,79.2,26.2,4181,4183,4176,4177,4178,4176,4176,4176,4176,4176,4177,4175,4176,4176,4174,4176,4176,4176,4176,4177,4177,4175,4175,4176,4176,4178,4175,4176,4175,4176,4176,4176,4176,4175,4175,4177,4176,4175,4176,4176,4176,4176,4182,4179,4177,4177,4179,4175,4179,4176,4179,4180,4179,4179,4181,4178,4175,4176,4182,4176,4177,4176,4176,4176,4179,4180,4176,4177,4177,4177,4176,4176,4177,4176,4177,4176,4175,4175,4176,4176,4176,4177,4177,4176,4177,4175,4176,4175,4182,4182,4176,4177,4179,4178,4177,4177,-6.05,SJNFAAZE1U0005576,117.67,13.20,8967.2421875,78,75,0,0,0,0,15.0,99.17,-154014,50,1528018096.049,0,0,0,0,0,0,0,0,0,1,400.87,400.87,17,0,1,1,0000,61,40,40,0,0,19,0.00
03/06/2018 10:28:19,54 58.53373,-1 31.10137,301,0,483,954710,1144818,400.99,0.076,4183,4174,4177,9,0,91.0,32.8,85.0,29.4,none,none,79.3,26.3,4180,4182,4176,4177,4178,4177,4176,4176,4175,4177,4175,4176,4177,4177,4175,4176,4176,4177,4175,4177,4178,4176,4174,4176,4177,4178,4176,4176,4175,4177,4175,4177,4177,4176,4175,4176,4176,4176,4176,4175,4177,4175,4181,4180,4178,4178,4180,4175,4179,4177,4180,4180,4179,4178,4182,4177,4176,4176,4183,4176,4177,4177,4176,4177,4178,4179,4176,4176,4177,4178,4175,4175,4178,4177,4177,4177,4175,4176,4175,4176,4176,4177,4177,4177,4176,4176,4176,4176,4181,4181,4177,4176,4179,4178,4176,4177,-5.88,SJNFAAZE1U0005576,117.67,13.12,8967.2421875,78,75,0,0,0,0,15.0,99.17,-154014,50,1528018099.080,0,0,0,0,0,0,0,0,0,1,400.99,400.99,17,0,1,1,0000,61,40,40,0,0,19,0.00
03/06/2018 10:28:26,54 58.53373,-1 31.10137,301,0,483,954001,1144818,400.50,-0.0,4183,4174,4177,9,0,91.0,32.8,85.0,29.4,none,none,79.3,26.3,4180,4182,4176,4177,4178,4177,4176,4176,4175,4177,4175,4176,4177,4177,4175,4176,4176,4177,4175,4177,4178,4176,4174,4176,4177,4178,4176,4176,4175,4177,4175,4177,4177,4176,4175,4176,4176,4176,4176,4175,4177,4175,4181,4180,4178,4178,4180,4175,4179,4177,4180,4180,4179,4178,4182,4177,4176,4176,4183,4176,4177,4177,4176,4177,4178,4179,4176,4176,4177,4178,4175,4175,4178,4177,4177,4177,4175,4176,4175,4176,4176,4177,4177,4177,4176,4176,4176,4176,4181,4181,4177,4176,4179,4178,4176,4177,-4.36,SJNFAAZE1U0005576,117.67,12.96,8967.2421875,78,75,0,0,0,0,15.0,99.17,-154014,50,1528018106.948,0,0,0,0,0,0,0,0,0,1,400.99,400.50,17,0,0,1,0000,61,40,40,0,0,19,0.00
03/06/2018 10:31:28,54 58.53373,-1 31.10137,301,0,483,954708,1144818,400.99,2.402,4183,4175,4177,8,0,90.8,32.7,85.0,29.4,none,none,79.2,26.2,4181,4183,4176,4178,4179,4177,4177,4177,4176,4175,4176,4176,4177,4177,4176,4176,4175,4176,4176,4178,4179,4176,4176,4178,4176,4178,4175,4176,4176,4177,4176,4176,4177,4176,4176,4177,4176,4176,4176,4176,4176,4176,4181,4181,4179,4178,4180,4176,4179,4178,4180,4181,4180,4179,4183,4177,4177,4175,4182,4176,4179,4177,4177,4177,4180,4181,4177,4177,4178,4177,4176,4175,4179,4177,4178,4177,4175,4177,4176,4177,4177,4178,4178,4176,4176,4176,4176,4177,4181,4181,4177,4176,4180,4178,4177,4178,18.96,SJNFAAZE1U0005576,117.67,13.84,8967.2421875,78,75,0,0,0,0,15.0,99.17,-154014,49,1528018288.169,0,3,1,0,3,0,0,0,0,1,401.03,401.03,1F,1,1,1,0080,60,40,40,0,0,19,0.00
03/06/2018 10:31:31,54 58.53373,-1 31.10137,301,0,483,954704,1144818,400.99,2.769,4184,4174,4177,10,0,90.8,32.7,85.0,29.4,none,none,79.2,26.2,4181,4184,4177,4178,4179,4178,4176,4174,4176,4176,4176,4176,4177,4177,4176,4175,4175,4177,4175,4178,4178,4175,4175,4177,4176,4178,4175,4176,4176,4177,4176,4177,4177,4177,4175,4176,4176,4176,4175,4175,4176,4176,4183,4180,4177,4179,4179,4175,4179,4177,4180,4181,4180,4179,4182,4177,4176,4176,4182,4176,4179,4176,4177,4176,4179,4180,4177,4177,4176,4177,4177,4175,4178,4177,4176,4176,4175,4176,4176,4177,4177,4177,4177,4177,4177,4177,4176,4177,4181,4181,4177,4177,4179,4178,4177,4176,13.27,SJNFAAZE1U0005576,117.67,14.32,8967.2421875,78,75,0,0,0,0,15.0,99.17,-154014,49,1528018291.741,0,3,1,0,6,0,0,0,0,1,401.00,401.00,1F,1,1,1,0080,60,40,40,0,0,19,0.00
03/06/2018 10:31:35,54 58.53373,-1 31.10137,301,0,483,954699,1144818,400.90,2.769,4183,4174,4176,9,0,90.6,32.6,84.8,29.3,none,none,79.2,26.2,4181,4183,4176,4178,4178,4176,4175,4176,4176,4176,4175,4176,4176,4177,4176,4175,4176,4177,4175,4177,4177,4174,4175,4177,4176,4178,4175,4176,4175,4177,4176,4176,4177,4176,4175,4176,4176,4176,4175,4175,4177,4175,4181,4180,4177,4177,4179,4176,4179,4177,4179,4181,4179,4178,4180,4177,4176,4175,4181,4176,4178,4176,4177,4177,4179,4181,4177,4178,4177,4177,4176,4176,4177,4176,4177,4176,4175,4175,4177,4176,4177,4177,4177,4176,4176,4176,4175,4175,4182,4181,4177,4177,4178,4179,4177,4177,11.12,SJNFAAZE1U0005576,117.67,14.40,8967.2421875,78,75,0,0,0,0,15.0,99.17,-154014,49,1528018295.383,0,3,1,0,7,0,0,0,0,1,401.00,401.00,1F,1,1,1,0080,60,40,40,0,0,19,0.00
03/06/2018 10:31:39,54 58.53373,-1 31.10137,301,0,483,954693,1144818,400.90,2.555,4183,4174,4176,9,0,90.8,32.7,84.8,29.3,none,none,79.2,26.2,4182,4183,4177,4177,4179,4176,4174,4176,4175,4175,4175,4176,4177,4177,4176,4175,4176,4176,4175,4177,4176,4174,4176,4176,4176,4177,4175,4175,4176,4177,4176,4177,4177,4175,4175,4176,4177,4175,4174,4176,4177,4176,4181,4180,4177,4178,4179,4175,4180,4176,4180,4180,4179,4178,4182,4177,4177,4175,4180,4176,4177,4176,4176,4177,4178,4180,4177,4175,4177,4177,4176,4176,4178,4175,4176,4177,4175,4176,4176,4177,4176,4176,4176,4176,4175,4176,4175,4176,4181,4181,4176,4176,4179,4179,4177,4177,9.59,SJNFAAZE1U0005576,117.67,14.40,8967.2421875,78,75,0,0,0,0,15.0,99.17,-154014,49,1528018299.658,0,3,1,0,6,0,0,0,0,1,400.98,400.98,1F,1,1,1,0080,60,40,40,0,0,19,0.00
03/06/2018 10:31:43,54 58.53373,-1 31.10137,301,0,483,954688,1144818,400.90,2.555,4183,4174,4176,9,0,90.8,32.7,84.8,29.3,none,none,79.2,26.2,4181,4183,4175,4177,4178,4176,4176,4175,4176,4176,4175,4175,4177,4177,4175,4176,4176,4176,4175,4177,4176,4175,4175,4177,4175,4178,4174,4175,4175,4177,4175,4176,4176,4176,4175,4177,4176,4175,4175,4175,4177,4176,4182,4180,4177,4178,4179,4176,4179,4177,4180,4180,4178,4178,4182,4177,4177,4175,4181,4176,4177,4175,4176,4176,4178,4180,4177,4176,4177,4176,4177,4176,4177,4176,4176,4175,4176,4176,4176,4175,4175,4176,4177,4177,4175,4176,4176,4177,4180,4181,4177,4177,4180,4178,4177,4177,8.29,SJNFAAZE1U0005576,117.67,14.40,8967.2421875,78,75,0,0,0,0,15.0,99.17,-154014,49,1528018303.408,0,3,1,0,6,0,0,0,0,1,400.97,400.97,1F,1,1,1,0080,60,40,40,0,0,19,0.00
03/06/2018 10:31:47,54 58.53373,-1 31.10137,301,0,483,954685,1144818,400.90,2.372,4183,4174,4176,9,0,90.8,32.7,84.8,29.3,none,none,79.2,26.2,4181,4183,4176,4178,4179,4177,4175,4175,4175,4176,4176,4177,4177,4177,4176,4177,4175,4176,4176,4177,4176,4175,4175,4176,4175,4178,4176,4175,4175,4177,4176,4177,4177,4175,4176,4177,4176,4175,4175,4175,4177,4175,4182,4180,4177,4177,4180,4175,4179,4177,4180,4180,4180,4178,4182,4177,4176,4174,4181,4176,4177,4175,4176,4177,4178,4180,4177,4176,4177,4176,4177,4176,4177,4176,4177,4175,4175,4176,4175,4176,4177,4176,4176,4176,4176,4175,4176,4176,4180,4181,4177,4177,4179,4178,4177,4176,7.46,SJNFAAZE1U0005576,117.67,14.40,8967.2421875,78,75,0,0,0,0,15.0,99.17,-154014,49,1528018307.030,0,3,1,0,5,0,0,0,0,1,400.96,400.96,1F,1,1,1,0080,60,40,40,0,0,19,0.00
03/06/2018 10:31:51,54 58.53373,-1 31.10137,301,0,483,954682,1144818,400.90,2.311,4183,4174,4176,9,0,90.8,32.7,84.8,29.3,none,none,79.2,26.2,4181,4183,4175,4177,4178,4177,4174,4174,4175,4176,4175,4175,4177,4176,4175,4176,4175,4176,4176,4177,4176,4175,4175,4177,4175,4179,4175,4176,4175,4177,4176,4177,4176,4176,4174,4176,4175,4176,4175,4174,4177,4176,4182,4180,4178,4177,4179,4176,4179,4177,4180,4180,4179,4178,4182,4177,4176,4174,4181,4176,4177,4175,4176,4176,4179,4180,4176,4176,4176,4177,4176,4175,4177,4176,4177,4176,4175,4176,4177,4176,4176,4177,4176,4176,4176,4175,4175,4177,4181,4182,4176,4176,4179,4178,4176,4176,6.75,SJNFAAZE1U0005576,117.67,14.40,8967.2421875,78,75,0,0,0,0,15.0,99.17,-154014,49,1528018311.301,0,3,1,0,5,0,0,0,0,1,400.96,400.96,1F,1,1,1,0080,60,40,40,0,0,19,0.00
03/06/2018 10:31:55,54 58.53373,-1 31.10137,301,0,483,954679,1144818,400.90,2.250,4183,4174,4176,9,0,90.8,32.7,84.8,29.3,none,none,79.2,26.2,4181,4182,4176,4177,4179,4177,4175,4176,4176,4175,4175,4176,4177,4177,4175,4176,4175,4176,4175,4176,4177,4175,4175,4176,4174,4178,4175,4176,4175,4176,4176,4176,4176,4175,4175,4176,4176,4175,4174,4176,4176,4176,4183,4180,4177,4177,4179,4175,4179,4177,4179,4180,4179,4178,4182,4177,4177,4174,4181,4176,4177,4175,4177,4176,4179,4180,4177,4175,4177,4176,4175,4175,4177,4176,4177,4176,4175,4175,4176,4175,4176,4177,4177,4176,4175,4175,4175,4176,4181,4181,4176,4176,4179,4178,4177,4177,6.13,SJNFAAZE1U0005576,117.67,14.40,8967.2421875,78,75,0,0,0,0,15.0,99.17,-154014,49,1528018315.175,0,3,1,0,5,0,0,0,0,1,400.95,400.95,1F,1,1,1,0080,60,40,40,0,0,19,0.00
03/06/2018 10:31:59,54 58.53373,-1 31.10137,301,0,483,954677,1144818,400.90,2.280,4183,4174,4176,9,0,90.8,32.7,84.8,29.3,none,none,79.2,26.2,4181,4183,4176,4177,4178,4176,4175,4174,4175,4174,4174,4176,4176,4176,4175,4176,4175,4176,4175,4177,4176,4174,4175,4176,4175,4178,4175,4176,4175,4176,4176,4175,4176,4175,4175,4177,4175,4175,4174,4175,4175,4176,4182,4179,4177,4177,4179,4175,4179,4177,4179,4180,4179,4178,4181,4177,4176,4174,4181,4175,4177,4177,4176,4176,4178,4179,4177,4176,4177,4176,4176,4176,4177,4177,4177,4176,4175,4175,4176,4176,4176,4177,4176,4176,4175,4174,4175,4175,4180,4180,4176,4176,4179,4178,4177,4177,5.66,SJNFAAZE1U0005576,117.67,14.40,8967.2421875,78,75,0,0,0,0,15.0,99.17,-154014,49,1528018319.016,0,3,1,0,5,0,0,0,0,1,400.96,400.96,1F,1,1,1,0080,60,40,40,0,0,19,0.00
03/06/2018 10:32:02,54 58.53373,-1 31.10137,301,0,483,954675,1144818,400.90,2.219,4182,4174,4176,8,0,90.8,32.7,84.8,29.3,none,none,79.0,26.1,4181,4182,4176,4177,4178,4177,4175,4176,4175,4176,4175,4175,4176,4176,4174,4175,4174,4176,4175,4176,4177,4174,4176,4176,4176,4178,4174,4175,4175,4176,4176,4176,4177,4175,4176,4176,4175,4174,4175,4175,4176,4175,4181,4180,4178,4177,4178,4176,4178,4177,4180,4180,4180,4178,4180,4177,4176,4175,4181,4176,4178,4175,4175,4175,4179,4180,4177,4177,4176,4177,4176,4175,4177,4176,4176,4176,4175,4176,4176,4176,4176,4177,4177,4176,4175,4175,4175,4176,4182,4181,4176,4176,4179,4178,4177,4176,5.29,SJNFAAZE1U0005576,117.67,14.40,8967.2421875,78,75,0,0,0,0,15.0,99.17,-154014,49,1528018322.669,0,3,1,0,5,0,0,0,0,1,400.94,400.94,1F,1,1,1,0080,60,40,40,0,0,19,0.00
03/06/2018 10:32:06,54 58.53373,-1 31.10137,301,0,483,954673,1144818,400.90,2.280,4182,4174,4176,8,0,90.6,32.6,84.8,29.3,none,none,79.0,26.1,4182,4182,4176,4177,4179,4177,4176,4175,4175,4175,4175,4176,4176,4177,4175,4176,4175,4176,4175,4177,4176,4175,4175,4176,4175,4178,4175,4176,4176,4176,4175,4176,4176,4176,4175,4176,4175,4175,4175,4175,4176,4176,4181,4179,4177,4177,4178,4175,4179,4176,4179,4179,4178,4178,4181,4177,4176,4175,4181,4176,4177,4175,4175,4177,4178,4181,4176,4176,4175,4176,4177,4175,4177,4176,4177,4175,4176,4175,4177,4176,4176,4176,4176,4175,4175,4175,4174,4176,4181,4181,4176,4176,4179,4178,4177,4176,4.97,SJNFAAZE1U0005576,117.67,14.40,8967.2421875,78,75,0,0,0,0,15.0,99.17,-154014,49,1528018326.439,0,3,1,0,5,0,0,0,0,1,400.93,400.93,1F,1,1,1,0080,60,40,40,0,0,19,0.00
03/06/2018 10:32:10,54 58.53373,-1 31.10137,301,0,483,954671,1144818,400.90,2.250,4182,4174,4176,8,0,90.8,32.7,84.8,29.3,none,none,79.2,26.2,4180,4182,4175,4177,4178,4177,4175,4175,4175,4175,4174,4175,4176,4176,4175,4176,4174,4177,4175,4176,4176,4174,4174,4176,4176,4178,4175,4176,4174,4176,4176,4176,4176,4175,4174,4177,4176,4175,4174,4174,4176,4176,4181,4179,4177,4178,4178,4175,4179,4176,4179,4179,4179,4177,4181,4177,4176,4174,4181,4176,4178,4176,4175,4176,4179,4179,4177,4176,4175,4175,4176,4175,4177,4175,4176,4175,4175,4176,4177,4176,4176,4177,4176,4175,4175,4175,4174,4175,4180,4181,4177,4175,4179,4177,4176,4176,4.68,SJNFAAZE1U0005576,117.67,14.40,8967.2421875,78,75,0,0,0,0,15.0,99.17,-154014,49,1528018330.208,0,3,1,0,5,0,0,0,0,1,400.93,400.93,1F,1,1,1,0080,60,40,40,0,0,19,0.00
03/06/2018 10:32:13,54 58.53373,-1 31.10137,301,0,483,954669,1144818,400.90,2.219,4182,4174,4176,8,0,90.8,32.7,84.8,29.3,none,none,79.2,26.2,4180,4182,4176,4177,4178,4176,4176,4174,4175,4175,4175,4175,4175,4175,4174,4175,4175,4176,4174,4177,4176,4175,4174,4176,4176,4177,4175,4176,4175,4176,4175,4176,4175,4175,4175,4176,4176,4175,4174,4174,4177,4175,4180,4178,4177,4177,4178,4175,4178,4177,4179,4180,4178,4178,4181,4177,4175,4175,4180,4175,4177,4176,4176,4176,4178,4179,4176,4175,4177,4176,4176,4176,4178,4175,4177,4176,4176,4175,4176,4176,4175,4177,4177,4176,4175,4175,4175,4175,4180,4180,4177,4176,4179,4178,4177,4176,4.41,SJNFAAZE1U0005576,117.67,14.40,8967.2421875,78,75,0,0,0,0,15.0,99.17,-154014,49,1528018333.822,0,3,1,0,5,0,0,0,0,1,400.93,400.93,1F,1,1,1,0080,60,40,40,0,0,19,0.00
03/06/2018 10:32:17,54 58.53373,-1 31.10137,301,0,483,954667,1144818,400.90,2.250,4182,4174,4176,8,0,90.8,32.7,84.8,29.3,none,none,79.2,26.2,4181,4182,4175,4177,4179,4178,4174,4175,4176,4175,4175,4175,4176,4177,4174,4176,4175,4176,4175,4176,4176,4175,4175,4176,4176,4178,4174,4175,4175,4176,4176,4176,4175,4174,4174,4176,4174,4175,4174,4175,4176,4175,4181,4179,4177,4177,4179,4176,4179,4176,4179,4179,4179,4177,4181,4176,4175,4174,4181,4175,4177,4176,4176,4176,4178,4179,4176,4176,4177,4177,4175,4174,4177,4176,4175,4175,4175,4175,4176,4176,4175,4176,4176,4176,4175,4175,4175,4176,4180,4180,4176,4176,4178,4178,4177,4176,4.21,SJNFAAZE1U0005576,117.67,14.40,8967.2421875,78,75,0,0,0,0,15.0,99.17,-154014,49,1528018337.536,0,3,1,0,5,0,0,0,0,1,400.92,400.92,1F,1,1,1,0080,60,40,40,0,0,19,0.00
03/06/2018 10:32:21,54 58.53373,-1 31.10137,301,0,483,954666,1144818,400.90,2.250,4182,4174,4176,8,0,90.8,32.7,84.8,29.3,none,none,79.2,26.2,4180,4182,4175,4177,4177,4177,4174,4174,4176,4176,4175,4175,4175,4176,4175,4175,4175,4176,4175,4177,4177,4174,4175,4176,4175,4177,4174,4175,4175,4176,4175,4176,4176,4175,4174,4176,4175,4175,4175,4174,4176,4175,4181,4179,4177,4177,4179,4175,4178,4176,4179,4179,4179,4178,4181,4176,4174,4174,4181,4176,4177,4175,4176,4176,4178,4179,4177,4176,4176,4175,4176,4176,4177,4175,4175,4175,4175,4175,4176,4176,4176,4176,4177,4177,4175,4175,4175,4175,4179,4180,4176,4175,4179,4178,4176,4177,4.01,SJNFAAZE1U0005576,117.67,14.40,8967.2421875,78,75,0,0,0,0,15.0,99.17,-154014,49,1528018341.047,0,3,1,0,5,0,0,0,0,1,400.91,400.91,1F,1,1,1,0080,60,40,40,0,0,19,0.00
03/06/2018 10:32:25,54 58.53373,-1 31.10137,301,0,483,954664,1144818,400.90,2.189,4181,4174,4176,7,0,90.8,32.7,84.8,29.3,none,none,79.2,26.2,4180,4181,4174,4176,4178,4176,4175,4174,4175,4174,4174,4175,4175,4175,4174,4175,4174,4175,4175,4177,4176,4174,4175,4177,4174,4177,4174,4175,4175,4176,4175,4176,4176,4175,4176,4176,4175,4175,4174,4175,4176,4176,4180,4179,4178,4177,4179,4175,4179,4177,4179,4179,4178,4178,4180,4177,4175,4175,4181,4176,4178,4174,4176,4175,4179,4180,4175,4176,4176,4176,4176,4174,4176,4176,4177,4175,4174,4175,4175,4177,4176,4176,4176,4176,4176,4176,4176,4176,4180,4181,4176,4177,4179,4178,4177,4177,3.83,SJNFAAZE1U0005576,117.67,14.40,8967.2421875,78,75,0,0,0,0,15.0,99.17,-154014,49,1528018345.050,0,3,1,0,4,0,0,0,0,1,400.92,400.92,1F,1,1,1,0080,60,40,40,0,0,19,0.00
03/06/2018 10:32:29,54 58.53373,-1 31.10137,301,0,483,954662,1144818,400.90,2.158,4182,4174,4176,8,0,90.8,32.7,84.8,29.3,none,none,79.2,26.2,4181,4182,4175,4176,4179,4176,4174,4175,4175,4175,4175,4175,4176,4176,4174,4175,4175,4175,4175,4176,4176,4175,4175,4176,4175,4177,4175,4174,4175,4176,4175,4175,4176,4175,4174,4176,4175,4175,4175,4174,4177,4174,4181,4179,4177,4178,4178,4175,4178,4176,4179,4180,4179,4177,4181,4176,4175,4174,4181,4176,4177,4174,4177,4176,4178,4180,4175,4175,4177,4175,4176,4176,4177,4175,4176,4175,4175,4175,4175,4176,4175,4177,4176,4175,4174,4175,4175,4175,4181,4181,4176,4176,4179,4178,4176,4176,3.71,SJNFAAZE1U0005576,117.67,14.40,8967.2421875,78,75,0,0,0,0,15.0,99.17,-154014,49,1528018349.693,0,3,1,0,5,0,0,0,0,1,400.90,400.90,1F,1,1,1,0080,60,40,40,0,0,19,0.00
03/06/2018 10:32:33,54 58.53373,-1 31.10137,301,0,483,954661,1144818,400.90,2.250,4182,4173,4176,9,0,90.8,32.7,84.8,29.3,none,none,79.2,26.2,4181,4182,4176,4178,4178,4175,4175,4175,4175,4175,4174,4174,4176,4175,4174,4174,4173,4176,4173,4177,4177,4174,4175,4176,4175,4177,4174,4175,4174,4177,4175,4176,4176,4174,4174,4175,4175,4175,4175,4175,4176,4175,4180,4179,4177,4177,4179,4175,4179,4175,4179,4179,4178,4176,4181,4175,4174,4174,4180,4176,4177,4175,4175,4176,4178,4180,4175,4175,4175,4175,4176,4175,4177,4176,4175,4175,4175,4176,4175,4177,4175,4175,4176,4175,4176,4175,4175,4175,4181,4181,4177,4176,4178,4178,4176,4176,3.51,SJNFAAZE1U0005576,117.67,14.40,8967.2421875,78,75,0,0,0,0,15.0,99.17,-154014,49,1528018353.605,0,3,1,0,5,0,0,0,0,1,400.91,400.91,1F,1,1,1,0080,60,40,40,0,0,19,0.00
03/06/2018 10:32:37,54 58.53373,-1 31.10137,301,0,483,954659,1144818,400.90,2.250,4182,4173,4176,9,0,90.8,32.7,84.8,29.3,none,none,79.2,26.2,4180,4182,4175,4176,4177,4176,4175,4174,4174,4174,4175,4176,4176,4176,4174,4175,4175,4176,4174,4177,4177,4174,4175,4176,4175,4178,4174,4175,4173,4177,4174,4175,4177,4174,4175,4176,4175,4176,4174,4174,4175,4175,4181,4178,4177,4178,4179,4175,4177,4177,4178,4179,4178,4177,4181,4176,4176,4174,4181,4175,4176,4176,4175,4176,4178,4179,4176,4175,4176,4176,4175,4174,4177,4176,4176,4176,4175,4175,4175,4176,4176,4175,4176,4176,4175,4175,4175,4175,4180,4180,4176,4175,4178,4176,4175,4176,3.38,SJNFAAZE1U0005576,117.67,14.40,8967.2421875,78,75,0,0,0,0,15.0,99.17,-154014,49,1528018357.433,0,3,1,0,5,0,0,0,0,1,400.90,400.90,1F,1,1,1,0080,60,40,40,0,0,19,0.00
03/06/2018 10:32:41,54 58.53373,-1 31.10137,301,0,483,954658,1144818,400.90,2.158,4182,4173,4176,9,0,90.8,32.7,84.8,29.3,none,none,79.2,26.2,4181,4182,4175,4176,4177,4176,4175,4175,4174,4174,4175,4175,4176,4176,4174,4175,4175,4176,4174,4176,4176,4174,4175,4175,4174,4177,4174,4175,4175,4176,4175,4175,4176,4174,4173,4177,4175,4174,4174,4174,4176,4175,4181,4179,4177,4177,4178,4174,4178,4176,4179,4179,4178,4177,4181,4176,4175,4174,4180,4176,4177,4176,4176,4175,4178,4179,4176,4174,4177,4176,4176,4176,4177,4176,4176,4176,4174,4175,4175,4175,4175,4176,4176,4175,4175,4175,4174,4175,4181,4180,4175,4176,4178,4177,4176,4175,3.29,SJNFAAZE1U0005576,117.67,14.40,8967.2421875,78,75,0,0,0,0,15.0,99.17,-154014,49,1528018361.641,0,3,1,0,5,0,0,0,0,1,400.89,400.89,1F,1,1,1,0080,60,40,40,0,0,19,0.00
03/06/2018 10:32:45,54 58.53373,-1 31.10137,301,0,483,954656,1144818,400.90,2.219,4182,4173,4176,9,0,90.8,32.7,84.8,29.3,none,none,79.2,26.2,4180,4182,4175,4175,4177,4176,4174,4175,4174,4175,4174,4175,4176,4176,4175,4174,4173,4175,4175,4177,4176,4175,4174,4176,4176,4178,4174,4176,4175,4176,4175,4176,4175,4175,4174,4176,4174,4174,4175,4173,4177,4175,4181,4179,4177,4177,4179,4176,4178,4176,4179,4179,4178,4176,4181,4175,4175,4174,4179,4174,4177,4174,4175,4176,4178,4179,4176,4175,4176,4175,4176,4175,4177,4175,4176,4175,4174,4176,4175,4176,4176,4176,4175,4175,4175,4175,4174,4176,4180,4180,4176,4175,4179,4177,4176,4176,3.16,SJNFAAZE1U0005576,117.67,14.40,8967.2421875,78,75,0,0,0,0,15.0,99.17,-154014,49,1528018365.787,0,3,1,0,5,0,0,0,0,1,400.90,400.90,1F,1,1,1,0080,60,40,40,0,0,19,0.00
03/06/2018 10:32:50,54 58.53373,-1 31.10137,301,0,483,954655,1144818,400.80,2.158,4182,4173,4175,9,0,90.8,32.7,84.8,29.3,none,none,79.2,26.2,4180,4182,4175,4175,4177,4176,4174,4175,4174,4175,4173,4175,4175,4176,4173,4174,4175,4176,4174,4176,4176,4173,4174,4175,4175,4177,4174,4176,4174,4176,4176,4176,4176,4174,4175,4177,4174,4174,4174,4174,4176,4175,4180,4180,4176,4177,4179,4174,4179,4175,4179,4179,4178,4177,4181,4176,4174,4174,4180,4175,4177,4176,4176,4175,4177,4180,4175,4175,4175,4175,4175,4174,4177,4175,4175,4176,4174,4175,4175,4176,4175,4176,4176,4175,4175,4174,4175,4175,4180,4180,4175,4176,4178,4176,4176,4176,3.05,SJNFAAZE1U0005576,117.67,14.40,8967.2421875,78,75,0,0,0,0,15.0,99.17,-154014,49,1528018370.875,0,3,1,0,5,0,0,0,0,1,400.88,400.88,1F,1,1,1,0080,60,40,40,0,0,19,0.00
03/06/2018 10:32:54,54 58.53373,-1 31.10137,301,0,483,954654,1144818,400.80,2.097,4182,4173,4175,9,0,90.6,32.6,84.8,29.3,none,none,79.2,26.2,4180,4182,4175,4176,4176,4175,4174,4174,4175,4175,4174,4174,4176,4176,4174,4175,4174,4175,4175,4176,4176,4174,4173,4175,4175,4178,4174,4175,4173,4175,4175,4175,4175,4174,4174,4176,4175,4175,4174,4174,4174,4175,4180,4179,4177,4177,4178,4174,4177,4176,4178,4179,4179,4177,4180,4177,4174,4174,4180,4176,4176,4175,4174,4176,4177,4179,4175,4176,4175,4175,4176,4173,4177,4175,4174,4175,4174,4176,4175,4175,4174,4175,4176,4175,4176,4174,4173,4175,4180,4180,4175,4175,4178,4177,4176,4175,2.91,SJNFAAZE1U0005576,117.67,14.40,8967.2421875,78,75,0,0,0,0,15.0,99.17,-154014,49,1528018374.441,0,3,1,0,5,0,0,0,0,1,400.88,400.88,1F,1,1,1,0080,60,40,40,0,0,19,0.00
03/06/2018 10:32:58,54 58.53373,-1 31.10137,301,0,483,954653,1144818,400.80,2.158,4182,4173,4175,9,0,90.6,32.6,84.8,29.3,none,none,79.2,26.2,4180,4181,4175,4176,4178,4175,4174,4175,4175,4173,4174,4175,4175,4175,4174,4175,4175,4176,4174,4176,4175,4174,4173,4176,4174,4178,4175,4176,4174,4176,4175,4174,4175,4174,4173,4175,4175,4173,4174,4173,4175,4174,4180,4178,4176,4176,4178,4175,4179,4175,4179,4179,4179,4177,4182,4177,4175,4173,4180,4175,4176,4175,4176,4176,4178,4179,4175,4175,4177,4175,4177,4174,4177,4175,4175,4175,4175,4174,4175,4175,4175,4175,4175,4175,4175,4174,4174,4175,4180,4179,4176,4175,4178,4177,4176,4176,2.86,SJNFAAZE1U0005576,117.67,14.40,8967.2421875,78,75,0,0,0,0,15.0,99.17,-154014,49,1528018378.396,0,3,1,0,4,0,0,0,0,1,400.87,400.87,1F,1,1,1,0080,60,40,40,0,0,19,0.00
03/06/2018 10:33:02,54 58.53373,-1 31.10137,301,0,483,954651,1144818,400.80,2.219,4182,4173,4175,9,0,90.8,32.7,84.8,29.3,none,none,79.2,26.2,4181,4182,4175,4176,4178,4175,4174,4174,4175,4174,4174,4174,4176,4176,4174,4176,4174,4175,4173,4177,4175,4173,4175,4175,4175,4178,4175,4175,4174,4176,4176,4177,4175,4174,4175,4176,4175,4174,4174,4174,4176,4175,4180,4179,4177,4177,4179,4175,4178,4176,4179,4179,4178,4177,4180,4176,4174,4174,4180,4175,4176,4174,4176,4174,4178,4180,4176,4176,4176,4176,4176,4174,4176,4175,4176,4175,4174,4175,4175,4175,4175,4175,4175,4176,4175,4174,4174,4174,4179,4180,4175,4175,4178,4177,4177,4176,2.79,SJNFAAZE1U0005576,117.67,14.40,8967.2421875,78,75,0,0,0,0,15.0,99.17,-154014,49,1528018382.761,0,3,1,0,4,0,0,0,0,1,400.88,400.88,1F,1,1,1,0080,60,40,40,0,0,19,0.00
03/06/2018 10:33:06,54 58.53373,-1 31.10137,301,0,483,954650,1144818,400.80,2.097,4181,4173,4175,8,0,90.8,32.7,84.8,29.3,none,none,79.2,26.2,4181,4181,4175,4176,4177,4175,4174,4174,4174,4174,4174,4174,4175,4176,4174,4175,4174,4175,4174,4177,4176,4174,4173,4176,4174,4177,4174,4175,4175,4175,4175,4176,4175,4174,4174,4175,4174,4173,4174,4174,4176,4175,4181,4179,4178,4177,4178,4174,4178,4176,4179,4179,4178,4177,4181,4176,4174,4174,4180,4175,4176,4175,4175,4176,4177,4180,4176,4175,4176,4175,4175,4175,4175,4176,4175,4175,4174,4176,4175,4174,4175,4175,4175,4175,4174,4174,4174,4175,4179,4180,4175,4175,4178,4177,4175,4176,2.70,SJNFAAZE1U0005576,117.67,14.40,8967.2421875,78,75,0,0,0,0,15.0,99.17,-154014,49,1528018386.797,0,3,1,0,5,0,0,0,0,1,400.87,400.87,1F,1,1,1,0080,60,40,40,0,0,19,0.00
03/06/2018 10:33:11,54 58.53373,-1 31.10137,301,0,483,954649,1144818,400.80,2.158,4182,4173,4175,9,0,90.8,32.7,84.8,29.3,none,none,79.2,26.2,4181,4182,4175,4175,4178,4176,4175,4174,4174,4175,4174,4174,4176,4175,4174,4176,4174,4175,4174,4176,4176,4174,4175,4175,4174,4177,4174,4175,4175,4176,4174,4175,4176,4174,4174,4176,4175,4173,4174,4174,4176,4174,4181,4179,4177,4176,4178,4174,4177,4176,4179,4179,4178,4177,4181,4176,4174,4174,4180,4175,4177,4175,4176,4175,4177,4179,4175,4175,4177,4175,4174,4174,4177,4175,4175,4174,4174,4175,4174,4174,4175,4176,4175,4175,4175,4175,4174,4174,4180,4180,4175,4175,4178,4176,4175,4175,2.66,SJNFAAZE1U0005576,117.67,14.40,8967.2421875,78,75,0,0,0,0,15.0,99.17,-154014,49,1528018391.053,0,3,1,0,5,0,0,0,0,1,400.87,400.87,1F,1,1,1,0080,60,40,40,0,0,19,0.00
03/06/2018 10:33:15,54 58.53373,-1 31.10137,301,0,483,954648,1144818,400.80,2.097,4181,4173,4175,8,0,90.8,32.7,84.8,29.3,none,none,79.2,26.2,4180,4181,4175,4176,4178,4176,4175,4174,4175,4175,4174,4174,4176,4176,4174,4175,4173,4175,4173,4176,4176,4174,4174,4176,4175,4178,4174,4176,4175,4176,4174,4175,4176,4174,4173,4176,4174,4174,4174,4174,4175,4175,4180,4179,4177,4177,4178,4174,4178,4175,4180,4179,4178,4177,4180,4175,4174,4174,4181,4175,4176,4176,4175,4175,4178,4179,4175,4175,4176,4175,4175,4174,4177,4175,4175,4174,4174,4175,4175,4175,4175,4175,4176,4175,4174,4174,4174,4175,4180,4180,4175,4175,4178,4177,4175,4175,2.55,SJNFAAZE1U0005576,117.67,14.40,8967.2421875,78,75,0,0,0,0,15.0,99.17,-154014,49,1528018395.101,0,3,1,0,4,0,0,0,0,1,400.86,400.86,1F,1,1,1,0080,60,40,40,0,0,19,0.00
03/06/2018 10:33:19,54 58.53373,-1 31.10137,301,0,483,954647,1144818,400.80,2.158,4182,4173,4175,9,0,90.8,32.7,84.8,29.3,none,none,79.2,26.2,4180,4182,4175,4176,4177,4175,4174,4174,4174,4175,4173,4174,4175,4175,4173,4175,4174,4175,4174,4175,4176,4174,4174,4174,4175,4177,4174,4173,4175,4175,4174,4175,4175,4174,4173,4175,4175,4173,4173,4173,4175,4175,4180,4178,4176,4176,4178,4175,4178,4175,4179,4179,4178,4177,4181,4176,4173,4174,4180,4175,4176,4175,4176,4175,4177,4179,4174,4175,4175,4176,4174,4175,4176,4175,4176,4174,4173,4174,4176,4176,4176,4175,4176,4175,4174,4174,4174,4175,4179,4179,4175,4175,4177,4177,4175,4175,2.48,SJNFAAZE1U0005576,117.67,14.40,8967.2421875,78,75,0,0,0,0,15.0,99.17,-154014,49,1528018399.769,0,3,1,0,5,0,0,0,0,1,400.86,400.86,1F,1,1,1,0080,60,40,40,0,0,19,0.00
03/06/2018 10:33:24,54 58.53373,-1 31.10137,301,0,483,954646,1144818,400.80,2.067,4181,4173,4175,8,0,90.6,32.6,84.6,29.2,none,none,79.2,26.2,4181,4180,4176,4176,4178,4175,4175,4175,4173,4175,4173,4173,4175,4176,4174,4175,4174,4175,4173,4177,4176,4174,4173,4176,4174,4177,4173,4174,4174,4175,4174,4175,4175,4174,4174,4176,4175,4175,4175,4174,4175,4175,4180,4179,4177,4176,4178,4174,4178,4175,4178,4179,4178,4177,4180,4175,4174,4174,4180,4175,4177,4174,4175,4175,4178,4180,4175,4174,4175,4175,4176,4174,4177,4175,4175,4175,4174,4174,4175,4175,4175,4176,4176,4175,4174,4173,4175,4175,4179,4180,4175,4175,4178,4177,4176,4176,2.45,SJNFAAZE1U0005576,117.67,14.40,8967.2421875,78,75,0,0,0,0,15.0,99.17,-154014,49,1528018404.035,0,3,1,0,5,0,0,0,0,1,400.86,400.86,1F,1,1,1,0080,60,40,40,0,0,19,0.00
03/06/2018 10:33:28,54 58.53373,-1 31.10137,301,0,483,954645,1144818,400.80,2.097,4181,4173,4175,8,0,90.8,32.7,84.8,29.3,none,none,79.2,26.2,4179,4181,4175,4177,4178,4176,4174,4175,4175,4174,4174,4174,4176,4176,4174,4174,4174,4175,4173,4175,4176,4174,4174,4176,4175,4177,4174,4175,4173,4175,4174,4175,4175,4173,4174,4175,4175,4174,4174,4173,4175,4173,4180,4178,4176,4176,4177,4174,4178,4175,4178,4179,4179,4177,4180,4176,4174,4174,4180,4174,4177,4174,4175,4175,4177,4179,4175,4175,4175,4175,4175,4175,4177,4174,4175,4175,4174,4174,4174,4175,4175,4175,4175,4174,4174,4174,4174,4175,4180,4181,4174,4175,4178,4177,4176,4176,2.14,SJNFAAZE1U0005576,117.67,14.24,8967.2421875,78,75,0,0,0,0,15.0,99.17,-154014,49,1528018408.250,0,3,1,0,4,0,0,0,0,1,400.85,400.85,1F,1,1,1,0080,60,40,40,0,0,19,0.00
03/06/2018 10:33:32,54 58.53373,-1 31.10137,301,0,483,954644,1144818,400.80,2.036,4183,4173,4175,10,0,90.8,32.7,84.8,29.3,none,none,79.2,26.2,4180,4183,4175,4176,4177,4175,4174,4174,4174,4174,4174,4176,4175,4175,4174,4174,4174,4175,4174,4176,4174,4174,4174,4176,4175,4177,4173,4174,4175,4175,4174,4174,4175,4175,4173,4176,4175,4175,4173,4173,4175,4174,4180,4178,4177,4177,4178,4175,4177,4176,4178,4179,4178,4176,4180,4176,4175,4174,4179,4175,4176,4174,4175,4175,4177,4178,4175,4175,4175,4176,4176,4174,4175,4174,4176,4174,4174,4174,4175,4175,4175,4175,4176,4175,4174,4173,4175,4175,4180,4179,4176,4174,4178,4177,4175,4175,1.65,SJNFAAZE1U0005576,117.67,13.84,8967.2421875,78,75,0,0,0,0,15.0,99.17,-154014,49,1528018412.371,0,3,1,0,5,0,0,0,0,1,400.85,400.85,1F,1,1,1,0080,60,40,40,0,0,19,0.00
03/06/2018 10:33:39,54 58.53373,-1 31.10137,301,0,483,954643,1144818,400.80,1.975,4182,4173,4175,9,0,90.8,32.7,84.8,29.3,none,none,79.2,26.2,4179,4182,4175,4175,4177,4176,4173,4174,4175,4174,4173,4174,4175,4174,4174,4175,4173,4175,4174,4176,4176,4174,4173,4174,4175,4177,4174,4175,4174,4175,4174,4176,4175,4175,4173,4175,4173,4175,4174,4173,4175,4174,4180,4179,4177,4176,4177,4175,4178,4175,4178,4179,4178,4177,4180,4176,4174,4174,4180,4175,4177,4175,4174,4174,4178,4179,4175,4175,4175,4175,4175,4175,4176,4175,4175,4175,4174,4175,4175,4175,4174,4176,4176,4175,4174,4174,4174,4175,4179,4180,4175,4176,4178,4177,4176,4176,0.86,SJNFAAZE1U0005576,117.67,13.52,8967.2421875,78,75,0,0,0,0,15.0,99.17,-154014,49,1528018419.515,0,3,1,0,5,0,0,0,0,1,400.86,400.86,1F,1,1,1,0080,60,40,40,0,0,19,0.00
03/06/2018 10:33:46,54 58.53373,-1 31.10137,301,0,483,954642,1144818,400.80,1.731,4182,4173,4175,9,0,90.8,32.7,84.8,29.3,none,none,79.2,26.2,4181,4182,4175,4176,4178,4176,4173,4174,4174,4175,4173,4174,4176,4176,4174,4175,4173,4176,4174,4176,4176,4173,4173,4175,4175,4177,4173,4175,4174,4176,4175,4175,4176,4175,4174,4175,4174,4174,4175,4173,4175,4174,4180,4179,4177,4176,4178,4173,4178,4176,4179,4178,4178,4177,4181,4175,4174,4174,4180,4175,4176,4174,4175,4175,4177,4180,4176,4175,4176,4175,4175,4174,4176,4175,4176,4174,4175,4174,4175,4174,4175,4176,4176,4175,4175,4175,4174,4174,4179,4180,4175,4176,4177,4177,4175,4176,-6.77,SJNFAAZE1U0005576,117.67,13.04,8967.2421875,78,75,0,0,0,0,15.0,99.17,-154014,49,1528018426.353,0,3,1,0,5,0,0,0,0,1,400.86,400.86,1F,1,1,1,0080,60,40,40,0,0,19,0.00
03/06/2018 10:33:53,54 58.53373,-1 31.10137,301,0,483,954641,1144818,400.80,2.006,4181,4173,4175,8,0,90.8,32.7,84.8,29.3,none,none,79.2,26.2,4179,4181,4174,4176,4177,4175,4174,4174,4173,4175,4175,4175,4175,4175,4174,4174,4173,4175,4175,4176,4175,4173,4174,4175,4174,4178,4174,4174,4174,4176,4175,4174,4176,4174,4173,4176,4175,4174,4174,4174,4175,4174,4180,4179,4176,4177,4178,4174,4178,4175,4178,4178,4177,4176,4180,4175,4174,4174,4180,4174,4175,4174,4174,4176,4177,4179,4175,4175,4175,4174,4175,4174,4176,4175,4176,4174,4173,4174,4174,4175,4175,4175,4175,4175,4174,4174,4174,4174,4180,4180,4175,4174,4177,4175,4175,4175,-1.26,SJNFAAZE1U0005576,117.67,13.04,8967.2421875,78,75,0,0,0,0,15.0,99.17,-154014,49,1528018433.078,0,3,1,0,5,0,0,0,0,1,400.85,400.85,1F,1,1,1,0080,60,40,40,0,0,19,0.00
03/06/2018 10:33:58,54 58.53373,-1 31.10137,301,0,483,954640,1144818,400.80,1.945,4181,4173,4175,8,0,90.6,32.6,84.8,29.3,none,none,79.2,26.2,4181,4181,4174,4175,4177,4175,4174,4173,4174,4175,4173,4174,4175,4175,4174,4175,4174,4175,4174,4176,4175,4173,4174,4175,4174,4177,4173,4175,4173,4175,4174,4175,4175,4173,4173,4175,4174,4173,4174,4174,4175,4175,4179,4178,4176,4176,4177,4174,4179,4175,4177,4179,4178,4177,4180,4175,4175,4173,4180,4175,4176,4174,4175,4175,4177,4179,4176,4175,4176,4175,4175,4174,4176,4175,4175,4174,4173,4174,4174,4175,4174,4175,4175,4174,4175,4174,4174,4174,4179,4180,4175,4176,4178,4177,4175,4175,-0.45,SJNFAAZE1U0005576,117.67,13.04,8967.2421875,78,75,0,0,0,0,15.0,99.17,-154014,49,1528018438.932,0,3,1,0,5,0,0,0,0,1,400.84,400.84,1F,1,1,1,0080,60,40,40,0,0,19,0.00
03/06/2018 10:34:02,54 58.53373,-1 31.10137,301,0,483,954640,1144818,400.80,2.036,4181,4173,4175,8,0,90.6,32.6,84.8,29.3,none,none,79.0,26.1,4179,4181,4175,4176,4178,4175,4174,4174,4173,4174,4174,4174,4176,4174,4173,4174,4174,4174,4174,4176,4175,4174,4174,4176,4174,4177,4173,4174,4174,4174,4174,4175,4175,4173,4174,4175,4174,4174,4174,4174,4175,4175,4180,4178,4176,4176,4177,4174,4178,4175,4179,4178,4178,4176,4181,4176,4175,4174,4180,4174,4176,4174,4175,4174,4177,4179,4175,4175,4175,4175,4175,4174,4177,4175,4175,4174,4174,4174,4174,4175,4175,4175,4176,4175,4175,4174,4173,4174,4180,4179,4175,4174,4178,4176,4176,4175,-0.13,SJNFAAZE1U0005576,117.67,13.04,8967.2421875,78,75,0,0,0,0,15.0,99.17,-154014,49,1528018442.849,0,3,1,0,5,0,0,0,0,1,400.84,400.84,1F,1,1,1,0080,60,40,40,0,0,19,0.00
03/06/2018 10:34:08,54 58.53373,-1 31.10137,301,0,483,954639,1144818,400.80,1.945,4181,4173,4175,8,0,90.8,32.7,84.8,29.3,none,none,79.2,26.2,4179,4181,4175,4175,4178,4175,4173,4173,4174,4175,4174,4174,4175,4176,4174,4176,4174,4175,4173,4176,4175,4174,4173,4175,4174,4176,4173,4174,4174,4176,4174,4175,4175,4175,4174,4176,4174,4174,4173,4173,4175,4173,4180,4178,4176,4176,4178,4173,4178,4176,4178,4179,4178,4176,4180,4175,4174,4174,4180,4173,4175,4173,4175,4174,4178,4178,4175,4174,4176,4175,4175,4174,4176,4174,4175,4174,4173,4175,4175,4174,4175,4174,4176,4175,4173,4174,4174,4174,4180,4180,4175,4175,4178,4176,4175,4175,-0.02,SJNFAAZE1U0005576,117.67,13.04,8967.2421875,78,75,0,0,0,0,15.0,99.17,-154014,49,1528018448.380,0,3,1,0,5,0,0,0,0,1,400.83,400.83,1F,1,1,1,0080,60,40,40,0,0,19,0.00
03/06/2018 10:34:14,54 58.53373,-1 31.10137,301,0,483,954638,1144818,400.80,2.006,4180,4172,4175,8,0,90.6,32.6,84.6,29.2,none,none,79.0,26.1,4180,4180,4174,4176,4178,4175,4174,4175,4175,4173,4173,4173,4176,4176,4172,4174,4173,4174,4174,4176,4175,4173,4173,4176,4173,4177,4174,4174,4173,4175,4174,4175,4175,4174,4173,4175,4174,4173,4173,4173,4177,4174,4179,4178,4176,4177,4178,4173,4177,4175,4178,4178,4178,4177,4180,4175,4174,4173,4179,4174,4176,4174,4175,4175,4178,4178,4176,4175,4175,4174,4175,4174,4176,4175,4176,4176,4173,4175,4175,4175,4174,4175,4175,4176,4174,4175,4175,4175,4179,4180,4175,4175,4178,4176,4175,4174,0.08,SJNFAAZE1U0005576,117.67,13.04,8967.2421875,78,75,0,0,0,0,15.0,99.17,-154014,49,1528018454.525,0,3,1,0,4,0,0,0,0,1,400.83,400.83,1F,1,1,1,0080,60,40,40,0,0,19,0.00
03/06/2018 10:34:20,54 58.53373,-1 31.10137,301,0,483,954638,1144818,400.80,2.006,4181,4173,4175,8,0,90.6,32.6,84.8,29.3,none,none,79.2,26.2,4180,4181,4174,4176,4178,4175,4175,4174,4173,4174,4173,4174,4175,4175,4173,4173,4173,4174,4173,4175,4175,4173,4174,4175,4174,4176,4173,4174,4174,4175,4175,4174,4175,4173,4173,4175,4174,4173,4174,4173,4174,4174,4180,4178,4176,4176,4179,4173,4177,4175,4177,4178,4178,4176,4180,4175,4174,4174,4179,4175,4177,4174,4175,4174,4177,4179,4175,4175,4175,4175,4174,4174,4176,4174,4175,4174,4173,4173,4174,4175,4174,4175,4175,4174,4174,4174,4174,4174,4179,4179,4175,4175,4178,4177,4175,4175,0.12,SJNFAAZE1U0005576,117.67,13.04,8967.2421875,78,75,0,0,0,0,15.0,99.17,-154014,49,1528018460.732,0,3,1,0,5,0,0,0,0,1,400.82,400.82,1F,1,1,1,0080,60,40,40,0,0,19,0.00
03/06/2018 10:34:26,54 58.53373,-1 31.10137,301,0,483,954637,1144818,400.80,1.914,4181,4172,4175,9,0,90.6,32.6,84.6,29.2,none,none,79.0,26.1,4180,4181,4176,4176,4177,4175,4173,4174,4173,4174,4173,4174,4175,4176,4173,4174,4173,4174,4174,4177,4175,4172,4175,4175,4174,4177,4173,4174,4173,4175,4174,4176,4175,4173,4173,4175,4174,4174,4173,4174,4176,4174,4180,4177,4176,4177,4178,4174,4178,4175,4178,4177,4178,4176,4180,4175,4174,4174,4181,4174,4176,4175,4175,4175,4177,4179,4175,4175,4176,4175,4174,4174,4176,4173,4175,4174,4174,4174,4174,4174,4174,4174,4175,4175,4174,4174,4173,4175,4179,4179,4174,4175,4177,4177,4175,4174,0.27,SJNFAAZE1U0005576,117.67,13.04,8967.2421875,78,75,0,0,0,0,15.0,99.17,-154014,49,1528018466.935,0,3,1,0,4,0,0,0,0,1,400.81,400.81,1F,1,1,1,0080,60,40,40,0,0,19,0.00
03/06/2018 10:34:31,54 58.53373,-1 31.10137,301,0,483,954636,1144818,400.80,2.036,4181,4173,4175,8,0,90.6,32.6,84.8,29.3,none,none,79.0,26.1,4179,4181,4175,4176,4178,4174,4174,4173,4174,4175,4174,4174,4176,4175,4173,4174,4173,4175,4173,4176,4176,4173,4174,4175,4174,4177,4173,4174,4174,4175,4174,4175,4174,4174,4174,4174,4174,4173,4174,4174,4175,4173,4180,4178,4177,4177,4177,4174,4177,4176,4179,4179,4177,4177,4180,4175,4174,4173,4179,4174,4176,4175,4174,4175,4177,4178,4175,4175,4176,4174,4176,4174,4176,4175,4175,4175,4174,4174,4173,4175,4174,4175,4175,4175,4174,4174,4173,4173,4180,4179,4174,4175,4177,4176,4175,4175,0.21,SJNFAAZE1U0005576,117.67,13.04,8967.2421875,78,75,0,0,0,0,15.0,99.17,-154014,49,1528018471.392,0,3,1,0,4,0,0,0,0,1,400.81,400.81,1F,1,1,1,0080,60,40,40,0,0,19,0.00
03/06/2018 10:34:35,54 58.53373,-1 31.10137,301,0,483,954635,1144818,400.80,1.884,4181,4172,4175,9,0,90.6,32.6,84.6,29.2,none,none,79.2,26.2,4180,4181,4175,4175,4177,4176,4174,4174,4173,4173,4173,4173,4175,4174,4173,4174,4174,4175,4174,4176,4175,4174,4173,4175,4174,4176,4173,4174,4174,4176,4175,4174,4175,4174,4174,4175,4174,4173,4173,4172,4175,4174,4180,4179,4176,4176,4177,4173,4177,4175,4177,4178,4178,4176,4179,4175,4173,4174,4179,4175,4177,4175,4174,4174,4177,4178,4175,4173,4175,4174,4174,4174,4176,4174,4175,4174,4174,4173,4174,4175,4173,4175,4176,4174,4174,4173,4174,4175,4178,4179,4174,4175,4178,4176,4175,4174,0.23,SJNFAAZE1U0005576,117.67,13.04,8967.2421875,78,75,0,0,0,0,15.0,99.17,-154014,49,1528018475.086,0,3,1,0,5,0,0,0,0,1,400.81,400.81,1F,1,1,1,0080,60,40,40,0,0,19,0.00
03/06/2018 10:34:38,54 58.53373,-1 31.10137,301,0,483,954634,1144818,400.80,1.914,4181,4172,4175,9,0,90.6,32.6,84.8,29.3,none,none,79.0,26.1,4179,4181,4175,4176,4177,4174,4173,4174,4174,4174,4173,4174,4175,4174,4173,4175,4173,4174,4173,4175,4176,4172,4173,4175,4174,4176,4173,4174,4175,4174,4173,4176,4175,4174,4173,4175,4174,4173,4174,4173,4174,4174,4180,4179,4177,4176,4177,4174,4177,4175,4178,4178,4178,4177,4180,4175,4174,4173,4180,4174,4176,4174,4174,4175,4177,4178,4174,4174,4174,4175,4175,4173,4176,4174,4175,4173,4173,4173,4174,4175,4174,4174,4175,4175,4174,4174,4175,4175,4179,4180,4175,4175,4178,4177,4174,4175,0.20,SJNFAAZE1U0005576,117.67,13.04,8967.2421875,78,75,0,0,0,0,15.0,99.17,-154014,49,1528018478.815,0,3,1,0,5,0,0,0,0,1,400.80,400.80,1F,1,1,1,0080,60,40,40,0,0,19,0.00
03/06/2018 10:34:42,54 58.53373,-1 31.10137,301,0,483,954634,1144818,400.80,1.884,4182,4173,4175,9,0,90.6,32.6,84.6,29.2,none,none,79.2,26.2,4179,4182,4174,4176,4177,4175,4173,4173,4174,4174,4174,4174,4175,4175,4174,4173,4173,4175,4173,4175,4175,4174,4174,4175,4174,4176,4173,4174,4173,4174,4174,4175,4174,4173,4173,4175,4174,4174,4173,4173,4174,4173,4180,4178,4176,4176,4178,4174,4178,4176,4178,4179,4178,4177,4180,4176,4173,4173,4180,4174,4175,4175,4174,4174,4177,4178,4174,4175,4176,4174,4175,4174,4175,4173,4175,4173,4173,4174,4174,4174,4175,4174,4176,4175,4174,4173,4174,4173,4179,4180,4175,4174,4178,4176,4175,4175,0.19,SJNFAAZE1U0005576,117.67,13.04,8967.2421875,78,75,0,0,0,0,15.0,99.17,-154014,49,1528018482.521,0,3,1,0,4,0,0,0,0,1,400.81,400.81,1F,1,1,1,0080,60,40,40,0,0,19,0.00
03/06/2018 10:34:46,54 58.53373,-1 31.10137,301,0,483,954633,1144818,400.80,1.945,4181,4172,4175,9,0,90.6,32.6,84.6,29.2,none,none,79.0,26.1,4179,4181,4174,4175,4177,4176,4174,4173,4173,4174,4175,4174,4175,4174,4172,4174,4173,4175,4173,4175,4175,4173,4174,4175,4173,4176,4173,4174,4174,4175,4173,4173,4174,4174,4172,4175,4174,4174,4174,4173,4174,4174,4179,4178,4176,4175,4178,4173,4177,4175,4177,4178,4177,4176,4179,4176,4173,4173,4180,4175,4175,4175,4174,4175,4177,4179,4174,4174,4175,4176,4175,4174,4176,4173,4175,4175,4173,4174,4174,4174,4175,4174,4176,4174,4174,4174,4174,4175,4179,4180,4174,4175,4177,4176,4175,4175,0.19,SJNFAAZE1U0005576,117.67,13.04,8967.2421875,78,75,0,0,0,0,15.0,99.17,-154014,49,1528018486.061,0,3,1,0,5,0,0,0,0,1,400.80,400.80,1F,1,1,1,0080,60,40,40,0,0,19,0.00
03/06/2018 10:34:49,54 58.53373,-1 31.10137,301,0,483,954633,1144818,400.80,1.914,4181,4173,4175,8,0,90.6,32.6,84.6,29.2,none,none,79.0,26.1,4179,4181,4174,4175,4177,4175,4174,4173,4174,4174,4174,4174,4175,4174,4174,4174,4174,4174,4173,4175,4176,4174,4174,4175,4174,4176,4173,4174,4174,4175,4174,4175,4175,4175,4173,4176,4175,4174,4175,4174,4173,4174,4179,4178,4176,4176,4178,4173,4177,4174,4179,4178,4177,4177,4180,4175,4174,4174,4179,4175,4176,4173,4174,4175,4177,4178,4175,4174,4175,4174,4174,4174,4176,4174,4174,4174,4174,4174,4175,4175,4174,4175,4174,4174,4174,4173,4173,4174,4179,4179,4175,4174,4178,4177,4175,4175,0.18,SJNFAAZE1U0005576,117.67,13.04,8967.2421875,78,75,0,0,0,0,15.0,99.17,-154014,49,1528018489.492,0,3,1,0,5,0,0,0,0,1,400.80,400.80,1F,1,1,1,0080,60,40,40,0,0,19,0.00
03/06/2018 10:34:53,54 58.53373,-1 31.10137,301,0,483,954632,1144818,400.80,1.975,4181,4173,4175,8,0,90.6,32.6,84.6,29.2,none,none,79.2,26.2,4178,4181,4174,4176,4176,4175,4174,4174,4173,4175,4174,4174,4175,4175,4173,4174,4173,4175,4174,4176,4176,4174,4174,4175,4173,4176,4174,4174,4174,4175,4175,4175,4175,4174,4174,4176,4174,4173,4173,4173,4174,4173,4180,4178,4176,4177,4178,4173,4177,4175,4178,4178,4177,4176,4179,4175,4173,4174,4179,4174,4175,4174,4174,4175,4177,4178,4174,4175,4174,4175,4175,4173,4176,4174,4175,4174,4174,4174,4175,4174,4174,4175,4174,4175,4173,4174,4173,4174,4180,4179,4174,4175,4178,4176,4175,4175,0.19,SJNFAAZE1U0005576,117.67,13.04,8967.2421875,78,75,0,0,0,0,15.0,99.17,-154014,49,1528018493.255,0,3,1,0,5,0,0,0,0,1,400.80,400.80,1F,1,1,1,0080,60,40,40,0,0,19,0.00
03/06/2018 10:34:57,54 58.53373,-1 31.10137,301,0,483,954630,1144818,400.61,3.226,4179,4171,4173,8,0,90.6,32.6,84.6,29.2,none,none,79.0,26.1,4178,4179,4174,4175,4175,4172,4172,4172,4172,4172,4172,4173,4174,4173,4173,4172,4172,4173,4172,4174,4174,4172,4173,4174,4172,4176,4173,4173,4172,4173,4173,4173,4173,4173,4172,4174,4173,4173,4172,4172,4174,4173,4179,4177,4174,4175,4176,4172,4176,4173,4177,4177,4177,4175,4178,4174,4172,4172,4179,4172,4175,4172,4174,4173,4176,4177,4173,4174,4174,4174,4173,4172,4175,4173,4173,4173,4173,4173,4173,4174,4174,4174,4174,4174,4172,4172,4171,4174,4178,4178,4173,4173,4176,4174,4173,4174,0.24,SJNFAAZE1U0005576,117.67,13.04,8967.2421875,78,75,0,0,0,0,15.0,99.17,-154014,49,1528018497.518,0,3,1,0,5,0,0,0,0,1,400.72,400.72,1F,1,1,1,0080,60,40,40,0,0,19,36.50
03/06/2018 10:35:00,54 58.53373,-1 31.10137,301,0,483,954619,1144818,400.70,2.250,4181,4172,4174,9,0,90.6,32.6,84.6,29.2,none,none,79.0,26.1,4179,4181,4173,4175,4177,4173,4173,4173,4174,4173,4174,4174,4175,4175,4172,4172,4172,4173,4173,4175,4174,4173,4173,4174,4172,4176,4173,4173,4173,4174,4173,4173,4173,4173,4173,4175,4174,4173,4174,4172,4174,4173,4179,4178,4175,4176,4177,4173,4177,4175,4177,4178,4176,4175,4179,4175,4174,4173,4180,4173,4176,4174,4174,4175,4177,4179,4174,4174,4174,4173,4173,4174,4175,4174,4174,4173,4173,4173,4174,4174,4174,4175,4175,4174,4173,4174,4173,4174,4178,4180,4175,4174,4178,4176,4173,4174,0.15,SJNFAAZE1U0005576,117.67,13.04,8967.2421875,78,75,0,0,0,0,15.0,99.17,-154014,49,1528018500.986,0,3,1,0,5,0,0,0,0,4,400.75,400.75,1F,1,1,1,0080,60,40,40,0,0,19,0.00
03/06/2018 10:35:04,54 58.53373,-1 31.10137,301,0,483,954617,1144818,400.70,1.975,4181,4172,4174,9,0,90.6,32.6,84.8,29.3,none,none,79.0,26.1,4179,4181,4174,4174,4177,4174,4172,4173,4173,4173,4173,4174,4174,4173,4173,4175,4173,4175,4173,4176,4175,4173,4173,4174,4174,4176,4172,4174,4173,4175,4174,4175,4175,4173,4173,4175,4174,4172,4173,4172,4174,4173,4179,4177,4176,4175,4177,4173,4177,4175,4178,4178,4176,4176,4180,4175,4173,4173,4179,4172,4175,4174,4173,4174,4176,4177,4175,4173,4174,4174,4174,4173,4175,4173,4174,4174,4173,4173,4174,4174,4173,4175,4174,4174,4173,4173,4172,4173,4179,4179,4174,4175,4177,4176,4175,4175,0.25,SJNFAAZE1U0005576,117.67,13.04,8967.2421875,78,75,0,0,0,0,15.0,99.17,-154014,49,1528018504.279,0,3,1,0,5,0,0,0,0,4,400.76,400.76,1F,1,1,1,0080,60,40,40,0,0,19,0.00
03/06/2018 10:35:07,54 58.53373,-1 31.10137,301,0,483,954617,1144818,400.70,1.945,4181,4172,4174,9,0,90.6,32.6,84.8,29.3,none,none,79.0,26.1,4179,4181,4174,4175,4177,4175,4174,4174,4173,4173,4173,4174,4175,4174,4173,4173,4173,4174,4173,4176,4175,4173,4172,4174,4173,4176,4173,4174,4173,4176,4173,4174,4174,4173,4173,4175,4174,4173,4174,4173,4174,4174,4179,4178,4176,4175,4177,4173,4177,4175,4177,4178,4177,4176,4179,4175,4173,4173,4179,4174,4175,4174,4174,4174,4177,4178,4175,4174,4174,4174,4173,4174,4175,4173,4174,4173,4173,4173,4175,4173,4174,4174,4174,4174,4173,4174,4174,4174,4179,4179,4174,4174,4177,4175,4174,4174,0.25,SJNFAAZE1U0005576,117.67,13.04,8967.2421875,78,75,0,0,0,0,15.0,99.17,-154014,49,1528018507.703,0,3,1,0,5,0,0,0,0,4,400.78,400.78,1F,1,1,1,0080,60,40,40,0,0,19,0.00
03/06/2018 10:35:11,54 58.53373,-1 31.10137,301,0,483,954616,1144818,400.70,1.975,4181,4172,4174,9,0,90.6,32.6,84.8,29.3,none,none,79.0,26.1,4179,4181,4175,4176,4178,4175,4173,4172,4173,4173,4173,4174,4175,4174,4173,4174,4173,4175,4173,4175,4174,4173,4173,4174,4174,4176,4174,4173,4174,4175,4174,4175,4175,4173,4173,4176,4174,4173,4174,4173,4174,4173,4179,4177,4175,4176,4178,4173,4178,4175,4177,4178,4177,4175,4179,4174,4174,4173,4180,4173,4175,4174,4174,4174,4177,4178,4174,4174,4175,4175,4175,4173,4176,4174,4174,4174,4173,4173,4174,4174,4174,4175,4174,4175,4174,4173,4173,4174,4180,4179,4175,4174,4177,4176,4174,4174,0.29,SJNFAAZE1U0005576,117.67,13.04,8967.2421875,78,75,0,0,0,0,15.0,99.17,-154014,49,1528018511.292,0,3,1,0,5,0,0,0,0,4,400.79,400.79,1F,1,1,1,0080,60,40,40,0,0,19,0.00
03/06/2018 10:35:14,54 58.53373,-1 31.10137,301,0,483,954616,1144818,400.70,1.945,4182,4172,4174,10,0,90.6,32.6,84.6,29.2,none,none,79.0,26.1,4180,4182,4174,4176,4177,4175,4173,4173,4173,4174,4173,4174,4176,4174,4174,4174,4173,4174,4173,4174,4175,4173,4173,4174,4174,4177,4173,4174,4174,4175,4174,4175,4175,4173,4173,4174,4174,4173,4174,4173,4174,4175,4180,4178,4176,4176,4178,4172,4178,4175,4177,4177,4178,4176,4180,4175,4173,4173,4179,4173,4175,4173,4174,4174,4177,4178,4174,4175,4174,4174,4175,4175,4175,4174,4175,4173,4173,4175,4175,4173,4174,4174,4174,4175,4173,4174,4173,4174,4179,4178,4175,4174,4177,4176,4174,4176,0.23,SJNFAAZE1U0005576,117.67,13.04,8967.2421875,78,75,0,0,0,0,15.0,99.17,-154014,49,1528018514.670,0,3,1,0,5,0,0,0,0,4,400.78,400.78,1F,1,1,1,0080,60,40,40,0,0,19,0.00
03/06/2018 10:35:17,54 58.53373,-1 31.10137,301,0,483,954613,1144818,400.61,4.203,4179,4171,4173,8,0,90.6,32.6,84.6,29.2,none,none,79.0,26.1,4178,4179,4172,4173,4174,4174,4172,4172,4172,4172,4172,4172,4173,4173,4171,4172,4172,4173,4172,4174,4173,4172,4172,4174,4173,4176,4172,4173,4172,4172,4173,4173,4172,4171,4172,4173,4173,4172,4172,4172,4173,4172,4178,4177,4174,4174,4176,4171,4176,4173,4176,4177,4175,4175,4178,4173,4172,4172,4178,4173,4175,4174,4173,4173,4175,4177,4173,4174,4173,4174,4173,4172,4174,4172,4172,4172,4173,4173,4173,4174,4173,4172,4174,4174,4172,4173,4172,4173,4177,4178,4173,4174,4177,4175,4173,4174,0.22,SJNFAAZE1U0005576,117.67,13.04,8967.2421875,78,75,0,0,0,0,15.0,99.17,-154014,49,1528018517.876,400,3,1,0,5,0,0,0,0,4,400.66,400.66,1F,1,1,1,0080,60,40,40,0,0,19,44.00
03/06/2018 10:35:21,54 58.53373,-1 31.10137,301,0,483,954581,1144818,400.13,13.541,4175,4166,4168,9,0,90.6,32.6,84.6,29.2,none,none,79.0,26.1,4173,4175,4168,4168,4171,4169,4167,4169,4168,4168,4167,4169,4169,4169,4168,4168,4168,4168,4167,4169,4169,4168,4168,4168,4169,4171,4166,4168,4168,4169,4168,4169,4169,4168,4167,4169,4168,4168,4168,4168,4168,4168,4172,4172,4170,4170,4172,4167,4170,4168,4171,4172,4172,4170,4173,4168,4168,4168,4173,4167,4170,4168,4168,4169,4170,4171,4168,4169,4169,4170,4169,4168,4171,4167,4168,4167,4167,4168,4168,4168,4168,4169,4168,4168,4167,4168,4168,4167,4171,4173,4168,4170,4171,4169,4168,4168,0.08,SJNFAAZE1U0005576,117.67,13.04,8967.2421875,78,75,0,0,0,0,15.0,99.17,-154014,49,1528018521.034,1880,3,1,0,5,0,0,0,0,4,400.32,400.32,1F,1,1,1,0080,60,40,40,0,0,19,27.00
03/06/2018 10:35:24,54 58.53373,-1 31.10137,301,0,483,954545,1144818,400.42,3.989,4177,4169,4171,8,0,90.6,32.6,84.6,29.2,none,none,79.2,26.2,4175,4177,4171,4172,4173,4172,4171,4169,4171,4170,4171,4170,4171,4170,4170,4170,4170,4171,4170,4172,4172,4170,4170,4171,4171,4174,4170,4171,4170,4171,4171,4172,4172,4170,4170,4171,4171,4171,4171,4170,4171,4170,4176,4174,4173,4172,4174,4170,4174,4171,4174,4175,4174,4172,4177,4171,4170,4170,4177,4170,4172,4170,4171,4171,4173,4175,4172,4171,4171,4170,4171,4170,4173,4171,4171,4170,4170,4170,4171,4170,4172,4171,4172,4170,4171,4170,4172,4171,4176,4175,4172,4173,4173,4172,4172,4170,0.29,SJNFAAZE1U0005576,117.67,13.04,8967.2421875,78,75,0,0,0,0,15.0,99.17,-154014,49,1528018524.369,1680,3,1,0,5,0,0,0,0,4,400.59,400.59,1F,1,1,1,0080,60,40,40,0,0,19,-88.00
03/06/2018 10:35:27,54 58.53373,-1 31.10137,301,0,483,954508,1144818,400.51,3.593,4179,4170,4172,9,0,90.6,32.6,84.6,29.2,none,none,79.0,26.1,4177,4179,4171,4173,4175,4172,4172,4172,4171,4172,4172,4171,4172,4172,4171,4172,4172,4172,4171,4173,4173,4171,4171,4172,4171,4175,4171,4173,4172,4173,4172,4173,4173,4171,4172,4173,4173,4172,4172,4172,4173,4172,4177,4176,4175,4173,4176,4172,4175,4172,4175,4177,4175,4174,4177,4173,4172,4172,4178,4172,4173,4172,4172,4173,4175,4176,4172,4173,4173,4172,4173,4171,4175,4172,4172,4172,4170,4172,4172,4172,4172,4172,4173,4174,4172,4172,4171,4172,4178,4177,4173,4173,4174,4174,4173,4172,0.10,SJNFAAZE1U0005576,117.67,12.96,8967.2421875,78,75,0,0,0,0,15.0,99.17,-154014,50,1528018527.868,1840,3,1,0,5,0,0,0,0,2,400.59,400.59,1F,1,1,1,0080,60,40,40,0,0,19,126.25
03/06/2018 10:35:30,54 58.53373,-1 31.10137,301,0,483,954402,1144818,399.46,29.746,4168,4158,4161,10,0,90.6,32.6,84.8,29.3,none,none,79.0,26.1,4165,4168,4160,4163,4163,4162,4161,4160,4160,4161,4160,4161,4162,4162,4161,4161,4161,4162,4160,4162,4162,4161,4159,4162,4161,4165,4160,4161,4161,4163,4161,4162,4162,4162,4160,4163,4161,4162,4160,4160,4161,4161,4166,4165,4162,4162,4163,4159,4163,4160,4161,4163,4163,4162,4166,4161,4160,4159,4163,4158,4162,4161,4160,4161,4163,4164,4160,4161,4162,4161,4161,4160,4164,4161,4161,4161,4161,4161,4161,4161,4161,4160,4160,4160,4161,4161,4160,4160,4165,4165,4160,4161,4163,4161,4160,4161,0.45,SJNFAAZE1U0005576,117.67,13.04,8967.2421875,78,75,0,0,0,0,15.0,99.17,-154014,50,1528018530.996,9120,3,1,0,5,0,0,0,0,4,399.57,399.57,1F,1,1,1,0080,60,40,40,0,0,19,94.75
03/06/2018 10:35:34,54 58.53373,-1 31.10137,301,0,483,954160,1144818,398.88,41.159,4161,4152,4155,9,0,90.6,32.6,84.6,29.2,none,none,79.0,26.1,4158,4161,4154,4155,4156,4156,4154,4155,4154,4156,4154,4155,4155,4156,4154,4155,4153,4155,4154,4157,4156,4156,4155,4156,4154,4157,4154,4156,4154,4156,4155,4156,4155,4156,4153,4157,4154,4155,4154,4154,4154,4155,4159,4160,4155,4156,4156,4153,4155,4153,4155,4157,4156,4156,4159,4155,4154,4153,4158,4154,4154,4153,4154,4154,4156,4157,4154,4156,4155,4156,4154,4153,4158,4155,4153,4155,4154,4155,4156,4156,4155,4155,4154,4154,4154,4155,4154,4153,4157,4158,4152,4153,4156,4155,4153,4154,0.49,SJNFAAZE1U0005576,117.67,13.04,8967.2421875,78,75,0,0,0,0,15.0,99.17,-154014,50,1528018534.096,13800,3,1,0,5,0,0,0,0,4,398.94,398.94,1F,1,1,1,0080,60,40,40,0,0,19,59.75
03/06/2018 10:35:37,54 58.53373,-1 31.10137,301,0,483,953950,1144818,399.07,29.472,4163,4156,4157,7,0,90.6,32.6,84.6,29.2,none,none,78.8,26.0,4161,4163,4156,4158,4159,4158,4157,4156,4156,4157,4157,4158,4158,4158,4156,4158,4156,4159,4157,4158,4159,4158,4157,4159,4157,4160,4157,4156,4158,4159,4159,4159,4157,4157,4157,4159,4157,4158,4156,4156,4158,4157,4162,4161,4159,4158,4160,4156,4159,4156,4160,4160,4159,4158,4161,4157,4157,4156,4161,4157,4158,4157,4157,4157,4159,4162,4156,4158,4158,4158,4157,4158,4161,4156,4157,4157,4156,4158,4157,4157,4157,4157,4157,4158,4157,4157,4156,4157,4161,4162,4157,4157,4159,4159,4157,4156,0.40,SJNFAAZE1U0005576,117.67,13.04,8967.2421875,78,75,0,0,0,0,15.0,99.17,-154014,50,1528018537.443,9920,3,1,0,5,0,0,0,0,4,399.19,399.19,1F,1,1,1,0080,60,40,40,0,0,19,39.75
03/06/2018 10:35:40,54 58.53373,-1 31.10137,301,0,483,953817,1144818,399.65,8.445,4169,4161,4163,8,0,90.6,32.6,84.6,29.2,none,none,79.0,26.1,4167,4169,4162,4163,4164,4163,4162,4162,4163,4162,4162,4163,4163,4163,4162,4163,4161,4164,4163,4164,4164,4162,4163,4164,4163,4165,4163,4163,4162,4164,4162,4164,4163,4163,4163,4165,4163,4162,4161,4162,4163,4162,4167,4167,4165,4164,4164,4162,4165,4162,4165,4166,4165,4163,4167,4163,4162,4161,4168,4162,4163,4162,4162,4163,4165,4166,4163,4163,4164,4162,4162,4163,4164,4162,4163,4162,4161,4163,4163,4162,4162,4164,4163,4163,4161,4161,4162,4162,4166,4167,4162,4162,4164,4164,4162,4163,0.34,SJNFAAZE1U0005576,117.67,13.04,8967.2421875,78,75,0,0,0,0,15.0,99.17,-154014,50,1528018540.912,3240,3,1,0,5,0,0,0,0,4,399.91,399.91,1F,1,1,1,0080,61,40,40,0,0,19,16.75
03/06/2018 10:35:44,54 58.53373,-1 31.10137,301,0,483,953725,1144818,399.46,11.619,4167,4160,4161,7,0,90.6,32.6,84.8,29.3,none,none,79.2,26.2,4166,4167,4161,4162,4163,4162,4160,4160,4161,4161,4160,4162,4162,4162,4161,4162,4161,4162,4161,4163,4162,4161,4161,4161,4161,4164,4160,4161,4161,4162,4161,4162,4163,4161,4161,4163,4161,4161,4160,4161,4162,4162,4166,4164,4162,4162,4164,4160,4163,4161,4163,4164,4164,4164,4166,4160,4160,4160,4166,4161,4163,4162,4161,4161,4164,4166,4160,4160,4161,4162,4161,4161,4162,4161,4161,4161,4161,4161,4160,4161,4161,4161,4161,4161,4160,4161,4161,4160,4164,4166,4160,4161,4163,4163,4160,4161,0.32,SJNFAAZE1U0005576,117.67,13.04,8967.2421875,78,75,0,0,0,0,15.0,99.17,-154014,50,1528018544.419,4240,3,1,0,5,0,0,0,0,4,399.78,399.78,1F,1,1,1,0080,61,40,40,0,0,19,25.50
03/06/2018 10:35:47,54 58.53373,-1 31.10137,301,0,483,953671,1144818,399.94,3.562,4172,4164,4166,8,0,90.6,32.6,84.6,29.2,none,none,79.0,26.1,4172,4172,4165,4165,4169,4166,4165,4166,4166,4167,4166,4166,4167,4166,4165,4167,4166,4166,4166,4167,4167,4165,4166,4167,4166,4168,4165,4166,4167,4167,4167,4166,4167,4165,4165,4168,4167,4165,4166,4164,4167,4166,4172,4170,4168,4168,4169,4165,4169,4165,4169,4170,4170,4168,4171,4165,4166,4165,4171,4166,4167,4165,4167,4166,4168,4170,4166,4168,4167,4166,4168,4165,4169,4166,4167,4165,4165,4165,4166,4166,4167,4167,4165,4166,4167,4166,4165,4167,4171,4170,4166,4166,4169,4168,4167,4166,0.28,SJNFAAZE1U0005576,117.67,13.04,8967.2421875,78,75,0,0,0,0,15.0,99.17,-154014,50,1528018547.945,0,3,1,0,5,0,0,0,0,4,400.10,400.10,1F,1,1,1,0080,61,40,40,0,0,19,12.25
03/06/2018 10:35:51,54 58.53373,-1 31.10137,301,0,483,953604,1144818,399.84,10.062,4172,4163,4165,9,0,90.6,32.6,84.6,29.2,none,none,79.0,26.1,4169,4172,4165,4166,4168,4165,4164,4165,4163,4164,4163,4165,4165,4166,4163,4165,4165,4165,4164,4167,4165,4165,4165,4166,4165,4168,4164,4165,4165,4166,4165,4165,4166,4165,4164,4165,4165,4165,4163,4163,4165,4164,4170,4169,4166,4167,4167,4164,4167,4165,4167,4168,4166,4166,4170,4165,4165,4164,4169,4165,4166,4164,4165,4165,4167,4170,4164,4165,4164,4165,4164,4165,4166,4165,4164,4164,4164,4165,4165,4164,4164,4165,4164,4165,4163,4165,4163,4164,4169,4169,4165,4165,4167,4166,4165,4164,0.27,SJNFAAZE1U0005576,117.67,13.04,8967.2421875,78,75,0,0,0,0,15.0,99.17,-154014,50,1528018551.245,3920,3,1,0,5,0,0,0,0,4,399.89,399.89,1F,1,1,1,0080,61,40,40,0,0,19,1.75
03/06/2018 10:35:54,54 58.53373,-1 31.10137,301,0,483,953561,1144818,399.74,9.879,4170,4162,4164,8,0,90.6,32.6,84.6,29.2,none,none,79.0,26.1,4169,4170,4164,4165,4166,4164,4163,4164,4164,4164,4162,4164,4164,4165,4162,4164,4163,4165,4162,4166,4165,4164,4163,4164,4164,4167,4163,4166,4164,4165,4164,4166,4164,4164,4164,4166,4163,4163,4163,4164,4164,4163,4168,4168,4165,4165,4167,4163,4167,4163,4166,4167,4167,4165,4168,4164,4163,4163,4168,4163,4165,4163,4164,4164,4167,4168,4164,4164,4165,4164,4164,4164,4166,4164,4164,4163,4163,4164,4164,4163,4163,4163,4163,4165,4163,4163,4162,4163,4167,4168,4163,4164,4167,4165,4164,4164,0.26,SJNFAAZE1U0005576,117.67,13.04,8968.8515625,78,75,0,0,0,0,15.0,99.17,-154014,50,1528018554.619,2720,3,1,0,5,0,0,0,0,4,399.91,399.91,1F,1,1,1,0080,61,40,40,0,0,19,7.50
03/06/2018 10:35:58,54 58.53373,-1 31.10137,301,0,483,953528,1144818,400.80,2.585,4181,4173,4175,8,0,90.6,32.6,84.8,29.3,none,none,79.0,26.1,4180,4181,4175,4175,4177,4175,4175,4174,4174,4175,4173,4174,4174,4174,4173,4174,4173,4175,4174,4175,4174,4174,4174,4175,4174,4176,4174,4174,4173,4175,4174,4175,4175,4174,4174,4175,4175,4174,4174,4174,4175,4174,4180,4178,4176,4176,4178,4174,4179,4176,4179,4178,4179,4176,4180,4175,4174,4175,4181,4174,4176,4175,4176,4174,4177,4179,4175,4175,4175,4174,4175,4174,4174,4174,4175,4174,4174,4175,4175,4174,4175,4176,4176,4176,4176,4174,4174,4174,4181,4180,4176,4175,4179,4177,4175,4175,0.25,SJNFAAZE1U0005576,117.67,13.04,8968.8515625,78,75,0,0,0,0,15.0,99.17,-154014,50,1528018558.084,0,3,1,0,5,0,0,0,0,4,400.17,400.17,1F,1,1,1,0080,61,40,40,0,0,19,-38.75
03/06/2018 10:36:01,54 58.53373,-1 31.10137,301,0,483,953697,1144818,400.99,-9.284,4185,4175,4177,10,0,90.6,32.6,84.6,29.2,none,none,78.8,26.0,4184,4185,4177,4179,4180,4178,4176,4177,4177,4176,4176,4177,4177,4178,4176,4176,4176,4177,4177,4178,4179,4176,4177,4178,4176,4179,4176,4177,4177,4177,4176,4177,4178,4176,4176,4177,4177,4177,4176,4176,4177,4177,4183,4181,4179,4179,4182,4176,4180,4178,4181,4181,4182,4180,4183,4178,4177,4176,4183,4178,4178,4177,4178,4177,4180,4182,4178,4178,4178,4177,4177,4177,4178,4177,4178,4177,4175,4176,4177,4176,4177,4178,4178,4177,4177,4176,4176,4175,4183,4181,4178,4177,4180,4179,4178,4179,0.21,SJNFAAZE1U0005576,117.67,13.04,8968.8515625,78,75,0,0,0,0,15.0,99.17,-154021,50,1528018561.359,0,3,1,0,5,0,0,0,0,4,400.80,400.80,1F,1,1,1,0080,61,40,40,0,0,19,-65.75
03/06/2018 10:36:04,54 58.53373,-1 31.10137,301,0,483,953737,1144818,400.51,-1.410,4179,4170,4172,9,0,90.6,32.6,84.6,29.2,none,none,78.8,26.0,4177,4179,4171,4173,4174,4173,4171,4171,4172,4171,4171,4171,4173,4173,4170,4171,4171,4172,4170,4173,4172,4170,4170,4173,4170,4174,4171,4172,4171,4172,4171,4171,4171,4171,4171,4171,4172,4171,4171,4171,4172,4171,4176,4175,4173,4172,4174,4171,4174,4173,4176,4176,4176,4173,4176,4173,4173,4170,4177,4171,4174,4171,4172,4172,4174,4176,4172,4172,4172,4172,4171,4171,4173,4172,4173,4172,4171,4172,4172,4172,4172,4173,4172,4173,4171,4171,4171,4171,4176,4176,4171,4171,4174,4173,4172,4172,0.28,SJNFAAZE1U0005576,117.67,13.04,8968.8515625,78,75,0,0,0,0,15.0,99.17,-154022,50,1528018564.418,0,3,1,0,5,0,0,0,0,4,400.50,400.50,1F,1,1,1,0080,61,40,40,0,0,19,-15.75
03/06/2018 10:36:07,54 58.53373,-1 31.10137,301,0,483,953685,1144818,398.98,33.134,4163,4153,4156,10,0,90.6,32.6,84.6,29.2,none,none,79.0,26.1,4158,4163,4155,4157,4158,4157,4154,4156,4155,4155,4155,4156,4156,4156,4156,4157,4155,4157,4155,4158,4157,4156,4155,4158,4157,4159,4155,4157,4156,4157,4155,4157,4156,4156,4156,4158,4156,4156,4155,4155,4156,4156,4160,4159,4156,4158,4158,4154,4156,4156,4157,4159,4156,4155,4159,4155,4155,4154,4159,4154,4156,4154,4154,4155,4157,4158,4156,4156,4156,4155,4155,4155,4158,4154,4154,4155,4154,4154,4155,4156,4153,4157,4155,4155,4154,4155,4153,4155,4157,4159,4153,4155,4157,4156,4154,4155,0.25,SJNFAAZE1U0005576,117.67,13.04,8968.8515625,78,75,0,0,0,0,15.0,99.17,-154022,50,1528018567.715,9560,3,1,0,5,0,0,0,0,4,399.30,399.30,1F,1,1,1,0080,61,40,40,0,0,19,104.00
03/06/2018 10:36:11,54 58.53373,-1 31.10137,301,0,482,953409,1144818,398.69,39.268,4160,4151,4153,9,0,90.4,32.4,84.6,29.2,none,none,79.0,26.1,4158,4160,4152,4154,4156,4154,4152,4154,4153,4154,4152,4154,4153,4155,4151,4154,4153,4155,4154,4156,4154,4153,4152,4156,4153,4157,4152,4155,4152,4155,4153,4156,4153,4153,4152,4155,4154,4155,4153,4154,4153,4155,4158,4158,4154,4155,4155,4153,4154,4153,4153,4156,4155,4153,4158,4152,4153,4152,4157,4153,4153,4151,4153,4153,4155,4157,4152,4153,4154,4153,4153,4154,4155,4153,4151,4154,4153,4153,4152,4154,4154,4153,4152,4154,4152,4153,4153,4153,4156,4157,4152,4153,4155,4153,4151,4153,0.21,SJNFAAZE1U0005576,117.67,13.04,8968.8515625,78,75,0,0,0,0,15.0,99.17,-154022,50,1528018571.153,13000,3,1,0,5,0,0,0,0,4,398.71,398.71,1F,1,1,1,0080,61,40,40,0,0,19,56.25
03/06/2018 10:36:14,54 58.53373,-1 31.10137,301,0,482,953191,1144818,398.88,28.525,4161,4153,4155,8,0,90.6,32.6,84.6,29.2,none,none,79.0,26.1,4159,4161,4154,4156,4157,4157,4155,4154,4155,4155,4154,4156,4155,4157,4155,4156,4155,4157,4155,4157,4157,4156,4155,4158,4155,4159,4155,4156,4155,4157,4156,4157,4157,4156,4155,4157,4155,4155,4155,4154,4156,4155,4160,4158,4156,4157,4157,4155,4156,4153,4156,4157,4156,4155,4159,4156,4156,4154,4159,4154,4154,4154,4155,4154,4156,4159,4155,4155,4155,4155,4155,4154,4157,4154,4154,4154,4154,4154,4155,4155,4155,4155,4156,4154,4153,4154,4154,4155,4158,4158,4154,4154,4156,4155,4153,4154,0.21,SJNFAAZE1U0005576,117.67,13.04,8968.8515625,78,75,0,0,0,0,15.0,99.17,-154022,50,1528018574.532,10000,3,1,0,5,0,0,0,0,4,398.93,398.93,1F,1,1,1,0080,61,40,40,0,0,19,38.50
03/06/2018 10:36:18,54 58.53373,-1 31.10137,301,0,482,953051,1144818,399.65,5.820,4169,4161,4163,8,0,90.6,32.6,84.8,29.3,none,none,79.2,26.2,4167,4169,4163,4164,4167,4163,4163,4163,4162,4164,4163,4163,4164,4164,4164,4163,4163,4164,4163,4165,4165,4163,4163,4164,4163,4166,4162,4163,4163,4164,4164,4164,4164,4164,4163,4164,4164,4162,4163,4163,4164,4163,4168,4167,4165,4164,4166,4161,4166,4162,4166,4167,4166,4164,4167,4163,4163,4163,4168,4162,4165,4162,4163,4163,4166,4166,4164,4164,4164,4164,4162,4162,4165,4162,4163,4163,4163,4163,4162,4163,4163,4163,4163,4163,4162,4162,4162,4163,4166,4167,4163,4164,4165,4165,4164,4163,0.22,SJNFAAZE1U0005576,117.67,13.04,8968.8515625,78,75,0,0,0,0,15.0,99.17,-154022,50,1528018578.050,2920,3,1,0,5,0,0,0,0,4,399.70,399.70,1F,1,1,1,0080,61,40,40,0,0,19,5.75
03/06/2018 10:36:21,54 58.53373,-1 31.10137,301,0,482,953106,1144818,400.32,-9.619,4175,4167,4170,8,0,90.6,32.6,84.6,29.2,none,none,79.0,26.1,4174,4175,4169,4170,4172,4170,4169,4169,4169,4168,4169,4168,4170,4170,4169,4169,4168,4169,4168,4171,4171,4168,4169,4170,4170,4171,4168,4170,4169,4169,4169,4170,4170,4168,4169,4170,4170,4168,4169,4167,4171,4169,4175,4172,4171,4170,4173,4169,4171,4169,4173,4173,4173,4170,4174,4170,4169,4168,4174,4169,4170,4169,4170,4169,4172,4173,4170,4169,4171,4170,4171,4170,4171,4169,4170,4169,4169,4169,4169,4169,4170,4169,4171,4169,4169,4168,4169,4169,4173,4174,4170,4170,4172,4170,4170,4170,0.17,SJNFAAZE1U0005576,117.67,13.04,8968.8515625,78,75,0,0,0,0,15.0,99.17,-154025,50,1528018581.688,0,3,1,0,5,0,0,0,0,4,400.43,400.43,1F,1,1,1,0080,61,40,40,0,0,19,11.50
03/06/2018 10:36:25,54 58.53373,-1 31.10137,301,0,482,953065,1144818,399.17,23.581,4165,4155,4158,10,0,90.6,32.6,84.6,29.2,none,none,79.0,26.1,4161,4165,4157,4157,4159,4159,4157,4157,4157,4157,4157,4158,4158,4160,4157,4159,4157,4160,4157,4160,4159,4158,4158,4159,4158,4161,4157,4159,4158,4160,4158,4159,4159,4158,4157,4160,4157,4158,4156,4157,4157,4157,4163,4163,4158,4159,4159,4157,4158,4157,4159,4160,4160,4158,4161,4157,4157,4156,4162,4156,4158,4156,4156,4158,4159,4161,4158,4157,4157,4158,4156,4157,4160,4157,4157,4157,4156,4157,4157,4157,4156,4157,4158,4157,4155,4157,4155,4157,4159,4161,4156,4157,4159,4159,4157,4157,0.21,SJNFAAZE1U0005576,117.67,13.04,8968.8515625,78,75,0,0,0,0,15.0,99.17,-154025,50,1528018585.410,4280,3,1,0,5,0,0,0,0,4,399.35,399.35,1F,1,1,1,0080,61,40,40,0,0,19,35.00
03/06/2018 10:36:29,54 58.53373,-1 31.10137,301,0,482,952875,1144818,399.65,12.168,4168,4161,4163,7,0,90.6,32.6,84.6,29.2,none,none,79.0,26.1,4168,4168,4163,4163,4164,4162,4162,4161,4161,4162,4162,4161,4163,4163,4162,4163,4162,4163,4162,4164,4164,4161,4162,4163,4162,4165,4162,4163,4163,4163,4162,4163,4163,4162,4162,4163,4163,4162,4163,4162,4163,4162,4168,4166,4164,4164,4166,4161,4164,4163,4165,4165,4165,4163,4168,4162,4162,4161,4167,4161,4165,4162,4162,4162,4165,4167,4163,4162,4162,4162,4162,4161,4164,4162,4163,4162,4161,4162,4162,4162,4163,4163,4162,4163,4162,4162,4162,4162,4167,4168,4162,4162,4165,4164,4163,4162,2.36,SJNFAAZE1U0005576,117.67,13.28,8968.8515625,78,75,0,0,0,0,15.0,99.17,-154025,50,1528018589.070,5960,3,1,0,5,0,0,0,0,4,399.43,399.43,1F,1,1,1,0080,62,40,40,0,0,19,15.75
03/06/2018 10:36:32,54 58.53373,-1 31.10137,301,0,482,952771,1144818,399.26,17.173,4164,4157,4159,7,0,90.6,32.6,84.6,29.2,none,none,79.0,26.1,4163,4164,4158,4160,4161,4159,4158,4158,4159,4159,4159,4159,4160,4160,4158,4160,4159,4160,4158,4160,4159,4159,4159,4160,4158,4161,4158,4160,4160,4161,4159,4160,4159,4159,4159,4160,4159,4159,4158,4158,4158,4159,4163,4162,4160,4160,4160,4157,4161,4158,4160,4162,4160,4160,4163,4159,4158,4158,4163,4158,4159,4159,4159,4159,4161,4162,4159,4158,4160,4160,4159,4157,4161,4159,4159,4159,4157,4159,4158,4159,4159,4159,4159,4159,4158,4159,4158,4158,4163,4164,4158,4159,4161,4160,4158,4158,2.39,SJNFAAZE1U0005576,117.67,13.52,8968.8515625,78,75,0,0,0,0,15.0,99.17,-154025,50,1528018592.685,5440,3,1,0,5,0,0,0,0,4,399.33,399.33,1F,1,1,1,0080,62,40,40,0,0,19,12.25
03/06/2018 10:36:36,54 58.53373,-1 31.10137,301,0,482,952715,1144818,400.13,-7.758,4174,4166,4168,8,0,90.6,32.6,84.6,29.2,none,none,79.0,26.1,4172,4174,4168,4168,4170,4168,4168,4167,4168,4168,4167,4167,4169,4168,4167,4167,4168,4167,4167,4169,4169,4166,4167,4168,4168,4169,4167,4167,4167,4167,4167,4168,4169,4167,4167,4168,4168,4167,4167,4167,4168,4166,4173,4171,4170,4169,4171,4167,4170,4167,4172,4171,4170,4169,4173,4167,4167,4167,4174,4167,4170,4167,4168,4167,4170,4170,4169,4168,4169,4167,4168,4167,4169,4168,4169,4168,4167,4167,4168,4168,4166,4167,4168,4168,4167,4166,4167,4167,4172,4172,4168,4168,4171,4169,4168,4167,2.51,SJNFAAZE1U0005576,117.67,13.84,8968.8515625,78,75,0,0,0,0,15.0,99.17,-154025,50,1528018596.266,0,3,1,0,5,0,0,0,0,4,400.20,400.20,1F,1,1,1,0080,62,40,40,0,0,19,-2.50
03/06/2018 10:36:39,54 58.53373,-1 31.10137,301,0,482,952697,1144818,399.36,17.509,4166,4158,4160,8,0,90.6,32.6,84.6,29.2,none,none,79.0,26.1,4165,4166,4159,4160,4162,4161,4159,4159,4159,4159,4159,4160,4160,4160,4160,4161,4159,4160,4160,4160,4160,4159,4158,4161,4160,4162,4160,4160,4160,4161,4160,4161,4161,4160,4159,4161,4160,4160,4158,4159,4160,4159,4165,4164,4161,4161,4162,4159,4162,4159,4162,4164,4162,4160,4165,4160,4159,4159,4164,4159,4160,4158,4159,4159,4162,4163,4160,4160,4161,4160,4159,4159,4162,4159,4159,4158,4158,4159,4161,4160,4159,4159,4160,4160,4159,4159,4159,4161,4164,4163,4159,4160,4162,4161,4160,4159,2.01,SJNFAAZE1U0005576,117.67,14.08,8968.8515625,78,75,0,0,0,0,15.0,99.17,-154025,50,1528018599.860,4560,3,1,0,5,0,0,0,0,4,399.34,399.34,1F,1,1,1,0080,62,40,40,0,0,19,4.00
03/06/2018 10:36:43,54 58.53373,-1 31.10137,301,0,482,952701,1144818,400.61,-17.493,4180,4171,4173,9,0,90.6,32.6,84.6,29.2,none,none,79.0,26.1,4178,4180,4173,4174,4177,4174,4172,4172,4173,4172,4173,4173,4174,4173,4172,4173,4173,4172,4172,4174,4174,4172,4172,4173,4173,4175,4171,4172,4172,4173,4172,4173,4173,4173,4171,4174,4173,4173,4172,4172,4173,4172,4177,4177,4174,4175,4176,4173,4177,4174,4178,4177,4176,4174,4179,4173,4172,4172,4178,4174,4175,4172,4173,4173,4175,4176,4173,4172,4174,4174,4173,4173,4173,4173,4173,4174,4171,4172,4173,4172,4173,4174,4173,4173,4172,4172,4172,4173,4177,4177,4174,4173,4177,4176,4174,4173,1.96,SJNFAAZE1U0005576,117.67,14.32,8968.8515625,78,75,0,0,0,0,15.0,99.17,-154025,50,1528018603.324,0,3,1,0,5,0,0,0,0,4,400.62,400.62,1F,1,1,1,0080,62,40,40,0,0,19,-36.50
03/06/2018 10:36:46,54 58.53373,-1 31.10137,301,0,482,952882,1144818,400.90,-18.500,4183,4174,4176,9,0,90.6,32.6,84.8,29.3,none,none,79.0,26.1,4182,4183,4176,4177,4178,4176,4175,4175,4174,4175,4175,4174,4177,4176,4175,4175,4174,4176,4175,4176,4176,4174,4174,4175,4175,4177,4174,4175,4174,4176,4175,4175,4175,4175,4174,4177,4175,4175,4174,4175,4175,4175,4180,4179,4177,4177,4179,4175,4180,4177,4180,4180,4180,4178,4182,4177,4175,4174,4181,4176,4178,4176,4176,4175,4178,4179,4177,4175,4176,4175,4177,4176,4176,4175,4177,4175,4175,4176,4176,4177,4176,4175,4175,4176,4176,4176,4176,4174,4181,4181,4177,4176,4179,4178,4175,4176,1.86,SJNFAAZE1U0005576,117.67,14.32,8968.8515625,78,75,0,0,0,0,15.0,99.17,-154032,50,1528018606.764,0,3,1,0,5,0,0,0,0,4,400.90,400.90,1F,1,1,1,0080,62,40,40,0,0,19,-8.50
03/06/2018 10:36:50,54 58.53373,-1 31.10137,301,0,482,952820,1144818,398.88,33.042,4161,4153,4155,8,0,90.4,32.4,84.6,29.2,none,none,79.2,26.2,4158,4161,4154,4155,4157,4156,4155,4154,4155,4156,4155,4156,4156,4157,4155,4155,4155,4157,4154,4157,4156,4154,4156,4157,4156,4158,4156,4156,4156,4157,4155,4157,4156,4156,4155,4157,4156,4155,4155,4155,4156,4154,4160,4159,4157,4157,4157,4154,4155,4154,4156,4157,4157,4155,4159,4155,4155,4154,4159,4154,4153,4154,4155,4154,4157,4158,4155,4156,4155,4155,4154,4155,4158,4154,4154,4154,4154,4155,4154,4155,4154,4154,4154,4155,4155,4154,4155,4155,4158,4159,4153,4156,4157,4157,4153,4154,1.74,SJNFAAZE1U0005576,117.67,14.32,8968.8515625,78,75,0,0,0,0,15.0,99.17,-154032,50,1528018610.135,9680,3,1,0,5,0,0,0,0,4,398.98,398.98,1F,1,1,1,0080,62,40,40,0,0,19,84.50
03/06/2018 10:36:53,54 58.53373,-1 31.10137,301,0,482,952496,1144818,397.73,55.655,4149,4141,4143,8,0,90.6,32.6,84.6,29.2,none,none,79.0,26.1,4146,4149,4142,4144,4144,4144,4144,4143,4143,4144,4144,4145,4143,4145,4143,4145,4143,4145,4144,4146,4144,4145,4143,4146,4144,4147,4143,4145,4143,4145,4144,4146,4144,4145,4144,4145,4143,4145,4143,4144,4144,4143,4148,4148,4144,4145,4144,4143,4141,4142,4143,4145,4144,4142,4146,4143,4143,4142,4147,4142,4142,4143,4142,4144,4145,4146,4143,4145,4143,4145,4143,4144,4146,4143,4141,4143,4142,4143,4141,4143,4142,4144,4142,4142,4142,4142,4141,4143,4144,4145,4141,4143,4143,4143,4141,4142,1.71,SJNFAAZE1U0005576,117.67,14.32,8968.8515625,78,75,0,0,0,0,15.0,99.17,-154032,50,1528018613.512,17720,3,1,0,5,0,0,0,0,4,397.90,397.90,1F,1,1,1,0080,62,40,40,0,0,19,57.25
03/06/2018 10:36:57,54 58.53373,-1 31.10137,301,0,482,952210,1144818,398.21,37.437,4154,4146,4148,8,0,90.6,32.6,84.8,29.3,none,none,79.0,26.1,4152,4154,4148,4148,4151,4149,4147,4148,4148,4148,4147,4149,4149,4149,4147,4149,4148,4149,4148,4149,4149,4148,4148,4150,4149,4151,4148,4148,4148,4150,4149,4150,4150,4148,4147,4149,4149,4148,4148,4149,4148,4147,4152,4152,4149,4149,4150,4147,4149,4146,4150,4149,4149,4148,4151,4147,4148,4147,4151,4146,4148,4148,4147,4148,4150,4151,4148,4149,4149,4147,4147,4147,4151,4147,4148,4149,4147,4148,4147,4148,4147,4148,4147,4147,4147,4147,4146,4148,4150,4151,4147,4147,4148,4147,4146,4146,1.65,SJNFAAZE1U0005576,117.67,14.32,8968.8515625,78,75,0,0,0,0,15.0,99.17,-154032,50,1528018617.097,12560,3,1,0,5,0,0,0,0,4,398.26,398.26,1F,1,1,1,0080,62,40,40,0,0,19,39.50
03/06/2018 10:37:00,54 58.53373,-1 31.10137,301,0,482,952004,1144818,398.98,17.234,4162,4154,4156,8,0,90.6,32.6,84.6,29.2,none,none,79.0,26.1,4159,4162,4156,4158,4158,4158,4155,4156,4156,4157,4156,4156,4157,4158,4156,4157,4156,4157,4157,4158,4157,4156,4155,4157,4156,4160,4156,4157,4157,4158,4156,4158,4157,4156,4156,4157,4157,4156,4156,4156,4156,4156,4161,4160,4157,4158,4158,4155,4157,4157,4159,4159,4159,4157,4159,4156,4156,4155,4160,4155,4157,4156,4156,4156,4159,4159,4156,4157,4156,4156,4155,4156,4158,4156,4156,4156,4155,4156,4155,4156,4155,4156,4155,4155,4154,4155,4155,4157,4158,4160,4155,4157,4157,4158,4157,4156,1.59,SJNFAAZE1U0005576,117.67,14.32,8968.8515625,78,75,0,0,0,0,15.0,99.17,-154032,50,1528018620.787,7000,3,1,0,5,0,0,0,0,4,398.88,398.88,1F,1,1,1,0080,62,40,40,0,0,19,7.25
03/06/2018 10:37:04,54 58.53373,-1 31.10137,301,0,482,951953,1144818,399.36,5.393,4166,4158,4160,8,0,90.4,32.4,84.8,29.3,none,none,79.0,26.1,4165,4166,4159,4162,4161,4161,4159,4159,4159,4161,4159,4160,4161,4161,4160,4160,4159,4162,4158,4162,4160,4160,4160,4161,4160,4163,4159,4161,4160,4161,4160,4161,4161,4160,4159,4163,4159,4161,4159,4160,4160,4161,4166,4165,4161,4162,4162,4160,4162,4160,4162,4164,4163,4161,4164,4159,4160,4160,4164,4159,4161,4160,4159,4160,4162,4165,4159,4161,4161,4160,4160,4159,4162,4160,4161,4160,4159,4159,4159,4161,4160,4160,4160,4159,4159,4159,4158,4159,4163,4165,4159,4160,4162,4161,4159,4161,1.57,SJNFAAZE1U0005576,117.67,14.32,8968.8515625,78,75,0,0,0,0,15.0,99.17,-154032,50,1528018624.559,2320,3,1,0,5,0,0,0,0,4,399.43,399.43,1F,1,1,1,0080,62,40,40,0,0,19,3.00
03/06/2018 10:37:08,54 58.53373,-1 31.10137,301,0,482,951921,1144818,399.36,5.912,4167,4158,4160,9,0,90.6,32.6,84.6,29.2,none,none,79.0,26.1,4164,4167,4159,4161,4162,4161,4159,4159,4159,4160,4160,4161,4161,4161,4158,4161,4160,4162,4159,4161,4161,4160,4159,4161,4160,4164,4161,4162,4160,4161,4161,4161,4161,4160,4160,4161,4160,4160,4159,4161,4160,4161,4164,4165,4161,4162,4162,4159,4162,4160,4162,4163,4163,4162,4165,4161,4160,4159,4165,4160,4161,4160,4160,4160,4162,4164,4160,4160,4160,4161,4160,4161,4161,4160,4161,4160,4159,4160,4160,4161,4160,4160,4159,4161,4159,4160,4159,4160,4164,4166,4160,4160,4163,4162,4160,4160,1.51,SJNFAAZE1U0005576,117.67,14.32,8968.8515625,78,75,0,0,0,0,15.0,99.17,-154032,50,1528018628.266,2320,3,1,0,5,0,0,0,0,4,399.46,399.46,1F,1,1,1,0080,62,40,40,0,0,19,4.25
03/06/2018 10:37:11,54 58.53373,-1 31.10137,301,0,482,951888,1144818,399.46,5.668,4168,4158,4161,10,0,90.6,32.6,84.6,29.2,none,none,79.0,26.1,4164,4168,4160,4160,4163,4162,4160,4160,4161,4161,4160,4160,4162,4161,4160,4160,4161,4162,4161,4162,4162,4160,4161,4161,4161,4163,4160,4162,4161,4162,4161,4161,4161,4160,4161,4162,4161,4161,4161,4159,4161,4161,4167,4164,4161,4162,4163,4159,4161,4160,4163,4164,4163,4162,4165,4161,4160,4160,4167,4161,4161,4160,4160,4161,4164,4165,4161,4160,4161,4162,4161,4160,4161,4160,4161,4160,4158,4161,4159,4160,4160,4160,4161,4160,4159,4159,4159,4159,4164,4164,4159,4161,4162,4162,4162,4160,1.46,SJNFAAZE1U0005576,117.67,14.32,8968.8515625,78,75,0,0,0,0,15.0,99.17,-154032,50,1528018631.758,2320,3,1,0,5,0,0,0,0,4,399.51,399.51,1F,1,1,1,0080,62,40,40,0,0,19,9.50
03/06/2018 10:37:15,54 58.53373,-1 31.10137,301,0,482,951829,1144818,399.36,9.208,4167,4158,4160,9,0,90.6,32.6,84.6,29.2,none,none,79.0,26.1,4163,4167,4159,4160,4161,4160,4160,4159,4159,4160,4160,4160,4160,4161,4159,4160,4159,4161,4159,4161,4161,4159,4160,4161,4159,4163,4159,4161,4159,4161,4160,4161,4160,4159,4159,4161,4160,4160,4159,4160,4159,4158,4164,4163,4160,4161,4162,4159,4161,4160,4161,4163,4162,4160,4164,4160,4159,4159,4164,4160,4161,4160,4158,4160,4161,4164,4159,4159,4160,4160,4160,4159,4162,4160,4159,4159,4158,4159,4159,4159,4159,4159,4159,4159,4159,4158,4158,4161,4163,4164,4159,4158,4162,4161,4159,4160,1.44,SJNFAAZE1U0005576,117.67,14.32,8968.8515625,78,75,0,0,0,0,15.0,99.17,-154032,50,1528018635.236,3240,3,1,0,5,0,0,0,0,4,399.40,399.40,1F,1,1,1,0080,62,40,40,0,0,19,8.25
03/06/2018 10:37:18,54 58.53373,-1 31.10137,301,0,482,951767,1144818,399.36,9.665,4166,4158,4160,8,0,90.6,32.6,84.6,29.2,none,none,79.2,26.2,4164,4166,4160,4161,4162,4160,4159,4160,4159,4160,4159,4161,4160,4161,4159,4160,4159,4162,4159,4161,4161,4160,4160,4162,4160,4164,4159,4161,4160,4161,4161,4161,4161,4160,4159,4162,4160,4160,4158,4160,4160,4160,4165,4164,4162,4162,4162,4160,4162,4160,4162,4163,4162,4161,4165,4160,4160,4159,4165,4160,4162,4159,4160,4160,4162,4164,4159,4159,4160,4160,4160,4159,4163,4160,4160,4160,4159,4159,4160,4160,4159,4160,4161,4159,4160,4158,4160,4160,4164,4165,4159,4159,4162,4161,4160,4161,1.43,SJNFAAZE1U0005576,117.67,14.32,8968.8515625,78,75,0,0,0,0,15.0,99.17,-154032,50,1528018638.710,3240,3,1,0,5,0,0,0,0,4,399.41,399.41,1F,1,1,1,0080,62,40,40,0,0,19,8.25
03/06/2018 10:37:22,54 58.53373,-1 31.10137,301,0,482,951697,1144818,399.36,10.184,4166,4158,4160,8,0,90.8,32.7,84.8,29.3,none,none,79.2,26.2,4164,4166,4160,4160,4162,4160,4159,4160,4159,4160,4160,4160,4160,4162,4159,4160,4159,4161,4160,4162,4161,4159,4160,4160,4160,4162,4160,4161,4159,4161,4159,4161,4161,4161,4160,4163,4160,4160,4159,4160,4160,4160,4166,4164,4161,4162,4163,4159,4162,4159,4161,4163,4162,4161,4166,4159,4161,4159,4164,4159,4161,4158,4160,4160,4162,4163,4159,4160,4160,4160,4160,4159,4162,4161,4159,4160,4159,4158,4160,4160,4160,4160,4159,4159,4159,4159,4159,4159,4164,4163,4160,4159,4162,4161,4160,4160,1.38,SJNFAAZE1U0005576,117.67,14.32,8968.8515625,78,75,0,0,0,0,15.0,99.17,-154032,50,1528018642.140,3320,3,1,0,5,0,0,0,0,4,399.30,399.30,1F,1,1,1,0080,63,40,40,0,0,19,4.50
03/06/2018 10:37:25,54 58.53373,-1 31.10137,301,0,482,951659,1144818,399.46,5.515,4168,4159,4161,9,0,90.6,32.6,84.6,29.2,none,none,79.0,26.1,4164,4168,4159,4162,4162,4161,4160,4160,4159,4162,4160,4161,4161,4162,4161,4161,4160,4161,4160,4162,4162,4160,4160,4163,4160,4163,4160,4162,4160,4162,4160,4162,4161,4160,4159,4162,4160,4160,4160,4160,4161,4161,4166,4165,4162,4163,4163,4160,4162,4161,4163,4164,4163,4162,4165,4161,4160,4160,4165,4161,4162,4161,4160,4161,4163,4165,4161,4161,4161,4161,4161,4160,4162,4161,4160,4160,4160,4161,4160,4161,4160,4161,4160,4160,4159,4160,4159,4160,4164,4165,4160,4161,4163,4162,4161,4161,1.36,SJNFAAZE1U0005576,117.67,14.32,8968.8515625,78,75,0,0,0,0,15.0,99.17,-154032,50,1528018645.386,2400,3,1,0,5,0,0,0,0,4,399.54,399.54,1F,1,1,1,0080,63,40,40,0,0,19,2.25
03/06/2018 10:37:28,54 58.53373,-1 31.10137,301,0,482,951640,1144818,399.55,3.593,4169,4160,4162,9,0,90.4,32.4,84.6,29.2,none,none,79.0,26.1,4167,4169,4161,4163,4165,4162,4162,4161,4163,4162,4162,4162,4163,4163,4162,4162,4161,4162,4161,4163,4164,4161,4161,4163,4162,4165,4162,4162,4162,4163,4163,4164,4163,4162,4161,4163,4162,4161,4162,4161,4163,4161,4167,4166,4164,4164,4165,4160,4164,4162,4165,4165,4166,4163,4167,4162,4162,4160,4167,4162,4163,4161,4162,4162,4165,4166,4162,4163,4163,4163,4162,4162,4165,4162,4162,4161,4162,4162,4162,4162,4161,4162,4163,4162,4161,4161,4161,4162,4166,4167,4161,4163,4165,4164,4163,4161,1.31,SJNFAAZE1U0005576,117.67,14.32,8968.8515625,78,75,0,0,0,0,15.0,99.17,-154032,51,1528018648.744,2000,3,1,0,5,0,0,0,0,4,399.61,399.61,1F,1,1,1,0080,63,40,40,0,0,19,0.00
03/06/2018 10:37:32,54 58.53373,-1 31.10137,301,0,482,951632,1144818,399.65,2.921,4169,4161,4163,8,0,90.6,32.6,84.6,29.2,none,none,79.0,26.1,4167,4169,4162,4163,4165,4164,4163,4162,4162,4162,4162,4162,4164,4163,4162,4163,4162,4163,4162,4165,4164,4162,4162,4164,4163,4166,4162,4162,4163,4164,4164,4164,4164,4162,4163,4164,4163,4161,4163,4162,4162,4162,4169,4166,4166,4165,4166,4161,4166,4163,4165,4167,4164,4163,4168,4164,4162,4162,4168,4162,4162,4162,4163,4163,4165,4166,4163,4164,4164,4163,4164,4162,4163,4162,4162,4162,4161,4162,4163,4162,4162,4163,4163,4162,4161,4162,4162,4162,4166,4168,4162,4163,4166,4165,4164,4163,1.30,SJNFAAZE1U0005576,117.67,14.32,8968.8515625,78,75,0,0,0,0,15.0,99.17,-154032,51,1528018652.312,0,3,1,0,5,0,0,0,0,4,399.69,399.69,1F,1,1,1,0080,63,40,40,0,0,19,0.00
03/06/2018 10:37:36,54 58.53373,-1 31.10137,301,0,482,951622,1144818,399.65,3.654,4169,4161,4163,8,0,90.6,32.6,84.6,29.2,none,none,79.0,26.1,4168,4169,4162,4163,4165,4163,4162,4161,4162,4162,4162,4162,4163,4163,4162,4163,4163,4163,4163,4163,4164,4162,4163,4163,4163,4164,4162,4162,4162,4163,4164,4165,4163,4161,4162,4164,4163,4162,4162,4162,4163,4162,4169,4167,4164,4164,4165,4161,4165,4163,4165,4166,4167,4165,4168,4163,4162,4161,4167,4161,4163,4162,4163,4162,4165,4166,4163,4163,4164,4163,4162,4163,4165,4162,4163,4162,4162,4162,4163,4163,4162,4164,4162,4163,4162,4161,4162,4162,4167,4166,4163,4162,4166,4164,4163,4163,1.36,SJNFAAZE1U0005576,117.67,14.32,8968.8515625,78,75,0,0,0,0,15.0,99.17,-154032,51,1528018656.105,1000,4,1,0,5,0,0,0,0,4,399.67,399.67,1F,1,1,1,0080,63,40,40,0,0,19,4.25
03/06/2018 10:37:39,54 58.53373,-1 31.10137,301,0,482,951572,1144818,399.65,9.544,4168,4160,4163,8,0,90.4,32.4,84.6,29.2,none,none,79.0,26.1,4168,4168,4163,4163,4165,4163,4162,4161,4161,4162,4162,4162,4163,4164,4162,4162,4162,4163,4162,4164,4163,4162,4162,4162,4162,4165,4161,4162,4163,4164,4163,4163,4163,4162,4162,4163,4162,4162,4162,4161,4162,4162,4167,4166,4165,4163,4165,4160,4165,4163,4166,4166,4164,4164,4168,4162,4162,4162,4167,4161,4164,4162,4162,4162,4165,4166,4164,4163,4163,4163,4163,4161,4164,4163,4163,4163,4162,4162,4162,4162,4163,4162,4163,4162,4162,4162,4161,4163,4166,4167,4162,4163,4165,4163,4163,4163,1.25,SJNFAAZE1U0005576,117.67,14.32,8968.8515625,78,75,0,0,0,0,15.0,99.17,-154032,51,1528018659.717,3120,3,1,0,5,0,0,0,0,4,399.51,399.51,1F,1,1,1,0080,63,40,40,0,0,11,4.50
03/06/2018 10:37:43,54 58.53373,-1 31.10137,301,0,482,951524,1144818,399.26,12.015,4165,4158,4159,7,0,90.4,32.4,84.6,29.2,none,none,78.8,26.0,4162,4165,4159,4160,4161,4160,4158,4159,4159,4159,4159,4159,4160,4160,4158,4159,4159,4161,4159,4161,4160,4159,4160,4160,4159,4162,4159,4161,4159,4161,4160,4160,4160,4159,4159,4160,4159,4159,4159,4159,4159,4160,4164,4163,4160,4161,4160,4159,4160,4159,4161,4162,4162,4161,4164,4159,4159,4159,4164,4159,4160,4159,4159,4159,4162,4163,4159,4159,4160,4159,4159,4158,4161,4160,4159,4159,4158,4159,4159,4159,4159,4160,4159,4159,4159,4158,4158,4159,4163,4163,4159,4159,4162,4161,4159,4159,1.24,SJNFAAZE1U0005576,117.67,14.32,8968.8515625,78,75,0,0,0,0,15.0,99.17,-154032,51,1528018663.493,2600,3,1,0,5,0,0,0,0,4,399.32,399.32,1F,1,1,1,0080,63,40,40,0,0,19,9.75
03/06/2018 10:37:46,54 58.53373,-1 31.10137,301,0,481,951453,1144818,399.36,9.208,4167,4159,4160,8,0,90.6,32.6,84.6,29.2,none,none,79.0,26.1,4164,4167,4159,4161,4162,4160,4161,4160,4159,4160,4160,4160,4160,4162,4159,4160,4160,4161,4160,4162,4161,4160,4160,4162,4160,4163,4160,4161,4160,4161,4161,4161,4162,4160,4159,4162,4161,4161,4160,4159,4160,4161,4166,4164,4161,4161,4163,4160,4162,4160,4163,4164,4163,4160,4165,4160,4160,4160,4164,4160,4162,4159,4160,4160,4162,4164,4160,4161,4161,4161,4160,4159,4162,4161,4160,4160,4160,4160,4159,4160,4159,4160,4160,4160,4159,4160,4160,4160,4164,4165,4159,4160,4162,4161,4159,4161,1.21,SJNFAAZE1U0005576,117.67,14.32,8968.8515625,78,75,0,0,0,0,15.0,99.17,-154032,51,1528018666.969,3480,3,1,0,5,0,0,0,0,4,399.46,399.46,1F,1,1,1,0080,63,40,40,0,0,19,6.75
03/06/2018 10:37:50,54 58.53373,-1 31.10137,301,0,481,951346,1144818,398.98,25.199,4161,4154,4156,7,0,90.4,32.4,84.6,29.2,none,none,79.0,26.1,4160,4161,4154,4156,4158,4157,4155,4155,4155,4155,4155,4156,4156,4157,4155,4157,4155,4155,4155,4158,4158,4157,4155,4158,4155,4158,4156,4156,4156,4157,4156,4157,4157,4156,4155,4157,4156,4155,4156,4155,4156,4155,4161,4160,4157,4158,4159,4155,4157,4155,4157,4157,4159,4157,4160,4155,4154,4154,4160,4155,4157,4156,4155,4156,4157,4159,4156,4156,4156,4156,4156,4155,4157,4155,4156,4156,4156,4156,4156,4156,4155,4156,4155,4157,4154,4155,4154,4156,4159,4160,4155,4155,4158,4157,4155,4155,1.26,SJNFAAZE1U0005576,117.67,14.32,8968.8515625,78,75,0,0,0,0,15.0,99.17,-154032,51,1528018670.886,7640,4,1,0,5,0,0,0,0,4,398.82,398.82,1F,1,1,1,0080,63,40,40,0,0,19,15.00
03/06/2018 10:37:54,54 58.53373,-1 31.10137,301,0,481,951257,1144818,399.46,2.891,4168,4160,4161,8,0,90.6,32.6,84.6,29.2,none,none,79.0,26.1,4166,4168,4161,4161,4163,4161,4161,4161,4160,4161,4160,4161,4161,4162,4160,4161,4161,4163,4161,4163,4162,4161,4161,4162,4162,4165,4161,4162,4161,4161,4162,4162,4162,4161,4161,4161,4162,4160,4161,4160,4161,4161,4167,4166,4162,4162,4164,4160,4164,4161,4164,4164,4163,4163,4166,4162,4161,4160,4166,4160,4163,4161,4161,4161,4164,4165,4161,4162,4161,4161,4161,4161,4163,4161,4161,4160,4160,4161,4162,4161,4161,4161,4161,4161,4160,4160,4161,4161,4166,4165,4161,4162,4164,4162,4162,4161,1.13,SJNFAAZE1U0005576,117.67,14.32,8968.8515625,78,75,0,0,0,0,15.0,99.17,-154032,51,1528018674.607,2120,3,1,0,5,0,0,0,0,4,399.55,399.55,1F,1,1,1,0080,63,40,40,0,0,19,0.00
03/06/2018 10:37:58,54 58.53373,-1 31.10137,301,0,481,951218,1144818,399.07,15.189,4163,4155,4157,8,0,90.4,32.4,84.6,29.2,none,none,79.0,26.1,4160,4163,4156,4157,4159,4158,4156,4157,4157,4158,4157,4158,4158,4157,4157,4158,4157,4159,4157,4159,4159,4157,4156,4158,4157,4160,4156,4156,4157,4159,4158,4158,4158,4157,4156,4159,4156,4156,4156,4156,4157,4157,4162,4161,4159,4158,4160,4157,4159,4157,4159,4159,4159,4158,4161,4156,4156,4156,4162,4156,4157,4156,4158,4158,4159,4161,4157,4157,4158,4157,4157,4157,4158,4157,4157,4155,4156,4156,4156,4156,4157,4157,4157,4156,4156,4155,4156,4155,4161,4161,4156,4157,4158,4158,4158,4157,1.11,SJNFAAZE1U0005576,117.67,14.32,8968.8515625,78,75,0,0,0,0,15.0,99.17,-154032,51,1528018678.142,3920,3,1,0,5,0,0,0,0,4,399.17,399.17,1F,1,1,1,0080,63,40,40,0,0,19,20.75
03/06/2018 10:38:01,54 58.53373,-1 31.10137,301,0,481,951094,1144818,399.07,11.435,4163,4155,4157,8,0,90.6,32.6,84.6,29.2,none,none,79.0,26.1,4160,4163,4157,4159,4160,4158,4157,4157,4157,4158,4157,4158,4158,4158,4157,4158,4156,4158,4157,4158,4159,4158,4158,4159,4159,4161,4157,4158,4158,4159,4157,4159,4158,4157,4158,4159,4157,4157,4157,4157,4158,4158,4162,4162,4159,4159,4160,4156,4158,4157,4159,4161,4159,4159,4160,4158,4157,4156,4162,4157,4158,4157,4156,4158,4159,4162,4157,4157,4155,4158,4156,4157,4159,4157,4157,4157,4157,4158,4155,4158,4156,4158,4157,4157,4155,4155,4155,4157,4160,4162,4156,4156,4159,4158,4157,4158,1.07,SJNFAAZE1U0005576,117.67,14.32,8968.8515625,78,75,0,0,0,0,15.0,99.17,-154032,51,1528018681.824,4760,3,1,0,5,0,0,0,0,4,399.15,399.15,1F,1,1,1,0080,63,40,40,0,0,19,14.00
03/06/2018 10:38:05,54 58.53373,-1 31.10137,301,0,481,951063,1144818,400.22,-19.782,4176,4167,4169,9,0,90.6,32.6,84.6,29.2,none,none,78.8,26.0,4175,4176,4168,4170,4172,4169,4168,4167,4168,4168,4168,4169,4169,4169,4168,4169,4168,4170,4168,4170,4170,4167,4168,4169,4168,4171,4167,4169,4168,4169,4169,4170,4168,4169,4168,4169,4168,4168,4169,4168,4170,4168,4175,4173,4171,4170,4172,4168,4173,4170,4173,4172,4172,4172,4175,4170,4169,4168,4174,4169,4171,4170,4170,4170,4171,4173,4169,4169,4170,4170,4170,4168,4170,4169,4170,4169,4169,4170,4169,4168,4170,4169,4168,4168,4169,4169,4169,4168,4176,4174,4170,4170,4173,4171,4169,4169,1.05,SJNFAAZE1U0005576,117.67,14.32,8968.8515625,78,75,0,0,0,0,15.0,99.17,-154032,51,1528018685.688,0,3,1,0,5,0,0,0,0,4,400.23,400.23,1F,1,1,1,0080,63,40,40,0,0,11,-28.75
03/06/2018 10:38:09,54 58.53373,-1 31.10137,301,0,481,951276,1144818,400.51,-19.446,4179,4170,4172,9,0,90.4,32.4,84.6,29.2,none,none,78.8,26.0,4179,4179,4172,4173,4175,4173,4170,4171,4171,4173,4170,4171,4172,4172,4171,4171,4171,4172,4171,4172,4173,4171,4170,4172,4171,4174,4170,4172,4171,4172,4171,4172,4172,4171,4172,4173,4171,4172,4170,4171,4172,4172,4176,4175,4174,4174,4175,4171,4175,4172,4175,4175,4176,4175,4178,4172,4171,4171,4177,4172,4173,4173,4173,4171,4174,4176,4173,4172,4173,4173,4173,4171,4172,4173,4173,4171,4171,4172,4171,4172,4173,4172,4172,4173,4171,4171,4172,4170,4177,4178,4173,4172,4175,4174,4173,4172,1.06,SJNFAAZE1U0005576,117.67,14.32,8968.8515625,78,75,0,0,0,0,15.0,99.17,-154041,51,1528018689.375,0,3,1,0,5,0,0,0,0,4,400.58,400.58,1F,1,1,1,0080,63,40,40,0,0,19,-35.00
03/06/2018 10:38:13,54 58.53373,-1 31.10137,301,0,482,951477,1144818,400.70,-18.164,4180,4172,4174,8,0,90.4,32.4,84.6,29.2,none,none,78.8,26.0,4179,4180,4174,4174,4177,4175,4173,4172,4173,4172,4173,4172,4174,4173,4173,4173,4173,4173,4173,4173,4173,4172,4173,4174,4173,4175,4173,4173,4172,4174,4172,4172,4174,4172,4172,4174,4173,4172,4173,4172,4174,4172,4178,4177,4175,4175,4177,4172,4177,4174,4178,4177,4176,4175,4179,4173,4172,4172,4179,4172,4175,4173,4174,4174,4177,4178,4175,4174,4174,4174,4173,4172,4175,4173,4175,4173,4173,4173,4172,4173,4173,4173,4174,4173,4173,4173,4173,4173,4178,4178,4174,4174,4176,4174,4175,4174,1.00,SJNFAAZE1U0005576,117.67,14.32,8968.8515625,78,75,0,0,0,0,15.0,99.17,-154049,51,1528018693.362,0,4,1,0,5,0,0,0,0,4,400.67,400.67,1F,1,1,1,0080,63,40,40,0,0,19,-42.75
03/06/2018 10:38:17,54 58.53373,-1 31.10137,301,0,482,951684,1144818,400.70,-18.805,4180,4172,4174,8,0,90.4,32.4,84.6,29.2,none,none,78.8,26.0,4180,4180,4174,4174,4177,4175,4174,4173,4174,4174,4173,4173,4174,4175,4173,4172,4172,4174,4173,4175,4174,4173,4173,4174,4173,4175,4173,4174,4173,4175,4174,4174,4175,4173,4172,4174,4174,4173,4173,4173,4175,4173,4179,4177,4176,4176,4178,4174,4177,4175,4178,4177,4178,4176,4179,4175,4174,4172,4179,4174,4176,4173,4173,4174,4177,4179,4175,4175,4174,4174,4174,4173,4173,4173,4174,4174,4173,4173,4173,4174,4174,4175,4174,4175,4173,4173,4173,4172,4178,4180,4174,4175,4176,4176,4174,4175,0.99,SJNFAAZE1U0005576,117.67,14.32,8968.8515625,78,75,0,0,0,0,15.0,99.17,-154058,51,1528018697.074,0,4,1,0,5,0,0,0,0,4,400.83,400.83,1F,1,1,1,0080,63,40,40,0,0,19,47.00
03/06/2018 10:38:20,54 58.53373,-1 31.10137,301,0,482,951513,1144818,398.30,41.495,4155,4146,4149,9,0,90.4,32.4,84.6,29.2,none,none,79.0,26.1,4152,4155,4147,4149,4150,4150,4148,4149,4148,4150,4148,4150,4149,4149,4148,4150,4148,4150,4148,4151,4151,4150,4149,4151,4148,4152,4148,4150,4148,4151,4149,4151,4149,4149,4149,4151,4149,4150,4148,4148,4149,4150,4153,4153,4150,4150,4151,4148,4148,4147,4149,4151,4149,4149,4153,4148,4148,4147,4152,4147,4147,4146,4147,4148,4150,4152,4148,4150,4150,4149,4149,4148,4151,4146,4148,4149,4147,4150,4149,4148,4149,4149,4148,4149,4147,4147,4147,4147,4151,4152,4147,4149,4150,4149,4147,4147,0.94,SJNFAAZE1U0005576,117.67,14.32,8968.8515625,78,75,0,0,0,0,15.0,99.17,-154058,51,1528018700.779,14400,3,1,0,5,0,0,0,0,4,398.44,398.44,1F,1,1,1,0080,63,40,40,0,0,19,72.75
03/06/2018 10:38:24,54 58.53373,-1 31.10137,301,0,481,951147,1144818,397.44,56.510,4145,4137,4140,8,0,90.4,32.4,84.6,29.2,none,none,79.0,26.1,4143,4145,4140,4140,4142,4141,4140,4139,4140,4141,4141,4141,4141,4141,4140,4142,4141,4142,4140,4142,4142,4141,4140,4142,4142,4144,4140,4142,4141,4143,4140,4142,4142,4141,4141,4142,4141,4141,4141,4141,4141,4140,4144,4144,4140,4141,4142,4138,4140,4137,4140,4142,4140,4138,4143,4139,4139,4138,4143,4137,4138,4138,4139,4139,4143,4144,4140,4140,4141,4140,4139,4140,4144,4139,4139,4139,4138,4139,4141,4139,4139,4140,4139,4139,4138,4138,4139,4140,4143,4142,4138,4139,4141,4140,4138,4138,0.91,SJNFAAZE1U0005576,117.67,14.32,8968.8515625,78,75,0,0,0,0,15.0,99.17,-154058,51,1528018704.697,19080,3,1,0,5,0,0,0,0,4,397.50,397.50,1F,1,1,1,0080,64,40,40,0,0,11,64.25
03/06/2018 10:38:28,54 58.53373,-1 31.10137,301,0,481,950784,1144818,397.63,42.991,4148,4134,4142,14,0,90.4,32.4,84.6,29.2,none,none,79.0,26.1,-4145,4148,4141,4142,-4145,4141,-4143,4142,-4142,4143,-4142,4143,-4143,4144,-4142,4143,-4142,4143,-4142,4144,-4143,4142,-4142,4143,-4143,4145,-4142,4142,-4143,4144,-4143,4144,-4144,4142,-4142,4143,-4142,4141,-4143,4142,-4142,4141,-4146,4146,-4143,4142,-4143,4141,-4142,4140,-4143,4143,-4143,4141,-4144,4140,-4140,4140,-4145,4140,-4142,4140,-4143,4138,-4146,4142,-4144,4140,-4143,4139,-4144,4138,4148,4138,4144,4137,4145,4135,4147,4135,4146,4134,4144,4140,4140,4141,4140,4142,4143,4144,4140,4140,4142,4141,4140,4140,0.93,SJNFAAZE1U0005576,117.67,14.32,8970.4609375,78,75,0,0,0,0,15.0,99.17,-154058,51,1528018708.355,14320,3,1,0,5,0,0,0,0,4,397.69,397.69,1F,1,1,1,0080,64,40,40,0,0,11,45.00
03/06/2018 10:38:32,54 58.53373,-1 31.10137,301,0,481,950436,1144818,396.96,54.252,4145,4127,4135,18,0,90.4,32.4,84.6,29.2,none,none,79.0,26.1,4140,4138,4139,4132,4140,4134,4139,4133,4138,4133,4138,4134,4140,4134,4139,4133,4139,4134,4139,4133,4140,4133,4140,4135,4139,4135,4140,4133,4139,4135,4139,4136,4139,4134,4138,4136,4139,4134,4138,4134,4139,4134,4142,4138,4138,4134,4138,4132,4137,4128,4138,4132,4139,4131,4141,4131,4139,4130,4142,4130,4140,4128,4140,4128,4142,4132,4140,4130,4140,4130,4139,4130,4145,4127,4141,4127,4142,4127,4142,4128,4138,4136,4133,4134,4132,4134,4133,4136,4139,4134,4137,4128,4140,4131,4138,4129,0.89,SJNFAAZE1U0005576,117.67,14.32,8970.4609375,78,75,0,0,0,0,15.0,99.17,-154058,51,1528018712.438,16480,3,1,0,5,0,0,0,0,4,397.15,397.15,1F,1,1,1,0080,64,40,40,0,0,11,53.75
03/06/2018 10:38:36,54 58.53373,-1 31.10137,301,0,481,949968,1144818,396.29,63.682,4138,4119,4128,19,0,90.6,32.6,84.6,29.2,none,none,79.0,26.1,-4132,4128,-4130,4124,-4132,4125,-4131,4125,-4131,4127,-4131,4127,-4132,4126,-4132,4125,-4132,4126,-4132,4127,-4132,4126,-4132,4128,-4133,4128,-4133,4125,-4133,4128,-4132,4128,-4132,4126,-4130,4128,-4131,4126,-4131,4126,-4132,4125,-4135,4129,-4131,4125,-4131,4124,-4128,4120,-4131,4124,-4131,4123,-4133,4123,-4131,4123,-4135,4121,-4130,4120,-4132,4122,-4135,4123,-4132,4123,-4133,4122,-4133,4122,-4138,4119,-4134,4119,-4134,4119,-4135,4119,-4135,4120,-4134,4121,-4130,4121,-4133,4122,-4134,4125,-4129,4122,-4132,4122,-4130,4122,0.87,SJNFAAZE1U0005576,117.67,14.32,8970.4609375,78,75,0,0,0,0,15.0,99.17,-154058,51,1528018716.344,19720,3,1,0,5,0,0,0,0,4,396.44,396.44,1F,1,1,1,0080,64,40,40,0,0,19,51.25
03/06/2018 10:38:40,54 58.53373,-1 31.10137,301,0,481,949635,1144818,398.98,4.661,4164,4151,4156,13,0,90.4,32.4,84.6,29.2,none,none,79.0,26.1,-4163,4157,-4158,4153,-4161,4153,-4158,4153,-4157,4153,-4158,4154,-4159,4153,-4159,4153,-4159,4154,-4158,4154,-4160,4151,-4157,4157,-4155,4159,-4155,4156,-4156,4157,-4155,4157,-4156,4156,-4155,4157,-4156,4156,-4155,4155,-4156,4155,-4160,4159,-4156,4156,-4158,4154,-4158,4157,-4158,4160,-4159,4157,-4161,4156,-4156,4155,-4161,4157,-4157,4155,-4156,4156,-4159,4160,-4155,4156,-4155,4156,-4157,4155,-4158,4157,-4158,4152,-4159,4152,-4159,4153,-4159,4154,-4159,4153,-4158,4154,-4158,4154,-4164,4156,-4160,4152,-4163,4153,-4161,4152,0.86,SJNFAAZE1U0005576,117.67,14.32,8970.4609375,78,75,0,0,0,0,15.0,99.17,-154058,51,1528018720.127,6640,3,1,0,5,0,0,0,0,4,398.37,398.37,1F,1,1,1,0080,64,40,40,0,0,19,-18.25
03/06/2018 10:38:43,54 58.53373,-1 31.10137,301,0,481,949835,1144818,399.94,-26.374,4172,4163,4166,9,0,90.6,32.6,84.6,29.2,none,none,79.0,26.1,4171,4172,4165,4166,4168,4166,4165,4165,4165,4164,4164,4165,4166,4167,4164,4166,4164,4166,4165,4167,4167,4165,4164,4166,4165,4169,4165,4165,4165,4167,4164,4166,4166,4165,4165,4167,4166,4164,4165,4164,4167,4166,4170,4169,4167,4167,4168,4165,4168,4167,4169,4170,4169,4167,4171,4165,4164,4164,4170,4166,4167,4165,4165,4166,4167,4170,4166,4166,4167,4165,4166,4165,4166,4166,4167,4166,4166,4163,4167,4164,4166,4166,4166,4165,4165,4165,4166,4164,4172,4171,4166,4166,4168,4167,4167,4166,0.80,SJNFAAZE1U0005576,117.67,14.32,8970.4609375,78,75,0,0,0,0,15.0,99.17,-154066,51,1528018723.863,0,3,1,0,5,0,0,0,0,4,400.00,400.00,1F,1,1,1,0080,64,40,40,0,0,19,-38.00
03/06/2018 10:38:47,54 58.53373,-1 31.10137,301,0,481,950080,1144818,400.03,-22.559,4174,4165,4167,9,0,90.6,32.6,84.6,29.2,none,none,79.0,26.1,4173,4173,4167,4167,4171,4168,4168,4166,4167,4165,4167,4166,4167,4167,4166,4166,4166,4166,4166,4167,4168,4166,4165,4168,4168,4170,4167,4168,4167,4167,4168,4167,4168,4165,4167,4167,4167,4167,4168,4166,4168,4166,4173,4170,4169,4168,4171,4166,4171,4168,4171,4170,4172,4169,4173,4168,4166,4165,4174,4166,4169,4166,4167,4167,4170,4171,4168,4166,4168,4168,4168,4166,4167,4168,4169,4167,4166,4167,4168,4166,4167,4167,4168,4166,4167,4166,4167,4168,4173,4173,4166,4167,4169,4169,4169,4167,0.80,SJNFAAZE1U0005576,117.67,14.32,8970.4609375,78,75,0,0,0,0,15.0,99.17,-154076,51,1528018727.404,0,3,1,0,5,0,0,0,0,4,400.14,400.14,1F,1,1,1,0080,65,40,40,0,0,19,19.50
03/06/2018 10:38:51,54 58.53373,-1 31.10137,301,0,481,950069,1144818,399.55,-1.502,4168,4160,4162,8,0,90.6,32.6,84.6,29.2,none,none,79.0,26.1,4167,4168,4161,4163,4165,4162,4161,4162,4163,4161,4161,4161,4162,4163,4162,4162,4161,4163,4161,4163,4164,4161,4162,4162,4162,4164,4162,4162,4161,4163,4162,4163,4163,4161,4161,4163,4162,4162,4162,4161,4162,4162,4167,4166,4165,4163,4167,4162,4164,4162,4166,4166,4166,4164,4167,4162,4161,4161,4167,4162,4162,4161,4162,4162,4165,4166,4163,4162,4163,4162,4163,4161,4162,4161,4164,4162,4162,4162,4162,4161,4162,4162,4162,4161,4160,4162,4161,4160,4167,4167,4162,4162,4164,4163,4163,4161,0.77,SJNFAAZE1U0005576,117.67,14.32,8970.4609375,78,75,0,0,0,0,15.0,99.17,-154076,51,1528018731.105,1880,3,1,0,5,0,0,0,0,4,399.28,399.28,1F,1,1,1,0080,65,40,40,0,0,19,-17.00
03/06/2018 10:38:54,54 58.53373,-1 31.10137,301,0,481,950004,1144818,397.63,43.662,4148,4139,4142,9,0,90.6,32.6,84.6,29.2,none,none,79.0,26.1,4145,4148,4141,4143,4144,4143,4142,4142,4142,4142,4142,4144,4144,4144,4142,4144,4142,4143,4142,4145,4143,4143,4142,4144,4143,4146,4143,4144,4142,4145,4142,4145,4143,4142,4142,4145,4143,4143,4142,4143,4143,4142,4146,4147,4143,4144,4143,4142,4143,4141,4142,4143,4142,4141,4145,4141,4140,4140,4146,4141,4143,4141,4141,4142,4143,4145,4141,4142,4141,4142,4140,4142,4147,4142,4141,4141,4141,4141,4141,4141,4140,4142,4140,4140,4140,4141,4140,4141,4144,4145,4139,4139,4142,4142,4140,4140,0.74,SJNFAAZE1U0005576,117.67,14.32,8970.4609375,78,75,0,0,0,0,15.0,99.17,-154076,51,1528018734.846,11400,3,1,0,5,0,0,0,0,4,397.78,397.78,1F,1,1,1,0080,65,40,40,0,0,11,60.75
03/06/2018 10:38:58,54 58.53373,-1 31.10137,301,0,481,949748,1144818,398.02,28.922,4154,4141,4146,13,0,90.6,32.6,84.6,29.2,none,none,79.0,26.1,4149,4152,4145,4147,4149,4147,4146,4147,4145,4147,4145,4147,4146,4147,4145,4147,4146,4148,4146,4148,4147,4148,4146,4148,4147,4149,4145,4148,4146,4147,4146,4148,4147,4147,4145,4147,4147,4147,4146,4148,4144,4148,4149,4154,4144,4150,4145,4146,4141,4150,4143,4150,4148,4145,4148,4147,4147,4144,4149,4144,4147,4145,4145,4147,4148,4150,4146,4147,4146,4146,4144,4146,4149,4145,4145,4146,4145,4146,4145,4145,4145,4146,4145,4145,4144,4145,4144,4145,4148,4149,4144,4146,4147,4146,4144,4145,0.77,SJNFAAZE1U0005576,117.67,14.32,8970.4609375,78,75,0,0,0,0,15.0,99.17,-154076,51,1528018738.288,10520,3,1,0,5,0,0,0,0,4,397.99,397.99,1F,1,1,1,0080,65,40,40,0,0,19,27.00
03/06/2018 10:39:01,54 58.53373,-1 31.10137,301,0,481,949576,1144818,397.92,27.183,4151,4143,4145,8,0,90.8,32.7,84.8,29.3,none,none,79.2,26.2,4148,4151,4144,4146,4147,4147,4145,4146,4145,4146,4145,4147,4146,4146,4145,4147,4144,4147,4146,4147,4147,4146,4146,4148,4147,4149,4145,4147,4146,4147,4147,4147,4145,4145,4146,4148,4146,4145,4145,4145,4146,4146,4151,4150,4146,4146,4147,4145,4146,4144,4145,4148,4147,4144,4148,4145,4145,4143,4148,4144,4145,4144,4144,4146,4147,4148,4145,4145,4145,4146,4144,4144,4149,4146,4144,4144,4145,4144,4144,4144,4145,4144,4144,4145,4143,4144,4143,4145,4147,4148,4143,4145,4145,4146,4144,4144,0.74,SJNFAAZE1U0005576,117.67,14.32,8970.4609375,78,75,0,0,0,0,15.0,99.17,-154076,51,1528018741.708,8680,3,1,0,5,0,0,0,0,4,398.00,398.00,1F,1,1,1,0080,65,40,40,0,0,19,21.00
03/06/2018 10:39:05,54 58.53373,-1 31.10137,301,0,480,949477,1144818,398.78,3.196,4159,4153,4154,6,0,90.6,32.6,84.6,29.2,none,none,79.0,26.1,4158,4159,4154,4155,4157,4155,4155,4155,4154,4155,4154,4154,4156,4154,4153,4154,4153,4156,4154,4155,4155,4155,4155,4155,4155,4157,4154,4155,4154,4155,4155,4155,4156,4154,4154,4156,4154,4154,4155,4153,4154,4154,4159,4158,4155,4155,4157,4153,4155,4153,4156,4158,4156,4155,4158,4153,4154,4153,4159,4153,4155,4153,4154,4154,4156,4158,4154,4154,4155,4153,4154,4154,4157,4154,4153,4153,4153,4153,4154,4153,4154,4154,4154,4154,4153,4153,4153,4154,4158,4158,4154,4154,4156,4157,4155,4154,0.71,SJNFAAZE1U0005576,117.67,14.32,8970.4609375,78,75,0,0,0,0,15.0,99.17,-154076,51,1528018745.495,0,3,1,0,5,0,0,0,0,4,398.84,398.84,1F,1,1,1,0080,65,40,40,0,0,19,-14.50
03/06/2018 10:39:09,54 58.53373,-1 31.10137,301,0,481,949640,1144818,400.03,-23.658,4173,4164,4167,9,0,90.6,32.6,84.6,29.2,none,none,79.0,26.1,4172,4173,4166,4167,4171,4167,4166,4166,4167,4165,4166,4166,4167,4166,4166,4167,4166,4166,4166,4167,4168,4165,4167,4167,4166,4169,4166,4167,4166,4166,4166,4167,4168,4165,4166,4167,4167,4165,4167,4165,4167,4166,4173,4171,4169,4168,4171,4165,4170,4167,4171,4170,4170,4169,4172,4167,4166,4165,4172,4166,4168,4166,4166,4166,4169,4171,4168,4167,4167,4167,4167,4166,4165,4166,4168,4166,4167,4166,4166,4166,4166,4166,4166,4165,4166,4164,4166,4167,4171,4171,4167,4167,4169,4168,4168,4167,0.71,SJNFAAZE1U0005576,117.67,14.32,8970.4609375,78,75,0,0,0,0,15.0,99.17,-154083,51,1528018749.581,0,4,1,0,5,0,0,0,0,4,400.07,400.07,1F,1,1,1,0080,65,40,40,0,0,19,-28.25
03/06/2018 10:39:13,54 58.53373,-1 31.10137,301,0,481,949878,1144818,400.13,-20.576,4175,4166,4168,9,0,90.6,32.6,84.8,29.3,none,none,79.0,26.1,4174,4175,4168,4169,4171,4169,4167,4168,4168,4168,4167,4168,4169,4169,4167,4168,4167,4168,4166,4169,4169,4167,4167,4168,4167,4171,4167,4167,4167,4168,4168,4168,4169,4167,4167,4169,4167,4167,4167,4167,4168,4167,4173,4172,4169,4170,4171,4167,4172,4168,4172,4172,4172,4171,4174,4169,4168,4167,4173,4168,4169,4168,4169,4168,4171,4172,4169,4168,4169,4169,4168,4168,4169,4168,4169,4168,4168,4167,4169,4169,4169,4168,4168,4168,4168,4168,4168,4167,4174,4174,4168,4168,4171,4170,4169,4169,0.71,SJNFAAZE1U0005576,117.67,14.32,8970.4609375,78,75,0,0,0,0,15.0,99.17,-154093,51,1528018753.455,0,4,1,0,5,0,0,0,0,4,400.20,400.20,1F,1,1,1,0080,65,40,40,0,0,19,-40.00
03/06/2018 10:39:17,54 58.53373,-1 31.10137,301,0,481,950102,1144818,399.84,-13.831,4171,4163,4165,8,0,90.6,32.6,84.6,29.2,none,none,78.8,26.0,4170,4171,4164,4165,4168,4165,4165,4164,4166,4164,4166,4164,4167,4165,4165,4165,4164,4166,4164,4166,4167,4165,4165,4165,4166,4167,4165,4165,4165,4166,4164,4166,4167,4165,4165,4167,4165,4164,4164,4164,4166,4165,4171,4168,4168,4167,4168,4164,4168,4165,4168,4168,4167,4165,4169,4165,4164,4164,4170,4164,4166,4164,4165,4164,4167,4167,4165,4165,4165,4165,4166,4164,4167,4164,4166,4163,4164,4164,4165,4165,4164,4165,4166,4165,4165,4164,4164,4164,4169,4170,4166,4165,4168,4166,4165,4166,0.62,SJNFAAZE1U0005576,117.67,14.32,8970.4609375,78,75,0,0,0,0,15.0,99.17,-154102,51,1528018757.511,0,3,1,0,5,0,0,0,0,4,400.13,400.13,1F,1,1,1,0080,65,40,40,0,0,19,81.00
03/06/2018 10:39:21,54 58.53373,-1 31.10137,301,0,481,949860,1144818,397.82,47.355,4150,4141,4144,9,0,90.6,32.6,84.6,29.2,none,none,79.0,26.1,4148,4149,4143,4144,4146,4145,4143,4144,4144,4145,4145,4145,4145,4146,4144,4145,4144,4146,4145,4146,4146,4144,4144,4146,4144,4147,4144,4145,4144,4146,4146,4145,4145,4143,4144,4146,4145,4145,4144,4143,4145,4144,4150,4148,4145,4145,4146,4144,4145,4143,4144,4146,4145,4144,4147,4143,4143,4141,4147,4142,4143,4143,4144,4143,4146,4147,4144,4144,4145,4144,4143,4143,4147,4143,4143,4143,4142,4143,4142,4143,4143,4144,4143,4143,4141,4143,4142,4144,4146,4146,4141,4142,4143,4143,4141,4142,0.65,SJNFAAZE1U0005576,117.67,14.32,8970.4609375,78,75,0,0,0,0,15.0,99.17,-154102,51,1528018761.527,16640,4,1,0,5,0,0,0,0,4,397.57,397.57,1F,1,1,1,0080,65,40,40,0,0,19,54.50
03/06/2018 10:39:25,54 58.53373,-1 31.10137,301,0,481,949576,1144818,397.73,36.918,4148,4140,4143,8,0,90.6,32.6,84.6,29.2,none,none,79.0,26.1,4145,4147,4142,4143,4144,4143,4142,4143,4142,4143,4142,4144,4144,4145,4142,4143,4143,4144,4143,4145,4144,4143,4143,4144,4144,4145,4143,4144,4143,4144,4143,4144,4145,4143,4144,4145,4143,4143,4142,4144,4143,4141,4148,4147,4144,4144,4145,4142,4142,4141,4144,4144,4144,4142,4146,4142,4142,4141,4146,4141,4142,4141,4141,4142,4145,4145,4142,4144,4143,4143,4142,4142,4145,4141,4141,4141,4141,4142,4141,4143,4141,4142,4141,4142,4140,4142,4141,4142,4144,4146,4141,4142,4142,4143,4141,4142,0.64,SJNFAAZE1U0005576,117.68,14.32,8970.4609375,78,75,0,0,0,0,15.0,99.17,-154102,51,1528018765.511,11120,3,1,0,5,0,0,0,0,4,397.74,397.74,1F,1,1,1,0080,65,40,40,0,0,11,44.25
03/06/2018 10:39:29,54 58.53373,-1 31.10137,301,0,480,949286,1144818,397.73,38.932,4151,4134,4143,17,0,90.6,32.6,84.8,29.3,none,none,79.0,26.1,4145,4148,4143,4143,4145,4143,4143,4142,4143,4143,4143,4142,4144,4144,4143,4143,4143,4144,4143,4144,4145,4142,4144,4145,4143,4146,4143,4143,4144,4144,4143,4144,4144,4143,4143,4144,4143,4142,4142,4143,4143,4143,4148,4147,4144,4143,4145,4142,4143,4140,4144,4145,4143,4143,4146,4142,4142,4141,4147,4143,4137,4147,4136,4148,4138,4151,4137,4148,4137,4149,4136,4147,4140,4149,4134,4145,4141,4142,4142,4142,4141,4142,4141,4142,4142,4141,4142,4143,4145,4146,4141,4141,4144,4142,4142,4141,0.63,SJNFAAZE1U0005576,117.68,14.32,8970.4609375,78,75,0,0,0,0,15.0,99.17,-154102,51,1528018769.506,11880,3,1,0,5,0,0,0,0,4,397.46,397.46,1F,1,1,1,0080,66,40,40,0,0,19,18.50
03/06/2018 10:39:33,54 58.53373,-1 31.10137,301,0,480,949140,1144818,398.11,17.692,4153,4145,4147,8,0,90.6,32.6,84.8,29.3,none,none,79.0,26.1,4150,4153,4148,4149,4150,4148,4148,4147,4148,4148,4148,4148,4149,4149,4147,4148,4148,4149,4147,4150,4149,4148,4147,4149,4149,4150,4148,4148,4147,4149,4148,4149,4149,4147,4147,4149,4148,4148,4147,4148,4148,4148,4153,4152,4149,4149,4150,4147,4148,4146,4149,4150,4149,4147,4150,4147,4147,4146,4151,4147,4147,4147,4146,4147,4150,4151,4148,4148,4147,4147,4147,4147,4149,4147,4147,4146,4146,4146,4147,4147,4146,4147,4147,4146,4145,4146,4145,4147,4149,4151,4145,4146,4148,4148,4147,4147,0.61,SJNFAAZE1U0005576,117.68,14.32,8970.4609375,78,75,0,0,0,0,15.0,99.17,-154102,51,1528018773.317,4800,3,1,0,5,0,0,0,0,4,398.22,398.22,1F,1,1,1,0080,66,40,40,0,0,19,18.25
03/06/2018 10:39:37,54 58.53373,-1 31.10137,301,0,480,948993,1144818,397.92,24.680,4150,4142,4145,8,0,90.6,32.6,84.6,29.2,none,none,79.0,26.1,4148,4150,4145,4145,4147,4145,4144,4144,4145,4145,4145,4145,4146,4146,4144,4146,4145,4146,4144,4147,4146,4145,4145,4147,4145,4148,4144,4145,4145,4147,4146,4145,4146,4145,4145,4145,4146,4145,4145,4144,4146,4145,4150,4149,4146,4145,4146,4144,4145,4144,4146,4147,4146,4146,4147,4143,4143,4143,4149,4144,4143,4144,4144,4144,4147,4149,4144,4143,4145,4146,4143,4144,4146,4144,4143,4143,4143,4145,4144,4145,4144,4145,4144,4144,4142,4143,4144,4144,4146,4149,4144,4144,4146,4145,4144,4144,0.59,SJNFAAZE1U0005576,117.68,14.32,8970.4609375,78,75,0,0,0,0,15.0,99.17,-154102,51,1528018777.000,6960,3,1,0,5,0,0,0,0,4,397.96,397.96,1F,1,1,1,0080,66,40,40,0,0,19,23.75
03/06/2018 10:39:40,54 58.53373,-1 31.10137,301,0,480,948827,1144818,398.59,8.445,4157,4150,4152,7,0,90.6,32.6,84.8,29.3,none,none,79.0,26.1,4156,4157,4152,4152,4154,4152,4151,4151,4152,4152,4152,4151,4153,4152,4151,4153,4151,4152,4152,4153,4153,4151,4151,4152,4152,4154,4151,4152,4152,4153,4152,4151,4153,4151,4151,4153,4151,4151,4152,4150,4152,4152,4157,4156,4153,4153,4154,4151,4153,4151,4154,4154,4154,4151,4157,4151,4152,4150,4156,4150,4152,4150,4151,4151,4153,4155,4152,4152,4152,4152,4151,4151,4154,4150,4152,4151,4151,4151,4151,4152,4151,4152,4151,4152,4151,4150,4150,4150,4155,4155,4151,4152,4154,4152,4151,4151,0.59,SJNFAAZE1U0005576,117.68,14.32,8970.4609375,78,75,0,0,0,0,15.0,99.17,-154102,51,1528018780.876,4280,3,1,0,5,0,0,0,0,4,398.43,398.43,1F,1,1,1,0080,66,40,40,0,0,19,-42.00
03/06/2018 10:39:44,54 58.53373,-1 31.10137,301,0,480,949068,1144818,400.03,-25.550,4174,4165,4167,9,0,90.4,32.4,84.6,29.2,none,none,79.0,26.1,4173,4174,4166,4168,4169,4167,4166,4165,4166,4165,4166,4166,4168,4166,4166,4166,4166,4166,4166,4168,4168,4165,4166,4167,4166,4169,4166,4166,4167,4168,4166,4168,4168,4166,4166,4167,4167,4165,4167,4166,4166,4165,4173,4170,4169,4168,4170,4166,4170,4167,4171,4170,4170,4168,4171,4167,4166,4165,4172,4166,4169,4168,4166,4167,4169,4170,4168,4165,4167,4167,4167,4166,4167,4167,4168,4166,4166,4166,4167,4166,4166,4167,4168,4166,4166,4167,4166,4165,4172,4173,4168,4167,4169,4168,4168,4167,0.54,SJNFAAZE1U0005576,117.68,14.32,8970.4609375,78,75,0,0,0,0,15.0,99.17,-154112,52,1528018784.810,0,3,1,0,5,0,0,0,0,4,400.02,400.02,1F,1,1,1,0080,66,40,40,0,0,19,-48.00
03/06/2018 10:39:48,54 58.53373,-1 31.10137,301,0,480,949158,1144818,398.21,29.807,4154,4146,4148,8,0,90.4,32.4,84.6,29.2,none,none,79.0,26.1,4151,4154,4147,4148,4150,4149,4148,4147,4147,4148,4148,4148,4148,4149,4148,4149,4148,4149,4149,4151,4149,4148,4148,4149,4148,4152,4148,4149,4148,4149,4148,4151,4148,4148,4148,4150,4148,4149,4148,4148,4148,4148,4153,4153,4149,4149,4149,4147,4149,4146,4148,4150,4149,4146,4152,4147,4146,4146,4151,4146,4146,4146,4147,4148,4149,4150,4146,4147,4148,4148,4147,4147,4150,4147,4147,4147,4147,4147,4147,4148,4147,4147,4146,4147,4147,4147,4147,4147,4150,4150,4146,4146,4148,4148,4146,4147,0.53,SJNFAAZE1U0005576,117.68,14.32,8970.4609375,78,75,0,0,0,0,15.0,99.17,-154116,52,1528018788.838,7080,3,1,0,5,0,0,0,0,4,398.23,398.23,1F,1,1,1,0080,67,40,40,0,0,19,21.00
03/06/2018 10:39:52,54 58.53373,-1 31.10137,301,0,480,949028,1144818,398.59,12.046,4158,4150,4152,8,0,90.6,32.6,84.8,29.3,none,none,79.2,26.2,4156,4158,4150,4153,4154,4153,4151,4151,4152,4152,4152,4153,4153,4154,4151,4153,4152,4154,4151,4154,4153,4152,4152,4154,4152,4155,4152,4153,4152,4154,4152,4154,4152,4152,4151,4154,4152,4153,4151,4152,4153,4152,4157,4157,4153,4154,4154,4150,4153,4152,4154,4154,4154,4152,4156,4152,4151,4150,4156,4151,4152,4150,4151,4153,4154,4155,4153,4152,4152,4152,4152,4152,4154,4152,4152,4151,4151,4150,4152,4152,4151,4151,4150,4151,4150,4151,4151,4152,4155,4155,4150,4152,4153,4152,4151,4152,0.51,SJNFAAZE1U0005576,117.68,14.32,8970.4609375,78,75,0,0,0,0,15.0,99.17,-154116,52,1528018792.714,4560,3,1,0,5,0,0,0,0,4,398.59,398.59,1F,1,1,1,0080,67,40,40,0,0,19,15.00
03/06/2018 10:39:56,54 58.53373,-1 31.10137,301,0,480,948898,1144818,398.21,22.025,4153,4146,4148,7,0,90.6,32.6,84.8,29.3,none,none,79.0,26.1,4152,4153,4147,4149,4149,4148,4148,4148,4148,4148,4149,4149,4149,4149,4148,4148,4147,4149,4148,4149,4149,4148,4147,4149,4149,4151,4148,4148,4148,4149,4148,4148,4149,4148,4148,4150,4149,4148,4147,4147,4149,4147,4152,4151,4150,4148,4150,4146,4149,4146,4150,4151,4149,4149,4152,4147,4147,4146,4151,4146,4147,4148,4146,4147,4149,4151,4148,4149,4148,4148,4148,4147,4151,4146,4147,4147,4147,4147,4148,4147,4147,4147,4146,4147,4147,4147,4146,4147,4150,4151,4146,4147,4150,4148,4147,4146,0.48,SJNFAAZE1U0005576,117.68,14.32,8970.4609375,78,75,0,0,0,0,15.0,99.17,-154116,52,1528018796.711,7160,3,1,0,5,0,0,0,0,4,398.18,398.18,1F,1,1,1,0080,67,40,40,0,0,11,29.50
03/06/2018 10:40:00,54 58.53373,-1 31.10137,301,0,480,948636,1144818,396.67,54.343,4138,4125,4132,13,0,90.6,32.6,84.6,29.2,none,none,78.8,26.0,4134,4138,4132,4132,4133,4133,4131,4131,4132,4134,4131,4133,4134,4134,4133,4134,4132,4134,4132,4135,4132,4133,4132,4133,4133,4136,4132,4133,4132,4134,4132,4134,4133,4133,4131,4134,4133,4133,4133,4133,4132,4132,4136,4136,4132,4134,4130,4132,4127,4134,4127,4138,4127,4134,4130,4133,4126,4133,4129,4133,4125,4133,4130,4131,4133,4134,4130,4132,4131,4132,4131,4131,4138,4131,4131,4131,4131,4131,4131,4131,4130,4131,4129,4130,4130,4131,4130,4132,4133,4134,4129,4130,4131,4131,4129,4129,0.48,SJNFAAZE1U0005576,117.68,14.32,8970.4609375,78,75,0,0,0,0,15.0,99.17,-154116,52,1528018800.697,15680,3,1,0,5,0,0,0,0,4,396.91,396.91,1F,1,1,1,0080,67,40,40,0,0,19,52.50
03/06/2018 10:40:04,54 58.53373,-1 31.10137,301,0,480,948311,1144818,397.44,29.838,4150,4130,4140,20,0,90.6,32.6,84.6,29.2,none,none,79.0,26.1,4141,-4150,4136,-4144,4139,4142,4140,-4140,4139,-4141,4140,-4141,4142,-4142,4140,-4142,4139,-4141,4140,-4142,4141,-4140,4140,4142,4141,-4143,4139,-4142,4141,-4142,4140,-4142,4141,4140,4140,-4143,4140,-4141,4139,-4139,4140,-4140,4145,-4144,4141,-4141,4141,-4139,4141,-4138,4141,4142,4140,-4140,4144,-4139,4139,-4139,4142,-4139,4139,4140,4140,-4139,4142,-4146,4135,-4146,4136,-4146,4134,-4144,4136,4146,4130,-4147,4131,-4148,4131,-4148,4132,-4148,4131,-4144,4133,-4145,4134,-4145,4139,-4147,4135,4144,4136,-4144,4133,-4141,0.47,SJNFAAZE1U0005576,117.68,14.32,8970.4609375,78,75,0,0,0,0,15.0,99.17,-154116,52,1528018804.372,10320,3,1,0,5,0,0,0,0,4,397.43,397.43,1F,1,1,1,0080,67,40,40,0,0,19,29.00
03/06/2018 10:40:08,54 58.53373,-1 31.10137,301,0,480,948178,1144818,398.69,2.861,4159,4151,4153,8,0,90.6,32.6,84.6,29.2,none,none,79.0,26.1,4157,4158,4153,4153,4156,4152,4153,4151,4153,4152,4152,4153,4155,4153,4153,4153,4152,4154,4154,4154,4153,4153,4152,4154,4153,4155,4153,4153,4154,4153,4153,4153,4154,4152,4152,4153,4153,4152,4154,4151,4153,4152,4159,4156,4154,4154,4155,4152,4155,4152,4156,4155,4156,4153,4158,4152,4152,4152,4157,4152,4153,4152,4153,4151,4156,4156,4153,4154,4154,4152,4152,4152,4154,4152,4153,4151,4152,4151,4154,4152,4152,4152,4153,4152,4152,4152,4152,4152,4157,4157,4153,4153,4155,4154,4153,4152,0.46,SJNFAAZE1U0005576,117.68,14.32,8970.4609375,78,75,0,0,0,0,15.0,99.17,-154116,52,1528018808.271,2080,3,1,0,5,0,0,0,0,4,398.45,398.45,1F,1,1,1,0080,67,40,40,0,0,19,-17.00
03/06/2018 10:40:12,54 58.53373,-1 31.10137,301,0,480,948281,1144818,398.98,-4.096,4163,4154,4156,9,0,90.6,32.6,84.6,29.2,none,none,79.0,26.1,4161,4163,4156,4157,4158,4156,4156,4155,4156,4156,4157,4156,4157,4156,4156,4155,4156,4156,4156,4157,4157,4156,4156,4157,4157,4159,4157,4156,4156,4157,4157,4157,4157,4156,4156,4157,4157,4156,4156,4156,4156,4155,4162,4159,4158,4157,4159,4154,4159,4156,4160,4159,4160,4157,4160,4156,4155,4155,4161,4155,4157,4156,4156,4156,4158,4160,4156,4156,4157,4157,4156,4154,4158,4156,4156,4155,4155,4156,4155,4157,4155,4157,4155,4156,4156,4156,4155,4156,4160,4161,4156,4155,4158,4157,4157,4155,0.45,SJNFAAZE1U0005576,117.68,14.32,8970.4609375,78,75,0,0,0,0,15.0,99.17,-154120,52,1528018812.208,0,3,1,0,5,0,0,0,0,4,398.99,398.99,1F,1,1,1,0080,67,40,40,0,0,19,-22.00
03/06/2018 10:40:16,54 58.53373,-1 31.10137,301,0,480,948381,1144818,399.17,-5.591,4163,4156,4158,7,0,90.6,32.6,84.8,29.3,none,none,79.0,26.1,4162,4163,4158,4158,4160,4158,4157,4157,4158,4157,4158,4158,4158,4158,4157,4158,4157,4158,4158,4158,4158,4156,4157,4158,4159,4160,4157,4157,4157,4157,4159,4157,4158,4157,4158,4159,4157,4157,4157,4156,4158,4157,4163,4161,4159,4159,4159,4157,4159,4156,4160,4161,4160,4158,4163,4158,4157,4156,4162,4156,4158,4156,4158,4156,4160,4161,4158,4159,4159,4157,4157,4157,4159,4158,4158,4156,4156,4157,4157,4157,4157,4157,4157,4158,4157,4157,4157,4156,4162,4162,4157,4157,4159,4158,4158,4157,0.41,SJNFAAZE1U0005576,117.68,14.32,8970.4609375,78,75,0,0,0,0,15.0,99.17,-154124,52,1528018816.070,0,3,1,0,5,0,0,0,0,4,399.16,399.16,1F,1,1,1,0080,67,40,40,0,0,19,0.00
03/06/2018 10:40:19,54 58.53373,-1 31.10137,301,0,480,948406,1144818,398.88,2.861,4161,4153,4155,8,0,90.6,32.6,84.6,29.2,none,none,79.0,26.1,4159,4161,4154,4155,4157,4155,4155,4154,4155,4154,4155,4155,4156,4156,4155,4156,4155,4156,4154,4156,4156,4155,4155,4156,4155,4158,4153,4154,4155,4156,4156,4156,4156,4155,4155,4156,4156,4155,4154,4154,4156,4155,4160,4158,4156,4156,4158,4153,4156,4154,4156,4158,4158,4155,4160,4155,4155,4154,4160,4154,4155,4153,4155,4154,4157,4159,4154,4155,4155,4154,4155,4154,4156,4155,4156,4154,4153,4154,4154,4154,4154,4155,4154,4154,4153,4154,4153,4154,4158,4159,4154,4155,4156,4156,4155,4154,0.41,SJNFAAZE1U0005576,117.68,14.32,8970.4609375,78,75,0,0,0,0,15.0,99.17,-154125,52,1528018819.976,0,3,1,0,5,0,0,0,0,4,398.93,398.93,1F,1,1,1,0080,67,40,40,0,0,19,0.00
03/06/2018 10:40:23,54 58.53373,-1 31.10137,301,0,480,948399,1144818,398.88,2.799,4161,4153,4155,8,0,90.6,32.6,84.8,29.3,none,none,79.0,26.1,4159,4161,4154,4156,4157,4156,4155,4155,4155,4154,4155,4155,4155,4156,4154,4155,4154,4156,4155,4157,4158,4154,4154,4156,4155,4158,4155,4156,4155,4157,4156,4155,4157,4154,4154,4157,4155,4155,4154,4155,4156,4155,4160,4158,4156,4157,4157,4154,4157,4154,4158,4157,4157,4155,4159,4154,4155,4154,4159,4154,4155,4155,4155,4155,4157,4158,4155,4155,4156,4155,4154,4155,4155,4154,4155,4154,4154,4154,4155,4155,4155,4155,4155,4154,4153,4154,4153,4155,4159,4159,4155,4156,4157,4156,4154,4154,0.38,SJNFAAZE1U0005576,117.68,14.32,8970.4609375,78,75,0,0,0,0,15.0,99.17,-154125,52,1528018823.778,0,3,1,0,5,0,0,0,0,4,398.92,398.92,1F,1,1,1,0080,67,40,40,0,0,11,5.25
03/06/2018 10:40:27,54 58.53373,-1 31.10137,301,0,480,948298,1144818,397.92,27.854,4151,4143,4145,8,0,90.6,32.6,84.6,29.2,none,none,79.0,26.1,4148,4151,4144,4145,4146,4145,4144,4145,4144,4145,4144,4145,4145,4146,4144,4145,4145,4146,4144,4147,4146,4146,4145,4148,4145,4148,4143,4146,4145,4147,4146,4147,4145,4145,4144,4146,4144,4145,4145,4145,4146,4145,4149,4149,4146,4146,4146,4144,4145,4143,4146,4147,4146,4143,4149,4144,4144,4144,4148,4143,4145,4143,4143,4143,4146,4148,4144,4145,4145,4145,4145,4144,4147,4143,4143,4143,4143,4144,4144,4144,4144,4145,4144,4143,4143,4143,4144,4144,4147,4148,4144,4143,4146,4144,4143,4144,0.38,SJNFAAZE1U0005576,117.68,14.32,8970.4609375,78,75,0,0,0,0,15.0,99.17,-154125,52,1528018827.541,8000,3,1,0,5,0,0,0,0,4,398.00,398.00,1F,1,1,1,0080,67,40,40,0,0,11,34.50
03/06/2018 10:40:31,54 58.53373,-1 31.10137,301,0,480,948000,1144818,397.34,32.737,4147,4136,4139,11,0,90.6,32.6,84.8,29.3,none,none,79.0,26.1,4142,4145,4139,4140,4142,4140,4140,4139,4140,4142,4137,4143,4139,4144,4136,4144,4137,4144,4138,4144,4140,4142,4137,4145,4137,4147,4136,4144,4137,4143,4138,4143,4138,4142,4138,4142,4138,4143,4137,4142,4138,4142,4143,4147,4139,4143,4140,4139,4137,4142,4137,4144,4139,4139,4141,4139,4137,4139,4142,4138,4138,4139,4137,4140,4140,4144,4140,4140,4140,4139,4139,4140,4142,4138,4139,4138,4137,4138,4139,4138,4138,4139,4138,4140,4138,4138,4138,4139,4141,4142,4137,4138,4140,4140,4137,4138,0.35,SJNFAAZE1U0005576,117.68,14.32,8970.4609375,78,75,0,0,0,0,15.0,99.17,-154125,52,1528018831.278,11800,3,1,0,5,0,0,0,0,4,397.38,397.38,1F,1,1,1,0080,67,40,40,0,0,19,9.50
03/06/2018 10:40:35,54 58.53373,-1 31.10137,301,0,480,947943,1144818,398.30,10.856,4155,4147,4149,8,0,90.6,32.6,84.6,29.2,none,none,79.0,26.1,4153,4155,4149,4151,4151,4149,4148,4148,4148,4150,4148,4149,4150,4151,4148,4149,4149,4151,4148,4150,4150,4148,4149,4150,4149,4151,4148,4149,4149,4151,4149,4150,4149,4149,4149,4150,4149,4149,4148,4148,4149,4149,4154,4153,4150,4151,4151,4148,4149,4148,4151,4151,4151,-4150,4153,-4148,4147,-4147,4152,-4148,4149,-4148,4148,-4148,4150,-4152,4148,4148,4148,-4148,4149,-4148,4151,-4148,4149,-4148,4148,4149,4148,-4149,4149,4149,4148,4149,4147,4147,4147,4147,4152,4153,4148,4147,4151,4150,4148,4148,0.40,SJNFAAZE1U0005576,117.68,14.32,8970.4609375,78,75,0,0,0,0,15.0,99.17,-154125,52,1528018835.019,3440,3,1,0,5,0,0,0,0,4,398.33,398.33,1F,1,1,1,0080,67,40,40,0,0,19,0.00
03/06/2018 10:40:38,54 58.53373,-1 31.10137,301,0,480,948050,1144818,399.74,-14.380,4170,4162,4164,8,0,90.4,32.4,84.6,29.2,none,none,79.0,26.1,4169,4170,4163,4164,4166,4164,4163,4162,4163,4162,4163,4163,4165,4163,4163,4163,4164,4164,4163,4164,4164,4162,4164,4163,4163,4165,4164,4163,4163,4164,4164,4163,4165,4162,4164,4165,4164,4162,4163,4163,4164,4164,4169,4166,4166,4165,4166,4163,4166,4164,4167,4167,4167,4165,4168,4163,4164,4163,4170,4163,4166,4164,4164,4164,4166,4166,4164,4164,4164,4164,4164,4163,4163,4164,4164,4163,4164,4163,4164,4163,4164,4164,4164,4164,4164,4163,4162,4162,4169,4169,4164,4165,4167,4165,4165,4164,0.40,SJNFAAZE1U0005576,117.68,14.40,8970.4609375,78,75,0,0,0,0,15.0,99.17,-154129,52,1528018838.552,0,4,1,0,5,0,0,0,0,4,399.45,399.45,1F,1,1,1,0080,67,40,40,0,0,19,-9.75
03/06/2018 10:40:42,54 58.53373,-1 31.10137,301,0,480,948213,1144818,399.94,-24.146,4173,4164,4166,9,0,90.6,32.6,84.6,29.2,none,none,79.0,26.1,4171,4173,4166,4167,4169,4166,4165,4165,4166,4165,4165,4165,4168,4166,4165,4166,4165,4165,4165,4166,4166,4165,4165,4166,4166,4168,4166,4166,4165,4166,4166,4165,4166,4166,4165,4166,4166,4165,4165,4164,4167,4166,4172,4170,4168,4168,4169,4166,4170,4167,4170,4170,4168,4168,4171,4166,4165,4164,4171,4165,4168,4167,4165,4166,4168,4170,4166,4165,4167,4166,4166,4165,4167,4166,4167,4165,4164,4165,4166,4165,4166,4166,4166,4166,4165,4165,4165,4165,4171,4171,4166,4166,4170,4168,4166,4166,0.41,SJNFAAZE1U0005576,117.68,14.40,8970.4609375,78,75,0,0,0,0,15.0,99.17,-154136,52,1528018842.128,0,4,1,0,5,0,0,0,0,4,399.96,399.96,1F,1,1,1,0080,67,40,40,0,0,19,-53.50
03/06/2018 10:40:46,54 58.53373,-1 31.10137,301,0,480,948312,1144818,398.98,3.349,4163,4155,4156,8,0,90.6,32.6,84.6,29.2,none,none,79.0,26.1,4162,4163,4156,4156,4159,4157,4156,4156,4157,4156,4156,4156,4158,4158,4157,4157,4156,4157,4156,4157,4157,4156,4156,4157,4157,4158,4156,4156,4157,4157,4157,4157,4157,4156,4156,4158,4156,4156,4156,4155,4157,4156,4162,4160,4157,4158,4158,4155,4159,4156,4158,4159,4158,4158,4161,4156,4157,4156,4161,4156,4156,4155,4156,4155,4158,4159,4156,4157,4157,4156,4157,4155,4158,4155,4156,4155,4155,4155,4156,4156,4155,4157,4156,4155,4155,4155,4155,4156,4160,4160,4156,4156,4158,4157,4156,4155,0.37,SJNFAAZE1U0005576,117.68,14.40,8972.0703125,78,75,0,0,0,0,15.0,99.17,-154140,52,1528018846.035,1400,4,1,0,5,0,0,0,0,4,399.04,399.04,1F,1,1,1,0080,67,40,40,0,0,19,12.00
03/06/2018 10:40:49,54 58.53373,-1 31.10137,301,0,480,948232,1144818,399.26,3.745,4164,4156,4159,8,0,90.6,32.6,84.6,29.2,none,none,79.0,26.1,4163,4164,4159,4159,4161,4158,4159,4158,4158,4158,4158,4157,4159,4159,4158,4158,4157,4159,4158,4159,4160,4158,4158,4158,4158,4161,4158,4158,4158,4160,4158,4159,4160,4158,4158,4160,4159,4158,4158,4158,4160,4158,4164,4161,4160,4160,4161,4156,4161,4159,4162,4161,4162,4160,4163,4158,4159,4157,4164,4157,4159,4158,4159,4158,4162,4162,4159,4158,4159,4159,4159,4158,4159,4158,4159,4157,4158,4158,4158,4158,4158,4158,4158,4158,4158,4157,4158,4158,4163,4161,4157,4160,4161,4159,4158,4158,0.36,SJNFAAZE1U0005576,117.68,14.40,8972.0703125,78,75,0,0,0,0,15.0,99.17,-154140,52,1528018849.798,3680,4,1,0,5,0,0,0,0,4,398.85,398.85,1F,1,1,1,0080,67,40,40,0,0,19,-31.50
03/06/2018 10:40:53,54 58.53373,-1 31.10137,301,0,480,948429,1144818,400.03,-23.261,4173,4165,4167,8,0,90.4,32.4,84.6,29.2,none,none,78.8,26.0,4173,4173,4167,4167,4170,4167,4167,4166,4167,4165,4166,4165,4169,4169,4167,4166,4167,4167,4167,4167,4168,4166,4166,4167,4167,4170,4166,4167,4167,4167,4167,4167,4168,4166,4166,4167,4168,4166,4167,4166,4167,4167,4173,4171,4168,4169,4171,4167,4171,4168,4172,4171,4170,4169,4173,4167,4167,4165,4173,4166,4169,4168,4168,4168,4170,4170,4168,4168,4168,4169,4166,4166,4168,4168,4169,4167,4166,4167,4167,4166,4167,4167,4167,4168,4168,4167,4166,4166,4173,4172,4168,4168,4170,4169,4168,4168,0.34,SJNFAAZE1U0005576,117.68,14.40,8972.0703125,78,75,0,0,0,0,15.0,99.17,-154148,52,1528018853.382,0,4,1,0,5,0,0,0,0,4,400.08,400.08,1F,1,1,1,0080,67,40,40,0,0,19,-41.50
03/06/2018 10:40:57,54 58.53373,-1 31.10137,301,0,480,948604,1144818,399.46,-4.920,4167,4159,4161,8,0,90.6,32.6,84.6,29.2,none,none,79.0,26.1,4166,4167,4161,4162,4163,4161,4159,4160,4160,4161,4160,4161,4162,4162,4160,4161,4160,4161,4160,4161,4161,4159,4160,4161,4161,4164,4160,4161,4160,4162,4161,4161,4161,4160,4161,4162,4161,4160,4160,4161,4161,4161,4166,4164,4163,4162,4164,4160,4164,4161,4165,4164,4164,4163,4166,4161,4160,4160,4165,4159,4162,4160,4160,4161,4163,4165,4160,4161,4161,4161,4160,4160,4161,4160,4161,4161,4160,4160,4160,4161,4160,4161,4161,4160,4160,4160,4159,4160,4165,4165,4161,4162,4164,4161,4161,4160,0.32,SJNFAAZE1U0005576,117.68,14.40,8972.0703125,78,75,0,0,0,0,15.0,99.17,-154155,52,1528018857.067,0,4,1,0,5,0,0,0,0,4,399.57,399.57,1F,1,1,1,0080,67,40,40,0,0,19,-5.00
03/06/2018 10:41:00,54 58.53373,-1 31.10137,301,0,480,948610,1144818,399.26,-0.251,4166,4157,4159,9,0,90.6,32.6,84.6,29.2,none,none,79.0,26.1,4164,4166,4159,4160,4161,4159,4158,4159,4158,4159,4158,4160,4160,4160,4159,4160,4158,4160,4159,4161,4160,4158,4158,4160,4159,4161,4159,4160,4159,4159,4159,4160,4159,4158,4158,4159,4160,4159,4158,4158,4160,4159,4165,4163,4161,4161,4161,4158,4163,4159,4162,4163,4161,4159,4163,4159,4159,4158,4164,4159,4160,4159,4158,4158,4162,4162,4158,4159,4159,4160,4159,4158,4160,4159,4160,4157,4158,4157,4158,4159,4159,4159,4159,4160,4159,4158,4158,4158,4163,4164,4158,4158,4161,4160,4159,4159,0.32,SJNFAAZE1U0005576,117.68,14.40,8972.0703125,78,75,0,0,0,0,15.0,99.17,-154156,52,1528018860.895,0,4,1,0,5,0,0,0,0,4,399.31,399.31,1F,1,1,1,0080,67,40,40,0,0,19,-7.00
03/06/2018 10:41:04,54 58.53373,-1 31.10137,301,0,480,948641,1144818,399.46,-4.767,4168,4159,4161,9,0,90.6,32.6,84.6,29.2,none,none,79.0,26.1,4167,4168,4161,4163,4165,4161,4160,4160,4162,4161,4160,4162,4162,4162,4161,4161,4162,4161,4161,4163,4163,4159,4161,4161,4161,4163,4161,4161,4162,4161,4162,4162,4162,4160,4160,4162,4163,4161,4161,4160,4162,4160,4168,4164,4163,4163,4165,4160,4164,4161,4164,4164,4164,4163,4167,4161,4161,4159,4166,4161,4162,4160,4161,4161,4164,4164,4162,4161,4162,4160,4161,4160,4163,4160,4162,4160,4160,4160,4160,4160,4161,4160,4161,4161,4160,4160,4161,4160,4165,4166,4161,4162,4164,4163,4161,4160,0.30,SJNFAAZE1U0005576,117.68,14.40,8972.0703125,78,75,0,0,0,0,15.0,99.17,-154157,52,1528018864.520,0,4,1,0,5,0,0,0,0,4,399.52,399.52,1F,1,1,1,0080,67,40,40,0,0,19,-14.00
03/06/2018 10:41:08,54 58.53373,-1 31.10137,301,0,480,948773,1144818,399.94,-16.577,4173,4164,4166,9,0,90.6,32.6,84.6,29.2,none,none,78.8,26.0,4171,4173,4165,4167,4169,4166,4165,4165,4166,4166,4166,4165,4167,4166,4165,4166,4166,4166,4165,4166,4166,4165,4165,4167,4166,4169,4165,4165,4166,4166,4166,4166,4167,4165,4165,4167,4165,4166,4166,4165,4166,4167,4173,4170,4168,4168,4170,4166,4168,4167,4170,4170,4170,4168,4172,4166,4165,4164,4172,4166,4167,4167,4166,4166,4169,4169,4166,4166,4166,4166,4166,4165,4166,4165,4167,4165,4165,4166,4165,4166,4166,4166,4167,4166,4165,4166,4165,4165,4171,4172,4166,4166,4169,4168,4167,4167,0.29,SJNFAAZE1U0005576,117.68,14.40,8972.0703125,78,75,0,0,0,0,15.0,99.17,-154162,52,1528018868.308,0,4,1,0,5,0,0,0,0,4,400.06,400.06,1F,1,1,1,0080,67,40,40,0,0,19,-23.50
03/06/2018 10:41:12,54 58.53373,-1 31.10137,301,0,480,948909,1144818,399.84,-9.436,4172,4163,4165,9,0,90.6,32.6,84.6,29.2,none,none,78.8,26.0,4169,4172,4164,4165,4167,4166,4164,4165,4164,4164,4164,4164,4165,4165,4164,4165,4164,4165,4164,4166,4165,4164,4164,4166,4164,4167,4164,4165,4164,4165,4164,4166,4165,4165,4165,4167,4165,4164,4164,4164,4165,4165,4170,4169,4167,4167,4167,4164,4166,4166,4168,4168,4168,4165,4168,4166,4165,4164,4169,4165,4165,4164,4165,4165,4168,4169,4165,4164,4165,4164,4164,4164,4167,4165,4165,4165,4163,4164,4163,4165,4164,4166,4165,4164,4164,4163,4163,4165,4169,4169,4165,4165,4167,4167,4165,4166,0.27,SJNFAAZE1U0005576,117.68,14.40,8972.0703125,78,75,0,0,0,0,15.0,99.17,-154168,52,1528018872.283,0,4,1,0,5,0,0,0,0,4,399.86,399.86,1F,1,1,1,0080,67,40,40,0,0,19,-14.75
03/06/2018 10:41:16,54 58.53373,-1 31.10137,301,0,480,948992,1144818,399.74,-4.859,4169,4162,4164,7,0,90.6,32.6,84.6,29.2,none,none,79.0,26.1,4168,4169,4164,4164,4167,4163,4164,4163,4163,4163,4163,4162,4165,4164,4164,4164,4164,4164,4164,4164,4165,4164,4164,4164,4164,4166,4163,4163,4164,4164,4164,4164,4165,4162,4164,4164,4163,4163,4164,4163,4165,4163,4169,4167,4166,4165,4167,4163,4166,4164,4167,4167,4166,4165,4169,4164,4162,4162,4169,4162,4165,4162,4164,4163,4167,4168,4164,4163,4165,4163,4165,4163,4166,4164,4165,4163,4163,4163,4163,4164,4163,4164,4165,4163,4164,4163,4163,4163,4168,4168,4165,4163,4166,4164,4164,4163,0.28,SJNFAAZE1U0005576,117.68,14.40,8972.0703125,78,75,0,0,0,0,15.0,99.17,-154171,52,1528018876.334,0,4,1,0,5,0,0,0,0,4,399.72,399.72,1F,1,1,1,0080,67,40,40,0,0,19,-13.50
03/06/2018 10:41:20,54 58.53373,-1 31.10137,301,0,480,949083,1144818,399.84,-6.415,4171,4163,4165,8,0,90.4,32.4,84.6,29.2,none,none,78.8,26.0,4169,4171,4164,4165,4167,4164,4163,4164,4164,4164,4163,4164,4164,4166,4164,4165,4163,4165,4163,4165,4165,4164,4163,4165,4163,4167,4163,4164,4164,4165,4164,4165,4165,4164,4163,4166,4164,4163,4164,4163,4164,4164,4169,4169,4166,4166,4168,4164,4168,4165,4167,4168,4167,4166,4170,4165,4164,4164,4169,4164,4166,4164,4164,4164,4165,4167,4164,4164,4165,4164,4165,4163,4165,4164,4164,4164,4163,4164,4165,4164,4165,4166,4165,4164,4164,4164,4164,4164,4169,4169,4165,4164,4168,4165,4166,4165,0.27,SJNFAAZE1U0005576,117.68,14.40,8972.0703125,78,75,0,0,0,0,15.0,99.17,-154175,53,1528018880.044,0,4,1,0,5,0,0,0,0,4,399.83,399.83,1F,1,1,1,0080,67,40,40,0,0,19,-19.50
03/06/2018 10:41:23,54 58.53373,-1 31.10137,301,0,480,949230,1144818,400.32,-19.019,4177,4167,4170,10,0,90.6,32.6,84.8,29.3,none,none,79.0,26.1,4176,4177,4169,4171,4172,4170,4169,4168,4168,4169,4168,4168,4170,4170,4167,4169,4169,4170,4168,4171,4171,4168,4168,4170,4169,4172,4168,4168,4170,4171,4169,4171,4169,4168,4169,4171,4169,4169,4169,4167,4169,4169,4175,4173,4172,4172,4173,4169,4172,4170,4174,4174,4174,4172,4175,4170,4169,4169,4175,4170,4172,4170,4170,4170,4172,4174,4170,4170,4170,4170,4171,4170,4171,4169,4170,4169,4169,4169,4171,4171,4170,4169,4169,4170,4170,4170,4169,4169,4174,4175,4170,4170,4173,4172,4170,4170,0.23,SJNFAAZE1U0005576,117.68,14.40,8972.0703125,78,75,0,0,0,0,15.0,99.17,-154181,53,1528018883.738,0,4,1,0,5,0,0,0,0,4,400.38,400.38,1F,1,1,1,0080,67,40,40,0,0,19,-29.75
03/06/2018 10:41:27,54 58.53373,-1 31.10137,301,0,480,949424,1144818,400.22,-13.342,4176,4167,4169,9,0,90.6,32.6,84.6,29.2,none,none,79.0,26.1,4175,4176,4169,4170,4172,4169,4168,4168,4169,4168,4168,4168,4169,4169,4169,4169,4168,4170,4168,4169,4169,4167,4168,4170,4169,4170,4168,4169,4169,4170,4168,4170,4170,4169,4169,4170,4169,4168,4169,4168,4170,4168,4174,4172,4172,4170,4172,4168,4172,4170,4173,4173,4173,4171,4174,4169,4168,4168,4175,4169,4171,4169,4168,4169,4171,4173,4169,4168,4170,4169,4169,4168,4169,4169,4169,4169,4168,4168,4168,4169,4168,4170,4170,4169,4169,4169,4168,4167,4173,4175,4169,4169,4171,4170,4171,4169,0.29,SJNFAAZE1U0005576,117.68,14.40,8972.0703125,78,75,0,0,0,0,15.0,99.17,-154189,53,1528018887.663,0,4,1,0,5,0,0,0,0,4,400.32,400.32,1F,1,1,1,0080,67,40,40,0,0,19,-18.00
03/06/2018 10:41:31,54 58.53373,-1 31.10137,301,0,481,949540,1144818,399.94,-6.140,4173,4165,4166,8,0,90.6,32.6,84.8,29.3,none,none,79.0,26.1,4171,4173,4166,4167,4169,4167,4165,4165,4165,4165,4165,4166,4167,4167,4166,4167,4165,4167,4166,4168,4167,4166,4165,4167,4166,4168,4165,4166,4167,4167,4166,4166,4166,4166,4165,4168,4165,4166,4165,4166,4167,4165,4170,4170,4168,4168,4169,4165,4168,4167,4170,4170,4169,4168,4171,4167,4167,4165,4170,4166,4167,4165,4166,4166,4169,4169,4167,4166,4166,4166,4166,4166,4167,4166,4166,4165,4165,4166,4165,4166,4166,4166,4167,4166,4166,4165,4165,4166,4171,4172,4167,4166,4169,4168,4167,4166,0.22,SJNFAAZE1U0005576,117.68,14.40,8972.0703125,78,75,0,0,0,0,15.0,99.17,-154194,53,1528018891.452,0,4,1,0,5,0,0,0,0,4,400.04,400.04,1F,1,1,1,0080,67,40,40,0,0,19,-13.00
03/06/2018 10:41:35,54 58.53373,-1 31.10137,301,0,481,949690,1144818,400.51,-19.141,4179,4170,4172,9,0,90.6,32.6,84.6,29.2,none,none,79.0,26.1,4177,4178,4172,4173,4175,4172,4171,4172,4172,4171,4172,4172,4172,4172,4171,4171,4171,4171,4171,4173,4172,4171,4171,4172,4171,4174,4170,4172,4170,4172,4172,4172,4172,4171,4170,4172,4171,4171,4171,4171,4172,4171,4177,4176,4173,4173,4175,4171,4176,4173,4176,4177,4177,4175,4179,4173,4172,4170,4177,4172,4173,4172,4172,4172,4174,4176,4172,4173,4172,4172,4173,4172,4172,4172,4172,4171,4173,4171,4172,4173,4172,4172,4172,4172,4172,4172,4171,4171,4177,4178,4173,4172,4175,4174,4172,4172,0.12,SJNFAAZE1U0005576,117.68,14.16,8972.0703125,78,75,0,0,0,0,15.0,99.17,-154200,53,1528018895.360,0,4,1,0,5,0,0,0,0,4,400.57,400.57,1F,1,1,1,0080,67,40,40,0,0,19,-27.00
03/06/2018 10:41:39,54 58.53373,-1 31.10137,301,0,481,949852,1144818,400.13,-7.575,4175,4166,4168,9,0,90.4,32.4,84.6,29.2,none,none,78.8,26.0,4175,4175,4167,4170,4170,4169,4166,4167,4167,4167,4167,4167,4168,4169,4167,4168,4167,4168,4167,4169,4168,4167,4167,4168,4167,4170,4167,4167,4167,4169,4168,4168,4167,4168,4166,4169,4168,4167,4168,4167,4168,4168,4173,4172,4171,4170,4171,4167,4171,4168,4172,4172,4171,4171,4174,4168,4168,4167,4173,4168,4169,4168,4168,4168,4170,4172,4170,4168,4168,4170,4169,4167,4169,4169,4169,4168,4167,4167,4168,4169,4168,4169,4168,4168,4169,4167,4168,4167,4173,4174,4169,4169,4170,4171,4169,4168,0.03,SJNFAAZE1U0005576,117.68,13.84,8972.0703125,78,75,0,0,0,0,15.0,99.17,-154207,53,1528018899.214,0,4,1,0,5,0,0,0,0,4,400.24,400.24,1F,1,1,1,0080,67,40,40,0,0,19,-10.25
03/06/2018 10:41:42,54 58.53373,-1 31.10137,301,0,481,949926,1144818,400.32,-11.664,4177,4168,4170,9,0,90.4,32.4,84.6,29.2,none,none,78.8,26.0,4175,4177,4170,4170,4172,4171,4169,4169,4169,4169,4169,4170,4169,4169,4168,4170,4168,4170,4169,4171,4170,4168,4168,4171,4169,4173,4169,4169,4169,4170,4169,4171,4170,4170,4168,4171,4169,4170,4169,4168,4170,4170,4174,4174,4172,4172,4173,4170,4173,4171,4173,4174,4174,4172,4175,4171,4170,4169,4175,4169,4172,4169,4171,4169,4172,4174,4171,4171,4171,4169,4170,4169,4171,4171,4170,4170,4169,4169,4170,4169,4171,4171,4170,4171,4170,4169,4169,4169,4175,4174,4170,4171,4174,4172,4170,4170,-1.12,SJNFAAZE1U0005576,117.68,13.44,8972.0703125,78,75,0,0,0,0,15.0,99.17,-154210,53,1528018902.936,0,4,1,0,5,0,0,0,0,4,400.34,400.34,1F,1,1,1,0080,67,40,40,0,0,19,-20.75
03/06/2018 10:41:46,54 58.53373,-1 31.10137,301,0,481,950061,1144818,400.42,-14.228,4178,4169,4171,9,0,90.4,32.4,84.6,29.2,none,none,78.8,26.0,4176,4178,4171,4171,4174,4172,4170,4171,4170,4170,4170,4170,4171,4171,4169,4170,4170,4171,4170,4171,4172,4170,4170,4171,4170,4173,4169,4169,4170,4172,4170,4171,4172,4169,4170,4172,4171,4169,4170,4169,4171,4170,4176,4175,4173,4173,4174,4170,4173,4172,4174,4175,4174,4173,4175,4171,4170,4169,4176,4171,4173,4171,4171,4171,4173,4174,4171,4170,4171,4171,4170,4169,4172,4172,4171,4171,4170,4170,4170,4171,4170,4171,4172,4171,4170,4170,4170,4170,4175,4176,4171,4171,4173,4173,4171,4171,-0.25,SJNFAAZE1U0005576,117.68,13.20,8972.0703125,78,75,0,0,0,0,15.0,99.17,-154216,53,1528018906.468,0,4,1,0,5,0,0,0,0,4,400.42,400.42,1F,1,1,1,0080,67,40,40,0,0,19,-23.00
03/06/2018 10:41:50,54 58.53373,-1 31.10137,301,0,481,950220,1144818,400.51,-14.349,4179,4169,4172,10,0,90.4,32.4,84.6,29.2,none,none,79.0,26.1,4177,4179,4171,4174,4174,4173,4170,4171,4171,4170,4170,4171,4172,4173,4170,4172,4170,4172,4170,4172,4172,4171,4170,4172,4170,4174,4170,4171,4169,4173,4171,4173,4171,4171,4170,4173,4171,4171,4170,4171,4171,4171,4177,4176,4173,4174,4175,4172,4176,4172,4176,4175,4176,4173,4178,4172,4172,4171,4176,4172,4175,4171,4172,4172,4173,4176,4171,4173,4172,4172,4171,4171,4172,4172,4171,4171,4170,4172,4171,4171,4172,4172,4173,4172,4172,4170,4171,4172,4178,4177,4172,4172,4175,4174,4172,4173,-0.80,SJNFAAZE1U0005576,117.68,13.04,8972.0703125,78,75,0,0,0,0,15.0,99.17,-154222,53,1528018910.101,0,4,1,0,5,0,0,0,0,4,400.52,400.52,1F,1,1,1,0080,67,40,40,0,0,19,-18.75
03/06/2018 10:41:53,54 58.53373,-1 31.10137,301,0,481,950339,1144818,400.13,-4.767,4175,4166,4168,9,0,90.4,32.4,84.6,29.2,none,none,78.8,26.0,4172,4175,4168,4168,4170,4169,4167,4167,4167,4168,4167,4168,4168,4168,4166,4168,4167,4167,4167,4170,4168,4166,4167,4168,4166,4170,4168,4168,4168,4169,4167,4168,4169,4166,4167,4169,4167,4168,4166,4167,4168,4168,4173,4171,4169,4170,4171,4167,4170,4169,4171,4173,4172,4169,4174,4169,4168,4167,4173,4168,4169,4167,4168,4168,4170,4171,4168,4168,4168,4168,4168,4168,4169,4168,4167,4168,4167,4167,4167,4168,4167,4168,4167,4167,4166,4168,4167,4167,4172,4172,4168,4169,4170,4169,4169,4167,-0.53,SJNFAAZE1U0005576,117.68,13.04,8972.0703125,78,75,0,0,0,0,15.0,99.17,-154227,53,1528018913.980,0,4,1,0,5,0,0,0,0,4,400.29,400.29,1F,1,1,1,0080,67,40,40,0,0,19,0.25
03/06/2018 10:41:57,54 58.53373,-1 31.10137,301,0,481,950287,1144818,399.36,14.121,4168,4158,4160,10,0,90.4,32.4,84.6,29.2,none,none,79.0,26.1,4165,4168,4159,4161,4163,4162,4160,4160,4160,4161,4160,4160,4161,4162,4159,4160,4160,4161,4160,4162,4160,4159,4159,4161,4160,4163,4160,4161,4160,4162,4161,4161,4161,4160,4158,4161,4160,4160,4160,4160,4160,4159,4164,4164,4162,4161,4163,4159,4162,4161,4162,4163,4163,4161,4166,4161,4159,4159,4165,4160,4161,4160,4159,4160,4163,4165,4160,4160,4161,4159,4160,4159,4162,4160,4160,4159,4159,4159,4160,4159,4160,4160,4159,4161,4160,4159,4159,4159,4164,4164,4160,4161,4162,4161,4160,4161,-0.45,SJNFAAZE1U0005576,117.68,13.04,8972.0703125,78,75,0,0,0,0,15.0,99.17,-154227,53,1528018917.703,4520,4,1,0,5,0,0,0,0,4,399.50,399.50,1F,1,1,1,0080,67,40,40,0,0,19,8.25
03/06/2018 10:42:01,54 58.53373,-1 31.10137,301,0,481,950231,1144818,399.94,-0.739,4172,4164,4166,8,0,90.4,32.4,84.6,29.2,none,none,78.8,26.0,4170,4172,4165,4166,4169,4166,4164,4164,4165,4166,4164,4166,4166,4167,4164,4165,4165,4166,4165,4166,4166,4164,4165,4167,4165,4168,4165,4166,4165,4166,4166,4166,4166,4165,4165,4166,4166,4165,4165,4165,4165,4167,4171,4170,4168,4168,4169,4166,4170,4167,4169,4169,4169,4168,4171,4167,4166,4165,4171,4166,4167,4166,4165,4166,4168,4169,4166,4166,4165,4166,4165,4164,4167,4166,4166,4165,4165,4166,4165,4166,4165,4166,4166,4167,4165,4165,4165,4164,4170,4170,4165,4166,4168,4167,4167,4166,-0.41,SJNFAAZE1U0005576,117.68,13.04,8972.0703125,78,75,0,0,0,0,15.5,99.17,-154227,53,1528018921.217,1480,4,1,0,5,0,0,0,0,4,399.82,399.82,1F,1,1,1,0080,67,40,40,0,0,19,-8.00
03/06/2018 10:42:04,54 58.53373,-1 31.10137,301,0,481,950228,1144818,399.17,13.175,4164,4157,4158,7,0,90.6,32.6,84.6,29.2,none,none,79.0,26.1,4163,4164,4158,4159,4160,4159,4157,4159,4157,4159,4157,4159,4158,4159,4157,4158,4157,4160,4157,4160,4158,4158,4158,4160,4157,4162,4157,4159,4157,4160,4158,4160,4158,4158,4157,4159,4158,4158,4157,4158,4157,4158,4162,4162,4159,4161,4160,4157,4160,4158,4159,4161,4161,4159,4163,4158,4158,4157,4161,4158,4159,4157,4158,4158,4159,4163,4157,4159,4158,4159,4158,4157,4161,4159,4158,4158,4157,4157,4157,4158,4157,4158,4157,4158,4157,4157,4157,4158,4161,4163,4157,4158,4160,4159,4157,4158,-0.39,SJNFAAZE1U0005576,117.68,13.04,8972.0703125,78,75,0,0,0,0,15.5,99.17,-154227,53,1528018924.899,3120,4,1,0,5,0,0,0,0,4,399.43,399.43,1F,1,1,1,0080,67,40,40,0,0,19,22.00
03/06/2018 10:42:08,54 58.53373,-1 31.10137,301,0,481,950094,1144818,398.98,18.393,4162,4154,4156,8,0,90.4,32.4,84.6,29.2,none,none,79.0,26.1,4160,4162,4155,4157,4158,4157,4155,4155,4155,4156,4156,4156,4157,4156,4155,4157,4156,4157,4156,4158,4156,4155,4156,4156,4156,4159,4156,4156,4156,4158,4157,4158,4156,4156,4156,4158,4157,4155,4155,4156,4155,4155,4161,4159,4157,4158,4159,4155,4157,4156,4158,4159,4157,4156,4159,4155,4155,4155,4160,4155,4156,4155,4155,4156,4158,4160,4156,4157,4156,4156,4154,4156,4158,4155,4156,4155,4154,4154,4154,4155,4155,4156,4155,4156,4154,4155,4154,4156,4159,4159,4155,4155,4157,4156,4155,4156,-0.36,SJNFAAZE1U0005576,117.68,13.04,8972.0703125,78,75,0,0,0,0,15.5,99.17,-154227,53,1528018928.714,6280,4,1,0,5,0,0,0,0,4,399.01,399.01,1F,1,1,1,0080,67,40,40,0,0,19,23.75
03/06/2018 10:42:12,54 58.53373,-1 31.10137,301,0,481,949898,1144818,397.82,42.502,4149,4141,4144,8,0,90.6,32.6,84.8,29.3,none,none,79.0,26.1,4147,4149,4143,4144,4146,4145,4144,4143,4144,4144,4144,4144,4146,4144,4143,4145,4144,4145,4143,4146,4145,4144,4145,4145,4145,4148,4144,4145,4144,4145,4144,4145,4145,4144,4143,4145,4144,4144,4144,4144,4145,4144,4149,4149,4144,4145,4146,4141,4145,4142,4144,4146,4144,4143,4147,4143,4141,4142,4147,4142,4144,4142,4143,4143,4145,4147,4143,4143,4145,4144,4143,4142,4148,4142,4143,4142,4142,4143,4142,4143,4143,4143,4143,4142,4142,4143,4143,4143,4147,4147,4142,4142,4144,4143,4143,4142,-0.37,SJNFAAZE1U0005576,117.68,13.04,8972.0703125,78,75,0,0,0,0,15.5,99.17,-154227,53,1528018932.373,12440,4,1,0,5,0,0,0,0,4,397.99,397.99,1F,1,1,1,0080,67,40,40,0,0,19,59.00
03/06/2018 10:42:16,54 58.53373,-1 31.10137,301,0,481,949524,1144818,397.15,50.254,4146,4128,4137,18,0,90.4,32.4,84.6,29.2,none,none,79.0,26.1,4138,4146,4132,4141,4136,4140,4137,4136,4136,4138,4137,4139,4138,4138,4138,4138,4137,4138,4138,4139,4140,4138,4137,4139,4138,4141,4138,4138,4137,4140,4138,4139,4138,4138,4137,4140,4134,4140,4134,4139,4135,4139,4139,4144,4135,4140,4137,4137,4135,4139,4134,4144,4134,4140,4137,4140,4132,4140,4136,4141,4131,4142,4131,4142,4132,4146,4131,4143,4133,4143,4131,4141,4135,4145,4128,4144,4128,4144,4130,4144,4129,4144,4128,4143,4129,4142,4131,4142,4135,4144,4132,4140,4133,4142,4130,4138,-0.37,SJNFAAZE1U0005576,117.68,13.04,8972.0703125,78,75,0,0,0,0,15.5,99.17,-154227,53,1528018936.106,16760,4,1,0,5,0,0,0,0,4,397.29,397.29,1F,1,1,1,0080,67,40,40,0,0,19,48.50
03/06/2018 10:42:19,54 58.53373,-1 31.10137,301,0,480,949230,1144818,397.54,35.270,4147,4139,4141,8,0,90.4,32.4,84.6,29.2,none,none,79.0,26.1,4145,-4147,4140,4142,4143,4142,4141,-4142,4140,-4142,4142,-4142,4142,-4143,4141,-4142,4142,-4143,4142,-4142,4142,-4141,4141,4142,4142,-4144,4142,-4142,4142,-4143,4143,-4143,4143,4141,4141,-4143,4142,4142,4141,4142,4142,4141,4146,4144,4142,4143,4143,4140,4143,4140,4141,4143,4143,4142,4146,4140,4141,4140,4145,4140,4142,4141,4142,4141,4144,4144,4141,4141,4142,4142,4141,4140,4145,4140,4141,4141,4140,4141,4141,4141,4141,4141,4139,4141,4140,4141,4141,4141,4145,4145,4140,4141,4143,4141,4140,4141,-0.34,SJNFAAZE1U0005576,117.68,13.04,8972.0703125,78,75,0,0,0,0,15.5,99.17,-154227,53,1528018939.839,11640,4,1,0,5,0,0,0,0,4,397.61,397.61,1F,1,1,1,0080,67,40,40,0,0,19,39.00
03/06/2018 10:42:23,54 58.53373,-1 31.10137,301,0,480,948963,1144818,397.15,44.028,4145,4131,4137,14,0,90.4,32.4,84.6,29.2,none,none,78.8,26.0,4143,4139,4140,4135,4142,4135,4140,4134,4140,4135,4140,4136,4141,4134,4140,4135,4141,4135,4140,4135,4142,4134,4140,4136,4142,4136,4142,4135,4140,4137,4141,4137,4140,4136,4139,4138,-4140,4136,4141,4135,-4139,4135,-4145,4139,-4141,4135,-4139,4136,-4138,4136,-4137,4139,-4138,4136,-4140,4137,-4138,4136,-4140,4135,-4136,4136,-4137,4136,-4139,4140,-4136,4139,-4138,4138,-4136,4138,-4141,4136,-4136,4136,-4137,4136,-4138,4137,-4137,4138,-4139,4131,4140,4131,-4142,4133,4144,4136,4140,4131,4143,4132,4139,4132,-0.34,SJNFAAZE1U0005576,117.68,13.04,8972.0703125,78,75,0,0,0,0,15.5,99.17,-154227,53,1528018943.388,13240,4,1,0,5,0,0,0,0,4,397.22,397.22,1F,1,1,1,0080,67,40,40,0,0,19,47.50
03/06/2018 10:42:26,54 58.53373,-1 31.10137,301,0,480,948674,1144818,396.96,41.984,4143,4126,4135,17,0,90.4,32.4,84.6,29.2,none,none,78.8,26.0,4138,4136,4138,4132,4141,4133,4137,4132,4139,4133,4137,4134,4138,4133,4138,4132,4138,4134,4139,4135,4139,4133,4139,4135,4139,4134,4139,4132,4138,4135,4138,4135,4138,4134,4137,4136,4136,4133,4137,4132,4137,4133,4142,4138,-4138,4135,4138,4133,-4136,4128,-4139,4132,-4139,4131,-4141,4131,-4137,4129,-4143,4128,4138,4127,4139,4127,4142,4133,4140,4129,4140,4131,4139,4131,4140,4126,4140,4126,4141,4128,4142,4128,4141,4127,4142,4128,4136,4128,4138,4127,4141,4133,4137,4129,4141,4129,4138,4129,-0.34,SJNFAAZE1U0005576,117.68,13.04,8972.0703125,78,75,0,0,0,0,15.5,99.17,-154227,53,1528018946.822,13800,4,1,0,5,0,0,0,0,4,397.05,397.05,1F,1,1,1,0080,67,40,40,0,0,19,41.25
03/06/2018 10:42:30,54 58.53373,-1 31.10137,301,0,480,948390,1144818,397.06,37.009,4144,4129,4136,15,0,90.6,32.6,84.8,29.3,none,none,79.0,26.1,-4141,4139,-4139,4134,-4141,4134,-4139,4134,-4138,4135,-4138,4136,-4141,4135,-4140,4134,-4140,4136,-4139,4135,-4141,4134,-4140,4137,-4140,4135,-4140,4133,-4139,4136,-4139,4136,-4140,4135,-4138,4136,-4140,4135,-4139,4135,-4139,4134,-4143,4138,-4139,4135,-4140,4133,-4138,4131,-4140,4134,-4140,4133,-4142,4132,-4137,4131,-4143,4132,-4141,4130,-4141,4130,-4143,4135,-4141,4132,-4140,4131,-4139,4132,-4144,4129,-4141,4130,-4142,4129,-4143,4131,-4141,4130,-4142,4132,-4139,4130,-4139,4132,-4141,4136,-4138,4132,-4139,4132,-4138,4131,-0.36,SJNFAAZE1U0005576,117.68,13.04,8972.0703125,78,75,0,0,0,0,15.5,99.17,-154227,53,1528018950.453,12960,4,1,0,5,0,0,0,0,4,397.15,397.15,1F,1,1,1,0080,67,40,40,0,0,19,37.25
03/06/2018 10:42:34,54 58.53373,-1 31.10137,301,0,480,948146,1144818,397.06,34.446,4147,4127,4136,20,0,90.4,32.4,84.6,29.2,none,none,78.8,26.0,-4142,4138,-4138,4133,-4141,4133,-4138,4132,-4139,4133,-4138,4133,-4140,4133,-4140,4133,-4139,4134,-4139,4135,-4140,4132,-4138,4135,-4141,4134,-4140,4132,-4140,4135,-4138,4135,-4139,4134,-4137,4135,-4140,4134,-4138,4133,-4139,4133,-4143,4137,-4139,4134,-4140,4133,-4139,4129,-4141,4133,-4141,4132,-4143,4130,-4138,4129,-4143,4129,-4142,4129,-4142,4130,-4144,4133,-4141,4130,-4141,4131,-4141,4129,-4147,4128,-4143,4127,-4142,4128,-4144,4128,-4144,4129,-4142,4129,-4140,4130,-4141,4131,-4143,4135,-4139,4131,-4142,4131,-4139,4130,-0.38,SJNFAAZE1U0005576,117.68,13.04,8972.0703125,78,75,0,0,0,0,15.5,99.17,-154227,53,1528018954.370,10360,4,1,0,5,0,0,0,0,4,397.17,397.17,1F,1,1,1,0080,67,40,40,0,0,19,40.00
03/06/2018 10:42:38,54 58.53373,-1 31.10137,301,0,480,947852,1144818,396.48,43.967,4139,4122,4130,17,0,90.6,32.6,84.6,29.2,none,none,79.0,26.1,-4130,4139,-4127,4133,-4130,4133,-4130,4132,-4128,4134,-4129,4133,-4129,4135,-4126,4135,-4127,4135,-4127,4135,-4129,4134,-4127,4135,-4129,4138,-4126,4135,4128,-4134,4129,4134,4130,-4132,4129,-4134,4129,-4133,4128,-4134,4129,-4132,4133,4137,4129,-4133,4130,-4130,-4126,4131,-4127,-4135,-4126,4132,-4130,4131,-4126,4131,-4130,4131,-4124,4134,-4124,4135,-4127,4138,-4125,4134,-4126,4134,-4125,4133,-4128,4135,-4122,4134,-4122,4136,-4123,4135,-4122,4136,-4122,4134,-4123,4133,-4124,4134,-4127,4136,-4125,4132,-4126,4134,-4124,4131,-0.34,SJNFAAZE1U0005576,117.68,13.04,8972.0703125,78,75,0,0,0,0,15.5,99.17,-154227,53,1528018958.275,13320,4,1,0,5,0,0,0,0,4,396.63,396.63,1F,1,1,1,0080,68,40,40,0,0,19,53.25
03/06/2018 10:42:42,54 58.53373,-1 31.10137,301,0,479,947515,1144818,396.67,39.329,4141,4122,4132,19,0,90.4,32.4,84.6,29.2,none,none,78.8,26.0,4132,4140,4128,-4135,4131,4135,4132,-4134,4128,-4136,4129,-4136,4129,-4137,4128,-4136,4129,-4137,4129,4137,4130,-4136,4130,-4137,4129,-4140,4129,-4138,4128,4137,4131,-4136,4131,-4134,4130,-4136,4130,-4135,4130,-4135,4130,-4134,4134,-4138,4131,-4136,4131,4132,4127,-4135,4127,-4137,4128,-4135,4131,-4134,4127,-4134,4131,4134,4125,-4138,4124,-4137,4127,-4141,4126,-4137,4126,4137,4126,-4136,4129,-4139,4123,-4139,4122,-4140,4123,-4139,4122,-4139,4123,-4137,4123,-4136,4125,4136,4128,-4139,4125,-4135,4127,-4136,4125,-4132,-0.35,SJNFAAZE1U0005576,117.68,13.04,8972.0703125,78,75,0,0,0,0,15.5,99.17,-154227,53,1528018962.099,13480,4,1,0,5,0,0,0,0,4,396.57,396.57,1F,1,1,1,0080,68,40,40,0,0,19,39.50
03/06/2018 10:42:45,54 58.53373,-1 31.10137,301,0,479,947234,1144818,396.38,41.495,4138,4121,4129,17,0,90.4,32.4,84.6,29.2,none,none,78.8,26.0,4130,-4138,4126,-4134,4128,4133,4129,-4132,4127,-4132,4127,-4133,4128,-4135,4126,-4135,4127,-4134,4128,-4135,4129,-4134,4128,4135,4127,-4138,4127,-4135,4127,-4134,4129,-4135,4129,4132,4128,-4134,4129,-4133,4127,-4133,4127,-4133,4133,-4137,4128,4133,4129,-4130,4125,-4131,4126,-4135,4127,-4130,4129,-4132,4126,-4132,4129,-4131,4124,-4133,4123,4134,4126,-4138,4125,-4134,4125,-4133,4125,-4132,4127,4135,4121,-4135,4122,-4134,4121,-4134,4122,-4136,4122,-4133,4122,-4133,4124,-4132,4126,-4135,4122,4132,4125,-4133,4123,-4130,-0.34,SJNFAAZE1U0005576,117.68,13.04,8972.0703125,78,75,0,0,0,0,15.5,99.17,-154227,53,1528018965.738,12200,4,1,0,5,0,0,0,0,4,396.46,396.46,1F,1,1,1,0080,68,40,40,0,0,19,43.25
03/06/2018 10:42:49,54 58.53373,-1 31.10137,301,0,479,946953,1144818,396.19,42.777,4136,4118,4127,18,0,90.4,32.4,84.6,29.2,none,none,78.8,26.0,4127,-4136,4122,-4131,4126,4130,4128,-4129,4125,4130,4126,-4132,4126,-4133,4124,-4133,4125,-4132,4125,-4133,4127,-4131,4125,-4132,4126,-4136,4124,4133,4125,-4131,4126,-4131,4127,-4129,4125,-4131,4126,-4131,4125,-4131,4126,-4129,4131,-4134,4126,-4131,4126,-4127,4122,4129,4123,-4132,4124,-4129,4126,-4129,4122,-4129,4125,-4129,4122,-4133,4120,-4132,4123,-4135,4120,4131,4122,-4133,4121,-4131,4124,-4133,4119,-4134,4118,4134,4119,-4133,4119,-4133,4118,-4132,4119,-4131,4120,-4133,4125,-4133,4120,-4130,4122,-4131,4121,4128,-0.32,SJNFAAZE1U0005576,117.68,13.04,8972.0703125,78,75,0,0,0,0,15.5,99.17,-154227,53,1528018969.438,12800,4,1,0,5,0,0,0,0,4,396.27,396.27,1F,1,1,1,0080,68,40,40,0,0,19,45.00
03/06/2018 10:42:53,54 58.53373,-1 31.10137,301,0,479,946640,1144818,396.19,40.336,4137,4118,4127,19,0,90.4,32.4,84.6,29.2,none,none,79.0,26.1,4127,-4137,4122,4131,4126,4130,4128,-4128,4125,-4131,4125,-4131,4125,4132,4124,-4133,4125,-4132,4126,-4134,4127,-4132,4125,-4133,4125,-4135,4124,-4133,4125,-4132,4127,4132,4126,-4130,4125,-4131,4125,-4130,4125,-4131,4126,-4131,4130,4134,4126,-4130,4126,-4127,4123,-4130,4123,-4133,4123,4130,4126,-4130,4123,-4130,4126,-4130,4120,-4132,4121,-4133,4123,-4136,4121,-4133,4122,-4133,4121,4132,4124,-4133,4118,-4132,4118,-4135,4118,-4134,4119,4135,4118,-4134,4120,-4132,4122,-4132,4125,-4134,4121,-4130,4123,-4132,4121,-4127,-0.34,SJNFAAZE1U0005576,117.68,13.04,8972.0703125,78,75,0,0,0,0,15.5,99.17,-154227,53,1528018973.131,13680,4,1,0,5,0,0,0,0,4,396.21,396.21,1F,1,1,1,0080,68,40,40,0,0,19,41.00
03/06/2018 10:42:56,54 58.53373,-1 31.10137,301,0,479,946378,1144818,396.38,35.331,4138,4120,4129,18,0,90.4,32.4,84.6,29.2,none,none,79.0,26.1,-4135,4131,-4131,4127,-4133,4127,-4132,4126,-4132,4128,-4132,4128,-4133,4127,-4132,4127,-4132,4127,-4133,4129,-4133,4126,-4132,4128,-4134,4128,-4134,4126,-4134,4130,-4132,4129,-4132,4128,-4130,4129,-4132,4128,-4132,4127,-4133,4127,-4135,4131,-4132,4128,-4132,4126,-4131,4122,-4133,4126,-4133,4125,-4135,4124,-4132,4123,-4136,4123,-4134,4122,-4135,4122,-4136,4126,-4134,4123,-4134,4123,-4134,4123,-4138,4121,-4135,4121,-4135,4120,-4136,4120,-4136,4122,-4134,4123,-4133,4122,-4133,4123,-4135,4127,-4131,4123,-4134,4124,-4131,4122,-0.33,SJNFAAZE1U0005576,117.68,13.04,8972.0703125,78,75,0,0,0,0,15.5,99.17,-154227,53,1528018976.808,12200,4,1,0,5,0,0,0,0,4,396.38,396.38,1F,1,1,1,0080,68,40,40,0,0,19,40.50
03/06/2018 10:43:00,54 58.53373,-1 31.10137,301,0,479,946086,1144818,396.19,37.925,4136,4118,4127,18,0,90.4,32.4,84.6,29.2,none,none,79.0,26.1,-4132,4129,-4130,4124,-4131,4125,-4129,4124,-4130,4126,-4130,4126,-4131,4126,-4132,4125,-4130,4126,-4131,4128,-4133,4126,-4132,4127,-4132,4126,-4132,4125,-4130,4129,-4130,4128,-4131,4127,-4129,4129,-4131,4126,-4130,4125,-4131,4126,-4135,4130,-4131,4127,-4131,4125,-4130,4121,-4131,4125,-4131,4123,-4133,4122,-4130,4121,-4134,4122,-4132,4119,-4132,4122,-4135,4124,-4132,4121,-4134,4122,-4133,4122,-4136,4119,-4134,4119,-4134,4118,-4135,4119,-4135,4119,-4134,4120,-4130,4121,-4132,4122,-4133,4125,-4129,4121,-4132,4122,-4129,4122,-0.33,SJNFAAZE1U0005576,117.68,13.04,8972.0703125,78,75,0,0,0,0,15.5,99.17,-154227,53,1528018980.831,12560,4,1,0,5,0,0,0,0,4,396.22,396.22,1F,1,1,1,0080,68,40,40,0,0,19,36.50
03/06/2018 10:43:04,54 58.53373,-1 31.10137,301,0,479,945811,1144818,396.10,39.084,4135,4118,4126,17,0,90.6,32.6,84.6,29.2,none,none,78.8,26.0,-4131,4129,-4128,4124,-4131,4125,-4128,4124,-4128,4125,-4129,4124,-4130,4125,-4130,4124,-4129,4125,-4129,4126,-4130,4123,-4130,4126,-4131,4127,-4130,4125,-4129,4127,-4129,4126,-4129,4125,-4128,4126,-4130,4124,-4129,4124,-4129,4124,-4133,4129,-4129,4124,-4129,4123,-4126,4121,-4129,4125,-4129,4122,-4131,4122,-4128,4120,-4132,4120,-4129,4119,-4130,4119,-4132,4124,-4130,4121,-4130,4122,-4129,4121,-4135,4118,-4131,4118,-4130,4119,-4131,4119,-4131,4119,-4130,4119,-4128,4120,-4129,4123,-4130,4125,-4126,4120,-4129,4121,-4127,4121,-0.34,SJNFAAZE1U0005576,117.68,13.04,8973.6796875,78,75,0,0,0,0,15.5,99.17,-154227,53,1528018984.712,11880,4,1,0,5,0,0,0,0,4,396.13,396.13,1F,1,1,1,0080,68,40,40,0,0,19,39.25
03/06/2018 10:43:08,54 58.53373,-1 31.10137,301,0,478,945545,1144818,396.48,28.190,4138,4120,4130,18,0,90.6,32.6,84.8,29.3,none,none,79.0,26.1,-4133,4131,-4133,4126,-4136,4127,-4133,4127,-4134,4127,-4134,4128,-4135,4128,-4134,4127,-4134,4127,-4134,4128,-4135,4127,-4135,4129,-4134,4128,-4135,4128,-4134,4128,-4134,4129,-4133,4128,-4134,4130,-4134,4128,-4134,4127,-4134,4127,-4137,4132,-4134,4128,-4135,4125,-4132,4123,-4134,4126,-4134,4125,-4136,4125,-4132,4123,-4138,4124,-4135,4123,-4136,4123,-4138,4127,-4136,4126,-4135,4125,-4134,4124,-4136,4120,-4137,4121,-4136,4121,-4137,4122,-4136,4121,-4136,4124,-4132,4122,-4133,4124,-4135,4129,-4131,4124,-4134,4125,-4133,4124,-0.35,SJNFAAZE1U0005576,117.68,13.04,8973.6796875,78,75,0,0,0,0,15.5,99.17,-154227,53,1528018988.718,9840,4,1,0,5,0,0,0,0,4,396.46,396.46,1F,1,1,1,0080,68,40,40,0,0,19,21.50
03/06/2018 10:43:12,54 58.53373,-1 31.10137,301,0,478,945370,1144818,396.29,30.662,4138,4120,4128,18,0,90.6,32.6,84.8,29.3,none,none,79.0,26.1,4129,-4138,4125,-4132,4128,4131,4128,-4131,4125,-4131,4126,-4132,4128,-4133,4125,-4133,4126,-4133,4126,-4133,4128,-4133,4126,4132,4127,-4136,4125,-4134,-4126,4133,-4127,-4132,-4128,4131,-4127,4132,-4127,4132,-4126,4132,-4128,4131,-4131,4135,-4128,4132,-4128,4128,-4125,4130,-4125,4133,-4126,4129,-4128,4130,-4125,4130,-4127,4130,-4123,4131,-4122,4132,-4126,4136,-4123,4134,-4125,4132,-4122,4131,-4126,4134,-4121,4133,4120,-4134,4120,4133,4120,-4134,4120,-4132,4121,-4131,4122,-4131,4125,-4133,4123,4132,4124,-4132,4122,-4128,-0.36,SJNFAAZE1U0005576,117.69,13.04,8973.6796875,78,75,0,0,0,0,15.5,99.17,-154227,53,1528018992.333,8920,4,1,0,5,0,0,0,0,4,396.37,396.37,1F,1,1,1,0080,68,40,40,0,0,11,37.00
03/06/2018 10:43:16,54 58.53373,-1 31.10137,301,0,478,945225,1144818,397.34,8.414,4145,4136,4139,9,0,90.6,32.6,84.6,29.2,none,none,79.0,26.1,4144,-4145,4139,-4140,4142,4141,4139,-4139,4140,4140,4139,-4140,4141,-4139,4139,-4139,4139,-4140,4140,-4141,4141,-4140,4140,-4141,4140,-4141,4139,4142,4136,-4143,4138,-4141,4140,-4139,4140,-4141,4140,-4140,4140,4139,4140,-4139,4144,-4144,4141,-4140,4141,-4138,4140,4138,4141,-4142,4140,-4139,4143,-4140,4139,-4137,4143,-4138,4140,-4139,4140,-4139,4142,-4142,4140,4140,4140,-4139,4138,-4138,4140,-4139,4139,-4138,4138,4138,4139,-4139,4139,-4138,4138,-4138,4138,-4138,4138,-4138,4142,-4142,4138,-4138,4141,-4139,4138,4138,0.32,SJNFAAZE1U0005576,117.69,13.12,8973.6796875,78,75,0,0,0,0,15.5,99.17,-154227,53,1528018996.228,6600,3,1,0,5,0,0,0,0,4,397.16,397.16,1F,1,1,1,0080,68,40,40,0,0,19,0.00
03/06/2018 10:43:19,54 58.53373,-1 31.10137,301,0,478,945195,1144818,397.15,10.734,4144,4135,4137,9,0,90.6,32.6,84.6,29.2,none,none,79.0,26.1,4141,-4143,4138,4138,4141,4138,4138,-4137,4138,-4138,4138,-4138,4139,4139,4138,-4138,4138,-4140,4135,-4142,4137,-4141,4135,-4142,4136,4144,4135,4142,4135,4140,4136,4140,4138,4138,4136,4141,4136,4141,4135,4139,4139,4137,4143,4141,4139,-4138,4140,4135,4137,-4136,4139,-4138,4138,4138,4140,-4136,4136,-4135,4141,-4135,4137,-4138,4135,-4137,4140,-4140,4137,-4138,4137,-4138,4137,4136,4139,-4136,4136,-4136,4136,-4137,4136,-4138,4136,4137,4137,-4137,4135,-4137,4137,-4136,4140,-4140,4136,-4135,4138,-4137,4137,-4136,0.22,SJNFAAZE1U0005576,117.69,13.44,8973.6796875,78,75,0,0,0,0,15.5,99.17,-154227,53,1528018999.962,2320,3,1,0,5,0,0,0,0,4,397.30,397.30,1F,1,1,1,0080,68,40,40,0,0,19,3.00
03/06/2018 10:43:23,54 58.53373,-1 31.10137,301,0,478,945148,1144818,397.25,10.856,4144,4135,4138,9,0,90.4,32.4,84.6,29.2,none,none,79.0,26.1,4142,-4144,4138,-4139,4140,4139,4137,4140,4135,4140,4138,-4139,4139,4139,4137,4139,4137,4140,4138,4140,4140,4138,4139,4139,4139,4142,4138,4139,4138,4141,4138,4140,4139,4139,4139,4141,4138,4139,4138,4138,4138,4138,4143,4143,4140,4139,4140,4137,4139,4136,4139,4140,4140,4139,4142,4137,4137,4136,4142,4136,4138,4137,4137,4138,4141,4142,4137,4138,4138,4138,4138,4137,4141,4137,4137,4137,4136,4137,4137,4137,4137,4138,4137,4137,4137,4136,4137,4137,4141,4141,4136,4138,4139,-4138,4136,4138,0.19,SJNFAAZE1U0005576,117.69,13.76,8973.6796875,78,75,0,0,0,0,16.0,99.17,-154227,53,1528019003.483,3480,3,1,0,5,0,0,0,0,4,397.36,397.36,1F,1,1,1,0080,68,40,40,0,0,19,6.25
03/06/2018 10:43:27,54 58.53373,-1 31.10137,301,0,478,945101,1144818,397.34,18.180,4145,4136,4139,9,0,90.6,32.6,84.6,29.2,none,none,79.0,26.1,4143,4145,4139,4140,4141,4140,4139,4139,4139,4139,4139,4140,4140,4140,4139,4140,4139,4140,4138,4140,4140,4139,4139,4140,4140,4142,4140,4140,4139,4142,4139,4141,4140,4140,4140,4140,4139,4139,4138,4139,4139,4140,4143,4143,4140,4141,4141,4138,4140,4138,4139,4141,4141,4139,4142,4138,4139,-4138,4142,-4137,4139,4137,4138,-4138,4140,-4143,4138,-4139,4139,-4139,4138,-4138,4139,-4139,4139,-4138,4138,-4138,4138,4137,4138,-4138,4137,-4138,4136,4138,4137,4138,4141,4142,4138,4139,4140,4138,4137,4137,0.24,SJNFAAZE1U0005576,117.69,14.08,8973.6796875,78,75,0,0,0,0,16.0,99.17,-154227,53,1528019007.373,2800,3,1,0,5,0,0,0,0,4,397.22,397.22,1F,1,1,1,0080,69,40,40,0,0,19,0.00
03/06/2018 10:43:31,54 58.53373,-1 31.10137,301,0,478,945092,1144818,398.30,-30.829,4155,4147,4149,8,0,90.6,32.6,84.8,29.3,none,none,79.0,26.1,4153,4155,4149,4151,4150,4151,4149,4150,4150,4150,4149,4150,4150,4150,4148,4150,4149,4150,4148,4152,4151,4149,4149,4150,4149,4152,4149,4149,4149,4150,4150,4150,4150,4149,4148,4151,4148,4149,4148,4150,4149,4149,4153,4153,4150,4151,4151,4148,4151,4149,4150,4152,4152,4150,4153,4149,4148,4148,4153,4148,4149,4147,4149,4148,-4150,4153,4149,4148,-4150,4149,-4150,4148,-4149,4149,-4148,4149,-4148,4147,-4149,4148,-4149,4149,-4149,4148,4148,4147,-4148,4147,4153,4152,4149,4148,4152,4150,4148,4149,0.25,SJNFAAZE1U0005576,117.69,14.32,8973.6796875,78,75,0,0,0,0,16.0,99.17,-154227,54,1528019011.124,0,3,1,0,5,0,0,0,0,4,398.87,398.87,1F,1,1,1,0080,69,40,40,0,0,19,-92.00
03/06/2018 10:43:34,54 58.53373,-1 31.10137,301,0,478,945260,1144818,398.02,-1.807,4152,4144,4146,8,0,90.4,32.4,84.8,29.3,none,none,79.0,26.1,4151,4152,4146,4146,4149,4148,4146,4146,4146,4146,4146,4147,4147,4147,4147,4147,4146,4147,4146,4148,4148,4147,4147,4149,4147,4150,4147,4147,4146,4148,4147,4148,4148,4146,4146,4148,4147,4147,4145,4146,4147,4147,4152,4151,4148,4148,4149,4145,4148,4145,4148,4149,4148,4148,4151,4146,4146,4145,4151,4145,4147,4145,4146,4146,4148,4150,4146,4146,4147,4146,4145,4145,4147,4146,4147,4145,4146,4146,4145,4145,4145,4146,4145,4146,4144,4145,4145,4146,4149,4151,4145,4146,4148,4147,4145,4145,0.21,SJNFAAZE1U0005576,117.69,14.32,8973.6796875,78,75,0,0,0,0,16.0,99.17,-154234,54,1528019014.963,0,4,1,0,5,0,0,0,0,4,398.17,398.17,1F,1,1,1,0080,69,40,40,0,0,19,-26.50
03/06/2018 10:43:38,54 58.53373,-1 31.10137,301,0,478,945017,1144818,394.75,82.236,4123,4103,4112,20,0,90.4,32.4,84.6,29.2,none,none,78.8,26.0,4113,4116,4110,4113,4113,4114,4111,4113,4111,4114,4112,4115,4114,4115,4113,4116,4112,4116,4113,4116,4114,4115,4113,4116,4113,4118,4113,4116,4113,4117,4114,4116,4114,4114,4113,4115,4113,4114,4112,4113,4113,4113,4116,4117,4112,4114,4111,4112,4109,4108,4109,4113,4110,4110,4112,4109,4110,4111,4113,4109,4109,4110,4114,4105,4118,4109,4116,4106,4117,4106,4115,4106,4123,4104,4116,4103,4117,4104,4118,4103,4118,4103,4115,4103,4114,4105,4116,4106,4116,4108,4110,4110,4110,4110,4107,4109,0.12,SJNFAAZE1U0005576,117.69,14.32,8973.6796875,78,75,0,0,0,0,16.0,99.17,-154234,54,1528019018.760,24480,3,1,0,5,0,0,0,0,4,394.99,394.99,1F,1,1,1,0080,69,40,40,0,0,19,143.50
03/06/2018 10:43:42,54 58.53373,-1 31.10137,301,0,478,944313,1144818,393.60,98.841,4113,4091,4100,22,0,90.6,32.6,84.6,29.2,none,none,79.0,26.1,-4102,4101,-4103,4097,-4105,4099,-4105,4098,-4104,4100,-4104,4100,-4106,4101,-4106,4101,-4106,4101,-4106,4102,-4107,4100,-4106,4102,-4107,4102,-4108,4100,-4106,4103,-4105,4102,-4105,4100,-4105,4103,-4104,4099,-4105,4099,-4104,4099,-4108,4102,-4104,4099,-4102,4095,-4099,4093,-4102,4096,-4103,4093,-4102,4094,-4104,4094,-4106,4092,-4103,4092,-4104,4094,-4107,4096,-4105,4095,-4105,4095,-4104,4095,-4113,4092,-4106,4092,-4106,4091,-4106,4092,-4107,4093,-4105,4092,-4102,4092,-4104,4095,-4103,4095,-4099,4093,-4103,4094,-4101,4092,0.11,SJNFAAZE1U0005576,117.69,14.32,8973.6796875,78,75,0,0,0,0,16.0,99.17,-154234,54,1528019022.571,32720,3,1,0,5,0,0,0,0,4,393.55,393.55,1F,1,1,1,0080,69,40,40,0,0,19,78.25
03/06/2018 10:43:46,54 58.53373,-1 31.10137,301,0,478,943734,1144818,394.37,67.191,4117,4098,4108,19,0,90.4,32.4,84.6,29.2,none,none,79.0,26.1,-4106,4117,-4102,4111,-4105,4111,-4108,4110,-4105,4113,-4105,4113,-4106,4114,-4105,4115,-4106,4114,-4107,4115,-4107,4114,-4107,4114,-4107,4117,-4106,4116,4106,-4114,4107,4113,4108,-4112,4107,-4114,4107,-4112,4106,-4113,4107,-4110,4110,4115,4106,-4112,4106,-4107,4101,-4109,4101,-4112,4103,4108,4106,-4109,4105,-4110,4106,-4108,4101,-4111,4100,-4113,4104,-4115,4101,-4115,4103,-4114,4101,4113,4106,-4114,4098,-4114,4099,-4115,4099,-4114,4099,4115,4098,-4113,4100,-4111,4100,-4113,-4103,4113,-4100,-4111,-4102,4110,-4099,4107,0.09,SJNFAAZE1U0005576,117.69,14.32,8973.6796875,78,75,0,0,0,0,16.0,99.17,-154234,54,1528019026.334,22160,3,1,0,5,0,0,0,0,4,394.31,394.31,1F,1,1,1,0080,70,40,40,0,0,19,56.25
03/06/2018 10:43:50,54 58.53373,-1 31.10137,301,0,477,943309,1144818,395.04,45.005,4125,4105,4115,20,0,90.4,32.4,84.6,29.2,none,none,79.0,26.1,4114,4125,4111,-4119,4114,4118,4116,-4117,4113,-4121,4113,-4121,4114,-4123,4113,-4121,4113,-4121,4114,4122,4115,-4121,4113,-4122,4114,-4125,4112,-4123,4113,4120,4115,-4121,4115,-4119,4115,-4120,4114,-4120,4114,-4120,4114,-4118,4118,-4123,4114,-4119,4114,4116,4111,-4117,4110,-4121,4111,-4116,4113,-4117,4111,4117,4113,-4118,4108,-4119,4108,-4122,4111,-4123,4110,-4121,4110,-4120,4108,-4120,4114,-4122,4106,4123,4107,-4122,4106,-4121,4107,-4121,4105,-4119,4108,4119,4109,-4120,4111,-4120,4108,-4119,4110,-4120,4108,-4115,0.16,SJNFAAZE1U0005576,117.69,14.32,8973.6796875,78,75,0,0,0,0,16.0,99.17,-154234,54,1528019030.273,14840,4,1,0,5,0,0,0,0,4,395.02,395.02,1F,1,1,1,0080,70,40,40,0,0,19,35.50
03/06/2018 10:43:54,54 58.53373,-1 31.10137,301,0,477,943041,1144818,395.33,36.674,4126,4108,4118,18,0,90.4,32.4,84.8,29.3,none,none,79.0,26.1,4117,-4126,4114,-4121,4116,4120,4118,-4120,4116,-4122,4116,-4122,4116,-4124,4115,-4123,4115,-4122,4116,-4124,4117,-4123,4116,4123,4116,-4126,4115,-4124,4116,-4123,4117,-4122,4118,4121,4117,-4122,4117,-4122,4116,-4121,4116,-4121,4120,-4125,4116,-4122,4117,-4118,4113,-4119,4112,4122,4113,-4120,4116,-4119,4113,-4119,4115,-4120,4112,4122,4110,-4123,4113,-4126,4111,-4124,4112,-4123,4110,-4122,4115,-4123,4108,-4124,4108,-4124,4109,4125,4110,-4124,4109,-4123,4108,-4122,4111,-4122,4114,4124,4109,-4121,4112,-4121,4111,-4118,-0.01,SJNFAAZE1U0005576,117.69,14.32,8973.6796875,78,75,0,0,0,0,16.0,99.17,-154234,54,1528019034.074,10520,3,1,0,5,0,0,0,0,4,395.48,395.48,1F,1,1,1,0080,70,40,40,0,0,19,31.75
03/06/2018 10:43:57,54 58.53373,-1 31.10137,301,0,477,942732,1144818,395.04,42.472,4124,4107,4115,17,0,90.6,32.6,84.8,29.3,none,none,79.0,26.1,4115,-4124,4112,-4119,4115,4117,4116,-4116,4113,4118,4114,-4118,4115,-4120,4113,-4120,4114,-4120,4114,-4122,4115,-4120,4114,-4121,4115,-4122,4113,4122,4114,-4120,4115,-4120,4115,-4120,4116,-4120,4114,4118,4114,-4118,4115,-4117,4119,-4122,4114,-4118,4115,-4114,4111,-4115,4111,-4119,4111,-4116,4115,4115,4110,-4117,4114,-4115,4109,-4118,4109,-4119,4112,4123,4109,-4119,4111,-4120,4110,-4119,4113,-4119,4107,-4120,4107,-4121,4108,-4120,4109,-4120,4107,4119,4108,-4119,4109,-4118,4112,-4120,4109,-4116,4110,-4118,4109,4114,0.09,SJNFAAZE1U0005576,117.69,14.32,8973.6796875,78,75,0,0,0,0,16.0,99.17,-154234,54,1528019037.953,13920,3,1,0,5,0,0,0,0,4,395.11,395.11,1F,1,1,1,0080,71,40,40,0,0,11,34.75
03/06/2018 10:44:01,54 58.53373,-1 31.10137,301,0,477,942414,1144818,395.04,40.397,4124,4105,4115,19,0,90.6,32.6,84.8,29.3,none,none,79.0,26.1,4114,-4124,4110,4119,4114,4117,4116,-4117,4113,-4119,4113,-4119,4114,4122,4113,-4121,4113,-4121,4114,-4122,4115,-4119,4114,-4121,4114,-4123,4112,-4121,4114,-4120,4115,4120,4115,-4119,4113,-4120,4115,-4120,4114,-4119,4115,4118,4117,-4121,4113,-4119,4114,-4114,4110,-4116,4110,-4119,4110,-4116,4113,-4116,4110,-4117,4114,4117,4108,-4120,4108,-4120,4110,-4123,4108,-4120,4110,4121,4109,-4118,4113,-4121,4106,-4122,4105,-4122,4106,-4122,4107,-4121,4106,-4120,4107,-4119,4108,4120,4111,-4121,4108,-4118,4110,-4119,4109,-4115,0.09,SJNFAAZE1U0005576,117.69,14.32,8973.6796875,78,75,0,0,0,0,16.0,99.17,-154234,54,1528019041.860,12120,3,1,0,5,0,0,0,0,4,395.08,395.08,1F,1,1,1,0080,71,40,40,0,0,11,45.25
03/06/2018 10:44:05,54 58.53373,-1 31.10137,301,0,477,941998,1144818,394.46,58.982,4117,4099,4109,18,0,90.4,32.4,84.6,29.2,none,none,79.0,26.1,-4114,4110,-4112,4106,-4115,4107,-4112,4107,-4113,4108,-4112,4109,-4114,4108,-4115,4108,-4114,4109,-4114,4109,-4116,4109,-4115,4110,-4116,4109,-4115,4107,-4115,4110,-4114,4110,-4114,4109,-4114,4111,-4113,4108,-4114,4108,-4114,4108,-4116,4111,-4112,4108,-4112,4106,-4110,4102,-4112,4104,-4113,4104,-4114,4103,-4111,4103,-4116,4103,-4111,4102,-4114,4102,-4116,4106,-4114,4104,-4115,4104,-4114,4104,-4117,4099,-4115,4100,-4115,4101,-4116,4101,-4115,4101,-4114,4102,-4111,4103,-4114,4103,-4113,4107,-4109,4101,-4112,4103,-4111,4102,0.08,SJNFAAZE1U0005576,117.69,14.32,8973.6796875,78,75,0,0,0,0,16.0,99.17,-154234,54,1528019045.690,18640,2,1,0,5,0,0,0,0,4,394.34,394.34,1F,1,1,1,0080,71,40,40,0,0,11,42.50
03/06/2018 10:44:09,54 58.53373,-1 31.10137,301,0,477,941621,1144818,394.85,47.263,4122,4106,4113,16,0,90.6,32.6,84.8,29.3,none,none,79.0,26.1,-4117,4115,-4116,4110,-4118,4112,-4117,4110,-4115,4112,-4116,4113,-4117,4113,-4118,4112,-4117,4114,-4118,4113,-4118,4113,-4117,4114,-4119,4114,-4118,4112,-4117,4114,-4117,4114,-4117,4113,-4116,4115,-4116,4113,-4117,4111,-4117,4112,-4120,4115,-4116,4113,-4117,4110,-4115,4107,-4115,4110,-4116,4110,-4118,4109,-4115,4107,-4120,4107,-4117,4108,-4117,4106,-4119,4112,-4117,4108,-4117,4109,-4116,4108,-4122,4106,-4118,4106,-4117,4107,-4119,4106,-4119,4106,-4117,4106,-4116,4108,-4116,4109,-4118,4111,-4114,4108,-4117,4108,-4115,4107,0.07,SJNFAAZE1U0005576,117.69,14.32,8973.6796875,78,75,0,0,0,0,16.0,99.17,-154234,54,1528019049.516,15920,2,1,0,5,0,0,0,0,4,394.59,394.59,1F,1,1,1,0080,71,40,40,0,0,19,28.00
03/06/2018 10:44:13,54 58.53373,-1 31.10137,301,0,476,941415,1144818,395.81,5.485,4131,4116,4123,15,0,90.8,32.7,84.8,29.3,none,none,79.2,26.2,-4128,4126,-4125,4120,-4127,4122,-4126,4120,-4127,4123,-4126,4123,-4128,4122,-4126,4122,-4126,4123,-4126,4123,-4127,4122,-4127,4123,-4127,4123,-4127,4122,-4127,4124,-4126,4123,-4126,4122,-4125,4124,-4127,4122,-4126,4122,-4126,4122,-4130,4126,-4127,4122,-4127,4120,-4124,4117,-4127,4121,-4127,4119,-4130,4119,-4125,4118,-4130,4118,-4127,4117,-4127,4118,-4131,4121,-4127,4118,-4129,4119,-4129,4119,-4128,4116,-4129,4116,-4128,4116,-4129,4116,-4128,4118,-4128,4118,-4126,4118,-4127,4118,-4129,4121,-4125,4117,-4127,4119,-4125,4118,0.05,SJNFAAZE1U0005576,117.69,14.32,8973.6796875,78,75,0,0,0,0,15.5,99.17,-154234,54,1528019053.030,2120,3,1,0,5,0,0,0,0,4,396.11,396.11,1F,1,1,1,0080,71,40,40,0,0,19,18.00
03/06/2018 10:44:20,54 58.53373,-1 31.10137,301,0,476,941048,1144818,395.81,18.149,4132,4113,4123,19,0,90.8,32.7,84.8,29.3,none,none,79.2,26.2,4123,-4132,4119,-4128,4121,4125,4123,-4126,4120,-4128,4120,-4128,4121,-4129,4120,-4129,4119,-4129,4120,-4129,4121,-4128,4120,4129,4121,-4131,4119,-4129,4120,-4128,4122,-4128,4123,4127,4121,-4127,4122,-4128,4121,-4128,4121,-4126,4125,-4131,4121,-4127,4122,-4123,4120,-4126,4119,4130,4120,-4125,4122,-4124,4119,-4127,4121,-4125,4117,4128,4116,-4129,-4118,4131,-4116,-4129,-4118,4129,-4116,4128,-4121,4131,-4114,4130,4115,-4129,4114,4129,4115,-4130,4113,-4128,4116,-4129,4116,-4128,4120,-4129,4116,4126,4117,-4128,4115,-4124,0.07,SJNFAAZE1U0005576,117.70,14.32,8973.6796875,78,75,0,0,0,0,15.5,99.17,-154234,54,1528019060.545,6600,2,1,0,5,0,0,0,0,4,395.79,395.79,1F,1,1,1,0080,71,40,40,0,0,19,13.00
03/06/2018 10:44:24,54 58.53373,-1 31.10137,301,0,476,940901,1144818,395.81,20.805,4133,4114,4123,19,0,90.8,32.7,84.8,29.3,none,none,79.2,26.2,4124,-4133,4119,-4126,4123,4125,4124,-4124,4121,4127,4120,-4126,4121,-4129,4120,-4128,4121,-4128,4121,-4129,4122,-4127,4121,-4128,4121,-4131,4119,4129,4121,-4127,4123,-4128,4123,-4126,4122,-4128,4123,4127,4121,-4127,4121,-4125,4127,-4130,4122,-4127,4122,-4123,4119,-4126,4119,-4129,4120,-4123,4122,4124,4119,-4125,4122,-4125,4117,-4127,4115,-4130,4119,4130,4117,-4130,4117,-4128,4116,-4127,4120,-4131,4114,-4130,4114,4129,4114,-4130,4114,-4129,4115,-4128,4115,-4126,4116,-4129,4120,-4128,4115,-4127,4117,-4127,4117,4124,0.05,SJNFAAZE1U0005576,117.70,14.32,8973.6796875,78,75,0,0,0,0,15.5,99.17,-154234,54,1528019064.384,6440,3,1,0,5,0,0,0,0,4,395.78,395.78,1F,1,1,1,0080,71,40,40,0,0,19,16.75
03/06/2018 10:44:27,54 58.53373,-1 31.10137,301,0,476,940722,1144818,395.42,28.830,4129,4112,4119,17,0,90.6,32.6,84.8,29.3,none,none,79.2,26.2,4119,-4129,4115,4123,4118,4122,4120,-4121,4117,-4124,4117,-4123,4117,4124,4116,-4125,4117,-4125,4118,-4125,4120,-4123,4117,-4126,4118,-4127,4116,-4126,4118,-4124,4119,4124,4120,-4123,4118,-4123,4118,-4122,4117,-4123,4118,4121,4122,-4126,4119,-4123,4119,-4119,4117,-4121,4115,-4124,4115,-4120,4119,-4120,4115,-4121,4118,4122,4114,-4122,4113,-4123,4115,-4127,4113,-4124,4116,-4123,4114,4122,4117,-4124,4112,-4125,4112,-4123,4112,-4124,4112,4123,4112,-4123,4112,-4122,4114,-4122,4117,-4124,4113,-4123,4115,-4122,4112,-4118,0.04,SJNFAAZE1U0005576,117.70,14.32,8973.6796875,78,75,0,0,0,0,15.5,99.17,-154234,54,1528019067.792,8560,2,1,0,5,0,0,0,0,4,395.52,395.52,1F,1,1,1,0080,72,40,40,0,0,19,26.50
03/06/2018 10:44:31,54 58.53373,-1 31.10137,301,0,476,940460,1144818,394.85,38.962,4122,4103,4113,19,0,90.8,32.7,85.0,29.4,none,none,79.2,26.2,4112,-4121,4109,-4117,4112,4116,4114,4114,4112,-4118,4112,-4118,4112,-4119,4110,-4117,4112,4120,4112,-4119,4113,-4119,4112,-4118,4111,-4122,4110,-4120,4112,-4119,4113,-4118,4113,-4117,4113,4118,4112,-4117,4112,-4117,4112,-4117,4116,-4120,4112,4117,4112,-4114,4108,-4114,4108,-4118,4108,-4115,4111,-4114,4107,-4115,4112,-4115,4106,-4117,4106,4119,4109,-4121,4107,-4118,4109,-4119,4107,-4116,4109,-4120,4104,4119,4103,-4120,4104,-4119,4104,-4120,4103,-4118,4105,4117,4106,-4116,4108,-4119,4106,-4115,4107,-4116,4106,-4113,0.05,SJNFAAZE1U0005576,117.70,14.32,8973.6796875,78,75,0,0,0,0,15.5,99.17,-154234,54,1528019071.555,12320,2,1,0,5,0,0,0,0,4,395.00,395.00,1F,1,1,1,0080,71,40,40,0,0,19,34.50
03/06/2018 10:44:35,54 58.53373,-1 31.10137,301,0,476,940147,1144818,394.94,39.664,4123,4107,4114,16,0,90.6,32.6,84.8,29.3,none,none,79.2,26.2,4119,-4117,4117,-4112,4118,4112,4118,-4112,4117,-4112,4118,4114,4119,-4113,4120,-4114,4119,-4113,4118,-4114,4120,4114,4118,-4115,4120,-4116,4119,-4113,4119,-4116,4118,-4116,4118,-4114,4117,-4116,4118,-4114,4117,4113,4117,-4112,4122,-4117,4118,-4113,4118,-4110,4115,4108,4117,-4111,-4117,4110,-4119,-4110,4117,4108,-4120,4109,4118,4109,4118,-4108,4121,-4112,4117,-4110,4117,-4110,4117,-4109,4123,-4108,4119,-4108,4119,-4107,4120,4109,4120,-4108,4118,-4107,4115,-4109,4117,-4111,4118,4113,4114,-4108,4116,-4109,4116,-4109,0.03,SJNFAAZE1U0005576,117.70,14.32,8973.6796875,78,75,0,0,0,0,15.5,99.17,-154234,54,1528019075.339,13920,2,0,0,0,0,0,0,0,4,394.76,394.76,1F,1,1,1,0080,71,40,40,0,0,19,23.50
03/06/2018 10:44:39,54 58.53373,-1 31.10137,301,0,476,939947,1144818,395.90,24.894,4132,4115,4124,17,0,90.6,32.6,84.8,29.3,none,none,79.2,26.2,-4129,4124,-4128,4120,-4130,4121,-4127,4121,-4127,4121,-4128,4123,-4128,4121,-4129,4121,-4128,4121,-4128,4122,-4129,4121,-4128,4123,-4129,4122,-4130,4120,-4127,4123,-4128,4123,-4127,4123,-4126,4124,-4127,4121,-4129,4122,-4128,4121,-4132,4126,-4128,4122,-4128,4120,-4127,4117,-4128,4121,-4129,4121,-4131,4118,-4127,4117,-4132,4118,-4128,4116,-4130,4116,-4132,4121,-4130,4119,-4130,4119,-4129,4119,-4129,4115,-4131,4115,-4130,4116,-4131,4116,-4131,4116,-4130,4117,-4127,4117,-4129,4118,-4131,4122,-4127,4117,-4130,4118,-4127,4118,0.04,SJNFAAZE1U0005576,117.70,14.32,8973.6796875,78,75,0,0,0,0,15.5,99.17,-154234,54,1528019079.110,9000,2,0,0,0,0,0,0,0,4,395.33,395.33,1F,1,1,1,0080,71,40,40,0,0,19,-30.50
03/06/2018 10:44:43,54 58.53373,-1 31.10137,301,0,476,940053,1144818,396.00,16.715,4131,4122,4125,9,0,90.6,32.6,85.0,29.4,none,none,79.2,26.2,-4128,4131,-4125,4125,-4127,4126,-4125,4125,-4125,4126,-4125,4127,4127,4127,4125,4126,4126,4126,4126,4128,4127,4125,4126,4128,4126,4129,4126,4126,4126,4128,4126,4127,4128,4126,4126,4127,4127,4126,4125,4126,4126,4125,4131,4130,4126,4126,4128,4124,4125,4122,4126,4125,-4126,4123,4129,4122,-4126,4122,-4129,4123,-4125,4123,-4124,4124,-4127,4128,-4125,4125,-4126,4125,-4124,4123,-4127,4124,-4124,4124,-4123,4125,-4125,4124,-4125,4125,-4123,4125,-4123,4123,-4124,4125,-4127,4127,-4123,4125,-4124,4124,-4123,4122,0.02,SJNFAAZE1U0005576,117.70,14.32,8973.6796875,78,75,0,0,0,0,15.5,99.17,-154238,54,1528019083.128,4920,2,0,0,0,0,0,0,0,4,396.03,396.03,1F,1,1,1,0080,72,40,40,0,0,11,11.50
03/06/2018 10:44:47,54 58.53373,-1 31.10137,301,0,476,939950,1144818,396.10,12.382,4135,4117,4126,18,0,90.6,32.6,84.8,29.3,none,none,79.0,26.1,-4133,4128,-4130,4123,-4132,4124,-4130,4123,-4130,4124,-4130,4124,-4131,4123,-4131,4123,-4130,4124,-4131,4124,-4132,4123,-4131,4126,-4133,4126,-4133,4122,-4131,4126,-4131,4126,-4130,4125,-4130,4127,-4130,4125,-4130,4123,-4131,4124,-4135,4128,-4131,4125,-4131,4123,-4128,4120,-4132,4123,-4131,4123,-4132,4121,-4129,4120,-4135,4120,-4131,4119,-4132,4119,-4134,4123,-4132,4121,-4132,4121,-4132,4121,-4133,4117,-4134,4118,-4132,4117,-4133,4117,-4132,4117,-4133,4119,-4129,4119,-4131,4120,-4133,4126,-4127,4120,-4132,4121,-4130,4121,-0.13,SJNFAAZE1U0005576,117.70,14.32,8973.6796875,78,75,0,0,0,0,15.5,99.17,-154238,54,1528019087.087,4720,2,1,0,4,0,0,0,0,4,396.20,396.20,1F,1,1,1,0080,72,40,40,0,0,19,11.75
03/06/2018 10:44:50,54 58.53373,-1 31.10137,301,0,476,939814,1144818,395.62,25.840,4130,4112,4121,18,0,90.6,32.6,84.8,29.3,none,none,79.2,26.2,-4125,4121,-4126,4118,-4127,4119,-4125,4118,-4125,4120,-4126,4120,-4126,4119,-4126,4119,-4126,4119,-4127,4120,-4127,4118,-4126,4122,-4127,4120,-4128,4119,-4125,4121,-4126,4122,-4126,4120,-4125,4121,-4125,4119,-4125,4119,-4125,4120,-4129,4124,-4125,4120,-4126,4118,-4123,4114,-4125,4118,-4125,4116,-4127,4116,-4124,4115,-4129,4115,-4125,4114,-4126,4114,-4129,4117,-4127,4116,-4127,4115,-4125,4116,-4130,4112,-4129,4113,-4127,4113,-4128,4114,-4126,4112,-4128,4114,-4124,4115,-4125,4116,-4126,4120,-4122,4115,-4126,4116,-4123,4115,0.02,SJNFAAZE1U0005576,117.70,14.32,8973.6796875,78,75,0,0,0,0,15.5,99.17,-154238,54,1528019090.664,7640,3,1,0,4,0,0,0,0,4,395.67,395.67,1F,1,1,1,0080,72,40,40,0,0,19,24.75
03/06/2018 10:44:54,54 58.53373,-1 31.10137,301,0,475,939623,1144818,395.52,26.633,4129,4112,4120,17,0,90.8,32.7,84.8,29.3,none,none,79.2,26.2,4121,-4129,4116,4125,4120,4123,4121,-4122,4119,-4124,4118,-4124,4118,4126,4117,-4126,4117,-4125,4118,-4126,4120,-4125,4117,-4125,4118,-4128,4117,-4126,4118,-4126,4119,4125,4120,-4123,4119,-4124,4120,-4124,4118,-4124,4119,-4123,4123,4127,4119,-4123,4120,-4120,4116,-4122,4116,-4125,4118,4121,4121,-4121,4117,-4122,4120,-4123,4114,-4122,4113,-4124,4117,-4128,4115,-4125,4116,-4124,4115,4123,4117,-4126,4112,-4126,4113,-4126,4113,-4126,4113,4126,4112,-4123,4114,-4123,4115,-4124,4118,-4125,4114,-4123,4116,-4124,4114,-4121,-0.00,SJNFAAZE1U0005576,117.70,14.32,8973.6796875,78,75,0,0,0,0,15.5,99.17,-154238,54,1528019094.133,9640,3,1,0,5,0,0,0,0,4,395.48,395.48,1F,1,1,1,0080,71,40,40,0,0,19,18.50
03/06/2018 10:44:57,54 58.53373,-1 31.10137,301,0,475,939477,1144818,395.71,20.560,4131,4112,4122,19,0,90.6,32.6,84.8,29.3,none,none,79.2,26.2,4121,-4130,4117,-4126,4121,4124,4122,4124,4120,-4126,4119,-4126,4120,-4128,4118,-4126,4119,4126,4119,-4128,4121,-4126,4120,-4126,4120,-4131,4118,-4128,4120,4127,4121,-4126,4122,-4125,4121,-4125,4121,-4125,4119,-4125,4121,-4125,4125,-4128,4121,-4126,4121,4123,4116,-4124,4117,-4127,4118,-4125,4120,-4123,4116,4125,4121,-4124,4115,-4127,4114,-4128,4117,-4131,4115,-4125,4116,-4127,4114,-4126,4118,-4128,4113,4128,4112,-4130,4113,-4129,4113,-4128,4112,-4127,4113,4126,4114,-4125,4118,-4129,4115,-4124,4117,-4125,4115,-4122,0.00,SJNFAAZE1U0005576,117.70,14.32,8973.6796875,78,75,0,0,0,0,15.5,99.17,-154238,54,1528019097.766,7440,2,1,0,5,0,0,0,0,4,395.72,395.72,1F,1,1,1,0080,71,40,40,0,0,11,19.00
03/06/2018 10:45:01,54 58.53373,-1 31.10137,301,0,475,939319,1144818,395.62,21.995,4131,4111,4121,20,0,90.6,32.6,84.8,29.3,none,none,79.2,26.2,4122,-4131,4117,-4126,4121,4125,4122,-4122,4120,-4126,4120,4126,4119,-4127,4118,-4126,4120,-4127,4119,-4126,4120,-4125,4119,-4126,4120,-4130,4118,-4126,4119,-4126,4120,-4126,4121,4125,4121,-4125,4119,-4125,4118,-4125,4120,-4125,4124,-4129,4120,-4125,4122,-4122,4117,-4123,4117,4128,4118,-4125,4121,-4122,4116,-4125,4120,-4124,4114,4126,4114,-4126,4117,-4131,4115,-4126,4117,-4127,4116,-4125,4116,-4127,4113,-4127,4111,-4130,4113,4129,4113,-4128,4113,-4126,4114,-4126,4114,-4125,4117,4129,4115,-4124,4116,-4125,4114,-4122,0.03,SJNFAAZE1U0005576,117.70,14.32,8975.2890625,78,75,0,0,0,0,15.5,99.17,-154238,54,1528019101.749,7440,2,1,0,5,0,0,0,0,4,395.65,395.65,1F,1,1,1,0080,71,40,40,0,0,19,19.50
03/06/2018 10:45:05,54 58.53373,-1 31.10137,301,0,475,939173,1144818,395.81,15.800,4133,4114,4123,19,0,90.6,32.6,84.8,29.3,none,none,79.0,26.1,4123,-4133,4119,-4128,4122,4125,4124,-4125,4121,-4128,4122,-4128,4122,-4129,4120,4129,4121,-4129,4121,-4129,4123,-4128,4122,-4128,4121,4132,4119,-4129,4120,-4128,4122,-4127,4123,-4128,4121,-4127,4122,4128,4121,-4128,4122,-4126,4127,-4132,4123,-4128,4123,-4123,4120,-4126,4120,-4130,4120,-4125,4123,4125,4118,-4126,4122,-4126,4117,-4127,4117,-4129,4119,4133,4118,-4130,4119,-4128,4118,-4128,4119,-4129,4114,-4130,4115,-4130,4115,-4130,4115,-4131,4114,4127,4115,-4127,4117,-4128,4120,-4129,4117,-4127,4120,4129,4117,-4124,0.05,SJNFAAZE1U0005576,117.70,14.32,8975.2890625,78,75,0,0,0,0,15.5,99.17,-154238,54,1528019105.496,6160,3,1,0,5,0,0,0,0,4,395.93,395.93,1F,1,1,1,0080,71,40,40,0,0,19,16.00
03/06/2018 10:45:09,54 58.53373,-1 31.10137,301,0,475,938892,1144818,393.79,70.853,4113,4093,4102,20,0,90.8,32.7,84.8,29.3,none,none,79.2,26.2,4106,4104,4105,-4099,-4106,4100,-4106,-4100,-4105,4101,-4106,4102,-4107,4102,-4108,4101,4107,4102,-4107,4104,4108,-4102,4107,-4104,4109,-4104,4108,-4102,4108,-4105,4106,4104,4106,-4102,4106,-4104,4107,-4102,4106,-4101,4106,4101,4109,-4105,4104,-4101,4104,-4098,4102,-4095,4103,-4099,4105,-4097,4106,-4097,4104,-4096,4108,4095,4106,-4094,4106,-4095,4109,-4100,4106,-4097,4107,4097,4106,-4096,4113,-4094,4107,-4093,4108,-4094,4108,-4093,4108,-4095,4107,-4094,4105,-4096,4106,4097,4105,-4099,4103,-4095,4104,-4096,4103,-4094,0.01,SJNFAAZE1U0005576,117.70,14.32,8975.2890625,78,75,0,0,0,0,15.5,99.17,-154238,55,1528019109.272,22760,3,1,0,5,0,0,0,0,4,393.80,393.80,1F,1,1,1,0080,71,40,40,0,0,19,57.00
03/06/2018 10:45:12,54 58.53373,-1 31.10137,301,0,475,938521,1144818,394.66,38.291,4119,4102,4111,17,0,90.6,32.6,84.8,29.3,none,none,79.2,26.2,-4116,4112,-4114,4107,-4116,4109,-4115,4108,-4114,4111,-4114,4111,-4116,4110,-4115,4110,-4115,4111,-4115,4112,-4117,4110,-4116,4113,-4116,4111,-4116,4111,-4115,4113,-4114,4112,-4115,4111,-4115,4112,-4115,4110,-4115,4109,-4115,4109,-4118,4115,-4114,4110,-4115,4107,-4113,4105,-4114,4108,-4115,4106,-4116,4106,-4114,4106,-4117,4106,-4114,4103,-4117,4104,-4118,4108,-4115,4105,-4117,4105,-4116,4107,-4118,4102,-4116,4102,-4116,4102,-4119,4102,-4117,4104,-4116,4105,-4114,4104,-4116,4104,-4117,4108,-4113,4105,-4116,4105,-4113,4105,0.04,SJNFAAZE1U0005576,117.70,14.32,8975.2890625,78,75,0,0,0,0,15.5,99.17,-154238,55,1528019112.889,13240,2,1,0,5,0,0,0,0,4,394.72,394.72,1F,1,1,1,0080,71,40,40,0,0,19,29.25
03/06/2018 10:45:16,54 58.53373,-1 31.10137,301,0,475,938282,1144818,394.94,31.363,4123,4105,4114,18,0,90.8,32.7,84.8,29.3,none,none,79.2,26.2,-4119,4116,-4118,4112,-4120,4112,-4117,4112,-4118,4112,-4117,4113,-4120,4113,-4118,4114,-4118,4113,-4119,4114,-4120,4112,-4119,4114,-4119,4115,-4119,4112,-4119,4115,-4120,4115,-4119,4113,-4117,4115,-4118,4113,-4118,4113,-4118,4112,-4122,4116,-4117,4112,-4118,4111,-4115,4107,-4118,4111,-4117,4109,-4118,4109,-4117,4108,-4121,4108,-4118,4106,-4120,4107,-4122,4110,-4119,4108,-4119,4109,-4117,4109,-4123,4106,-4121,4106,-4121,4105,-4121,4105,-4119,4106,-4120,4106,-4117,4107,-4118,4109,-4119,4111,-4116,4107,-4118,4108,-4117,4107,0.01,SJNFAAZE1U0005576,117.70,14.32,8975.2890625,78,75,0,0,0,0,15.5,99.17,-154238,55,1528019116.620,10200,2,1,0,5,0,0,0,0,4,394.92,394.92,1F,1,1,1,0080,71,40,40,0,0,11,29.00
03/06/2018 10:45:20,54 58.53373,-1 31.10137,301,0,475,938055,1144818,394.94,30.265,4122,4105,4114,17,0,90.6,32.6,84.8,29.3,none,none,79.2,26.2,-4119,4116,-4116,4111,-4120,4113,-4118,4111,-4117,4113,-4118,4113,-4119,4113,-4118,4113,-4117,4113,-4118,4114,-4119,4113,-4118,4114,-4119,4113,-4119,4112,-4119,4114,-4118,4115,-4118,4113,-4118,4116,-4117,4112,-4117,4112,-4119,4112,-4122,4116,-4117,4112,-4117,4111,-4115,4107,-4117,4111,-4117,4110,-4120,4108,-4118,4108,-4120,4108,-4118,4106,-4119,4107,-4121,4111,-4119,4109,-4119,4110,-4119,4109,-4121,4105,-4121,4106,-4120,4106,-4121,4106,-4122,4106,-4119,4107,-4116,4107,-4118,4108,-4119,4112,-4116,4108,-4119,4108,-4116,4108,-0.02,SJNFAAZE1U0005576,117.70,14.32,8975.2890625,78,75,0,0,0,0,15.5,99.17,-154238,55,1528019120.493,10200,2,1,0,5,0,0,0,0,4,394.89,394.89,1F,1,1,1,0080,71,40,40,0,0,11,26.50
03/06/2018 10:45:24,54 58.53373,-1 31.10137,301,0,475,937826,1144818,394.85,30.387,4121,4103,4113,18,0,90.6,32.6,84.8,29.3,none,none,79.0,26.1,-4119,4114,-4116,4109,-4118,4112,-4116,4110,-4117,4111,-4116,4112,-4118,4112,-4118,4112,-4117,4113,-4118,4113,-4118,4112,-4117,4113,-4118,4113,-4118,4111,-4118,4114,-4117,4113,-4117,4112,-4116,4114,-4117,4110,-4116,4111,-4117,4112,-4121,4115,-4116,4111,-4116,4110,-4114,4106,-4117,4109,-4117,4109,-4119,4108,-4115,4106,-4120,4107,-4117,4106,-4119,4105,-4121,4110,-4118,4108,-4119,4108,-4119,4108,-4121,4103,-4119,4104,-4119,4106,-4121,4105,-4120,4106,-4118,4106,-4117,4107,-4118,4107,-4119,4111,-4115,4107,-4117,4107,-4115,4106,-0.01,SJNFAAZE1U0005576,117.70,14.32,8975.2890625,78,75,0,0,0,0,15.5,99.17,-154238,55,1528019124.593,10160,2,1,0,5,0,0,0,0,4,394.87,394.87,1F,1,1,1,0080,71,40,40,0,0,19,26.50
03/06/2018 10:45:28,54 58.53373,-1 31.10137,301,0,474,937603,1144818,394.94,27.488,4125,4104,4114,21,0,90.6,32.6,84.8,29.3,none,none,79.0,26.1,4115,-4125,4109,-4119,4112,4117,4115,-4116,4112,-4119,4112,-4119,4112,-4121,4111,-4120,4112,-4120,4112,-4122,4114,-4120,4112,4121,4112,-4123,4110,-4121,4113,-4120,4114,-4120,4114,4118,4114,-4119,4113,-4119,4112,-4118,4113,-4117,4117,-4123,4112,-4119,4114,-4115,4110,-4116,4109,4120,4111,-4116,4114,-4116,4110,-4117,4113,-4117,4107,4118,4107,-4120,4109,-4122,4108,-4121,4110,-4120,4108,-4119,4110,-4121,4105,-4120,4105,-4120,4107,4121,4106,-4122,4104,-4120,4107,-4118,4108,-4118,4112,4120,4108,-4117,4109,-4119,4107,-4116,0.01,SJNFAAZE1U0005576,117.70,14.32,8975.2890625,78,75,0,0,0,0,15.5,99.17,-154238,55,1528019128.214,9760,2,1,0,5,0,0,0,0,4,395.00,395.00,1F,1,1,1,0080,72,40,40,0,0,19,24.50
03/06/2018 10:45:32,54 58.53373,-1 31.10137,301,0,474,937394,1144818,394.85,28.892,4122,4103,4113,19,0,90.8,32.7,85.0,29.4,none,none,79.2,26.2,4113,-4122,4108,-4117,4112,4116,4113,-4114,4110,4117,4111,-4118,4111,-4119,4109,-4118,4111,-4119,4110,-4119,4112,-4118,4111,-4119,4111,-4122,4109,4119,4110,-4119,4111,-4118,4113,-4117,4112,-4118,4112,4117,4110,-4116,4112,-4115,4115,-4121,4111,-4117,4111,-4113,4108,-4115,4108,-4117,4109,-4116,4112,4114,4108,-4115,4111,-4116,4106,-4117,4106,-4118,4109,4121,4106,-4117,4108,-4120,4107,-4115,4108,-4119,4104,-4118,4103,-4120,4104,-4121,4104,-4120,4103,4117,4105,-4117,4106,-4117,4109,-4120,4106,-4116,4108,4117,4106,-4113,-0.01,SJNFAAZE1U0005576,117.70,14.32,8975.2890625,78,75,0,0,0,0,15.5,99.17,-154238,55,1528019132.011,9520,2,1,0,5,0,0,0,0,4,394.93,394.93,1F,1,1,1,0080,72,40,40,0,0,19,25.75
03/06/2018 10:45:35,54 58.53373,-1 31.10137,301,0,474,937183,1144818,394.85,29.288,4122,4102,4113,20,0,90.6,32.6,84.8,29.3,none,none,79.0,26.1,4112,4122,4109,-4117,4111,4115,4113,-4115,4111,-4118,4111,-4118,4112,4119,4110,-4119,4110,-4118,4111,-4120,4111,-4117,4112,-4118,4111,-4122,4110,-4120,4110,-4118,4113,4119,4113,-4117,4112,-4119,4111,-4116,4110,-4117,4111,4116,4115,-4119,4110,-4116,4112,-4113,4108,-4114,4107,-4118,4109,-4115,4112,-4113,4109,-4116,4111,4115,4106,-4117,4106,-4119,4108,-4121,4106,-4118,4108,4117,4107,-4117,4109,-4120,4104,-4120,4103,-4119,4104,-4118,4103,-4119,4102,-4117,4107,-4116,4107,4117,4109,-4118,4107,-4115,4108,-4117,4106,-4112,-0.05,SJNFAAZE1U0005576,117.70,14.32,8975.2890625,78,75,0,0,0,0,15.5,99.17,-154238,55,1528019135.979,9520,2,1,0,5,0,0,0,0,4,394.91,394.91,1F,1,1,1,0080,72,40,40,0,0,19,26.00
03/06/2018 10:45:39,54 58.53373,-1 31.10137,301,0,474,936967,1144818,394.85,28.403,4121,4104,4113,17,0,90.6,32.6,84.8,29.3,none,none,79.2,26.2,4112,-4120,4109,-4116,4112,4115,4113,4115,4111,-4117,4110,-4117,4111,-4117,4111,-4117,4111,4118,4111,-4119,4113,-4117,4111,-4117,4111,-4121,4110,-4119,4112,-4117,4112,-4117,4113,-4116,4112,4117,4112,-4117,4111,-4116,4111,-4115,4116,-4119,4112,4116,4112,-4113,4109,-4113,4109,-4117,4109,-4113,4113,-4113,4109,-4115,4112,-4114,4107,-4114,4107,4117,4108,-4119,4107,-4116,4108,-4117,4108,-4115,4109,4118,4104,-4118,4105,-4118,4106,-4117,4106,-4118,4104,-4116,4106,-4116,4107,-4115,4110,-4117,4107,4114,4108,-4116,4106,-4112,0.01,SJNFAAZE1U0005576,117.70,14.32,8975.2890625,78,75,0,0,0,0,15.5,99.17,-154238,55,1528019139.594,9520,2,1,0,5,0,0,0,0,4,394.86,394.86,1F,1,1,1,0080,72,40,40,0,0,19,25.00
03/06/2018 10:45:43,54 58.53373,-1 31.10137,301,0,474,936780,1144818,394.85,25.382,4120,4103,4113,17,0,90.8,32.7,84.8,29.3,none,none,79.0,26.1,4118,-4114,4115,-4110,4118,4112,4116,-4110,4117,-4112,4116,4112,4117,-4111,4116,-4111,4117,-4112,4118,-4113,4118,4112,4117,-4113,4118,-4112,4118,-4110,4117,-4114,4116,-4113,4117,-4112,4116,-4114,4116,-4111,4116,4110,4115,-4111,4120,-4115,4115,-4111,4117,-4110,4114,4106,4115,-4108,-4117,4108,-4117,-4107,-4115,4106,-4119,4106,-4115,4105,-4118,4105,-4119,4110,-4118,4105,-4118,4107,-4118,4107,-4120,4104,-4119,4104,-4118,4103,-4120,4104,4119,-4104,-4117,4105,4117,-4106,4117,-4106,4118,4110,4115,-4105,4118,-4107,4116,-4106,-0.02,SJNFAAZE1U0005576,117.70,14.32,8975.2890625,78,75,0,0,0,0,15.5,99.17,-154238,55,1528019143.183,8720,2,1,0,5,0,0,0,0,4,394.99,394.99,1F,1,1,1,0080,72,40,40,0,0,19,24.75
03/06/2018 10:45:47,54 58.53373,-1 31.10137,301,0,474,936588,1144818,395.14,20.438,4123,4109,4116,14,0,90.6,32.6,85.0,29.4,none,none,79.2,26.2,-4121,4119,-4118,4114,-4121,4115,-4118,4113,-4118,4116,-4118,4115,-4119,4116,-4120,4116,-4119,4116,-4119,4116,-4121,4115,-4120,4116,-4120,4117,-4120,4115,-4120,4117,-4119,4117,-4120,4116,-4117,4118,-4119,4114,-4119,4115,-4119,4115,-4123,4119,-4119,4116,-4119,4113,-4117,4110,-4118,4114,-4120,4111,-4121,4111,-4118,4111,-4122,4112,-4120,4109,-4120,4110,-4122,4114,-4120,4111,-4120,4110,-4120,4112,-4122,4110,-4122,4110,-4120,4109,-4122,4109,-4121,4110,-4119,4110,-4118,4110,-4120,4111,-4120,4114,-4117,4110,-4120,4111,-4117,4112,-0.02,SJNFAAZE1U0005576,117.70,14.32,8975.2890625,78,75,0,0,0,0,15.5,99.17,-154238,55,1528019147.006,8080,2,1,0,5,0,0,0,0,4,395.10,395.10,1F,1,1,1,0080,72,40,40,0,0,11,12.25
03/06/2018 10:45:50,54 58.53373,-1 31.10137,301,0,474,936495,1144818,395.52,9.299,4128,4111,4120,17,0,90.6,32.6,84.8,29.3,none,none,79.2,26.2,-4126,4122,-4123,4117,-4126,4118,-4124,4118,-4125,4119,-4124,4120,-4125,4118,-4124,4118,-4124,4119,-4123,4121,-4125,4117,-4124,4120,-4125,4119,-4125,4117,-4125,4121,-4123,4122,-4124,4119,-4123,4120,-4123,4118,-4123,4118,-4124,4119,-4128,4122,-4124,4119,-4124,4118,-4121,4114,-4126,4117,-4124,4116,-4127,4115,-4122,4114,-4127,4114,-4125,4112,-4125,4113,-4128,4118,-4125,4114,-4125,4115,-4125,4115,-4126,4112,-4128,4111,-4127,4111,-4128,4112,-4127,4112,-4125,4113,-4124,4113,-4124,4114,-4126,4119,-4122,4114,-4125,4115,-4123,4114,0.02,SJNFAAZE1U0005576,117.70,14.32,8975.2890625,78,75,0,0,0,0,15.5,99.17,-154238,55,1528019150.738,3680,2,1,0,5,0,0,0,0,4,395.65,395.65,1F,1,1,1,0080,72,40,40,0,0,19,10.75
03/06/2018 10:45:54,54 58.53373,-1 31.10137,301,0,474,936398,1144818,395.42,15.220,4127,4109,4119,18,0,90.6,32.6,84.8,29.3,none,none,79.2,26.2,-4125,4121,-4122,4115,-4124,4116,-4121,4116,-4123,4117,-4122,4118,-4123,4117,-4123,4116,-4122,4117,-4122,4118,-4124,4116,-4123,4119,-4124,4118,-4124,4116,-4123,4120,-4122,4118,-4122,4117,-4122,4119,-4123,4117,-4123,4116,-4122,4116,-4127,4121,-4123,4118,-4123,4115,-4121,4111,-4123,4115,-4122,4115,-4124,4113,-4121,4113,-4126,4113,-4123,4111,-4123,4111,-4126,4116,-4123,4112,-4124,4114,-4124,4112,-4124,4110,-4125,4109,-4124,4111,-4126,4111,-4125,4111,-4124,4112,-4122,4112,-4123,4112,-4125,4118,-4121,4113,-4125,4113,-4122,4112,-0.05,SJNFAAZE1U0005576,117.70,14.32,8975.2890625,78,75,0,0,0,0,15.5,99.17,-154238,55,1528019154.607,4240,3,1,0,5,0,0,0,0,4,395.49,395.49,1F,1,1,1,0080,72,40,40,0,0,19,18.75
03/06/2018 10:45:58,54 58.53373,-1 31.10137,301,0,474,936267,1144818,395.62,10.551,4129,4113,4121,16,0,90.6,32.6,84.8,29.3,none,none,79.0,26.1,-4127,4123,-4124,4119,-4127,4120,-4125,4119,-4124,4119,-4125,4120,-4126,4119,-4126,4120,-4125,4120,-4124,4121,-4125,4120,-4126,4121,-4125,4121,-4126,4119,-4125,4121,-4125,4120,-4124,4120,-4124,4122,-4125,4120,-4124,4119,-4125,4120,-4129,4123,-4125,4121,-4125,4118,-4123,4116,-4126,4119,-4125,4119,-4127,4117,-4123,4116,-4128,4116,-4125,4116,-4125,4115,-4128,4118,-4127,4117,-4125,4117,-4125,4116,-4126,4114,-4127,4113,-4126,4114,-4127,4116,-4127,4114,-4125,4115,-4124,4116,-4125,4116,-4127,4120,-4122,4117,-4125,4117,-4124,4116,-0.03,SJNFAAZE1U0005576,117.70,14.32,8975.2890625,78,75,0,0,0,0,15.5,99.17,-154238,55,1528019158.698,4880,2,1,0,5,0,0,0,0,4,395.60,395.60,1F,1,1,1,0080,72,40,40,0,0,19,1.25
03/06/2018 10:46:02,54 58.53373,-1 31.10137,301,0,474,936264,1144818,396.10,-1.776,4136,4117,4126,19,0,90.6,32.6,84.8,29.3,none,none,79.0,26.1,4127,-4136,4123,4131,4125,4129,4127,-4128,4123,-4130,4124,-4129,4124,4132,4122,-4132,4123,-4131,4124,-4132,4125,-4130,4123,-4131,4124,-4134,4123,-4132,4124,-4131,4125,4131,4125,-4129,4125,-4130,4125,-4131,4124,-4129,4125,4129,4130,-4133,4125,-4130,4126,-4126,4124,-4129,4123,-4133,4124,-4129,4126,-4128,4122,-4129,4125,4129,4121,-4132,4120,-4132,4122,-4135,4119,-4132,4120,4132,4120,-4130,4121,-4133,4118,-4133,4117,-4133,4119,-4134,4118,-4133,4117,-4131,4118,-4131,4120,4130,4124,-4134,4120,-4129,4121,-4132,4120,-4127,-0.05,SJNFAAZE1U0005576,117.70,14.32,8975.2890625,78,75,0,0,0,0,15.5,99.17,-154238,55,1528019162.688,0,2,1,0,5,0,0,0,0,4,396.23,396.23,1F,1,1,1,0080,71,40,40,0,0,19,1.00
03/06/2018 10:46:06,54 58.53373,-1 31.10137,301,0,474,936234,1144818,396.10,3.806,4136,4117,4126,19,0,90.6,32.6,84.8,29.3,none,none,79.0,26.1,4126,-4136,4123,-4131,4126,4129,4126,4127,4124,-4130,4123,-4130,4124,-4132,4122,-4131,4124,4131,4123,-4132,4125,-4130,4123,-4131,4123,-4136,4122,-4132,4124,-4131,4124,-4131,4126,-4129,4125,4130,4125,-4130,4123,-4130,4126,-4129,4129,-4134,4125,4130,4126,-4127,4124,-4129,4123,-4132,4124,-4130,4126,-4129,4122,-4129,4126,-4128,4122,-4132,4120,4132,4122,-4136,4120,-4131,4121,-4131,4121,-4130,4122,4134,4118,-4133,4117,-4133,4118,-4132,4118,-4133,4118,-4131,4118,4130,4119,-4131,4125,-4133,4121,-4129,4122,-4131,4120,-4127,-0.05,SJNFAAZE1U0005576,117.70,14.32,8975.2890625,78,75,0,0,0,0,15.5,99.17,-154238,55,1528019166.197,2400,2,0,0,0,0,0,0,0,4,396.07,396.07,1F,1,1,1,0080,71,40,40,0,0,19,-1.75
03/06/2018 10:46:09,54 58.53373,-1 31.10137,301,0,474,936228,1144818,395.04,16.501,4125,4105,4115,20,0,90.6,32.6,84.8,29.3,none,none,79.2,26.2,4115,-4125,4112,-4119,4114,4118,4116,-4117,4112,-4119,4113,4119,4113,-4121,4112,-4121,4113,-4121,4113,-4121,4114,4120,4114,-4121,4113,-4125,4113,-4122,4113,-4120,4114,-4120,4115,-4120,4114,-4120,4114,-4118,4113,4119,4114,-4119,4118,-4122,4114,-4119,4114,-4115,4112,4116,4110,-4120,4112,-4117,4114,-4116,4110,-4117,4113,-4116,4108,-4119,4110,-4121,4110,-4123,4108,4121,4111,-4120,4109,-4119,4113,-4121,4106,-4121,4105,-4122,4107,4122,4107,-4122,4105,-4119,4108,-4119,4109,-4120,4113,4121,4108,-4118,4110,-4120,4108,-4115,-0.04,SJNFAAZE1U0005576,117.70,14.32,8975.2890625,78,75,0,0,0,0,15.5,99.17,-154238,55,1528019169.900,680,2,0,0,0,0,0,0,0,4,395.82,395.82,1F,1,1,1,0080,71,40,40,0,0,11,71.50
03/06/2018 10:46:13,54 58.53373,-1 31.10137,301,0,474,935880,1144818,396.00,9.421,4134,4116,4125,18,0,90.6,32.6,84.8,29.3,none,none,79.0,26.1,4125,-4134,4121,-4129,4123,4127,4125,-4127,4122,-4129,4122,-4129,4123,-4130,4122,4129,4122,-4129,4123,-4130,4123,-4128,4122,-4130,4123,4133,4121,-4132,4123,-4130,4124,-4129,4124,-4128,4124,-4129,4124,-4127,4122,-4128,4123,-4129,4128,4132,4124,-4129,4125,-4125,4122,-4128,4122,-4131,4123,4129,4126,-4128,4120,-4128,4125,-4128,4119,-4130,4119,-4130,4121,4134,4120,-4129,4121,-4131,4119,-4129,4120,-4132,4116,-4131,4116,-4131,4117,-4132,4117,-4131,4117,4131,4117,-4129,4118,-4129,4123,-4132,4119,-4128,4121,4129,4119,-4125,-0.02,SJNFAAZE1U0005576,117.70,14.32,8975.2890625,78,75,0,0,0,0,15.5,99.17,-154238,55,1528019173.474,10440,3,0,0,0,0,0,0,0,4,395.39,395.39,1F,1,1,1,0080,71,40,40,0,0,19,-20.00
03/06/2018 10:46:17,54 58.53373,-1 31.10137,301,0,474,936147,1144818,398.30,-51.154,4158,4144,4149,14,0,90.6,32.6,84.8,29.3,none,none,79.0,26.1,4154,4155,4149,-4150,-4153,4150,-4148,-4149,-4149,4148,-4148,4148,-4148,4150,-4149,4149,-4149,4150,-4148,4150,-4150,4148,-4148,4148,-4149,4151,-4149,4149,-4149,4149,-4149,4149,-4150,4148,-4148,4150,-4148,4148,-4149,4148,-4150,4148,-4154,4153,-4151,4150,-4153,4146,-4154,4146,-4156,4149,4156,-4148,4157,4146,4151,-4145,4158,4146,4155,-4144,4154,-4145,4157,-4147,4154,-4145,4154,4144,4152,-4147,4149,-4150,4150,-4149,4149,-4148,4149,-4149,4148,-4149,4147,-4148,4147,-4148,4149,4148,4154,-4154,4149,-4149,4152,-4151,4150,-4149,-0.05,SJNFAAZE1U0005576,117.70,14.32,8975.2890625,78,75,0,0,0,0,15.5,99.17,-154249,55,1528019177.231,0,3,0,0,0,0,0,0,0,4,398.14,398.14,1F,1,1,1,0080,71,40,40,0,0,19,-100.00
03/06/2018 10:46:21,54 58.53373,-1 31.10137,301,0,474,936456,1144818,396.96,-6.232,4143,4130,4135,13,0,90.6,32.6,84.8,29.3,none,none,79.0,26.1,4139,4141,4134,4136,4138,4136,4134,4135,4135,4136,4135,4135,4136,4136,4136,4132,4139,4133,4138,4133,4140,4131,4138,4134,4139,4134,4140,4132,4138,4134,4137,4134,4139,4133,4137,4135,4137,4132,4137,4131,4138,4132,4143,4136,4139,4134,4140,4132,4137,4130,4137,4137,4136,4135,4138,4135,4134,4133,4139,4134,4136,4134,4135,4134,4137,4139,4135,4135,4135,4135,4133,4134,4135,4135,4134,4135,4134,4134,4134,4135,4134,4134,4134,4134,4133,4133,4133,4134,4138,4138,4133,4134,4136,4135,4134,4134,-0.06,SJNFAAZE1U0005576,117.70,14.32,8975.2890625,78,75,0,0,0,0,15.5,99.17,-154262,55,1528019181.098,0,2,1,0,4,0,0,0,0,4,396.96,396.96,1F,1,1,1,0080,71,40,40,0,0,11,-40.25
03/06/2018 10:46:24,54 58.53373,-1 31.10137,301,0,474,936570,1144818,397.25,-15.571,4145,4129,4138,16,0,90.6,32.6,84.8,29.3,none,none,79.0,26.1,-4145,4141,-4139,4136,-4143,4137,-4139,4136,-4140,4136,-4140,4136,-4141,4135,-4140,4135,-4140,4136,-4139,4137,-4141,4136,-4140,4137,-4140,4137,-4140,4135,-4141,4138,-4140,4138,-4141,4136,-4139,4139,-4140,4135,-4139,4135,-4140,4137,-4144,4141,-4140,4138,-4142,4135,-4142,4133,-4143,4137,-4143,4135,-4144,4135,-4140,4133,-4144,4133,-4143,4131,-4143,4132,-4143,4136,-4141,4133,-4143,4133,-4141,4133,-4142,4132,-4143,4132,-4143,4129,-4143,4131,-4143,4131,-4143,4132,-4141,4132,-4141,4133,-4145,4137,-4140,4133,-4142,4135,-4140,4133,0.02,SJNFAAZE1U0005576,117.70,14.32,8975.2890625,78,75,0,0,0,0,15.5,99.17,-154267,55,1528019184.998,0,2,1,0,5,0,0,0,0,4,397.33,397.33,1F,1,1,1,0080,72,40,40,0,0,19,-107.25
03/06/2018 10:46:28,54 58.53373,-1 31.10137,301,0,474,936605,1144818,396.67,1.640,4140,4124,4132,16,0,90.6,32.6,84.8,29.3,none,none,79.0,26.1,-4138,4135,-4135,4130,-4137,4131,-4135,4130,-4134,4130,-4135,4131,-4136,4131,-4136,4129,-4135,4130,-4135,4131,-4136,4129,-4135,4132,-4136,4131,-4137,4130,-4136,4132,-4134,4132,-4135,4131,-4133,4132,-4135,4130,-4135,4130,-4135,4130,-4139,4135,-4136,4131,-4136,4129,-4136,4127,-4137,4131,-4136,4129,-4138,4128,-4134,4127,-4140,4127,-4137,4126,-4137,4126,-4138,4130,-4136,4127,-4136,4127,-4136,4128,-4137,4125,-4138,4125,-4137,4124,-4137,4126,-4138,4125,-4137,4125,-4134,4126,-4136,4126,-4138,4132,-4134,4126,-4137,4128,-4135,4127,-0.08,SJNFAAZE1U0005576,117.70,14.32,8975.2890625,78,75,0,0,0,0,15.5,99.17,-154268,55,1528019188.703,0,2,1,0,5,0,0,0,0,4,396.72,396.72,1F,1,1,1,0080,72,40,40,0,0,19,0.00
03/06/2018 10:46:32,54 58.53373,-1 31.10137,301,0,474,936605,1144818,396.67,1.701,4140,4122,4132,18,0,90.6,32.6,84.8,29.3,none,none,79.2,26.2,-4138,4133,-4135,4129,-4137,4130,-4135,4128,-4136,4130,-4135,4130,-4137,4130,-4136,4129,-4136,4129,-4136,4131,-4137,4129,-4136,4130,-4136,4130,-4138,4129,-4135,4131,-4135,4130,-4136,4130,-4134,4132,-4135,4129,-4136,4130,-4136,4129,-4140,4134,-4135,4130,-4137,4129,-4136,4127,-4138,4130,-4137,4129,-4138,4127,-4135,4126,-4140,4127,-4137,4124,-4138,4125,-4139,4129,-4137,4126,-4137,4127,-4138,4126,-4137,4123,-4140,4123,-4138,4122,-4140,4124,-4139,4124,-4139,4124,-4135,4125,-4136,4124,-4138,4132,-4135,4126,-4138,4126,-4136,4126,-0.09,SJNFAAZE1U0005576,117.70,14.32,8975.2890625,78,75,0,0,0,0,15.5,99.17,-154268,55,1528019192.345,0,2,1,0,5,0,0,0,0,4,396.70,396.70,1F,1,1,1,0080,72,40,40,0,0,19,0.00
03/06/2018 10:46:36,54 58.53373,-1 31.10137,301,0,474,936604,1144818,396.67,1.670,4142,4123,4132,19,0,90.6,32.6,84.8,29.3,none,none,79.2,26.2,4133,-4142,4128,-4136,4132,4135,4132,-4133,4128,-4135,4130,4136,4129,-4137,4129,-4137,4128,-4136,4129,-4138,4131,4136,4129,-4137,4130,-4140,4127,-4137,4130,-4137,4131,-4136,4131,-4135,4130,-4136,4130,-4137,4129,4135,4130,-4135,4135,-4139,4132,-4136,4132,-4133,4130,-4136,4129,4138,4130,-4136,4132,-4134,4126,-4135,4131,-4135,4126,4137,4126,-4138,4128,-4142,4126,-4138,4127,-4137,4126,-4136,4127,-4139,4123,-4139,4123,-4139,4124,4140,4124,-4139,4123,-4136,4125,-4136,4125,-4136,4130,4140,4127,-4135,4128,-4137,4126,-4133,-0.02,SJNFAAZE1U0005576,117.70,14.40,8975.2890625,78,75,0,0,0,0,15.5,99.17,-154268,55,1528019196.434,0,2,1,0,5,0,0,0,0,4,396.72,396.72,1F,1,1,1,0080,72,40,40,0,0,19,0.00
03/06/2018 10:46:40,54 58.53373,-1 31.10137,301,0,474,936508,1144818,395.04,40.427,4125,4106,4115,19,0,90.6,32.6,84.8,29.3,none,none,79.2,26.2,4115,-4125,4111,-4119,4114,4118,4117,-4117,4113,-4120,4114,-4119,4114,-4121,4112,4121,4113,-4121,4113,-4120,4115,-4120,4114,-4121,4114,4124,4112,-4122,4113,-4120,4114,-4120,4115,-4119,4114,-4119,4115,-4119,4114,-4120,4114,-4118,4118,4122,4114,-4118,4115,-4115,4111,-4117,4110,-4120,4112,-4117,4114,4116,4110,-4117,4114,-4117,4109,-4120,4108,-4122,4110,4124,4109,-4120,4111,-4121,4109,-4118,4112,-4121,4106,-4121,4106,-4122,4106,-4122,4106,-4122,4106,4120,4107,-4119,4107,-4119,4112,-4121,4107,-4117,4109,4119,4108,-4115,-0.01,SJNFAAZE1U0005576,117.70,14.40,8975.2890625,78,75,0,0,0,0,15.5,99.17,-154268,55,1528019200.284,10560,2,1,0,5,0,0,0,0,4,395.24,395.24,1F,1,1,1,0080,72,40,40,0,0,19,101.25
03/06/2018 10:46:43,54 58.53373,-1 31.10137,301,0,474,936160,1144818,394.18,56.479,4116,4096,4106,20,0,90.8,32.7,85.0,29.4,none,none,79.2,26.2,4105,4115,4102,-4109,4104,4108,4106,-4109,4103,-4111,4105,-4111,4104,-4112,4103,-4111,4104,-4112,4104,4112,4106,-4112,4105,-4112,4105,-4116,4103,-4114,4105,4111,4106,-4111,4107,-4111,4106,-4112,4105,-4111,4105,-4110,4105,4109,4109,-4114,4105,-4110,4104,-4108,4101,-4106,4100,-4111,4102,-4107,4104,-4107,4104,-4109,4105,4108,4099,-4111,4098,-4111,4102,-4113,4100,-4113,4101,4112,4099,-4111,4104,-4112,4097,-4112,4097,-4113,4098,-4113,4098,-4113,4096,-4111,4098,-4110,4099,4111,4102,-4111,4099,-4109,4100,-4110,4099,-4106,-0.03,SJNFAAZE1U0005576,117.70,14.32,8975.2890625,78,75,0,0,0,0,15.5,99.17,-154268,55,1528019203.765,18120,3,1,0,5,0,0,0,0,4,394.21,394.21,1F,1,1,1,0080,72,40,40,0,0,19,61.25
03/06/2018 10:46:47,54 58.53373,-1 31.10137,301,0,474,935821,1144818,394.56,42.747,4118,4102,4110,16,0,90.6,32.6,84.8,29.3,none,none,79.0,26.1,4110,-4118,4107,-4113,4110,4113,4111,-4111,4109,-4113,4109,-4114,4109,-4116,4108,-4116,4108,-4116,4109,-4116,4111,-4116,4110,4115,4110,-4118,4109,-4116,4109,-4115,4111,-4115,4110,-4114,4109,4114,4110,-4115,4108,-4112,4108,-4112,4113,-4116,4109,4113,4110,-4110,4106,-4111,4107,-4115,4107,-4111,4109,-4110,4106,-4112,4109,-4112,4105,-4114,4104,4114,4107,-4117,4105,-4114,4107,-4114,4104,-4113,4107,4116,4102,-4114,4102,-4116,4103,-4115,4103,-4115,4103,-4113,4103,-4113,4104,-4114,4107,-4116,4104,4112,4104,-4114,4104,-4109,-0.06,SJNFAAZE1U0005576,117.70,14.32,8975.2890625,78,75,0,0,0,0,15.5,99.17,-154268,56,1528019207.597,13960,2,1,0,5,0,0,0,0,4,394.43,394.43,1F,1,1,1,0080,72,40,40,0,0,19,35.75
03/06/2018 10:46:50,54 58.53373,-1 31.10137,301,0,473,935662,1144818,395.23,22.025,4126,4108,4117,18,0,90.6,32.6,85.0,29.4,none,none,79.2,26.2,-4123,4118,-4121,4114,-4124,4116,-4120,4114,-4121,4115,-4122,4115,-4123,4116,-4122,4115,4122,-4116,-4122,4117,4123,4114,4122,-4116,4123,-4116,4123,-4115,4121,-4118,4121,-4118,4122,-4116,4121,-4118,4121,-4114,4120,4115,4121,-4115,4125,-4120,4120,-4116,4123,-4113,4120,4112,4121,-4114,-4121,4113,-4124,-4113,-4120,4111,-4125,4112,-4121,4110,-4123,4110,-4124,4114,-4124,4113,-4123,4112,-4122,4112,-4126,4108,-4124,4109,-4124,4109,-4125,4109,-4125,4109,-4124,4110,-4120,4110,-4122,4112,-4125,4116,-4120,4112,-4122,4112,-4120,4111,-0.03,SJNFAAZE1U0005576,117.70,14.32,8975.2890625,78,75,0,0,0,0,15.5,99.17,-154268,56,1528019210.979,6360,2,1,0,5,0,0,0,0,4,395.31,395.31,1F,1,1,1,0080,72,40,40,0,0,11,23.25
03/06/2018 10:46:54,54 58.53373,-1 31.10137,301,0,473,935537,1144818,395.33,8.445,4126,4110,4118,16,0,90.6,32.6,84.8,29.3,none,none,79.0,26.1,-4123,4121,-4121,4114,-4123,4117,-4122,4116,-4123,4117,-4122,4116,-4122,4116,-4123,4116,-4123,4116,-4122,4117,-4124,4116,-4123,4118,-4123,4117,-4125,4115,-4122,4119,-4122,4118,-4123,4116,-4120,4118,-4123,4116,-4121,4116,-4122,4116,-4126,4120,-4122,4117,-4123,4114,-4121,4112,-4123,4115,-4123,4116,-4125,4114,-4120,4112,-4126,4113,-4124,4111,-4124,4110,-4126,4116,-4124,4112,-4124,4113,-4124,4113,-4124,4110,-4125,4110,-4124,4110,-4126,4111,-4126,4110,-4124,4111,-4122,4112,-4122,4112,-4124,4118,-4121,4112,-4124,4113,-4122,4112,-0.06,SJNFAAZE1U0005576,117.70,14.32,8975.2890625,78,75,0,0,0,0,15.5,99.17,-154268,56,1528019214.657,6320,2,1,0,5,0,0,0,0,4,395.73,395.73,1F,1,1,1,0080,72,40,40,0,0,19,16.75
03/06/2018 10:46:58,54 58.53373,-1 31.10137,301,0,473,935367,1144818,394.37,44.578,4117,4099,4108,18,0,90.6,32.6,84.8,29.3,none,none,79.0,26.1,-4114,4110,-4113,4105,-4115,4106,-4113,4106,-4112,4107,-4113,4107,-4114,4107,-4114,4107,-4114,4107,-4114,4108,-4115,4106,-4113,4109,-4114,4108,-4115,4107,-4113,4109,-4113,4108,-4113,4107,-4112,4110,-4113,4107,-4113,4106,-4112,4106,-4115,4110,-4112,4107,-4113,4105,-4110,4101,-4113,4104,-4112,4104,-4113,4104,-4111,4102,-4116,4102,-4111,4100,-4114,4101,-4116,4104,-4114,4103,-4114,4103,-4112,4102,-4117,4100,-4115,4100,-4115,4099,-4115,4100,-4114,4099,-4114,4101,-4112,4102,-4113,4102,-4113,4105,-4109,4102,-4114,4103,-4111,4102,-0.06,SJNFAAZE1U0005576,117.70,14.32,8975.2890625,78,75,0,0,0,0,15.5,99.17,-154268,56,1528019218.640,11560,2,1,0,5,0,0,0,0,4,394.50,394.50,1F,1,1,1,0080,72,40,40,0,0,11,41.75
03/06/2018 10:47:02,54 58.53373,-1 31.10137,301,0,473,935039,1144818,394.08,45.676,4113,4096,4105,17,0,90.6,32.6,84.8,29.3,none,none,79.0,26.1,-4109,4107,-4108,4102,-4110,4103,-4108,4103,-4108,4103,-4110,4103,-4110,4105,-4110,4103,-4109,4105,-4110,4104,-4111,4104,-4110,4105,-4110,4106,-4110,4104,-4109,4106,-4109,4106,-4110,4104,-4109,4106,-4108,4104,-4109,4102,-4109,4103,-4113,4107,-4108,4104,-4109,4102,-4105,4097,-4108,4101,-4107,4100,-4109,4099,-4108,4099,-4110,4098,-4108,4097,-4111,4098,-4112,4101,-4110,4099,-4110,4100,-4109,4098,-4113,4096,-4110,4096,-4110,4097,-4112,4097,-4110,4097,-4110,4098,-4108,4099,-4109,4099,-4109,4102,-4106,4098,-4108,4099,-4106,4099,-0.03,SJNFAAZE1U0005576,117.70,14.32,8975.2890625,78,75,0,0,0,0,15.5,99.17,-154268,56,1528019222.498,13680,2,1,0,5,0,0,0,0,4,394.20,394.20,1F,1,1,1,0080,72,40,40,0,0,19,39.25
03/06/2018 10:47:06,54 58.53373,-1 31.10137,301,0,473,934768,1144818,394.56,30.387,4118,4101,4110,17,0,90.6,32.6,84.8,29.3,none,none,79.0,26.1,-4114,4111,-4113,4107,-4115,4108,-4113,4107,-4114,4108,-4113,4109,-4114,4109,-4114,4108,-4114,4109,-4114,4109,-4115,4108,-4115,4111,-4116,4111,-4116,4109,-4115,4111,-4114,4110,-4115,4110,-4114,4111,-4114,4109,-4113,4107,-4114,4108,-4118,4112,-4114,4108,-4114,4106,-4112,4104,-4114,4106,-4113,4105,-4114,4105,-4113,4105,-4117,4104,-4113,4102,-4114,4103,-4118,4106,-4116,4103,-4114,4104,-4114,4105,-4117,4101,-4116,4101,-4116,4101,-4117,4102,-4117,4102,-4116,4103,-4112,4101,-4113,4104,-4116,4106,-4111,4103,-4115,4104,-4112,4104,-0.06,SJNFAAZE1U0005576,117.70,14.32,8975.2890625,78,75,0,0,0,0,15.5,99.17,-154268,56,1528019226.257,9680,3,1,0,5,0,0,0,0,4,394.56,394.56,1F,1,1,1,0080,73,40,40,0,0,19,30.50
03/06/2018 10:47:10,54 58.53373,-1 31.10137,301,0,473,934512,1144818,393.98,42.350,4113,4093,4104,20,0,90.4,32.4,84.8,29.3,none,none,79.0,26.1,4103,-4113,4098,4107,4103,4106,4104,-4106,4102,-4109,4101,-4108,4103,4111,4100,-4111,4101,-4111,4102,-4110,4103,-4110,4101,-4111,4101,-4113,4101,-4111,4102,-4110,4104,4110,4103,-4108,4103,-4110,4102,-4109,4101,-4108,4102,4108,4106,-4112,4103,-4108,4102,-4105,4100,-4106,4099,-4109,4100,-4107,4103,-4105,4098,-4106,4102,4106,4096,-4108,4097,-4110,4098,-4113,4097,-4108,4100,4110,4099,-4109,4101,-4109,4094,-4110,4093,-4111,4095,-4111,4095,-4111,4094,-4109,4096,-4108,4098,4108,4100,-4110,4097,-4106,4099,-4107,4096,-4104,-0.05,SJNFAAZE1U0005576,117.70,14.32,8975.2890625,78,75,0,0,0,0,15.5,99.17,-154268,56,1528019230.052,12720,3,1,0,5,0,0,0,0,4,394.10,394.10,1F,1,1,1,0080,73,40,40,0,0,19,41.50
03/06/2018 10:47:13,54 58.53373,-1 31.10137,301,0,473,934212,1144818,394.18,34.934,4115,4096,4106,19,0,90.4,32.4,84.8,29.3,none,none,79.0,26.1,4106,-4115,4100,-4110,4104,4108,4106,4107,4103,-4110,4103,-4111,4104,-4111,4103,-4111,4103,4112,4104,-4113,4105,-4110,4103,-4112,4104,-4114,4102,-4113,4105,-4111,4106,-4110,4106,-4110,4105,4111,4104,-4110,4104,-4109,4104,-4109,4108,-4112,4104,4110,4105,-4106,4102,-4106,4100,-4111,4102,-4108,4105,-4107,4102,-4108,4103,-4108,4099,-4110,4099,4110,4100,-4113,4099,-4112,4102,-4113,4099,-4110,4103,4113,4097,-4112,4097,-4112,4097,-4113,4098,-4112,4096,-4110,4099,-4110,4100,-4111,4103,-4112,4099,4109,4100,-4109,4098,-4105,-0.08,SJNFAAZE1U0005576,117.70,14.32,8975.2890625,78,75,0,0,0,0,15.5,99.17,-154268,56,1528019233.969,12160,3,1,0,5,0,0,0,0,4,394.19,394.19,1F,1,1,1,0080,73,40,40,0,0,11,25.75
03/06/2018 10:47:17,54 58.53373,-1 31.10137,301,0,473,933967,1144818,393.98,39.451,4113,4094,4104,19,0,90.6,32.6,84.8,29.3,none,none,79.0,26.1,4103,-4113,4099,-4108,4102,4107,4103,-4106,4103,-4109,4102,4109,4102,-4109,4102,-4110,4101,-4111,4101,-4111,4104,4109,4103,-4111,4101,-4113,4101,-4110,4102,-4110,4104,-4109,4105,-4107,4104,-4109,4103,-4108,4102,4107,4102,-4108,4107,-4110,4102,-4108,4103,-4104,4098,4106,4099,-4108,4099,-4106,4102,-4105,4098,-4107,4103,-4106,4097,-4109,4096,-4109,4099,-4113,4097,4109,4099,-4109,4098,-4107,4100,-4110,4095,-4110,4094,4112,4094,-4111,4094,-4111,4094,-4108,4096,-4108,4097,-4107,4100,-4110,4096,-4106,4099,-4108,4095,4104,-0.10,SJNFAAZE1U0005576,117.70,14.32,8975.2890625,78,75,0,0,0,0,15.5,99.17,-154268,56,1528019237.833,11840,2,1,0,5,0,0,0,0,4,393.99,393.99,1F,1,1,1,0080,73,40,40,0,0,19,40.00
03/06/2018 10:47:21,54 58.53373,-1 31.10137,301,0,472,933684,1144818,393.98,37.498,4112,4094,4104,18,0,90.8,32.7,84.8,29.3,none,none,79.0,26.1,4104,-4112,4100,-4107,4102,4107,4104,-4106,4103,-4108,4102,-4108,4103,-4110,4102,4109,4102,-4109,4102,-4111,4104,-4110,4103,-4110,4103,4112,4101,-4110,4102,-4109,4104,-4109,4104,-4108,4104,-4109,4102,-4109,4102,-4107,4102,-4106,4106,4111,4102,-4107,4102,-4103,4100,-4105,4099,-4108,4100,4105,4103,-4105,4101,-4105,4102,-4105,4098,-4107,4099,-4109,4100,-4112,4099,-4108,4100,-4108,4098,4107,4102,-4109,4095,-4109,4096,-4108,4097,-4110,4098,4109,4094,-4108,4097,-4107,4098,-4107,4101,-4108,4098,-4106,4099,4107,4096,-4104,-0.07,SJNFAAZE1U0005576,117.70,14.32,8975.2890625,78,75,0,0,0,0,15.5,99.17,-154268,56,1528019241.444,12120,3,1,0,5,0,0,0,0,4,393.98,393.98,1F,1,1,1,0080,73,40,40,0,0,19,0.00
03/06/2018 10:47:25,54 58.53373,-1 31.10137,301,0,472,933509,1144818,392.35,73.691,4096,4078,4087,18,0,90.6,32.6,84.8,29.3,none,none,79.0,26.1,4090,4087,4091,-4083,-4092,4086,-4091,-4086,-4092,4087,-4092,4088,-4093,4088,-4093,4087,-4094,4088,-4094,4089,-4096,4089,-4094,4090,-4094,4088,-4094,4087,-4094,4089,-4092,4090,-4093,4089,-4093,4091,-4091,4087,-4091,4086,-4092,4086,-4095,4090,-4090,4086,-4089,4084,-4085,4078,-4089,4082,-4089,4081,-4091,4082,-4091,4082,-4094,4081,-4088,4080,-4091,4080,-4095,4083,-4092,4082,-4092,4082,-4092,4083,4096,4078,-4092,4079,4093,-4079,4094,-4079,4093,-4080,4092,-4080,4088,-4079,4090,4081,4090,-4084,4087,-4080,4090,-4080,4088,-4080,-0.08,SJNFAAZE1U0005576,117.70,14.32,8975.2890625,78,75,0,0,0,0,15.5,99.17,-154268,56,1528019245.220,19000,2,1,0,5,0,0,0,0,4,392.82,392.82,1F,1,1,1,0080,73,40,40,0,0,11,80.25
03/06/2018 10:47:29,54 58.53373,-1 31.10137,301,0,472,933011,1144818,393.41,42.441,4106,4089,4098,17,0,90.4,32.4,84.8,29.3,none,none,79.0,26.1,-4102,4099,-4100,4094,-4103,4096,-4101,4096,-4101,4096,-4102,4098,-4103,4098,-4104,4097,-4103,4099,-4103,4098,-4104,4097,-4103,4100,-4104,4098,-4105,4097,-4104,4100,-4102,4099,-4103,4098,-4102,4099,-4102,4097,-4102,4097,-4102,4097,-4105,4101,-4101,4096,-4102,4095,-4098,4092,-4101,4094,-4102,4092,-4102,4093,-4101,4092,-4104,4092,-4102,4090,-4103,4091,-4105,4094,-4103,4091,-4103,4093,-4102,4093,-4106,4089,-4104,4090,-4104,4090,-4104,4089,-4104,4091,-4102,4090,-4100,4090,-4102,4092,-4102,4095,-4098,4091,-4101,4092,-4100,4091,-0.08,SJNFAAZE1U0005576,117.70,14.32,8976.8984375,78,75,0,0,0,0,15.5,99.17,-154268,56,1528019249.024,14960,2,1,0,5,0,0,0,0,4,393.31,393.31,1F,1,1,1,0080,73,40,40,0,0,19,35.00
03/06/2018 10:47:32,54 58.53373,-1 31.10137,301,0,472,932751,1144818,394.08,25.626,4113,4096,4105,17,0,90.6,32.6,84.8,29.3,none,none,79.0,26.1,-4109,4105,-4108,4101,-4111,4103,-4109,4102,-4110,4103,-4109,4104,-4111,4104,-4111,4103,-4110,4105,-4111,4105,-4112,4102,-4111,4105,-4110,4105,-4111,4103,-4110,4105,-4110,4105,-4110,4104,-4109,4106,-4109,4103,-4109,4103,-4108,4103,-4112,4106,-4108,4103,-4110,4102,-4107,4097,-4109,4102,-4108,4101,-4109,4100,-4108,4099,-4113,4099,-4108,4098,-4109,4097,-4112,4101,-4110,4098,-4111,4100,-4109,4098,-4112,4096,-4111,4096,-4111,4096,-4112,4097,-4110,4096,-4111,4097,-4107,4098,-4109,4098,-4110,4103,-4106,4098,-4109,4098,-4108,4098,-0.09,SJNFAAZE1U0005576,117.70,14.32,8976.8984375,78,75,0,0,0,0,15.5,99.17,-154268,56,1528019252.973,9760,3,1,0,5,0,0,0,0,4,394.05,394.05,1F,1,1,1,0080,73,40,40,0,0,19,22.50
03/06/2018 10:47:36,54 58.53373,-1 31.10137,301,0,472,932469,1144818,395.62,1.640,4130,4113,4121,17,0,90.8,32.7,84.8,29.3,none,none,79.0,26.1,-4127,4123,-4125,4118,-4127,4118,-4124,4118,-4124,4119,-4124,4119,-4126,4118,-4124,4119,-4124,4119,-4125,4120,-4126,4119,-4125,4121,-4126,4121,-4125,4118,-4125,4120,-4125,4120,-4125,4120,-4125,4121,-4125,4118,-4124,4119,-4124,4119,-4129,4123,-4126,4120,-4126,4119,-4126,4116,-4128,4120,-4127,4118,-4129,4117,-4126,4115,-4128,4116,-4128,4113,-4128,4115,-4130,4118,-4127,4115,-4127,4115,-4127,4116,-4126,4113,-4128,4113,-4130,4113,-4129,4113,-4128,4114,-4129,4115,-4125,4114,-4127,4115,-4129,4120,-4126,4115,-4127,4117,-4125,4116,-0.08,SJNFAAZE1U0005576,117.71,14.32,8976.8984375,78,75,0,0,0,0,15.5,99.17,-154268,56,1528019256.693,10480,2,1,0,5,0,0,0,0,4,394.59,394.59,1F,1,1,1,0080,73,40,40,0,0,19,-47.00
03/06/2018 10:47:40,54 58.53373,-1 31.10137,301,0,472,932553,1144818,394.46,21.323,4115,4105,4109,10,0,90.6,32.6,84.8,29.3,none,none,79.0,26.1,-4111,4115,-4108,4110,-4111,4110,-4110,4109,-4109,4110,-4110,4111,-4111,4111,-4109,4111,-4109,4111,-4110,4111,-4112,4111,-4110,4111,-4110,4113,-4109,4111,-4111,4111,-4110,4111,-4111,4110,-4110,4112,-4110,4110,-4109,4109,-4111,4109,-4114,4113,-4110,4111,-4111,4107,-4108,4105,-4109,4110,-4110,4108,-4112,4107,-4107,4106,-4112,4107,-4106,4106,-4108,4108,-4110,4111,-4109,4108,-4109,4109,-4108,4108,-4110,4107,-4108,4106,-4107,4109,-4108,4108,-4110,4108,-4107,4108,-4107,4107,-4108,4107,-4111,4111,-4107,4106,-4109,4108,-4107,4107,-0.05,SJNFAAZE1U0005576,117.71,14.32,8976.8984375,78,75,0,0,0,0,15.5,99.17,-154272,56,1528019260.473,6760,2,0,0,0,0,0,0,0,4,394.50,394.50,1F,1,1,1,0080,73,40,40,0,0,19,18.50
03/06/2018 10:47:44,54 58.53373,-1 31.10137,301,0,472,932403,1144818,394.56,18.912,4120,4100,4110,20,0,90.6,32.6,84.8,29.3,none,none,79.0,26.1,4110,-4120,4107,-4115,4109,4113,4110,-4112,4107,-4115,4108,4115,4109,-4117,4108,-4116,4108,-4115,4108,-4117,4110,4114,4108,-4117,4108,-4119,4107,-4117,4110,-4114,4110,-4115,4109,-4113,4109,-4115,4109,-4115,4109,4114,4109,-4113,4113,-4118,4109,-4114,4109,-4110,4106,4113,4106,-4116,4107,-4112,4108,-4112,4106,-4113,4109,-4113,4104,-4114,4103,-4116,4106,-4118,4103,4116,4104,-4115,4103,-4112,4108,-4117,4101,-4117,4100,-4116,4100,4116,4101,-4117,4101,-4113,4102,-4115,4103,-4115,4106,4116,4103,-4113,4104,-4115,4103,-4110,-0.06,SJNFAAZE1U0005576,117.71,14.32,8976.8984375,78,75,0,0,0,0,15.5,99.17,-154272,56,1528019264.204,6760,3,0,0,0,0,0,0,0,4,394.60,394.60,1F,1,1,1,0080,73,40,40,0,0,19,16.00
03/06/2018 10:47:48,54 58.53373,-1 31.10137,301,0,472,932281,1144818,394.66,15.433,4121,4103,4111,18,0,90.8,32.7,85.0,29.4,none,none,79.2,26.2,4112,-4121,4108,-4115,4111,4113,4111,-4113,4110,-4116,4110,-4116,4110,-4116,4109,4116,4110,-4117,4110,-4116,4111,-4116,4110,-4116,4109,4120,4108,-4117,4110,-4117,4111,-4116,4112,-4115,4110,-4116,4111,-4114,4110,-4114,4111,-4114,4114,4118,4111,-4114,4111,-4112,4108,-4112,4108,-4117,4109,4113,4112,-4113,4107,-4113,4111,-4112,4106,-4115,4105,-4116,4108,4118,4106,-4115,4107,-4116,4107,-4114,4107,-4116,4103,-4116,4103,-4117,4105,-4116,4105,-4117,4103,4115,4105,-4115,4106,-4115,4110,-4117,4107,-4114,4107,4115,4105,-4112,-0.09,SJNFAAZE1U0005576,117.71,14.32,8976.8984375,78,75,0,0,0,0,15.5,99.17,-154272,56,1528019268.274,6200,2,0,0,0,0,0,0,0,4,394.71,394.71,1F,1,1,1,0080,73,40,40,0,0,19,13.75
03/06/2018 10:47:52,54 58.53373,-1 31.10137,301,0,472,932080,1144818,392.45,65.848,4098,4079,4088,19,0,90.6,32.6,84.8,29.3,none,none,79.0,26.1,4086,4097,4084,-4092,4087,4091,4089,-4091,4086,-4092,4086,-4093,4088,-4095,4086,-4094,4088,-4096,4088,4096,4089,-4095,4088,-4095,4088,-4098,4086,-4096,4087,4095,4088,-4094,4090,-4094,4089,-4094,4088,-4092,4087,-4093,4087,-4091,4090,-4096,4086,-4092,4086,4088,4083,-4088,4081,-4091,4083,-4087,4086,-4088,4085,4089,4086,-4088,4081,-4091,4080,-4092,4084,-4094,4082,-4092,4084,-4092,4082,-4092,4087,-4092,4080,4094,4080,-4093,4080,-4093,4081,-4094,4079,-4092,4081,-4091,4081,4091,4083,-4092,4081,-4089,4082,-4090,4080,-4087,-0.07,SJNFAAZE1U0005576,117.71,14.32,8976.8984375,78,75,0,0,0,0,15.5,99.17,-154272,56,1528019272.300,16640,2,1,0,4,0,0,0,0,4,392.94,392.94,1F,1,1,1,0080,73,40,40,0,0,19,70.00
03/06/2018 10:47:55,54 58.53373,-1 31.10137,301,0,471,931472,1144818,391.30,87.589,4087,4064,4076,23,0,90.8,32.7,85.0,29.4,none,none,79.2,26.2,4073,-4085,4072,-4080,4073,4079,4077,-4079,4074,-4081,4075,-4082,4076,-4084,4074,-4083,4075,-4084,4075,-4084,4077,-4083,4076,4084,4077,-4087,4074,-4084,4075,-4083,4077,-4083,4076,4082,4077,-4082,4077,-4081,4075,-4081,4075,-4079,4078,-4083,4073,-4079,4072,-4075,4068,-4076,4067,4079,4069,-4076,4072,-4076,4071,-4078,4073,-4076,4067,4080,4068,-4081,4071,-4083,4069,-4081,4070,-4081,4068,-4079,4077,-4082,4065,-4082,4066,-4083,4066,4082,4066,-4083,4064,-4080,4066,-4080,4068,-4080,4069,-4080,4065,4077,4066,-4077,4065,-4074,-0.11,SJNFAAZE1U0005576,117.71,14.32,8976.8984375,78,75,0,0,0,0,15.0,99.17,-154272,56,1528019275.963,26720,3,1,0,5,0,0,0,0,4,391.48,391.48,1F,1,1,1,0080,73,40,40,0,0,19,69.00
03/06/2018 10:47:59,54 58.53373,-1 31.10137,301,0,471,930850,1144818,390.34,101.235,4076,4056,4066,20,0,90.6,32.6,85.0,29.4,none,none,79.0,26.1,-4067,4065,-4069,4062,-4070,4065,-4069,4064,-4070,4066,-4072,4068,-4072,4068,-4072,4065,-4072,4068,-4073,4068,-4074,4066,-4074,4068,-4074,4067,-4073,4066,-4072,4070,-4072,4068,-4072,4067,-4071,4070,-4072,4065,-4072,4066,-4071,4067,-4074,4069,-4069,4064,-4067,4062,-4064,4056,-4066,4059,-4066,4059,-4067,4058,-4066,4059,-4071,4057,-4066,4057,-4070,4058,-4072,4061,-4070,4060,-4070,4061,-4070,4060,-4076,4056,-4070,4056,-4071,4059,-4073,4057,-4071,4056,-4069,4058,-4067,4058,-4070,4059,-4067,4061,-4065,4057,-4067,4057,-4065,4057,-0.07,SJNFAAZE1U0005576,117.71,14.32,8976.8984375,78,75,0,0,0,0,15.0,99.17,-154272,56,1528019279.221,30840,2,1,0,5,0,0,0,0,4,390.53,390.53,1F,1,1,1,0080,73,40,40,0,0,19,70.50
03/06/2018 10:48:02,54 58.53373,-1 31.10137,301,0,471,930154,1144818,389.38,115.163,4067,4045,4056,22,0,90.6,32.6,85.0,29.4,none,none,79.2,26.2,-4056,4056,-4058,4052,-4060,4055,-4061,4055,-4061,4057,-4061,4058,-4063,4057,-4063,4058,-4063,4059,-4063,4058,-4064,4058,-4064,4060,-4064,4060,-4064,4056,-4063,4061,-4063,4060,-4063,4059,-4062,4060,-4062,4057,-4061,4057,-4062,4055,-4064,4059,-4059,4055,-4057,4052,-4051,4046,-4054,4049,-4056,4047,-4056,4048,-4059,4049,-4060,4048,-4055,4046,-4059,4048,-4062,4051,-4061,4051,-4061,4051,-4059,4051,-4067,4045,-4060,4047,-4062,4047,-4061,4047,-4061,4048,-4059,4049,-4054,4049,-4058,4051,-4055,4050,-4053,4048,-4055,4047,-4054,4047,-0.09,SJNFAAZE1U0005576,117.71,14.32,8976.8984375,78,75,0,0,0,0,15.0,99.17,-154272,56,1528019282.423,34800,2,1,0,5,0,0,0,0,4,389.46,389.46,1F,1,1,1,0080,73,40,40,0,0,19,72.00
03/06/2018 10:48:05,54 58.53373,-1 31.10137,301,0,470,929463,1144818,389.76,97.402,4073,4051,4060,22,0,90.6,32.6,84.8,29.3,none,none,79.2,26.2,-4063,4060,-4063,4057,-4064,4058,-4065,4060,-4064,4061,-4066,4063,-4067,4061,-4068,4062,-4067,4061,-4068,4063,-4068,4063,-4067,4064,-4069,4064,-4068,4061,-4067,4063,-4067,4065,-4067,4062,-4066,4064,-4066,4061,-4065,4061,-4065,4059,-4067,4064,-4063,4058,-4061,4056,-4058,4051,-4060,4055,-4061,4051,-4062,4054,-4065,4054,-4065,4052,-4061,4051,-4065,4053,-4067,4055,-4065,4057,-4066,4055,-4064,4055,-4073,4051,-4064,4051,-4067,4051,-4068,4052,-4067,4052,-4064,4051,-4063,4052,-4063,4055,-4062,4054,-4058,4052,-4062,4053,-4059,4051,-0.10,SJNFAAZE1U0005576,117.70,14.32,8976.8984375,78,75,0,0,0,0,15.0,99.17,-154272,56,1528019285.646,32600,2,1,0,5,0,0,0,0,4,389.51,389.51,1F,1,1,1,0080,74,40,40,0,0,19,44.25
03/06/2018 10:48:09,54 58.53373,-1 31.10137,301,0,470,928982,1144818,391.01,58.799,4081,4063,4073,18,0,90.8,32.7,85.0,29.4,none,none,79.2,26.2,-4075,4073,-4075,4069,-4077,4072,-4076,4071,-4077,4073,-4078,4074,-4079,4074,-4080,4073,-4079,4076,-4079,4074,-4080,4074,-4080,4075,-4081,4075,-4080,4072,-4080,4078,-4079,4076,-4080,4075,-4078,4076,-4078,4074,-4077,4073,-4078,4073,-4080,4076,-4076,4072,-4076,4070,-4071,4063,-4073,4068,-4075,4067,-4075,4066,-4075,4067,-4078,4066,-4075,4065,-4076,4065,-4079,4070,-4076,4066,-4079,4069,-4077,4069,-4080,4063,-4078,4063,-4077,4066,-4080,4065,-4078,4066,-4077,4066,-4075,4065,-4077,4066,-4075,4069,-4072,4065,-4075,4066,-4074,4065,-0.10,SJNFAAZE1U0005576,117.70,14.32,8976.8984375,78,75,0,0,0,0,15.0,99.17,-154272,57,1528019289.153,19720,3,1,0,5,0,0,0,0,4,391.00,391.00,1F,1,1,1,0080,73,40,40,0,0,19,29.25
03/06/2018 10:48:12,54 58.53373,-1 31.10137,301,0,470,928612,1144818,391.78,42.655,4089,4072,4081,17,0,90.8,32.7,85.0,29.4,none,none,79.2,26.2,-4085,4082,-4084,4078,-4086,4080,-4084,4079,-4084,4080,-4086,4081,-4088,4081,-4087,4081,-4086,4082,-4087,4082,-4088,4082,-4087,4083,-4089,4083,-4089,4081,-4087,4084,-4087,4083,-4087,4082,-4086,4084,-4086,4081,-4086,4081,-4085,4080,-4089,4084,-4084,4079,-4084,4077,-4081,4073,-4083,4077,-4083,4075,-4085,4075,-4084,4075,-4087,4074,-4084,4074,-4086,4074,-4088,4077,-4085,4076,-4086,4075,-4085,4075,-4089,4073,-4087,4072,-4087,4074,-4088,4073,-4088,4073,-4086,4073,-4083,4075,-4085,4075,-4084,4078,-4081,4074,-4084,4074,-4081,4074,-0.10,SJNFAAZE1U0005576,117.70,14.32,8976.8984375,78,75,0,0,0,0,15.0,99.17,-154272,57,1528019292.825,13640,3,1,0,5,0,0,0,0,4,391.79,391.79,1F,1,1,1,0080,74,40,40,0,0,19,20.25
03/06/2018 10:48:16,54 58.53373,-1 31.10137,301,0,470,928322,1144818,391.87,43.845,4092,4071,4082,21,0,90.6,32.6,85.0,29.4,none,none,79.2,26.2,4080,-4091,4077,4086,4079,4085,4082,-4084,4079,-4087,4080,-4087,4081,4090,4079,-4090,4080,-4089,4081,-4090,4082,-4089,4081,-4089,4082,-4092,4078,-4091,4081,-4088,4082,4089,4083,-4087,4082,-4088,4081,-4087,4080,-4087,4081,-4085,4084,-4090,4079,-4086,4080,-4082,4075,-4083,4074,-4086,4076,4082,4079,-4081,4077,-4084,4079,-4083,4074,-4086,4075,-4086,4077,-4089,4074,-4087,4077,-4088,4075,4086,4078,-4088,4071,-4089,4073,-4088,4073,-4087,4073,4089,4071,-4086,4073,-4087,4075,-4086,4077,-4086,4073,-4083,4075,-4085,4073,-4081,-0.08,SJNFAAZE1U0005576,117.70,14.32,8976.8984375,78,75,0,0,0,0,15.0,99.17,-154272,57,1528019296.291,13360,2,1,0,5,0,0,0,0,4,391.82,391.82,1F,1,1,1,0080,74,40,40,0,0,11,22.50
03/06/2018 10:48:19,54 58.53373,-1 31.10137,301,0,470,928030,1144818,391.87,43.937,4091,4071,4082,20,0,90.8,32.7,85.0,29.4,none,none,79.2,26.2,4080,-4090,4077,-4085,4080,4084,4083,4083,4080,-4086,4080,-4086,4081,-4089,4081,-4089,4081,4088,4082,-4089,4083,-4088,4081,-4089,4081,-4091,4079,-4090,4081,4088,4083,-4088,4083,-4088,4083,-4087,4081,-4088,4081,-4086,4081,-4086,4084,-4088,4080,-4084,4080,4081,4075,-4082,4075,-4086,4076,-4082,4079,-4082,4076,4084,4079,-4083,4073,-4086,4074,-4086,4077,-4091,4075,-4086,4077,-4087,4075,-4085,4078,-4086,4072,4088,4071,-4089,4073,-4088,4073,-4087,4071,-4085,4074,4085,4074,-4085,4076,-4086,4073,-4083,4075,-4085,4073,-4081,-0.14,SJNFAAZE1U0005576,117.70,14.32,8976.8984375,78,75,0,0,0,0,15.0,99.17,-154272,57,1528019299.801,13400,3,1,0,5,0,0,0,0,4,391.84,391.84,1F,1,1,1,0080,74,40,40,0,0,19,21.50
03/06/2018 10:48:23,54 58.53373,-1 31.10137,301,0,469,927728,1144818,391.78,45.066,4090,4072,4081,18,0,90.8,32.7,85.0,29.4,none,none,79.2,26.2,4079,-4088,4077,-4084,4081,4084,4082,-4082,4080,-4085,4080,-4086,4081,-4086,4080,-4086,4080,-4087,4081,-4088,4082,-4087,4080,4087,4081,-4090,4080,-4087,4081,-4087,4082,-4087,4082,4084,4082,-4086,4081,-4086,4080,-4085,4080,-4085,4084,-4088,4080,-4083,4080,-4081,4074,-4080,4076,4083,4076,-4081,4079,-4079,4075,-4081,4079,-4081,4073,4083,4075,-4084,4077,-4088,4075,-4084,4076,-4085,4075,-4083,4076,-4084,4072,-4084,4072,-4086,4073,4085,4073,-4086,4072,-4084,4072,-4083,4074,-4082,4076,4085,4073,-4081,4075,-4082,4072,-4078,-0.09,SJNFAAZE1U0005576,117.70,14.32,8976.8984375,78,75,0,0,0,0,15.0,99.17,-154272,57,1528019303.327,14000,2,1,0,5,0,0,0,0,4,391.84,391.84,1F,1,1,1,0080,74,40,40,0,0,11,22.50
03/06/2018 10:48:26,54 58.53373,-1 31.10137,301,0,469,927444,1144818,391.78,42.594,4092,4071,4081,21,0,91.0,32.8,85.2,29.6,none,none,79.3,26.3,4079,-4089,4076,-4085,4079,4084,4080,-4083,4079,4087,4079,-4086,4081,-4089,4079,-4088,4080,-4088,4080,-4090,4080,-4088,4080,-4088,4080,-4092,4079,4089,4079,-4088,4081,-4088,4081,-4086,4082,-4087,4080,4086,4079,-4085,4079,-4085,4083,-4088,4079,-4085,4078,-4081,4074,-4081,4074,-4085,4075,-4082,4079,4081,4076,-4082,4078,-4082,4073,-4085,4075,-4086,4076,4089,4074,-4087,4076,-4087,4075,-4085,4079,-4086,4071,-4088,4071,-4088,4073,-4087,4072,-4087,4071,4085,4072,-4085,4074,-4084,4075,-4085,4073,-4083,4075,-4084,4073,4081,-0.07,SJNFAAZE1U0005576,117.70,14.32,8976.8984375,78,75,0,0,0,0,15.0,99.17,-154272,57,1528019306.768,13640,2,1,0,5,0,0,0,0,4,391.79,391.79,1F,1,1,1,0080,74,40,40,0,0,19,20.00
03/06/2018 10:48:30,54 58.53373,-1 31.10137,301,0,469,927165,1144818,391.87,41.282,4093,4072,4082,21,0,91.0,32.8,85.2,29.6,none,none,79.3,26.3,4080,-4090,4078,4085,4080,4084,4083,-4084,4081,-4087,4081,-4087,4082,4089,4081,-4090,4081,-4089,4081,-4089,4082,-4088,4081,-4089,4082,-4093,4080,-4090,4081,-4087,4083,4088,4083,-4086,4083,-4088,4083,-4087,4081,-4087,4080,4084,4085,-4089,4080,-4085,4081,-4082,4076,-4082,4075,-4086,4077,-4082,4079,-4082,4078,-4084,4079,4083,4075,-4086,4074,-4086,4078,-4089,4075,-4087,4077,-4087,4075,4085,4079,-4089,4072,-4087,4074,-4088,4074,-4088,4073,4089,4072,-4087,4073,-4086,4074,-4087,4077,-4086,4074,-4084,4074,-4085,4073,-4081,-0.10,SJNFAAZE1U0005576,117.70,14.32,8976.8984375,78,75,0,0,0,0,15.0,99.17,-154272,57,1528019310.113,13200,3,1,0,5,0,0,0,0,4,391.86,391.86,1F,1,1,1,0080,74,40,40,0,0,19,21.75
03/06/2018 10:48:33,54 58.53373,-1 31.10137,301,0,469,926883,1144818,391.49,48.758,4086,4069,4078,17,0,90.8,32.7,85.2,29.6,none,none,79.3,26.3,-4081,4079,-4081,4074,-4084,4077,-4082,4077,-4082,4077,-4083,4079,-4084,4077,-4084,4077,-4084,4078,-4084,4080,-4086,4078,-4085,4080,-4086,4078,-4086,4078,-4085,4081,-4084,4079,-4083,4079,-4083,4082,-4084,4078,-4083,4077,-4083,4077,-4086,4081,-4082,4076,-4081,4074,-4077,4069,-4080,4073,-4080,4072,-4082,4071,-4081,4071,-4085,4070,-4079,4069,-4082,4071,-4086,4074,-4083,4071,-4083,4073,-4083,4073,-4084,4069,-4084,4069,-4082,4070,-4085,4070,-4085,4070,-4083,4071,-4081,4070,-4083,4071,-4082,4075,-4078,4069,-4081,4071,-4079,4070,-0.06,SJNFAAZE1U0005576,117.70,14.32,8976.8984375,78,75,0,0,0,0,15.0,99.17,-154272,57,1528019313.540,14840,2,1,0,5,0,0,0,0,4,391.59,391.59,1F,1,1,1,0080,74,40,40,0,0,19,25.50
03/06/2018 10:48:37,54 58.53373,-1 31.10137,301,0,469,926559,1144818,391.68,44.303,4087,4071,4080,16,0,91.0,32.8,85.2,29.6,none,none,79.2,26.2,-4083,4080,-4082,4075,-4084,4078,-4084,4077,-4083,4079,-4084,4079,-4086,4080,-4085,4080,-4085,4081,-4087,4082,-4087,4080,-4086,4081,-4086,4082,-4087,4080,-4086,4082,-4086,4081,-4085,4080,-4084,4083,-4084,4079,-4083,4080,-4083,4078,-4086,4082,-4082,4079,-4082,4075,-4079,4073,-4081,4075,-4081,4074,-4082,4073,-4081,4074,-4085,4073,-4082,4072,-4083,4072,-4086,4076,-4083,4075,-4084,4075,-4083,4075,-4087,4072,-4084,4071,-4084,4072,-4086,4072,-4084,4072,-4083,4073,-4081,4073,-4083,4075,-4083,4076,-4080,4073,-4082,4074,-4079,4073,-0.11,SJNFAAZE1U0005576,117.70,14.32,8976.8984375,78,75,0,0,0,0,15.0,99.17,-154272,57,1528019317.105,14520,3,1,0,5,0,0,0,0,4,391.61,391.61,1F,1,1,1,0080,74,40,40,0,0,19,22.00
03/06/2018 10:48:40,54 58.53373,-1 31.10137,301,0,469,926253,1144818,391.58,42.777,4086,4071,4079,15,0,91.0,32.8,85.2,29.6,none,none,79.3,26.3,-4082,4080,-4081,4076,-4083,4078,-4082,4077,-4082,4079,-4083,4079,-4083,4080,-4084,4080,-4084,4081,-4084,4081,-4086,4081,-4085,4082,-4086,4081,-4085,4079,-4084,4082,-4083,4082,-4084,4080,-4083,4083,-4083,4080,-4083,4079,-4083,4079,-4085,4082,-4082,4078,-4082,4076,-4079,4072,-4081,4074,-4080,4075,-4082,4073,-4081,4073,-4085,4073,-4079,4072,-4083,4072,-4084,4077,-4082,4074,-4083,4076,-4081,4075,-4085,4072,-4083,4072,-4083,4073,-4085,4072,-4084,4071,-4082,4073,-4080,4072,-4083,4073,-4083,4076,-4078,4072,-4081,4073,-4079,4072,-0.09,SJNFAAZE1U0005576,117.70,14.32,8976.8984375,78,75,0,0,0,0,15.0,99.17,-154272,57,1528019320.641,13960,2,1,0,5,0,0,0,0,4,391.64,391.64,1F,1,1,1,0080,74,40,40,0,0,11,22.25
03/06/2018 10:48:44,54 58.53373,-1 31.10137,301,0,469,925952,1144818,391.58,45.035,4086,4070,4079,16,0,90.8,32.7,85.2,29.6,none,none,79.3,26.3,-4082,4079,-4081,4076,-4084,4077,-4083,4076,-4082,4079,-4083,4080,-4085,4079,-4085,4079,-4084,4080,-4084,4080,-4086,4079,-4084,4080,-4086,4080,-4084,4079,-4084,4081,-4083,4081,-4084,4080,-4083,4081,-4083,4078,-4083,4078,-4083,4077,-4086,4082,-4082,4077,-4081,4074,-4078,4071,-4080,4074,-4080,4074,-4082,4072,-4080,4073,-4084,4072,-4079,4071,-4082,4073,-4085,4075,-4082,4074,-4083,4074,-4082,4073,-4085,4071,-4083,4070,-4083,4071,-4083,4071,-4083,4072,-4082,4072,-4079,4072,-4082,4072,-4081,4074,-4078,4071,-4079,4072,-4079,4072,-0.12,SJNFAAZE1U0005576,117.70,14.32,8978.5078125,78,75,0,0,0,0,15.0,99.17,-154272,57,1528019324.095,13960,2,1,0,5,0,0,0,0,4,391.54,391.54,1F,1,1,1,0080,74,40,40,0,0,19,22.00
03/06/2018 10:48:47,54 58.53373,-1 31.10137,301,0,468,925677,1144818,391.58,41.404,4086,4070,4079,16,0,91.0,32.8,85.2,29.6,none,none,79.3,26.3,-4082,4079,-4080,4076,-4083,4077,-4082,4077,-4082,4078,-4082,4079,-4084,4080,-4083,4079,-4083,4081,-4084,4081,-4086,4080,-4085,4082,-4085,4081,-4084,4078,-4084,4082,-4083,4081,-4084,4080,-4083,4082,-4083,4078,-4082,4078,-4081,4079,-4085,4081,-4081,4078,-4081,4075,-4078,4071,-4079,4075,-4080,4074,-4082,4073,-4080,4072,-4084,4072,-4080,4071,-4082,4072,-4083,4076,-4082,4073,-4082,4074,-4082,4074,-4084,4070,-4082,4071,-4082,4072,-4084,4071,-4084,4072,-4081,4071,-4080,4072,-4082,4072,-4082,4076,-4080,4071,-4081,4073,-4078,4072,-0.11,SJNFAAZE1U0005576,117.70,14.32,8978.5078125,78,75,0,0,0,0,15.0,99.17,-154272,57,1528019327.536,13560,2,1,0,5,0,0,0,0,4,391.65,391.65,1F,1,1,1,0080,74,40,40,0,0,11,21.50
03/06/2018 10:48:50,54 58.53373,-1 31.10137,301,0,468,925393,1144818,391.49,42.258,4089,4066,4078,23,0,91.0,32.8,85.2,29.6,none,none,79.3,26.3,4076,-4086,4072,-4081,4076,4081,4078,-4080,4075,-4083,4076,4083,4078,-4086,4076,-4086,4077,-4086,4077,-4086,4078,4086,4077,-4085,4078,-4089,4076,-4086,4078,-4084,4078,-4084,4079,-4084,4077,-4085,4078,-4084,4077,4083,4077,-4082,4079,-4085,4076,-4081,4075,-4078,4072,-4078,4070,4081,4072,-4078,4075,-4078,4074,-4080,4075,-4080,4070,4081,4071,-4084,4072,-4086,4070,-4083,4073,-4083,4072,-4082,4074,-4084,4068,-4084,4068,-4085,4069,4084,4069,-4084,4066,-4082,4070,-4082,4071,-4081,4073,4083,4070,-4080,4071,-4081,4067,-4077,-0.14,SJNFAAZE1U0005576,117.70,14.32,8978.5078125,78,75,0,0,0,0,15.0,99.17,-154272,57,1528019330.988,13400,2,1,0,5,0,0,0,0,4,391.57,391.57,1F,1,1,1,0080,74,40,40,0,0,19,22.00
03/06/2018 10:48:54,54 58.53373,-1 31.10137,301,0,468,925097,1144818,391.39,44.638,4088,4067,4077,21,0,90.8,32.7,85.2,29.6,none,none,79.3,26.3,4075,-4086,4073,-4080,4076,4081,4078,-4081,4076,-4083,4076,-4084,4077,-4085,4076,4085,4075,-4084,4076,-4086,4078,-4085,4076,-4085,4077,4088,4075,-4086,4078,-4085,4078,-4085,4079,-4083,4079,-4084,4077,4083,4077,-4082,4077,-4081,4079,-4086,4076,-4082,4076,-4078,4070,-4077,4071,-4082,4072,-4076,4074,4077,4073,-4080,4074,-4079,4069,-4080,4069,-4083,4073,4085,4070,-4083,4073,-4082,4071,-4081,4075,-4083,4068,-4084,4068,-4085,4068,-4084,4068,-4085,4067,4081,4069,-4081,4070,-4082,4072,-4081,4069,-4078,4069,4080,4068,-4075,-0.09,SJNFAAZE1U0005576,117.70,14.32,8978.5078125,78,75,0,0,0,0,15.0,99.17,-154272,57,1528019334.651,13280,2,1,0,5,0,0,0,0,4,391.46,391.46,1F,1,1,1,0080,74,40,40,0,0,19,23.75
03/06/2018 10:48:58,54 58.53373,-1 31.10137,301,0,468,924789,1144818,391.68,37.650,4090,4072,4080,18,0,91.0,32.8,85.2,29.6,none,none,79.3,26.3,4080,4087,4077,-4083,4079,4083,4082,-4082,4079,-4084,4079,-4085,4080,-4086,4079,-4087,4080,-4087,4080,4087,4082,-4086,4079,-4087,4081,-4090,4079,-4088,4080,-4087,4081,4086,4081,-4085,4081,-4087,4080,-4085,4079,-4085,4079,4083,4084,-4086,4078,-4083,4079,-4079,4075,-4080,4074,-4083,4076,-4080,4079,-4080,4076,-4081,4078,4080,4074,-4083,4073,-4084,4077,-4087,4074,-4084,4076,4085,4075,-4082,4078,-4084,4073,-4085,4072,-4086,4073,-4085,4073,-4085,4072,-4082,4073,-4083,4075,4083,4076,-4084,4074,-4081,4074,-4081,4073,-4079,-0.09,SJNFAAZE1U0005576,117.70,14.32,8978.5078125,78,75,0,0,0,0,15.0,99.17,-154272,57,1528019338.377,12400,2,1,0,5,0,0,0,0,4,391.69,391.69,1F,1,1,1,0080,74,40,40,0,0,19,19.75
03/06/2018 10:49:02,54 58.53373,-1 31.10137,301,0,468,924514,1144818,391.68,37.314,4089,4071,4080,18,0,91.0,32.8,85.2,29.6,none,none,79.3,26.3,4078,-4087,4075,-4083,4080,4083,4081,-4082,4078,-4084,4079,-4085,4080,-4087,4078,-4086,4079,4087,4080,-4087,4081,-4086,4080,-4087,4081,-4089,4079,-4087,4080,-4086,4081,-4085,4082,-4084,4081,4086,4080,-4084,4079,-4083,4079,-4083,4083,-4086,4079,4083,4079,-4080,4073,-4079,4074,-4082,4075,-4080,4078,-4079,4075,-4080,4079,-4080,4073,-4083,4073,4083,4076,-4087,4074,-4084,4076,-4084,4074,-4083,4076,4084,4072,-4084,4072,-4085,4072,-4085,4073,-4085,4071,-4083,4073,-4083,4074,-4082,4075,-4084,4071,4081,4073,-4083,4072,-4079,-0.12,SJNFAAZE1U0005576,117.70,14.32,8978.5078125,78,75,0,0,0,0,15.0,99.17,-154272,57,1528019342.212,12120,2,1,0,5,0,0,0,0,4,391.70,391.70,1F,1,1,1,0080,74,40,40,0,0,19,17.75
03/06/2018 10:49:05,54 58.53373,-1 31.10137,301,0,468,924246,1144818,391.68,34.080,4088,4071,4080,17,0,91.0,32.8,85.2,29.6,none,none,79.3,26.3,-4083,4080,-4083,4077,-4086,4079,-4084,4077,-4084,4078,-4084,4080,4087,-4080,4087,-4080,4086,-4081,4086,-4081,4087,4081,4088,-4082,4088,-4081,4088,-4080,4087,-4083,4087,-4082,4087,-4081,4085,-4083,4085,-4080,4085,4080,4084,-4080,4088,-4083,4084,-4079,4083,-4076,4080,4073,4085,-4076,-4083,4075,-4084,-4073,-4084,4073,-4087,4074,-4082,4072,-4085,4072,-4086,4075,-4084,4073,-4086,4076,-4085,4074,-4087,4071,-4087,4072,-4087,4072,-4087,4072,-4086,4072,-4084,4073,-4082,4072,-4084,4073,-4084,4077,-4082,4073,-4083,4074,-4081,4073,-0.10,SJNFAAZE1U0005576,117.70,14.32,8978.5078125,78,75,0,0,0,0,15.0,99.17,-154272,57,1528019345.920,11480,2,1,0,5,0,0,0,0,4,391.79,391.79,1F,1,1,1,0080,74,40,40,0,0,19,16.50
03/06/2018 10:49:09,54 58.53373,-1 31.10137,301,0,468,924026,1144818,392.06,27.701,4091,4074,4084,17,0,91.0,32.8,85.2,29.6,none,none,79.3,26.3,-4088,4084,-4087,4080,-4090,4083,-4087,4081,-4088,4083,-4088,4083,-4089,4083,-4090,4083,-4089,4085,-4090,4084,-4091,4084,-4091,4086,-4091,4085,-4090,4082,-4089,4087,-4088,4085,-4090,4085,-4089,4086,-4088,4083,-4088,4083,-4087,4082,-4091,4086,-4086,4082,-4086,4081,-4085,4075,-4086,4079,-4086,4078,-4088,4078,-4084,4078,-4091,4077,-4087,4075,-4089,4076,-4090,4081,-4087,4076,-4089,4079,-4089,4078,-4090,4075,-4089,4075,-4089,4075,-4091,4074,-4090,4075,-4089,4076,-4086,4074,-4089,4075,-4088,4080,-4085,4076,-4088,4077,-4085,4077,-0.12,SJNFAAZE1U0005576,117.70,14.32,8978.5078125,78,75,0,0,0,0,15.0,99.17,-154272,57,1528019349.581,8520,2,1,0,5,0,0,0,0,4,392.09,392.09,1F,1,1,1,0080,74,40,40,0,0,19,11.25
03/06/2018 10:49:12,54 58.53373,-1 31.10137,301,0,468,923857,1144818,392.64,14.060,4098,4082,4090,16,0,91.0,32.8,85.4,29.7,none,none,79.3,26.3,-4092,4091,-4094,4086,-4096,4088,-4093,4087,-4093,4089,-4095,4090,-4096,4090,-4095,4089,-4094,4088,-4095,4090,-4097,4088,-4095,4091,-4096,4090,-4096,4088,-4096,4091,-4094,4090,-4095,4089,-4094,4091,-4094,4089,-4094,4088,-4094,4088,-4098,4093,-4094,4088,-4093,4087,-4089,4084,-4093,4086,-4092,4086,-4094,4085,-4091,4084,-4096,4084,-4093,4085,-4094,4083,-4097,4086,-4095,4085,-4094,4087,-4093,4085,-4096,4082,-4095,4082,-4094,4082,-4094,4082,-4094,4082,-4094,4084,-4091,4084,-4093,4085,-4094,4088,-4089,4085,-4092,4084,-4091,4083,-0.13,SJNFAAZE1U0005576,117.70,14.32,8978.5078125,78,75,0,0,0,0,15.0,99.17,-154272,57,1528019352.932,7400,2,1,0,5,0,0,0,0,4,392.60,392.60,1F,1,1,1,0080,74,40,40,0,0,19,8.00
03/06/2018 10:49:16,54 58.53373,-1 31.10137,301,0,467,923733,1144818,392.45,22.757,4096,4078,4088,18,0,91.0,32.8,85.2,29.6,none,none,79.3,26.3,-4093,4088,-4091,4084,-4093,4086,-4091,4085,-4092,4087,-4093,4088,-4094,4088,-4095,4087,-4094,4087,-4093,4087,-4095,4087,-4094,4088,-4095,4088,-4094,4087,-4095,4090,-4093,4089,-4093,4088,-4093,4090,-4093,4087,-4092,4086,-4092,4086,-4096,4090,-4092,4087,-4092,4084,-4089,4080,-4092,4084,-4092,4083,-4093,4083,-4091,4082,-4095,4081,-4090,4081,-4093,4079,-4096,4084,-4092,4082,-4093,4083,-4093,4081,-4095,4078,-4095,4079,-4094,4080,-4095,4080,-4095,4079,-4094,4080,-4091,4081,-4092,4082,-4093,4085,-4089,4080,-4093,4081,-4090,4081,-0.12,SJNFAAZE1U0005576,117.70,14.32,8978.5078125,78,75,0,0,0,0,15.0,99.17,-154272,57,1528019356.441,6400,2,1,0,5,0,0,0,0,4,392.43,392.43,1F,1,1,1,0080,74,40,40,0,0,19,9.25
03/06/2018 10:49:20,54 58.53373,-1 31.10137,301,0,467,923580,1144818,392.45,21.964,4095,4080,4088,15,0,91.0,32.8,85.2,29.6,none,none,79.3,26.3,-4092,4089,-4089,4085,-4092,4087,-4090,4085,-4089,4088,-4092,4088,-4093,4088,-4092,4088,-4091,4089,-4091,4089,-4093,4088,-4093,4089,-4093,4089,-4093,4087,-4092,4090,-4092,4089,-4093,4088,-4092,4091,-4090,4088,-4091,4087,-4090,4087,-4095,4090,-4090,4087,-4090,4085,-4088,4082,-4089,4084,-4089,4083,-4092,4083,-4090,4082,-4093,4082,-4090,4081,-4091,4081,-4094,4085,-4090,4083,-4092,4084,-4091,4084,-4093,4080,-4092,4081,-4092,4080,-4093,4080,-4092,4081,-4090,4081,-4089,4081,-4091,4082,-4091,4085,-4087,4081,-4090,4083,-4088,4081,-0.05,SJNFAAZE1U0005576,117.70,14.32,8978.5078125,78,75,0,0,0,0,15.0,99.17,-154272,57,1528019360.170,7840,2,1,0,5,0,0,0,0,4,392.42,392.42,1F,1,1,1,0080,74,40,40,0,0,19,10.50
03/06/2018 10:49:23,54 58.53373,-1 31.10137,301,0,467,923433,1144818,392.54,16.349,4099,4079,4089,20,0,91.0,32.8,85.2,29.6,none,none,79.3,26.3,4088,-4098,4084,4093,4088,4092,4089,-4090,4087,-4094,4088,-4093,4089,4096,4087,-4095,4087,-4095,4088,-4096,4090,-4095,4087,-4096,4089,-4099,4087,-4097,4088,-4095,4089,4095,4090,-4093,4089,-4095,4089,-4094,4088,-4093,4089,4093,4092,-4095,4089,-4092,4088,-4089,4084,-4090,4084,-4094,4085,4091,4088,-4090,4085,-4092,4088,-4091,4082,-4093,4081,-4093,4084,-4098,4081,-4093,4085,-4095,4083,4093,4085,-4096,4080,-4095,4079,-4097,4081,-4096,4081,4096,4079,-4093,4081,-4093,4083,-4093,4085,-4095,4082,-4091,4084,-4092,4081,-4089,-0.11,SJNFAAZE1U0005576,117.70,14.32,8978.5078125,78,75,0,0,0,0,15.0,99.17,-154272,57,1528019363.845,5480,2,1,0,5,0,0,0,0,4,392.72,392.72,1F,1,1,1,0080,74,40,40,0,0,19,14.50
03/06/2018 10:49:27,54 58.53373,-1 31.10137,301,0,467,923269,1144818,392.54,18.882,4098,4078,4089,20,0,91.0,32.8,85.2,29.6,none,none,79.3,26.3,4087,-4097,4084,-4092,4087,4091,4089,4091,4086,-4093,4087,-4093,4088,-4096,4087,-4095,4087,4095,4087,-4096,4089,-4094,4088,-4094,4088,-4098,4086,-4096,4088,-4094,4089,-4095,4090,-4093,4089,4094,4088,-4093,4086,-4092,4087,-4092,4091,-4096,4086,-4093,4087,4088,4085,-4090,4083,-4093,4084,-4091,4087,-4089,4083,4091,4086,-4091,4082,-4093,4081,-4093,4085,-4097,4082,-4094,4084,-4094,4082,-4091,4086,-4095,4080,4095,4078,-4095,4080,-4095,4081,-4095,4079,-4093,4080,4093,4082,-4093,4084,-4094,4081,-4090,4082,-4092,4081,-4087,-0.14,SJNFAAZE1U0005576,117.70,14.32,8978.5078125,78,75,0,0,0,0,15.0,99.17,-154272,57,1528019367.503,6480,2,1,0,5,0,0,0,0,4,392.67,392.67,1F,1,1,1,0080,74,40,40,0,0,19,9.75
03/06/2018 10:49:31,54 58.53373,-1 31.10137,301,0,467,923103,1144818,392.54,29.227,4098,4079,4089,19,0,91.0,32.8,85.2,29.6,none,none,79.3,26.3,4087,-4096,4085,-4092,4088,4091,4090,-4090,4087,-4093,4088,4093,4089,-4095,4088,-4095,4089,-4095,4088,-4096,4090,-4094,4088,4095,4089,-4098,4086,-4095,4088,-4094,4090,-4094,4090,4093,4090,-4094,4089,-4093,4088,-4092,4089,-4092,4091,-4096,4088,-4092,4088,-4089,4084,-4089,4084,4092,4085,-4089,4087,-4089,4083,-4090,4088,-4090,4082,4090,4082,-4093,4086,-4097,4084,-4092,4084,-4092,4082,-4092,4084,-4095,4081,-4093,4079,-4093,4080,4093,4080,-4094,4081,-4092,4080,-4091,4082,-4091,4085,4093,4082,-4091,4083,-4090,4081,-4088,-0.14,SJNFAAZE1U0005576,117.70,14.32,8978.5078125,78,75,0,0,0,0,15.0,99.17,-154272,57,1528019371.091,7760,2,1,0,5,0,0,0,0,4,392.28,392.28,1F,1,1,1,0080,74,40,40,0,0,19,9.50
03/06/2018 10:49:34,54 58.53373,-1 31.10137,301,0,467,922927,1144818,392.26,28.220,4096,4076,4086,20,0,91.0,32.8,85.4,29.7,none,none,79.3,26.3,4084,-4095,4081,-4091,4085,4090,4088,-4089,4084,-4091,4084,-4091,4086,-4094,4083,4093,4085,-4094,4086,-4094,4087,-4093,4086,-4093,4085,-4096,4084,4094,4084,-4093,4086,-4092,4087,-4092,4087,-4092,4086,4091,4085,-4092,4085,-4090,4089,-4095,4084,-4090,4085,-4087,4079,-4088,4080,-4091,4082,-4088,4084,4088,4082,-4090,4083,-4090,4079,-4090,4078,-4091,4081,4095,4079,-4092,4080,-4092,4079,-4091,4081,-4093,4077,-4093,4076,-4093,4077,-4092,4077,-4093,4077,4091,4077,-4091,4078,-4090,4080,-4091,4078,-4088,4081,4091,4079,-4087,-0.11,SJNFAAZE1U0005576,117.70,14.32,8978.5078125,78,75,0,0,0,0,15.0,99.17,-154272,57,1528019374.760,8360,2,1,0,5,0,0,0,0,4,392.39,392.39,1F,1,1,1,0080,74,40,40,0,0,19,14.00
03/06/2018 10:49:38,54 58.53373,-1 31.10137,301,0,467,922730,1144818,392.06,31.760,4094,4075,4084,19,0,91.0,32.8,85.4,29.7,none,none,79.3,26.3,4083,-4093,4082,4088,4084,4088,4086,-4087,4082,-4089,4083,-4089,4085,4091,4084,-4091,4083,-4090,4084,-4091,4085,-4091,4084,-4091,4084,-4094,4082,-4092,4085,-4090,4086,4091,4085,-4090,4084,-4089,4085,-4090,4084,-4087,4084,4087,4088,-4092,4083,-4087,4083,-4084,4078,-4085,4080,-4087,4080,-4084,4082,-4084,4080,-4086,4083,4085,4077,-4087,4078,-4088,4080,-4091,4078,-4089,4080,4088,4079,-4087,4081,-4090,4078,-4090,4076,-4090,4076,-4089,4077,-4090,4075,-4087,4076,-4087,4078,4087,4081,-4087,4077,-4086,4078,-4086,4077,-4084,-0.11,SJNFAAZE1U0005576,117.70,14.32,8978.5078125,78,75,0,0,0,0,15.0,99.17,-154272,57,1528019378.594,9080,2,1,0,5,0,0,0,0,4,392.10,392.10,1F,1,1,1,0080,74,40,40,0,0,19,17.50
03/06/2018 10:49:42,54 58.53373,-1 31.10137,301,0,467,922434,1144818,391.49,41.495,4087,4069,4078,18,0,91.0,32.8,85.2,29.6,none,none,79.3,26.3,-4083,4079,-4081,4075,-4083,4077,-4082,4077,-4082,4078,-4083,4078,-4085,4078,-4085,4079,-4084,4078,-4085,4080,-4085,4078,-4084,4080,-4085,4080,-4085,4077,-4084,4080,-4083,4080,-4083,4079,-4082,4081,-4083,4077,-4083,4078,-4082,4077,-4085,4081,-4082,4076,-4081,4075,-4079,4070,-4080,4074,-4080,4072,-4082,4072,-4082,4072,-4084,4071,-4081,4071,-4083,4071,-4085,4075,-4082,4072,-4083,4073,-4082,4073,-4087,4069,-4084,4069,-4083,4069,-4086,4070,-4084,4070,-4083,4072,-4081,4071,-4082,4072,-4082,4075,-4080,4071,-4082,4071,-4080,4071,-0.12,SJNFAAZE1U0005576,117.70,14.32,8978.5078125,78,75,0,0,0,0,15.0,99.17,-154272,57,1528019382.376,12920,2,1,0,5,0,0,0,0,4,391.64,391.64,1F,1,1,1,0080,74,40,40,0,0,19,23.25
03/06/2018 10:49:46,54 58.53373,-1 31.10137,301,0,467,922095,1144818,391.30,44.395,4083,4068,4076,15,0,91.0,32.8,85.2,29.6,none,none,79.2,26.2,-4079,4077,-4079,4074,-4080,4076,-4080,4075,-4079,4077,-4079,4078,-4081,4078,-4082,4077,-4082,4078,-4081,4078,-4083,4077,-4082,4078,-4083,4079,-4082,4076,-4082,4079,-4082,4078,-4082,4077,-4081,4079,-4080,4077,-4080,4076,-4081,4077,-4083,4079,-4080,4076,-4079,4074,-4076,4069,-4077,4073,-4077,4072,-4079,4071,-4077,4070,-4081,4069,-4077,4070,-4080,4070,-4082,4075,-4080,4072,-4080,4073,-4080,4072,-4083,4068,-4080,4069,-4080,4070,-4082,4070,-4081,4070,-4079,4071,-4079,4070,-4080,4071,-4080,4073,-4076,4070,-4078,4071,-4076,4070,-0.10,SJNFAAZE1U0005576,117.70,14.32,8978.5078125,78,75,0,0,0,0,15.0,99.17,-154272,57,1528019386.195,14680,2,1,0,5,0,0,0,0,4,391.32,391.32,1F,1,1,1,0080,74,40,40,0,0,19,20.00
03/06/2018 10:49:49,54 58.53373,-1 31.10137,301,0,466,921802,1144818,391.20,42.808,4083,4067,4075,16,0,91.0,32.8,85.2,29.6,none,none,79.2,26.2,-4078,4075,-4077,4072,-4079,4074,-4079,4073,-4079,4075,-4080,4075,-4081,4075,-4080,4075,-4080,4075,-4082,4077,-4082,4075,-4081,4078,-4082,4077,-4083,4075,-4081,4078,-4081,4077,-4081,4076,-4080,4079,-4079,4075,-4079,4073,-4079,4075,-4083,4078,-4078,4074,-4078,4071,-4074,4067,-4076,4072,-4077,4070,-4078,4068,-4076,4069,-4080,4069,-4077,4067,-4079,4068,-4081,4072,-4079,4070,-4080,4070,-4079,4069,-4081,4067,-4080,4068,-4079,4068,-4080,4067,-4079,4067,-4079,4069,-4075,4068,-4078,4069,-4078,4072,-4075,4067,-4077,4069,-4075,4068,-0.09,SJNFAAZE1U0005576,117.70,14.32,8980.1171875,78,75,0,0,0,0,15.0,99.17,-154272,57,1528019389.782,13480,2,1,0,5,0,0,0,0,4,391.30,391.30,1F,1,1,1,0080,74,40,40,0,0,19,21.75
03/06/2018 10:49:53,54 58.53373,-1 31.10137,301,0,466,921504,1144818,391.20,40.519,4083,4066,4075,17,0,91.0,32.8,85.2,29.6,none,none,79.3,26.3,-4078,4076,-4078,4072,-4080,4074,-4080,4074,-4079,4075,-4080,4075,-4082,4076,-4082,4075,-4080,4077,-4081,4075,-4083,4076,-4081,4077,-4082,4076,-4082,4076,-4083,4078,-4081,4077,-4081,4076,-4080,4077,-4080,4075,-4079,4075,-4080,4075,-4083,4079,-4078,4075,-4078,4071,-4074,4067,-4077,4070,-4078,4068,-4079,4069,-4078,4070,-4081,4069,-4078,4066,-4080,4069,-4082,4072,-4080,4070,-4080,4069,-4079,4070,-4082,4066,-4082,4068,-4082,4066,-4081,4066,-4081,4067,-4079,4067,-4078,4067,-4080,4069,-4079,4070,-4075,4068,-4078,4069,-4076,4068,-0.17,SJNFAAZE1U0005576,117.70,14.24,8980.1171875,78,75,0,0,0,0,15.0,99.17,-154272,57,1528019393.392,13440,2,1,0,5,0,0,0,0,4,391.34,391.34,1F,1,1,1,0080,74,40,40,0,0,19,21.00
03/06/2018 10:49:56,54 58.53373,-1 31.10137,301,0,466,921191,1144818,390.82,48.423,4080,4061,4071,19,0,91.0,32.8,85.2,29.6,none,none,79.3,26.3,4069,-4079,4067,-4075,4071,4075,4073,-4073,4070,-4076,4071,-4077,4071,-4079,4070,-4078,4071,-4078,4071,-4079,4072,-4077,4073,4079,4072,-4080,4071,-4078,4072,-4079,4073,-4078,4073,4076,4072,-4078,4071,-4076,4070,-4076,4071,-4075,4074,-4077,4071,-4076,4070,-4071,4064,-4071,4065,4074,4067,-4071,4068,-4071,4066,-4072,4070,-4072,4064,4074,4063,-4074,4068,-4078,4065,-4074,-4067,4076,4065,-4074,-4068,4075,-4061,4075,4063,-4077,4065,4076,4063,-4077,4063,-4075,4063,-4074,4065,-4072,4067,-4075,4063,4071,4064,-4073,4063,-4069,0.72,SJNFAAZE1U0005576,117.70,14.24,8980.1171875,78,75,0,0,0,0,15.0,99.17,-154272,57,1528019396.992,14600,2,1,0,5,0,0,0,0,4,390.88,390.88,1F,1,1,1,0080,74,40,40,0,0,19,24.00
03/06/2018 10:50:00,54 58.53373,-1 31.10137,301,0,466,920868,1144818,391.10,39.176,4084,4063,4074,21,0,91.0,32.8,85.2,29.6,none,none,79.3,26.3,4072,-4083,4070,-4078,4072,4077,4075,-4076,4073,4079,4073,-4079,4074,-4081,4073,-4081,4073,-4081,4073,-4081,4074,-4081,4073,-4081,4075,-4084,4071,4082,4073,-4081,4074,-4080,4075,-4079,4074,-4080,4074,4079,4072,-4078,4073,-4077,4077,-4082,4072,-4078,4072,-4072,4067,-4073,4068,-4077,4068,-4074,4070,4075,4068,-4076,4071,-4075,4066,-4078,4066,-4077,4069,4081,4067,-4079,4068,-4080,4067,-4078,4070,-4080,4064,-4080,4064,4080,4065,-4080,4066,-4080,4063,-4078,4066,-4077,4066,-4077,4069,-4078,4066,-4076,4067,-4076,4065,4073,-0.09,SJNFAAZE1U0005576,117.70,14.32,8980.1171875,78,75,0,0,0,0,15.0,99.17,-154272,57,1528019400.875,13080,2,1,0,5,0,0,0,0,4,391.16,391.16,1F,1,1,1,0080,74,40,40,0,0,19,22.25
03/06/2018 10:50:04,54 58.53373,-1 31.10137,301,0,466,920555,1144818,390.91,41.282,4081,4063,4072,18,0,91.0,32.8,85.2,29.6,none,none,79.3,26.3,4071,-4078,4068,4074,4071,4075,4073,-4073,4071,-4076,4072,-4077,4071,4079,4071,-4078,4072,-4079,4072,-4079,4073,-4077,4072,-4080,4073,-4081,4072,-4079,4072,-4079,4073,4077,4073,-4076,4072,-4077,4073,-4075,4071,-4076,4073,4075,4075,-4078,4070,-4075,4071,-4070,4067,-4071,4065,-4074,4066,-4072,4068,-4070,4066,-4073,4070,4073,4065,-4074,4065,-4075,4068,-4078,4066,-4075,4068,-4075,4067,4074,4069,-4075,4063,-4076,4063,-4077,4064,-4076,4064,4076,4063,-4075,4064,-4074,4065,-4073,4067,-4075,4064,-4072,4066,-4073,4064,-4071,-0.06,SJNFAAZE1U0005576,117.70,14.32,8980.1171875,78,75,0,0,0,0,15.0,99.17,-154272,57,1528019404.759,13440,3,1,0,5,0,0,0,0,4,391.02,391.02,1F,1,1,1,0080,74,40,40,0,0,19,21.00
03/06/2018 10:50:08,54 58.53373,-1 31.10137,301,0,466,920248,1144818,390.91,41.953,4084,4061,4072,23,0,90.8,32.7,85.2,29.6,none,none,79.3,26.3,4070,-4081,4066,-4077,4071,4076,4073,4076,4071,-4077,4069,-4077,4070,-4080,4070,-4080,4070,4081,4071,-4080,4073,-4079,4071,-4079,4071,-4084,4070,-4081,4072,-4079,4073,-4079,4072,-4077,4071,4079,4072,-4078,4070,-4077,4071,-4077,4074,-4080,4070,4076,4069,-4072,4066,-4071,4065,-4076,4066,-4073,4068,-4071,4066,-4074,4068,-4073,4063,-4075,4064,-4077,4066,-4080,4065,-4078,4067,-4078,4065,-4076,4068,-4078,4061,4078,4062,-4079,4063,-4078,4064,-4078,4061,-4076,4064,4076,4065,-4075,4066,-4076,4064,-4073,4065,-4075,4063,-4071,-0.16,SJNFAAZE1U0005576,117.70,14.32,8980.1171875,78,75,0,0,0,0,15.0,99.17,-154272,57,1528019408.541,13240,2,1,0,5,0,0,0,0,4,390.97,390.97,1F,1,1,1,0080,75,40,40,0,0,19,20.50
03/06/2018 10:50:12,54 58.53373,-1 31.10137,301,0,466,919931,1144818,390.82,41.740,4080,4062,4071,18,0,91.0,32.8,85.4,29.7,none,none,79.3,26.3,4075,-4071,4074,-4067,4076,4070,4075,-4069,4075,-4071,4076,4072,4077,-4070,4077,-4070,4077,-4072,4077,-4072,4078,4071,4078,-4072,4078,-4073,4078,-4071,4077,-4073,4076,-4073,4076,-4073,4075,-4073,4076,-4071,4076,4070,4075,-4070,4077,-4074,4074,-4071,4073,-4068,4071,4063,4073,-4065,-4074,4065,-4074,-4064,-4074,4065,-4077,4064,-4074,4063,-4077,4064,-4078,4067,-4075,4065,4077,-4067,4076,-4065,4080,-4062,4077,-4062,4077,-4063,4079,4063,4078,-4062,4075,-4063,4073,-4064,4076,-4065,4075,4067,4071,-4063,4073,-4064,4071,-4063,-0.14,SJNFAAZE1U0005576,117.70,14.32,8980.1171875,78,75,0,0,0,0,15.0,99.17,-154272,57,1528019412.521,13200,2,1,0,5,0,0,0,0,4,390.89,390.89,1F,1,1,1,0080,75,40,40,0,0,11,20.50
03/06/2018 10:50:16,54 58.53373,-1 31.10137,301,0,465,919618,1144818,390.72,42.472,4077,4062,4070,15,0,91.0,32.8,85.4,29.7,none,none,79.3,26.3,-4073,4071,-4072,4066,-4075,4068,-4074,4068,-4074,4070,-4075,4070,-4076,4071,-4076,4070,-4077,4072,-4076,4071,-4077,4070,-4077,4072,-4077,4072,-4076,4070,-4076,4073,-4075,4072,-4075,4071,-4075,4073,-4075,4070,-4075,4070,-4075,4069,-4077,4074,-4073,4069,-4073,4067,-4069,4062,-4071,4065,-4071,4064,-4073,4064,-4072,4063,-4075,4063,-4070,4063,-4073,4064,-4076,4067,-4074,4065,-4074,4065,-4073,4065,-4075,4062,-4074,4062,-4074,4062,-4075,4062,-4075,4063,-4073,4064,-4070,4063,-4073,4063,-4072,4066,-4069,4063,-4072,4063,-4069,4063,-0.15,SJNFAAZE1U0005576,117.70,14.32,8980.1171875,78,75,0,0,0,0,15.0,99.17,-154272,57,1528019416.392,13200,2,1,0,5,0,0,0,0,4,390.82,390.82,1F,1,1,1,0080,75,40,40,0,0,19,21.50
03/06/2018 10:50:20,54 58.53373,-1 31.10137,301,0,465,919308,1144818,391.01,36.491,4080,4064,4073,16,0,90.8,32.7,85.2,29.6,none,none,79.3,26.3,-4076,4074,-4075,4070,-4077,4071,-4076,4072,-4076,4074,-4076,4074,-4078,4073,-4078,4074,-4078,4074,-4078,4074,-4080,4074,-4078,4075,-4079,4075,-4079,4073,-4078,4074,-4078,4076,-4078,4073,-4076,4075,-4077,4073,-4076,4072,-4076,4073,-4080,4075,-4076,4071,-4076,4070,-4072,4066,-4074,4069,-4073,4067,-4076,4068,-4076,4068,-4077,4067,-4075,4065,-4077,4066,-4078,4071,-4076,4068,-4077,4068,-4076,4068,-4080,4064,-4077,4065,-4077,4065,-4078,4065,-4078,4066,-4076,4067,-4075,4066,-4076,4068,-4075,4069,-4072,4066,-4075,4068,-4073,4066,-0.12,SJNFAAZE1U0005576,117.70,14.32,8980.1171875,78,75,0,0,0,0,15.0,99.17,-154272,57,1528019420.182,11920,2,1,0,5,0,0,0,0,4,390.98,390.98,1F,1,1,1,0080,75,40,40,0,0,19,17.50
03/06/2018 10:50:24,54 58.53373,-1 31.10137,301,0,465,919029,1144818,390.91,38.199,4080,4062,4072,18,0,91.0,32.8,85.2,29.6,none,none,79.3,26.3,-4075,4072,-4075,4069,-4077,4071,-4077,4069,-4077,4071,-4077,4072,-4078,4071,-4078,4071,-4077,4072,-4078,4072,-4079,4071,-4079,4074,-4078,4073,-4079,4072,-4078,4073,-4078,4073,-4078,4072,-4076,4074,-4077,4071,-4076,4070,-4076,4070,-4080,4074,-4075,4070,-4075,4068,-4071,4064,-4074,4067,-4075,4066,-4076,4066,-4074,4065,-4079,4065,-4075,4064,-4077,4065,-4079,4069,-4077,4065,-4076,4067,-4076,4066,-4079,4062,-4079,4063,-4078,4063,-4079,4063,-4078,4063,-4077,4063,-4073,4065,-4076,4064,-4076,4067,-4072,4064,-4074,4064,-4072,4064,-0.12,SJNFAAZE1U0005576,117.70,14.32,8980.1171875,78,75,0,0,0,0,15.0,99.17,-154272,57,1528019424.044,12240,2,1,0,5,0,0,0,0,4,390.89,390.89,1F,1,1,1,0080,75,40,40,0,0,11,18.75
03/06/2018 10:50:27,54 58.53373,-1 31.10137,301,0,465,918755,1144818,391.10,32.004,4082,4064,4074,18,0,91.0,32.8,85.2,29.6,none,none,79.3,26.3,-4078,4074,-4077,4071,-4079,4073,-4078,4072,-4078,4073,-4077,4074,-4080,4074,-4080,4073,-4079,4074,-4080,4075,-4081,4073,-4079,4075,-4080,4075,-4081,4073,-4081,4076,-4080,4074,-4079,4074,-4079,4076,-4079,4073,-4079,4073,-4078,4073,-4081,4077,-4078,4073,-4077,4070,-4074,4066,-4076,4069,-4077,4068,-4078,4067,-4077,4067,-4080,4067,-4076,4066,-4078,4067,-4081,4070,-4079,4068,-4080,4070,-4079,4069,-4082,4064,-4080,4064,-4081,4065,-4081,4065,-4079,4065,-4078,4067,-4076,4067,-4079,4066,-4078,4071,-4075,4067,-4077,4067,-4075,4066,-0.14,SJNFAAZE1U0005576,117.70,14.32,8980.1171875,78,75,0,0,0,0,15.0,99.17,-154272,57,1528019427.843,10800,2,1,0,5,0,0,0,0,4,391.11,391.11,1F,1,1,1,0080,75,40,40,0,0,19,14.75
03/06/2018 10:50:31,54 58.53373,-1 31.10137,301,0,465,918519,1144818,390.82,37.528,4081,4061,4071,20,0,91.0,32.8,85.2,29.6,none,none,79.3,26.3,4068,-4079,4067,4075,4070,4074,4073,-4073,4069,-4076,4070,-4077,4072,4079,4070,-4078,4070,-4079,4070,-4080,4072,-4078,4070,-4079,4071,-4081,4070,-4079,4072,-4078,4072,4078,4072,-4075,4072,-4079,4071,-4076,4070,-4075,4070,4075,4074,-4079,4071,-4075,4070,-4072,4065,-4071,4065,-4074,4065,-4072,4068,-4071,4065,-4073,4069,4073,4063,-4074,4064,-4076,4067,-4080,4064,-4076,4066,-4077,4065,4075,4065,-4077,4062,-4077,4061,-4080,4062,-4079,4063,4078,4061,-4076,4062,-4074,4064,-4074,4067,-4076,4063,-4073,4064,-4074,4063,-4071,-0.12,SJNFAAZE1U0005576,117.70,14.32,8980.1171875,78,75,0,0,0,0,15.0,99.17,-154272,58,1528019431.493,11800,3,1,0,5,0,0,0,0,4,390.88,390.88,1F,1,1,1,0080,75,40,40,0,0,19,18.75
03/06/2018 10:50:35,54 58.53373,-1 31.10137,301,0,465,918257,1144818,390.91,33.896,4082,4061,4072,21,0,91.0,32.8,85.2,29.6,none,none,79.2,26.2,4070,-4080,4067,-4075,4071,4076,4074,4075,4070,-4078,4072,-4078,4072,-4079,4071,-4079,4071,4080,4071,-4080,4073,-4080,4073,-4080,4072,-4082,4070,-4080,4072,-4081,4073,-4078,4073,-4076,4073,4078,4071,-4077,4070,-4077,4072,-4077,4075,-4080,4071,4076,4070,-4073,4065,-4073,4066,-4076,4066,-4075,4070,-4073,4065,4075,4069,-4074,4065,-4076,4064,-4077,4067,-4082,4065,-4077,4066,-4078,4065,-4076,4068,-4077,4064,4077,4061,-4080,4062,-4080,4063,-4079,4062,-4076,4063,4075,4064,-4074,4067,-4079,4064,-4073,4065,-4074,4064,-4072,-0.13,SJNFAAZE1U0005576,117.70,14.32,8980.1171875,78,75,0,0,0,0,15.0,99.17,-154272,58,1528019435.262,10760,2,1,0,5,0,0,0,0,4,391.02,391.02,1F,1,1,1,0080,75,40,40,0,0,19,17.25
03/06/2018 10:50:39,54 58.53373,-1 31.10137,301,0,465,918008,1144818,390.82,31.821,4081,4062,4071,19,0,91.0,32.8,85.2,29.6,none,none,79.3,26.3,4070,-4078,4067,-4075,4070,4075,4071,-4073,4071,-4078,4070,4077,4072,-4078,4069,-4078,4070,-4079,4070,-4079,4072,4079,4072,-4079,4072,-4081,4070,-4079,4071,-4078,4072,-4078,4073,-4076,4072,-4078,4071,-4076,4070,4076,4070,-4075,4074,-4080,4070,-4076,4070,-4071,4066,-4071,4066,4075,4068,-4071,4070,-4072,4066,-4073,4069,-4073,4064,4073,4064,-4074,4067,-4078,4065,-4076,4067,-4076,4066,-4074,4068,-4077,4064,-4076,4062,-4077,4064,4076,4064,-4077,4062,-4074,4063,-4074,4066,-4074,4068,4075,4064,-4072,4066,-4073,4064,-4071,-0.14,SJNFAAZE1U0005576,117.70,14.32,8980.1171875,78,75,0,0,0,0,15.0,99.17,-154272,58,1528019439.010,11080,2,1,0,5,0,0,0,0,4,391.03,391.03,1F,1,1,1,0080,75,40,40,0,0,19,16.00
03/06/2018 10:50:42,54 58.53373,-1 31.10137,301,0,464,917765,1144818,390.91,33.622,4082,4062,4072,20,0,90.8,32.7,85.2,29.6,none,none,79.3,26.3,4070,-4080,4067,-4076,4071,4075,4073,-4075,4071,-4077,4070,-4077,4072,-4081,4070,4079,4071,-4079,4072,-4081,4074,-4078,4071,-4079,4071,4082,4071,-4080,4072,-4079,4073,-4078,4073,-4076,4072,-4078,4072,-4077,4070,-4077,4071,-4075,4075,4079,4070,-4075,4070,-4072,4066,-4073,4066,-4076,4068,-4073,4069,4073,4068,-4074,4070,-4074,4064,-4076,4063,-4077,4067,4079,4065,-4077,4066,-4078,4065,-4076,4070,-4077,4063,-4079,4063,-4079,4062,-4079,4062,-4078,4062,4076,4064,-4075,4064,-4078,4066,-4076,4063,-4074,4065,4075,4062,-4071,-0.15,SJNFAAZE1U0005576,117.70,14.32,8980.1171875,78,75,0,0,0,0,15.0,99.17,-154272,58,1528019442.898,11360,2,1,0,5,0,0,0,0,4,390.97,390.97,1F,1,1,1,0080,75,40,40,0,0,11,19.25
03/06/2018 10:50:46,54 58.53373,-1 31.10137,301,0,464,917505,1144818,390.82,36.704,4078,4063,4071,15,0,91.0,32.8,85.4,29.7,none,none,79.3,26.3,4076,4072,4074,-4068,-4076,4071,-4075,-4070,-4074,4072,-4076,4072,-4077,4072,-4077,4071,-4077,4072,-4077,4073,-4078,4072,-4077,4073,-4078,4074,-4078,4070,-4077,4073,-4077,4073,-4077,4072,-4075,4074,-4075,4072,-4076,4071,4075,4070,4078,4074,4074,-4070,4074,-4068,4071,-4064,4072,-4068,4073,-4066,4075,-4065,4074,-4065,4076,4065,4072,-4065,4076,-4065,4078,-4068,4075,-4069,4077,4067,4076,-4067,4078,-4063,4076,-4064,4076,-4064,4077,-4064,4077,-4064,4075,-4065,4072,-4065,4075,4067,4075,-4068,4071,-4065,4074,-4065,4071,-4063,-0.12,SJNFAAZE1U0005576,117.70,14.32,8980.1171875,78,75,0,0,0,0,15.0,99.17,-154272,58,1528019446.561,11280,2,1,0,5,0,0,0,0,4,390.79,390.79,1F,1,1,1,0080,75,40,40,0,0,19,18.25
03/06/2018 10:50:50,54 58.53373,-1 31.10137,301,0,464,917254,1144818,390.82,33.317,4080,4062,4071,18,0,91.0,32.8,85.2,29.6,none,none,79.3,26.3,-4075,4072,-4076,4068,-4078,4069,-4075,4069,-4076,4071,-4076,4072,-4078,4071,-4078,4071,-4077,4072,-4077,4071,-4080,4070,-4077,4073,-4079,4073,-4078,4071,-4078,4073,-4077,4073,-4077,4072,-4076,4073,-4077,4071,-4076,4070,-4076,4070,-4080,4074,-4076,4069,-4074,4068,-4072,4063,-4074,4068,-4073,4065,-4075,4066,-4074,4065,-4078,4065,-4075,4063,-4077,4064,-4079,4067,-4077,4065,-4076,4066,-4075,4065,-4079,4062,-4078,4064,-4076,4062,-4078,4062,-4077,4063,-4077,4063,-4072,4063,-4076,4065,-4075,4067,-4071,4063,-4074,4064,-4073,4063,-0.12,SJNFAAZE1U0005576,117.70,14.32,8980.1171875,78,75,0,0,0,0,15.0,99.17,-154272,58,1528019450.162,11080,2,1,0,5,0,0,0,0,4,390.88,390.88,1F,1,1,1,0080,75,40,40,0,0,19,10.50
03/06/2018 10:50:54,54 58.53373,-1 31.10137,301,0,464,917016,1144818,391.20,30.967,4082,4065,4075,17,0,91.0,32.8,85.2,29.6,none,none,79.3,26.3,-4079,4074,-4078,4070,-4080,4072,-4079,4072,-4079,4074,-4080,4073,-4080,4074,-4081,4075,-4080,4074,-4081,4075,-4081,4074,-4081,4075,-4082,4076,-4082,4073,-4080,4075,-4080,4076,-4080,4074,-4079,4076,-4079,4074,-4080,4073,-4080,4073,-4082,4077,-4078,4072,-4078,4070,-4074,4066,-4078,4070,-4077,4069,-4080,4068,-4078,4068,-4081,4067,-4078,4067,-4079,4067,-4082,4070,-4080,4069,-4080,4070,-4079,4068,-4082,4065,-4080,4065,-4081,4067,-4081,4067,-4081,4066,-4080,4067,-4077,4068,-4078,4069,-4079,4071,-4075,4068,-4077,4067,-4076,4066,-0.12,SJNFAAZE1U0005576,117.70,14.32,8981.7265625,78,75,0,0,0,0,15.0,99.17,-154272,58,1528019454.183,10120,3,1,0,5,0,0,0,0,4,390.95,390.95,1F,1,1,1,0080,75,40,40,0,0,19,12.25
03/06/2018 10:50:58,54 58.53373,-1 31.10137,301,0,464,916844,1144818,391.68,14.365,4087,4072,4080,15,0,90.8,32.7,85.2,29.6,none,none,79.3,26.3,-4083,4082,-4083,4077,-4085,4079,-4083,4078,-4083,4080,-4084,4079,-4085,4080,-4084,4080,-4084,4080,-4083,4081,-4086,4080,-4084,4081,-4085,4082,-4086,4079,-4085,4082,-4084,4082,-4085,4079,-4084,4083,-4084,4079,-4083,4079,-4083,4079,-4087,4083,-4084,4079,-4083,4077,-4081,4074,-4082,4076,-4083,4075,-4084,4075,-4082,4075,-4086,4074,-4082,4073,-4083,4073,-4086,4078,-4083,4075,-4085,4075,-4083,4075,-4083,4073,-4085,4072,-4085,4073,-4085,4074,-4085,4072,-4084,4073,-4082,4073,-4083,4073,-4084,4077,-4080,4073,-4084,4075,-4081,4073,-0.14,SJNFAAZE1U0005576,117.70,14.32,8981.7265625,78,75,0,0,0,0,15.0,99.17,-154272,58,1528019458.065,5080,2,1,0,5,0,0,0,0,4,391.74,391.74,1F,1,1,1,0080,75,40,40,0,0,19,7.00
03/06/2018 10:51:02,54 58.53373,-1 31.10137,301,0,464,916730,1144818,392.16,0.236,4094,4076,4085,18,0,91.0,32.8,85.4,29.7,none,none,79.3,26.3,-4090,4085,-4088,4081,-4091,4083,-4089,4082,-4089,4083,-4090,4084,-4092,4084,-4092,4084,-4091,4084,-4091,4085,-4092,4084,-4091,4085,-4091,4085,-4092,4083,-4091,4086,-4090,4086,-4090,4084,-4089,4088,-4088,4084,-4090,4083,-4090,4083,-4094,4088,-4090,4083,-4089,4082,-4088,4078,-4089,4081,-4090,4080,-4091,4078,-4089,4078,-4093,4079,-4089,4076,-4090,4078,-4094,4082,-4090,4079,-4090,4079,-4090,4078,-4092,4076,-4092,4076,-4092,4076,-4092,4077,-4091,4077,-4091,4078,-4089,4078,-4090,4080,-4091,4083,-4087,4078,-4090,4079,-4087,4079,-0.12,SJNFAAZE1U0005576,117.70,14.32,8981.7265625,78,75,0,0,0,0,15.0,99.17,-154272,58,1528019462.083,1400,3,1,0,5,0,0,0,0,4,392.39,392.39,1F,1,1,1,0080,75,40,40,0,0,19,-1.25
03/06/2018 10:51:06,54 58.53373,-1 31.10137,301,0,464,916683,1144818,392.26,6.705,4095,4078,4086,17,0,91.0,32.8,85.2,29.6,none,none,79.2,26.2,4086,-4095,4083,-4090,4085,4088,4086,-4088,4084,-4091,4085,4090,4086,-4092,4084,-4092,4085,-4092,4086,-4093,4087,4091,4085,-4092,4086,-4095,4084,-4093,4086,-4091,4086,-4092,4087,-4090,4086,-4092,4086,-4091,4084,4089,4085,-4090,4088,-4094,4085,-4089,4086,-4086,4082,-4087,4082,4091,4083,-4087,4084,-4087,4082,-4088,4085,-4088,4082,4090,4081,-4090,4082,-4094,4081,-4090,4082,-4091,4081,-4089,4083,-4092,4078,-4092,4078,-4092,4079,4091,4078,-4092,4078,-4089,4079,-4089,4080,-4090,4083,4092,4080,-4089,4081,-4090,4080,-4086,-0.14,SJNFAAZE1U0005576,117.70,14.32,8981.7265625,78,75,0,0,0,0,15.0,99.17,-154272,58,1528019466.044,2320,2,1,0,5,0,0,0,0,4,392.27,392.27,1F,1,1,1,0080,75,40,40,0,0,19,0.50
03/06/2018 10:51:09,54 58.53373,-1 31.10137,301,0,464,916623,1144818,392.45,4.905,4098,4078,4088,20,0,90.8,32.7,85.2,29.6,none,none,79.3,26.3,4088,-4098,4083,-4093,4086,4091,4088,-4089,4086,-4093,4085,-4092,4087,-4095,4086,4095,4085,-4095,4086,-4095,4087,-4094,4086,-4096,4087,4098,4084,-4096,4086,-4093,4087,-4093,4089,-4092,4088,-4094,4087,-4092,4086,-4093,4087,-4093,4090,4095,4086,-4092,4087,-4088,4084,-4090,4083,-4093,4084,-4092,4086,4090,4083,-4091,4086,-4090,4082,-4092,4081,-4094,4083,4098,4083,-4092,4083,-4094,4081,-4092,4084,-4096,4080,-4095,4079,-4095,4079,-4095,4078,-4095,4078,4092,4080,-4092,4081,-4092,4084,-4094,4081,-4090,4083,4091,4080,-4087,-0.19,SJNFAAZE1U0005576,117.70,14.32,8981.7265625,78,75,0,0,0,0,15.0,99.17,-154272,58,1528019469.732,2200,2,1,0,5,0,0,0,0,4,392.46,392.46,1F,1,1,1,0080,75,40,40,0,0,19,0.00
03/06/2018 10:51:13,54 58.53373,-1 31.10137,301,0,464,916595,1144818,392.74,0.541,4100,4081,4091,19,0,91.0,32.8,85.2,29.6,none,none,79.3,26.3,4090,4100,4085,-4095,4089,4094,4091,-4092,4088,-4095,4088,-4094,4090,-4097,4088,-4097,4088,-4095,4089,4097,4090,-4096,4089,-4096,4090,-4100,4087,-4097,4089,-4095,4091,-4095,4091,-4095,4090,-4095,4089,-4094,4088,-4093,4089,4094,4092,-4097,4089,-4094,4090,-4091,4087,-4093,4085,-4096,4087,-4093,4090,-4092,4086,-4094,4088,4092,4084,-4095,4084,-4096,4086,-4099,4084,-4095,4086,4097,4084,-4094,4085,-4097,4083,-4097,4081,-4098,4082,-4097,4082,-4097,4081,-4095,4082,-4094,4084,4095,4088,-4097,4084,-4093,4085,-4094,4083,-4090,-0.18,SJNFAAZE1U0005576,117.70,14.32,8981.7265625,78,75,0,0,0,0,15.0,99.17,-154272,58,1528019473.204,40,2,1,0,5,0,0,0,0,4,392.76,392.76,1F,1,1,1,0080,75,40,40,0,0,19,1.50
03/06/2018 10:51:16,54 58.53373,-1 31.10137,301,0,464,916532,1144818,392.54,6.675,4098,4079,4089,19,0,91.0,32.8,85.4,29.7,none,none,79.3,26.3,4088,-4098,4085,-4093,4087,4092,4089,-4091,4086,-4092,4087,-4093,4088,-4095,4086,-4095,4086,-4094,4087,-4095,4088,-4094,4088,4094,4087,-4098,4086,-4096,4087,-4094,4089,-4094,4089,-4092,4089,4095,4089,-4093,4088,-4093,4087,-4092,4091,-4096,4088,4092,4087,-4089,4083,-4090,4084,-4093,4086,-4090,4087,-4090,4084,-4091,4087,-4090,4082,-4093,4082,4094,4084,-4097,4082,-4093,4083,-4093,4082,-4093,4083,4096,4079,-4095,4080,-4095,4079,-4095,4080,-4095,4080,-4094,4080,-4093,4081,-4093,4085,-4094,4081,4090,4082,-4093,4081,-4089,-0.14,SJNFAAZE1U0005576,117.70,14.32,8981.7265625,78,75,0,0,0,0,15.0,99.17,-154272,58,1528019476.921,3240,2,1,0,5,0,0,0,0,4,392.58,392.58,1F,1,1,1,0080,75,40,40,0,0,11,1.00
03/06/2018 10:51:20,54 58.53373,-1 31.10137,301,0,464,916451,1144818,392.35,12.748,4095,4077,4087,18,0,91.0,32.8,85.4,29.7,none,none,79.3,26.3,-4093,4088,-4090,4084,-4093,4085,-4091,4085,-4091,4087,-4091,4087,4092,4086,-4092,4086,4092,-4087,4092,-4087,4093,4085,4092,-4088,4093,-4088,4093,-4085,4092,-4088,4091,-4088,4092,-4086,4091,-4088,4091,-4085,4091,4085,4091,-4085,4094,-4090,4091,-4085,4092,-4084,4089,4080,4091,-4084,-4092,4082,-4093,-4082,-4091,4081,-4093,4081,-4090,4078,-4093,4080,-4095,4085,-4092,4082,-4092,4082,-4091,4081,-4094,4078,-4093,4079,-4094,4077,-4094,4079,-4094,4079,-4094,4079,-4090,4080,-4091,4083,-4093,4085,-4089,4081,-4092,4080,-4090,4079,-0.18,SJNFAAZE1U0005576,117.70,14.32,8981.7265625,78,75,0,0,0,0,15.0,99.17,-154272,58,1528019480.563,3800,2,1,0,5,0,0,0,0,4,392.36,392.36,1F,1,1,1,0080,75,40,40,0,0,19,6.00
03/06/2018 10:51:24,54 58.53373,-1 31.10137,301,0,464,916320,1144818,392.16,16.623,4093,4075,4085,18,0,91.0,32.8,85.4,29.7,none,none,79.3,26.3,-4089,4086,-4088,4081,-4090,4083,-4088,4082,-4089,4083,-4090,4084,-4091,4084,-4091,4083,-4090,4084,-4091,4085,-4091,4084,-4091,4086,-4090,4086,-4092,4084,-4090,4086,-4090,4085,-4091,4085,-4090,4087,-4089,4083,-4089,4082,-4088,4083,-4093,4087,-4088,4083,-4089,4081,-4086,4078,-4088,4082,-4088,4081,-4091,4080,-4089,4079,-4092,4077,-4088,4077,-4090,4078,-4092,4081,-4089,4080,-4090,4080,-4089,4079,-4091,4076,-4091,4076,-4089,4075,-4092,4077,-4091,4075,-4089,4078,-4087,4078,-4088,4079,-4090,4082,-4086,4078,-4088,4079,-4087,4078,-0.16,SJNFAAZE1U0005576,117.70,14.32,8981.7265625,78,75,0,0,0,0,15.0,99.17,-154272,59,1528019484.392,4800,2,1,0,5,0,0,0,0,4,392.22,392.22,1F,1,1,1,0080,75,40,40,0,0,19,7.25
03/06/2018 10:51:28,54 58.53373,-1 31.10137,301,0,464,916134,1144818,391.87,23.398,4089,4072,4082,17,0,90.8,32.7,85.2,29.6,none,none,79.2,26.2,-4086,4083,-4084,4078,-4088,4081,-4084,4079,-4086,4081,-4087,4081,-4086,4081,-4087,4082,-4087,4082,-4086,4082,-4087,4081,-4086,4082,-4087,4082,-4088,4079,-4087,4083,-4086,4083,-4086,4082,-4085,4084,-4086,4081,-4085,4080,-4085,4080,-4089,4083,-4084,4081,-4085,4078,-4083,4075,-4084,4078,-4085,4077,-4086,4077,-4084,4076,-4088,4076,-4084,4074,-4087,4074,-4087,4079,-4086,4074,-4087,4076,-4087,4076,-4087,4073,-4087,4072,-4086,4072,-4088,4073,-4088,4073,-4087,4075,-4084,4074,-4085,4075,-4086,4078,-4082,4073,-4086,4075,-4083,4075,-0.18,SJNFAAZE1U0005576,117.70,14.32,8981.7265625,78,75,0,0,0,0,15.0,99.17,-154272,59,1528019488.312,6520,2,1,0,5,0,0,0,0,4,391.90,391.90,1F,1,1,1,0080,75,40,40,0,0,19,12.25
03/06/2018 10:51:32,54 58.53373,-1 31.10137,301,0,463,915864,1144818,391.30,33.347,4083,4067,4076,16,0,90.8,32.7,85.2,29.6,none,none,79.2,26.2,-4081,4076,-4078,4073,-4081,4075,-4080,4073,-4082,4075,-4079,4075,-4081,4075,-4082,4075,-4081,4075,-4081,4076,-4083,4074,-4082,4076,-4082,4076,-4082,4074,-4081,4077,-4081,4076,-4081,4076,-4080,4077,-4080,4075,-4080,4074,-4081,4074,-4083,4078,-4079,4073,-4079,4072,-4077,4067,-4078,4071,-4078,4070,-4079,4069,-4078,4069,-4082,4069,-4079,4067,-4080,4068,-4082,4072,-4079,4070,-4081,4071,-4081,4069,-4083,4068,-4081,4067,-4081,4067,-4082,4068,-4082,4067,-4081,4068,-4079,4069,-4079,4069,-4081,4072,-4076,4069,-4080,4069,-4076,4068,-0.16,SJNFAAZE1U0005576,117.70,14.32,8981.7265625,78,75,0,0,0,0,15.0,99.17,-154272,59,1528019492.240,10240,2,1,0,5,0,0,0,0,4,391.37,391.37,1F,1,1,1,0080,75,40,40,0,0,19,18.50
03/06/2018 10:51:36,54 58.53373,-1 31.10137,301,0,463,915535,1144818,390.91,36.521,4080,4063,4072,17,0,90.8,32.7,85.2,29.6,none,none,79.3,26.3,-4075,4073,-4075,4069,-4078,4071,-4075,4070,-4077,4072,-4077,4073,-4078,4073,-4078,4071,-4078,4073,-4077,4073,-4079,4072,-4078,4075,-4079,4073,-4079,4071,-4078,4075,-4076,4074,-4077,4074,-4076,4075,-4074,4071,-4076,4072,-4076,4072,-4080,4074,-4075,4071,-4075,4069,-4071,4065,-4074,4068,-4075,4067,-4076,4066,-4075,4067,-4078,4066,-4074,4063,-4076,4065,-4079,4070,-4076,4066,-4077,4066,-4077,4067,-4078,4063,-4077,4063,-4077,4063,-4079,4064,-4078,4065,-4076,4064,-4074,4064,-4075,4065,-4075,4068,-4073,4065,-4075,4065,-4073,4066,-0.13,SJNFAAZE1U0005576,117.70,14.32,8981.7265625,78,75,0,0,0,0,15.0,99.17,-154272,59,1528019496.152,10960,3,1,0,5,0,0,0,0,4,391.15,391.15,1F,1,1,1,0080,75,40,40,0,0,19,20.75
03/06/2018 10:51:40,54 58.53373,-1 31.10137,301,0,463,915152,1144818,390.62,40.488,4080,4058,4069,22,0,90.8,32.7,85.2,29.6,none,none,79.3,26.3,4069,4078,4065,-4074,4068,4073,4070,-4071,4067,-4075,4067,-4075,4068,-4077,4067,-4076,4067,-4076,4068,-4078,4069,-4076,4068,-4077,4069,-4080,4068,-4077,4067,-4077,4070,4076,4070,-4074,4069,-4077,4069,-4074,4067,-4074,4068,4074,4072,-4076,4067,-4073,4067,-4069,4064,-4070,4062,-4074,4064,-4070,4066,-4069,4062,-4071,4066,4071,4062,-4073,4062,-4074,4063,-4077,4062,-4073,4064,4074,4063,-4072,4066,-4075,4059,-4076,4059,-4076,4061,-4077,4061,-4075,4058,-4073,4061,-4073,4062,4074,4064,-4075,4062,-4070,4063,-4072,4060,-4070,-0.14,SJNFAAZE1U0005576,117.70,14.32,8981.7265625,78,75,0,0,0,0,15.0,99.17,-154272,59,1528019500.078,12920,2,1,0,5,0,0,0,0,4,390.77,390.77,1F,1,1,1,0080,75,40,40,0,0,11,21.25
03/06/2018 10:51:43,54 58.53373,-1 31.10137,301,0,463,914736,1144818,390.24,48.942,4075,4056,4065,19,0,91.0,32.8,85.2,29.6,none,none,79.3,26.3,4063,-4073,4061,-4068,4064,4068,4066,-4068,4065,-4070,4065,-4070,4065,-4072,4064,-4072,4064,4070,4065,-4072,4066,-4072,4065,-4072,4067,-4075,4064,-4072,4064,-4071,4067,-4072,4067,-4069,4065,4070,4066,-4070,4065,-4069,4065,-4068,4068,-4073,4064,4068,4064,-4065,4060,-4064,4059,-4068,4060,-4063,4062,-4064,4061,-4066,4062,-4065,4058,-4068,4058,4069,4060,-4071,4059,-4070,4061,-4070,4059,-4068,4065,4070,4056,-4069,4058,-4070,4058,-4071,4056,-4069,4058,-4068,4057,-4067,4059,-4069,4061,-4068,4058,4067,4058,-4066,4057,-4063,-0.30,SJNFAAZE1U0005576,117.70,14.32,8981.7265625,78,75,0,0,0,0,15.0,99.17,-154272,59,1528019503.799,15520,2,1,0,5,0,0,0,0,4,390.24,390.24,1F,1,1,1,0080,75,40,40,0,0,19,25.75
03/06/2018 10:51:47,54 58.53373,-1 31.10137,301,0,463,914271,1144818,389.76,54.221,4071,4049,4060,22,0,90.8,32.7,85.2,29.6,none,none,79.2,26.2,4057,-4068,4056,-4064,4058,4063,4060,-4063,4058,4066,4059,-4066,4059,-4069,4058,-4068,4058,-4068,4059,-4069,4060,4067,4059,-4068,4060,-4071,4059,-4069,4059,-4068,4060,-4067,4062,-4066,4060,-4067,4060,-4064,4058,4065,4059,-4065,4062,-4068,4058,-4064,4058,-4060,4052,4060,4052,-4064,4054,-4061,4056,-4060,4055,-4062,4057,-4061,4052,-4064,4052,-4065,4054,-4068,4053,4065,4055,-4067,4053,-4065,4055,-4067,4049,-4066,4050,4067,4051,-4066,4050,-4066,4049,-4064,4050,-4064,4052,-4063,4054,-4064,4050,-4062,4050,-4062,4051,4058,-0.11,SJNFAAZE1U0005576,117.70,14.32,8981.7265625,78,75,0,0,0,0,15.0,99.17,-154272,59,1528019507.642,15920,3,1,0,5,0,0,0,0,4,389.90,389.90,1F,1,1,1,0080,75,40,40,0,0,19,29.00
03/06/2018 10:51:51,54 58.53373,-1 31.10137,301,0,462,913755,1144818,389.47,58.402,4067,4048,4057,19,0,90.8,32.7,85.2,29.6,none,none,79.2,26.2,4056,-4066,4054,4061,4057,4060,4059,-4060,4057,-4063,4057,-4063,4058,-4064,4057,4064,4057,-4064,4058,-4064,4059,-4063,4059,-4064,4058,4067,4057,-4065,4058,-4064,4059,-4064,4059,-4062,4059,-4063,4058,-4062,4057,-4062,4057,-4061,4060,4065,4056,-4060,4056,-4058,4051,-4056,4050,-4060,4052,4056,4054,-4057,4053,-4059,4055,-4057,4050,-4060,4051,-4060,4054,-4063,4053,-4062,4054,-4062,4052,4061,4058,-4061,4050,-4063,4050,-4062,4051,-4062,4050,4062,4048,-4060,4049,-4059,4052,-4062,4052,-4060,4050,-4058,4051,-4058,4049,-4055,-0.18,SJNFAAZE1U0005576,117.70,14.32,8981.7265625,78,75,0,0,0,0,15.0,99.17,-154272,59,1528019511.550,17560,3,1,0,5,0,0,0,0,4,389.52,389.52,1F,1,1,1,0080,75,40,40,0,0,11,25.25
03/06/2018 10:51:55,54 58.53373,-1 31.10137,301,0,462,913204,1144818,389.38,56.327,4066,4049,4056,17,0,90.8,32.7,85.2,29.6,none,none,79.2,26.2,-4059,4058,-4059,4054,-4061,4056,-4059,4056,-4059,4057,-4060,4058,-4063,4058,-4062,4057,-4061,4057,-4062,4058,-4063,4058,-4061,4059,-4064,4059,-4062,4057,-4061,4060,-4061,4059,-4061,4058,-4061,4059,-4061,4058,-4060,4057,-4060,4056,-4063,4059,-4058,4055,-4059,4052,-4055,4049,-4056,4053,-4056,4051,-4058,4050,-4058,4050,-4061,4050,-4058,4049,-4060,4051,-4062,4054,-4059,4052,-4060,4052,-4059,4052,-4066,4050,-4060,4049,-4062,4050,-4062,4050,-4061,4049,-4059,4049,-4056,4051,-4058,4052,-4057,4053,-4054,4049,-4056,4049,-4054,4049,-0.14,SJNFAAZE1U0005576,117.70,14.32,8981.7265625,78,75,0,0,0,0,15.0,99.17,-154272,59,1528019515.450,17840,2,1,0,5,0,0,0,0,4,389.36,389.36,1F,1,1,1,0080,75,40,40,0,0,11,29.50
03/06/2018 10:51:59,54 58.53373,-1 31.10137,301,0,462,912705,1144818,389.57,48.575,4066,4050,4058,16,0,90.8,32.7,85.2,29.6,none,none,79.2,26.2,-4060,4059,-4060,4055,-4063,4057,-4061,4058,-4062,4059,-4063,4059,-4064,4060,-4063,4059,-4063,4060,-4063,4060,-4065,4059,-4063,4060,-4064,4059,-4064,4058,-4064,4061,-4064,4061,-4063,4059,-4063,4061,-4062,4057,-4061,4058,-4063,4058,-4066,4062,-4061,4058,-4060,4054,-4057,4050,-4058,4053,-4058,4052,-4059,4052,-4060,4052,-4062,4051,-4058,4051,-4060,4052,-4064,4055,-4061,4053,-4062,4054,-4061,4054,-4064,4050,-4062,4050,-4061,4051,-4062,4050,-4063,4052,-4061,4052,-4058,4050,-4060,4053,-4059,4055,-4056,4051,-4058,4051,-4058,4051,-0.17,SJNFAAZE1U0005576,117.70,14.32,8983.3359375,78,75,0,0,0,0,15.0,99.17,-154272,59,1528019519.359,16680,2,0,0,0,0,0,0,0,4,389.49,389.49,1F,1,1,1,0080,75,40,40,0,0,11,24.00
03/06/2018 10:52:03,54 58.53373,-1 31.10137,301,0,462,912274,1144818,389.47,44.211,4065,4048,4057,17,0,91.0,32.8,85.2,29.6,none,none,79.2,26.2,-4061,4059,-4060,4055,-4062,4056,-4061,4056,-4062,4057,-4062,4058,-4064,4059,-4064,4057,-4063,4059,-4064,4058,-4065,4058,-4064,4059,-4065,4060,-4065,4057,-4064,4061,-4062,4060,-4064,4058,-4063,4060,-4062,4058,-4061,4058,-4061,4057,-4065,4060,-4061,4056,-4061,4054,-4056,4049,-4058,4052,-4059,4052,-4059,4051,-4059,4052,-4063,4050,-4059,4049,-4062,4049,-4064,4054,-4062,4052,-4063,4052,-4061,4052,-4065,4048,-4064,4048,-4063,4049,-4065,4048,-4063,4048,-4061,4049,-4059,4049,-4062,4051,-4061,4053,-4056,4049,-4059,4050,-4058,4050,-0.13,SJNFAAZE1U0005576,117.70,14.32,8983.3359375,78,75,0,0,0,0,15.0,99.17,-154272,59,1528019523.004,14040,2,0,0,0,0,0,0,0,4,389.67,389.67,1F,1,1,1,0080,75,40,40,0,0,19,23.25
03/06/2018 10:52:06,54 58.53373,-1 31.10137,301,0,461,911877,1144818,389.86,41.251,4068,4052,4061,16,0,90.8,32.7,85.2,29.6,none,none,79.2,26.2,-4063,4061,-4062,4058,-4065,4060,-4064,4059,-4064,4061,-4065,4062,-4067,4061,-4067,4060,-4066,4062,-4066,4062,-4068,4061,-4067,4063,-4067,4063,-4066,4060,-4066,4063,-4066,4062,-4067,4062,-4065,4064,-4064,4060,-4065,4061,-4066,4061,-4068,4063,-4064,4060,-4064,4058,-4060,4053,-4062,4056,-4062,4056,-4063,4054,-4062,4054,-4067,4055,-4062,4053,-4064,4055,-4066,4059,-4065,4055,-4064,4057,-4063,4056,-4065,4052,-4065,4053,-4063,4054,-4066,4054,-4065,4054,-4064,4053,-4061,4054,-4062,4055,-4063,4058,-4060,4054,-4063,4054,-4061,4054,-0.19,SJNFAAZE1U0005576,117.70,14.32,8983.3359375,78,75,0,0,0,0,15.0,99.17,-154272,59,1528019526.896,13440,3,0,0,0,0,0,0,0,4,389.75,389.75,1F,1,1,1,0080,75,40,40,0,0,19,19.00
03/06/2018 10:52:10,54 58.53373,-1 31.10137,301,0,461,911540,1144818,389.86,37.131,4072,4050,4061,22,0,90.8,32.7,85.2,29.6,none,none,79.2,26.2,4061,-4071,4056,-4065,4059,4065,4062,-4064,-4059,-4068,4059,-4067,-4061,4070,-4059,4068,-4059,4069,-4060,4069,-4062,4068,-4060,4069,-4061,4072,-4060,4070,-4060,4069,-4062,4069,-4062,4067,-4062,4067,-4060,4067,-4059,4066,-4060,4066,-4064,4069,-4060,4066,-4059,4062,-4055,4062,-4055,4066,-4056,4061,-4058,4061,-4056,4063,-4058,4064,-4053,4065,-4054,4066,-4056,4070,-4054,4066,-4057,4067,-4055,4066,-4058,4069,-4052,4069,4052,-4068,4053,4068,4052,-4068,4050,-4066,4052,-4064,4055,-4066,4057,-4065,4052,4063,4053,-4064,4052,-4060,-0.17,SJNFAAZE1U0005576,117.70,14.32,8983.3359375,78,75,0,0,0,0,15.0,99.17,-154272,59,1528019530.692,11560,3,1,0,4,0,0,0,0,4,389.93,389.93,1F,1,1,1,0080,75,40,40,0,0,19,16.50
03/06/2018 10:52:14,54 58.53373,-1 31.10137,301,0,461,911235,1144818,390.24,28.403,4074,4056,4065,18,0,90.8,32.7,85.2,29.6,none,none,79.2,26.2,4062,-4072,4061,-4068,4064,4068,4066,-4067,4063,-4071,4065,4070,4065,-4072,4063,-4072,4064,-4072,4065,-4072,4066,4071,4065,-4072,4065,-4074,4064,-4072,4065,-4071,4065,-4070,4067,-4069,4066,-4071,4065,-4069,4064,4069,4065,-4069,4068,-4071,4063,-4068,4064,-4064,4059,4066,4060,-4067,4061,-4065,4062,-4065,4060,-4067,4063,-4066,4058,-4067,4058,-4068,4061,-4071,4059,4069,4060,-4069,4059,-4068,4062,-4069,4057,-4071,4056,4070,4057,-4069,4057,-4070,4057,-4068,4056,-4067,4058,-4067,4059,-4069,4056,-4066,4058,-4067,4056,4063,-0.16,SJNFAAZE1U0005576,117.70,14.32,8983.3359375,78,75,0,0,0,0,15.0,99.17,-154272,59,1528019534.398,9920,2,1,0,4,0,0,0,0,4,390.25,390.25,1F,1,1,1,0080,76,40,40,0,0,19,12.75
03/06/2018 10:52:17,54 58.53373,-1 31.10137,301,0,461,910996,1144818,390.34,26.908,4075,4055,4066,20,0,91.0,32.8,85.4,29.7,none,none,79.3,26.3,4064,-4074,4061,-4070,4064,4069,4066,-4068,4064,-4070,4065,-4072,4064,-4074,4064,4073,4064,-4073,4064,-4073,4067,-4073,4065,-4073,4064,4075,4064,-4073,4064,-4072,4066,-4072,4066,-4071,4065,-4072,4065,-4071,4064,-4070,4065,-4070,4068,4073,4064,-4069,4064,-4067,4060,-4066,4059,-4070,4059,4067,4063,-4065,4061,-4067,4063,-4067,4057,-4069,4059,-4071,4060,-4074,4058,-4069,4061,-4070,4059,4070,4061,-4071,4056,-4072,4055,-4072,4057,-4072,4058,4073,4055,-4069,4056,-4068,4059,-4067,4061,-4070,4057,-4066,4060,4069,4057,-4065,-0.16,SJNFAAZE1U0005576,117.70,14.32,8983.3359375,78,75,0,0,0,0,15.0,99.17,-154272,59,1528019537.925,9080,2,1,0,4,0,0,0,0,4,390.39,390.39,1F,1,1,1,0080,76,40,40,0,0,19,15.00
03/06/2018 10:52:21,54 58.53373,-1 31.10137,301,0,461,910721,1144818,391.49,12.870,4087,4070,4078,17,0,91.0,32.8,85.4,29.7,none,none,79.3,26.3,4078,4086,4074,-4082,4077,4081,4078,-4081,4077,-4082,4076,-4082,4077,-4084,4076,-4083,4076,-4084,4077,4084,4078,-4082,4077,-4084,4077,-4086,4076,-4083,4078,4084,4078,-4082,4080,-4081,4078,-4083,4078,-4083,4076,-4081,4078,-4082,4081,-4085,4076,-4081,4077,4078,4073,-4080,4074,-4083,4075,-4081,4077,-4079,4075,4080,4076,-4080,4074,-4082,4071,-4082,4074,-4087,4073,-4083,4073,-4083,4074,-4081,4072,-4083,4071,4083,4070,-4083,4071,-4083,4070,-4083,4070,-4081,4070,-4080,4072,4080,4075,-4083,4072,-4079,4073,-4081,4071,-4078,-0.18,SJNFAAZE1U0005576,117.70,14.32,8983.3359375,78,75,0,0,0,0,15.0,99.17,-154272,59,1528019541.866,9720,2,1,0,5,0,0,0,0,4,390.70,390.70,1F,1,1,1,0080,76,40,40,0,0,19,-11.00
03/06/2018 10:52:25,54 58.53373,-1 31.10137,301,0,461,910815,1144818,392.06,-8.643,4093,4075,4084,18,0,90.8,32.7,85.2,29.6,none,none,79.2,26.2,4084,-4093,4080,-4088,4083,4086,4085,-4086,4082,-4089,4082,-4088,4083,-4090,4082,-4089,4082,-4090,4083,-4090,4083,-4089,4083,4090,4083,-4093,4082,-4091,4083,-4090,4084,-4089,4085,4087,4084,-4089,4084,-4088,4081,-4087,4084,-4087,4087,-4092,4083,-4089,4084,-4084,4080,-4086,4081,4089,4081,-4086,4082,-4086,4080,-4085,4083,-4086,4080,4087,4079,-4089,4081,-4092,4078,-4088,4079,-4089,4078,-4088,4079,-4089,4076,-4089,4076,-4089,4077,4089,4077,-4088,4075,-4087,4077,-4086,4077,-4086,4083,-4089,4078,-4086,4080,-4087,4077,-4084,-0.19,SJNFAAZE1U0005576,117.70,14.32,8983.3359375,78,75,0,0,0,0,15.0,99.17,-154276,59,1528019545.748,0,2,1,0,5,0,0,0,0,4,392.11,392.11,1F,1,1,1,0080,76,40,40,0,0,11,-6.00
03/06/2018 10:52:29,54 58.53373,-1 31.10137,301,0,461,910877,1144818,392.26,-8.124,4095,4077,4086,18,0,90.8,32.7,85.2,29.6,none,none,79.2,26.2,-4092,4087,-4090,4083,-4092,4085,-4090,4083,-4089,4085,-4090,4085,-4091,4084,-4091,4085,-4091,4085,-4090,4086,-4093,4084,-4091,4085,-4092,4086,-4092,4084,-4091,4088,-4090,4087,-4091,4085,-4090,4087,-4090,4085,-4090,4084,-4091,4084,-4094,4089,-4090,4085,-4091,4083,-4088,4081,-4091,4083,-4090,4083,-4092,4082,-4090,4080,-4095,4081,-4091,4079,-4092,4080,-4094,4083,-4090,4081,-4091,4081,-4091,4080,-4092,4077,-4093,4078,-4092,4078,-4093,4078,-4093,4078,-4091,4079,-4089,4079,-4090,4080,-4092,4084,-4087,4079,-4091,4081,-4089,4080,-0.18,SJNFAAZE1U0005576,117.70,14.32,8983.3359375,78,75,0,0,0,0,15.0,99.17,-154278,59,1528019549.627,0,2,1,0,5,0,0,0,0,4,392.29,392.29,1F,1,1,1,0080,76,40,40,0,0,19,-8.50
03/06/2018 10:52:33,54 58.53373,-1 31.10137,301,0,461,910968,1144818,392.54,-9.803,4097,4079,4089,18,0,91.0,32.8,85.4,29.7,none,none,79.3,26.3,-4094,4090,-4093,4086,-4096,4087,-4092,4085,-4092,4086,-4092,4087,-4095,4086,-4095,4086,-4093,4086,-4093,4088,-4095,4086,-4095,4088,-4094,4088,-4094,4085,-4093,4089,-4093,4089,-4094,4088,-4092,4090,-4092,4086,-4092,4086,-4092,4086,-4097,4090,-4093,4087,-4093,4085,-4092,4082,-4094,4085,-4095,4085,-4094,4083,-4092,4082,-4097,4082,-4093,4081,-4093,4080,-4097,4085,-4094,4081,-4094,4084,-4093,4083,-4093,4080,-4096,4081,-4095,4080,-4095,4080,-4095,4079,-4095,4082,-4092,4081,-4093,4081,-4094,4086,-4091,4083,-4094,4083,-4092,4082,-0.17,SJNFAAZE1U0005576,117.70,14.32,8983.3359375,78,75,0,0,0,0,15.0,99.17,-154282,59,1528019553.388,0,3,1,0,5,0,0,0,0,4,392.60,392.60,1F,1,1,1,0080,76,40,40,0,0,19,-19.00
03/06/2018 10:52:36,54 58.53373,-1 31.10137,301,0,461,911176,1144818,394.66,-56.922,4120,4101,4111,19,0,91.0,32.8,85.4,29.7,none,none,79.2,26.2,-4120,4113,-4116,4108,-4117,4108,-4114,4106,-4114,4108,-4115,4108,-4115,4108,-4114,4106,-4115,4108,-4114,4107,-4115,4107,-4114,4109,-4115,4109,-4115,4105,-4115,4109,-4114,4109,-4114,4107,-4114,4110,-4114,4107,-4114,4107,-4115,4108,-4119,4112,-4116,4108,-4117,4107,-4115,4107,-4119,4109,-4118,4109,-4119,4106,-4112,4104,-4119,4106,-4118,4103,-4117,4103,-4119,4107,-4116,4103,-4117,4105,-4116,4104,-4114,4102,-4120,4102,-4117,4101,-4118,4102,-4118,4102,-4119,4103,-4115,4103,-4116,4103,-4118,4109,-4115,4105,-4117,4106,-4115,4105,-0.16,SJNFAAZE1U0005576,117.70,14.32,8983.3359375,78,75,0,0,0,0,15.0,99.17,-154290,59,1528019556.849,0,2,1,0,5,0,0,0,0,4,394.38,394.38,1F,1,1,1,0080,76,40,40,0,0,11,-52.25
03/06/2018 10:52:40,54 58.53373,-1 31.10137,301,0,461,911675,1144818,395.23,-58.875,4126,4107,4117,19,0,91.0,32.8,85.4,29.7,none,none,79.2,26.2,-4124,4120,-4121,4114,-4124,4114,-4119,4114,-4120,4113,-4119,4114,-4121,4114,-4121,4112,-4121,4113,-4119,4114,-4122,4111,-4120,4114,-4121,4115,-4122,4112,-4121,4115,-4119,4114,-4120,4113,-4118,4116,-4119,4113,-4120,4112,-4120,4114,-4125,4117,-4122,4115,-4123,4114,-4122,4112,-4125,4116,-4124,4115,-4125,4112,-4119,4109,-4126,4111,-4124,4110,-4124,4109,-4125,4114,-4123,4109,-4122,4111,-4122,4110,-4122,4109,-4126,4108,-4123,4107,-4124,4108,-4124,4109,-4124,4109,-4121,4110,-4122,4110,-4126,4116,-4121,4110,-4123,4112,-4121,4110,-0.12,SJNFAAZE1U0005576,117.70,14.40,8983.3359375,78,75,0,0,0,0,15.0,99.17,-154311,59,1528019560.423,0,2,1,0,5,0,0,0,0,4,395.14,395.14,1F,1,1,1,0080,76,40,40,0,0,19,-73.75
03/06/2018 10:52:44,54 58.53373,-1 31.10137,301,0,462,912092,1144818,394.94,-38.214,4123,4106,4114,17,0,90.8,32.7,85.2,29.6,none,none,79.2,26.2,-4117,4123,-4111,4118,-4114,4115,-4114,4113,-4112,4116,-4112,4115,-4111,4117,-4110,4117,-4111,4116,-4111,4117,-4112,4115,-4112,4115,-4111,4120,-4111,4118,4111,-4116,4112,4116,4114,-4115,4111,-4116,4112,-4116,4112,-4116,4113,-4115,4118,4120,4114,-4117,4115,-4113,-4112,4117,-4113,4119,-4114,4117,-4115,4115,-4110,4114,-4113,4117,-4111,4118,-4107,4117,-4111,4120,-4108,4118,-4109,4119,-4110,4117,-4109,4120,-4108,4118,-4106,4118,-4107,4119,-4107,4118,-4107,4118,-4108,4116,-4108,4117,-4113,4121,-4109,4116,-4111,4118,-4109,4114,-0.15,SJNFAAZE1U0005576,117.70,14.32,8983.3359375,78,75,0,0,0,0,15.0,99.17,-154328,59,1528019564.150,0,2,1,0,5,0,0,0,0,4,394.80,394.80,1F,1,1,1,0080,76,40,40,0,0,19,-57.25
03/06/2018 10:52:47,54 58.53373,-1 31.10137,301,0,462,912381,1144818,394.37,-25.733,4118,4098,4108,20,0,91.0,32.8,85.4,29.7,none,none,79.3,26.3,4109,4118,4105,-4113,4108,4111,4109,-4109,4106,-4112,4105,-4111,4106,-4113,4104,-4111,4105,-4112,4105,4113,4106,-4111,4106,-4112,4105,-4116,4104,-4112,4105,4111,4107,-4112,4108,-4110,4107,-4111,4107,-4111,4106,-4110,4106,-4111,4112,-4114,4107,-4114,4108,4109,4106,-4111,4106,-4115,4106,-4113,4109,-4109,4104,-4111,4107,4112,4102,-4112,4101,-4113,4104,-4117,4102,-4114,4102,4113,4102,-4112,4101,-4115,4100,-4114,4098,-4115,4099,-4115,4100,-4116,4100,-4113,4100,-4112,4101,4111,4107,-4116,4103,-4112,4103,-4113,4103,-4110,-0.17,SJNFAAZE1U0005576,117.70,14.32,8983.3359375,78,75,0,0,0,0,15.0,99.17,-154340,59,1528019567.960,0,3,1,0,5,0,0,0,0,4,394.47,394.47,1F,1,1,1,0080,76,40,40,0,0,19,-67.00
03/06/2018 10:52:51,54 58.53373,-1 31.10137,301,0,462,912529,1144818,393.70,-9.375,4112,4092,4101,20,0,91.0,32.8,85.2,29.6,none,none,79.2,26.2,4102,-4112,4097,-4106,4101,4105,4100,-4103,4099,-4105,4098,-4106,4098,-4108,4097,-4107,4098,-4106,4097,-4107,4099,-4105,4098,4106,4098,-4110,4097,-4107,4098,-4106,4100,-4106,4100,4105,4099,-4105,4099,-4105,4098,-4104,4099,-4105,4104,-4107,4100,4105,4101,-4102,4099,-4105,4097,-4107,4100,-4105,4102,-4104,4097,-4104,4099,-4104,4096,-4106,4094,4106,4095,-4111,4095,-4106,4096,-4107,4097,-4106,4095,4109,4094,-4108,4092,-4108,4094,-4108,4094,-4108,4092,-4107,4094,-4105,4095,-4105,4100,-4109,4096,4105,4098,-4106,4095,-4102,-0.19,SJNFAAZE1U0005576,117.70,14.32,8983.3359375,78,75,0,0,0,0,15.0,99.17,-154346,59,1528019571.858,0,2,1,0,5,0,0,0,0,4,393.87,393.87,1F,1,1,1,0080,76,40,40,0,0,19,-77.75
03/06/2018 10:52:55,54 58.53373,-1 31.10137,301,0,462,912533,1144818,393.31,2.250,4107,4087,4097,20,0,90.8,32.7,85.2,29.6,none,none,79.3,26.3,4097,-4107,4092,-4101,4096,4100,4097,-4100,4094,4100,4094,-4100,4095,-4102,4094,-4102,4094,-4101,4094,-4103,4096,-4101,4093,-4103,4094,-4105,4094,4102,4095,-4101,4096,-4101,4097,-4100,4095,-4100,4094,4100,4093,-4100,4095,-4100,4100,-4104,4096,-4101,4097,-4097,4094,4100,4093,-4103,4094,-4100,4096,-4098,4091,-4099,4095,-4099,4091,-4101,4089,-4102,4093,-4105,4090,4102,4092,-4102,4090,-4101,4092,-4104,4089,-4103,4087,4103,4088,-4104,4088,-4103,4087,-4101,4089,-4101,4090,-4100,4093,-4104,4090,-4100,4092,-4102,4090,4097,-0.16,SJNFAAZE1U0005576,117.70,14.32,8983.3359375,78,75,0,0,0,0,15.0,99.17,-154346,59,1528019575.720,0,2,1,0,5,0,0,0,0,4,393.32,393.32,1F,1,1,1,0080,76,40,40,0,0,11,0.00
03/06/2018 10:52:59,54 58.53373,-1 31.10137,301,0,462,912514,1144818,393.22,1.853,4106,4086,4096,20,0,91.0,32.8,85.2,29.6,none,none,79.3,26.3,4096,-4106,4092,4100,4095,4098,4096,-4098,4093,-4100,4094,-4100,4094,4102,4093,-4101,4092,-4101,4094,-4102,4094,-4101,4094,-4101,4094,-4105,4091,-4102,4093,-4100,4096,4101,4096,-4099,4095,-4100,4094,-4100,4093,-4099,4095,-4098,4099,-4103,4095,-4100,4096,-4097,4092,-4099,4093,-4102,4093,4099,4096,-4098,4090,-4099,4094,-4099,4090,-4101,4089,-4101,4091,-4105,4090,-4101,4091,-4101,4090,4100,4090,-4102,4088,-4102,4086,-4102,4088,-4102,4087,4103,4087,-4100,4088,-4100,4089,-4101,4094,-4103,4090,-4098,4091,-4100,4090,-4097,-0.11,SJNFAAZE1U0005576,117.70,14.40,8983.3359375,78,75,0,0,0,0,15.0,99.17,-154346,59,1528019579.551,0,2,1,0,5,0,0,0,0,4,393.27,393.27,1F,1,1,1,0080,76,40,40,0,0,19,0.00
03/06/2018 10:53:03,54 58.53373,-1 31.10137,301,0,462,912354,1144818,391.58,37.223,4086,4070,4079,16,0,90.8,32.7,85.2,29.6,none,none,79.2,26.2,-4082,4081,-4081,4075,-4083,4077,-4081,4077,-4082,4078,-4082,4078,-4084,4078,-4083,4077,-4084,4080,-4084,4078,-4084,4078,-4084,4079,-4084,4079,-4084,4077,-4082,4080,-4083,4079,-4084,4079,-4082,4082,-4082,4078,-4083,4077,-4083,4077,-4086,4081,-4082,4079,-4082,4076,-4079,4072,-4081,4073,-4082,4073,-4083,4074,-4081,4072,-4085,4073,-4081,4070,-4083,4072,-4086,4075,-4083,4073,-4083,4073,-4082,4074,-4085,4070,-4085,4070,-4084,4070,-4085,4070,-4085,4071,-4083,4071,-4080,4071,-4083,4072,-4083,4076,-4079,4073,-4082,4073,-4081,4072,-0.13,SJNFAAZE1U0005576,117.70,14.40,8983.3359375,78,75,0,0,0,0,15.0,99.17,-154346,59,1528019583.597,9200,2,1,0,5,0,0,0,0,4,391.84,391.84,1F,1,1,1,0080,76,40,40,0,0,19,102.25
03/06/2018 10:53:07,54 58.53373,-1 31.10137,301,0,461,911900,1144818,390.43,54.648,4076,4058,4067,18,0,90.8,32.7,85.2,29.6,none,none,79.2,26.2,-4071,4068,-4070,4063,-4074,4066,-4072,4065,-4071,4067,-4072,4067,-4074,4067,-4073,4066,-4073,4067,-4074,4069,-4075,4067,-4074,4068,-4074,4067,-4074,4066,-4074,4069,-4072,4069,-4073,4068,-4072,4070,-4072,4066,-4071,4065,-4072,4066,-4076,4070,-4072,4067,-4071,4064,-4068,4060,-4070,4062,-4069,4061,-4071,4062,-4071,4060,-4073,4059,-4069,4060,-4072,4059,-4074,4063,-4073,4063,-4073,4062,-4072,4061,-4074,4058,-4073,4058,-4073,4059,-4074,4059,-4074,4059,-4072,4060,-4069,4059,-4071,4060,-4071,4063,-4069,4060,-4072,4061,-4069,4060,-0.23,SJNFAAZE1U0005576,117.70,14.32,8983.3359375,78,75,0,0,0,0,15.0,99.17,-154346,59,1528019587.348,16640,3,0,0,0,0,0,0,0,4,390.66,390.66,1F,1,1,1,0080,76,40,40,0,0,19,69.50
03/06/2018 10:53:11,54 58.53373,-1 31.10137,301,0,461,911577,1144818,391.58,17.966,4087,4069,4079,18,0,91.0,32.8,85.2,29.6,none,none,79.2,26.2,-4084,4080,-4083,4076,-4085,4077,-4083,4075,-4083,4078,-4084,4079,-4084,4079,-4085,4078,-4085,4079,-4085,4079,-4086,4078,-4085,4080,-4085,4079,-4085,4077,-4084,4079,-4084,4079,-4085,4079,-4083,4081,-4083,4077,-4083,4076,-4083,4078,-4087,4081,-4082,4078,-4083,4076,-4081,4071,-4083,4075,-4084,4075,-4084,4073,-4081,4072,-4087,4072,-4084,4073,-4084,4072,-4087,4076,-4084,4074,-4085,4073,-4084,4074,-4085,4070,-4086,4069,-4084,4070,-4087,4071,-4085,4071,-4085,4072,-4082,4072,-4084,4072,-4085,4078,-4082,4073,-4084,4073,-4082,4073,-0.14,SJNFAAZE1U0005576,117.70,14.32,8983.3359375,78,75,0,0,0,0,15.0,99.17,-154346,60,1528019591.176,5720,2,0,0,0,0,0,0,0,4,391.82,391.82,1F,1,1,1,0080,77,40,40,0,0,19,28.50
03/06/2018 10:53:15,54 58.53373,-1 31.10137,301,0,461,911334,1144818,391.10,33.866,4082,4065,4074,17,0,90.8,32.7,85.2,29.6,none,none,79.2,26.2,-4079,4076,-4077,4070,-4079,4073,-4077,4072,-4078,4073,-4077,4075,-4080,4074,-4079,4074,-4079,4075,-4080,4075,-4081,4072,-4079,4076,-4080,4075,-4080,4073,-4079,4075,-4079,4075,-4079,4075,-4078,4076,-4077,4073,-4078,4073,-4078,4073,-4082,4077,-4076,4073,-4078,4071,-4075,4067,-4077,4070,-4077,4070,-4079,4069,-4077,4069,-4080,4068,-4077,4065,-4079,4068,-4080,4071,-4078,4069,-4079,4069,-4078,4069,-4082,4065,-4079,4066,-4079,4066,-4081,4066,-4080,4065,-4079,4067,-4077,4066,-4078,4067,-4078,4070,-4075,4067,-4077,4067,-4075,4067,-0.14,SJNFAAZE1U0005576,117.70,14.32,8983.3359375,78,75,0,0,0,0,15.0,99.17,-154346,60,1528019595.019,10160,2,0,0,0,0,0,0,0,4,391.21,391.21,1F,1,1,1,0080,77,40,40,0,0,19,38.25
03/06/2018 10:53:18,54 58.53373,-1 31.10137,301,0,461,911052,1144818,391.20,27.213,4084,4067,4075,17,0,91.0,32.8,85.2,29.6,none,none,79.2,26.2,4076,-4083,4072,-4078,4075,4078,4076,-4077,4073,-4079,4074,-4079,4075,-4081,4073,-4081,4074,-4081,4074,-4081,4075,-4080,4074,4081,4075,-4084,4073,-4082,4074,-4080,4076,-4080,4077,4079,4074,-4081,4074,-4079,4073,-4079,4073,-4078,4077,-4081,-4073,4079,4074,-4075,-4070,4076,-4070,4080,-4072,4077,-4073,4075,-4072,4077,-4074,4077,-4070,4079,-4070,4080,-4071,4082,-4069,4080,-4071,4080,-4070,4079,-4072,4080,-4068,4080,4067,-4081,4068,4081,4067,-4080,4067,-4079,4068,-4078,4070,-4079,4072,-4080,4069,4076,4070,-4077,4068,-4074,-0.15,SJNFAAZE1U0005576,117.70,14.32,8983.3359375,78,75,0,0,0,0,15.0,99.17,-154346,60,1528019598.775,9520,2,0,0,0,0,0,0,0,4,391.32,391.32,1F,1,1,1,0080,77,40,40,0,0,19,33.00
03/06/2018 10:53:22,54 58.53373,-1 31.10137,301,0,461,910660,1144818,389.95,55.106,4071,4053,4062,18,0,90.8,32.7,85.4,29.7,none,none,79.3,26.3,4061,-4070,4059,-4066,4061,4065,4063,-4066,4061,4067,4061,-4068,4061,-4069,4060,-4069,4061,-4069,4062,-4069,4063,-4068,4061,-4069,4062,-4071,4060,4070,4062,-4068,4063,-4069,4063,-4067,4062,-4068,4062,4067,4060,-4066,4061,-4065,4066,-4070,4060,-4065,4060,-4062,4057,4062,4055,-4066,4057,-4063,4059,-4063,4059,-4064,4060,-4063,4055,-4067,4055,-4067,4057,-4068,4057,4068,4058,-4067,4056,-4066,4060,-4067,4053,-4068,4054,4068,4054,-4068,4055,-4068,4054,-4065,4054,-4065,4056,-4065,4057,-4067,4054,-4063,4056,-4064,4053,4061,-0.16,SJNFAAZE1U0005576,117.70,14.32,8983.3359375,78,75,0,0,0,0,15.0,99.17,-154346,60,1528019602.946,16480,2,1,0,4,0,0,0,0,4,390.08,390.08,1F,1,1,1,0080,77,40,40,0,0,11,45.00
03/06/2018 10:53:26,54 58.53373,-1 31.10137,301,0,461,910153,1144818,390.05,45.402,4073,4054,4063,19,0,90.8,32.7,85.4,29.7,none,none,79.2,26.2,4063,-4072,4058,4067,4062,4066,4065,-4066,4061,-4068,4063,-4068,4063,4070,4062,-4070,4062,-4070,4061,-4070,4064,-4069,4061,-4070,4063,-4073,4061,-4071,4062,-4069,4064,4068,4065,-4068,4063,-4069,4064,-4068,4062,-4068,4063,4066,4066,-4070,4062,-4066,4062,-4063,4057,-4064,4058,-4066,4057,-4064,4060,-4063,4058,-4065,4060,4064,4055,-4067,4056,-4069,4058,-4071,4057,-4068,4059,-4068,4056,4068,4061,-4068,4054,-4068,4054,-4070,4054,-4070,4055,4069,4054,-4068,4054,-4067,4056,-4068,4058,-4067,4055,-4065,4056,-4066,4054,-4062,-0.14,SJNFAAZE1U0005576,117.70,14.32,8983.3359375,78,75,0,0,0,0,15.0,99.17,-154346,60,1528019606.801,15280,2,1,0,5,0,0,0,0,4,390.06,390.06,1F,1,1,1,0080,77,40,40,0,0,19,35.00
03/06/2018 10:53:30,54 58.53373,-1 31.10137,301,0,460,909736,1144818,389.86,42.685,4072,4051,4061,21,0,90.8,32.7,85.2,29.6,none,none,79.3,26.3,4060,-4070,4056,-4066,4060,4066,4061,4064,4059,-4067,4059,-4067,4061,-4069,4059,-4069,4060,4069,4060,-4069,4060,-4068,4060,-4070,4061,-4072,4059,-4069,4060,-4068,4062,-4066,4061,-4066,4061,4067,4061,-4067,4059,-4066,4062,-4065,4064,-4069,4059,4065,4059,-4062,4056,-4062,4055,-4066,4056,-4064,4060,-4062,4056,-4064,4059,-4063,4053,-4065,4054,4066,4056,-4070,4054,-4065,4056,-4067,4056,-4065,4058,-4068,4051,4069,4051,-4069,4053,-4068,4053,-4068,4052,-4066,4053,4066,4056,-4064,4057,-4068,4054,-4063,4055,-4065,4053,-4061,-0.17,SJNFAAZE1U0005576,117.70,14.32,8983.3359375,78,75,0,0,0,0,15.0,99.17,-154346,60,1528019610.832,14160,2,1,0,5,0,0,0,0,4,390.00,390.00,1F,1,1,1,0080,77,40,40,0,0,11,30.75
03/06/2018 10:53:34,54 58.53373,-1 31.10137,301,0,460,909333,1144818,389.95,42.136,4070,4053,4062,17,0,90.8,32.7,85.2,29.6,none,none,79.3,26.3,4067,-4062,4065,-4059,4067,4060,4065,-4059,4064,-4060,4066,4062,4067,-4060,4067,-4061,4066,-4061,4067,-4062,4068,4060,4068,-4063,4068,-4062,4068,-4060,4067,-4063,4066,-4063,4067,-4062,4066,-4064,4065,-4061,4066,4060,4066,-4061,4069,-4064,4065,-4061,4065,-4058,4062,4053,4064,-4057,-4064,4057,-4065,-4056,-4064,4056,-4067,4055,-4065,4053,-4066,4054,4069,-4057,4067,-4057,4067,-4056,4066,-4056,4070,-4053,4067,-4053,4067,-4053,4069,4054,4067,-4053,4066,-4055,4065,-4054,4066,-4056,4066,4058,4062,-4055,4066,-4055,4062,-4054,-0.12,SJNFAAZE1U0005576,117.70,14.40,8983.3359375,78,75,0,0,0,0,15.0,99.17,-154346,60,1528019614.593,13560,2,1,0,5,0,0,0,0,4,389.99,389.99,1F,1,1,1,0080,77,40,40,0,0,19,29.50
03/06/2018 10:53:38,54 58.53373,-1 31.10137,301,0,460,908940,1144818,389.76,43.784,4067,4052,4060,15,0,90.8,32.7,85.2,29.6,none,none,79.2,26.2,-4063,4061,-4062,4056,-4065,4059,-4063,4058,-4064,4060,-4063,4060,-4066,4061,-4065,4059,-4064,4061,-4064,4061,-4065,4059,-4065,4062,-4067,4061,-4065,4059,-4066,4062,-4064,4062,-4064,4061,-4064,4063,-4063,4060,-4063,4061,-4064,4059,-4067,4063,-4063,4059,-4062,4057,-4060,4053,-4060,4056,-4060,4054,-4063,4054,-4061,4054,-4064,4053,-4061,4053,-4063,4054,-4065,4057,-4062,4055,-4064,4056,-4064,4056,-4066,4052,-4064,4052,-4064,4052,-4065,4053,-4064,4052,-4062,4053,-4060,4054,-4063,4055,-4063,4056,-4059,4053,-4062,4053,-4059,4053,-0.19,SJNFAAZE1U0005576,117.70,14.32,8984.9453125,78,75,0,0,0,0,15.0,99.17,-154346,60,1528019618.336,13560,2,1,0,5,0,0,0,0,4,389.71,389.71,1F,1,1,1,0080,77,40,40,0,0,19,29.00
03/06/2018 10:53:42,54 58.53373,-1 31.10137,301,0,460,908555,1144818,389.57,43.449,4067,4048,4058,19,0,90.8,32.7,85.2,29.6,none,none,79.2,26.2,-4062,4059,-4061,4054,-4064,4057,-4063,4056,-4064,4058,-4062,4058,-4065,4058,-4065,4057,-4063,4058,-4064,4058,-4067,4058,-4066,4060,-4066,4060,-4066,4057,-4064,4060,-4065,4059,-4064,4059,-4064,4060,-4063,4058,-4063,4057,-4063,4057,-4066,4061,-4063,4057,-4062,4055,-4057,4049,-4060,4053,-4062,4052,-4062,4052,-4061,4051,-4065,4051,-4060,4049,-4063,4049,-4065,4054,-4063,4052,-4064,4053,-4062,4052,-4064,4048,-4065,4050,-4064,4049,-4065,4050,-4064,4049,-4062,4051,-4061,4050,-4063,4051,-4062,4055,-4059,4051,-4062,4050,-4060,4050,-0.19,SJNFAAZE1U0005576,117.70,14.32,8984.9453125,78,75,0,0,0,0,15.0,99.17,-154346,60,1528019622.133,13560,3,1,0,5,0,0,0,0,4,389.68,389.68,1F,1,1,1,0080,77,40,40,0,0,19,28.25
03/06/2018 10:53:46,54 58.53373,-1 31.10137,301,0,460,908216,1144818,390.34,3.745,4075,4057,4066,18,0,90.8,32.7,85.2,29.6,none,none,79.2,26.2,-4071,4067,-4069,4063,-4072,4065,-4070,4065,-4070,4065,-4070,4066,-4072,4067,-4072,4065,-4071,4067,-4071,4067,-4073,4065,-4072,4068,-4073,4067,-4073,4066,-4072,4067,-4070,4068,-4072,4067,-4070,4068,-4070,4067,-4071,4065,-4071,4065,-4073,4070,-4069,4065,-4070,4064,-4067,4059,-4069,4062,-4069,4060,-4071,4061,-4069,4060,-4072,4060,-4069,4057,-4071,4059,-4074,4064,-4071,4061,-4072,4060,-4071,4061,-4075,4057,-4072,4057,-4072,4057,-4072,4057,-4072,4058,-4070,4058,-4068,4059,-4071,4060,-4071,4063,-4067,4059,-4069,4060,-4067,4058,-0.18,SJNFAAZE1U0005576,117.70,14.32,8984.9453125,78,75,0,0,0,0,15.0,99.17,-154346,60,1528019626.025,2400,2,1,0,5,0,0,0,0,4,390.97,390.97,1F,1,1,1,0080,78,40,40,0,0,19,63.75
03/06/2018 10:53:49,54 58.53373,-1 31.10137,301,0,459,907279,1144818,385.25,134.646,4026,4001,4013,25,0,91.0,32.8,85.4,29.7,none,none,79.2,26.2,-4014,4012,-4016,4010,-4017,4012,-4017,4013,-4018,4015,-4019,4016,-4021,4016,-4021,4015,-4022,4017,-4022,4017,-4023,4017,-4023,4019,-4024,4017,-4023,4015,-4021,4019,-4021,4019,-4021,4016,-4021,4019,-4020,4015,-4019,4015,-4019,4014,-4021,4017,-4016,4012,-4015,4010,-4008,4001,-4010,4006,-4011,4005,-4013,4004,-4015,4007,-4016,4004,-4012,4004,-4017,4005,-4020,4009,-4017,4009,-4018,4009,-4015,4007,-4026,4003,-4017,4004,-4019,4006,-4019,4004,-4018,4005,-4016,4007,-4013,4005,-4017,4009,-4013,4007,-4010,4005,-4013,4004,-4012,4003,-0.17,SJNFAAZE1U0005576,117.70,14.32,8984.9453125,78,75,0,0,0,0,15.0,99.17,-154346,60,1528019629.749,40280,2,1,0,5,0,0,0,0,4,385.54,385.54,1F,1,1,1,0080,78,40,40,0,0,19,81.25
03/06/2018 10:53:53,54 58.53373,-1 31.10137,301,0,459,906213,1144818,387.07,77.659,4042,4021,4032,21,0,90.8,32.7,85.2,29.6,none,none,79.2,26.2,4029,-4038,4027,4035,4029,4035,4034,-4034,4030,-4038,4031,-4039,4033,4042,4031,-4040,4032,-4041,4032,-4041,4033,-4039,4034,-4041,4033,-4042,4031,-4041,4033,-4040,4034,4039,4034,-4039,4034,-4039,4033,-4037,4031,-4037,4031,4035,4035,-4041,4030,-4036,4029,-4031,4024,-4031,4023,-4034,4026,4032,4027,-4031,4027,-4033,4028,-4032,4023,-4036,4024,-4037,4027,-4039,4025,-4038,4028,-4038,4026,4035,4030,-4038,4022,-4038,4023,-4040,4023,-4039,4023,4038,4021,-4036,4023,-4036,4026,-4037,4025,-4035,4023,-4033,4024,-4034,4021,-4030,-0.38,SJNFAAZE1U0005576,117.70,14.32,8984.9453125,78,75,0,0,0,0,15.0,99.17,-154346,60,1528019633.441,26520,2,1,0,5,0,0,0,0,4,386.73,386.73,1F,1,1,1,0080,78,40,40,0,0,11,31.25
03/06/2018 10:53:57,54 58.53373,-1 31.10137,301,0,458,905682,1144818,388.22,46.744,4054,4035,4044,19,0,90.8,32.7,85.4,29.7,none,none,79.3,26.3,4043,-4051,4041,-4047,4044,4046,4046,4047,4043,-4049,4044,-4050,4047,-4051,4043,-4051,4044,4050,4044,-4051,4046,-4049,4044,-4050,4045,-4054,4043,-4052,4045,-4050,4046,-4050,4046,-4048,4045,4050,4046,-4049,4044,-4049,4045,-4048,4048,-4051,4043,-4047,4042,-4043,4038,-4042,4037,-4045,4039,-4043,4041,-4042,4040,4045,4041,-4043,4037,-4046,4037,-4047,4040,-4049,4038,-4047,4040,-4048,4039,-4045,4041,-4046,4035,4048,4035,-4048,4037,-4049,4036,-4048,4036,-4047,4035,4047,4038,-4047,4039,-4047,4036,-4044,4037,-4044,4036,-4041,-0.16,SJNFAAZE1U0005576,117.70,14.32,8984.9453125,78,75,0,0,0,0,15.0,99.17,-154346,60,1528019637.161,16160,2,1,0,5,0,0,0,0,4,388.15,388.15,1F,1,1,1,0080,78,40,40,0,0,19,23.25
03/06/2018 10:54:01,54 58.53373,-1 31.10137,301,0,458,905279,1144818,388.22,47.324,4055,4034,4044,21,0,91.0,32.8,85.4,29.7,none,none,79.2,26.2,4041,-4053,4039,-4047,4043,4048,4045,-4047,4043,-4050,4043,4050,4043,-4052,4042,-4052,4043,-4051,4043,-4053,4045,4051,4045,-4052,4044,-4055,4042,-4053,4043,-4052,4046,-4051,4046,-4049,4045,-4051,4044,-4050,4043,4050,4044,-4048,4046,-4053,4043,-4048,4041,-4044,4037,-4043,4037,4048,4038,-4045,4040,-4044,4039,-4046,4040,-4045,4036,4047,4035,-4049,4038,-4052,4038,-4048,4038,-4050,4037,-4048,4041,-4050,4035,-4050,4034,-4050,4034,4050,4035,-4050,4034,-4049,4036,-4048,4037,-4048,4038,4048,4035,-4045,4035,-4047,4034,-4042,-0.15,SJNFAAZE1U0005576,117.70,14.32,8984.9453125,78,75,0,0,0,0,15.0,99.17,-154346,60,1528019641.146,14320,3,1,0,5,0,0,0,0,4,388.27,388.27,1F,1,1,1,0080,78,40,40,0,0,19,23.50
03/06/2018 10:54:05,54 58.53373,-1 31.10137,301,0,458,904827,1144818,388.22,47.873,4056,4033,4044,23,0,91.2,32.9,85.4,29.7,none,none,79.3,26.3,4042,-4052,4040,-4048,4043,4048,4045,-4047,4042,-4051,4043,-4050,4044,-4052,4043,4052,4044,-4053,4044,-4053,4046,-4052,4044,-4052,4045,4056,4043,-4053,4044,-4052,4046,-4052,4047,-4050,4044,-4052,4045,-4050,4042,-4050,4043,-4048,4048,4052,4042,-4049,4043,-4045,4037,-4044,4036,-4048,4038,-4045,4041,4045,4038,-4047,4041,-4047,4036,-4048,4036,-4049,4039,4053,4037,-4049,4039,-4049,4037,-4049,4040,-4051,4034,-4051,4033,-4052,4035,-4052,4035,-4051,4034,4049,4034,-4047,4037,-4048,4039,-4050,4035,-4046,4036,4048,4035,-4043,-0.19,SJNFAAZE1U0005576,117.70,14.32,8984.9453125,78,75,0,0,0,0,15.0,99.17,-154346,60,1528019645.015,14560,2,1,0,5,0,0,0,0,4,388.23,388.23,1F,1,1,1,0080,78,40,40,0,0,11,24.00
03/06/2018 10:54:08,54 58.53373,-1 31.10137,301,0,458,904385,1144818,388.22,46.439,4052,4034,4044,18,0,90.8,32.7,85.4,29.7,none,none,79.3,26.3,4046,4044,4048,-4040,-4049,4042,-4049,-4041,-4047,4045,-4049,4045,-4050,4044,-4049,4044,-4050,4045,-4050,4045,-4052,4044,-4051,4047,-4052,4046,-4052,4045,-4050,4046,-4049,4046,-4051,4045,-4049,4048,-4049,4045,-4049,4043,-4049,4042,-4051,4047,4046,-4042,4047,-4040,4042,-4035,4045,-4039,4046,-4038,4046,-4037,4046,-4036,4048,4036,4046,-4035,4048,-4037,4051,-4039,4049,-4038,4048,4039,4047,-4038,4052,-4034,4048,-4035,4050,-4036,4051,-4036,4050,-4035,4048,-4036,4045,-4037,4048,4038,4046,-4039,4042,-4036,4046,-4036,4045,-4036,-0.18,SJNFAAZE1U0005576,117.70,14.32,8984.9453125,78,75,0,0,0,0,15.0,99.17,-154346,60,1528019648.900,15120,2,1,0,5,0,0,0,0,4,388.32,388.32,1F,1,1,1,0080,78,40,40,0,0,19,24.00
03/06/2018 10:54:12,54 58.53373,-1 31.10137,301,0,457,903957,1144818,388.22,44.089,4052,4036,4044,16,0,91.0,32.8,85.6,29.8,none,none,79.3,26.3,-4047,4045,-4047,4042,-4049,4044,-4048,4043,-4048,4045,-4049,4046,-4049,4046,-4051,4044,-4049,4046,-4050,4047,-4050,4046,-4050,4048,-4051,4046,-4050,4046,-4049,4047,-4049,4047,-4049,4045,-4048,4048,-4050,4045,-4048,4046,-4049,4044,-4052,4048,-4048,4043,-4047,4042,-4043,4037,-4044,4040,-4045,4039,-4047,4038,-4046,4039,-4049,4039,-4045,4037,-4048,4038,-4050,4041,-4048,4041,-4050,4040,-4048,4039,-4050,4036,-4048,4036,-4048,4038,-4050,4037,-4049,4037,-4047,4038,-4045,4039,-4048,4039,-4046,4040,-4043,4038,-4046,4038,-4043,4038,-0.30,SJNFAAZE1U0005576,117.70,14.32,8984.9453125,78,75,0,0,0,0,15.0,99.17,-154346,60,1528019652.721,14640,2,1,0,5,0,0,0,0,4,388.30,388.30,1F,1,1,1,0080,78,40,40,0,0,19,22.75
03/06/2018 10:54:16,54 58.53373,-1 31.10137,301,0,457,903529,1144818,388.32,47.263,4052,4037,4045,15,0,91.0,32.8,85.6,29.8,none,none,79.5,26.4,-4048,4046,-4047,4042,-4050,4045,-4048,4044,-4049,4046,-4049,4047,-4051,4046,-4051,4046,-4051,4047,-4050,4047,-4052,4046,-4051,4048,-4051,4047,-4051,4047,-4051,4049,-4050,4048,-4051,4048,-4050,4049,-4049,4046,-4049,4046,-4049,4045,-4052,4048,-4048,4045,-4046,4042,-4044,4038,-4045,4041,-4046,4040,-4047,4039,-4047,4040,-4049,4039,-4047,4039,-4049,4039,-4051,4043,-4048,4041,-4049,4041,-4049,4042,-4052,4037,-4049,4038,-4050,4038,-4051,4038,-4050,4038,-4048,4038,-4046,4039,-4048,4040,-4048,4041,-4044,4038,-4047,4039,-4044,4038,-0.16,SJNFAAZE1U0005576,117.70,14.32,8984.9453125,78,75,0,0,0,0,15.0,99.17,-154346,60,1528019656.661,13240,2,1,0,5,0,0,0,0,4,388.18,388.18,1F,1,1,1,0080,78,40,40,0,0,19,23.25
03/06/2018 10:54:20,54 58.53373,-1 31.10137,301,0,457,903091,1144818,388.13,44.852,4051,4035,4043,16,0,91.2,32.9,85.6,29.8,none,none,79.5,26.4,-4046,4043,-4046,4040,-4049,4042,-4048,4043,-4047,4043,-4049,4044,-4049,4044,-4050,4044,-4049,4045,-4049,4045,-4051,4044,-4050,4045,-4051,4046,-4050,4043,-4049,4046,-4049,4047,-4050,4045,-4049,4047,-4048,4044,-4048,4043,-4048,4043,-4050,4046,-4046,4042,-4047,4040,-4041,4036,-4043,4038,-4045,4037,-4047,4037,-4045,4036,-4048,4037,-4044,4035,-4046,4037,-4049,4041,-4046,4038,-4047,4039,-4047,4039,-4049,4035,-4048,4035,-4047,4036,-4049,4037,-4048,4035,-4047,4036,-4045,4037,-4046,4038,-4045,4039,-4043,4036,-4044,4037,-4043,4035,-0.18,SJNFAAZE1U0005576,117.70,14.32,8984.9453125,78,75,0,0,0,0,15.0,99.17,-154346,60,1528019660.725,14920,2,1,0,5,0,0,0,0,4,388.25,388.25,1F,1,1,1,0080,78,40,40,0,0,19,22.75
03/06/2018 10:54:24,54 58.53373,-1 31.10137,301,0,457,902661,1144818,388.13,44.333,4051,4035,4043,16,0,91.2,32.9,85.6,29.8,none,none,79.5,26.4,-4045,4046,-4046,4040,-4047,4042,-4046,4042,-4048,4043,-4047,4044,-4049,4044,-4048,4043,-4048,4045,-4049,4044,-4049,4043,-4049,4045,-4050,4045,-4049,4044,-4049,4046,-4048,4046,-4049,4045,-4047,4046,-4048,4043,-4047,4043,-4047,4043,-4050,4047,-4046,4041,-4045,4040,-4041,4035,-4043,4039,-4043,4036,-4044,4037,-4047,4037,-4048,4036,-4045,4035,-4046,4037,-4049,4040,-4047,4039,-4048,4038,-4046,4038,-4051,4036,-4047,4036,-4048,4035,-4049,4036,-4047,4036,-4045,4035,-4043,4036,-4044,4039,-4044,4039,-4041,4036,-4044,4038,-4042,4036,-0.20,SJNFAAZE1U0005576,117.70,14.32,8984.9453125,78,75,0,0,0,0,15.0,99.17,-154346,60,1528019664.520,14040,2,1,0,5,0,0,0,0,4,388.11,388.11,1F,1,1,1,0080,78,40,40,0,0,19,22.25
03/06/2018 10:54:28,54 58.53373,-1 31.10137,301,0,457,902230,1144818,387.94,45.737,4050,4031,4041,19,0,91.2,32.9,85.6,29.8,none,none,79.5,26.4,4038,-4048,4037,-4044,4041,4044,4042,-4044,4040,-4046,4040,4047,4041,-4049,4041,-4048,4041,-4048,4041,-4048,4043,4049,4042,-4048,4042,-4050,4040,-4049,4041,-4049,4042,-4047,4043,-4047,4043,-4049,4043,-4047,4041,4046,4040,-4045,4044,-4049,4039,-4045,4039,-4041,4035,4040,4034,-4043,4035,-4041,4037,-4040,4036,-4042,4038,-4041,4033,4043,4033,-4045,4037,-4048,4035,-4044,4036,-4045,4034,-4044,4037,-4045,4032,-4045,4031,-4048,4033,4045,4033,-4046,4032,-4044,4033,-4043,4034,-4043,4036,4045,4034,-4041,4034,-4042,4033,-4040,-0.18,SJNFAAZE1U0005576,117.70,14.32,8984.9453125,78,75,0,0,0,0,15.0,99.17,-154346,60,1528019668.498,14600,2,1,0,5,0,0,0,0,4,388.06,388.06,1F,1,1,1,0080,78,40,40,0,0,19,23.25
03/06/2018 10:54:32,54 58.53373,-1 31.10137,301,0,456,901782,1144818,387.94,44.455,4051,4031,4041,20,0,91.2,32.9,85.6,29.8,none,none,79.3,26.3,4039,-4048,4037,-4045,4040,4044,4042,-4042,4039,-4047,4041,-4046,4041,-4049,4040,4048,4042,-4048,4040,-4047,4042,-4047,4040,-4049,4042,4051,4040,-4049,4041,-4047,4043,-4048,4043,-4047,4042,-4047,4042,-4046,4040,-4045,4042,-4045,4043,4048,4039,-4045,4039,-4041,4034,-4039,4034,-4043,4035,4040,4038,-4039,4035,-4042,4038,-4041,4033,-4042,4034,-4044,4038,4048,4036,-4045,4036,-4044,4034,-4044,4039,-4045,4033,-4046,4032,-4045,4034,-4044,4033,-4044,4031,4043,4032,-4043,4034,-4043,4035,-4043,4033,-4041,4035,4042,4032,-4039,-0.18,SJNFAAZE1U0005576,117.70,14.32,8984.9453125,78,75,0,0,0,0,15.0,99.17,-154346,60,1528019672.362,14600,3,1,0,5,0,0,0,0,4,387.95,387.95,1F,1,1,1,0080,78,40,40,0,0,11,24.25
03/06/2018 10:54:36,54 58.53373,-1 31.10137,301,0,456,901362,1144818,387.94,46.866,4053,4030,4041,23,0,91.2,32.9,85.6,29.8,none,none,79.5,26.4,4040,4049,4036,-4046,4040,4044,4043,-4044,4040,-4047,4040,-4048,4041,-4050,4040,-4049,4040,-4049,4041,4050,4043,-4048,4041,-4050,4041,-4053,4039,-4050,4041,4049,4042,-4049,4043,-4047,4042,-4048,4041,-4047,4039,-4046,4040,-4045,4043,-4048,4038,-4044,4039,4041,4034,-4040,4033,-4045,4035,-4041,4039,-4042,4037,4042,4037,-4042,4033,-4046,4033,-4046,4036,-4048,4034,-4047,4036,4046,4034,-4044,4039,-4046,4032,-4047,4032,-4047,4033,-4048,4032,-4047,4031,-4046,4032,-4044,4034,4046,4037,-4045,4033,-4043,4033,-4043,4030,-4039,-0.18,SJNFAAZE1U0005576,117.70,14.32,8984.9453125,78,75,0,0,0,0,15.0,99.17,-154346,60,1528019676.299,14360,2,1,0,5,0,0,0,0,4,387.83,387.83,1F,1,1,1,0080,78,40,40,0,0,19,22.50
03/06/2018 10:54:40,54 58.53373,-1 31.10137,301,0,456,900929,1144818,387.84,45.280,4051,4031,4040,20,0,91.2,32.9,85.6,29.8,none,none,79.5,26.4,4038,-4048,4035,-4043,4038,4043,4041,-4043,4039,-4046,4040,-4045,4040,-4048,4040,-4047,4040,-4046,4041,-4048,4041,-4047,4040,4047,4041,-4051,4039,-4048,4040,-4046,4042,-4046,4042,4044,4041,-4047,4041,-4045,4040,-4045,4040,-4043,4043,-4047,4038,-4043,4038,-4039,4033,-4039,4033,4042,4033,-4039,4035,-4039,4036,-4040,4037,-4040,4033,4042,4033,-4043,4035,-4045,4034,-4044,4034,-4044,4033,-4042,4039,4044,4032,-4045,4032,-4045,4032,-4046,4031,-4044,4031,-4042,4031,-4042,4034,-4043,4034,-4043,4031,4040,4032,-4041,4031,-4038,-0.13,SJNFAAZE1U0005576,117.70,14.32,8984.9453125,78,75,0,0,0,0,15.0,99.17,-154346,60,1528019680.277,14160,3,1,0,5,0,0,0,0,4,387.87,387.87,1F,1,1,1,0080,78,40,40,0,0,11,23.50
03/06/2018 10:54:44,54 58.53373,-1 31.10137,301,0,456,900481,1144818,387.65,44.700,4047,4028,4038,19,0,91.2,32.9,85.6,29.8,none,none,79.5,26.4,-4040,4038,-4041,4034,-4044,4038,-4042,4036,-4044,4038,-4044,4040,-4044,4039,-4046,4039,-4045,4040,-4045,4039,-4046,4039,-4046,4041,-4047,4040,-4047,4037,-4045,4041,-4045,4041,-4044,4039,-4044,4043,-4044,4039,-4043,4038,-4043,4038,-4046,4041,-4041,4037,-4041,4035,-4036,4029,-4038,4033,-4039,4032,-4041,4031,-4039,4032,-4044,4031,-4040,4030,-4043,4030,-4045,4035,-4043,4032,-4043,4033,-4043,4033,-4045,4028,-4043,4030,-4043,4030,-4045,4030,-4043,4030,-4042,4030,-4040,4031,-4043,4031,-4041,4033,-4037,4030,-4040,4030,-4038,4030,-0.15,SJNFAAZE1U0005576,117.70,14.32,8986.5546875,78,75,0,0,0,0,15.0,99.17,-154346,60,1528019684.118,14240,2,1,0,5,0,0,0,0,4,387.83,387.83,1F,1,1,1,0080,78,40,40,0,0,19,22.50
03/06/2018 10:54:48,54 58.53373,-1 31.10137,301,0,455,900061,1144818,387.65,44.944,4047,4028,4038,19,0,91.2,32.9,85.6,29.8,none,none,79.5,26.4,-4042,4038,-4041,4035,-4044,4038,-4043,4037,-4043,4038,-4044,4040,-4045,4038,-4045,4038,-4046,4040,-4045,4039,-4047,4039,-4046,4040,-4047,4041,-4046,4039,-4045,4042,-4044,4040,-4044,4040,-4044,4041,-4044,4038,-4044,4038,-4045,4038,-4046,4040,-4041,4036,-4042,4035,-4036,4029,-4040,4033,-4039,4032,-4041,4031,-4040,4031,-4044,4031,-4039,4030,-4042,4030,-4045,4034,-4043,4031,-4044,4033,-4043,4034,-4044,4028,-4045,4029,-4043,4030,-4045,4029,-4044,4029,-4042,4030,-4040,4030,-4042,4030,-4041,4034,-4038,4030,-4040,4031,-4039,4031,-0.18,SJNFAAZE1U0005576,117.70,14.32,8986.5546875,78,75,0,0,0,0,15.0,99.17,-154346,60,1528019688.092,14600,3,0,0,0,0,0,0,0,4,387.73,387.73,1F,1,1,1,0080,78,40,40,0,0,19,24.25
03/06/2018 10:54:51,54 58.53373,-1 31.10137,301,0,455,899624,1144818,387.65,45.768,4046,4027,4038,19,0,91.2,32.9,85.6,29.8,none,none,79.5,26.4,-4041,4038,-4040,4034,-4043,4038,-4042,4037,-4043,4038,-4043,4039,-4045,4039,-4045,4038,-4043,4040,-4045,4040,-4046,4038,-4045,4040,-4045,4040,-4045,4037,-4044,4042,-4043,4041,-4044,4040,-4043,4042,-4043,4038,-4043,4037,-4043,4037,-4045,4040,-4041,4037,-4042,4035,-4035,4030,-4038,4032,-4038,4030,-4040,4030,-4040,4031,-4043,4031,-4039,4028,-4042,4030,-4044,4034,-4042,4031,-4043,4032,-4042,4032,-4043,4027,-4042,4028,-4042,4028,-4044,4028,-4043,4030,-4042,4028,-4037,4029,-4041,4030,-4039,4031,-4037,4028,-4039,4030,-4038,4030,-0.12,SJNFAAZE1U0005576,117.70,14.32,8986.5546875,78,75,0,0,0,0,15.0,99.17,-154346,60,1528019691.865,14600,3,0,0,0,0,0,0,0,4,387.68,387.68,1F,1,1,1,0080,78,40,40,0,0,19,24.00
03/06/2018 10:54:55,54 58.53373,-1 31.10137,301,0,455,899199,1144818,387.46,46.836,4044,4026,4036,18,0,91.2,32.9,85.6,29.8,none,none,79.5,26.4,-4038,4036,-4039,4032,-4042,4035,-4040,4034,-4041,4036,-4041,4037,-4042,4037,-4043,4036,-4043,4038,-4043,4038,-4043,4037,-4044,4039,-4044,4038,-4044,4036,-4043,4039,-4042,4038,-4042,4038,-4042,4039,-4041,4037,-4041,4035,-4041,4036,-4043,4039,-4039,4035,-4039,4032,-4034,4027,-4036,4031,-4038,4029,-4038,4029,-4037,4029,-4042,4028,-4037,4026,-4040,4028,-4042,4032,-4040,4030,-4040,4030,-4039,4030,-4042,4027,-4042,4027,-4042,4028,-4042,4027,-4041,4028,-4039,4029,-4037,4029,-4041,4029,-4037,4030,-4034,4026,-4037,4029,-4036,4028,-0.17,SJNFAAZE1U0005576,117.70,14.32,8986.5546875,78,75,0,0,0,0,15.0,99.17,-154346,60,1528019695.739,14640,3,0,0,0,0,0,0,0,4,387.55,387.55,1F,1,1,1,0080,78,40,40,0,0,11,23.75
03/06/2018 10:54:59,54 58.53373,-1 31.10137,301,0,455,898767,1144818,387.46,47.477,4048,4025,4036,23,0,91.2,32.9,85.6,29.8,none,none,79.5,26.4,-4033,4045,-4031,4040,-4034,4040,-4037,4040,-4034,4042,-4035,4043,-4036,4045,-4035,4045,-4036,4045,-4036,4044,-4038,4044,-4035,4044,-4037,4048,-4035,4045,4037,-4044,4037,4043,4038,-4042,4038,-4043,4036,-4042,4036,-4042,4036,-4040,4039,4045,4034,-4040,4034,-4035,4029,-4036,4028,-4040,4029,4035,4032,-4035,4032,-4038,4033,-4037,4028,-4039,4027,-4042,4032,-4043,4030,-4042,4032,-4040,4030,4040,4033,-4041,4025,-4042,4025,-4042,4027,-4041,-4028,4042,4025,-4039,-4027,4038,-4029,4039,-4029,4038,-4026,4036,-4027,4038,-4027,4035,-0.21,SJNFAAZE1U0005576,117.70,14.32,8986.5546875,78,75,0,0,0,0,15.0,99.17,-154346,60,1528019699.661,14920,2,1,0,4,0,0,0,0,4,387.37,387.37,1F,1,1,1,0080,78,40,40,0,0,11,22.25
03/06/2018 10:55:03,54 58.53373,-1 31.10137,301,0,455,898330,1144818,387.55,42.197,4046,4027,4037,19,0,91.2,32.9,85.6,29.8,none,none,79.5,26.4,4035,4043,4032,-4039,4036,4038,4039,-4038,4037,-4043,4037,-4042,4039,-4044,4037,-4044,4036,-4043,4038,4044,4039,-4043,4038,-4044,4039,-4046,4037,-4045,4038,4043,4038,-4043,4039,-4042,4038,-4043,4038,-4041,4038,-4042,4038,-4040,4040,-4045,4036,-4040,4035,4036,4030,-4035,4030,-4038,4031,-4036,4034,-4035,4033,4038,4035,-4036,4029,-4039,4031,-4040,4034,-4042,4032,-4041,4032,-4042,4031,-4040,4034,-4040,4029,4041,4027,-4041,4030,-4041,4029,-4041,4027,-4040,4028,-4039,4031,4039,4031,-4039,4027,-4038,4029,-4037,4029,-4035,-0.16,SJNFAAZE1U0005576,117.70,14.32,8986.5546875,78,75,0,0,0,0,15.0,99.17,-154346,60,1528019703.673,14280,2,1,0,4,0,0,0,0,4,387.58,387.58,1F,1,1,1,0080,78,40,40,0,0,19,21.25
03/06/2018 10:55:07,54 58.53373,-1 31.10137,301,0,454,897903,1144818,387.36,46.073,4045,4025,4035,20,0,91.2,32.9,85.6,29.8,none,none,79.5,26.4,4033,-4042,4031,-4037,4034,4037,4035,-4037,4034,-4041,4035,-4041,4036,-4043,4035,-4042,4035,-4043,4035,-4043,4037,-4042,4036,4042,4037,-4045,4035,-4043,4035,-4041,4036,-4042,4037,4041,4036,-4042,4036,-4041,4035,-4041,4036,-4039,4038,-4043,4033,-4038,4032,-4035,4028,-4034,4027,4036,4029,-4034,4031,-4034,4030,-4036,4032,-4035,4027,4037,4028,-4039,4031,-4042,4029,-4039,4031,-4039,4028,-4039,4032,-4039,4027,-4040,4027,-4039,4027,4038,4027,-4040,4025,-4037,4026,-4036,4029,-4037,4029,-4037,4026,4034,4027,-4036,4026,-4033,-0.16,SJNFAAZE1U0005576,117.70,14.32,8986.5546875,78,75,0,0,0,0,15.0,99.17,-154346,60,1528019707.479,14120,3,1,0,4,0,0,0,0,4,387.38,387.38,1F,1,1,1,0080,78,40,40,0,0,19,23.75
03/06/2018 10:55:11,54 58.53373,-1 31.10137,301,0,454,897483,1144818,387.26,46.805,4045,4023,4034,22,0,91.2,32.9,85.6,29.8,none,none,79.5,26.4,4032,-4042,4030,-4038,4033,4037,4037,-4038,4032,4040,4034,-4040,4035,-4042,4034,-4042,4034,-4041,4035,-4041,4036,-4042,4035,-4041,4035,-4045,4034,4043,4035,-4041,4036,-4042,4037,-4040,4036,-4040,4036,4040,4034,-4039,4034,-4038,4037,-4042,4033,-4038,4032,-4033,4026,-4033,4027,-4036,4028,-4033,4030,4033,4029,-4035,4031,-4034,4026,-4038,4028,-4039,4030,4040,4027,-4040,4029,-4040,4027,-4038,4033,-4039,4025,-4040,4026,-4041,4026,-4040,4025,-4039,4023,4037,4025,-4038,4028,-4039,4027,-4037,4025,-4035,4026,-4035,4025,4033,-0.19,SJNFAAZE1U0005576,117.70,14.32,8986.5546875,78,75,0,0,0,0,15.0,99.17,-154346,61,1528019711.139,14640,2,1,0,4,0,0,0,0,4,387.24,387.24,1F,1,1,1,0080,78,40,40,0,0,19,23.50
03/06/2018 10:55:15,54 58.53373,-1 31.10137,301,0,454,897070,1144818,387.46,39.146,4047,4026,4036,21,0,91.2,32.9,85.6,29.8,none,none,79.5,26.4,4034,-4043,4032,4039,4035,4039,4037,-4039,4036,-4041,4036,-4043,4036,4044,4036,-4043,4035,-4043,4036,-4044,4038,-4043,4036,-4045,4037,-4047,4036,-4045,4036,-4044,4038,4044,4038,-4042,4037,-4043,4037,-4042,4035,-4040,4036,4040,4039,-4043,4034,-4039,4034,-4036,4028,-4035,4029,-4038,4031,-4035,4032,-4035,4032,-4038,4032,4037,4028,-4038,4029,-4040,4032,-4043,4029,-4040,4031,4040,4030,-4039,4034,-4041,4028,-4040,4028,-4040,4029,-4041,4027,4040,4026,-4038,4026,-4038,4030,-4039,4030,-4038,4027,-4036,4028,-4038,4026,-4033,-0.20,SJNFAAZE1U0005576,117.70,14.32,8986.5546875,78,75,0,0,0,0,15.0,99.17,-154346,61,1528019715.173,13200,2,1,0,4,0,0,0,0,4,387.56,387.56,1F,1,1,1,0080,78,40,40,0,0,19,21.25
03/06/2018 10:55:19,54 58.53373,-1 31.10137,301,0,454,896667,1144818,387.46,40.213,4044,4025,4036,19,0,91.2,32.9,85.6,29.8,none,none,79.5,26.4,-4038,4035,-4039,4032,-4042,4035,-4040,4033,-4041,4036,-4041,4037,-4044,4036,-4043,4036,-4043,4037,-4042,4037,-4043,4036,-4043,4038,-4043,4037,-4043,4035,-4043,4038,-4042,4038,-4043,4036,-4042,4038,-4041,4036,-4041,4035,-4041,4035,-4044,4038,-4039,4035,-4039,4032,-4035,4027,-4037,4030,-4037,4029,-4037,4028,-4038,4029,-4041,4028,-4037,4027,-4040,4028,-4042,4031,-4039,4029,-4041,4031,-4039,4030,-4042,4025,-4041,4027,-4040,4026,-4043,4027,-4042,4026,-4040,4028,-4036,4027,-4039,4029,-4038,4031,-4035,4027,-4037,4028,-4035,4027,-0.17,SJNFAAZE1U0005576,117.70,14.32,8986.5546875,78,75,0,0,0,0,15.0,99.17,-154346,61,1528019719.254,12960,2,1,0,4,0,0,0,0,4,387.48,387.48,1F,1,1,1,0080,78,40,40,0,0,19,21.50
03/06/2018 10:55:23,54 58.53373,-1 31.10137,301,0,454,896263,1144818,389.18,11.588,4062,4045,4054,17,0,91.2,32.9,85.6,29.8,none,none,79.5,26.4,-4058,4054,-4058,4052,-4061,4054,-4058,4052,-4059,4054,-4060,4055,-4060,4053,-4060,4053,-4060,4054,-4059,4054,-4061,4054,-4061,4056,-4061,4055,-4061,4052,-4060,4055,-4060,4055,-4061,4054,-4059,4056,-4059,4054,-4059,4052,-4059,4052,-4061,4057,-4058,4053,-4060,4051,-4055,4047,-4058,4050,-4058,4050,-4058,4048,-4056,4048,-4061,4047,-4058,4047,-4059,4048,-4062,4051,-4060,4048,-4060,4050,-4060,4048,-4057,4045,-4061,4045,-4060,4046,-4061,4046,-4061,4045,-4059,4048,-4057,4046,-4057,4047,-4059,4050,-4056,4047,-4057,4050,-4056,4047,-0.21,SJNFAAZE1U0005576,117.70,14.32,8986.5546875,78,75,0,0,0,0,15.0,99.17,-154346,61,1528019723.113,13640,3,1,0,4,0,0,0,0,4,388.30,388.30,1F,1,1,1,0080,78,40,40,0,0,11,-19.75
03/06/2018 10:55:26,54 58.53373,-1 31.10137,301,0,454,896458,1144818,388.70,26.054,4056,4040,4049,16,0,91.2,32.9,85.6,29.8,none,none,79.5,26.4,-4054,4051,-4051,4047,-4054,4049,-4052,4047,-4053,4049,-4054,4048,-4054,4050,-4054,4049,-4054,4050,-4054,4051,-4055,4049,-4055,4051,-4055,4051,-4056,4049,-4054,4052,-4053,4051,-4053,4050,-4053,4052,-4053,4049,-4052,4050,-4054,4050,-4056,4052,-4053,4048,-4051,4046,-4048,4042,-4049,4045,-4051,4043,-4052,4043,-4049,4043,-4053,4042,-4050,4041,-4052,4042,-4055,4047,-4051,4042,-4053,4043,-4053,4044,-4054,4041,-4053,4041,-4052,4041,-4054,4041,-4053,4040,-4051,4041,-4049,4042,-4050,4043,-4052,4046,-4048,4041,-4050,4043,-4049,4042,-0.20,SJNFAAZE1U0005576,117.70,14.32,8986.5546875,78,75,0,0,0,0,15.0,99.17,-154354,61,1528019726.463,6920,3,1,0,5,0,0,0,0,4,388.90,388.90,1F,1,1,1,0080,78,40,40,0,0,11,15.50
03/06/2018 10:55:30,54 58.53373,-1 31.10137,301,0,454,896420,1144818,391.20,-38.153,4084,4065,4075,19,0,91.2,32.9,85.6,29.8,none,none,79.5,26.4,-4081,4077,-4079,4071,-4082,4073,-4079,4072,-4079,4073,-4079,4073,-4080,4074,-4079,4073,-4081,4073,-4080,4074,-4083,4073,-4081,4075,-4081,4075,-4081,4071,-4080,4075,-4078,4074,-4080,4075,-4080,4076,-4079,4072,-4079,4072,-4079,4072,-4083,4076,-4080,4073,-4080,4072,-4077,4070,-4081,4072,-4080,4070,-4080,4069,-4079,4068,-4083,4069,-4080,4067,-4081,4068,-4084,4070,-4081,4069,-4080,4069,-4080,4069,-4079,4066,-4084,4066,-4081,4065,-4082,4066,-4081,4067,-4081,4067,-4078,4067,-4079,4069,-4080,4071,-4078,4069,-4079,4069,-4078,4068,-0.18,SJNFAAZE1U0005576,117.70,14.32,8986.5546875,78,75,0,0,0,0,15.0,99.17,-154354,61,1528019730.092,0,3,1,0,5,0,0,0,0,4,391.04,391.04,1F,1,1,1,0080,78,40,40,0,0,19,-39.00
03/06/2018 10:55:33,54 58.53373,-1 31.10137,301,0,454,896839,1144818,391.58,-33.942,4087,4070,4079,17,0,91.2,32.9,85.6,29.8,none,none,79.5,26.4,4080,-4087,4076,-4083,4080,4081,4080,-4080,4078,-4082,4078,-4082,4079,-4084,4078,-4084,4078,-4083,4078,-4085,4080,-4083,4078,4084,4077,-4087,4077,-4084,4078,-4084,4080,-4083,4080,4082,4078,-4083,4079,-4083,4077,-4082,4078,-4082,4083,-4086,4079,-4083,4080,-4079,4076,-4081,4077,4084,4077,-4081,4079,-4080,4075,-4080,4079,-4082,-4073,4082,-4073,-4083,-4076,4087,-4074,4082,-4075,4083,-4074,4081,-4073,4084,-4073,4084,4071,-4083,4070,4084,4071,-4084,4071,-4081,4072,-4081,4074,-4080,4077,-4085,4074,4081,4075,-4083,4073,-4080,-0.19,SJNFAAZE1U0005576,117.70,14.32,8986.5546875,78,75,0,0,0,0,15.0,99.17,-154372,61,1528019733.892,0,3,1,0,5,0,0,0,0,4,391.72,391.72,1F,1,1,1,0080,78,40,40,0,0,11,-28.00
03/06/2018 10:55:37,54 58.53373,-1 31.10137,301,0,454,897097,1144818,392.16,-35.864,4095,4076,4085,19,0,91.2,32.9,85.6,29.8,none,none,79.5,26.4,4086,-4095,4082,-4089,4085,4088,4086,-4086,4083,4089,4082,-4088,4085,-4091,4083,-4090,4083,-4090,4083,-4091,4084,-4090,4083,-4091,4084,-4095,4082,4092,4083,-4089,4085,-4089,4086,-4088,4084,-4089,4085,4089,4083,-4088,4084,-4088,4089,-4091,4085,-4088,4086,-4085,4083,-4088,4083,-4093,4084,-4089,4084,4088,4080,-4088,4085,-4089,4081,-4090,4079,-4091,4082,-4094,4080,4090,4079,-4089,4079,-4088,4079,-4093,4079,-4092,4077,4091,4076,-4092,4076,-4091,4076,-4091,4078,-4089,4078,-4089,4084,-4092,4079,-4088,4080,-4090,4080,4086,-0.18,SJNFAAZE1U0005576,117.70,14.32,8986.5546875,78,75,0,0,0,0,15.0,99.17,-154382,61,1528019737.520,0,2,1,0,5,0,0,0,0,4,392.03,392.03,1F,1,1,1,0080,78,40,40,0,0,19,-53.75
03/06/2018 10:55:41,54 58.53373,-1 31.10137,301,0,454,897568,1144818,393.50,-62.506,4109,4089,4099,20,0,91.2,32.9,85.8,29.9,none,none,79.5,26.4,4102,-4109,4096,4104,4099,4102,4098,-4100,4096,-4102,4095,-4101,4096,4104,4094,-4103,4095,-4103,4095,-4103,4096,-4101,4095,-4103,4095,-4107,4094,-4104,4095,-4101,4096,4101,4097,-4100,4096,-4101,4098,-4102,4096,-4102,4096,4101,4101,-4105,4097,-4102,4098,-4099,4098,-4104,4097,-4107,4097,4103,4099,-4100,4091,-4101,4097,-4103,4095,-4104,4093,-4104,4094,-4108,4092,-4103,4094,-4104,4092,4103,4092,-4107,4092,-4105,4089,-4105,4090,-4106,4091,4104,4090,-4102,4092,-4103,4093,-4103,4097,-4107,4094,-4100,4095,-4102,4092,-4099,-0.20,SJNFAAZE1U0005576,117.70,14.32,8986.5546875,78,75,0,0,0,0,15.0,99.17,-154402,61,1528019741.211,0,3,1,0,5,0,0,0,0,4,393.48,393.48,1F,1,1,1,0080,78,40,40,0,0,19,-86.50
03/06/2018 10:55:45,54 58.53373,-1 31.10137,301,0,454,897846,1144818,392.26,-24.176,4094,4078,4086,16,0,91.2,32.9,85.6,29.8,none,none,79.5,26.4,4087,-4094,4082,-4089,4085,4088,4086,4087,4084,-4088,4083,-4088,4084,-4090,4083,-4090,4083,4090,4084,-4091,4085,-4089,4083,-4091,4083,-4093,4083,-4090,4084,-4089,4085,-4089,4086,-4088,4083,4089,4084,-4089,4083,-4089,4084,-4088,4087,-4092,4085,-4089,4086,4086,4084,-4089,4084,-4091,4084,-4089,4087,-4087,4081,4087,4084,-4088,4082,-4089,4080,-4090,4082,-4093,4080,-4090,4081,-4090,4081,-4089,4079,-4091,4079,4090,4078,-4090,4078,-4091,4079,-4090,4078,-4088,4079,4089,4080,-4088,4084,-4092,4081,-4087,4082,-4090,4079,-4085,-0.16,SJNFAAZE1U0005576,117.70,14.32,8986.5546875,78,75,0,0,0,0,15.0,99.17,-154413,61,1528019745.021,0,3,1,0,5,0,0,0,0,4,392.26,392.26,1F,1,1,1,0080,78,40,40,0,0,19,-42.75
03/06/2018 10:55:48,54 58.53373,-1 31.10137,301,0,454,898021,1144818,390.82,-8.307,4082,4061,4071,21,0,91.2,32.9,85.8,29.9,none,none,79.5,26.4,4071,-4082,4068,-4076,4071,4075,4073,-4072,4069,-4076,4070,4076,4070,-4078,4069,-4078,4069,-4077,4070,-4078,4071,4078,4070,-4077,4069,-4080,4068,-4078,4069,-4077,4072,-4076,4071,-4075,4070,-4077,4070,-4075,4069,4075,4070,-4075,4074,-4079,4071,-4075,4069,-4071,4067,-4073,4066,4076,4067,-4074,4070,-4072,4066,-4074,4070,-4073,4064,4075,4065,-4076,4067,-4079,4065,-4076,4067,-4077,4066,-4074,4067,-4078,4063,-4078,4063,-4077,4062,4078,4063,-4077,4061,-4077,4063,-4077,4065,-4074,4068,4078,4064,-4074,4065,-4074,4064,-4071,-0.18,SJNFAAZE1U0005576,117.70,14.32,8986.5546875,78,75,0,0,0,0,15.0,99.17,-154420,61,1528019748.760,0,3,1,0,5,0,0,0,0,4,391.75,391.75,1F,1,1,1,0080,78,40,40,0,0,19,84.75
03/06/2018 10:55:52,54 58.53373,-1 31.10137,301,0,454,897684,1144818,388.61,57.975,4055,4039,4048,16,0,91.4,33.0,85.8,29.9,none,none,79.7,26.5,-4050,4050,-4050,4045,-4051,4047,-4051,4046,-4051,4048,-4051,4049,-4053,4049,-4053,4048,-4053,4050,-4052,4049,-4055,4049,-4054,4051,-4054,4050,-4054,4048,-4054,4051,-4053,4051,-4053,4050,-4053,4051,-4052,4049,-4052,4048,-4053,4048,-4055,4052,-4051,4047,-4051,4045,-4047,4041,-4048,4044,-4049,4042,-4050,4042,-4050,4043,-4053,4041,-4049,4041,-4050,4042,-4054,4045,-4051,4044,-4053,4043,-4051,4043,-4055,4039,-4051,4040,-4052,4041,-4054,4041,-4052,4041,-4050,4041,-4047,4041,-4050,4042,-4050,4045,-4047,4043,-4049,4041,-4047,4041,-0.25,SJNFAAZE1U0005576,117.70,14.32,8986.5546875,78,75,0,0,0,0,15.0,99.17,-154420,61,1528019752.684,17400,3,0,0,0,0,0,0,0,4,388.84,388.84,1F,1,1,1,0080,78,40,40,0,0,19,105.75
03/06/2018 10:55:56,54 58.53373,-1 31.10137,301,0,454,897069,1144818,389.47,31.669,4065,4047,4057,18,0,91.2,32.9,85.6,29.8,none,none,79.5,26.4,-4061,4058,-4060,4053,-4063,4055,-4061,4055,-4060,4055,-4061,4056,-4063,4056,-4062,4056,-4062,4056,-4061,4057,-4064,4056,-4063,4057,-4063,4057,-4063,4055,-4063,4059,-4062,4058,-4062,4058,-4061,4059,-4062,4057,-4061,4057,-4062,4057,-4065,4059,-4062,4056,-4061,4054,-4058,4051,-4060,4053,-4060,4052,-4061,4052,-4060,4050,-4063,4049,-4061,4049,-4063,4050,-4064,4053,-4061,4052,-4063,4052,-4063,4052,-4064,4047,-4063,4047,-4063,4049,-4063,4048,-4063,4049,-4062,4050,-4059,4049,-4061,4050,-4062,4053,-4059,4050,-4062,4050,-4059,4050,-0.19,SJNFAAZE1U0005576,117.70,14.32,8986.5546875,78,75,0,0,0,0,15.0,99.17,-154420,61,1528019756.588,15480,2,0,0,0,0,0,0,0,4,388.99,388.99,1F,1,1,1,0080,78,40,40,0,0,19,6.50
03/06/2018 10:56:00,54 58.53373,-1 31.10137,301,0,454,896870,1144818,388.61,37.803,4056,4038,4048,18,0,91.2,32.9,85.6,29.8,none,none,79.5,26.4,-4050,4049,-4051,4045,-4054,4048,-4052,4045,-4052,4047,-4052,4048,-4054,4048,-4053,4047,-4054,4049,-4053,4049,-4056,4048,-4054,4049,-4055,4049,-4054,4047,-4054,4049,-4053,4050,-4054,4048,-4052,4049,-4052,4048,-4051,4045,-4052,4047,-4056,4051,-4051,4047,-4050,4045,-4048,4040,-4048,4043,-4048,4042,-4050,4042,-4051,4042,-4053,4042,-4049,4039,-4052,4039,-4055,4044,-4052,4041,-4053,4043,-4050,4042,-4055,4039,-4054,4039,-4052,4039,-4054,4039,-4054,4038,-4051,4041,-4048,4041,-4051,4041,-4050,4044,-4047,4039,-4050,4040,-4048,4040,-0.18,SJNFAAZE1U0005576,117.70,14.32,8986.5546875,78,75,0,0,0,0,15.0,99.17,-154420,61,1528019760.410,10560,2,0,0,0,0,0,0,0,4,388.98,388.98,1F,1,1,1,0080,78,40,40,0,0,19,53.00
03/06/2018 10:56:04,54 58.53373,-1 31.10137,301,0,454,896595,1144818,389.28,15.464,4063,4044,4055,19,0,91.2,32.9,85.8,29.9,none,none,79.5,26.4,-4058,4055,-4058,4052,-4062,4054,-4060,4053,-4060,4054,-4060,4054,-4062,4054,-4061,4054,-4061,4055,-4061,4055,-4063,4054,-4061,4056,-4063,4055,-4062,4054,-4061,4056,-4061,4056,-4061,4055,-4059,4057,-4060,4054,-4059,4053,-4060,4054,-4063,4057,-4059,4054,-4059,4052,-4055,4047,-4058,4050,-4058,4050,-4060,4049,-4058,4048,-4062,4048,-4058,4048,-4060,4048,-4063,4052,-4061,4050,-4061,4052,-4059,4048,-4061,4044,-4062,4046,-4061,4045,-4062,4047,-4061,4047,-4060,4047,-4057,4047,-4059,4048,-4059,4052,-4055,4048,-4058,4048,-4058,4048,-0.13,SJNFAAZE1U0005576,117.70,14.32,8986.5546875,78,75,0,0,0,0,15.0,99.17,-154420,61,1528019764.483,360,2,0,0,0,0,0,0,0,4,389.71,389.71,1F,1,1,1,0080,78,40,40,0,0,11,40.50
03/06/2018 10:56:08,54 58.53373,-1 31.10137,301,0,454,896277,1144818,389.47,14.152,4066,4047,4057,19,0,91.2,32.9,85.8,29.9,none,none,79.5,26.4,4056,-4066,4053,4061,4055,4060,4058,-4059,4055,-4062,4055,-4061,4056,4063,4053,-4063,4055,-4062,4055,-4064,4057,-4063,4055,-4063,4056,-4066,4054,-4064,4055,-4062,4057,4062,4057,-4061,4055,-4063,4056,-4062,4055,-4061,4056,4060,4061,-4064,4055,-4060,4055,-4056,4051,-4057,4051,-4061,4053,4059,4054,-4057,4051,-4059,4054,-4059,4049,-4061,4050,-4062,4051,-4065,4049,-4062,4051,-4062,4051,4061,4053,-4063,4048,-4063,4047,-4063,4049,-4063,4048,4062,4047,-4061,4049,-4059,4049,-4059,4052,-4062,4049,-4057,4051,-4059,4048,-4057,-0.19,SJNFAAZE1U0005576,117.70,14.32,8988.1640625,78,75,0,0,0,0,15.0,99.17,-154420,61,1528019768.323,5960,2,1,0,4,0,0,0,0,4,389.49,389.49,1F,1,1,1,0080,79,40,40,0,0,11,18.00
03/06/2018 10:56:12,54 58.53373,-1 31.10137,301,0,453,895950,1144818,388.13,47.721,4053,4032,4043,21,0,91.2,32.9,85.8,29.9,none,none,79.5,26.4,4040,-4052,4037,-4048,4042,4047,4043,4045,4041,-4049,4042,-4048,4042,-4051,4042,-4050,4042,4050,4042,-4050,4043,-4050,4042,-4051,4043,-4053,4041,-4051,4043,-4050,4044,-4050,4044,-4048,4043,4049,4043,-4049,4042,-4048,4043,-4047,4046,-4051,4041,-4047,4041,-4043,4036,-4043,4035,-4046,4037,-4044,4040,-4043,4038,4045,4040,-4045,4033,-4046,4035,-4048,4037,-4051,4035,-4048,4038,-4049,4036,-4047,4041,-4049,4033,4049,4033,-4050,4034,-4049,4033,-4049,4032,-4047,4033,4046,4035,-4048,4037,-4047,4034,-4046,4035,-4045,4034,-4042,-0.23,SJNFAAZE1U0005576,117.70,14.32,8988.1640625,78,75,0,0,0,0,15.0,99.17,-154420,62,1528019772.010,14640,3,1,0,5,0,0,0,0,4,388.22,388.22,1F,1,1,1,0080,79,40,40,0,0,11,45.00
03/06/2018 10:56:15,54 58.53373,-1 31.10137,301,0,453,895548,1144818,388.32,38.230,4055,4035,4045,20,0,91.4,33.0,85.8,29.9,none,none,79.5,26.4,4043,-4053,4041,-4048,4044,4049,4045,-4048,4043,-4051,4045,4050,4044,-4052,4043,-4051,4045,-4052,4044,-4052,4046,4052,4045,-4052,4046,-4055,4044,-4052,4044,-4051,4046,-4052,4046,-4050,4046,-4050,4046,-4050,4045,4050,4045,-4048,4048,-4052,4043,-4048,4044,-4045,4038,-4046,4039,4048,4039,-4046,4041,-4045,4041,-4047,4042,-4047,4036,4049,4037,-4050,4041,-4053,4039,-4050,4039,-4050,4039,-4049,4040,-4051,4035,-4051,4035,-4051,4035,4052,4036,-4051,4035,-4049,4035,-4047,4037,-4049,4039,4049,4035,-4046,4038,-4047,4036,-4044,-0.21,SJNFAAZE1U0005576,117.70,14.32,8988.1640625,78,75,0,0,0,0,15.0,99.17,-154420,62,1528019775.814,13160,3,1,0,5,0,0,0,0,4,388.38,388.38,1F,1,1,1,0080,79,40,40,0,0,11,29.25
03/06/2018 10:56:19,54 58.53373,-1 31.10137,301,0,453,895258,1144818,389.47,22.361,4065,4048,4057,17,0,91.4,33.0,85.8,29.9,none,none,79.5,26.4,4057,-4064,4053,-4060,4056,4060,4057,-4058,4056,-4061,4055,-4060,4056,-4062,4055,4063,4054,-4061,4055,-4063,4057,-4062,4056,-4062,4056,4065,4055,-4063,4056,-4061,4058,-4062,4058,-4060,4057,-4062,4057,4061,4055,-4059,4056,-4059,4060,-4064,4056,-4060,4056,-4056,4053,-4057,4053,-4060,4054,-4058,4055,4057,4052,-4058,4055,-4058,4050,-4060,4051,-4060,4054,4064,4051,-4061,4053,-4060,4051,-4058,4052,-4061,4050,-4061,4049,-4061,4050,-4061,4050,-4061,4049,4060,4049,-4059,4051,-4059,4054,-4060,4050,-4058,4051,4058,4048,-4056,-0.18,SJNFAAZE1U0005576,117.71,14.32,8988.1640625,78,75,0,0,0,0,15.0,99.17,-154420,62,1528019779.729,9960,3,1,0,5,0,0,0,0,4,388.82,388.82,1F,1,1,1,0080,79,40,40,0,0,11,-34.25
03/06/2018 10:56:23,54 58.53373,-1 31.10137,301,0,453,895456,1144818,390.62,-7.911,4076,4059,4069,17,0,91.2,32.9,85.6,29.8,none,none,79.3,26.3,4074,4069,4073,-4066,-4076,4066,-4072,-4066,-4073,4067,-4073,4068,-4074,4067,-4075,4066,-4074,4068,-4074,4068,-4076,4066,-4074,4069,-4075,4068,-4076,4066,-4075,4069,-4074,4069,-4074,4067,-4073,4070,-4073,4066,-4072,4066,-4072,4066,-4076,4070,4074,-4067,4074,-4065,4072,-4062,4072,-4065,4074,-4065,4075,-4063,4072,-4062,4076,4063,4072,-4061,4074,-4062,4076,-4066,4074,-4062,4075,4062,4074,-4062,4074,-4060,4076,-4060,4075,-4059,4076,-4059,4075,-4060,4074,-4062,4072,-4061,4073,4062,4075,-4066,4070,-4062,4072,-4063,4072,-4062,-0.16,SJNFAAZE1U0005576,117.71,14.32,8988.1640625,78,75,0,0,0,0,15.0,99.17,-154428,62,1528019783.583,0,3,1,0,5,0,0,0,0,4,390.73,390.73,1F,1,1,1,0080,79,40,40,0,0,11,-12.25
03/06/2018 10:56:27,54 58.53373,-1 31.10137,301,0,453,895544,1144818,391.10,-17.432,4082,4065,4074,17,0,91.4,33.0,85.8,29.9,none,none,79.5,26.4,-4079,4076,-4077,4071,-4081,4072,-4076,4071,-4078,4072,-4077,4072,-4079,4073,-4079,4072,-4079,4073,-4078,4073,-4080,4071,-4079,4073,-4080,4074,-4081,4072,-4080,4075,-4078,4074,-4078,4072,-4078,4075,-4078,4073,-4078,4072,-4079,4073,-4082,4076,-4077,4072,-4079,4071,-4076,4069,-4079,4071,-4079,4071,-4080,4069,-4076,4068,-4082,4069,-4079,4067,-4080,4068,-4082,4071,-4079,4067,-4080,4068,-4079,4068,-4080,4067,-4082,4065,-4080,4065,-4082,4066,-4080,4065,-4080,4067,-4077,4068,-4078,4066,-4079,4073,-4075,4067,-4079,4070,-4077,4068,-0.19,SJNFAAZE1U0005576,117.71,14.32,8988.1640625,78,75,0,0,0,0,15.0,99.17,-154432,62,1528019787.232,0,3,1,0,5,0,0,0,0,4,391.16,391.16,1F,1,1,1,0080,79,40,40,0,0,11,-15.75
03/06/2018 10:56:30,54 58.53373,-1 31.10137,301,0,453,895694,1144818,391.20,-13.892,4082,4067,4075,15,0,91.2,32.9,85.6,29.8,none,none,79.5,26.4,-4081,4078,-4078,4074,-4081,4074,-4078,4072,-4078,4074,-4078,4074,-4080,4074,-4079,4074,-4079,4074,-4079,4074,-4080,4074,-4080,4075,-4080,4075,-4081,4073,-4079,4076,-4079,4075,-4079,4074,-4079,4077,-4078,4073,-4078,4073,-4079,4074,-4082,4077,-4079,4074,-4080,4073,-4078,4070,-4079,4073,-4081,4072,-4082,4071,-4077,4070,-4082,4070,-4079,4068,-4080,4069,-4082,4073,-4079,4070,-4080,4070,-4080,4070,-4080,4068,-4081,4068,-4079,4068,-4081,4067,-4082,4068,-4079,4068,-4079,4069,-4079,4070,-4082,4075,-4078,4069,-4081,4070,-4077,4070,-0.19,SJNFAAZE1U0005576,117.71,14.32,8988.1640625,78,75,0,0,0,0,15.0,99.17,-154438,62,1528019790.772,0,3,1,0,5,0,0,0,0,4,391.28,391.28,1F,1,1,1,0080,79,40,40,0,0,11,-14.75
03/06/2018 10:56:34,54 58.53373,-1 31.10137,301,0,453,895730,1144818,390.72,1.853,4078,4061,4070,17,0,91.2,32.9,85.8,29.9,none,none,79.5,26.4,-4075,4072,-4074,4067,-4075,4068,-4073,4067,-4074,4068,-4075,4069,-4076,4068,-4075,4067,-4075,4069,-4075,4070,-4076,4069,-4075,4071,-4075,4069,-4076,4067,-4075,4070,-4074,4069,-4075,4070,-4074,4071,-4074,4068,-4073,4068,-4075,4068,-4077,4072,-4074,4069,-4074,4067,-4072,4064,-4074,4066,-4074,4066,-4076,4065,-4072,4063,-4078,4064,-4074,4063,-4076,4062,-4078,4067,-4075,4063,-4075,4064,-4075,4064,-4076,4061,-4077,4062,-4076,4061,-4076,4061,-4076,4062,-4075,4062,-4074,4062,-4074,4062,-4074,4067,-4072,4062,-4074,4064,-4073,4064,-0.18,SJNFAAZE1U0005576,117.71,14.32,8988.1640625,78,75,0,0,0,0,15.0,99.17,-154440,62,1528019794.789,240,2,1,0,5,0,0,0,0,4,390.75,390.75,1F,1,1,1,0080,79,40,40,0,0,19,-1.25
03/06/2018 10:56:38,54 58.53373,-1 31.10137,301,0,453,895746,1144818,391.49,-15.631,4086,4067,4078,19,0,91.2,32.9,85.6,29.8,none,none,79.5,26.4,-4084,4079,-4081,4074,-4084,4076,-4081,4075,-4082,4076,-4081,4077,-4083,4076,-4083,4076,-4082,4075,-4082,4077,-4084,4074,-4082,4078,-4083,4077,-4084,4075,-4083,4078,-4082,4077,-4083,4077,-4082,4079,-4081,4076,-4082,4075,-4083,4076,-4086,4079,-4082,4076,-4083,4075,-4081,4073,-4083,4077,-4083,4075,-4084,4074,-4080,4071,-4086,4073,-4083,4069,-4082,4071,-4086,4075,-4083,4071,-4083,4071,-4082,4072,-4082,4070,-4086,4069,-4083,4067,-4086,4068,-4083,4069,-4083,4071,-4080,4069,-4082,4071,-4084,4076,-4081,4072,-4083,4072,-4082,4072,-0.20,SJNFAAZE1U0005576,117.71,14.32,8988.1640625,78,75,0,0,0,0,15.0,99.17,-154440,62,1528019798.413,0,3,1,0,5,0,0,0,0,4,391.39,391.39,1F,1,1,1,0080,79,40,40,0,0,11,-25.50
03/06/2018 10:56:42,54 58.53373,-1 31.10137,301,0,453,895813,1144818,390.62,0.754,4080,4058,4069,22,0,91.2,32.9,85.6,29.8,none,none,79.5,26.4,4068,-4080,4064,-4073,4068,4072,4069,-4071,4066,-4074,4067,4074,4068,-4076,4066,-4076,4066,-4075,4067,-4076,4068,-4075,4067,4075,4067,-4078,4065,-4075,4066,-4074,4068,-4074,4068,4072,4068,-4074,4068,-4073,4066,-4071,4067,-4073,4072,-4077,4068,-4073,4067,-4070,4064,-4071,4064,4074,4064,-4070,4067,-4071,4065,-4072,4067,-4072,4062,4074,4062,-4075,4064,-4077,4063,-4073,4064,-4074,4062,-4073,4063,-4076,4060,-4076,4059,-4075,4061,4076,4060,-4076,4058,-4074,4061,-4073,4062,-4073,4065,4075,4061,-4071,4063,-4073,4062,-4069,-0.16,SJNFAAZE1U0005576,117.71,14.32,8988.1640625,78,75,0,0,0,0,15.0,99.17,-154443,62,1528019802.150,0,2,1,0,5,0,0,0,0,4,390.98,390.98,1F,1,1,1,0080,79,40,40,0,0,19,7.00
03/06/2018 10:56:45,54 58.53373,-1 31.10137,301,0,453,895763,1144818,391.01,2.830,4082,4064,4073,18,0,91.2,32.9,85.6,29.8,none,none,79.5,26.4,4073,-4082,4070,-4077,4072,4076,4073,-4075,4071,4076,4071,-4077,4072,-4079,4070,-4078,4071,-4079,4071,-4079,4072,-4077,4071,-4078,4071,-4081,4070,4080,4072,-4077,4072,-4077,4073,-4075,4072,-4076,4072,4076,4071,-4076,4072,-4075,4076,-4079,4072,-4076,4073,-4072,4070,-4076,4070,-4079,4070,-4075,4073,4075,4068,-4075,4072,-4076,4067,-4078,4067,-4080,4068,4081,4066,-4078,4068,-4077,4066,-4075,4068,-4079,4065,-4080,4064,-4079,4064,-4080,4064,-4081,4064,4078,4065,-4076,4066,-4078,4071,-4080,4066,-4075,4069,4077,4066,-4074,-0.17,SJNFAAZE1U0005576,117.71,14.32,8988.1640625,78,75,0,0,0,0,15.0,99.17,-154443,62,1528019805.921,0,3,1,0,5,0,0,0,0,4,390.78,390.78,1F,1,1,1,0080,78,40,40,0,0,11,-12.25
03/06/2018 10:56:49,54 58.53373,-1 31.10137,301,0,453,895745,1144818,389.57,28.281,4068,4048,4058,20,0,91.2,32.9,85.6,29.8,none,none,79.5,26.4,4056,4067,4053,-4062,4057,4061,4059,-4060,4056,-4063,4056,-4063,4056,4065,4055,-4063,4056,-4065,4057,-4066,4057,-4063,4056,-4065,4057,-4068,4056,-4065,4057,-4064,4058,4064,4058,-4062,4057,-4064,4056,-4062,4056,-4063,4056,4061,4061,-4065,4057,-4062,4057,-4057,4051,-4058,4052,-4062,4053,-4059,4056,-4059,4054,-4059,4056,4060,4049,-4062,4051,-4063,4053,-4065,4052,-4064,4052,4063,4050,-4062,4054,-4064,4049,-4063,4048,-4064,4049,-4064,4048,-4064,4048,-4062,4049,-4061,4050,4063,4054,-4063,4050,-4059,4051,-4061,4049,-4057,-0.19,SJNFAAZE1U0005576,117.71,14.32,8988.1640625,78,75,0,0,0,0,15.0,99.17,-154443,62,1528019809.675,4600,2,1,0,6,0,0,0,0,4,390.04,390.04,1F,1,1,1,0080,78,40,40,0,0,11,47.50
03/06/2018 10:56:53,54 58.53373,-1 31.10137,301,0,453,895401,1144818,388.51,47.019,4056,4037,4047,19,0,91.2,32.9,85.6,29.8,none,none,79.5,26.4,4044,-4055,4042,-4051,4046,4051,4049,4049,4046,-4053,4046,-4053,4047,-4055,4045,-4055,4046,4055,4046,-4055,4047,-4053,4046,-4054,4046,-4056,4045,-4055,4046,-4055,4048,-4054,4049,-4053,4048,4053,4046,-4051,4045,-4052,4047,-4052,4050,-4055,4046,4052,4046,-4047,4041,-4047,4041,-4051,4041,-4048,4044,-4047,4042,-4050,4045,-4049,4038,-4051,4039,4052,4043,-4055,4040,-4052,4042,-4053,4042,-4051,4043,4054,4037,-4054,4037,-4054,4038,-4053,4038,-4053,4038,-4052,4038,-4051,4040,-4051,4042,-4051,4039,4049,4040,-4050,4038,-4047,-0.21,SJNFAAZE1U0005576,117.71,14.32,8988.1640625,78,75,0,0,0,0,15.0,99.17,-154443,62,1528019813.407,12680,2,1,0,5,0,0,0,0,4,388.81,388.81,1F,1,1,1,0080,78,40,40,0,0,19,62.50
03/06/2018 10:56:57,54 58.53373,-1 31.10137,301,0,453,894817,1144818,386.98,79.856,4040,4020,4031,20,0,91.2,32.9,85.6,29.8,none,none,79.5,26.4,4033,-4030,4034,-4027,4037,4029,4035,-4029,4036,-4030,4036,4032,4039,-4031,4038,-4031,4037,-4032,4038,-4033,4040,4031,4039,-4034,4039,-4033,4039,-4031,4038,-4033,4037,-4034,4037,-4033,4037,-4033,4035,-4030,4034,4031,4036,-4031,4039,-4033,4035,-4030,4034,-4027,4030,4022,4031,-4026,-4032,4024,-4032,-4024,-4033,4025,-4037,4024,-4032,4023,-4035,4023,-4038,4026,-4036,4026,-4036,4025,-4034,4026,-4040,4020,-4036,4022,-4036,4023,-4036,4023,-4036,4023,-4035,4022,4032,-4024,-4034,4024,4033,4028,4029,-4022,4032,-4023,4031,-4023,-0.32,SJNFAAZE1U0005576,117.71,14.32,8988.1640625,78,75,0,0,0,0,15.0,99.17,-154443,62,1528019817.097,25000,3,1,0,5,0,0,0,0,4,387.02,387.02,1F,1,1,1,0080,78,40,40,0,0,11,58.50
03/06/2018 10:57:00,54 58.53373,-1 31.10137,301,0,453,894361,1144818,388.03,68.747,4049,4035,4042,14,0,91.2,32.9,85.8,29.9,none,none,79.5,26.4,-4047,4044,-4044,4039,-4048,4042,-4045,4042,-4046,4043,-4045,4044,-4048,4043,-4047,4043,-4047,4043,-4048,4044,-4047,4042,-4048,4045,-4048,4044,-4048,4042,-4047,4044,-4047,4045,-4046,4043,-4046,4045,-4047,4043,-4046,4041,-4046,4042,-4049,4045,-4046,4042,-4044,4040,-4042,4037,-4043,4038,-4044,4038,-4045,4037,-4044,4037,-4047,4035,-4044,4035,-4046,4036,-4048,4039,-4045,4038,-4046,4038,-4046,4038,-4049,4035,-4047,4035,-4046,4035,-4048,4036,-4047,4036,-4045,4036,-4043,4036,-4045,4038,-4046,4040,-4042,4036,-4044,4037,-4043,4036,-0.18,SJNFAAZE1U0005576,117.71,14.32,8988.1640625,78,75,0,0,0,0,15.0,99.17,-154443,62,1528019820.773,5880,2,1,0,5,0,0,0,0,4,387.47,387.47,1F,1,1,1,0080,78,40,40,0,0,19,89.25
03/06/2018 10:57:04,54 58.53373,-1 31.10137,301,0,452,893428,1144818,383.52,145.498,4011,3984,3995,27,0,91.2,32.9,85.8,29.9,none,none,79.5,26.4,-3994,3995,-3998,3991,-3999,3995,-4000,3995,-4000,3997,-4001,3998,-4004,3998,-4003,3998,-4003,3998,-4004,4000,-4004,3998,-4003,4000,-4006,4000,-4005,3999,-4004,4000,-4003,4001,-4002,3998,-4003,4000,-4003,3998,-4001,3998,-4001,3994,-4002,4000,-3998,3994,-3996,3991,-3989,3984,-3992,3988,-3993,3986,-3993,3987,-3998,3988,-3997,3986,-3995,3987,-3998,3988,-4002,3990,-3999,3990,-3999,3990,-3998,3989,-4011,3985,-3999,3987,-4001,3987,-4002,3988,-4000,3987,-3997,3987,-3995,3990,-3999,3992,-3993,3989,-3991,3985,-3993,3984,-3992,3985,-0.20,SJNFAAZE1U0005576,117.71,14.32,8988.1640625,78,75,0,0,0,0,15.0,99.17,-154443,62,1528019824.556,33960,3,1,0,5,0,0,0,0,4,383.82,383.82,1F,1,1,1,0080,78,40,40,0,0,11,74.00
03/06/2018 10:57:08,54 58.53373,-1 31.10137,301,0,452,892476,1144818,385.06,86.377,4020,4001,4011,19,0,91.0,32.8,85.6,29.8,none,none,79.5,26.4,-4013,4012,-4014,4008,-4016,4010,-4016,4011,-4015,4012,-4016,4014,-4017,4014,-4018,4013,-4018,4015,-4018,4014,-4019,4014,-4019,4016,-4019,4015,-4019,4014,-4019,4017,-4018,4016,-4018,4014,-4017,4016,-4017,4013,-4015,4012,-4016,4012,-4019,4016,-4013,4011,-4013,4007,-4008,4001,-4009,4005,-4009,4004,-4011,4003,-4012,4005,-4014,4003,-4010,4003,-4014,4005,-4017,4008,-4013,4006,-4016,4007,-4013,4008,-4020,4002,-4014,4003,-4013,4004,-4017,4004,-4015,4005,-4013,4004,-4011,4004,-4013,4006,-4010,4006,-4008,4003,-4011,4004,-4010,4003,-0.18,SJNFAAZE1U0005576,117.71,14.32,8988.1640625,78,75,0,0,0,0,15.0,99.17,-154443,62,1528019828.654,27560,3,1,0,5,0,0,0,0,4,385.06,385.06,1F,1,1,1,0080,79,40,40,0,0,11,51.75
03/06/2018 10:57:12,54 58.53373,-1 31.10137,301,0,451,891621,1144818,384.67,89.936,4017,3996,4007,21,0,91.4,33.0,85.8,29.9,none,none,79.5,26.4,-4008,4005,-4009,4002,-4013,4007,-4012,4006,-4011,4007,-4012,4010,-4015,4008,-4015,4007,-4015,4009,-4014,4009,-4016,4009,-4016,4010,-4017,4009,-4016,4008,-4014,4011,-4014,4010,-4013,4009,-4014,4011,-4012,4007,-4012,4007,-4012,4007,-4014,4009,-4009,4005,-4009,4003,-4004,3997,-4005,4000,-4006,4000,-4007,3998,-4007,4000,-4010,3998,-4006,3998,-4011,3998,-4013,4002,-4011,3999,-4011,4001,-4009,4002,-4016,3996,-4011,3998,-4011,3999,-4013,3998,-4012,3998,-4009,3998,-4007,3999,-4010,3999,-4007,4002,-4004,3996,-4006,3997,-4005,3997,-0.14,SJNFAAZE1U0005576,117.71,14.32,8988.1640625,78,75,0,0,0,0,15.0,99.17,-154443,62,1528019832.605,27360,3,1,0,5,0,0,0,0,4,384.72,384.72,1F,1,1,1,0080,79,40,40,0,0,19,41.25
03/06/2018 10:57:16,54 58.53373,-1 31.10137,301,0,451,891066,1144818,383.14,109.695,4005,3978,3991,27,0,91.2,32.9,85.8,29.9,none,none,79.5,26.4,3987,-3999,3986,3995,3990,3996,3994,-3996,3992,-3999,3993,-4000,3993,4001,3992,-4002,3992,-4003,3994,-4002,3994,-4002,3994,-4002,3995,-4005,3992,-4003,3993,-4003,3995,4001,3995,-4000,3995,-4001,3994,-3999,3992,-3998,3991,3998,3994,-4001,3990,-3996,3987,-3993,3980,-3987,3979,-3991,3981,-3990,3985,-3989,3985,-3993,3985,3990,3978,-3994,3982,-3995,3985,-3999,3985,-3997,3987,3998,3985,-3996,3988,-3995,3979,-3996,3980,-3999,3983,-3997,3983,-3997,3978,-3994,3981,-3994,3984,3992,3982,-3993,3981,-3990,3981,-3991,3979,-3989,-0.27,SJNFAAZE1U0005576,117.71,14.32,8988.1640625,78,75,0,0,0,0,15.0,99.17,-154443,62,1528019836.552,22040,3,1,0,5,0,0,0,0,4,384.46,384.46,1F,1,1,1,0080,79,40,40,0,0,19,69.50
03/06/2018 10:57:20,54 58.53373,-1 31.10137,301,0,450,890218,1144818,386.02,46.287,4031,4009,4021,22,0,91.2,32.9,85.8,29.9,none,none,79.7,26.5,4018,-4029,4016,-4023,4019,4025,4022,4024,4019,-4027,4020,-4027,4022,-4030,4019,-4029,4021,4030,4020,-4029,4022,-4028,4021,-4029,4023,-4031,4021,-4030,4022,-4029,4022,-4029,4023,-4027,4022,4028,4021,-4027,4021,-4026,4021,-4025,4023,-4029,4019,4024,4018,-4021,4013,-4020,4013,-4024,4014,-4020,4016,-4020,4016,-4023,4017,-4022,4012,-4023,4014,4026,4015,-4029,4013,-4026,4015,-4026,4013,-4025,4017,4026,4010,-4028,4009,-4027,4013,-4027,4011,-4028,4009,-4024,4011,-4023,4014,-4024,4013,-4023,4012,4022,4012,-4024,4011,-4019,-0.20,SJNFAAZE1U0005576,117.71,14.32,8988.1640625,78,75,0,0,0,0,15.0,99.17,-154443,62,1528019840.432,15720,3,0,0,0,0,0,0,0,4,385.95,385.95,1F,1,1,1,0080,79,40,40,0,0,11,24.25
03/06/2018 10:57:24,54 58.53373,-1 31.10137,301,0,450,889804,1144818,386.40,38.901,4036,4014,4025,22,0,91.4,33.0,85.8,29.9,none,none,79.5,26.4,4022,-4032,4020,-4029,4024,4028,4027,-4028,4023,-4032,4025,4031,4026,-4034,4024,-4032,4025,-4034,4025,-4033,4026,4032,4026,-4034,4026,-4036,4024,-4034,4025,-4033,4027,-4032,4027,-4032,4027,-4032,4025,-4031,4025,4031,4025,-4030,4027,-4033,4023,-4029,4024,-4025,4018,4025,4018,-4028,4019,-4026,4020,-4025,4018,-4027,4021,-4026,4016,-4029,4016,-4030,4020,-4033,4018,4029,4020,-4031,4019,-4029,4020,-4030,4016,-4032,4014,4033,4017,-4032,4016,-4031,4014,-4029,4016,-4028,4017,-4028,4019,-4029,4015,-4026,4017,-4027,4016,4024,-0.20,SJNFAAZE1U0005576,117.71,14.32,8988.1640625,78,75,0,0,0,0,15.0,99.17,-154443,62,1528019844.235,13800,2,0,0,0,0,0,0,0,4,386.38,386.38,1F,1,1,1,0080,79,40,40,0,0,19,21.75
03/06/2018 10:57:28,54 58.53373,-1 31.10137,301,0,450,889394,1144818,386.02,49.582,4033,4010,4021,23,0,91.4,33.0,85.8,29.9,none,none,79.7,26.5,4018,-4029,4016,-4026,4019,4026,4021,-4024,4019,-4027,4021,-4029,4021,-4030,4020,4030,4020,-4031,4021,-4030,4022,-4030,4021,-4030,4021,4033,4018,-4030,4021,-4029,4022,-4029,4022,-4028,4022,-4028,4021,-4028,4020,-4027,4020,-4027,4023,4029,4020,-4025,4018,-4022,4013,-4021,4012,-4024,4014,4021,4017,-4021,4013,-4024,4018,-4022,4013,-4024,4014,-4027,4014,-4029,4012,-4025,4017,-4027,4014,4025,4016,-4027,4011,-4028,4010,-4028,4013,-4027,4012,4028,4010,-4025,4012,-4024,4014,-4024,4014,-4024,4012,-4020,4013,4023,4011,-4020,-0.23,SJNFAAZE1U0005576,117.71,14.32,8988.1640625,78,75,0,0,0,0,15.0,99.17,-154443,62,1528019848.012,15000,3,0,0,0,0,0,0,0,4,386.17,386.17,1F,1,1,1,0080,79,40,40,0,0,19,27.75
03/06/2018 10:57:31,54 58.53373,-1 31.10137,301,0,450,888917,1144818,386.02,49.888,4029,4011,4021,18,0,91.4,33.0,85.8,29.9,none,none,79.7,26.5,4023,4021,4024,-4017,-4026,4020,-4025,-4019,-4026,4021,-4026,4023,-4028,4022,-4028,4021,-4028,4023,-4027,4023,-4029,4022,-4029,4024,-4029,4022,-4029,4022,-4027,4024,-4028,4024,-4027,4023,-4026,4025,-4026,4021,-4026,4021,-4026,4020,-4028,4024,-4024,4020,-4024,4018,-4019,4012,-4021,4016,-4021,4013,-4023,4013,-4024,4014,-4026,4013,-4022,4011,-4026,4014,-4026,4016,-4025,4014,-4025,4014,-4024,4016,-4026,4011,-4026,4011,-4025,4011,-4027,4011,-4026,4012,-4025,4013,4023,-4011,-4025,4014,4023,-4014,4020,-4012,4024,-4012,4021,-4012,-0.36,SJNFAAZE1U0005576,117.71,14.32,8988.1640625,78,75,0,0,0,0,15.0,99.17,-154443,62,1528019851.787,16320,3,1,0,4,0,0,0,0,4,385.99,385.99,1F,1,1,1,0080,79,40,40,0,0,19,25.25
03/06/2018 10:57:35,54 58.53373,-1 31.10137,301,0,450,888467,1144818,385.92,49.949,4029,4010,4020,19,0,91.4,33.0,85.8,29.9,none,none,79.7,26.5,-4022,4020,-4023,4016,-4026,4017,-4025,4018,-4024,4020,-4025,4021,-4027,4021,-4028,4021,-4027,4021,-4027,4022,-4028,4021,-4027,4023,-4028,4022,-4028,4020,-4027,4022,-4026,4023,-4027,4021,-4026,4024,-4025,4020,-4025,4020,-4025,4018,-4027,4023,-4022,4017,-4022,4015,-4019,4012,-4020,4014,-4021,4013,-4023,4013,-4024,4013,-4024,4012,-4022,4011,-4024,4012,-4027,4015,-4024,4015,-4026,4016,-4025,4015,-4029,4010,-4024,4011,-4026,4011,-4027,4012,-4025,4011,-4024,4011,-4022,4012,-4025,4013,-4022,4014,-4020,4011,-4022,4012,-4019,4011,-0.21,SJNFAAZE1U0005576,117.71,14.32,8988.1640625,78,75,0,0,0,0,15.0,99.17,-154443,62,1528019855.578,15840,2,1,0,5,0,0,0,0,4,385.96,385.96,1F,1,1,1,0080,79,40,40,0,0,11,25.50
03/06/2018 10:57:39,54 58.53373,-1 31.10137,301,0,449,888019,1144818,385.82,47.721,4027,4009,4019,18,0,91.4,33.0,86.0,30.0,none,none,79.7,26.5,-4020,4018,-4021,4015,-4023,4019,-4023,4017,-4023,4019,-4025,4020,-4026,4020,-4026,4019,-4025,4021,-4026,4021,-4027,4019,-4026,4021,-4026,4020,-4027,4019,-4026,4022,-4025,4022,-4025,4021,-4024,4022,-4024,4019,-4023,4018,-4024,4018,-4026,4021,-4022,4018,-4020,4014,-4017,4010,-4018,4012,-4019,4011,-4021,4011,-4022,4012,-4023,4011,-4020,4010,-4023,4011,-4025,4014,-4023,4013,-4024,4013,-4023,4013,-4027,4009,-4025,4010,-4024,4010,-4025,4009,-4024,4011,-4022,4010,-4020,4011,-4023,4013,-4019,4013,-4017,4011,-4021,4010,-4018,4010,-0.20,SJNFAAZE1U0005576,117.71,14.32,8989.7734375,78,75,0,0,0,0,15.0,99.17,-154443,62,1528019859.355,15240,2,1,0,5,0,0,0,0,4,385.97,385.97,1F,1,1,1,0080,79,40,40,0,0,19,26.50
03/06/2018 10:57:43,54 58.53373,-1 31.10137,301,0,449,887553,1144818,385.73,49.857,4026,4009,4018,17,0,91.4,33.0,86.0,30.0,none,none,79.7,26.5,-4020,4020,-4020,4016,-4022,4018,-4022,4017,-4022,4019,-4022,4018,-4026,4020,-4025,4020,-4024,4021,-4025,4021,-4026,4020,-4025,4022,-4025,4021,-4025,4020,-4025,4022,-4023,4022,-4025,4020,-4025,4022,-4023,4020,-4023,4018,-4023,4018,-4025,4021,-4021,4017,-4021,4015,-4017,4009,-4018,4013,-4018,4012,-4019,4012,-4020,4013,-4023,4011,-4019,4011,-4022,4013,-4023,4015,-4022,4015,-4022,4014,-4022,4014,-4026,4010,-4022,4011,-4022,4010,-4023,4011,-4022,4011,-4021,4010,-4018,4011,-4020,4014,-4019,4014,-4017,4011,-4018,4012,-4017,4010,-0.19,SJNFAAZE1U0005576,117.71,14.32,8989.7734375,78,75,0,0,0,0,15.0,99.17,-154443,62,1528019863.281,15600,3,1,0,5,0,0,0,0,4,385.80,385.80,1F,1,1,1,0080,79,40,40,0,0,19,24.00
03/06/2018 10:57:47,54 58.53373,-1 31.10137,301,0,449,887078,1144818,385.63,47.477,4027,4007,4017,20,0,91.4,33.0,86.0,30.0,none,none,79.7,26.5,-4016,4024,-4014,4019,-4016,4020,-4019,4019,-4017,4022,-4017,4023,-4019,4025,-4018,4025,-4019,4024,-4019,4025,-4020,4025,-4019,4025,-4019,4027,-4017,4026,-4019,4025,-4020,4024,-4020,4023,-4019,4024,-4018,4023,-4017,4022,-4017,4021,-4021,4025,-4015,4020,-4015,4017,-4011,4015,-4010,4019,-4012,4016,-4015,4015,-4012,4018,-4014,4017,-4010,4019,-4011,4021,-4012,4024,-4010,4021,-4014,4022,-4011,4021,-4016,4021,-4009,4022,4009,-4023,4011,4022,4010,-4022,4007,-4020,-4010,4019,-4011,-4020,-4012,4020,-4009,4018,-4011,4018,-4008,4015,-0.04,SJNFAAZE1U0005576,117.71,14.32,8989.7734375,78,75,0,0,0,0,15.0,99.17,-154443,62,1528019867.391,15320,3,1,0,5,0,0,0,0,4,385.80,385.80,1F,1,1,1,0080,79,40,40,0,0,19,23.75
03/06/2018 10:57:51,54 58.53373,-1 31.10137,301,0,449,886618,1144818,385.63,45.951,4027,4007,4017,20,0,91.6,33.1,86.0,30.0,none,none,79.9,26.6,4015,-4023,4013,-4019,4016,4021,4018,-4021,4016,-4023,4017,4023,4018,-4025,4017,-4025,4019,-4025,4018,-4024,4019,4024,4018,-4025,4019,-4027,4016,-4025,4018,-4024,4020,-4024,4019,-4023,4019,-4024,4017,-4022,4016,4022,4016,-4021,4020,-4025,4015,-4021,4014,-4016,4010,4016,4010,-4018,4012,-4016,4013,-4015,4013,-4019,4014,-4018,4009,-4019,4010,-4020,4012,-4024,4010,4022,4013,-4022,4010,-4021,4014,-4020,4008,-4022,4009,4023,4009,-4021,4010,-4023,4007,-4020,4009,-4019,4010,-4019,4011,4020,4008,-4017,4009,-4019,4008,-4014,-0.18,SJNFAAZE1U0005576,117.71,14.32,8989.7734375,78,75,0,0,0,0,15.0,99.17,-154443,62,1528019871.174,15280,2,1,0,5,0,0,0,0,4,385.83,385.83,1F,1,1,1,0080,79,40,40,0,0,19,26.00
03/06/2018 10:57:55,54 58.53373,-1 31.10137,301,0,448,886159,1144818,385.63,51.749,4028,4005,4017,23,0,91.6,33.1,86.0,30.0,none,none,79.9,26.6,4014,-4024,4012,-4020,4014,4020,4017,-4019,4015,-4023,4016,-4024,4017,-4026,4017,4025,4017,-4025,4018,-4025,4018,-4025,4017,-4025,4017,4028,4016,-4026,4017,-4025,4019,-4024,4019,-4023,4018,-4024,4017,-4024,4015,-4023,4017,-4020,4019,4025,4014,-4020,4014,-4016,4009,-4016,4009,-4019,4008,4015,4012,-4017,4011,-4019,4012,-4017,4007,-4018,4009,-4022,4012,-4023,4009,-4022,4012,-4021,4009,4021,4014,-4022,4006,-4023,4005,-4021,4008,-4021,4007,4023,4005,-4019,4007,-4019,4009,-4020,4009,-4019,4008,-4017,4008,4019,4006,-4015,-0.18,SJNFAAZE1U0005576,117.71,14.32,8989.7734375,78,75,0,0,0,0,15.0,99.17,-154443,63,1528019875.050,15440,2,1,0,5,0,0,0,0,4,385.55,385.55,1F,1,1,1,0080,79,40,40,0,0,19,26.00
03/06/2018 10:57:58,54 58.53373,-1 31.10137,301,0,448,885686,1144818,385.44,51.963,4028,4004,4015,24,0,91.4,33.0,86.2,30.1,none,none,79.9,26.6,4012,4023,4011,-4019,4013,4019,4017,-4017,4015,-4022,4015,-4022,4017,-4024,4016,-4024,4015,-4024,4016,4024,4017,-4024,4016,-4024,4016,-4028,4015,-4025,4016,4023,4018,-4024,4017,-4021,4017,-4023,4017,-4022,4014,-4021,4015,-4019,4018,-4023,4014,-4019,4013,4016,4008,-4015,4007,-4018,4008,-4014,4010,-4015,4010,4017,4011,-4016,4006,-4016,4008,-4020,4010,-4023,4008,-4020,4010,-4021,4008,-4018,4011,-4021,4005,4021,4004,-4021,4008,-4020,4006,-4021,4004,-4018,4005,4017,4009,-4018,4009,-4017,4006,-4016,4007,-4017,4006,-4013,-0.18,SJNFAAZE1U0005576,117.71,14.32,8989.7734375,78,75,0,0,0,0,15.0,99.17,-154443,63,1528019878.919,15520,2,1,0,5,0,0,0,0,4,385.40,385.40,1F,1,1,1,0080,79,40,40,0,0,19,25.00
03/06/2018 10:58:02,54 58.53373,-1 31.10137,301,0,448,885213,1144818,385.25,52.268,4024,4001,4013,23,0,91.6,33.1,86.0,30.0,none,none,79.7,26.5,4009,-4020,4009,-4017,4011,4016,4014,-4015,4012,-4019,4012,-4019,4013,-4022,4012,-4022,4013,-4021,4013,-4022,4014,-4021,4014,4021,4014,-4024,4012,-4023,4014,-4021,4015,-4021,4015,4020,4015,-4020,4013,-4018,4012,-4019,4012,-4017,4015,-4021,4011,-4017,4010,-4013,4005,-4012,4005,4015,4005,-4012,4007,-4012,4008,-4014,4009,-4013,4004,4016,4005,-4018,4008,-4020,4006,-4019,4007,-4018,4006,-4015,4010,-4018,4002,-4019,4004,-4020,4004,4019,4003,-4019,4001,-4017,4004,-4016,4006,-4016,4005,4016,4003,-4014,4004,-4015,4003,-4011,-0.18,SJNFAAZE1U0005576,117.71,14.32,8989.7734375,78,75,0,0,0,0,15.0,99.17,-154443,63,1528019882.742,15680,2,1,0,5,0,0,0,0,4,385.36,385.36,1F,1,1,1,0080,79,40,40,0,0,19,26.25
03/06/2018 10:58:06,54 58.53373,-1 31.10137,301,0,448,884720,1144818,385.15,50.467,4020,4003,4012,17,0,91.6,33.1,86.0,30.0,none,none,79.9,26.6,-4014,4013,-4015,4009,-4017,4012,-4016,4012,-4017,4014,-4017,4015,-4019,4015,-4019,4014,-4019,4015,-4018,4015,-4020,4015,-4019,4015,-4020,4016,-4020,4014,-4020,4016,-4018,4016,-4020,4014,-4017,4017,-4018,4014,-4017,4012,-4018,4012,-4019,4015,-4015,4011,-4013,4009,-4009,4004,-4011,4007,-4012,4005,-4013,4006,-4015,4006,-4016,4005,-4012,4004,-4016,4006,-4018,4009,-4015,4007,-4016,4008,-4015,4008,-4019,4003,-4016,4005,-4017,4005,-4018,4006,-4017,4005,-4014,4004,-4013,4005,-4015,4007,-4012,4008,-4010,4004,-4013,4005,-4010,4004,-0.16,SJNFAAZE1U0005576,117.71,14.32,8989.7734375,78,75,0,0,0,0,15.0,99.17,-154443,63,1528019886.679,16360,2,1,0,5,0,0,0,0,4,385.31,385.31,1F,1,1,1,0080,79,40,40,0,0,19,26.25
03/06/2018 10:58:10,54 58.53373,-1 31.10137,301,0,447,884238,1144818,385.06,52.146,4018,4001,4011,17,0,91.6,33.1,86.2,30.1,none,none,79.9,26.6,-4012,4012,-4012,4008,-4015,4010,-4014,4011,-4015,4012,-4014,4013,-4017,4013,-4017,4013,-4017,4016,-4017,4014,-4018,4014,-4018,4015,-4018,4013,-4018,4013,-4016,4016,-4017,4015,-4017,4013,-4016,4015,-4015,4012,-4015,4011,-4016,4012,-4017,4014,-4013,4009,-4013,4008,-4008,4002,-4009,4005,-4010,4004,-4011,4004,-4011,4005,-4015,4005,-4011,4003,-4013,4005,-4014,4008,-4014,4005,-4015,4006,-4013,4006,-4016,4001,-4014,4003,-4014,4004,-4016,4003,-4014,4004,-4012,4004,-4009,4004,-4012,4005,-4011,4007,-4008,4002,-4011,4004,-4009,4003,-0.20,SJNFAAZE1U0005576,117.71,14.32,8989.7734375,78,75,0,0,0,0,15.0,99.17,-154443,63,1528019890.691,16000,2,1,0,5,0,0,0,0,4,385.17,385.17,1F,1,1,1,0080,79,40,40,0,0,19,25.75
03/06/2018 10:58:14,54 58.53373,-1 31.10137,301,0,447,883747,1144818,385.15,48.575,4022,4001,4012,21,0,91.6,33.1,86.2,30.1,none,none,79.9,26.6,-4014,4012,-4014,4009,-4017,4011,-4016,4010,-4016,4012,-4016,4013,-4018,4013,-4019,4012,-4018,4014,-4019,4013,-4021,4012,-4020,4015,-4022,4014,-4021,4012,-4019,4015,-4019,4016,-4018,4014,-4017,4015,-4017,4012,-4016,4012,-4017,4012,-4020,4014,-4015,4010,-4015,4008,-4010,4001,-4011,4006,-4013,4004,-4014,4004,-4014,4004,-4017,4004,-4014,4003,-4016,4004,-4019,4008,-4016,4006,-4018,4008,-4016,4006,-4021,4002,-4017,4003,-4017,4003,-4019,4003,-4018,4003,-4015,4004,-4013,4004,-4017,4006,-4014,4006,-4011,4004,-4013,4003,-4011,4002,-0.21,SJNFAAZE1U0005576,117.71,14.32,8989.7734375,78,75,0,0,0,0,15.0,99.17,-154443,63,1528019894.589,15800,2,1,0,5,0,0,0,0,4,385.14,385.14,1F,1,1,1,0080,79,40,40,0,0,19,24.75
03/06/2018 10:58:18,54 58.53373,-1 31.10137,301,0,447,883304,1144818,385.15,48.942,4020,4003,4012,17,0,91.6,33.1,86.0,30.0,none,none,79.9,26.6,-4014,4013,-4014,4010,-4016,4011,-4016,4011,-4016,4013,-4017,4014,-4018,4013,-4018,4014,-4018,4014,-4019,4014,-4019,4013,-4018,4015,-4020,4016,-4019,4013,-4019,4015,-4019,4016,-4018,4014,-4017,4015,-4016,4014,-4016,4012,-4016,4011,-4019,4014,-4014,4010,-4014,4007,-4009,4003,-4012,4006,-4011,4004,-4013,4005,-4013,4006,-4015,4005,-4012,4005,-4014,4006,-4018,4008,-4013,4006,-4015,4007,-4014,4006,-4018,4004,-4015,4004,-4014,4004,-4017,4004,-4015,4005,-4014,4004,-4012,4005,-4013,4007,-4011,4006,-4008,4003,-4011,4003,-4010,4003,-0.18,SJNFAAZE1U0005576,117.71,14.32,8989.7734375,78,75,0,0,0,0,15.0,99.17,-154443,63,1528019898.331,15280,2,1,0,5,0,0,0,0,4,385.07,385.07,1F,1,1,1,0080,79,40,40,0,0,19,25.00
03/06/2018 10:58:22,54 58.53373,-1 31.10137,301,0,447,882832,1144818,384.96,48.789,4021,4000,4010,21,0,91.6,33.1,86.2,30.1,none,none,79.9,26.6,4007,-4018,4007,4014,-4010,4013,4012,-4012,-4009,4017,-4010,4017,-4012,4018,-4011,4018,-4011,4019,-4012,4019,-4013,4018,-4013,4019,-4013,4021,-4011,4019,4012,-4018,4012,4018,4014,-4017,4013,-4017,4012,-4016,4011,-4015,4012,-4015,4013,4018,4009,-4014,4009,-4010,4002,-4009,4003,-4012,4004,4009,4006,-4008,4006,-4011,4008,-4010,4003,-4013,4003,-4013,4006,-4017,4004,-4015,4006,-4015,4003,4013,4009,-4014,4000,-4015,4002,-4015,4003,-4015,4002,4014,4000,-4014,4002,-4012,4003,-4015,4004,-4012,4002,-4011,4003,-4011,4001,-4008,-0.20,SJNFAAZE1U0005576,117.71,14.32,8989.7734375,78,75,0,0,0,0,15.0,99.17,-154443,63,1528019902.341,15280,2,1,0,5,0,0,0,0,4,385.02,385.02,1F,1,1,1,0080,79,40,40,0,0,19,24.25
03/06/2018 10:58:26,54 58.53373,-1 31.10137,301,0,447,882397,1144818,385.25,41.831,4024,4001,4013,23,0,91.6,33.1,86.2,30.1,none,none,79.9,26.6,4010,-4020,4008,-4017,4012,4015,4015,4015,4012,-4019,4013,-4019,4014,-4022,4013,-4022,4013,-4021,4013,4021,4015,-4021,4014,-4022,4014,-4024,4012,-4022,4015,4022,4016,-4021,4016,-4020,4015,-4020,4013,-4019,4013,-4019,4013,-4018,4016,-4021,4012,-4016,4011,4013,4006,-4012,4005,-4016,4007,-4013,4008,-4011,4008,4015,4009,-4014,4004,-4016,4006,-4017,4009,-4021,4005,-4018,4009,-4019,4006,-4017,4009,-4019,4003,4018,4003,-4020,4004,-4020,4004,-4019,4001,-4017,4003,4015,4005,-4017,4005,-4017,4003,-4014,4005,-4014,4003,-4010,-0.21,SJNFAAZE1U0005576,117.71,14.32,8989.7734375,78,75,0,0,0,0,15.0,99.17,-154443,63,1528019906.034,14320,2,1,0,5,0,0,0,0,4,385.23,385.23,1F,1,1,1,0080,79,40,40,0,0,19,20.25
03/06/2018 10:58:29,54 58.53373,-1 31.10137,301,0,446,882042,1144818,385.73,39.390,4028,4008,4018,20,0,91.6,33.1,86.0,30.0,none,none,79.9,26.6,4016,-4025,4014,-4021,4016,4020,4019,-4020,4017,-4023,4017,-4023,4019,-4025,4019,-4025,4019,-4025,4019,-4026,4020,-4026,4019,4025,4019,-4028,4018,-4026,4019,-4025,4021,-4026,4020,4024,4020,-4025,4019,-4023,4017,-4023,4019,-4022,4021,-4026,4017,-4022,4016,-4018,4010,-4017,4011,4020,4011,-4016,4014,-4017,4013,-4019,4014,-4018,4010,4019,4011,-4021,4014,-4023,4011,-4022,4014,-4021,4011,-4021,4015,-4022,4010,-4022,4009,-4021,4010,4022,4009,-4022,4008,-4019,4009,-4019,4011,-4020,4011,4020,4009,-4018,4010,-4019,4008,-4017,-0.22,SJNFAAZE1U0005576,117.71,14.32,8989.7734375,78,75,0,0,0,0,15.0,99.17,-154443,63,1528019909.725,10200,2,1,0,5,0,0,0,0,4,385.48,385.48,1F,1,1,1,0080,79,40,40,0,0,11,15.00
03/06/2018 10:58:33,54 58.53373,-1 31.10137,301,0,446,881784,1144818,386.11,24.100,4032,4013,4022,19,0,91.6,33.1,86.2,30.1,none,none,79.7,26.5,4021,-4029,4018,-4025,4022,4024,4023,-4026,4021,4027,4021,-4028,4023,-4030,4022,-4029,4022,-4029,4022,-4030,4024,-4030,4023,-4030,4023,-4032,4022,4030,4023,-4029,4024,-4029,4025,-4028,4024,-4029,4024,4028,4022,-4027,4023,-4026,4026,-4029,4022,-4025,4021,-4021,4017,-4022,4016,-4024,4017,-4022,4019,4021,4017,-4023,4020,-4023,4014,-4025,4016,-4025,4018,4029,4017,-4026,4018,-4028,4017,-4025,4019,-4026,4015,-4027,4014,-4027,4015,-4028,4016,-4026,4013,4025,4015,-4024,4016,-4025,4017,-4026,4016,-4023,4016,-4024,4013,4020,-0.17,SJNFAAZE1U0005576,117.71,14.32,8989.7734375,78,75,0,0,0,0,15.0,99.17,-154443,63,1528019913.535,8640,2,1,0,5,0,0,0,0,4,386.16,386.16,1F,1,1,1,0080,79,40,40,0,0,19,8.50
03/06/2018 10:58:37,54 58.53373,-1 31.10137,301,0,446,881608,1144818,386.69,14.762,4038,4017,4028,21,0,91.6,33.1,86.2,30.1,none,none,79.9,26.6,4026,-4036,4023,4032,4026,4029,4030,-4030,4025,-4033,4027,-4034,4028,4035,4027,-4035,4026,-4035,4027,-4035,4028,-4035,4027,-4034,4028,-4038,4027,-4036,4027,-4034,4029,4035,4029,-4033,4028,-4035,4028,-4033,4028,-4033,4027,4031,4029,-4035,4026,-4031,4026,-4028,4021,-4028,4021,-4031,4022,-4028,4024,-4028,4024,-4029,4024,4028,4020,-4031,4019,-4033,4022,-4035,4022,-4033,4023,4031,4020,-4031,4023,-4033,4017,-4034,4018,-4034,4019,-4033,4019,-4034,4017,-4031,4018,-4030,4021,4031,4021,-4030,4019,-4029,4020,-4030,4017,-4026,-0.20,SJNFAAZE1U0005576,117.71,14.32,8989.7734375,78,75,0,0,0,0,15.0,99.17,-154443,63,1528019917.181,5600,2,1,0,5,0,0,0,0,4,386.67,386.67,1F,1,1,1,0080,79,40,40,0,0,19,6.25
03/06/2018 10:58:41,54 58.53373,-1 31.10137,301,0,446,881466,1144818,386.78,15.098,4037,4020,4029,17,0,91.6,33.1,86.2,30.1,none,none,79.9,26.6,-4033,4029,-4032,4025,-4034,4028,-4033,4027,-4034,4029,-4033,4030,-4036,4029,-4036,4028,-4035,4031,-4035,4030,-4036,4029,-4035,4031,-4037,4031,-4037,4029,-4037,4031,-4035,4031,-4036,4029,-4034,4032,-4034,4030,-4034,4028,-4034,4028,-4037,4031,-4032,4027,-4033,4025,-4029,4021,-4031,4024,-4030,4023,-4033,4023,-4031,4024,-4034,4022,-4032,4020,-4034,4022,-4037,4025,-4034,4022,-4035,4023,-4033,4023,-4035,4020,-4035,4020,-4035,4020,-4037,4021,-4036,4021,-4033,4020,-4031,4021,-4033,4024,-4031,4025,-4030,4020,-4031,4022,-4030,4021,-0.23,SJNFAAZE1U0005576,117.71,14.32,8989.7734375,78,75,0,0,0,0,15.0,99.17,-154443,63,1528019921.056,5400,2,1,0,5,0,0,0,0,4,386.85,386.85,1F,1,1,1,0080,79,40,40,0,0,19,10.00
03/06/2018 10:58:44,54 58.53373,-1 31.10137,301,0,446,881295,1144818,386.88,17.966,4037,4020,4030,17,0,91.6,33.1,86.0,30.0,none,none,79.9,26.6,-4034,4031,-4033,4026,-4036,4028,-4033,4028,-4035,4028,-4035,4030,-4036,4029,-4036,4029,-4036,4031,-4036,4030,-4037,4030,-4036,4032,-4037,4030,-4036,4029,-4035,4032,-4036,4031,-4035,4030,-4034,4032,-4035,4030,-4034,4029,-4035,4029,-4037,4032,-4033,4028,-4033,4027,-4029,4022,-4032,4024,-4031,4024,-4032,4023,-4031,4023,-4035,4023,-4032,4021,-4035,4021,-4037,4026,-4034,4023,-4035,4023,-4033,4023,-4036,4020,-4036,4020,-4035,4020,-4036,4020,-4035,4021,-4033,4021,-4031,4021,-4034,4024,-4033,4025,-4030,4022,-4032,4022,-4030,4021,-0.20,SJNFAAZE1U0005576,117.71,14.32,8991.3828125,78,75,0,0,0,0,15.0,99.17,-154443,63,1528019924.799,5320,2,1,0,5,0,0,0,0,4,386.87,386.87,1F,1,1,1,0080,79,40,40,0,0,19,8.25
03/06/2018 10:58:48,54 58.53373,-1 31.10137,301,0,446,881136,1144818,386.88,16.868,4038,4021,4030,17,0,91.6,33.1,86.0,30.0,none,none,79.7,26.5,-4033,4032,-4032,4026,-4034,4029,-4033,4028,-4033,4030,-4034,4031,-4035,4031,-4035,4031,-4036,4031,-4036,4032,-4037,4031,-4036,4032,-4036,4031,-4035,4030,-4035,4033,-4034,4032,-4035,4031,-4033,4032,-4033,4030,-4033,4029,-4034,4030,-4038,4032,-4033,4029,-4033,4027,-4029,4022,-4031,4025,-4031,4026,-4032,4025,-4031,4024,-4035,4025,-4031,4025,-4034,4023,-4035,4028,-4033,4024,-4035,4025,-4034,4026,-4033,4022,-4035,4021,-4034,4023,-4035,4023,-4035,4022,-4032,4023,-4031,4024,-4034,4024,-4032,4027,-4029,4022,-4032,4023,-4029,4022,-0.20,SJNFAAZE1U0005576,117.71,14.32,8991.3828125,78,75,0,0,0,0,14.5,99.17,-154443,63,1528019928.588,6040,2,0,0,0,0,0,0,0,4,386.94,386.94,1F,1,1,1,0080,79,40,40,0,0,19,7.25
03/06/2018 10:58:52,54 58.53373,-1 31.10137,301,0,446,880980,1144818,386.98,18.424,4039,4022,4031,17,0,91.6,33.1,86.2,30.1,none,none,79.9,26.6,-4035,4031,-4033,4027,-4037,4029,-4034,4029,-4034,4030,-4036,4032,-4036,4031,-4037,4031,-4036,4031,-4036,4032,-4038,4031,-4036,4033,-4038,4033,-4037,4031,-4038,4032,-4036,4033,-4036,4032,-4036,4034,-4035,4029,-4035,4030,-4035,4030,-4039,4033,-4034,4030,-4033,4028,-4031,4024,-4033,4025,-4032,4024,-4033,4025,-4034,4025,-4036,4024,-4033,4022,-4035,4023,-4038,4028,-4034,4024,-4036,4026,-4035,4025,-4038,4022,-4037,4022,-4037,4022,-4037,4022,-4036,4022,-4035,4022,-4031,4023,-4034,4023,-4034,4025,-4031,4022,-4032,4023,-4031,4023,-0.25,SJNFAAZE1U0005576,117.71,14.32,8991.3828125,78,75,0,0,0,0,15.0,99.17,-154443,63,1528019932.432,5960,2,0,0,0,0,0,0,0,4,386.98,386.98,1F,1,1,1,0080,79,40,40,0,0,19,9.25
03/06/2018 10:58:56,54 58.53373,-1 31.10137,301,0,446,880800,1144818,386.69,19.553,4038,4017,4028,21,0,91.6,33.1,86.0,30.0,none,none,79.9,26.6,4026,-4036,4023,-4034,4027,4032,4029,-4031,4027,-4035,4027,-4035,4028,-4036,4026,-4036,4026,-4035,4028,-4036,4029,-4035,4028,4036,4028,-4038,4027,-4037,4027,-4036,4029,-4035,4029,4034,4029,-4035,4027,-4034,4027,-4033,4027,-4033,4032,-4036,4026,-4032,4026,-4029,4021,-4029,4021,4032,4024,-4029,4024,-4028,4022,-4030,4025,-4030,4020,4031,4021,-4034,4023,-4037,4021,-4034,-4023,4034,4021,-4032,-4022,4035,-4019,4034,4018,-4036,4019,4033,4019,-4035,4017,-4032,4019,-4031,4021,-4031,4023,-4033,4020,4030,4022,-4030,4019,-4026,-0.22,SJNFAAZE1U0005576,117.71,14.32,8991.3828125,78,75,0,0,0,0,14.5,99.17,-154443,63,1528019936.174,6320,2,0,0,0,0,0,0,0,4,386.97,386.97,1F,1,1,1,0080,79,40,40,0,0,19,8.00
03/06/2018 10:58:59,54 58.53373,-1 31.10137,301,0,446,880624,1144818,386.98,19.950,4040,4022,4031,18,0,91.6,33.1,86.0,30.0,none,none,79.9,26.6,4030,-4038,4027,-4034,4031,4033,4032,-4034,4030,4036,4030,-4035,4031,-4037,4030,-4037,4031,-4039,4031,-4037,4032,-4038,4032,-4037,4032,-4040,4031,4039,4031,-4038,4032,-4037,4032,-4036,4031,-4037,4031,4036,4029,-4035,4031,-4034,4034,-4039,4031,-4034,4030,-4030,4025,-4031,4026,-4034,4025,-4030,4027,4029,4026,-4033,4028,-4033,4024,-4033,4024,-4034,4027,-4037,4026,4035,4026,-4035,4024,-4033,4027,-4035,4023,-4037,4022,4036,4022,-4035,4023,-4036,4022,-4033,4023,-4033,4025,-4034,4026,-4034,4023,-4032,4024,-4032,4023,4029,-0.21,SJNFAAZE1U0005576,117.71,14.32,8991.3828125,78,75,0,0,0,0,14.5,99.17,-154443,63,1528019939.988,5680,2,1,0,3,0,0,0,0,4,387.00,387.00,1F,1,1,1,0080,79,40,40,0,0,19,6.50
03/06/2018 10:59:03,54 58.53373,-1 31.10137,301,0,446,880464,1144818,387.17,16.135,4043,4022,4033,21,0,91.6,33.1,86.0,30.0,none,none,79.7,26.5,4032,-4041,4028,4038,4033,4037,4034,-4035,4031,-4039,4031,-4038,4033,4041,4031,-4040,4031,-4039,4032,-4040,4033,-4040,4032,-4039,4032,-4043,4031,-4042,4033,-4039,4034,4039,4033,-4038,4033,-4038,4033,-4038,4032,-4038,4032,4036,4035,-4041,4033,-4037,4031,-4033,4026,-4033,4026,-4037,4028,-4034,4030,-4033,4027,-4035,4029,4034,4026,-4036,4026,-4037,4027,-4041,4025,-4038,4028,-4039,4027,4036,4027,-4039,4023,-4038,4022,-4039,4024,-4040,4023,4038,4022,-4037,4024,-4036,4025,-4036,4028,-4037,4024,-4033,4026,-4036,4024,-4032,-0.20,SJNFAAZE1U0005576,117.71,14.32,8991.3828125,78,75,0,0,0,0,14.5,99.17,-154443,63,1528019943.841,5840,2,1,0,4,0,0,0,0,4,387.08,387.08,1F,1,1,1,0080,79,40,40,0,0,19,6.25
03/06/2018 10:59:07,54 58.53373,-1 31.10137,301,0,445,880326,1144818,387.17,16.379,4043,4023,4033,20,0,91.6,33.1,86.2,30.1,none,none,79.9,26.6,4032,-4042,4029,-4038,4032,4037,4034,4035,4032,-4039,4032,-4039,4031,-4041,4031,-4040,4032,4040,4032,-4041,4034,-4040,4033,-4041,4032,-4043,4031,-4041,4032,-4040,4034,-4039,4034,-4039,4034,4040,4033,-4038,4032,-4038,4033,-4037,4035,-4041,4031,4036,4031,-4033,4027,-4034,4026,-4037,4028,-4034,4030,-4033,4027,4035,4030,-4035,4024,-4036,4025,-4037,4028,-4041,4027,-4038,4027,-4039,4027,-4037,4027,-4040,4023,4039,4023,-4040,4024,-4039,4024,-4039,4024,-4037,4024,4036,4027,-4036,4028,-4037,4025,-4034,4026,-4036,4024,-4032,-0.24,SJNFAAZE1U0005576,117.71,14.32,8991.3828125,78,75,0,0,0,0,14.5,99.17,-154443,63,1528019947.361,5000,2,1,0,4,0,0,0,0,4,387.21,387.21,1F,1,1,1,0080,79,40,40,0,0,19,5.50
03/06/2018 10:59:11,54 58.53373,-1 31.10137,301,0,445,880202,1144818,387.36,11.008,4044,4025,4035,19,0,91.4,33.0,86.0,30.0,none,none,79.7,26.5,4034,-4044,4031,-4040,4035,4038,4038,-4037,4034,-4041,4034,4041,4035,-4042,4034,-4042,4034,-4041,4035,-4042,4036,4041,4035,-4042,4034,-4044,4034,-4043,4035,-4041,4037,-4042,4036,-4040,4036,-4040,4036,-4041,4034,4039,4035,-4038,4038,-4042,4034,-4037,4033,-4035,4028,-4035,4030,4038,4029,-4037,4032,-4035,4030,-4036,4032,-4037,4026,4040,4027,-4039,4030,-4042,4029,-4040,4029,-4041,4028,-4039,4030,-4042,4027,-4040,4025,-4042,4025,4042,4025,-4041,4025,-4038,4026,-4039,4028,-4039,4029,4039,4026,-4036,4028,-4037,4027,-4034,-0.20,SJNFAAZE1U0005576,117.71,14.32,8991.3828125,78,75,0,0,0,0,14.5,99.17,-154443,64,1528019951.094,4920,2,1,0,4,0,0,0,0,4,387.47,387.47,1F,1,1,1,0080,79,40,40,0,0,19,2.75
03/06/2018 10:59:14,54 58.53373,-1 31.10137,301,0,445,880147,1144818,388.03,-0.220,4049,4033,4042,16,0,91.6,33.1,86.0,30.0,none,none,79.7,26.5,-4046,4042,-4044,4039,-4047,4041,-4045,4040,-4045,4040,-4045,4042,-4046,4041,-4046,4040,-4045,4042,-4046,4042,-4047,4041,-4046,4043,-4046,4042,-4047,4041,-4047,4043,-4047,4043,-4047,4042,-4046,4044,-4046,4042,-4045,4040,-4045,4041,-4049,4043,-4045,4041,-4044,4039,-4042,4035,-4044,4038,-4045,4038,-4045,4037,-4044,4036,-4047,4036,-4044,4035,-4045,4036,-4048,4039,-4046,4036,-4046,4038,-4045,4038,-4046,4034,-4046,4033,-4045,4034,-4047,4034,-4046,4034,-4045,4036,-4042,4034,-4044,4036,-4045,4039,-4042,4035,-4043,4036,-4042,4035,-0.18,SJNFAAZE1U0005576,117.71,14.32,8991.3828125,78,75,0,0,0,0,14.5,99.17,-154443,64,1528019954.801,240,3,1,0,5,0,0,0,0,4,387.96,387.96,1F,1,1,1,0080,79,40,40,0,0,19,-5.00
03/06/2018 10:59:18,54 58.53373,-1 31.10137,301,0,445,880180,1144818,388.32,-2.448,4053,4035,4045,18,0,91.6,33.1,86.2,30.1,none,none,79.9,26.6,-4050,4045,-4049,4043,-4051,4043,-4049,4042,-4049,4043,-4049,4044,-4051,4045,-4050,4044,-4051,4044,-4049,4044,-4052,4043,-4051,4046,-4052,4045,-4052,4043,-4050,4046,-4050,4045,-4049,4045,-4049,4046,-4049,4044,-4048,4043,-4049,4044,-4053,4048,-4048,4044,-4050,4042,-4046,4037,-4048,4041,-4049,4041,-4050,4039,-4049,4038,-4052,4039,-4049,4038,-4050,4038,-4053,4042,-4050,4039,-4050,4040,-4049,4040,-4051,4037,-4052,4035,-4051,4036,-4051,4037,-4051,4036,-4049,4038,-4047,4037,-4048,4038,-4049,4042,-4046,4037,-4049,4038,-4046,4038,-0.21,SJNFAAZE1U0005576,117.71,14.32,8991.3828125,78,75,0,0,0,0,14.5,99.17,-154445,64,1528019958.602,0,2,1,0,5,0,0,0,0,4,388.32,388.32,1F,1,1,1,0080,78,40,40,0,0,19,-3.00
03/06/2018 10:59:22,54 58.53373,-1 31.10137,301,0,445,880160,1144818,388.03,6.186,4051,4032,4042,19,0,91.4,33.0,86.0,30.0,none,none,79.7,26.5,-4047,4043,-4046,4038,-4049,4040,-4046,4040,-4046,4042,-4047,4042,-4049,4041,-4049,4040,-4049,4041,-4048,4042,-4049,4040,-4048,4042,-4048,4042,-4049,4040,-4048,4043,-4047,4043,-4048,4041,-4047,4045,-4047,4041,-4045,4040,-4048,4041,-4051,4045,-4046,4042,-4047,4040,-4044,4036,-4046,4038,-4045,4038,-4046,4037,-4044,4037,-4049,4035,-4045,4033,-4047,4034,-4050,4038,-4048,4036,-4047,4037,-4047,4037,-4048,4032,-4049,4032,-4048,4033,-4048,4034,-4048,4033,-4047,4033,-4044,4034,-4046,4035,-4046,4038,-4043,4034,-4045,4036,-4044,4035,-0.18,SJNFAAZE1U0005576,117.71,14.32,8991.3828125,78,75,0,0,0,0,14.5,99.17,-154445,64,1528019962.314,1480,2,1,0,5,0,0,0,0,4,388.09,388.09,1F,1,1,1,0080,78,40,40,0,0,19,3.00
03/06/2018 10:59:26,54 58.53373,-1 31.10137,301,0,445,880077,1144818,388.13,5.332,4050,4034,4043,16,0,91.4,33.0,86.0,30.0,none,none,79.7,26.5,-4048,4043,-4046,4040,-4049,4042,-4047,4041,-4046,4042,-4047,4042,-4047,4042,-4048,4042,-4048,4042,-4048,4043,-4049,4042,-4048,4045,-4048,4043,-4049,4042,-4048,4045,-4048,4045,-4047,4042,-4047,4045,-4047,4043,-4047,4041,-4046,4041,-4050,4045,-4047,4042,-4046,4040,-4043,4037,-4044,4039,-4046,4038,-4047,4037,-4044,4037,-4048,4036,-4048,4034,-4047,4036,-4049,4040,-4047,4036,-4047,4037,-4046,4038,-4048,4034,-4050,4034,-4048,4035,-4049,4034,-4049,4035,-4048,4035,-4044,4035,-4046,4036,-4047,4040,-4043,4034,-4045,4036,-4044,4036,-0.21,SJNFAAZE1U0005576,117.71,14.32,8991.3828125,78,75,0,0,0,0,14.5,99.17,-154445,64,1528019966.290,3200,2,1,0,5,0,0,0,0,4,388.11,388.11,1F,1,1,1,0080,78,40,40,0,0,19,-3.25
03/06/2018 10:59:30,54 58.53373,-1 31.10137,301,0,445,880092,1144818,388.61,-6.781,4058,4038,4048,20,0,91.4,33.0,86.0,30.0,none,none,79.7,26.5,4047,-4058,4044,4052,4047,4051,4049,-4051,4046,-4052,4047,-4053,4048,4056,4045,-4054,4047,-4054,4047,-4055,4047,-4053,4047,-4055,4046,-4058,4046,-4055,4046,-4053,4048,4053,4048,-4052,4047,-4054,4047,-4052,4046,-4052,4048,-4052,4051,4055,4048,-4053,4048,-4049,4044,-4051,4043,-4054,4044,4051,4046,-4050,4044,-4050,4047,-4051,4042,-4052,4041,-4053,4043,-4057,4041,-4053,4043,-4054,4041,4052,4043,-4056,4039,-4055,4038,-4054,4040,-4055,4039,4055,4039,-4052,4040,-4052,4041,-4053,4044,-4054,4041,-4051,4042,-4052,4040,-4048,-0.21,SJNFAAZE1U0005576,117.71,14.32,8991.3828125,78,75,0,0,0,0,15.0,99.17,-154445,64,1528019970.294,0,2,1,0,5,0,0,0,0,4,388.70,388.70,1F,1,1,1,0080,78,40,40,0,0,19,-7.75
03/06/2018 10:59:34,54 58.53373,-1 31.10137,301,0,445,880213,1144818,389.47,-20.148,4066,4047,4057,19,0,91.4,33.0,86.0,30.0,none,none,79.7,26.5,4058,-4066,4053,-4061,4056,4060,4057,4059,4055,-4061,4055,-4061,4055,-4063,4054,-4062,4054,4062,4055,-4062,4056,-4062,4055,-4063,4056,-4066,4054,-4064,4055,-4062,4057,-4061,4057,-4061,4056,4061,4055,-4061,4055,-4061,4056,-4060,4059,-4064,4056,-4061,4056,4057,4054,-4060,4054,-4063,4054,-4058,4057,-4058,4053,4058,4055,-4060,4052,-4061,4051,-4062,4052,-4065,4050,-4061,4052,-4061,4052,-4061,4050,-4064,4050,4064,4049,-4063,4050,-4064,4049,-4063,4047,-4061,4049,4060,4050,-4061,4053,-4062,4050,-4059,4053,-4061,4049,-4057,-0.23,SJNFAAZE1U0005576,117.71,14.32,8991.3828125,78,75,0,0,0,0,15.0,99.17,-154450,64,1528019974.072,0,2,1,0,5,0,0,0,0,4,389.42,389.42,1F,1,1,1,0080,78,40,40,0,0,19,-12.75
03/06/2018 10:59:37,54 58.53373,-1 31.10137,301,0,445,880364,1144818,389.66,-18.439,4068,4052,4059,16,0,91.4,33.0,86.0,30.0,none,none,79.7,26.5,4060,-4068,4056,-4063,4059,4061,4059,-4060,4057,-4062,4057,4063,4058,-4066,4057,-4064,4057,-4063,4057,-4063,4058,-4063,4057,4064,4058,-4066,4057,-4064,4057,-4062,4058,-4064,4059,4062,4058,-4063,4058,-4063,4057,-4063,4058,-4061,4062,-4065,4059,-4063,4059,-4059,4057,-4061,4056,4064,4056,-4061,4060,-4060,4056,-4061,4058,-4060,4055,4063,4055,-4063,4055,-4067,4054,-4064,4055,-4063,4054,-4060,4055,-4065,4053,-4065,4052,-4063,4052,4065,4054,-4064,4052,-4062,4053,-4062,4053,-4062,4057,4064,4054,-4061,4055,-4062,4053,-4059,-0.21,SJNFAAZE1U0005576,117.71,14.32,8991.3828125,78,75,0,0,0,0,15.0,99.17,-154456,64,1528019977.538,0,2,1,0,5,0,0,0,0,4,389.56,389.56,1F,1,1,1,0080,78,40,40,0,0,19,-15.75
03/06/2018 10:59:41,54 58.53373,-1 31.10137,301,0,446,880533,1144818,389.18,-5.500,4064,4045,4054,19,0,91.4,33.0,86.0,30.0,none,none,79.5,26.4,4053,-4064,4051,-4058,4054,4058,4055,-4058,4052,-4059,4052,-4058,4053,-4061,4051,4060,4052,-4060,4053,-4061,4053,-4059,4052,-4061,4053,-4063,4051,4061,4052,-4060,4053,-4060,4054,-4058,4053,-4059,4054,4059,4053,-4059,4053,-4057,4057,-4062,4054,-4059,4053,-4054,4050,-4057,4050,-4060,4051,-4057,4052,4056,4050,-4057,4052,-4057,4048,-4059,4048,-4060,4049,4063,4048,-4059,4050,-4060,4047,-4058,4050,-4061,4046,-4061,4045,-4062,4046,-4062,4046,-4062,4045,4059,4046,-4059,4047,-4058,4052,-4061,4047,-4057,4048,4058,4047,-4055,-0.22,SJNFAAZE1U0005576,117.71,14.32,8991.3828125,78,75,0,0,0,0,15.0,99.17,-154463,64,1528019981.478,0,2,1,0,5,0,0,0,0,4,389.43,389.43,1F,1,1,1,0080,78,40,40,0,0,19,0.00
03/06/2018 10:59:45,54 58.53373,-1 31.10137,301,0,445,880407,1144818,387.26,38.291,4042,4025,4034,17,0,91.2,32.9,86.0,30.0,none,none,79.7,26.5,4037,4035,4036,-4031,-4038,4032,-4037,-4033,-4037,4033,-4038,4034,-4038,4035,-4038,4035,-4038,4034,-4039,4035,4041,4034,-4039,4035,4040,-4036,4040,-4034,4040,-4035,4038,4037,4039,-4035,4038,-4037,4036,-4033,4038,-4033,4037,4032,4040,-4037,4037,-4033,4035,-4032,4033,-4027,4035,-4029,4035,-4026,4036,-4028,4037,-4028,4038,4027,4036,-4027,4037,-4028,4039,-4030,4037,-4031,4038,4029,4036,-4029,4042,-4026,4037,-4027,4039,-4025,4040,-4027,4037,-4028,4037,-4027,4035,-4027,4037,4029,4036,-4030,4033,-4028,4034,-4028,4034,-4027,-0.16,SJNFAAZE1U0005576,117.71,14.32,8991.3828125,78,75,0,0,0,0,15.0,99.17,-154463,64,1528019985.569,9680,2,1,0,5,0,0,0,0,4,387.57,387.57,1F,1,1,1,0080,78,40,40,0,0,19,29.50
03/06/2018 10:59:49,54 58.53373,-1 31.10137,301,0,445,879811,1144818,385.25,74.302,4021,4003,4013,18,0,91.4,33.0,86.0,30.0,none,none,79.7,26.5,-4015,4013,-4015,4010,-4018,4013,-4016,4011,-4017,4012,-4018,4015,-4020,4013,-4019,4013,-4019,4015,-4019,4014,-4021,4014,-4019,4016,-4021,4015,-4020,4014,-4019,4016,-4019,4016,-4019,4015,-4018,4016,-4017,4013,-4017,4013,-4017,4013,-4020,4015,-4016,4012,-4015,4009,-4011,4004,-4012,4007,-4014,4006,-4015,4006,-4014,4006,-4018,4005,-4013,4004,-4017,4006,-4018,4009,-4017,4006,-4018,4008,-4016,4008,-4021,4003,-4018,4004,-4016,4004,-4019,4003,-4018,4005,-4016,4004,-4014,4004,-4016,4005,-4015,4008,-4011,4004,-4014,4004,-4013,4004,-0.18,SJNFAAZE1U0005576,117.71,14.32,8992.9921875,78,75,0,0,0,0,15.0,99.17,-154463,64,1528019989.523,21680,2,1,0,5,0,0,0,0,4,385.49,385.49,1F,1,1,1,0080,78,40,40,0,0,19,44.25
03/06/2018 10:59:53,54 58.53373,-1 31.10137,301,0,445,879110,1144818,385.63,57.578,4026,4008,4017,18,0,91.4,33.0,86.0,30.0,none,none,79.7,26.5,-4021,4018,-4020,4014,-4022,4016,-4021,4016,-4021,4018,-4021,4019,-4024,4018,-4023,4017,-4023,4018,-4024,4019,-4024,4018,-4023,4021,-4024,4019,-4024,4018,-4023,4020,-4024,4020,-4023,4018,-4023,4021,-4022,4017,-4021,4016,-4022,4017,-4024,4021,-4019,4016,-4020,4015,-4016,4009,-4017,4013,-4019,4010,-4021,4012,-4019,4013,-4022,4011,-4020,4009,-4022,4010,-4023,4014,-4022,4013,-4022,4012,-4022,4011,-4026,4010,-4023,4009,-4023,4008,-4025,4009,-4025,4009,-4021,4009,-4020,4010,-4021,4011,-4020,4012,-4017,4010,-4019,4011,-4017,4010,-0.19,SJNFAAZE1U0005576,117.71,14.32,8992.9921875,78,75,0,0,0,0,15.0,99.17,-154463,64,1528019993.625,18200,2,1,0,5,0,0,0,0,4,385.44,385.44,1F,1,1,1,0080,78,40,40,0,0,19,25.75
03/06/2018 10:59:57,54 58.53373,-1 31.10137,301,0,445,878597,1144818,385.25,56.205,4021,4004,4013,17,0,91.4,33.0,86.0,30.0,none,none,79.5,26.4,-4014,4014,-4014,4011,-4017,4014,-4017,4013,-4016,4013,-4018,4015,-4019,4015,-4019,4014,-4018,4016,-4019,4016,-4021,4015,-4019,4016,-4019,4016,-4019,4014,-4019,4017,-4019,4017,-4018,4016,-4018,4016,-4017,4014,-4015,4014,-4016,4013,-4019,4016,-4016,4013,-4015,4010,-4011,4004,-4012,4008,-4013,4007,-4014,4007,-4015,4008,-4017,4007,-4013,4005,-4015,4006,-4018,4010,-4015,4007,-4017,4010,-4016,4009,-4019,4005,-4016,4005,-4015,4006,-4018,4006,-4016,4006,-4015,4007,-4012,4007,-4014,4008,-4013,4009,-4011,4005,-4012,4006,-4012,4006,-0.23,SJNFAAZE1U0005576,117.71,14.32,8992.9921875,78,75,0,0,0,0,15.0,99.17,-154463,64,1528019997.591,17200,2,1,0,5,0,0,0,0,4,385.36,385.36,1F,1,1,1,0080,78,40,40,0,0,19,28.00
03/06/2018 11:00:01,54 58.53373,-1 31.10137,301,0,444,878164,1144818,386.50,24.772,4034,4016,4026,18,0,91.4,33.0,86.0,30.0,none,none,79.7,26.5,-4030,4026,-4029,4022,-4031,4024,-4030,4023,-4030,4024,-4030,4026,-4032,4026,-4032,4025,-4032,4025,-4032,4027,-4033,4024,-4031,4026,-4033,4027,-4033,4024,-4031,4028,-4032,4028,-4032,4027,-4030,4028,-4030,4025,-4030,4025,-4030,4024,-4034,4027,-4029,4024,-4030,4022,-4025,4017,-4028,4021,-4029,4021,-4029,4019,-4029,4019,-4032,4019,-4029,4017,-4032,4018,-4033,4022,-4030,4020,-4031,4021,-4030,4020,-4033,4017,-4033,4016,-4031,4018,-4034,4017,-4032,4017,-4029,4017,-4028,4018,-4030,4021,-4028,4022,-4027,4018,-4029,4019,-4027,4018,-0.26,SJNFAAZE1U0005576,117.71,14.32,8992.9921875,78,75,0,0,0,0,15.0,99.17,-154463,64,1528020001.715,9440,2,1,0,5,0,0,0,0,4,386.37,386.37,1F,1,1,1,0080,78,40,40,0,0,19,7.75
03/06/2018 11:00:05,54 58.53373,-1 31.10137,301,0,444,877984,1144818,386.69,22.269,4038,4018,4028,20,0,91.4,33.0,86.0,30.0,none,none,79.7,26.5,4027,-4036,4024,-4032,4027,4033,4029,-4031,4027,-4034,4028,4034,4028,-4036,4028,-4035,4028,-4035,4028,-4036,4030,4035,4028,-4035,4028,-4038,4028,-4036,4028,-4035,4029,-4034,4031,-4033,4029,-4035,4027,-4033,4026,4033,4028,-4032,4031,-4035,4027,-4032,4026,-4029,4023,4028,4022,-4032,4023,-4028,4026,-4029,4024,-4030,4026,-4031,4022,-4031,4023,-4032,4024,-4035,4023,4032,4025,-4033,4023,-4031,4024,-4033,4021,-4034,4020,-4033,4021,4034,4021,-4033,4018,-4030,4020,-4030,4022,-4031,4024,4032,4021,-4029,4023,-4031,4021,-4026,-0.19,SJNFAAZE1U0005576,117.71,14.32,8992.9921875,78,75,0,0,0,0,15.0,99.17,-154463,64,1528020005.709,5880,2,0,0,0,0,0,0,0,4,386.73,386.73,1F,1,1,1,0080,78,40,40,0,0,19,14.00
03/06/2018 11:00:09,54 58.53373,-1 31.10137,301,0,444,877679,1144818,385.92,41.556,4030,4010,4020,20,0,91.4,33.0,86.0,30.0,none,none,79.7,26.5,4018,-4027,4017,-4024,4020,4024,4021,-4023,4019,-4026,4020,-4026,4020,-4028,4019,4028,4020,-4027,4020,-4028,4021,-4026,4020,-4028,4021,4030,4019,-4027,4020,-4027,4021,-4027,4022,-4025,4022,-4026,4020,-4025,4020,-4025,4020,-4024,4022,4027,4019,-4024,4018,-4020,4014,-4020,4014,-4022,4015,4020,4017,-4020,4016,-4021,4017,-4021,4012,-4021,4012,-4024,4015,-4027,4014,-4024,4015,-4024,4014,4024,4016,-4024,4012,-4024,4011,-4025,4012,-4024,4012,-4025,4010,4023,4011,-4022,4013,-4022,4016,-4023,4012,-4021,4013,4023,4012,-4019,-0.22,SJNFAAZE1U0005576,117.71,14.32,8992.9921875,78,75,0,0,0,0,15.0,99.17,-154463,64,1528020009.587,12040,2,0,0,0,0,0,0,0,4,385.98,385.98,1F,1,1,1,0080,78,40,40,0,0,19,23.00
03/06/2018 11:00:13,54 58.53373,-1 31.10137,301,0,444,877340,1144818,386.30,30.173,4034,4013,4024,21,0,91.4,33.0,86.0,30.0,none,none,79.7,26.5,4022,4032,4019,-4029,4023,4027,4026,-4026,4023,-4029,4023,-4030,4023,-4031,4023,-4032,4023,-4031,4023,4031,4025,-4032,4024,-4032,4024,-4034,4023,-4031,4023,4031,4026,-4030,4026,-4028,4024,-4030,4025,-4029,4022,-4028,4024,-4027,4027,-4031,4023,-4028,4023,4023,4017,-4025,4018,-4027,4018,-4025,4021,-4024,4019,4026,4022,-4026,4015,-4028,4016,-4029,4019,-4032,4016,-4028,4019,-4030,4018,-4027,4018,-4030,4015,4030,4013,-4031,4015,-4031,4015,-4030,4013,-4028,4015,-4027,4017,4027,4019,-4029,4015,-4025,4018,-4026,4016,-4023,-0.20,SJNFAAZE1U0005576,117.71,14.32,8992.9921875,78,75,0,0,0,0,15.0,99.17,-154463,64,1528020013.207,10640,2,0,0,0,0,0,0,0,4,386.16,386.16,1F,1,1,1,0080,78,40,40,0,0,19,9.50
03/06/2018 11:00:16,54 58.53373,-1 31.10137,301,0,444,877185,1144818,386.59,19.431,4037,4016,4027,21,0,91.4,33.0,86.0,30.0,none,none,79.7,26.5,4026,-4035,4023,-4032,4027,4031,4029,-4029,4026,-4032,4026,-4032,4027,-4034,4026,-4035,4025,-4034,4026,-4034,4027,-4033,4026,4035,4027,-4037,4026,-4036,4027,-4033,4028,-4033,4028,4033,4027,-4032,4027,-4032,4026,-4032,4027,-4031,4029,-4034,4026,-4030,4025,-4027,4021,-4028,4022,4031,4022,-4029,4024,-4028,4022,-4029,4024,-4028,4019,-4032,4022,4032,4022,-4034,4020,-4032,4022,-4033,4021,-4031,4023,4033,4017,-4032,4018,-4034,4019,-4034,4019,-4034,4016,-4031,4019,-4031,4021,-4031,4023,-4032,4020,4029,4020,-4030,4019,-4026,-0.19,SJNFAAZE1U0005576,117.71,14.32,8992.9921875,78,75,0,0,0,0,15.0,99.17,-154463,64,1528020016.751,4720,2,1,0,4,0,0,0,0,4,386.74,386.74,1F,1,1,1,0080,78,40,40,0,0,19,15.50
03/06/2018 11:00:20,54 58.53373,-1 31.10137,301,0,444,876847,1144818,384.96,58.463,4020,4001,4010,19,0,91.4,33.0,86.0,30.0,none,none,79.7,26.5,-4012,4010,-4013,4007,-4015,4009,-4014,4009,-4014,4011,-4016,4011,-4017,4012,-4018,4011,-4017,4012,-4017,4012,-4018,4010,-4018,4013,-4018,4013,-4019,4011,-4017,4013,-4017,4014,-4016,4011,-4015,4013,-4016,4011,-4015,4010,-4015,4009,-4018,4014,-4014,4009,-4012,4006,-4009,4002,-4011,4005,-4012,4003,-4013,-4003,-4013,4004,-4015,4002,-4012,4003,-4015,4003,-4017,4005,-4015,4005,-4016,4004,-4014,4004,-4020,4001,-4016,4001,-4017,4001,-4017,4001,-4015,4002,-4013,4002,-4012,4004,-4014,4006,-4012,4005,-4009,4003,-4012,4002,-4010,4001,-0.45,SJNFAAZE1U0005576,117.71,14.08,8992.9921875,78,75,0,0,0,0,15.0,99.17,-154463,64,1528020020.783,16840,2,1,0,4,0,0,0,0,4,385.21,385.21,1F,1,1,1,0080,79,40,40,0,0,19,39.00
03/06/2018 11:00:24,54 58.53373,-1 31.10137,301,0,443,876162,1144818,383.71,75.950,4007,3987,3997,20,0,91.4,33.0,86.0,30.0,none,none,79.7,26.5,-3999,3997,-4001,3993,-4004,3997,-4002,3996,-4003,3998,-4004,4000,-4005,3999,-4005,3998,-4006,4000,-4005,4000,-4007,3998,-4006,4001,-4005,3999,-4006,3998,-4005,4001,-4004,4000,-4005,3999,-4004,4001,-4003,3998,-4003,3997,-4003,3998,-4005,4000,-4002,3996,-4000,3994,-3994,3987,-3997,3991,-3998,3991,-3998,3989,-3999,3991,-4002,3989,-3998,3989,-4001,3990,-4005,3993,-4002,3991,-4001,3992,-4002,3993,-4005,3987,-4002,3987,-4002,3990,-4004,3989,-4002,3989,-4000,3991,-3998,3989,-4001,3990,-3998,3992,-3995,3989,-3998,3989,-3997,3988,-0.34,SJNFAAZE1U0005576,117.71,13.76,8992.9921875,78,75,0,0,0,0,15.0,99.17,-154463,64,1528020024.507,23080,2,1,0,4,0,0,0,0,4,384.06,384.06,1F,1,1,1,0080,78,40,40,0,0,19,39.00
03/06/2018 11:00:28,54 58.53373,-1 31.10137,301,0,443,875536,1144818,383.90,65.421,4007,3990,3999,17,0,91.4,33.0,86.0,30.0,none,none,79.5,26.4,-4001,4000,-4002,3996,-4005,3999,-4003,3999,-4004,4001,-4004,4002,-4006,4001,-4006,4001,-4006,4002,-4006,4002,-4007,4002,-4006,4004,-4007,4002,-4006,4000,-4005,4004,-4006,4004,-4006,4002,-4004,4003,-4004,4001,-4004,4000,-4005,4000,-4006,4003,-4002,3998,-4000,3996,-3997,3990,-3998,3994,-3998,3993,-4000,3992,-4000,3993,-4002,3992,-3999,3992,-4002,3993,-4005,3997,-4002,3994,-4003,3995,-4002,3995,-4006,3991,-4003,3992,-4002,3992,-4005,3992,-4003,3993,-4001,3992,-3999,3993,-4002,3993,-3999,3994,-3997,3992,-3999,3993,-3998,3991,-0.41,SJNFAAZE1U0005576,117.71,13.44,8992.9921875,78,75,0,0,0,0,15.0,99.17,-154463,64,1528020028.077,21960,2,1,0,4,0,0,0,0,4,383.93,383.93,1F,1,1,1,0080,78,40,40,0,0,19,33.75
03/06/2018 11:00:31,54 58.53373,-1 31.10137,301,0,443,874981,1144818,384.19,54.404,4011,3993,4002,18,0,91.2,32.9,86.0,30.0,none,none,79.7,26.5,-4004,4002,-4005,3999,-4008,4001,-4007,4001,-4006,4002,-4008,4003,-4010,4004,-4010,4002,-4009,4003,-4009,4003,-4011,4003,-4010,4005,-4011,4005,-4011,4003,-4010,4004,-4009,4006,-4008,4004,-4008,4006,-4007,4003,-4007,4002,-4007,4001,-4010,4006,-4006,4000,-4005,3999,-4000,3993,-4003,3996,-4003,3994,-4005,3995,-4005,3996,-4007,3993,-4004,3994,-4007,3995,-4009,3999,-4006,3997,-4007,3997,-4006,3996,-4011,3993,-4008,3993,-4007,3993,-4009,3993,-4008,3993,-4005,3994,-4002,3994,-4006,3996,-4003,3997,-4002,3994,-4004,3995,-4002,3994,-0.65,SJNFAAZE1U0005576,117.71,13.12,8992.9921875,78,75,0,0,0,0,15.0,99.17,-154463,64,1528020031.816,17920,2,1,0,4,0,0,0,0,4,384.16,384.16,1F,1,1,1,0080,79,40,40,0,0,19,26.75
03/06/2018 11:00:35,54 58.53373,-1 31.10137,301,0,442,874480,1144818,384.10,53.641,4013,3989,4001,24,0,91.4,33.0,86.0,30.0,none,none,79.7,26.5,-3997,4009,-3997,4005,-3999,4006,-4001,4005,-3999,4007,-4000,4007,-4002,4011,-4001,4011,-4000,4010,-4001,4010,-4002,4009,-4002,4010,-4003,4013,-4000,4011,4002,-4011,4002,4008,4002,-4007,4001,-4008,4001,-4007,4000,-4007,-4001,4005,4003,4009,-3998,4006,-3999,4001,-3993,4000,-3992,4004,-3995,4000,-3996,4001,-3995,4003,-3996,4002,-3991,4005,-3992,4005,-3995,4009,-3993,4006,-3995,4007,-3994,4005,-3999,4006,-3991,4007,-3991,4008,-3993,4008,-3991,4007,-3989,4004,-3990,4005,-3994,4004,-3994,4003,-3991,4001,-3992,4002,-3990,3999,-0.62,SJNFAAZE1U0005576,117.71,13.04,8992.9921875,78,75,0,0,0,0,15.0,99.17,-154463,64,1528020035.764,16760,2,1,0,5,0,0,0,0,4,384.15,384.15,1F,1,1,1,0080,79,40,40,0,0,19,30.25
03/06/2018 11:00:39,54 58.53373,-1 31.10137,301,0,442,873981,1144818,384.00,53.672,4012,3989,4000,23,0,91.4,33.0,86.0,30.0,none,none,79.7,26.5,3997,4008,3996,-4004,3998,4003,4002,-4003,3998,-4005,3999,-4006,4001,-4009,4000,-4009,4000,-4008,4001,4009,4001,-4008,4000,-4009,4002,-4012,3999,-4010,4000,4007,4003,-4008,4002,-4006,4001,-4007,4002,-4006,4000,-4006,4000,4005,4003,-4008,3998,-4002,3997,-3999,3992,-3999,3993,-4002,3993,-3998,3996,-3999,3995,-4001,3995,4000,3991,-4004,3993,-4004,3995,-4006,3993,-4005,3994,4004,3994,-4004,3999,-4006,3990,-4006,3991,-4006,3992,-4006,3990,-4005,3989,-4004,3991,-4004,3992,4006,3993,-4003,3990,-4000,3991,-4002,3990,-3997,-0.57,SJNFAAZE1U0005576,117.71,13.04,8992.9921875,78,75,0,0,0,0,15.0,99.17,-154463,64,1528020039.494,17440,2,1,0,5,0,0,0,0,4,384.00,384.00,1F,1,1,1,0080,79,40,40,0,0,19,27.25
03/06/2018 11:00:43,54 58.53373,-1 31.10137,301,0,442,873516,1144818,384.38,43.632,4013,3993,4004,20,0,91.4,33.0,86.0,30.0,none,none,79.7,26.5,4002,-4011,3999,-4006,4003,4007,4006,-4006,4003,-4009,4005,-4009,4006,-4011,4004,-4011,4004,-4011,4005,-4012,4005,-4011,4005,4012,4006,-4013,4004,-4012,4004,-4011,4007,-4011,4007,-4010,4006,4011,4005,-4009,4004,-4008,4004,-4008,4007,-4010,4002,4007,4002,-4003,3996,-4002,3996,-4006,3997,-4003,4000,-4001,3999,-4004,4001,-4003,3996,-4005,3997,4006,4000,-4010,3999,-4008,3999,-4008,3998,-4006,4000,4007,3996,-4008,3994,-4009,3997,-4009,3996,-4008,3993,-4006,3995,-4006,3998,-4006,3998,-4006,3995,4004,3997,-4004,3994,-4001,-0.54,SJNFAAZE1U0005576,117.71,13.04,8992.9921875,78,75,0,0,0,0,15.0,99.17,-154463,64,1528020043.178,14360,2,1,0,5,0,0,0,0,4,384.31,384.31,1F,1,1,1,0080,79,40,40,0,0,19,20.75
03/06/2018 11:00:46,54 58.53373,-1 31.10137,301,0,442,873158,1144818,384.38,42.807,4015,3993,4004,22,0,91.2,32.9,86.0,30.0,none,none,79.7,26.5,4002,-4012,3999,-4009,4003,4008,4006,-4007,4002,4010,4003,-4011,4004,-4013,4004,-4013,4004,-4013,4004,-4013,4006,4013,4005,-4013,4005,-4015,4004,-4013,4004,-4012,4005,-4012,4006,-4010,4005,-4012,4005,-4011,4003,4009,4003,-4009,4007,-4012,4001,-4007,4002,-4004,3997,4004,3996,-4006,3998,-4003,4000,-4003,4000,-4006,3999,-4005,3995,-4008,3996,-4009,3998,-4013,3997,4009,3999,-4011,3998,-4009,4001,-4010,3994,-4009,3994,4011,3995,-4010,3995,-4010,3993,-4007,3995,-4009,3997,-4008,3998,-4008,3994,-4005,3996,-4005,3993,4003,-0.50,SJNFAAZE1U0005576,117.71,13.04,8992.9921875,78,75,0,0,0,0,15.0,99.17,-154463,64,1528020046.692,13200,2,1,0,5,0,0,0,0,4,384.38,384.38,1F,1,1,1,0080,79,40,40,0,0,19,20.25
03/06/2018 11:00:50,54 58.53373,-1 31.10137,301,0,442,872826,1144818,384.58,38.962,4017,3996,4006,21,0,91.4,33.0,86.0,30.0,none,none,79.7,26.5,4004,-4013,4003,-4009,4007,4010,4009,-4008,4006,-4013,4007,-4013,4007,-4014,4006,4013,4007,-4014,4007,-4014,4008,-4014,4008,-4015,4008,4017,4006,-4016,4007,-4013,4008,-4014,4009,-4012,4008,-4012,4008,-4012,4006,-4012,4006,-4010,4009,4013,4005,-4009,4005,-4006,3999,-4005,3999,-4009,4000,4006,4003,-4006,4002,-4007,4004,-4007,3998,-4008,4000,-4010,4003,-4013,4001,-4010,4002,-4011,4000,4009,4005,-4010,3998,-4011,3998,-4012,3999,-4011,3999,4010,3996,-4009,3999,-4008,3999,-4010,4001,-4009,3999,-4006,3999,-4007,3997,-4004,-0.50,SJNFAAZE1U0005576,117.71,13.04,8992.9921875,78,75,0,0,0,0,15.0,99.17,-154463,64,1528020050.248,12040,2,1,0,5,0,0,0,0,4,384.63,384.63,1F,1,1,1,0080,79,40,40,0,0,19,20.75
03/06/2018 11:00:54,54 58.53373,-1 31.10137,301,0,441,872453,1144818,384.19,45.341,4011,3992,4002,19,0,91.4,33.0,86.2,30.1,none,none,79.7,26.5,4005,4002,4006,-3999,-4007,4001,-4007,-4002,-4006,4003,-4008,4003,-4009,4003,-4009,4003,-4010,4004,-4010,4004,-4010,4004,-4011,4006,-4011,4004,-4011,4003,-4010,4005,-4009,4005,-4009,4005,-4008,4006,-4008,4003,-4007,4002,-4008,4001,-4010,4005,-4005,4000,-4005,3999,-3999,3993,-4002,3996,-4003,3995,-4004,3995,-4005,3996,-4007,3994,-4002,3995,-4007,3994,-4009,3998,-4007,3996,-4007,3997,-4006,3996,-4009,3992,-4008,3993,-4007,3994,-4009,3994,-4007,3994,-4006,3995,4003,3993,-4005,3995,4004,-3998,4001,-3994,4004,-3994,4001,-3993,-0.52,SJNFAAZE1U0005576,117.71,13.04,8994.6015625,78,75,0,0,0,0,15.0,99.17,-154463,64,1528020054.012,13560,2,1,0,5,0,0,0,0,4,384.24,384.24,1F,1,1,1,0080,79,40,40,0,0,19,25.75
03/06/2018 11:00:58,54 58.53373,-1 31.10137,301,0,441,871983,1144818,383.81,49.674,4007,3988,3998,19,0,91.4,33.0,86.0,30.0,none,none,79.7,26.5,-4000,3999,-4001,3994,-4003,3999,-4003,3996,-4003,3998,-4003,4001,-4005,4000,-4005,3999,-4005,4000,-4006,4000,-4007,4000,-4006,4002,-4006,4000,-4007,3998,-4006,4003,-4004,4001,-4005,4000,-4004,4003,-4003,3998,-4003,3999,-4004,3998,-4006,4001,-4001,3998,-4002,3994,-3995,3989,-3998,3992,-3999,3991,-3999,3991,-3999,3991,-4002,3991,-3998,3989,-4003,3991,-4005,3994,-4002,3993,-4004,3994,-4002,3993,-4004,3988,-4004,3989,-4003,3990,-4005,3990,-4003,3990,-4001,3989,-3998,3990,-4002,3990,-3999,3992,-3997,3989,-3998,3990,-3998,3989,-0.46,SJNFAAZE1U0005576,117.71,13.04,8994.6015625,78,75,0,0,0,0,15.0,99.17,-154463,64,1528020058.113,15320,2,1,0,5,0,0,0,0,4,384.09,384.09,1F,1,1,1,0080,79,40,40,0,0,19,28.25
03/06/2018 11:01:02,54 58.53373,-1 31.10137,301,0,441,871475,1144818,383.90,43.418,4009,3989,3999,20,0,91.4,33.0,86.0,30.0,none,none,79.7,26.5,-4002,3998,-4002,3996,-4004,3999,-4004,3998,-4005,3999,-4005,4000,-4008,4001,-4007,4000,-4006,4000,-4007,4001,-4008,4000,-4008,4002,-4009,4001,-4009,4000,-4008,4002,-4006,4002,-4007,4001,-4006,4003,-4006,3999,-4005,3998,-4004,3998,-4007,4002,-4003,3998,-4002,3997,-3997,3990,-4000,3992,-4000,3992,-4001,3992,-4002,3992,-4004,3991,-4001,3990,-4003,3992,-4006,3995,-4004,3993,-4005,3994,-4003,3993,-4007,3989,-4005,3990,-4006,3990,-4006,3991,-4005,3989,-4002,3991,-4000,3991,-4003,3993,-4001,3993,-3999,3991,-4001,3990,-3999,3990,-0.49,SJNFAAZE1U0005576,117.71,13.04,8994.6015625,78,75,0,0,0,0,15.0,99.17,-154463,64,1528020062.246,15600,2,1,0,5,0,0,0,0,4,384.10,384.10,1F,1,1,1,0080,79,40,40,0,0,19,21.00
03/06/2018 11:01:06,54 58.53373,-1 31.10137,301,0,441,871153,1144818,384.77,24.863,4017,3998,4008,19,0,91.4,33.0,86.0,30.0,none,none,79.7,26.5,-4011,4007,-4011,4005,-4014,4007,-4012,4006,-4013,4008,-4014,4008,-4015,4009,-4015,4008,-4016,4009,-4015,4009,-4016,4008,-4016,4010,-4016,4010,-4017,4008,-4015,4011,-4015,4010,-4015,4009,-4013,4011,-4014,4009,-4014,4008,-4014,4007,-4017,4011,-4013,4007,-4012,4004,-4007,3999,-4010,4002,-4010,4001,-4010,4001,-4011,4001,-4014,4000,-4010,4000,-4012,4001,-4016,4004,-4012,4001,-4014,4003,-4012,4001,-4015,3999,-4013,3998,-4014,4000,-4014,4000,-4013,4000,-4012,4001,-4010,3999,-4012,4001,-4011,4004,-4007,3999,-4009,4000,-4008,3999,-0.49,SJNFAAZE1U0005576,117.71,13.04,8994.6015625,78,75,0,0,0,0,15.0,99.17,-154463,64,1528020066.027,8600,2,1,0,5,0,0,0,0,4,384.93,384.93,1F,1,1,1,0080,79,40,40,0,0,19,14.75
03/06/2018 11:01:09,54 58.53373,-1 31.10137,301,0,441,870888,1144818,384.67,31.211,4017,3996,4007,21,0,91.4,33.0,86.0,30.0,none,none,79.7,26.5,4005,-4015,4003,-4011,4006,4011,4007,-4010,-4005,4012,4006,-4013,-4007,4016,-4006,4015,-4007,4016,-4006,4016,-4007,4015,-4007,4015,-4007,4017,-4006,4016,-4007,4015,-4008,4014,-4008,4012,-4008,4014,-4007,4012,-4006,4012,-4007,4012,-4010,4016,-4006,4011,-4005,4007,-3999,4007,-3999,4010,-4001,4008,-4003,4006,-4003,4008,-4003,4009,-3998,4010,-4000,4011,-4001,4016,-4000,4011,-4001,4014,-4000,4011,-4003,4013,-3997,4014,3998,-4014,3998,4013,3999,-4013,3996,-4011,3998,-4011,4000,-4010,4001,-4012,3999,4008,4000,-4008,3996,-4004,-0.48,SJNFAAZE1U0005576,117.71,13.04,8994.6015625,78,75,0,0,0,0,15.0,99.17,-154463,64,1528020069.857,9800,2,1,0,5,0,0,0,0,4,384.78,384.78,1F,1,1,1,0080,79,40,40,0,0,19,13.50
03/06/2018 11:01:13,54 58.53373,-1 31.10137,301,0,441,870656,1144818,385.25,20.286,4024,4003,4013,21,0,91.4,33.0,86.0,30.0,none,none,79.7,26.5,4010,-4023,4009,-4017,4013,4016,4015,-4016,4012,-4018,4011,4019,4014,-4021,4013,-4022,4013,-4021,4012,-4020,4014,4021,4014,-4020,4013,-4024,4013,-4022,4013,-4020,4015,-4021,4015,-4018,4015,-4020,4013,-4019,4012,4019,4012,-4017,4016,-4020,4012,-4017,4011,-4013,4006,4014,4006,-4016,4007,-4014,4008,-4013,4007,-4015,4010,-4015,4005,-4016,4006,-4018,4008,-4020,4006,4019,4006,-4018,4006,-4016,4008,-4020,4004,-4019,4003,4019,4005,-4019,4004,-4020,4003,-4017,4003,-4016,4006,-4017,4008,-4016,4004,-4014,4004,-4016,4004,4011,-0.48,SJNFAAZE1U0005576,117.71,13.04,8994.6015625,78,75,0,0,0,0,15.0,99.17,-154463,65,1528020073.456,7160,2,1,0,5,0,0,0,0,4,385.24,385.24,1F,1,1,1,0080,79,40,40,0,0,19,8.75
03/06/2018 11:01:17,54 58.53373,-1 31.10137,301,0,440,870475,1144818,385.06,25.168,4021,4000,4011,21,0,91.6,33.1,86.0,30.0,none,none,79.7,26.5,4008,-4020,4007,4014,4010,4015,4012,-4014,4010,-4017,4011,-4017,4012,-4019,4011,4019,4011,-4019,4011,-4019,4012,-4018,4011,-4020,4011,4021,4010,-4020,4010,-4019,4013,-4019,4014,-4017,4012,-4018,4011,-4017,4011,-4016,4011,-4015,4014,4019,4010,-4015,4010,-4012,4004,-4011,4005,-4015,4006,4012,4007,-4010,4006,-4014,4008,-4012,4002,-4015,4003,-4016,4006,-4020,4004,-4015,4005,-4017,4004,4015,4005,-4016,4001,-4017,4001,-4018,4004,-4019,4001,4016,4000,-4015,4003,-4015,4004,-4014,4006,-4016,4003,-4012,4003,-4014,4002,-4010,-0.48,SJNFAAZE1U0005576,117.71,13.04,8994.6015625,78,75,0,0,0,0,15.0,99.17,-154463,65,1528020077.249,6760,2,1,0,5,0,0,0,0,4,385.20,385.20,1F,1,1,1,0080,79,40,40,0,0,19,14.00
03/06/2018 11:01:21,54 58.53373,-1 31.10137,301,0,440,870212,1144818,384.86,31.272,4020,3997,4009,23,0,91.6,33.1,86.2,30.1,none,none,79.9,26.6,4007,4017,4005,-4013,4008,4012,4010,-4012,4007,-4015,4008,-4015,4009,-4018,4007,-4017,4008,-4017,4008,4017,4010,-4016,4008,-4016,4009,-4020,4008,-4018,4009,4017,4011,-4017,4011,-4014,4009,-4017,4009,-4015,4008,-4014,4009,-4014,4011,-4017,4008,-4013,4008,4009,4003,-4009,4003,-4013,4004,-4010,4005,-4009,4005,4011,4006,-4010,4001,-4012,4002,-4014,4004,-4016,4002,-4015,4005,-4015,4003,-4012,4005,-4015,3999,4015,3999,-4015,4001,-4016,4000,-4015,3997,-4013,4000,4012,4004,-4012,4003,-4013,4001,-4011,4001,-4011,3999,-4007,-0.47,SJNFAAZE1U0005576,117.71,13.04,8994.6015625,78,75,0,0,0,0,15.0,99.17,-154463,65,1528020081.172,9240,2,0,0,0,0,0,0,0,4,384.88,384.88,1F,1,1,1,0080,79,40,40,0,0,19,16.50
03/06/2018 11:01:25,54 58.53373,-1 31.10137,301,0,440,869889,1144818,384.38,44.425,4015,3993,4004,22,0,91.6,33.1,86.2,30.1,none,none,79.7,26.5,4002,-4011,4000,-4007,4002,4006,4006,-4006,4002,-4009,4003,-4009,4004,-4012,4003,-4011,4004,-4011,4004,-4012,4005,-4011,4004,4011,4005,-4015,4002,-4013,4004,-4010,4005,-4011,4006,4009,4005,-4010,4005,-4009,4003,-4009,4004,-4007,4007,-4011,4003,-4008,4002,-4004,3996,-4003,3996,4006,3998,-4002,3999,-4003,4000,-4005,4000,-4004,3995,4007,3996,-4008,3999,-4010,3998,-4011,3998,-4008,3996,-4005,4001,-4010,3994,-4010,3995,-4010,3995,4009,3994,-4009,3993,-4007,3995,-4007,3998,-4008,3997,4006,3995,-4005,3995,-4005,3993,-4002,-0.49,SJNFAAZE1U0005576,117.71,13.04,8994.6015625,78,75,0,0,0,0,15.0,99.17,-154463,65,1528020085.021,12880,2,0,0,0,0,0,0,0,4,384.32,384.32,1F,1,1,1,0080,79,40,40,0,0,19,22.75
03/06/2018 11:01:28,54 58.53373,-1 31.10137,301,0,440,869484,1144818,384.00,44.303,4009,3992,4000,17,0,91.6,33.1,86.2,30.1,none,none,79.7,26.5,-4003,4000,-4003,3997,-4005,3999,-4005,3999,-4005,4002,-4006,4002,-4008,4001,-4007,4001,-4007,4002,-4007,4002,-4008,4002,-4007,4003,-4009,4004,-4008,4002,-4007,4004,-4007,4004,-4006,4002,-4006,4004,-4006,4000,-4005,4001,-4006,4000,-4008,4004,-4004,3999,-4003,3996,-3998,3992,-4001,3994,-4001,3993,-4002,3993,-4001,3994,-4005,3993,-4001,3993,-4004,3993,-4006,3996,-4004,3995,-4005,3996,-4003,3996,-4006,3992,-4005,3992,-4005,3992,-4007,3992,-4004,3993,-4003,3993,-4002,3993,-4004,3995,-4002,3995,-3998,3992,-4001,3993,-4000,3992,-0.48,SJNFAAZE1U0005576,117.71,13.04,8994.6015625,78,75,0,0,0,0,15.0,99.17,-154463,65,1528020088.757,13640,2,0,0,0,0,0,0,0,4,384.17,384.17,1F,1,1,1,0080,79,40,40,0,0,19,26.50
03/06/2018 11:01:32,54 58.53373,-1 31.10137,301,0,440,869041,1144818,383.71,50.528,4006,3987,3997,19,0,91.6,33.1,86.2,30.1,none,none,79.7,26.5,-4001,3997,-4000,3994,-4002,3996,-4002,3996,-4002,3998,-4002,3999,-4004,3998,-4004,3997,-4005,3999,-4005,3999,-4006,3999,-4005,4001,-4006,3999,-4005,3998,-4004,4000,-4004,4001,-4004,3999,-4002,4001,-4002,3998,-4004,3997,-4002,3996,-4005,4000,-4000,3996,-4000,3994,-3996,3987,-3997,3991,-3999,3990,-4000,3989,-4000,3991,-4000,3990,-4000,3989,-4003,3989,-4004,3994,-4002,3991,-4003,3992,-4002,3992,-4006,3988,-4003,3988,-4003,3988,-4005,3988,-4004,3989,-3999,3989,-3999,3989,-4002,3992,-3999,3991,-3997,3989,-3999,3989,-3997,3989,-0.50,SJNFAAZE1U0005576,117.71,13.04,8994.6015625,78,75,0,0,0,0,15.0,99.17,-154463,65,1528020092.518,15920,2,0,0,0,0,0,0,0,4,383.71,383.71,1F,1,1,1,0080,79,40,40,0,0,19,25.50
03/06/2018 11:01:36,54 58.53373,-1 31.10137,301,0,440,868623,1144818,383.90,40.793,4008,3989,3999,19,0,91.6,33.1,86.0,30.0,none,none,79.7,26.5,-4002,3999,-4002,3996,-4004,3999,-4003,3997,-4005,4000,-4005,4000,-4006,4000,-4006,4000,-4006,4001,-4006,4001,-4007,4000,-4006,4002,-4006,4001,-4008,4000,-4006,4002,-4005,4002,-4006,4000,-4004,4003,-4004,4000,-4003,3999,-4004,3999,-4005,4001,-4002,3998,-4002,3996,-3997,3990,-3999,3992,-4000,3992,-4001,3991,-4000,3993,-4003,3991,-4000,3990,-4004,3992,-4005,3995,-4003,3992,-4004,3994,-4003,3994,-4006,3989,-4005,3989,-4004,3990,-4006,3991,-4005,3991,-4002,3991,-4002,3991,-4003,3993,-4001,3994,-3998,3990,-4001,3990,-3999,3991,-0.47,SJNFAAZE1U0005576,117.71,13.04,8994.6015625,78,75,0,0,0,0,15.0,99.17,-154463,65,1528020096.335,13960,2,1,0,4,0,0,0,0,4,384.01,384.01,1F,1,1,1,0080,79,40,40,0,0,19,21.50
03/06/2018 11:01:39,54 58.53373,-1 31.10137,301,0,439,868228,1144818,383.71,44.944,4007,3987,3997,20,0,91.6,33.1,86.0,30.0,none,none,79.5,26.4,-3999,3996,-4000,3993,-4002,3996,-4002,3996,-4002,3997,-4002,3998,-4004,3997,-4005,3998,-4006,3998,-4005,3999,-4006,3999,-4005,4000,-4006,3999,-4007,3997,-4004,4000,-4004,4000,-4004,3998,-4004,4000,-4003,3997,-4003,3997,-4003,3996,-4005,4000,-4001,3995,-4000,3994,-3995,3988,-3998,3992,-3998,3989,-3999,3989,-4000,3990,-4002,3989,-3999,3989,-4001,3989,-4004,3992,-4002,3992,-4002,3991,-4002,3991,-4003,3987,-4003,3987,-4003,3988,-4004,3989,-4003,3988,-4002,3989,-3999,3989,-4001,3990,-3999,3991,-3996,3988,-3998,3988,-3998,3988,-0.49,SJNFAAZE1U0005576,117.71,13.04,8994.6015625,78,75,0,0,0,0,15.0,99.17,-154463,65,1528020099.989,13120,2,1,0,5,0,0,0,0,4,383.82,383.82,1F,1,1,1,0080,79,40,40,0,0,19,24.00
03/06/2018 11:01:43,54 58.53373,-1 31.10137,301,0,439,867816,1144818,383.71,43.845,4009,3986,3997,23,0,91.6,33.1,86.2,30.1,none,none,79.9,26.6,-3994,4005,-3992,4001,-3996,4002,-3999,4001,-3997,4003,-3997,4004,-3998,4006,-3997,4007,-3997,4006,-3997,4006,-3998,4006,-3998,4005,-3997,4009,-3996,4008,3998,-4005,4000,4004,3999,-4004,3999,-4005,3998,-4005,3998,-4004,3997,-4002,4000,4005,3996,-4001,3994,-3997,3989,-3997,3989,-4000,3991,3996,3992,-3996,3991,-3999,3993,-3998,3989,-3999,3989,-4002,3991,-4005,3991,-4001,-3991,4003,-3989,4001,-3994,4002,-3988,4004,-3987,4004,-3988,4003,-3988,4003,-3986,4000,-3988,4000,-3990,4000,-3989,4000,-3987,3997,-3988,4000,-3986,3995,-0.02,SJNFAAZE1U0005576,117.71,13.28,8994.6015625,78,75,0,0,0,0,15.0,99.17,-154463,65,1528020103.596,15280,2,1,0,5,0,0,0,0,4,383.77,383.77,1F,1,1,1,0080,79,40,40,0,0,19,19.25
03/06/2018 11:01:47,54 58.53373,-1 31.10137,301,0,439,867545,1144818,384.67,21.323,4018,3996,4007,22,0,91.6,33.1,86.2,30.1,none,none,79.7,26.5,4004,4014,4002,-4010,4005,4009,4009,-4009,4006,-4011,4006,-4012,4007,-4015,4007,-4015,4006,-4014,4008,4015,4007,-4015,4007,-4015,4007,-4018,4006,-4015,4007,4013,4008,-4013,4009,-4012,4008,-4013,4006,-4011,4006,-4011,4006,-4010,4009,-4013,4004,-4009,4004,4006,4000,-4007,4000,-4009,4001,-4006,4003,-4005,4002,4009,4003,-4009,3998,-4011,4000,-4011,4002,-4014,4000,-4012,4002,4012,4000,-4009,4002,-4012,3996,-4013,3996,-4012,3998,-4012,3998,-4012,3996,-4011,3998,-4010,4000,4010,4000,-4011,3998,-4008,3999,-4009,3998,-4004,0.08,SJNFAAZE1U0005576,117.71,13.52,8994.6015625,78,75,0,0,0,0,15.0,99.17,-154463,65,1528020107.554,7480,2,1,0,5,0,0,0,0,4,384.56,384.56,1F,1,1,1,0080,79,40,40,0,0,19,13.25
03/06/2018 11:01:51,54 58.53373,-1 31.10137,301,0,439,867264,1144818,384.29,33.744,4014,3991,4003,23,0,91.6,33.1,86.2,30.1,none,none,79.9,26.6,4000,-4011,3999,-4007,4002,4007,4004,-4006,4002,-4009,4002,-4009,4002,-4011,4002,-4012,4003,-4011,4003,-4011,4005,-4011,4003,4011,4003,-4014,4001,-4012,4002,-4010,4004,-4010,4003,4009,4004,-4010,4004,-4009,4002,-4009,4004,-4007,4006,-4010,4001,-4007,4001,-4003,3995,-4003,3995,4006,3997,-4002,3999,-4002,3998,-4005,3999,-4004,3993,4005,3994,-4008,3999,-4011,3996,-4007,3997,-4008,3996,-4007,3998,4010,3993,-4009,3992,-4009,3994,-4008,3994,-4009,3991,-4006,3994,-4006,3995,-4007,3997,-4006,3994,4003,3993,-4005,3993,-4001,-0.13,SJNFAAZE1U0005576,117.71,13.84,8994.6015625,78,75,0,0,0,0,15.0,99.17,-154463,65,1528020111.238,10120,2,1,0,5,0,0,0,0,4,384.34,384.34,1F,1,1,1,0080,79,40,40,0,0,11,15.50
03/06/2018 11:01:54,54 58.53373,-1 31.10137,301,0,439,867018,1144818,384.58,27.274,4016,3996,4006,20,0,91.6,33.1,86.2,30.1,none,none,79.7,26.5,4003,-4013,4001,-4009,4005,4009,4007,-4009,4005,4012,4006,-4011,4007,-4014,4006,-4012,4006,-4013,4007,-4014,4008,-4014,4007,-4014,4006,-4016,4005,4013,4006,-4013,4008,-4013,4007,-4012,4007,-4013,4007,4012,4006,-4011,4006,-4010,4009,-4013,4005,-4009,4004,-4006,3998,4006,3999,-4009,4001,-4006,4002,-4006,4002,-4007,4002,-4006,3999,-4008,3999,-4010,4001,-4012,4000,4010,4002,-4011,4000,-4009,4003,-4010,3998,-4011,3998,4009,3998,-4010,3998,-4011,3996,-4009,3997,-4008,3999,-4009,4000,-4008,3996,-4006,3998,-4007,3997,4004,-0.09,SJNFAAZE1U0005576,117.71,14.16,8994.6015625,78,75,0,0,0,0,15.0,99.17,-154463,65,1528020114.779,8640,2,1,0,5,0,0,0,0,4,384.51,384.51,1F,1,1,1,0080,79,40,40,0,0,19,17.25
03/06/2018 11:01:58,54 58.53373,-1 31.10137,301,0,439,866689,1144818,383.52,47.141,4006,3983,3995,23,0,91.4,33.0,86.0,30.0,none,none,79.7,26.5,3991,-4003,3990,3999,3994,4000,3997,-3998,3994,-4001,3995,-4003,3996,4003,3994,-4003,3995,-4004,3996,-4004,3997,-4003,3997,-4004,3997,-4006,3994,-4004,3995,-4004,3997,4003,3997,-4001,3997,-4002,3996,-4001,3996,-4001,3996,-4000,3998,4003,3994,-3999,3994,-3996,3987,-3994,3986,-3998,3988,3996,3990,-3994,3989,-3997,3991,-3996,3985,-3999,3987,-3999,3990,-4003,3988,-3999,3990,-4002,3987,3999,3990,-4000,3985,-4001,3985,-4002,3987,-4002,3986,4001,3983,-3998,3986,-3998,3988,-3997,3988,-3999,3986,-3996,3987,-3996,3985,-3993,-0.15,SJNFAAZE1U0005576,117.71,14.32,8994.6015625,78,75,0,0,0,0,15.0,99.17,-154463,65,1528020118.599,13760,2,1,0,5,0,0,0,0,4,383.71,383.71,1F,1,1,1,0080,79,40,40,0,0,19,29.00
03/06/2018 11:02:02,54 58.53373,-1 31.10137,301,0,438,866207,1144818,383.23,48.636,4001,3982,3992,19,0,91.6,33.1,86.4,30.2,none,none,79.9,26.6,-3994,3992,-3995,3989,-3998,3992,-3997,3991,-3997,3993,-3997,3994,-4000,3993,-3999,3993,-3999,3995,-3999,3993,-4001,3993,-4000,3995,-4001,3993,-3999,3993,-3999,3995,-3997,3995,-3998,3994,-3998,3995,-3998,3993,-3997,3992,-3997,3992,-4000,3995,-3995,3991,-3995,3989,-3989,3982,-3991,3985,-3992,3985,-3994,3984,-3993,3985,-3996,3984,-3992,3983,-3997,3985,-3998,3988,-3996,3985,-3997,3987,-3997,3987,-3997,3982,-3997,3983,-3997,3984,-3998,3983,-3997,3983,-3994,3984,-3993,3983,-3996,3984,-3993,3987,-3990,3984,-3993,3985,-3992,3983,-0.16,SJNFAAZE1U0005576,117.71,14.32,8996.2109375,78,75,0,0,0,0,15.0,99.17,-154463,65,1528020122.305,16200,2,1,0,5,0,0,0,0,4,383.38,383.38,1F,1,1,1,0080,79,40,40,0,0,19,26.00
03/06/2018 11:02:06,54 58.53373,-1 31.10137,301,0,438,865745,1144818,382.94,54.679,3998,3979,3989,19,0,91.6,33.1,86.0,30.0,none,none,79.7,26.5,-3990,3989,-3991,3986,-3994,3989,-3994,3988,-3994,3990,-3994,3992,-3995,3991,-3997,3990,-3996,3992,-3997,3991,-3998,3991,-3997,3993,-3998,3991,-3997,3990,-3996,3993,-3995,3992,-3995,3992,-3994,3993,-3994,3990,-3994,3989,-3995,3989,-3996,3993,-3992,3988,-3992,3986,-3986,3980,-3988,3982,-3990,3983,-3990,3982,-3992,3983,-3993,3982,-3990,3980,-3993,3982,-3996,3986,-3992,3983,-3994,3984,-3993,3984,-3996,3980,-3993,3979,-3993,3981,-3995,3981,-3994,3980,-3991,3982,-3989,3981,-3993,3983,-3990,3985,-3987,3980,-3990,3980,-3988,3980,-0.14,SJNFAAZE1U0005576,117.71,14.32,8996.2109375,78,75,0,0,0,0,15.0,99.17,-154463,65,1528020126.143,16040,2,1,0,5,0,0,0,0,4,383.06,383.06,1F,1,1,1,0080,79,40,40,0,0,19,29.50
03/06/2018 11:02:09,54 58.53373,-1 31.10137,301,0,438,865210,1144818,382.56,61.484,3994,3975,3985,19,0,91.6,33.1,86.2,30.1,none,none,79.9,26.6,-3985,3984,-3988,3981,-3990,3985,-3990,3984,-3989,3986,-3990,3986,-3991,3986,-3992,3987,-3991,3986,-3992,3987,-3993,3987,-3992,3988,-3994,3988,-3992,3986,-3992,3988,-3991,3989,-3991,3987,-3990,3989,-3990,3985,-3990,3985,-3990,3985,-3991,3987,-3988,3983,-3987,3981,-3981,3975,-3984,3977,-3985,3978,-3985,3976,-3986,3978,-3988,3977,-3984,3977,-3989,3978,-3991,3980,-3988,3979,-3991,3980,-3989,3980,-3993,3975,-3990,3977,-3989,3977,-3991,3976,-3990,3977,-3988,3976,-3985,3977,-3988,3979,-3985,3979,-3982,3975,-3985,3976,-3983,3977,-0.17,SJNFAAZE1U0005576,117.71,14.32,8996.2109375,78,75,0,0,0,0,15.0,99.17,-154463,65,1528020129.925,18840,2,1,0,5,0,0,0,0,4,382.59,382.59,1F,1,1,1,0080,79,40,40,0,0,19,30.00
03/06/2018 11:02:13,54 58.53373,-1 31.10137,301,0,438,864711,1144818,382.85,49.552,3998,3979,3988,19,0,91.4,33.0,86.0,30.0,none,none,79.7,26.5,-3990,3989,-3989,3985,-3994,3989,-3993,3986,-3992,3989,-3994,3990,-3994,3989,-3997,3990,-3995,3990,-3996,3989,-3997,3990,-3996,3991,-3998,3991,-3997,3988,-3996,3992,-3995,3991,-3996,3991,-3995,3991,-3994,3989,-3994,3989,-3995,3988,-3995,3991,-3992,3987,-3991,3985,-3986,3979,-3989,3982,-3988,3982,-3990,3981,-3990,3981,-3991,3980,-3988,3979,-3992,3980,-3994,3983,-3993,3984,-3993,3984,-3993,3983,-3996,3979,-3993,3979,-3994,3980,-3994,3981,-3993,3980,-3991,3980,-3989,3979,-3991,3982,-3990,3982,-3986,3980,-3988,3980,-3987,3979,-0.18,SJNFAAZE1U0005576,117.71,14.32,8996.2109375,78,75,0,0,0,0,15.0,99.17,-154463,65,1528020133.647,15800,2,1,0,5,0,0,0,0,4,382.90,382.90,1F,1,1,1,0080,79,40,40,0,0,19,24.75
03/06/2018 11:02:17,54 58.53373,-1 31.10137,301,0,437,864312,1144818,383.33,36.429,4005,3982,3993,23,0,91.6,33.1,86.2,30.1,none,none,79.7,26.5,3990,-4000,3987,-3996,3991,3997,3994,-3997,3992,-4000,3992,-4000,3994,-4001,3992,-4001,3992,-4002,3993,-4001,3994,-4001,3993,4001,-3994,4005,-3992,4001,-3992,4001,-3994,4001,-3995,3999,-3994,4002,-3993,3999,-3991,3999,-3993,3999,-3995,4001,-3991,3998,-3990,3993,-3985,3992,-3984,3996,-3986,3992,-3988,3992,-3988,3996,-3988,3994,-3983,3996,-3986,3997,-3987,4000,-3985,3997,-3988,3998,-3986,3997,-3987,3999,-3982,3998,3982,-3999,3985,3997,3984,-3999,3982,-3997,3983,-3995,3986,-3997,3985,-3996,3983,3992,3984,-3995,3982,-3990,-0.18,SJNFAAZE1U0005576,117.71,14.32,8996.2109375,78,75,0,0,0,0,15.0,99.17,-154463,65,1528020137.436,12720,2,1,0,5,0,0,0,0,4,383.35,383.35,1F,1,1,1,0080,79,40,40,0,0,11,17.75
03/06/2018 11:02:21,54 58.53373,-1 31.10137,301,0,437,864001,1144818,383.62,33.988,4006,3985,3996,21,0,91.4,33.0,86.2,30.1,none,none,79.7,26.5,3993,-4002,3992,-4000,3996,3999,3997,-3999,3995,4001,3996,-4001,3997,-4004,3996,-4004,3996,-4004,3997,-4003,3998,4004,3998,-4004,3997,-4006,3996,-4005,3996,-4003,3999,-4003,3998,-4002,3997,-4002,3996,-4002,3996,4000,3997,-4000,3998,-4003,3994,-3999,3994,-3995,3987,3995,3989,-3997,3989,-3994,3991,-3994,3992,-3997,3992,-3996,3989,-3997,3989,-3999,3992,-4003,3990,4000,3990,-4000,3989,-3999,3992,-4001,3988,-4001,3987,4001,3988,-4000,3988,-4000,3985,-3997,3987,-3997,3990,-3997,3989,-3998,3987,-3995,3988,-3996,3986,3993,-0.19,SJNFAAZE1U0005576,117.71,14.32,8996.2109375,78,75,0,0,0,0,15.0,99.17,-154463,65,1528020141.179,10440,2,1,0,5,0,0,0,0,4,383.54,383.54,1F,1,1,1,0080,79,40,40,0,0,19,13.00
03/06/2018 11:02:25,54 58.53373,-1 31.10137,301,0,437,863806,1144818,384.86,8.597,4020,3997,4009,23,0,91.4,33.0,86.2,30.1,none,none,79.7,26.5,4006,-4017,4004,4013,4007,4012,4010,-4011,4007,-4014,4007,-4014,4009,4017,4007,-4016,4007,-4016,4008,-4017,4008,-4016,4008,-4016,4008,4020,4007,-4018,4008,-4016,4009,-4015,4010,-4015,4009,-4015,4009,-4015,4006,-4014,4008,-4013,4011,4016,4006,-4013,4007,-4008,4001,-4010,4002,-4012,4003,4009,4004,-4009,4003,-4011,4005,-4010,4000,-4012,4001,-4014,4004,-4015,4002,-4014,4002,-4014,4001,4013,4003,-4015,3998,-4016,3999,-4016,3999,-4015,3998,4015,3997,-4013,3999,-4012,4002,-4011,4003,-4011,4000,-4010,4001,-4012,4000,-4007,-0.23,SJNFAAZE1U0005576,117.71,14.32,8996.2109375,78,75,0,0,0,0,15.0,99.17,-154463,65,1528020145.111,3920,2,1,0,5,0,0,0,0,4,384.68,384.68,1F,1,1,1,0080,79,40,40,0,0,19,-0.75
03/06/2018 11:02:28,54 58.53373,-1 31.10137,301,0,437,863767,1144818,385.15,4.936,4023,4001,4012,22,0,91.6,33.1,86.2,30.1,none,none,79.7,26.5,4010,-4020,4007,-4017,4010,4015,4012,4015,4010,-4017,4011,-4018,4012,-4020,4011,-4020,4011,4020,4011,-4020,4012,-4019,4011,-4020,4011,-4023,4011,-4021,4012,4019,4012,-4019,4014,-4018,4013,-4019,4011,-4018,4010,-4017,4012,-4016,4014,-4019,4011,-4016,4010,4012,4005,-4014,4005,-4016,4007,-4013,4009,-4012,4007,4015,4008,-4015,4005,-4016,4004,-4016,4008,-4020,4005,-4018,4008,-4017,4005,-4016,4007,-4019,4003,4019,4001,-4020,4003,-4019,4004,-4018,4001,-4015,4004,4016,4005,-4016,4007,-4016,4003,-4014,4005,-4016,4003,-4012,-0.24,SJNFAAZE1U0005576,117.71,14.32,8996.2109375,78,75,0,0,0,0,15.0,99.17,-154463,65,1528020148.931,1000,2,1,0,5,0,0,0,0,4,385.21,385.21,1F,1,1,1,0080,79,40,40,0,0,11,-0.50
03/06/2018 11:02:32,54 58.53373,-1 31.10137,301,0,437,863729,1144818,385.44,4.844,4025,4006,4015,19,0,91.6,33.1,86.2,30.1,none,none,79.7,26.5,4013,-4023,4011,-4019,4014,4018,4015,-4017,4013,-4019,4014,4020,4014,-4022,4014,-4021,4015,-4021,4014,-4021,4016,-4021,4015,4022,4015,-4025,4014,-4023,4015,-4021,4015,-4021,4015,4019,4015,-4021,4014,-4018,4014,-4020,4015,-4018,4017,-4021,4014,-4017,4014,-4015,4010,-4015,4009,4018,4011,-4015,4012,-4015,4011,-4016,4013,-4016,4009,4018,4009,-4019,4011,-4022,4009,-4017,4010,-4019,4008,-4018,4010,-4019,4007,-4019,4007,-4019,4007,4019,4007,-4020,4006,-4018,4007,-4017,4009,-4017,4010,4018,4008,-4015,4009,-4017,4006,-4015,-0.18,SJNFAAZE1U0005576,117.71,14.32,8996.2109375,78,75,0,0,0,0,15.0,99.17,-154463,66,1528020152.736,1160,2,1,0,5,0,0,0,0,4,385.42,385.42,1F,1,1,1,0080,79,40,40,0,0,19,1.50
03/06/2018 11:02:36,54 58.53373,-1 31.10137,301,0,437,863572,1144818,381.50,90.234,3983,3963,3974,20,0,91.6,33.1,86.2,30.1,none,none,79.7,26.5,-3975,3973,-3977,3971,-3979,3974,-3979,3973,-3979,3977,-3980,3977,-3982,3977,-3982,3977,-3981,3977,-3983,3977,-3983,3977,-3982,3980,-3983,3978,-3983,3976,-3982,3978,-3982,3979,-3982,3977,-3981,3978,-3981,3975,-3979,3975,-3980,3975,-3982,3977,-3977,3972,-3976,3970,-3969,3963,-3971,3967,-3972,3966,-3974,3966,-3975,3968,-3977,3966,-3974,3965,-3978,3967,-3980,3969,-3978,3968,-3979,3970,-3977,3969,-3983,3963,-3977,3965,-3978,3967,-3979,3965,-3978,3966,-3976,3966,-3974,3966,-3977,3967,-3973,3967,-3971,3964,-3972,3965,-3971,3965,-0.20,SJNFAAZE1U0005576,117.71,14.32,8996.2109375,78,75,0,0,0,0,15.0,99.17,-154463,66,1528020156.524,19840,2,1,0,5,0,0,0,0,4,382.56,382.56,1F,1,1,1,0080,79,40,40,0,0,19,79.75
03/06/2018 11:02:40,54 58.53373,-1 31.10137,301,0,436,862391,1144818,378.72,148.745,3960,3932,3945,28,0,91.6,33.1,86.2,30.1,none,none,79.7,26.5,-3943,3943,-3948,3940,-3950,3943,-3951,3945,-3950,3947,-3951,3948,-3953,3948,-3954,3949,-3954,3947,-3955,3950,-3954,3949,-3955,3950,-3955,3949,-3955,3948,-3954,3949,-3954,3951,-3953,3948,-3951,3951,-3951,3947,-3952,3948,-3951,3944,-3952,3949,-3947,3943,-3945,3942,-3939,3932,-3940,3936,-3941,3933,-3942,3936,-3949,3937,-3946,3934,-3943,3936,-3949,3937,-3951,3937,-3949,3942,-3950,3940,-3947,3938,-3960,3935,-3948,3936,-3950,3936,-3950,3937,-3949,3936,-3946,3936,-3944,3937,-3947,3941,-3941,3935,-3940,3935,-3943,3935,-3941,3933,-0.19,SJNFAAZE1U0005576,117.71,14.32,8996.2109375,78,75,0,0,0,0,15.0,99.17,-154463,66,1528020160.223,43600,2,1,0,5,0,0,0,0,4,378.86,378.86,1F,1,1,1,0080,79,40,40,0,0,19,80.00
03/06/2018 11:02:44,54 58.53373,-1 31.10137,301,0,436,861500,1144818,382.27,39.115,3990,3972,3982,18,0,91.6,33.1,86.2,30.1,none,none,79.7,26.5,-3983,3981,-3985,3978,-3987,3982,-3986,3982,-3986,3982,-3988,3983,-3989,3982,-3990,3983,-3988,3984,-3989,3983,-3990,3983,-3989,3986,-3990,3985,-3990,3982,-3990,3986,-3988,3986,-3989,3984,-3987,3986,-3986,3983,-3987,3982,-3988,3983,-3989,3986,-3984,3981,-3984,3979,-3978,3972,-3981,3975,-3983,3973,-3983,3975,-3984,3975,-3985,3974,-3982,3972,-3986,3974,-3989,3978,-3985,3975,-3987,3977,-3985,3977,-3987,3972,-3987,3973,-3987,3973,-3988,3973,-3987,3975,-3985,3975,-3981,3972,-3985,3975,-3982,3976,-3980,3972,-3980,3974,-3981,3973,-0.18,SJNFAAZE1U0005576,117.71,14.32,8996.2109375,78,75,0,0,0,0,15.0,99.17,-154463,66,1528020164.032,13760,2,0,0,0,0,0,0,0,4,382.21,382.21,1F,1,1,1,0080,80,40,40,0,0,19,21.25
03/06/2018 11:02:47,54 58.53373,-1 31.10137,301,0,436,861125,1144818,382.37,42.472,3991,3973,3983,18,0,91.6,33.1,86.2,30.1,none,none,79.9,26.6,-3985,3982,-3985,3980,-3988,3982,-3988,3982,-3989,3985,-3987,3985,-3990,3985,-3990,3983,-3989,3985,-3990,3985,-3991,3985,-3990,3986,-3991,3986,-3991,3983,-3990,3986,-3989,3986,-3990,3985,-3989,3988,-3987,3984,-3989,3983,-3989,3984,-3990,3985,-3986,3982,-3985,3980,-3981,3973,-3981,3976,-3983,3977,-3985,3975,-3985,3977,-3988,3976,-3983,3974,-3987,3976,-3989,3979,-3987,3977,-3988,3979,-3986,3978,-3989,3974,-3988,3974,-3988,3975,-3990,3975,-3989,3974,-3986,3976,-3985,3975,-3986,3975,-3983,3978,-3982,3975,-3984,3975,-3982,3973,-0.21,SJNFAAZE1U0005576,117.71,14.32,8996.2109375,78,75,0,0,0,0,15.0,99.17,-154463,66,1528020167.752,13440,2,0,0,0,0,0,0,0,4,382.39,382.39,1F,1,1,1,0080,80,40,40,0,0,19,21.75
03/06/2018 11:02:51,54 58.53373,-1 31.10137,301,0,436,860725,1144818,382.18,42.289,3992,3969,3981,23,0,91.6,33.1,86.2,30.1,none,none,79.7,26.5,-3977,3988,-3977,3985,-3979,3985,-3983,3984,-3980,3988,-3980,3988,-3983,3990,-3981,3990,-3981,3990,-3981,3990,-3984,3989,-3983,3990,-3983,3992,-3980,3990,3982,-3990,3984,3988,3983,-3988,3983,-3989,3982,-3989,3981,-3986,3982,-3986,3983,3990,3980,-3986,3979,-3981,3972,-3980,3972,-3982,3973,3980,3975,-3979,3975,-3982,3976,-3983,3970,-3984,3973,-3986,3976,-3988,3975,-3986,3976,-3986,3975,3985,3977,-3986,3971,-3987,3971,-3988,3973,-3987,3971,3988,3969,-3983,3971,-3983,3974,-3984,-3974,3984,-3970,-3980,-3971,3982,-3970,3978,-0.17,SJNFAAZE1U0005576,117.71,14.32,8996.2109375,78,75,0,0,0,0,15.0,99.17,-154463,66,1528020171.582,13720,3,0,0,0,0,0,0,0,4,382.54,382.54,1F,1,1,1,0080,80,40,40,0,0,19,23.75
03/06/2018 11:02:55,54 58.53373,-1 31.10137,301,0,435,860270,1144818,382.08,51.169,3991,3970,3980,21,0,91.6,33.1,86.2,30.1,none,none,79.9,26.6,3977,3986,3977,-3984,3980,3985,3983,-3983,3981,-3986,3980,-3987,3981,-3989,3981,-3989,3982,-3990,3981,3989,3984,-3988,3982,-3989,3983,-3991,3980,-3989,3982,3989,3984,-3988,3983,-3987,3983,-3988,3982,-3986,3980,-3986,3981,-3985,3984,-3989,3979,-3984,3978,3980,3972,-3978,3972,-3980,3974,-3979,3975,-3979,3974,3981,3976,-3981,3971,-3982,3973,-3984,3976,-3987,3974,-3984,3976,-3986,3974,-3984,3976,-3984,3971,3984,3971,-3986,3974,-3984,3972,-3985,3970,-3983,3971,3982,3973,-3981,3974,-3981,3971,-3979,3972,-3981,3970,-3977,-0.23,SJNFAAZE1U0005576,117.71,14.32,8996.2109375,78,75,0,0,0,0,15.0,99.17,-154463,66,1528020175.393,14760,2,1,0,4,0,0,0,0,4,382.18,382.18,1F,1,1,1,0080,80,40,40,0,0,11,25.25
03/06/2018 11:02:59,54 58.53373,-1 31.10137,301,0,435,859827,1144818,382.08,47.507,3992,3969,3980,23,0,91.6,33.1,86.2,30.1,none,none,79.9,26.6,3976,-3988,3976,-3983,3979,3983,3982,-3983,3979,-3986,3981,-3987,3981,-3990,3980,-3989,3980,-3989,3981,-3989,3982,-3988,3980,3989,3982,-3992,3979,-3989,3981,-3988,3982,-3989,3982,3987,3981,-3988,3981,-3987,3981,-3987,3980,-3985,3983,-3988,3979,-3985,3977,-3980,3971,-3979,3971,3982,3973,-3979,3974,-3979,3975,-3982,3975,-3981,3971,3982,3974,-3985,3974,-3987,3974,-3986,3976,-3985,3973,-3984,3977,-3987,3970,-3987,3970,-3987,3971,3986,3972,-3987,3969,-3983,3971,-3984,3973,-3984,3972,3982,3970,-3980,3971,-3981,3969,-3977,-0.21,SJNFAAZE1U0005576,117.71,14.32,8996.2109375,78,75,0,0,0,0,15.0,99.17,-154463,66,1528020179.267,14960,2,1,0,5,0,0,0,0,4,382.23,382.23,1F,1,1,1,0080,79,40,40,0,0,19,24.25
03/06/2018 11:03:02,54 58.53373,-1 31.10137,301,0,435,859414,1144818,382.18,45.371,3993,3969,3981,24,0,91.6,33.1,86.2,30.1,none,none,79.9,26.6,3978,-3989,3977,-3985,3980,3985,3982,-3985,3979,3987,3980,-3988,3982,-3991,3981,-3990,3981,-3989,3982,-3990,3982,-3990,3981,-3991,3982,-3993,3981,3991,3981,-3989,3983,-3989,3984,-3988,3982,-3988,3982,3988,3980,-3988,3982,-3987,3984,-3990,3980,-3985,3979,-3981,3973,-3981,3972,-3983,3973,-3981,3976,3980,3977,-3983,3977,-3982,3972,-3985,3974,-3986,3976,3987,3974,-3986,3975,-3987,3974,-3986,3979,-3988,3971,-3987,3971,-3988,3973,-3988,3971,-3987,3969,3984,3972,-3985,3974,-3986,3973,-3983,3971,-3981,3971,-3982,3970,3978,-0.23,SJNFAAZE1U0005576,117.71,14.32,8996.2109375,78,75,0,0,0,0,15.0,99.17,-154463,66,1528020182.954,14480,2,1,0,5,0,0,0,0,4,382.28,382.28,1F,1,1,1,0080,80,40,40,0,0,19,22.25
03/06/2018 11:03:06,54 58.53373,-1 31.10137,301,0,435,858985,1144818,382.18,48.514,3992,3969,3981,23,0,91.6,33.1,86.4,30.2,none,none,79.7,26.5,3977,-3989,3976,3983,3979,3984,3983,-3983,3979,-3987,3980,-3988,3981,3991,3981,-3989,3981,-3989,3981,-3990,3982,-3989,3981,-3991,3982,-3992,3980,-3991,3981,-3989,3983,3989,3983,-3988,3982,-3989,3982,-3987,3981,-3986,3980,3985,3983,-3989,3980,-3985,3978,-3980,3972,-3979,3971,-3982,3972,-3979,3975,-3979,3975,-3983,3976,3981,3970,-3984,3973,-3985,3976,-3987,3973,-3987,3975,3987,3974,-3984,3976,-3987,3970,-3986,3971,-3987,3972,-3987,3972,3987,3969,-3984,3970,-3983,3973,-3984,3973,-3983,3970,-3981,3971,-3981,3971,-3978,-0.22,SJNFAAZE1U0005576,117.71,14.32,8996.2109375,78,75,0,0,0,0,15.0,99.17,-154463,66,1528020186.719,14480,2,1,0,5,0,0,0,0,4,382.10,382.10,1F,1,1,1,0080,80,40,40,0,0,19,23.25
03/06/2018 11:03:10,54 58.53373,-1 31.10137,301,0,434,858558,1144818,382.08,49.582,3989,3970,3980,19,0,91.6,33.1,86.4,30.2,none,none,79.9,26.6,-3981,3979,-3982,3977,-3986,3979,-3986,3979,-3985,3980,-3986,3981,-3987,3981,-3988,3981,-3988,3981,-3987,3982,-3989,3981,-3988,3983,-3989,3983,-3988,3980,-3987,3983,-3986,3984,-3988,3981,-3985,3984,-3986,3981,-3986,3980,-3984,3979,-3987,3982,-3983,3978,-3982,3977,-3977,3970,-3979,3973,-3981,3972,-3980,3971,-3983,3973,-3983,3973,-3981,3971,-3984,3971,-3986,3975,-3984,3974,-3985,3975,-3983,3974,-3987,3970,-3984,3971,-3986,3970,-3986,3972,-3985,3971,-3983,3972,-3981,3972,-3982,3974,-3979,3974,-3978,3970,-3979,3971,-3979,3970,-0.20,SJNFAAZE1U0005576,117.71,14.32,8997.8203125,78,75,0,0,0,0,15.0,99.17,-154463,66,1528020190.462,14560,2,1,0,5,0,0,0,0,4,382.00,382.00,1F,1,1,1,0080,80,40,40,0,0,19,24.00
03/06/2018 11:03:14,54 58.53373,-1 31.10137,301,0,434,858125,1144818,381.89,46.134,3987,3969,3978,18,0,91.6,33.1,86.2,30.1,none,none,79.9,26.6,-3980,3978,-3980,3976,-3982,3980,-3982,3979,-3983,3980,-3984,3982,-3985,3981,-3986,3981,-3985,3982,-3985,3982,-3986,3981,-3986,3983,-3987,3981,-3986,3980,-3985,3983,-3984,3981,-3985,3981,-3985,3982,-3984,3980,-3984,3979,-3984,3979,-3986,3982,-3981,3978,-3981,3975,-3975,3969,-3976,3973,-3978,3973,-3979,3971,-3980,3973,-3981,3971,-3978,3970,-3981,3971,-3983,3976,-3981,3973,-3982,3974,-3981,3975,-3983,3970,-3982,3970,-3981,3971,-3983,3972,-3982,3971,-3981,3971,-3978,3971,-3981,3971,-3977,3973,-3975,3970,-3977,3971,-3976,3970,-0.20,SJNFAAZE1U0005576,117.71,14.32,8997.8203125,78,75,0,0,0,0,15.0,99.17,-154463,66,1528020194.396,14560,3,1,0,5,0,0,0,0,4,382.09,382.09,1F,1,1,1,0080,80,40,40,0,0,19,23.50
03/06/2018 11:03:18,54 58.53373,-1 31.10137,301,0,434,857677,1144818,381.98,46.378,3987,3970,3979,17,0,91.6,33.1,86.4,30.2,none,none,79.9,26.6,-3979,3979,-3981,3976,-3983,3979,-3983,3978,-3983,3980,-3983,3980,-3986,3981,-3986,3981,-3986,3982,-3986,3981,-3987,3981,-3986,3982,-3987,3983,-3986,3981,-3986,3983,-3986,3983,-3984,3982,-3984,3984,-3984,3980,-3984,3980,-3985,3980,-3986,3981,-3982,3977,-3981,3976,-3975,3971,-3977,3973,-3978,3973,-3979,3972,-3980,3973,-3981,3972,-3978,3972,-3982,3973,-3985,3976,-3982,3974,-3983,3975,-3982,3974,-3986,3971,-3983,3971,-3982,3972,-3983,3972,-3982,3971,-3980,3972,-3979,3972,-3980,3975,-3979,3974,-3975,3970,-3978,3971,-3976,3971,-0.22,SJNFAAZE1U0005576,117.71,14.32,8997.8203125,78,75,0,0,0,0,15.0,99.17,-154463,66,1528020198.145,15120,2,1,0,5,0,0,0,0,4,382.03,382.03,1F,1,1,1,0080,80,40,40,0,0,19,22.50
03/06/2018 11:03:22,54 58.53373,-1 31.10137,301,0,434,857255,1144818,381.79,46.775,3987,3966,3977,21,0,91.8,33.2,86.4,30.2,none,none,79.9,26.6,-3979,3976,-3980,3973,-3982,3977,-3983,3975,-3982,3978,-3983,3979,-3984,3978,-3984,3978,-3985,3980,-3985,3979,-3987,3979,-3986,3980,-3986,3980,-3986,3978,-3985,3981,-3984,3982,-3984,3980,-3985,3982,-3983,3978,-3983,3977,-3982,3977,-3985,3981,-3981,3977,-3979,3974,-3973,3968,-3976,3970,-3978,3970,-3978,3969,-3980,3971,-3981,3969,-3977,3968,-3981,3969,-3984,3974,-3981,3971,-3983,3972,-3981,3971,-3983,3966,-3982,3967,-3982,3968,-3983,3968,-3982,3968,-3979,3969,-3977,3969,-3980,3972,-3977,3971,-3974,3968,-3976,3969,-3976,3967,-0.20,SJNFAAZE1U0005576,117.71,14.32,8997.8203125,78,75,0,0,0,0,15.0,99.17,-154463,66,1528020202.194,14440,2,1,0,5,0,0,0,0,4,381.95,381.95,1F,1,1,1,0080,80,40,40,0,0,19,23.50
03/06/2018 11:03:26,54 58.53373,-1 31.10137,301,0,434,856804,1144818,381.89,44.181,3989,3968,3978,21,0,91.8,33.2,86.4,30.2,none,none,80.1,26.7,3975,-3984,3975,-3980,3978,3981,3981,-3981,3977,-3984,3980,-3985,3980,-3987,3980,-3986,3980,-3986,3980,-3985,3981,-3986,3980,3986,3980,-3989,3980,-3988,3979,-3986,3981,-3985,3981,3984,3981,-3985,3980,-3984,3979,-3983,3979,-3983,3981,-3986,3977,-3981,3977,-3977,3971,-3976,3971,3979,3972,-3976,3973,-3976,3974,-3979,3974,-3978,3971,3980,3973,-3982,3975,-3984,3973,-3982,3975,-3983,3972,-3981,3976,-3983,3971,-3983,3971,-3984,3972,3983,3971,-3983,3968,-3981,3971,-3980,3973,-3981,3972,-3979,3969,3977,3970,-3978,3968,-3975,-0.24,SJNFAAZE1U0005576,117.71,14.32,8997.8203125,78,75,0,0,0,0,15.0,99.17,-154463,66,1528020206.135,13960,2,1,0,5,0,0,0,0,4,381.99,381.99,1F,1,1,1,0080,80,40,40,0,0,11,21.25
03/06/2018 11:03:30,54 58.53373,-1 31.10137,301,0,433,856403,1144818,382.08,41.373,3992,3968,3980,24,0,91.8,33.2,86.4,30.2,none,none,79.9,26.6,3976,-3987,3976,-3985,3979,3985,3982,-3984,3979,3987,3980,-3989,3981,-3990,3979,-3989,3980,-3989,3980,-3989,3981,-3988,3980,-3989,3981,-3992,3980,3990,3981,-3989,3982,-3989,3982,-3987,3981,-3988,3980,3987,3979,-3987,3980,-3986,3981,-3988,3979,-3984,3978,-3980,3971,-3980,3970,-3982,3973,-3979,3973,3979,3972,-3982,3975,-3981,3970,-3983,3972,-3984,3975,3987,3972,-3986,3975,-3986,3973,-3984,3975,-3986,3970,-3986,3970,-3987,3971,-3986,3971,-3985,3968,3983,3970,-3982,3972,-3983,3972,-3981,3970,-3980,3970,-3982,3969,3978,-0.20,SJNFAAZE1U0005576,117.71,14.32,8997.8203125,78,75,0,0,0,0,15.0,99.17,-154463,66,1528020210.031,13000,2,1,0,5,0,0,0,0,4,382.03,382.03,1F,1,1,1,0080,80,40,40,0,0,19,17.00
03/06/2018 11:03:33,54 58.53373,-1 31.10137,301,0,433,856107,1144818,382.75,25.596,3999,3976,3987,23,0,91.8,33.2,86.6,30.3,none,none,80.1,26.7,3984,-3995,3983,3991,3986,3991,3989,-3991,3986,-3994,3986,-3994,3988,3996,3986,-3996,3986,-3996,3987,-3996,3988,-3996,3987,-3996,3988,-3999,3986,-3997,3987,-3996,3989,3994,3988,-3993,3988,-3995,3988,-3994,3986,-3993,3987,3993,3990,-3995,3986,-3990,3984,-3987,3979,-3988,3979,-3991,3980,-3987,3984,-3986,3982,-3989,3983,3989,3979,-3991,3980,-3992,3981,-3995,3980,-3992,3983,3992,3981,-3991,3982,-3993,3977,-3993,3976,-3994,3978,-3994,3978,-3994,3976,-3990,3978,-3990,3981,3990,3980,-3990,3978,-3987,3979,-3989,3976,-3984,-0.21,SJNFAAZE1U0005576,117.71,14.32,8997.8203125,78,75,0,0,0,0,15.0,99.17,-154463,66,1528020213.645,8680,2,1,0,5,0,0,0,0,4,382.72,382.72,1F,1,1,1,0080,80,40,40,0,0,19,9.50
03/06/2018 11:03:37,54 58.53373,-1 31.10137,301,0,433,855930,1144818,383.23,16.166,4003,3981,3992,22,0,91.8,33.2,86.4,30.2,none,none,79.9,26.6,3990,-3999,3987,-3996,3991,3995,3994,3996,3992,-3997,3991,-3998,3993,-4000,3992,-4001,3992,4000,3992,-4001,3993,-4001,3993,-4000,3992,-4003,3991,-4001,3992,-4000,3993,-3999,3994,-3998,3993,3999,3993,-3998,3992,-3998,3992,-3997,3995,-4000,3990,3997,3990,-3992,3985,-3992,3986,-3995,3986,-3991,3986,-3991,3987,-3995,3988,-3994,3984,-3995,3985,3997,3987,-4000,3985,-3997,3988,-3995,3986,-3996,3988,3998,3983,-3999,3981,-3998,3984,-3998,3984,-3998,3981,-3996,3983,3995,3985,-3995,3986,-3995,3983,-3993,3985,-3994,3982,-3990,-0.22,SJNFAAZE1U0005576,117.71,14.32,8997.8203125,78,75,0,0,0,0,15.0,99.17,-154463,66,1528020217.335,5760,3,1,0,5,0,0,0,0,4,383.30,383.30,1F,1,1,1,0080,80,40,40,0,0,19,7.75
03/06/2018 11:03:41,54 58.53373,-1 31.10137,301,0,433,855735,1144818,383.04,26.328,3998,3982,3990,16,0,91.8,33.2,86.4,30.2,none,none,79.9,26.6,3992,-3991,3993,-3988,3994,3990,3994,-3990,3994,-3991,3995,3993,3996,-3992,3996,-3991,3996,-3992,3996,-3992,3998,3993,3997,-3993,3998,-3993,3997,-3991,3996,-3994,3996,-3994,3996,-3992,3995,-3994,3995,-3992,3994,3990,3994,-3991,3997,-3993,3992,-3989,3992,-3987,3988,3983,3990,-3985,-3990,3984,-3992,-3983,-3992,3984,-3993,3983,-3990,3983,-3994,3984,-3996,3987,-3994,3986,-3995,3985,-3992,3985,3996,-3983,3995,3983,3994,-3982,3994,3983,3995,-3983,3993,-3982,3990,-3982,3994,-3985,3991,3985,3989,-3983,3991,-3984,3988,-3983,-0.23,SJNFAAZE1U0005576,117.71,14.32,8997.8203125,78,75,0,0,0,0,15.0,99.17,-154463,66,1528020221.271,7880,2,1,0,5,0,0,0,0,4,383.03,383.03,1F,1,1,1,0080,80,40,40,0,0,19,15.25
03/06/2018 11:03:45,54 58.53373,-1 31.10137,301,0,433,855454,1144818,382.85,30.692,3996,3978,3988,18,0,91.8,33.2,86.4,30.2,none,none,79.9,26.6,-3989,3987,-3990,3984,-3993,3988,-3992,3985,-3992,3988,-3993,3989,-3995,3989,-3995,3988,-3995,3990,-3995,3990,-3996,3988,-3995,3990,-3996,3989,-3995,3987,-3995,3990,-3994,3990,-3994,3990,-3993,3991,-3994,3989,-3992,3987,-3993,3987,-3994,3991,-3990,3986,-3991,3984,-3987,3979,-3988,3981,-3988,3982,-3991,3981,-3988,3982,-3992,3980,-3989,3980,-3992,3980,-3995,3984,-3991,3982,-3993,3983,-3993,3982,-3993,3978,-3994,3979,-3992,3979,-3995,3979,-3993,3979,-3991,3980,-3989,3979,-3992,3981,-3990,3983,-3987,3979,-3989,3979,-3987,3979,-0.27,SJNFAAZE1U0005576,117.71,14.32,8997.8203125,78,75,0,0,0,0,15.0,99.17,-154463,66,1528020225.009,9400,3,1,0,5,0,0,0,0,4,382.81,382.81,1F,1,1,1,0080,80,40,40,0,0,19,14.25
03/06/2018 11:03:49,54 58.53373,-1 31.10137,301,0,433,855193,1144818,382.85,28.068,3997,3978,3988,19,0,91.8,33.2,86.4,30.2,none,none,79.9,26.6,-3991,3988,-3991,3983,-3993,3987,-3992,3987,-3992,3988,-3993,3988,-3995,3989,-3995,3988,-3995,3989,-3995,3990,-3996,3989,-3996,3990,-3996,3989,-3997,3988,-3996,3991,-3994,3991,-3995,3989,-3993,3991,-3993,3988,-3994,3988,-3993,3987,-3995,3990,-3993,3987,-3989,3984,-3988,3979,-3988,3982,-3991,3981,-3991,3981,-3991,3981,-3992,3980,-3991,3979,-3994,3981,-3995,3984,-3992,3982,-3993,3984,-3992,3983,-3996,3978,-3993,3979,-3994,3980,-3996,3980,-3994,3979,-3991,3980,-3990,3981,-3992,3983,-3990,3982,-3987,3980,-3989,3980,-3988,3979,-0.22,SJNFAAZE1U0005576,117.71,14.32,8997.8203125,78,75,0,0,0,0,15.0,99.17,-154463,66,1528020229.032,8400,2,1,0,5,0,0,0,0,4,382.95,382.95,1F,1,1,1,0080,80,40,40,0,0,11,16.50
03/06/2018 11:03:52,54 58.53373,-1 31.10137,301,0,433,854858,1144818,382.27,42.960,3991,3973,3982,18,0,91.8,33.2,86.4,30.2,none,none,79.9,26.6,-3986,3982,-3984,3979,-3987,3982,-3987,3981,-3987,3983,-3987,3984,-3989,3983,-3989,3983,-3989,3983,-3989,3984,-3990,3983,-3990,3985,-3991,3984,-3991,3983,-3989,3986,-3990,3985,-3988,3984,-3988,3987,-3988,3983,-3987,3982,-3987,3981,-3990,3985,-3985,3981,-3985,3979,-3980,3973,-3982,3976,-3983,3975,-3985,3975,-3986,3976,-3986,3975,-3984,3975,-3987,3975,-3988,3978,-3987,3977,-3988,3977,-3987,3977,-3989,3974,-3987,3974,-3987,3973,-3990,3973,-3989,3975,-3985,3975,-3984,3974,-3987,3976,-3984,3977,-3981,3974,-3983,3974,-3980,3973,-0.15,SJNFAAZE1U0005576,117.71,14.32,8997.8203125,78,75,0,0,0,0,15.0,99.17,-154463,67,1528020232.778,12240,2,1,0,5,0,0,0,0,4,382.29,382.29,1F,1,1,1,0080,80,40,40,0,0,19,24.25
03/06/2018 11:03:56,54 58.53373,-1 31.10137,301,0,432,854445,1144818,382.08,45.340,3989,3970,3980,19,0,91.8,33.2,86.4,30.2,none,none,79.9,26.6,-3982,3979,-3982,3976,-3985,3979,-3985,3978,-3984,3980,-3985,3981,-3987,3980,-3987,3981,-3986,3983,-3986,3981,-3989,3981,-3988,3982,-3988,3982,-3988,3980,-3987,3983,-3986,3983,-3986,3982,-3985,3984,-3985,3980,-3983,3979,-3985,3979,-3988,3982,-3982,3979,-3982,3977,-3977,3971,-3980,3973,-3980,3974,-3981,3973,-3982,3974,-3983,3972,-3979,3971,-3985,3973,-3986,3976,-3984,3973,-3985,3975,-3984,3975,-3986,3970,-3984,3972,-3984,3971,-3987,3972,-3985,3971,-3983,3971,-3982,3973,-3984,3973,-3982,3974,-3978,3970,-3980,3972,-3978,3971,-0.21,SJNFAAZE1U0005576,117.71,14.32,8997.8203125,78,75,0,0,0,0,15.0,99.17,-154463,67,1528020236.591,14400,3,1,0,5,0,0,0,0,4,382.08,382.08,1F,1,1,1,0080,80,40,40,0,0,19,20.75
03/06/2018 11:04:00,54 58.53373,-1 31.10137,301,0,432,854068,1144818,382.27,38.657,3992,3971,3982,21,0,91.8,33.2,86.4,30.2,none,none,79.9,26.6,3979,-3989,3978,3986,3981,3986,3984,-3986,3981,-3989,3982,-3989,3983,3992,3982,-3990,3983,-3990,3983,-3990,3983,-3990,3983,-3990,3983,-3992,3982,-3992,3983,-3990,3984,3990,3985,-3988,3984,-3989,3984,-3988,3982,-3988,3983,3987,3985,-3991,3980,-3985,3980,-3982,3974,-3982,3973,-3984,3974,-3981,3977,-3981,3977,-3985,3978,3984,3973,-3986,3974,-3987,3978,-3989,3976,-3987,3977,3988,3975,-3986,3979,-3988,3973,-3988,3972,-3989,3974,-3989,3973,3988,3971,-3986,3971,-3986,3974,-3985,3975,-3985,3972,-3982,3973,-3983,3972,-3980,-0.22,SJNFAAZE1U0005576,117.71,14.32,8997.8203125,78,75,0,0,0,0,15.0,99.17,-154463,67,1528020240.473,11880,2,1,0,5,0,0,0,0,4,382.22,382.22,1F,1,1,1,0080,80,40,40,0,0,11,19.25
03/06/2018 11:04:04,54 58.53373,-1 31.10137,301,0,432,853723,1144818,382.27,36.887,3993,3971,3982,22,0,91.6,33.1,86.4,30.2,none,none,79.9,26.6,3979,-3989,3978,-3986,3981,3986,3984,3984,3981,-3988,3982,-3988,3983,-3990,3982,-3990,3983,3990,3983,-3989,3984,-3990,3983,-3991,3984,-3993,3982,-3991,3983,-3989,3983,-3989,3984,-3987,3983,3988,3983,-3989,3981,-3987,3982,-3986,3984,-3989,3980,3986,3980,-3982,3975,-3980,3975,-3984,3977,-3980,3977,-3980,3978,-3983,3977,-3982,3974,-3984,3976,3986,3977,-3988,3975,-3985,3978,-3986,3976,-3986,3979,-3986,3973,3986,3974,-3987,3975,-3987,3974,-3986,3972,-3984,3973,3984,3976,-3986,3975,-3983,3973,-3981,3976,-3983,3971,-3980,-0.23,SJNFAAZE1U0005576,117.71,14.32,8997.8203125,78,75,0,0,0,0,15.0,99.17,-154463,67,1528020244.387,11880,2,0,0,0,0,0,0,0,4,382.20,382.20,1F,1,1,1,0080,80,40,40,0,0,19,19.25
03/06/2018 11:04:08,54 58.53373,-1 31.10137,301,0,432,853368,1144818,382.27,38.383,3992,3972,3982,20,0,91.8,33.2,86.2,30.1,none,none,79.9,26.6,3979,-3988,3978,-3984,3981,3985,3983,-3985,3981,-3988,3982,3987,3983,-3990,3982,-3989,3982,-3990,3982,-3989,3984,3989,3984,-3990,3984,-3992,3982,-3989,3983,-3989,3984,-3988,3984,-3987,3983,-3989,3984,-3987,3982,3986,3983,-3986,3984,-3989,3981,-3985,3981,-3981,3974,3980,3975,-3982,3975,-3981,3978,-3980,3978,-3982,3979,-3981,3973,-3983,3976,-3985,3978,-3988,3976,3986,3977,-3986,3976,-3984,3979,-3985,3974,-3987,3973,-3986,3975,3986,3974,-3987,3972,-3984,3973,-3983,3975,-3985,3974,3983,3972,-3981,3974,-3982,3972,-3979,-0.26,SJNFAAZE1U0005576,117.71,14.32,8997.8203125,78,75,0,0,0,0,15.0,99.17,-154463,67,1528020248.462,11880,3,0,0,0,0,0,0,0,4,382.28,382.28,1F,1,1,1,0080,80,40,40,0,0,19,21.50
03/06/2018 11:04:12,54 58.53373,-1 31.10137,301,0,432,852969,1144818,382.08,37.620,3990,3970,3980,20,0,91.6,33.1,86.4,30.2,none,none,79.9,26.6,3978,-3986,3976,-3983,3979,3984,3981,-3983,3980,-3986,3981,-3987,3982,-3988,3980,3987,3981,-3988,3981,-3988,3982,-3987,3982,-3989,3982,3990,3980,-3988,3981,-3987,3983,-3986,3983,-3986,3982,-3987,3982,-3986,3981,-3987,3980,-3985,3984,3988,3981,-3983,3979,-3981,3973,-3978,3972,-3982,3975,3979,3976,-3978,3975,-3981,3977,-3980,3972,-3983,3974,-3983,3976,-3987,3974,-3984,3977,-3985,3974,3983,3975,-3985,3973,-3984,3971,-3986,3974,-3985,3974,3986,3971,-3983,3972,-3982,3974,-3982,3975,-3982,3972,-3980,3973,3981,3970,-3977,-0.25,SJNFAAZE1U0005576,117.71,14.32,8999.4296875,78,75,0,0,0,0,15.0,99.17,-154463,67,1528020252.639,12560,3,0,0,0,0,0,0,0,4,382.16,382.16,1F,1,1,1,0080,80,40,40,0,0,19,18.50
03/06/2018 11:04:16,54 58.53373,-1 31.10137,301,0,431,852612,1144818,382.18,36.735,3989,3972,3981,17,0,91.8,33.2,86.4,30.2,none,none,79.9,26.6,-3983,3981,-3984,3978,-3986,3981,-3986,-3980,-3985,3981,-3986,3982,-3987,3982,-3988,3981,-3987,3983,-3988,3983,-3989,3983,-3988,3985,-3988,3984,-3988,3982,-3988,3984,-3987,3985,-3988,3982,-3986,3986,-3985,3981,-3985,3983,-3987,3981,-3988,3984,-3984,3980,-3983,3979,-3979,3972,-3980,3975,-3981,3974,-3982,3974,-3984,3975,-3985,3974,-3982,3972,-3986,3974,-3987,3977,-3985,3975,-3986,3976,-3984,3975,-3987,3972,-3987,3973,-3985,3972,-3988,3973,-3987,3974,-3984,3974,-3983,3972,-3985,3974,-3982,3975,-3980,3972,-3982,3973,-3981,3973,-0.25,SJNFAAZE1U0005576,117.71,14.32,8999.4296875,78,75,0,0,0,0,15.0,99.17,-154463,67,1528020256.424,11040,3,1,0,3,0,0,0,0,4,382.21,382.21,1F,1,1,1,0080,80,40,40,0,0,19,19.25
03/06/2018 11:04:20,54 58.53373,-1 31.10137,301,0,431,852299,1144818,382.37,33.164,3992,3973,3983,19,0,91.8,33.2,86.4,30.2,none,none,79.9,26.6,-3985,3982,-3986,3979,-3988,3981,-3988,3980,-3987,3982,-3989,3983,-3989,3984,-3989,3983,-3990,3984,-3989,3983,-3992,3983,-3991,3985,-3991,3983,-3992,3983,-3990,3985,-3990,3985,-3991,3984,-3990,3985,-3989,3983,-3988,3982,-3988,3983,-3989,3986,-3985,3981,-3986,3979,-3981,3975,-3983,3976,-3984,3976,-3984,3975,-3984,3975,-3988,3974,-3985,3974,-3988,3974,-3990,3979,-3987,3977,-3988,3978,-3987,3977,-3989,3973,-3989,3974,-3988,3974,-3989,3974,-3989,3973,-3987,3975,-3984,3974,-3987,3977,-3985,3977,-3982,3974,-3983,3973,-3983,3974,-0.23,SJNFAAZE1U0005576,117.71,14.32,8999.4296875,78,75,0,0,0,0,15.0,99.17,-154463,67,1528020260.236,10960,2,1,0,4,0,0,0,0,4,382.29,382.29,1F,1,1,1,0080,80,40,40,0,0,19,14.50
03/06/2018 11:04:24,54 58.53373,-1 31.10137,301,0,431,852056,1144818,383.14,18.546,4000,3981,3991,19,0,91.8,33.2,86.6,30.3,none,none,80.1,26.7,-3994,3991,-3994,3987,-3998,3990,-3996,3990,-3997,3991,-3997,3992,-3999,3992,-3999,3991,-3998,3992,-3998,3992,-3999,3992,-3999,3993,-4000,3992,-3999,3991,-3998,3993,-3999,3993,-3998,3993,-3997,3994,-3996,3991,-3997,3991,-3997,3990,-3999,3993,-3994,3989,-3994,3987,-3989,3982,-3993,3986,-3993,3984,-3993,3984,-3993,3983,-3996,3984,-3993,3982,-3995,3983,-3998,3987,-3995,3986,-3996,3986,-3995,3985,-3997,3981,-3998,3982,-3996,3981,-3998,3982,-3997,3982,-3995,3983,-3992,3983,-3996,3984,-3993,3986,-3992,3983,-3992,3982,-3992,3981,-0.23,SJNFAAZE1U0005576,117.71,14.32,8999.4296875,78,75,0,0,0,0,15.0,99.17,-154463,67,1528020264.112,6600,2,1,0,4,0,0,0,0,4,383.01,383.01,1F,1,1,1,0080,80,40,40,0,0,11,5.50
03/06/2018 11:04:28,54 58.53373,-1 31.10137,301,0,431,851929,1144818,383.52,10.062,4003,3986,3995,17,0,91.8,33.2,86.4,30.2,none,none,79.9,26.6,-3998,3995,-3997,3992,-4000,3994,-3999,3993,-3999,3995,-3999,3995,-4002,3995,-4002,3994,-4002,3996,-4001,3995,-4003,3996,-4001,3997,-4002,3996,-4003,3994,-4002,3997,-4001,3997,-4001,3995,-4000,3998,-3999,3995,-3999,3994,-4000,3995,-4002,3997,-3998,3993,-3998,3991,-3994,3986,-3996,3989,-3996,3988,-3998,3988,-3997,3989,-4000,3988,-3998,3986,-3999,3987,-4002,3991,-4000,3988,-4001,3990,-3999,3990,-4000,3986,-4001,3986,-4000,3986,-4002,3986,-4000,3986,-3998,3986,-3997,3987,-3999,3988,-3997,3990,-3995,3986,-3997,3987,-3995,3987,-0.20,SJNFAAZE1U0005576,117.71,14.32,8999.4296875,78,75,0,0,0,0,15.0,99.17,-154463,67,1528020268.070,3840,2,1,0,4,0,0,0,0,4,383.48,383.48,1F,1,1,1,0080,80,40,40,0,0,19,3.50
03/06/2018 11:04:32,54 58.53373,-1 31.10137,301,0,431,851841,1144818,383.33,13.938,4005,3982,3993,23,0,91.8,33.2,86.4,30.2,none,none,79.9,26.6,3991,-4002,3988,-3998,-3991,3997,3994,-3997,-3993,4000,-3993,4000,-3993,4002,-3992,4001,-3993,4002,-3993,4002,-3994,4001,-3993,4001,-3994,4005,-3992,4003,-3993,4000,-3995,4001,-3995,4000,-3994,4000,-3994,3999,-3991,3999,-3993,3997,-3995,4002,-3991,3997,-3992,3993,-3986,3994,-3986,3996,-3987,3994,-3988,3993,-3989,3996,-3989,3996,-3985,3996,-3986,3999,-3988,4002,-3986,3998,-3988,3999,-3986,3998,-3989,4000,-3984,4001,3984,-4000,3985,3999,3985,-4000,3982,-3997,3984,-3997,3987,-3996,3988,-3998,3984,3994,3985,-3996,3984,-3992,-0.21,SJNFAAZE1U0005576,117.71,14.32,8999.4296875,78,75,0,0,0,0,15.0,99.17,-154463,67,1528020272.006,3400,2,1,0,5,0,0,0,0,4,383.63,383.63,1F,1,1,1,0080,80,40,40,0,0,11,12.00
03/06/2018 11:04:35,54 58.53373,-1 31.10137,301,0,431,851594,1144818,382.75,31.913,3999,3976,3987,23,0,91.8,33.2,86.4,30.2,none,none,79.9,26.6,3985,-3996,3985,-3991,3986,3992,3989,-3990,3986,-3993,3987,-3994,3987,-3996,3987,-3996,3987,-3995,3987,-3995,3987,3994,3987,-3995,3989,-3999,3986,-3996,3987,-3995,3990,-3995,3989,-3993,3990,-3994,3989,-3992,3986,3994,3988,-3993,3990,-3995,3987,-3991,3984,-3988,3979,3987,3979,-3990,3981,-3988,3982,-3987,3982,-3989,3984,-3989,3979,-3991,3979,-3992,3983,-3995,3981,3991,3982,-3992,3981,-3992,3983,-3993,3978,-3994,3976,3994,3978,-3993,3977,-3993,3977,-3991,3978,-3990,3980,-3991,3981,-3991,3977,-3987,3978,-3989,3978,3986,-0.24,SJNFAAZE1U0005576,117.71,14.32,8999.4296875,78,75,0,0,0,0,15.0,99.17,-154463,67,1528020275.764,9240,2,1,0,5,0,0,0,0,4,382.82,382.82,1F,1,1,1,0080,80,40,40,0,0,19,17.25
03/06/2018 11:04:39,54 58.53373,-1 31.10137,301,0,431,851343,1144818,382.75,27.610,3998,3976,3987,22,0,91.8,33.2,86.4,30.2,none,none,79.9,26.6,3985,-3994,3983,-3991,3987,3991,3989,-3990,3984,-3993,3985,-3994,3987,-3996,3987,3995,3987,-3996,3987,-3996,3988,-3994,3987,-3995,3987,3998,3986,-3996,3987,-3995,3990,-3995,3988,-3994,3988,-3994,3988,-3993,3986,-3992,3987,-3992,3989,3995,3985,-3991,3986,-3987,3980,-3988,3980,-3990,3981,3987,3983,-3986,3982,-3989,3983,-3989,3978,-3991,3980,-3992,3982,-3995,3980,-3992,3983,-3993,3981,3991,3982,-3993,3978,-3993,3978,-3994,3979,-3992,3978,3994,3976,-3990,3978,-3989,3981,-3991,3981,-3990,3978,-3987,3980,3989,3977,-3986,-0.23,SJNFAAZE1U0005576,117.71,14.32,8999.4296875,78,75,0,0,0,0,15.0,99.17,-154463,67,1528020279.188,9240,3,1,0,5,0,0,0,0,4,382.91,382.91,1F,1,1,1,0080,80,40,40,0,0,19,16.50
03/06/2018 11:04:42,54 58.53373,-1 31.10137,301,0,431,851076,1144818,382.66,32.615,3997,3975,3986,22,0,91.8,33.2,86.4,30.2,none,none,79.9,26.6,3983,3994,3981,-3991,3985,3989,3987,-3989,3985,-3991,3986,-3992,3986,-3995,3985,-3994,3984,-3994,3985,3994,3987,-3994,3986,-3994,3986,-3997,3986,-3996,3986,3994,3987,-3993,3989,-3992,3986,-3993,3986,-3992,3984,-3992,3986,-3990,3988,-3993,3984,-3989,3983,3986,3977,-3986,3979,-3989,3979,-3986,3981,-3986,3981,3988,3982,-3987,3977,-3989,3978,-3991,3980,-3993,3979,-3991,3981,-3992,3979,-3990,3981,-3991,3977,-3993,3976,-3992,3978,-3992,3977,-3992,3975,-3989,3975,-3989,3977,3990,3978,-3989,3976,-3986,3978,-3988,3975,-3983,-0.23,SJNFAAZE1U0005576,117.71,14.32,8999.4296875,78,75,0,0,0,0,15.0,99.17,-154463,67,1528020282.634,9680,2,1,0,5,0,0,0,0,4,382.62,382.62,1F,1,1,1,0080,80,40,40,0,0,11,16.50
03/06/2018 11:04:46,54 58.53373,-1 31.10137,301,0,431,850848,1144818,383.33,17.936,4004,3982,3993,22,0,91.8,33.2,86.4,30.2,none,none,79.9,26.6,3991,-4001,3988,-3996,3992,3996,3995,-3996,3992,-3998,3993,-3999,3993,-4000,3992,-4000,3993,-4000,3994,-4000,3994,-4000,3993,3999,3994,-4004,3992,-4001,3992,-3999,3994,-4000,3995,3998,3995,-3999,3994,-3998,3992,-3998,3993,-3996,3996,-3999,3992,-3995,3991,-3992,3986,-3994,3986,3996,3987,-3993,3989,-3993,3989,-3995,3990,-3994,3985,-3998,3985,3997,3988,-3998,3987,-3999,3987,-3997,3986,-3996,3989,3999,3984,-3999,3985,-3999,3984,-3999,3983,-3999,3982,-3996,3984,-3997,3986,-3997,3987,-3997,3984,3995,3985,-3994,3984,-3991,-0.27,SJNFAAZE1U0005576,117.71,14.32,8999.4296875,78,75,0,0,0,0,15.0,99.17,-154463,67,1528020286.310,6560,3,1,0,5,0,0,0,0,4,383.15,383.15,1F,1,1,1,0080,80,40,40,0,0,19,1.75
03/06/2018 11:04:49,54 58.53373,-1 31.10137,301,0,430,850771,1144818,383.71,9.971,4004,3989,3997,15,0,91.6,33.1,86.4,30.2,none,none,79.9,26.6,-4000,3997,-4000,3993,-4001,3996,-4001,3996,-4001,3997,-4001,3997,-4002,3999,-4003,3997,-4002,3997,-4001,3999,-4003,3998,-4002,3999,-4003,3999,-4004,3997,-4002,4000,-4001,4000,-4002,3998,-4000,4000,-4000,3997,-4000,3996,-4001,3997,-4003,4000,4000,3996,-3999,3994,3995,3989,3997,-3993,-3997,3991,-3999,-3991,-3999,3991,-4000,3991,-3999,3990,-4000,3991,-4002,3993,-3999,3992,-4000,3992,-4000,3993,-4001,3990,-4002,3990,-4001,3989,-4002,3991,-4001,3990,-3999,3991,-3997,3991,-4000,3991,-3999,3994,-3995,3989,-3998,3991,-3996,3990,-0.25,SJNFAAZE1U0005576,117.71,14.32,8999.4296875,78,75,0,0,0,0,15.0,99.17,-154463,67,1528020289.939,2800,2,1,0,5,0,0,0,0,4,383.74,383.74,1F,1,1,1,0080,80,40,40,0,0,11,3.75
03/06/2018 11:04:53,54 58.53373,-1 31.10137,301,0,430,850669,1144818,383.62,14.213,4003,3988,3996,15,0,91.8,33.2,86.4,30.2,none,none,79.9,26.6,-3998,3997,-3999,3993,-4001,3995,-4000,3995,-3999,3995,-4000,3997,-4003,3997,-4002,3996,-4002,3997,-4001,3997,-4003,3998,-4002,3998,-4003,3998,-4002,3996,-4001,3999,-4000,3999,-4001,3998,-4001,3999,-4001,3997,-3999,3995,-4001,3995,-4002,3998,-3999,3995,-3998,3993,-3994,3989,-3996,3992,-3997,3991,-3997,3990,-3997,3989,-4000,3989,-3997,3989,-3999,3990,-4002,3992,-3999,3990,-3999,3991,-3999,3992,-3999,3989,-4001,3988,-3999,3989,-4001,3989,-3999,3989,-3998,3989,-3996,3989,-3998,3989,-3996,3993,-3994,3989,-3997,3989,-3995,3989,-0.15,SJNFAAZE1U0005576,117.71,14.32,8999.4296875,78,75,0,0,0,0,15.0,99.17,-154463,67,1528020293.583,3840,2,1,0,5,0,0,0,0,4,383.68,383.68,1F,1,1,1,0080,80,40,40,0,0,11,7.00
03/06/2018 11:04:57,54 58.53373,-1 31.10137,301,0,430,850544,1144818,383.90,10.123,4006,3991,3999,15,0,91.6,33.1,86.2,30.1,none,none,79.9,26.6,-4003,4000,-4001,3996,-4004,3997,-4003,3997,-4003,3998,-4003,3999,-4005,3999,-4004,3999,-4005,3999,-4005,4000,-4006,3999,-4004,4000,-4005,4001,-4006,3999,-4005,4001,-4004,4001,-4004,4000,-4004,4002,-4003,3998,-4002,3998,-4004,3998,-4006,4000,-4002,3998,-4001,3995,-3997,3992,-4001,3994,-4001,3994,-4001,3993,-4000,3993,-4003,3992,-4000,3992,-4003,3992,-4005,3996,-4003,3994,-4002,3996,-4002,3994,-4004,3992,-4004,3991,-4003,3992,-4005,3992,-4003,3993,-4002,3992,-4000,3993,-4002,3994,-4001,3996,-3999,3992,-4001,3991,-3999,3992,-0.30,SJNFAAZE1U0005576,117.71,14.32,8999.4296875,78,75,0,0,0,0,15.0,99.17,-154463,67,1528020297.168,4040,2,1,0,5,0,0,0,0,4,383.83,383.83,1F,1,1,1,0080,80,40,40,0,0,19,1.00
03/06/2018 11:05:00,54 58.53373,-1 31.10137,301,0,430,850512,1144818,384.48,-2.112,4013,3995,4005,18,0,91.8,33.2,86.4,30.2,none,none,79.9,26.6,-4008,4005,-4008,4001,-4011,4004,-4011,4003,-4009,4004,-4009,4005,-4011,4005,-4011,4004,-4012,4004,-4011,4006,-4012,4005,-4012,4006,-4013,4006,-4013,4004,-4012,4006,-4010,4007,-4011,4005,-4009,4007,-4010,4004,-4009,4004,-4010,4004,-4013,4007,-4009,4004,-4008,4001,-4006,3999,-4009,4001,-4009,4000,-4009,3999,-4008,3999,-4011,3999,-4009,3997,-4010,3999,-4012,4000,-4010,4000,-4010,4001,-4010,4000,-4011,3996,-4011,3995,-4012,3996,-4013,3997,-4011,3996,-4009,3997,-4007,3998,-4009,3999,-4009,4000,-4006,3997,-4009,3998,-4006,3998,-0.21,SJNFAAZE1U0005576,117.71,14.32,8999.4296875,78,75,0,0,0,0,15.0,99.17,-154463,67,1528020300.677,0,2,1,0,5,0,0,0,0,4,384.45,384.45,1F,1,1,1,0080,80,40,40,0,0,11,-4.50
03/06/2018 11:05:04,54 58.53373,-1 31.10137,301,0,430,850501,1144818,384.10,9.818,4008,3992,4001,16,0,91.6,33.1,86.2,30.1,none,none,79.9,26.6,-4004,4002,-4004,3997,-4007,4000,-4004,3999,-4005,4001,-4004,4000,-4007,4002,-4008,4000,-4006,4000,-4006,4002,-4007,4001,-4007,4002,-4008,4003,-4008,4000,-4007,4003,-4006,4002,-4006,4002,-4005,4004,-4005,4000,-4005,3999,-4006,4000,-4008,4002,-4004,3999,-4004,3997,-4001,3993,-4003,3996,-4004,3996,-4004,3995,-4004,3994,-4006,3994,-4004,3992,-4006,3994,-4008,3997,-4005,3995,-4005,3996,-4005,3995,-4006,3993,-4008,3992,-4007,3992,-4007,3993,-4006,3992,-4004,3993,-4003,3993,-4005,3995,-4005,3996,-4002,3993,-4003,3994,-4002,3994,-0.18,SJNFAAZE1U0005576,117.70,14.32,8999.4296875,78,75,0,0,0,0,15.0,99.17,-154463,67,1528020304.057,2400,2,1,0,5,0,0,0,0,4,384.22,384.22,1F,1,1,1,0080,80,40,40,0,0,19,5.25
03/06/2018 11:05:07,54 58.53373,-1 31.10137,301,0,430,850385,1144818,383.62,20.683,4005,3985,3996,20,0,91.8,33.2,86.4,30.2,none,none,79.9,26.6,3994,-4004,3992,4000,3994,4000,3997,-3999,3995,-4001,3994,-4001,3995,4005,3995,-4004,3994,-4004,3996,-4005,3996,-4003,3995,-4004,3995,-4005,3994,-4005,3995,-4003,3997,4003,3998,-4002,3996,-4003,3995,-4002,3994,-4001,3996,4001,3998,-4004,3994,-4001,3994,-3997,3990,-3996,3989,-3999,3991,-3997,3993,-3996,3991,-3998,3992,3997,3988,-3998,3989,-4001,3991,-4004,3988,-4000,3991,-4001,3989,4000,3990,-4003,3987,-4001,3986,-4003,3988,-4003,3988,4003,3985,-4000,3987,-3998,3989,-3999,3990,-3999,3989,-3996,3988,-3999,3986,-3995,-0.22,SJNFAAZE1U0005576,117.71,14.32,8999.4296875,78,75,0,0,0,0,15.0,99.17,-154463,68,1528020307.768,5400,2,1,0,5,0,0,0,0,4,383.78,383.78,1F,1,1,1,0080,80,40,40,0,0,19,11.75
03/06/2018 11:05:11,54 58.53373,-1 31.10137,301,0,430,850140,1144818,383.33,26.755,4004,3983,3993,21,0,91.8,33.2,86.4,30.2,none,none,79.9,26.6,3991,-4001,3990,-3997,3993,3996,3995,3995,3992,-3999,3992,-3999,3994,-4002,3993,-4001,3993,4001,3992,-4000,3995,-4000,3993,-4000,3994,-4004,3992,-4001,3993,-3999,3995,-4000,3995,-3999,3994,4001,3995,-3999,3992,-3999,3993,-3998,3996,-4001,3992,3996,3991,-3993,3986,-3994,3987,-3996,3988,-3993,3990,-3993,3988,-3995,3991,-3995,3985,-3998,3986,3998,3988,-4000,3987,-3998,3988,-3998,3987,-3998,3988,-3999,3984,3999,3983,-4001,3985,-4000,3985,-4000,3983,-3997,3984,3997,3986,-3997,3988,-3998,3985,-3994,3986,-3995,3985,-3992,-0.24,SJNFAAZE1U0005576,117.71,14.32,8999.4296875,78,75,0,0,0,0,15.0,99.17,-154463,68,1528020311.405,8400,3,1,0,5,0,0,0,0,4,383.36,383.36,1F,1,1,1,0080,80,40,40,0,0,19,12.25
03/06/2018 11:05:15,54 58.53373,-1 31.10137,301,0,430,849944,1144818,383.71,15.494,4007,3986,3997,21,0,91.6,33.1,86.4,30.2,none,none,79.9,26.6,3996,-4005,3993,-4001,3995,4000,3998,-3999,3995,-4002,3996,4003,3997,-4005,3996,-4005,3996,-4004,3997,-4005,3997,4003,3996,-4004,3997,-4007,3996,-4005,3996,-4003,3997,-4004,3998,-4001,3997,-4002,3997,-4003,3995,4002,3996,-4001,3999,-4004,3996,-4001,3995,-3997,3991,3998,3990,-4001,3992,-3997,3993,-3996,3990,-3999,3994,-3999,3990,4001,3990,-4002,3991,-4004,3991,-4002,3992,-4002,3992,-4001,3993,-4003,3988,-4003,3987,-4002,3989,4002,3989,-4003,3986,-4001,3989,-3999,3990,-4000,3992,4001,3990,-3999,3990,-4000,3988,-3996,-0.23,SJNFAAZE1U0005576,117.71,14.32,8999.4296875,78,75,0,0,0,0,15.0,99.17,-154463,68,1528020315.172,6640,2,1,0,5,0,0,0,0,4,383.72,383.72,1F,1,1,1,0080,80,40,40,0,0,19,5.25
03/06/2018 11:05:19,54 58.53373,-1 31.10137,301,0,430,849795,1144818,383.62,18.302,4006,3986,3996,20,0,91.6,33.1,86.2,30.1,none,none,79.7,26.5,3994,-4004,3992,-3999,3994,3999,3996,-3999,3995,-4002,3995,-4001,3997,-4004,3995,4003,3995,-4002,3995,-4002,3996,-4003,3996,-4003,3996,4006,3994,-4004,3995,-4002,3997,-4002,3997,-4002,3997,-4002,3996,-4000,3994,-4000,3995,-3999,3999,4003,3995,-4000,3994,-3996,3990,-3996,3990,-3999,3990,3996,3991,-3995,3991,-3998,3993,-3997,3987,-3999,3988,-4001,3991,4003,3989,-4001,3990,-4001,3988,-4000,3990,-4001,3987,-4002,3986,-4002,3987,-4002,3987,-4002,3986,4000,3987,-3998,3987,-4000,3991,-3999,3987,-3998,3988,3998,3986,-3995,-0.25,SJNFAAZE1U0005576,117.71,14.32,8999.4296875,78,75,0,0,0,0,15.0,99.17,-154463,68,1528020319.116,6040,2,1,0,5,0,0,0,0,4,383.69,383.69,1F,1,1,1,0080,80,40,40,0,0,11,8.00
03/06/2018 11:05:23,54 58.53373,-1 31.10137,301,0,430,849619,1144818,383.90,15.647,4006,3989,3999,17,0,91.6,33.1,86.4,30.2,none,none,79.7,26.5,4002,3998,4001,-3995,-4004,3997,-4003,-3996,-4003,3997,-4004,3999,-4005,3999,-4005,3998,-4005,3998,-4004,3999,-4006,3998,-4004,4000,-4005,4000,-4006,3998,-4005,4001,-4005,4001,-4004,4000,-4003,4001,-4003,3998,-4003,3998,-4003,3998,-4006,4001,-4002,3997,-4002,3996,-3998,3991,-4001,3993,-4001,3993,-4003,3993,-4002,3992,-4004,3993,4002,-3990,4004,-3992,4005,-3995,4003,-3993,4004,3992,4002,-3992,4005,-3990,4004,-3990,4004,-3989,4006,-3989,4004,-3990,4003,-3992,4001,-3990,4002,3992,4002,-3994,3999,-3990,4001,-3991,3999,-3991,-0.26,SJNFAAZE1U0005576,117.71,14.32,9001.0390625,78,75,0,0,0,0,15.0,99.17,-154463,68,1528020323.036,5960,2,1,0,5,0,0,0,0,4,383.70,383.70,1F,1,1,1,0080,80,40,40,0,0,19,3.00
03/06/2018 11:05:27,54 58.53373,-1 31.10137,301,0,430,849525,1144818,384.10,7.132,4009,3992,4001,17,0,91.6,33.1,86.2,30.1,none,none,79.7,26.5,-4005,4001,-4004,3997,-4006,4000,-4005,3999,-4005,4001,-4005,4001,-4007,4001,-4008,4000,-4008,4002,-4007,4001,-4008,4001,-4008,4003,-4008,4002,-4008,4001,-4007,4003,-4007,4003,-4007,4002,-4006,4004,-4005,4000,-4005,4000,-4006,4001,-4009,4004,-4005,4000,-4004,3998,-4001,3994,-4003,3997,-4004,3996,-4004,3995,-4004,3995,-4006,3995,-4004,3993,-4006,3995,-4008,3998,-4006,3994,-4007,3996,-4005,3996,-4005,3992,-4008,3993,-4006,3993,-4008,3993,-4007,3993,-4005,3993,-4003,3994,-4004,3994,-4005,3997,-4002,3994,-4004,3994,-4002,3995,-0.21,SJNFAAZE1U0005576,117.71,14.32,9001.0390625,78,75,0,0,0,0,15.0,99.17,-154463,68,1528020327.135,3560,2,0,0,0,0,0,0,0,4,384.15,384.15,1F,1,1,1,0080,80,40,40,0,0,19,3.75
03/06/2018 11:05:31,54 58.53373,-1 31.10137,301,0,430,849429,1144818,384.19,8.292,4010,3992,4002,18,0,91.6,33.1,86.2,30.1,none,none,79.7,26.5,-4005,4002,-4005,3998,-4008,4001,-4006,3998,-4006,4000,-4006,4001,-4008,4002,-4009,4001,-4008,4001,-4008,4001,-4008,4001,-4008,4003,-4009,4003,-4009,4001,-4008,4002,-4008,4004,-4008,4002,-4007,4003,-4006,4001,-4005,4000,-4006,4001,-4009,4004,-4005,3999,-4006,3998,-4002,3995,-4004,3997,-4005,3996,-4005,3995,-4004,3994,-4008,3995,-4005,3993,-4007,3995,-4010,3998,-4007,3997,-4008,3996,-4007,3996,-4008,3992,-4009,3993,-4008,3992,-4009,3993,-4008,3993,-4007,3995,-4005,3994,-4006,3996,-4006,3997,-4003,3995,-4005,3994,-4004,3994,-0.25,SJNFAAZE1U0005576,117.71,14.32,9001.0390625,78,75,0,0,0,0,15.0,99.17,-154463,68,1528020331.132,3560,3,0,0,0,0,0,0,0,4,384.18,384.18,1F,1,1,1,0080,80,40,40,0,0,19,-0.25
03/06/2018 11:05:34,54 58.53373,-1 31.10137,301,0,430,849421,1144818,384.96,-5.103,4017,4001,4010,16,0,91.6,33.1,86.2,30.1,none,none,79.7,26.5,-4014,4010,-4014,4006,-4016,4008,-4013,4007,-4014,4008,-4014,4010,-4015,4009,-4015,4009,-4015,4009,-4015,4009,-4015,4009,-4015,4009,-4015,4010,-4016,4008,-4014,4009,-4014,4011,-4014,4010,-4013,4012,-4013,4008,-4013,4008,-4014,4009,-4017,4012,-4014,4009,-4014,4006,-4010,4003,-4013,4006,-4012,4005,-4013,4005,-4013,4004,-4015,4004,-4014,4002,-4015,4003,-4016,4007,-4015,4004,-4015,4005,-4014,4005,-4015,4001,-4017,4001,-4016,4001,-4016,4002,-4016,4002,-4014,4002,-4012,4003,-4013,4004,-4013,4007,-4011,4003,-4014,4003,-4011,4003,-0.21,SJNFAAZE1U0005576,117.71,14.32,9001.0390625,78,75,0,0,0,0,15.0,99.17,-154463,68,1528020334.951,0,2,0,0,0,0,0,0,0,4,384.85,384.85,1F,1,1,1,0080,79,40,40,0,0,19,-7.00
03/06/2018 11:05:38,54 58.53373,-1 31.10137,301,0,430,849505,1144818,385.25,-10.474,4022,4002,4013,20,0,91.6,33.1,86.2,30.1,none,none,79.7,26.5,-4013,4021,-4010,4016,-4014,4015,-4014,4015,-4011,4018,-4012,4017,-4012,4020,-4012,4019,-4012,4019,-4011,4019,-4013,4018,-4012,4019,-4012,4021,-4010,4019,-4011,4018,-4014,4017,-4015,4016,-4013,4018,-4013,4018,-4011,4016,-4012,4016,-4015,4019,-4012,4017,-4012,4013,-4009,4015,-4009,4017,-4009,4015,-4011,4014,-4008,4015,-4011,4016,-4007,4017,-4007,4018,-4009,4022,-4008,4019,-4008,4019,-4008,4017,-4007,4019,-4004,4019,-4002,4019,-4005,4021,-4005,4019,-4005,4017,-4005,4017,-4007,4014,-4009,4018,-4007,4016,-4007,4016,-4005,4012,-0.21,SJNFAAZE1U0005576,117.71,14.32,9001.0390625,78,75,0,0,0,0,15.0,99.17,-154467,68,1528020338.838,0,2,1,0,4,0,0,0,0,4,385.23,385.23,1F,1,1,1,0080,80,40,40,0,0,19,-7.00
03/06/2018 11:05:42,54 58.53373,-1 31.10137,301,0,430,849537,1144818,384.48,6.675,4014,3995,4005,19,0,91.6,33.1,86.2,30.1,none,none,79.7,26.5,4004,-4014,4001,-4009,4004,4008,4006,-4008,4004,-4009,4004,4011,4005,-4013,4004,-4012,4004,-4012,4004,-4012,4005,4011,4004,-4012,4003,-4014,4003,-4013,4005,-4011,4006,-4011,4006,-4010,4005,-4011,4005,-4010,4003,4009,4004,-4009,4008,-4012,4003,-4009,4003,-4006,3999,4007,3999,-4009,4000,-4007,4003,-4005,3999,-4008,4003,-4008,3998,-4009,3998,-4011,4000,-4013,3998,4010,4001,-4010,3999,-4009,4000,-4012,3997,-4011,3997,4012,3996,-4012,3997,-4012,3995,-4009,3998,-4008,3998,-4009,4001,4009,3998,-4007,3999,-4008,3996,-4005,-0.23,SJNFAAZE1U0005576,117.71,14.32,9001.0390625,78,75,0,0,0,0,15.0,99.17,-154468,68,1528020342.747,1160,2,1,0,4,0,0,0,0,4,384.81,384.81,1F,1,1,1,0080,79,40,40,0,0,19,9.50
03/06/2018 11:05:46,54 58.53373,-1 31.10137,301,0,430,849290,1144818,383.14,39.267,4001,3981,3991,20,0,91.6,33.1,86.2,30.1,none,none,79.7,26.5,3989,-3999,3987,-3994,3990,3994,3992,-3993,3989,-3997,3990,-3997,3992,-4000,3991,3999,3990,-3998,3991,-3998,3991,-3998,3991,-3999,3991,4001,3990,-3999,3991,-3998,3992,-3997,3993,-3997,3993,-3997,3991,-3997,3989,-3996,3991,-3995,3994,3998,3991,-3995,3989,-3992,3985,-3991,3984,-3994,3985,3992,3987,-3991,3985,-3993,3987,-3992,3983,-3995,3984,-3996,3986,-3999,3984,-3996,3985,-3997,3984,3995,3987,-3997,3982,-3998,3981,-3998,3982,-3997,3982,3997,3981,-3996,3983,-3995,3983,-3995,3985,-3995,3982,-3993,3984,3992,3981,-3989,-0.23,SJNFAAZE1U0005576,117.71,14.32,9001.0390625,78,75,0,0,0,0,15.0,99.17,-154468,68,1528020346.625,10840,2,1,0,5,0,0,0,0,4,383.37,383.37,1F,1,1,1,0080,79,40,40,0,0,19,22.50
03/06/2018 11:05:50,54 58.53373,-1 31.10137,301,0,430,848906,1144818,382.66,43.113,3996,3977,3986,19,0,91.6,33.1,86.2,30.1,none,none,79.7,26.5,3986,3994,3982,-3989,3986,3990,3987,-3989,3985,-3991,3986,-3992,3986,-3994,3985,-3993,3986,-3994,3985,3994,3986,-3993,3986,-3994,3987,-3996,3985,-3995,3987,3995,3988,-3993,3988,-3991,3987,-3994,3987,-3991,3985,-3990,3986,-3990,3989,-3992,3986,-3990,3985,3986,3980,-3986,3980,-3988,3981,-3986,3984,-3986,3981,3987,3983,-3987,3979,-3989,3981,-3990,3981,-3992,3980,-3990,3983,-3991,3981,-3990,3984,-3991,3978,3991,3977,-3992,3980,-3992,3980,-3990,3977,-3989,3978,-3989,3980,3987,3981,-3990,3978,-3986,3979,-3987,3977,-3985,-0.23,SJNFAAZE1U0005576,117.70,14.32,9001.0390625,78,75,0,0,0,0,15.0,99.17,-154468,68,1528020350.302,12960,2,1,0,5,0,0,0,0,4,382.80,382.80,1F,1,1,1,0080,79,40,40,0,0,19,22.75
03/06/2018 11:05:53,54 58.53373,-1 31.10137,301,0,429,848552,1144818,382.46,44.669,3993,3974,3984,19,0,91.6,33.1,86.2,30.1,none,none,79.7,26.5,3981,-3991,3980,-3987,3983,3987,3985,-3986,3982,-3989,3983,-3990,3985,-3991,3984,-3991,3984,-3991,3984,-3991,3984,-3990,3984,3992,3984,-3993,3984,-3992,3984,-3990,3985,-3990,3985,3989,3985,-3991,3984,-3990,3982,-3989,3984,-3988,3986,-3991,3983,-3987,3983,-3984,3977,-3983,3977,3986,3978,-3983,3980,-3983,3980,-3985,3980,-3983,3976,-3987,3977,3988,3980,-3991,3979,-3989,3979,-3988,3977,-3987,3983,3988,3975,-3989,3975,-3988,3976,-3989,3975,-3988,3974,-3986,3976,-3986,3977,-3988,3977,-3986,3976,3984,3976,-3984,3974,-3980,-0.22,SJNFAAZE1U0005576,117.70,14.32,9001.0390625,78,75,0,0,0,0,15.0,99.17,-154468,68,1528020353.736,13320,2,1,0,5,0,0,0,0,4,382.47,382.47,1F,1,1,1,0080,79,40,40,0,0,19,28.75
03/06/2018 11:05:57,54 58.53373,-1 31.10137,301,0,429,848065,1144818,381.41,63.346,3981,3962,3973,19,0,91.4,33.0,86.2,30.1,none,none,79.7,26.5,-3975,3973,-3975,3970,-3977,3973,-3977,3971,-3976,3973,-3978,3974,-3979,3974,-3980,3974,-3980,3974,-3979,3974,-3980,3973,-3980,3975,-3980,3975,-3981,3973,-3979,3977,-3980,3976,-3979,3974,-3978,3977,-3979,3973,-3978,3973,-3978,3973,-3980,3976,-3976,3972,-3976,3969,-3971,3964,-3972,3967,-3973,3966,-3974,3965,-3974,3966,-3978,3965,-3973,3964,-3978,3966,-3979,3969,-3977,3966,-3978,3968,-3977,3967,-3981,3963,-3978,3965,-3978,3964,-3980,3965,-3979,3965,-3976,3963,-3974,3965,-3977,3967,-3974,3967,-3971,3962,-3974,3965,-3972,3964,-0.26,SJNFAAZE1U0005576,117.70,14.32,9001.0390625,78,75,0,0,0,0,15.0,99.17,-154468,68,1528020357.472,18760,2,1,0,5,0,0,0,0,4,381.46,381.46,1F,1,1,1,0080,79,40,40,0,0,11,36.00
03/06/2018 11:06:01,54 58.53373,-1 31.10137,301,0,429,847483,1144818,381.02,62.522,3977,3959,3969,18,0,91.6,33.1,86.2,30.1,none,none,79.7,26.5,-3972,3968,-3972,3966,-3974,3968,-3974,3968,-3973,3970,-3975,3970,-3975,3970,-3976,3968,-3976,3970,-3976,3970,-3977,3970,-3975,3971,-3977,3971,-3977,3970,-3976,3972,-3975,3972,-3975,3971,-3974,3973,-3974,3969,-3974,3969,-3974,3969,-3976,3972,-3972,3968,-3971,3965,-3967,3960,-3968,3963,-3970,3962,-3970,3962,-3972,3963,-3973,3961,-3969,3960,-3972,3961,-3975,3965,-3973,3963,-3974,3964,-3973,3964,-3977,3959,-3974,3960,-3974,3961,-3975,3960,-3974,3961,-3971,3962,-3970,3962,-3973,3964,-3969,3963,-3966,3960,-3971,3961,-3968,3960,-0.26,SJNFAAZE1U0005576,117.70,14.32,9001.0390625,78,75,0,0,0,0,15.0,99.17,-154468,68,1528020361.188,19520,3,1,0,5,0,0,0,0,4,381.15,381.15,1F,1,1,1,0080,79,40,40,0,0,19,33.75
03/06/2018 11:06:05,54 58.53373,-1 31.10137,301,0,429,846933,1144818,380.74,61.911,3974,3957,3966,17,0,91.6,33.1,86.2,30.1,none,none,79.7,26.5,-3968,3966,-3968,3963,-3971,3966,-3969,3965,-3970,3967,-3970,3968,-3972,3968,-3972,3967,-3972,3970,-3972,3969,-3972,3968,-3972,3970,-3974,3968,-3974,3968,-3972,3970,-3971,3970,-3972,3968,-3971,3969,-3970,3966,-3969,3966,-3971,3966,-3972,3969,-3968,3965,-3968,3963,-3962,3957,-3965,3960,-3964,3960,-3965,3958,-3967,3960,-3969,3958,-3966,3958,-3969,3960,-3972,3962,-3969,3961,-3970,3961,-3968,3961,-3971,3957,-3969,3958,-3968,3959,-3971,3958,-3969,3958,-3968,3958,-3965,3959,-3969,3960,-3965,3962,-3962,3958,-3966,3958,-3964,3958,-0.23,SJNFAAZE1U0005576,117.70,14.32,9001.0390625,78,75,0,0,0,0,15.0,99.17,-154468,68,1528020365.080,19360,2,1,0,5,0,0,0,0,4,380.77,380.77,1F,1,1,1,0080,79,40,40,0,0,19,33.25
03/06/2018 11:06:09,54 58.53373,-1 31.10137,301,0,428,846362,1144818,380.54,59.623,3972,3955,3964,17,0,91.6,33.1,86.2,30.1,none,none,79.7,26.5,-3966,3964,-3967,3961,-3969,3965,-3968,3964,-3968,3965,-3969,3967,-3970,3967,-3971,3966,-3970,3966,-3970,3966,-3972,3966,-3971,3968,-3972,3967,-3971,3966,-3971,3969,-3970,3968,-3970,3966,-3969,3969,-3969,3966,-3968,3965,-3969,3964,-3970,3967,-3966,3962,-3965,3961,-3960,3955,-3962,3958,-3963,3958,-3964,3958,-3965,3959,-3968,3957,-3964,3957,-3968,3959,-3969,3961,-3967,3959,-3967,3959,-3966,3960,-3971,3956,-3968,3957,-3967,3957,-3969,3957,-3968,3957,-3965,3957,-3963,3958,-3967,3959,-3964,3960,-3962,3956,-3964,3957,-3962,3956,-0.26,SJNFAAZE1U0005576,117.70,14.32,9001.0390625,78,75,0,0,0,0,15.0,99.17,-154468,68,1528020369.056,18400,3,1,0,5,0,0,0,0,4,380.66,380.66,1F,1,1,1,0080,79,40,40,0,0,19,33.75
03/06/2018 11:06:13,54 58.53373,-1 31.10137,301,0,428,845765,1144818,380.26,61.881,3973,3949,3961,24,0,91.6,33.1,86.2,30.1,none,none,79.7,26.5,-3957,3968,-3956,3964,-3960,3966,-3962,3963,-3961,3968,-3960,3968,-3961,3971,-3961,3969,-3961,3971,-3961,3970,-3963,3969,-3962,3971,-3962,3973,-3960,3970,3962,-3970,3963,3969,3963,-3968,3963,-3968,3962,-3967,3959,-3966,3962,-3966,3963,3969,3958,-3966,3958,-3962,3952,-3960,3952,-3962,-3953,3961,3955,-3959,-3955,3963,-3956,3961,-3950,3964,-3953,3965,-3955,3970,-3953,3964,-3956,3967,-3954,3965,-3955,3965,-3950,3965,-3949,3969,-3952,3966,-3951,3968,-3949,3965,-3951,3964,-3954,3963,-3954,3964,-3950,3960,-3952,3963,-3951,3959,-0.24,SJNFAAZE1U0005576,117.70,14.32,9001.0390625,78,75,0,0,0,0,15.0,99.17,-154468,68,1528020373.129,18760,2,1,0,5,0,0,0,0,4,380.25,380.25,1F,1,1,1,0080,80,40,40,0,0,19,33.75
03/06/2018 11:06:16,54 58.53373,-1 31.10137,301,0,428,845120,1144818,379.39,76.591,3963,3939,3952,24,0,91.6,33.1,86.2,30.1,none,none,79.7,26.5,3947,3959,3947,-3955,3950,3957,3954,-3955,3951,-3959,3952,-3959,3953,-3962,3952,-3961,3952,-3962,3952,3961,3953,-3962,3952,-3961,3953,-3963,3952,-3962,3953,3962,3953,-3961,3955,-3959,3954,-3960,3953,-3959,3952,-3959,3952,-3958,3955,-3960,3950,-3956,3948,3952,3942,-3950,3942,-3953,3944,-3952,3946,-3950,3947,3954,3947,-3952,3942,-3956,3944,-3957,3946,-3959,3945,-3957,3947,3959,3944,-3956,3950,-3957,3941,-3957,3941,-3960,3943,-3958,3943,-3957,3939,-3956,3943,-3956,3945,3956,3944,-3955,3942,-3951,3942,-3953,3941,-3949,-0.22,SJNFAAZE1U0005576,117.70,14.32,9001.0390625,78,75,0,0,0,0,15.0,99.17,-154468,68,1528020376.882,23240,2,1,0,5,0,0,0,0,4,379.51,379.51,1F,1,1,1,0080,80,40,40,0,0,19,42.25
03/06/2018 11:06:20,54 58.53373,-1 31.10137,301,0,427,844367,1144818,379.20,76.255,3961,3939,3950,22,0,91.6,33.1,86.2,30.1,none,none,79.7,26.5,3946,-3956,3946,-3952,3948,3953,3951,-3953,3948,-3956,3950,-3957,3951,-3959,3950,-3959,3952,-3958,3951,-3958,3952,-3959,3952,3959,3952,-3961,3951,-3960,3951,-3959,3952,-3958,3952,3957,3952,-3958,3953,-3956,3950,-3956,3951,-3955,3953,-3958,3947,-3953,3946,-3950,3941,-3947,3940,3951,3943,-3948,3944,-3948,3946,-3951,3945,-3949,3940,-3951,3943,3953,3945,-3956,3944,-3954,3946,-3954,3944,-3953,3949,3954,3940,-3955,3942,-3955,3942,-3955,3942,-3954,3939,-3953,3941,-3952,3943,-3954,3942,-3951,3940,3949,3941,-3950,3939,-3947,-0.21,SJNFAAZE1U0005576,117.69,14.32,9001.0390625,78,75,0,0,0,0,15.0,99.17,-154468,68,1528020380.802,24040,2,1,0,5,0,0,0,0,4,379.11,379.11,1F,1,1,1,0080,80,40,40,0,0,19,36.00
03/06/2018 11:06:24,54 58.53373,-1 31.10137,301,0,427,843751,1144818,379.78,56.205,3966,3946,3956,20,0,91.6,33.1,86.2,30.1,none,none,79.7,26.5,3952,-3962,3953,-3959,3955,3961,3959,-3959,3954,3961,3955,-3963,3957,-3965,3956,-3965,3958,-3965,3958,-3966,3959,-3965,3959,-3965,3959,-3966,3957,3965,3958,-3965,3959,-3964,3959,-3963,3959,-3964,3957,3962,3956,-3962,3957,-3960,3959,-3963,3955,-3959,3954,-3956,3948,-3954,3948,-3957,3949,-3955,3952,3955,3951,-3957,3952,-3956,3946,-3958,3950,-3959,3951,-3962,3950,3959,3953,-3960,3950,-3959,3952,-3959,3947,-3960,3946,3962,3949,-3961,3949,-3961,3946,-3958,3947,-3958,3950,-3957,3949,-3958,3947,-3955,3948,-3957,3947,3953,-0.23,SJNFAAZE1U0005576,117.69,14.32,9001.0390625,78,75,0,0,0,0,15.0,99.17,-154468,68,1528020384.739,17920,2,1,0,5,0,0,0,0,4,379.75,379.75,1F,1,1,1,0080,80,40,40,0,0,19,25.00
03/06/2018 11:06:28,54 58.53373,-1 31.10137,301,0,427,843305,1144818,380.35,40.580,3972,3952,3962,20,0,91.6,33.1,86.4,30.2,none,none,79.7,26.5,3958,-3969,3958,3965,3961,3965,3964,-3965,3961,-3968,3962,-3969,3962,3971,3963,-3970,3963,-3969,3964,-3970,3963,-3969,3963,-3970,3964,-3972,3963,-3971,3963,-3969,3965,3971,3965,-3968,3964,-3969,3963,-3968,3962,-3967,3962,3967,3965,-3970,3962,-3966,3960,-3962,3954,-3961,3954,-3964,3956,-3961,3957,-3961,3959,-3963,3958,3962,3954,-3965,3955,-3965,3956,-3968,3955,-3966,3957,-3967,3956,3965,3960,-3966,3954,-3966,3954,-3967,3955,-3967,3954,3967,3952,-3964,3953,-3964,3956,-3964,3954,-3964,3953,-3961,3954,-3962,3952,-3959,-0.20,SJNFAAZE1U0005576,117.69,14.32,9002.6484375,78,75,0,0,0,0,15.0,99.17,-154468,68,1528020388.511,13760,2,1,0,5,0,0,0,0,4,380.33,380.33,1F,1,1,1,0080,80,40,40,0,0,19,21.00
03/06/2018 11:06:32,54 58.53373,-1 31.10137,301,0,427,842942,1144818,380.16,43.723,3970,3949,3960,21,0,91.8,33.2,86.4,30.2,none,none,79.9,26.6,-3962,3959,-3963,3956,-3966,3960,-3966,3959,-3965,3961,-3967,3962,-3968,3961,-3968,3961,-3969,3962,-3968,3961,-3969,3961,-3969,3963,-3970,3963,-3969,3961,-3968,3964,-3968,3963,-3968,3962,-3966,3963,-3967,3961,-3965,3960,-3966,3961,-3968,3963,-3963,3958,-3964,3957,-3958,3949,-3960,3953,-3961,3954,-3962,3952,-3961,3953,-3964,3952,-3961,3952,-3965,3952,-3967,3957,-3965,3953,-3965,3954,-3964,3955,-3966,3950,-3966,3951,-3964,3952,-3967,3951,-3966,3952,-3963,3952,-3962,3953,-3964,3954,-3961,3955,-3959,3951,-3962,3951,-3960,3950,-0.21,SJNFAAZE1U0005576,117.70,14.32,9002.6484375,78,75,0,0,0,0,15.0,99.17,-154468,68,1528020392.152,12880,2,1,0,5,0,0,0,0,4,380.40,380.40,1F,1,1,1,0080,80,40,40,0,0,19,25.75
03/06/2018 11:06:35,54 58.53373,-1 31.10137,301,0,426,842496,1144818,379.87,54.374,3966,3946,3957,20,0,91.6,33.1,86.2,30.1,none,none,79.7,26.5,-3957,3956,-3959,3953,-3961,3956,-3962,3955,-3962,3958,-3962,3959,-3964,3958,-3965,3958,-3963,3959,-3964,3959,-3964,3959,-3964,3960,-3966,3959,-3965,3958,-3963,3960,-3963,3960,-3963,3960,-3962,3960,-3962,3957,-3961,3958,-3962,3957,-3964,3960,-3960,3955,-3957,3953,-3953,3946,-3955,3950,-3957,3948,-3957,3949,-3959,3950,-3959,3949,-3957,3949,-3960,3950,-3963,3952,-3961,3952,-3961,3951,-3960,3951,-3965,3948,-3961,3948,-3962,3948,-3964,3948,-3962,3948,-3959,3948,-3958,3949,-3960,3952,-3956,3950,-3955,3947,-3957,3948,-3955,3948,-0.22,SJNFAAZE1U0005576,117.70,14.32,9002.6484375,78,75,0,0,0,0,15.0,99.17,-154468,68,1528020395.779,16280,2,1,0,5,0,0,0,0,4,379.86,379.86,1F,1,1,1,0080,80,40,40,0,0,19,31.75
03/06/2018 11:06:39,54 58.53373,-1 31.10137,301,0,426,841963,1144818,379.68,56.357,3964,3945,3955,19,0,91.8,33.2,86.4,30.2,none,none,79.9,26.6,-3956,3955,-3958,3952,-3960,3954,-3961,3954,-3959,3955,-3961,3957,-3962,3958,-3963,3957,-3962,3957,-3963,3958,-3964,3957,-3963,3958,-3964,3958,-3963,3957,-3963,3959,-3962,3959,-3961,3958,-3960,3960,-3961,3956,-3960,3955,-3960,3954,-3962,3958,-3958,3955,-3957,3952,-3953,3946,-3954,3949,-3956,3947,-3955,3948,-3959,3949,-3958,3947,-3957,3948,-3959,3948,-3962,3950,-3959,3950,-3959,3949,-3958,3949,-3964,3945,-3960,3946,-3961,3945,-3961,3947,-3960,3947,-3957,3946,-3955,3948,-3958,3951,-3955,3949,-3953,3947,-3955,3946,-3953,3945,-0.24,SJNFAAZE1U0005576,117.70,14.32,9002.6484375,78,75,0,0,0,0,15.0,99.17,-154468,68,1528020399.716,17880,2,1,0,5,0,0,0,0,4,379.59,379.59,1F,1,1,1,0080,80,40,40,0,0,19,30.00
03/06/2018 11:06:43,54 58.53373,-1 31.10137,301,0,426,841403,1144818,379.01,66.154,3957,3937,3948,20,0,91.8,33.2,86.4,30.2,none,none,79.9,26.6,-3948,3947,-3952,3945,-3953,3948,-3953,3948,-3953,3950,-3955,3950,-3956,3950,-3956,3950,-3956,3951,-3955,3951,-3957,3951,-3957,3952,-3957,3951,-3956,3950,-3955,3952,-3956,3952,-3956,3951,-3955,3953,-3954,3950,-3953,3949,-3954,3948,-3956,3951,-3951,3946,-3950,3944,-3943,3937,-3946,3942,-3947,3941,-3947,3939,-3951,3942,-3952,3940,-3948,3940,-3952,3942,-3955,3944,-3953,3941,-3953,3944,-3951,3943,-3955,3937,-3953,3939,-3952,3939,-3954,3940,-3952,3939,-3950,3940,-3948,3940,-3951,3941,-3947,3941,-3945,3939,-3947,3939,-3946,3939,-0.22,SJNFAAZE1U0005576,117.70,14.32,9002.6484375,78,75,0,0,0,0,15.0,99.17,-154468,68,1528020403.647,19720,2,1,0,5,0,0,0,0,4,379.01,379.01,1F,1,1,1,0080,80,40,40,0,0,19,36.75
03/06/2018 11:06:47,54 58.53373,-1 31.10137,301,0,425,840817,1144818,378.62,68.503,3956,3932,3944,24,0,91.8,33.2,86.4,30.2,none,none,79.9,26.6,3939,-3951,3939,-3948,3943,3949,3946,-3948,3945,-3950,3945,-3952,3945,-3954,3944,-3953,3945,-3955,3946,-3955,3948,-3953,3947,3954,3947,-3956,3944,-3954,3946,-3954,3947,-3954,3948,3952,3947,-3952,-3945,3951,-3943,-3951,-3945,3951,-3945,3952,-3943,3948,-3941,3945,-3934,3942,-3934,3945,-3936,3944,-3937,3941,-3936,3946,-3940,3945,-3933,3946,-3935,3949,-3938,3953,-3936,3946,-3939,3949,-3937,3949,-3938,3949,-3933,3950,3932,-3951,3935,3950,3935,-3951,3933,-3946,3933,-3946,3936,-3946,3935,-3946,3934,3943,3933,-3946,3934,-3942,-0.22,SJNFAAZE1U0005576,117.70,14.32,9002.6484375,78,75,0,0,0,0,15.0,99.17,-154468,68,1528020407.178,20400,2,1,0,5,0,0,0,0,4,378.75,378.75,1F,1,1,1,0080,80,40,40,0,0,19,36.25
03/06/2018 11:06:50,54 58.53373,-1 31.10137,301,0,425,840221,1144818,378.62,63.560,3957,3933,3944,24,0,91.6,33.1,86.4,30.2,none,none,79.9,26.6,3940,-3950,3940,-3947,3943,3949,3946,-3947,3944,3951,3944,-3953,3945,-3954,3944,-3953,3945,-3955,3946,-3953,3948,-3954,3946,-3955,3946,-3957,3944,3954,3946,-3955,3947,-3954,3948,-3951,3946,-3953,3945,-3952,3943,3950,3945,-3950,3945,-3952,3941,-3948,3941,-3944,3936,3943,3934,-3945,3936,-3943,3939,-3942,3937,-3947,3940,-3944,3933,-3948,3936,-3950,3938,-3952,3937,3948,3940,-3950,3938,-3948,3939,-3949,3933,-3949,3933,3952,3937,-3951,3935,-3951,3933,-3948,3933,-3948,3937,-3946,3937,-3946,3934,-3943,3934,-3945,3934,3942,-0.24,SJNFAAZE1U0005576,117.70,14.32,9002.6484375,78,75,0,0,0,0,15.0,99.17,-154468,68,1528020410.754,20280,2,1,0,5,0,0,0,0,4,378.83,378.83,1F,1,1,1,0080,80,40,40,0,0,19,33.00
03/06/2018 11:06:54,54 58.53373,-1 31.10137,301,0,425,839664,1144818,378.53,66.184,3955,3931,3943,24,0,91.8,33.2,86.4,30.2,none,none,79.9,26.6,3939,-3950,3939,3947,3941,3947,3946,-3948,3943,-3950,3943,-3950,3944,3953,3944,-3952,3944,-3953,3944,-3953,3944,-3954,3945,-3952,3947,3955,3943,-3953,3944,-3951,3946,-3952,3946,-3951,3946,-3951,3945,-3951,3943,-3950,3944,-3948,3945,3952,3941,-3947,3940,-3943,3934,-3941,3934,-3944,3936,3941,3937,-3942,3938,-3945,3939,-3944,3933,-3947,3936,-3947,3937,-3950,3936,-3949,3938,-3948,3937,3947,3942,-3949,3933,-3949,3934,-3949,3936,-3949,3935,3948,3932,-3946,3934,-3946,3937,-3948,3935,-3943,3933,-3942,3933,-3943,3931,-3941,-0.23,SJNFAAZE1U0005576,117.70,14.32,9002.6484375,78,75,0,0,0,0,15.0,99.17,-154468,69,1528020414.634,19520,2,1,0,5,0,0,0,0,4,378.59,378.59,1F,1,1,1,0080,80,40,40,0,0,19,32.75
03/06/2018 11:06:58,54 58.53373,-1 31.10137,301,0,425,839159,1144818,379.58,38.322,3965,3943,3954,22,0,91.8,33.2,86.4,30.2,none,none,79.9,26.6,3949,-3961,3949,-3957,3953,3957,3955,3957,3953,-3960,3954,-3961,3955,-3963,3955,-3963,3954,-3962,3954,-3962,3955,-3963,3955,-3962,3955,-3965,3954,-3964,3954,3962,3956,-3962,3956,-3962,3956,-3961,3954,-3960,3953,-3959,3955,-3958,3956,-3961,3952,-3958,3951,3954,3944,-3953,3945,-3955,3947,-3952,3947,-3952,3949,3956,3949,-3955,3944,-3957,3945,-3958,3947,-3960,3946,-3959,3949,-3959,3948,-3957,3948,-3958,3944,3959,3943,-3959,3945,-3960,3945,-3959,3943,-3957,3943,3956,3947,-3956,3946,-3956,3943,-3954,3944,-3955,3943,-3950,-0.24,SJNFAAZE1U0005576,117.70,14.32,9002.6484375,78,75,0,0,0,0,15.0,99.17,-154468,69,1528020418.526,12360,2,0,0,0,0,0,0,0,4,379.55,379.55,1F,1,1,1,0080,80,40,40,0,0,19,18.25
03/06/2018 11:07:02,54 58.53373,-1 31.10137,301,0,424,838816,1144818,379.87,33.927,3969,3946,3957,23,0,91.8,33.2,86.6,30.3,none,none,80.1,26.7,3953,-3964,3952,-3960,3956,3960,3959,-3960,3957,-3964,3958,3965,3959,-3966,3957,-3966,3957,-3965,3958,-3966,3959,3965,3958,-3966,3959,-3969,3958,-3966,3958,-3965,3960,-3966,3960,3963,3959,-3964,3958,-3963,3957,-3962,3958,-3962,3961,-3966,3955,-3962,3955,-3956,3949,-3957,3949,3959,3950,-3957,3952,-3956,3953,-3958,3952,-3957,3948,3961,3949,-3961,3951,-3964,3951,-3961,3951,-3963,3950,-3961,3954,-3963,3948,-3963,3947,-3964,3948,3963,3948,-3962,3946,-3960,3948,-3960,3950,-3961,3949,3959,3947,-3958,3948,-3959,3947,-3955,-0.24,SJNFAAZE1U0005576,117.70,14.32,9002.6484375,78,75,0,0,0,0,15.0,99.17,-154468,69,1528020422.573,10320,2,0,0,0,0,0,0,0,4,379.93,379.93,1F,1,1,1,0080,80,40,40,0,0,19,19.25
03/06/2018 11:07:06,54 58.53373,-1 31.10137,301,0,424,838514,1144818,380.26,29.014,3970,3951,3961,19,0,91.8,33.2,86.6,30.3,none,none,80.1,26.7,-3964,3960,-3964,3957,-3966,3960,-3966,3959,-3966,3961,-3967,3962,-3968,3962,-3968,3962,-3968,3962,-3968,3962,-3969,3962,-3969,3964,-3970,3963,-3969,3961,-3967,3965,-3967,3965,-3968,3963,-3968,3965,-3966,3962,-3966,3961,-3966,3960,-3968,3963,-3964,3960,-3963,3958,-3959,3951,-3961,3954,-3962,3953,-3962,3954,-3964,3954,-3964,3953,-3962,3953,-3966,3954,-3968,3957,-3965,3954,-3966,3955,-3965,3956,-3967,3951,-3966,3951,-3965,3952,-3968,3953,-3967,3953,-3963,3953,-3962,3953,-3966,3955,-3962,3954,-3960,3952,-3962,3953,-3960,3952,-0.24,SJNFAAZE1U0005576,117.70,14.32,9002.6484375,78,75,0,0,0,0,15.0,99.17,-154468,69,1528020426.274,9280,2,0,0,0,0,0,0,0,4,380.23,380.23,1F,1,1,1,0080,80,40,40,0,0,11,14.00
03/06/2018 11:07:09,54 58.53373,-1 31.10137,301,0,424,838269,1144818,380.26,29.838,3970,3952,3961,18,0,91.8,33.2,86.6,30.3,none,none,80.1,26.7,-3965,3961,-3964,3958,-3967,3961,-3967,3961,-3967,3962,-3967,3963,-3969,3962,-3969,3962,-3968,3963,-3969,3964,-3970,3962,-3970,3965,-3969,3963,-3970,3960,-3968,3964,-3968,3965,-3968,3965,-3966,3965,-3967,3962,-3967,3961,-3967,3961,-3968,3964,-3964,3960,-3964,3958,-3960,3952,-3961,3955,-3961,3956,-3963,3955,-3964,3955,-3965,3954,-3963,3953,-3966,3954,-3967,3958,-3965,3955,-3968,3957,-3966,3955,-3967,3952,-3966,3952,-3965,3953,-3968,3953,-3967,3953,-3964,3953,-3962,3954,-3965,3954,-3962,3956,-3961,3953,-3963,3953,-3960,3952,-0.20,SJNFAAZE1U0005576,117.70,14.32,9002.6484375,78,75,0,0,0,0,15.0,99.17,-154468,69,1528020429.922,9160,2,1,0,4,0,0,0,0,4,380.33,380.33,1F,1,1,1,0080,80,40,40,0,0,19,14.00
03/06/2018 11:07:13,54 58.53373,-1 31.10137,301,0,424,837964,1144818,380.06,38.993,3968,3948,3959,20,0,91.8,33.2,86.4,30.2,none,none,79.9,26.6,-3960,3958,-3962,3954,-3964,3958,-3964,3957,-3964,3959,-3964,3960,-3966,3960,-3967,3960,-3966,3961,-3966,3961,-3967,3960,-3967,3961,-3967,3961,-3968,3960,-3966,3962,-3966,3962,-3966,3961,-3965,3962,-3965,3960,-3964,3958,-3964,3958,-3966,3961,-3962,3957,-3961,3955,-3955,3949,-3958,3952,-3959,3951,-3958,3950,-3960,3952,-3963,3952,-3959,3949,-3963,3951,-3965,3955,-3963,3952,-3964,3954,-3962,3953,-3964,3948,-3964,3949,-3963,3950,-3964,3950,-3963,3950,-3962,3949,-3960,3950,-3962,3952,-3959,3952,-3957,3949,-3959,3950,-3958,3950,-0.24,SJNFAAZE1U0005576,117.70,14.32,9002.6484375,78,75,0,0,0,0,15.0,99.17,-154468,69,1528020433.691,11160,2,1,0,4,0,0,0,0,4,380.06,380.06,1F,1,1,1,0080,80,40,40,0,0,19,20.25
03/06/2018 11:07:17,54 58.53373,-1 31.10137,301,0,424,837572,1144818,379.49,47.843,3962,3942,3953,20,0,91.8,33.2,86.6,30.3,none,none,80.1,26.7,-3955,3952,-3954,3949,-3957,3952,-3957,3952,-3957,3952,-3957,3955,-3960,3954,-3960,3954,-3961,3955,-3960,3955,-3961,3955,-3960,3956,-3962,3955,-3961,3953,-3960,3957,-3960,3957,-3960,3954,-3959,3957,-3959,3953,-3958,3953,-3959,3952,-3960,3954,-3956,3951,-3954,3950,-3951,3942,-3952,3946,-3952,3944,-3954,3945,-3954,3945,-3956,3944,-3954,3944,-3959,3945,-3959,3948,-3957,3948,-3959,3947,-3957,3947,-3960,3944,-3957,3943,-3958,3944,-3960,3943,-3959,3944,-3954,3945,-3955,3945,-3957,3947,-3954,3945,-3951,3943,-3954,3944,-3951,3943,-0.22,SJNFAAZE1U0005576,117.70,14.32,9002.6484375,78,75,0,0,0,0,15.0,99.17,-154468,69,1528020437.528,13720,2,1,0,4,0,0,0,0,4,379.63,379.63,1F,1,1,1,0080,80,40,40,0,0,19,28.25
03/06/2018 11:07:21,54 58.53373,-1 31.10137,301,0,424,837107,1144818,379.78,38.962,3967,3945,3956,22,0,92.0,33.3,86.6,30.3,none,none,79.9,26.6,3954,-3963,3952,3959,3955,3961,3958,-3960,-3956,3962,3956,-3963,-3956,3965,-3957,3964,-3958,3965,-3957,3964,-3958,3964,-3957,3966,-3959,3967,-3957,3966,3958,-3964,3959,3964,3959,-3962,3958,-3964,3957,-3963,3956,-3961,3956,-3961,3959,3963,3955,-3959,3953,-3955,3949,-3954,3948,-3957,3950,3955,3951,-3954,3952,-3957,3952,-3956,3949,-3958,3950,-3960,3952,-3961,3950,-3961,3952,-3960,3950,3959,3953,-3960,3947,-3961,3948,-3961,3950,-3960,3950,3961,3945,-3959,3948,-3958,3951,-3960,3950,-3957,3948,-3955,3948,-3957,3946,-3954,-0.23,SJNFAAZE1U0005576,117.70,14.32,9002.6484375,78,75,0,0,0,0,15.0,99.17,-154468,69,1528020441.343,13720,2,1,0,5,0,0,0,0,4,379.72,379.72,1F,1,1,1,0080,80,40,40,0,0,19,17.25
03/06/2018 11:07:25,54 58.53373,-1 31.10137,301,0,423,836793,1144818,379.78,37.467,3967,3945,3956,22,0,91.8,33.2,86.4,30.2,none,none,79.9,26.6,3953,-3963,3953,-3959,3955,3959,3958,-3960,3955,-3962,3957,-3962,3958,-3965,3956,-3964,3956,-3963,3958,3965,3958,-3964,3957,-3965,3958,-3967,3956,-3965,3957,3964,3958,-3964,3959,-3962,3958,-3963,3957,-3962,3956,-3962,3957,-3959,3958,-3964,3954,-3960,3952,3956,3949,-3953,3948,-3957,3949,-3955,3951,-3954,3953,3957,3951,-3955,3949,-3958,3951,-3960,3951,-3962,3949,-3962,3953,-3961,3950,-3959,3956,-3960,3947,3961,3950,-3961,3949,-3960,3949,-3960,3945,-3958,3949,3958,3950,-3961,3950,-3956,3947,-3956,3948,-3956,3946,-3953,-0.23,SJNFAAZE1U0005576,117.70,14.32,9002.6484375,78,75,0,0,0,0,15.0,99.17,-154468,69,1528020445.116,10600,2,1,0,5,0,0,0,0,4,379.89,379.89,1F,1,1,1,0080,80,40,40,0,0,19,26.50
03/06/2018 11:07:28,54 58.53373,-1 31.10137,301,0,423,836276,1144818,378.53,67.801,3955,3930,3943,25,0,91.8,33.2,86.6,30.3,none,none,80.1,26.7,3937,-3950,3938,-3946,3941,3947,3945,-3946,3942,-3950,3943,-3949,3945,-3953,3943,-3952,3943,-3952,3944,-3953,3944,-3951,3944,3952,3945,-3955,3943,-3953,3944,-3951,3946,-3951,3946,3950,3945,-3950,3945,-3949,3943,-3948,3943,-3947,3945,-3951,3941,-3945,3939,-3943,3932,-3941,3933,3944,3934,-3940,3936,-3941,3937,-3945,3936,-3942,3932,3945,3934,-3948,3937,-3949,3935,-3948,3937,-3948,3934,-3946,3941,-3948,3932,-3949,3933,-3949,3933,3949,3933,-3948,3930,-3946,3932,-3945,3935,-3946,3933,3943,3933,-3943,3931,-3943,3931,-3940,-0.29,SJNFAAZE1U0005576,117.70,14.32,9002.6484375,78,75,0,0,0,0,15.0,99.17,-154468,69,1528020448.979,20320,3,1,0,4,0,0,0,0,4,378.56,378.56,1F,1,1,1,0080,80,40,40,0,0,19,37.50
03/06/2018 11:07:32,54 58.53373,-1 31.10137,301,0,423,835600,1144818,377.76,75.370,3947,3923,3935,24,0,91.8,33.2,86.6,30.3,none,none,79.9,26.6,3930,-3942,3931,-3938,3934,3940,3938,-3938,3935,3942,3935,-3943,3936,-3945,3937,-3944,3937,-3945,3938,-3945,3938,-3945,3938,-3945,3938,-3947,3936,3946,3937,-3945,3938,-3945,3939,-3943,3939,-3943,3937,3943,3935,-3942,3936,-3940,3938,-3943,3934,-3938,3931,-3936,3925,-3933,3925,-3936,3927,-3934,3927,3932,3930,-3937,3929,-3935,3925,-3938,3927,-3940,3929,3942,3927,-3940,3930,-3941,3928,-3940,3932,-3940,3925,-3941,3925,-3942,3926,-3941,3925,-3941,3924,3939,3925,-3938,3928,-3939,3927,-3937,3923,-3934,3924,3936,3923,-3932,-0.25,SJNFAAZE1U0005576,117.70,14.32,9004.2568359375,78,75,0,0,0,0,15.0,99.17,-154468,69,1528020452.957,22800,2,1,0,5,0,0,0,0,4,377.70,377.70,1F,1,1,1,0080,80,40,40,0,0,11,36.75
03/06/2018 11:07:36,54 58.53373,-1 31.10137,301,0,423,835009,1144818,378.43,54.862,3950,3933,3942,17,0,92.0,33.3,86.6,30.3,none,none,80.1,26.7,3942,3941,3942,-3939,-3947,3943,-3945,-3942,-3945,3944,-3947,3945,3949,3945,-3949,3944,3947,-3947,3949,-3945,3950,-3945,3950,-3947,3950,-3946,3950,-3945,3949,-3948,3948,3948,3948,-3947,3948,-3947,3947,-3944,3946,-3943,3947,3944,3948,-3946,3944,-3941,3943,-3939,3937,-3933,3939,-3936,3941,-3935,3941,-3936,3943,-3937,3945,3936,3941,-3934,3945,-3936,3948,-3940,3944,-3936,3947,3938,3944,-3939,3947,-3934,3944,-3935,3945,-3935,3946,-3933,3945,-3936,3943,-3935,3941,-3934,3944,3936,3941,-3936,3938,-3933,3940,-3934,3939,-3934,-0.29,SJNFAAZE1U0005576,117.70,14.32,9004.2568359375,78,75,0,0,0,0,15.0,99.17,-154468,69,1528020456.976,17440,3,1,0,5,0,0,0,0,4,378.43,378.43,1F,1,1,1,0080,81,40,40,0,0,19,29.50
03/06/2018 11:07:40,54 58.53373,-1 31.10137,301,0,422,834459,1144818,378.24,60.569,3949,3930,3940,19,0,91.8,33.2,86.6,30.3,none,none,80.1,26.7,-3941,3939,-3942,3937,-3944,3940,-3945,3940,-3945,3941,-3946,3942,-3948,3943,-3949,3943,-3948,3944,-3949,3943,-3948,3943,-3948,3944,-3949,3944,-3949,3943,-3948,3944,-3947,3944,-3947,3943,-3947,3945,-3946,3942,-3945,3940,-3946,3940,-3947,3943,-3943,3939,-3942,3937,-3935,3930,-3938,3934,-3939,3932,-3939,3933,-3942,3934,-3944,3933,-3940,3933,-3944,3934,-3945,3937,-3943,3936,-3944,3936,-3943,3935,-3946,3931,-3943,3933,-3945,3932,-3946,3933,-3943,3933,-3942,3933,-3939,3934,-3943,3935,-3940,3933,-3936,3931,-3939,3932,-3938,3932,-0.27,SJNFAAZE1U0005576,117.70,14.32,9004.2568359375,78,75,0,0,0,0,15.0,99.17,-154468,69,1528020460.800,18040,2,1,0,5,0,0,0,0,4,378.31,378.31,1F,1,1,1,0080,81,40,40,0,0,11,27.75
03/06/2018 11:07:44,54 58.53373,-1 31.10137,301,0,422,834004,1144818,378.53,47.873,3952,3932,3943,20,0,92.0,33.3,86.6,30.3,none,none,80.1,26.7,-3945,3941,-3945,3939,-3949,3942,-3948,3941,-3948,3944,-3948,3945,-3950,3945,-3951,3944,-3951,3946,-3951,3945,-3952,3945,-3951,3945,-3952,3946,-3952,3944,-3950,3946,-3950,3947,-3950,3946,-3949,3947,-3949,3944,-3949,3944,-3949,3943,-3950,3946,-3946,3941,-3945,3940,-3940,3933,-3942,3937,-3943,3935,-3945,3934,-3945,3937,-3946,3934,-3944,3935,-3948,3935,-3950,3939,-3947,3937,-3949,3939,-3947,3937,-3949,3932,-3948,3934,-3948,3935,-3951,3935,-3949,3934,-3945,3935,-3944,3934,-3947,3937,-3943,3937,-3942,3933,-3944,3934,-3940,3933,-0.18,SJNFAAZE1U0005576,117.70,14.32,9004.2568359375,78,75,0,0,0,0,15.0,99.17,-154468,69,1528020464.512,14320,2,1,0,5,0,0,0,0,4,378.67,378.67,1F,1,1,1,0080,81,40,40,0,0,19,29.00
03/06/2018 11:07:48,54 58.53373,-1 31.10137,301,0,422,833503,1144818,377.95,63.956,3947,3925,3937,22,0,92.0,33.3,86.6,30.3,none,none,80.1,26.7,-3938,3935,-3940,3933,-3942,3935,-3942,3936,-3942,3937,-3943,3938,-3945,3940,-3945,3939,-3943,3940,-3944,3939,-3947,3939,-3946,3941,-3947,3939,-3946,3938,-3945,3941,-3945,3941,-3945,3939,-3944,3940,-3944,3938,-3942,3937,-3943,3936,-3943,3939,-3940,3934,-3938,3932,-3933,3925,-3934,3928,-3935,3929,-3938,3927,-3938,3930,-3940,3927,-3937,3928,-3942,3928,-3943,3931,-3941,3931,-3943,3933,-3940,3930,-3944,3926,-3942,3927,-3939,3928,-3943,3928,-3942,3928,-3940,3928,-3938,3929,-3941,3929,-3937,3929,-3935,3926,-3936,3927,-3934,3927,-0.20,SJNFAAZE1U0005576,117.70,14.32,9004.2568359375,78,75,0,0,0,0,15.0,99.17,-154468,69,1528020468.188,18600,2,1,0,5,0,0,0,0,4,377.97,377.97,1F,1,1,1,0080,81,40,40,0,0,19,33.00
03/06/2018 11:07:51,54 58.53373,-1 31.10137,301,0,421,833024,1144818,378.43,47.202,3951,3931,3942,20,0,92.0,33.3,86.6,30.3,none,none,80.1,26.7,-3942,3940,-3945,3938,-3948,3941,-3948,3941,-3947,3943,-3948,3945,-3950,3944,-3950,3945,-3950,3944,-3950,3945,-3950,3945,-3950,3945,-3951,3945,-3950,3944,-3950,3946,-3950,3945,-3949,3946,-3949,3947,-3948,3943,-3947,3943,-3949,3942,-3949,3945,-3945,3941,-3944,3939,-3938,3932,-3941,3934,-3940,3934,-3942,3934,-3944,3935,-3945,3934,-3942,3935,-3946,3935,-3949,3938,-3945,3936,-3947,3937,-3946,3937,-3948,3931,-3948,3933,-3945,3933,-3948,3933,-3948,3933,-3945,3934,-3942,3935,-3946,3936,-3942,3936,-3940,3932,-3942,3933,-3941,3933,-0.24,SJNFAAZE1U0005576,117.70,14.32,9004.2568359375,78,75,0,0,0,0,15.0,99.17,-154468,69,1528020471.824,15000,2,1,0,5,0,0,0,0,4,378.47,378.47,1F,1,1,1,0080,80,40,40,0,0,19,26.00
03/06/2018 11:07:55,54 58.53373,-1 31.10137,301,0,421,832584,1144818,378.05,56.266,3949,3926,3938,23,0,92.0,33.3,86.6,30.3,none,none,80.1,26.7,3933,-3944,3933,-3941,3937,3942,3940,-3942,3938,-3944,3939,-3945,3940,-3947,3939,-3947,3939,-3947,3941,-3946,3941,-3946,3940,3948,3941,-3949,3939,-3948,3940,-3947,3941,-3947,3942,3945,3941,-3946,3940,-3945,3938,-3944,3938,-3942,3941,-3945,3936,-3941,3934,-3937,3929,-3935,3929,3938,3929,-3937,3932,-3936,3933,-3940,3933,-3937,3928,3940,3931,-3941,3933,-3944,3931,-3942,3934,-3943,3931,-3942,3936,-3942,3929,-3943,3929,-3943,3931,3942,3930,-3943,3926,-3940,3930,-3940,3931,-3940,3930,-3938,3928,3936,3929,-3938,3926,-3935,-0.25,SJNFAAZE1U0005576,117.71,14.32,9004.2568359375,78,75,0,0,0,0,15.0,99.17,-154468,69,1528020475.556,16200,2,1,0,5,0,0,0,0,4,378.18,378.18,1F,1,1,1,0080,81,40,40,0,0,19,32.50
03/06/2018 11:07:59,54 58.53373,-1 31.10137,301,0,421,832096,1144818,378.05,52.298,3951,3926,3938,25,0,92.0,33.3,86.6,30.3,none,none,80.1,26.7,3934,-3945,3934,-3942,3937,3943,3941,-3942,3938,3945,3939,-3946,3940,-3948,3939,-3947,3939,-3948,3941,-3949,3940,-3947,3940,-3948,3942,-3951,3939,3948,3940,-3947,3942,-3947,3940,-3945,3941,-3947,3940,3944,3938,-3945,3939,-3942,3940,-3946,3937,-3941,3935,-3938,3929,-3936,3929,-3940,3930,-3936,3932,3937,3933,-3940,3933,-3938,3928,-3942,3931,-3943,3933,3945,3931,-3943,3933,-3943,3930,-3942,3936,-3944,3929,-3945,3928,3945,3930,-3943,3929,-3944,3926,-3941,3929,-3941,3932,-3942,3930,-3940,3928,-3938,3928,-3939,3927,3935,-0.22,SJNFAAZE1U0005576,117.71,14.32,9004.2568359375,78,75,0,0,0,0,15.0,99.17,-154468,69,1528020479.178,16720,2,1,0,5,0,0,0,0,4,378.18,378.18,1F,1,1,1,0080,81,40,40,0,0,19,30.00
03/06/2018 11:08:03,54 58.53373,-1 31.10137,301,0,421,831640,1144818,378.62,40.793,3956,3932,3944,24,0,91.8,33.2,86.6,30.3,none,none,80.1,26.7,3940,-3951,3939,3948,3942,3948,3945,-3948,3942,-3950,3943,-3952,3945,3954,3944,-3953,3943,-3954,3944,-3953,3945,-3953,3944,-3953,3946,-3956,3944,-3954,3945,-3953,3946,3954,3947,-3951,3946,-3952,3945,-3951,3943,-3950,3944,3949,3946,-3952,3942,-3948,3942,-3944,3935,-3943,3934,-3945,3936,-3943,3939,-3942,3938,-3946,3938,3945,3935,-3946,3936,-3948,3938,-3951,3936,-3947,3939,3949,3937,-3949,3939,-3949,3935,-3950,3932,-3951,3935,-3950,3935,3950,3932,-3947,3935,-3946,3937,-3947,3937,-3946,3934,-3943,3934,-3945,3933,-3941,-0.25,SJNFAAZE1U0005576,117.71,14.32,9004.2568359375,78,75,0,0,0,0,15.0,99.17,-154468,69,1528020483.030,13880,2,1,0,5,0,0,0,0,4,378.55,378.55,1F,1,1,1,0080,81,40,40,0,0,19,19.00
03/06/2018 11:08:06,54 58.53373,-1 31.10137,301,0,421,831299,1144818,378.53,43.723,3955,3930,3943,25,0,92.0,33.3,86.8,30.4,none,none,80.1,26.7,3939,-3950,3938,-3945,3941,3946,3944,3946,3942,-3950,3943,-3950,3946,-3953,3943,-3953,3943,3952,3945,-3952,3945,-3952,3943,-3953,3945,-3955,3943,-3953,3944,-3951,3947,-3951,3945,-3950,3944,3951,3945,-3949,3942,-3950,3943,-3948,3945,-3951,3940,3946,3940,-3943,3933,-3941,3933,-3944,3935,-3941,3936,-3941,3939,-3945,3937,-3944,3933,-3945,3935,3946,3937,-3949,3936,-3947,3937,-3947,3935,-3947,3939,-3948,3932,3948,3933,-3947,3934,-3948,3934,-3947,3930,-3945,3933,3945,3935,-3946,3934,-3943,3932,-3941,3933,-3944,3933,-3939,-0.24,SJNFAAZE1U0005576,117.71,14.32,9004.2568359375,78,75,0,0,0,0,15.0,99.17,-154468,69,1528020486.710,12720,2,1,0,5,0,0,0,0,4,378.60,378.60,1F,1,1,1,0080,81,40,40,0,0,11,27.75
03/06/2018 11:08:10,54 58.53373,-1 31.10137,301,0,420,830879,1144818,378.34,46.042,3951,3930,3941,21,0,92.0,33.3,86.6,30.3,none,none,80.1,26.7,3942,-3941,3943,-3937,3947,3941,3946,-3941,3946,-3942,3947,3943,3949,-3944,3950,-3943,3949,-3944,3949,-3944,3951,3943,3950,-3945,3950,-3943,3950,-3942,3949,-3946,3948,-3946,3949,-3944,3947,-3946,3947,-3943,3947,3942,3947,-3942,3948,-3943,3944,-3940,3943,-3938,3938,3932,3941,-3933,3941,-3933,3941,-3933,3943,-3935,3945,-3934,3941,3933,3944,-3934,3948,-3938,3945,-3934,3946,-3936,3944,-3936,3947,-3930,3946,-3932,3947,-3932,3948,3934,3945,-3933,3943,-3933,3942,-3933,3944,-3934,3940,3935,3939,-3931,3940,-3933,3940,-3931,-0.24,SJNFAAZE1U0005576,117.71,14.32,9004.2568359375,78,75,0,0,0,0,15.0,99.17,-154468,69,1528020490.319,14600,2,1,0,5,0,0,0,0,4,378.46,378.46,1F,1,1,1,0080,81,40,40,0,0,19,26.25
03/06/2018 11:08:14,54 58.53373,-1 31.10137,301,0,420,830457,1144818,378.14,49.979,3949,3929,3939,20,0,92.0,33.3,86.8,30.4,none,none,80.1,26.7,-3939,3938,-3942,3935,-3944,3939,-3944,3938,-3945,3940,-3945,3941,-3948,3942,-3948,3941,-3947,3943,-3948,3941,-3948,3942,-3949,3944,-3949,3942,-3947,3941,-3947,3943,-3947,3944,-3945,3942,-3946,3944,-3945,3940,-3945,3940,-3945,3939,-3945,3943,-3942,3938,-3941,3936,-3935,3929,-3938,3933,-3939,3931,-3940,3930,-3942,3932,-3942,3932,-3939,3931,-3944,3931,-3945,3935,-3943,3933,-3944,3935,-3943,3934,-3946,3929,-3944,3931,-3944,3929,-3946,3931,-3944,3930,-3942,3930,-3940,3931,-3944,3932,-3939,3933,-3937,3929,-3939,3931,-3938,3929,-0.26,SJNFAAZE1U0005576,117.71,14.32,9004.2568359375,78,75,0,0,0,0,15.0,99.17,-154468,69,1528020494.077,14960,2,1,0,5,0,0,0,0,4,378.22,378.22,1F,1,1,1,0080,81,40,40,0,0,19,31.50
03/06/2018 11:08:17,54 58.53373,-1 31.10137,301,0,420,829951,1144818,377.38,63.773,3942,3921,3931,21,0,92.0,33.3,86.6,30.3,none,none,80.1,26.7,-3931,3930,-3934,3927,-3936,3932,-3937,3930,-3938,3932,-3938,3935,-3940,3934,-3940,3935,-3940,3935,-3941,3934,-3940,3934,-3940,3935,-3941,3935,-3942,3934,-3940,3936,-3939,3936,-3939,3935,-3938,3937,-3938,3934,-3938,3933,-3937,3932,-3938,3934,-3934,3930,-3933,3928,-3927,3921,-3929,3924,-3930,3923,-3930,3922,-3933,3925,-3933,3923,-3930,3922,-3936,3924,-3937,3926,-3936,3926,-3936,3926,-3935,3925,-3939,3922,-3937,3922,-3936,3922,-3939,3922,-3936,3923,-3933,3922,-3932,3924,-3935,3924,-3931,3924,-3929,3921,-3930,3922,-3929,3921,-0.19,SJNFAAZE1U0005576,117.71,14.32,9004.2568359375,78,75,0,0,0,0,15.0,99.17,-154468,69,1528020497.575,19040,3,0,0,0,0,0,0,0,4,377.55,377.55,1F,1,1,1,0080,81,40,40,0,0,19,36.25
03/06/2018 11:08:21,54 58.53373,-1 31.10137,301,0,420,829407,1144818,377.76,58.311,3944,3924,3935,20,0,92.0,33.3,86.8,30.4,none,none,80.1,26.7,-3934,3933,-3937,3931,-3940,3933,-3940,3934,-3939,3935,-3941,3937,-3942,3937,-3942,3936,-3943,3938,-3942,3937,-3944,3938,-3943,3939,-3944,3938,-3943,3937,-3944,3939,-3942,3938,-3942,3938,-3941,3939,-3941,3937,-3941,3936,-3941,3935,-3942,3937,-3938,3933,-3937,3931,-3931,3925,-3933,3926,-3933,3927,-3934,3926,-3938,3929,-3938,3925,-3935,3926,-3939,3927,-3941,3930,-3938,3928,-3941,3929,-3937,3929,-3941,3924,-3939,3926,-3940,3925,-3941,3925,-3940,3926,-3937,3927,-3936,3927,-3939,3928,-3935,3928,-3932,3925,-3934,3926,-3933,3925,-0.21,SJNFAAZE1U0005576,117.70,14.32,9004.2568359375,78,75,0,0,0,0,15.0,99.17,-154468,69,1528020501.271,18720,2,0,0,0,0,0,0,0,4,377.58,377.58,1F,1,1,1,0080,81,40,40,0,0,11,27.25
03/06/2018 11:08:25,54 58.53373,-1 31.10137,301,0,419,828995,1144818,378.43,33.500,3951,3931,3942,20,0,92.0,33.3,86.8,30.4,none,none,80.1,26.7,-3943,3940,-3944,3938,-3948,3941,-3946,3940,-3947,3943,-3947,3944,-3949,3944,-3950,3943,-3950,3945,-3949,3944,-3950,3943,-3949,3945,-3951,3944,-3950,3942,-3949,3944,-3949,3946,-3949,3943,-3948,3946,-3947,3942,-3947,3943,-3947,3942,-3949,3945,-3944,3940,-3944,3939,-3939,3932,-3940,3933,-3942,3935,-3944,3933,-3943,3935,-3945,3934,-3942,3933,-3946,3934,-3948,3937,-3946,3936,-3947,3937,-3946,3937,-3946,3931,-3947,3932,-3946,3933,-3949,3934,-3947,3934,-3944,3934,-3942,3933,-3946,3934,-3943,3935,-3940,3931,-3942,3933,-3940,3933,-0.24,SJNFAAZE1U0005576,117.70,14.32,9004.2568359375,78,75,0,0,0,0,15.0,99.17,-154468,69,1528020505.031,11840,2,0,0,0,0,0,0,0,4,378.48,378.48,1F,1,1,1,0080,81,40,40,0,0,11,14.75
03/06/2018 11:08:28,54 58.53373,-1 31.10137,301,0,419,828732,1144818,379.39,21.781,3964,3939,3952,25,0,92.0,33.3,86.8,30.4,none,none,80.1,26.7,3948,-3959,3947,3955,3950,3956,3954,-3954,3950,-3958,3951,-3958,-3952,3961,3951,-3960,-3952,3960,-3952,3959,-3954,3960,-3952,3959,-3953,3964,-3952,3961,3952,-3959,3953,3960,3954,-3958,3953,-3959,3952,-3959,3951,-3957,3952,-3955,3954,3959,3950,-3954,3948,-3951,3944,-3951,3943,-3953,3945,3950,3946,-3950,3946,-3954,3946,-3952,3943,-3954,3945,-3957,3947,-3959,3945,-3956,3946,-3956,3944,3955,3947,-3957,3943,-3956,3942,-3957,3944,-3958,3943,3957,3939,-3954,3944,-3955,3945,-3956,3944,-3954,3942,-3951,3943,-3953,3942,-3949,-0.21,SJNFAAZE1U0005576,117.70,14.32,9004.2568359375,78,75,0,0,0,0,15.0,99.17,-154468,69,1528020508.935,9000,2,0,0,0,0,0,0,0,4,379.14,379.14,1F,1,1,1,0080,81,40,40,0,0,19,0.50
03/06/2018 11:08:32,54 58.53373,-1 31.10137,301,0,419,828752,1144818,380.83,-11.786,3976,3958,3967,18,0,92.0,33.3,86.8,30.4,none,none,80.1,26.7,3965,-3974,3964,-3969,3967,3970,3969,3970,3966,-3972,3967,-3972,3968,-3974,3969,-3973,3967,-3974,3967,3974,3969,-3973,3968,-3973,3969,-3976,3967,-3975,3968,3974,3970,-3974,3969,-3973,3969,-3972,3968,-3972,3968,-3970,3968,-3970,3969,-3973,3966,-3971,3966,3966,3961,-3966,3961,-3968,3963,-3966,3962,-3965,3962,3968,3964,-3968,3960,-3970,3960,-3971,3963,-3973,3962,-3971,3963,-3971,3962,-3969,3961,-3971,3960,3971,3959,-3971,3960,-3971,3959,-3971,3958,-3969,3959,3968,3962,-3969,3961,-3969,3959,-3966,3960,-3968,3958,-3964,-0.24,SJNFAAZE1U0005576,117.70,14.32,9004.2568359375,78,75,0,0,0,0,15.0,99.17,-154469,69,1528020512.758,0,3,1,0,4,0,0,0,0,4,380.91,380.91,1F,1,1,1,0080,81,40,40,0,0,19,-6.75
03/06/2018 11:08:36,54 58.53373,-1 31.10137,301,0,419,828733,1144818,379.78,20.469,3966,3946,3956,20,0,92.0,33.3,86.8,30.4,none,none,80.1,26.7,3953,-3963,3952,-3959,3955,3960,3959,-3959,3956,-3963,3956,3963,3957,-3964,3956,-3964,3956,-3964,3957,-3964,3957,-3964,3958,3965,3957,-3966,3956,-3965,3957,-3963,3957,-3964,3959,3963,3958,-3964,3957,-3962,3956,-3961,3957,-3961,3959,-3963,3955,-3960,3954,-3956,3947,-3955,3948,3957,3949,-3956,3950,-3954,3951,-3958,3953,-3957,3947,3959,3948,-3960,3950,-3964,3948,-3960,3951,-3962,3949,-3959,3950,-3962,3947,-3961,3946,-3963,3947,3962,3946,-3962,3946,-3959,3946,-3959,3949,-3959,3948,3960,3946,-3955,3947,-3957,3947,-3954,-0.22,SJNFAAZE1U0005576,117.70,14.32,9004.2568359375,78,75,0,0,0,0,15.0,99.17,-154469,70,1528020516.596,5240,2,1,0,4,0,0,0,0,4,380.08,380.08,1F,1,1,1,0080,81,40,40,0,0,19,20.75
03/06/2018 11:08:40,54 58.53373,-1 31.10137,301,0,419,828358,1144818,378.53,53.153,3953,3931,3943,22,0,92.0,33.3,86.8,30.4,none,none,80.1,26.7,3937,-3950,3939,-3945,3942,3947,3944,-3946,3942,-3949,3943,-3949,3944,-3952,3942,-3951,3943,-3952,3944,-3952,3946,-3952,3944,-3952,3945,-3953,3943,3952,3944,-3951,3945,-3950,3946,-3950,3945,-3950,3944,3949,3943,-3948,3944,-3948,3945,-3951,3941,-3946,3939,-3943,3933,-3940,3933,-3943,3935,-3942,3937,3941,3939,-3944,3938,-3943,3934,-3944,3936,-3946,3938,3948,3936,-3946,3939,-3947,3937,-3947,3940,-3947,3933,-3947,3934,-3948,3934,-3947,3935,-3947,3931,3945,3932,-3945,3936,-3945,3935,-3943,3932,-3941,3933,3942,3932,-3940,-0.25,SJNFAAZE1U0005576,117.70,14.32,9004.2568359375,78,75,0,0,0,0,15.0,99.17,-154469,70,1528020520.417,15680,2,1,0,5,0,0,0,0,4,378.60,378.60,1F,1,1,1,0080,81,40,40,0,0,19,33.00
03/06/2018 11:08:44,54 58.53373,-1 31.10137,301,0,419,827858,1144818,378.62,45.066,3952,3934,3944,18,0,92.0,33.3,86.8,30.4,none,none,80.1,26.7,3945,3943,3947,-3940,-3948,3943,-3949,-3943,3948,-3944,3950,3946,3951,3946,3951,-3945,3951,-3947,3951,-3946,3952,-3946,3952,-3947,3952,-3946,3952,-3945,3951,-3948,3951,3947,3950,-3947,3950,-3948,3950,-3945,3949,-3944,3949,3944,3951,-3947,3946,-3943,3946,-3940,3940,-3934,3942,-3937,3943,-3937,3944,-3936,3946,-3938,3947,3936,3944,-3935,3948,-3937,3949,-3940,3947,-3937,3948,3940,3947,-3939,3950,-3934,3949,-3935,3947,-3935,3949,-3936,3949,-3935,3946,-3936,3944,-3937,3947,3937,3942,-3938,3941,-3934,3943,-3935,3942,-3935,-0.25,SJNFAAZE1U0005576,117.70,14.32,9005.8662109375,78,75,0,0,0,0,15.0,99.17,-154469,70,1528020524.088,15720,3,1,0,5,0,0,0,0,4,378.63,378.63,1F,1,1,1,0080,81,40,40,0,0,19,20.75
03/06/2018 11:08:47,54 58.53373,-1 31.10137,301,0,419,827522,1144818,378.62,43.754,3953,3934,3944,19,0,92.0,33.3,86.8,30.4,none,none,80.1,26.7,-3944,3941,-3946,3940,-3948,3942,-3948,3942,-3948,3944,-3949,3944,-3952,3946,-3952,3945,-3951,3945,-3952,3946,-3951,3946,-3952,3947,-3952,3947,-3952,3945,-3953,3947,-3951,3948,-3950,3947,-3949,3948,-3950,3945,-3949,3944,-3950,3944,-3950,3947,-3946,3941,-3944,3940,-3940,3934,-3943,3936,-3943,3935,-3943,3935,-3947,3937,-3947,3935,-3944,3936,-3948,3937,-3950,3939,-3947,3938,-3949,3939,-3946,3939,-3952,3934,-3950,3935,-3949,3935,-3949,3936,-3948,3934,-3946,3936,-3943,3937,-3948,3939,-3943,3937,-3941,3934,-3943,3934,-3941,3934,-0.25,SJNFAAZE1U0005576,117.70,14.32,9005.8662109375,78,75,0,0,0,0,15.0,99.17,-154469,70,1528020527.717,13280,2,1,0,5,0,0,0,0,4,378.61,378.61,1F,1,1,1,0080,81,40,40,0,0,19,28.25
03/06/2018 11:08:51,54 58.53373,-1 31.10137,301,0,418,827065,1144818,378.05,52.421,3948,3928,3938,20,0,92.0,33.3,86.8,30.4,none,none,80.1,26.7,-3939,3937,-3941,3934,-3943,3937,-3943,3937,-3942,3939,-3944,3939,-3945,3940,-3946,3940,-3947,3941,-3946,3940,-3947,3941,-3947,3943,-3948,3941,-3948,3939,-3946,3942,-3945,3943,-3946,3941,-3945,3942,-3944,3939,-3944,3939,-3943,3936,-3945,3941,-3941,3936,-3940,3934,-3934,3928,-3936,3930,-3936,3929,-3938,3929,-3940,3931,-3940,3929,-3937,3929,-3943,3930,-3943,3933,-3942,3932,-3942,3933,-3941,3932,-3946,3928,-3943,3928,-3943,3929,-3945,3929,-3943,3930,-3941,3930,-3939,3930,-3941,3932,-3938,3932,-3935,3928,-3937,3929,-3936,3928,-0.24,SJNFAAZE1U0005576,117.71,14.32,9005.8662109375,78,75,0,0,0,0,15.0,99.17,-154469,70,1528020531.343,16320,2,1,0,5,0,0,0,0,4,378.06,378.06,1F,1,1,1,0080,81,40,40,0,0,11,28.50
03/06/2018 11:08:55,54 58.53373,-1 31.10137,301,0,418,826628,1144818,378.34,43.204,3950,3931,3941,19,0,92.0,33.3,86.6,30.3,none,none,80.1,26.7,-3940,3941,-3943,3938,-3946,3941,-3945,3941,-3946,3942,-3947,3943,-3948,3943,-3948,3943,-3948,3944,-3949,3944,-3949,3943,-3949,3944,-3950,3944,-3950,3943,-3949,3945,-3948,3945,-3948,3944,-3947,3945,-3947,3942,-3947,3942,-3946,3941,-3948,3943,-3944,3939,-3944,3938,-3938,3932,-3940,3934,-3940,3933,-3941,3934,-3944,3935,-3945,3932,-3940,3932,-3944,3934,-3947,3937,-3944,3935,-3946,3935,-3944,3937,-3947,3932,-3946,3933,-3947,3932,-3947,3932,-3946,3932,-3944,3933,-3942,3933,-3945,3935,-3940,3935,-3938,3931,-3940,3933,-3939,3931,-0.25,SJNFAAZE1U0005576,117.71,14.32,9005.8662109375,78,75,0,0,0,0,15.0,99.17,-154469,70,1528020535.290,14400,2,1,0,5,0,0,0,0,4,378.29,378.29,1F,1,1,1,0080,81,40,40,0,0,19,19.75
03/06/2018 11:08:59,54 58.53373,-1 31.10137,301,0,418,826286,1144818,378.91,29.960,3956,3938,3947,18,0,92.0,33.3,86.8,30.4,none,none,80.2,26.8,-3949,3946,-3950,3943,-3953,3945,-3953,3947,-3952,3948,-3952,3949,-3955,3949,-3956,3948,-3955,3949,-3955,3949,-3956,3950,-3955,3950,-3956,3949,-3956,3949,-3954,3950,-3955,3951,-3954,3950,-3954,3952,-3953,3949,-3953,3948,-3953,3947,-3955,3951,-3950,3947,-3949,3944,-3945,3938,-3947,3941,-3947,3939,-3948,3941,-3950,3940,-3950,3940,-3948,3939,-3952,3940,-3954,3942,-3952,3942,-3952,3942,-3951,3941,-3954,3938,-3952,3939,-3953,3938,-3955,3939,-3952,3939,-3951,3940,-3948,3939,-3951,3942,-3947,3941,-3945,3938,-3947,3939,-3946,3938,-0.23,SJNFAAZE1U0005576,117.71,14.32,9005.8662109375,78,75,0,0,0,0,15.0,99.17,-154469,70,1528020539.302,10080,2,1,0,5,0,0,0,0,4,378.85,378.85,1F,1,1,1,0080,81,40,40,0,0,19,14.00
03/06/2018 11:09:03,54 58.53373,-1 31.10137,301,0,418,826042,1144818,379.20,23.856,3961,3940,3950,21,0,92.0,33.3,86.8,30.4,none,none,80.1,26.7,3946,-3956,3947,-3953,3951,3953,3952,-3953,3950,-3955,3951,-3956,3953,-3959,3952,-3959,3951,-3958,3952,-3958,3953,-3958,3953,3958,3953,-3961,3951,-3958,3952,-3958,3954,-3958,3954,3957,3952,-3957,3952,-3956,3951,-3956,3952,-3953,3952,-3957,3951,-3953,3947,-3949,3943,-3949,3942,3951,3945,-3949,3945,-3947,3947,-3952,3947,-3949,3942,3952,3943,-3953,3946,-3955,3944,-3955,3946,-3955,3945,-3953,3947,-3954,3943,-3954,3942,-3956,3942,3955,3942,-3954,3940,-3953,3942,-3953,3945,-3953,3943,-3951,3940,3949,3942,-3950,3940,-3946,-0.27,SJNFAAZE1U0005576,117.71,14.32,9005.8662109375,78,75,0,0,0,0,15.0,99.17,-154469,70,1528020543.113,7840,2,1,0,5,0,0,0,0,4,379.22,379.22,1F,1,1,1,0080,81,40,40,0,0,19,12.50
03/06/2018 11:09:06,54 58.53373,-1 31.10137,301,0,418,825824,1144818,379.49,21.934,3963,3941,3953,22,0,92.0,33.3,86.8,30.4,none,none,80.1,26.7,3949,-3959,3948,-3956,3951,3956,3955,-3956,3952,3959,3953,-3959,3953,-3961,3953,-3961,3953,-3960,3953,-3961,3955,-3960,3954,-3961,3953,-3963,3953,3962,3953,-3961,3955,-3960,3954,-3959,3955,-3960,3954,3958,3953,-3958,3953,-3957,3954,-3961,3950,-3955,3949,-3952,3945,-3952,3945,-3954,3946,-3953,3948,3951,3948,-3955,3948,-3953,3943,-3956,3946,-3957,3948,3960,3946,-3957,3948,-3959,3946,-3956,3947,-3958,3943,-3958,3942,-3959,3945,-3959,3945,-3959,3941,3956,3945,-3956,3946,-3955,3946,-3956,3944,-3952,3944,-3954,3943,3950,-0.25,SJNFAAZE1U0005576,117.71,14.32,9005.8662109375,78,75,0,0,0,0,15.0,99.17,-154469,70,1528020546.934,7680,3,1,0,5,0,0,0,0,4,379.44,379.44,1F,1,1,1,0080,81,40,40,0,0,19,9.25
03/06/2018 11:09:10,54 58.53373,-1 31.10137,301,0,418,825657,1144818,379.97,13.236,3968,3946,3958,22,0,92.0,33.3,86.8,30.4,none,none,80.2,26.8,3954,-3964,3953,3962,3957,3961,3959,-3961,3957,-3963,3958,-3965,3958,3967,3957,-3966,3958,-3965,3958,-3966,3958,-3965,3957,-3966,3958,-3968,3957,-3966,3958,-3964,3958,3964,3960,-3963,3959,-3966,3958,-3964,3957,-3964,3957,3962,3960,-3965,3956,-3961,3955,-3958,3950,-3957,3949,-3959,3951,-3957,3953,-3957,3954,-3959,3953,3959,3949,-3961,3950,-3962,3952,-3964,3950,-3963,3953,3962,3950,-3962,3954,-3963,3948,-3963,3948,-3963,3949,-3965,3949,-3964,3946,-3960,3948,-3961,3951,3962,3951,-3960,3948,-3959,3949,-3959,3947,-3954,-0.20,SJNFAAZE1U0005576,117.71,14.32,9005.8662109375,78,75,0,0,0,0,15.0,99.17,-154469,70,1528020550.872,4800,2,1,0,5,0,0,0,0,4,379.93,379.93,1F,1,1,1,0080,81,40,40,0,0,19,3.25
03/06/2018 11:09:14,54 58.53373,-1 31.10137,301,0,418,825511,1144818,379.68,24.924,3965,3943,3955,22,0,92.0,33.3,86.8,30.4,none,none,80.1,26.7,3951,-3962,3950,-3959,3953,3959,3956,3958,3953,-3961,3954,-3962,3955,-3964,3954,-3963,3954,3962,3955,-3963,3956,-3962,3955,-3964,3956,-3965,3954,-3965,3955,-3963,3957,-3963,3956,-3961,3955,3962,3955,-3960,3954,-3960,3955,-3959,3957,-3962,3953,3958,3951,-3955,3946,-3954,3947,-3958,3949,-3954,3949,-3953,3950,-3957,3950,-3956,3946,-3958,3947,3960,3950,-3962,3948,-3961,3950,-3959,3948,-3959,3951,3961,3945,-3961,3945,-3960,3946,-3961,3946,-3961,3943,-3959,3945,-3958,3947,-3958,3948,-3956,3945,3955,3945,-3955,3944,-3953,-0.23,SJNFAAZE1U0005576,117.71,14.32,9005.8662109375,78,75,0,0,0,0,15.0,99.17,-154469,70,1528020554.744,6200,3,1,0,5,0,0,0,0,4,379.77,379.77,1F,1,1,1,0080,81,40,40,0,0,19,12.50
03/06/2018 11:09:18,54 58.53373,-1 31.10137,301,0,418,825286,1144818,379.78,21.628,3964,3946,3956,18,0,92.0,33.3,86.8,30.4,none,none,80.1,26.7,3958,-3954,3959,-3951,3961,3954,3960,-3954,3961,-3956,3961,3957,3963,-3956,3963,-3956,3963,-3956,3963,-3957,3963,3957,3963,-3957,3964,-3958,3964,-3956,3962,-3958,3961,-3958,3962,-3956,3961,-3959,3961,-3956,3961,3955,3961,-3955,3964,-3958,3959,-3954,3960,-3951,3955,3947,3957,-3950,-3957,3949,-3957,-3948,-3958,3948,-3960,3948,-3957,3948,-3961,3948,-3962,3952,-3959,3950,-3961,3951,-3959,3949,-3962,3946,-3961,3946,-3962,3947,-3964,3948,-3961,3947,-3959,3947,-3957,3948,-3961,3949,-3957,3951,-3955,3947,3956,-3948,3955,-3947,-0.23,SJNFAAZE1U0005576,117.71,14.32,9005.8662109375,78,75,0,0,0,0,15.0,99.17,-154469,70,1528020558.513,7800,2,1,0,5,0,0,0,0,4,379.73,379.73,1F,1,1,1,0080,81,40,40,0,0,11,2.75
03/06/2018 11:09:22,54 58.53373,-1 31.10137,301,0,418,825218,1144818,380.74,1.548,3973,3958,3966,15,0,92.0,33.3,86.8,30.4,none,none,80.1,26.7,-3969,3966,-3969,3963,-3972,3966,-3970,3965,-3970,3966,-3970,3968,-3973,3966,-3973,3967,-3972,3967,-3972,3968,-3973,3967,-3972,3967,-3973,3969,-3972,3966,-3972,3968,-3972,3969,-3972,3968,-3971,3969,-3971,3967,-3971,3966,-3972,3967,-3973,3968,-3970,3965,-3969,3963,-3965,3958,-3966,3962,-3967,3960,-3967,3960,-3967,3961,-3969,3960,-3967,3959,-3969,3960,-3972,3963,-3970,3960,-3970,3962,-3969,3960,-3968,3958,-3970,3958,-3969,3959,-3971,3959,-3970,3959,-3968,3959,-3966,3959,-3969,3959,-3967,3961,-3966,3958,-3966,3959,-3966,3959,-0.34,SJNFAAZE1U0005576,117.71,14.32,9005.8662109375,78,75,0,0,0,0,15.0,99.17,-154469,71,1528020562.401,320,2,1,0,5,0,0,0,0,4,380.73,380.73,1F,1,1,1,0080,81,40,40,0,0,19,-0.75
03/06/2018 11:09:26,54 58.53373,-1 31.10137,301,0,418,825191,1144818,380.83,4.172,3974,3957,3967,17,0,92.0,33.3,86.6,30.3,none,none,80.1,26.7,-3970,3967,-3969,3964,-3972,3967,-3972,3966,-3972,3967,-3971,3967,-3972,3968,-3973,3967,-3972,3968,-3972,3968,-3974,3967,-3973,3969,-3974,3968,-3974,3967,-3972,3970,-3972,3969,-3972,3968,-3972,3969,-3971,3967,-3971,3966,-3972,3966,-3974,3970,-3970,3967,-3968,3964,-3966,3959,-3967,3960,-3968,3960,-3968,3960,-3969,3960,-3971,3960,-3969,3958,-3972,3959,-3972,3963,-3971,3959,-3972,3961,-3970,3961,-3971,3957,-3973,3958,-3971,3958,-3972,3959,-3972,3958,-3970,3959,-3968,3960,-3971,3959,-3968,3962,-3966,3957,-3968,3959,-3967,3958,-0.29,SJNFAAZE1U0005576,117.71,14.32,9005.8662109375,78,75,0,0,0,0,15.0,99.17,-154469,71,1528020566.234,800,2,1,0,5,0,0,0,0,4,380.82,380.82,1F,1,1,1,0080,81,40,40,0,0,11,0.50
03/06/2018 11:09:30,54 58.53373,-1 31.10137,301,0,418,825163,1144818,381.41,-4.096,3981,3963,3973,18,0,92.0,33.3,86.8,30.4,none,none,80.2,26.8,-3976,3972,-3977,3969,-3979,3971,-3977,3970,-3978,3972,-3978,3972,-3980,3972,-3980,3972,-3980,3974,-3980,3973,-3980,3972,-3979,3974,-3981,3973,-3981,3971,-3979,3974,-3979,3974,-3980,3974,-3978,3975,-3978,3973,-3978,3971,-3979,3972,-3981,3975,-3977,3971,-3976,3970,-3972,3965,-3975,3967,-3974,3966,-3976,3966,-3976,3966,-3978,3966,-3975,3964,-3978,3965,-3979,3969,-3977,3966,-3977,3967,-3977,3967,-3978,3964,-3980,3963,-3979,3963,-3980,3964,-3979,3965,-3977,3965,-3975,3965,-3978,3966,-3976,3967,-3972,3964,-3975,3964,-3973,3964,-0.26,SJNFAAZE1U0005576,117.71,14.32,9005.8662109375,78,75,0,0,0,0,15.0,99.17,-154469,71,1528020570.229,0,2,1,0,5,0,0,0,0,4,381.29,381.29,1F,1,1,1,0080,81,40,40,0,0,19,-9.75
03/06/2018 11:09:34,54 58.53373,-1 31.10137,301,0,418,825307,1144818,382.37,-21.186,3991,3973,3983,18,0,92.0,33.3,86.6,30.3,none,none,80.1,26.7,-3986,3983,-3987,3980,-3989,3980,-3986,3982,-3988,3982,-3988,3983,-3990,3983,-3990,3982,-3989,3981,-3989,3982,-3990,3982,-3989,3984,-3991,3983,-3991,3982,-3989,3983,-3989,3984,-3988,3984,-3987,3986,-3988,3983,-3987,3981,-3988,3981,-3990,3984,-3987,3982,-3988,3979,-3982,3976,-3985,3978,-3986,3977,-3986,3977,-3987,3978,-3988,3977,-3987,3975,-3988,3976,-3991,3979,-3988,3978,-3987,3977,-3987,3978,-3987,3975,-3990,3974,-3989,3973,-3990,3975,-3989,3975,-3988,3974,-3985,3974,-3987,3977,-3986,3977,-3984,3974,-3985,3976,-3985,3975,-0.27,SJNFAAZE1U0005576,117.70,14.32,9005.8662109375,78,75,0,0,0,0,15.0,99.17,-154475,71,1528020574.107,0,2,1,0,5,0,0,0,0,4,382.32,382.32,1F,1,1,1,0080,81,40,40,0,0,11,-16.25
03/06/2018 11:09:38,54 58.53373,-1 31.10137,301,0,418,825452,1144818,381.41,3.745,3983,3963,3973,20,0,92.0,33.3,86.6,30.3,none,none,80.1,26.7,3972,3982,3970,-3977,3972,3978,3975,-3976,3972,-3980,3973,-3980,3973,3981,3972,-3981,3971,-3981,3973,-3981,3974,-3980,3973,-3981,3974,-3983,3972,-3982,3973,-3980,3974,3980,3975,-3978,3974,-3980,3973,-3979,3972,-3978,3973,3978,3976,-3980,3972,-3977,3971,-3973,3966,-3974,3968,-3977,3968,-3974,3970,-3974,3970,-3976,3969,3975,3966,-3977,3966,-3979,3969,-3981,3967,-3979,3968,3980,3967,-3977,3968,-3979,3964,-3979,3964,-3980,3965,-3980,3965,-3980,3963,-3977,3965,-3976,3967,3977,3968,-3977,3966,-3975,3966,-3975,3964,-3971,-0.22,SJNFAAZE1U0005576,117.70,14.32,9005.8662109375,78,75,0,0,0,0,15.0,99.17,-154481,71,1528020578.098,0,2,0,0,0,0,0,0,0,4,381.74,381.74,1F,1,1,1,0080,81,40,40,0,0,19,9.75
03/06/2018 11:09:41,54 58.53373,-1 31.10137,301,0,418,825222,1144818,379.97,38.749,3968,3946,3958,22,0,92.0,33.3,86.6,30.3,none,none,80.1,26.7,3953,-3966,3954,-3963,3957,3962,3960,-3962,3957,-3965,3958,-3965,3958,-3967,3958,-3966,3957,3966,3959,-3966,3960,-3967,3958,-3967,3959,-3968,3957,-3968,3958,-3966,3959,-3966,3960,-3965,3960,3966,3959,-3965,3957,-3963,3958,-3963,3960,-3966,3957,3962,3956,-3958,3950,-3959,3950,-3961,3951,-3957,3953,-3958,3953,-3961,3952,-3959,3950,-3962,3950,3964,3952,-3966,3951,-3963,3953,-3964,3950,-3962,3952,3963,3949,-3965,3948,-3964,3948,-3963,3948,-3965,3946,-3961,3949,-3961,3951,-3962,3950,-3961,3949,3958,3949,-3960,3947,-3955,-0.23,SJNFAAZE1U0005576,117.70,14.32,9005.8662109375,78,75,0,0,0,0,15.0,99.17,-154481,71,1528020581.848,11280,2,0,0,0,0,0,0,0,4,380.21,380.21,1F,1,1,1,0080,81,40,40,0,0,19,22.25
03/06/2018 11:09:45,54 58.53373,-1 31.10137,301,0,417,824850,1144818,379.87,35.544,3967,3945,3957,22,0,92.0,33.3,86.6,30.3,none,none,79.9,26.6,3953,-3964,3952,-3961,3956,3960,3959,-3960,3956,-3963,3956,3963,3958,-3965,3957,-3965,3957,-3964,3957,-3964,3958,3965,3957,-3966,3958,-3967,3956,-3966,3956,-3964,3959,-3964,3959,-3963,3958,-3964,3958,-3962,3956,3963,3957,-3962,3959,-3964,3956,-3961,3954,-3957,3948,3956,3949,-3959,3949,-3956,3952,-3955,3952,-3960,3953,-3958,3947,-3959,3949,-3961,3952,-3964,3950,3962,3952,-3961,3949,-3961,3951,-3962,3948,-3963,3946,3962,3948,-3964,3947,-3963,3945,-3961,3947,-3959,3950,-3960,3950,-3960,3948,-3957,3948,-3958,3947,3955,-0.23,SJNFAAZE1U0005576,117.70,14.32,9005.8662109375,78,75,0,0,0,0,15.0,99.17,-154481,71,1528020585.642,12800,2,0,0,0,0,0,0,0,4,379.82,379.82,1F,1,1,1,0080,80,40,40,0,0,19,15.25
03/06/2018 11:09:49,54 58.53373,-1 31.10137,301,0,417,824622,1144818,380.74,11.527,3977,3955,3966,22,0,92.0,33.3,86.8,30.4,none,none,80.1,26.7,3964,-3973,3962,3970,3965,3970,3967,-3969,3965,-3972,3965,-3972,3966,-3974,3966,3974,3965,-3974,3966,-3974,3967,-3973,3966,-3974,3967,3977,3965,-3975,3966,-3973,3967,-3972,3968,-3971,3967,-3972,3966,-3972,3965,-3971,3966,-3971,3968,3974,3965,-3970,3965,-3967,3959,-3966,3959,-3970,3961,3968,3962,-3966,3962,-3969,3963,-3968,3958,-3970,3959,-3971,3961,-3975,3960,-3971,3961,-3971,3959,3971,3960,-3973,3958,-3973,3955,-3973,3958,-3972,3957,3973,3956,-3969,3958,-3969,3959,-3968,3961,-3969,3958,-3966,3958,-3968,3956,-3965,-0.25,SJNFAAZE1U0005576,117.70,14.32,9005.8662109375,78,75,0,0,0,0,15.0,99.17,-154481,71,1528020589.428,5240,2,1,0,4,0,0,0,0,4,380.70,380.70,1F,1,1,1,0080,81,40,40,0,0,19,2.00
03/06/2018 11:09:53,54 58.53373,-1 31.10137,301,0,417,824562,1144818,381.22,3.806,3979,3961,3971,18,0,92.0,33.3,86.6,30.3,none,none,80.1,26.7,3974,3971,3975,-3967,-3977,3969,-3975,-3970,-3976,3969,-3975,3972,-3978,3971,-3977,3970,-3977,3970,-3976,3971,-3977,3970,-3977,3971,-3979,3972,-3978,3969,-3977,3971,-3976,3972,-3977,3971,-3975,3972,-3977,3970,-3975,3970,-3975,3969,-3979,3973,-3973,3969,-3974,3967,-3971,3963,-3973,3965,-3973,3965,-3973,3963,-3973,3965,-3976,3964,-3974,3962,-3977,3963,-3978,3966,-3976,3966,-3976,3964,-3975,3964,-3977,3962,-3978,3961,-3977,3962,-3979,3962,-3977,3962,-3976,3963,-3972,3963,-3975,3965,-3974,3966,-3971,3963,3973,-3962,-3971,3963,-0.25,SJNFAAZE1U0005576,117.70,14.32,9007.4755859375,78,75,0,0,0,0,15.0,99.17,-154481,71,1528020593.315,2360,2,1,0,4,0,0,0,0,4,381.21,381.21,1F,1,1,1,0080,81,40,40,0,0,19,-0.75
03/06/2018 11:09:57,54 58.53373,-1 31.10137,301,0,417,824538,1144818,381.50,1.365,3981,3966,3974,15,0,92.0,33.3,86.6,30.3,none,none,79.9,26.6,-3979,3974,-3977,3971,-3979,3973,-3979,3973,-3978,3975,-3979,3975,-3980,3975,-3980,3974,-3979,3975,-3980,3976,-3981,3974,-3979,3976,-3980,3976,-3981,3975,-3979,3976,-3979,3976,-3980,3975,-3979,3976,-3978,3974,-3978,3973,-3979,3973,-3980,3977,-3978,3973,-3977,3971,-3974,3968,-3975,3970,-3975,3969,-3976,3968,-3977,3969,-3979,3968,-3977,3968,-3978,3969,-3980,3972,-3977,3970,-3979,3970,-3977,3969,-3978,3967,-3979,3967,-3979,3967,-3980,3968,-3979,3967,-3978,3968,-3976,3967,-3978,3970,-3977,3970,-3974,3968,-3976,3968,-3974,3966,-0.27,SJNFAAZE1U0005576,117.70,14.32,9007.4755859375,78,75,0,0,0,0,15.0,99.17,-154481,71,1528020597.253,200,2,1,0,5,0,0,0,0,4,381.50,381.50,1F,1,1,1,0080,80,40,40,0,0,19,-1.75
03/06/2018 11:10:00,54 58.53373,-1 31.10137,301,0,417,824492,1144818,380.93,15.922,3975,3959,3968,16,0,91.8,33.2,86.6,30.3,none,none,80.1,26.7,-3970,3968,-3970,3966,-3974,3968,-3973,3967,-3972,3969,-3974,3970,-3974,3969,-3975,3968,-3973,3970,-3974,3970,-3975,3968,-3975,3970,-3974,3969,-3975,3968,-3973,3971,-3974,3971,-3973,3970,-3972,3972,-3972,3969,-3973,3968,-3973,3968,-3975,3971,-3972,3968,-3971,3965,-3967,3961,-3969,3964,-3970,3963,-3971,3962,-3971,3962,-3973,3963,-3971,3960,-3973,3963,-3975,3965,-3973,3962,-3974,3963,-3972,3964,-3974,3960,-3975,3960,-3974,3959,-3975,3961,-3973,3961,-3972,3961,-3970,3960,-3972,3962,-3971,3965,-3968,3960,-3971,3961,-3968,3961,-0.27,SJNFAAZE1U0005576,117.70,14.32,9007.4755859375,78,75,0,0,0,0,15.0,99.17,-154481,71,1528020600.959,3600,2,1,0,5,0,0,0,0,4,381.13,381.13,1F,1,1,1,0080,80,40,40,0,0,19,12.25
03/06/2018 11:10:04,54 58.53373,-1 31.10137,301,0,417,824248,1144818,380.06,37.711,3967,3949,3959,18,0,92.0,33.3,86.6,30.3,none,none,80.1,26.7,-3961,3959,-3962,3955,-3964,3957,-3963,3957,-3963,3960,-3964,3960,-3965,3960,-3966,3958,-3966,3961,-3966,3960,-3967,3960,-3966,3962,-3966,3959,-3966,3958,-3965,3962,-3965,3962,-3966,3961,-3965,3962,-3964,3958,-3963,3958,-3964,3958,-3966,3961,-3963,3958,-3961,3955,-3957,3951,-3959,3953,-3959,3953,-3960,3951,-3961,3952,-3964,3951,-3960,3950,-3964,3950,-3965,3956,-3963,3953,-3963,3954,-3963,3954,-3964,3949,-3964,3950,-3964,3950,-3966,3951,-3964,3951,-3962,3951,-3960,3951,-3962,3951,-3960,3954,-3958,3950,-3961,3951,-3959,3951,-0.24,SJNFAAZE1U0005576,117.70,14.32,9007.4755859375,78,75,0,0,0,0,15.0,99.17,-154481,71,1528020604.712,10920,2,1,0,5,0,0,0,0,4,380.04,380.04,1F,1,1,1,0080,80,40,40,0,0,19,23.75
03/06/2018 11:10:08,54 58.53373,-1 31.10137,301,0,417,823863,1144818,379.30,48.453,3962,3939,3951,23,0,92.0,33.3,86.6,30.3,none,none,80.1,26.7,-3947,3959,-3947,3955,-3949,3954,-3953,3954,-3950,3957,-3951,3957,-3952,3959,-3950,3959,-3951,3959,-3952,3959,-3952,3958,-3950,3959,-3952,3962,-3950,3960,-3952,3958,-3953,3958,-3953,3957,-3952,3958,-3953,3957,-3951,3957,-3951,3956,-3953,3958,-3949,3954,-3948,3950,-3943,3950,-3943,3953,-3945,3951,-3945,3950,-3948,3953,-3946,3951,-3942,3955,-3943,3956,-3946,3958,-3944,3957,-3945,3956,-3944,3955,-3950,3957,-3942,3958,3942,-3957,3941,3958,-3942,3957,-3939,-3954,-3942,3955,-3944,3956,-3943,3953,-3941,3952,-3942,3952,-3941,3949,-0.23,SJNFAAZE1U0005576,117.70,14.32,9007.4755859375,78,75,0,0,0,0,15.0,99.17,-154481,71,1528020608.434,14280,2,1,0,5,0,0,0,0,4,379.31,379.31,1F,1,1,1,0080,80,40,40,0,0,19,28.00
03/06/2018 11:10:12,54 58.53373,-1 31.10137,301,0,417,823422,1144818,378.91,47.690,3958,3938,3947,20,0,91.8,33.2,86.6,30.3,none,none,80.1,26.7,3943,-3954,3944,-3951,3947,3949,3949,-3950,3947,-3953,3948,3953,3947,-3955,3947,-3954,3948,-3954,3949,-3954,3948,3955,3948,-3955,3950,-3958,3947,-3956,3948,-3954,3949,-3954,3950,-3953,3949,-3954,3948,-3952,3946,3952,3947,-3950,3950,-3955,3945,-3950,3945,-3948,3939,3945,3940,-3948,3941,-3946,3943,-3945,3943,-3949,3944,-3947,3939,-3948,3940,-3950,3942,-3954,3941,3950,3943,-3952,3941,-3951,3944,-3952,3939,-3952,3939,-3953,3940,3953,3940,-3952,3938,-3950,3939,-3949,3942,-3950,3941,3949,3938,-3946,3939,-3948,3938,-3945,-0.23,SJNFAAZE1U0005576,117.70,14.32,9007.4755859375,78,75,0,0,0,0,15.0,99.17,-154481,71,1528020612.100,15200,2,1,0,5,0,0,0,0,4,379.03,379.03,1F,1,1,1,0080,80,40,40,0,0,19,25.50
03/06/2018 11:10:15,54 58.53373,-1 31.10137,301,0,416,822997,1144818,378.91,44.730,3958,3936,3947,22,0,92.0,33.3,86.6,30.3,none,none,79.9,26.6,3943,-3954,3943,-3950,3945,3950,3949,-3950,3946,-3954,3946,-3953,3948,-3955,3946,3955,3948,-3955,3948,-3956,3947,-3955,3948,-3956,3948,3958,3947,-3956,3947,-3954,3949,-3955,3949,-3953,3948,-3953,3948,-3953,3946,-3953,3947,-3951,3949,3954,3945,-3951,3945,-3947,3939,-3947,3939,-3950,3940,3945,3941,-3946,3943,-3949,3942,-3947,3939,-3950,3939,-3951,3941,-3954,3940,-3953,3942,-3952,3940,3950,3945,-3953,3938,-3953,3937,-3953,3938,-3953,3938,-3954,3936,3951,3939,-3950,3940,-3951,3940,-3948,3938,-3948,3937,3948,3936,-3944,-0.26,SJNFAAZE1U0005576,117.70,14.32,9007.4755859375,78,75,0,0,0,0,15.0,99.17,-154481,71,1528020615.906,14320,2,1,0,5,0,0,0,0,4,378.96,378.96,1F,1,1,1,0080,80,40,40,0,0,19,23.25
03/06/2018 11:10:19,54 58.53373,-1 31.10137,301,0,416,822604,1144818,378.82,40.092,3957,3935,3946,22,0,92.0,33.3,86.6,30.3,none,none,80.1,26.7,3942,3953,3941,-3950,3945,3951,3948,-3950,3944,-3952,3946,-3953,3948,-3956,3946,-3955,3947,-3956,3946,3955,3949,-3954,3947,-3956,3947,-3957,3945,-3957,3947,3956,3948,-3955,3948,-3953,3948,-3954,3946,-3953,3945,-3952,3946,-3952,3948,-3954,3944,-3950,3943,3946,3938,-3947,3938,-3949,3940,-3946,3940,-3946,3941,3949,3942,-3948,3938,-3950,3939,-3952,3941,-3955,3940,-3951,3942,-3952,3938,-3951,3941,-3953,3936,3952,3936,-3953,3938,-3954,3937,-3953,3935,-3951,3937,-3949,3939,3950,3939,-3949,3937,-3946,3938,-3948,3937,-3945,-0.22,SJNFAAZE1U0005576,117.70,14.32,9007.4755859375,78,75,0,0,0,0,15.0,99.17,-154481,71,1528020619.838,12920,2,1,0,5,0,0,0,0,4,378.94,378.94,1F,1,1,1,0080,80,40,40,0,0,19,21.00
03/06/2018 11:10:23,54 58.53373,-1 31.10137,301,0,416,822215,1144818,378.72,41.434,3956,3933,3945,23,0,91.8,33.2,86.6,30.3,none,none,79.9,26.6,3941,-3952,3941,-3949,3944,3948,3946,-3948,3944,-3952,3944,-3952,3945,-3954,3944,-3954,3945,-3953,3945,-3953,3946,-3954,3946,3954,3945,-3956,3944,-3954,3945,-3953,3946,-3952,3946,3951,3946,-3953,3945,-3951,3944,-3950,3944,-3950,3946,-3952,3943,-3948,3942,-3945,3937,-3944,3936,3948,3938,-3946,3940,-3944,3939,-3947,3940,-3946,3936,3950,3938,-3951,3940,-3954,3937,-3950,3940,-3950,3939,-3950,3941,-3950,3935,-3951,3935,-3953,3937,3950,3936,-3951,3933,-3949,3935,-3948,3939,-3949,3938,-3949,3936,3946,3937,-3946,3935,-3943,-0.24,SJNFAAZE1U0005576,117.70,14.32,9007.4755859375,78,75,0,0,0,0,15.0,99.17,-154481,71,1528020623.729,12800,2,1,0,5,0,0,0,0,4,378.83,378.83,1F,1,1,1,0080,80,40,40,0,0,19,21.75
03/06/2018 11:10:27,54 58.53373,-1 31.10137,301,0,416,821846,1144818,378.62,39.847,3953,3934,3944,19,0,91.8,33.2,86.6,30.3,none,none,80.1,26.7,-3946,3943,-3947,3940,-3950,3943,-3949,3942,-3949,3944,-3950,3945,-3952,3946,-3951,3945,-3951,3946,-3952,3945,-3953,3945,-3951,3947,-3953,3946,-3952,3945,-3952,3947,-3952,3947,-3952,3946,-3950,3948,-3950,3944,-3949,3944,-3951,3944,-3952,3946,-3948,3943,-3948,3941,-3941,3935,-3944,3937,-3946,3938,-3945,3938,-3946,3938,-3949,3937,-3946,3936,-3949,3937,-3950,3941,-3949,3938,-3949,3939,-3947,3939,-3950,3934,-3950,3934,-3949,3935,-3951,3936,-3950,3936,-3948,3936,-3945,3936,-3948,3939,-3945,3940,-3943,3936,-3945,3935,-3943,3936,-0.25,SJNFAAZE1U0005576,117.70,14.32,9007.4755859375,78,75,0,0,0,0,15.0,99.17,-154481,71,1528020627.344,12680,2,1,0,5,0,0,0,0,4,378.76,378.76,1F,1,1,1,0080,80,40,40,0,0,19,20.50
03/06/2018 11:10:31,54 58.53373,-1 31.10137,301,0,416,821510,1144818,378.91,35.148,3955,3937,3947,18,0,92.0,33.3,86.6,30.3,none,none,79.9,26.6,-3949,3945,-3949,3942,-3952,3944,-3951,3945,-3951,3948,-3952,3947,-3953,3947,-3955,3948,-3953,3948,-3954,3948,-3955,3948,-3955,3949,-3955,3947,-3955,3947,-3953,3950,-3953,3949,-3953,3948,-3953,3950,-3952,3947,-3951,3946,-3952,3947,-3954,3949,-3950,3946,-3949,3943,-3944,3938,-3947,3941,-3948,3941,-3948,3940,-3950,3941,-3951,3938,-3948,3939,-3952,3940,-3953,3941,-3951,3942,-3950,3941,-3950,3941,-3954,3937,-3952,3939,-3953,3938,-3953,3940,-3952,3938,-3950,3939,-3948,3939,-3950,3940,-3948,3942,-3946,3938,-3948,3938,-3947,3938,-0.24,SJNFAAZE1U0005576,117.70,14.32,9007.4755859375,78,75,0,0,0,0,15.0,99.17,-154481,71,1528020631.033,11440,3,1,0,5,0,0,0,0,4,378.80,378.80,1F,1,1,1,0080,80,40,40,0,0,19,16.75
03/06/2018 11:10:34,54 58.53373,-1 31.10137,301,0,416,821216,1144818,379.01,31.608,3956,3939,3948,17,0,91.8,33.2,86.6,30.3,none,none,80.1,26.7,-3950,3948,-3950,3944,-3952,3947,-3952,3945,-3953,3948,-3952,3948,-3954,3949,-3954,3948,-3953,3949,-3954,3950,-3955,3949,-3954,3950,-3956,3950,-3955,3948,-3954,3949,-3954,3951,-3954,3949,-3953,3951,-3954,3948,-3953,3948,-3953,3947,-3955,3950,-3952,3946,-3950,3944,-3945,3939,-3948,3943,-3948,3942,-3948,3940,-3949,3942,-3952,3941,-3948,3941,-3952,3941,-3954,3945,-3951,3943,-3951,3944,-3951,3943,-3953,3939,-3952,3939,-3952,3940,-3952,3941,-3952,3940,-3950,3940,-3948,3941,-3951,3942,-3948,3943,-3946,3940,-3948,3940,-3947,3939,-0.29,SJNFAAZE1U0005576,117.70,14.32,9007.4755859375,78,75,0,0,0,0,15.0,99.17,-154481,72,1528020634.973,9640,2,1,0,5,0,0,0,0,4,379.08,379.08,1F,1,1,1,0080,80,40,40,0,0,19,16.00
03/06/2018 11:10:38,54 58.53373,-1 31.10137,301,0,415,820925,1144818,379.01,31.882,3955,3939,3948,16,0,91.8,33.2,86.6,30.3,none,none,80.1,26.7,-3949,3947,-3950,3945,-3952,3948,-3951,3947,-3952,3948,-3953,3949,-3954,3951,-3954,3949,-3953,3948,-3953,3950,-3954,3950,-3955,3951,-3954,3950,-3954,3949,-3953,3952,-3953,3951,-3954,3950,-3953,3952,-3953,3949,-3952,3948,-3952,3948,-3954,3950,-3951,3947,-3950,3944,-3946,3940,-3946,3943,-3949,3942,-3949,3941,-3950,3942,-3951,3942,-3947,3941,-3951,3943,-3953,3945,-3951,3944,-3952,3944,-3950,3943,-3954,3939,-3951,3940,-3953,3941,-3954,3941,-3952,3940,-3950,3942,-3948,3941,-3951,3943,-3949,3943,-3946,3940,-3949,3940,-3946,3940,-0.25,SJNFAAZE1U0005576,117.70,14.32,9007.4755859375,78,75,0,0,0,0,15.0,99.17,-154481,72,1528020638.760,9640,2,1,0,5,0,0,0,0,4,379.04,379.04,1F,1,1,1,0080,80,40,40,0,0,19,16.50
03/06/2018 11:10:42,54 58.53373,-1 31.10137,301,0,415,820652,1144818,379.30,25.565,3961,3940,3951,21,0,92.0,33.3,86.8,30.4,none,none,79.9,26.6,-3948,3959,-3946,3955,-3950,3954,-3952,3954,-3949,3957,-3950,3957,-3951,3960,-3949,3959,-3951,3959,-3951,3959,-3952,3958,-3950,3960,-3951,3961,-3950,3960,3950,-3958,3952,3958,3952,-3956,3951,-3959,3951,-3956,3948,-3956,3950,-3955,3953,3958,3950,-3955,3948,-3951,3943,-3952,3942,-3953,3945,3950,3946,-3951,-3947,3953,-3947,3952,-3942,3954,-3944,3955,-3946,3958,-3943,3958,-3946,3955,-3944,3955,-3947,3956,-3941,3957,-3941,3958,-3943,3956,-3943,3957,-3940,3955,-3942,3954,-3944,3956,-3944,3953,-3942,3952,-3942,3952,-3940,3949,-0.24,SJNFAAZE1U0005576,117.70,14.32,9007.4755859375,78,75,0,0,0,0,15.0,99.17,-154481,72,1528020642.394,8800,3,1,0,5,0,0,0,0,4,379.21,379.21,1F,1,1,1,0080,80,40,40,0,0,19,10.75
03/06/2018 11:10:46,54 58.53373,-1 31.10137,301,0,415,820476,1144818,379.68,15.037,3965,3945,3955,20,0,92.0,33.3,86.6,30.3,none,none,79.9,26.6,3952,3963,3952,-3959,3955,3960,3957,-3959,3953,-3962,3955,-3961,3956,-3963,3954,-3963,3953,-3962,3955,3962,3956,-3962,3955,-3963,3956,-3965,3954,-3963,3954,3962,3956,-3962,3958,-3961,3957,-3962,3955,-3961,3954,-3960,3956,-3960,3958,-3963,3954,-3959,3953,3956,3948,-3955,3948,-3958,3950,-3955,3952,-3955,3950,-3958,3951,3956,3947,-3959,3948,-3960,3950,-3963,3949,-3960,3951,3960,3949,-3960,3950,-3960,3946,-3961,3945,-3961,3947,-3961,3946,-3961,3945,-3960,3947,-3958,3949,3958,3950,-3958,3947,-3956,3947,-3957,3945,-3953,-0.27,SJNFAAZE1U0005576,117.70,14.32,9007.4755859375,78,75,0,0,0,0,15.0,99.17,-154481,72,1528020646.276,5800,2,1,0,5,0,0,0,0,4,379.72,379.72,1F,1,1,1,0080,80,40,40,0,0,19,7.25
03/06/2018 11:10:49,54 58.53373,-1 31.10137,301,0,415,820330,1144818,379.78,17.966,3965,3945,3956,20,0,91.8,33.2,86.6,30.3,none,none,80.1,26.7,3953,-3963,3952,-3960,3955,3960,3958,-3958,3954,-3961,3955,-3962,3956,-3964,3955,-3963,3956,-3964,3956,-3963,3957,-3964,3956,3963,3956,-3965,3955,-3965,3956,-3962,3957,-3962,3958,3962,3956,-3962,3957,-3960,3955,-3960,3956,-3960,3958,-3964,3955,-3960,3954,-3956,3948,-3956,3948,-3958,3949,-3956,3950,-3955,3951,-3958,3951,-3957,3948,-3959,3948,3961,3951,-3962,3949,-3961,3951,-3961,3949,-3959,3951,3962,3947,-3962,3946,-3962,3947,-3962,3946,-3961,3945,-3959,3947,-3959,3948,-3959,3949,-3959,3947,3957,3947,-3958,3947,-3955,-0.25,SJNFAAZE1U0005576,117.70,14.32,9007.4755859375,78,75,0,0,0,0,15.0,99.17,-154481,72,1528020649.991,5480,2,0,0,5,0,0,0,0,4,379.75,379.75,1F,1,1,1,0080,80,40,40,0,0,19,11.25
03/06/2018 11:10:53,54 58.53373,-1 31.10137,301,0,415,820147,1144818,379.68,20.560,3965,3945,3955,20,0,92.0,33.3,86.6,30.3,none,none,80.1,26.7,3952,-3962,3951,-3959,3955,3959,3957,-3959,3954,3961,3954,-3961,3956,-3963,3954,-3963,3956,-3963,3955,-3962,3957,-3962,3956,-3963,3956,-3965,3955,3964,3955,-3962,3957,-3962,3957,-3960,3957,-3962,3956,3960,3955,-3960,3956,-3960,3957,-3963,3954,-3959,3953,-3955,3948,3956,3949,-3958,3950,-3956,3950,-3955,3950,-3958,3952,-3957,3947,-3960,3948,-3961,3951,-3964,3950,3960,3949,-3960,3948,-3959,3950,-3961,3947,-3961,3945,3961,3946,-3962,3947,-3962,3945,-3958,3947,-3959,3949,-3957,3949,-3959,3946,-3956,3947,-3958,3946,3953,-0.24,SJNFAAZE1U0005576,117.70,14.32,9007.4755859375,78,75,0,0,0,0,15.0,99.17,-154481,72,1528020653.874,6560,2,0,0,0,0,0,0,0,4,379.66,379.66,1F,1,1,1,0080,80,40,40,0,0,19,12.25
03/06/2018 11:10:57,54 58.53373,-1 31.10137,301,0,415,819914,1144818,379.10,31.303,3960,3938,3949,22,0,92.0,33.3,86.8,30.4,none,none,80.1,26.7,3946,-3956,3945,3953,3949,3953,3951,-3953,3948,-3956,3948,-3956,3949,3958,3949,-3957,3949,-3958,3949,-3957,3950,-3957,3949,-3957,3950,-3960,3949,-3958,3949,-3957,3951,3957,3952,-3956,3951,-3956,3950,-3955,3948,-3955,3949,3954,3951,-3957,3947,-3953,3947,-3949,3941,-3948,3941,-3953,3942,3950,3945,-3948,3944,-3951,3945,-3950,3940,-3952,3942,-3955,3944,-3957,3942,-3954,3943,-3954,3943,3954,3944,-3955,3940,-3955,3938,-3955,3940,-3955,3941,3955,3938,-3954,3939,-3952,3941,-3953,3943,-3952,3939,-3949,3941,-3951,3939,-3948,-0.27,SJNFAAZE1U0005576,117.70,14.32,9007.4755859375,78,75,0,0,0,0,15.0,99.17,-154481,72,1528020657.923,8720,2,0,0,0,0,0,0,0,4,379.27,379.27,1F,1,1,1,0080,80,40,40,0,0,19,21.50
03/06/2018 11:11:01,54 58.53373,-1 31.10137,301,0,415,819549,1144818,378.34,46.897,3950,3931,3941,19,0,92.0,33.3,86.8,30.4,none,none,79.9,26.6,-3942,3940,-3944,3937,-3946,3940,-3945,3940,-3945,3941,-3946,3942,-3948,3944,-3949,3942,-3948,3943,-3948,3943,-3950,3943,-3948,3945,-3950,3943,-3949,3942,-3948,3943,-3948,3944,-3948,3943,-3947,3945,-3946,3942,-3946,3941,-3947,3940,-3948,3944,-3944,3940,-3943,3937,-3939,3932,-3940,3934,-3940,3934,-3942,3935,-3943,3934,-3944,3933,-3942,3932,-3945,3934,-3947,3937,-3946,3935,-3948,3936,-3944,3936,-3949,3932,-3946,3933,-3945,3932,-3948,3933,-3946,3931,-3945,3933,-3943,3934,-3944,3935,-3942,3935,-3940,3932,-3942,3932,-3940,3932,-0.26,SJNFAAZE1U0005576,117.70,14.32,9009.0849609375,78,75,0,0,0,0,15.0,99.17,-154481,72,1528020661.761,14000,2,0,0,0,0,0,0,0,4,378.49,378.49,1F,1,1,1,0080,80,40,40,0,0,19,33.00
03/06/2018 11:11:05,54 58.53373,-1 31.10137,301,0,414,819034,1144818,377.57,61.393,3942,3924,3933,18,0,92.0,33.3,86.6,30.3,none,none,80.1,26.7,-3934,3933,-3936,3931,-3938,3931,-3937,3932,-3938,3933,-3937,3935,-3940,3935,-3940,3934,-3940,3935,-3940,3935,-3941,3935,-3940,3935,-3942,3936,-3941,3934,-3939,3936,-3940,3937,-3939,3936,-3939,3937,-3938,3934,-3937,3934,-3938,3932,-3940,3936,-3936,3931,-3935,3930,-3930,3924,-3932,3927,-3932,3925,-3933,3926,-3936,3926,-3936,3925,-3934,3925,-3938,3926,-3940,3928,-3936,3928,-3937,3929,-3936,3927,-3942,3924,-3939,3924,-3936,3924,-3939,3924,-3938,3924,-3936,3924,-3933,3925,-3937,3928,-3934,3926,-3932,3924,-3933,3924,-3931,3925,-0.25,SJNFAAZE1U0005576,117.70,14.32,9009.0849609375,78,75,0,0,0,0,15.0,99.17,-154481,72,1528020665.561,18240,2,1,0,3,0,0,0,0,4,377.59,377.59,1F,1,1,1,0080,80,40,40,0,0,19,35.75
03/06/2018 11:11:09,54 58.53373,-1 31.10137,301,0,414,818480,1144818,376.90,65.726,3935,3915,3926,20,0,92.0,33.3,86.6,30.3,none,none,80.1,26.7,-3927,3925,-3929,3923,-3933,3927,-3931,3925,-3932,3927,-3931,3928,-3934,3929,-3934,3928,-3934,3929,-3934,3929,-3935,3928,-3934,3930,-3935,3928,-3934,3928,-3933,3931,-3933,3930,-3933,3928,-3933,3931,-3932,3928,-3930,3927,-3931,3926,-3932,3929,-3930,3925,-3928,3923,-3923,3916,-3924,3919,-3926,3918,-3927,3918,-3928,3920,-3930,3919,-3925,3917,-3931,3919,-3933,3922,-3930,3921,-3932,3921,-3930,3922,-3934,3915,-3932,3917,-3931,3918,-3934,3917,-3931,3918,-3929,3918,-3927,3919,-3931,3920,-3926,3920,-3925,3918,-3926,3917,-3926,3917,-0.25,SJNFAAZE1U0005576,117.70,14.32,9009.0849609375,78,75,0,0,0,0,15.0,99.17,-154481,72,1528020669.184,18880,2,1,0,4,0,0,0,0,4,377.21,377.21,1F,1,1,1,0080,80,40,40,0,0,19,45.25
03/06/2018 11:11:13,54 58.53373,-1 31.10137,301,0,414,817835,1144818,376.61,70.060,3933,3914,3923,19,0,92.0,33.3,86.6,30.3,none,none,79.9,26.6,-3923,3924,-3926,3920,-3927,3922,-3927,3922,-3927,3924,-3928,3925,-3930,3925,-3931,3925,-3929,3925,-3929,3926,-3931,3925,-3931,3927,-3932,3927,-3931,3925,-3930,3926,-3930,3927,-3930,3926,-3929,3927,-3929,3924,-3928,3924,-3927,3923,-3929,3925,-3925,3921,-3924,3920,-3918,3914,-3921,3916,-3922,3915,-3922,3916,-3926,3917,-3925,3915,-3923,3915,-3926,3917,-3927,3917,-3926,3920,-3927,3919,-3925,3919,-3933,3915,-3926,3915,-3927,3914,-3927,3915,-3927,3915,-3924,3917,-3922,3916,-3926,3919,-3921,3915,-3920,3914,-3921,3914,-3920,3914,-0.28,SJNFAAZE1U0005576,117.69,14.32,9009.0849609375,78,75,0,0,0,0,15.0,99.17,-154481,72,1528020673.235,22080,2,1,0,4,0,0,0,0,4,376.55,376.55,1F,1,1,1,0080,80,40,40,0,0,19,41.50
03/06/2018 11:11:16,54 58.53373,-1 31.10137,301,0,413,817177,1144818,376.51,68.076,3933,3909,3922,24,0,91.8,33.2,86.6,30.3,none,none,80.1,26.7,3918,-3928,3918,-3925,3920,3925,3924,-3925,3921,-3928,3921,-3929,3922,-3932,3922,-3931,3921,-3929,3922,-3931,3923,-3931,3923,3930,3924,-3933,3921,-3932,3923,-3929,3924,-3930,3924,3929,3924,-3929,3923,-3928,3922,-3928,3921,-3925,3923,-3930,3919,-3925,3918,-3921,-3913,3921,3911,3923,-3915,3919,-3915,3920,-3919,3923,-3915,3921,-3913,3925,-3915,3926,-3916,3927,-3915,3928,-3916,3926,-3914,3925,-3923,3928,-3911,3928,3913,-3927,3913,3928,3912,-3928,3909,-3926,3912,-3925,3915,-3928,3913,-3922,3912,3922,3911,-3921,3909,-3917,-0.30,SJNFAAZE1U0005576,117.69,14.32,9009.0849609375,78,75,0,0,0,0,15.0,99.17,-154481,72,1528020676.955,20840,2,1,0,5,0,0,0,0,4,376.32,376.32,1F,1,1,1,0080,80,40,40,0,0,19,39.25
03/06/2018 11:11:20,54 58.53373,-1 31.10137,301,0,413,816620,1144818,376.61,56.571,3935,3912,3923,23,0,92.0,33.3,86.6,30.3,none,none,79.9,26.6,3919,-3929,3919,-3927,3921,3927,3925,-3925,3923,3930,3924,-3929,3924,-3933,3925,-3932,3923,-3932,3924,-3932,3926,-3931,3925,-3932,3925,-3935,3924,3933,3924,-3931,3926,-3932,3926,-3930,3924,-3931,3924,3930,3923,-3929,3923,-3928,3926,-3930,3922,-3927,3919,-3923,3915,3921,3916,-3926,3916,-3922,3918,-3922,3918,-3925,3918,-3924,3913,-3928,3917,-3928,3918,-3930,3917,3928,3917,-3928,3916,-3927,3921,-3928,3913,-3929,3912,3930,3914,-3930,3914,-3929,3912,-3927,3914,-3926,3917,-3928,3915,-3924,3913,-3923,3914,-3924,3913,3919,-0.29,SJNFAAZE1U0005576,117.69,14.32,9009.0849609375,78,75,0,0,0,0,15.0,99.17,-154481,72,1528020680.729,18640,2,1,0,4,0,0,0,0,4,376.59,376.59,1F,1,1,1,0080,80,40,40,0,0,19,32.00
03/06/2018 11:11:24,54 58.53373,-1 31.10137,301,0,413,816159,1144818,377.18,40.031,3941,3918,3929,23,0,92.0,33.3,86.6,30.3,none,none,80.1,26.7,3927,-3936,3924,3933,3927,3933,3931,-3933,3927,-3936,3928,-3936,3930,3939,3929,-3938,3929,-3939,3930,-3938,3930,-3938,3930,-3937,3931,-3941,3928,-3938,3930,-3938,3931,3939,3931,-3936,3932,-3937,3929,-3936,3929,-3935,3929,-3933,3932,-3937,3927,-3933,3925,-3929,3921,-3929,3921,-3931,3922,3928,3924,-3928,3925,-3932,3924,-3930,3919,-3932,3922,-3934,3924,-3937,3921,-3933,3924,-3935,3922,3934,3924,-3935,3919,-3936,3919,-3935,3921,-3935,3921,3936,3918,-3933,3920,-3932,3923,-3933,3922,-3931,3920,-3930,3921,-3931,3918,-3928,-0.25,SJNFAAZE1U0005576,117.70,14.32,9009.0849609375,78,75,0,0,0,0,15.0,99.17,-154481,72,1528020684.680,13640,2,1,0,5,0,0,0,0,4,377.10,377.10,1F,1,1,1,0080,80,40,40,0,0,19,20.50
03/06/2018 11:11:28,54 58.53373,-1 31.10137,301,0,413,815806,1144818,377.47,35.850,3943,3920,3932,23,0,92.0,33.3,86.6,30.3,none,none,79.9,26.6,3926,-3938,3927,-3935,3931,3937,3934,3936,3931,-3939,3932,-3939,3932,-3941,3931,-3940,3933,3941,3933,-3939,3934,-3940,3933,-3941,3934,-3943,3931,-3941,3932,-3940,3934,-3940,3934,-3937,3934,3939,3933,-3938,3931,-3937,3932,-3937,3934,-3940,3930,3935,3929,-3932,3924,-3930,3923,-3933,3924,-3932,3926,-3932,3926,3935,3927,-3934,3922,-3935,3924,-3936,3927,-3940,3925,-3936,3927,-3938,3925,-3937,3925,-3937,3922,3937,3921,-3938,3923,-3938,3923,-3938,3920,-3935,3922,3935,3925,-3935,3925,-3935,3923,-3932,3923,-3934,3922,-3929,-0.27,SJNFAAZE1U0005576,117.69,14.32,9009.0849609375,78,75,0,0,0,0,15.0,99.17,-154481,72,1528020688.759,11680,2,1,0,5,0,0,0,0,4,377.45,377.45,1F,1,1,1,0080,80,40,40,0,0,19,17.25
03/06/2018 11:11:32,54 58.53373,-1 31.10137,301,0,413,815547,1144818,378.34,16.074,3949,3931,3941,18,0,91.8,33.2,86.8,30.4,none,none,80.1,26.7,3944,-3940,3944,-3938,3946,3941,3946,-3941,3945,-3941,3947,3942,3948,-3942,3948,-3942,3949,-3943,3948,-3943,3949,3943,3949,-3944,3949,-3942,3948,-3941,3948,-3945,3948,-3944,3948,-3942,3947,-3945,3946,-3941,3946,3941,3947,-3941,3949,-3944,3945,-3940,3945,-3938,3939,3933,3941,-3935,3943,3936,-3943,-3934,3943,-3936,3946,-3935,3944,3933,3947,-3933,3949,-3937,3945,-3934,3947,-3935,3945,-3937,3945,-3931,3947,-3932,3946,-3932,3947,3933,3948,-3932,3945,-3934,3942,-3933,3945,-3934,3943,3936,3940,-3932,3943,-3934,3941,-3933,-0.25,SJNFAAZE1U0005576,117.69,14.32,9009.0849609375,78,75,0,0,0,0,15.0,99.17,-154481,73,1528020692.485,6280,2,1,0,5,0,0,0,0,4,378.31,378.31,1F,1,1,1,0080,80,40,40,0,0,19,4.00
03/06/2018 11:11:36,54 58.53373,-1 31.10137,301,0,413,815436,1144818,378.43,18.882,3950,3934,3942,16,0,92.0,33.3,86.6,30.3,none,none,80.1,26.7,-3943,3941,-3945,3939,-3947,3941,-3947,3941,-3947,3942,-3947,3944,-3948,3944,-3948,3942,-3948,3945,-3949,3944,-3950,3943,-3949,3945,-3949,3944,-3950,3943,-3948,3946,-3948,3945,-3948,3943,-3947,3946,-3947,3943,-3947,3942,-3947,3943,-3949,3944,-3945,3942,-3945,3939,-3940,3935,-3943,3937,-3943,3936,-3942,3936,-3944,3937,-3945,3935,-3942,3934,-3945,3935,-3947,3939,-3945,3936,-3946,3937,-3945,3938,-3945,3934,-3946,3935,-3946,3935,-3948,3934,-3945,3935,-3945,3935,-3941,3935,-3944,3935,-3942,3937,-3940,3934,-3941,3934,-3941,3934,-0.28,SJNFAAZE1U0005576,117.69,14.32,9009.0849609375,78,75,0,0,0,0,15.0,99.17,-154481,73,1528020696.341,4880,2,1,0,5,0,0,0,0,4,378.58,378.58,1F,1,1,1,0080,80,40,40,0,0,19,12.50
03/06/2018 11:11:40,54 58.53373,-1 31.10137,301,0,412,815223,1144818,378.34,23.521,3949,3931,3941,18,0,92.0,33.3,86.8,30.4,none,none,80.1,26.7,-3943,3940,-3943,3938,-3947,3939,-3946,3940,-3945,3941,-3946,3942,-3947,3942,-3948,3942,-3947,3942,-3948,3943,-3949,3942,-3949,3944,-3948,3943,-3948,3942,-3948,3945,-3947,3945,-3947,3943,-3946,3945,-3947,3941,-3946,3940,-3946,3940,-3948,3943,-3945,3941,-3944,3939,-3939,3933,-3942,3936,-3942,3934,-3942,3935,-3944,3935,-3945,3934,-3943,3933,-3946,3934,-3947,3938,-3945,3934,-3947,3936,-3946,3937,-3947,3932,-3946,3933,-3946,3933,-3948,3932,-3947,3934,-3945,3933,-3942,3933,-3945,3934,-3944,3934,-3941,3931,-3942,3934,-3941,3933,-0.26,SJNFAAZE1U0005576,117.69,14.32,9009.0849609375,78,75,0,0,0,0,15.0,99.17,-154481,73,1528020700.192,7600,2,1,0,5,0,0,0,0,4,378.40,378.40,1F,1,1,1,0080,80,40,40,0,0,11,12.75
03/06/2018 11:11:44,54 58.53373,-1 31.10137,301,0,412,814974,1144818,378.43,23.429,3951,3933,3942,18,0,92.0,33.3,86.6,30.3,none,none,80.1,26.7,-3943,3940,-3945,3938,-3949,3941,-3947,3940,-3947,3941,-3947,3943,-3949,3944,-3949,3942,-3949,3944,-3949,3943,-3950,3944,-3949,3943,-3950,3943,-3951,3941,-3949,3945,-3949,3945,-3950,3943,-3948,3945,-3948,3943,-3947,3941,-3948,3942,-3949,3945,-3946,3941,-3945,3940,-3941,3933,-3943,3936,-3944,3935,-3943,3935,-3945,3935,-3947,3935,-3944,3933,-3947,3936,-3949,3938,-3947,3936,-3948,3936,-3945,3937,-3947,3933,-3948,3933,-3948,3933,-3949,3933,-3948,3933,-3946,3934,-3943,3934,-3945,3935,-3943,3936,-3941,3933,-3943,3934,-3943,3934,-0.27,SJNFAAZE1U0005576,117.69,14.32,9009.0849609375,78,75,0,0,0,0,15.0,99.17,-154481,73,1528020704.023,8320,2,1,0,5,0,0,0,0,4,378.43,378.43,1F,1,1,1,0080,80,40,40,0,0,19,7.50
03/06/2018 11:11:47,54 58.53373,-1 31.10137,301,0,412,814847,1144818,379.10,7.987,3957,3941,3949,16,0,92.0,33.3,86.8,30.4,none,none,80.1,26.7,-3952,3949,-3952,3945,-3954,3948,-3953,3948,-3954,3949,-3954,3949,-3955,3950,-3956,3950,-3955,3950,-3955,3950,-3957,3950,-3955,3951,-3956,3950,-3956,3949,-3955,3951,-3956,3951,-3955,3950,-3954,3952,-3954,3949,-3954,3948,-3953,3948,-3956,3951,-3953,3948,-3952,3947,-3947,3941,-3950,3943,-3950,3945,-3951,3943,-3951,3944,-3954,3942,-3950,3942,-3953,3942,-3955,3945,-3952,3945,-3954,3945,-3952,3943,-3953,3941,-3953,3942,-3953,3942,-3954,3942,-3954,3942,-3952,3942,-3950,3943,-3951,3943,-3951,3945,-3948,3942,-3951,3941,-3948,3941,-0.27,SJNFAAZE1U0005576,117.69,14.32,9009.0849609375,78,75,0,0,0,0,15.0,99.17,-154481,73,1528020707.773,3440,2,1,0,5,0,0,0,0,4,379.14,379.14,1F,1,1,1,0080,80,40,40,0,0,19,4.50
03/06/2018 11:11:51,54 58.53373,-1 31.10137,301,0,412,814733,1144818,379.10,13.145,3959,3938,3949,21,0,92.0,33.3,86.6,30.3,none,none,80.1,26.7,3945,-3956,3944,3953,3948,3953,3950,-3951,3948,-3954,3948,-3955,3949,3957,3948,-3956,3947,-3956,3948,-3957,3949,-3956,3949,-3956,3949,-3959,3948,-3957,3948,-3956,3950,3957,3950,-3954,3949,-3955,3948,-3954,3947,-3954,3948,-3953,3950,-3956,3948,-3952,3946,-3949,3941,-3949,3941,-3952,3942,3949,3944,-3948,3944,-3951,3944,-3951,3940,-3951,3942,-3953,3943,-3957,3942,-3954,3943,-3954,3942,3953,3943,-3955,3940,-3954,3939,-3954,3940,-3955,3939,3955,3938,-3952,3939,-3951,3942,-3952,3941,-3952,3939,-3949,3939,-3950,3940,-3946,-0.27,SJNFAAZE1U0005576,117.69,14.32,9009.0849609375,78,75,0,0,0,0,15.0,99.17,-154481,73,1528020711.585,4480,2,1,0,5,0,0,0,0,4,379.07,379.07,1F,1,1,1,0080,80,40,40,0,0,19,3.00
03/06/2018 11:11:55,54 58.53373,-1 31.10137,301,0,412,814673,1144818,379.87,-4.706,3965,3949,3957,16,0,92.0,33.3,86.6,30.3,none,none,80.1,26.7,3956,-3964,3955,-3960,3957,3961,3959,3960,3957,-3962,3957,-3963,3959,-3964,3957,-3962,3958,3963,3958,-3963,3958,-3963,3958,-3963,3959,-3965,3957,-3965,3958,-3963,3960,-3962,3960,-3962,3959,3963,3959,-3961,3956,-3961,3958,-3960,3961,-3964,3957,-3961,3957,-3957,3954,-3957,3953,-3959,3953,-3957,3954,-3955,3953,3959,3955,-3958,3950,-3961,3951,-3961,3954,-3963,3952,-3961,3953,-3961,3951,-3960,3952,-3961,3950,3961,3950,-3962,3951,-3961,3951,-3962,3949,-3960,3950,3959,3951,-3960,3952,-3961,3951,-3957,3952,-3958,3950,-3955,-0.27,SJNFAAZE1U0005576,117.69,14.32,9009.0849609375,78,75,0,0,0,0,15.0,99.17,-154481,73,1528020715.380,0,3,1,0,5,0,0,0,0,4,379.92,379.92,1F,1,1,1,0080,80,40,40,0,0,19,-3.75
03/06/2018 11:11:59,54 58.53373,-1 31.10137,301,0,412,814671,1144818,379.68,4.783,3964,3945,3955,19,0,92.0,33.3,86.6,30.3,none,none,80.1,26.7,3952,-3962,3951,-3958,3954,3958,3955,-3957,3954,-3959,3954,3960,3956,-3962,3954,-3962,3955,-3961,3954,-3961,3955,3960,3954,-3961,3956,-3964,3954,-3962,3955,-3961,3955,-3961,3957,-3960,3955,-3961,3956,-3960,3955,-3959,3954,-3958,3957,-3962,3954,-3958,3952,-3954,3947,-3955,3948,3957,3949,-3954,3951,-3954,3951,-3956,3952,-3955,3947,3957,3949,-3958,3949,-3960,3949,-3959,3951,-3959,3949,-3958,3951,-3959,3947,-3959,3946,-3959,3948,3959,3947,-3960,3945,-3957,3948,-3957,3949,-3958,3949,3957,3947,-3955,3948,-3956,3946,-3953,-0.27,SJNFAAZE1U0005576,117.69,14.32,9009.0849609375,78,75,0,0,0,0,15.0,99.17,-154481,73,1528020719.009,760,2,1,0,5,0,0,0,0,4,379.85,379.85,1F,1,1,1,0080,80,40,40,0,0,19,5.25
03/06/2018 11:12:02,54 58.53373,-1 31.10137,301,0,412,814516,1144818,378.72,26.542,3955,3936,3945,19,0,92.0,33.3,86.8,30.4,none,none,80.1,26.7,3943,-3951,3941,-3948,3945,3948,3947,-3948,3944,-3950,3946,-3951,3946,-3953,3944,3952,3946,-3953,3946,-3952,3946,-3952,3946,-3953,3946,-3955,3945,-3952,3945,-3952,3948,-3952,3947,-3951,3946,-3952,3945,3950,3945,-3950,3945,-3949,3948,-3952,3944,-3948,3943,-3945,3938,-3944,3937,-3948,3940,-3946,3941,3944,3941,-3946,3941,-3945,3938,-3948,3939,-3949,3941,3952,3939,-3949,3942,-3950,3940,-3948,3942,-3949,3938,-3949,3937,-3950,3938,-3950,3938,-3950,3936,3948,3938,-3947,3940,-3948,3940,-3948,3938,-3945,3938,3946,3937,-3943,-0.24,SJNFAAZE1U0005576,117.69,14.32,9009.0849609375,78,75,0,0,0,0,15.0,99.17,-154481,73,1528020722.851,7840,2,1,0,5,0,0,0,0,4,379.04,379.04,1F,1,1,1,0080,80,40,40,0,0,19,17.75
03/06/2018 11:12:06,54 58.53373,-1 31.10137,301,0,412,814182,1144818,378.05,41.343,3945,3929,3938,16,0,92.0,33.3,86.8,30.4,none,none,80.1,26.7,3939,3937,3940,-3934,-3941,3937,-3941,-3938,-3942,3939,-3942,3939,3943,3941,-3943,3939,3943,-3939,3943,-3940,3945,-3940,3944,-3941,3945,-3940,3944,-3940,3943,-3941,3943,3940,3943,-3940,3943,-3942,3942,-3939,3941,-3938,3942,3938,3944,-3941,3940,-3937,3939,-3934,3935,-3929,3936,-3933,3937,-3932,3939,-3931,3939,-3933,3940,3931,3938,-3931,3941,-3931,3942,-3934,3941,-3934,3942,3933,3942,-3933,3943,-3929,3942,-3931,3941,-3930,3944,-3931,3942,-3931,3940,-3930,3938,-3931,3940,3933,3938,-3933,3936,-3931,3938,-3931,3935,-3930,-0.26,SJNFAAZE1U0005576,117.69,14.32,9009.0849609375,78,75,0,0,0,0,15.0,99.17,-154481,73,1528020726.294,12680,2,1,0,5,0,0,0,0,4,378.20,378.20,1F,1,1,1,0080,80,40,40,0,0,19,23.25
03/06/2018 11:12:09,54 58.53373,-1 31.10137,301,0,412,813768,1144818,377.18,57.120,3938,3919,3929,19,0,92.0,33.3,86.8,30.4,none,none,80.1,26.7,-3930,3928,-3932,3925,-3934,3928,-3935,3928,-3934,3930,-3935,3932,-3937,3931,-3938,3930,-3937,3931,-3937,3931,-3938,3931,-3937,3932,-3938,3932,-3938,3930,-3937,3932,-3937,3932,-3935,3931,-3935,3933,-3935,3930,-3935,3929,-3935,3929,-3937,3931,-3932,3928,-3932,3926,-3926,3920,-3929,3922,-3929,3922,-3930,3921,-3931,3922,-3934,3921,-3930,3920,-3934,3922,-3935,3925,-3934,3924,-3935,3924,-3932,3924,-3937,3920,-3935,3920,-3935,3920,-3937,3919,-3935,3921,-3932,3921,-3930,3921,-3934,3924,-3930,3922,-3928,3920,-3930,3920,-3928,3919,-0.25,SJNFAAZE1U0005576,117.69,14.32,9009.0849609375,78,75,0,0,0,0,15.0,99.17,-154481,73,1528020729.804,16600,2,1,0,5,0,0,0,0,4,377.29,377.29,1F,1,1,1,0080,80,40,40,0,0,19,29.00
03/06/2018 11:12:13,54 58.53373,-1 31.10137,301,0,412,813326,1144818,377.47,42.106,3941,3923,3932,18,0,92.0,33.3,86.8,30.4,none,none,80.1,26.7,-3934,3931,-3934,3929,-3937,3932,-3936,3931,-3936,3932,-3937,3934,-3939,3934,-3939,3933,-3939,3936,-3940,3934,-3940,3934,-3941,3934,-3941,3934,-3940,3932,-3939,3936,-3939,3936,-3939,3934,-3938,3936,-3937,3934,-3936,3933,-3938,3933,-3939,3935,-3935,3931,-3935,3929,-3929,3924,-3932,3926,-3932,3925,-3933,3925,-3935,3927,-3936,3925,-3933,3923,-3936,3925,-3938,3929,-3935,3925,-3937,3926,-3936,3927,-3938,3923,-3938,3924,-3937,3923,-3939,3923,-3937,3925,-3935,3925,-3934,3924,-3936,3925,-3933,3926,-3931,3923,-3932,3924,-3931,3924,-0.26,SJNFAAZE1U0005576,117.69,14.32,9010.6943359375,78,75,0,0,0,0,15.0,99.17,-154481,73,1528020733.486,14560,2,0,0,0,0,0,0,0,4,377.53,377.53,1F,1,1,1,0080,80,40,40,0,0,19,21.75
03/06/2018 11:12:17,54 58.53373,-1 31.10137,301,0,411,812969,1144818,377.86,33.194,3944,3928,3936,16,0,92.0,33.3,86.6,30.3,none,none,80.1,26.7,-3938,3936,-3938,3933,-3940,3936,-3939,3936,-3940,3937,-3942,3938,-3943,3939,-3942,3938,-3943,3938,-3943,3939,-3943,3939,-3943,3939,-3944,3939,-3943,3938,-3942,3939,-3942,3940,-3942,3938,-3941,3940,-3941,3936,-3940,3936,-3941,3936,-3942,3939,-3939,3936,-3939,3933,-3934,3928,-3936,3931,-3936,3930,-3938,3929,-3938,3931,-3939,3930,-3937,3929,-3940,3930,-3940,3934,-3939,3932,-3940,3932,-3939,3932,-3941,3928,-3940,3928,-3940,3929,-3942,3930,-3941,3930,-3938,3930,-3937,3930,-3940,3931,-3937,3932,-3934,3929,-3936,3928,-3936,3928,-0.26,SJNFAAZE1U0005576,117.69,14.32,9010.6943359375,78,75,0,0,0,0,15.0,99.17,-154481,73,1528020737.339,11720,2,0,0,0,0,0,0,0,4,377.79,377.79,1F,1,1,1,0080,80,40,40,0,0,19,10.25
03/06/2018 11:12:21,54 58.53373,-1 31.10137,301,0,411,812792,1144818,378.72,10.764,3953,3938,3945,15,0,92.0,33.3,86.6,30.3,none,none,80.1,26.7,-3947,3945,-3947,3943,-3950,3945,-3950,3945,-3949,3945,-3950,3946,-3952,3947,-3951,3946,-3952,3948,-3951,3947,-3951,3946,-3952,3947,-3952,3948,-3953,3946,-3951,3948,-3951,3949,-3951,3947,-3949,3948,-3949,3946,-3949,3945,-3949,3945,-3951,3947,-3948,3945,-3948,3942,-3944,3938,-3946,3941,-3946,3940,-3947,3940,-3948,3941,-3949,3940,-3946,3938,-3949,3939,-3951,3942,-3948,3940,-3950,3940,-3948,3940,-3951,3938,-3950,3938,-3950,3938,-3950,3939,-3949,3939,-3947,3939,-3946,3939,-3949,3940,-3946,3940,-3944,3939,-3946,3938,-3944,3938,-0.27,SJNFAAZE1U0005576,117.69,14.32,9010.6943359375,78,75,0,0,0,0,15.0,99.17,-154481,73,1528020741.341,4080,2,0,0,0,0,0,0,0,4,378.85,378.85,1F,1,1,1,0080,80,40,40,0,0,19,5.00
03/06/2018 11:12:25,54 58.53373,-1 31.10137,301,0,411,812664,1144818,378.82,14.457,3956,3938,3946,18,0,92.0,33.3,86.6,30.3,none,none,80.1,26.7,3944,-3952,3943,-3949,3946,3950,3947,-3949,3946,-3952,3946,-3952,3948,-3954,3947,-3954,3946,-3955,3947,-3954,3947,-3953,3947,3954,3948,-3956,3947,-3954,3947,-3953,3948,-3953,3948,3952,3947,-3953,3947,-3951,3946,-3951,3947,-3951,3948,-3953,3945,-3950,3945,-3947,3940,-3945,3939,3948,3941,-3945,3942,-3944,3941,-3947,3944,-3947,3939,3949,3941,-3950,3943,-3952,3941,-3951,3943,-3950,3941,-3949,3943,-3951,3939,-3950,3938,-3951,3940,3952,3939,-3951,3938,-3949,3939,-3947,3941,-3949,3942,-3948,3939,3946,3939,-3947,3938,-3944,-0.25,SJNFAAZE1U0005576,117.69,14.32,9010.6943359375,78,75,0,0,0,0,15.0,99.17,-154481,74,1528020745.199,4440,2,1,0,3,0,0,0,0,4,378.95,378.95,1F,1,1,1,0080,80,40,40,0,0,19,7.50
03/06/2018 11:12:29,54 58.53373,-1 31.10137,301,0,411,812500,1144818,378.82,19.340,3955,3936,3946,19,0,92.0,33.3,86.6,30.3,none,none,80.1,26.7,3944,-3952,3942,-3949,3945,3949,3947,-3948,3946,3951,3946,-3951,3947,-3953,3946,-3953,3946,-3953,3946,-3952,3948,-3952,3947,-3954,3947,-3955,3945,3953,3946,-3952,3947,-3953,3947,-3951,3947,-3952,3947,3950,3946,-3951,3945,-3949,3948,-3952,3946,-3949,3944,-3945,3939,-3945,3940,-3948,3939,-3946,3941,3945,3942,-3947,3943,-3947,3939,-3947,3940,-3950,3942,3953,3940,-3950,3942,-3950,3940,-3949,3941,-3950,3938,-3950,3937,-3950,3938,-3950,3937,-3951,3937,3948,3937,-3947,3940,-3948,3940,-3948,3938,-3945,3937,-3946,3936,3944,-0.28,SJNFAAZE1U0005576,117.69,14.32,9010.6943359375,78,75,0,0,0,0,15.0,99.17,-154481,74,1528020749.124,5640,2,1,0,4,0,0,0,0,4,378.80,378.80,1F,1,1,1,0080,80,40,40,0,0,19,10.50
03/06/2018 11:12:32,54 58.53373,-1 31.10137,301,0,411,812299,1144818,378.53,25.626,3953,3932,3943,21,0,91.8,33.2,86.6,30.3,none,none,79.9,26.6,3939,-3949,3939,3947,3942,3947,3945,-3946,3942,-3948,3942,-3949,3944,3951,3942,-3950,3942,-3950,3944,-3950,3944,-3950,3945,-3951,3944,-3953,3943,-3952,3943,-3950,3945,3950,3945,-3948,3943,-3949,3943,-3949,3943,-3948,3943,3947,3946,-3949,3942,-3946,3941,-3942,3936,-3943,3936,-3946,3937,-3943,3938,-3942,3938,-3945,3939,3944,3934,-3947,3936,-3948,3938,-3950,3936,-3948,3938,3949,3936,-3947,3939,-3948,3934,-3949,3933,-3950,3934,-3950,3934,-3949,3932,-3946,3934,-3947,3936,3947,3937,-3946,3934,-3943,3934,-3945,3934,-3941,-0.26,SJNFAAZE1U0005576,117.69,14.32,9010.6943359375,78,75,0,0,0,0,15.0,99.17,-154481,74,1528020752.789,7320,2,1,0,4,0,0,0,0,4,378.59,378.59,1F,1,1,1,0080,80,40,40,0,0,19,13.50
03/06/2018 11:12:36,54 58.53373,-1 31.10137,301,0,411,812062,1144818,377.95,39.145,3946,3927,3937,19,0,91.8,33.2,86.6,30.3,none,none,80.1,26.7,3934,-3943,3934,-3940,3937,3941,3939,3940,3937,-3942,3937,-3943,3938,-3943,3937,-3944,3937,3945,3938,-3943,3939,-3944,3938,-3944,3939,-3946,3938,-3944,3938,-3945,3938,-3943,3939,-3943,3939,3944,3937,-3942,3936,-3942,3938,-3941,3940,-3944,3936,3940,3935,-3936,3929,-3935,3929,-3938,3931,-3937,3932,-3935,3933,-3939,3933,-3936,3928,-3939,3930,3941,3933,-3944,3931,-3942,3933,-3941,3931,-3940,3932,-3940,3929,3941,3927,-3942,3930,-3942,3929,-3941,3927,-3940,3929,3939,3932,-3938,3930,-3940,3928,-3936,3929,-3938,3928,-3935,-0.24,SJNFAAZE1U0005576,117.69,14.32,9010.6943359375,78,75,0,0,0,0,15.0,99.17,-154481,74,1528020756.321,10760,2,1,0,4,0,0,0,0,4,378.01,378.01,1F,1,1,1,0080,80,40,40,0,0,19,23.75
03/06/2018 11:12:40,54 58.53373,-1 31.10137,301,0,411,811679,1144818,377.76,39.359,3943,3925,3935,18,0,92.0,33.3,86.8,30.4,none,none,80.1,26.7,3936,-3933,3938,-3931,3939,3934,3940,-3934,3940,-3935,3940,3936,3941,-3936,3943,-3935,3942,-3936,3941,-3936,3941,3935,3942,-3938,3943,-3936,3943,-3934,3942,-3939,3941,-3938,3941,-3937,3943,-3940,3940,-3935,3940,3935,3941,-3935,3943,-3938,3938,-3933,3938,-3932,3932,3925,3935,-3928,-3936,3928,-3936,-3928,-3937,3929,-3939,3928,-3935,3925,-3940,3928,3941,-3931,-3940,3930,3940,-3929,3939,-3930,3939,-3925,3941,-3926,3939,-3925,3942,3925,3940,-3927,3939,-3927,3936,-3927,3939,-3928,3936,3929,3934,-3927,3936,-3927,3935,-3928,-0.25,SJNFAAZE1U0005576,117.69,14.32,9010.6943359375,78,75,0,0,0,0,15.0,99.17,-154481,74,1528020760.160,13320,2,1,0,5,0,0,0,0,4,377.79,377.79,1F,1,1,1,0080,80,40,40,0,0,19,18.00
03/06/2018 11:12:43,54 58.53373,-1 31.10137,301,0,411,811438,1144818,378.91,10.215,3955,3937,3947,18,0,92.0,33.3,86.6,30.3,none,none,80.1,26.7,-3949,3946,-3950,3942,-3952,3945,-3952,3944,-3951,3945,-3951,3947,-3954,3946,-3954,3946,-3953,3947,-3953,3947,-3954,3946,-3953,3948,-3954,3947,-3955,3945,-3953,3948,-3953,3949,-3953,3947,-3953,3948,-3952,3946,-3951,3946,-3952,3946,-3954,3949,-3950,3945,-3950,3942,-3946,3939,-3949,3941,-3947,3940,-3950,3940,-3949,3940,-3951,3940,-3949,3938,-3951,3939,-3953,3942,-3951,3941,-3953,3941,-3951,3941,-3951,3937,-3953,3938,-3952,3938,-3954,3939,-3953,3937,-3950,3938,-3949,3939,-3952,3940,-3950,3941,-3947,3939,-3949,3939,-3946,3938,-0.26,SJNFAAZE1U0005576,117.69,14.32,9010.6943359375,78,75,0,0,0,0,15.0,99.17,-154481,74,1528020763.864,5360,2,1,0,5,0,0,0,0,4,378.79,378.79,1F,1,1,1,0080,80,40,40,0,0,19,1.25
03/06/2018 11:12:47,54 58.53373,-1 31.10137,301,0,411,811353,1144818,378.82,15.494,3954,3937,3946,17,0,92.0,33.3,86.8,30.4,none,none,80.1,26.7,-3949,3944,-3950,3942,-3951,3944,-3951,3944,-3950,3945,-3950,3947,-3952,3946,-3953,3945,-3952,3947,-3952,3947,-3953,3947,-3953,3947,-3954,3948,-3954,3945,-3952,3948,-3951,3948,-3951,3947,-3951,3949,-3951,3946,-3949,3945,-3950,3947,-3953,3948,-3949,3944,-3949,3942,-3945,3938,-3947,3940,-3947,3941,-3949,3940,-3949,3940,-3951,3940,-3948,3939,-3951,3939,-3952,3942,-3951,3940,-3952,3942,-3949,3941,-3952,3937,-3951,3937,-3952,3938,-3953,3939,-3952,3937,-3949,3939,-3948,3938,-3950,3940,-3948,3941,-3945,3939,-3947,3938,-3947,3938,-0.23,SJNFAAZE1U0005576,117.69,14.32,9010.6943359375,78,75,0,0,0,0,15.0,99.17,-154481,74,1528020767.656,3640,2,1,0,5,0,0,0,0,4,378.92,378.92,1F,1,1,1,0080,80,40,40,0,0,19,9.25
03/06/2018 11:12:51,54 58.53373,-1 31.10137,301,0,410,811158,1144818,378.34,29.441,3948,3932,3941,16,0,92.0,33.3,86.8,30.4,none,none,79.9,26.6,-3942,3941,-3943,3937,-3946,3941,-3945,3940,-3944,3941,-3945,3942,-3947,3943,-3947,3942,-3946,3942,-3946,3942,-3947,3942,-3947,3944,-3948,3943,-3948,3942,-3947,3943,-3945,3944,-3947,3942,-3946,3944,-3946,3941,-3945,3940,-3946,3940,-3947,3944,-3943,3940,-3942,3937,-3938,3933,-3939,3936,-3941,3933,-3941,3935,-3943,3935,-3944,3934,-3942,3933,-3945,3935,-3946,3937,-3944,3936,-3945,3936,-3943,3936,-3947,3934,-3945,3933,-3945,3932,-3946,3934,-3944,3934,-3943,3934,-3941,3934,-3943,3936,-3941,3936,-3939,3932,-3940,3934,-3939,3933,-0.25,SJNFAAZE1U0005576,117.69,14.32,9010.6943359375,78,75,0,0,0,0,15.0,99.17,-154481,74,1528020771.207,9200,2,1,0,5,0,0,0,0,4,378.39,378.39,1F,1,1,1,0080,80,40,40,0,0,19,17.75
03/06/2018 11:12:54,54 58.53373,-1 31.10137,301,0,410,810875,1144818,378.05,31.211,3945,3928,3938,17,0,92.0,33.3,86.8,30.4,none,none,80.1,26.7,-3938,3937,-3940,3934,-3942,3938,-3941,3937,-3942,3938,-3943,3940,-3944,3939,-3944,3939,-3944,3941,-3943,3940,-3945,3940,-3945,3941,-3945,3940,-3945,3938,-3944,3941,-3943,3942,-3943,3939,-3944,3942,-3942,3939,-3941,3937,-3943,3940,-3944,3941,-3941,3938,-3940,3935,-3935,3930,-3937,3932,-3937,3932,-3939,3931,-3939,3933,-3942,3931,-3937,3930,-3941,3932,-3943,3936,-3941,3932,-3942,3934,-3940,3934,-3941,3928,-3941,3930,-3941,3931,-3942,3931,-3942,3931,-3940,3931,-3938,3930,-3940,3930,-3938,3933,-3936,3930,-3938,3931,-3937,3930,-0.25,SJNFAAZE1U0005576,117.69,14.32,9010.6943359375,78,75,0,0,0,0,15.0,99.17,-154481,74,1528020774.955,9840,2,1,0,5,0,0,0,0,4,378.18,378.18,1F,1,1,1,0080,80,40,40,0,0,19,21.25
03/06/2018 11:12:58,54 58.53373,-1 31.10137,301,0,410,810461,1144818,376.61,60.691,3934,3913,3923,21,0,92.0,33.3,86.8,30.4,none,none,80.1,26.7,3920,-3929,3921,3926,3923,3926,3926,-3926,3923,-3929,3924,-3930,3926,3932,3924,-3931,3925,-3932,3925,-3931,3927,-3931,3926,-3932,3927,-3934,3925,-3932,3926,-3931,3927,3931,3926,-3930,3927,-3931,3926,-3930,3925,-3928,3924,-3927,3927,3929,3923,-3926,3922,-3922,3916,-3921,3916,-3924,3916,3922,3918,-3921,3920,-3925,3920,-3923,3915,-3925,3917,-3927,3920,-3929,3918,-3928,3920,-3927,3916,3926,3920,-3927,3915,-3926,3915,-3928,3915,-3927,3916,3929,3914,-3927,3914,-3925,3918,-3926,3916,-3924,3914,-3923,3914,-3923,3913,-3919,-0.45,SJNFAAZE1U0005576,117.69,14.16,9010.6943359375,78,75,0,0,0,0,15.0,99.17,-154481,74,1528020778.983,17280,2,1,0,5,0,0,0,0,4,376.90,376.90,1F,1,1,1,0080,80,40,40,0,0,19,36.50
03/06/2018 11:13:02,54 58.53373,-1 31.10137,301,0,410,809802,1144818,375.36,82.297,3923,3898,3910,25,0,91.8,33.2,86.8,30.4,none,none,79.9,26.6,3905,-3917,3906,-3914,3909,3914,3913,3914,3910,-3918,3911,-3917,3912,-3920,3911,-3919,3911,3920,3912,-3920,3912,-3919,3912,-3919,3913,-3923,3911,-3921,3913,-3920,3913,-3919,3913,-3917,3912,3919,3912,-3917,3911,-3916,3911,-3915,3913,-3917,3909,-3914,3907,3910,3900,-3908,3900,-3912,3902,-3908,3903,-3909,3905,3912,3905,-3910,3900,-3913,3902,-3916,3904,-3917,3903,-3916,3905,-3915,3902,-3916,3910,-3916,3900,3917,3901,-3916,3902,-3916,3900,-3916,3899,-3913,3900,3912,3903,-3915,3900,-3911,3898,-3910,3899,-3910,3899,-3908,-0.37,SJNFAAZE1U0005576,117.69,13.84,9010.6943359375,78,75,0,0,0,0,15.0,99.17,-154481,74,1528020782.601,24360,2,1,0,5,0,0,0,0,4,375.51,375.51,1F,1,1,1,0080,80,40,40,0,0,19,44.75
03/06/2018 11:13:06,54 58.53373,-1 31.10137,301,0,409,809102,1144818,375.55,69.694,3923,3900,3912,23,0,91.8,33.2,86.6,30.3,none,none,79.9,26.6,3907,-3917,3907,-3915,3910,3916,3913,-3915,3912,-3920,3912,3919,3912,-3921,3912,-3920,3912,-3922,3912,-3921,3913,3920,3912,-3921,3913,-3923,3911,-3922,3912,-3921,3914,-3919,3914,3919,3914,-3920,3913,-3918,3912,-3918,3912,-3918,3915,-3919,3909,-3916,3909,-3912,3902,-3910,3902,3914,3903,-3910,3905,-3910,3906,-3914,3906,-3912,3902,3914,3904,-3917,3906,-3920,3904,-3916,3907,-3917,3905,-3916,3907,-3917,3901,-3917,3902,-3919,3904,3918,3904,-3918,3900,-3915,3902,-3914,3905,-3915,3903,3913,3901,-3911,3902,-3913,3901,-3909,-0.52,SJNFAAZE1U0005576,117.68,13.52,9010.6943359375,78,75,0,0,0,0,15.0,99.17,-154481,74,1528020786.301,22240,2,1,0,5,0,0,0,0,4,375.44,375.44,1F,1,1,1,0080,80,40,40,0,0,19,32.75
03/06/2018 11:13:09,54 58.53373,-1 31.10137,301,0,409,808595,1144818,376.03,49.552,3929,3907,3917,22,0,92.0,33.3,86.6,30.3,none,none,80.1,26.7,3913,-3924,3914,-3921,3917,3920,3919,-3921,3917,-3923,3918,-3923,3919,-3925,3919,-3926,3919,-3925,3919,-3925,3919,-3925,3919,-3926,3920,-3929,3919,3927,3918,-3925,3921,-3924,3919,-3923,3919,-3925,3919,3924,3917,-3923,3918,-3921,3920,-3924,3916,-3921,3914,-3917,3908,-3915,3909,-3917,3910,-3916,3911,3916,3914,-3918,3914,-3916,3910,-3920,3911,-3922,3913,3923,3912,-3923,3913,-3922,3912,-3921,3915,-3921,3909,-3922,3909,-3922,3910,-3923,3911,-3921,3907,3920,3909,-3920,3912,-3921,3910,-3918,3908,-3917,3909,3917,3907,-3914,-0.70,SJNFAAZE1U0005576,117.68,13.28,9010.6943359375,78,75,0,0,0,0,15.0,99.17,-154481,75,1528020789.749,15600,2,1,0,5,0,0,0,0,4,376.00,376.00,1F,1,1,1,0080,80,40,40,0,0,19,25.00
03/06/2018 11:13:13,54 58.53373,-1 31.10137,301,0,409,808189,1144818,376.22,44.364,3927,3911,3919,16,0,92.0,33.3,86.6,30.3,none,none,80.1,26.7,3920,-3919,3922,-3917,3923,3920,3925,-3919,3924,-3921,3925,-3921,3926,3923,3927,-3922,3925,-3922,3925,-3922,3927,-3921,3926,-3923,3927,-3923,3927,-3921,3926,-3924,3926,3923,3926,-3922,3924,-3924,3924,-3921,3923,-3921,3924,3919,3926,-3923,3921,-3919,3921,-3916,3915,-3911,3917,-3913,3918,-3913,3919,-3912,3922,-3915,3921,3912,3917,-3913,3921,-3914,3924,-3916,3921,-3916,3923,3915,3921,-3915,3924,-3912,3923,-3913,3922,-3914,3923,-3914,3923,-3914,3919,-3914,3919,-3913,3921,3915,3918,-3915,3916,-3912,3918,-3913,3916,-3912,-0.74,SJNFAAZE1U0005576,117.69,13.04,9010.6943359375,78,75,0,0,0,0,15.0,99.17,-154481,75,1528020793.478,14120,2,1,0,5,0,0,0,0,4,376.28,376.28,1F,1,1,1,0080,80,40,40,0,0,19,22.25
03/06/2018 11:13:17,54 58.53373,-1 31.10137,301,0,409,807823,1144818,376.70,36.185,3932,3914,3924,18,0,91.8,33.2,86.6,30.3,none,none,80.1,26.7,-3925,3923,-3927,3919,-3929,3922,-3929,3923,-3929,3924,-3930,3925,-3931,3926,-3932,3927,-3932,3927,-3931,3925,-3932,3924,-3931,3926,-3932,3926,-3932,3925,-3932,3927,-3931,3927,-3931,3926,-3929,3927,-3929,3924,-3929,3924,-3930,3925,-3931,3926,-3927,3922,-3926,3920,-3921,3916,-3924,3918,-3923,3917,-3925,3917,-3927,3917,-3927,3916,-3925,3915,-3928,3917,-3930,3919,-3928,3918,-3928,3918,-3928,3918,-3931,3915,-3930,3915,-3929,3914,-3931,3914,-3929,3916,-3927,3916,-3925,3916,-3927,3918,-3925,3917,-3923,3915,-3924,3917,-3923,3915,-0.59,SJNFAAZE1U0005576,117.69,13.04,9010.6943359375,78,75,0,0,0,0,15.0,99.17,-154481,75,1528020797.555,12160,2,1,0,4,0,0,0,0,4,376.60,376.60,1F,1,1,1,0080,80,40,40,0,0,19,14.00
03/06/2018 11:13:21,54 58.53373,-1 31.10137,301,0,409,807617,1144818,377.95,7.682,3946,3928,3937,18,0,92.0,33.3,86.8,30.4,none,none,80.1,26.7,-3940,3935,-3941,3933,-3943,3936,-3943,3935,-3942,3937,-3942,3937,-3944,3937,-3944,3937,-3943,3938,-3943,3939,-3945,3937,-3944,3939,-3945,3938,-3946,3936,-3944,3939,-3944,3940,-3943,3938,-3942,3939,-3943,3937,-3942,3936,-3943,3937,-3945,3939,-3942,3937,-3940,3934,-3935,3929,-3937,3931,-3939,3932,-3940,3931,-3940,3931,-3942,3931,-3939,3929,-3942,3930,-3944,3933,-3942,3932,-3943,3932,-3941,3933,-3943,3928,-3944,3928,-3942,3929,-3944,3929,-3943,3929,-3941,3929,-3939,3930,-3941,3932,-3939,3933,-3937,3929,-3939,3930,-3938,3928,-0.57,SJNFAAZE1U0005576,117.69,13.04,9012.3037109375,78,75,0,0,0,0,15.0,99.17,-154481,75,1528020801.564,3760,2,1,0,5,0,0,0,0,4,377.88,377.88,1F,1,1,1,0080,80,40,40,0,0,19,-2.75
03/06/2018 11:13:25,54 58.53373,-1 31.10137,301,0,409,807652,1144818,378.91,-8.338,3955,3937,3947,18,0,92.0,33.3,86.6,30.3,none,none,79.9,26.6,-3951,3946,-3952,3943,-3953,3945,-3952,3945,-3952,3946,-3952,3946,-3954,3947,-3953,3947,-3954,3948,-3953,3947,-3954,3947,-3953,3948,-3954,3947,-3955,3945,-3953,3948,-3953,3949,-3953,3947,-3952,3949,-3951,3946,-3951,3945,-3952,3945,-3954,3949,-3952,3945,-3950,3943,-3946,3940,-3949,3941,-3948,3941,-3950,3940,-3951,3940,-3953,3940,-3949,3939,-3952,3939,-3953,3944,-3951,3941,-3952,3941,-3951,3941,-3951,3938,-3953,3937,-3952,3937,-3954,3939,-3953,3939,-3951,3939,-3950,3939,-3951,3940,-3950,3942,-3946,3938,-3950,3940,-3948,3938,-0.54,SJNFAAZE1U0005576,117.68,13.04,9012.3037109375,78,75,0,0,0,0,15.0,99.17,-154482,75,1528020805.449,0,2,1,0,5,0,0,0,0,4,378.97,378.97,1F,1,1,1,0080,80,40,40,0,0,19,-4.25
03/06/2018 11:13:29,54 58.53373,-1 31.10137,301,0,409,807667,1144818,378.91,-0.099,3954,3939,3947,15,0,92.0,33.3,86.8,30.4,none,none,79.9,26.6,-3950,3948,-3951,3943,-3953,3946,-3951,3946,-3952,3948,-3952,3948,-3953,3949,-3953,3948,-3953,3949,-3952,3948,-3953,3948,-3953,3949,-3954,3949,-3954,3947,-3954,3949,-3953,3950,-3952,3949,-3952,3949,-3952,3947,-3952,3947,-3953,3947,-3954,3950,-3951,3946,-3950,3943,-3947,3940,-3948,3943,-3949,3942,-3949,3942,-3949,3942,-3951,3942,-3949,3941,-3951,3940,-3953,3945,-3951,3944,-3952,3942,-3950,3943,-3951,3940,-3952,3940,-3951,3940,-3953,3939,-3952,3939,-3950,3941,-3948,3941,-3951,3942,-3949,3943,-3946,3939,-3948,3940,-3947,3940,-0.55,SJNFAAZE1U0005576,117.68,13.04,9012.3037109375,78,75,0,0,0,0,15.0,99.17,-154483,75,1528020809.285,0,2,1,0,5,0,0,0,0,4,378.89,378.89,1F,1,1,1,0080,80,40,40,0,0,19,-3.50
03/06/2018 11:13:33,54 58.53373,-1 31.10137,301,0,409,807682,1144818,379.20,-0.769,3958,3942,3950,16,0,92.0,33.3,86.8,30.4,none,none,80.1,26.7,3948,-3957,3946,-3954,3950,3954,3952,-3952,3950,-3955,3950,3956,3951,-3957,3950,-3956,3950,-3957,3950,-3956,3951,-3957,3952,3957,3951,-3958,3950,-3958,3950,-3957,3952,-3956,3952,3956,3952,-3956,3951,-3956,3949,-3954,3951,-3954,3953,-3957,3949,-3953,3949,-3950,3943,-3950,3944,3952,3946,-3952,3948,-3949,3946,-3952,3948,-3951,3944,3952,3945,-3955,3946,-3957,3945,-3955,3947,-3955,3944,-3953,3945,-3955,3944,-3954,3943,-3954,3944,3954,3943,-3954,3942,-3953,3943,-3952,3945,-3952,3945,3953,3943,-3951,3945,-3952,3942,-3949,-0.50,SJNFAAZE1U0005576,117.68,13.04,9012.3037109375,78,75,0,0,0,0,15.0,99.17,-154484,75,1528020813.204,0,2,0,0,0,0,0,0,0,4,379.19,379.19,1F,1,1,1,0080,80,40,40,0,0,19,-1.75
03/06/2018 11:13:36,54 58.53373,-1 31.10137,301,0,409,807657,1144818,379.01,8.262,3958,3937,3948,21,0,92.0,33.3,86.8,30.4,none,none,80.1,26.7,3945,-3955,3944,-3951,3946,3952,3950,-3950,3947,-3954,3947,-3954,3948,-3956,3947,3954,3948,-3955,3948,-3955,3948,-3954,3947,-3956,3948,-3958,3948,3955,3947,-3954,3949,-3954,3950,-3953,3949,-3954,3948,3953,3947,-3953,3948,-3952,3950,-3955,3947,-3951,3947,-3947,3942,-3948,3941,-3951,3943,-3949,3944,3947,3943,-3950,3944,-3949,3940,-3951,3942,-3952,3944,3955,3942,-3952,3943,-3953,3941,-3951,3941,-3954,3939,-3954,3937,-3954,3941,-3953,3940,-3953,3938,3952,3940,-3950,3942,-3950,3943,-3950,3940,-3948,3941,3951,3939,-3946,-0.50,SJNFAAZE1U0005576,117.68,13.04,9012.3037109375,78,75,0,0,0,0,15.0,99.17,-154484,75,1528020816.993,2240,2,0,0,0,0,0,0,0,4,379.00,379.00,1F,1,1,1,0080,80,40,40,0,0,19,3.25
03/06/2018 11:13:40,54 58.53373,-1 31.10137,301,0,409,807561,1144818,378.91,14.792,3957,3936,3947,21,0,92.0,33.3,86.8,30.4,none,none,80.1,26.7,3944,3954,3943,-3951,3946,3950,3948,-3950,3945,-3951,3946,-3953,3946,-3955,3946,-3954,3946,-3953,3946,-3953,3947,-3954,3946,-3953,3947,-3957,3945,-3954,3947,-3952,3948,3953,3948,-3952,3947,-3952,3946,-3952,3945,-3951,3946,3950,3948,-3953,3945,-3950,3944,-3947,3941,-3947,3939,-3949,3940,-3946,3942,-3947,3943,-3948,3942,3948,3940,-3950,3940,-3952,3942,-3953,3939,-3952,3942,3951,3940,-3951,3941,-3953,3938,-3954,3938,-3952,3938,-3953,3938,-3953,3936,-3950,3939,-3950,3940,3952,3940,-3949,3938,-3947,3939,-3949,3937,-3945,-0.51,SJNFAAZE1U0005576,117.68,13.04,9012.3037109375,78,75,0,0,0,0,15.0,99.17,-154484,75,1528020820.872,4360,2,0,0,0,0,0,0,0,4,378.84,378.84,1F,1,1,1,0080,80,40,40,0,0,19,6.25
03/06/2018 11:13:44,54 58.53373,-1 31.10137,301,0,409,807450,1144818,379.10,6.644,3957,3941,3949,16,0,92.0,33.3,86.8,30.4,none,none,80.1,26.7,3947,-3955,3946,-3953,3949,3952,3950,-3951,3948,-3953,3949,-3954,3950,-3957,3949,-3956,3949,3955,3950,-3955,3951,-3955,3949,-3956,3949,-3957,3949,-3956,3949,-3955,3950,-3955,3951,-3953,3950,3955,3949,-3954,3949,-3953,3949,-3953,3952,-3955,3948,3952,3948,-3948,3943,-3948,3943,-3951,3945,-3949,3945,-3948,3946,-3951,3946,-3950,3941,-3951,3944,3952,3945,-3956,3944,-3953,3945,-3953,3943,-3952,3945,3953,3941,-3953,3941,-3953,3943,-3954,3941,-3953,3941,-3952,3942,-3951,3944,-3951,3945,-3951,3942,3948,3942,-3950,3941,-3947,-0.53,SJNFAAZE1U0005576,117.68,13.04,9012.3037109375,78,75,0,0,0,0,15.0,99.17,-154484,75,1528020824.639,3640,2,0,0,0,0,0,0,0,4,379.11,379.11,1F,1,1,1,0080,80,40,40,0,0,19,0.00
03/06/2018 11:13:48,54 58.53373,-1 31.10137,301,0,409,807432,1144818,379.68,-3.028,3962,3945,3955,17,0,92.0,33.3,86.8,30.4,none,none,79.9,26.6,-3959,3955,-3958,3952,-3960,3954,-3959,3954,3959,-3954,-3959,3955,3961,-3954,3961,-3955,3960,-3955,3960,-3955,3962,3954,3962,-3956,3961,-3956,3962,-3953,3960,-3957,3961,-3957,3960,-3955,3959,-3957,3959,-3954,3959,3954,3959,-3954,3962,-3957,3958,-3953,3958,-3952,3953,3948,3957,-3950,-3957,3950,-3957,-3949,-3958,3948,-3960,3948,-3957,3947,-3960,3948,-3961,3951,-3959,3949,-3960,3950,-3959,3950,-3958,3945,-3962,3946,-3960,3946,-3961,3947,-3960,3947,-3958,3946,-3956,3947,-3958,3948,-3957,3951,-3954,3946,-3957,3947,-3955,3947,-0.50,SJNFAAZE1U0005576,117.68,13.04,9012.3037109375,78,75,0,0,0,0,15.0,99.17,-154484,75,1528020828.330,0,2,1,0,4,0,0,0,0,4,379.64,379.64,1F,1,1,1,0080,80,40,40,0,0,19,-3.00
03/06/2018 11:13:52,54 58.53373,-1 31.10137,301,0,409,807427,1144818,379.78,-1.837,3964,3946,3956,18,0,92.0,33.3,86.8,30.4,none,none,80.1,26.7,-3960,3956,-3960,3953,-3963,3955,-3961,3954,-3961,3955,-3962,3957,-3963,3955,-3962,3955,-3962,3957,-3963,3955,-3962,3955,-3963,3957,-3964,3957,-3964,3955,-3963,3957,-3962,3957,-3962,3956,-3961,3957,-3961,3955,-3960,3955,-3962,3955,-3964,3957,-3961,3954,-3961,3952,-3956,3949,-3959,3952,-3959,3950,-3959,3950,-3958,3950,-3963,3949,-3958,3948,-3962,3948,-3963,3952,-3962,3951,-3962,3951,-3960,3951,-3961,3946,-3963,3947,-3962,3947,-3963,3948,-3963,3947,-3961,3948,-3959,3949,-3960,3950,-3959,3951,-3957,3949,-3959,3948,-3957,3948,-0.51,SJNFAAZE1U0005576,117.68,13.04,9012.3037109375,78,75,0,0,0,0,15.0,99.17,-154484,75,1528020832.065,480,2,1,0,4,0,0,0,0,4,379.69,379.69,1F,1,1,1,0080,80,40,40,0,0,19,-9.00
03/06/2018 11:13:55,54 58.53373,-1 31.10137,301,0,409,807551,1144818,380.83,-24.359,3975,3958,3967,17,0,92.0,33.3,86.8,30.4,none,none,80.1,26.7,-3971,3967,-3970,3964,-3973,3966,-3971,3965,-3971,3966,-3971,3967,-3972,3966,-3972,3965,-3972,3966,-3971,3967,-3972,3965,-3973,3967,-3973,3968,-3973,3965,-3972,3967,-3971,3968,-3973,3966,-3971,3968,-3971,3965,-3970,3965,-3971,3965,-3974,3968,-3971,3965,-3971,3963,-3968,3962,-3970,3962,-3972,3963,-3971,3961,-3970,3961,-3972,3961,-3971,3960,-3973,3959,-3974,3964,-3973,3961,-3972,3961,-3973,3961,-3971,3958,-3974,3958,-3973,3958,-3975,3958,-3974,3959,-3971,3960,-3969,3959,-3971,3960,-3971,3962,-3969,3959,-3970,3961,-3967,3960,-0.53,SJNFAAZE1U0005576,117.68,13.04,9012.3037109375,78,75,0,0,0,0,15.0,99.17,-154489,75,1528020835.736,0,2,1,0,5,0,0,0,0,4,380.80,380.80,1F,1,1,1,0080,80,40,40,0,0,19,-22.25
03/06/2018 11:13:59,54 58.53373,-1 31.10137,301,0,409,807792,1144818,381.31,-30.646,3980,3963,3972,17,0,92.0,33.3,86.8,30.4,none,none,80.1,26.7,-3978,3972,-3977,3969,-3978,3970,-3977,3971,-3976,3971,-3977,3971,-3978,3971,-3977,3970,-3978,3971,-3978,3970,-3978,3970,-3977,3972,-3977,3972,-3979,3970,-3977,3972,-3976,3972,-3977,3972,-3976,3973,-3976,3971,-3976,3970,-3977,3971,-3980,3974,-3975,3971,-3976,3969,-3975,3966,-3977,3968,-3976,3968,-3977,3967,-3976,3966,-3978,3965,-3977,3965,-3978,3964,-3979,3968,-3977,3967,-3979,3967,-3978,3967,-3976,3964,-3980,3963,-3979,3963,-3980,3965,-3979,3965,-3978,3965,-3977,3965,-3977,3966,-3978,3969,-3974,3964,-3977,3966,-3975,3965,-0.50,SJNFAAZE1U0005576,117.68,13.04,9012.3037109375,78,75,0,0,0,0,15.0,99.17,-154499,75,1528020839.371,0,2,1,0,5,0,0,0,0,4,381.47,381.47,1F,1,1,1,0080,80,40,40,0,0,19,-23.00
03/06/2018 11:14:03,54 58.53373,-1 31.10137,301,0,409,807993,1144818,380.74,-10.444,3974,3957,3966,17,0,92.0,33.3,86.8,30.4,none,none,80.1,26.7,-3970,3966,-3970,3962,-3973,3963,-3971,3963,-3971,3965,-3971,3965,-3972,3964,-3972,3964,-3971,3966,-3972,3965,-3972,3965,-3972,3966,-3973,3966,-3973,3963,-3972,3967,-3972,3967,-3972,3966,-3971,3967,-3971,3964,-3970,3964,-3971,3965,-3974,3968,-3971,3964,-3971,3963,-3966,3960,-3970,3961,-3969,3962,-3971,3960,-3969,3960,-3972,3959,-3970,3958,-3972,3958,-3973,3963,-3972,3960,-3972,3961,-3970,3961,-3971,3957,-3973,3957,-3972,3958,-3974,3957,-3972,3957,-3972,3959,-3969,3959,-3971,3960,-3970,3963,-3968,3960,-3970,3959,-3968,3959,-0.50,SJNFAAZE1U0005576,117.68,13.04,9012.3037109375,78,75,0,0,0,0,15.0,99.17,-154507,75,1528020843.073,0,2,1,0,5,0,0,0,0,4,381.01,381.01,1F,1,1,1,0080,80,40,40,0,0,19,0.75
03/06/2018 11:14:06,54 58.53373,-1 31.10137,301,0,409,807865,1144818,378.82,36.765,3956,3936,3946,20,0,92.0,33.3,86.8,30.4,none,none,80.1,26.7,3945,-3954,3944,3949,3946,3948,3948,-3949,3946,-3950,3945,-3952,3947,3954,3946,-3953,3946,-3953,3946,-3952,3947,-3952,3947,-3954,3947,-3956,3945,-3954,3945,-3953,3947,3952,3948,-3952,3948,-3952,3946,-3951,3945,-3950,3946,3950,3948,-3952,3944,-3950,3944,-3946,3939,-3946,3940,-3948,3940,-3945,3943,-3945,3942,-3948,3944,3946,3940,-3948,3940,-3950,3941,-3952,3940,-3951,3942,-3950,3939,3950,3944,-3952,3938,-3951,3939,-3950,3939,-3951,3938,3951,3936,-3949,3938,-3948,3940,-3949,3939,-3947,3937,-3947,3937,-3947,3937,-3944,-0.51,SJNFAAZE1U0005576,117.68,13.04,9012.3037109375,78,75,0,0,0,0,15.0,99.17,-154507,75,1528020846.743,10440,2,1,0,5,0,0,0,0,4,379.09,379.09,1F,1,1,1,0080,80,40,40,0,0,19,28.00
03/06/2018 11:14:10,54 58.53373,-1 31.10137,301,0,409,807507,1144818,378.62,34.385,3953,3935,3944,18,0,92.0,33.3,86.8,30.4,none,none,80.1,26.7,3941,-3950,3940,-3947,3943,3946,3944,3945,3943,-3948,3943,-3948,3944,-3951,3944,-3950,3943,3950,3944,-3950,3944,-3949,3944,-3950,3944,-3953,3944,-3950,3944,-3950,3945,-3949,3945,-3949,3945,3950,3944,-3948,3942,-3947,3944,-3947,3946,-3950,3942,3947,3942,-3943,3936,-3944,3938,-3946,3938,-3943,3940,-3943,3940,3945,3942,-3944,3937,-3947,3938,-3948,3939,-3950,3939,-3947,3938,-3948,3938,-3947,3942,-3948,3936,3949,3936,-3949,3936,-3948,3936,-3948,3935,-3947,3936,3947,3938,-3947,3938,-3947,3936,-3944,3937,-3945,3936,-3941,-0.52,SJNFAAZE1U0005576,117.68,13.04,9012.3037109375,78,75,0,0,0,0,15.0,99.17,-154507,75,1528020850.415,12240,2,1,0,5,0,0,0,0,4,378.56,378.56,1F,1,1,1,0080,80,40,40,0,0,19,20.00
03/06/2018 11:14:14,54 58.53373,-1 31.10137,301,0,408,807203,1144818,378.34,36.460,3949,3932,3941,17,0,92.0,33.3,86.8,30.4,none,none,80.1,26.7,3938,-3948,3937,-3944,3939,3944,3942,-3943,3940,-3946,3940,3945,3942,-3949,3940,-3947,3941,-3947,3941,-3947,3942,3947,3942,-3947,3941,-3949,3940,-3948,3941,-3947,3942,-3947,3943,-3946,3942,-3946,3942,-3946,3940,3945,3941,-3943,3943,-3948,3939,-3944,3938,-3940,3936,-3940,3934,-3943,3936,-3940,3938,-3940,3937,-3943,3938,-3941,3934,3943,3936,-3945,3937,-3947,3935,-3945,3937,-3945,3935,-3944,3940,-3946,3933,-3946,3933,-3946,3934,3946,3933,-3945,3932,-3943,3934,-3943,3937,-3944,3937,3944,3934,-3942,3934,-3943,3932,-3938,-0.51,SJNFAAZE1U0005576,117.68,13.04,9012.3037109375,78,75,0,0,0,0,15.0,99.17,-154507,75,1528020854.330,11000,2,1,0,5,0,0,0,0,4,378.34,378.34,1F,1,1,1,0080,80,40,40,0,0,19,21.25
03/06/2018 11:14:18,54 58.53373,-1 31.10137,301,0,408,806875,1144818,378.34,27.152,3951,3930,3941,21,0,92.0,33.3,86.8,30.4,none,none,80.1,26.7,3938,-3948,3936,-3944,3939,3943,3942,-3944,3939,-3947,3940,-3947,3941,-3948,3939,3949,3940,-3948,3941,-3949,3941,-3948,3941,-3949,3941,3951,3940,-3948,3941,-3948,3943,-3948,3942,-3947,3942,-3947,3940,-3947,3939,-3947,3940,-3944,3942,3948,3939,-3945,3938,-3941,3934,-3942,3934,-3944,3935,3943,3936,-3940,3937,-3944,3936,-3942,3933,-3945,3935,-3945,3936,3948,3934,-3947,3937,-3947,3934,-3946,3937,-3947,3932,-3947,3932,-3948,3933,-3949,3933,-3948,3930,3944,3933,-3944,3935,-3944,3935,-3944,3933,-3942,3934,3942,3931,-3939,-0.52,SJNFAAZE1U0005576,117.68,13.04,9012.3037109375,78,75,0,0,0,0,15.0,99.17,-154507,75,1528020858.333,10120,2,1,0,5,0,0,0,0,4,378.45,378.45,1F,1,1,1,0080,80,40,40,0,0,19,17.25
03/06/2018 11:14:22,54 58.53373,-1 31.10137,301,0,408,806559,1144818,377.47,47.355,3940,3922,3932,18,0,92.0,33.3,86.8,30.4,none,none,79.9,26.6,3933,3931,3935,-3928,-3936,3931,-3936,-3930,-3936,3932,-3937,3933,-3937,3932,-3938,3932,-3939,3934,-3937,3933,-3939,3932,-3939,3934,-3940,3933,-3939,3931,-3938,3935,-3938,3935,-3938,3934,-3938,3936,-3937,3931,-3936,3931,-3937,3932,-3939,3935,-3935,3930,-3935,3929,-3929,3923,-3932,3925,-3931,3926,-3933,3924,3933,3925,-3936,3924,3932,-3924,3937,-3924,3938,-3930,3935,-3924,3937,3927,3935,-3927,3936,-3922,3936,-3922,3935,-3924,3939,-3923,3937,-3924,3935,-3924,3932,-3924,3936,3924,3933,-3927,3931,-3922,3932,-3923,3931,-3923,-0.50,SJNFAAZE1U0005576,117.68,13.04,9012.3037109375,78,75,0,0,0,0,15.0,99.17,-154507,75,1528020862.079,13240,2,1,0,5,0,0,0,0,4,377.63,377.63,1F,1,1,1,0080,80,40,40,0,0,19,31.00
03/06/2018 11:14:25,54 58.53373,-1 31.10137,301,0,408,806056,1144818,376.70,55.869,3932,3915,3924,17,0,92.0,33.3,86.8,30.4,none,none,80.1,26.7,-3926,3923,-3927,3922,-3928,3924,-3929,3923,-3928,3925,-3929,3926,-3930,3926,-3931,3926,-3931,3926,-3930,3927,-3931,3925,-3931,3927,-3931,3926,-3932,3925,-3930,3928,-3930,3926,-3930,3925,-3930,3928,-3929,3925,-3929,3924,-3929,3924,-3930,3927,-3927,3923,-3926,3920,-3921,3915,-3922,3918,-3924,3917,-3924,3916,-3925,3919,-3928,3916,-3924,3916,-3928,3917,-3929,3922,-3927,3919,-3928,3919,-3926,3920,-3929,3915,-3928,3915,-3927,3918,-3929,3917,-3928,3917,-3926,3917,-3925,3917,-3927,3918,-3924,3919,-3922,3916,-3923,3917,-3923,3915,-0.52,SJNFAAZE1U0005576,117.68,13.04,9012.3037109375,78,75,0,0,0,0,15.0,99.17,-154507,75,1528020865.774,17120,2,1,0,5,0,0,0,0,4,376.86,376.86,1F,1,1,1,0080,80,40,40,0,0,19,30.25
03/06/2018 11:14:29,54 58.53373,-1 31.10137,301,0,408,805591,1144818,376.70,48.606,3932,3916,3924,16,0,92.0,33.3,86.8,30.4,none,none,80.1,26.7,-3926,3925,-3926,3922,-3928,3926,-3928,3924,-3928,3926,-3928,3927,-3930,3927,-3931,3926,-3931,3928,-3929,3926,-3931,3926,-3931,3928,-3932,3928,-3931,3925,-3929,3930,-3930,3929,-3931,3927,-3929,3929,-3928,3925,-3927,3926,-3929,3925,-3930,3927,-3926,3924,-3926,3922,-3921,3916,-3923,3918,-3924,3918,-3925,3919,-3925,3919,-3927,3919,-3924,3917,-3928,3919,-3929,3922,-3926,3919,-3929,3921,-3928,3921,-3930,3917,-3927,3917,-3926,3917,-3930,3917,-3929,3918,-3925,3919,-3925,3918,-3928,3918,-3926,3919,-3923,3917,-3925,3917,-3923,3917,-0.52,SJNFAAZE1U0005576,117.68,13.04,9012.3037109375,78,75,0,0,0,0,15.0,99.17,-154507,75,1528020869.685,15640,2,1,0,5,0,0,0,0,4,376.80,376.80,1F,1,1,1,0080,80,40,40,0,0,19,29.25
03/06/2018 11:14:33,54 58.53373,-1 31.10137,301,0,407,805075,1144818,376.32,54.893,3927,3912,3920,15,0,92.0,33.3,86.8,30.4,none,none,80.1,26.7,-3921,3919,-3921,3917,-3924,3921,-3924,3920,-3924,3921,-3925,3923,-3925,3922,-3926,3922,-3926,3923,-3925,3922,-3927,3923,-3927,3924,-3927,3922,-3926,3922,-3926,3924,-3925,3924,-3925,3923,-3926,3925,-3925,3922,-3924,3922,-3924,3920,-3926,3923,-3922,3919,-3922,3919,-3917,3912,-3918,3915,-3919,3914,-3920,3914,-3922,3915,-3923,3915,-3920,3913,-3924,3915,-3925,3917,-3923,3915,-3923,3917,-3922,3916,-3926,3912,-3924,3913,-3924,3914,-3925,3915,-3924,3914,-3923,3913,-3920,3914,-3922,3915,-3920,3915,-3916,3913,-3920,3913,-3919,3912,-0.52,SJNFAAZE1U0005576,117.68,13.04,9013.9130859375,78,75,0,0,0,0,15.0,99.17,-154507,76,1528020873.631,16280,2,1,0,5,0,0,0,0,4,376.38,376.38,1F,1,1,1,0080,80,40,40,0,0,19,30.00
03/06/2018 11:14:37,54 58.53373,-1 31.10137,301,0,407,804584,1144818,376.13,49.918,3927,3908,3918,19,0,92.0,33.3,86.6,30.3,none,none,79.9,26.6,-3919,3917,-3921,3913,-3922,3917,-3923,3917,-3922,3918,-3923,3920,-3925,3919,-3925,3918,-3925,3920,-3925,3920,-3926,3919,-3926,3922,-3926,3920,-3927,3919,-3926,3922,-3925,3921,-3924,3920,-3925,3921,-3924,3919,-3924,3918,-3923,3918,-3925,3920,-3921,3917,-3920,3915,-3915,3908,-3917,3911,-3918,3912,-3919,3911,-3920,3912,-3922,3910,-3919,3910,-3922,3911,-3924,3914,-3921,3912,-3923,3912,-3921,3913,-3925,3908,-3923,3909,-3923,3910,-3925,3909,-3923,3910,-3920,3911,-3919,3910,-3923,3911,-3919,3912,-3916,3909,-3919,3909,-3917,3909,-0.47,SJNFAAZE1U0005576,117.68,13.04,9013.9130859375,78,75,0,0,0,0,15.0,99.17,-154507,76,1528020877.293,16360,2,1,0,5,0,0,0,0,4,376.30,376.30,1F,1,1,1,0080,80,40,40,0,0,19,28.50
03/06/2018 11:14:41,54 58.53373,-1 31.10137,301,0,407,804105,1144818,376.03,52.604,3927,3906,3917,21,0,92.0,33.3,86.8,30.4,none,none,80.1,26.7,3913,-3923,3913,-3920,3916,3920,3919,-3921,3916,-3924,3917,3924,3917,-3927,3917,-3925,3916,-3925,3918,-3925,3918,3924,3918,-3925,3918,-3927,3917,-3926,3918,-3925,3920,-3926,3918,-3924,3918,-3923,3918,-3924,3917,3923,3918,-3920,3920,-3924,3915,-3920,3914,-3917,3909,3917,3909,-3918,3909,-3917,3911,-3915,3913,-3919,3912,-3918,3908,3920,3910,-3922,3912,-3924,3910,-3922,3912,-3922,3910,-3922,3914,-3923,3907,-3923,3906,-3923,3909,3923,3908,-3923,3906,-3920,3907,-3920,3909,-3921,3910,3919,3907,-3917,3907,-3918,3906,-3914,-0.53,SJNFAAZE1U0005576,117.68,13.04,9013.9130859375,78,75,0,0,0,0,15.0,99.17,-154507,76,1528020881.176,16440,2,1,0,5,0,0,0,0,4,375.95,375.95,1F,1,1,1,0080,80,40,40,0,0,19,26.75
03/06/2018 11:14:44,54 58.53373,-1 31.10137,301,0,407,803668,1144818,376.32,42.106,3931,3908,3920,23,0,92.0,33.3,86.8,30.4,none,none,80.1,26.7,3916,-3927,3915,-3924,3919,3924,3922,-3923,3918,-3926,3918,-3927,3920,-3929,3919,3928,3919,-3929,3920,-3928,3920,-3928,3921,-3929,3921,3931,3919,-3929,3919,-3927,3922,-3928,3922,-3926,3921,-3927,3922,-3927,3919,-3926,3920,-3926,3923,3928,3918,-3924,3916,-3919,3912,-3920,3911,-3922,3914,-3919,3914,3919,3915,-3922,3914,-3921,3911,-3923,3912,-3926,3915,3928,3912,-3925,3914,-3925,3912,-3925,3917,-3927,3911,-3926,3911,-3926,3911,-3927,3910,-3927,3908,3923,3911,-3923,3913,-3923,3912,-3922,3910,-3921,3910,3921,3909,-3917,-0.51,SJNFAAZE1U0005576,117.68,13.04,9013.9130859375,78,75,0,0,0,0,15.0,99.17,-154507,76,1528020884.717,13920,2,1,0,5,0,0,0,0,4,376.29,376.29,1F,1,1,1,0080,80,40,40,0,0,19,19.00
03/06/2018 11:14:48,54 58.53373,-1 31.10137,301,0,406,803406,1144818,377.28,17.600,3941,3919,3930,22,0,92.0,33.3,86.8,30.4,none,none,80.1,26.7,3928,3937,3926,-3934,3929,3934,3931,-3933,3928,-3936,3929,-3937,3930,-3937,3930,-3938,3930,-3938,3930,3938,3932,-3937,3931,-3939,3931,-3941,3930,-3939,3931,3937,3932,-3937,3932,-3936,3931,-3938,3931,-3936,3930,-3935,3930,3934,3933,-3937,3928,-3933,3927,-3930,3923,-3931,3924,-3932,3924,-3931,3926,-3931,3925,-3932,3926,3931,3922,-3934,3924,-3934,3925,-3937,3923,-3935,3926,3937,3923,-3934,3926,-3936,3921,-3936,3921,-3936,3921,-3936,3922,-3936,3919,-3934,3922,-3933,3924,3934,3925,-3933,3921,-3930,3922,-3932,3921,-3928,-0.50,SJNFAAZE1U0005576,117.68,13.04,9013.9130859375,78,75,0,0,0,0,15.0,99.17,-154507,76,1528020888.592,6520,2,1,0,5,0,0,0,0,4,377.26,377.26,1F,1,1,1,0080,80,40,40,0,0,19,6.50
03/06/2018 11:14:52,54 58.53373,-1 31.10137,301,0,406,803249,1144818,377.47,17.142,3941,3921,3932,20,0,92.0,33.3,86.8,30.4,none,none,80.1,26.7,3928,-3939,3927,-3936,3930,3935,3933,-3935,3932,-3936,3931,-3938,3931,-3939,3931,-3939,3932,-3939,3931,-3938,3933,-3939,3933,3939,3932,-3941,3932,-3941,3932,-3939,3933,-3939,3934,3937,3932,-3938,3933,-3937,3930,-3937,3933,-3937,3934,-3938,3931,3935,3930,-3931,3924,-3932,3924,-3934,3924,-3931,3926,-3931,3927,-3934,3928,-3933,3922,-3935,3924,3936,3927,-3939,3925,-3936,3926,-3935,3924,-3936,3925,3937,3922,-3937,3922,-3937,3923,-3936,3922,-3938,3921,-3935,3922,-3935,3924,-3936,3925,-3936,3924,3932,3923,-3934,3924,-3929,-0.48,SJNFAAZE1U0005576,117.68,13.04,9013.9130859375,78,75,0,0,0,0,15.0,99.17,-154507,76,1528020892.392,5400,2,0,0,0,0,0,0,0,4,377.51,377.51,1F,1,1,1,0080,80,40,40,0,0,19,12.00
03/06/2018 11:14:56,54 58.53373,-1 31.10137,301,0,406,803027,1144818,376.90,30.021,3934,3917,3926,17,0,92.0,33.3,86.8,30.4,none,none,79.9,26.6,-3928,3926,-3929,3924,-3931,3926,-3931,3925,-3931,3926,-3931,3928,-3933,3926,-3933,3927,-3934,3927,-3933,3927,-3933,3928,-3934,3929,-3934,3928,-3934,3927,-3932,3928,-3933,3928,-3933,3927,-3931,3929,3931,-3926,3931,3926,3931,-3926,3934,-3928,3931,-3925,3930,-3923,3923,3917,3926,-3921,-3927,3921,-3927,-3919,-3930,3920,-3930,3919,-3927,3919,-3932,3920,-3932,3922,-3931,3920,-3932,3922,-3929,3921,-3931,3917,-3932,3917,-3931,3917,-3934,3918,-3931,3918,-3930,3918,-3928,3919,-3930,3920,-3927,3921,-3925,3917,-3927,3918,-3927,3918,-0.49,SJNFAAZE1U0005576,117.68,13.04,9013.9130859375,78,75,0,0,0,0,15.0,99.17,-154507,76,1528020896.392,8640,2,0,0,0,0,0,0,0,4,377.09,377.09,1F,1,1,1,0080,80,40,40,0,0,19,23.25
03/06/2018 11:15:00,54 58.53373,-1 31.10137,301,0,406,802630,1144818,376.51,39.756,3930,3915,3922,15,0,92.0,33.3,86.8,30.4,none,none,79.9,26.6,-3923,3922,-3925,3919,-3927,3921,-3927,3921,-3926,3923,-3926,3922,-3929,3924,-3929,3922,-3928,3924,-3929,3923,-3930,3923,-3929,3926,-3930,3925,-3930,3924,-3928,3925,-3928,3925,-3928,3925,-3928,3925,-3927,3923,-3926,3922,-3927,3923,-3928,3925,-3925,3922,-3925,3920,-3919,3915,-3922,3916,-3921,3916,-3923,3915,-3925,3917,-3926,3915,-3922,3916,-3925,3916,-3928,3919,-3926,3917,-3927,3919,-3924,3918,-3926,3915,-3925,3915,-3926,3915,-3928,3915,-3927,3916,-3925,3916,-3922,3916,-3926,3918,-3922,3918,-3920,3915,-3922,3915,-3920,3915,-0.47,SJNFAAZE1U0005576,117.67,13.04,9013.9130859375,78,75,0,0,0,0,15.0,99.17,-154507,76,1528020900.109,13760,2,0,0,0,0,0,0,0,4,376.52,376.52,1F,1,1,1,0080,80,40,40,0,0,19,21.50
03/06/2018 11:15:03,54 58.53373,-1 31.10137,301,0,406,802261,1144818,376.13,46.073,3927,3908,3918,19,0,92.0,33.3,86.8,30.4,none,none,80.1,26.7,-3920,3917,-3921,3915,-3923,3917,-3923,3917,-3923,3920,-3923,3920,-3925,3919,-3926,3918,-3926,3919,-3925,3921,-3926,3920,-3926,3920,-3927,3920,-3926,3919,-3925,3921,-3925,3921,-3924,3919,-3924,3921,-3923,3918,-3923,3918,-3925,3918,-3926,3921,-3921,3917,-3920,3915,-3916,3909,-3917,3912,-3918,3911,-3918,3911,-3921,3912,-3922,3910,-3919,3910,-3923,3911,-3924,3914,-3923,3914,-3923,3913,-3920,3913,-3925,3908,-3924,3909,-3923,3910,-3925,3910,-3923,3911,-3922,3910,-3918,3911,-3922,3913,-3919,3911,-3917,3909,-3918,3910,-3917,3909,-0.51,SJNFAAZE1U0005576,117.67,13.04,9013.9130859375,78,75,0,0,0,0,15.0,99.17,-154507,76,1528020903.776,14040,2,0,0,0,0,0,0,0,4,376.16,376.16,1F,1,1,1,0080,80,40,40,0,0,19,25.25
03/06/2018 11:15:07,54 58.53373,-1 31.10137,301,0,406,801849,1144818,376.13,40.366,3926,3910,3918,16,0,92.0,33.3,86.8,30.4,none,none,80.1,26.7,-3920,3918,-3921,3915,-3922,3916,-3922,3917,-3922,3918,-3922,3919,-3925,3920,-3925,3919,-3925,3920,-3926,3920,-3925,3920,-3926,3921,-3926,3920,-3926,3919,-3925,3921,-3925,3921,-3924,3919,-3923,3922,-3924,3919,-3923,3918,-3923,3918,-3925,3920,-3921,3918,-3920,3915,-3915,3910,-3917,3912,-3917,3912,-3918,3911,-3920,3912,-3922,3911,-3919,3911,-3922,3912,-3923,3915,-3922,3915,-3923,3914,-3921,3914,-3923,3910,-3922,3910,-3921,3910,-3923,3911,-3923,3911,-3921,3913,-3917,3910,-3921,3913,-3919,3913,-3916,3910,-3918,3910,-3917,3910,-0.46,SJNFAAZE1U0005576,117.67,13.04,9013.9130859375,78,75,0,0,0,0,15.0,99.17,-154507,76,1528020907.650,13320,2,1,0,4,0,0,0,0,4,376.14,376.14,1F,1,1,1,0080,80,40,40,0,0,19,20.75
03/06/2018 11:15:11,54 58.53373,-1 31.10137,301,0,405,801437,1144818,375.84,45.157,3922,3909,3915,13,0,92.0,33.3,86.8,30.4,none,none,80.1,26.7,-3914,3918,-3915,3915,-3917,3917,-3918,3917,-3917,3919,-3917,3919,-3920,3921,-3920,3920,-3918,3920,-3918,3920,-3921,3920,-3919,3921,-3920,3922,-3919,3921,-3919,3922,-3919,3921,-3920,3920,-3919,3921,-3920,3918,-3917,3918,-3918,3918,-3920,3920,-3916,3917,-3914,3913,-3909,3910,-3910,3913,-3911,3912,-3912,3911,-3914,3913,-3915,3911,-3910,3913,-3913,3915,-3916,3917,-3913,3914,-3915,3916,-3913,3915,-3916,3913,-3912,3915,-3912,3915,-3914,3914,-3913,3915,-3912,3913,-3911,3914,-3914,3915,-3912,3914,-3909,3910,-3910,3912,-3910,3910,-0.48,SJNFAAZE1U0005576,117.67,13.04,9013.9130859375,78,75,0,0,0,0,15.0,99.17,-154507,76,1528020911.524,13840,2,1,0,4,0,0,0,0,4,375.93,375.93,1F,1,1,1,0080,80,40,40,0,0,19,25.00
03/06/2018 11:15:15,54 58.53373,-1 31.10137,301,0,405,801003,1144818,375.55,49.979,3923,3900,3912,23,0,92.2,33.4,87.0,30.6,none,none,80.1,26.7,3908,3918,3908,-3916,3910,3917,3914,-3915,3912,-3918,3912,-3918,3913,-3921,3911,-3920,3911,-3919,3912,3921,3914,-3920,3912,-3920,3913,-3923,3911,-3920,3912,-3920,3914,3919,3914,-3918,3914,-3919,3913,-3918,3911,-3917,3912,3917,3914,-3920,3910,-3916,3909,-3910,3903,-3910,3903,-3914,3904,-3911,3906,-3910,3906,-3913,3907,3912,3901,-3916,3904,-3916,3906,-3918,3905,-3915,3907,3917,3904,-3916,3907,-3917,3903,-3917,3901,-3919,3904,-3918,3904,-3917,3900,-3915,3902,-3914,3904,3915,3903,-3915,3902,-3911,3902,-3912,3900,-3909,-0.47,SJNFAAZE1U0005576,117.67,13.04,9013.9130859375,78,75,0,0,0,0,15.0,99.17,-154507,77,1528020915.198,14720,2,1,0,4,0,0,0,0,4,375.64,375.64,1F,1,1,1,0080,80,40,40,0,0,19,26.75
03/06/2018 11:15:18,54 58.53373,-1 31.10137,301,0,405,800522,1144818,375.65,48.820,3923,3902,3913,21,0,92.0,33.3,86.8,30.4,none,none,80.1,26.7,3909,-3920,3908,-3917,3912,3917,3915,-3916,3912,-3919,3913,-3919,3914,-3921,3913,-3922,3913,3921,3914,-3921,3915,-3920,3913,-3921,3915,-3923,3914,-3922,3914,-3920,3916,-3920,3914,-3919,3915,3919,3914,-3919,3912,-3918,3913,-3918,3916,-3920,3911,3916,3911,-3914,3905,-3912,3905,-3914,3905,-3913,3907,-3912,3908,-3915,3909,-3914,3903,-3917,3906,3917,3907,-3919,3907,-3918,3907,-3918,3905,-3917,3910,3918,3903,-3918,3903,-3919,3905,-3919,3905,-3919,3902,-3918,3903,-3916,3907,-3916,3905,-3915,3904,3911,3903,-3915,3902,-3910,-0.50,SJNFAAZE1U0005576,117.67,13.04,9013.9130859375,78,75,0,0,0,0,15.0,99.17,-154507,77,1528020918.841,16720,2,1,0,5,0,0,0,0,4,375.34,375.34,1F,1,1,1,0080,80,40,40,0,0,19,16.00
03/06/2018 11:15:22,54 58.53373,-1 31.10137,301,0,405,800214,1144818,376.32,25.596,3929,3909,3920,20,0,92.0,33.3,86.8,30.4,none,none,80.1,26.7,3917,-3926,3916,-3924,3919,3923,3921,-3923,3919,-3925,3921,3926,3921,-3928,3920,-3927,3920,-3927,3920,-3926,3922,3927,3920,-3927,3921,-3929,3920,-3928,3921,-3928,3922,-3927,3922,-3926,3921,-3927,3921,-3925,3919,3925,3921,-3923,3922,-3927,3919,-3923,3918,-3920,3913,3919,3912,-3922,3915,-3918,3915,-3918,3916,-3921,3916,-3920,3913,-3923,3915,-3924,3916,-3926,3914,3924,3917,-3924,3914,-3924,3917,-3925,3912,-3924,3912,3924,3913,-3925,3913,-3925,3910,-3922,3912,-3922,3914,-3922,3913,-3921,3912,-3920,3912,-3921,3909,3917,-0.51,SJNFAAZE1U0005576,117.68,13.04,9013.9130859375,78,75,0,0,0,0,15.0,99.17,-154507,77,1528020922.613,9560,2,1,0,5,0,0,0,0,4,376.27,376.27,1F,1,1,1,0080,80,40,40,0,0,19,11.00
03/06/2018 11:15:26,54 58.53373,-1 31.10137,301,0,405,800017,1144818,377.09,12.229,3938,3917,3928,21,0,92.2,33.4,86.8,30.4,none,none,80.1,26.7,3924,-3935,3924,3932,3926,3931,3930,-3932,3926,-3934,3925,-3933,3928,-3936,3927,3937,3927,-3936,3928,-3935,3930,-3935,3928,-3936,3929,3938,3927,-3936,3928,-3935,3930,-3935,3929,-3933,3929,-3935,3928,-3933,3926,-3932,3928,-3932,3929,3936,3926,-3932,3925,-3928,3921,-3928,3920,-3930,3923,3928,3923,-3927,3924,-3930,3923,-3929,3920,-3931,3921,-3932,3922,-3934,3921,-3933,3923,-3933,3920,3931,3922,-3933,3919,-3933,3919,-3933,3920,-3934,3919,3934,3917,-3932,3919,-3931,3921,-3933,3921,-3931,3919,-3928,3920,-3930,3919,-3927,-0.49,SJNFAAZE1U0005576,117.68,13.04,9013.9130859375,78,75,0,0,0,0,15.0,99.17,-154507,77,1528020926.335,5920,2,1,0,5,0,0,0,0,4,376.99,376.99,1F,1,1,1,0080,80,40,40,0,0,19,4.00
03/06/2018 11:15:30,54 58.53373,-1 31.10137,301,0,405,799849,1144818,376.61,26.114,3931,3914,3923,17,0,92.2,33.4,87.0,30.6,none,none,80.1,26.7,3926,3923,3927,-3920,-3929,3923,-3927,-3923,-3928,3924,-3929,3925,-3931,3925,-3929,3924,-3929,3924,-3929,3925,-3931,3924,-3930,3926,-3931,3925,-3931,3925,-3929,3926,-3929,3925,-3929,3924,-3928,3926,-3928,3924,-3928,3923,-3928,3923,-3930,3927,-3927,3923,-3926,3921,-3921,3915,-3923,3917,-3924,3916,-3925,3917,-3926,3917,-3926,3917,-3925,3915,-3928,3916,-3930,3919,-3927,3918,-3928,3918,-3926,3919,-3930,3914,-3930,3915,-3929,3914,-3931,3915,-3929,3916,-3926,3916,-3925,3916,-3928,3916,-3924,3917,-3923,3915,3926,-3917,3923,3915,-0.50,SJNFAAZE1U0005576,117.68,13.04,9013.9130859375,78,75,0,0,0,0,15.0,99.17,-154507,77,1528020930.212,7960,2,1,0,5,0,0,0,0,4,376.66,376.66,1F,1,1,1,0080,80,40,40,0,0,19,10.00
03/06/2018 11:15:34,54 58.53373,-1 31.10137,301,0,405,799631,1144818,376.61,26.420,3932,3913,3923,19,0,92.0,33.3,86.8,30.4,none,none,80.1,26.7,-3925,3922,-3927,3919,-3929,3922,-3928,3922,-3929,3923,-3929,3924,-3931,3924,-3931,3922,-3931,3924,-3931,3924,-3931,3925,-3931,3925,-3932,3923,-3932,3924,-3930,3926,-3930,3926,-3930,3925,-3929,3926,-3929,3923,-3928,3923,-3929,3922,-3931,3926,-3928,3922,-3927,3920,-3920,3914,-3924,3917,-3925,3918,-3924,3916,-3925,3916,-3928,3916,-3925,3916,-3928,3916,-3930,3918,-3927,3917,-3928,3918,-3926,3918,-3929,3913,-3930,3913,-3929,3914,-3930,3915,-3929,3914,-3927,3917,-3925,3916,-3927,3917,-3924,3918,-3922,3915,-3925,3915,-3924,3915,-0.51,SJNFAAZE1U0005576,117.68,13.04,9013.9130859375,78,75,0,0,0,0,15.0,99.17,-154507,77,1528020934.093,7520,2,1,0,5,0,0,0,0,4,376.71,376.71,1F,1,1,1,0080,80,40,40,0,0,19,12.25
03/06/2018 11:15:37,54 58.53373,-1 31.10137,301,0,404,799422,1144818,377.38,16.105,3938,3921,3931,17,0,92.0,33.3,86.8,30.4,none,none,80.1,26.7,-3933,3931,-3933,3927,-3935,3929,-3936,3928,-3935,3930,-3935,3931,-3937,3931,-3936,3931,-3938,3931,-3937,3931,-3938,3933,-3938,3932,-3938,3931,-3938,3931,-3937,3933,-3936,3933,-3936,3932,-3936,3934,-3936,3931,-3935,3929,-3935,3930,-3938,3933,-3934,3929,-3933,3927,-3929,3923,-3931,3925,-3932,3924,-3932,3925,-3934,3925,-3934,3923,-3932,3922,-3937,3923,-3937,3926,-3935,3925,-3936,3925,-3935,3926,-3937,3922,-3936,3922,-3936,3922,-3937,3921,-3936,3922,-3935,3924,-3932,3923,-3934,3925,-3932,3925,-3930,3923,-3932,3924,-3931,3923,-0.49,SJNFAAZE1U0005576,117.68,13.04,9013.9130859375,78,75,0,0,0,0,15.0,99.17,-154507,77,1528020937.957,5440,2,1,0,5,0,0,0,0,4,377.09,377.09,1F,1,1,1,0080,80,40,40,0,0,19,7.00
03/06/2018 11:15:41,54 58.53373,-1 31.10137,301,0,404,799266,1144818,377.28,16.593,3937,3921,3930,16,0,92.0,33.3,86.8,30.4,none,none,80.1,26.7,-3932,3930,-3932,3926,-3935,3929,-3933,3929,-3933,3929,-3934,3931,-3936,3931,-3935,3931,-3936,3931,-3936,3931,-3936,3930,-3936,3932,-3937,3931,-3937,3930,-3935,3933,-3935,3932,-3935,3932,-3935,3932,-3934,3929,-3934,3930,-3934,3930,-3936,3932,-3932,3928,-3932,3926,-3927,3922,-3930,3924,-3930,3923,-3932,3924,-3931,3924,-3934,3924,-3931,3922,-3934,3924,-3934,3926,-3932,3925,-3934,3925,-3933,3925,-3935,3921,-3934,3922,-3933,3921,-3935,3923,-3935,3923,-3932,3922,-3931,3923,-3934,3925,-3931,3924,-3928,3922,-3930,3923,-3928,3922,-0.45,SJNFAAZE1U0005576,117.68,13.04,9015.5224609375,78,75,0,0,0,0,15.0,99.17,-154507,77,1528020941.781,5760,2,1,0,5,0,0,0,0,4,377.17,377.17,1F,1,1,1,0080,80,40,40,0,0,19,5.25
03/06/2018 11:15:45,54 58.53373,-1 31.10137,301,0,404,799155,1144818,377.28,12.259,3940,3920,3930,20,0,92.0,33.3,86.8,30.4,none,none,79.9,26.6,-3927,3937,-3926,3934,-3929,3934,-3932,3932,-3930,3937,-3929,3935,-3931,3938,-3929,3937,-3930,3937,-3930,3937,-3931,3937,-3931,3938,-3931,3940,-3930,3938,-3930,3937,-3932,3936,-3932,3936,-3931,3937,-3930,3936,-3929,3934,-3930,3934,-3933,3937,-3929,3934,-3927,3931,-3923,3930,-3923,3933,-3925,3932,-3926,3930,-3926,3932,-3927,3930,-3921,3935,-3923,3935,-3924,3937,-3923,3935,-3925,3936,-3923,3934,-3925,3935,-3921,3936,3921,-3937,3922,3938,3921,-3936,3920,-3934,3921,-3933,3924,-3933,3924,-3933,3921,3931,-3922,-3933,3921,-3929,-0.50,SJNFAAZE1U0005576,117.68,13.04,9015.5224609375,78,75,0,0,0,0,15.0,99.17,-154507,77,1528020945.665,3880,2,1,0,5,0,0,0,0,4,377.51,377.51,1F,1,1,1,0080,80,40,40,0,0,19,10.00
03/06/2018 11:15:49,54 58.53373,-1 31.10137,301,0,404,798951,1144818,376.70,27.976,3935,3913,3924,22,0,92.0,33.3,86.8,30.4,none,none,79.9,26.6,3920,-3931,3920,-3928,3923,3929,3926,-3927,3924,-3930,3923,3931,3924,-3934,3924,-3933,3924,-3931,3924,-3931,3925,3932,3924,-3932,3925,-3935,3922,-3933,3924,-3932,3926,-3931,3927,-3930,3925,-3931,3924,-3930,3923,3928,3924,-3928,3926,-3931,3924,-3927,3921,-3924,3916,3923,3916,-3927,3917,-3924,3919,-3924,3918,-3927,3920,-3925,3915,-3927,3917,-3929,3918,-3931,3917,3929,3920,-3929,3917,-3928,3918,-3929,3915,-3930,3914,3929,3915,-3930,3915,-3930,3913,-3927,3914,-3927,3916,-3927,3917,-3926,3914,-3924,3915,-3925,3914,3922,-0.48,SJNFAAZE1U0005576,117.68,13.04,9015.5224609375,78,75,0,0,0,0,15.0,99.17,-154507,77,1528020949.408,7480,2,1,0,5,0,0,0,0,4,376.93,376.93,1F,1,1,1,0080,80,40,40,0,0,19,20.25
03/06/2018 11:15:52,54 58.53373,-1 31.10137,301,0,404,798609,1144818,375.84,47.599,3926,3906,3915,20,0,92.0,33.3,86.8,30.4,none,none,80.1,26.7,3912,-3921,3912,-3919,3914,3918,3917,-3918,3915,-3922,3916,-3922,3917,-3924,3916,3923,3917,-3922,3917,-3923,3917,-3923,3916,-3924,3917,3926,3916,-3925,3916,-3921,3918,-3923,3918,-3922,3918,-3922,3916,-3921,3915,-3921,3916,-3919,3918,3922,3914,-3919,3913,-3914,3907,-3914,3908,-3917,3909,3915,3910,-3915,3913,-3917,3912,-3915,3907,-3918,3909,-3919,3911,-3921,3909,-3922,3913,-3920,3909,3919,3913,-3919,3908,-3921,3907,-3920,3908,-3921,3907,-3920,3906,3918,3907,-3918,3910,-3919,3908,-3916,3906,-3915,3907,3916,3906,-3913,-0.50,SJNFAAZE1U0005576,117.68,13.04,9015.5224609375,78,75,0,0,0,0,15.0,99.17,-154507,77,1528020952.827,14200,2,1,0,5,0,0,0,0,4,375.99,375.99,1F,1,1,1,0080,80,40,40,0,0,19,25.00
03/06/2018 11:15:56,54 58.53373,-1 31.10137,301,0,404,798261,1144818,376.03,38.901,3927,3906,3917,21,0,92.0,33.3,86.8,30.4,none,none,80.1,26.7,3913,3924,3913,-3921,3916,3921,3918,-3920,3916,-3923,3917,-3924,3918,-3926,3917,-3925,3918,-3926,3917,3925,3918,-3925,3918,-3925,3918,-3927,3916,-3927,3917,3925,3919,-3924,3920,-3923,3919,-3925,3917,-3923,3917,-3923,3917,-3921,3920,-3924,3916,-3921,3913,3917,3909,-3916,3909,-3919,3910,-3917,3912,-3915,3914,3918,3912,-3918,3908,-3920,3910,-3922,3911,-3924,3911,-3922,3912,3922,3911,-3921,3912,-3922,3909,-3923,3906,-3923,3909,-3923,3908,-3923,3906,-3920,3907,-3920,3910,3921,3910,-3920,3907,-3916,3908,-3919,3907,-3915,-0.48,SJNFAAZE1U0005576,117.67,13.04,9015.5224609375,78,75,0,0,0,0,15.0,99.17,-154507,77,1528020956.194,12000,2,1,0,5,0,0,0,0,4,376.07,376.07,1F,1,1,1,0080,80,40,40,0,0,19,19.50
03/06/2018 11:15:59,54 58.53373,-1 31.10137,301,0,404,797975,1144818,376.13,34.415,3929,3906,3918,23,0,92.0,33.3,86.8,30.4,none,none,80.1,26.7,3915,-3924,3913,-3921,3915,3921,3920,-3921,3917,-3923,3917,-3924,3918,-3927,3917,-3925,3917,-3925,3918,-3926,3918,-3925,3919,3926,3919,-3929,3917,-3927,3917,-3925,3919,-3925,3920,-3924,3920,3925,3918,-3923,3916,-3923,3918,-3923,3920,-3925,3916,3921,3915,-3918,3910,-3917,3910,-3920,3912,-3918,3913,-3916,3914,-3920,3914,-3918,3909,-3921,3911,3922,3912,-3925,3911,-3923,3914,-3924,3912,-3922,3913,3923,3908,-3924,3909,-3925,3911,-3925,3910,-3924,3906,-3922,3909,-3920,3912,-3922,3911,-3920,3909,3919,3909,-3920,3907,-3915,-0.45,SJNFAAZE1U0005576,117.67,13.04,9015.5224609375,78,75,0,0,0,0,15.0,99.17,-154507,77,1528020959.292,11400,2,1,0,5,0,0,0,0,4,376.14,376.14,1F,1,1,1,0080,80,40,40,0,0,19,20.00
03/06/2018 11:16:02,54 58.53373,-1 31.10137,301,0,404,797659,1144818,375.65,47.660,3921,3904,3913,17,0,92.0,33.3,86.8,30.4,none,none,80.1,26.7,3913,-3913,3915,-3910,3917,3913,3917,-3912,3917,-3913,3917,3915,3919,-3915,3919,-3915,3919,-3916,3919,-3915,3921,3915,3919,-3917,3921,-3917,3921,-3915,3920,-3917,3919,-3917,3919,-3916,3919,-3918,3918,-3914,3917,3914,3918,-3913,3919,-3917,3915,-3912,3914,-3910,3910,3904,3912,-3907,-3911,3905,-3912,-3906,-3915,3908,-3915,3906,-3913,3906,-3916,3907,-3919,3910,-3916,3908,-3917,3909,-3916,3910,-3920,3905,-3917,3906,-3917,3906,-3918,3906,-3917,3906,-3916,3906,-3913,3906,-3916,3908,3912,3906,-3911,3905,3913,-3906,3912,-3905,-0.46,SJNFAAZE1U0005576,117.67,13.04,9015.5224609375,78,75,0,0,0,0,15.0,99.17,-154507,77,1528020962.674,13680,2,1,0,5,0,0,0,0,4,375.53,375.53,1F,1,1,1,0080,80,40,40,0,0,19,23.75
03/06/2018 11:16:06,54 58.53373,-1 31.10137,301,0,403,797304,1144818,375.94,35.300,3925,3907,3916,18,0,92.0,33.3,86.8,30.4,none,none,80.1,26.7,-3918,3914,-3919,3912,-3921,3916,-3921,3915,-3921,3916,-3922,3917,-3922,3917,-3923,3917,-3924,3918,-3923,3918,-3925,3917,-3923,3918,-3925,3919,-3924,3917,-3923,3919,-3922,3919,-3923,3918,-3922,3919,-3922,3916,-3921,3916,-3921,3916,-3923,3918,-3920,3915,-3919,3913,-3914,3907,-3916,3910,-3916,3909,-3917,3909,-3919,3910,-3920,3908,-3918,3907,-3921,3908,-3923,3912,-3920,3910,-3921,3910,-3920,3911,-3924,3907,-3922,3907,-3922,3908,-3923,3908,-3922,3908,-3920,3909,-3917,3907,-3919,3910,-3917,3909,-3915,3907,-3916,3908,-3917,3908,-0.51,SJNFAAZE1U0005576,117.67,13.04,9015.5224609375,78,75,0,0,0,0,15.0,99.17,-154507,77,1528020966.129,11840,2,1,0,5,0,0,0,0,4,375.92,375.92,1F,1,1,1,0080,80,40,40,0,0,19,14.25
03/06/2018 11:16:09,54 58.53373,-1 31.10137,301,0,403,797078,1144818,376.32,24.344,3929,3910,3920,19,0,92.0,33.3,86.8,30.4,none,none,80.1,26.7,-3921,3918,-3923,3916,-3926,3919,-3924,3919,-3925,3920,-3925,3921,-3929,3920,-3928,3919,-3928,3922,-3927,3921,-3928,3920,-3927,3922,-3928,3920,-3928,3920,-3927,3924,-3926,3923,-3926,3922,-3925,3922,-3926,3920,-3925,3919,-3926,3918,-3927,3922,-3924,3919,-3922,3916,-3917,3911,-3920,3913,-3920,3914,-3920,3912,-3922,3914,-3924,3912,-3922,3912,-3925,3913,-3927,3916,-3924,3915,-3925,3915,-3923,3916,-3925,3910,-3925,3911,-3925,3911,-3927,3912,-3926,3913,-3923,3912,-3921,3914,-3923,3914,-3922,3915,-3918,3910,-3921,3911,-3921,3912,-0.48,SJNFAAZE1U0005576,117.68,13.04,9015.5224609375,78,75,0,0,0,0,15.0,99.17,-154507,77,1528020969.584,6960,2,1,0,5,0,0,0,0,4,376.43,376.43,1F,1,1,1,0080,80,40,40,0,0,19,15.25
03/06/2018 11:16:12,54 58.53373,-1 31.10137,301,0,403,796800,1144818,375.46,46.500,3921,3902,3911,19,0,92.0,33.3,86.8,30.4,none,none,80.1,26.7,-3913,3910,-3915,3907,-3916,3910,-3916,3910,-3917,3911,-3916,3913,-3918,3913,-3919,3912,-3920,3913,-3919,3912,-3920,3912,-3919,3914,-3921,3914,-3921,3912,-3920,3915,-3918,3915,-3918,3914,-3917,3915,-3917,3912,-3917,3911,-3918,3911,-3919,3913,-3915,3910,-3915,3908,-3908,3902,-3911,3904,-3912,3904,-3913,3905,-3913,3905,-3915,3905,-3912,3903,-3916,3903,-3917,3907,-3916,3905,-3917,3906,-3915,3907,-3916,3902,-3917,3902,-3917,3904,-3918,3904,-3917,3902,-3914,3903,-3913,3904,-3915,3904,-3912,3905,-3910,3902,-3912,3903,-3911,3903,-0.47,SJNFAAZE1U0005576,117.68,13.04,9015.5224609375,78,75,0,0,0,0,15.0,99.17,-154507,77,1528020972.828,12560,2,1,0,5,0,0,0,0,4,375.52,375.52,1F,1,1,1,0080,80,40,40,0,0,19,23.75
03/06/2018 11:16:16,54 58.53373,-1 31.10137,301,0,403,796450,1144818,375.36,43.693,3918,3901,3910,17,0,92.0,33.3,86.8,30.4,none,none,80.1,26.7,-3911,3909,-3912,3907,-3914,3910,-3915,3909,-3914,3912,-3915,3912,-3916,3912,-3916,3911,-3916,3913,-3916,3912,-3917,3912,-3917,3914,-3918,3912,-3917,3910,-3916,3914,-3915,3913,-3915,3912,-3915,3914,-3915,3912,-3914,3911,-3915,3910,-3916,3913,-3913,3909,-3911,3907,-3906,3901,-3908,3904,-3908,3904,-3909,3902,-3911,3905,-3912,3902,-3908,3902,-3913,3904,-3915,3907,-3914,3904,-3914,3905,-3912,3906,-3915,3902,-3914,3902,-3912,3903,-3915,3902,-3913,3904,-3912,3902,-3910,3902,-3912,3904,-3908,3904,-3906,3902,-3908,3902,-3908,3902,-0.50,SJNFAAZE1U0005576,117.68,13.04,9015.5224609375,78,75,0,0,0,0,15.0,99.17,-154507,77,1528020976.009,13920,2,0,0,0,0,0,0,0,4,375.49,375.49,1F,1,1,1,0080,80,40,40,0,0,19,22.75
03/06/2018 11:16:19,54 58.53373,-1 31.10137,301,0,403,796106,1144818,375.36,41.282,3921,3899,3910,22,0,92.0,33.3,86.8,30.4,none,none,79.9,26.6,-3906,3917,-3906,3914,-3908,3915,-3912,3914,-3910,3917,-3910,3917,-3910,3919,-3910,3918,-3909,3919,-3911,3918,-3912,3919,-3910,3918,-3911,3921,-3910,3919,3910,-3919,3912,3918,3912,-3917,3912,-3918,3911,-3917,3909,-3917,3910,-3915,3912,3918,3908,-3914,3907,-3911,3901,-3910,3901,-3912,-3903,3910,3903,-3909,-3905,3913,-3904,3910,-3901,3914,-3902,3916,-3906,3918,-3903,3914,-3905,3915,-3903,3915,-3905,3916,-3900,3916,-3900,3916,-3901,3916,-3901,3916,-3899,3913,-3901,3913,-3903,3914,-3902,3911,-3899,3910,-3900,3912,-3899,3909,-0.46,SJNFAAZE1U0005576,117.68,13.04,9015.5224609375,78,75,0,0,0,0,15.0,99.17,-154507,77,1528020979.160,13920,2,0,0,0,0,0,0,0,4,375.40,375.40,1F,1,1,1,0080,80,40,40,0,0,19,19.75
03/06/2018 11:16:22,54 58.53373,-1 31.10137,301,0,403,795839,1144818,375.94,28.129,3928,3906,3916,22,0,92.0,33.3,86.8,30.4,none,none,80.1,26.7,3913,3923,3911,-3920,3915,3921,3918,-3921,3916,-3923,3916,-3923,3917,-3925,3915,-3925,3917,-3925,3916,3924,3918,-3924,3916,-3925,3916,-3928,3916,-3925,3916,-3924,3917,3924,3918,-3922,3917,-3923,3917,-3922,3915,-3922,3916,3921,3919,-3924,3914,-3920,3914,-3918,3909,-3917,3909,-3918,3910,-3916,3911,-3916,3912,-3919,3912,3919,3909,-3920,3910,-3921,3910,-3924,3909,-3921,3912,3922,3910,-3922,3911,-3922,3907,-3922,3907,-3922,3908,-3922,3908,-3923,3906,-3920,3907,-3920,3910,3921,3909,-3919,3908,-3916,3908,-3918,3906,-3914,-0.51,SJNFAAZE1U0005576,117.68,13.04,9015.5224609375,78,75,0,0,0,0,15.0,99.17,-154507,78,1528020982.281,8880,2,0,0,0,0,0,0,0,4,375.84,375.84,1F,1,1,1,0080,80,40,40,0,0,19,10.75
03/06/2018 11:16:25,54 58.53373,-1 31.10137,301,0,403,795685,1144818,376.51,16.410,3931,3910,3922,21,0,92.0,33.3,86.8,30.4,none,none,80.1,26.7,3918,-3928,3918,-3925,3920,3925,3923,3924,3920,-3927,3921,-3927,3921,-3930,3921,-3930,3922,3930,3921,-3929,3923,-3929,3923,-3930,3922,-3931,3921,-3930,3922,-3929,3922,-3929,3923,-3927,3923,3928,3922,-3927,3921,-3927,3922,-3926,3923,-3929,3920,3925,3919,-3922,3915,-3921,3914,-3923,3916,-3922,3916,-3919,3917,-3924,3917,-3923,3913,-3926,3914,3927,3916,-3928,3914,-3928,3916,-3926,3916,-3924,3917,3928,3912,-3928,3913,-3928,3913,-3927,3913,-3927,3910,-3924,3913,3924,3916,-3926,3915,-3924,3913,-3921,3914,-3924,3913,-3920,-0.51,SJNFAAZE1U0005576,117.68,13.04,9015.5224609375,78,75,0,0,0,0,15.0,99.17,-154507,78,1528020985.625,5680,2,0,0,0,0,0,0,0,4,376.46,376.46,1F,1,1,1,0080,80,40,40,0,0,19,7.75
03/06/2018 11:16:29,54 58.53373,-1 31.10137,301,0,402,795521,1144818,376.42,21.140,3931,3911,3921,20,0,92.0,33.3,86.8,30.4,none,none,80.1,26.7,3917,-3928,3916,-3924,3921,3925,3923,-3924,3920,-3927,3921,3927,3921,-3930,3921,-3929,3922,-3930,3921,-3929,3921,3929,3922,-3929,3922,-3931,3920,-3930,3921,-3928,3923,-3928,3923,-3927,3923,-3929,3922,-3928,3921,3927,3922,-3926,3923,-3928,3920,-3925,3920,-3922,3913,3921,3914,-3922,3915,-3920,3915,-3920,3917,-3924,3917,-3922,3912,-3924,3914,-3926,3916,-3929,3914,3926,3916,-3925,3914,-3926,3915,-3927,3912,-3927,3911,-3927,3912,3927,3913,-3927,3911,-3926,3912,-3923,3913,-3924,3914,3924,3911,-3921,3913,-3923,3912,-3920,-0.50,SJNFAAZE1U0005576,117.68,13.04,9015.5224609375,78,75,0,0,0,0,15.0,99.17,-154507,78,1528020989.278,6040,2,1,0,4,0,0,0,0,4,376.46,376.46,1F,1,1,1,0080,80,40,40,0,0,19,9.75
03/06/2018 11:16:32,54 58.53373,-1 31.10137,301,0,402,795324,1144818,376.22,23.215,3929,3909,3919,20,0,92.0,33.3,86.8,30.4,none,none,80.1,26.7,3916,-3925,3915,-3922,3918,3922,3920,-3922,3918,-3925,3918,-3924,3920,-3927,3919,3926,3919,-3926,3919,-3926,3921,-3926,3919,-3926,3920,3929,3918,-3926,3918,-3926,3921,-3926,3921,-3924,3921,-3926,3919,-3924,3918,-3924,3919,-3923,3921,3926,3917,-3921,3917,-3919,3912,-3918,3911,-3919,3913,-3917,3915,3917,3914,-3920,3915,-3919,3911,-3921,3914,-3923,3915,3925,3913,-3922,3915,-3922,3914,-3922,3915,-3922,3910,-3923,3910,-3923,3912,-3923,3911,-3924,3909,3921,3912,-3920,3914,-3921,3912,-3920,3911,-3917,3911,3919,3909,-3917,-0.47,SJNFAAZE1U0005576,117.68,13.04,9015.5224609375,78,75,0,0,0,0,15.0,99.17,-154507,78,1528020992.827,7520,2,1,0,4,0,0,0,0,4,376.41,376.41,1F,1,1,1,0080,80,40,40,0,0,19,16.00
03/06/2018 11:16:36,54 58.53373,-1 31.10137,301,0,402,795045,1144818,375.65,37.620,3922,3903,3913,19,0,92.0,33.3,86.8,30.4,none,none,80.1,26.7,3914,3913,3917,-3910,-3918,3912,-3918,-3912,-3918,3913,-3919,3914,-3921,3915,-3921,3914,-3921,3915,-3921,3915,-3921,3914,-3921,3915,-3922,3915,-3922,3914,-3919,3915,-3920,3916,-3921,3915,-3919,3916,3919,-3914,-3918,3914,3919,3913,3920,-3916,3916,-3913,3915,-3910,3911,-3904,3913,-3907,3913,-3907,3914,-3905,3917,-3906,3917,3906,3914,-3906,3917,-3907,3919,-3909,3917,-3908,3918,3908,3917,-3908,3921,-3905,3919,-3904,3920,-3905,3920,-3905,3919,-3906,3917,-3906,3915,-3906,3917,3907,3914,-3907,3911,-3903,3913,-3905,3913,-3904,-0.49,SJNFAAZE1U0005576,117.68,13.04,9015.5224609375,78,75,0,0,0,0,15.0,99.17,-154507,78,1528020996.298,10760,2,1,0,4,0,0,0,0,4,375.84,375.84,1F,1,1,1,0080,80,40,40,0,0,19,22.75
03/06/2018 11:16:39,54 58.53373,-1 31.10137,301,0,402,794644,1144818,374.59,57.487,3911,3894,3902,17,0,92.0,33.3,86.8,30.4,none,none,80.1,26.7,-3902,3902,-3904,3900,-3906,3902,-3907,3903,-3906,3904,-3908,3905,-3910,3905,-3909,3905,-3908,3905,-3909,3905,-3910,3905,-3910,3906,-3911,3905,-3909,3904,-3908,3907,-3908,3906,-3908,3905,-3908,3907,-3907,3904,-3907,3904,-3908,3902,-3909,3906,-3905,3902,-3904,3899,-3898,3894,-3901,3897,-3901,3895,-3902,3896,-3905,3898,-3904,3895,-3902,3895,-3906,3897,-3906,3899,-3905,3899,-3906,3898,-3904,3898,-3910,3894,-3905,3895,-3906,3895,-3907,3896,-3907,3895,-3903,3896,-3901,3896,-3905,3897,-3902,3896,-3899,3895,-3901,3894,-3899,3894,-0.45,SJNFAAZE1U0005576,117.68,13.04,9015.5224609375,78,75,0,0,0,0,15.0,99.17,-154507,78,1528020999.741,16160,2,1,0,5,0,0,0,0,4,374.87,374.87,1F,1,1,1,0080,80,40,40,0,0,19,32.25
03/06/2018 11:16:43,54 58.53373,-1 31.10137,301,0,402,794142,1144818,374.40,57.700,3909,3890,3900,19,0,92.0,33.3,86.8,30.4,none,none,80.1,26.7,-3901,3899,-3903,3897,-3906,3899,-3905,3899,-3905,3900,-3906,3902,-3907,3901,-3909,3902,-3908,3903,-3907,3901,-3909,3903,-3909,3904,-3909,3902,-3909,3901,-3908,3904,-3907,3903,-3908,3902,-3906,3904,-3906,3902,-3905,3900,-3907,3901,-3908,3903,-3904,3899,-3903,3897,-3897,3890,-3898,3893,-3899,3893,-3901,3892,-3901,3894,-3903,3892,-3900,3892,-3905,3892,-3907,3896,-3904,3894,-3906,3896,-3904,3896,-3906,3890,-3906,3891,-3905,3893,-3908,3892,-3907,3892,-3904,3893,-3902,3893,-3903,3893,-3901,3893,-3899,3891,-3900,3892,-3898,3892,-0.45,SJNFAAZE1U0005576,117.68,13.04,9015.5224609375,78,75,0,0,0,0,15.0,99.17,-154507,78,1528021003.233,18400,2,1,0,5,0,0,0,0,4,374.43,374.43,1F,1,1,1,0080,80,40,40,0,0,19,25.25
03/06/2018 11:16:46,54 58.53373,-1 31.10137,301,0,402,793790,1144818,375.55,29.166,3921,3902,3912,19,0,91.8,33.2,86.8,30.4,none,none,80.1,26.7,-3913,3911,-3916,3908,-3918,3910,-3917,3910,-3917,3911,-3917,3913,-3919,3913,-3919,3912,-3919,3912,-3919,3912,-3920,3912,-3919,3914,-3921,3913,-3920,3912,-3918,3913,-3919,3913,-3919,3913,-3918,3915,-3919,3911,-3917,3910,-3917,3911,-3919,3913,-3915,3911,-3914,3908,-3909,3902,-3912,3905,-3911,3904,-3912,3904,-3914,3905,-3915,3904,-3913,3904,-3916,3905,-3918,3906,-3917,3906,-3917,3907,-3915,3906,-3918,3902,-3917,3903,-3917,3903,-3919,3904,-3918,3903,-3915,3904,-3914,3904,-3915,3906,-3912,3905,-3910,3902,-3912,3904,-3911,3902,-0.46,SJNFAAZE1U0005576,117.68,13.04,9015.5224609375,78,75,0,0,0,0,15.0,99.17,-154507,78,1528021006.602,9120,2,1,0,5,0,0,0,0,4,375.45,375.45,1F,1,1,1,0080,80,40,40,0,0,19,11.75
03/06/2018 11:16:50,54 58.53373,-1 31.10137,301,0,402,793592,1144818,375.65,26.237,3922,3903,3913,19,0,92.2,33.4,87.0,30.6,none,none,80.1,26.7,-3914,3911,-3916,3908,-3918,3911,-3917,3911,-3917,3913,-3918,3913,-3919,3913,-3921,3912,-3921,3914,-3918,3914,-3921,3913,-3921,3914,-3922,3914,-3922,3913,-3920,3915,-3920,3915,-3920,3914,-3918,3916,-3918,3913,-3917,3912,-3917,3912,-3920,3914,-3916,3911,-3916,3909,-3910,3903,-3912,3906,-3914,3906,-3913,3905,-3915,3906,-3917,3904,-3914,3905,-3918,3905,-3919,3908,-3917,3907,-3918,3908,-3915,3908,-3919,3903,-3919,3904,-3919,3905,-3919,3905,-3917,3904,-3916,3905,-3913,3906,-3916,3906,-3913,3907,-3912,3905,-3913,3903,-3912,3903,-0.47,SJNFAAZE1U0005576,117.68,13.04,9017.1318359375,78,75,0,0,0,0,15.0,99.17,-154507,78,1528021010.066,7640,2,1,0,5,0,0,0,0,4,375.73,375.73,1F,1,1,1,0080,80,40,40,0,0,19,14.75
03/06/2018 11:16:53,54 58.53373,-1 31.10137,301,0,401,793302,1144818,375.26,36.277,3920,3899,3909,21,0,92.0,33.3,86.8,30.4,none,none,80.1,26.7,3905,-3916,3905,-3913,3908,3913,3912,-3912,3908,-3916,3909,-3917,3910,-3918,3910,-3917,3911,-3918,3910,-3917,3911,-3917,3910,3917,3912,-3920,3909,-3919,3910,-3918,3912,-3917,3912,3915,3912,-3916,3910,-3915,3910,-3915,3910,-3914,3912,-3917,3908,-3913,3907,-3909,-3900,3909,-3901,3911,-3902,3908,-3903,3908,-3905,3911,-3905,3910,-3899,3912,-3902,3914,-3905,3917,-3902,3914,-3904,3914,-3902,3914,-3905,3915,-3900,3915,3900,-3916,3901,3915,3900,-3915,3899,-3912,3900,-3911,3902,-3912,3901,-3911,3900,3909,3900,-3910,3899,-3907,-0.48,SJNFAAZE1U0005576,117.68,13.04,9017.1318359375,78,75,0,0,0,0,15.0,99.17,-154507,78,1528021013.852,10360,2,1,0,5,0,0,0,0,4,375.39,375.39,1F,1,1,1,0080,80,40,40,0,0,19,20.50
03/06/2018 11:16:57,54 58.53373,-1 31.10137,301,0,401,792967,1144818,374.78,42.960,3915,3893,3904,22,0,92.0,33.3,86.8,30.4,none,none,80.1,26.7,3900,-3911,3901,-3909,3903,3909,3907,-3908,3904,3911,3904,-3912,3906,-3912,3905,-3913,3906,-3912,3905,-3914,3906,-3913,3905,-3912,3905,-3915,3903,3914,3905,-3912,3907,-3913,3906,-3911,3906,-3912,3906,-3912,3905,3910,3906,-3909,3906,-3912,3904,-3909,3901,-3904,3895,3904,3895,-3906,3896,-3904,3899,-3904,3899,-3906,3898,-3905,3895,-3909,3897,-3909,3899,-3911,3898,3909,3900,-3910,3897,-3908,3901,-3909,3894,-3910,3894,3911,3896,-3911,3896,-3910,3893,-3909,3894,-3907,3897,-3908,3896,-3907,3893,-3904,3894,-3905,3893,3901,-0.47,SJNFAAZE1U0005576,117.68,13.04,9017.1318359375,78,75,0,0,0,0,15.0,99.17,-154507,78,1528021017.227,12720,2,1,0,5,0,0,0,0,4,374.97,374.97,1F,1,1,1,0080,80,40,40,0,0,19,26.50
03/06/2018 11:17:00,54 58.53373,-1 31.10137,301,0,401,792550,1144818,374.11,57.609,3907,3885,3897,22,0,92.0,33.3,86.8,30.4,none,none,80.1,26.7,3892,-3904,3893,3900,3895,3901,3898,-3901,3896,-3903,3897,-3904,3898,-3906,3896,3907,3897,-3906,3897,-3906,3899,-3906,3898,-3906,3898,3907,3897,-3907,3896,-3905,3898,-3905,3899,-3905,3899,-3906,3898,-3904,3897,-3904,3898,-3903,3898,3905,3894,-3901,3894,-3897,3887,-3895,3887,-3899,3889,3896,3890,-3894,3891,-3899,3892,-3897,3886,-3900,3889,-3902,3891,-3904,3889,-3902,3893,-3903,3890,3902,3891,-3902,3886,-3903,3885,-3904,3888,-3904,3888,3903,3885,-3901,3886,-3899,3890,-3900,3889,-3900,3887,-3896,3887,-3898,3886,-3895,-0.48,SJNFAAZE1U0005576,117.68,13.04,9017.1318359375,78,75,0,0,0,0,15.0,99.17,-154507,78,1528021020.638,17120,2,1,0,5,0,0,0,0,4,374.28,374.28,1F,1,1,1,0080,80,40,40,0,0,19,32.25
03/06/2018 11:17:04,54 58.53373,-1 31.10137,301,0,401,792051,1144818,373.82,62.980,3905,3881,3894,24,0,92.0,33.3,86.8,30.4,none,none,80.1,26.7,3889,3900,3889,-3898,3892,3899,3896,-3897,3892,-3901,3894,-3901,3894,-3904,3894,-3903,3894,-3902,3895,3903,3895,-3901,3895,-3903,3895,-3905,3894,-3903,3894,3902,3896,-3903,3896,-3900,3896,-3902,3895,-3900,3894,-3900,3895,-3898,3896,-3903,3892,-3898,3890,3894,3884,-3892,3883,-3894,3884,-3892,3887,-3893,3890,3897,3887,-3893,3883,-3897,3886,-3899,3888,-3900,3886,-3898,3888,-3899,3886,-3898,3890,-3899,3883,3900,3884,-3900,3885,-3898,3885,-3900,3881,-3896,3884,-3897,3887,3898,3885,-3894,3883,-3893,3884,-3895,3882,-3890,-0.46,SJNFAAZE1U0005576,117.68,13.04,9017.1318359375,78,75,0,0,0,0,15.0,99.17,-154507,78,1528021024.077,18520,2,1,0,5,0,0,0,0,4,373.80,373.80,1F,1,1,1,0080,80,40,40,0,0,19,33.50
03/06/2018 11:17:07,54 58.53373,-1 31.10137,301,0,400,791525,1144818,373.25,65.513,3898,3877,3888,21,0,92.0,33.3,86.8,30.4,none,none,80.1,26.7,3884,-3894,3884,-3891,3886,3893,3890,-3891,3887,-3896,3889,-3897,3889,-3897,3888,-3897,3889,-3898,3889,-3896,3890,-3897,3890,3897,3891,-3898,3887,-3898,3888,-3897,3890,-3896,3891,3896,3891,-3896,3891,-3895,3887,-3895,3889,-3894,3891,-3896,3886,-3891,3884,-3888,3880,-3886,3877,3888,3879,-3887,3881,-3886,3883,-3890,3882,-3888,3878,-3891,3880,3892,3883,-3895,3881,-3893,3883,-3893,3882,-3893,3884,3893,3878,-3894,3877,-3895,3880,-3894,3880,-3894,3877,-3892,3879,-3891,3882,-3891,3879,-3890,3877,3888,3879,-3888,3877,-3885,-0.48,SJNFAAZE1U0005576,117.68,13.04,9017.1318359375,78,75,0,0,0,0,15.0,99.17,-154507,78,1528021027.499,19560,2,1,0,5,0,0,0,0,4,373.43,373.43,1F,1,1,1,0080,80,40,40,0,0,19,35.50
03/06/2018 11:17:10,54 58.53373,-1 31.10137,301,0,400,790936,1144818,372.86,73.630,3894,3873,3884,21,0,92.0,33.3,86.8,30.4,none,none,80.1,26.7,-3884,3882,-3886,3880,-3889,3884,-3888,3883,-3888,3884,-3889,3886,-3890,3886,-3890,3886,-3891,3888,-3890,3887,-3892,3886,-3891,3888,-3894,3887,-3891,3886,-3890,3890,-3891,3887,-3891,3887,-3890,3888,3890,-3886,3888,3884,3889,-3886,3891,-3887,3886,-3882,3885,-3880,3879,3873,3881,-3877,-3881,3876,-3882,-3877,-3884,3877,-3886,3877,-3882,3875,-3886,3878,-3889,3881,-3886,3878,-3887,3880,-3885,3879,-3889,3875,-3887,3876,-3887,3877,-3889,3876,-3887,3876,-3885,3877,-3883,3876,-3887,3878,-3881,3878,-3881,3875,-3881,3876,-3882,3875,-0.50,SJNFAAZE1U0005576,117.68,13.04,9017.1318359375,78,75,0,0,0,0,15.0,99.17,-154507,78,1528021030.848,21920,2,1,0,5,0,0,0,0,4,372.83,372.83,1F,1,1,1,0080,80,40,40,0,0,19,39.25
03/06/2018 11:17:14,54 58.53373,-1 31.10137,301,0,400,790336,1144818,372.58,75.736,3890,3871,3881,19,0,92.0,33.3,86.8,30.4,none,none,80.1,26.7,-3880,3880,-3883,3877,-3885,3880,-3885,3879,-3885,3882,-3886,3884,-3888,3883,-3888,3882,-3887,3884,-3888,3884,-3889,3884,-3889,3885,-3890,3884,-3888,3882,-3889,3885,-3887,3885,-3888,3884,-3888,3886,-3886,3882,-3886,3883,-3885,3881,-3887,3883,-3884,3879,-3882,3878,-3876,3871,-3878,3873,-3879,3873,-3879,3873,-3882,3875,-3882,3873,-3880,3874,-3883,3874,-3885,3877,-3884,3876,-3883,3877,-3882,3875,-3889,3873,-3885,3873,-3884,3874,-3885,3873,-3884,3873,-3882,3874,-3880,3874,-3883,3876,-3879,3874,-3876,3872,-3879,3872,-3877,3872,-0.46,SJNFAAZE1U0005576,117.68,13.04,9017.1318359375,78,75,0,0,0,0,15.0,99.17,-154507,78,1528021034.239,22240,2,1,0,5,0,0,0,0,4,372.56,372.56,1F,1,1,1,0080,80,40,40,0,0,19,39.00
03/06/2018 11:17:17,54 58.53373,-1 31.10137,301,0,400,789716,1144818,372.38,76.560,3889,3869,3879,20,0,92.2,33.4,86.8,30.4,none,none,80.1,26.7,-3878,3877,-3882,3874,-3884,3878,-3884,3878,-3884,3879,-3885,3881,-3887,3880,-3887,3881,-3887,3881,-3887,3881,-3887,3882,-3887,3882,-3888,3881,-3889,3881,-3886,3883,-3887,3883,-3886,3882,-3885,3883,-3885,3880,-3885,3880,-3884,3879,-3886,3882,-3881,3878,-3880,3874,-3874,3869,-3876,3872,-3877,3871,-3877,3870,-3881,3873,-3882,3870,-3879,3871,-3884,3872,-3885,3874,-3884,3874,-3883,3874,-3882,3874,-3889,3869,-3884,3869,-3884,3870,-3885,3871,-3883,3870,-3881,3870,-3880,3872,-3883,3875,-3878,3872,-3875,3870,-3878,3870,-3876,3869,-0.48,SJNFAAZE1U0005576,117.68,13.04,9017.1318359375,78,75,0,0,0,0,15.0,99.17,-154507,78,1528021037.681,22400,2,1,0,5,0,0,0,0,4,372.33,372.33,1F,1,1,1,0080,80,40,40,0,0,19,39.50
03/06/2018 11:17:21,54 58.53373,-1 31.10137,301,0,399,789083,1144818,372.19,75.095,3887,3867,3877,20,0,92.0,33.3,86.8,30.4,none,none,80.1,26.7,-3875,3874,-3880,3874,-3882,3876,-3882,3876,-3883,3878,-3883,3879,-3885,3879,-3885,3878,-3884,3879,-3885,3879,-3885,3879,-3885,3881,-3886,3880,-3886,3879,-3885,3881,-3884,3881,-3884,3879,-3883,3881,-3883,3878,-3884,3878,-3883,3877,-3884,3879,-3879,3875,-3878,3873,-3873,3868,-3876,3869,-3876,3868,-3875,3868,-3880,3870,-3879,3869,-3876,3868,-3880,3869,-3883,3871,-3882,3872,-3882,3871,-3880,3871,-3887,3867,-3882,3868,-3883,3868,-3884,3868,-3881,3868,-3879,3870,-3877,3868,-3880,3873,-3876,3869,-3874,3869,-3875,3867,-3875,3867,-0.45,SJNFAAZE1U0005576,117.68,13.04,9017.1318359375,78,75,0,0,0,0,15.0,99.17,-154507,78,1528021041.025,22600,2,1,0,5,0,0,0,0,4,372.15,372.15,1F,1,1,1,0080,80,40,40,0,0,19,38.00
03/06/2018 11:17:24,54 58.53373,-1 31.10137,301,0,399,788516,1144818,372.10,70.335,3886,3865,3876,21,0,92.2,33.4,86.8,30.4,none,none,80.1,26.7,-3875,3874,-3878,3871,-3879,3875,-3881,3875,-3881,3878,-3882,3879,-3883,3878,-3882,3878,-3883,3879,-3883,3879,-3884,3879,-3882,3880,-3886,3878,-3885,3878,-3881,3881,-3883,3880,-3883,3880,-3881,3880,-3881,3877,-3881,3877,-3880,3876,-3882,3879,-3877,3874,-3876,3872,-3871,3865,-3872,3869,-3875,3867,-3876,3869,-3879,3870,-3877,3868,-3875,3868,-3880,3869,-3881,3871,-3879,3869,-3881,3871,-3879,3871,-3883,3866,-3879,3867,-3879,3867,-3883,3868,-3882,3868,-3878,3869,-3875,3867,-3879,3869,-3876,3868,-3873,3866,-3874,3867,-3873,3867,-0.48,SJNFAAZE1U0005576,117.68,13.04,9017.1318359375,78,75,0,0,0,0,15.0,99.17,-154507,78,1528021044.195,21800,2,1,0,5,0,0,0,0,4,372.15,372.15,1F,1,1,1,0080,80,40,40,0,0,19,37.75
03/06/2018 11:17:27,54 58.53373,-1 31.10137,301,0,399,787935,1144818,371.71,78.727,3883,3859,3872,24,0,92.0,33.3,87.0,30.6,none,none,80.1,26.7,-3866,3877,-3867,3875,-3869,3875,-3874,3874,-3870,3879,-3872,3879,-3873,3881,-3872,3881,-3872,3882,-3873,3881,-3873,3881,-3873,3882,-3874,3883,-3872,3882,3873,-3881,3875,3880,3873,-3878,3874,-3881,3873,-3879,3871,-3878,3873,-3877,3873,3879,3869,-3875,3868,-3870,3862,-3870,3860,-3872,3863,3870,3865,-3871,3868,-3873,3865,-3871,3863,-3875,3865,-3877,3865,-3878,3864,-3878,3867,-3878,3864,3876,3870,-3876,3861,-3878,3862,-3880,3864,-3879,3863,3878,3859,-3875,3862,-3875,3865,-3877,3863,-3873,3861,-3872,3861,-3871,3860,-3868,-0.48,SJNFAAZE1U0005576,117.68,13.04,9017.1318359375,78,75,0,0,0,0,15.0,99.17,-154507,78,1528021047.434,22600,2,1,0,5,0,0,0,0,4,371.73,371.73,1F,1,1,1,0080,81,40,40,0,0,19,40.25
03/06/2018 11:17:30,54 58.53373,-1 31.10137,301,0,398,787342,1144818,371.71,72.898,3884,3861,3872,23,0,92.0,33.3,87.0,30.6,none,none,80.1,26.7,3867,3878,3868,-3876,3869,3876,3874,-3877,3872,-3879,3873,-3881,3873,-3882,3873,-3882,3875,-3881,3874,3882,3873,-3882,3874,-3883,3874,-3884,3872,-3882,3873,3881,3874,-3882,3874,-3880,3874,-3881,3873,-3880,3873,-3880,3872,-3877,3874,-3881,3870,-3876,3868,3873,3862,-3871,3861,-3872,3864,-3871,3865,-3870,3869,3875,3866,-3874,3862,-3876,3864,-3877,3867,-3880,3866,-3878,3869,3877,3865,-3877,3870,-3878,3862,-3879,3862,-3879,3865,-3879,3864,-3879,3861,-3877,3863,-3875,3866,3878,3864,-3874,3862,-3873,3863,-3873,3861,-3870,-0.50,SJNFAAZE1U0005576,117.68,13.04,9017.1318359375,78,75,0,0,0,0,15.0,99.17,-154507,78,1528021050.628,22760,2,0,0,0,0,0,0,0,4,371.75,371.75,1F,1,1,1,0080,81,40,40,0,0,19,36.50
03/06/2018 11:17:33,54 58.53373,-1 31.10137,301,0,398,786763,1144818,371.42,76.743,3879,3858,3869,21,0,92.2,33.4,87.0,30.6,none,none,80.2,26.8,3865,-3874,3864,-3871,3867,3873,3871,-3873,3869,-3875,3869,-3877,3870,-3878,3869,-3877,3870,-3879,3871,-3878,3872,-3878,3872,3878,3872,-3879,3870,-3878,3871,-3878,3872,-3878,3872,-3877,3872,-3876,3871,-3875,3869,-3876,3871,-3874,3871,-3877,3868,3873,3865,-3868,3860,-3866,3859,-3869,3861,-3868,3864,-3867,3864,-3871,3865,-3868,3859,-3871,3863,3872,3864,-3876,3862,-3873,3866,-3874,3864,-3873,3868,3872,3859,-3873,3860,-3875,3863,-3874,3862,-3874,3858,-3871,3860,-3871,3863,-3871,3861,-3869,3860,3868,3861,-3869,3858,-3866,-0.44,SJNFAAZE1U0005576,117.68,13.04,9017.1318359375,78,75,0,0,0,0,15.0,99.17,-154507,78,1528021053.891,21960,2,0,0,0,0,0,0,0,4,371.57,371.57,1F,1,1,1,0080,81,40,40,0,0,19,41.50
03/06/2018 11:17:37,54 58.53373,-1 31.10137,301,0,398,786149,1144818,370.94,87.328,3876,3852,3864,24,0,92.2,33.4,87.0,30.6,none,none,80.2,26.8,3857,-3870,3860,-3866,3862,3868,3866,-3867,3864,-3871,3865,3872,3865,-3874,3865,-3874,3865,-3873,3867,-3873,3866,3873,3866,-3874,3867,-3876,3865,-3875,3866,-3874,3869,-3873,3866,-3872,3867,-3873,3866,-3871,3865,3871,3865,-3869,3866,-3873,3862,-3867,3860,-3863,3853,3862,3854,-3864,3855,-3862,3856,-3861,3860,-3866,3858,-3862,3852,-3868,3856,-3868,3860,-3871,3857,3870,3860,-3870,3856,-3867,3863,-3869,3853,-3870,3855,3872,3855,-3871,3855,-3871,3852,-3867,3854,-3868,3858,-3868,3854,-3866,3853,-3863,3853,-3864,3852,3861,-0.49,SJNFAAZE1U0005576,117.68,13.04,9017.1318359375,78,75,0,0,0,0,15.0,99.17,-154507,78,1528021057.073,25280,2,0,0,0,0,0,0,0,4,371.05,371.05,1F,1,1,1,0080,81,40,40,0,0,19,46.00
03/06/2018 11:17:40,54 58.53373,-1 31.10137,301,0,397,785451,1144818,370.46,90.613,3870,3848,3859,22,0,92.2,33.4,87.2,30.7,none,none,80.2,26.8,3854,-3865,3855,-3862,3857,3864,3861,-3863,3859,-3866,3861,-3868,3861,-3869,3861,3868,3861,-3868,3861,-3868,3862,-3868,3862,-3870,3862,3870,3861,-3869,3860,-3869,3862,-3868,3863,-3868,3863,-3868,3862,-3866,3859,-3865,3859,-3865,3861,3868,3858,-3863,3855,-3860,3849,-3855,3849,-3859,3851,3858,3852,-3857,3855,-3860,3853,-3858,3849,-3861,3853,-3864,3854,3865,3853,-3863,3856,-3865,3853,-3864,3858,-3863,3850,-3865,3851,-3866,3853,-3865,3852,-3864,3848,3862,3851,-3861,3854,-3863,3851,-3860,3849,-3857,3850,3859,3848,-3856,-0.50,SJNFAAZE1U0005576,117.67,13.04,9017.1318359375,78,75,0,0,0,0,15.0,99.17,-154507,78,1528021060.245,26720,2,0,0,0,0,0,0,0,4,370.57,370.57,1F,1,1,1,0080,81,40,40,0,0,19,47.00
03/06/2018 11:17:43,54 58.53373,-1 31.10137,301,0,397,784762,1144818,370.56,87.174,3870,3849,3860,21,0,92.2,33.4,87.0,30.6,none,none,80.1,26.7,3860,3858,3863,-3856,-3864,3859,-3864,-3859,-3865,3861,-3866,3863,-3868,3863,-3869,3862,-3868,3864,-3868,3863,-3869,3863,-3869,3865,-3870,3862,-3869,3863,3868,3864,-3868,3864,3866,-3863,3867,-3865,3866,-3861,3865,-3860,3866,3861,3867,-3864,3862,-3859,3861,-3856,3856,-3849,3857,-3852,3858,-3852,3859,-3851,3863,-3853,3862,3850,3859,-3851,3865,-3852,3866,-3855,3863,-3855,3866,3856,3864,-3855,3869,-3849,3864,-3851,3865,-3853,3867,-3851,3866,-3852,3862,-3852,3862,-3853,3865,3855,3859,-3853,3858,-3851,3860,-3851,3858,-3851,-0.53,SJNFAAZE1U0005576,117.67,13.04,9017.1318359375,78,75,0,0,0,0,15.5,99.17,-154507,78,1528021063.480,25800,2,1,0,4,0,0,0,0,4,370.56,370.56,1F,1,1,1,0080,81,40,40,0,0,19,43.50
03/06/2018 11:17:47,54 58.53373,-1 31.10137,301,0,397,784061,1144818,370.37,85.480,3868,3846,3858,22,0,92.4,33.6,87.2,30.7,none,none,80.2,26.8,-3857,3856,-3860,3854,-3863,3857,-3863,3858,-3863,3859,-3865,3861,-3866,3862,-3866,3860,-3866,3861,-3866,3860,-3866,3861,-3868,3863,-3868,3862,-3868,3860,-3867,3863,-3866,3863,-3865,3862,-3865,3863,-3864,3860,-3865,3860,-3864,3858,-3865,3862,-3860,3857,-3859,3854,-3854,3846,-3856,3850,-3857,3850,-3857,3851,-3861,3852,-3861,3850,-3857,3850,-3862,3851,-3864,3854,-3861,3853,-3863,3855,-3860,3853,-3868,3848,-3863,3850,-3863,3850,-3866,3850,-3863,3849,-3860,3850,-3859,3851,-3862,3853,-3856,3851,-3856,3848,-3856,3848,-3857,3848,-0.51,SJNFAAZE1U0005576,117.67,13.04,9017.1318359375,78,75,0,0,0,0,15.0,99.17,-154507,78,1528021067.046,25360,2,1,0,4,0,0,0,0,4,370.43,370.43,1F,1,1,1,0080,81,40,40,0,0,19,43.25
03/06/2018 11:17:50,54 58.53373,-1 31.10137,301,0,396,783301,1144818,370.27,85.561,3867,3846,3857,21,0,92.2,33.4,87.0,30.6,none,none,80.2,26.8,-3858,3854,-3860,3854,-3862,3857,-3862,3857,-3863,3859,-3863,3860,-3865,3860,-3865,3859,-3865,3861,-3865,3860,-3867,3861,-3866,3862,-3867,3860,-3866,3859,-3865,3863,-3865,3862,-3865,3861,-3865,3863,-3863,3859,-3862,3858,-3862,3859,-3864,3861,-3860,3856,-3858,3855,-3851,3846,-3854,3849,-3855,3850,-3856,3850,-3860,3851,-3861,3850,-3856,3849,-3861,3851,-3863,3854,-3862,3851,-3863,3853,-3861,3852,-3864,3846,-3862,3848,-3861,3850,-3864,3848,-3863,3850,-3860,3849,-3858,3850,-3861,3850,-3856,3850,-3855,3847,-3856,3849,-3855,3848,-0.52,SJNFAAZE1U0005576,117.67,13.04,9017.1318359375,78,75,0,0,0,0,15.5,99.17,-154507,78,1528021070.700,25840,2,1,0,4,0,0,0,0,4,370.24,370.24,1F,1,1,1,0080,81,40,40,0,0,19,39.50
03/06/2018 11:17:54,54 58.53373,-1 31.10137,301,0,396,782651,1144818,370.94,62.705,3873,3854,3864,19,0,92.2,33.4,87.2,30.7,none,none,80.2,26.8,-3864,3862,-3866,3860,-3869,3865,-3869,3864,-3869,3866,-3870,3867,-3872,3867,-3873,3866,-3872,3867,-3872,3867,-3873,3867,-3873,3868,-3873,3867,-3873,3866,-3872,3869,-3871,3869,-3871,3868,-3870,3869,-3870,3866,-3870,3866,-3870,3865,-3871,3868,-3867,3863,-3866,3861,-3861,3854,-3863,3857,-3863,3856,-3865,3857,-3866,3858,-3866,3858,-3863,3857,-3869,3857,-3871,3860,-3868,3858,-3870,3859,-3868,3859,-3871,3855,-3869,3856,-3870,3856,-3871,3856,-3870,3856,-3867,3857,-3865,3857,-3869,3858,-3864,3858,-3862,3856,-3864,3855,-3863,3855,-0.46,SJNFAAZE1U0005576,117.67,13.04,9018.7412109375,78,75,0,0,0,0,15.5,99.17,-154507,79,1528021074.255,20160,2,1,0,5,0,0,0,0,4,370.99,370.99,1F,1,1,1,0080,81,40,40,0,0,19,25.00
03/06/2018 11:17:58,54 58.53373,-1 31.10137,301,0,396,782313,1144818,373.25,13.999,3895,3878,3888,17,0,92.4,33.6,87.2,30.7,none,none,80.4,26.9,-3888,3886,-3890,3884,-3893,3888,-3892,3886,-3893,3888,-3893,3889,-3895,3890,-3895,3888,-3894,3889,-3894,3888,-3895,3888,-3895,3889,-3895,3890,-3894,3888,-3894,3890,-3894,3891,-3894,3890,-3894,3891,-3892,3888,-3893,3888,-3893,3889,-3894,3889,-3890,3887,-3890,3884,-3885,3879,-3887,3882,-3889,3882,-3889,3881,-3891,3882,-3892,3881,-3891,3880,-3893,3881,-3893,3883,-3892,3881,-3894,3882,-3891,3883,-3891,3880,-3894,3879,-3892,3880,-3895,3878,-3894,3880,-3890,3879,-3889,3879,-3891,3881,-3889,3882,-3887,3878,-3888,3882,-3888,3879,-0.48,SJNFAAZE1U0005576,117.67,13.04,9018.7412109375,78,75,0,0,0,0,15.0,99.17,-154507,79,1528021078.038,6920,2,1,0,5,0,0,0,0,4,372.94,372.94,1F,1,1,1,0080,81,40,40,0,0,19,-7.75
03/06/2018 11:18:01,54 58.53373,-1 31.10137,301,0,396,782476,1144818,376.03,-50.086,3925,3906,3917,19,0,92.4,33.6,87.4,30.8,none,none,80.4,26.9,3916,-3923,3913,-3920,3917,3921,3919,-3919,3917,-3921,3918,-3922,3917,-3925,3916,-3924,3918,-3924,3917,-3923,3918,-3923,3918,3924,3917,-3925,3917,-3924,3918,-3923,3919,-3924,3919,3922,3919,-3923,3919,-3922,3917,-3921,3918,-3921,3920,-3923,3917,-3920,3915,-3917,3912,-3919,3913,3921,3913,-3920,3915,-3917,3912,-3920,3914,-3920,3910,3921,3912,-3921,-3913,3924,-3912,-3921,-3913,3922,-3912,3921,-3906,3923,-3910,3923,3908,-3923,3911,3923,3909,-3923,3908,-3920,3910,-3920,3912,-3918,3914,-3921,3911,3918,3911,-3921,3910,-3916,-0.46,SJNFAAZE1U0005576,117.67,13.04,9018.7412109375,78,75,0,0,0,0,15.5,99.17,-154514,79,1528021081.698,0,2,1,0,5,0,0,0,0,4,375.81,375.81,1F,1,1,1,0080,81,40,40,0,0,19,-50.75
03/06/2018 11:18:05,54 58.53373,-1 31.10137,301,0,396,782394,1144818,371.04,100.166,3877,3853,3865,24,0,92.6,33.7,87.2,30.7,none,none,80.4,26.9,3859,-3870,3862,-3868,3863,3868,3868,-3868,3865,3872,3866,-3872,3866,-3876,3866,-3875,3866,-3874,3868,-3874,3868,-3874,3867,-3874,3869,-3877,3867,3876,3867,-3874,3869,-3875,3868,-3873,3868,-3873,3868,3872,3866,-3871,3866,-3869,3866,-3874,3864,-3869,3862,-3864,3855,-3862,3853,-3866,3857,-3860,3858,3863,3862,-3866,3858,-3864,3855,-3866,3858,-3870,3860,-3869,3859,3869,3860,-3870,3858,-3867,3866,-3870,3856,-3870,3857,3869,3857,-3868,3856,-3870,3854,-3867,3856,-3867,3859,-3869,3856,-3863,3854,-3863,3855,-3863,3854,3861,-0.43,SJNFAAZE1U0005576,117.67,13.04,9018.7412109375,78,75,0,0,0,0,15.0,99.17,-154514,79,1528021085.449,34040,2,1,0,5,0,0,0,0,4,370.97,370.97,1F,1,1,1,0080,81,40,40,0,0,19,54.75
03/06/2018 11:18:09,54 58.53373,-1 31.10137,301,0,396,781887,1144818,371.04,67.863,3876,3853,3865,23,0,92.6,33.7,87.4,30.8,none,none,80.4,26.9,3859,-3869,3860,3868,3863,3869,3868,-3869,3864,-3872,3866,-3872,3868,3875,3867,-3873,3867,-3874,3867,-3874,3868,-3875,3867,-3875,3868,-3876,3867,-3876,3867,-3875,3868,3874,3868,-3872,3867,-3874,3866,-3872,3865,-3872,3866,3870,3867,-3873,3862,-3868,3861,-3864,3854,-3862,3854,-3864,3855,3861,3857,-3862,3860,-3866,3859,-3864,3854,-3865,3858,-3869,3860,-3871,3857,-3868,3860,-3868,3857,3868,3865,-3868,3855,-3869,3855,-3870,3858,-3868,3857,3869,3853,-3866,3855,-3865,3858,-3867,3855,-3863,3853,-3862,3854,-3864,3853,-3860,-0.48,SJNFAAZE1U0005576,117.67,13.04,9018.7412109375,78,75,0,0,0,0,15.0,99.17,-154514,79,1528021089.068,16760,2,1,0,5,0,0,0,0,4,371.81,371.81,1F,1,1,1,0080,82,40,40,0,0,19,60.50
03/06/2018 11:18:12,54 58.53373,-1 31.10137,301,0,395,781341,1144818,369.12,124.648,3858,3831,3845,27,0,92.6,33.7,87.4,30.8,none,none,80.4,26.9,3838,-3850,3840,-3849,3842,3849,3847,3849,3845,-3853,3845,-3854,3848,-3856,3846,-3856,3846,3855,3848,-3856,3848,-3856,3847,-3856,3847,-3858,3847,-3857,3846,-3855,3849,-3855,3846,-3852,3848,3854,3847,-3853,3846,-3852,3845,-3850,3846,-3853,3842,-3848,3838,3845,3832,-3841,3831,-3843,3834,-3839,3837,-3841,3841,3846,3836,-3842,3833,-3848,3837,-3849,3839,-3850,3837,-3852,3840,-3851,3837,-3849,3848,-3850,3834,3850,3836,-3851,3836,-3852,3837,-3850,3831,-3847,3835,3849,3838,-3852,3833,-3844,3832,-3844,3832,-3843,3831,-3840,-0.45,SJNFAAZE1U0005576,117.67,13.04,9018.7412109375,78,75,0,0,0,0,15.0,99.17,-154514,79,1528021092.620,28360,2,1,0,5,0,0,0,0,4,369.78,369.78,1F,1,1,1,0080,82,40,40,0,0,19,95.25
03/06/2018 11:18:16,54 58.53373,-1 31.10137,301,0,395,780118,1144818,368.06,139.602,3847,3819,3834,28,0,92.6,33.7,87.4,30.8,none,none,80.4,26.9,3827,-3840,3829,-3838,3832,3839,3837,-3840,3835,-3844,3834,3844,3836,-3845,3835,-3846,3836,-3845,3836,-3845,3837,-3846,3837,-3846,3837,-3847,3835,-3846,3835,-3845,3838,-3846,3837,3844,3837,-3843,3837,-3843,3834,-3843,3835,-3840,3835,-3843,3832,-3839,3829,-3834,3822,-3830,3819,3832,3822,-3829,3825,-3831,3831,-3836,3828,-3833,3821,3837,3826,-3839,3828,-3840,3827,-3840,3830,-3840,3827,-3839,3835,-3839,3822,-3839,3824,-3843,3826,3840,3825,-3841,3821,-3838,3824,-3837,3828,-3840,3822,3833,3822,-3833,3821,-3834,3821,-3830,-0.46,SJNFAAZE1U0005576,117.67,13.04,9018.7412109375,78,75,0,0,0,0,15.0,99.17,-154514,79,1528021096.073,42280,2,1,0,5,0,0,0,0,4,368.07,368.07,1F,1,1,1,0080,82,40,40,0,0,19,76.50
03/06/2018 11:18:19,54 58.53373,-1 31.10137,301,0,394,779033,1144818,368.45,119.692,3850,3826,3838,24,0,92.6,33.7,87.4,30.8,none,none,80.4,26.9,-3836,3836,-3841,3835,-3842,3837,-3844,3838,-3843,3841,-3844,3842,-3847,3840,-3847,3841,-3846,3842,-3847,3842,-3847,3841,-3847,3843,-3848,3843,-3848,3841,-3846,3843,-3846,3843,-3845,3842,-3845,3843,-3845,3842,-3846,3841,-3844,3838,-3844,3843,-3840,3836,-3839,3834,-3833,3826,-3833,3830,-3835,3828,-3836,3831,-3840,3832,-3839,3829,-3836,3831,-3842,3832,-3844,3833,-3841,3836,-3843,3835,-3839,3835,-3850,3829,-3841,3831,-3842,3830,-3844,3830,-3842,3830,-3839,3831,-3837,3831,-3840,3836,-3835,3830,-3834,3830,-3835,3828,-3833,3828,-0.47,SJNFAAZE1U0005576,117.67,13.04,9018.7412109375,78,75,0,0,0,0,15.0,99.17,-154514,79,1528021099.388,37320,2,1,0,5,0,0,0,0,4,368.18,368.18,1F,1,1,1,0080,82,40,40,0,0,19,46.25
03/06/2018 11:18:22,54 58.53373,-1 31.10137,301,0,394,778483,1144818,371.52,30.601,3878,3861,3870,17,0,92.6,33.7,87.6,30.9,none,none,80.6,27.0,-3870,3869,-3872,3866,-3873,3869,-3874,3870,-3875,3871,-3875,3872,-3876,3872,-3877,3871,-3877,3873,-3876,3873,-3877,3872,-3878,3874,-3878,3873,-3877,3871,-3876,3874,-3877,3874,-3876,3873,-3876,3875,-3875,3871,-3875,3871,-3875,3870,-3876,3873,-3872,3868,-3871,3866,-3867,3862,-3868,3864,-3870,3863,-3870,3863,-3872,3865,-3872,3863,-3870,3862,-3873,3864,-3876,3866,-3873,3867,-3876,3867,-3873,3866,-3876,3861,-3874,3863,-3876,3864,-3876,3863,-3875,3864,-3871,3864,-3870,3863,-3873,3864,-3870,3864,-3869,3862,-3869,3863,-3867,3862,-0.48,SJNFAAZE1U0005576,117.67,13.04,9018.7412109375,78,75,0,0,0,0,15.0,99.17,-154514,79,1528021102.832,10400,2,1,0,5,0,0,0,0,4,371.50,371.50,1F,1,1,1,0080,82,40,40,0,0,19,13.25
03/06/2018 11:18:26,54 58.53373,-1 31.10137,301,0,394,778229,1144818,372.00,25.626,3884,3866,3875,18,0,92.6,33.7,87.6,30.9,none,none,80.6,27.0,-3875,3875,-3879,3871,-3880,3875,-3881,3874,-3881,3876,-3881,3877,-3883,3877,-3883,3877,-3883,3877,-3884,3877,-3884,3876,-3883,3878,-3884,3877,-3884,3877,-3884,3879,-3882,3879,-3882,3877,-3881,3879,-3882,3877,-3881,3876,-3880,3875,-3881,3877,-3878,3873,-3876,3873,-3872,3867,-3875,3869,-3876,3867,-3875,3868,-3879,3869,-3879,3868,-3876,3867,-3880,3869,-3882,3870,-3879,3869,-3879,3869,-3878,3871,-3881,3866,-3880,3866,-3881,3866,-3881,3866,-3880,3867,-3878,3868,-3876,3867,-3878,3870,-3875,3868,-3873,3866,-3875,3867,-3875,3867,-0.46,SJNFAAZE1U0005576,117.68,13.04,9018.7412109375,78,75,0,0,0,0,15.0,99.17,-154514,79,1528021106.521,8800,2,1,0,5,0,0,0,0,4,372.01,372.01,1F,1,1,1,0080,82,40,40,0,0,19,10.25
03/06/2018 11:18:30,54 58.53373,-1 31.10137,301,0,394,778026,1144818,372.77,17.966,3892,3873,3883,19,0,92.6,33.7,87.6,30.9,none,none,80.6,27.0,-3884,3881,-3885,3879,-3888,3881,-3889,3882,-3889,3883,-3889,3884,-3890,3884,-3891,3884,-3890,3884,-3891,3883,-3891,3884,-3891,3884,-3892,3884,-3892,3883,-3891,3885,-3890,3885,-3890,3885,-3889,3886,-3889,3883,-3889,3884,-3889,3882,-3890,3886,-3887,3881,-3886,3879,-3880,3874,-3883,3876,-3883,3876,-3883,3875,-3887,3877,-3888,3876,-3883,3876,-3888,3875,-3890,3879,-3888,3877,-3888,3878,-3887,3877,-3889,3873,-3890,3873,-3888,3874,-3890,3875,-3889,3875,-3887,3875,-3884,3875,-3886,3877,-3883,3877,-3882,3874,-3884,3875,-3884,3873,-0.46,SJNFAAZE1U0005576,117.68,13.04,9018.7412109375,78,75,0,0,0,0,15.0,99.17,-154514,79,1528021110.415,5840,2,0,0,0,0,0,0,0,4,372.60,372.60,1F,1,1,1,0080,82,40,40,0,0,19,5.25
03/06/2018 11:18:34,54 58.53373,-1 31.10137,301,0,394,777874,1144818,372.96,17.905,3897,3874,3885,23,0,92.8,33.8,87.6,30.9,none,none,80.8,27.1,-3882,3892,-3881,3889,-3884,3890,-3887,3889,-3885,3891,-3885,3892,-3886,3893,-3885,3893,-3885,3893,-3885,3893,-3887,3893,-3886,3893,-3887,3897,-3885,3894,3886,-3893,3888,3893,3887,-3892,3887,-3893,3887,-3892,3885,-3892,3886,-3891,3888,3893,3884,-3889,3882,-3886,3878,-3885,3877,-3887,3879,3884,3881,-3884,-3881,3887,-3881,-3887,-3876,3889,-3878,3890,-3881,3892,-3878,3890,-3881,3891,-3879,3891,-3880,3890,-3876,3891,-3875,3891,-3878,3892,-3877,3890,-3874,3888,-3876,3887,-3878,3888,-3878,3887,-3877,3886,-3877,3887,-3875,3883,-0.46,SJNFAAZE1U0005576,117.68,13.04,9018.7412109375,78,75,0,0,0,0,15.0,99.17,-154514,79,1528021114.312,5200,2,0,0,0,0,0,0,0,4,372.92,372.92,1F,1,1,1,0080,83,40,40,0,0,19,11.75
03/06/2018 11:18:38,54 58.53373,-1 31.10137,301,0,393,777651,1144818,372.48,30.326,3892,3868,3880,24,0,92.8,33.8,87.8,31.0,none,none,80.8,27.1,3876,3886,3876,-3884,3880,3884,3882,-3884,3879,-3887,3880,-3887,3881,-3890,3880,-3888,3881,-3888,3882,3889,3882,-3889,3882,-3888,3883,-3892,3881,-3889,3882,3888,3883,-3889,3882,-3888,3882,-3888,3882,-3887,3881,-3886,3880,-3884,3882,-3887,3878,-3883,3877,3880,3871,-3879,3871,-3882,3872,-3879,3873,-3879,3875,-3882,3875,-3881,3871,-3884,3872,-3885,3875,-3887,3874,-3886,3875,3885,3872,-3885,3876,-3886,3871,-3887,3871,-3886,3872,-3886,3872,-3886,3868,-3883,3871,-3883,3874,3884,3872,-3881,3869,-3880,3871,-3880,3869,-3877,-0.50,SJNFAAZE1U0005576,117.68,13.04,9018.7412109375,78,75,0,0,0,0,15.0,99.17,-154514,79,1528021118.308,8520,2,0,0,0,0,0,0,0,4,372.60,372.60,1F,1,1,1,0080,83,40,40,0,0,19,17.00
03/06/2018 11:18:42,54 58.53373,-1 31.10137,301,0,393,777253,1144818,371.62,55.503,3882,3859,3871,23,0,92.8,33.8,87.6,30.9,none,none,80.8,27.1,3867,-3877,3867,-3874,3870,3874,3873,-3874,3871,-3878,3872,-3878,3872,-3881,3872,-3880,3872,-3880,3873,-3880,3874,-3880,3873,3879,3873,-3882,3872,-3882,3873,-3880,3874,-3879,3875,3878,3873,-3879,3874,-3878,3871,-3878,3872,-3876,3873,-3877,3870,-3875,3868,-3871,3861,-3869,3861,3871,3862,-3870,3864,-3869,3867,-3873,3865,-3870,3860,3874,3864,-3876,3866,-3878,3864,-3877,3866,-3877,3864,-3875,3868,3876,3861,-3877,3862,-3878,3863,-3877,3863,-3877,3859,-3875,3862,-3874,3865,-3875,3863,-3872,3861,3871,3861,-3872,3860,-3868,-0.48,SJNFAAZE1U0005576,117.68,13.04,9018.7412109375,78,75,0,0,0,0,15.0,99.17,-154514,79,1528021122.133,15000,2,0,0,0,0,0,0,0,4,371.71,371.71,1F,1,1,1,0080,83,40,40,0,0,19,25.75
03/06/2018 11:18:45,54 58.53373,-1 31.10137,301,0,393,776766,1144818,371.52,53.855,3881,3859,3870,22,0,93.0,33.9,87.8,31.0,none,none,80.8,27.1,3865,-3875,3865,-3873,3868,3873,3873,-3873,3869,3876,3870,-3878,3871,-3879,3871,-3879,3871,-3878,3872,-3879,3872,-3879,3872,-3879,3872,-3881,3871,3880,3871,-3879,3872,-3878,3873,-3878,3872,-3877,3870,3878,3871,-3877,3870,-3875,3872,-3878,3868,-3873,3867,-3870,3861,-3868,3860,-3870,3862,-3868,3863,3869,3867,-3871,3864,-3870,3859,-3873,3863,-3874,3865,-3876,3863,3875,3865,-3875,3863,-3874,3866,-3875,3860,-3876,3860,3877,3862,-3876,3861,-3876,3859,-3873,3860,-3873,3864,-3873,3861,-3871,3860,-3870,3860,-3870,3859,3866,-0.48,SJNFAAZE1U0005576,117.68,13.04,9018.7412109375,78,75,0,0,0,0,15.0,99.17,-154514,79,1528021125.887,16200,2,1,0,4,0,0,0,0,4,371.49,371.49,1F,1,1,1,0080,83,40,40,0,0,19,25.75
03/06/2018 11:18:49,54 58.53373,-1 31.10137,301,0,393,776695,1144818,373.92,-45.233,3905,3884,3895,21,0,93.0,33.9,87.8,31.0,none,none,80.8,27.1,3893,-3902,3892,3899,3894,3899,3897,-3898,3895,-3901,3894,-3901,3896,3904,3895,-3904,3896,-3902,3896,-3904,3897,-3904,3896,-3903,3896,-3905,3895,-3905,3896,-3901,3898,3903,3898,-3901,3897,-3902,3896,-3902,3895,-3901,3896,3899,3898,-3902,3894,-3899,3894,-3895,3888,-3895,3888,-3897,3888,-3895,3890,-3894,3891,-3897,3890,3897,3886,-3899,3889,-3900,3890,-3902,3889,-3900,3890,-3900,3889,3900,3889,-3901,3886,-3901,3886,-3901,3887,-3902,3887,3900,3884,-3899,3885,-3897,3888,-3898,3887,-3897,3886,-3894,3886,-3897,3885,-3892,-0.51,SJNFAAZE1U0005576,117.68,13.04,9018.7412109375,78,75,0,0,0,0,15.0,99.17,-154514,79,1528021129.869,0,2,1,0,4,0,0,0,0,4,375.34,375.34,1F,1,1,1,0080,83,40,40,0,0,19,24.75
03/06/2018 11:18:53,54 58.53373,-1 31.10137,301,0,393,776324,1144818,372.00,49.308,3883,3864,3875,19,0,92.8,33.8,87.8,31.0,none,none,80.8,27.1,-3874,3873,-3877,3871,-3879,3875,-3879,3874,-3881,3876,-3880,3878,-3882,3878,-3882,3878,-3882,3878,-3881,3878,-3883,3877,-3882,3879,-3882,3878,-3883,3877,-3883,3879,-3880,3880,-3881,3879,-3881,3880,-3881,3877,-3879,3876,-3880,3875,-3881,3878,-3877,3874,-3876,3872,-3871,3866,-3872,3868,-3873,3867,-3874,3867,-3876,3869,-3876,3868,-3874,3868,-3878,3868,-3879,3871,-3878,3869,-3878,3871,-3877,3871,-3880,3867,-3879,3868,-3877,3868,-3880,3867,-3879,3868,-3876,3868,-3874,3867,-3877,3870,-3874,3869,-3871,3864,-3874,3866,-3872,3865,-0.49,SJNFAAZE1U0005576,117.68,13.04,9018.7412109375,78,75,0,0,0,0,15.0,99.17,-154514,80,1528021133.735,15920,2,1,0,5,0,0,0,0,4,372.04,372.04,1F,1,1,1,0080,83,40,40,0,0,19,26.50
03/06/2018 11:18:57,54 58.53373,-1 31.10137,301,0,393,775895,1144818,371.71,49.766,3881,3862,3872,19,0,93.0,33.9,87.8,31.0,none,none,80.8,27.1,-3871,3870,-3874,3868,-3875,3872,-3876,3871,-3876,3873,-3876,3874,-3879,3874,-3879,3874,-3879,3874,-3879,3875,-3880,3875,-3879,3876,-3880,3875,-3881,3875,-3878,3877,-3879,3876,-3878,3875,-3879,3877,-3878,3873,-3877,3873,-3877,3872,-3878,3875,-3874,3871,-3873,3868,-3867,3862,-3869,3864,-3870,3865,-3871,3864,-3874,3866,-3873,3865,-3870,3863,-3875,3866,-3876,3868,-3874,3866,-3876,3867,-3874,3867,-3876,3863,-3875,3864,-3875,3865,-3877,3866,-3876,3865,-3873,3865,-3871,3864,-3873,3865,-3871,3865,-3868,3863,-3870,3864,-3869,3862,-0.47,SJNFAAZE1U0005576,117.68,13.04,9018.7412109375,78,75,0,0,0,0,15.0,99.17,-154514,80,1528021137.506,14800,2,1,0,5,0,0,0,0,4,371.87,371.87,1F,1,1,1,0080,83,40,40,0,0,19,30.75
03/06/2018 11:19:01,54 58.53373,-1 31.10137,301,0,392,775348,1144818,371.04,64.078,3875,3855,3865,20,0,92.8,33.8,87.8,31.0,none,none,80.8,27.1,-3864,3863,-3868,3861,-3870,3864,-3870,3865,-3869,3866,-3871,3867,-3873,3868,-3874,3867,-3873,3867,-3872,3866,-3873,3868,-3873,3870,-3875,3868,-3874,3867,-3873,3870,-3873,3869,-3872,3867,-3871,3869,-3872,3866,-3871,3866,-3871,3865,-3870,3868,-3867,3863,-3865,3861,-3861,3856,-3863,3858,-3864,3856,-3865,3857,-3868,3858,-3866,3856,-3865,3856,-3869,3858,-3871,3860,-3868,3861,-3870,3859,-3867,3860,-3874,3856,-3871,3856,-3871,3856,-3871,3856,-3870,3856,-3867,3856,-3865,3857,-3869,3859,-3864,3857,-3863,3855,-3864,3855,-3863,3855,-0.46,SJNFAAZE1U0005576,117.68,13.04,9018.7412109375,78,75,0,0,0,0,15.0,99.17,-154514,80,1528021141.125,19040,2,1,0,5,0,0,0,0,4,371.10,371.10,1F,1,1,1,0080,83,40,40,0,0,19,37.00
03/06/2018 11:19:04,54 58.53373,-1 31.10137,301,0,392,774759,1144818,370.56,71.464,3870,3850,3860,20,0,93.0,33.9,87.6,30.9,none,none,81.0,27.2,-3859,3858,-3862,3856,-3864,3859,-3865,3859,-3864,3862,-3865,3862,-3867,3863,-3867,3862,-3868,3863,-3868,3862,-3868,3863,-3869,3865,-3870,3864,-3869,3862,-3867,3864,-3867,3865,-3867,3863,-3866,3865,-3866,3862,-3865,3861,-3865,3860,-3866,3863,-3862,3858,-3861,3856,-3854,3850,-3857,3852,-3858,3852,-3859,3852,-3863,3854,-3860,3852,-3859,3854,-3864,3854,-3865,3855,-3862,3856,-3866,3856,-3862,3855,-3869,3852,-3863,3852,-3864,3853,-3865,3854,-3864,3853,-3860,3852,-3860,3854,-3864,3857,-3858,3853,-3855,3851,-3857,3850,-3856,3851,-0.50,SJNFAAZE1U0005576,117.68,13.04,9020.3505859375,78,75,0,0,0,0,15.0,99.17,-154514,80,1528021144.605,21480,2,1,0,5,0,0,0,0,4,370.57,370.57,1F,1,1,1,0080,83,40,40,0,0,19,37.75
03/06/2018 11:19:08,54 58.53373,-1 31.10137,301,0,392,774141,1144818,370.27,72.532,3868,3845,3857,23,0,93.0,33.9,87.8,31.0,none,none,80.8,27.1,3852,-3861,3852,-3859,3855,3862,3859,-3861,3857,-3864,3857,-3866,3858,-3867,3858,-3867,3859,-3868,3860,-3866,3861,-3866,3860,3867,-3860,-3868,3858,-3867,-3859,3865,-3860,3866,-3860,3865,-3860,3865,-3859,3864,-3857,3864,-3858,3863,-3859,3864,-3855,3860,-3853,3856,-3848,3854,-3847,3858,-3848,3856,-3850,3854,-3851,3859,-3850,3857,-3847,3861,-3849,3861,-3851,3864,-3849,3861,-3852,3864,-3850,3861,-3853,3861,-3846,3862,3847,-3866,3849,3863,3849,-3863,3845,-3860,3848,-3861,3851,-3860,3847,-3859,3847,3856,3847,-3857,3845,-3854,-0.50,SJNFAAZE1U0005576,117.68,13.04,9020.3505859375,78,75,0,0,0,0,15.0,99.17,-154514,80,1528021148.314,21440,2,1,0,5,0,0,0,0,4,370.34,370.34,1F,1,1,1,0080,83,40,40,0,0,19,41.50
03/06/2018 11:19:11,54 58.53373,-1 31.10137,301,0,391,773449,1144818,369.60,80.008,3862,3839,3850,23,0,93.0,33.9,87.8,31.0,none,none,81.0,27.2,3844,-3854,3846,-3853,3849,3855,3852,-3854,3850,3857,3852,-3858,3853,-3859,3852,-3860,3852,-3861,3853,-3859,3854,-3859,3855,-3860,3854,-3862,3852,-3861,3852,-3861,3854,-3859,3854,-3859,3854,-3859,3852,-3858,3851,3858,3851,-3856,3852,-3858,3849,-3854,3847,-3850,3840,3846,3839,-3850,3841,-3848,3844,-3847,3845,-3852,3845,-3850,3839,-3852,3843,-3855,3846,-3857,3844,3853,3845,-3856,3845,-3854,3846,-3853,3841,-3855,3840,3856,3843,-3855,3843,-3855,3839,-3853,3840,-3852,3845,-3851,3841,-3850,3840,-3848,3839,-3849,3839,3847,-0.49,SJNFAAZE1U0005576,117.68,13.04,9020.3505859375,78,75,0,0,0,0,15.0,99.17,-154514,80,1528021151.988,23360,2,1,0,5,0,0,0,0,4,369.77,369.77,1F,1,1,1,0080,83,40,40,0,0,19,45.75
03/06/2018 11:19:15,54 58.53373,-1 31.10137,301,0,391,772721,1144818,369.89,70.701,3865,3843,3853,22,0,93.0,33.9,87.8,31.0,none,none,81.0,27.2,3847,-3857,3849,3856,3852,3857,3856,-3856,3854,-3860,3855,-3862,3854,-3863,3855,3862,3855,-3863,3856,-3862,3856,-3863,3856,-3863,3857,3865,3855,-3864,3856,-3862,3859,-3863,3857,-3861,3858,-3862,3855,-3861,3854,-3860,3854,-3858,3856,3861,3852,-3857,3850,-3853,3843,-3850,3843,-3853,3845,3850,3846,-3851,3849,-3855,3848,-3852,3844,-3856,3847,-3857,3849,-3859,3847,-3857,3849,-3857,3847,3857,3851,-3857,3844,-3858,3844,-3858,3846,-3856,3846,3858,3843,-3855,3844,-3855,3847,-3856,3844,-3854,3843,-3850,3843,-3853,3843,-3850,-0.49,SJNFAAZE1U0005576,117.68,13.04,9020.3505859375,78,75,0,0,0,0,15.0,99.17,-154514,80,1528021155.640,23080,2,1,0,5,0,0,0,0,4,369.90,369.90,1F,1,1,1,0080,83,40,40,0,0,19,34.00
03/06/2018 11:19:19,54 58.53373,-1 31.10137,301,0,391,772240,1144818,370.94,43.265,3874,3852,3864,22,0,93.0,33.9,87.8,31.0,none,none,81.0,27.2,3858,3869,3859,-3867,3861,3866,3865,-3867,3862,-3869,3863,-3871,3865,-3872,3865,-3873,3866,-3871,3865,3871,3865,-3871,3866,-3873,3866,-3874,3864,-3873,3866,3872,3867,-3872,3866,-3870,3865,-3871,3866,-3870,3865,-3870,3864,-3868,3866,-3871,3862,-3867,3861,3863,3854,-3862,3855,-3864,3855,-3862,3857,-3861,3859,3865,3858,-3864,3855,-3868,3857,-3868,3859,-3870,3856,-3870,3859,-3869,3856,-3867,3860,-3869,3854,3869,3853,-3871,3855,-3869,3854,-3869,3852,-3868,3854,3867,3857,-3867,3855,-3865,3853,-3864,3853,-3864,3853,-3860,-0.52,SJNFAAZE1U0005576,117.68,13.04,9020.3505859375,78,75,0,0,0,0,15.0,99.17,-154514,80,1528021159.198,14960,2,1,0,5,0,0,0,0,4,370.78,370.78,1F,1,1,1,0080,83,40,40,0,0,19,17.75
03/06/2018 11:19:23,54 58.53373,-1 31.10137,301,0,391,771958,1144818,371.81,23.398,3884,3861,3873,23,0,92.8,33.8,87.8,31.0,none,none,81.0,27.2,3869,-3878,3868,-3876,3871,3877,3874,-3876,3872,-3880,3872,-3880,3873,-3882,3874,-3881,3873,-3881,3873,-3881,3874,-3881,3873,3881,3875,-3884,3872,-3882,3874,-3880,3874,-3882,3875,3879,3874,-3879,3874,-3879,3872,-3879,3873,-3877,3875,-3880,3870,-3876,3869,-3872,3865,-3872,3864,3874,3866,-3871,3867,-3872,3869,-3875,3867,-3874,3863,3876,3865,-3878,3867,-3880,3865,-3878,3868,-3878,3866,-3876,3866,-3878,3863,-3879,3864,-3879,3866,3877,3864,-3878,3861,-3876,3863,-3876,3867,-3877,3865,3875,3863,-3873,3863,-3873,3863,-3870,-0.51,SJNFAAZE1U0005576,117.68,13.04,9020.3505859375,78,75,0,0,0,0,15.0,99.17,-154514,80,1528021163.058,8320,2,1,0,5,0,0,0,0,4,371.81,371.81,1F,1,1,1,0080,83,40,40,0,0,19,12.25
03/06/2018 11:19:26,54 58.53373,-1 31.10137,301,0,390,771690,1144818,369.89,69.022,3863,3841,3853,22,0,93.0,33.9,88.0,31.1,none,none,81.0,27.2,-3852,3851,-3856,3849,-3858,3855,-3857,3853,-3859,3856,-3859,3857,-3862,3856,-3861,3855,-3862,3857,-3861,3855,-3862,3855,-3863,3857,-3863,3856,-3862,3855,-3862,3858,-3860,3858,-3861,3857,-3860,3858,-3858,3856,-3858,3854,-3858,3854,-3859,3856,-3855,3852,-3854,3850,-3847,3841,-3849,3845,-3850,3844,-3851,3844,-3854,3846,-3856,3845,-3851,3844,-3857,3845,-3859,3849,-3856,3847,-3858,3849,-3856,3848,-3858,3843,-3856,3844,-3856,3845,-3859,3844,-3858,3846,-3854,3845,-3853,3844,-3857,3846,-3852,3845,-3849,3843,-3851,3843,-3851,3843,-0.50,SJNFAAZE1U0005576,117.68,13.04,9020.3505859375,78,75,0,0,0,0,15.0,99.17,-154514,80,1528021166.695,14960,2,1,0,5,0,0,0,0,4,370.58,370.58,1F,1,1,1,0080,83,40,40,0,0,19,44.75
03/06/2018 11:19:30,54 58.53373,-1 31.10137,301,0,390,771080,1144818,370.94,44.425,3872,3855,3864,17,0,92.8,33.8,87.8,31.0,none,none,80.8,27.1,-3863,3863,-3866,3861,-3868,3865,-3867,3864,-3868,3866,-3869,3867,-3871,3867,-3871,3866,-3870,3868,-3871,3866,-3872,3867,-3872,3869,-3872,3868,-3872,3867,-3870,3868,-3870,3868,-3870,3867,-3870,3869,-3869,3867,-3869,3866,-3869,3866,-3870,3868,-3867,3862,-3865,3861,-3859,3855,-3861,3857,-3863,3858,-3862,3857,-3866,3859,-3867,3857,-3862,3857,-3867,3858,-3870,3861,-3868,3859,-3869,3861,-3867,3861,-3868,3857,-3867,3857,-3867,3858,-3868,3857,-3868,3858,-3865,3858,-3863,3859,-3867,3859,-3862,3859,-3861,3855,-3862,3856,-3861,3856,-0.52,SJNFAAZE1U0005576,117.68,13.04,9020.3505859375,78,75,0,0,0,0,15.0,99.17,-154514,80,1528021170.215,15960,2,0,0,0,0,0,0,0,4,370.82,370.82,1F,1,1,1,0080,83,40,40,0,0,19,17.50
03/06/2018 11:19:33,54 58.53373,-1 31.10137,301,0,390,770808,1144818,372.00,16.623,3884,3866,3875,18,0,93.0,33.9,88.0,31.1,none,none,81.0,27.2,-3877,3874,-3878,3872,-3880,3874,-3880,3875,-3880,3876,-3881,3876,-3882,3877,-3883,3876,-3882,3877,-3882,3877,-3884,3876,-3882,3878,-3884,3876,-3884,3876,-3883,3877,-3882,3878,-3882,3877,-3881,3879,-3881,3876,-3881,3876,-3881,3876,-3882,3877,-3878,3873,-3877,3871,-3872,3867,-3874,3868,-3875,3868,-3876,3867,-3878,3869,-3878,3867,-3876,3867,-3880,3869,-3881,3870,-3879,3870,-3881,3869,-3879,3870,-3881,3866,-3880,3867,-3879,3866,-3882,3867,-3880,3866,-3877,3868,-3876,3866,-3880,3869,-3876,3869,-3875,3866,-3876,3867,-3874,3866,-0.48,SJNFAAZE1U0005576,117.68,13.04,9020.3505859375,78,75,0,0,0,0,15.0,99.17,-154514,80,1528021173.869,6720,2,0,0,0,0,0,0,0,4,371.97,371.97,1F,1,1,1,0080,83,40,40,0,0,19,7.25
03/06/2018 11:19:37,54 58.53373,-1 31.10137,301,0,390,770626,1144818,372.00,25.138,3884,3865,3875,19,0,93.0,33.9,88.0,31.1,none,none,81.0,27.2,-3877,3874,-3877,3872,-3880,3876,-3879,3874,-3880,3876,-3881,3877,-3883,3878,-3882,3877,-3883,3877,-3882,3877,-3884,3877,-3883,3879,-3884,3877,-3884,3876,-3882,3879,-3882,3879,-3881,3877,-3881,3879,-3881,3876,-3880,3875,-3880,3876,-3881,3877,-3877,3874,-3878,3872,-3872,3866,-3874,3868,-3876,3867,-3876,3867,-3877,3870,-3878,3868,-3875,3865,-3879,3868,-3881,3870,-3878,3869,-3880,3871,-3879,3870,-3880,3865,-3880,3866,-3880,3867,-3883,3867,-3880,3867,-3877,3867,-3877,3867,-3878,3868,-3876,3869,-3874,3866,-3876,3867,-3874,3866,-0.46,SJNFAAZE1U0005576,117.68,13.04,9020.3505859375,78,75,0,0,0,0,15.0,99.17,-154514,80,1528021177.774,7320,2,0,0,0,0,0,0,0,4,371.99,371.99,1F,1,1,1,0080,83,40,40,0,0,19,13.00
03/06/2018 11:19:41,54 58.53373,-1 31.10137,301,0,390,770396,1144818,372.00,27.732,3887,3863,3875,24,0,93.0,33.9,87.8,31.0,none,none,81.0,27.2,-3870,3882,-3871,3879,-3873,3879,-3877,3879,-3875,3882,-3875,3883,-3876,3885,-3876,3884,-3877,3884,-3877,3884,-3876,3884,-3876,3885,-3878,3887,-3876,3885,3876,-3884,3877,3883,3878,-3882,3878,-3883,3875,-3882,3875,-3882,3876,-3880,3877,3882,-3874,3879,-3872,3876,-3866,3875,-3866,3876,-3868,3875,-3868,3875,-3871,3877,-3869,3875,-3866,3878,-3868,3880,-3871,3882,-3868,3881,-3869,3881,-3868,3878,-3871,3880,-3866,3881,-3866,3881,-3867,3881,-3866,3881,-3863,3878,-3865,3878,-3867,3879,-3867,3877,-3864,3876,-3865,3876,-3864,3872,-0.50,SJNFAAZE1U0005576,117.68,13.04,9020.3505859375,78,75,0,0,0,0,15.0,99.17,-154514,80,1528021181.367,8680,2,0,0,0,0,0,0,0,4,372.02,372.02,1F,1,1,1,0080,83,40,40,0,0,19,12.25
03/06/2018 11:19:45,54 58.53373,-1 31.10137,301,0,390,770100,1144818,371.90,31.791,3886,3862,3874,24,0,93.0,33.9,87.8,31.0,none,none,81.0,27.2,3870,3880,3870,-3877,3873,3878,3876,-3878,3872,-3881,3873,-3880,3874,-3883,3875,-3884,3875,-3884,3875,3883,3876,-3883,3875,-3883,3875,-3886,3874,-3884,3875,3883,3876,-3883,3877,-3882,3876,-3881,3875,-3880,3874,-3880,3874,-3879,3875,-3881,3873,-3877,3871,3875,3865,-3873,3865,-3875,3866,-3872,3868,-3873,3870,-3875,3869,3874,3864,-3877,3866,-3878,3869,-3881,3867,-3878,3871,3878,3868,-3878,3870,-3879,3864,-3879,3865,-3880,3867,-3879,3866,-3880,3862,-3877,3865,-3876,3868,3878,3866,-3876,3864,-3873,3865,-3874,3863,-3871,-0.46,SJNFAAZE1U0005576,117.68,13.04,9020.3505859375,78,75,0,0,0,0,15.0,99.17,-154514,80,1528021185.267,10240,2,1,0,4,0,0,0,0,4,371.86,371.86,1F,1,1,1,0080,83,40,40,0,0,19,16.50
03/06/2018 11:19:49,54 58.53373,-1 31.10137,301,0,389,769796,1144818,371.81,34.690,3883,3863,3873,20,0,93.0,33.9,88.0,31.1,none,none,80.8,27.1,3868,-3877,3868,-3875,3872,3876,3875,-3876,3872,-3879,3874,-3880,3875,-3881,3874,-3880,3874,-3880,3875,-3880,3875,-3880,3875,3881,3877,-3883,3874,-3882,3875,-3881,3876,-3881,3876,3879,3876,-3881,3874,-3879,3873,-3878,3874,-3878,3876,-3880,3871,-3876,3869,-3872,3864,-3872,3864,-3872,3866,-3871,3866,-3870,3869,-3873,3868,-3872,3865,-3875,3866,3876,3869,-3878,3867,-3876,3869,-3878,3866,-3876,3870,3877,3865,-3877,3864,-3878,3866,-3878,3865,-3877,3863,-3875,3864,-3874,3866,-3875,3864,-3874,3863,3870,3863,-3872,3863,-3869,-0.47,SJNFAAZE1U0005576,117.68,13.04,9020.3505859375,78,75,0,0,0,0,15.0,99.17,-154514,80,1528021189.301,10200,2,1,0,4,0,0,0,0,4,371.80,371.80,1F,1,1,1,0080,83,40,40,0,0,19,16.25
03/06/2018 11:19:53,54 58.53373,-1 31.10137,301,0,389,769436,1144818,371.52,40.427,3882,3858,3870,24,0,93.0,33.9,87.8,31.0,none,none,81.0,27.2,3865,-3877,3865,-3873,3868,3875,3872,-3875,3870,3877,3870,-3878,3871,-3880,3871,-3880,3872,-3879,3871,-3879,3871,-3880,3871,-3880,3873,-3882,3870,3881,3871,-3879,3875,-3880,3873,-3877,3872,-3879,3871,3877,3869,-3876,3870,-3876,3872,-3877,3868,-3874,3866,-3870,3861,-3870,3860,-3871,3863,-3867,3863,3869,3865,-3871,3864,-3870,3861,-3873,3862,-3876,3866,-3877,3862,3875,3863,-3874,3862,-3874,3865,-3877,3860,-3878,3861,3876,3861,-3876,3861,-3877,3858,-3873,3860,-3873,3863,-3874,3862,-3871,3860,-3869,3859,-3871,3859,3867,-0.48,SJNFAAZE1U0005576,117.68,13.04,9020.3505859375,78,75,0,0,0,0,15.0,99.17,-154514,80,1528021193.385,11720,2,1,0,4,0,0,0,0,4,371.57,371.57,1F,1,1,1,0080,83,40,40,0,0,19,21.25
03/06/2018 11:19:57,54 58.53373,-1 31.10137,301,0,389,769023,1144818,371.62,38.260,3883,3859,3871,24,0,93.0,33.9,87.8,31.0,none,none,80.8,27.1,3867,-3877,3866,3874,3868,3874,3872,-3876,3870,-3878,3871,-3879,3872,3881,3871,-3881,3871,-3880,3872,-3880,3872,-3880,3873,-3880,3874,-3882,3872,-3883,3871,-3879,3874,3880,3874,-3879,3873,-3880,3872,-3879,3871,-3878,3871,3876,3872,-3879,3870,-3875,3868,-3871,3862,-3871,3863,-3873,3863,-3869,3865,-3870,3867,-3873,3864,3871,3862,-3874,3864,-3877,3865,-3877,3864,-3877,3866,-3876,3863,3875,3869,-3877,3861,-3879,3862,-3877,3863,-3877,3862,3877,3859,-3875,3862,-3874,3865,-3876,3863,-3872,3860,-3871,3862,-3871,3860,-3868,-0.47,SJNFAAZE1U0005576,117.68,13.04,9020.3505859375,78,75,0,0,0,0,15.0,99.17,-154514,80,1528021197.194,12360,2,1,0,4,0,0,0,0,4,371.53,371.53,1F,1,1,1,0080,83,40,40,0,0,19,16.75
03/06/2018 11:20:01,54 58.53373,-1 31.10137,301,0,389,768689,1144818,371.52,36.704,3880,3860,3870,20,0,93.0,33.9,87.8,31.0,none,none,81.0,27.2,-3869,3868,-3873,3866,-3876,3869,-3876,3869,-3875,3872,-3876,3871,-3878,3872,-3878,3872,-3879,3873,-3878,3872,-3879,3872,-3879,3874,-3879,3873,-3880,3872,-3878,3874,-3878,3874,-3877,3872,-3877,3874,-3877,3871,-3876,3871,-3877,3871,-3876,3873,-3873,3868,-3872,3868,-3867,3860,-3868,3863,-3869,3864,-3869,3861,-3872,3863,-3873,3861,-3870,3862,-3875,3862,-3876,3866,-3874,3864,-3875,3866,-3873,3865,-3875,3860,-3875,3861,-3875,3862,-3876,3862,-3876,3862,-3873,3862,-3871,3862,-3874,3863,-3870,3864,-3867,3860,-3870,3861,-3869,3860,-0.47,SJNFAAZE1U0005576,117.68,13.04,9020.3505859375,78,75,0,0,0,0,15.0,99.17,-154514,80,1528021201.011,10960,2,1,0,5,0,0,0,0,4,371.64,371.64,1F,1,1,1,0080,83,40,40,0,0,19,18.75
03/06/2018 11:20:04,54 58.53373,-1 31.10137,301,0,389,768362,1144818,371.81,31.516,3881,3864,3873,17,0,93.0,33.9,87.8,31.0,none,none,81.0,27.2,-3874,3872,-3876,3870,-3877,3872,-3878,3873,-3877,3874,-3878,3876,-3880,3875,-3881,3874,-3880,3876,-3880,3876,-3881,3876,-3880,3876,-3881,3877,-3881,3876,-3881,3877,-3880,3878,-3880,3876,-3879,3878,-3878,3875,-3878,3874,-3878,3874,-3879,3876,-3875,3872,-3875,3870,-3870,3865,-3871,3867,-3872,3865,-3872,3866,-3875,3867,-3876,3866,-3873,3866,-3877,3867,-3879,3869,-3877,3870,-3877,3867,-3875,3868,-3880,3864,-3876,3866,-3877,3865,-3877,3866,-3877,3866,-3874,3865,-3872,3866,-3875,3869,-3872,3865,-3870,3864,-3871,3865,-3870,3864,-0.39,SJNFAAZE1U0005576,117.68,13.04,9020.3505859375,78,75,0,0,0,0,15.0,99.17,-154514,80,1528021204.855,10120,2,1,0,5,0,0,0,0,4,371.78,371.78,1F,1,1,1,0080,83,40,40,0,0,19,13.25
03/06/2018 11:20:08,54 58.53373,-1 31.10137,301,0,389,768108,1144818,372.19,25.321,3885,3868,3877,17,0,92.8,33.8,87.8,31.0,none,none,81.0,27.2,-3877,3875,-3878,3873,-3881,3878,-3882,3876,-3881,3878,-3881,3879,-3884,3880,-3882,3878,-3883,3881,-3883,3878,-3884,3879,-3884,3881,-3885,3880,-3884,3880,-3883,3881,-3884,3881,-3883,3880,-3882,3882,-3882,3879,-3881,3877,-3881,3877,-3882,3879,-3879,3876,-3878,3874,-3873,3868,-3874,3870,-3875,3869,-3876,3871,-3878,3872,-3879,3870,-3876,3869,-3879,3871,-3881,3874,-3879,3871,-3880,3872,-3879,3872,-3879,3869,-3879,3869,-3880,3870,-3882,3869,-3881,3870,-3879,3870,-3877,3868,-3879,3872,-3876,3871,-3874,3868,-3876,3869,-3875,3869,-0.44,SJNFAAZE1U0005576,117.68,13.04,9021.9599609375,78,75,0,0,0,0,15.0,99.17,-154514,80,1528021208.616,8040,2,1,0,5,0,0,0,0,4,372.11,372.11,1F,1,1,1,0080,83,40,40,0,0,19,9.50
03/06/2018 11:20:12,54 58.53373,-1 31.10137,301,0,389,767897,1144818,372.19,22.880,3886,3868,3877,18,0,93.0,33.9,87.8,31.0,none,none,80.8,27.1,-3878,3876,-3880,3874,-3883,3877,-3881,3877,-3882,3879,-3882,3879,-3883,3880,-3884,3880,-3885,3880,-3883,3880,-3886,3880,-3883,3881,-3886,3881,-3886,3879,-3884,3881,-3884,3882,-3884,3880,-3883,3881,-3883,3879,-3882,3878,-3882,3878,-3884,3880,-3880,3876,-3878,3874,-3874,3868,-3874,3870,-3876,3870,-3877,3870,-3879,3872,-3880,3871,-3877,3870,-3881,3871,-3882,3875,-3880,3873,-3881,3873,-3880,3874,-3882,3868,-3881,3870,-3880,3870,-3883,3870,-3882,3870,-3878,3870,-3877,3870,-3881,3872,-3877,3871,-3875,3869,-3877,3869,-3874,3869,-0.45,SJNFAAZE1U0005576,117.68,13.04,9021.9599609375,78,75,0,0,0,0,15.0,99.17,-154514,81,1528021212.403,6960,2,1,0,5,0,0,0,0,4,372.30,372.30,1F,1,1,1,0080,83,40,40,0,0,19,9.50
03/06/2018 11:20:16,54 58.53373,-1 31.10137,301,0,388,767675,1144818,372.38,23.856,3890,3867,3879,23,0,93.0,33.9,87.8,31.0,none,none,80.8,27.1,3875,-3885,3874,-3883,3876,3883,3881,-3882,3878,-3884,3878,-3886,3880,-3889,3879,-3888,3878,-3887,3879,-3887,3881,-3887,3879,3887,3881,-3890,3879,-3889,3880,-3887,3882,-3887,3880,3886,3880,-3886,3880,-3886,3878,-3885,3879,-3883,3881,-3887,3876,-3882,3876,-3879,3870,-3878,3869,3880,-3871,3877,-3873,-3878,-3875,3881,-3873,3879,-3870,3881,-3872,3883,-3873,3886,-3871,3884,-3874,3883,-3872,3882,-3874,3885,-3868,3885,3869,-3884,3871,3885,3871,-3885,3867,-3882,3870,-3882,3871,-3883,3871,-3880,3869,3878,3868,-3879,3867,-3876,-0.47,SJNFAAZE1U0005576,117.68,13.04,9021.9599609375,78,75,0,0,0,0,15.0,99.17,-154514,81,1528021216.302,7240,2,1,0,5,0,0,0,0,4,372.33,372.33,1F,1,1,1,0080,82,40,40,0,0,19,10.50
03/06/2018 11:20:20,54 58.53373,-1 31.10137,301,0,388,767452,1144818,372.29,28.251,3889,3867,3878,22,0,92.8,33.8,88.0,31.1,none,none,80.8,27.1,3873,-3884,3874,-3882,3876,3882,3880,-3882,3878,3886,3879,-3885,3879,-3888,3879,-3887,3879,-3887,3878,-3887,3879,-3887,3880,-3888,3880,-3889,3879,3888,3879,-3887,3880,-3888,3880,-3886,3881,-3887,3879,3886,3878,-3885,3879,-3884,3880,-3886,3876,-3883,3875,-3878,3870,-3878,3869,-3880,3871,-3877,3872,3877,3874,-3881,3873,-3879,3869,-3881,3872,-3883,3873,-3886,3870,3883,3875,-3885,3873,-3882,3873,-3884,3868,-3884,3869,3883,3871,-3884,3870,-3885,3867,-3883,3869,-3880,3872,-3881,3871,-3880,3868,-3878,3869,-3879,3868,3876,-0.48,SJNFAAZE1U0005576,117.68,13.04,9021.9599609375,78,75,0,0,0,0,15.0,99.17,-154514,81,1528021220.138,7240,2,1,0,5,0,0,0,0,4,372.28,372.28,1F,1,1,1,0080,82,40,40,0,0,19,11.25
03/06/2018 11:20:23,54 58.53373,-1 31.10137,301,0,388,767214,1144818,372.29,25.077,3889,3867,3878,22,0,93.0,33.9,87.8,31.0,none,none,81.0,27.2,3874,-3884,3874,3882,3877,3882,3881,-3882,3879,-3887,3880,-3887,3878,3888,3879,-3887,3879,-3887,3880,-3887,3879,-3887,3879,-3888,3881,-3889,3879,-3889,3879,-3887,3880,3888,3881,-3885,3881,-3887,3880,-3885,3879,-3885,3878,3883,3881,-3887,3877,-3882,3876,-3879,3868,-3877,3869,-3879,3870,-3876,3871,-3877,3873,-3880,3873,3879,3869,-3880,3871,-3882,3874,-3885,3872,-3882,3873,-3884,3871,3883,3874,-3884,3869,-3884,3869,-3884,3870,-3883,3868,3884,3867,-3881,3869,-3881,3870,-3882,3869,-3880,3868,-3877,3868,-3879,3867,-3875,-0.48,SJNFAAZE1U0005576,117.68,13.04,9021.9599609375,78,75,0,0,0,0,15.0,99.17,-154514,81,1528021223.936,7760,2,1,0,5,0,0,0,0,4,372.41,372.41,1F,1,1,1,0080,82,40,40,0,0,19,11.75
03/06/2018 11:20:27,54 58.53373,-1 31.10137,301,0,388,766945,1144818,371.81,39.237,3885,3862,3873,23,0,93.0,33.9,87.8,31.0,none,none,80.8,27.1,3868,-3879,3869,-3877,3871,3877,3876,3877,3874,-3879,3874,-3881,3875,-3883,3874,-3882,3875,3882,3875,-3882,3875,-3882,3875,-3882,3876,-3885,3874,-3884,3875,-3880,3876,-3881,3877,-3881,3877,3882,3876,-3880,3873,-3879,3875,-3878,3876,-3881,3872,3876,3870,-3874,3864,-3872,3863,-3874,3865,-3871,3867,-3872,3869,3875,3867,-3874,3863,-3877,3865,-3878,3868,-3880,3867,-3878,3869,-3879,3866,-3878,3869,-3878,3864,3879,3863,-3880,3866,-3880,3865,-3879,3862,-3877,3864,3875,3866,-3877,3864,-3875,3863,-3873,3863,-3873,3862,-3871,-0.51,SJNFAAZE1U0005576,117.68,13.04,9021.9599609375,78,75,0,0,0,0,15.0,99.17,-154514,81,1528021227.742,10240,2,1,0,5,0,0,0,0,4,371.91,371.91,1F,1,1,1,0080,82,40,40,0,0,19,26.00
03/06/2018 11:20:31,54 58.53373,-1 31.10137,301,0,388,766470,1144818,371.04,52.146,3875,3856,3865,19,0,92.8,33.8,87.8,31.0,none,none,80.8,27.1,3865,-3863,3867,-3861,3870,3865,3870,-3864,3870,-3866,3871,3868,3873,-3867,3874,-3868,3873,-3869,3874,-3867,3874,3867,3874,-3869,3875,-3869,3874,-3866,3873,-3870,3873,-3870,3874,-3869,3872,-3870,3872,-3867,3871,3866,3871,-3866,3872,-3868,3869,-3864,3866,-3862,3862,3856,3863,-3858,-3864,3857,-3865,-3857,3868,-3860,3868,-3858,3865,3857,3869,-3858,3871,-3861,3869,-3860,3871,-3860,3868,-3861,3872,-3856,3869,-3856,3870,-3857,3873,3857,3870,-3857,3868,-3857,3866,-3858,3869,-3859,3864,3858,3862,-3856,3865,-3856,3864,-3856,-0.49,SJNFAAZE1U0005576,117.68,13.04,9021.9599609375,78,75,0,0,0,0,15.0,99.17,-154514,81,1528021231.664,15680,2,1,0,5,0,0,0,0,4,371.20,371.20,1F,1,1,1,0080,82,40,40,0,0,19,27.75
03/06/2018 11:20:35,54 58.53373,-1 31.10137,301,0,388,765982,1144818,370.75,54.374,3872,3852,3862,20,0,93.0,33.9,87.8,31.0,none,none,81.0,27.2,-3862,3860,-3864,3858,-3867,3862,-3867,3862,-3868,3863,-3868,3864,-3870,3865,-3871,3864,-3870,3866,-3871,3865,-3870,3865,-3871,3866,-3872,3865,-3872,3864,-3870,3867,-3869,3866,-3870,3866,-3870,3866,-3869,3863,-3868,3863,-3868,3862,-3869,3865,-3864,3861,-3864,3859,-3858,3852,-3861,3854,-3860,3854,-3861,3854,-3864,3855,-3865,3855,-3863,3854,-3868,3856,-3868,3857,-3867,3857,-3867,3857,-3866,3856,-3869,3854,-3868,3853,-3867,3854,-3869,3854,-3868,3853,-3865,3854,-3863,3855,-3866,3858,-3862,3856,-3859,3853,-3862,3853,-3861,3852,-0.48,SJNFAAZE1U0005576,117.68,13.04,9021.9599609375,78,75,0,0,0,0,15.0,99.17,-154514,81,1528021235.555,16080,2,0,0,0,0,0,0,0,4,370.85,370.85,1F,1,1,1,0080,82,40,40,0,0,19,26.25
03/06/2018 11:20:39,54 58.53373,-1 31.10137,301,0,387,765475,1144818,370.66,53.367,3871,3850,3861,21,0,93.0,33.9,87.8,31.0,none,none,81.0,27.2,-3861,3859,-3863,3858,-3866,3861,-3866,3860,-3866,3862,-3868,3863,-3869,3863,-3869,3862,-3870,3864,-3868,3863,-3870,3863,-3870,3865,-3870,3864,-3871,3863,-3869,3867,-3868,3865,-3869,3863,-3868,3866,-3867,3861,-3866,3862,-3867,3861,-3868,3863,-3864,3859,-3863,3858,-3858,3850,-3859,3853,-3858,3853,-3860,3852,-3863,3854,-3864,3852,-3861,3852,-3866,3853,-3867,3857,-3865,3855,-3866,3856,-3865,3856,-3867,3851,-3865,3852,-3865,3853,-3868,3853,-3867,3852,-3862,3854,-3863,3853,-3865,3853,-3861,3854,-3859,3852,-3860,3852,-3860,3852,-0.51,SJNFAAZE1U0005576,117.68,13.04,9021.9599609375,78,75,0,0,0,0,15.0,99.17,-154514,81,1528021239.363,15880,2,0,0,0,0,0,0,0,4,370.80,370.80,1F,1,1,1,0080,82,40,40,0,0,19,26.25
03/06/2018 11:20:43,54 58.53373,-1 31.10137,301,0,387,765017,1144818,370.66,48.911,3871,3850,3861,21,0,92.8,33.8,87.8,31.0,none,none,80.8,27.1,-3860,3858,-3864,3857,-3865,3859,-3865,3859,-3867,3861,-3866,3864,-3869,3863,-3869,3861,-3869,3863,-3868,3863,-3870,3863,-3870,3865,-3871,3863,-3870,3862,-3868,3864,-3868,3864,-3868,3863,-3868,3865,-3867,3863,-3866,3861,-3866,3861,-3868,3864,-3863,3859,-3862,3858,-3858,3850,-3858,3853,-3859,3853,-3861,3853,-3864,3854,-3863,3853,-3860,3852,-3865,3853,-3867,3857,-3865,3855,-3866,3856,-3864,3856,-3868,3851,-3866,3851,-3865,3853,-3867,3852,-3866,3854,-3864,3853,-3863,3852,-3864,3855,-3860,3853,-3858,3851,-3860,3852,-3859,3851,-0.49,SJNFAAZE1U0005576,117.68,13.04,9021.9599609375,78,75,0,0,0,0,15.0,99.17,-154514,81,1528021243.186,16320,2,0,0,0,0,0,0,0,4,370.72,370.72,1F,1,1,1,0080,82,40,40,0,0,19,23.50
03/06/2018 11:20:46,54 58.53373,-1 31.10137,301,0,387,764518,1144818,370.08,61.759,3865,3846,3855,19,0,92.8,33.8,87.8,31.0,none,none,80.8,27.1,-3854,3854,-3857,3852,-3858,3855,-3860,3855,-3859,3857,-3860,3858,-3863,3858,-3863,3858,-3863,3858,-3863,3858,-3863,3859,-3863,3860,-3865,3859,-3864,3858,-3863,3860,-3862,3859,-3863,3860,-3861,3861,-3862,3857,-3860,3856,-3860,3856,-3861,3858,-3857,3854,-3856,3852,-3851,3846,-3852,3848,-3852,3847,-3854,3848,-3856,3849,-3856,3847,-3852,3847,-3858,3849,-3859,3851,-3858,3851,-3859,3852,-3857,3851,-3861,3846,-3858,3848,-3859,3848,-3861,3848,-3859,3848,-3856,3848,-3855,3847,-3858,3850,-3854,3848,-3852,3847,-3854,3846,-3852,3847,-0.48,SJNFAAZE1U0005576,117.68,13.04,9021.9599609375,78,75,0,0,0,0,15.0,99.17,-154514,81,1528021246.915,17960,2,1,0,4,0,0,0,0,4,370.20,370.20,1F,1,1,1,0080,82,40,40,0,0,19,37.75
03/06/2018 11:20:50,54 58.53373,-1 31.10137,301,0,386,763905,1144818,370.08,34.934,3866,3844,3855,22,0,92.8,33.8,87.8,31.0,none,none,80.8,27.1,3850,-3860,3851,3858,3854,3859,3858,-3859,3855,-3862,3857,-3863,3857,3865,3856,-3865,3857,-3865,3858,-3865,3858,-3865,3858,-3864,3859,-3866,3857,-3866,3858,-3864,3859,3865,3858,-3863,3859,-3863,3857,-3861,3856,-3861,3856,3861,3857,-3863,3852,-3859,3852,-3854,3846,-3854,3845,-3856,3846,3854,3849,-3853,3851,-3857,3850,-3855,3844,-3858,3849,-3860,3851,-3862,3848,-3861,3852,-3860,3848,3859,3852,-3860,3846,-3860,3845,-3861,3848,-3862,3848,3861,3844,-3859,3847,-3858,3849,-3858,3847,-3856,3845,-3855,3845,-3855,3844,-3852,-0.49,SJNFAAZE1U0005576,117.68,13.04,9021.9599609375,78,75,0,0,0,0,15.0,99.17,-154514,81,1528021250.660,8720,2,1,0,4,0,0,0,0,4,370.78,370.78,1F,1,1,1,0080,82,40,40,0,0,19,17.50
03/06/2018 11:20:54,54 58.53373,-1 31.10137,301,0,386,763455,1144818,370.56,74.393,3869,3848,3860,21,0,92.8,33.8,87.8,31.0,none,none,80.8,27.1,3856,-3864,3856,-3863,3858,3863,3862,3863,3859,-3866,3859,-3867,3861,-3868,3861,-3868,3862,3868,3861,-3868,3863,-3869,3862,-3868,3863,-3869,3861,-3869,3861,-3868,3862,-3868,3863,-3866,3862,3868,3861,-3866,3860,-3865,3860,-3864,3862,-3866,3857,-3862,3856,3859,3851,-3857,3850,-3859,3852,-3858,3853,-3858,3856,3862,3855,-3859,3850,-3863,3854,-3863,3855,-3865,3853,-3863,3857,-3864,3854,-3863,3856,-3863,3851,3864,3852,-3865,3854,-3865,3853,-3865,3848,-3862,3852,3861,3854,-3863,3853,-3860,3851,-3858,3851,-3859,3850,-3857,-0.48,SJNFAAZE1U0005576,117.68,13.04,9021.9599609375,78,75,0,0,0,0,15.0,99.17,-154514,81,1528021254.582,20240,2,1,0,4,0,0,0,0,4,369.61,369.61,1F,1,1,1,0080,82,40,40,0,0,19,37.75
03/06/2018 11:20:58,54 58.53373,-1 31.10137,301,0,386,762924,1144818,369.79,75.522,3862,3841,3852,21,0,93.0,33.9,87.8,31.0,none,none,80.8,27.1,3847,-3856,3848,-3854,3851,3857,3854,-3856,3851,-3858,3852,3860,3854,-3861,3853,-3861,3854,-3861,3853,-3860,3855,3862,3854,-3862,3855,-3862,3853,-3861,3853,-3861,3855,-3861,3856,-3859,3855,-3859,3854,-3859,3851,3858,3853,-3858,3854,-3859,3850,-3856,3849,-3852,3842,-3849,3842,-3851,3844,-3851,3846,-3849,3848,-3853,3847,-3851,3841,3854,3846,-3856,3848,-3858,3845,-3855,3848,-3857,3846,-3855,3848,-3855,3842,-3857,3842,-3858,3846,3856,3844,-3857,3841,-3855,3844,-3854,3846,-3855,3844,3852,3841,-3849,3842,-3851,3841,-3847,-0.49,SJNFAAZE1U0005576,117.68,13.04,9021.9599609375,78,75,0,0,0,0,15.0,99.17,-154514,81,1528021258.475,16680,2,1,0,5,0,0,0,0,4,369.41,369.41,1F,1,1,1,0080,82,40,40,0,0,19,29.50
03/06/2018 11:21:02,54 58.53373,-1 31.10137,301,0,386,762458,1144818,369.50,46.256,3862,3837,3849,25,0,92.8,33.8,87.8,31.0,none,none,80.8,27.1,3845,-3855,3844,-3852,3847,3853,3851,-3853,3848,-3857,3850,-3857,3852,-3861,3851,3859,3851,-3860,3851,-3859,3852,-3860,3850,-3859,3851,3862,3850,-3860,3850,-3859,3853,-3858,3852,-3858,3852,-3859,3852,-3857,3849,-3857,3849,-3855,3851,3857,3847,-3853,3845,-3850,3839,-3848,3839,-3850,3841,-3847,3841,3848,3844,-3852,3842,-3849,3839,-3852,3842,-3854,3843,3856,3842,-3854,3845,-3855,3842,-3853,3847,-3855,3839,-3855,3839,-3857,3840,-3855,3841,-3856,3837,3852,3840,-3853,3843,-3853,3840,-3850,3838,-3848,3839,3849,3839,-3847,-0.51,SJNFAAZE1U0005576,117.68,13.04,9021.9599609375,78,75,0,0,0,0,15.0,99.17,-154514,81,1528021262.443,10080,2,1,0,5,0,0,0,0,4,370.32,370.32,1F,1,1,1,0080,82,40,40,0,0,19,50.75
03/06/2018 11:21:06,54 58.53373,-1 31.10137,301,0,385,761696,1144818,368.54,85.626,3849,3828,3839,21,0,92.8,33.8,87.8,31.0,none,none,80.8,27.1,3838,3836,3841,-3835,-3844,3837,-3844,-3839,-3844,3840,-3845,3841,-3847,3842,-3848,3841,-3847,3840,-3847,3841,-3848,3842,-3847,3843,-3849,3841,-3848,3840,-3847,3843,-3847,3843,-3846,3842,-3845,3844,-3845,3841,-3845,3841,-3845,3837,-3845,3842,-3842,3837,-3839,3835,3834,-3828,3835,3830,3836,-3830,3839,-3830,3843,-3831,3841,3830,3838,-3830,3843,-3831,3844,-3832,3843,-3834,3843,3834,3841,-3833,3849,-3829,3842,-3830,3845,-3831,3846,-3831,3844,-3829,3840,-3829,3839,-3832,3842,3834,3837,-3830,3836,-3828,3837,-3828,3836,-3829,-0.50,SJNFAAZE1U0005576,117.68,13.04,9021.9599609375,78,75,0,0,0,0,15.0,99.17,-154514,82,1528021266.204,25520,2,1,0,5,0,0,0,0,4,368.52,368.52,1F,1,1,1,0080,82,40,40,0,0,19,51.00
03/06/2018 11:21:10,54 58.53373,-1 31.10137,301,0,385,760898,1144818,368.35,84.403,3848,3826,3837,22,0,92.8,33.8,87.8,31.0,none,none,80.8,27.1,-3836,3835,-3839,3833,-3841,3836,-3843,3837,-3842,3839,-3843,3840,-3845,3839,-3846,3839,-3844,3840,-3844,3840,-3845,3840,-3846,3842,-3847,3840,-3847,3839,-3845,3841,-3844,3842,-3844,3840,-3844,3842,-3844,3839,-3845,3839,-3844,3837,-3843,3841,-3840,3835,-3838,3833,-3832,3826,-3833,3830,-3835,3829,-3837,3828,-3842,3831,-3838,3829,-3837,3830,-3841,3831,-3843,3832,-3841,3834,-3843,3833,-3841,3832,-3848,3827,-3841,3829,-3842,3830,-3845,3830,-3842,3829,-3839,3830,-3838,3830,-3841,3833,-3836,3829,-3835,3828,-3836,3827,-3834,3827,-0.49,SJNFAAZE1U0005576,117.68,13.04,9021.9599609375,78,75,0,0,0,0,15.0,99.17,-154514,82,1528021270.086,25520,2,1,0,5,0,0,0,0,4,368.15,368.15,1F,1,1,1,0080,82,40,40,0,0,19,52.00
03/06/2018 11:21:13,54 58.53373,-1 31.10137,301,0,385,760144,1144818,368.16,84.433,3846,3823,3835,23,0,93.0,33.9,87.8,31.0,none,none,81.0,27.2,-3834,3832,-3837,3830,-3839,3833,-3840,3835,-3840,3837,-3840,3838,-3842,3837,-3843,3837,-3842,3838,-3843,3838,-3844,3838,-3843,3839,-3845,3839,-3844,3837,-3842,3839,-3844,3839,-3842,3839,-3841,3839,-3842,3837,-3840,3837,-3840,3834,-3841,3838,-3837,3833,-3836,3831,-3829,3823,-3831,3826,-3833,3826,-3833,3825,-3838,3829,-3836,3825,-3834,3827,-3839,3828,-3840,3830,-3838,3831,-3840,3831,-3838,3830,-3846,3824,-3839,3826,-3841,3826,-3842,3827,-3842,3827,-3837,3828,-3835,3828,-3839,3831,-3834,3827,-3831,3827,-3833,3825,-3832,3823,-0.48,SJNFAAZE1U0005576,117.68,13.04,9021.9599609375,78,75,0,0,0,0,15.0,99.17,-154514,82,1528021273.711,25520,2,1,0,5,0,0,0,0,4,368.13,368.13,1F,1,1,1,0080,82,40,40,0,0,19,52.25
03/06/2018 11:21:17,54 58.53373,-1 31.10137,301,0,384,759378,1144818,367.87,84.067,3843,3821,3832,22,0,92.8,33.8,87.8,31.0,none,none,80.8,27.1,-3831,3830,-3835,3828,-3836,3831,-3839,3831,-3837,3833,-3838,3834,-3841,3835,-3841,3834,-3841,3834,-3840,3835,-3841,3834,-3840,3837,-3842,3835,-3842,3835,-3840,3835,-3840,3838,-3840,3835,-3839,3836,-3840,3834,-3839,3835,-3837,3833,-3839,3836,-3834,3830,-3833,3828,-3828,3822,-3829,3824,-3830,3823,-3830,3824,-3835,3826,-3833,3822,-3832,3824,-3836,3826,-3839,3826,-3837,3828,-3838,3829,-3835,3827,-3843,3823,-3837,3823,-3838,3824,-3839,3825,-3837,3825,-3834,3823,-3832,3825,-3835,3828,-3830,3824,-3829,3823,-3830,3823,-3829,3821,-0.48,SJNFAAZE1U0005576,117.68,13.04,9023.5693359375,78,75,0,0,0,0,15.0,99.17,-154514,82,1528021277.402,25520,2,1,0,5,0,0,0,0,4,367.76,367.76,1F,1,1,1,0080,83,40,40,0,0,19,49.50
03/06/2018 11:21:21,54 58.53373,-1 31.10137,301,0,384,758688,1144818,368.16,70.151,3844,3824,3835,20,0,93.0,33.9,87.8,31.0,none,none,81.0,27.2,-3834,3832,-3837,3831,-3839,3834,-3840,3835,-3839,3837,-3841,3837,-3842,3838,-3842,3838,-3842,3837,-3844,3837,-3843,3838,-3843,3840,-3844,3838,-3843,3838,-3842,3839,-3841,3840,-3842,3838,-3840,3840,-3840,3838,-3841,3836,-3841,3836,-3841,3838,-3837,3834,-3835,3832,-3829,3824,-3830,3827,-3833,3826,-3834,3827,-3837,3830,-3836,3827,-3835,3827,-3839,3829,-3840,3830,-3839,3830,-3841,3831,-3838,3830,-3843,3826,-3838,3826,-3840,3826,-3842,3827,-3840,3828,-3837,3827,-3835,3827,-3839,3828,-3834,3826,-3831,3826,-3834,3826,-3833,3826,-0.46,SJNFAAZE1U0005576,117.68,13.04,9023.5693359375,78,75,0,0,0,0,15.0,99.17,-154514,82,1528021281.089,22880,2,1,0,5,0,0,0,0,4,368.14,368.14,1F,1,1,1,0080,83,40,40,0,0,19,54.50
03/06/2018 11:21:24,54 58.53373,-1 31.10137,301,0,383,757878,1144818,367.01,97.473,3835,3809,3823,26,0,93.0,33.9,88.0,31.1,none,none,81.0,27.2,3816,-3827,3818,-3826,3820,3826,3825,-3826,3822,-3831,3823,3829,3824,-3834,3823,-3833,3823,-3833,3824,-3832,3825,-3833,3824,3833,3825,-3835,3823,-3833,3825,-3831,3826,-3833,3826,3830,3825,-3831,3825,-3831,3824,-3830,3823,-3828,3824,-3831,3820,-3826,3817,-3822,3812,-3820,3810,3822,3813,-3820,3816,-3819,3817,-3826,3815,-3822,3812,3826,3815,-3827,3817,-3828,3815,-3828,3819,-3829,3815,-3827,3822,-3827,3812,-3829,3813,-3830,3815,3828,3814,-3828,3809,-3826,3812,-3826,3817,-3828,3813,3823,3812,-3822,3812,-3822,3810,-3819,-0.45,SJNFAAZE1U0005576,117.68,13.04,9023.5693359375,78,75,0,0,0,0,15.0,99.17,-154514,82,1528021284.754,28520,2,1,0,5,0,0,0,0,4,367.13,367.13,1F,1,1,1,0080,83,40,40,0,0,19,52.25
03/06/2018 11:21:28,54 58.53373,-1 31.10137,301,0,383,757163,1144818,368.54,54.252,3850,3827,3839,23,0,93.0,33.9,87.8,31.0,none,none,81.0,27.2,3834,-3844,3834,-3842,3837,3842,3841,-3842,3838,-3845,3840,-3845,3839,-3848,3839,3848,3839,-3849,3840,-3848,3841,-3847,3841,-3848,3841,-3850,3839,3849,3840,-3847,3841,-3847,3842,-3846,3841,-3847,3841,3845,3838,-3845,3839,-3843,3841,-3846,3836,-3842,3836,-3838,3829,-3837,3829,-3839,3830,-3837,3832,3836,3833,-3840,3833,-3839,3828,-3842,3831,-3843,3834,3845,3832,-3842,3834,-3844,3831,-3842,3834,-3843,3829,-3844,3828,-3846,3831,-3844,3831,-3845,3827,3842,3830,-3842,3831,-3842,3829,-3840,3829,-3837,3828,3839,3828,-3835,-0.47,SJNFAAZE1U0005576,117.68,13.04,9023.5693359375,78,75,0,0,0,0,15.0,99.17,-154514,82,1528021288.674,18400,2,1,0,5,0,0,0,0,4,368.36,368.36,1F,1,1,1,0080,83,40,40,0,0,19,25.75
03/06/2018 11:21:32,54 58.53373,-1 31.10137,301,0,383,756771,1144818,369.60,27.305,3859,3840,3850,19,0,93.0,33.9,88.0,31.1,none,none,81.0,27.2,3845,3854,3847,-3852,3849,3852,3851,-3852,3849,-3855,3851,-3856,3851,3858,3852,-3857,3851,-3857,3851,-3856,3852,-3857,3852,-3857,3853,-3859,3850,-3858,3852,-3858,3853,3856,3854,-3856,3853,-3856,3852,-3855,3851,-3855,3851,3854,3852,-3856,3849,-3852,3847,-3848,3842,-3848,3842,-3850,3843,-3849,3844,-3847,3846,-3851,3845,3849,3842,-3853,3843,-3853,3846,-3856,3844,-3853,3846,3854,3844,-3852,3845,-3854,3841,-3854,3841,-3855,3844,-3854,3842,-3854,3840,-3853,3842,-3851,3844,3852,3843,-3851,3842,-3848,3841,-3850,3840,-3847,-0.49,SJNFAAZE1U0005576,117.68,13.04,9023.5693359375,78,75,0,0,0,0,15.0,99.17,-154514,82,1528021292.569,9680,2,0,0,0,0,0,0,0,4,369.51,369.51,1F,1,1,1,0080,83,40,40,0,0,19,12.50
03/06/2018 11:21:36,54 58.53373,-1 31.10137,301,0,383,756553,1144818,370.08,23.765,3865,3844,3855,21,0,93.2,34.0,88.0,31.1,none,none,81.0,27.2,3851,-3859,3851,-3857,3853,3858,3856,-3858,3854,-3861,3855,-3860,3856,-3863,3855,-3862,3855,3862,3856,-3862,3855,-3863,3856,-3863,3856,-3865,3855,-3863,3856,-3862,3857,-3862,3857,-3861,3857,3861,3857,-3861,3856,-3860,3855,-3859,3856,-3862,3853,3858,3852,-3854,3847,-3853,3847,-3856,3848,-3853,3849,-3853,3852,-3856,3850,-3855,3847,-3857,3850,3858,3851,-3860,3848,-3859,3850,-3859,3849,-3859,3850,3859,3847,-3859,3847,-3860,3848,-3860,3848,-3860,3844,-3857,3847,-3857,3848,-3857,3848,-3855,3846,3853,3847,-3856,3846,-3852,-0.48,SJNFAAZE1U0005576,117.68,13.04,9023.5693359375,78,75,0,0,0,0,14.5,99.17,-154514,82,1528021296.266,7120,2,0,0,0,0,0,0,0,4,369.99,369.99,1F,1,1,1,0080,83,40,40,0,0,19,14.00
03/06/2018 11:21:39,54 58.53373,-1 31.10137,301,0,383,756345,1144818,370.27,22.818,3866,3847,3857,19,0,93.0,33.9,88.2,31.2,none,none,81.0,27.2,3857,3855,-3860,3853,3862,3855,3862,-3856,3862,-3857,3862,3857,3864,-3859,3864,-3857,3864,-3858,3864,-3858,3865,3858,3865,-3859,3866,-3859,3865,-3858,3865,-3859,3864,-3861,3864,-3859,3863,-3860,3863,-3858,3862,3856,3863,-3856,3863,-3858,3860,-3855,3859,-3853,3853,3848,3856,-3850,-3857,3850,-3856,-3849,-3861,3850,-3860,3849,-3858,3849,-3862,3849,-3863,3852,-3861,3851,-3861,3852,-3860,3851,-3863,3848,-3863,3847,-3863,3848,-3864,3849,-3862,3848,-3860,3849,-3857,3849,-3860,3850,-3857,3850,-3855,3847,-3856,3848,-3856,3847,-0.50,SJNFAAZE1U0005576,117.68,13.04,9023.5693359375,78,75,0,0,0,0,14.5,99.17,-154514,82,1528021299.890,7680,2,0,0,0,0,0,0,0,4,370.17,370.17,1F,1,1,1,0080,83,40,40,0,0,19,12.75
03/06/2018 11:21:43,54 58.53373,-1 31.10137,301,0,383,756125,1144818,370.18,24.894,3866,3846,3856,20,0,93.0,33.9,88.0,31.1,none,none,81.0,27.2,-3857,3854,-3860,3852,-3862,3855,-3861,3855,-3862,3856,-3862,3857,-3864,3858,-3864,3857,-3864,3857,-3863,3857,-3865,3858,-3865,3859,-3866,3858,-3865,3858,-3864,3860,-3864,3859,-3864,3858,-3863,3859,-3863,3857,-3861,3857,-3863,3855,-3863,3858,-3859,3854,-3859,3853,-3853,3847,-3855,3849,-3856,3848,-3856,3848,-3858,3851,-3860,3849,-3857,3848,-3861,3849,-3863,3852,-3861,3850,-3861,3851,-3859,3851,-3863,3847,-3862,3847,-3861,3848,-3864,3849,-3861,3848,-3860,3848,-3858,3849,-3859,3851,-3856,3849,-3854,3846,-3856,3847,-3856,3846,-0.48,SJNFAAZE1U0005576,117.68,13.04,9023.5693359375,78,75,0,0,0,0,14.5,99.17,-154514,82,1528021303.846,7680,2,1,0,4,0,0,0,0,4,370.25,370.25,1F,1,1,1,0080,83,40,40,0,0,19,14.25
03/06/2018 11:21:47,54 58.53373,-1 31.10137,301,0,382,755868,1144818,370.08,29.502,3863,3847,3855,16,0,93.2,34.0,88.0,31.1,none,none,81.2,27.3,-3855,3853,-3858,3852,-3859,3855,-3860,3855,-3860,3857,-3860,3857,-3862,3858,-3862,3856,-3861,3857,-3863,3857,-3863,3857,-3863,3860,-3863,3857,-3863,3858,-3862,3858,-3862,3859,-3862,3858,-3861,3859,-3862,3857,-3860,3857,-3860,3856,-3862,3859,-3858,3854,-3856,3852,-3852,3847,-3853,3849,-3855,3850,-3855,3848,-3858,3850,-3857,3847,-3854,3848,-3859,3849,-3861,3851,-3858,3852,-3860,3852,-3858,3850,-3860,3847,-3859,3848,-3860,3848,-3861,3849,-3860,3849,-3857,3849,-3856,3849,-3858,3849,-3856,3850,-3853,3848,-3854,3848,-3853,3847,-0.45,SJNFAAZE1U0005576,117.68,13.04,9023.5693359375,78,75,0,0,0,0,14.5,99.17,-154514,82,1528021307.698,8560,2,1,0,4,0,0,0,0,4,370.19,370.19,1F,1,1,1,0080,83,40,40,0,0,19,15.25
03/06/2018 11:21:51,54 58.53373,-1 31.10137,301,0,382,755663,1144818,371.14,4.874,3874,3856,3866,18,0,93.2,34.0,88.2,31.2,none,none,81.2,27.3,-3867,3863,-3868,3862,-3872,3864,-3871,3864,-3871,3866,-3872,3866,-3873,3866,-3873,3866,-3873,3866,-3872,3865,-3873,3866,-3873,3868,-3873,3867,-3874,3866,-3873,3869,-3872,3869,-3872,3867,-3872,3868,-3871,3865,-3871,3865,-3871,3865,-3872,3868,-3869,3863,-3867,3861,-3864,3857,-3865,3858,-3867,3860,-3866,3858,-3869,3860,-3868,3858,-3867,3859,-3871,3858,-3871,3861,-3869,3860,-3871,3861,-3870,3860,-3871,3856,-3872,3857,-3871,3857,-3872,3858,-3872,3857,-3870,3857,-3867,3859,-3869,3860,-3867,3860,-3864,3857,-3866,3858,-3866,3856,-0.49,SJNFAAZE1U0005576,117.68,13.04,9023.5693359375,78,75,0,0,0,0,14.5,99.17,-154514,82,1528021311.287,3160,2,1,0,5,0,0,0,0,4,371.08,371.08,1F,1,1,1,0080,83,40,40,0,0,19,-0.75
03/06/2018 11:21:54,54 58.53373,-1 31.10137,301,0,382,755618,1144818,371.33,5.790,3877,3859,3868,18,0,93.2,34.0,88.2,31.2,none,none,81.2,27.3,-3869,3867,-3871,3864,-3873,3868,-3873,3867,-3873,3869,-3873,3870,-3875,3869,-3875,3869,-3875,3870,-3874,3870,-3876,3869,-3875,3870,-3876,3870,-3877,3869,-3875,3871,-3875,3872,-3874,3870,-3874,3872,-3874,3869,-3872,3868,-3874,3868,-3874,3870,-3871,3867,-3870,3865,-3866,3859,-3867,3862,-3868,3862,-3869,3862,-3870,3862,-3871,3861,-3869,3860,-3873,3861,-3873,3864,-3872,3863,-3873,3863,-3871,3862,-3872,3859,-3874,3860,-3873,3859,-3875,3860,-3874,3860,-3871,3860,-3869,3860,-3872,3861,-3868,3863,-3868,3860,-3869,3860,-3867,3860,-0.48,SJNFAAZE1U0005576,117.68,13.04,9023.5693359375,78,75,0,0,0,0,14.5,99.17,-154514,82,1528021314.972,2120,2,1,0,4,0,0,0,0,4,371.36,371.36,1F,1,1,1,0080,83,40,40,0,0,19,0.25
03/06/2018 11:21:58,54 58.53373,-1 31.10137,301,0,382,755575,1144818,371.81,0.998,3882,3863,3873,19,0,93.0,33.9,88.0,31.1,none,none,81.0,27.2,3870,-3879,3870,3875,3872,3875,3875,-3875,3873,-3877,3874,-3879,3874,3881,3873,-3880,3873,-3880,3874,-3879,3874,-3879,3874,-3880,3876,-3882,3873,-3881,3874,-3879,3876,3879,3876,-3878,3874,-3880,3874,-3878,3873,-3877,3874,3877,3875,-3880,3872,-3875,3871,-3873,3866,-3872,3866,-3874,3867,-3872,3868,-3872,3869,-3874,3868,3873,3865,-3875,3868,-3876,3869,-3878,3867,-3876,3869,3876,3868,-3876,3867,-3877,3866,-3878,3865,-3878,3866,-3878,3865,3877,3863,-3874,3865,-3873,3866,-3875,3866,-3874,3864,-3872,3865,-3873,3865,-3871,-0.44,SJNFAAZE1U0005576,117.68,13.04,9023.5693359375,78,75,0,0,0,0,14.5,99.17,-154514,82,1528021318.778,1600,2,1,0,5,0,0,0,0,4,371.75,371.75,1F,1,1,1,0080,83,40,40,0,0,19,-1.00
03/06/2018 11:22:02,54 58.53373,-1 31.10137,301,0,382,755525,1144818,371.33,15.098,3879,3857,3868,22,0,93.0,33.9,88.2,31.2,none,none,81.0,27.2,3866,-3874,3864,-3871,3866,3872,3870,3872,3868,-3875,3868,-3876,3869,-3877,3867,-3877,3868,3877,3870,-3876,3871,-3876,3869,-3876,3870,-3879,3869,-3878,3869,-3876,3871,-3876,3871,-3875,3870,3876,3870,-3875,3868,-3875,3869,-3872,3871,-3876,3867,3871,3865,-3868,3859,-3867,3860,-3870,3861,-3868,3863,-3867,3865,-3871,3863,-3868,3858,-3871,3861,3873,3862,-3875,3861,-3874,3863,-3873,3862,-3872,3863,-3874,3860,-3874,3859,-3874,3861,-3874,3860,-3874,3857,-3872,3860,3871,3861,-3872,3861,-3870,3860,-3869,3859,-3868,3857,-3866,-0.47,SJNFAAZE1U0005576,117.68,13.04,9023.5693359375,78,75,0,0,0,0,14.5,99.17,-154514,82,1528021322.438,3440,2,1,0,5,0,0,0,0,4,371.44,371.44,1F,1,1,1,0080,83,40,40,0,0,19,8.50
03/06/2018 11:22:06,54 58.53373,-1 31.10137,301,0,382,755343,1144818,370.94,27.457,3875,3854,3864,21,0,93.0,33.9,88.0,31.1,none,none,81.0,27.2,3859,-3869,3860,-3867,3864,3868,3867,-3867,3864,-3871,3865,3871,3866,-3872,3865,-3872,3865,-3872,3865,-3872,3867,3872,3865,-3873,3868,-3875,3865,-3873,3865,-3872,3867,-3872,3866,-3871,3866,-3872,3866,-3870,3864,3870,3865,-3869,3866,-3870,3862,-3867,3860,-3865,3856,3863,3856,-3865,3857,-3862,3858,-3863,3859,-3866,3860,-3864,3856,3866,3857,-3866,3860,-3870,3857,-3867,3859,-3868,3858,-3869,3859,-3868,3856,-3868,3856,-3869,3856,3868,3855,-3869,3854,-3866,3855,-3865,3858,-3866,3856,3865,3854,-3862,3854,-3864,3854,-3861,-0.47,SJNFAAZE1U0005576,117.69,13.04,9023.5693359375,78,75,0,0,0,0,14.5,99.17,-154514,82,1528021326.095,7800,2,1,0,5,0,0,0,0,4,371.03,371.03,1F,1,1,1,0080,83,40,40,0,0,19,16.00
03/06/2018 11:22:10,54 58.53373,-1 31.10137,301,0,382,755050,1144818,370.66,30.692,3872,3851,3861,21,0,93.2,34.0,88.0,31.1,none,none,81.2,27.3,3856,-3866,3856,-3862,3861,3864,3862,-3864,3861,-3867,3861,-3867,3862,-3869,3863,3869,3863,-3869,3863,-3869,3864,-3870,3863,-3869,3864,3872,3862,-3870,3863,-3869,3866,-3868,3864,-3868,3864,-3869,3863,-3867,3861,-3867,3862,-3865,3863,3868,3860,-3865,3858,-3861,3852,-3859,3853,-3862,3854,3859,3855,-3859,3858,-3862,3857,-3860,3853,-3863,3854,-3864,3856,3866,3856,-3864,3857,-3867,3855,-3864,3858,-3864,3854,-3865,3852,-3867,3854,-3866,3854,-3866,3851,3863,3853,-3862,3855,-3863,3853,-3861,3852,-3859,3852,3861,3851,-3857,-0.48,SJNFAAZE1U0005576,117.69,13.04,9023.5693359375,78,75,0,0,0,0,14.5,99.17,-154514,82,1528021330.145,10800,2,1,0,5,0,0,0,0,4,370.74,370.74,1F,1,1,1,0080,83,40,40,0,0,19,18.50
03/06/2018 11:22:14,54 58.53373,-1 31.10137,301,0,382,754697,1144818,370.75,32.462,3871,3853,3862,18,0,93.2,34.0,88.0,31.1,none,none,81.2,27.3,3863,3860,3864,-3858,-3865,3861,-3867,-3862,-3867,3863,-3867,3865,-3869,3865,-3870,3865,-3868,3865,-3868,3864,-3869,3864,-3869,3866,-3871,3865,-3869,3864,-3868,3865,-3868,3866,-3868,3865,-3868,3867,-3866,3864,-3866,3863,-3868,3863,-3868,3865,-3864,3861,-3864,3859,-3858,3853,-3860,3856,-3861,3854,-3862,3855,-3865,3856,-3864,3855,-3862,3855,-3866,3856,-3867,3859,-3866,3857,3867,3858,-3865,3859,3866,-3854,3866,-3856,3865,-3854,3868,-3855,3866,-3855,3863,-3856,3862,-3854,3865,3856,3861,-3854,3860,-3853,3862,-3854,3860,-3853,-0.50,SJNFAAZE1U0005576,117.69,13.04,9023.5693359375,78,75,0,0,0,0,14.5,99.17,-154514,82,1528021334.116,10880,2,1,0,5,0,0,0,0,4,370.65,370.65,1F,1,1,1,0080,83,40,40,0,0,19,11.75
03/06/2018 11:22:17,54 58.53373,-1 31.10137,301,0,382,754482,1144818,371.23,20.560,3875,3858,3867,17,0,93.2,34.0,88.0,31.1,none,none,81.2,27.3,-3867,3866,-3869,3863,-3872,3866,-3871,3867,-3871,3867,-3872,3869,-3874,3869,-3874,3868,-3874,3869,-3873,3869,-3874,3868,-3874,3870,-3875,3870,-3875,3868,-3874,3871,-3873,3871,-3873,3869,-3873,3871,-3873,3868,-3872,3867,-3871,3868,-3872,3870,-3869,3866,-3869,3864,-3863,3858,-3865,3860,-3865,3860,-3866,3859,-3869,3861,-3869,3859,-3866,3859,-3870,3861,-3871,3864,-3870,3862,-3871,3863,-3869,3862,-3869,3858,-3871,3859,-3870,3860,-3872,3859,-3871,3859,-3868,3859,-3866,3859,-3868,3862,-3865,3860,-3863,3858,-3865,3860,-3865,3858,-0.51,SJNFAAZE1U0005576,117.69,13.04,9023.5693359375,78,75,0,0,0,0,14.5,99.17,-154514,82,1528021337.968,6560,2,1,0,5,0,0,0,0,4,371.13,371.13,1F,1,1,1,0080,83,40,40,0,0,19,8.50
03/06/2018 11:22:21,54 58.53373,-1 31.10137,301,0,382,754325,1144818,371.62,12.809,3881,3861,3871,20,0,93.0,33.9,88.0,31.1,none,none,81.0,27.2,-3873,3869,-3874,3867,-3876,3870,-3876,3869,-3876,3871,-3878,3872,-3878,3873,-3879,3872,-3877,3873,-3879,3873,-3879,3873,-3878,3873,-3881,3872,-3880,3871,-3878,3873,-3877,3874,-3878,3873,-3877,3875,-3877,3871,-3876,3871,-3877,3871,-3879,3873,-3874,3869,-3874,3868,-3869,3861,-3872,3864,-3871,3864,-3872,3862,-3873,3864,-3875,3864,-3872,3863,-3875,3863,-3877,3865,-3876,3865,-3876,3867,-3875,3866,-3874,3861,-3877,3861,-3876,3862,-3878,3863,-3877,3862,-3874,3863,-3873,3863,-3875,3864,-3873,3865,-3870,3862,-3871,3862,-3870,3861,-0.49,SJNFAAZE1U0005576,117.69,13.04,9023.5693359375,78,75,0,0,0,0,14.5,99.17,-154514,82,1528021341.808,5320,2,1,0,5,0,0,0,0,4,371.49,371.49,1F,1,1,1,0080,82,40,40,0,0,19,0.75
03/06/2018 11:22:25,54 58.53373,-1 31.10137,301,0,382,754291,1144818,372.00,3.989,3883,3865,3875,18,0,93.2,34.0,88.0,31.1,none,none,81.0,27.2,-3876,3874,-3878,3872,-3880,3875,-3880,3874,-3881,3876,-3880,3878,-3882,3876,-3882,3876,-3883,3877,-3882,3876,-3883,3877,-3882,3877,-3883,3877,-3882,3875,-3881,3879,-3882,3878,-3882,3877,-3880,3880,-3880,3876,-3880,3874,-3880,3875,-3882,3877,-3878,3873,-3877,3872,-3872,3866,-3874,3869,-3875,3869,-3875,3868,-3878,3869,-3878,3867,-3877,3867,-3879,3868,-3881,3871,-3879,3868,-3880,3871,-3879,3871,-3879,3866,-3880,3867,-3880,3867,-3882,3868,-3881,3866,-3876,3867,-3876,3868,-3878,3868,-3875,3869,-3873,3865,-3875,3867,-3874,3866,-0.54,SJNFAAZE1U0005576,117.69,13.04,9025.1787109375,78,75,0,0,0,0,14.5,99.17,-154514,82,1528021345.698,600,2,1,0,5,0,0,0,0,4,372.01,372.01,1F,1,1,1,0080,82,40,40,0,0,19,1.50
03/06/2018 11:22:29,54 58.53373,-1 31.10137,301,0,382,754245,1144818,372.29,3.562,3884,3872,3878,12,0,93.0,33.9,88.2,31.2,none,none,81.0,27.2,-3877,3880,-3877,3878,-3879,3879,-3882,3879,-3880,3881,-3881,3882,-3881,3883,-3881,3881,-3882,3882,-3882,3883,-3883,3882,-3882,3884,-3882,3883,-3882,3883,-3883,3884,-3883,3883,-3882,3882,-3882,3883,-3881,3880,-3880,3879,-3881,3880,-3883,3882,-3880,3878,-3878,3876,-3872,3873,-3874,3875,-3874,3875,-3874,3873,-3876,3876,-3877,3875,-3874,3875,-3877,3877,-3878,3878,-3876,3877,-3878,3877,-3877,3877,-3876,3875,-3877,3875,-3876,3876,-3878,3877,-3876,3876,-3874,3876,-3873,3875,-3876,3875,-3874,3876,-3872,3874,-3874,3875,-3872,3872,-0.48,SJNFAAZE1U0005576,117.69,13.04,9025.1787109375,78,75,0,0,0,0,14.5,99.17,-154514,82,1528021349.520,640,2,1,0,5,0,0,0,0,4,372.22,372.22,1F,1,1,1,0080,82,40,40,0,0,19,-2.75
03/06/2018 11:22:33,54 58.53373,-1 31.10137,301,0,382,754253,1144818,372.48,2.189,3890,3870,3880,20,0,93.2,34.0,88.0,31.1,none,none,81.0,27.2,3878,-3886,3877,-3882,3880,3883,3882,-3882,3881,-3885,3880,3886,3881,-3888,3879,-3887,3881,-3887,3881,-3887,3882,3887,3882,-3888,3883,-3890,3881,-3888,3881,-3887,3883,-3888,3883,-3887,3882,-3887,3881,-3885,3879,3885,3881,-3884,3883,-3886,3879,-3883,3877,-3880,3872,3879,3873,-3880,3873,-3878,3875,-3878,3876,-3882,3876,-3881,3872,-3882,3875,-3884,3875,-3886,3874,3884,3877,-3884,3874,-3883,3873,-3884,3873,-3884,3871,-3885,3873,3885,3873,-3884,3870,-3882,3872,-3881,3875,-3881,3873,3881,3871,-3879,3871,-3879,3871,-3876,-0.48,SJNFAAZE1U0005576,117.69,13.04,9025.1787109375,78,75,0,0,0,0,14.5,99.17,-154514,82,1528021353.423,0,2,0,0,0,0,0,0,0,4,372.45,372.45,1F,1,1,1,0080,82,40,40,0,0,19,-1.50
03/06/2018 11:22:37,54 58.53373,-1 31.10137,301,0,382,754219,1144818,372.38,6.156,3889,3869,3879,20,0,93.0,33.9,88.0,31.1,none,none,81.0,27.2,3875,-3885,3876,-3883,3879,3884,3881,-3882,3879,-3885,3880,-3886,3880,-3887,3879,3886,3879,-3887,3880,-3887,3880,-3887,3881,-3888,3881,3889,3880,-3888,3880,-3886,3881,-3887,3881,-3885,3881,-3887,3879,-3885,3879,-3885,3880,-3883,3882,3886,3878,-3883,3876,-3880,3871,-3878,3871,-3880,3872,3878,3873,-3877,3875,-3881,3875,-3879,3872,-3881,3873,-3883,3874,-3885,3873,-3883,3873,-3883,3873,3883,3873,-3883,3871,-3883,3870,-3883,3873,-3884,3871,-3884,3869,3881,3870,-3881,3873,-3882,3872,-3880,3870,-3879,3871,3879,3869,-3875,-0.46,SJNFAAZE1U0005576,117.69,13.04,9025.1787109375,78,75,0,0,0,0,14.5,99.17,-154514,82,1528021357.343,1760,2,0,0,0,0,0,0,0,4,372.42,372.42,1F,1,1,1,0080,82,40,40,0,0,19,3.75
03/06/2018 11:22:41,54 58.53373,-1 31.10137,301,0,382,754107,1144818,372.10,14.121,3888,3865,3876,23,0,93.0,33.9,88.0,31.1,none,none,81.0,27.2,3872,3883,3873,-3880,3876,3881,3879,-3880,3876,-3882,3876,-3883,3877,-3886,3876,-3885,3876,-3885,3877,3884,3877,-3884,3876,-3886,3878,-3888,3877,-3887,3877,3884,3879,-3885,3879,-3884,3879,-3884,3877,-3883,3876,-3882,3877,-3881,3879,-3884,3874,-3880,3873,3877,3867,-3876,3868,-3878,3869,-3875,3870,-3874,3872,3879,3871,-3877,3868,-3879,3869,-3882,3871,-3883,3869,-3880,3872,-3881,3870,-3881,3869,-3882,3867,3882,3867,-3883,3869,-3883,3868,-3882,3865,-3880,3866,-3878,3870,3879,3868,-3878,3867,-3875,3867,-3877,3865,-3873,-0.48,SJNFAAZE1U0005576,117.69,13.04,9025.1787109375,78,75,0,0,0,0,14.5,99.17,-154514,82,1528021361.219,5440,2,0,0,0,0,0,0,0,4,372.17,372.17,1F,1,1,1,0080,82,40,40,0,0,19,5.00
03/06/2018 11:22:44,54 58.53373,-1 31.10137,301,0,381,753982,1144818,372.10,16.837,3887,3864,3876,23,0,93.0,33.9,88.0,31.1,none,none,81.0,27.2,3872,-3883,3872,-3880,3876,3881,3879,-3880,3875,-3883,3876,-3883,3877,-3885,3877,-3885,3877,-3885,3877,-3885,3877,-3884,3877,3885,3878,-3887,3876,-3886,3877,-3884,3878,-3884,3878,3883,3879,-3884,3877,-3883,3876,-3882,3877,-3881,3878,-3883,3874,-3881,3873,-3876,3867,-3875,3869,3877,3869,-3875,3870,-3875,3871,-3879,3872,-3877,3867,3879,3869,-3881,3871,-3883,3870,-3882,3871,-3882,3870,-3879,3870,-3881,3867,-3882,3866,-3882,3869,3881,3868,-3882,3864,-3879,3868,-3879,3870,-3880,3868,-3878,3867,3876,3866,-3877,3866,-3873,-0.48,SJNFAAZE1U0005576,117.69,13.04,9025.1787109375,78,75,0,0,0,0,14.5,99.17,-154514,82,1528021364.992,4640,2,1,0,3,0,0,0,0,4,372.08,372.08,1F,1,1,1,0080,82,40,40,0,0,19,7.25
03/06/2018 11:22:48,54 58.53373,-1 31.10137,301,0,381,753843,1144818,372.19,17.051,3886,3867,3877,19,0,93.0,33.9,88.0,31.1,none,none,81.0,27.2,-3878,3875,-3879,3873,-3882,3876,-3882,3876,-3883,3878,-3883,3878,-3884,3878,-3884,3878,-3885,3878,-3884,3878,-3885,3879,-3884,3879,-3886,3878,-3886,3878,-3884,3880,-3883,3880,-3882,3879,-3882,3880,-3882,3877,-3882,3876,-3883,3877,-3884,3879,-3880,3875,-3880,3873,-3874,3868,-3876,3869,-3877,3869,-3876,3869,-3879,3870,-3879,3869,-3878,3868,-3882,3869,-3882,3873,-3880,3869,-3881,3872,-3880,3871,-3881,3867,-3883,3869,-3882,3868,-3883,3869,-3882,3869,-3880,3868,-3878,3868,-3881,3870,-3877,3870,-3875,3867,-3876,3868,-3876,3867,-0.46,SJNFAAZE1U0005576,117.69,13.04,9025.1787109375,78,75,0,0,0,0,14.5,99.17,-154514,82,1528021368.674,4920,2,1,0,4,0,0,0,0,4,372.12,372.12,1F,1,1,1,0080,82,40,40,0,0,19,4.25
03/06/2018 11:22:52,54 58.53373,-1 31.10137,301,0,381,753764,1144818,372.38,11.557,3886,3870,3879,16,0,93.0,33.9,88.0,31.1,none,none,81.0,27.2,-3879,3878,-3882,3877,-3884,3879,-3883,3879,-3884,3880,-3884,3880,-3885,3880,-3886,3880,-3885,3881,-3884,3881,-3886,3881,-3886,3881,-3886,3882,-3886,3880,-3885,3883,-3885,3882,-3885,3882,-3884,3883,-3885,3881,-3884,3880,-3884,3880,-3885,3882,-3881,3878,-3880,3875,-3874,3870,-3877,3873,-3878,3872,-3877,3872,-3882,3875,-3881,3873,-3879,3872,-3882,3873,-3883,3875,-3882,3874,-3882,3874,-3880,3874,-3883,3870,-3883,3872,-3883,3870,-3883,3872,-3881,3872,-3880,3873,-3877,3871,-3881,3873,-3877,3873,-3875,3870,-3876,3871,-3877,3870,-0.48,SJNFAAZE1U0005576,117.69,13.04,9025.1787109375,78,75,0,0,0,0,14.5,99.17,-154514,82,1528021372.313,2360,2,1,0,4,0,0,0,0,4,372.40,372.40,1F,1,1,1,0080,82,40,40,0,0,19,7.00
03/06/2018 11:22:56,54 58.53373,-1 31.10137,301,0,381,753626,1144818,372.19,17.569,3886,3867,3877,19,0,93.0,33.9,88.0,31.1,none,none,81.0,27.2,-3879,3875,-3880,3873,-3883,3876,-3882,3876,-3883,3878,-3882,3879,-3885,3879,-3885,3878,-3884,3880,-3884,3878,-3885,3878,-3884,3880,-3886,3879,-3885,3878,-3884,3881,-3885,3881,-3885,3878,-3884,3882,-3883,3878,-3883,3878,-3883,3877,-3883,3880,-3881,3875,-3880,3874,-3874,3869,-3876,3870,-3877,3870,-3878,3870,-3880,3872,-3880,3869,-3879,3868,-3883,3870,-3883,3873,-3881,3871,-3882,3872,-3881,3872,-3882,3867,-3883,3868,-3882,3868,-3884,3869,-3883,3867,-3881,3869,-3878,3870,-3881,3871,-3878,3870,-3875,3868,-3878,3868,-3876,3867,-0.45,SJNFAAZE1U0005576,117.69,13.04,9025.1787109375,78,75,0,0,0,0,14.5,99.17,-154514,83,1528021376.049,5360,2,1,0,5,0,0,0,0,4,372.15,372.15,1F,1,1,1,0080,82,40,40,0,0,19,8.25
03/06/2018 11:22:59,54 58.53373,-1 31.10137,301,0,381,753488,1144818,372.38,14.213,3889,3869,3879,20,0,93.0,33.9,88.0,31.1,none,none,81.0,27.2,-3879,3877,-3883,3875,-3884,3878,-3885,3878,-3885,3879,-3886,3881,-3887,3880,-3888,3879,-3887,3880,-3886,3880,-3887,3879,-3886,3881,-3888,3881,-3889,3879,-3887,3881,-3886,3881,-3887,3880,-3885,3882,-3885,3880,-3884,3878,-3885,3878,-3886,3881,-3883,3877,-3881,3875,-3876,3869,-3878,3872,-3878,3872,-3878,3871,-3882,3872,-3882,3871,-3880,3871,-3883,3871,-3885,3874,-3883,3873,-3883,3875,-3882,3873,-3885,3871,-3885,3869,-3884,3869,-3885,3871,-3885,3870,-3882,3870,-3880,3871,-3883,3872,-3878,3873,-3876,3869,-3878,3870,-3877,3869,-0.49,SJNFAAZE1U0005576,117.69,13.04,9025.1787109375,78,75,0,0,0,0,14.5,99.17,-154514,83,1528021379.929,4600,2,1,0,5,0,0,0,0,4,372.31,372.31,1F,1,1,1,0080,82,40,40,0,0,19,5.25
03/06/2018 11:23:03,54 58.53373,-1 31.10137,301,0,381,753343,1144818,372.10,19.889,3887,3865,3876,22,0,93.0,33.9,88.0,31.1,none,none,81.0,27.2,-3871,3882,-3872,3879,-3876,3881,-3878,3879,-3875,3883,-3876,3883,-3877,3885,-3876,3884,-3877,3885,-3877,3884,-3878,3884,-3878,3885,-3878,3887,-3876,3885,3877,-3884,3879,3885,3879,-3883,3878,-3884,3878,-3883,3877,-3881,3877,-3881,3879,3884,3875,-3880,3873,-3877,3868,-3876,3867,-3877,3869,3874,3868,-3874,-3872,-3879,3871,-3876,-3866,3879,-3868,3880,-3871,3882,-3870,3881,-3871,3881,-3870,3880,-3871,3882,-3867,3881,-3866,3881,-3867,3881,-3867,3882,-3865,3879,-3866,3878,-3869,3880,-3867,3877,-3865,3876,-3865,3877,-3867,3874,-0.49,SJNFAAZE1U0005576,117.69,13.04,9025.1787109375,78,75,0,0,0,0,14.5,99.17,-154514,83,1528021383.792,6120,2,1,0,5,0,0,0,0,4,372.16,372.16,1F,1,1,1,0080,82,40,40,0,0,19,11.75
03/06/2018 11:23:07,54 58.53373,-1 31.10137,301,0,381,753121,1144818,371.62,29.258,3882,3859,3871,23,0,92.8,33.8,87.8,31.0,none,none,80.8,27.1,3866,3878,3867,-3874,3870,3875,3873,-3874,3871,-3877,3870,-3880,3871,-3881,3871,-3881,3872,-3880,3872,3880,3873,-3880,3873,-3881,3873,-3882,3872,-3881,3873,3880,3873,-3879,3874,-3878,3873,-3878,3872,-3878,3871,-3878,3871,-3877,3873,-3879,3870,-3874,3869,3871,3862,-3870,3863,-3872,3863,-3869,3864,-3870,3867,-3874,3867,3872,3862,-3875,3864,-3876,3866,-3878,3864,-3876,3865,3876,3864,-3876,3865,-3876,3862,-3877,3861,-3877,3863,-3877,3863,-3878,3859,-3874,3861,-3873,3865,3876,3862,-3872,3861,-3871,3861,-3871,3860,-3868,-0.53,SJNFAAZE1U0005576,117.69,13.04,9025.1787109375,78,75,0,0,0,0,14.5,99.17,-154514,83,1528021387.428,8360,2,1,0,5,0,0,0,0,4,371.71,371.71,1F,1,1,1,0080,82,40,40,0,0,19,15.00
03/06/2018 11:23:11,54 58.53373,-1 31.10137,301,0,381,752867,1144818,371.62,28.220,3882,3860,3871,22,0,93.0,33.9,87.8,31.0,none,none,80.8,27.1,3866,-3877,3867,-3875,3869,3875,3873,-3874,3870,-3877,3870,-3879,3872,-3881,3871,-3880,3871,-3879,3872,-3879,3872,-3879,3873,3879,3874,-3882,3871,-3881,3873,-3879,3874,-3878,3874,3879,3873,-3879,3872,-3879,3871,-3877,3872,-3877,3874,-3879,3870,3874,3868,-3873,3861,-3870,3862,-3872,3864,-3869,3863,-3869,3867,-3873,3866,-3872,3861,-3874,3863,3876,3866,-3877,3863,-3876,3866,-3877,3864,-3875,3865,3876,3860,-3877,3861,-3877,3862,-3877,3862,-3878,3860,-3874,3861,-3873,3864,-3875,3863,-3872,3860,3871,3861,-3872,3860,-3869,-0.47,SJNFAAZE1U0005576,117.69,13.04,9025.1787109375,78,75,0,0,0,0,14.5,99.17,-154514,83,1528021391.152,8640,2,1,0,5,0,0,0,0,4,371.68,371.68,1F,1,1,1,0080,82,40,40,0,0,19,14.75
03/06/2018 11:23:14,54 58.53373,-1 31.10137,301,0,381,752603,1144818,371.52,27.976,3879,3859,3870,20,0,92.8,33.8,87.8,31.0,none,none,80.8,27.1,3867,-3876,3866,-3872,3869,3874,3871,-3873,3869,3875,3870,-3876,3871,-3878,3871,-3877,3870,-3878,3870,-3877,3872,-3877,3870,-3878,3872,-3879,3871,3879,3871,-3878,3873,-3877,3873,-3876,3872,-3877,3870,-3874,3869,-3875,3871,-3874,3872,-3876,3869,-3873,3867,-3870,3862,3868,3862,-3870,3863,-3868,3864,-3868,3867,-3871,3865,-3869,3861,-3872,3864,-3874,3865,-3876,3864,3873,3866,-3875,3863,-3873,3866,-3874,3862,-3874,3862,3875,3865,-3875,3863,-3875,3859,-3872,3862,-3872,3863,-3872,3862,-3871,3862,-3868,3861,-3870,3860,3866,-0.48,SJNFAAZE1U0005576,117.69,13.04,9025.1787109375,78,75,0,0,0,0,14.5,99.17,-154514,83,1528021394.913,8960,2,1,0,5,0,0,0,0,4,371.64,371.64,1F,1,1,1,0080,81,40,40,0,0,19,15.75
03/06/2018 11:23:18,54 58.53373,-1 31.10137,301,0,381,752335,1144818,371.42,27.946,3879,3858,3869,21,0,92.8,33.8,87.8,31.0,none,none,80.8,27.1,3866,-3875,3865,3872,3868,3874,3871,-3874,3869,-3875,3869,-3877,3870,3878,3868,-3879,3870,-3878,3870,-3877,3872,-3878,3871,-3879,3871,-3879,3870,-3879,3869,-3877,3872,3877,3872,-3877,3872,-3877,3870,-3876,3869,-3875,3870,-3875,3871,3877,3868,-3873,3867,-3869,3861,-3868,3861,-3870,3862,3867,3863,-3868,3865,-3871,3865,-3870,3860,-3873,3862,-3875,3864,-3876,3863,-3875,3865,-3874,3863,3874,3864,-3875,3860,-3876,3860,-3876,3863,-3876,3862,3876,3859,-3873,3861,-3871,3863,-3873,3861,-3870,3860,-3868,3859,-3870,3858,-3866,-0.44,SJNFAAZE1U0005576,117.69,13.04,9025.1787109375,78,75,0,0,0,0,14.5,99.17,-154514,83,1528021398.856,9000,2,1,0,5,0,0,0,0,4,371.55,371.55,1F,1,1,1,0080,81,40,40,0,0,19,14.50
03/06/2018 11:23:22,54 58.53373,-1 31.10137,301,0,380,752081,1144818,371.42,28.159,3877,3859,3869,18,0,93.0,33.9,88.0,31.1,none,none,81.0,27.2,-3870,3867,-3871,3865,-3873,3869,-3874,3868,-3874,3869,-3874,3871,-3876,3871,-3877,3870,-3877,3872,-3875,3871,-3877,3871,-3877,3872,-3877,3870,-3876,3871,-3876,3873,-3876,3872,-3875,3872,-3875,3873,-3875,3870,-3874,3869,-3875,3870,-3876,3871,-3872,3868,-3870,3866,-3866,3860,-3867,3862,-3868,3861,-3868,3861,-3871,3863,-3872,3861,-3870,3860,-3874,3862,-3874,3865,-3873,3863,-3875,3863,-3873,3864,-3873,3860,-3874,3860,-3874,3860,-3877,3860,-3875,3861,-3872,3861,-3870,3860,-3872,3863,-3869,3863,-3868,3859,-3870,3861,-3867,3860,-0.48,SJNFAAZE1U0005576,117.69,13.04,9025.1787109375,78,75,0,0,0,0,14.5,99.17,-154514,83,1528021402.658,8800,2,1,0,5,0,0,0,0,4,371.53,371.53,1F,1,1,1,0080,81,40,40,0,0,19,13.00
03/06/2018 11:23:26,54 58.53373,-1 31.10137,301,0,380,751872,1144818,372.00,16.471,3883,3866,3875,17,0,93.0,33.9,87.8,31.0,none,none,80.8,27.1,-3876,3874,-3877,3872,-3880,3875,-3880,3876,-3880,3876,-3879,3877,-3881,3878,-3881,3876,-3882,3877,-3880,3877,-3882,3877,-3882,3878,-3883,3877,-3883,3876,-3882,3878,-3881,3878,-3881,3878,-3880,3878,-3881,3876,-3880,3876,-3880,3875,-3882,3878,-3878,3874,-3877,3871,-3872,3868,-3874,3869,-3874,3868,-3874,3868,-3877,3869,-3878,3868,-3875,3868,-3880,3869,-3880,3871,-3878,3871,-3879,3871,-3879,3871,-3878,3867,-3879,3868,-3878,3868,-3881,3868,-3879,3868,-3876,3868,-3875,3868,-3878,3870,-3874,3869,-3873,3867,-3874,3866,-3872,3866,-0.49,SJNFAAZE1U0005576,117.69,13.04,9025.1787109375,78,75,0,0,0,0,14.5,99.17,-154514,83,1528021406.584,6440,2,0,0,0,0,0,0,0,4,371.91,371.91,1F,1,1,1,0080,81,40,40,0,0,19,4.75
03/06/2018 11:23:30,54 58.53373,-1 31.10137,301,0,380,751784,1144818,372.48,3.623,3888,3871,3880,17,0,92.8,33.8,87.8,31.0,none,none,80.8,27.1,-3882,3879,-3882,3877,-3885,3880,-3884,3880,-3885,3882,-3885,3882,-3886,3882,-3887,3881,-3887,3882,-3886,3882,-3888,3881,-3886,3882,-3888,3881,-3887,3881,-3886,3882,-3886,3883,-3886,3883,-3885,3883,-3885,3881,-3884,3881,-3885,3880,-3887,3882,-3883,3879,-3883,3877,-3877,3872,-3879,3874,-3881,3873,-3880,3873,-3882,3874,-3883,3873,-3881,3873,-3884,3874,-3886,3877,-3883,3876,-3884,3876,-3884,3876,-3884,3872,-3884,3873,-3884,3872,-3886,3874,-3885,3873,-3882,3874,-3881,3873,-3883,3874,-3880,3874,-3877,3872,-3880,3872,-3879,3871,-0.43,SJNFAAZE1U0005576,117.69,13.04,9025.1787109375,78,75,0,0,0,0,14.5,99.17,-154514,83,1528021410.315,2400,2,0,0,0,0,0,0,0,4,372.49,372.49,1F,1,1,1,0080,81,40,40,0,0,19,-0.50
03/06/2018 11:23:34,54 58.53373,-1 31.10137,301,0,380,751754,1144818,372.77,3.196,3891,3875,3883,16,0,92.8,33.8,88.0,31.1,none,none,80.8,27.1,-3885,3883,-3886,3881,-3888,3883,-3887,3883,-3887,3884,-3888,3885,-3890,3885,-3889,3884,-3889,3885,-3889,3885,-3889,3884,-3890,3885,-3891,3885,-3890,3884,-3889,3885,-3890,3886,-3889,3885,-3888,3887,-3889,3884,-3888,3883,-3889,3884,-3890,3886,-3886,3883,-3886,3880,-3880,3875,-3882,3877,-3883,3877,-3884,3877,-3886,3877,-3886,3877,-3884,3876,-3887,3877,-3888,3880,-3886,3877,-3888,3878,-3887,3879,-3885,3875,-3888,3875,-3887,3875,-3890,3877,-3889,3876,-3886,3876,-3884,3876,-3885,3878,-3884,3877,-3881,3875,-3883,3876,-3882,3875,-0.48,SJNFAAZE1U0005576,117.69,13.04,9025.1787109375,78,75,0,0,0,0,14.5,99.17,-154514,83,1528021414.332,1200,2,0,0,0,0,0,0,0,4,372.66,372.66,1F,1,1,1,0080,81,40,40,0,0,19,-5.00
03/06/2018 11:23:38,54 58.53373,-1 31.10137,301,0,380,751828,1144818,373.44,-12.519,3899,3881,3890,18,0,92.8,33.8,87.8,31.0,none,none,80.8,27.1,3888,-3897,3886,-3893,3890,3893,3892,-3893,3890,-3895,3890,-3897,3891,-3899,3890,-3898,3891,-3897,3891,-3897,3891,-3897,3891,3897,3892,-3899,3890,-3898,3890,-3896,3892,-3897,3893,3896,3890,-3897,3891,-3895,3888,-3895,3891,-3895,3892,-3897,-3889,3894,-3888,3890,-3883,3890,-3884,3892,-3885,3888,-3886,3889,-3887,3892,-3885,3891,-3883,3892,-3885,3894,-3886,3896,-3884,3894,-3887,3894,-3885,3894,-3884,3894,-3882,3895,3883,-3895,3885,3895,3883,-3895,3881,-3892,3883,-3891,3885,-3893,3884,-3891,3883,3889,3883,-3891,3881,-3887,-0.49,SJNFAAZE1U0005576,117.69,13.04,9026.7880859375,78,75,0,0,0,0,14.5,99.17,-154517,83,1528021418.203,0,2,0,0,0,0,0,0,0,4,373.42,373.42,1F,1,1,1,0080,81,40,40,0,0,19,-9.75
03/06/2018 11:23:41,54 58.53373,-1 31.10137,301,0,380,751931,1144818,373.54,-11.267,3900,3883,3891,17,0,92.8,33.8,87.8,31.0,none,none,80.8,27.1,3890,-3898,3889,-3894,3893,3895,3893,-3895,3891,3896,3891,-3896,3893,-3898,3892,-3898,3893,-3898,3892,-3897,3893,-3898,3893,-3899,3893,-3900,3892,3899,3892,-3898,3894,-3897,3895,-3896,3893,-3897,3894,-3896,3891,3896,3893,-3895,3895,-3897,3890,-3895,3890,-3891,3884,3891,3885,-3892,3886,-3891,3887,-3890,3887,-3892,3888,-3892,3884,-3894,3886,-3895,3888,-3897,3886,3895,3887,-3894,3886,-3895,3886,-3895,3885,-3897,3883,3896,3885,-3897,3885,-3897,3883,-3894,3883,-3893,3886,-3894,3886,-3893,3883,-3890,3884,-3892,3883,3888,-0.50,SJNFAAZE1U0005576,117.69,13.04,9026.7880859375,78,75,0,0,0,0,14.5,99.17,-154521,83,1528021421.737,0,2,1,0,3,0,0,0,0,4,373.61,373.61,1F,1,1,1,0080,81,40,40,0,0,19,-6.50
03/06/2018 11:23:45,54 58.53373,-1 31.10137,301,0,380,752019,1144818,373.63,-10.016,3902,3881,3892,21,0,92.8,33.8,87.8,31.0,none,none,80.6,27.0,3889,-3899,3888,3895,3892,3896,3894,-3895,3892,-3896,3892,-3899,3894,3901,3892,-3899,3892,-3899,3892,-3899,3893,-3898,3893,-3899,3895,3902,3892,-3900,3893,-3899,3894,-3899,3895,-3897,3894,-3899,3893,-3898,3891,-3897,3894,-3896,3895,3898,3892,-3896,3891,-3892,3885,-3892,3885,-3894,3886,3892,3886,-3891,3888,-3894,3887,-3893,3884,-3896,3886,-3897,3887,-3899,3886,-3897,3887,-3896,3886,3896,3885,-3898,3884,-3898,3882,-3897,3884,-3899,3883,3898,3881,-3897,3883,-3896,3885,-3895,3884,-3894,3883,-3892,3884,-3893,3882,-3889,-0.47,SJNFAAZE1U0005576,117.69,13.04,9026.7880859375,78,75,0,0,0,0,14.5,99.17,-154525,83,1528021425.305,0,2,1,0,4,0,0,0,0,4,373.69,373.69,1F,1,1,1,0080,81,40,40,0,0,19,-9.50
03/06/2018 11:23:49,54 58.53373,-1 31.10137,301,0,380,752093,1144818,373.44,-5.164,3900,3879,3890,21,0,92.8,33.8,87.8,31.0,none,none,80.6,27.0,3887,-3897,3886,-3894,3889,3895,3893,3893,3890,-3896,3890,-3896,3891,-3899,3890,-3898,3890,-3898,3891,3898,3892,-3898,3890,-3898,3891,-3900,3889,-3899,3890,3897,3892,-3897,3892,-3896,3891,-3898,3890,-3897,3890,-3896,3891,-3896,3893,-3897,3889,-3895,3888,3889,3881,-3889,3882,-3891,3883,-3890,3885,-3889,3886,3893,3885,-3891,3882,-3894,3884,-3895,3885,-3897,3883,-3896,3885,-3895,3884,-3895,3883,-3895,3881,3895,3880,-3897,3883,-3897,3882,-3896,3879,-3893,3882,3892,3883,-3894,3883,-3891,3880,-3889,3882,-3891,3880,-3887,-0.51,SJNFAAZE1U0005576,117.69,13.04,9026.7880859375,78,75,0,0,0,0,14.5,99.17,-154528,83,1528021429.019,0,2,1,0,4,0,0,0,0,4,373.68,373.68,1F,1,1,1,0080,81,40,40,0,0,19,-0.50
03/06/2018 11:23:52,54 58.53373,-1 31.10137,301,0,380,752054,1144818,373.06,9.605,3896,3873,3886,23,0,92.8,33.8,87.8,31.0,none,none,80.8,27.1,3882,-3893,3882,-3890,3885,3891,3888,-3890,3885,-3892,3887,-3894,3886,-3894,3885,-3893,3887,-3893,3886,-3895,3887,-3894,3886,3895,3887,-3896,3885,-3895,3887,-3893,3887,-3893,3889,3892,3888,-3893,3886,-3892,3886,-3891,3886,-3891,3889,-3894,3885,-3890,3885,-3886,3878,-3885,3877,3888,3879,-3886,3880,-3885,3881,-3888,3881,-3887,3877,3890,3880,-3892,3881,-3893,3879,-3892,3880,-3891,3880,-3891,3879,-3892,3876,-3892,3876,-3892,3877,3892,3878,-3892,3873,-3890,3877,-3888,3880,-3888,3878,3888,3876,-3886,3877,-3888,3875,-3883,-0.48,SJNFAAZE1U0005576,117.69,13.04,9026.7880859375,78,75,0,0,0,0,14.5,99.17,-154528,83,1528021432.697,2520,2,1,0,4,0,0,0,0,4,373.20,373.20,1F,1,1,1,0080,81,40,40,0,0,19,6.00
03/06/2018 11:23:56,54 58.53373,-1 31.10137,301,0,380,751914,1144818,372.48,22.880,3889,3870,3880,19,0,92.8,33.8,87.8,31.0,none,none,80.8,27.1,-3881,3879,-3884,3877,-3886,3879,-3886,3879,-3885,3880,-3886,3882,-3888,3882,-3888,3881,-3888,3882,-3888,3881,-3888,3882,-3889,3883,-3889,3883,-3889,3882,-3888,3883,-3888,3884,-3888,3882,-3887,3883,-3886,3881,-3885,3880,-3885,3879,-3887,3882,-3884,3879,-3883,3877,-3876,3871,-3879,3872,-3880,3873,-3879,3872,-3884,3873,-3884,3873,-3881,3872,-3886,3873,-3888,3875,-3884,3874,-3885,3875,-3883,3875,-3887,3870,-3886,3872,-3885,3870,-3887,3873,-3886,3872,-3883,3873,-3880,3872,-3883,3875,-3881,3874,-3878,3871,-3881,3871,-3879,3871,-0.50,SJNFAAZE1U0005576,117.69,13.04,9026.7880859375,78,75,0,0,0,0,14.5,99.17,-154528,83,1528021436.321,6040,2,1,0,4,0,0,0,0,4,372.61,372.61,1F,1,1,1,0080,81,40,40,0,0,19,10.75
03/06/2018 11:24:00,54 58.53373,-1 31.10137,301,0,380,751649,1144818,371.71,40.214,3881,3861,3872,20,0,93.0,33.9,87.8,31.0,none,none,80.8,27.1,-3872,3869,-3874,3869,-3877,3873,-3877,3871,-3877,3873,-3877,3874,-3879,3874,-3879,3872,-3878,3874,-3879,3873,-3880,3874,-3879,3876,-3881,3873,-3880,3873,-3878,3876,-3878,3875,-3879,3875,-3877,3876,-3878,3873,-3876,3871,-3878,3873,-3878,3874,-3875,3870,-3874,3870,-3867,3863,-3870,3865,-3871,3865,-3872,3865,-3875,3866,-3873,3864,-3872,3863,-3876,3865,-3877,3868,-3876,3865,-3877,3866,-3875,3866,-3877,3861,-3876,3863,-3876,3863,-3878,3863,-3877,3863,-3874,3863,-3872,3863,-3875,3865,-3871,3864,-3869,3862,-3870,3864,-3870,3862,-0.49,SJNFAAZE1U0005576,117.69,13.04,9026.7880859375,78,75,0,0,0,0,14.5,99.17,-154528,83,1528021440.357,10480,2,1,0,5,0,0,0,0,4,371.87,371.87,1F,1,1,1,0080,81,40,40,0,0,19,22.75
03/06/2018 11:24:04,54 58.53373,-1 31.10137,301,0,380,751231,1144818,371.33,42.655,3877,3858,3868,19,0,92.8,33.8,87.8,31.0,none,none,80.6,27.0,-3868,3866,-3870,3865,-3872,3867,-3874,3867,-3872,3869,-3873,3870,-3876,3870,-3876,3870,-3877,3870,-3876,3871,-3875,3869,-3875,3872,-3876,3870,-3876,3869,-3876,3871,-3876,3872,-3874,3872,-3875,3873,-3874,3869,-3873,3868,-3874,3869,-3875,3870,-3870,3867,-3871,3865,-3863,3858,-3866,3861,-3868,3861,-3868,3860,-3871,3863,-3870,3860,-3868,3861,-3873,3862,-3873,3863,-3872,3863,-3872,3862,-3869,3864,-3875,3858,-3874,3860,-3874,3860,-3875,3861,-3873,3860,-3870,3860,-3869,3862,-3871,3863,-3867,3861,-3864,3858,-3867,3859,-3866,3858,-0.45,SJNFAAZE1U0005576,117.69,13.04,9026.7880859375,78,75,0,0,0,0,14.5,99.17,-154528,83,1528021444.211,13000,2,1,0,5,0,0,0,0,4,371.35,371.35,1F,1,1,1,0080,81,40,40,0,0,19,21.25
03/06/2018 11:24:07,54 58.53373,-1 31.10137,301,0,380,750889,1144818,371.33,36.521,3876,3859,3868,17,0,92.8,33.8,87.8,31.0,none,none,80.6,27.0,-3870,3868,-3871,3865,-3873,3869,-3872,3867,-3872,3869,-3873,3870,-3875,3870,-3875,3870,-3875,3871,-3875,3871,-3875,3870,-3876,3872,-3876,3870,-3875,3870,-3875,3872,-3874,3872,-3874,3870,-3874,3873,-3874,3870,-3873,3868,-3874,3869,-3875,3871,-3872,3867,-3870,3865,-3865,3860,-3867,3861,-3867,3863,-3868,3861,-3870,3863,-3871,3861,-3869,3861,-3872,3862,-3873,3865,-3872,3863,-3873,3864,-3872,3864,-3872,3859,-3872,3860,-3871,3862,-3874,3863,-3875,3862,-3870,3861,-3869,3861,-3872,3863,-3868,3864,-3866,3861,-3868,3862,-3866,3860,-0.46,SJNFAAZE1U0005576,117.69,13.04,9026.7880859375,78,75,0,0,0,0,14.5,99.17,-154528,83,1528021447.979,11520,2,1,0,5,0,0,0,0,4,371.43,371.43,1F,1,1,1,0080,81,40,40,0,0,19,16.00
03/06/2018 11:24:11,54 58.53373,-1 31.10137,301,0,380,750602,1144818,371.62,27.640,3882,3860,3871,22,0,92.8,33.8,87.8,31.0,none,none,80.8,27.1,-3867,3878,-3867,3875,-3870,3875,-3872,3875,-3870,3878,-3871,3879,-3871,3880,-3871,3879,-3872,3879,-3872,3880,-3872,3879,-3871,3881,-3872,3882,-3871,3881,3871,-3879,3874,3879,3873,-3878,3873,-3878,3872,-3878,3870,-3877,3872,-3876,3873,3879,3869,-3874,3869,-3871,3862,-3871,3862,-3873,3864,3871,3864,-3869,3867,-3874,3866,-3873,3862,-3875,3864,-3876,3866,-3878,3864,-3876,3866,-3876,3863,3875,3867,-3876,3861,-3877,3862,-3877,3863,-3876,3862,3877,3860,-3875,-3861,3874,-3864,3875,-3863,3872,-3862,3871,-3862,3873,-3861,3869,-0.47,SJNFAAZE1U0005576,117.69,13.04,9026.7880859375,78,75,0,0,0,0,14.5,99.17,-154528,83,1528021451.710,9400,2,1,0,5,0,0,0,0,4,371.68,371.68,1F,1,1,1,0080,81,40,40,0,0,19,14.25
03/06/2018 11:24:15,54 58.53373,-1 31.10137,301,0,380,750378,1144818,371.62,25.382,3881,3860,3871,21,0,93.0,33.9,87.8,31.0,none,none,80.8,27.1,3866,3877,3867,-3874,3870,3874,3874,-3874,3870,-3876,3871,-3878,3873,-3881,3871,-3879,3873,-3879,3872,3878,3872,-3879,3872,-3880,3874,-3881,3873,-3880,3872,3877,3874,-3878,3873,-3878,3873,-3878,3873,-3878,3871,-3876,3872,-3876,3874,-3878,3870,-3875,3869,3871,3861,-3870,3864,-3872,3863,-3870,3864,-3870,3867,3873,3867,-3872,3863,-3875,3864,-3876,3865,-3876,3865,-3876,3866,-3876,3864,-3875,3866,-3876,3862,-3877,3861,-3878,3864,-3878,3863,-3877,3860,-3875,3862,-3875,3865,3875,3863,-3873,3862,-3871,3860,-3871,3861,-3867,-0.47,SJNFAAZE1U0005576,117.69,13.04,9026.7880859375,78,75,0,0,0,0,14.5,99.17,-154528,84,1528021455.355,7960,2,1,0,5,0,0,0,0,4,371.73,371.73,1F,1,1,1,0080,81,40,40,0,0,19,13.25
03/06/2018 11:24:19,54 58.53373,-1 31.10137,301,0,380,750155,1144818,371.71,22.879,3883,3861,3872,22,0,92.8,33.8,87.8,31.0,none,none,80.8,27.1,3868,-3879,3868,-3876,3871,3877,3874,-3876,3872,-3879,3871,-3879,3873,-3882,3872,-3881,3871,-3881,3872,-3881,3874,-3881,3873,3881,3873,-3883,3872,-3882,3873,-3880,3874,-3880,3873,3878,3874,-3881,3872,-3878,3871,-3878,3873,-3877,3874,-3879,3870,-3877,3869,-3873,3864,-3872,3863,3874,3866,-3871,3866,-3871,3868,-3875,3867,-3873,3864,3876,3866,-3878,3867,-3880,3865,-3877,3867,-3877,3866,-3876,3866,3879,3863,-3879,3864,-3878,3865,-3878,3863,-3879,3861,-3876,3864,-3875,3866,-3876,3865,-3874,3862,3872,3864,-3873,3861,-3869,-0.52,SJNFAAZE1U0005576,117.69,13.04,9026.7880859375,78,75,0,0,0,0,14.5,99.17,-154528,84,1528021459.129,7360,2,1,0,5,0,0,0,0,4,371.78,371.78,1F,1,1,1,0080,81,40,40,0,0,19,9.50
03/06/2018 11:24:23,54 58.53373,-1 31.10137,301,0,379,749979,1144818,372.10,17.112,3886,3866,3876,20,0,92.8,33.8,87.8,31.0,none,none,80.8,27.1,3873,-3883,3872,-3880,3876,3880,3878,-3879,3876,3882,3877,-3882,3877,-3885,3876,-3885,3877,-3885,3876,-3883,3877,-3883,3877,-3884,3877,-3886,3876,3885,3876,-3883,3878,-3884,3879,-3882,3878,-3883,3878,3883,3876,-3881,3877,-3880,3878,-3884,3875,-3880,3875,-3877,3869,-3876,3869,-3878,3870,-3876,3871,3875,3872,-3879,3871,-3877,3868,-3880,3870,-3883,3871,3883,3870,-3881,3873,-3881,3870,-3880,3870,-3881,3866,-3882,3868,3883,3870,-3882,3867,-3882,3866,-3880,3868,-3879,3870,-3880,3869,-3878,3867,-3876,3868,-3877,3866,3873,-0.50,SJNFAAZE1U0005576,117.69,13.04,9026.7880859375,78,75,0,0,0,0,14.5,99.17,-154528,84,1528021463.074,5320,2,1,0,5,0,0,0,0,4,372.07,372.07,1F,1,1,1,0080,81,40,40,0,0,19,8.00
03/06/2018 11:24:26,54 58.53373,-1 31.10137,301,0,379,749825,1144818,372.10,18.454,3885,3864,3876,21,0,92.8,33.8,87.8,31.0,none,none,80.6,27.0,3872,-3882,3871,3879,3874,3880,3877,-3879,3875,-3882,3875,-3883,3876,3883,3875,-3883,3876,-3883,3875,-3884,3877,-3883,3876,-3884,3877,-3885,3875,-3883,3875,-3883,3877,3883,3878,-3882,3877,-3882,3876,-3882,3875,-3880,3876,3881,3878,-3883,3874,-3880,3874,-3876,3868,-3875,3867,-3877,3868,-3876,3870,-3875,3871,-3878,3871,3877,3867,-3880,3870,-3880,3871,-3882,3869,-3881,3871,-3881,3869,3880,3869,-3881,3867,-3882,3865,-3882,3868,-3882,3867,3881,3864,-3880,3866,-3879,3870,-3878,3869,-3879,3867,-3876,3866,-3877,3866,-3872,-0.50,SJNFAAZE1U0005576,117.69,13.04,9026.7880859375,78,75,0,0,0,0,14.5,99.17,-154528,84,1528021466.705,5760,2,0,0,0,0,0,0,0,4,372.06,372.06,1F,1,1,1,0080,81,40,40,0,0,19,8.75
03/06/2018 11:24:30,54 58.53373,-1 31.10137,301,0,379,749658,1144818,372.00,21.140,3883,3866,3875,17,0,92.8,33.8,87.8,31.0,none,none,80.6,27.0,-3877,3874,-3878,3872,-3879,3875,-3880,3875,-3880,3876,-3880,3877,-3882,3877,-3882,3876,-3882,3877,-3882,3876,-3882,3877,-3882,3878,-3883,3877,-3883,3876,-3882,3879,-3881,3878,-3881,3878,-3881,3880,-3880,3876,-3880,3876,-3881,3876,-3882,3877,-3878,3874,-3877,3873,-3872,3868,-3874,3869,-3876,3869,-3876,3869,-3879,3869,-3878,3869,-3878,3868,-3881,3868,-3881,3871,-3879,3870,-3880,3870,-3879,3870,-3880,3866,-3881,3867,-3881,3867,-3883,3868,-3882,3868,-3879,3869,-3877,3867,-3879,3870,-3877,3870,-3875,3866,-3876,3867,-3875,3867,-0.49,SJNFAAZE1U0005576,117.69,13.04,9026.7880859375,78,75,0,0,0,0,14.5,99.17,-154528,84,1528021470.739,5760,2,0,0,0,0,0,0,0,4,372.01,372.01,1F,1,1,1,0080,81,40,40,0,0,19,8.25
03/06/2018 11:24:34,54 58.53373,-1 31.10137,301,0,379,749498,1144818,372.29,11.130,3886,3870,3878,16,0,92.8,33.8,87.8,31.0,none,none,80.8,27.1,-3880,3877,-3881,3877,-3882,3879,-3882,3878,-3884,3879,-3883,3880,-3884,3880,-3885,3879,-3885,3881,-3884,3879,-3885,3880,-3884,3881,-3886,3881,-3885,3880,-3884,3883,-3884,3881,-3884,3880,-3883,3881,-3883,3879,-3883,3879,-3884,3878,-3884,3881,-3882,3877,-3880,3876,-3876,3870,-3877,3873,-3878,3873,-3879,3873,-3881,3875,-3881,3873,-3878,3871,-3882,3873,-3883,3876,-3881,3875,-3883,3874,-3881,3875,-3881,3870,-3882,3871,-3882,3870,-3883,3872,-3883,3873,-3881,3873,-3878,3871,-3881,3872,-3879,3873,-3876,3871,-3878,3872,-3877,3870,-0.48,SJNFAAZE1U0005576,117.69,13.04,9026.7880859375,78,75,0,0,0,0,14.5,99.17,-154528,84,1528021474.732,5240,2,0,0,0,0,0,0,0,4,372.31,372.31,1F,1,1,1,0080,81,40,40,0,0,19,4.00
03/06/2018 11:24:38,54 58.53373,-1 31.10137,301,0,379,749415,1144818,372.67,3.318,3890,3874,3882,16,0,92.6,33.7,87.6,30.9,none,none,80.6,27.0,-3884,3882,-3885,3879,-3887,3882,-3887,3882,-3886,3883,-3887,3883,-3888,3884,-3888,3883,-3888,3884,-3888,3883,-3889,3883,-3889,3885,-3890,3884,-3890,3883,-3888,3885,-3888,3884,-3888,3883,-3886,3885,-3887,3883,-3886,3882,-3888,3883,-3889,3885,-3886,3881,-3885,3879,-3880,3874,-3881,3876,-3883,3877,-3884,3877,-3885,3877,-3885,3876,-3884,3876,-3887,3876,-3887,3878,-3887,3878,-3888,3878,-3885,3878,-3886,3874,-3886,3875,-3887,3876,-3888,3876,-3887,3876,-3884,3876,-3884,3877,-3884,3878,-3883,3877,-3881,3874,-3883,3875,-3881,3874,-0.49,SJNFAAZE1U0005576,117.69,13.04,9026.7880859375,78,75,0,0,0,0,14.5,99.17,-154528,84,1528021478.536,2800,2,0,0,0,0,0,0,0,4,372.77,372.77,1F,1,1,1,0080,80,40,40,0,0,19,3.50
03/06/2018 11:24:42,54 58.53373,-1 31.10137,301,0,379,749296,1144818,372.10,20.133,3884,3866,3876,18,0,92.6,33.7,87.6,30.9,none,none,80.6,27.0,-3877,3875,-3879,3873,-3882,3877,-3881,3875,-3880,3877,-3881,3878,-3883,3878,-3883,3876,-3883,3878,-3883,3877,-3883,3877,-3883,3879,-3884,3877,-3884,3876,-3883,3878,-3882,3879,-3883,3879,-3881,3880,-3881,3876,-3880,3876,-3882,3877,-3883,3879,-3879,3875,-3878,3873,-3874,3868,-3874,3870,-3876,3869,-3876,3869,-3880,3870,-3879,3869,-3877,3867,-3881,3869,-3882,3872,-3880,3870,-3882,3870,-3880,3872,-3881,3866,-3881,3867,-3880,3867,-3883,3868,-3882,3869,-3879,3868,-3878,3868,-3880,3869,-3876,3869,-3874,3867,-3877,3868,-3875,3867,-0.46,SJNFAAZE1U0005576,117.69,13.04,9026.7880859375,78,75,0,0,0,0,14.5,99.17,-154528,84,1528021482.288,5720,2,1,0,4,0,0,0,0,4,372.22,372.22,1F,1,1,1,0080,80,40,40,0,0,19,12.50
03/06/2018 11:24:46,54 58.53373,-1 31.10137,301,0,379,749091,1144818,372.00,20.438,3885,3864,3875,21,0,92.8,33.8,87.8,31.0,none,none,80.6,27.0,3872,-3881,3871,-3880,3874,3878,3877,-3878,3875,-3880,3875,-3882,3875,-3884,3874,-3883,3874,-3882,3875,-3882,3876,-3881,3876,3883,3876,-3885,3875,-3885,3876,-3882,3877,-3881,3877,3880,3876,-3883,3876,-3880,3874,-3879,3876,-3879,3878,-3882,3874,-3878,3873,-3875,3867,-3874,3868,3877,3870,-3875,3870,-3874,3871,-3877,3870,-3875,3866,3878,3869,-3880,-3870,3881,-3868,3881,-3870,3880,-3869,3879,-3870,3880,-3866,3880,3867,-3882,3868,3881,3868,-3881,3864,-3878,3867,-3879,3869,-3879,3868,-3878,3866,3875,3867,-3876,3865,-3873,-0.46,SJNFAAZE1U0005576,117.69,13.04,9028.3974609375,78,75,0,0,0,0,14.5,99.17,-154528,84,1528021486.141,7280,2,1,0,4,0,0,0,0,4,372.07,372.07,1F,1,1,1,0080,80,40,40,0,0,19,10.75
03/06/2018 11:24:50,54 58.53373,-1 31.10137,301,0,379,748870,1144818,371.81,24.650,3884,3863,3873,21,0,92.6,33.7,87.6,30.9,none,none,80.6,27.0,3869,-3880,3868,-3877,3873,3878,3875,-3876,3871,3879,3872,-3880,3872,-3883,3872,-3881,3873,-3881,3873,-3881,3874,-3880,3874,-3881,3874,-3884,3872,3882,3873,-3881,3875,-3880,3875,-3880,3874,-3880,3873,3880,3872,-3879,3874,-3879,3875,-3881,3871,-3878,3871,-3874,3865,-3873,3864,-3876,3867,-3873,3868,3872,3869,-3875,3868,-3875,3865,-3877,3867,-3878,3867,3881,3866,-3878,3869,-3879,3867,-3877,3867,-3878,3864,-3879,3863,3879,3865,-3880,3865,-3879,3863,-3878,3865,-3877,3867,-3877,3866,-3875,3864,-3872,3864,-3874,3863,3871,-0.46,SJNFAAZE1U0005576,117.69,13.04,9028.3974609375,78,75,0,0,0,0,14.5,99.17,-154528,84,1528021490.189,7560,2,1,0,4,0,0,0,0,4,371.92,371.92,1F,1,1,1,0080,80,40,40,0,0,19,12.25
03/06/2018 11:24:54,54 58.53373,-1 31.10137,301,0,379,748636,1144818,371.71,24.375,3881,3863,3872,18,0,92.8,33.8,87.8,31.0,none,none,80.8,27.1,3870,-3878,3870,3876,3874,3877,3875,-3875,3872,-3878,3873,-3879,3873,3880,3873,-3879,3873,-3880,3873,-3879,3874,-3879,3874,-3880,3874,-3881,3873,-3881,3874,-3879,3875,3879,3875,-3878,3875,-3879,3873,-3877,3872,-3876,3874,3876,3875,-3879,3873,-3875,3871,-3873,3865,-3871,3866,-3873,3866,-3872,3867,-3870,3870,-3874,3868,3873,3864,-3875,3866,-3876,3868,-3878,3867,-3877,3868,3877,3866,-3876,3868,-3875,3865,-3877,3864,-3878,3866,-3878,3865,-3878,3863,-3874,3865,-3874,3866,-3876,3865,-3874,3863,-3871,3864,-3871,3864,-3870,-0.48,SJNFAAZE1U0005576,117.69,13.04,9028.3974609375,78,75,0,0,0,0,14.5,99.17,-154528,84,1528021494.124,7560,2,1,0,5,0,0,0,0,4,371.83,371.83,1F,1,1,1,0080,80,40,40,0,0,19,10.25
03/06/2018 11:24:57,54 58.53373,-1 31.10137,301,0,379,748450,1144818,372.00,18.760,3884,3866,3875,18,0,92.8,33.8,87.6,30.9,none,none,80.4,26.9,3872,-3881,3872,-3878,3875,3878,3876,3878,3875,-3880,3875,-3881,3876,-3882,3877,-3883,3875,3882,3876,-3881,3877,-3882,3876,-3882,3877,-3884,3875,-3883,3876,-3882,3877,-3882,3878,-3881,3877,3882,3876,-3881,3875,-3880,3876,-3880,3878,-3882,3875,3880,3874,-3876,3867,-3874,3869,-3877,3869,-3874,3870,-3874,3872,-3877,3871,-3875,3868,-3877,3869,3879,3871,-3880,3870,-3879,3871,-3879,3869,-3878,3872,3879,3867,-3880,3867,-3879,3869,-3880,3868,-3880,3866,-3877,3866,3877,3869,-3877,3868,-3877,3867,-3875,3868,-3876,3867,-3872,-0.51,SJNFAAZE1U0005576,117.69,13.04,9028.3974609375,78,75,0,0,0,0,14.5,99.17,-154528,84,1528021497.782,6400,2,1,0,4,0,0,0,0,4,372.04,372.04,1F,1,1,1,0080,80,40,40,0,0,19,7.75
03/06/2018 11:25:01,54 58.53373,-1 31.10137,301,0,379,748327,1144818,372.38,10.398,3887,3869,3879,18,0,92.6,33.7,87.6,30.9,none,none,80.6,27.0,3881,-3878,3883,-3875,3885,3877,3884,-3877,3884,-3878,3885,3880,3885,-3880,3886,-3878,3885,-3879,3885,-3879,3887,3879,3886,-3880,3887,-3880,3887,-3879,3887,-3881,3884,-3882,3885,-3880,3884,-3882,3885,-3880,3883,3878,3885,-3878,3886,-3881,3883,-3877,3882,-3876,3878,3871,3880,-3872,-3879,3873,-3881,-3871,-3883,3872,-3883,3872,-3881,3871,-3885,3872,3885,-3874,-3884,3874,3885,-3874,3883,-3873,3883,-3869,3886,-3870,3885,-3871,3887,3871,3886,-3871,3883,-3872,3882,-3872,3882,-3874,3881,3873,3878,-3871,3880,-3870,3878,-3871,-0.49,SJNFAAZE1U0005576,117.69,13.04,9028.3974609375,78,75,0,0,0,0,14.5,99.17,-154528,84,1528021501.339,4280,2,1,0,4,0,0,0,0,4,372.37,372.37,1F,1,1,1,0080,80,40,40,0,0,19,4.00
03/06/2018 11:25:05,54 58.53373,-1 31.10137,301,0,379,748238,1144818,372.48,9.788,3889,3870,3880,19,0,92.6,33.7,87.6,30.9,none,none,80.6,27.0,-3883,3879,-3884,3877,-3886,3880,-3885,3879,-3885,3881,-3885,3882,-3888,3881,-3887,3881,-3887,3881,-3886,3881,-3888,3880,-3887,3882,-3888,3880,-3889,3879,-3886,3882,-3885,3883,-3886,3881,-3885,3882,-3885,3879,-3885,3878,-3886,3880,-3887,3882,-3885,3880,-3884,3877,-3878,3872,-3881,3874,-3882,3874,-3882,3874,-3883,3875,-3884,3872,-3882,3872,-3886,3873,-3888,3875,-3885,3874,-3887,3875,-3885,3875,-3885,3871,-3886,3871,-3886,3870,-3888,3873,-3887,3872,-3884,3873,-3882,3872,-3883,3875,-3881,3874,-3880,3872,-3882,3873,-3881,3871,-0.53,SJNFAAZE1U0005576,117.69,13.04,9028.3974609375,78,75,0,0,0,0,14.5,99.17,-154528,84,1528021505.048,3520,2,1,0,5,0,0,0,0,4,372.47,372.47,1F,1,1,1,0080,80,40,40,0,0,19,1.00
03/06/2018 11:25:08,54 58.53373,-1 31.10137,301,0,379,748183,1144818,372.77,4.355,3890,3874,3883,16,0,92.8,33.8,87.8,31.0,none,none,80.4,26.9,-3884,3882,-3885,3879,-3888,3884,-3887,3881,-3887,3883,-3888,3884,-3889,3884,-3889,3883,-3887,3884,-3889,3884,-3889,3884,-3889,3885,-3890,3885,-3890,3883,-3889,3885,-3889,3886,-3887,3884,-3888,3885,-3888,3883,-3888,3883,-3887,3883,-3888,3885,-3886,3882,-3885,3880,-3880,3875,-3883,3877,-3884,3877,-3883,3877,-3886,3877,-3886,3875,-3885,3876,-3887,3877,-3888,3878,-3885,3878,-3887,3878,-3885,3878,-3886,3874,-3887,3875,-3887,3875,-3890,3875,-3887,3875,-3886,3876,-3884,3876,-3886,3878,-3883,3877,-3881,3874,-3883,3876,-3881,3874,-0.48,SJNFAAZE1U0005576,117.69,13.04,9028.3974609375,78,75,0,0,0,0,14.5,99.17,-154528,84,1528021508.574,0,2,1,0,5,0,0,0,0,4,372.74,372.74,1F,1,1,1,0080,80,40,40,0,0,19,-1.50
03/06/2018 11:25:12,54 58.53373,-1 31.10137,301,0,378,748148,1144818,372.67,11.558,3890,3872,3882,18,0,92.6,33.7,87.8,31.0,none,none,80.6,27.0,-3885,3881,-3885,3879,-3886,3881,-3886,3881,-3886,3883,-3887,3884,-3888,3883,-3889,3882,-3888,3883,-3888,3882,-3888,3884,-3889,3884,-3890,3883,-3889,3883,-3888,3884,-3888,3885,-3887,3883,-3887,3885,-3887,3882,-3887,3881,-3887,3882,-3889,3883,-3886,3881,-3885,3878,-3880,3874,-3882,3876,-3882,3876,-3883,3874,-3886,3876,-3885,3874,-3884,3873,-3887,3876,-3888,3878,-3886,3876,-3887,3876,-3886,3877,-3886,3872,-3888,3873,-3886,3873,-3890,3875,-3887,3875,-3885,3876,-3884,3874,-3886,3875,-3883,3876,-3880,3873,-3882,3874,-3881,3873,-0.47,SJNFAAZE1U0005576,117.69,13.04,9028.3974609375,78,75,0,0,0,0,14.5,99.17,-154528,84,1528021512.464,1120,2,1,0,5,0,0,0,0,4,372.67,372.67,1F,1,1,1,0080,80,40,40,0,0,19,4.25
03/06/2018 11:25:16,54 58.53373,-1 31.10137,301,0,378,748079,1144818,372.77,8.262,3892,3874,3883,18,0,92.6,33.7,87.6,30.9,none,none,80.6,27.0,-3885,3882,-3886,3880,-3889,3882,-3888,3882,-3887,3882,-3888,3884,-3890,3883,-3889,3883,-3891,3883,-3890,3884,-3891,3884,-3890,3885,-3891,3884,-3892,3883,-3889,3885,-3890,3885,-3889,3884,-3889,3886,-3889,3884,-3888,3882,-3889,3883,-3890,3885,-3888,3882,-3887,3880,-3881,3874,-3884,3876,-3884,3877,-3883,3876,-3886,3877,-3886,3876,-3885,3875,-3889,3877,-3890,3879,-3888,3877,-3888,3876,-3887,3877,-3888,3874,-3889,3874,-3889,3874,-3891,3874,-3890,3874,-3888,3875,-3885,3875,-3886,3876,-3883,3877,-3883,3874,-3885,3875,-3883,3874,-0.47,SJNFAAZE1U0005576,117.69,13.04,9028.3974609375,78,75,0,0,0,0,14.5,99.17,-154528,84,1528021516.292,2560,2,1,0,5,0,0,0,0,4,372.74,372.74,1F,1,1,1,0080,80,40,40,0,0,19,2.50
03/06/2018 11:25:19,54 58.53373,-1 31.10137,301,0,378,748023,1144818,372.86,4.783,3894,3874,3884,20,0,92.6,33.7,87.8,31.0,none,none,80.6,27.0,3881,-3890,3880,3888,3883,3888,3886,-3888,3883,-3890,3884,-3890,3884,3892,3884,-3892,3884,-3891,3883,-3891,3886,-3890,3884,-3892,3885,-3894,3883,-3892,3883,-3890,3886,3890,3886,-3889,3886,-3891,3884,-3889,3883,-3889,3885,-3889,3886,3890,3883,-3887,3882,-3885,3876,-3884,3877,-3887,3878,3885,3879,-3882,3879,-3886,3880,-3885,3876,-3888,3877,-3889,3879,-3891,3878,-3889,3880,-3889,3878,3888,3877,-3889,3874,-3889,3876,-3891,3876,-3891,3876,3889,3874,-3888,3875,-3887,3877,-3887,3877,-3887,3875,-3884,3876,-3885,3875,-3882,-0.51,SJNFAAZE1U0005576,117.69,13.04,9028.3974609375,78,75,0,0,0,0,14.5,99.17,-154528,84,1528021519.869,2440,2,1,0,5,0,0,0,0,4,372.94,372.94,1F,1,1,1,0080,80,40,40,0,0,19,-0.25
03/06/2018 11:25:23,54 58.53373,-1 31.10137,301,0,378,748010,1144818,373.15,-1.135,3897,3876,3887,21,0,92.8,33.8,87.6,30.9,none,none,80.6,27.0,3883,-3894,3884,-3891,3886,3890,3889,3890,3886,-3893,3887,-3893,3886,-3895,3886,-3893,3887,3896,3886,-3894,3887,-3894,3886,-3895,3888,-3897,3887,-3895,3886,3894,3888,-3894,3888,-3892,3888,-3893,3888,-3893,3886,-3892,3888,-3892,3890,-3893,3887,-3890,3885,3888,3879,-3887,3880,-3889,3881,-3887,3880,-3886,3884,3889,3882,-3888,3879,-3892,3880,-3892,3881,-3895,3880,-3892,3883,-3892,3880,-3892,3881,-3893,3878,3892,3878,-3894,3879,-3894,3879,-3894,3876,-3891,3879,3890,3881,-3890,3880,-3888,3878,-3886,3877,-3888,3877,-3885,-0.47,SJNFAAZE1U0005576,117.69,13.04,9028.3974609375,78,75,0,0,0,0,15.0,99.17,-154528,84,1528021523.651,0,2,0,0,0,0,0,0,0,4,373.20,373.20,1F,1,1,1,0080,80,40,40,0,0,19,-4.00
03/06/2018 11:25:27,54 58.53373,-1 31.10137,301,0,378,748036,1144818,373.54,-5.164,3900,3881,3891,19,0,92.6,33.7,87.6,30.9,none,none,80.6,27.0,3889,-3897,3887,-3894,3891,3895,3892,-3893,3891,-3896,3890,3897,3891,-3898,3891,-3898,3890,-3897,3891,-3898,3891,-3897,3891,3898,3892,-3900,3890,-3899,3891,-3898,3893,-3898,3892,3896,3892,-3897,3891,-3896,3890,-3895,3892,-3895,3893,-3897,3890,-3895,3889,-3890,3884,-3891,3883,3892,3885,-3890,3886,-3889,3886,-3893,3886,-3891,3882,3895,3885,-3896,3886,-3898,3883,-3895,3886,-3895,3885,-3895,3883,-3896,3883,-3896,3881,-3896,3883,3898,3883,-3897,3882,-3895,3883,-3894,3884,-3894,3884,3893,3882,-3890,3883,-3892,3882,-3888,-0.50,SJNFAAZE1U0005576,117.69,13.04,9028.3974609375,78,75,0,0,0,0,14.5,99.17,-154529,84,1528021527.033,0,2,0,0,0,0,0,0,0,4,373.47,373.47,1F,1,1,1,0080,80,40,40,0,0,19,-5.50
03/06/2018 11:25:30,54 58.53373,-1 31.10137,301,0,378,748096,1144818,373.73,-9.833,3903,3883,3893,20,0,92.6,33.7,87.6,30.9,none,none,80.4,26.9,3891,-3900,3888,-3897,3892,3897,3894,-3896,3893,3898,3892,-3900,3893,-3902,3892,-3901,3893,-3901,3892,-3899,3893,-3899,3892,-3900,3893,-3903,3891,3902,3893,-3900,3894,-3900,3895,-3899,3894,-3899,3893,3898,3892,-3898,3893,-3898,3896,-3899,3892,-3897,3890,-3894,3885,-3894,3885,-3895,3886,-3892,3887,3893,3889,-3896,3888,-3896,3885,-3897,3887,-3899,3888,3901,3886,-3896,3888,-3898,3888,-3898,3885,-3899,3884,-3899,3884,-3899,3886,-3899,3885,-3900,3883,3897,3884,-3895,3885,-3895,3885,-3894,3884,-3893,3885,-3895,3883,3891,-0.49,SJNFAAZE1U0005576,117.69,13.04,9028.3974609375,78,75,0,0,0,0,15.0,99.17,-154531,84,1528021530.490,0,2,0,0,0,0,0,0,0,4,373.78,373.78,1F,1,1,1,0080,80,40,40,0,0,19,-8.50
03/06/2018 11:25:34,54 58.53373,-1 31.10137,301,0,379,748189,1144818,373.92,-9.894,3906,3884,3895,22,0,92.8,33.8,87.6,30.9,none,none,80.6,27.0,3892,-3901,3891,3900,3895,3900,3896,-3898,3894,-3901,3894,-3901,3895,3904,3894,-3902,3894,-3903,3893,-3902,3895,-3902,3895,-3901,3895,-3906,3894,-3904,3894,-3902,3897,3902,3897,-3901,3896,-3901,3895,-3901,3893,-3900,3895,3901,3898,-3902,3894,-3900,3894,-3895,3887,-3896,3887,-3898,3889,-3895,3890,-3894,3891,-3897,3890,3896,3886,-3898,3888,-3900,3890,-3903,3888,-3901,3890,3899,3889,-3899,3889,-3901,3887,-3902,3887,-3900,3887,-3902,3886,3901,3884,-3899,3886,-3897,3887,-3899,3888,-3895,3885,-3894,3887,-3896,3885,-3893,-0.46,SJNFAAZE1U0005576,117.69,13.04,9028.3974609375,78,75,0,0,0,0,15.0,99.17,-154535,85,1528021534.417,0,2,0,0,0,0,0,0,0,4,373.95,373.95,1F,1,1,1,0080,80,40,40,0,0,19,-6.25
03/06/2018 11:25:38,54 58.53373,-1 31.10137,301,0,379,748259,1144818,373.92,-6.293,3904,3884,3895,20,0,92.6,33.7,87.6,30.9,none,none,80.4,26.9,-3899,3894,-3898,3891,-3901,3894,-3900,3893,-3900,3894,-3901,3895,-3901,3895,-3902,3894,-3902,3895,-3901,3894,-3901,3894,-3902,3895,-3902,3896,-3904,3894,-3901,3896,-3901,3896,-3902,3896,-3900,3898,-3900,3894,-3899,3893,-3901,3894,-3903,3896,-3899,3894,-3899,3892,-3894,3886,-3897,3888,-3896,3888,-3896,3887,-3899,3888,-3899,3888,-3896,3887,-3900,3888,-3902,3891,-3901,3890,-3900,3891,-3900,3889,-3899,3884,-3901,3886,-3901,3885,-3902,3887,-3902,3886,-3899,3888,-3897,3887,-3900,3889,-3896,3888,-3894,3885,-3897,3886,-3895,3885,-0.46,SJNFAAZE1U0005576,117.69,13.04,9028.3974609375,78,75,0,0,0,0,15.0,99.17,-154538,85,1528021538.352,0,2,1,0,4,0,0,0,0,4,373.94,373.94,1F,1,1,1,0080,80,40,40,0,0,19,-5.50
03/06/2018 11:25:41,54 58.53373,-1 31.10137,301,0,379,748302,1144818,373.92,-3.516,3903,3887,3895,16,0,92.6,33.7,87.6,30.9,none,none,80.6,27.0,-3898,3895,-3899,3893,-3900,3895,-3901,3894,-3900,3894,-3900,3896,-3901,3896,-3901,3895,-3901,3896,-3901,3896,-3902,3896,-3902,3897,-3903,3897,-3902,3895,-3901,3898,-3902,3897,-3900,3897,-3901,3898,-3900,3896,-3899,3895,-3900,3896,-3903,3898,-3899,3894,-3900,3893,-3893,3888,-3895,3890,-3896,3890,-3897,3889,-3898,3890,-3900,3889,-3897,3888,-3900,3890,-3901,3892,-3900,3891,-3900,3892,-3898,3892,-3897,3887,-3901,3888,-3900,3888,-3901,3889,-3900,3888,-3899,3889,-3897,3888,-3899,3889,-3896,3890,-3894,3887,-3896,3888,-3894,3887,-0.51,SJNFAAZE1U0005576,117.69,13.04,9028.3974609375,78,75,0,0,0,0,15.0,99.17,-154540,85,1528021541.955,0,2,1,0,4,0,0,0,0,4,373.93,373.93,1F,1,1,1,0080,80,40,40,0,0,19,-5.00
03/06/2018 11:25:45,54 58.53373,-1 31.10137,301,0,379,748326,1144818,373.63,4.203,3900,3884,3892,16,0,92.8,33.8,87.8,31.0,none,none,80.6,27.0,-3894,3892,-3895,3889,-3898,3893,-3897,3891,-3897,3892,-3896,3894,-3899,3892,-3899,3893,-3898,3894,-3897,3893,-3898,3892,-3898,3894,-3900,3894,-3900,3893,-3898,3894,-3898,3895,-3898,3894,-3898,3895,-3897,3893,-3897,3892,-3897,3891,-3899,3894,-3896,3891,-3895,3890,-3890,3884,-3891,3887,-3893,3887,-3893,3886,-3894,3887,-3896,3886,-3893,3886,-3898,3887,-3897,3889,-3896,3888,-3897,3888,-3896,3889,-3897,3884,-3897,3885,-3897,3885,-3898,3886,-3896,3885,-3894,3886,-3893,3886,-3894,3888,-3892,3887,-3890,3885,-3892,3886,-3891,3884,-0.52,SJNFAAZE1U0005576,117.69,13.04,9028.3974609375,78,75,0,0,0,0,15.0,99.17,-154541,85,1528021545.626,0,2,1,0,4,0,0,0,0,4,373.70,373.70,1F,1,1,1,0080,80,40,40,0,0,19,-1.50
03/06/2018 11:25:49,54 58.53373,-1 31.10137,301,0,379,748309,1144818,373.82,0.175,3901,3885,3894,16,0,92.6,33.7,87.6,30.9,none,none,80.4,26.9,-3896,3895,-3896,3893,-3899,3895,-3899,3894,-3898,3895,-3898,3896,-3900,3896,-3900,3894,-3899,3895,-3899,3894,-3900,3894,-3900,3896,-3900,3895,-3901,3895,-3900,3897,-3899,3897,-3900,3895,-3899,3898,-3898,3894,-3898,3894,-3899,3894,-3901,3897,-3897,3894,-3896,3891,-3891,3887,-3893,3889,-3893,3889,-3894,3888,-3897,3889,-3898,3888,-3896,3888,-3897,3889,-3899,3890,-3897,3890,-3898,3889,-3898,3890,-3897,3886,-3899,3886,-3897,3885,-3899,3888,-3899,3887,-3897,3887,-3895,3887,-3897,3890,-3895,3889,-3892,3886,-3895,3887,-3893,3885,-0.50,SJNFAAZE1U0005576,117.69,13.04,9028.3974609375,78,75,0,0,0,0,15.0,99.17,-154541,85,1528021549.431,0,2,1,0,5,0,0,0,0,4,373.87,373.87,1F,1,1,1,0080,80,40,40,0,0,19,-2.25
03/06/2018 11:25:53,54 58.53373,-1 31.10137,301,0,379,748295,1144818,373.63,3.379,3900,3883,3892,17,0,92.6,33.7,87.6,30.9,none,none,80.4,26.9,3890,-3897,3889,-3895,3893,3896,3894,-3895,3891,-3898,3892,-3898,3895,-3900,3892,-3897,3892,-3898,3892,-3898,3893,-3897,3893,3899,3893,-3900,3892,-3899,3892,-3898,3895,-3899,3894,3897,3894,-3899,3894,-3898,3891,-3897,3893,-3896,3895,-3898,3892,-3896,3891,-3892,3885,-3891,3886,3894,3887,-3892,3888,-3890,-3889,-3894,3888,-3893,-3885,3896,-3886,3896,-3888,3899,-3887,3897,-3890,3897,-3888,3895,-3887,3896,-3885,3897,3885,-3898,3886,3899,3886,-3898,3883,-3896,3885,-3895,3886,-3895,3886,-3894,3884,3891,3885,-3892,3883,-3890,-0.50,SJNFAAZE1U0005576,117.69,13.04,9028.3974609375,78,75,0,0,0,0,15.0,99.17,-154541,85,1528021553.291,840,2,1,0,5,0,0,0,0,4,373.74,373.74,1F,1,1,1,0080,80,40,40,0,0,19,2.50
03/06/2018 11:25:57,54 58.53373,-1 31.10137,301,0,379,748224,1144818,373.54,9.360,3901,3880,3891,21,0,92.6,33.7,87.8,31.0,none,none,80.6,27.0,3887,-3897,3886,-3895,3890,3895,3893,-3895,3890,3897,3889,-3897,3890,-3899,3890,-3899,3890,-3898,3890,-3898,3890,-3898,3890,-3899,3891,-3901,3890,3900,3890,-3898,3892,-3898,3892,-3896,3891,-3897,3891,3897,3890,-3895,3891,-3896,3893,-3897,3889,-3895,3889,-3891,3882,-3891,3883,-3893,3883,-3891,3886,3890,3888,-3893,3885,-3893,3883,-3895,3885,-3896,3885,-3898,3885,3896,3887,-3895,3884,-3895,3885,-3897,3881,-3897,3881,3896,3883,-3897,3882,-3898,3881,-3894,3882,-3894,3884,-3894,3883,-3892,3881,-3890,3883,-3892,3880,3888,-0.49,SJNFAAZE1U0005576,117.69,13.04,9030.0068359375,78,75,0,0,0,0,15.0,99.17,-154541,85,1528021557.000,3200,2,1,0,5,0,0,0,0,4,373.57,373.57,1F,1,1,1,0080,80,40,40,0,0,19,4.50
03/06/2018 11:26:00,54 58.53373,-1 31.10137,301,0,378,748112,1144818,373.06,17.631,3896,3875,3886,21,0,92.6,33.7,87.6,30.9,none,none,80.6,27.0,3883,-3893,3883,3891,3885,3890,3888,-3889,3885,-3892,3886,-3893,3886,3893,3885,-3893,3886,-3894,3886,-3893,3887,-3892,3885,-3892,3887,-3896,3885,-3894,3887,-3893,3888,3892,3887,-3892,3887,-3893,3886,-3892,3885,-3890,3886,3890,3888,-3893,3885,-3889,3884,-3886,3878,-3885,3878,-3887,3879,3887,3881,-3886,3881,-3889,3881,-3888,3877,-3890,3879,-3890,3881,-3893,3879,-3891,3882,-3893,3881,3890,3879,-3891,3877,-3892,3876,-3893,3878,-3894,3879,3892,3875,-3890,3877,-3889,3879,-3890,3880,-3889,3877,-3886,3878,-3887,3875,-3883,-0.50,SJNFAAZE1U0005576,117.69,13.04,9030.0068359375,78,75,0,0,0,0,15.0,99.17,-154541,85,1528021560.617,4600,2,1,0,5,0,0,0,0,4,373.12,373.12,1F,1,1,1,0080,80,40,40,0,0,19,9.25
03/06/2018 11:26:04,54 58.53373,-1 31.10137,301,0,378,747944,1144818,372.96,16.501,3894,3874,3885,20,0,92.6,33.7,87.6,30.9,none,none,80.6,27.0,3883,-3892,3881,-3888,3884,3890,3887,3889,3884,-3891,3884,-3891,3886,-3893,3884,-3892,3885,3892,3885,-3891,3884,-3891,3885,-3892,3885,-3894,3884,-3893,3884,-3892,3887,-3893,3887,-3891,3886,3891,3885,-3891,3884,-3890,3885,-3889,3888,-3891,3884,-3889,3884,3885,3877,-3885,3877,-3887,3879,-3886,3880,-3885,3881,3887,3880,-3885,3877,-3889,3879,-3890,3880,-3892,3879,-3891,3880,-3891,3879,-3889,3879,-3890,3876,3892,3877,-3892,3877,-3891,3876,-3891,3874,-3890,3878,3889,3878,-3888,3879,-3888,3876,-3886,3876,-3886,3875,-3884,-0.47,SJNFAAZE1U0005576,117.69,13.04,9030.0068359375,78,75,0,0,0,0,15.0,99.17,-154541,85,1528021564.471,6320,2,1,0,5,0,0,0,0,4,373.01,373.01,1F,1,1,1,0080,80,40,40,0,0,19,9.50
03/06/2018 11:26:08,54 58.53373,-1 31.10137,301,0,378,747737,1144818,372.48,25.626,3889,3869,3880,20,0,92.6,33.7,87.6,30.9,none,none,80.4,26.9,3877,-3887,3876,-3884,3879,3885,3881,-3884,3879,-3887,3879,3886,3880,-3888,3879,-3888,3880,-3888,3880,-3887,3880,3889,3880,-3888,3880,-3889,3878,-3888,3880,-3887,3882,-3887,3881,-3886,3881,-3887,3880,-3887,3879,3886,3880,-3886,3882,-3887,3880,-3884,3878,-3880,3872,-3880,3872,3882,3874,-3881,3875,-3880,3876,-3884,3876,-3882,3871,3884,3874,-3885,3874,-3888,3874,-3885,3875,-3886,3873,-3886,3875,-3885,3870,-3886,3871,-3886,3873,3887,3872,-3886,3870,-3884,3872,-3883,3874,-3882,3873,3882,3872,-3881,3872,-3883,3869,-3878,-0.47,SJNFAAZE1U0005576,117.69,13.04,9030.0068359375,78,75,0,0,0,0,15.0,99.17,-154541,85,1528021568.278,7880,2,1,0,5,0,0,0,0,4,372.57,372.57,1F,1,1,1,0080,80,40,40,0,0,19,13.25
03/06/2018 11:26:11,54 58.53373,-1 31.10137,301,0,378,747490,1144818,372.29,31.120,3885,3868,3878,17,0,92.6,33.7,87.6,30.9,none,none,80.4,26.9,-3879,3878,-3881,3874,-3883,3877,-3882,3876,-3883,3877,-3883,3879,-3884,3879,-3885,3879,-3885,3878,-3883,3878,-3885,3878,-3884,3880,-3885,3879,-3885,3877,-3884,3881,-3884,3881,-3883,3880,-3883,3881,-3884,3878,-3883,3878,-3884,3879,-3885,3880,-3881,3877,-3880,3875,-3874,3870,-3877,3871,-3878,3871,-3878,3871,-3881,3873,-3882,3871,-3879,3870,-3882,3872,-3884,3875,-3882,3872,-3884,3873,-3881,3873,-3883,3868,-3884,3869,-3883,3869,-3885,3870,-3883,3871,-3881,3870,-3879,3869,-3882,3870,-3878,3872,-3876,3869,-3878,3870,-3877,3870,-0.47,SJNFAAZE1U0005576,117.69,13.04,9030.0068359375,78,75,0,0,0,0,15.0,99.17,-154541,85,1528021571.998,8360,2,1,0,5,0,0,0,0,4,372.19,372.19,1F,1,1,1,0080,80,40,40,0,0,19,16.50
03/06/2018 11:26:15,54 58.53373,-1 31.10137,301,0,378,747185,1144818,371.71,34.507,3880,3862,3872,18,0,92.6,33.7,87.6,30.9,none,none,80.4,26.9,-3873,3871,-3875,3868,-3876,3871,-3877,3871,-3877,3871,-3876,3873,-3879,3872,-3879,3873,-3878,3873,-3878,3873,-3880,3872,-3880,3873,-3880,3872,-3879,3871,-3877,3874,-3879,3874,-3878,3873,-3877,3875,-3877,3872,-3877,3871,-3877,3871,-3879,3874,-3876,3871,-3874,3868,-3869,3863,-3871,3865,-3871,3865,-3871,3865,-3875,3866,-3876,3864,-3873,3865,-3876,3865,-3878,3868,-3876,3866,-3876,3866,-3875,3867,-3879,3862,-3877,3863,-3877,3863,-3879,3863,-3877,3864,-3875,3864,-3872,3864,-3874,3866,-3871,3865,-3870,3863,-3873,3863,-3871,3862,-0.46,SJNFAAZE1U0005576,117.69,13.04,9030.0068359375,78,75,0,0,0,0,15.0,99.17,-154541,85,1528021575.877,10520,2,1,0,5,0,0,0,0,4,371.89,371.89,1F,1,1,1,0080,80,40,40,0,0,19,21.50
03/06/2018 11:26:19,54 58.53373,-1 31.10137,301,0,378,746804,1144818,371.23,41.495,3875,3857,3867,18,0,92.6,33.7,87.6,30.9,none,none,80.4,26.9,-3868,3866,-3869,3863,-3871,3866,-3871,3865,-3871,3867,-3871,3868,-3873,3869,-3873,3868,-3873,3869,-3873,3868,-3873,3867,-3873,3869,-3874,3868,-3875,3868,-3873,3869,-3873,3869,-3872,3869,-3872,3869,-3872,3867,-3871,3867,-3871,3866,-3873,3869,-3870,3866,-3868,3863,-3864,3858,-3866,3861,-3866,3859,-3867,3860,-3870,3861,-3870,3859,-3869,3858,-3872,3860,-3873,3862,-3871,3862,-3872,3862,-3871,3862,-3874,3858,-3872,3858,-3872,3857,-3874,3859,-3873,3859,-3869,3859,-3868,3859,-3871,3861,-3868,3860,-3865,3859,-3867,3858,-3865,3857,-0.50,SJNFAAZE1U0005576,117.69,13.04,9030.0068359375,78,75,0,0,0,0,15.0,99.17,-154541,85,1528021579.913,12880,2,1,0,5,0,0,0,0,4,371.30,371.30,1F,1,1,1,0080,80,40,40,0,0,19,24.00
03/06/2018 11:26:23,54 58.53373,-1 31.10137,301,0,378,746380,1144818,370.75,47.416,3871,3853,3862,18,0,92.4,33.6,87.6,30.9,none,none,80.4,26.9,-3864,3861,-3865,3858,-3866,3861,-3866,3860,-3867,3861,-3867,3863,-3869,3864,-3870,3863,-3868,3863,-3869,3863,-3870,3862,-3869,3865,-3870,3864,-3870,3862,-3869,3865,-3870,3865,-3868,3863,-3867,3865,-3867,3862,-3867,3862,-3867,3862,-3868,3865,-3866,3862,-3865,3859,-3859,3853,-3860,3855,-3863,3854,-3862,3855,-3866,3856,-3865,3853,-3863,3854,-3867,3855,-3868,3856,-3867,3858,-3868,3857,-3866,3857,-3870,3853,-3867,3853,-3867,3853,-3871,3855,-3869,3854,-3865,3856,-3864,3855,-3867,3857,-3863,3855,-3861,3854,-3862,3853,-3861,3853,-0.51,SJNFAAZE1U0005576,117.69,13.04,9030.0068359375,78,75,0,0,0,0,15.0,99.17,-154541,85,1528021583.798,13400,2,1,0,5,0,0,0,0,4,370.86,370.86,1F,1,1,1,0080,80,40,40,0,0,19,27.00
03/06/2018 11:26:27,54 58.53373,-1 31.10137,301,0,377,745902,1144818,370.27,53.672,3867,3847,3857,20,0,92.6,33.7,87.6,30.9,none,none,80.6,27.0,3853,-3863,3852,3860,3856,3861,3859,-3861,3856,-3863,3857,-3864,3858,3866,3856,-3865,3858,-3864,3857,-3866,3858,-3865,3858,-3866,3859,-3867,3858,-3866,3858,-3864,3859,3865,3859,-3863,3859,-3864,3858,-3863,3857,-3863,3857,-3862,3860,3864,3855,-3860,3854,-3857,3848,-3855,3848,-3857,3850,3855,3850,-3855,3854,-3860,3852,-3857,3849,-3861,3851,-3861,3851,-3862,3851,-3861,3852,-3862,3851,3861,3855,-3861,3848,-3862,3849,-3862,3850,-3863,3850,3862,3847,-3860,3848,-3859,3850,-3861,3849,-3858,3847,-3857,3847,-3857,3847,-3853,-0.52,SJNFAAZE1U0005576,117.69,13.04,9030.0068359375,78,75,0,0,0,0,15.0,99.17,-154541,85,1528021587.522,16440,2,1,0,5,0,0,0,0,4,370.29,370.29,1F,1,1,1,0080,80,40,40,0,0,19,29.75
03/06/2018 11:26:31,54 58.53373,-1 31.10137,301,0,377,745423,1144818,369.89,53.336,3862,3843,3853,19,0,92.6,33.7,87.6,30.9,none,none,80.6,27.0,3849,-3858,3849,-3857,3852,3858,3854,3856,3853,-3860,3854,-3860,3854,-3861,3854,-3861,3854,3862,3854,-3859,3855,-3860,3854,-3862,3855,-3862,3854,-3861,3855,-3861,3856,-3860,3856,-3860,3856,-3861,3854,-3857,3852,-3858,3854,-3859,3856,-3860,3852,-3856,3851,3854,3844,-3852,3844,-3853,3846,-3853,3847,-3851,3848,3855,3849,-3853,3845,-3857,3847,-3857,3848,-3860,3847,-3855,3850,-3859,3849,-3857,3849,-3857,3844,3857,3844,-3859,3847,-3858,3847,-3858,3843,-3856,3846,3855,3848,-3854,3847,-3856,3844,-3851,3845,-3853,3845,-3850,-0.48,SJNFAAZE1U0005576,117.69,13.04,9030.0068359375,78,75,0,0,0,0,15.0,99.17,-154541,85,1528021591.201,16320,2,0,0,5,0,0,0,0,4,369.99,369.99,1F,1,1,1,0080,80,40,40,0,0,19,29.50
03/06/2018 11:26:35,54 58.53373,-1 31.10137,301,0,377,744910,1144818,369.50,57.364,3860,3839,3849,21,0,92.6,33.7,87.6,30.9,none,none,80.4,26.9,3846,-3856,3845,-3854,3849,3853,3852,-3852,3849,-3856,3849,3856,3850,-3858,3850,-3857,3849,-3858,3850,-3858,3852,3858,3851,-3858,3851,-3860,3850,-3859,3849,-3857,3852,-3857,3852,3855,3851,-3857,3850,-3855,3849,-3855,3850,-3854,3852,-3856,3848,-3853,3847,-3850,3840,-3847,3841,3851,3842,-3849,3844,-3848,3846,-3852,3844,-3849,3840,3852,3843,-3854,3844,-3856,3842,-3854,3845,-3854,3844,-3855,3845,-3855,3840,-3854,3840,-3856,3842,3856,3842,-3857,3839,-3853,3840,-3851,3842,-3854,3842,3851,3840,-3849,3839,-3850,3839,-3847,-0.46,SJNFAAZE1U0005576,117.69,13.04,9030.0068359375,78,75,0,0,0,0,15.0,99.17,-154541,86,1528021595.131,17680,2,0,0,0,0,0,0,0,4,369.67,369.67,1F,1,1,1,0080,80,40,40,0,0,19,33.75
03/06/2018 11:26:38,54 58.53373,-1 31.10137,301,0,377,744340,1144818,369.02,62.644,3855,3834,3844,21,0,92.6,33.7,87.6,30.9,none,none,80.6,27.0,3839,-3849,3840,-3848,3843,3849,3846,-3848,3844,-3851,3845,-3852,3844,-3853,3845,3852,3844,-3853,3846,-3853,3846,-3853,3846,-3853,3846,3855,3844,-3853,3845,-3853,3847,-3851,3847,-3851,3847,-3852,3845,3851,3845,-3850,3845,-3850,3845,-3852,3842,-3848,3843,-3845,3834,-3843,3835,-3846,3836,-3843,3837,3842,3840,-3846,3840,-3845,3834,-3847,3836,-3849,3839,3852,3838,-3849,3840,-3850,3837,-3849,3839,-3849,3834,-3849,3834,-3851,3836,-3851,3837,-3851,3834,3849,3834,-3846,3837,-3847,3836,-3845,3834,-3844,3835,3844,3834,-3841,-0.49,SJNFAAZE1U0005576,117.69,13.04,9030.0068359375,78,75,0,0,0,0,15.0,99.17,-154541,86,1528021598.919,18640,2,0,0,0,0,0,0,0,4,369.12,369.12,1F,1,1,1,0080,80,40,40,0,0,19,35.50
03/06/2018 11:26:42,54 58.53373,-1 31.10137,301,0,376,743756,1144818,368.64,68.442,3849,3831,3840,18,0,92.6,33.7,87.6,30.9,none,none,80.4,26.9,3839,3840,3843,-3838,-3845,3841,-3845,-3840,-3845,3842,-3846,3843,-3848,3843,-3847,3842,-3847,3843,-3847,3843,-3847,3842,-3848,3844,-3849,3844,-3849,3842,3846,-3844,3846,3844,3847,-3844,3846,-3845,3845,-3842,3845,-3841,3845,3842,3846,-3843,3842,-3839,3842,-3838,3836,-3832,3838,-3835,3838,-3834,3838,-3833,3841,-3836,3843,3833,3840,-3833,3843,-3833,3846,-3838,3843,-3835,3844,3836,3841,-3837,3845,-3832,3843,-3832,3844,-3834,3845,-3833,3844,-3835,3841,-3832,3839,-3834,3843,3835,3838,-3834,3837,-3831,3838,-3832,3837,-3833,-0.49,SJNFAAZE1U0005576,117.69,13.04,9030.0068359375,78,75,0,0,0,0,15.0,99.17,-154541,86,1528021602.792,19800,2,0,0,0,0,0,0,0,4,368.63,368.63,1F,1,1,1,0080,79,40,40,0,0,19,38.00
03/06/2018 11:26:46,54 58.53373,-1 31.10137,301,0,376,743105,1144818,368.06,75.248,3844,3825,3834,19,0,92.6,33.7,87.6,30.9,none,none,80.4,26.9,-3833,3833,-3837,3831,-3839,3833,-3840,3834,-3839,3835,-3840,3836,-3842,3835,-3842,3835,-3841,3836,-3842,3836,-3842,3836,-3843,3838,-3843,3837,-3842,3835,-3841,3837,-3842,3838,-3841,3836,-3841,3838,-3841,3836,-3839,3835,-3840,3834,-3841,3838,-3837,3833,-3836,3832,-3830,3825,-3832,3827,-3834,3827,-3833,3826,-3837,3829,-3837,3826,-3835,3826,-3840,3828,-3841,3829,-3839,3830,-3839,3830,-3836,3830,-3844,3825,-3839,3826,-3840,3827,-3841,3828,-3840,3826,-3838,3828,-3834,3828,-3837,3830,-3834,3829,-3831,3825,-3834,3826,-3833,3826,-0.50,SJNFAAZE1U0005576,117.69,13.04,9030.0068359375,78,75,0,0,0,0,15.0,99.17,-154541,86,1528021606.503,21640,2,1,0,4,0,0,0,0,4,368.11,368.11,1F,1,1,1,0080,80,40,40,0,0,19,42.25
03/06/2018 11:26:50,54 58.53373,-1 31.10137,301,0,376,742417,1144818,367.49,79.123,3837,3818,3828,19,0,92.6,33.7,87.6,30.9,none,none,80.6,27.0,-3828,3827,-3831,3824,-3833,3829,-3833,3828,-3833,3829,-3834,3831,-3835,3830,-3835,3829,-3836,3831,-3836,3830,-3836,3830,-3836,3832,-3836,3830,-3837,3830,-3834,3832,-3835,3832,-3835,3831,-3834,3831,-3833,3829,-3833,3829,-3834,3829,-3835,3831,-3831,3827,-3829,3826,-3823,3818,-3825,3821,-3826,3822,-3828,3820,-3832,3823,-3830,3820,-3827,3820,-3833,3821,-3834,3825,-3833,3824,-3833,3825,-3832,3824,-3834,3818,-3833,3819,-3833,3822,-3836,3821,-3834,3820,-3831,3821,-3829,3820,-3832,3821,-3827,3822,-3826,3820,-3828,3820,-3827,3819,-0.49,SJNFAAZE1U0005576,117.69,13.04,9030.0068359375,78,75,0,0,0,0,15.0,99.17,-154541,86,1528021610.259,22920,2,1,0,4,0,0,0,0,4,367.67,367.67,1F,1,1,1,0080,80,40,40,0,0,19,44.50
03/06/2018 11:26:54,54 58.53373,-1 31.10137,301,0,375,741803,1144818,368.16,30.662,3844,3825,3835,19,0,92.6,33.7,87.6,30.9,none,none,80.6,27.0,-3835,3833,-3838,3831,-3840,3836,-3840,3834,-3840,3836,-3841,3836,-3842,3835,-3843,3836,-3842,3837,-3842,3835,-3843,3836,-3843,3838,-3844,3836,-3843,3836,-3843,3838,-3843,3839,-3842,3836,-3841,3839,-3841,3836,-3840,3836,-3841,3835,-3842,3837,-3838,3833,-3837,3832,-3831,3825,-3834,3827,-3833,3828,-3835,3827,-3838,3830,-3839,3828,-3837,3827,-3839,3828,-3842,3830,-3838,3830,-3840,3830,-3838,3830,-3842,3825,-3840,3827,-3839,3827,-3841,3826,-3842,3828,-3838,3828,-3836,3828,-3839,3830,-3834,3828,-3832,3827,-3835,3827,-3834,3826,-0.52,SJNFAAZE1U0005576,117.69,13.04,9030.0068359375,78,75,0,0,0,0,15.0,99.17,-154541,86,1528021614.126,2840,2,1,0,5,0,0,0,0,4,369.18,369.18,1F,1,1,1,0080,80,40,40,0,0,19,52.75
03/06/2018 11:26:57,54 58.53373,-1 31.10137,301,0,375,741002,1144818,366.91,86.448,3832,3812,3822,20,0,92.6,33.7,87.6,30.9,none,none,80.6,27.0,-3821,3821,-3825,3818,-3827,3821,-3827,3822,-3827,3823,-3828,3824,-3828,3825,-3830,3823,-3829,3825,-3830,3824,-3830,3824,-3830,3825,-3831,3824,-3831,3825,-3829,3826,-3830,3827,-3829,3825,-3828,3826,-3829,3824,-3828,3823,-3828,3823,-3828,3825,-3825,3822,-3824,3820,-3817,3812,-3820,3816,-3821,3815,-3821,3815,-3826,3816,-3825,3814,-3822,3816,-3827,3816,-3828,3818,-3827,3819,-3827,3818,-3824,3818,-3832,3812,-3827,3814,-3827,3815,-3829,3815,-3828,3816,-3825,3814,-3822,3816,-3826,3819,-3821,3815,-3820,3815,-3821,3814,-3820,3813,-0.51,SJNFAAZE1U0005576,117.69,13.04,9030.0068359375,78,75,0,0,0,0,15.0,99.17,-154541,86,1528021617.911,26360,2,1,0,5,0,0,0,0,4,366.86,366.86,1F,1,1,1,0080,80,40,40,0,0,19,42.50
03/06/2018 11:27:01,54 58.53373,-1 31.10137,301,0,375,740324,1144818,367.01,76.407,3833,3811,3823,22,0,92.8,33.8,87.8,31.0,none,none,80.6,27.0,3817,-3828,3819,-3826,3821,3826,3825,-3826,3822,-3829,3823,-3829,3824,-3832,3823,-3831,3823,-3830,3824,-3830,3823,-3830,3823,3831,3825,-3833,3824,-3831,3823,-3831,3826,-3830,3825,3828,3826,-3829,3825,-3829,3823,-3828,3824,-3827,3824,-3829,3821,-3825,3820,-3822,3814,-3819,3814,3823,3815,-3820,3816,-3821,3819,-3823,3817,-3822,3814,3825,3818,-3827,3818,-3829,3816,-3826,3819,-3827,3816,-3826,3821,-3826,3813,-3828,3815,-3828,3817,3827,3816,-3828,3811,-3825,3815,-3826,3817,-3826,3816,3823,3813,-3822,3815,-3823,3813,-3821,-0.52,SJNFAAZE1U0005576,117.69,13.04,9030.0068359375,78,75,0,0,0,0,15.0,99.17,-154541,86,1528021621.555,22400,2,1,0,5,0,0,0,0,4,367.03,367.03,1F,1,1,1,0080,80,40,40,0,0,19,43.75
03/06/2018 11:27:05,54 58.53373,-1 31.10137,301,0,374,739595,1144818,366.62,79.093,3829,3808,3819,21,0,92.8,33.8,87.8,31.0,none,none,80.6,27.0,3815,-3824,3815,-3821,3817,3822,3821,-3822,3819,3825,3819,-3825,3820,-3827,3819,-3827,3819,-3826,3820,-3826,3820,-3826,3820,-3826,3821,-3829,3820,3828,3819,-3826,3822,-3826,3821,-3825,3820,-3826,3821,3826,3819,-3825,3820,-3823,3821,-3827,3817,-3822,3816,-3819,3811,-3817,3809,-3819,3811,-3818,3814,3817,3816,-3820,3814,-3818,3811,-3822,3815,-3823,3816,3823,3813,-3824,3815,-3824,3813,-3822,3819,-3823,3810,-3824,3812,-3824,3813,-3824,3812,-3824,3808,3821,3812,-3822,3815,-3823,3812,-3819,3810,-3819,3810,3819,3809,-3817,-0.49,SJNFAAZE1U0005576,117.69,13.04,9031.6162109375,78,75,0,0,0,0,15.0,99.17,-154541,86,1528021625.402,23360,2,1,0,5,0,0,0,0,4,366.73,366.73,1F,1,1,1,0080,80,40,40,0,0,19,43.50
03/06/2018 11:27:09,54 58.53373,-1 31.10137,301,0,374,738888,1144818,366.72,71.494,3830,3808,3820,22,0,92.8,33.8,87.8,31.0,none,none,80.6,27.0,3815,3826,3815,-3823,3818,3824,3822,-3823,3819,-3826,3820,-3827,3821,3830,3820,-3828,3819,-3828,3820,-3826,3820,-3827,3822,-3828,3822,-3830,3819,-3828,3819,-3827,3821,3827,3822,-3825,3822,-3827,3822,-3826,3820,-3826,3820,3825,3821,-3827,3818,-3823,3816,-3821,3812,-3818,3811,-3820,3813,-3820,3814,-3818,3814,-3823,3815,3820,3810,-3825,3814,-3825,3814,-3826,3812,-3823,3816,3827,3813,-3824,3817,-3825,3811,-3825,3810,-3826,3812,-3827,3813,-3827,3808,-3823,3812,-3822,3814,3824,3812,-3823,3810,-3819,3810,-3820,3810,-3817,-0.50,SJNFAAZE1U0005576,117.69,13.04,9031.6162109375,78,75,0,0,0,0,15.0,99.17,-154541,86,1528021629.332,22440,2,1,0,5,0,0,0,0,4,366.77,366.77,1F,1,1,1,0080,80,40,40,0,0,19,38.25
03/06/2018 11:27:13,54 58.53373,-1 31.10137,301,0,373,738228,1144818,366.91,64.323,3832,3811,3822,21,0,92.8,33.8,87.8,31.0,none,none,80.6,27.0,3817,-3827,3817,-3826,3819,3825,3823,-3825,3821,-3828,3822,-3829,3821,-3830,3822,-3830,3822,3830,3822,-3829,3823,-3830,3823,-3830,3823,-3832,3822,-3831,3822,-3829,3823,-3830,3823,-3828,3823,3829,3823,-3828,3821,-3828,3822,-3827,3823,-3829,3820,3825,3819,-3822,3812,-3821,3812,-3822,3813,-3820,3815,-3821,3817,-3824,3816,-3821,3812,-3825,3815,3827,3817,-3829,3815,-3826,3817,-3827,3815,-3826,3819,3828,3811,-3828,3812,-3829,3814,-3827,3814,-3828,3811,-3825,3813,-3824,3816,-3826,3815,-3823,3813,3822,3813,-3823,3812,-3819,-0.49,SJNFAAZE1U0005576,117.69,13.04,9031.6162109375,78,75,0,0,0,0,15.0,99.17,-154541,86,1528021633.065,20120,2,1,0,5,0,0,0,0,4,366.86,366.86,1F,1,1,1,0080,80,40,40,0,0,19,34.25
03/06/2018 11:27:17,54 58.53373,-1 31.10137,301,0,373,737679,1144818,367.01,59.714,3833,3813,3823,20,0,93.0,33.9,87.8,31.0,none,none,80.8,27.1,-3823,3821,-3827,3820,-3828,3822,-3828,3821,3829,-3824,3829,3825,3831,-3825,3831,-3823,3830,-3824,3830,-3824,3831,3824,3831,-3825,3833,-3824,3832,-3824,3830,-3826,3831,-3826,3830,-3825,3830,-3826,3830,-3824,3829,3824,3830,-3823,3831,-3825,3827,-3822,3824,-3820,3820,3814,3823,-3816,-3823,3816,-3823,-3816,-3827,3817,-3827,3815,-3824,3815,-3828,3817,-3830,3819,-3827,3818,-3830,3819,-3827,3819,-3831,3813,-3827,3814,-3829,3815,-3830,3815,-3830,3815,-3826,3816,-3825,3816,-3827,3818,-3823,3817,-3823,3815,-3823,3814,-3822,3815,-0.51,SJNFAAZE1U0005576,117.69,13.04,9031.6162109375,78,75,0,0,0,0,15.0,99.17,-154541,86,1528021637.082,18280,2,1,0,5,0,0,0,0,4,367.01,367.01,1F,1,1,1,0080,80,40,40,0,0,19,31.50
03/06/2018 11:27:21,54 58.53373,-1 31.10137,301,0,373,737111,1144818,367.01,62.034,3832,3813,3823,19,0,93.0,33.9,87.8,31.0,none,none,80.8,27.1,-3825,3821,-3826,3819,-3827,3823,-3828,3822,-3828,3824,-3828,3826,-3830,3824,-3830,3824,-3831,3824,-3831,3824,-3832,3824,-3832,3826,-3832,3825,-3832,3824,-3830,3826,-3830,3826,-3830,3826,-3829,3827,-3830,3824,-3829,3824,-3829,3823,-3830,3826,-3827,3821,-3825,3820,-3820,3814,-3823,3816,-3822,3817,-3824,3817,-3826,3817,-3827,3816,-3824,3815,-3828,3816,-3828,3818,-3827,3819,-3829,3818,-3827,3818,-3830,3813,-3828,3814,-3827,3815,-3830,3815,-3829,3816,-3826,3816,-3824,3816,-3827,3818,-3822,3817,-3822,3815,-3824,3816,-3822,3815,-0.47,SJNFAAZE1U0005576,117.69,13.04,9031.6162109375,78,75,0,0,0,0,15.0,99.17,-154541,86,1528021641.103,17960,2,1,0,5,0,0,0,0,4,366.88,366.88,1F,1,1,1,0080,81,40,40,0,0,19,29.50
03/06/2018 11:27:25,54 58.53373,-1 31.10137,301,0,373,736609,1144818,367.30,47.355,3834,3818,3826,16,0,92.8,33.8,88.0,31.1,none,none,80.8,27.1,-3826,3825,-3828,3823,-3831,3825,-3830,3826,-3830,3827,-3832,3827,-3831,3828,-3833,3828,-3831,3829,-3832,3828,-3833,3829,-3833,3829,-3834,3829,-3834,3826,-3833,3830,-3832,3829,-3831,3830,-3831,3830,-3831,3828,-3831,3828,-3831,3827,-3832,3829,-3828,3825,-3827,3823,-3823,3818,-3824,3820,-3826,3820,-3826,3820,-3828,3822,-3829,3819,-3825,3820,-3830,3821,-3830,3822,-3830,3822,-3830,3823,-3828,3822,-3832,3819,-3831,3819,-3830,3820,-3831,3820,-3830,3819,-3828,3820,-3826,3821,-3829,3821,-3826,3821,-3824,3819,-3825,3818,-3824,3819,-0.50,SJNFAAZE1U0005576,117.69,13.04,9031.6162109375,78,75,0,0,0,0,15.0,99.17,-154541,86,1528021645.058,15000,2,1,0,5,0,0,0,0,4,367.31,367.31,1F,1,1,1,0080,81,40,40,0,0,19,25.75
03/06/2018 11:27:28,54 58.53373,-1 31.10137,301,0,372,736177,1144818,367.49,42.838,3837,3819,3828,18,0,93.0,33.9,88.0,31.1,none,none,80.8,27.1,-3829,3827,-3831,3825,-3832,3827,-3833,3827,-3833,3829,-3833,3830,-3834,3829,-3835,3828,-3835,3830,-3835,3828,-3836,3831,-3835,3831,-3837,3831,-3836,3828,-3835,3831,-3835,3831,-3834,3831,-3833,3833,-3833,3829,-3833,3829,-3833,3828,-3834,3831,-3830,3826,-3831,3825,-3825,3820,-3828,3822,-3828,3823,-3829,3822,-3832,3822,-3832,3821,-3829,3821,-3833,3822,-3834,3825,-3832,3823,-3833,3824,-3831,3825,-3835,3819,-3834,3821,-3834,3820,-3836,3821,-3834,3821,-3831,3820,-3829,3822,-3832,3823,-3828,3823,-3827,3820,-3828,3821,-3827,3819,-0.50,SJNFAAZE1U0005576,117.69,13.04,9031.6162109375,78,75,0,0,0,0,15.0,99.17,-154541,86,1528021648.808,13840,2,1,0,5,0,0,0,0,4,367.50,367.50,1F,1,1,1,0080,81,40,40,0,0,19,22.75
03/06/2018 11:27:32,54 58.53373,-1 31.10137,301,0,372,735814,1144818,367.68,36.185,3838,3821,3830,17,0,93.0,33.9,88.0,31.1,none,none,80.8,27.1,-3832,3828,-3833,3827,-3834,3831,-3836,3830,-3835,3831,-3836,3832,-3837,3831,-3838,3831,-3837,3831,-3836,3831,-3838,3831,-3838,3833,-3838,3832,-3838,3829,-3837,3833,-3837,3834,-3836,3832,-3835,3834,-3836,3831,-3836,3830,-3835,3830,-3837,3832,-3834,3828,-3832,3827,-3828,3821,-3830,3823,-3830,3825,-3833,3823,-3833,3825,-3834,3823,-3832,3823,-3836,3824,-3837,3827,-3835,3825,-3836,3827,-3834,3825,-3837,3821,-3836,3822,-3836,3821,-3838,3822,-3836,3823,-3833,3823,-3832,3823,-3835,3824,-3832,3826,-3831,3823,-3832,3822,-3830,3822,-0.49,SJNFAAZE1U0005576,117.69,13.04,9031.6162109375,78,75,0,0,0,0,15.0,99.17,-154541,86,1528021652.704,11920,2,1,0,5,0,0,0,0,4,367.79,367.79,1F,1,1,1,0080,81,40,40,0,0,19,17.50
03/06/2018 11:27:36,54 58.53373,-1 31.10137,301,0,372,735509,1144818,368.06,31.669,3843,3823,3834,20,0,93.0,33.9,88.0,31.1,none,none,80.8,27.1,3830,3839,3830,-3838,3832,3837,3836,-3836,3832,-3839,3834,-3839,3834,-3842,3834,-3843,3833,-3841,3835,3840,3835,-3841,3836,-3841,3835,-3843,3833,-3842,3833,-3841,3835,3841,3836,-3840,3835,-3840,3834,-3840,3833,-3840,3835,3838,3835,-3840,3832,-3836,3832,-3833,3826,-3833,3826,-3835,3827,-3834,3828,-3833,3829,-3835,3830,3833,3825,-3838,3827,-3839,3829,-3841,3828,-3838,3829,3840,3827,-3837,3830,-3839,3826,-3840,3824,-3840,3827,-3841,3825,-3840,3823,-3837,3826,-3837,3828,3837,3827,-3836,3825,-3834,3825,-3835,3825,-3831,-0.47,SJNFAAZE1U0005576,117.69,13.04,9031.6162109375,78,75,0,0,0,0,15.0,99.17,-154541,86,1528021656.400,9760,2,0,0,0,0,0,0,0,4,368.06,368.06,1F,1,1,1,0080,81,40,40,0,0,19,15.25
03/06/2018 11:27:40,54 58.53373,-1 31.10137,301,0,372,735251,1144818,368.26,29.746,3847,3824,3836,23,0,93.0,33.9,88.0,31.1,none,none,80.8,27.1,3832,-3842,3831,-3839,3834,3839,3837,-3838,3835,-3841,3834,-3842,3836,-3845,3834,-3844,3835,3843,3835,-3844,3836,-3843,3836,-3844,3837,-3847,3836,-3845,3836,-3843,3837,-3844,3838,-3842,3838,3843,3836,-3843,3836,-3842,3835,-3841,3837,-3843,3834,3840,3833,-3836,3829,-3836,3828,-3838,3829,-3835,3831,-3835,3832,-3838,3832,-3837,3828,-3838,3829,3841,3829,-3844,3829,-3841,3831,-3841,3830,-3842,3831,3842,3827,-3842,3827,-3842,3828,-3841,3827,-3842,3824,-3841,3828,-3839,3830,-3839,3829,-3837,3827,3836,3829,-3839,3826,-3833,-0.53,SJNFAAZE1U0005576,117.69,13.04,9031.6162109375,78,75,0,0,0,0,15.0,99.17,-154541,86,1528021660.026,9280,2,0,0,0,0,0,0,0,4,368.20,368.20,1F,1,1,1,0080,81,40,40,0,0,19,14.50
03/06/2018 11:27:43,54 58.53373,-1 31.10137,301,0,372,734993,1144818,368.16,32.004,3845,3826,3835,19,0,93.0,33.9,88.0,31.1,none,none,80.8,27.1,3832,-3841,3832,-3838,3834,3839,3837,-3838,3836,-3842,3835,3842,3837,-3843,3835,-3843,3836,-3842,3837,-3843,3837,3842,3836,-3843,3837,-3845,3837,-3844,3835,-3843,3838,-3842,3838,-3841,3837,-3843,3836,-3841,3836,3841,3836,-3840,3837,-3842,3834,-3838,3833,-3835,3828,3834,3828,-3836,3829,-3834,3830,-3835,3831,-3837,3831,-3836,3828,-3838,3830,-3840,3832,-3841,3830,3838,3832,-3840,3829,-3839,3832,-3840,3828,-3840,3827,3841,3829,-3840,3829,-3840,3826,-3837,3828,-3836,3830,-3838,3829,-3836,3826,-3834,3827,-3836,3826,3832,-0.51,SJNFAAZE1U0005576,117.69,13.04,9031.6162109375,78,75,0,0,0,0,15.0,99.17,-154541,86,1528021663.960,9000,2,0,0,0,0,0,0,0,4,368.24,368.24,1F,1,1,1,0080,81,40,40,0,0,19,16.75
03/06/2018 11:27:47,54 58.53373,-1 31.10137,301,0,372,734678,1144818,368.06,37.131,3844,3822,3834,22,0,93.0,33.9,88.0,31.1,none,none,80.8,27.1,3830,-3840,3830,3838,3832,3838,3835,-3837,3833,-3841,3834,-3840,3834,-3843,3833,3842,3834,-3842,3834,-3842,3834,-3842,3835,-3843,3834,3844,3832,-3843,3833,-3841,3834,-3841,3836,-3840,3835,-3841,3835,-3841,3833,-3840,3833,-3840,3835,3842,3832,-3838,3831,-3835,3826,-3834,3825,-3836,3826,3833,3828,-3833,3830,-3837,3828,-3835,3826,-3837,3828,-3839,3828,-3841,3827,-3839,3830,-3839,3827,3838,3830,-3839,3823,-3841,3823,-3840,3825,-3840,3825,3840,3822,-3839,3825,-3836,3828,-3837,3827,-3835,3825,-3834,3825,-3836,3823,-3832,-0.50,SJNFAAZE1U0005576,117.69,13.04,9031.6162109375,78,75,0,0,0,0,15.0,99.17,-154541,86,1528021667.856,10720,2,1,0,4,0,0,0,0,4,368.07,368.07,1F,1,1,1,0080,81,40,40,0,0,19,19.00
03/06/2018 11:27:51,54 58.53373,-1 31.10137,301,0,371,734046,1144818,365.28,118.752,3820,3794,3805,26,0,93.0,33.9,88.0,31.1,none,none,80.8,27.1,-3803,3803,-3807,3801,-3808,3803,-3810,3805,-3809,3807,-3810,3806,-3812,3807,-3813,3808,-3811,3806,-3813,3808,-3812,3807,-3812,3809,-3814,3808,-3813,3807,-3812,3808,-3812,3810,-3812,3808,-3811,3809,-3811,3807,-3810,3806,-3810,3804,-3810,3807,-3807,3803,-3805,3801,-3799,3795,-3802,3797,-3804,3795,-3803,3797,-3811,3800,-3805,3796,-3804,3797,-3809,3798,-3810,3798,-3809,3802,-3809,3801,-3807,3800,-3820,3796,-3809,3797,-3812,3795,-3811,3797,-3809,3797,-3806,3797,-3806,3799,-3808,3804,-3801,3796,-3801,3797,-3803,3795,-3801,3794,-0.49,SJNFAAZE1U0005576,117.69,13.04,9031.6162109375,78,75,0,0,0,0,15.0,99.17,-154541,86,1528021671.580,33320,2,1,0,4,0,0,0,0,4,364.88,364.88,1F,1,1,1,0080,81,40,40,0,0,19,51.75
03/06/2018 11:27:55,54 58.53373,-1 31.10137,301,0,371,733224,1144818,366.34,67.618,3824,3806,3816,18,0,93.0,33.9,88.0,31.1,none,none,80.8,27.1,-3815,3814,-3818,3813,-3821,3816,-3820,3816,-3821,3817,-3822,3817,-3822,3817,-3823,3817,-3823,3817,-3822,3817,-3823,3817,-3823,3819,-3824,3817,-3824,3817,-3822,3818,-3822,3819,-3823,3818,-3822,3819,-3822,3817,-3822,3817,-3821,3816,-3822,3819,-3819,3815,-3817,3814,-3811,3806,-3813,3809,-3814,3809,-3814,3810,-3818,3811,-3818,3808,-3815,3810,-3819,3810,-3821,3811,-3819,3813,-3820,3813,-3817,3811,-3822,3807,-3820,3809,-3819,3809,-3820,3810,-3820,3808,-3817,3810,-3815,3810,-3818,3811,-3814,3811,-3813,3809,-3814,3808,-3814,3807,-0.46,SJNFAAZE1U0005576,117.69,13.04,9031.6162109375,78,75,0,0,0,0,15.0,99.17,-154541,86,1528021675.462,20160,2,1,0,4,0,0,0,0,4,366.15,366.15,1F,1,1,1,0080,81,40,40,0,0,19,30.50
03/06/2018 11:27:59,54 58.53373,-1 31.10137,301,0,371,732683,1144818,366.34,59.775,3824,3808,3816,16,0,93.0,33.9,88.0,31.1,none,none,81.0,27.2,-3814,3815,-3818,3814,-3820,3818,-3819,3816,-3820,3818,-3821,3819,-3822,3818,-3822,3818,-3822,3820,-3822,3819,-3822,3818,-3823,3819,-3824,3818,-3823,3818,-3823,3821,-3822,3819,-3822,3819,-3822,3821,-3821,3818,-3821,3817,-3821,3817,-3822,3820,-3818,3815,-3817,3814,-3812,3808,-3813,3809,-3815,3810,-3815,3809,-3818,3811,-3817,3809,-3814,3809,-3820,3811,-3821,3813,-3819,3812,-3820,3813,-3819,3813,-3822,3808,-3820,3809,-3820,3810,-3822,3809,-3821,3810,-3818,3810,-3816,3809,-3819,3812,-3815,3811,-3813,3808,-3815,3809,-3814,3808,-0.47,SJNFAAZE1U0005576,117.69,13.04,9031.6162109375,78,75,0,0,0,0,15.0,99.17,-154541,86,1528021679.447,16880,2,1,0,4,0,0,0,0,4,366.42,366.42,1F,1,1,1,0080,81,40,40,0,0,19,30.25
03/06/2018 11:28:03,54 58.53373,-1 31.10137,301,0,370,732062,1144818,366.05,63.682,3822,3804,3813,18,0,93.2,34.0,88.2,31.2,none,none,81.0,27.2,-3812,3811,-3816,3809,-3818,3813,-3818,3812,-3819,3814,-3819,3815,-3820,3814,-3821,3815,-3820,3815,-3820,3813,-3820,3815,-3821,3816,-3822,3815,-3822,3814,-3820,3816,-3820,3817,-3820,3816,-3820,3817,-3819,3815,-3819,3814,-3818,3813,-3820,3815,-3816,3813,-3814,3808,-3809,3804,-3812,3806,-3812,3805,-3812,3806,-3817,3809,-3816,3805,-3813,3805,-3818,3807,-3819,3808,-3817,3807,-3818,3809,-3815,3808,-3822,3804,-3818,3804,-3818,3804,-3820,3806,-3817,3805,-3815,3805,-3814,3806,-3817,3808,-3813,3807,-3811,3804,-3812,3805,-3811,3804,-0.51,SJNFAAZE1U0005576,117.69,13.04,9031.6162109375,78,75,0,0,0,0,15.0,99.17,-154541,86,1528021683.329,18440,2,1,0,4,0,0,0,0,4,366.19,366.19,1F,1,1,1,0080,81,40,40,0,0,19,32.25
03/06/2018 11:28:07,54 58.53373,-1 31.10137,301,0,370,731435,1144818,365.76,72.043,3819,3799,3810,20,0,93.0,33.9,88.0,31.1,none,none,81.0,27.2,3805,-3814,3806,-3813,3808,3815,3812,-3813,-3809,3816,3810,-3817,-3811,3818,-3810,3818,-3811,3818,-3810,3817,-3811,3818,-3811,3818,-3811,3819,-3811,3818,-3809,3817,-3812,3816,-3812,3817,-3812,3817,-3812,3816,-3810,3816,-3810,3814,-3810,3816,-3808,3812,-3807,3810,-3800,3808,-3800,3811,-3802,3809,-3803,3809,-3806,3812,-3803,3809,-3800,3813,-3804,3814,-3805,3816,-3803,3816,-3805,3816,-3803,3814,-3807,3814,-3800,3815,3800,-3818,3802,3817,3802,-3815,3799,-3813,3801,-3813,3804,-3814,3802,-3812,3800,3812,3800,-3811,3800,-3807,-0.49,SJNFAAZE1U0005576,117.69,13.04,9031.6162109375,78,75,0,0,0,0,15.0,99.17,-154541,86,1528021687.012,20080,2,1,0,4,0,0,0,0,4,365.74,365.74,1F,1,1,1,0080,81,40,40,0,0,19,37.25
03/06/2018 11:28:10,54 58.53373,-1 31.10137,301,0,370,730790,1144818,365.47,73.264,3818,3796,3807,22,0,93.0,33.9,88.0,31.1,none,none,81.0,27.2,3801,-3811,3803,-3809,3805,3811,3810,-3810,3807,-3813,3807,3815,3808,-3817,3808,-3815,3807,-3814,3809,-3814,3808,3813,3809,-3815,3809,-3818,3808,-3816,3807,-3816,3810,-3815,3809,-3814,3809,-3815,3808,-3814,3807,3813,3807,-3811,3808,-3814,3804,-3810,3804,-3806,3796,3805,3798,-3807,3798,-3805,3799,-3805,3805,-3808,3802,-3806,3797,-3811,3800,-3811,3801,-3813,3801,3813,3802,-3812,3799,-3811,3806,-3812,3797,-3813,3798,3814,3799,-3813,3798,-3813,3796,-3811,3798,-3812,3801,-3812,3798,-3809,3796,-3807,3797,-3807,3797,3804,-0.52,SJNFAAZE1U0005576,117.69,13.04,9031.6162109375,78,75,0,0,0,0,15.0,99.17,-154541,86,1528021690.675,21440,2,1,0,4,0,0,0,0,4,365.50,365.50,1F,1,1,1,0080,81,40,40,0,0,19,34.75
03/06/2018 11:28:14,54 58.53373,-1 31.10137,301,0,369,730143,1144818,365.38,71.128,3817,3794,3806,23,0,93.0,33.9,88.2,31.2,none,none,81.0,27.2,3800,-3811,3801,3810,3803,3810,3807,-3809,3805,-3814,3807,-3814,3807,-3816,3806,3814,3805,-3816,3807,-3814,3807,-3815,3807,-3815,3808,3817,3805,-3815,3806,-3816,3807,-3815,3809,-3814,3808,-3815,3807,-3813,3805,-3813,3806,-3811,3807,3814,3804,-3810,3802,-3806,3795,-3804,3795,-3807,3797,3805,3799,-3804,3801,-3809,3800,-3806,3796,-3810,3800,-3811,3801,-3813,3799,-3812,3802,-3811,3799,3809,3803,-3812,3796,-3812,3796,-3812,3798,-3812,3797,3813,3794,-3810,3797,-3809,3800,-3809,3799,-3807,3795,-3807,3795,-3807,3795,-3804,-0.55,SJNFAAZE1U0005576,117.69,13.04,9033.2255859375,78,75,0,0,0,0,15.0,99.17,-154541,86,1528021694.611,21200,2,1,0,5,0,0,0,0,4,365.48,365.48,1F,1,1,1,0080,81,40,40,0,0,19,36.25
03/06/2018 11:28:18,54 58.53373,-1 31.10137,301,0,369,729465,1144818,364.90,80.497,3813,3790,3801,23,0,93.2,34.0,88.2,31.2,none,none,81.0,27.2,3794,3806,3796,-3804,3798,3805,3804,-3805,3801,-3808,3802,-3810,3803,-3810,3801,-3811,3802,-3810,3803,3811,3804,-3810,3803,-3811,3804,-3813,3803,-3811,3802,3810,3804,-3810,3804,-3809,3804,-3809,3804,-3809,3801,-3809,3802,-3806,3804,-3810,3800,-3805,3798,3802,3791,-3799,3791,-3802,3792,-3800,3794,-3800,3797,3804,3795,-3801,3791,-3804,3795,-3806,3796,-3809,3794,-3807,3797,-3807,3793,-3806,3800,-3806,3791,3808,3792,-3809,3794,-3807,3793,-3808,3790,-3804,3792,3804,3795,-3805,3792,-3802,3791,-3802,3791,-3803,3790,-3799,-0.53,SJNFAAZE1U0005576,117.69,13.04,9033.2255859375,78,75,0,0,0,0,15.0,99.17,-154541,86,1528021698.374,21600,2,1,0,4,0,0,0,0,4,364.98,364.98,1F,1,1,1,0080,81,40,40,0,0,19,39.50
03/06/2018 11:28:22,54 58.53373,-1 31.10137,301,0,369,728753,1144818,365.18,71.799,3814,3793,3804,21,0,93.2,34.0,88.2,31.2,none,none,81.0,27.2,3799,-3809,3801,-3806,3802,3807,3807,-3807,3804,-3810,3804,-3810,3806,-3812,3805,-3813,3805,-3811,3806,-3811,3807,-3812,3806,3811,3807,-3814,3805,-3813,3806,-3811,3806,-3812,3808,3811,3807,-3811,3806,-3811,3805,-3809,3804,-3808,3806,-3811,3802,-3806,3800,-3803,3794,-3802,3795,3804,3796,-3803,3798,-3803,3801,-3805,3798,-3804,3795,3806,3798,-3808,3801,-3809,3799,-3809,3800,-3808,3798,-3807,3805,-3808,3796,-3808,3796,-3809,3797,3809,3797,-3808,3793,-3807,3796,-3806,3798,-3808,3794,-3803,3793,-3804,3793,-3802,3796,-3801,-0.48,SJNFAAZE1U0005576,117.69,13.04,9033.2255859375,78,75,0,0,0,0,15.0,99.17,-154541,86,1528021702.282,21920,2,1,0,4,0,0,0,0,4,365.13,365.13,1F,1,1,1,0080,81,40,40,0,0,19,34.50
03/06/2018 11:28:26,54 58.53373,-1 31.10137,301,0,368,728051,1144818,364.90,71.769,3811,3791,3801,20,0,93.2,34.0,88.4,31.3,none,none,81.2,27.3,-3801,3800,-3803,3798,-3805,3800,-3806,3800,-3806,3803,-3806,3803,-3809,3804,-3808,3803,-3808,3804,-3807,3803,-3809,3804,-3809,3805,-3811,3804,-3811,3804,-3808,3805,-3808,3805,-3808,3805,-3807,3806,-3808,3803,-3807,3803,-3806,3802,-3807,3804,-3802,3799,-3802,3797,-3798,3791,-3799,3794,-3800,3793,-3800,3795,-3805,3795,-3803,3793,-3801,3793,-3805,3794,-3807,3797,-3805,3795,-3807,3797,-3803,3797,-3810,3792,-3805,3793,-3807,3793,-3808,3794,-3806,3794,-3804,3794,-3801,3794,-3805,3797,-3800,3794,-3800,3793,-3801,3792,-3799,3793,-0.52,SJNFAAZE1U0005576,117.69,13.04,9033.2255859375,78,75,0,0,0,0,15.0,99.17,-154541,86,1528021706.106,21400,2,1,0,5,0,0,0,0,4,364.91,364.91,1F,1,1,1,0080,81,40,40,0,0,19,36.75
03/06/2018 11:28:29,54 58.53373,-1 31.10137,301,0,368,727398,1144818,364.70,76.652,3808,3788,3799,20,0,93.2,34.0,88.2,31.2,none,none,81.0,27.2,-3798,3796,-3802,3794,-3804,3798,-3805,3798,-3805,3800,-3805,3802,-3806,3801,-3806,3800,-3806,3801,-3806,3800,-3808,3800,-3807,3802,-3808,3801,-3806,3800,-3807,3802,-3807,3804,-3806,3802,-3806,3804,-3805,3801,-3804,3801,-3804,3799,-3804,3801,-3802,3797,-3800,3796,-3793,3788,-3797,3791,-3797,3791,-3797,3791,-3802,3793,-3801,3791,-3799,3792,-3803,3792,-3805,3794,-3803,3794,-3804,3795,-3801,3795,-3806,3789,-3803,3791,-3804,3791,-3806,3791,-3804,3791,-3802,3791,-3799,3792,-3804,3793,-3797,3793,-3796,3790,-3798,3790,-3798,3789,-0.46,SJNFAAZE1U0005576,117.69,13.04,9033.2255859375,78,75,0,0,0,0,15.0,99.17,-154541,86,1528021709.653,21800,2,1,0,4,0,0,0,0,4,364.71,364.71,1F,1,1,1,0080,81,40,40,0,0,19,38.25
03/06/2018 11:28:33,54 58.53373,-1 31.10137,301,0,368,726757,1144818,364.42,75.980,3806,3787,3796,19,0,93.2,34.0,88.2,31.2,none,none,81.0,27.2,-3795,3793,-3798,3792,-3800,3794,-3801,3795,-3801,3797,-3802,3798,-3804,3799,-3805,3798,-3804,3799,-3805,3798,-3805,3799,-3804,3800,-3806,3799,-3805,3798,-3804,3801,-3804,3800,-3803,3800,-3803,3801,-3803,3798,-3803,3798,-3803,3796,-3802,3799,-3799,3794,-3798,3792,-3792,3787,-3794,3789,-3794,3788,-3797,3789,-3800,3790,-3799,3788,-3796,3787,-3801,3790,-3802,3792,-3800,3792,-3803,3791,-3800,3791,-3805,3787,-3801,3788,-3802,3788,-3803,3788,-3803,3790,-3798,3789,-3798,3790,-3801,3792,-3795,3788,-3795,3788,-3795,3788,-3795,3787,-0.46,SJNFAAZE1U0005576,117.69,13.04,9033.2255859375,78,75,0,0,0,0,15.0,99.17,-154541,86,1528021713.149,21960,2,1,0,4,0,0,0,0,4,364.58,364.58,1F,1,1,1,0080,81,40,40,0,0,19,37.75
03/06/2018 11:28:36,54 58.53373,-1 31.10137,301,0,367,726067,1144818,364.42,74.088,3805,3786,3796,19,0,93.4,34.1,88.4,31.3,none,none,81.2,27.3,-3795,3794,-3798,3793,-3800,3796,-3801,3795,-3800,3797,-3802,3799,-3803,3800,-3804,3798,-3803,3799,-3803,3797,-3804,3799,-3804,3801,-3805,3797,-3805,3798,-3803,3801,-3802,3800,-3802,3799,-3803,3802,-3801,3798,-3802,3798,-3801,3796,-3802,3799,-3799,3795,-3797,3793,-3792,3786,-3793,3788,-3794,3789,-3796,3788,-3799,3791,-3798,3789,-3795,3788,-3801,3790,-3802,3793,-3800,3790,-3802,3792,-3799,3792,-3803,3786,-3801,3788,-3800,3789,-3803,3789,-3802,3788,-3798,3789,-3798,3790,-3800,3791,-3796,3790,-3794,3788,-3796,3787,-3795,3787,-0.46,SJNFAAZE1U0005576,117.69,13.04,9033.2255859375,78,75,0,0,0,0,15.0,99.17,-154541,87,1528021716.947,22040,2,1,0,5,0,0,0,0,4,364.50,364.50,1F,1,1,1,0080,81,40,40,0,0,19,36.00
03/06/2018 11:28:40,54 58.53373,-1 31.10137,301,0,367,725420,1144818,364.32,75.797,3807,3782,3795,25,0,93.4,34.1,88.4,31.3,none,none,81.2,27.3,-3789,3800,-3791,3798,-3792,3799,-3797,3799,-3794,3802,-3796,3803,-3795,3804,-3795,3804,-3795,3804,-3796,3803,-3797,3805,-3797,3805,-3797,3807,-3795,3805,3795,-3803,3797,3804,3798,-3802,3797,-3803,3797,-3803,3796,-3802,3795,-3800,3796,3802,-3792,3799,-3791,3796,-3784,3793,-3784,3796,-3786,3792,-3788,3794,-3792,3797,-3789,3795,-3784,3798,-3789,3800,-3790,3801,-3788,3801,-3791,3800,-3788,3800,-3793,3800,-3785,3801,-3785,3801,-3788,3800,-3787,3800,-3782,3798,-3786,3798,-3789,3800,-3787,3795,-3785,3796,-3784,3796,-3783,3792,-0.48,SJNFAAZE1U0005576,117.69,13.04,9033.2255859375,78,75,0,0,0,0,15.0,99.17,-154541,87,1528021720.445,21720,2,1,0,4,0,0,0,0,4,364.32,364.32,1F,1,1,1,0080,82,40,40,0,0,19,37.50
03/06/2018 11:28:44,54 58.53373,-1 31.10137,301,0,367,724738,1144818,364.13,75.126,3804,3781,3793,23,0,93.4,34.1,88.4,31.3,none,none,81.2,27.3,3786,3797,3788,-3796,3790,3798,3794,-3796,3792,-3799,3792,-3800,3794,-3802,3794,-3802,3793,-3801,3794,3801,3794,-3801,3794,-3802,3794,-3804,3793,-3804,3794,3802,3796,-3801,3795,-3800,3795,-3801,3794,-3800,3793,-3799,3793,3798,3793,-3799,3790,-3796,3789,-3793,3783,-3790,3781,-3793,3784,-3792,3786,-3792,3789,-3795,3787,3793,3781,-3796,3787,-3798,3787,-3799,3787,-3797,3789,3799,3788,-3797,3790,-3797,3782,-3798,3782,-3800,3786,-3799,3786,-3799,3781,-3797,3783,-3797,3787,3797,3784,-3795,3782,-3793,3781,-3793,3782,-3790,-0.50,SJNFAAZE1U0005576,117.69,13.04,9033.2255859375,78,75,0,0,0,0,15.0,99.17,-154541,87,1528021724.198,21880,2,1,0,4,0,0,0,0,4,364.23,364.23,1F,1,1,1,0080,82,40,40,0,0,19,37.25
03/06/2018 11:28:48,54 58.53373,-1 31.10137,301,0,366,724033,1144818,364.03,77.689,3804,3780,3792,24,0,93.4,34.1,88.2,31.2,none,none,81.2,27.3,3786,-3796,3786,-3794,3790,3796,3794,-3796,3792,-3799,3792,-3800,3793,-3802,3793,-3802,3792,-3801,3794,-3800,3794,-3802,3793,3802,3794,-3804,3793,-3804,3793,-3801,3795,-3801,3794,3800,3794,-3801,3794,-3800,3792,-3800,3792,-3798,3793,-3800,3790,3796,3788,-3792,3782,-3790,3781,-3792,3783,-3789,3786,-3791,3788,-3795,3786,-3792,3782,-3796,3785,3797,3787,-3799,3784,-3796,3788,-3798,3785,-3797,3790,3798,3782,-3798,3783,-3798,3785,-3798,3784,-3799,3780,-3795,3784,-3794,3786,-3797,3783,-3792,3782,3792,3782,-3793,3780,-3790,-0.49,SJNFAAZE1U0005576,117.69,13.04,9033.2255859375,78,75,0,0,0,0,15.0,99.17,-154541,87,1528021728.241,22320,2,1,0,4,0,0,0,0,4,364.04,364.04,1F,1,1,1,0080,82,40,40,0,0,19,37.00
03/06/2018 11:28:52,54 58.53373,-1 31.10137,301,0,366,723296,1144818,364.03,72.898,3804,3780,3792,24,0,93.4,34.1,88.4,31.3,none,none,81.2,27.3,3786,-3797,3787,-3795,3789,3797,3794,-3797,3791,3800,3792,-3801,3794,-3803,3792,-3802,3793,-3802,3793,-3801,3794,-3803,3793,-3802,3794,-3804,3793,3803,3793,-3801,3795,-3801,3795,-3799,3796,-3801,3794,3800,3792,-3800,3793,-3798,3792,-3800,3790,-3795,3788,-3793,3782,3790,3782,-3793,3783,-3790,3786,-3791,3788,-3796,3787,-3793,3781,-3796,3785,-3798,3787,-3800,3784,3797,3788,-3798,3785,-3797,3790,-3798,3781,-3797,3781,3798,3785,-3798,3784,-3800,3780,-3796,3783,-3796,3787,-3795,3783,-3794,3782,-3793,3782,-3794,3780,3790,-0.50,SJNFAAZE1U0005576,117.69,13.04,9033.2255859375,78,75,0,0,0,0,15.0,99.17,-154541,87,1528021732.065,22000,2,1,0,4,0,0,0,0,4,364.05,364.05,1F,1,1,1,0080,82,40,40,0,0,19,35.25
03/06/2018 11:28:55,54 58.53373,-1 31.10137,301,0,366,722645,1144818,364.13,66.825,3804,3780,3793,24,0,93.4,34.1,88.4,31.3,none,none,81.4,27.4,3786,-3796,3788,3795,3790,3796,3795,-3796,3792,-3801,3793,-3800,3794,3801,3793,-3802,3794,-3801,3794,-3800,3794,-3801,3795,-3801,3795,-3804,3793,-3804,3794,-3800,3795,3801,3795,-3799,3795,-3800,3795,-3799,3793,-3799,3794,3797,3794,-3799,3790,-3796,3788,-3792,3782,-3791,3782,-3794,3784,3792,3787,-3791,3788,-3795,3786,-3791,3783,-3797,3787,-3797,3788,-3799,3785,-3797,3788,-3799,3785,3796,3790,-3797,3783,-3799,3784,-3800,3785,-3798,3784,3799,3780,-3796,3784,-3797,3786,-3797,3784,-3793,3783,-3792,3782,-3793,3781,-3788,-0.50,SJNFAAZE1U0005576,117.69,13.04,9033.2255859375,78,75,0,0,0,0,15.0,99.17,-154541,87,1528021735.975,20600,2,1,0,5,0,0,0,0,4,364.18,364.18,1F,1,1,1,0080,82,40,40,0,0,19,35.25
03/06/2018 11:28:59,54 58.53373,-1 31.10137,301,0,365,721995,1144818,364.13,65.971,3803,3783,3793,20,0,93.4,34.1,88.6,31.4,none,none,81.4,27.4,-3792,3790,-3796,3788,-3797,3793,-3798,3792,-3798,3795,-3799,3795,-3800,3795,-3801,3795,-3801,3796,-3801,3795,-3802,3795,-3801,3797,-3802,3795,-3803,3795,-3801,3798,-3800,3798,-3800,3796,-3800,3798,-3800,3795,-3798,3793,-3798,3794,-3799,3796,-3796,3791,-3794,3789,-3788,3783,-3790,3786,-3792,3786,-3792,3786,-3796,3788,-3796,3785,-3792,3784,-3798,3786,-3799,3789,-3797,3787,-3799,3789,-3797,3788,-3801,3783,-3798,3784,-3797,3785,-3800,3785,-3799,3785,-3795,3786,-3793,3786,-3798,3788,-3793,3786,-3791,3784,-3792,3785,-3791,3784,-0.48,SJNFAAZE1U0005576,117.69,13.04,9033.2255859375,78,75,0,0,0,0,15.0,99.17,-154541,87,1528021739.868,19960,2,1,0,5,0,0,0,0,4,364.18,364.18,1F,1,1,1,0080,82,40,40,0,0,19,33.00
03/06/2018 11:29:03,54 58.53373,-1 31.10137,301,0,365,721402,1144818,364.42,63.621,3803,3787,3796,16,0,93.4,34.1,88.4,31.3,none,none,81.2,27.3,-3794,3794,-3797,3793,-3799,3796,-3800,3795,-3799,3797,-3801,3798,-3802,3798,-3803,3799,-3802,3798,-3802,3798,-3803,3799,-3803,3801,-3803,3799,-3803,3798,-3801,3800,-3802,3800,-3801,3799,-3802,3801,-3801,3798,-3800,3798,-3801,3797,-3800,3799,-3797,3795,-3796,3792,-3791,3787,-3792,3789,-3793,3789,-3795,3789,-3797,3791,-3798,3789,-3795,3788,-3799,3791,-3800,3793,-3798,3791,-3800,3793,-3797,3791,-3801,3789,-3799,3789,-3798,3789,-3801,3789,-3799,3790,-3797,3789,-3795,3789,-3799,3791,-3793,3790,-3792,3787,-3795,3788,-3793,3788,-0.46,SJNFAAZE1U0005576,117.69,13.04,9033.2255859375,78,75,0,0,0,0,15.0,99.17,-154541,87,1528021743.713,18640,2,1,0,4,0,0,0,0,4,364.28,364.28,1F,1,1,1,0080,82,40,40,0,0,19,29.25
03/06/2018 11:29:07,54 58.53373,-1 31.10137,301,0,365,720798,1144818,364.42,57.883,3805,3785,3796,20,0,93.6,34.2,88.6,31.4,none,none,81.4,27.4,-3795,3793,-3799,3792,-3800,3794,-3801,3795,-3802,3797,-3802,3798,-3802,3797,-3804,3797,-3804,3798,-3804,3797,-3804,3798,-3803,3799,-3805,3797,-3805,3797,-3803,3799,-3802,3799,-3802,3798,-3803,3800,-3803,3797,-3802,3796,-3801,3795,-3802,3799,-3799,3794,-3797,3792,-3792,3785,-3793,3788,-3796,3789,-3795,3787,-3799,3789,-3798,3788,-3796,3788,-3802,3789,-3802,3791,-3800,3791,-3801,3792,-3799,3791,-3803,3787,-3801,3787,-3802,3788,-3803,3788,-3802,3787,-3798,3787,-3797,3788,-3800,3790,-3795,3790,-3794,3787,-3796,3788,-3794,3787,-0.56,SJNFAAZE1U0005576,117.69,13.04,9033.2255859375,78,75,0,0,0,0,15.0,99.17,-154541,87,1528021747.897,17840,2,1,0,4,0,0,0,0,4,364.38,364.38,1F,1,1,1,0080,82,40,40,0,0,19,29.75
03/06/2018 11:29:11,54 58.53373,-1 31.10137,301,0,364,720245,1144818,364.22,60.538,3804,3784,3794,20,0,93.4,34.1,88.6,31.4,none,none,81.4,27.4,-3794,3792,-3797,3791,-3798,3794,-3799,3793,-3799,3795,-3799,3796,-3802,3796,-3802,3797,-3802,3797,-3802,3797,-3803,3797,-3803,3798,-3804,3798,-3803,3796,-3802,3798,-3801,3798,-3801,3798,-3801,3798,-3801,3797,-3800,3795,-3800,3795,-3800,3796,-3797,3794,-3795,3791,-3791,3784,-3792,3788,-3793,3786,-3794,3788,-3798,3789,-3797,3786,-3794,3786,-3799,3788,-3800,3790,-3798,3789,-3800,3789,-3797,3790,-3802,3785,-3799,3786,-3800,3786,-3801,3786,-3799,3787,-3797,3787,-3795,3787,-3799,3789,-3793,3787,-3792,3786,-3795,3786,-3793,3786,-0.47,SJNFAAZE1U0005576,117.69,13.04,9033.2255859375,78,75,0,0,0,0,15.0,99.17,-154541,87,1528021751.815,17800,2,1,0,5,0,0,0,0,4,364.29,364.29,1F,1,1,1,0080,82,40,40,0,0,19,31.25
03/06/2018 11:29:15,54 58.53373,-1 31.10137,301,0,364,719615,1144818,364.03,65.574,3803,3779,3792,24,0,93.6,34.2,88.6,31.4,none,none,81.4,27.4,3786,-3796,3786,-3794,3789,3795,3793,-3796,3791,-3799,3791,-3799,3792,-3802,3792,-3801,3793,-3801,3793,-3801,3794,-3799,3793,3802,3794,-3803,3792,-3801,3793,-3799,3794,-3800,3794,3799,3794,-3800,3794,-3798,3792,-3798,3792,-3796,3794,-3799,3789,-3795,3787,-3792,3782,-3790,3781,3793,3783,-3789,3785,-3790,3787,-3794,3786,-3792,3780,3795,3785,-3796,3787,-3799,3786,-3797,-3787,3797,-3785,-3796,-3789,3796,-3782,3797,3783,-3799,3784,3797,3785,-3798,3779,-3796,3782,-3795,3786,-3795,3783,-3792,3782,3792,3781,-3792,3780,-3789,-0.50,SJNFAAZE1U0005576,117.69,13.04,9033.2255859375,78,75,0,0,0,0,15.0,99.17,-154541,87,1528021755.746,19640,2,1,0,4,0,0,0,0,4,364.05,364.05,1F,1,1,1,0080,82,40,40,0,0,19,31.75
03/06/2018 11:29:19,54 58.53373,-1 31.10137,301,0,364,718993,1144818,364.03,61.973,3802,3781,3792,21,0,93.6,34.2,88.6,31.4,none,none,81.4,27.4,3786,-3796,3788,-3794,3791,3795,3793,-3796,3791,3798,3792,-3798,3794,-3801,3792,-3800,3793,-3801,3793,-3801,3795,-3801,3794,-3801,3795,-3802,3793,3801,3793,-3799,3795,-3800,3795,-3799,3795,-3799,3794,3799,3793,-3798,3792,-3797,3793,-3799,3791,-3794,3788,-3791,3784,-3789,3782,-3792,3784,-3790,3787,3790,3788,-3795,3787,-3792,3782,-3795,3786,-3795,3788,3797,3787,-3796,3788,-3796,3786,-3794,3791,-3796,3783,-3796,3783,3797,3786,-3796,3785,-3797,3781,-3794,3784,-3794,3787,-3795,3785,-3792,3782,-3791,3782,-3792,3783,3789,-0.45,SJNFAAZE1U0005576,117.69,13.04,9034.8349609375,78,75,0,0,0,0,15.0,99.17,-154541,87,1528021759.612,18720,2,1,0,4,0,0,0,0,4,364.06,364.06,1F,1,1,1,0080,82,40,40,0,0,19,32.25
03/06/2018 11:29:23,54 58.53373,-1 31.10137,301,0,363,718403,1144818,363.84,66.703,3801,3779,3790,22,0,93.4,34.1,88.4,31.3,none,none,81.4,27.4,3785,-3794,3786,3792,3787,3795,3792,-3794,3789,-3797,3790,-3798,3790,3799,3790,-3799,3791,-3800,3790,-3798,3792,-3800,3792,-3799,3793,-3800,3790,-3801,3792,-3799,3792,3798,3792,-3797,3793,-3798,3791,-3798,3790,-3797,3789,3795,3791,-3797,3788,-3793,3786,-3790,3781,-3787,3780,-3791,3782,-3789,3783,-3789,3786,-3793,3785,3791,3779,-3792,3783,-3795,3784,-3797,3782,-3795,3786,3796,3782,-3794,3788,-3794,3780,-3796,3779,-3797,3783,-3797,3782,3796,3779,-3794,3781,-3793,3784,-3795,3781,-3791,3780,-3790,3780,-3790,3779,-3787,-0.46,SJNFAAZE1U0005576,117.69,13.04,9034.8349609375,78,75,0,0,0,0,15.0,99.17,-154541,87,1528021763.345,19400,2,1,0,5,0,0,0,0,4,363.86,363.86,1F,1,1,1,0080,82,40,40,0,0,19,33.00
03/06/2018 11:29:27,54 58.53373,-1 31.10137,301,0,363,717791,1144818,363.55,71.097,3798,3774,3787,24,0,93.6,34.2,88.6,31.4,none,none,81.4,27.4,3781,-3791,3782,-3790,3784,3791,3788,3791,3787,-3794,3786,-3795,3788,-3798,3788,-3797,3788,3796,3788,-3796,3789,-3797,3789,-3797,3790,-3798,3787,-3798,3788,-3796,3789,-3796,3790,-3795,3790,3796,3788,-3795,3788,-3794,3787,-3792,3788,-3795,3784,3791,3782,-3787,3777,-3786,3776,-3789,3779,-3786,3780,-3786,3781,-3790,3781,-3787,3777,-3790,3781,3794,3781,-3794,3780,-3793,3784,-3793,3779,-3792,3784,-3792,3777,3794,3778,-3794,3779,-3793,3778,-3794,3774,-3791,3777,3790,3781,-3790,3779,-3788,3777,-3787,3776,-3788,3776,-3784,-0.48,SJNFAAZE1U0005576,117.69,13.04,9034.8349609375,78,75,0,0,0,0,15.0,99.17,-154541,87,1528021767.246,20000,2,1,0,4,0,0,0,0,4,363.67,363.67,1F,1,1,1,0080,82,40,40,0,0,19,34.75
03/06/2018 11:29:31,54 58.53373,-1 31.10137,301,0,363,717087,1144818,363.26,72.776,3794,3773,3784,21,0,93.6,34.2,88.6,31.4,none,none,81.6,27.6,3782,-3781,3787,-3779,3788,3783,3789,-3783,3790,-3785,3791,3786,3792,-3785,3792,-3786,3792,-3787,3792,-3786,3792,3787,3794,-3789,3794,-3787,3794,-3786,3792,-3788,3792,-3788,3791,-3787,3791,-3788,3791,-3786,3790,3786,3790,-3785,3790,-3787,3786,-3782,3785,-3780,3779,3773,3782,-3775,-3782,3777,-3782,-3776,-3785,3778,-3786,3776,-3784,3776,-3789,3778,-3790,3779,-3788,3778,-3789,3780,-3786,3779,3792,-3774,3788,-3775,3788,-3777,3791,3776,3789,-3776,3786,-3776,3785,-3778,3788,-3778,3783,3777,3781,-3774,3782,-3776,3781,-3774,-0.45,SJNFAAZE1U0005576,117.69,13.04,9034.8349609375,78,75,0,0,0,0,15.0,99.17,-154541,87,1528021771.121,21280,2,1,0,4,0,0,0,0,4,363.45,363.45,1F,1,1,1,0080,82,40,40,0,0,19,36.75
03/06/2018 11:29:34,54 58.53373,-1 31.10137,301,0,362,716377,1144818,363.26,73.447,3793,3773,3784,20,0,93.6,34.2,88.6,31.4,none,none,81.4,27.4,-3783,3781,-3786,3780,-3788,3784,-3789,3782,-3790,3785,-3790,3787,-3791,3786,-3792,3785,-3791,3788,-3791,3786,-3792,3787,-3793,3789,-3793,3786,-3793,3785,-3792,3789,-3791,3787,-3791,3786,-3792,3789,-3791,3786,-3790,3785,-3790,3784,-3790,3787,-3787,3783,-3785,3781,-3780,3773,-3781,3776,-3782,3776,-3784,3776,-3786,3777,-3787,3776,-3781,3775,-3790,3777,-3789,3780,-3788,3778,-3790,3780,-3788,3779,-3790,3774,-3789,3776,-3788,3776,-3791,3775,-3791,3775,-3786,3776,-3785,3777,-3788,3776,-3783,3777,-3782,3774,-3784,3775,-3782,3774,-0.46,SJNFAAZE1U0005576,117.69,13.04,9034.8349609375,78,75,0,0,0,0,15.0,99.17,-154541,87,1528021774.805,21720,2,1,0,5,0,0,0,0,4,363.29,363.29,1F,1,1,1,0080,82,40,40,0,0,19,33.75
03/06/2018 11:29:38,54 58.53373,-1 31.10137,301,0,362,715788,1144818,363.74,59.287,3798,3779,3789,19,0,93.6,34.2,88.6,31.4,none,none,81.6,27.6,-3787,3786,-3791,3784,-3793,3789,-3794,3788,-3793,3791,-3795,3792,-3795,3792,-3796,3791,-3796,3793,-3797,3790,-3797,3791,-3797,3793,-3798,3791,-3798,3791,-3796,3793,-3796,3793,-3795,3793,-3796,3793,-3795,3790,-3794,3791,-3795,3790,-3794,3792,-3791,3788,-3790,3785,-3785,3779,-3786,3782,-3787,3782,-3788,3782,-3791,3784,-3791,3782,-3789,3781,-3794,3783,-3794,3784,-3792,3783,-3794,3784,-3792,3785,-3796,3780,-3794,3781,-3794,3781,-3796,3781,-3795,3781,-3790,3781,-3790,3781,-3793,3784,-3788,3783,-3787,3781,-3788,3780,-3787,3780,-0.50,SJNFAAZE1U0005576,117.69,13.04,9034.8349609375,78,75,0,0,0,0,15.0,99.17,-154541,87,1528021778.688,18760,2,0,0,0,0,0,0,0,4,363.71,363.71,1F,1,1,1,0080,82,40,40,0,0,19,27.75
03/06/2018 11:29:42,54 58.53373,-1 31.10137,301,0,362,715312,1144818,364.13,48.331,3801,3784,3793,17,0,93.6,34.2,88.8,31.6,none,none,81.6,27.6,-3791,3790,-3795,3789,-3797,3792,-3796,3792,-3797,3794,-3799,3795,-3800,3795,-3799,3795,-3799,3795,-3800,3795,-3800,3795,-3800,3797,-3801,3796,-3800,3794,-3799,3796,-3799,3796,-3798,3795,-3799,3796,-3799,3794,-3797,3793,-3798,3793,-3798,3796,-3795,3791,-3793,3789,-3788,3784,-3790,3787,-3792,3786,-3791,3786,-3796,3787,-3793,3787,-3792,3787,-3796,3786,-3799,3789,-3796,3789,-3796,3790,-3795,3788,-3799,3785,-3797,3786,-3797,3786,-3798,3786,-3797,3787,-3794,3785,-3793,3786,-3796,3789,-3792,3787,-3791,3785,-3791,3785,-3791,3785,-0.50,SJNFAAZE1U0005576,117.69,13.04,9034.8349609375,78,75,0,0,0,0,15.0,99.17,-154541,87,1528021782.451,15400,2,0,0,0,0,0,0,0,4,364.09,364.09,1F,1,1,1,0080,83,40,40,0,0,19,23.75
03/06/2018 11:29:46,54 58.53373,-1 31.10137,301,0,362,714884,1144818,364.61,37.467,3807,3790,3798,17,0,93.6,34.2,88.6,31.4,none,none,81.6,27.6,-3797,3796,-3800,3795,-3802,3799,-3802,3797,-3803,3799,-3804,3801,-3805,3801,-3805,3800,-3805,3801,-3804,3800,-3805,3800,-3806,3801,-3807,3800,-3805,3800,-3804,3802,-3804,3801,-3805,3801,-3804,3803,-3803,3801,-3803,3799,-3804,3800,-3804,3801,-3800,3797,-3800,3795,-3794,3790,-3796,3791,-3798,3793,-3798,3791,-3800,3794,-3800,3792,-3796,3792,-3802,3793,-3803,3797,-3801,3794,-3803,3796,-3800,3795,-3802,3791,-3802,3791,-3802,3792,-3803,3792,-3802,3792,-3800,3792,-3799,3793,-3802,3793,-3798,3793,-3796,3791,-3796,3791,-3798,3791,-0.49,SJNFAAZE1U0005576,117.69,13.04,9034.8349609375,78,75,0,0,0,0,15.0,99.17,-154541,87,1528021786.381,12440,2,0,0,0,0,0,0,0,4,364.61,364.61,1F,1,1,1,0080,83,40,40,0,0,19,16.00
03/06/2018 11:29:50,54 58.53373,-1 31.10137,301,0,361,714581,1144818,365.18,26.633,3813,3795,3804,18,0,93.6,34.2,88.8,31.6,none,none,81.6,27.6,3800,-3808,3801,3806,3803,3807,3806,-3807,3805,-3810,3805,-3810,3805,3812,3805,-3812,3805,-3810,3805,-3810,3806,-3811,3805,-3811,3806,-3813,3805,-3811,3805,-3810,3807,3810,3807,-3808,3806,-3811,3807,-3810,3805,-3809,3806,3809,3806,-3810,3802,-3806,3801,-3803,3796,-3803,3797,-3805,3798,-3804,3799,-3802,3801,-3805,3800,3803,3795,-3807,3798,-3808,3800,-3810,3799,-3808,3801,-3808,3798,3807,3801,-3808,3797,-3808,3796,-3810,3798,-3810,3797,3808,3795,-3806,3796,-3807,3799,-3807,3797,-3805,3796,-3802,3795,-3804,3795,-3801,-0.46,SJNFAAZE1U0005576,117.69,13.04,9034.8349609375,78,75,0,0,0,0,15.0,99.17,-154541,87,1528021790.324,8600,2,1,0,4,0,0,0,0,4,365.12,365.12,1F,1,1,1,0080,83,40,40,0,0,19,10.50
03/06/2018 11:29:54,54 58.53373,-1 31.10137,301,0,361,714364,1144818,365.66,18.180,3817,3799,3809,18,0,93.6,34.2,88.8,31.6,none,none,81.6,27.6,3805,-3813,3805,-3811,3807,3813,3811,3812,3809,-3815,3809,-3815,3809,-3817,3809,-3816,3809,3815,3810,-3816,3810,-3815,3810,-3816,3811,-3817,3808,-3817,3809,-3814,3811,-3816,3811,-3815,3810,3815,3810,-3815,3809,-3814,3808,-3813,3810,-3816,3807,3813,3806,-3808,3802,-3807,3800,-3809,3802,-3808,3805,-3807,3806,-3810,3804,-3809,3801,-3813,3804,3813,3806,-3814,3802,-3814,3806,-3815,3805,-3812,3805,-3814,3801,3813,3802,-3814,3803,-3815,3802,-3815,3799,-3812,3801,3812,3803,-3811,3802,-3810,3800,-3809,3800,-3809,3800,-3805,-0.51,SJNFAAZE1U0005576,117.69,13.04,9034.8349609375,78,75,0,0,0,0,15.0,99.17,-154541,87,1528021794.367,6800,2,1,0,4,0,0,0,0,4,365.61,365.61,1F,1,1,1,0080,83,40,40,0,0,19,5.25
03/06/2018 11:29:58,54 58.53373,-1 31.10137,301,0,361,714372,1144818,366.62,-1.837,3827,3809,3819,18,0,93.6,34.2,88.8,31.6,none,none,81.6,27.6,3816,-3824,3816,-3822,3819,3822,3822,-3822,3818,-3825,3819,3825,3819,-3827,3819,-3826,3819,-3825,3819,-3825,3819,3825,3820,-3825,3821,-3827,3819,-3826,3820,-3825,3822,-3825,3820,-3824,3820,-3824,3821,-3824,3819,3823,3820,-3821,3821,-3824,3818,-3822,3816,-3819,3812,3818,3812,-3820,3814,-3818,3815,-3819,3817,-3820,3814,-3819,3812,-3822,3814,-3823,3816,-3824,3814,3823,3815,-3824,3814,-3823,3815,-3824,3812,-3824,3812,-3823,3813,3822,3812,-3824,3809,-3821,3811,-3822,3814,-3823,3814,3820,3811,-3818,3812,-3819,3810,-3816,-0.51,SJNFAAZE1U0005576,117.70,13.04,9034.8349609375,78,75,0,0,0,0,15.0,99.17,-154541,87,1528021798.273,0,2,1,0,5,0,0,0,0,4,366.70,366.70,1F,1,1,1,0080,83,40,40,0,0,19,-0.50
03/06/2018 11:30:02,54 58.53373,-1 31.10137,301,0,361,714341,1144818,366.62,7.224,3827,3808,3819,19,0,93.6,34.2,88.8,31.6,none,none,81.6,27.6,3815,-3824,3814,-3821,3817,3822,3821,-3822,3819,-3824,3819,-3825,3818,-3827,3817,3825,3818,-3825,3819,-3825,3820,-3825,3819,-3826,3820,3827,3818,-3827,3819,-3825,3820,-3825,3820,-3824,3820,-3824,3820,-3824,3819,-3824,3819,-3823,3820,3825,3818,-3822,3817,-3818,3813,-3818,3812,-3820,3814,3819,3814,-3818,3815,-3821,3814,-3820,3810,-3823,3813,-3823,3814,-3826,3812,-3824,3815,-3824,3812,3822,3813,-3825,3810,-3825,3810,-3825,3813,-3825,3810,-3825,3808,-3822,3811,-3821,3813,-3821,3812,-3820,3810,-3819,3810,3820,3810,-3816,-0.50,SJNFAAZE1U0005576,117.70,13.04,9034.8349609375,78,75,0,0,0,0,15.0,99.17,-154541,87,1528021802.147,1200,2,1,0,5,0,0,0,0,4,366.60,366.60,1F,1,1,1,0080,83,40,40,0,0,19,2.75
03/06/2018 11:30:06,54 58.53373,-1 31.10137,301,0,361,714249,1144818,366.43,13.236,3826,3809,3817,17,0,93.8,34.3,88.8,31.6,none,none,81.6,27.6,3818,3816,3821,-3815,-3823,3817,-3822,-3816,-3823,3818,-3822,3818,-3824,3819,-3824,3818,-3824,3819,-3823,3818,-3825,3818,-3824,3820,-3826,3820,-3825,3818,-3824,3820,-3824,3820,-3824,3818,-3823,3820,-3823,3818,-3823,3817,-3822,3818,-3824,3819,-3820,3817,-3820,3814,-3815,3810,-3818,3812,-3816,3812,-3817,3810,-3819,3812,-3821,3811,-3817,3812,-3822,3812,-3823,3814,-3822,3813,-3821,3814,-3819,3813,-3821,3809,-3822,3810,-3822,3811,-3823,3812,3822,-3810,3820,3812,3818,-3811,3819,3812,3817,-3813,3816,-3809,3817,-3810,3817,-3810,-0.49,SJNFAAZE1U0005576,117.70,13.04,9034.8349609375,78,75,0,0,0,0,15.0,99.17,-154541,88,1528021806.031,3560,2,1,0,5,0,0,0,0,4,366.51,366.51,1F,1,1,1,0080,83,40,40,0,0,19,5.75
03/06/2018 11:30:09,54 58.53373,-1 31.10137,301,0,361,714099,1144818,366.43,18.516,3826,3808,3817,18,0,93.6,34.2,88.8,31.6,none,none,81.6,27.6,-3818,3815,-3821,3814,-3822,3817,-3822,3816,-3822,3817,-3822,3819,-3823,3818,-3825,3817,-3824,3818,-3823,3817,-3825,3819,-3825,3820,-3825,3818,-3826,3817,-3824,3820,-3823,3820,-3823,3819,-3822,3821,-3823,3819,-3822,3818,-3823,3817,-3823,3819,-3820,3816,-3819,3814,-3815,3808,-3818,3810,-3818,3811,-3819,3811,-3820,3811,-3820,3810,-3818,3809,-3824,3810,-3824,3814,-3822,3811,-3823,3813,-3822,3813,-3822,3808,-3824,3809,-3823,3809,-3826,3808,-3823,3809,-3821,3810,-3820,3809,-3821,3811,-3818,3811,-3817,3809,-3818,3809,-3817,3809,-0.50,SJNFAAZE1U0005576,117.70,13.04,9034.8349609375,78,75,0,0,0,0,15.0,99.17,-154541,88,1528021809.739,5720,2,1,0,5,0,0,0,0,4,366.42,366.42,1F,1,1,1,0080,83,40,40,0,0,19,6.25
03/06/2018 11:30:13,54 58.53373,-1 31.10137,301,0,361,713944,1144818,366.43,19.492,3825,3807,3817,18,0,93.8,34.3,88.8,31.6,none,none,81.6,27.6,-3817,3814,-3821,3814,-3822,3815,-3821,3816,-3822,3817,-3822,3818,-3824,3818,-3825,3817,-3823,3818,-3823,3816,-3825,3818,-3824,3819,-3825,3818,-3825,3817,-3823,3818,-3823,3819,-3823,3819,-3822,3820,-3822,3818,-3823,3817,-3823,3816,-3823,3819,-3821,3816,-3819,3814,-3815,3808,-3817,3811,-3818,3811,-3817,3810,-3821,3812,-3822,3810,-3817,3809,-3822,3811,-3824,3812,-3821,3811,-3823,3812,-3819,3812,-3822,3808,-3822,3809,-3824,3807,-3823,3809,-3822,3809,-3821,3810,-3818,3810,-3821,3812,-3818,3811,-3815,3808,-3817,3809,-3817,3808,-0.50,SJNFAAZE1U0005576,117.70,13.04,9034.8349609375,78,75,0,0,0,0,15.0,99.17,-154541,88,1528021813.655,5600,2,1,0,5,0,0,0,0,4,366.42,366.42,1F,1,1,1,0080,82,40,40,0,0,19,9.25
03/06/2018 11:30:17,54 58.53373,-1 31.10137,301,0,361,713861,1144818,366.34,26.298,3823,3807,3816,16,0,93.6,34.2,88.6,31.4,none,none,81.6,27.6,-3817,3815,-3817,3813,-3820,3815,-3819,3815,-3819,3817,-3821,3819,-3821,3817,-3822,3816,-3821,3817,-3821,3817,-3823,3817,-3822,3818,-3823,3818,-3823,3817,-3822,3819,-3821,3819,-3822,3818,-3821,3819,-3821,3817,-3819,3816,-3820,3816,-3822,3818,-3818,3815,-3817,3813,-3813,3808,-3813,3810,-3816,3810,-3816,3808,-3818,3812,-3819,3809,-3816,3808,-3820,3811,-3820,3813,-3819,3812,-3820,3811,-3819,3812,-3821,3809,-3821,3809,-3819,3809,-3822,3809,-3820,3810,-3816,3809,-3817,3810,-3819,3811,-3817,3810,-3814,3808,-3815,3808,-3815,3807,-0.52,SJNFAAZE1U0005576,117.70,13.04,9034.8349609375,78,75,0,0,0,0,15.0,99.17,-154541,88,1528021817.563,5880,2,1,0,5,0,0,0,0,4,366.41,366.41,1F,1,1,1,0080,82,40,40,0,0,19,14.00
03/06/2018 11:30:21,54 58.53373,-1 31.10137,301,0,361,713835,1144818,366.43,21.690,3825,3808,3817,17,0,93.6,34.2,88.8,31.6,none,none,81.6,27.6,-3814,3822,-3813,3820,-3816,3820,-3819,3821,-3816,3823,-3817,3824,-3818,3825,-3816,3823,-3817,3824,-3817,3823,-3817,3824,-3818,3824,-3818,3825,-3816,3825,-3817,3823,-3819,3823,-3819,3822,-3818,3823,-3818,3823,-3817,3821,-3817,3821,-3820,3823,-3816,3820,-3815,3817,-3810,3816,-3809,3818,-3810,3817,-3812,3816,-3814,3819,-3813,3818,-3809,3820,-3813,3821,-3812,3823,-3811,3821,-3814,3821,-3812,3819,-3811,3821,-3809,3822,3808,-3823,3812,3822,3811,-3821,3808,-3821,-3811,3820,3811,-3818,-3810,3819,-3810,3817,-3809,3817,-3808,3814,-0.49,SJNFAAZE1U0005576,117.70,13.04,9036.4443359375,78,75,0,0,0,0,14.5,99.17,-154541,88,1528021821.443,1160,2,1,0,5,0,0,0,0,4,366.81,366.81,1F,1,1,1,0080,82,40,40,0,0,19,16.50
03/06/2018 11:30:25,54 58.53373,-1 31.10137,301,0,361,713525,1144818,366.05,37.406,3823,3802,3813,21,0,93.8,34.3,88.8,31.6,none,none,81.4,27.4,3809,-3817,3809,-3816,3811,3816,3815,-3816,3812,-3820,3813,3820,3813,-3821,3813,-3820,3813,-3820,3812,-3820,3813,3820,3813,-3821,3814,-3823,3812,-3821,3813,-3820,3813,-3819,3815,-3819,3814,-3820,3814,-3819,3812,3819,3813,-3817,3814,-3819,3811,-3817,3809,-3812,3805,3812,3804,-3814,3806,-3813,3805,-3811,3808,-3815,3807,-3813,3803,-3816,3806,-3818,3807,-3819,3807,3818,3808,-3818,3806,-3817,3809,-3818,3803,-3819,3802,3819,3806,-3820,3804,-3819,3802,-3815,3804,-3816,3807,-3817,3806,3814,3803,-3813,3803,-3813,3803,-3811,-0.48,SJNFAAZE1U0005576,117.70,13.04,9036.4443359375,78,75,0,0,0,0,14.5,99.17,-154541,88,1528021825.378,10520,2,1,0,5,0,0,0,0,4,366.06,366.06,1F,1,1,1,0080,82,40,40,0,0,19,18.50
03/06/2018 11:30:29,54 58.53373,-1 31.10137,301,0,361,713177,1144818,365.76,38.657,3819,3801,3810,18,0,93.6,34.2,88.8,31.6,none,none,81.6,27.6,3806,-3814,3807,-3813,3809,3814,3811,-3814,3810,-3815,3810,-3816,3811,-3818,3811,3818,3811,-3817,3811,-3816,3812,-3817,3812,-3818,3813,3819,3811,-3818,3811,-3817,3813,-3817,3813,-3815,3812,-3816,3812,-3816,3810,-3816,3812,-3814,3812,3817,3809,-3812,3808,-3809,3802,-3808,3803,-3811,3804,3809,3805,-3808,3806,-3812,3806,-3810,3801,-3813,3805,-3814,3806,-3816,3804,-3814,3807,-3816,3805,3813,3807,-3815,3802,-3815,3802,-3816,3804,-3815,3803,3815,3801,-3814,3802,-3813,3805,-3814,3803,-3812,3802,-3809,3801,3810,3801,-3807,-0.48,SJNFAAZE1U0005576,117.70,13.04,9036.4443359375,78,75,0,0,0,0,14.5,99.17,-154541,88,1528021829.379,11240,2,1,0,5,0,0,0,0,4,365.81,365.81,1F,1,1,1,0080,82,40,40,0,0,19,20.25
03/06/2018 11:30:33,54 58.53373,-1 31.10137,301,0,361,712798,1144818,365.57,40.977,3818,3799,3808,19,0,93.6,34.2,88.6,31.4,none,none,81.4,27.4,3805,3813,3804,-3812,3807,3812,3809,-3811,3809,-3815,3808,-3815,3809,-3816,3809,-3816,3809,-3815,3809,3815,3809,-3815,3808,-3816,3810,-3818,3809,-3816,3809,3816,3810,-3814,3810,-3814,3810,-3815,3810,-3815,3809,-3814,3809,-3813,3810,-3815,3807,-3811,3806,3808,3800,-3807,3800,-3809,3800,-3807,3804,-3807,3805,3810,3804,-3807,3800,-3811,3803,-3812,3805,-3814,3803,-3812,3805,-3812,3803,-3812,3805,-3812,3800,3813,3801,-3814,3803,-3814,3802,-3813,3799,-3811,3801,3810,3804,-3812,3802,-3810,3801,-3808,3801,-3810,3799,-3806,-0.50,SJNFAAZE1U0005576,117.70,13.04,9036.4443359375,78,75,0,0,0,0,14.5,99.17,-154541,88,1528021833.131,12000,2,1,0,5,0,0,0,0,4,365.71,365.71,1F,1,1,1,0080,82,40,40,0,0,19,23.25
03/06/2018 11:30:36,54 58.53373,-1 31.10137,301,0,360,712390,1144818,365.38,47.233,3816,3795,3806,21,0,93.6,34.2,88.8,31.6,none,none,81.6,27.6,3800,-3812,3802,-3810,3803,3810,3808,-3809,3805,-3812,3805,-3813,3807,-3815,3806,-3815,3805,-3813,3807,-3814,3807,-3814,3806,3814,3808,-3816,3806,-3815,3806,-3814,3808,-3814,3807,3813,3808,-3813,3807,-3813,3805,-3813,3806,-3810,3807,-3813,3803,-3809,3802,-3806,3797,-3805,3797,3808,3798,-3805,3799,-3805,3802,-3809,3800,-3805,3796,3810,3799,-3811,3800,-3813,3800,-3811,3801,-3811,3798,-3810,3803,-3811,3797,-3812,3796,-3813,3798,3812,3797,-3812,3795,-3810,3798,-3810,3800,-3811,3797,-3807,3797,-3807,3796,-3808,3795,-3803,-0.52,SJNFAAZE1U0005576,117.70,13.04,9036.4443359375,78,75,0,0,0,0,14.5,99.17,-154541,88,1528021836.960,13560,2,0,0,0,0,0,0,0,4,365.35,365.35,1F,1,1,1,0080,82,40,40,0,0,19,26.00
03/06/2018 11:30:40,54 58.53373,-1 31.10137,301,0,360,711960,1144818,364.90,51.474,3810,3792,3801,18,0,93.6,34.2,88.6,31.4,none,none,81.6,27.6,-3801,3799,-3804,3798,-3806,3800,-3806,3800,-3807,3802,-3808,3803,-3809,3803,-3809,3802,-3808,3803,-3808,3803,-3809,3804,-3809,3805,-3809,3803,-3810,3802,-3809,3804,-3808,3804,-3808,3804,-3808,3806,-3808,3802,-3807,3802,-3807,3801,-3808,3804,-3804,3799,-3803,3798,-3799,3792,-3800,3794,-3801,3795,-3801,3794,-3805,3796,-3806,3794,-3802,3793,-3806,3794,-3808,3797,-3807,3797,-3806,3796,-3804,3796,-3808,3792,-3807,3793,-3805,3793,-3809,3793,-3808,3793,-3805,3794,-3802,3794,-3806,3796,-3801,3795,-3799,3793,-3801,3793,-3801,3792,-0.50,SJNFAAZE1U0005576,117.70,13.04,9036.4443359375,78,75,0,0,0,0,14.5,99.17,-154541,88,1528021840.741,14440,2,0,0,0,0,0,0,0,4,365.05,365.05,1F,1,1,1,0080,82,40,40,0,0,19,26.75
03/06/2018 11:30:44,54 58.53373,-1 31.10137,301,0,360,711506,1144818,365.09,46.012,3811,3793,3803,18,0,93.6,34.2,88.6,31.4,none,none,81.4,27.4,-3803,3800,-3805,3799,-3807,3802,-3808,3802,-3807,3803,-3808,3804,-3809,3804,-3811,3803,-3809,3804,-3809,3804,-3810,3804,-3810,3806,-3811,3804,-3810,3804,-3810,3807,-3809,3806,-3808,3806,-3809,3807,-3809,3803,-3808,3803,-3808,3803,-3808,3805,-3804,3802,-3805,3800,-3798,3793,-3802,3796,-3801,3797,-3802,3797,-3806,3797,-3805,3795,-3802,3795,-3807,3796,-3809,3798,-3806,3797,-3807,3798,-3806,3798,-3807,3794,-3808,3794,-3806,3796,-3809,3795,-3808,3795,-3805,3796,-3803,3796,-3807,3797,-3802,3796,-3801,3793,-3803,3794,-3802,3793,-0.49,SJNFAAZE1U0005576,117.70,13.04,9036.4443359375,78,75,0,0,0,0,14.5,99.17,-154541,88,1528021844.738,14400,2,0,0,0,0,0,0,0,4,365.17,365.17,1F,1,1,1,0080,82,40,40,0,0,19,23.75
03/06/2018 11:30:48,54 58.53373,-1 31.10137,301,0,360,711057,1144818,365.09,46.470,3811,3794,3803,17,0,93.6,34.2,88.6,31.4,none,none,81.4,27.4,-3802,3802,-3805,3799,-3807,3803,-3807,3803,-3808,3804,-3808,3805,-3809,3804,-3810,3805,-3808,3805,-3808,3804,-3809,3805,-3809,3806,-3811,3805,-3809,3805,-3808,3806,-3808,3807,-3809,3806,-3808,3807,-3808,3804,-3807,3804,-3808,3803,-3808,3806,-3805,3801,-3804,3800,-3799,3794,-3800,3797,-3802,3796,-3801,3796,-3805,3798,-3804,3796,-3802,3796,-3806,3797,-3808,3799,-3805,3799,-3807,3798,-3805,3799,-3807,3795,-3807,3796,-3805,3796,-3809,3795,-3807,3797,-3803,3796,-3803,3796,-3805,3798,-3801,3796,-3800,3795,-3801,3796,-3801,3794,-0.52,SJNFAAZE1U0005576,117.70,13.04,9036.4443359375,78,75,0,0,0,0,14.5,99.17,-154541,88,1528021848.519,14080,2,0,0,0,0,0,0,0,4,365.06,365.06,1F,1,1,1,0080,82,40,40,0,0,19,24.75
03/06/2018 11:30:52,54 58.53373,-1 31.10137,301,0,360,710660,1144818,364.90,45.798,3810,3791,3801,19,0,93.6,34.2,88.6,31.4,none,none,81.4,27.4,-3801,3798,-3804,3797,-3805,3799,-3806,3800,-3806,3802,-3806,3803,-3808,3802,-3808,3803,-3808,3802,-3807,3803,-3808,3803,-3809,3804,-3810,3803,-3809,3802,-3807,3804,-3808,3804,-3807,3803,-3807,3805,-3806,3801,-3806,3801,-3806,3801,-3807,3803,-3804,3799,-3803,3797,-3798,3791,-3800,3794,-3801,3794,-3800,3794,-3805,3795,-3803,3793,-3802,3793,-3806,3795,-3806,3796,-3805,3795,-3806,3797,-3803,3795,-3808,3792,-3805,3792,-3807,3793,-3808,3794,-3806,3793,-3803,3793,-3801,3794,-3805,3796,-3801,3795,-3799,3792,-3800,3793,-3800,3792,-0.48,SJNFAAZE1U0005576,117.70,13.04,9036.4443359375,78,75,0,0,0,0,14.5,99.17,-154541,88,1528021852.088,14080,2,1,0,4,0,0,0,0,4,365.02,365.02,1F,1,1,1,0080,82,40,40,0,0,19,26.00
03/06/2018 11:30:55,54 58.53373,-1 31.10137,301,0,359,710234,1144818,364.70,48.637,3809,3787,3799,22,0,93.6,34.2,88.6,31.4,none,none,81.4,27.4,-3793,3803,-3794,3803,-3797,3804,-3800,3802,-3800,3805,-3800,3806,-3798,3808,-3798,3807,-3798,3807,-3798,3806,-3801,3807,-3801,3807,-3800,3809,-3799,3808,3799,-3806,3801,3806,3801,-3805,3802,-3806,3800,-3805,3798,-3804,3799,-3804,3800,3805,3797,-3802,3796,-3799,3789,-3797,3789,-3800,3791,3798,3792,-3798,3794,-3801,3793,-3800,3788,-3801,3793,-3804,3793,-3806,3792,-3804,-3793,-3806,3791,3803,-3794,3805,-3790,3804,-3789,3805,-3791,3806,-3791,3805,-3787,3803,-3790,3802,-3792,3802,-3791,3801,-3789,3798,-3789,3800,-3789,3796,-0.48,SJNFAAZE1U0005576,117.70,13.04,9036.4443359375,78,75,0,0,0,0,14.5,99.17,-154541,88,1528021855.777,14480,2,1,0,4,0,0,0,0,4,364.76,364.76,1F,1,1,1,0080,82,40,40,0,0,19,26.25
03/06/2018 11:30:59,54 58.53373,-1 31.10137,301,0,359,709811,1144818,364.70,47.599,3808,3788,3799,20,0,93.6,34.2,88.6,31.4,none,none,81.4,27.4,3793,3804,3794,-3802,3797,3802,3800,-3803,3797,-3806,3800,-3806,3799,-3807,3799,-3808,3799,-3807,3799,3806,3799,-3807,3800,-3807,3800,-3808,3800,-3808,3800,3806,3800,-3806,3801,-3806,3800,-3806,3800,-3805,3798,-3805,3800,-3803,3800,-3806,3797,-3802,3795,3799,3790,-3797,3790,-3799,3791,-3797,3792,-3797,3794,3801,3794,-3800,3789,-3802,3792,-3804,3794,-3805,3791,-3804,3795,3805,3791,-3804,3796,-3803,3789,-3805,3791,-3806,3791,-3805,3790,-3806,3788,-3803,3790,-3803,3793,3803,3790,-3801,3788,-3800,3789,-3799,3788,-3796,-0.51,SJNFAAZE1U0005576,117.70,13.04,9036.4443359375,78,75,0,0,0,0,14.5,99.17,-154541,88,1528021859.397,14560,2,1,0,4,0,0,0,0,4,364.77,364.77,1F,1,1,1,0080,82,40,40,0,0,19,26.00
03/06/2018 11:31:03,54 58.53373,-1 31.10137,301,0,359,709359,1144818,364.70,46.531,3810,3788,3799,22,0,93.6,34.2,88.6,31.4,none,none,81.4,27.4,3793,-3805,3796,-3802,3796,3803,3801,-3803,3799,-3805,3799,-3806,3800,-3808,3798,-3807,3799,-3806,3800,-3806,3799,-3806,3800,3807,3801,-3810,3799,-3808,3800,-3806,3801,-3806,3800,3806,3799,-3805,3800,-3805,3799,-3805,3799,-3803,3801,-3806,3797,-3801,3796,-3799,3790,-3798,3789,3801,3791,-3797,3793,-3798,3795,-3802,3793,-3799,3789,-3803,3792,-3804,3794,-3804,3792,-3804,3794,-3804,3792,-3802,3797,3805,3790,-3805,3790,-3804,3791,-3806,3790,-3805,3788,-3802,3789,-3803,3792,-3804,3790,-3799,3789,3799,3789,-3800,3788,-3796,-0.48,SJNFAAZE1U0005576,117.70,13.04,9036.4443359375,78,75,0,0,0,0,14.5,99.17,-154541,88,1528021863.483,14520,2,1,0,5,0,0,0,0,4,364.72,364.72,1F,1,1,1,0080,82,40,40,0,0,19,24.50
03/06/2018 11:31:07,54 58.53373,-1 31.10137,301,0,359,708920,1144818,364.70,43.082,3809,3788,3799,21,0,93.6,34.2,88.6,31.4,none,none,81.4,27.4,3795,-3805,3795,-3803,3798,3804,3801,-3803,3798,3805,3798,-3806,3800,-3807,3798,-3808,3799,-3808,3799,-3807,3800,-3807,3800,-3808,3801,-3809,3798,3809,3800,-3808,3801,-3806,3801,-3805,3801,-3807,3800,3806,3798,-3806,3799,-3804,3800,-3806,3796,-3803,3795,-3800,3791,-3799,3789,-3802,3791,-3799,3794,3799,3794,-3802,3793,-3799,3790,-3803,3792,-3804,3794,3806,3792,-3805,3796,-3804,3793,-3803,3795,-3804,3788,-3804,3788,3807,3792,-3806,3792,-3805,3789,-3804,3791,-3802,3794,-3803,3792,-3802,3791,-3801,3790,-3800,3789,3798,-0.48,SJNFAAZE1U0005576,117.70,13.04,9036.4443359375,78,75,0,0,0,0,14.5,99.17,-154541,88,1528021867.627,13440,2,1,0,5,0,0,0,0,4,364.79,364.79,1F,1,1,1,0080,82,40,40,0,0,19,21.75
03/06/2018 11:31:11,54 58.53373,-1 31.10137,301,0,358,708525,1144818,364.90,37.986,3810,3792,3801,18,0,93.6,34.2,88.6,31.4,none,none,81.2,27.3,3797,-3806,3798,3804,3800,3804,3803,-3804,3801,-3808,3802,-3808,3804,3810,3803,-3809,3803,-3809,3802,-3808,3804,-3808,3804,-3809,3804,-3810,3803,-3810,3802,-3808,3804,3809,3804,-3807,3803,-3808,3802,-3807,3802,-3807,3802,3805,3802,-3808,3800,-3804,3799,-3801,3793,-3799,3794,-3802,3796,-3801,3796,-3799,3798,-3803,3797,3801,3793,-3804,3796,-3805,3798,-3807,3796,-3806,3799,3805,3795,-3805,3798,-3804,3794,-3806,3794,-3807,3795,-3806,3795,3806,3792,-3804,3794,-3804,3796,-3805,3795,-3803,3793,-3801,3793,-3801,3793,-3799,-0.46,SJNFAAZE1U0005576,117.70,13.04,9036.4443359375,78,75,0,0,0,0,14.5,99.17,-154541,88,1528021871.389,11840,2,1,0,5,0,0,0,0,4,364.89,364.89,1F,1,1,1,0080,82,40,40,0,0,19,19.00
03/06/2018 11:31:15,54 58.53373,-1 31.10137,301,0,358,708185,1144818,364.99,36.216,3810,3792,3802,18,0,93.6,34.2,88.6,31.4,none,none,81.4,27.4,-3803,3800,-3804,3797,-3806,3800,-3806,3801,-3806,3802,-3807,3803,-3808,3803,-3808,3803,-3809,3803,-3808,3802,-3810,3803,-3809,3804,-3810,3804,-3810,3802,-3809,3805,-3809,3805,-3808,3804,-3808,3805,-3807,3803,-3806,3802,-3807,3801,-3807,3804,-3806,3800,-3804,3798,-3799,3793,-3800,3795,-3802,3796,-3803,3794,-3806,3797,-3806,3795,-3803,3795,-3807,3795,-3808,3798,-3806,3797,-3808,3797,-3806,3797,-3808,3793,-3807,3795,-3808,3794,-3809,3795,-3808,3794,-3805,3794,-3804,3794,-3806,3796,-3802,3797,-3801,3794,-3803,3793,-3801,3792,-0.48,SJNFAAZE1U0005576,117.70,13.04,9036.4443359375,78,75,0,0,0,0,14.5,99.17,-154541,88,1528021875.170,11400,2,1,0,5,0,0,0,0,4,365.02,365.02,1F,1,1,1,0080,82,40,40,0,0,19,17.50
03/06/2018 11:31:18,54 58.53373,-1 31.10137,301,0,358,707856,1144818,364.99,35.605,3810,3793,3802,17,0,93.6,34.2,88.6,31.4,none,none,81.4,27.4,-3803,3800,-3806,3798,-3806,3802,-3806,3801,-3807,3803,-3807,3804,-3808,3803,-3809,3803,-3808,3805,-3809,3803,-3809,3803,-3809,3805,-3810,3804,-3809,3803,-3808,3806,-3809,3806,-3809,3805,-3807,3807,-3807,3804,-3807,3803,-3807,3802,-3808,3804,-3805,3801,-3802,3799,-3800,3794,-3800,3797,-3802,3796,-3802,3796,-3806,3797,-3805,3795,-3802,3794,-3808,3796,-3809,3799,-3806,3798,-3808,3797,-3805,3798,-3808,3793,-3808,3794,-3807,3793,-3810,3795,-3808,3795,-3805,3795,-3804,3795,-3807,3796,-3802,3796,-3801,3795,-3803,3794,-3801,3794,-0.50,SJNFAAZE1U0005576,117.70,13.04,9036.4443359375,78,75,0,0,0,0,14.5,99.17,-154541,88,1528021878.937,11000,2,1,0,5,0,0,0,0,4,365.02,365.02,1F,1,1,1,0080,82,40,40,0,0,19,18.25
03/06/2018 11:31:22,54 58.53373,-1 31.10137,301,0,358,707519,1144818,364.99,34.751,3810,3793,3802,17,0,93.6,34.2,88.6,31.4,none,none,81.4,27.4,-3804,3799,-3804,3799,-3807,3802,-3807,3801,-3806,3803,-3807,3805,-3808,3803,-3809,3803,-3808,3804,-3808,3803,-3809,3803,-3809,3804,-3809,3803,-3810,3803,-3808,3805,-3808,3805,-3807,3804,-3808,3805,-3807,3802,-3807,3802,-3808,3801,-3808,3803,-3804,3800,-3803,3798,-3800,3793,-3801,3796,-3802,3796,-3803,3794,-3805,3797,-3805,3795,-3803,3795,-3808,3795,-3808,3798,-3806,3796,-3809,3797,-3807,3798,-3809,3793,-3808,3794,-3807,3794,-3810,3794,-3808,3794,-3804,3794,-3804,3794,-3807,3796,-3803,3797,-3801,3794,-3802,3793,-3801,3794,-0.48,SJNFAAZE1U0005576,117.70,13.04,9036.4443359375,78,75,0,0,0,0,14.5,99.17,-154541,89,1528021882.804,11080,2,1,0,5,0,0,0,0,4,365.09,365.09,1F,1,1,1,0080,82,40,40,0,0,19,17.75
03/06/2018 11:31:26,54 58.53373,-1 31.10137,301,0,358,707197,1144818,364.99,34.354,3811,3792,3802,19,0,93.6,34.2,88.6,31.4,none,none,81.4,27.4,-3803,3799,-3806,3798,-3807,3802,-3807,3802,-3808,3803,-3808,3804,-3809,3803,-3809,3803,-3809,3803,-3809,3803,-3809,3803,-3809,3805,-3811,3803,-3810,3803,-3809,3806,-3809,3805,-3808,3805,-3809,3805,-3808,3802,-3807,3802,-3807,3802,-3808,3804,-3804,3801,-3804,3799,-3799,3793,-3802,3796,-3802,3796,-3802,3795,-3806,3797,-3805,3794,-3802,3794,-3806,3796,-3809,3798,-3807,3798,-3808,3798,-3806,3798,-3808,3792,-3807,3794,-3809,3795,-3809,3795,-3808,3794,-3806,3795,-3803,3796,-3806,3797,-3802,3795,-3801,3794,-3803,3794,-3802,3794,-0.50,SJNFAAZE1U0005576,117.70,13.04,9036.4443359375,78,75,0,0,0,0,14.5,99.17,-154541,89,1528021886.626,10840,2,1,0,5,0,0,0,0,4,365.04,365.04,1F,1,1,1,0080,82,40,40,0,0,19,18.25
03/06/2018 11:31:30,54 58.53373,-1 31.10137,301,0,358,706873,1144818,364.90,34.476,3811,3790,3801,21,0,93.6,34.2,88.6,31.4,none,none,81.4,27.4,3796,-3804,3796,-3804,3799,3805,3803,-3804,3800,-3807,3801,-3807,3801,-3808,3801,-3809,3802,-3809,3801,-3808,3802,-3808,3802,3809,3802,-3811,3801,-3809,3801,-3808,3803,-3809,3804,3807,3802,-3807,3802,-3807,3801,-3806,3801,-3805,3803,-3807,3799,-3804,3798,-3800,3792,-3800,3792,3802,3793,-3801,3795,-3800,3796,-3804,3795,-3802,-3791,3805,3795,-3806,-3796,3808,-3794,3806,-3796,3805,-3793,3804,-3798,3805,-3792,3806,3792,-3806,3793,3808,3793,-3806,3790,-3804,3792,-3804,3794,-3804,3793,-3802,3791,3801,3792,-3802,3791,-3798,-0.49,SJNFAAZE1U0005576,117.70,13.04,9038.0537109375,78,75,0,0,0,0,14.5,99.17,-154541,89,1528021890.272,10880,2,1,0,5,0,0,0,0,4,365.01,365.01,1F,1,1,1,0080,82,40,40,0,0,19,19.25
03/06/2018 11:31:33,54 58.53373,-1 31.10137,301,0,357,706544,1144818,364.90,35.605,3811,3791,3801,20,0,93.6,34.2,88.6,31.4,none,none,81.4,27.4,3797,-3806,3796,-3804,3800,3806,3803,-3804,3801,3808,3802,-3809,3802,-3809,3801,-3810,3802,-3809,3801,-3809,3802,-3809,3802,-3810,3802,-3811,3801,3811,3801,-3808,3803,-3809,3803,-3807,3804,-3808,3801,3808,3800,-3807,3801,-3805,3803,-3808,3799,-3804,3798,-3801,3793,-3800,3794,-3803,3794,-3801,3795,3800,3797,-3804,3796,-3802,3792,-3805,3795,-3805,3797,-3809,3794,3805,3797,-3807,3794,-3805,3797,-3806,3792,-3808,3792,3808,3794,-3807,3793,-3807,3791,-3804,3792,-3806,3796,-3806,3794,-3803,3792,-3803,3792,-3802,3792,3799,-0.48,SJNFAAZE1U0005576,117.70,13.04,9038.0537109375,78,75,0,0,0,0,14.5,99.17,-154541,89,1528021893.989,11280,2,0,0,0,0,0,0,0,4,364.90,364.90,1F,1,1,1,0080,82,40,40,0,0,19,18.50
03/06/2018 11:31:37,54 58.53373,-1 31.10137,301,0,357,706230,1144818,364.90,36.765,3811,3790,3801,21,0,93.6,34.2,88.6,31.4,none,none,81.4,27.4,3796,-3806,3796,3805,3800,3805,3802,-3805,3800,-3806,3801,-3807,3802,3809,3801,-3809,3801,-3809,3802,-3808,3802,-3809,3803,-3809,3803,-3811,3800,-3810,3800,-3808,3802,3809,3803,-3807,3803,-3808,3802,-3807,3800,-3807,3801,3806,3801,-3808,3799,-3804,3799,-3800,3792,-3800,3793,-3803,3794,-3800,3795,-3800,3797,-3802,3796,3801,3791,-3803,3794,-3806,3796,-3807,3794,-3806,3796,-3806,3794,3805,3795,-3805,3791,-3807,3791,-3807,3793,-3806,3793,3808,3790,-3804,3793,-3803,3794,-3804,3793,-3802,3791,-3800,3792,-3801,3791,-3798,-0.48,SJNFAAZE1U0005576,117.70,13.04,9038.0537109375,78,75,0,0,0,0,14.5,99.17,-154541,89,1528021897.856,10880,2,0,0,0,0,0,0,0,4,364.93,364.93,1F,1,1,1,0080,82,40,40,0,0,19,19.25
03/06/2018 11:31:41,54 58.53373,-1 31.10137,301,0,357,705881,1144818,364.90,36.002,3810,3791,3801,19,0,93.6,34.2,88.6,31.4,none,none,81.4,27.4,3798,-3805,3798,-3803,3799,3804,3803,3804,3801,-3807,3801,-3807,3802,-3808,3802,-3808,3801,3808,3802,-3807,3802,-3808,3802,-3809,3804,-3810,3802,-3808,3803,-3807,3804,-3808,3803,-3807,3802,3807,3802,-3806,3801,-3806,3802,-3805,3803,-3808,3800,3803,3798,-3801,3794,-3799,3794,-3802,3795,-3799,3797,-3800,3799,3803,3797,-3800,3793,-3804,3796,-3805,3797,-3805,3796,-3807,3798,-3806,3796,-3804,3799,-3804,3793,3806,3793,-3805,3796,-3806,3795,-3806,3791,-3803,3794,3804,3797,-3806,3795,-3801,3793,-3801,3794,-3801,3792,-3798,-0.50,SJNFAAZE1U0005576,117.70,13.04,9038.0537109375,78,75,0,0,0,0,14.5,99.17,-154541,89,1528021901.763,11240,2,0,0,0,0,0,0,0,4,364.89,364.89,1F,1,1,1,0080,82,40,40,0,0,19,21.00
03/06/2018 11:31:45,54 58.53373,-1 31.10137,301,0,357,705524,1144818,364.80,38.261,3808,3791,3800,17,0,93.6,34.2,88.6,31.4,none,none,81.4,27.4,3800,-3798,3802,-3797,3804,3799,3804,-3800,3805,-3802,3806,3802,3806,-3802,3808,-3802,3806,-3802,3807,-3802,3807,3801,3807,-3803,3808,-3802,3807,-3800,3807,-3802,3806,-3803,3806,-3802,3805,-3803,3805,-3801,3805,3800,3805,-3799,3806,-3803,3803,-3799,3801,-3796,3796,3791,3798,-3794,-3799,3792,-3799,-3793,3803,-3795,3803,3793,3799,3793,3803,-3795,3805,-3797,3803,-3796,3803,-3795,3803,-3796,3805,-3792,3804,-3793,3803,-3792,3805,3792,3804,-3793,3802,-3793,3800,-3793,3803,-3794,3799,3793,3798,-3792,3799,-3793,3799,-3792,-0.50,SJNFAAZE1U0005576,117.70,13.04,9038.0537109375,78,75,0,0,0,0,14.5,99.17,-154541,89,1528021905.625,11640,2,0,0,0,0,0,0,0,4,364.84,364.84,1F,1,1,1,0080,82,40,40,0,0,19,19.25
03/06/2018 11:31:49,54 58.53373,-1 31.10137,301,0,357,705166,1144818,364.80,34.720,3809,3790,3800,19,0,93.6,34.2,88.6,31.4,none,none,81.4,27.4,-3801,3797,-3802,3796,-3804,3799,-3804,3800,-3804,3801,-3806,3802,-3806,3801,-3806,3801,-3807,3803,-3805,3801,-3807,3801,-3807,3804,-3809,3800,-3808,3801,-3807,3804,-3806,3803,-3805,3802,-3805,3804,-3805,3801,-3804,3800,-3804,3800,-3806,3802,-3802,3799,-3801,3797,-3798,3790,-3798,3793,-3798,3793,-3800,3793,-3803,3795,-3802,3794,-3801,3791,-3805,3793,-3806,3795,-3803,3794,-3805,3794,-3803,3795,-3805,3791,-3805,3791,-3804,3792,-3806,3792,-3806,3792,-3803,3793,-3801,3792,-3804,3795,-3800,3793,-3799,3791,-3800,3792,-3799,3792,-0.50,SJNFAAZE1U0005576,117.70,13.04,9038.0537109375,78,75,0,0,0,0,14.5,99.17,-154541,89,1528021909.442,11520,2,1,0,4,0,0,0,0,4,364.87,364.87,1F,1,1,1,0080,82,40,40,0,0,19,20.00
03/06/2018 11:31:53,54 58.53373,-1 31.10137,301,0,357,704816,1144818,364.80,35.575,3808,3790,3800,18,0,93.6,34.2,88.6,31.4,none,none,81.4,27.4,-3801,3797,-3802,3796,-3804,3800,-3805,3799,-3805,3799,-3805,3801,-3806,3801,-3806,3801,-3806,3801,-3806,3800,-3808,3801,-3807,3801,-3808,3800,-3808,3799,-3806,3803,-3806,3802,-3807,3802,-3806,3803,-3806,3800,-3804,3800,-3805,3799,-3806,3802,-3803,3797,-3801,3797,-3797,3791,-3798,3794,-3800,3793,-3800,3793,-3802,3794,-3802,3792,-3800,3793,-3805,3794,-3806,3795,-3804,3795,-3806,3795,-3804,3795,-3806,3790,-3805,3791,-3805,3791,-3807,3792,-3806,3792,-3803,3792,-3801,3792,-3804,3794,-3800,3794,-3799,3792,-3801,3791,-3798,3790,-0.48,SJNFAAZE1U0005576,117.70,13.04,9038.0537109375,78,75,0,0,0,0,14.5,99.17,-154541,89,1528021913.328,10960,2,1,0,4,0,0,0,0,4,364.78,364.78,1F,1,1,1,0080,82,40,40,0,0,19,17.50
03/06/2018 11:31:57,54 58.53373,-1 31.10137,301,0,356,704518,1144818,365.18,26.755,3811,3796,3804,15,0,93.6,34.2,88.6,31.4,none,none,81.4,27.4,-3805,3803,-3806,3801,-3808,3804,-3809,3804,-3808,3805,-3808,3807,-3810,3807,-3811,3805,-3810,3805,-3809,3807,-3810,3806,-3810,3807,-3811,3806,-3811,3806,-3810,3808,-3810,3808,-3809,3807,-3808,3808,-3809,3806,-3808,3804,-3808,3805,-3810,3807,-3807,3802,-3806,3801,-3802,3796,-3803,3799,-3804,3798,-3804,3798,-3807,3800,-3806,3797,-3804,3798,-3808,3798,-3809,3801,-3806,3801,-3808,3801,-3807,3800,-3808,3797,-3808,3798,-3808,3797,-3810,3798,-3808,3798,-3806,3797,-3805,3798,-3808,3799,-3804,3798,-3802,3796,-3804,3797,-3802,3796,-0.48,SJNFAAZE1U0005576,117.70,13.04,9038.0537109375,78,75,0,0,0,0,14.5,99.17,-154541,89,1528021917.237,8960,2,1,0,4,0,0,0,0,4,365.15,365.15,1F,1,1,1,0080,82,40,40,0,0,19,12.00
03/06/2018 11:32:01,54 58.53373,-1 31.10137,301,0,356,704170,1144818,363.74,66.855,3797,3779,3789,18,0,93.6,34.2,88.6,31.4,none,none,81.4,27.4,-3788,3787,-3790,3785,-3793,3789,-3793,3789,-3792,3790,-3794,3791,-3795,3791,-3796,3791,-3796,3792,-3796,3791,-3796,3792,-3797,3793,-3797,3792,-3797,3791,-3795,3794,-3795,3793,-3794,3792,-3794,3794,-3794,3791,-3793,3790,-3793,3789,-3794,3792,-3791,3787,-3790,3786,-3783,3780,-3785,3782,-3788,3782,-3787,3782,-3791,3783,-3791,3781,-3789,3780,-3793,3781,-3794,3785,-3791,3783,-3795,3785,-3791,3784,-3796,3779,-3792,3780,-3794,3781,-3795,3781,-3794,3781,-3790,3780,-3789,3782,-3792,3783,-3789,3782,-3787,3780,-3787,3781,-3786,3779,-0.49,SJNFAAZE1U0005576,117.70,13.04,9038.0537109375,78,75,0,0,0,0,14.5,99.17,-154541,89,1528021921.063,17040,2,1,0,5,0,0,0,0,4,363.75,363.75,1F,1,1,1,0080,82,40,40,0,0,19,31.50
03/06/2018 11:32:04,54 58.53373,-1 31.10137,301,0,356,703627,1144818,363.94,53.122,3801,3781,3791,20,0,93.6,34.2,88.4,31.3,none,none,81.2,27.3,3786,-3796,3786,3794,3789,3795,3793,-3795,3790,-3798,3791,-3799,3792,3800,3792,-3800,3791,-3799,3791,-3799,3793,-3799,3792,-3800,3793,-3801,3792,-3801,3791,-3799,3794,3800,3793,-3797,3794,-3799,3793,-3797,3792,-3797,3792,3796,3792,-3798,3789,-3793,3787,-3791,3782,-3790,3781,-3792,3784,-3790,3785,-3789,3788,-3794,3787,3792,3781,-3794,3784,-3795,3785,-3798,3785,-3796,3787,-3796,3785,3795,3788,-3795,3782,-3798,3782,-3799,3783,-3797,3783,3797,3781,-3795,3782,-3794,3785,-3795,3783,-3793,3781,-3792,3781,-3792,3782,-3789,-0.49,SJNFAAZE1U0005576,117.70,13.04,9038.0537109375,78,75,0,0,0,0,14.5,99.17,-154541,89,1528021924.984,15960,2,1,0,5,0,0,0,0,4,363.94,363.94,1F,1,1,1,0080,82,40,40,0,0,19,28.25
03/06/2018 11:32:08,54 58.53373,-1 31.10137,301,0,356,703118,1144818,363.65,53.947,3799,3778,3788,21,0,93.4,34.1,88.6,31.4,none,none,81.4,27.4,3783,-3792,3784,-3791,3787,3792,3790,3793,3788,-3795,3789,-3795,3788,-3798,3789,-3796,3790,3797,3789,-3796,3790,-3797,3791,-3797,3791,-3799,3790,-3798,3789,-3796,3791,-3796,3790,-3795,3792,3796,3790,-3796,3789,-3795,3789,-3793,3790,-3796,3787,3792,3785,-3789,3779,-3786,3780,-3790,3781,-3787,3782,-3788,3785,-3790,3784,-3789,3779,-3792,3783,3792,3784,-3796,3782,-3791,3785,-3794,3783,-3791,3785,-3792,3780,3793,3780,-3795,3782,-3792,3781,-3794,3778,-3791,3780,3791,3783,-3791,3781,-3789,3780,-3787,3778,-3789,3779,-3786,-0.47,SJNFAAZE1U0005576,117.70,13.04,9038.0537109375,78,75,0,0,0,0,14.5,99.17,-154541,89,1528021928.934,15960,2,1,0,5,0,0,0,0,4,363.76,363.76,1F,1,1,1,0080,82,40,40,0,0,19,29.00
03/06/2018 11:32:12,54 58.53373,-1 31.10137,301,0,355,702600,1144818,363.55,56.083,3797,3776,3787,21,0,93.6,34.2,88.6,31.4,none,none,81.4,27.4,3782,-3791,3783,-3789,3785,3791,3789,-3791,3786,-3793,3787,3793,3788,-3796,3787,-3795,3788,-3796,3788,-3794,3789,3796,3788,-3796,3790,-3797,3787,-3796,3788,-3795,3790,-3794,3790,-3795,3790,-3795,3788,-3793,3787,3792,3788,-3791,3789,-3794,3785,-3791,3784,-3787,3779,3785,3777,-3788,3779,-3786,3781,-3786,3783,-3789,3782,-3787,3777,-3790,3781,-3792,3781,-3793,3780,-3792,3784,-3792,3780,-3791,3784,-3791,3777,-3792,3777,-3794,3778,3794,3778,-3793,3776,-3791,3779,-3790,3781,-3791,3779,3788,3778,-3787,3776,-3788,3776,-3784,-0.45,SJNFAAZE1U0005576,117.70,13.04,9038.0537109375,78,75,0,0,0,0,14.5,99.17,-154541,89,1528021932.706,16040,2,1,0,5,0,0,0,0,4,363.62,363.62,1F,1,1,1,0080,82,40,40,0,0,19,31.25
03/06/2018 11:32:16,54 58.53373,-1 31.10137,301,0,355,702021,1144818,362.98,65.970,3791,3770,3781,21,0,93.6,34.2,88.6,31.4,none,none,81.4,27.4,3776,-3786,3777,-3784,3779,3785,3784,-3785,3782,-3788,3781,-3789,3782,-3791,3781,3791,3783,-3791,3783,-3790,3783,-3790,3783,-3791,3784,3791,3781,-3791,3782,-3789,3784,-3790,3784,-3789,3783,-3789,3782,-3788,3782,-3788,3781,-3787,3784,3789,3780,-3785,3778,-3782,3772,-3780,3771,-3782,3773,3780,3774,-3780,3777,-3783,3776,-3782,3770,-3784,3774,-3786,3776,-3788,3774,-3786,3777,-3787,3775,3785,3777,-3785,3771,-3787,3771,-3788,3774,-3787,3773,-3788,3771,3785,3772,-3784,3775,-3785,3774,-3782,3772,-3781,3773,3781,3771,-3778,-0.51,SJNFAAZE1U0005576,117.70,13.04,9038.0537109375,78,75,0,0,0,0,14.5,99.17,-154541,89,1528021936.617,18880,2,1,0,5,0,0,0,0,4,363.08,363.08,1F,1,1,1,0080,82,40,40,0,0,19,33.75
03/06/2018 11:32:20,54 58.53373,-1 31.10137,301,0,355,701507,1144818,363.65,48.148,3797,3779,3788,18,0,93.6,34.2,88.6,31.4,none,none,81.4,27.4,3787,3785,3790,-3784,-3792,3787,-3793,-3787,-3793,3789,-3793,3789,-3795,3789,-3795,3790,-3795,3790,-3795,3790,-3795,3790,-3796,3791,-3797,3790,-3796,3789,-3795,3790,-3795,3791,-3795,3790,-3793,3792,-3794,3789,-3793,3787,-3794,3788,-3794,3790,-3790,3786,-3790,3784,-3784,3779,-3786,3781,-3787,3780,-3787,3780,-3790,3783,-3790,3780,3788,3780,-3793,3781,3794,-3783,3792,-3783,3793,3784,3791,-3783,3795,-3779,3794,-3779,3793,-3780,3794,-3780,3793,-3780,3791,-3779,3789,-3781,3791,3782,3787,-3781,3786,-3780,3788,-3779,3786,-3779,-0.51,SJNFAAZE1U0005576,117.70,13.04,9038.0537109375,78,75,0,0,0,0,14.5,99.17,-154541,89,1528021940.503,15160,2,1,0,5,0,0,0,0,4,363.60,363.60,1F,1,1,1,0080,82,40,40,0,0,19,23.75
03/06/2018 11:32:24,54 58.53373,-1 31.10137,301,0,355,701044,1144818,363.46,47.904,3795,3777,3786,18,0,93.6,34.2,88.6,31.4,none,none,81.4,27.4,-3786,3783,-3789,3783,-3789,3787,-3790,3785,-3791,3788,-3791,3788,-3792,3789,-3793,3788,-3793,3788,-3792,3789,-3793,3790,-3795,3790,-3795,3788,-3794,3787,-3793,3791,-3791,3791,-3791,3789,-3792,3791,-3791,3789,-3790,3787,-3791,3786,-3792,3788,-3788,3785,-3786,3783,-3783,3778,-3783,3780,-3785,3780,-3787,3780,-3789,3782,-3789,3780,-3786,3779,-3790,3781,-3792,3784,-3789,3782,-3793,3782,-3789,3783,-3792,3777,-3790,3779,-3789,3779,-3793,3780,-3792,3780,-3788,3780,-3787,3780,-3790,3781,-3786,3781,-3784,3779,-3786,3779,-3785,3778,-0.48,SJNFAAZE1U0005576,117.70,13.04,9038.0537109375,78,75,0,0,0,0,14.5,99.17,-154541,89,1528021944.414,14440,2,1,0,5,0,0,0,0,4,363.50,363.50,1F,1,1,1,0080,82,40,40,0,0,19,28.75
03/06/2018 11:32:28,54 58.53373,-1 31.10137,301,0,354,700565,1144818,362.98,54.160,3791,3770,3781,21,0,93.6,34.2,88.6,31.4,none,none,81.4,27.4,-3780,3778,-3783,3777,-3784,3780,-3785,3780,-3786,3782,-3787,3783,-3788,3784,-3789,3783,-3788,3785,-3789,3782,-3789,3784,-3789,3784,-3791,3783,-3789,3783,-3788,3785,-3788,3785,-3788,3784,-3788,3785,-3787,3783,-3786,3782,-3786,3781,-3786,3784,-3783,3779,-3781,3777,-3776,3771,-3779,3773,-3779,3773,-3781,3774,-3784,3775,-3783,3773,-3779,3773,-3784,3774,-3786,3776,-3785,3775,-3787,3776,-3784,3776,-3787,3770,-3786,3774,-3784,3773,-3789,3773,-3787,3774,-3783,3773,-3781,3773,-3786,3775,-3780,3775,-3779,3771,-3780,3772,-3779,3772,-0.49,SJNFAAZE1U0005576,117.70,13.04,9038.0537109375,78,75,0,0,0,0,14.5,99.17,-154541,89,1528021948.335,15560,2,1,0,5,0,0,0,0,4,363.37,363.37,1F,1,1,1,0080,82,40,40,0,0,19,46.75
03/06/2018 11:32:32,54 58.53373,-1 31.10137,301,0,354,699669,1144818,361.44,97.905,3775,3754,3765,21,0,93.6,34.2,88.6,31.4,none,none,81.4,27.4,-3763,3762,-3766,3762,-3768,3766,-3769,3764,-3770,3767,-3770,3768,-3773,3768,-3773,3767,-3773,3770,-3773,3768,-3773,3768,-3773,3770,-3775,3767,-3773,3767,-3772,3770,-3772,3769,-3771,3770,-3773,3770,-3771,3767,-3770,3766,-3770,3766,-3771,3768,-3768,3764,-3766,3762,-3760,3754,-3761,3756,-3763,3758,-3763,3756,-3767,3760,-3767,3757,-3763,3758,-3770,3759,-3771,3761,-3768,3759,-3771,3762,-3769,3761,-3773,3756,-3769,3755,-3770,3758,-3772,3758,-3770,3757,-3767,3758,-3765,3759,-3769,3759,-3764,3758,-3762,3755,-3763,3756,-3763,3755,-0.54,SJNFAAZE1U0005576,117.70,13.04,9038.0537109375,78,75,0,0,0,0,14.5,99.17,-154541,89,1528021952.093,29880,2,0,0,5,0,0,0,0,4,361.28,361.28,1F,1,1,1,0080,82,40,40,0,0,19,40.00
03/06/2018 11:32:35,54 58.53373,-1 31.10137,301,0,354,698990,1144818,362.50,62.400,3785,3767,3776,18,0,93.6,34.2,88.6,31.4,none,none,81.4,27.4,-3775,3774,-3778,3772,-3779,3776,-3780,3776,-3780,3777,-3780,3778,-3783,3778,-3784,3777,-3782,3779,-3783,3777,-3783,3778,-3784,3780,-3784,3778,-3785,3778,-3782,3780,-3783,3780,-3782,3779,-3781,3780,-3782,3776,-3781,3777,-3780,3777,-3781,3779,-3778,3775,-3776,3772,-3772,3767,-3773,3769,-3774,3768,-3775,3769,-3778,3770,-3777,3768,-3775,3769,-3780,3770,-3781,3773,-3778,3770,-3780,3772,-3778,3772,-3782,3767,-3780,3768,-3780,3769,-3782,3769,-3780,3769,-3777,3770,-3776,3770,-3780,3772,-3775,3769,-3773,3767,-3774,3768,-3774,3767,-0.47,SJNFAAZE1U0005576,117.70,13.04,9038.0537109375,78,75,0,0,0,0,14.5,99.17,-154541,89,1528021955.956,19320,2,0,0,0,0,0,0,0,4,362.39,362.39,1F,1,1,1,0080,82,40,40,0,0,19,26.50
03/06/2018 11:32:39,54 58.53373,-1 31.10137,301,0,353,698463,1144818,362.69,57.242,3789,3766,3778,23,0,93.6,34.2,88.6,31.4,none,none,81.4,27.4,3772,-3783,3773,-3781,3775,3781,3780,-3782,3777,-3786,3778,3785,3778,-3788,3778,-3788,3779,-3787,3778,-3786,3779,3787,3779,-3788,3779,-3789,3778,-3789,3779,-3786,3782,-3786,3780,-3785,3781,-3786,3778,-3785,3778,3784,3778,-3782,3779,-3784,3775,-3782,3774,-3778,3768,3777,3769,-3779,3770,-3777,3771,-3778,3775,-3781,3772,-3779,3769,-3781,3771,-3783,3773,-3784,3770,3783,3774,-3783,3771,-3783,3775,-3783,3767,-3784,3769,-3785,3771,3784,3769,-3784,3766,-3781,3768,-3782,3772,-3782,3769,3779,3768,-3778,3767,-3779,3767,-3775,-0.44,SJNFAAZE1U0005576,117.70,13.04,9039.6630859375,78,75,0,0,0,0,14.5,99.17,-154541,89,1528021959.646,16400,2,0,0,0,0,0,0,0,4,362.60,362.60,1F,1,1,1,0080,82,40,40,0,0,19,27.25
03/06/2018 11:32:43,54 58.53373,-1 31.10137,301,0,353,697959,1144818,362.59,54.465,3788,3766,3777,22,0,93.6,34.2,88.8,31.6,none,none,81.4,27.4,3772,-3782,3773,-3780,3774,3781,3779,-3780,3776,-3784,3776,-3784,3777,-3787,3777,3786,3778,-3786,3778,-3785,3778,-3786,3779,-3787,3779,3788,3777,-3788,3778,-3786,3780,-3786,3779,-3785,3779,-3785,3778,-3784,3777,-3784,3777,-3782,3777,3784,3775,-3780,3773,-3777,3767,-3776,3767,-3778,3768,3777,3770,-3777,3773,-3780,3771,-3778,3767,-3780,3770,-3782,3772,-3785,3770,-3781,3772,-3784,3769,-3782,3774,-3783,3767,-3783,3768,-3784,3770,-3784,3768,-3783,3766,3781,3767,-3781,3772,-3780,3768,-3779,3767,-3777,3767,3779,3767,-3775,-0.51,SJNFAAZE1U0005576,117.70,13.04,9039.6630859375,78,75,0,0,0,0,14.5,99.17,-154541,89,1528021963.452,16360,2,0,0,0,0,0,0,0,4,362.67,362.67,1F,1,1,1,0080,82,40,40,0,0,19,25.75
03/06/2018 11:32:47,54 58.53373,-1 31.10137,301,0,353,697492,1144818,362.78,49.613,3789,3770,3779,19,0,93.6,34.2,88.8,31.6,none,none,81.4,27.4,3773,3782,3775,-3781,3776,3782,3781,-3782,3779,-3785,3779,-3785,3780,-3788,3780,-3787,3780,-3786,3780,3785,3780,-3787,3780,-3787,3780,-3789,3779,-3788,3779,3785,3782,-3787,3781,-3785,3780,-3786,3781,-3785,3780,-3784,3779,-3783,3781,-3785,3777,-3781,3776,3779,3771,-3777,3770,-3778,3771,-3777,3774,-3777,3776,-3780,3774,3778,3770,-3780,3773,-3783,3775,-3784,3773,-3782,3775,3782,3772,-3781,3776,-3783,3770,-3783,3771,-3783,3773,-3782,3772,-3784,3770,-3781,3771,-3780,3774,3782,3771,-3778,3770,-3778,3770,-3780,3770,-3776,-0.52,SJNFAAZE1U0005576,117.70,13.04,9039.6630859375,78,75,0,0,0,0,14.5,99.17,-154541,89,1528021967.137,15800,2,1,0,4,0,0,0,0,4,362.73,362.73,1F,1,1,1,0080,82,40,40,0,0,19,26.00
03/06/2018 11:32:50,54 58.53373,-1 31.10137,301,0,353,697001,1144818,362.69,53.763,3787,3767,3778,20,0,93.6,34.2,88.6,31.4,none,none,81.4,27.4,3773,-3783,3773,-3781,3776,3782,3779,-3781,3777,-3786,3778,-3785,3779,-3787,3778,-3786,3779,-3787,3778,-3785,3779,-3787,3780,3787,3780,-3787,3778,-3787,3779,-3786,3781,-3786,3779,3785,3780,-3785,3779,-3785,3777,-3783,3776,-3783,3780,-3785,3777,-3782,3775,-3778,3770,-3775,3768,3778,3771,-3777,3773,-3777,3774,-3781,3773,-3780,3769,-3780,3772,3782,3773,-3786,3772,-3781,3776,-3783,3773,-3781,3773,3781,3768,-3782,3769,-3783,3773,-3782,3772,-3783,3767,-3781,3770,-3780,3774,-3781,3771,-3778,3769,3777,3770,-3779,3768,-3775,-0.52,SJNFAAZE1U0005576,117.70,13.04,9039.6630859375,78,75,0,0,0,0,14.5,99.17,-154541,89,1528021970.958,15280,2,1,0,4,0,0,0,0,4,362.61,362.61,1F,1,1,1,0080,82,40,40,0,0,19,25.50
03/06/2018 11:32:54,54 58.53373,-1 31.10137,301,0,352,696763,1144818,364.32,-18.622,3803,3787,3795,16,0,93.6,34.2,88.6,31.4,none,none,81.4,27.4,-3796,3795,-3799,3791,-3800,3795,-3800,3795,-3800,3796,-3801,3796,-3802,3796,-3802,3796,-3802,3797,-3801,3796,-3802,3796,-3802,3798,-3803,3796,-3803,3795,-3801,3798,-3801,3798,-3801,3797,-3801,3798,-3800,3797,-3800,3796,-3800,3795,-3801,3798,3798,3794,-3797,3793,3794,3787,3795,-3790,-3796,3789,-3796,-3788,-3798,3791,-3799,3790,-3795,3789,-3800,3790,-3801,3792,-3799,3790,-3800,3791,-3799,3791,-3799,3788,-3800,3788,-3800,3789,-3802,3789,-3801,3789,-3798,3788,-3796,3789,-3800,3790,-3797,3790,-3795,3787,-3796,3788,-3795,3788,-0.46,SJNFAAZE1U0005576,117.70,13.04,9039.6630859375,78,75,0,0,0,0,14.5,99.17,-154541,89,1528021974.691,0,2,1,0,4,0,0,0,0,4,365.21,365.21,1F,1,1,1,0080,82,40,40,0,0,19,18.25
03/06/2018 11:32:58,54 58.53373,-1 31.10137,301,0,352,696405,1144818,362.98,49.460,3791,3772,3781,19,0,93.6,34.2,88.6,31.4,none,none,81.4,27.4,-3781,3779,-3785,3777,-3787,3780,-3786,3781,-3786,3782,-3787,3783,-3788,3782,-3789,3782,-3789,3784,-3789,3782,-3790,3782,-3790,3784,-3790,3783,-3791,3781,-3789,3784,-3789,3784,-3788,3784,-3788,3784,-3788,3782,-3787,3782,-3787,3781,-3787,3783,-3785,3780,-3783,3778,-3779,3772,-3780,3775,-3781,3774,-3782,3774,-3785,3776,-3786,3774,-3781,3774,-3787,3776,-3789,3776,-3786,3776,-3786,3777,-3785,3776,-3789,3772,-3787,3772,-3786,3773,-3789,3774,-3788,3773,-3784,3774,-3784,3775,-3786,3776,-3782,3775,-3780,3772,-3781,3774,-3781,3773,-0.53,SJNFAAZE1U0005576,117.70,13.04,9039.6630859375,78,75,0,0,0,0,14.5,99.17,-154541,89,1528021978.560,14280,2,1,0,4,0,0,0,0,4,362.95,362.95,1F,1,1,1,0080,82,40,40,0,0,19,23.25
03/06/2018 11:33:02,54 58.53373,-1 31.10137,301,0,352,695989,1144818,362.78,47.080,3788,3771,3779,17,0,93.6,34.2,88.8,31.6,none,none,81.6,27.6,-3778,3778,-3780,3776,-3782,3779,-3782,3779,-3784,3781,-3784,3782,-3786,3782,-3786,3782,-3786,3782,-3785,3782,-3786,3782,-3787,3783,-3788,3782,-3787,3780,-3786,3783,-3786,3782,-3785,3782,-3785,3784,-3786,3781,-3784,3780,-3785,3781,-3784,3782,-3782,3779,-3781,3777,-3776,3771,-3777,3773,-3778,3773,-3779,3773,-3782,3775,-3782,3773,-3778,3771,-3783,3773,-3784,3776,-3782,3774,-3784,3775,-3781,3775,-3784,3772,-3784,3772,-3783,3774,-3784,3772,-3785,3773,-3780,3773,-3779,3774,-3783,3773,-3779,3774,-3777,3771,-3778,3771,-3777,3772,-0.50,SJNFAAZE1U0005576,117.70,13.04,9039.6630859375,78,75,0,0,0,0,14.5,99.17,-154541,89,1528021982.193,13720,2,1,0,4,0,0,0,0,4,362.88,362.88,1F,1,1,1,0080,82,40,40,0,0,19,23.25
03/06/2018 11:33:05,54 58.53373,-1 31.10137,301,0,352,695697,1144818,363.94,44.639,3798,3783,3791,15,0,93.6,34.2,88.6,31.4,none,none,81.4,27.4,-3793,3790,-3793,3787,-3795,3792,-3795,3790,-3794,3792,-3795,3793,-3797,3793,-3798,3792,-3797,3794,-3797,3793,-3798,3793,-3798,3795,-3798,3793,-3798,3792,-3798,3794,-3797,3794,-3797,3793,-3796,3794,-3795,3792,-3796,3792,-3796,3792,-3796,3794,-3793,3790,-3793,3790,-3789,3784,-3791,3786,-3791,3787,-3792,3785,-3794,3787,-3794,3786,-3792,3785,-3796,3786,-3797,3788,-3795,3788,-3797,3788,-3795,3788,-3795,3783,-3795,3785,-3795,3785,-3797,3786,-3797,3785,-3794,3786,-3793,3784,-3794,3786,-3792,3787,-3791,3785,-3792,3784,-3791,3784,-0.43,SJNFAAZE1U0005576,117.70,13.04,9039.6630859375,78,75,0,0,0,0,14.5,99.17,-154541,89,1528021985.930,12080,2,1,0,4,0,0,0,0,4,363.17,363.17,1F,1,1,1,0080,82,40,40,0,0,19,4.25
03/06/2018 11:33:09,54 58.53373,-1 31.10137,301,0,352,695392,1144818,362.98,49.277,3792,3769,3781,23,0,93.6,34.2,88.8,31.6,none,none,81.4,27.4,-3776,3786,-3777,3784,-3779,3785,-3783,3784,-3780,3789,-3781,3787,-3782,3790,-3783,3790,-3782,3789,-3783,3790,-3784,3790,-3783,3790,-3783,3792,-3781,3791,3782,-3789,3783,3790,-3784,3788,3784,-3790,-3783,3788,-3781,3787,-3781,3785,-3783,3788,-3779,3785,-3777,3781,-3773,3781,-3772,3783,-3773,3780,-3775,3781,-3778,3784,-3776,3781,-3772,3785,-3775,3787,-3776,3787,-3775,3786,-3777,3786,-3774,3786,-3778,3787,-3772,3788,-3772,3787,-3774,3786,-3773,3788,-3769,3785,-3773,3784,-3775,3785,-3774,3782,-3773,3782,-3772,3782,-3771,3779,-0.46,SJNFAAZE1U0005576,117.71,13.04,9039.6630859375,78,75,0,0,0,0,14.5,99.17,-154541,89,1528021989.806,14400,2,1,0,4,0,0,0,0,4,363.02,363.02,1F,1,1,1,0080,82,40,40,0,0,19,27.25
03/06/2018 11:33:13,54 58.53373,-1 31.10137,301,0,352,694922,1144818,362.69,51.444,3788,3767,3778,21,0,93.6,34.2,88.8,31.6,none,none,81.4,27.4,3772,3782,3773,-3781,3776,3782,3779,-3782,3777,-3784,3777,-3785,3777,-3786,3778,-3787,3778,-3787,3779,3785,3779,-3787,3779,-3787,3780,-3787,3778,-3788,3777,3786,3780,-3786,3780,-3784,3779,-3785,3779,-3785,3777,-3784,3778,3783,3779,-3784,3775,-3780,3774,-3778,3769,-3777,3769,-3779,3770,-3777,3771,-3777,3774,-3781,3772,3779,3768,-3781,3771,-3783,3773,-3785,3771,-3782,3774,3783,3770,-3781,3773,-3783,3768,-3783,3768,-3784,3770,-3784,3769,-3783,3767,-3782,3768,-3782,3773,3782,3770,-3780,3768,-3778,3768,-3778,3768,-3775,-0.46,SJNFAAZE1U0005576,117.71,13.04,9039.6630859375,78,75,0,0,0,0,14.5,99.17,-154541,89,1528021993.644,15080,2,1,0,4,0,0,0,0,4,362.80,362.80,1F,1,1,1,0080,82,40,40,0,0,19,26.25
03/06/2018 11:33:17,54 58.53373,-1 31.10137,301,0,351,694435,1144818,362.59,51.902,3787,3767,3777,20,0,93.8,34.3,88.8,31.6,none,none,81.6,27.6,3772,-3782,3774,-3780,3777,3781,3780,-3781,3777,-3783,3778,-3784,3778,-3785,3778,-3785,3779,-3784,3778,-3784,3779,-3785,3780,3786,3780,-3786,3778,-3787,3779,-3785,3780,-3786,3781,-3784,3780,3784,3780,-3784,3777,-3783,3779,-3782,3780,-3784,3775,3780,3774,-3776,3769,-3776,3770,-3778,3770,-3776,3771,-3776,3773,-3779,3773,-3778,3768,-3780,3772,3782,3773,-3782,3772,-3781,3774,-3782,3771,-3780,3774,3781,3770,-3782,3771,-3783,3772,-3782,3771,-3783,3767,-3779,3770,-3780,3773,-3781,3770,-3780,3769,3777,3769,-3777,3768,-3775,-0.50,SJNFAAZE1U0005576,117.71,13.04,9039.6630859375,78,75,0,0,0,0,14.5,99.17,-154541,89,1528021997.365,15160,2,1,0,5,0,0,0,0,4,362.69,362.69,1F,1,1,1,0080,82,40,40,0,0,19,25.50
03/06/2018 11:33:21,54 58.53373,-1 31.10137,301,0,351,693999,1144818,362.59,52.329,3786,3767,3777,19,0,93.8,34.3,88.8,31.6,none,none,81.6,27.6,3773,-3781,3772,-3778,3775,3781,3779,-3780,3777,3783,3777,-3783,3778,-3786,3778,-3785,3778,-3785,3778,-3784,3778,3785,3778,-3785,3779,-3786,3778,-3785,3778,-3784,3781,-3784,3779,-3784,3779,-3783,3778,-3783,3777,3782,3778,-3781,3778,-3783,3776,-3780,3774,-3776,3770,3775,3769,-3777,3770,-3775,3772,-3775,3774,-3778,3772,-3777,3769,-3778,3772,-3780,3772,-3781,3770,3782,3774,-3782,3772,-3779,3774,-3781,3769,-3780,3769,3782,3771,-3782,3772,-3782,3767,-3781,3770,-3779,3773,-3780,3770,-3778,3769,-3777,3769,-3777,3768,3774,-0.48,SJNFAAZE1U0005576,117.71,13.04,9039.6630859375,78,75,0,0,0,0,14.5,99.17,-154541,89,1528022001.090,15640,2,1,0,4,0,0,0,0,4,362.55,362.55,1F,1,1,1,0080,82,40,40,0,0,19,25.50
03/06/2018 11:33:25,54 58.53373,-1 31.10137,301,0,351,693560,1144818,362.78,45.463,3789,3768,3779,21,0,93.8,34.3,88.8,31.6,none,none,81.4,27.4,3774,-3783,3774,3782,3777,3782,3781,-3782,3778,-3785,3780,-3786,3781,3787,3779,-3787,3780,-3787,3781,-3787,3780,-3787,3780,-3787,3781,3789,3780,-3789,3780,-3786,3782,-3787,3782,-3785,3782,-3786,3780,-3785,3778,-3785,3780,-3784,3781,3786,3777,-3781,3777,-3778,3771,-3778,3771,-3780,3770,3777,3773,-3777,3776,-3781,3774,-3778,3769,-3783,3773,-3784,3774,-3785,3773,-3783,3774,-3785,3772,3782,3775,-3784,3771,-3785,3769,-3786,3772,-3786,3771,3785,3768,-3783,3771,-3783,3773,-3783,3772,-3780,3770,-3780,3770,-3779,3770,-3777,-0.49,SJNFAAZE1U0005576,117.71,13.04,9039.6630859375,78,75,0,0,0,0,14.5,99.17,-154541,89,1528022005.052,13480,2,1,0,5,0,0,0,0,4,362.84,362.84,1F,1,1,1,0080,82,40,40,0,0,19,22.50
03/06/2018 11:33:29,54 58.53373,-1 31.10137,301,0,351,693151,1144818,363.07,36.246,3789,3774,3782,15,0,93.8,34.3,88.8,31.6,none,none,81.6,27.6,-3782,3780,-3783,3780,-3785,3782,-3786,3782,-3785,3784,-3786,3784,-3788,3785,-3789,3784,-3787,3785,-3788,3784,-3788,3784,-3789,3786,-3789,3786,-3789,3785,-3788,3786,-3787,3785,-3789,3785,-3788,3787,-3787,3784,-3786,3784,-3786,3783,-3786,3785,-3784,3780,-3783,3780,-3780,3774,-3780,3777,-3781,3776,-3782,3777,-3785,3778,-3784,3776,-3782,3775,-3786,3777,-3787,3779,-3785,3778,-3788,3779,-3786,3778,-3788,3775,-3786,3776,-3786,3776,-3788,3776,-3787,3776,-3784,3776,-3783,3775,-3786,3778,-3782,3777,-3781,3774,-3781,3775,-3780,3774,-0.51,SJNFAAZE1U0005576,117.71,13.04,9039.6630859375,78,75,0,0,0,0,14.5,99.17,-154541,89,1528022009.079,12440,2,1,0,5,0,0,0,0,4,363.07,363.07,1F,1,1,1,0080,82,40,40,0,0,19,19.50
03/06/2018 11:33:35,54 58.53373,-1 31.10137,301,0,350,692645,1144818,363.36,30.692,3793,3777,3785,16,0,93.8,34.3,88.8,31.6,none,none,81.4,27.4,-3786,3784,-3788,3782,-3789,3783,-3790,3784,-3789,3786,-3791,3787,-3790,3787,-3792,3786,-3791,3786,-3791,3787,-3791,3787,-3792,3789,-3793,3787,-3792,3786,-3791,3788,-3790,3789,-3790,3788,-3790,3788,-3790,3786,-3790,3787,-3789,3785,-3790,3788,-3787,3785,-3786,3783,-3782,3778,-3783,3780,-3785,3779,-3786,3779,-3789,3781,-3787,3778,-3785,3780,-3790,3780,-3790,3783,-3789,3782,-3791,3782,-3788,3781,-3791,3777,-3789,3778,-3790,3778,-3791,3780,-3790,3778,-3787,3779,-3786,3779,-3789,3782,-3786,3781,-3784,3777,-3785,3778,-3783,3777,-0.54,SJNFAAZE1U0005576,117.71,13.04,9039.6630859375,78,75,0,0,0,0,14.5,99.17,-154541,90,1528022015.114,9880,2,0,0,0,0,0,0,0,4,363.31,363.31,1F,1,1,1,0080,82,40,40,0,0,19,16.00
03/06/2018 11:33:38,54 58.53373,-1 31.10137,301,0,350,692475,1144818,364.03,-1.685,3801,3783,3792,18,0,93.8,34.3,88.8,31.6,none,none,81.6,27.6,-3794,3790,-3795,3789,-3798,3792,-3797,3791,-3797,3793,-3797,3794,-3798,3794,-3800,3793,-3799,3793,-3799,3792,-3800,3794,-3800,3795,-3800,3793,-3801,3793,-3799,3795,-3798,3794,-3798,3794,-3798,3795,-3797,3794,-3797,3792,-3797,3792,-3798,3794,-3796,3791,-3795,3788,-3790,3785,-3793,3786,-3793,3786,-3794,3785,-3795,3787,-3797,3786,-3794,3784,-3798,3786,-3799,3789,-3796,3786,-3798,3788,-3797,3787,-3798,3783,-3798,3784,-3798,3784,-3800,3785,-3799,3784,-3796,3785,-3795,3785,-3798,3787,-3794,3787,-3792,3784,-3793,3784,-3793,3784,-0.50,SJNFAAZE1U0005576,117.71,13.04,9039.6630859375,78,75,0,0,0,0,14.5,99.17,-154541,90,1528022018.898,0,2,0,0,0,0,0,0,0,4,364.60,364.60,1F,1,1,1,0080,82,40,40,0,0,19,11.75
03/06/2018 11:33:42,54 58.53373,-1 31.10137,301,0,350,692282,1144818,363.65,25.931,3796,3780,3788,16,0,93.8,34.3,88.8,31.6,none,none,81.6,27.6,-3789,3787,-3790,3785,-3792,3787,-3792,3788,-3793,3789,-3792,3790,-3794,3790,-3794,3790,-3794,3790,-3793,3789,-3794,3790,-3795,3792,-3796,3790,-3796,3789,-3793,3791,-3794,3792,-3794,3791,-3793,3792,-3793,3789,-3793,3788,-3792,3789,-3794,3790,-3791,3788,-3790,3786,-3786,3781,-3787,3782,-3787,3782,-3788,3782,-3791,3784,-3791,3782,-3788,3781,-3793,3783,-3793,3785,-3791,3783,-3794,3784,-3792,3784,-3792,3780,-3792,3780,-3793,3781,-3795,3782,-3793,3782,-3791,3781,-3790,3782,-3793,3783,-3789,3783,-3787,3781,-3788,3781,-3787,3781,-0.52,SJNFAAZE1U0005576,117.71,13.04,9039.6630859375,78,75,0,0,0,0,14.5,99.17,-154541,90,1528022022.716,7280,2,1,0,0,0,0,0,0,4,363.79,363.79,1F,1,1,1,0080,82,40,40,0,0,19,19.00
03/06/2018 11:33:46,54 58.53373,-1 31.10137,301,0,350,691921,1144818,363.26,37.040,3793,3773,3784,20,0,93.8,34.3,88.8,31.6,none,none,81.6,27.6,3780,-3789,3779,-3787,3782,3788,3785,-3787,3783,-3790,3783,3791,3784,-3792,3784,-3791,3784,-3792,3785,-3791,3785,3792,3785,-3792,3786,-3793,3784,-3792,3784,-3790,3786,-3791,3786,-3790,3785,-3790,3784,-3790,3783,3790,3783,-3788,3784,-3790,3782,-3787,3781,-3784,3777,-3783,3777,3785,3778,-3783,3780,-3784,3781,-3787,3778,-3786,3776,3786,3777,-3788,3779,-3790,3778,-3788,3781,-3789,3779,-3789,3779,-3788,3776,-3789,3775,-3790,3778,3788,3777,-3790,3773,-3787,3776,-3786,3780,-3786,3777,3785,3776,-3782,3776,-3785,3775,-3781,-0.47,SJNFAAZE1U0005576,117.71,13.04,9041.2724609375,78,75,0,0,0,0,14.5,99.17,-154541,90,1528022026.451,12360,2,1,0,4,0,0,0,0,4,363.35,363.35,1F,1,1,1,0080,82,40,40,0,0,19,19.25
03/06/2018 11:33:49,54 58.53373,-1 31.10137,301,0,350,691564,1144818,362.50,54.618,3786,3765,3776,21,0,93.6,34.2,88.8,31.6,none,none,81.6,27.6,3771,-3780,3773,-3778,3775,3779,3778,-3779,3776,-3781,3776,-3782,3777,-3784,3778,3783,3777,-3783,3778,-3783,3778,-3783,3778,-3783,3779,-3786,3777,-3784,3778,-3783,3779,-3783,3779,-3782,3779,-3782,3778,3781,3775,-3780,3778,-3780,3778,-3782,3774,-3778,3772,-3775,3767,-3774,3767,-3776,3769,-3774,3770,3774,3773,-3778,3771,-3776,3767,-3778,3771,-3780,3773,3781,3770,-3779,3773,-3781,3770,-3779,3774,-3779,3768,-3780,3768,-3782,3770,-3780,3769,-3780,3765,3778,3769,-3779,3772,-3780,3769,-3779,3768,-3775,3767,3776,3767,-3772,-0.43,SJNFAAZE1U0005576,117.71,13.04,9041.2724609375,78,75,0,0,0,0,14.5,99.17,-154541,90,1528022029.869,15080,2,1,0,4,0,0,0,0,4,362.71,362.71,1F,1,1,1,0080,82,40,40,0,0,19,35.25
03/06/2018 11:33:53,54 58.53373,-1 31.10137,301,0,350,690981,1144818,361.82,59.836,3779,3757,3769,22,0,93.8,34.3,88.8,31.6,none,none,81.6,27.6,3762,3773,3764,-3773,3767,3774,3771,-3772,3769,-3776,3769,-3776,3769,-3778,3769,-3778,3769,-3779,3769,3777,3770,-3776,3770,-3779,3772,-3779,3770,-3778,3770,-3778,3772,3777,3771,-3776,3772,-3776,3770,-3775,3770,-3775,3770,3775,3769,-3776,3768,-3772,3766,-3769,3759,-3766,3758,-3770,3761,-3768,3762,-3768,3764,-3772,3764,3770,3757,-3772,3761,-3774,3764,-3776,3763,-3773,3765,3774,3762,-3773,3763,-3774,3759,-3774,3758,-3776,3761,-3774,3761,-3775,3758,-3772,3759,-3772,3762,3772,3760,-3771,3758,-3767,3758,-3770,3759,-3767,-0.52,SJNFAAZE1U0005576,117.71,13.04,9041.2724609375,78,75,0,0,0,0,14.5,99.17,-154541,90,1528022033.725,19720,2,1,0,4,0,0,0,0,4,362.15,362.15,1F,1,1,1,0080,82,40,40,0,0,19,36.50
03/06/2018 11:33:57,54 58.53373,-1 31.10137,301,0,349,690389,1144818,361.92,57.212,3780,3757,3770,23,0,93.8,34.3,88.8,31.6,none,none,81.6,27.6,3764,-3775,3765,-3772,3767,3774,3772,-3773,3769,-3776,3770,-3777,3771,-3779,3769,-3778,3771,-3778,3771,-3778,3772,-3779,3771,-3778,3772,-3780,3771,-3780,3770,-3778,3772,-3778,3772,-3777,3772,3777,3772,-3776,3769,-3776,3769,-3775,3770,-3777,3767,3773,3765,-3769,3759,-3768,3760,-3770,3762,-3768,3762,-3768,3766,-3773,3764,-3770,3760,-3773,3762,3775,3764,-3776,3763,-3775,3765,-3775,3762,-3774,3766,3775,3760,-3775,3759,-3776,3762,-3775,3761,-3776,3757,-3773,3760,-3773,3763,-3775,3761,-3771,3760,3771,3759,-3770,3759,-3768,-0.46,SJNFAAZE1U0005576,117.71,13.04,9041.2724609375,78,75,0,0,0,0,14.5,99.17,-154541,90,1528022037.687,17200,2,1,0,4,0,0,0,0,4,362.08,362.08,1F,1,1,1,0080,82,40,40,0,0,19,31.25
03/06/2018 11:34:01,54 58.53373,-1 31.10137,301,0,349,689869,1144818,361.92,57.547,3778,3761,3770,17,0,93.6,34.2,88.8,31.6,none,none,81.4,27.4,-3769,3768,-3772,3767,-3773,3770,-3774,3769,-3774,3771,-3774,3772,-3776,3772,-3777,3772,-3777,3773,-3776,3772,3777,3773,3778,-3774,3778,-3773,3777,-3772,3775,-3774,3777,-3774,3776,-3773,3776,-3775,3775,-3773,3774,3771,3774,-3771,3775,-3771,3771,-3768,3770,-3766,3766,3762,3766,-3764,-3768,3763,-3769,-3763,-3773,3765,-3771,3762,-3768,3764,-3773,3765,-3774,3767,-3772,3766,-3774,3766,-3771,3766,-3776,3762,-3774,3764,-3773,3764,-3775,3764,-3775,3764,-3770,3762,-3769,3763,-3773,3764,-3769,3764,-3766,3762,-3768,3762,-3767,3761,-0.47,SJNFAAZE1U0005576,117.71,13.04,9041.2724609375,78,75,0,0,0,0,14.5,99.17,-154541,90,1528022041.309,17440,2,1,0,5,0,0,0,0,4,362.03,362.03,1F,1,1,1,0080,82,40,40,0,0,19,30.00
03/06/2018 11:34:04,54 58.53373,-1 31.10137,301,0,349,689394,1144818,362.21,49.918,3782,3764,3773,18,0,93.6,34.2,88.8,31.6,none,none,81.4,27.4,-3773,3771,-3777,3771,-3777,3772,-3778,3773,-3778,3775,-3778,3775,-3781,3775,-3780,3775,-3780,3774,-3780,3774,-3780,3774,-3781,3776,-3782,3775,-3782,3775,-3780,3776,-3781,3777,-3779,3775,-3780,3777,-3779,3774,-3779,3774,-3778,3773,-3779,3775,-3775,3772,-3775,3769,-3770,3764,-3772,3767,-3773,3766,-3773,3766,-3777,3768,-3776,3766,-3774,3767,-3779,3767,-3780,3768,-3777,3770,-3779,3769,-3776,3769,-3781,3765,-3779,3766,-3778,3765,-3780,3766,-3780,3766,-3776,3767,-3775,3767,-3777,3769,-3773,3767,-3771,3765,-3773,3765,-3772,3765,-0.46,SJNFAAZE1U0005576,117.71,13.04,9041.2724609375,78,75,0,0,0,0,14.5,99.17,-154541,90,1528022044.931,14920,2,1,0,5,0,0,0,0,4,362.17,362.17,1F,1,1,1,0080,82,40,40,0,0,19,23.25
03/06/2018 11:34:08,54 58.53373,-1 31.10137,301,0,348,688880,1144818,362.21,44.547,3782,3764,3773,18,0,93.8,34.3,88.8,31.6,none,none,81.6,27.6,-3773,3771,-3775,3769,-3776,3774,-3778,3772,-3777,3774,-3778,3775,-3781,3775,-3780,3775,-3780,3775,-3779,3776,-3781,3776,-3780,3776,-3782,3774,-3782,3775,-3780,3777,-3780,3777,-3780,3776,-3779,3778,-3779,3775,-3778,3775,-3778,3774,-3778,3775,-3774,3771,-3775,3771,-3770,3765,-3772,3767,-3773,3767,-3772,3766,-3777,3768,-3777,3767,-3773,3765,-3779,3768,-3780,3769,-3777,3767,-3779,3768,-3776,3769,-3780,3764,-3779,3765,-3778,3765,-3780,3765,-3779,3766,-3776,3766,-3774,3766,-3778,3767,-3773,3767,-3771,3765,-3773,3766,-3772,3765,-0.51,SJNFAAZE1U0005576,117.71,13.04,9041.2724609375,78,75,0,0,0,0,14.5,99.17,-154541,90,1528022048.812,16240,2,1,0,5,0,0,0,0,4,362.16,362.16,1F,1,1,1,0080,82,40,40,0,0,19,19.75
03/06/2018 11:34:12,54 58.53373,-1 31.10137,301,0,348,688554,1144818,364.13,24.131,3801,3785,3793,16,0,93.6,34.2,88.8,31.6,none,none,81.4,27.4,-3795,3791,-3797,3789,-3798,3791,-3798,3791,-3799,3793,-3798,3794,-3799,3793,-3801,3793,-3799,3794,-3800,3793,-3800,3793,-3800,3795,-3801,3793,-3801,3793,-3800,3794,-3799,3795,-3799,3794,-3798,3796,-3799,3793,-3798,3793,-3798,3791,-3799,3795,-3797,3791,-3795,3789,-3792,3786,-3794,3788,-3795,3788,-3795,3788,-3797,3788,-3797,3787,-3796,3787,-3799,3787,-3800,3789,-3798,3788,-3799,3789,-3798,3789,-3798,3785,-3800,3786,-3801,3785,-3801,3786,-3800,3785,-3797,3787,-3796,3787,-3798,3789,-3795,3788,-3793,3786,-3794,3787,-3795,3785,-0.47,SJNFAAZE1U0005576,117.71,13.04,9041.2724609375,78,75,0,0,0,0,14.5,99.17,-154541,90,1528022052.523,9240,2,1,0,5,0,0,0,0,4,362.95,362.95,1F,1,1,1,0080,82,40,40,0,0,19,-6.75
03/06/2018 11:34:16,54 58.53373,-1 31.10137,301,0,348,688469,1144818,363.46,19.706,3794,3777,3786,17,0,93.6,34.2,88.8,31.6,none,none,81.6,27.6,-3787,3784,-3788,3782,-3791,3785,-3791,3785,-3791,3786,-3791,3787,-3792,3786,-3793,3787,-3794,3786,-3793,3786,-3794,3786,-3793,3788,-3794,3787,-3794,3786,-3794,3789,-3793,3789,-3793,3788,-3792,3789,-3792,3786,-3791,3785,-3791,3786,-3792,3788,-3790,3784,-3788,3784,-3785,3778,-3786,3781,-3787,3780,-3787,3780,-3789,3781,-3790,3780,-3788,3778,-3791,3781,-3792,3782,-3791,3781,-3791,3782,-3790,3782,-3791,3777,-3793,3778,-3791,3778,-3792,3779,-3792,3779,-3789,3778,-3787,3779,-3790,3781,-3787,3781,-3785,3778,-3786,3779,-3785,3779,-0.49,SJNFAAZE1U0005576,117.71,13.04,9041.2724609375,78,75,0,0,0,0,14.5,99.17,-154541,90,1528022056.300,6960,2,1,0,5,0,0,0,0,4,363.47,363.47,1F,1,1,1,0080,82,40,40,0,0,19,8.25
03/06/2018 11:34:19,54 58.53373,-1 31.10137,301,0,348,688329,1144818,363.94,10.795,3799,3780,3791,19,0,93.6,34.2,88.8,31.6,none,none,81.6,27.6,3787,-3796,3787,3794,3789,3794,3792,-3793,3790,-3796,3790,-3797,3792,3799,3791,-3799,3790,-3798,3791,-3798,3791,-3798,3791,-3798,3791,-3799,3791,-3799,3791,-3798,3792,3798,3792,-3796,3791,-3798,3791,-3797,3790,-3796,3792,3796,3793,-3797,3789,-3795,3787,-3791,3783,-3792,3783,-3793,3785,-3791,3786,-3790,3788,-3794,3786,3793,3783,-3795,3785,-3796,3786,-3798,3785,-3796,3787,3796,3785,-3795,3785,-3797,3782,-3797,3782,-3798,3783,-3796,3783,3797,3780,-3793,3782,-3794,3785,-3794,3785,-3794,3784,-3792,3782,-3793,3782,-3789,-0.51,SJNFAAZE1U0005576,117.71,13.04,9041.2724609375,78,75,0,0,0,0,14.5,99.17,-154541,90,1528022059.997,4680,2,1,0,5,0,0,0,0,4,363.88,363.88,1F,1,1,1,0080,82,40,40,0,0,19,2.75
03/06/2018 11:34:23,54 58.53373,-1 31.10137,301,0,348,688252,1144818,363.74,16.532,3798,3779,3789,19,0,93.8,34.3,88.8,31.6,none,none,81.6,27.6,3785,-3793,3784,-3792,3787,3792,3791,3791,3788,-3796,3789,-3794,3790,-3795,3788,-3796,3789,3795,3789,-3795,3790,-3796,3790,-3796,3790,-3798,3788,-3798,3789,-3796,3790,-3795,3790,-3795,3791,3795,3790,-3794,3789,-3794,3788,-3794,3791,-3795,3787,3792,3785,-3789,3781,-3788,3781,-3791,3783,-3789,3784,-3789,3786,-3791,3785,-3790,3780,-3793,3784,3794,3784,-3796,3783,-3794,3785,-3795,3784,-3793,3785,3794,3780,-3794,3780,-3796,3781,-3796,3782,-3795,3779,-3793,3781,3793,3784,-3793,3782,-3792,3780,-3790,3781,-3790,3781,-3786,-0.50,SJNFAAZE1U0005576,117.71,13.04,9041.2724609375,78,75,0,0,0,0,14.5,99.17,-154541,90,1528022063.700,3600,2,0,0,0,0,0,0,0,4,363.91,363.91,1F,1,1,1,0080,82,40,40,0,0,19,14.25
03/06/2018 11:34:27,54 58.53373,-1 31.10137,301,0,348,687962,1144818,362.69,48.606,3788,3766,3778,22,0,93.8,34.3,88.8,31.6,none,none,81.6,27.6,3772,-3782,3773,-3780,3775,3781,3779,-3781,3777,-3785,3777,3784,3779,-3786,3778,-3786,3778,-3786,3778,-3785,3779,3785,3778,-3786,3780,-3788,3777,-3787,3778,-3784,3779,-3787,3779,-3783,3778,-3785,3779,-3783,3776,3784,3778,-3782,3779,-3785,3775,-3780,3774,-3777,3769,3778,3769,-3780,3771,-3778,3771,-3778,3774,-3781,3772,-3779,3769,-3781,3771,-3783,3773,-3784,3771,3784,3773,-3783,3770,-3782,3774,-3783,3768,-3784,3768,-3785,3770,3783,3768,-3784,3766,-3781,3769,-3780,3772,-3782,3769,3780,3769,-3779,3769,-3779,3767,-3776,-0.51,SJNFAAZE1U0005576,117.71,13.04,9041.2724609375,78,75,0,0,0,0,14.5,99.17,-154541,90,1528022067.394,13120,2,0,0,0,0,0,0,0,4,362.73,362.73,1F,1,1,1,0080,82,40,40,0,0,19,27.00
03/06/2018 11:34:31,54 58.53373,-1 31.10137,301,0,348,687554,1144818,362.88,40.610,3789,3770,3780,19,0,93.8,34.3,88.8,31.6,none,none,81.4,27.4,3776,-3784,3776,-3783,3778,3783,3782,-3783,3778,-3786,3780,-3786,3780,-3788,3780,3787,3780,-3787,3779,-3787,3781,-3787,3780,-3788,3782,3789,3780,-3789,3781,-3787,3782,-3787,3781,-3785,3781,-3787,3781,-3786,3779,-3785,3780,-3784,3781,3786,3778,-3782,3776,-3779,3772,-3780,3772,-3781,3773,-3779,3774,-3779,3777,-3783,3776,-3780,3770,-3783,3773,-3785,3774,3787,3773,-3784,3776,-3786,3773,-3784,3775,-3785,3770,-3785,3770,-3788,3772,-3786,3772,-3787,3770,3783,3771,-3784,3773,-3784,3772,-3781,3770,-3780,3771,3781,3770,-3777,-0.46,SJNFAAZE1U0005576,117.71,13.04,9041.2724609375,78,75,0,0,0,0,14.5,99.17,-154541,90,1528022071.023,13680,2,0,0,0,0,0,0,0,4,362.82,362.82,1F,1,1,1,0080,82,40,40,0,0,19,21.00
03/06/2018 11:34:35,54 58.53373,-1 31.10137,301,0,348,687195,1144818,362.88,35.331,3787,3772,3780,15,0,93.6,34.2,88.8,31.6,none,none,81.4,27.4,3781,3779,3782,-3776,-3783,3780,-3783,-3780,-3784,3781,-3784,3782,-3785,3783,-3787,3782,-3785,3782,-3785,3782,-3786,3782,-3786,3784,-3787,3782,-3787,3782,-3785,3783,-3786,3784,-3785,3783,-3783,3785,-3785,3782,-3784,3781,-3784,3780,-3784,3783,-3781,3779,-3780,3777,-3778,3773,-3778,3775,-3779,3775,-3780,3774,3782,-3776,3782,3774,3780,-3773,3785,-3774,3784,-3777,3784,-3775,3785,3776,3782,-3777,3785,-3773,3783,-3774,3784,-3773,3786,-3774,3785,-3774,3782,-3774,3781,-3774,3784,3777,3780,-3775,3779,-3772,3779,-3773,3779,-3773,-0.50,SJNFAAZE1U0005576,117.71,13.04,9041.2724609375,78,75,0,0,0,0,14.5,99.17,-154541,90,1528022075.039,11800,2,0,0,0,0,0,0,0,4,362.98,362.98,1F,1,1,1,0080,82,40,40,0,0,19,18.50
03/06/2018 11:34:38,54 58.53373,-1 31.10137,301,0,347,686883,1144818,361.44,48.270,3773,3755,3765,18,0,93.6,34.2,88.6,31.4,none,none,81.4,27.4,-3765,3762,-3767,3761,-3769,3765,-3769,3765,-3769,3767,-3769,3768,-3771,3767,-3772,3766,-3771,3768,-3771,3768,-3773,3767,-3773,3769,-3773,3768,-3773,3767,-3771,3769,-3772,3769,-3771,3769,-3769,3769,-3770,3767,-3770,3767,-3770,3766,-3771,3768,-3766,3764,-3765,3762,-3760,3755,-3761,3758,-3762,3759,-3764,3758,-3767,3760,-3766,3757,-3764,3758,-3769,3760,-3770,3761,-3768,3761,-3769,3761,-3767,3762,-3773,3757,-3768,3759,-3767,3759,-3772,3759,-3770,3759,-3766,3759,-3764,3758,-3769,3761,-3764,3759,-3762,3755,-3763,3758,-3761,3757,-0.56,SJNFAAZE1U0005576,117.71,13.04,9041.2724609375,78,75,0,0,0,0,14.5,99.17,-154541,90,1528022078.808,9800,2,1,0,4,0,0,0,0,4,362.63,362.63,1F,1,1,1,0080,82,40,40,0,0,19,24.50
03/06/2018 11:34:42,54 58.53373,-1 31.10137,301,0,347,686495,1144818,363.17,24.711,3793,3774,3783,19,0,93.8,34.3,88.8,31.6,none,none,81.4,27.4,-3783,3781,-3786,3779,-3789,3782,-3788,3782,-3789,3783,-3789,3784,-3790,3783,-3791,3784,-3791,3785,-3790,3784,-3790,3785,-3791,3786,-3793,3783,-3791,3784,-3790,3786,-3789,3785,-3789,3784,-3789,3787,-3789,3783,-3789,3782,-3789,3783,-3789,3785,-3787,3781,-3785,3780,-3781,3774,-3783,3776,-3784,3778,-3784,3776,-3786,3779,-3786,3776,-3783,3776,-3789,3776,-3790,3778,-3788,3777,-3788,3778,-3787,3779,-3788,3774,-3789,3774,-3789,3775,-3790,3776,-3789,3774,-3787,3775,-3784,3776,-3788,3778,-3783,3778,-3782,3775,-3785,3776,-3783,3775,-0.48,SJNFAAZE1U0005576,117.71,13.04,9041.2724609375,78,75,0,0,0,0,14.5,99.17,-154541,90,1528022082.501,8280,2,1,0,4,0,0,0,0,4,363.24,363.24,1F,1,1,1,0080,82,40,40,0,0,19,10.25
03/06/2018 11:34:46,54 58.53373,-1 31.10137,301,0,347,686307,1144818,363.65,18.088,3796,3779,3788,17,0,93.8,34.3,88.8,31.6,none,none,81.6,27.6,-3789,3785,-3791,3783,-3792,3786,-3791,3787,-3792,3789,-3793,3789,-3796,3789,-3795,3788,-3795,3788,-3794,3788,-3795,3787,-3795,3790,-3795,3789,-3796,3788,-3794,3790,-3792,3790,-3793,3789,-3794,3791,-3794,3788,-3793,3788,-3793,3787,-3794,3789,-3791,3787,-3790,3784,-3787,3780,-3788,3782,-3790,3782,-3789,3781,-3792,3783,-3792,3780,-3789,3780,-3793,3782,-3795,3783,-3793,3783,-3794,3783,-3792,3783,-3794,3780,-3794,3780,-3793,3779,-3795,3780,-3793,3780,-3791,3780,-3791,3781,-3793,3784,-3789,3782,-3787,3781,-3789,3780,-3788,3779,-0.50,SJNFAAZE1U0005576,117.71,13.04,9041.2724609375,78,75,0,0,0,0,14.5,99.17,-154541,90,1528022086.180,6200,2,1,0,5,0,0,0,0,4,363.59,363.59,1F,1,1,1,0080,82,40,40,0,0,19,7.75
03/06/2018 11:34:50,54 58.53373,-1 31.10137,301,0,347,686119,1144818,360.77,69.938,3767,3748,3758,19,0,93.8,34.3,88.8,31.6,none,none,81.4,27.4,-3758,3756,-3761,3755,-3762,3759,-3763,3758,-3763,3761,-3764,3761,-3764,3762,-3766,3760,-3767,3763,-3766,3761,-3766,3761,-3767,3764,-3767,3759,-3767,3759,-3765,3763,-3765,3763,-3763,3762,-3765,3764,-3764,3761,-3764,3760,-3764,3760,-3763,3761,-3760,3757,-3759,3757,-3753,3748,-3754,3750,-3755,3752,-3759,3751,-3760,3753,-3759,3750,-3756,3750,-3764,3752,-3763,3755,-3761,3752,-3764,3755,-3762,3755,-3766,3748,-3762,3749,-3763,3752,-3766,3750,-3764,3751,-3760,3751,-3759,3751,-3763,3751,-3757,3752,-3755,3748,-3757,3748,-3755,3749,-0.50,SJNFAAZE1U0005576,117.71,13.04,9041.2724609375,78,75,0,0,0,0,14.5,99.17,-154541,90,1528022090.010,10760,2,1,0,5,0,0,0,0,4,362.17,362.17,1F,1,1,1,0080,82,40,40,0,0,19,63.75
03/06/2018 11:34:53,54 58.53373,-1 31.10137,301,0,347,685412,1144818,363.26,16.257,3793,3772,3784,21,0,93.8,34.3,88.8,31.6,none,none,81.4,27.4,3779,-3788,3779,-3786,3782,3787,3785,-3787,3782,-3790,3783,3790,3784,-3791,3783,-3791,3784,-3791,3784,-3791,3784,3791,3783,-3791,3784,-3793,3783,-3792,3784,-3790,3785,-3791,3786,-3791,3786,-3790,3784,-3790,3783,-3790,3783,-3788,3784,-3791,3782,-3787,3781,-3783,3775,-3783,3776,3785,3777,-3784,3779,-3782,3780,-3787,3780,-3785,3775,3787,3778,-3790,3777,-3791,3777,-3787,3780,-3789,3778,-3788,3778,-3788,3774,-3790,3775,-3790,3777,3790,3776,-3790,3772,-3787,3775,-3786,3777,-3787,3778,3785,3776,-3783,3776,-3785,3775,-3782,-0.49,SJNFAAZE1U0005576,117.71,13.04,9041.2724609375,78,75,0,0,0,0,14.5,99.17,-154541,90,1528022093.885,6880,2,1,0,5,0,0,0,0,4,363.14,363.14,1F,1,1,1,0080,81,40,40,0,0,19,3.75
03/06/2018 11:34:57,54 58.53373,-1 31.10137,301,0,347,685291,1144818,363.55,15.403,3795,3779,3787,16,0,93.6,34.2,88.8,31.6,none,none,81.4,27.4,3784,-3792,3783,-3789,3786,3791,3788,-3790,3787,-3792,3786,-3793,3788,-3795,3787,3794,3787,-3793,3788,-3793,3789,-3794,3788,-3793,3789,3795,3788,-3794,3787,-3793,3789,-3794,3789,-3792,3790,-3794,3789,3793,3787,-3792,3788,-3791,3789,-3794,3786,-3790,3785,-3788,3782,-3786,3781,-3789,3782,-3787,3783,3787,3784,-3790,3784,-3788,3780,-3790,3783,-3791,3784,3794,3781,-3791,3784,-3791,3783,-3791,3783,-3791,3780,-3792,3779,-3793,3782,-3792,3781,-3792,3779,3789,3781,-3789,3782,-3790,3781,-3789,3780,-3787,3780,3788,3779,-3784,-0.50,SJNFAAZE1U0005576,117.71,13.04,9042.8818359375,78,75,0,0,0,0,14.5,99.17,-154541,91,1528022097.792,5160,2,1,0,5,0,0,0,0,4,363.59,363.59,1F,1,1,1,0080,81,40,40,0,0,19,8.25
03/06/2018 11:35:01,54 58.53373,-1 31.10137,301,0,347,685058,1144818,363.17,34.598,3793,3772,3783,21,0,93.6,34.2,88.8,31.6,none,none,81.6,27.6,3779,3789,3779,-3787,3781,3787,3784,-3786,3782,-3789,3782,-3789,3783,-3791,3782,-3791,3783,-3790,3783,3790,3784,-3790,3783,-3791,3783,-3793,3783,-3793,3784,3790,3785,-3791,3784,-3789,3785,-3790,3783,-3790,3782,-3789,3783,-3788,3784,-3790,3781,-3787,3781,3784,3776,-3783,3775,-3786,3777,-3784,3779,-3783,3780,-3786,3778,3785,3775,-3786,3777,-3788,3778,-3791,3777,-3788,3780,3789,3778,-3788,3778,-3789,3774,-3788,3774,-3789,3775,-3790,3776,-3789,3772,-3787,3776,-3786,3780,3787,3776,-3786,3775,-3784,3775,-3786,3773,-3781,-0.52,SJNFAAZE1U0005576,117.71,13.04,9042.8818359375,78,75,0,0,0,0,14.5,99.17,-154541,91,1528022101.695,8840,2,1,0,5,0,0,0,0,4,362.98,362.98,1F,1,1,1,0080,81,40,40,0,0,19,18.75
03/06/2018 11:35:05,54 58.53373,-1 31.10137,301,0,346,684642,1144818,362.11,53.672,3782,3761,3772,21,0,93.8,34.3,88.8,31.6,none,none,81.6,27.6,3767,-3777,3768,-3775,3769,3775,3774,-3775,3771,-3777,3772,-3779,3772,-3781,3772,-3781,3772,-3780,3772,-3779,3773,-3779,3773,3781,3774,-3782,3773,-3781,3773,-3779,3775,-3780,3774,3778,3774,-3778,3774,-3778,3771,-3778,3773,-3777,3773,-3778,3770,3776,3769,-3771,3763,-3770,3763,-3775,3764,-3771,3766,-3770,3768,-3775,3767,-3773,3764,-3776,3765,3777,3766,-3779,3765,-3778,3768,-3777,3766,-3776,3769,3777,3763,-3778,3763,-3779,3764,-3778,3763,-3778,3761,-3776,3763,-3775,3767,-3776,3764,-3773,3762,3773,3762,-3772,3761,-3769,-0.49,SJNFAAZE1U0005576,117.71,13.04,9042.8818359375,78,75,0,0,0,0,14.5,99.17,-154541,91,1528022105.605,15360,2,1,0,5,0,0,0,0,4,362.19,362.19,1F,1,1,1,0080,81,40,40,0,0,19,28.00
03/06/2018 11:35:09,54 58.53373,-1 31.10137,301,0,346,684092,1144818,361.54,59.928,3776,3756,3766,20,0,93.8,34.3,88.8,31.6,none,none,81.6,27.6,-3765,3764,-3770,3762,-3772,3766,-3772,3765,-3772,3768,-3773,3769,-3774,3768,-3774,3768,-3775,3768,-3774,3767,-3775,3768,-3775,3769,-3776,3767,-3775,3766,-3774,3769,-3774,3769,-3773,3768,-3773,3771,-3773,3767,-3772,3767,-3772,3767,-3773,3769,-3770,3766,-3768,3763,3762,3756,-3766,3760,-3765,3759,-3766,-3759,-3770,3761,-3769,3759,-3767,3758,-3771,3760,-3773,3762,-3771,3762,-3771,3762,-3769,3762,-3773,3757,-3772,3757,-3772,3758,-3774,3758,-3772,3758,-3770,3759,-3767,3759,-3771,3760,-3765,3759,-3765,3757,-3766,3758,-3765,3757,-0.51,SJNFAAZE1U0005576,117.71,13.04,9042.8818359375,78,75,0,0,0,0,14.5,99.17,-154541,91,1528022109.555,17880,2,1,0,5,0,0,0,0,4,361.74,361.74,1F,1,1,1,0080,81,40,40,0,0,19,23.50
03/06/2018 11:35:13,54 58.53373,-1 31.10137,301,0,346,683598,1144818,361.92,46.653,3778,3761,3770,17,0,93.8,34.3,88.8,31.6,none,none,81.4,27.4,-3768,3767,-3772,3766,-3774,3769,-3773,3769,-3775,3772,-3774,3772,-3775,3772,-3777,3772,-3776,3772,-3775,3771,-3777,3773,-3777,3773,-3778,3772,-3777,3772,-3775,3774,-3776,3773,-3776,3773,-3775,3773,-3774,3772,-3774,3772,-3775,3771,-3775,3772,-3772,3769,-3770,3768,-3765,3761,-3768,3763,-3769,3763,-3769,3764,-3772,3766,-3772,3764,-3769,3764,-3773,3765,-3774,3766,-3773,3766,-3774,3766,-3773,3766,-3776,3762,-3774,3764,-3774,3764,-3775,3763,-3775,3763,-3771,3763,-3770,3765,-3774,3765,-3770,3765,-3768,3763,-3768,3763,-3767,3762,-0.50,SJNFAAZE1U0005576,117.71,13.04,9042.8818359375,78,75,0,0,0,0,14.5,99.17,-154541,91,1528022113.452,11800,2,1,0,5,0,0,0,0,4,362.07,362.07,1F,1,1,1,0080,81,40,40,0,0,19,24.50
03/06/2018 11:35:17,54 58.53373,-1 31.10137,301,0,346,683154,1144818,362.02,44.425,3779,3762,3771,17,0,93.6,34.2,88.8,31.6,none,none,81.4,27.4,-3771,3770,-3773,3768,-3775,3771,-3776,3770,-3776,3771,-3777,3772,-3778,3773,-3779,3773,-3778,3772,-3778,3773,-3779,3772,-3779,3774,-3779,3773,-3779,3773,-3778,3774,-3777,3774,-3777,3774,-3776,3775,-3777,3773,-3777,3772,-3776,3772,-3777,3773,-3773,3770,-3772,3768,-3769,3762,-3769,3764,-3770,3764,-3771,3765,-3774,3766,-3773,3764,-3770,3763,-3775,3766,-3777,3767,-3775,3768,-3776,3767,-3774,3767,-3777,3764,-3775,3765,-3776,3764,-3777,3765,-3776,3764,-3773,3765,-3772,3765,-3775,3767,-3770,3765,-3769,3764,-3770,3764,-3770,3763,-0.52,SJNFAAZE1U0005576,117.71,13.04,9042.8818359375,78,75,0,0,0,0,14.5,99.17,-154541,91,1528022117.393,13240,2,1,0,5,0,0,0,0,4,362.07,362.07,1F,1,1,1,0080,81,40,40,0,0,19,20.25
03/06/2018 11:35:21,54 58.53373,-1 31.10137,301,0,345,682775,1144818,362.30,37.436,3783,3765,3774,18,0,93.6,34.2,88.8,31.6,none,none,81.4,27.4,-3773,3772,-3775,3771,-3778,3774,-3778,3773,-3777,3774,-3779,3776,-3780,3776,-3780,3776,-3780,3776,-3779,3775,-3781,3776,-3781,3777,-3783,3774,-3782,3775,-3779,3777,-3780,3778,-3779,3777,-3779,3778,-3778,3775,-3778,3775,-3779,3774,-3780,3776,-3776,3774,-3775,3772,-3770,3766,-3773,3768,-3773,3767,-3774,3767,-3777,3769,-3777,3768,-3774,3766,-3779,3767,-3780,3770,-3777,3768,-3779,3769,-3777,3770,-3779,3765,-3780,3766,-3779,3766,-3782,3766,-3780,3767,-3776,3768,-3775,3766,-3778,3768,-3774,3767,-3772,3765,-3774,3767,-3773,3766,-0.51,SJNFAAZE1U0005576,117.71,13.04,9042.8818359375,78,75,0,0,0,0,14.5,99.17,-154541,91,1528022121.126,11800,2,0,0,0,0,0,0,0,4,362.33,362.33,1F,1,1,1,0080,81,40,40,0,0,19,15.75
03/06/2018 11:35:25,54 58.53373,-1 31.10137,301,0,345,682434,1144818,362.11,36.918,3782,3760,3772,22,0,93.6,34.2,88.8,31.6,none,none,81.4,27.4,-3766,3778,-3767,3775,-3770,3776,-3773,3775,-3771,3779,-3771,3778,-3772,3780,-3772,3780,-3772,3780,-3772,3779,-3773,3780,-3773,3780,-3774,3782,-3770,3781,3771,-3780,3773,3780,3773,-3778,3773,-3779,3773,-3779,3772,-3777,3772,-3777,3773,3778,3771,-3776,3768,-3773,3763,-3771,3763,-3774,3764,3773,3765,-3771,3767,-3776,3767,-3774,-3761,3775,-3765,3777,-3765,3778,-3765,3775,-3767,3778,-3764,3776,-3766,3778,-3763,3778,-3763,3780,-3764,3779,-3763,3778,-3760,3774,-3763,3774,-3765,3775,-3763,3774,-3762,3772,-3761,3773,-3762,3770,-0.51,SJNFAAZE1U0005576,117.71,13.04,9042.8818359375,78,75,0,0,0,0,14.5,99.17,-154541,91,1528022125.087,11040,2,0,0,0,0,0,0,0,4,362.37,362.37,1F,1,1,1,0080,81,40,40,0,0,19,21.00
03/06/2018 11:35:28,54 58.53373,-1 31.10137,301,0,345,681980,1144818,361.44,53.886,3775,3754,3765,21,0,93.8,34.3,88.8,31.6,none,none,81.6,27.6,3760,3769,3761,-3768,3763,3769,3767,-3768,3765,-3772,3766,-3772,3767,-3774,3767,-3774,3766,-3773,3766,3773,3767,-3773,3767,-3774,3768,-3775,3766,-3774,3765,3772,3768,-3773,3768,-3771,3768,-3772,3767,-3772,3765,-3771,3766,-3770,3768,-3772,3764,-3768,3762,3765,3757,-3764,3756,-3766,3758,-3764,3760,-3764,3761,3767,3760,-3766,3756,-3768,3760,-3769,3760,-3771,3759,-3770,3762,3771,3759,-3770,3762,-3770,3756,-3771,3755,-3772,3757,-3772,3757,-3772,3755,-3769,3757,-3768,3760,3769,3757,-3766,3756,-3765,3756,-3766,3754,-3762,-0.47,SJNFAAZE1U0005576,117.71,13.04,9042.8818359375,78,75,0,0,0,0,14.5,99.17,-154541,91,1528022128.931,15800,2,0,0,0,0,0,0,0,4,361.60,361.60,1F,1,1,1,0080,81,40,40,0,0,19,29.25
03/06/2018 11:35:32,54 58.53373,-1 31.10137,301,0,345,681411,1144818,360.86,69.144,3770,3748,3759,22,0,93.8,34.3,88.8,31.6,none,none,81.4,27.4,3753,-3765,3755,-3762,3757,3764,3762,-3764,3760,-3767,3760,-3767,3761,-3769,3761,-3768,3761,-3768,3760,-3767,3760,-3768,3762,3768,3761,-3770,3759,-3769,3760,-3767,3762,-3768,3762,3766,3761,-3767,3762,-3766,3759,-3766,3760,-3765,3761,-3767,3758,-3763,3757,-3759,3750,-3757,3750,3761,3751,-3758,3752,-3758,3756,-3762,3754,-3759,3748,-3763,3752,3764,3754,-3766,3753,-3765,3755,-3764,3752,-3765,3756,3764,3750,-3765,3749,-3766,3751,-3766,3752,-3766,3749,-3763,3750,-3762,3752,-3764,3750,-3761,3749,3759,3749,-3760,3749,-3756,-0.54,SJNFAAZE1U0005576,117.71,13.04,9042.8818359375,78,75,0,0,0,0,14.5,99.17,-154541,91,1528022132.711,18920,2,1,0,4,0,0,0,0,4,360.96,360.96,1F,1,1,1,0080,81,40,40,0,0,19,34.50
03/06/2018 11:35:36,54 58.53373,-1 31.10137,301,0,344,680712,1144818,360.00,83.121,3761,3739,3750,22,0,93.8,34.3,88.8,31.6,none,none,81.4,27.4,3744,-3756,3745,-3753,3749,3756,3753,-3755,3750,3758,3751,-3757,3752,-3760,3750,-3759,3751,-3761,3751,-3759,3752,-3759,3752,-3759,3752,-3760,3750,3761,3751,-3759,3752,-3759,3752,-3758,3752,-3757,3753,3757,3750,-3757,3751,-3756,3752,-3758,3748,-3754,3746,-3750,3740,-3748,3740,-3751,3741,-3749,3743,3748,3747,-3753,3744,-3750,3739,-3754,3744,-3756,3746,-3757,3743,3755,3746,-3757,3742,-3755,3748,-3755,3741,-3757,3740,3759,3743,-3757,3742,-3757,3739,-3755,3741,-3753,3744,-3755,3741,-3752,3739,-3750,3740,-3750,3739,3748,-0.52,SJNFAAZE1U0005576,117.71,13.04,9042.8818359375,78,75,0,0,0,0,14.5,99.17,-154541,91,1528022136.606,23760,2,1,0,4,0,0,0,0,4,360.15,360.15,1F,1,1,1,0080,81,40,40,0,0,19,40.25
03/06/2018 11:35:40,54 58.53373,-1 31.10137,301,0,344,680018,1144818,360.67,64.872,3765,3748,3757,17,0,93.8,34.3,88.8,31.6,none,none,81.6,27.6,3753,-3761,3754,3759,3756,3761,3760,-3761,3757,-3763,3757,-3763,3759,3765,3758,-3764,3760,-3765,3759,-3764,3760,-3764,3760,-3765,3760,-3765,3758,-3765,3758,-3764,3761,3764,3760,-3763,3761,-3765,3761,-3764,3758,-3763,3758,3762,3760,-3763,3756,-3760,3755,-3757,3749,-3755,3748,-3758,3751,-3756,3752,-3755,3755,-3759,3752,-3757,3749,-3759,3752,-3761,3753,-3763,3752,-3762,3753,-3762,3751,3760,3755,-3761,3749,-3762,3750,-3762,3752,-3762,3752,3762,3748,-3759,3750,-3760,3753,-3762,3750,-3758,3749,-3757,3749,-3758,3748,-3755,-0.52,SJNFAAZE1U0005576,117.71,13.04,9042.8818359375,78,75,0,0,0,0,14.5,99.17,-154541,91,1528022140.340,19840,2,1,0,4,0,0,0,0,4,360.51,360.51,1F,1,1,1,0080,81,40,40,0,0,19,22.25
03/06/2018 11:35:44,54 58.53373,-1 31.10137,301,0,344,679577,1144818,361.44,32.493,3774,3756,3765,18,0,93.8,34.3,88.8,31.6,none,none,81.6,27.6,-3765,3761,-3767,3760,-3769,3764,-3770,3763,-3769,3765,-3770,3766,-3772,3766,-3772,3766,-3771,3766,-3772,3765,-3773,3766,-3773,3768,-3774,3765,-3773,3765,-3771,3767,-3771,3767,-3772,3767,-3771,3768,-3770,3765,-3770,3765,-3770,3765,-3771,3765,-3768,3764,-3766,3761,-3763,3756,-3763,3758,-3764,3759,-3765,3759,-3768,3759,-3768,3757,-3765,3757,-3770,3758,-3770,3760,-3769,3759,-3770,3760,-3768,3760,-3771,3756,-3770,3756,-3768,3757,-3772,3756,-3771,3757,-3768,3757,-3766,3758,-3770,3759,-3766,3759,-3764,3756,-3764,3756,-3765,3757,-0.48,SJNFAAZE1U0005576,117.71,13.04,9042.8818359375,78,75,0,0,0,0,14.5,99.17,-154541,91,1528022144.018,11200,2,1,0,5,0,0,0,0,4,361.71,361.71,1F,1,1,1,0080,81,40,40,0,0,19,21.75
03/06/2018 11:35:47,54 58.53373,-1 31.10137,301,0,344,679261,1144818,361.73,32.676,3776,3759,3768,17,0,93.8,34.3,88.8,31.6,none,none,81.6,27.6,-3769,3765,-3770,3763,-3773,3768,-3773,3767,-3773,3769,-3773,3770,-3774,3770,-3776,3769,-3774,3768,-3775,3769,-3775,3770,-3776,3770,-3776,3769,-3776,3768,-3774,3771,-3774,3771,-3774,3769,-3772,3771,-3773,3769,-3773,3768,-3774,3767,-3774,3770,-3770,3766,-3769,3764,-3765,3759,-3767,3762,-3769,3761,-3769,3761,-3771,3762,-3772,3761,-3768,3761,-3773,3761,-3773,3764,-3772,3763,-3773,3763,-3772,3764,-3774,3759,-3773,3760,-3773,3760,-3774,3760,-3773,3760,-3771,3761,-3770,3762,-3772,3762,-3768,3763,-3767,3759,-3768,3760,-3768,3759,-0.50,SJNFAAZE1U0005576,117.71,13.04,9042.8818359375,78,75,0,0,0,0,14.5,99.17,-154541,91,1528022147.772,8720,2,1,0,5,0,0,0,0,4,361.83,361.83,1F,1,1,1,0080,81,40,40,0,0,19,13.75
03/06/2018 11:35:51,54 58.53373,-1 31.10137,301,0,343,679039,1144818,362.59,14.945,3784,3767,3777,17,0,93.8,34.3,89.0,31.7,none,none,81.6,27.6,-3777,3774,-3780,3773,-3781,3776,-3782,3775,-3781,3777,-3783,3778,-3781,3777,-3783,3776,-3782,3778,-3782,3777,-3784,3778,-3783,3780,-3784,3777,-3784,3776,-3782,3779,-3782,3778,-3782,3779,-3782,3779,-3782,3776,-3782,3777,-3782,3777,-3783,3779,-3780,3775,-3779,3774,-3775,3769,-3777,3770,-3778,3772,-3778,3771,-3780,3772,-3780,3771,-3778,3769,-3783,3770,-3783,3773,-3781,3771,-3782,3772,-3781,3773,-3780,3767,-3782,3769,-3782,3769,-3784,3769,-3783,3769,-3779,3770,-3779,3770,-3780,3771,-3778,3772,-3777,3768,-3778,3769,-3778,3769,-0.51,SJNFAAZE1U0005576,117.71,13.04,9042.8818359375,78,75,0,0,0,0,14.5,99.17,-154541,91,1528022151.267,4720,2,1,0,5,0,0,0,0,4,362.52,362.52,1F,1,1,1,0080,81,40,40,0,0,19,1.50
03/06/2018 11:35:55,54 58.53373,-1 31.10137,301,0,343,678932,1144818,362.30,28.251,3781,3765,3774,16,0,93.8,34.3,88.8,31.6,none,none,81.6,27.6,-3774,3773,-3776,3771,-3778,3773,-3778,3773,-3778,3775,-3778,3776,-3779,3776,-3780,3776,-3781,3775,-3780,3775,-3779,3777,-3780,3776,-3781,3777,-3781,3775,-3779,3776,-3779,3777,-3780,3776,-3779,3777,-3779,3776,-3778,3776,-3778,3774,-3779,3776,-3776,3773,-3775,3770,-3772,3766,-3773,3768,-3775,3769,-3774,3768,-3778,3769,-3777,3768,-3773,3768,-3780,3768,-3779,3770,-3777,3771,-3779,3771,-3778,3770,-3780,3767,-3778,3767,-3779,3767,-3780,3769,-3780,3767,-3775,3768,-3776,3768,-3778,3770,-3774,3769,-3772,3767,-3774,3768,-3773,3765,-0.47,SJNFAAZE1U0005576,117.71,13.04,9042.8818359375,78,75,0,0,0,0,14.5,99.17,-154541,91,1528022155.282,5880,2,1,0,5,0,0,0,0,4,362.31,362.31,1F,1,1,1,0080,82,40,40,0,0,19,15.75
03/06/2018 11:35:59,54 58.53373,-1 31.10137,301,0,343,678544,1144818,361.06,55.778,3771,3749,3761,22,0,93.8,34.3,88.8,31.6,none,none,81.4,27.4,3756,-3766,3756,-3765,3759,3766,3763,-3765,3761,-3768,3761,-3769,3762,-3770,3761,-3771,3761,-3770,3762,-3769,3762,-3769,3762,3770,3763,-3771,3761,-3770,-3762,3769,-3763,3770,-3763,3768,-3763,3768,-3763,3769,-3761,3768,-3761,3767,-3762,3767,-3759,3765,-3757,3761,-3752,3760,-3751,3762,-3753,3761,-3755,3760,-3757,3764,-3755,3762,-3751,3764,-3754,3767,-3756,3768,-3754,3766,-3756,3766,-3754,3765,-3758,3766,-3752,3766,3752,-3768,3753,3767,3753,-3767,3749,-3765,3752,-3764,3755,-3765,3753,-3762,3752,3760,3751,-3763,3750,-3759,-0.46,SJNFAAZE1U0005576,117.71,13.04,9044.4912109375,78,75,0,0,0,0,14.5,99.17,-154541,91,1528022159.122,15120,2,1,0,5,0,0,0,0,4,361.29,361.29,1F,1,1,1,0080,81,40,40,0,0,19,30.75
03/06/2018 11:36:02,54 58.53373,-1 31.10137,301,0,343,677904,1144818,359.90,85.593,3759,3737,3749,22,0,93.8,34.3,89.0,31.7,none,none,81.6,27.6,3743,-3754,3744,-3752,3747,3754,3751,-3753,3750,3756,3750,-3757,3750,-3759,3749,-3759,3749,-3757,3750,-3757,3751,-3757,3751,-3758,3750,-3759,3749,3759,3749,-3756,3751,-3757,3750,-3755,3751,-3757,3750,-3757,3749,3755,3749,-3754,3751,-3757,3747,-3753,3744,-3750,3739,3747,3738,-3749,3740,-3746,3741,-3747,3745,-3751,3744,-3749,3738,-3751,3742,-3754,3744,-3756,3744,3754,3744,-3755,3742,-3754,3746,-3753,3739,-3755,3740,3756,3741,-3755,3741,-3756,3737,-3753,3740,-3751,3742,-3753,3739,-3750,3738,-3748,3738,-3749,3738,3746,-0.51,SJNFAAZE1U0005576,117.71,13.04,9044.4912109375,78,75,0,0,0,0,14.5,99.17,-154541,91,1528022162.783,22960,2,1,0,5,0,0,0,0,4,359.93,359.93,1F,1,1,1,0080,81,40,40,0,0,19,41.75
03/06/2018 11:36:06,54 58.53373,-1 31.10137,301,0,343,677143,1144818,359.52,83.091,3755,3734,3745,21,0,93.8,34.3,89.0,31.7,none,none,81.6,27.6,3738,-3750,3742,3748,3743,3751,3747,-3750,3745,-3753,3746,-3754,3746,3754,3746,-3754,3746,-3755,3747,-3754,3747,-3755,3748,-3754,3748,3755,3745,-3755,3746,-3754,3747,-3753,3746,-3752,3747,-3753,3747,-3753,3746,-3753,3747,-3752,3747,3753,3743,-3749,3742,-3746,3734,-3744,3735,-3746,3738,3744,3738,-3744,3740,-3748,3739,-3745,3734,-3748,3738,-3751,3740,-3753,3739,-3750,3742,-3751,3739,3750,3742,-3750,3735,-3752,3736,-3752,3737,-3752,3737,3751,3734,-3750,3736,-3749,3739,-3749,3735,-3746,3734,-3745,3735,-3746,3735,-3744,-0.51,SJNFAAZE1U0005576,117.71,13.04,9044.4912109375,78,75,0,0,0,0,14.5,99.17,-154541,91,1528022166.571,24040,2,1,0,5,0,0,0,0,4,359.70,359.70,1F,1,1,1,0080,82,40,40,0,0,19,40.50
03/06/2018 11:36:10,54 58.53373,-1 31.10137,301,0,342,676394,1144818,359.42,83.152,3754,3732,3744,22,0,93.8,34.3,88.8,31.6,none,none,81.6,27.6,3737,-3748,3740,-3747,3742,3748,3746,3748,3744,-3751,3745,-3752,3745,-3754,3745,-3753,3745,3753,3745,-3753,3745,-3753,3746,-3754,3745,-3753,3744,-3753,3745,3752,3746,-3752,3746,-3752,3747,-3752,3746,-3752,3744,-3751,3744,-3749,3745,-3752,3741,-3749,3740,3744,3733,-3742,3734,-3744,3735,-3742,3736,-3742,3740,3746,3738,-3743,3733,-3747,3738,-3750,3739,-3750,3737,-3749,3739,-3749,3737,-3749,3743,-3750,3734,3750,3735,-3751,3736,-3750,3735,-3751,3732,-3748,3734,3747,3738,-3748,3734,-3744,3732,-3743,3733,-3744,3733,-3741,-0.52,SJNFAAZE1U0005576,117.71,13.04,9044.4912109375,78,75,0,0,0,0,14.5,99.17,-154541,91,1528022170.439,23320,2,1,0,5,0,0,0,0,4,359.46,359.46,1F,1,1,1,0080,81,40,40,0,0,19,39.00
03/06/2018 11:36:14,54 58.53373,-1 31.10137,301,0,342,675646,1144818,359.14,84.952,3751,3730,3741,21,0,93.8,34.3,88.8,31.6,none,none,81.6,27.6,3735,-3744,3737,-3744,3740,3744,3743,-3745,3742,-3747,3742,3749,3742,-3751,3743,-3749,3742,-3749,3743,-3749,3744,-3750,3743,3751,3745,-3750,3742,-3750,3742,-3748,3745,-3749,3743,3748,3745,-3748,3743,-3747,3742,-3748,3743,-3746,3743,-3748,3740,-3744,3738,-3741,3732,-3738,3730,3740,3733,-3738,3734,-3738,3739,-3743,3736,-3741,3732,3743,3736,-3745,3737,-3745,3736,-3745,3739,-3746,3736,-3745,3741,-3744,3733,-3746,3732,-3747,3736,3745,3735,-3746,3730,-3743,3733,-3744,3737,-3745,3733,3741,3732,-3740,3731,-3740,3731,-3737,-0.50,SJNFAAZE1U0005576,117.71,13.04,9044.4912109375,78,75,0,0,0,0,14.5,99.17,-154541,91,1528022174.227,23240,2,1,0,5,0,0,0,0,4,359.17,359.17,1F,1,1,1,0080,82,40,40,0,0,19,39.25
03/06/2018 11:36:18,54 58.53373,-1 31.10137,301,0,341,674961,1144818,359.71,63.132,3757,3737,3747,20,0,93.8,34.3,89.0,31.7,none,none,81.6,27.6,-3747,3744,-3750,3743,-3751,3748,-3752,3747,-3752,3749,-3753,3751,-3754,3750,-3754,3749,-3754,3750,-3754,3748,-3757,3750,-3756,3751,-3755,3748,-3755,3749,-3754,3750,-3754,3751,-3755,3749,-3753,3752,-3754,3749,-3753,3750,-3753,3748,-3752,3750,-3750,3746,-3749,3744,-3743,3737,-3745,3741,-3746,3740,-3747,3742,-3751,3742,-3749,3740,-3747,3740,-3752,3742,-3753,3743,-3752,3743,-3753,3743,-3751,3744,-3755,3738,-3751,3739,-3753,3740,-3756,3740,-3754,3741,-3749,3740,-3748,3741,-3751,3742,-3747,3740,-3746,3739,-3746,3739,-3746,3739,-0.53,SJNFAAZE1U0005576,117.71,13.04,9044.4912109375,78,75,0,0,0,0,14.5,99.17,-154541,91,1528022178.109,19720,2,0,0,0,0,0,0,0,4,359.77,359.77,1F,1,1,1,0080,82,40,40,0,0,19,25.75
03/06/2018 11:36:22,54 58.53373,-1 31.10137,301,0,341,674513,1144818,360.96,35.697,3768,3751,3760,17,0,94.0,34.4,89.0,31.7,none,none,81.6,27.6,-3760,3757,-3762,3756,-3765,3759,-3765,3759,-3764,3760,-3765,3761,-3767,3761,-3767,3760,-3766,3761,-3767,3760,-3768,3760,-3768,3763,-3768,3761,-3768,3760,-3766,3762,-3766,3763,-3766,3762,-3766,3763,-3765,3762,-3765,3761,-3765,3760,-3765,3762,-3762,3758,-3762,3757,-3757,3751,-3758,3753,-3760,3753,-3759,3753,-3764,3755,-3763,3752,-3760,3752,-3764,3754,-3766,3755,-3764,3755,-3765,3755,-3763,3756,-3764,3751,-3765,3752,-3764,3752,-3766,3751,-3766,3753,-3763,3752,-3761,3752,-3764,3753,-3760,3753,-3759,3751,-3760,3752,-3759,3751,-0.47,SJNFAAZE1U0005576,117.71,13.04,9044.4912109375,78,75,0,0,0,0,14.5,99.17,-154541,91,1528022182.030,10640,2,0,0,0,0,0,0,0,4,360.79,360.79,1F,1,1,1,0080,82,40,40,0,0,19,14.25
03/06/2018 11:36:26,54 58.53373,-1 31.10137,301,0,341,674138,1144818,360.10,58.829,3759,3742,3751,17,0,93.8,34.3,89.0,31.7,none,none,81.6,27.6,-3750,3748,-3753,3746,-3754,3750,-3755,3750,-3755,3753,-3756,3752,-3757,3754,-3758,3752,-3758,3753,-3758,3751,-3757,3753,-3759,3755,-3759,3753,-3758,3751,-3756,3754,-3758,3754,-3757,3754,-3756,3754,-3757,3752,-3757,3753,-3756,3752,-3757,3753,-3753,3749,-3751,3748,-3747,3742,-3748,3744,-3750,3744,-3750,3743,-3755,3745,-3752,3743,-3751,3743,-3756,3745,-3757,3745,-3754,3746,-3756,3747,-3753,3745,-3759,3743,-3756,3743,-3756,3743,-3758,3743,-3756,3744,-3753,3744,-3753,3744,-3755,3746,-3750,3744,-3749,3742,-3751,3743,-3748,3742,-0.46,SJNFAAZE1U0005576,117.71,13.04,9044.4912109375,78,75,0,0,0,0,14.5,99.17,-154541,91,1528022186.039,14280,2,0,0,0,0,0,0,0,4,360.26,360.26,1F,1,1,1,0080,82,40,40,0,0,19,32.75
03/06/2018 11:36:29,54 58.53373,-1 31.10137,301,0,341,673464,1144818,359.23,76.926,3751,3732,3742,19,0,94.0,34.4,89.0,31.7,none,none,81.6,27.6,-3740,3738,-3744,3739,-3745,3742,-3748,3742,-3747,3744,-3747,3745,-3748,3744,-3750,3743,-3749,3744,-3749,3743,-3749,3744,-3751,3745,-3750,3743,-3749,3744,-3747,3745,-3748,3745,-3747,3744,-3747,3745,-3747,3743,-3747,3743,-3747,3742,-3746,3744,-3744,3741,-3744,3739,-3736,3732,-3738,3735,-3739,3734,-3741,3735,-3745,3737,-3744,3734,-3740,3734,-3747,3737,-3748,3737,-3746,3737,-3747,3737,-3745,3737,-3749,3732,-3746,3733,-3746,3734,-3749,3734,-3748,3735,-3744,3734,-3743,3735,-3746,3735,-3741,3734,-3739,3733,-3739,3734,-3740,3733,-0.52,SJNFAAZE1U0005576,117.71,13.04,9044.4912109375,78,75,0,0,0,0,14.5,99.17,-154541,91,1528022189.869,22360,2,1,0,4,0,0,0,0,4,359.36,359.36,1F,1,1,1,0080,82,40,40,0,0,19,43.75
03/06/2018 11:36:33,54 58.53373,-1 31.10137,301,0,340,672646,1144818,358.56,90.574,3745,3724,3735,21,0,94.0,34.4,89.0,31.7,none,none,81.8,27.7,3729,-3739,3730,3738,3733,3739,3737,-3739,3733,-3743,3736,-3742,3737,3744,3737,-3745,3737,-3743,3736,-3744,3737,-3745,3736,-3744,-3738,3745,3736,-3744,3736,-3742,3737,3743,3737,-3742,3737,-3743,3738,-3743,3736,-3742,3736,-3740,3737,3742,3733,-3737,3731,-3734,3726,-3732,3725,-3734,3727,3733,3728,-3732,3733,-3737,3729,-3733,3724,-3737,3730,-3739,3731,-3739,3729,-3741,3732,-3740,3730,3739,3736,-3739,3725,-3740,3728,-3741,3729,-3740,3728,3739,3724,-3738,3728,-3737,3731,-3740,3726,-3735,3726,-3734,3726,-3735,3725,-3730,-0.54,SJNFAAZE1U0005576,117.71,13.04,9044.4912109375,78,75,0,0,0,0,14.5,99.17,-154541,91,1528022193.748,26320,2,1,0,4,0,0,0,0,4,358.58,358.58,1F,1,1,1,0080,82,40,40,0,0,19,43.75
03/06/2018 11:36:37,54 58.53373,-1 31.10137,301,0,340,671828,1144818,358.75,83.304,3747,3727,3737,20,0,94.2,34.6,89.2,31.8,none,none,81.8,27.7,3731,-3741,3732,-3740,3735,3742,3739,3742,3737,-3746,3738,-3745,3739,-3747,3738,-3746,3740,3747,3739,-3746,3740,-3746,3740,-3747,3739,-3747,3737,-3745,3738,-3745,3740,-3745,3740,-3743,3740,-3745,3739,-3745,3738,-3744,3739,-3743,3738,-3745,3735,-3741,3733,3737,3728,-3735,3727,-3737,3729,-3736,3731,-3736,3734,3739,3732,-3737,3727,-3739,3732,-3742,3732,-3744,3732,-3741,3735,-3743,3732,-3742,3736,-3741,3729,3742,3729,-3744,3732,-3742,3731,-3743,3727,-3741,3730,3739,3733,-3740,3730,-3739,3728,-3737,3728,-3737,3727,-3734,-0.52,SJNFAAZE1U0005576,117.71,13.04,9044.4912109375,78,75,0,0,0,0,14.5,99.17,-154541,91,1528022197.628,23080,2,1,0,4,0,0,0,0,4,358.56,358.56,1F,1,1,1,0080,82,40,40,0,0,19,29.75
03/06/2018 11:36:41,54 58.53373,-1 31.10137,301,0,340,671260,1144818,359.90,43.845,3759,3738,3749,21,0,94.0,34.4,89.2,31.8,none,none,81.8,27.7,3744,-3754,3745,-3753,3747,3754,3751,-3752,3748,-3757,3749,3757,3750,-3759,3749,-3759,3749,-3758,3749,-3757,3750,3758,3750,-3758,3750,-3759,3749,-3759,3749,-3757,3751,-3756,3750,3755,3751,-3757,3750,-3756,3749,-3755,3750,-3755,3751,-3756,3747,-3753,3746,-3750,3741,-3749,3740,3751,3742,-3749,3742,-3749,3746,-3752,3745,-3750,3739,3753,3744,-3754,3744,-3756,3743,-3754,3747,-3756,3743,-3753,3745,-3755,3740,-3755,3741,-3756,3743,3756,3742,-3756,3738,-3752,3740,-3753,3744,-3754,3741,3751,3741,-3749,3741,-3751,3739,-3747,-0.50,SJNFAAZE1U0005576,117.71,13.04,9044.4912109375,78,75,0,0,0,0,14.5,99.17,-154541,91,1528022201.405,14760,2,1,0,4,0,0,0,0,4,359.93,359.93,1F,1,1,1,0080,82,40,40,0,0,19,16.25
03/06/2018 11:36:45,54 58.53373,-1 31.10137,301,0,339,670976,1144818,361.15,20.286,3771,3753,3762,18,0,94.0,34.4,89.2,31.8,none,none,81.6,27.6,3757,-3766,3758,-3765,3759,3764,3765,-3765,3761,-3768,3762,-3768,3762,-3770,3762,3769,3762,-3769,3762,-3768,3764,-3768,3764,-3770,3764,-3771,3761,-3770,3762,-3768,3763,-3768,3765,-3768,3765,-3768,3763,3768,3763,-3767,3763,-3766,3763,-3768,3761,-3765,3760,-3762,3753,-3761,3754,-3763,3756,-3763,3756,3761,3758,-3766,3757,-3763,3754,-3766,3755,-3767,3756,3769,3757,-3766,3757,-3767,3755,-3766,3757,-3767,3753,-3767,3753,-3770,3755,-3769,3754,-3768,3753,3765,3754,-3767,3756,-3765,3754,-3765,3754,-3763,3753,3763,3753,-3760,-0.50,SJNFAAZE1U0005576,117.71,13.04,9044.4912109375,78,75,0,0,0,0,14.5,99.17,-154541,91,1528022205.216,6560,2,1,0,4,0,0,0,0,4,360.90,360.90,1F,1,1,1,0080,82,40,40,0,0,19,1.75
03/06/2018 11:36:49,54 58.53373,-1 31.10137,301,0,339,670934,1144818,362.21,-3.241,3780,3763,3773,17,0,94.0,34.4,89.0,31.7,none,none,81.8,27.7,3773,3770,3776,-3769,-3778,3772,-3776,-3771,-3777,3773,-3776,3774,-3778,3773,-3780,3773,-3779,3773,-3779,3773,3780,3772,-3780,3775,3780,-3773,3780,-3772,3779,-3775,3778,3775,3779,-3773,3779,-3775,3778,-3773,3777,-3772,3777,3772,3778,-3774,3775,-3771,3774,-3769,3772,-3766,3773,-3767,3774,-3766,3775,-3766,3776,-3768,3777,3766,3776,-3765,3778,-3767,3780,-3769,3777,-3767,3778,3766,3777,-3768,3777,-3763,3779,-3765,3778,-3764,3779,-3764,3779,-3765,3776,-3764,3775,-3765,3777,3766,3775,-3766,3773,-3764,3773,-3766,3773,-3764,-0.52,SJNFAAZE1U0005576,117.71,13.04,9044.4912109375,78,75,0,0,0,0,14.5,99.17,-154541,91,1528022209.007,0,2,1,0,5,0,0,0,0,4,362.07,362.07,1F,1,1,1,0080,82,40,40,0,0,19,-4.75
03/06/2018 11:36:52,54 58.53373,-1 31.10137,301,0,339,670948,1144818,362.02,4.538,3778,3763,3771,15,0,94.0,34.4,89.2,31.8,none,none,81.8,27.7,-3772,3770,-3773,3768,-3776,3770,-3775,3770,-3774,3772,-3774,3772,-3777,3772,-3777,3771,-3776,3774,-3776,3772,-3777,3772,-3777,3773,-3778,3773,-3778,3771,-3776,3774,-3776,3774,-3777,3773,-3775,3774,-3776,3772,-3775,3771,-3775,3773,-3776,3773,-3774,3770,-3773,3769,-3769,3763,-3771,3766,-3770,3766,-3772,3765,-3773,3767,-3774,3765,-3772,3765,-3775,3766,-3776,3769,-3773,3765,-3777,3767,-3775,3768,-3775,3764,-3775,3764,-3774,3764,-3777,3765,-3776,3764,-3772,3763,-3772,3765,-3774,3765,-3772,3767,-3770,3763,-3771,3765,-3770,3764,-0.48,SJNFAAZE1U0005576,117.71,13.04,9044.4912109375,78,75,0,0,0,0,14.5,99.17,-154542,91,1528022212.768,1120,2,1,0,5,0,0,0,0,4,362.18,362.18,1F,1,1,1,0080,82,40,40,0,0,19,4.75
03/06/2018 11:36:56,54 58.53373,-1 31.10137,301,0,339,670806,1144818,361.82,20.560,3776,3761,3769,15,0,94.0,34.4,89.2,31.8,none,none,81.8,27.7,-3769,3766,-3770,3766,-3772,3769,-3772,3768,-3773,3770,-3771,3771,-3773,3771,-3775,3770,-3774,3770,-3773,3770,-3774,3770,-3775,3771,-3776,3771,-3775,3770,-3773,3771,-3773,3771,-3774,3770,-3773,3772,-3773,3771,-3773,3769,-3773,3769,-3773,3772,-3770,3768,-3769,3766,-3766,3762,-3767,3764,-3769,3764,-3770,3763,-3772,3766,-3771,3763,-3770,3762,-3773,3765,-3773,3765,-3771,3764,-3773,3765,-3771,3765,-3774,3761,-3773,3763,-3773,3762,-3775,3763,-3772,3764,-3770,3763,-3769,3763,-3772,3763,-3769,3764,-3768,3761,-3768,3762,-3768,3762,-0.47,SJNFAAZE1U0005576,117.71,13.04,9044.4912109375,78,75,0,0,0,0,14.5,99.17,-154542,91,1528022216.610,5400,2,1,0,5,0,0,0,0,4,361.74,361.74,1F,1,1,1,0080,82,40,40,0,0,19,9.25
03/06/2018 11:37:00,54 58.53373,-1 31.10137,301,0,339,670580,1144818,361.34,30.509,3772,3755,3764,17,0,94.2,34.6,89.2,31.8,none,none,81.8,27.7,-3766,3761,-3766,3761,-3768,3763,-3768,3763,-3769,3764,-3769,3765,-3771,3764,-3771,3765,-3770,3765,-3770,3764,-3771,3765,-3771,3767,-3771,3764,-3772,3763,-3770,3766,-3770,3766,-3769,3766,-3769,3767,-3769,3764,-3769,3764,-3769,3764,-3770,3765,-3765,3762,-3766,3761,-3762,3756,-3763,3757,-3764,3758,-3764,3757,-3767,3759,-3767,3757,-3764,3757,-3770,3759,-3770,3760,-3768,3759,-3770,3760,-3769,3759,-3770,3755,-3770,3756,-3770,3757,-3771,3756,-3770,3757,-3766,3757,-3767,3757,-3769,3758,-3764,3758,-3763,3755,-3765,3756,-3764,3755,-0.50,SJNFAAZE1U0005576,117.71,13.04,9044.4912109375,78,75,0,0,0,0,14.5,99.17,-154542,91,1528022220.558,8000,2,1,0,5,0,0,0,0,4,361.43,361.43,1F,1,1,1,0080,82,40,40,0,0,19,14.75
03/06/2018 11:37:04,54 58.53373,-1 31.10137,301,0,339,670253,1144818,360.96,39.146,3769,3752,3760,17,0,94.2,34.6,89.2,31.8,none,none,81.8,27.7,-3760,3758,-3762,3757,-3764,3760,-3764,3759,-3765,3761,-3765,3762,-3767,3762,-3768,3762,-3767,3762,-3766,3762,-3767,3763,-3768,3763,-3767,3762,-3769,3762,-3767,3763,-3766,3764,-3767,3761,-3766,3763,-3766,3762,-3764,3761,-3765,3761,-3765,3763,-3764,3760,-3762,3758,-3758,3753,-3759,3754,-3760,3755,-3760,3754,-3764,3756,-3763,3754,-3761,3754,-3765,3754,-3766,3756,-3763,3756,-3765,3757,-3764,3758,-3767,3753,-3764,3753,-3765,3754,-3766,3756,-3764,3754,-3763,3754,-3761,3754,-3764,3756,-3760,3756,-3758,3754,-3761,3753,-3758,3752,-0.45,SJNFAAZE1U0005576,117.71,13.04,9046.1005859375,78,75,0,0,0,0,14.5,99.17,-154542,91,1528022224.282,11440,2,1,0,5,0,0,0,0,4,361.05,361.05,1F,1,1,1,0080,82,40,40,0,0,19,21.50
03/06/2018 11:37:07,54 58.53373,-1 31.10137,301,0,339,669846,1144818,360.58,48.453,3765,3745,3756,20,0,94.0,34.4,89.2,31.8,none,none,81.8,27.7,3750,-3760,3751,-3759,3753,3759,3757,-3758,3755,-3763,3755,3763,3756,-3765,3755,-3765,3755,-3764,3756,-3763,3757,-3764,3758,3764,3757,-3765,3754,-3764,3756,-3763,3757,-3763,3757,3761,3758,-3762,3756,-3762,3755,-3761,3756,-3760,3757,-3762,3753,-3759,3752,-3756,3747,-3754,3746,3756,3748,-3755,3749,-3755,3752,-3759,3750,-3756,3747,3759,3750,-3761,3750,-3762,3749,-3761,3751,-3761,3750,-3760,3752,-3760,3747,-3762,3747,-3763,3749,3762,3747,-3763,3746,-3759,3745,-3759,3750,-3761,3748,3757,3746,-3756,3746,-3757,3746,-3753,-0.49,SJNFAAZE1U0005576,117.71,13.04,9046.1005859375,78,75,0,0,0,0,14.5,99.17,-154542,91,1528022227.947,14040,2,1,0,5,0,0,0,0,4,360.60,360.60,1F,1,1,1,0080,82,40,40,0,0,19,21.00
03/06/2018 11:37:11,54 58.53373,-1 31.10137,301,0,339,669439,1144818,360.67,45.188,3765,3746,3757,19,0,94.2,34.6,89.2,31.8,none,none,81.8,27.7,3751,-3761,3752,-3759,3755,3760,3759,-3760,3756,3762,3757,-3764,3757,-3765,3757,-3765,3758,-3764,3757,-3765,3758,-3765,3758,-3763,3759,-3765,3757,3765,3757,-3764,3759,-3763,3759,-3763,3760,-3763,3758,3763,3756,-3762,3757,-3762,3759,-3762,3755,-3759,3754,-3757,3748,-3755,3749,-3758,3749,-3757,3751,3755,3752,-3759,3752,-3757,3747,-3760,3751,-3762,3752,3763,3750,-3760,3752,-3762,3751,-3762,3752,-3763,3748,-3762,3747,-3764,3750,-3763,3750,-3763,3746,3761,3748,-3759,3751,-3760,3749,-3759,3748,-3756,3747,3758,3747,-3754,-0.50,SJNFAAZE1U0005576,117.71,13.04,9046.1005859375,78,75,0,0,0,0,14.5,99.17,-154542,91,1528022231.743,13000,2,1,0,5,0,0,0,0,4,360.63,360.63,1F,1,1,1,0080,82,40,40,0,0,19,21.50
03/06/2018 11:37:15,54 58.53373,-1 31.10137,301,0,338,669077,1144818,360.67,40.580,3767,3747,3757,20,0,94.2,34.6,89.2,31.8,none,none,81.8,27.7,3752,-3761,3752,3760,3756,3761,3759,-3760,3756,-3763,3757,-3763,3757,3765,3758,-3764,3758,-3765,3757,-3764,3758,-3765,3758,-3766,3759,-3767,3756,-3765,3758,-3763,3759,3764,3759,-3763,3758,-3764,3758,-3764,3757,-3763,3758,3761,3758,-3763,3755,-3760,3753,-3758,3749,-3757,3749,-3758,3750,-3756,3751,-3756,3753,-3759,3752,3757,3749,-3762,3751,-3762,3752,-3763,3751,-3762,3753,3763,3750,-3762,3754,-3762,3748,-3762,3748,-3764,3751,-3764,3749,-3763,3747,-3761,3748,-3760,3752,3762,3749,-3759,3747,-3757,3747,-3757,3748,-3754,-0.50,SJNFAAZE1U0005576,117.71,13.04,9046.1005859375,78,75,0,0,0,0,14.5,99.17,-154542,92,1528022235.275,12240,2,0,0,0,0,0,0,0,4,360.76,360.76,1F,1,1,1,0080,82,40,40,0,0,19,21.25
03/06/2018 11:37:19,54 58.53373,-1 31.10137,301,0,338,668700,1144818,360.77,39.420,3767,3747,3758,20,0,94.0,34.4,89.2,31.8,none,none,81.8,27.7,3754,-3763,3754,-3761,3756,3761,3760,3761,3758,-3764,3758,-3764,3759,-3766,3759,-3766,3758,3764,3758,-3764,3759,-3766,3759,-3765,3760,-3767,3758,-3766,3758,-3764,3759,-3766,3760,-3763,3759,3765,3760,-3763,3758,-3764,3758,-3762,3758,-3764,3756,3761,3754,-3758,3749,-3757,3749,-3760,3751,-3757,3752,-3758,3756,-3761,3752,-3759,3750,-3762,3752,3764,3753,-3764,3753,-3764,3754,-3763,3750,-3762,3756,3764,3749,-3764,3750,-3764,3751,-3764,3751,-3764,3747,-3762,3750,3762,3751,-3764,3749,-3760,3748,-3758,3749,-3759,3747,-3755,-0.50,SJNFAAZE1U0005576,117.71,13.04,9046.1005859375,78,75,0,0,0,0,14.5,99.17,-154542,92,1528022239.017,12320,2,0,0,0,0,0,0,0,4,360.74,360.74,1F,1,1,1,0080,82,40,40,0,0,19,16.25
03/06/2018 11:37:22,54 58.53373,-1 31.10137,301,0,338,668381,1144818,361.06,29.227,3768,3752,3761,16,0,94.0,34.4,89.2,31.8,none,none,81.8,27.7,3759,-3759,3762,-3758,3765,3761,3764,-3761,3764,-3762,3765,3763,3767,-3762,3767,-3763,3766,-3763,3766,-3761,3767,3762,3768,-3764,3768,-3762,3768,-3761,3767,-3763,3767,-3763,3766,-3763,3766,-3765,3765,-3762,3765,3761,3766,-3761,3767,-3763,3763,-3760,3762,-3758,3758,3753,3760,-3755,-3759,3755,-3761,-3755,-3764,3757,-3764,3754,-3760,3754,-3764,3755,-3765,3758,-3764,3757,-3765,3757,-3763,3757,3765,3753,-3765,3753,3765,-3754,3766,3754,3765,-3754,3762,-3755,3762,-3755,3764,-3756,3760,3755,3759,-3753,3759,-3755,3760,-3752,-0.50,SJNFAAZE1U0005576,117.71,13.04,9046.1005859375,78,75,0,0,0,0,14.5,99.17,-154542,92,1528022242.812,9640,2,0,0,0,0,0,0,0,4,361.12,361.12,1F,1,1,1,0080,82,40,40,0,0,19,12.00
03/06/2018 11:37:26,54 58.53373,-1 31.10137,301,0,338,668127,1144818,361.44,23.002,3773,3756,3765,17,0,94.0,34.4,89.2,31.8,none,none,81.8,27.7,-3765,3762,-3767,3761,-3770,3763,-3769,3764,-3769,3764,-3771,3766,-3771,3765,-3772,3766,-3772,3764,-3771,3765,-3772,3765,-3772,3767,-3772,3766,-3773,3764,-3771,3768,-3770,3768,-3771,3767,-3770,3768,-3770,3766,-3769,3765,-3769,3764,-3770,3766,-3768,3763,-3767,3762,-3762,3756,-3765,3759,-3765,3758,-3766,3758,-3769,3760,-3768,3757,-3766,3757,-3770,3758,-3771,3760,-3769,3759,-3770,3760,-3768,3760,-3769,3756,-3771,3757,-3770,3756,-3771,3757,-3770,3757,-3768,3758,-3766,3758,-3770,3760,-3766,3758,-3763,3757,-3766,3757,-3765,3757,-0.49,SJNFAAZE1U0005576,117.71,13.04,9046.1005859375,78,75,0,0,0,0,14.5,99.17,-154542,92,1528022246.575,7120,2,1,0,11,0,0,0,0,4,361.38,361.38,1F,1,1,1,0080,82,40,40,0,0,19,10.25
03/06/2018 11:37:30,54 58.53373,-1 31.10137,301,0,338,667937,1144818,361.63,19.187,3775,3757,3767,18,0,94.2,34.6,89.2,31.8,none,none,82.0,27.8,-3767,3765,-3770,3761,-3770,3765,-3771,3765,-3771,3767,-3771,3767,-3773,3768,-3773,3766,-3774,3768,-3773,3766,-3773,3767,-3774,3769,-3774,3766,-3774,3766,-3773,3768,-3774,3770,-3773,3768,-3772,3769,-3773,3767,-3773,3766,-3772,3766,-3773,3768,-3770,3765,-3769,3763,-3764,3759,-3767,3760,-3769,3761,-3768,3760,-3771,3761,-3770,3759,-3769,3759,-3772,3760,-3773,3762,-3771,3763,-3772,3763,-3771,3762,-3773,3757,-3772,3758,-3773,3759,-3775,3760,-3773,3760,-3770,3761,-3770,3762,-3772,3763,-3768,3761,-3767,3759,-3768,3759,-3766,3758,-0.51,SJNFAAZE1U0005576,117.71,13.04,9046.1005859375,78,75,0,0,0,0,14.5,99.17,-154542,92,1528022250.224,5800,2,1,0,4,0,0,0,0,4,361.59,361.59,1F,1,1,1,0080,82,40,40,0,0,19,5.00
03/06/2018 11:37:33,54 58.53373,-1 31.10137,301,0,338,667824,1144818,362.02,12.382,3780,3762,3771,18,0,94.0,34.4,89.0,31.7,none,none,81.8,27.7,-3772,3768,-3774,3767,-3776,3770,-3776,3769,-3777,3771,-3776,3772,-3778,3772,-3779,3770,-3777,3771,-3778,3771,-3779,3771,-3778,3773,-3779,3773,-3779,3770,-3778,3773,-3778,3774,-3778,3773,-3777,3774,-3776,3770,-3776,3770,-3777,3770,-3777,3773,-3775,3770,-3774,3768,-3771,3764,-3773,3765,-3773,3766,-3773,3765,-3775,3766,-3776,3765,-3772,3762,-3778,3765,-3779,3767,-3776,3767,-3778,3767,-3776,3767,-3775,3763,-3778,3763,-3777,3763,-3780,3764,-3779,3762,-3775,3764,-3774,3764,-3777,3767,-3774,3766,-3772,3764,-3774,3764,-3772,3763,-0.50,SJNFAAZE1U0005576,117.71,13.04,9046.1005859375,78,75,0,0,0,0,14.5,99.17,-154542,92,1528022253.841,3280,2,1,0,4,0,0,0,0,4,361.97,361.97,1F,1,1,1,0080,82,40,40,0,0,19,1.00
03/06/2018 11:37:37,54 58.53373,-1 31.10137,301,0,338,667783,1144818,362.59,2.585,3785,3767,3777,18,0,94.0,34.4,89.2,31.8,none,none,81.8,27.7,-3778,3775,-3780,3772,-3782,3775,-3781,3774,-3780,3776,-3781,3777,-3782,3777,-3783,3776,-3783,3778,-3782,3776,-3783,3777,-3783,3779,-3785,3777,-3785,3775,-3782,3778,-3782,3778,-3783,3778,-3782,3779,-3781,3776,-3781,3776,-3782,3777,-3783,3778,-3780,3775,-3780,3773,-3776,3769,-3778,3772,-3778,3771,-3778,3771,-3781,3772,-3781,3771,-3779,3769,-3782,3770,-3783,3773,-3781,3771,-3783,3772,-3780,3772,-3780,3767,-3782,3768,-3782,3769,-3784,3769,-3783,3769,-3780,3770,-3780,3770,-3782,3772,-3780,3771,-3777,3769,-3779,3769,-3777,3769,-0.47,SJNFAAZE1U0005576,117.71,13.04,9046.1005859375,78,75,0,0,0,0,14.5,99.17,-154542,92,1528022257.627,120,2,1,0,4,0,0,0,0,4,362.50,362.50,1F,1,1,1,0080,82,40,40,0,0,19,-3.50
03/06/2018 11:37:41,54 58.53373,-1 31.10137,301,0,338,667804,1144818,362.98,-9.009,3790,3771,3781,19,0,94.2,34.6,89.2,31.8,none,none,81.8,27.7,3778,-3786,3775,3784,3778,3784,3782,-3782,3779,-3787,3778,-3786,3780,3788,3780,-3787,3780,-3786,3779,-3786,3780,-3787,3779,-3788,3780,-3790,3780,-3788,3779,-3786,3781,3787,3782,-3786,3781,-3786,3780,-3787,3780,-3786,3779,3785,3781,-3787,3779,-3784,3779,-3780,3776,-3782,3775,-3783,3775,3782,3777,-3781,3778,-3784,3777,-3783,3774,-3786,3775,-3787,3776,-3788,3774,-3786,3778,-3785,3775,3786,3775,-3787,3772,-3788,3772,-3787,3774,-3788,3774,3787,3771,-3785,3775,-3784,3775,-3785,3776,-3785,3775,-3782,3774,-3783,3772,-3780,-0.52,SJNFAAZE1U0005576,117.71,13.04,9046.1005859375,78,75,0,0,0,0,14.5,99.17,-154543,92,1528022261.701,0,2,1,0,5,0,0,0,0,4,363.06,363.06,1F,1,1,1,0080,82,40,40,0,0,19,-2.00
03/06/2018 11:37:45,54 58.53373,-1 31.10137,301,0,338,667847,1144818,363.07,-9.467,3789,3775,3782,14,0,94.0,34.4,89.0,31.7,none,none,81.6,27.6,3780,-3786,3779,-3784,3782,3785,3784,3784,3781,-3786,3782,-3786,3783,-3789,3782,-3789,3782,3787,3782,-3787,3782,-3787,3783,-3788,3784,-3789,3783,-3789,3782,-3787,3785,-3787,3784,-3786,3784,3787,3784,-3787,3783,-3787,3783,-3786,3784,-3788,3781,3785,3780,-3782,3777,-3784,3778,-3784,3778,-3783,3780,-3781,3779,3784,3780,-3784,3776,-3785,3778,-3786,3779,-3787,3778,-3787,3780,-3786,3778,-3786,3778,-3786,3777,3787,3776,-3787,3777,-3788,3777,-3787,3775,-3786,3777,3785,3779,-3786,3778,-3784,3776,-3783,3776,-3783,3776,-3781,-0.48,SJNFAAZE1U0005576,117.71,13.04,9046.1005859375,78,75,0,0,0,0,14.5,99.17,-154544,92,1528022265.622,0,2,1,0,5,0,0,0,0,4,363.29,363.29,1F,1,1,1,0080,82,40,40,0,0,19,-5.25
03/06/2018 11:37:49,54 58.53373,-1 31.10137,301,0,338,667886,1144818,363.07,-3.272,3789,3773,3782,16,0,94.0,34.4,89.0,31.7,none,none,81.6,27.6,3779,-3787,3779,-3784,3782,3786,3783,-3784,3781,-3787,3781,3787,3782,-3789,3782,-3788,3781,-3787,3781,-3787,3782,3788,3782,-3788,3783,-3789,3781,-3789,3782,-3788,3782,-3788,3784,-3787,3784,-3788,3783,-3787,3782,3786,3783,-3785,3783,-3788,3781,-3785,3780,-3782,3776,3783,3777,-3784,3778,-3784,3780,-3782,3779,-3784,3780,-3784,3777,3786,3777,-3787,3779,-3788,3777,-3786,3779,-3786,3777,-3785,3777,-3788,3775,-3787,3776,-3787,3778,3788,3776,-3787,3773,-3785,3776,-3785,3777,-3784,3777,3786,3775,-3783,3777,-3784,3776,-3781,-0.51,SJNFAAZE1U0005576,117.71,13.04,9046.1005859375,78,75,0,0,0,0,14.5,99.17,-154546,92,1528022269.551,0,2,1,0,5,0,0,0,0,4,363.20,363.20,1F,1,1,1,0080,82,40,40,0,0,19,-2.00
03/06/2018 11:37:53,54 58.53373,-1 31.10137,301,0,338,667873,1144818,362.88,5.057,3789,3771,3780,18,0,94.0,34.4,89.2,31.8,none,none,81.8,27.7,3776,-3784,3776,-3782,3779,3783,3781,-3782,3779,-3784,3779,-3784,3780,-3787,3779,3786,3779,-3785,3779,-3786,3780,-3786,3780,-3786,3781,3789,3779,-3787,3780,-3784,3781,-3786,3781,-3785,3781,-3785,3780,-3784,3779,-3784,3779,-3783,3781,3785,3780,-3783,3777,-3781,3774,-3780,3774,-3782,3775,3781,3776,-3780,3777,-3783,3776,-3781,3773,-3783,3776,-3784,3776,3786,3774,-3784,3776,-3785,3775,-3783,3776,-3785,3773,-3784,3772,-3784,3773,-3785,3773,-3784,3771,3784,3774,-3782,3775,-3783,3776,-3782,3773,-3780,3773,3781,3772,-3778,-0.49,SJNFAAZE1U0005576,117.71,13.04,9046.1005859375,78,75,0,0,0,0,14.5,99.17,-154546,92,1528022273.518,880,2,1,0,5,0,0,0,0,4,363.05,363.05,1F,1,1,1,0080,82,40,40,0,0,19,0.75
03/06/2018 11:37:57,54 58.53373,-1 31.10137,301,0,338,667759,1144818,362.50,16.196,3784,3767,3776,17,0,94.0,34.4,89.0,31.7,none,none,81.8,27.7,3778,3774,3779,-3772,-3781,3775,-3781,-3774,-3780,3776,-3781,3776,-3782,3776,-3782,3775,-3782,3776,-3781,3775,-3783,3776,-3782,3778,-3784,3776,-3783,3775,-3782,3778,-3782,3778,-3782,3777,-3781,3778,-3781,3776,-3781,3775,-3781,3777,-3782,3776,-3779,3775,-3778,3772,-3775,3770,-3776,3771,-3779,3772,-3778,3770,-3780,3771,-3781,3769,-3779,3770,-3781,3769,3782,-3771,-3781,3771,3782,3771,3781,-3771,3782,-3768,3782,-3767,3782,-3769,3784,-3769,3782,-3769,3779,-3770,3779,-3770,3781,3771,3778,-3772,3776,-3769,3778,-3769,3777,-3768,-0.46,SJNFAAZE1U0005576,117.71,13.04,9046.1005859375,78,75,0,0,0,0,14.5,99.17,-154546,92,1528022277.194,5000,2,1,0,5,0,0,0,0,4,362.66,362.66,1F,1,1,1,0080,82,40,40,0,0,19,11.50
03/06/2018 11:38:00,54 58.53373,-1 31.10137,301,0,338,667543,1144818,362.02,27.152,3779,3763,3771,16,0,94.0,34.4,89.0,31.7,none,none,81.8,27.7,-3771,3769,-3773,3767,-3776,3770,-3775,3771,-3775,3771,-3775,3772,-3778,3772,-3778,3772,-3777,3771,-3777,3772,-3778,3772,-3777,3772,-3779,3771,-3779,3772,-3776,3773,-3777,3773,-3777,3773,-3776,3774,-3776,3772,-3776,3771,-3776,3771,-3778,3772,-3774,3770,-3773,3767,-3769,3764,-3771,3766,-3772,3765,-3771,3765,-3774,3766,-3775,3764,-3772,3766,-3774,3766,-3777,3767,-3774,3767,-3777,3767,-3774,3767,-3776,3763,-3775,3764,-3775,3765,-3777,3765,-3777,3763,-3774,3765,-3773,3766,-3775,3767,-3772,3767,-3770,3764,-3771,3764,-3771,3764,-0.52,SJNFAAZE1U0005576,117.71,13.04,9046.1005859375,78,75,0,0,0,0,14.5,99.17,-154546,92,1528022280.952,8400,2,1,0,5,0,0,0,0,4,362.22,362.22,1F,1,1,1,0080,82,40,40,0,0,19,15.00
03/06/2018 11:38:04,54 58.53373,-1 31.10137,301,0,338,667233,1144818,361.63,41.068,3776,3758,3767,18,0,94.0,34.4,89.2,31.8,none,none,81.8,27.7,-3768,3764,-3770,3763,-3772,3766,-3772,3765,-3771,3767,-3772,3768,-3773,3769,-3774,3768,-3774,3768,-3773,3768,-3775,3768,-3774,3769,-3776,3768,-3775,3767,-3773,3769,-3772,3769,-3773,3769,-3772,3770,-3773,3767,-3772,3766,-3773,3767,-3773,3768,-3770,3766,-3769,3765,-3765,3759,-3766,3761,-3767,3761,-3767,3761,-3771,3762,-3770,3760,-3767,3760,-3772,3761,-3774,3763,-3771,3761,-3772,3762,-3771,3764,-3772,3759,-3773,3759,-3772,3759,-3774,3759,-3773,3759,-3771,3760,-3769,3760,-3772,3763,-3769,3762,-3766,3759,-3768,3759,-3767,3758,-0.51,SJNFAAZE1U0005576,117.71,13.04,9046.1005859375,78,75,0,0,0,0,14.5,99.17,-154546,92,1528022284.898,10720,2,0,0,0,0,0,0,0,4,361.60,361.60,1F,1,1,1,0080,81,40,40,0,0,19,19.75
03/06/2018 11:38:08,54 58.53373,-1 31.10137,301,0,337,666842,1144818,361.34,41.892,3772,3755,3764,17,0,93.8,34.3,89.0,31.7,none,none,81.8,27.7,-3764,3762,-3767,3760,-3769,3764,-3767,3763,-3768,3764,-3768,3765,-3770,3765,-3771,3765,-3770,3764,-3770,3764,-3770,3764,-3771,3767,-3772,3764,-3772,3764,-3769,3765,-3770,3766,-3770,3766,-3769,3768,-3768,3765,-3767,3764,-3769,3764,-3770,3766,-3766,3763,-3765,3761,-3762,3756,-3764,3759,-3764,3758,-3764,3757,-3768,3759,-3767,3757,-3765,3755,-3768,3757,-3769,3761,-3768,3760,-3769,3759,-3768,3760,-3769,3755,-3770,3757,-3769,3755,-3770,3755,-3769,3756,-3766,3757,-3765,3756,-3768,3758,-3764,3758,-3763,3756,-3764,3757,-3764,3757,-0.47,SJNFAAZE1U0005576,117.71,13.04,9047.7099609375,78,75,0,0,0,0,14.5,99.17,-154546,92,1528022288.858,12720,2,0,0,0,0,0,0,0,4,361.39,361.39,1F,1,1,1,0080,81,40,40,0,0,19,18.00
03/06/2018 11:38:12,54 58.53373,-1 31.10137,301,0,337,666452,1144818,361.44,37.253,3773,3757,3765,16,0,94.0,34.4,89.0,31.7,none,none,81.6,27.6,-3765,3764,-3766,3762,-3768,3765,-3768,3764,-3768,3766,-3769,3767,-3770,3766,-3771,3767,-3770,3767,-3770,3765,-3771,3766,-3771,3768,-3773,3768,-3771,3766,-3770,3768,-3770,3768,-3770,3767,-3769,3769,-3769,3766,-3767,3766,-3769,3765,-3768,3767,-3767,3764,-3766,3763,-3762,3758,-3764,3760,-3763,3759,-3765,3760,-3768,3761,-3767,3759,-3766,3759,-3769,3760,-3769,3762,-3768,3760,-3769,3761,-3768,3762,-3771,3758,-3770,3758,-3768,3758,-3771,3758,-3769,3760,-3766,3760,-3766,3759,-3769,3761,-3765,3760,-3764,3757,-3765,3759,-3764,3758,-0.47,SJNFAAZE1U0005576,117.71,13.04,9047.7099609375,78,75,0,0,0,0,14.5,99.17,-154546,92,1528022292.888,11560,2,0,0,0,0,0,0,0,4,361.44,361.44,1F,1,1,1,0080,81,40,40,0,0,19,20.00
03/06/2018 11:38:16,54 58.53373,-1 31.10137,301,0,337,666079,1144818,361.25,41.862,3772,3754,3763,18,0,94.0,34.4,89.0,31.7,none,none,81.6,27.6,3759,-3766,3759,-3766,3762,3765,3766,-3765,3762,-3768,3763,3768,3764,-3771,3764,-3770,3764,-3770,3764,-3769,3764,3770,3764,-3770,3764,-3772,3763,-3770,3763,-3768,3765,-3770,3764,-3768,3765,-3769,3764,-3768,3763,3767,3763,-3767,3765,-3768,3762,-3766,3760,-3763,3756,3762,3757,-3764,3758,-3763,3758,-3762,3760,-3765,3760,-3763,3754,-3765,3757,-3767,3759,-3769,3759,3767,3759,-3767,3758,-3766,3760,-3768,3756,-3767,3755,-3768,3757,-3768,3757,-3768,3755,-3766,3755,-3766,3759,-3765,3756,3764,3754,-3762,3756,-3763,3754,-3760,-0.53,SJNFAAZE1U0005576,117.71,13.04,9047.7099609375,78,75,0,0,0,0,14.5,99.17,-154546,92,1528022296.956,11520,2,0,0,0,0,0,0,0,4,361.23,361.23,1F,1,1,1,0080,81,40,40,0,0,19,17.00
03/06/2018 11:38:20,54 58.53373,-1 31.10137,301,0,337,665705,1144818,361.06,43.143,3770,3750,3761,20,0,94.0,34.4,89.0,31.7,none,none,81.6,27.6,3755,-3767,3756,-3763,3759,3764,3763,-3763,3760,-3766,3760,-3766,3760,-3768,3760,3769,3760,-3768,3761,-3767,3762,-3768,3762,-3768,3762,3770,3759,-3769,3760,-3767,3762,-3767,3762,-3767,3762,-3767,3761,-3766,3760,-3766,3760,-3765,3762,3767,3759,-3764,3758,-3761,3753,-3760,3752,-3762,3755,3761,3755,-3760,3758,-3763,3756,-3761,3751,-3765,3754,-3766,3756,-3766,3755,-3766,3757,-3766,3754,3764,3757,-3765,3752,-3766,3751,-3766,3754,-3766,3753,3767,3750,-3765,3753,-3764,3755,-3765,3753,-3764,3752,-3762,3752,3762,3752,-3758,-0.51,SJNFAAZE1U0005576,117.71,13.04,9047.7099609375,78,75,0,0,0,0,14.5,99.17,-154546,92,1528022300.839,11800,2,1,0,4,0,0,0,0,4,361.02,361.02,1F,1,1,1,0080,81,40,40,0,0,19,19.75
03/06/2018 11:38:24,54 58.53373,-1 31.10137,301,0,337,665292,1144818,360.67,46.561,3765,3747,3757,18,0,93.8,34.3,89.0,31.7,none,none,81.6,27.6,3753,3761,3753,-3761,3755,3761,3758,-3760,3755,-3762,3757,-3763,3759,-3765,3757,-3765,3757,-3764,3758,3763,3758,-3763,3758,-3765,3759,-3764,3757,-3764,3757,3764,3759,-3764,3758,-3762,3759,-3763,3759,-3762,3757,-3762,3757,-3761,3758,-3763,3756,-3761,3754,3757,3749,-3754,3749,-3758,3751,-3756,3751,-3756,3754,3760,3752,-3757,3750,-3760,3752,-3761,3752,-3763,3752,-3761,3755,-3761,3751,-3759,3753,-3760,3749,3762,3750,-3763,3751,-3762,3750,-3761,3747,-3760,3749,-3759,3752,3761,3750,-3758,3748,-3757,3749,-3758,3748,-3754,-0.49,SJNFAAZE1U0005576,117.71,13.04,9047.7099609375,78,75,0,0,0,0,14.5,99.17,-154546,92,1528022304.664,14200,2,1,0,4,0,0,0,0,4,360.80,360.80,1F,1,1,1,0080,81,40,40,0,0,19,23.00
03/06/2018 11:38:28,54 58.53373,-1 31.10137,301,0,336,664834,1144818,360.48,49.033,3764,3746,3755,18,0,94.0,34.4,89.2,31.8,none,none,81.6,27.6,3751,-3760,3751,-3759,3754,3759,3758,-3757,3756,-3762,3756,-3762,3756,-3763,3756,-3763,3755,-3762,3757,-3762,3757,-3762,3757,3762,3758,-3764,3756,-3763,3755,-3762,3758,-3762,3757,3761,3757,-3763,3757,-3762,3756,-3761,3756,-3760,3757,-3762,3754,-3758,3753,-3755,3748,-3755,3748,3757,3748,-3753,3749,-3754,3753,-3758,3752,-3756,3747,3757,3749,-3760,3751,-3761,3750,-3759,3753,-3759,3750,-3760,3751,-3760,3749,-3760,3748,-3761,3749,3759,3750,-3761,3746,-3759,3748,-3757,3751,-3758,3748,-3755,3747,3754,3747,-3756,3746,-3753,-0.48,SJNFAAZE1U0005576,117.71,13.04,9047.7099609375,78,75,0,0,0,0,14.5,99.17,-154546,92,1528022308.470,14800,2,1,0,4,0,0,0,0,4,360.56,360.56,1F,1,1,1,0080,81,40,40,0,0,19,22.50
03/06/2018 11:38:32,54 58.53373,-1 31.10137,301,0,336,664388,1144818,360.38,50.681,3761,3746,3754,15,0,94.0,34.4,89.0,31.7,none,none,81.6,27.6,-3754,3753,-3756,3751,-3758,3754,-3758,3754,-3758,3755,-3759,3757,-3760,3756,-3761,3756,-3759,3756,-3760,3755,-3761,3756,-3761,3757,-3761,3756,-3761,3755,-3759,3756,-3761,3756,-3759,3757,-3760,3758,-3760,3756,-3759,3755,-3759,3754,-3760,3757,-3756,3754,-3756,3752,-3751,3747,-3752,3748,-3755,3749,-3754,3750,-3759,3751,-3758,3748,-3754,3748,-3758,3750,-3760,3750,-3758,3752,-3759,3751,-3758,3751,-3759,3746,-3756,3748,-3758,3748,-3760,3748,-3759,3748,-3756,3749,-3755,3748,-3757,3751,-3753,3750,-3752,3748,-3754,3748,-3753,3747,-0.50,SJNFAAZE1U0005576,117.71,13.04,9047.7099609375,78,75,0,0,0,0,14.5,99.17,-154546,92,1528022312.247,14240,2,1,0,4,0,0,0,0,4,360.52,360.52,1F,1,1,1,0080,81,40,40,0,0,19,22.75
03/06/2018 11:38:36,54 58.53373,-1 31.10137,301,0,336,663930,1144818,360.10,49.827,3759,3742,3751,17,0,94.0,34.4,89.0,31.7,none,none,81.6,27.6,-3750,3749,-3754,3748,-3756,3751,-3755,3750,-3755,3753,-3756,3753,-3757,3752,-3758,3753,-3758,3754,-3758,3753,-3758,3754,-3757,3754,-3758,3751,-3757,3753,-3757,3754,-3757,3754,-3757,3753,-3756,3754,-3757,3753,-3756,3752,-3756,3752,-3756,3753,-3752,3749,-3751,3748,-3747,3743,-3749,3745,-3751,3744,-3751,3745,-3755,3747,-3754,3744,-3752,3743,-3756,3745,-3756,3746,-3755,3745,-3757,3746,-3755,3748,-3757,3742,-3755,3744,-3756,3744,-3759,3745,-3757,3744,-3753,3744,-3752,3744,-3755,3746,-3750,3746,-3749,3743,-3750,3743,-3749,3742,-0.52,SJNFAAZE1U0005576,117.71,13.04,9047.7099609375,78,75,0,0,0,0,14.5,99.17,-154546,92,1528022316.015,14520,2,1,0,4,0,0,0,0,4,360.34,360.34,1F,1,1,1,0080,81,40,40,0,0,19,24.75
03/06/2018 11:38:39,54 58.53373,-1 31.10137,301,0,336,663454,1144818,360.00,51.475,3758,3742,3750,16,0,93.8,34.3,89.0,31.7,none,none,81.6,27.6,-3749,3748,-3751,3748,-3754,3751,-3754,3751,-3754,3751,-3754,3753,-3756,3752,-3756,3753,-3756,3753,-3755,3752,-3756,3752,-3758,3753,-3757,3752,-3757,3752,-3755,3753,-3755,3753,-3756,3753,-3755,3754,-3754,3752,-3754,3752,-3754,3751,-3755,3753,-3752,3749,-3751,3748,-3746,3742,-3747,3746,-3749,3744,-3749,3746,-3754,3747,-3752,3744,-3750,3744,-3754,3746,-3755,3747,-3753,3745,-3754,3747,-3753,3747,-3756,3742,-3753,3743,-3754,3745,-3756,3745,-3755,3744,-3752,3744,-3750,3744,-3753,3747,-3749,3745,-3747,3743,-3749,3743,-3747,3743,-0.50,SJNFAAZE1U0005576,117.71,13.04,9047.7099609375,78,75,0,0,0,0,14.5,99.17,-154546,92,1528022319.674,15560,2,1,0,4,0,0,0,0,4,360.11,360.11,1F,1,1,1,0080,81,40,40,0,0,19,26.75
03/06/2018 11:38:43,54 58.53373,-1 31.10137,301,0,335,662940,1144818,359.62,59.989,3754,3736,3746,18,0,94.0,34.4,89.0,31.7,none,none,81.6,27.6,-3745,3744,-3749,3742,-3750,3746,-3750,3746,-3751,3747,-3751,3749,-3752,3748,-3753,3747,-3753,3748,-3752,3747,-3754,3748,-3754,3750,-3753,3747,-3754,3747,-3752,3749,-3752,3748,-3752,3748,-3752,3749,-3752,3747,-3752,3747,-3751,3747,-3751,3749,-3750,3745,-3748,3744,-3742,3738,-3744,3740,-3745,3740,-3746,3740,-3750,3742,-3749,3739,-3746,3739,-3751,3740,-3752,3743,-3750,3740,-3752,3743,-3750,3741,-3752,3736,-3752,3738,-3751,3739,-3754,3739,-3752,3740,-3748,3739,-3747,3740,-3750,3741,-3746,3741,-3745,3738,-3746,3739,-3744,3738,-0.51,SJNFAAZE1U0005576,117.71,13.04,9047.7099609375,78,75,0,0,0,0,14.5,99.17,-154546,92,1528022323.694,15720,2,1,0,4,0,0,0,0,4,359.72,359.72,1F,1,1,1,0080,81,40,40,0,0,19,27.25
03/06/2018 11:38:47,54 58.53373,-1 31.10137,301,0,335,662394,1144818,359.52,56.357,3754,3734,3745,20,0,94.0,34.4,89.0,31.7,none,none,81.6,27.6,-3740,3750,-3741,3747,-3743,3749,-3748,3748,-3745,3751,-3745,3752,-3746,3753,-3746,3753,-3745,3753,-3746,3752,-3746,3753,-3746,3753,-3746,3754,-3745,3753,3745,-3753,3746,3751,3746,-3750,3747,-3752,3747,-3752,3745,-3752,3746,-3750,3747,3752,3743,-3749,3742,-3746,3737,-3744,3735,-3746,3737,3744,3739,-3744,3741,-3747,3740,-3745,3736,-3748,3739,-3751,3740,-3752,3739,-3750,3741,-3750,3739,3749,-3741,3750,-3735,-3751,-3736,3753,-3739,3752,-3739,3752,-3734,3749,-3738,3748,-3739,3749,-3737,3746,-3736,3746,-3736,3746,-3736,3743,-0.55,SJNFAAZE1U0005576,117.71,13.04,9047.7099609375,78,75,0,0,0,0,14.5,99.17,-154546,92,1528022327.465,16640,2,1,0,4,0,0,0,0,4,359.66,359.66,1F,1,1,1,0080,81,40,40,0,0,19,25.75
03/06/2018 11:38:51,54 58.53373,-1 31.10137,301,0,335,661889,1144818,359.52,56.113,3755,3733,3745,22,0,94.0,34.4,89.0,31.7,none,none,81.6,27.6,3739,3750,3740,-3748,3743,3750,3746,-3749,3744,-3752,3745,-3753,3745,-3754,3744,-3754,3746,-3755,3746,3753,3746,-3754,3745,-3755,3746,-3754,3744,-3753,3744,3754,3747,-3753,3746,-3751,3747,-3752,3746,-3752,3743,-3752,3746,-3751,3747,-3752,3743,-3749,3742,3746,3735,-3744,3736,-3747,3737,-3745,3738,-3745,3741,3749,3740,-3746,3735,-3750,3739,-3751,3740,-3752,3739,-3749,3741,3751,3738,-3750,3740,-3750,3735,-3752,3735,-3753,3736,-3752,3737,-3752,3733,-3749,3737,-3749,3738,3749,3737,-3747,3735,-3745,3736,-3747,3735,-3743,-0.53,SJNFAAZE1U0005576,117.71,13.04,9047.7099609375,78,75,0,0,0,0,14.5,99.17,-154546,92,1528022331.109,16120,2,1,0,4,0,0,0,0,4,359.51,359.51,1F,1,1,1,0080,81,40,40,0,0,19,25.50
03/06/2018 11:38:54,54 58.53373,-1 31.10137,301,0,335,661804,1144818,359.81,80.619,3757,3739,3748,18,0,94.0,34.4,89.0,31.7,none,none,81.6,27.6,3743,-3754,3744,-3751,3747,3752,3750,-3753,3749,-3755,3749,-3755,3749,-3757,3749,-3757,3749,-3756,3749,-3756,3750,-3756,3751,3756,3750,-3757,3748,-3756,3748,-3755,3750,-3755,3749,3754,3749,-3755,3750,-3755,3749,-3755,3748,-3753,3750,-3755,3746,3752,3746,-3749,3741,-3747,3740,-3749,3742,-3746,3742,-3746,3746,-3750,3744,-3748,3740,-3751,3744,3753,3743,-3753,3742,-3753,3746,-3753,3743,-3752,3747,3754,3741,-3754,3740,-3753,3743,-3754,3742,-3754,3740,-3751,3741,-3751,3743,-3752,3740,-3750,3740,3748,3740,-3748,3739,-3746,-0.52,SJNFAAZE1U0005576,117.71,13.04,9047.7099609375,78,75,0,0,0,0,14.5,99.17,-154546,93,1528022334.483,24480,2,1,0,4,0,0,0,0,4,359.36,359.36,1F,1,1,1,0080,81,40,40,0,0,19,7.75
03/06/2018 11:38:58,54 58.53373,-1 31.10137,301,0,335,661542,1144818,358.08,75.522,3739,3718,3730,21,0,94.0,34.4,89.0,31.7,none,none,81.4,27.4,3723,-3733,3726,-3732,3727,3734,3732,-3733,3731,3737,3731,-3738,3732,-3739,3731,-3738,3731,-3739,3731,-3737,3732,-3738,3733,-3739,3733,-3739,3731,3739,3731,-3738,3733,-3738,3733,-3737,3733,-3738,3731,-3736,3731,3737,3730,-3734,3731,-3737,3728,-3733,3726,-3730,3719,3727,3718,-3730,3721,-3729,3722,-3728,3726,-3732,3724,-3728,3718,-3732,3724,-3733,3725,-3735,3724,3733,3727,-3734,3723,-3733,3728,-3732,3720,-3734,3721,3736,3723,-3735,3722,-3736,3718,-3733,3721,-3731,3725,-3734,3721,-3730,3720,-3727,3719,-3728,3719,3727,-0.51,SJNFAAZE1U0005576,117.71,13.04,9047.7099609375,78,75,0,0,0,0,14.5,99.17,-154546,93,1528022338.089,9640,2,1,0,5,0,0,0,0,4,359.44,359.44,1F,1,1,1,0080,81,40,40,0,0,19,62.75
03/06/2018 11:39:01,54 58.53373,-1 31.10137,301,0,334,660691,1144818,358.94,68.870,3749,3728,3739,21,0,93.8,34.3,89.0,31.7,none,none,81.6,27.6,3733,-3744,3735,3742,3737,3744,3742,-3743,3739,-3746,3739,-3747,3741,3748,3739,-3748,3739,-3747,3740,-3746,3741,-3749,3741,-3748,3741,3749,3739,-3748,3739,-3747,3741,-3747,3740,-3746,3740,-3746,3741,-3746,3740,-3746,3741,-3744,3740,3747,3737,-3743,3735,-3740,3730,-3739,3730,-3740,3732,3739,3733,-3738,3736,-3742,3734,-3740,3729,-3742,3733,-3745,3734,-3746,3733,-3744,3736,-3746,3732,3743,3737,-3745,3729,-3746,3730,-3747,3731,-3746,3732,3747,3728,-3744,3731,-3743,3734,-3744,3731,-3741,3729,-3740,3730,-3740,3729,-3737,-0.52,SJNFAAZE1U0005576,117.71,13.04,9047.7099609375,78,75,0,0,0,0,14.5,99.17,-154546,93,1528022341.818,22280,2,0,0,0,0,0,0,0,4,358.78,358.78,1F,1,1,1,0080,81,40,40,0,0,19,27.25
03/06/2018 11:39:05,54 58.53373,-1 31.10137,301,0,334,660179,1144818,359.52,47.813,3754,3737,3745,17,0,94.0,34.4,89.0,31.7,none,none,81.6,27.6,-3745,3743,-3747,3742,-3750,3746,-3750,3745,-3749,3746,-3750,3747,-3752,3747,-3752,3748,-3752,3748,-3751,3746,-3752,3747,-3751,3748,-3754,3746,-3753,3746,-3751,3748,-3751,3749,-3751,3746,-3751,3750,-3751,3747,-3750,3746,-3750,3745,-3751,3748,-3747,3744,-3747,3742,-3743,3738,-3744,3739,-3745,3740,-3744,3740,-3747,3740,-3749,3738,-3745,3740,-3749,3741,-3751,3742,-3750,3741,-3750,3742,-3748,3742,-3750,3737,-3750,3738,-3750,3739,-3751,3739,-3750,3739,-3746,3739,-3746,3740,-3749,3740,-3745,3741,-3744,3738,-3744,3738,-3744,3737,-0.48,SJNFAAZE1U0005576,117.71,13.04,9047.7099609375,78,75,0,0,0,0,14.5,99.17,-154546,93,1528022345.726,14360,2,0,0,0,0,0,0,0,4,359.47,359.47,1F,1,1,1,0080,81,40,40,0,0,19,22.00
03/06/2018 11:39:09,54 58.53373,-1 31.10137,301,0,334,659341,1144818,356.45,133.364,3724,3703,3713,21,0,94.0,34.4,89.0,31.7,none,none,81.6,27.6,-3710,3711,-3715,3710,-3717,3714,-3718,3714,-3718,3716,-3719,3717,-3721,3718,-3722,3718,-3720,3717,-3722,3718,-3722,3718,-3722,3719,-3722,3716,-3721,3717,-3720,3719,-3720,3718,-3720,3718,-3719,3718,-3720,3717,-3718,3716,-3718,3714,-3718,3717,-3715,3713,-3714,3712,-3706,3703,-3707,3706,-3709,3704,-3711,3706,-3717,3709,-3713,3706,-3711,3706,-3718,3709,-3718,3709,-3716,3710,-3718,3711,-3714,3709,-3724,3705,-3716,3707,-3717,3707,-3719,3707,-3718,3709,-3713,3708,-3713,3708,-3717,3711,-3710,3706,-3709,3706,-3709,3706,-3708,3705,-0.51,SJNFAAZE1U0005576,117.71,13.04,9047.7099609375,78,75,0,0,0,0,14.5,99.17,-154546,93,1528022349.506,38720,2,0,0,0,0,0,0,0,4,356.22,356.22,1F,1,1,1,0080,82,40,40,0,0,19,52.25
03/06/2018 11:39:13,54 58.53373,-1 31.10137,301,0,333,658426,1144818,357.89,75.828,3738,3719,3728,19,0,94.0,34.4,89.0,31.7,none,none,81.8,27.7,-3726,3727,-3730,3724,-3731,3728,-3733,3728,-3733,3730,-3733,3731,-3735,3731,-3734,3731,-3734,3730,-3735,3731,-3736,3732,-3735,3732,-3736,3730,-3734,3731,-3734,3732,-3733,3732,-3733,3731,-3732,3732,-3734,3731,-3731,3730,-3733,3728,-3733,3730,-3730,3727,-3727,3724,-3723,3719,-3724,3722,-3728,3720,-3726,3722,-3732,3724,-3729,3721,-3726,3722,-3732,3723,-3732,3723,-3731,3725,-3733,3724,-3730,3724,-3738,3721,-3731,3722,-3733,3721,-3733,3721,-3732,3722,-3729,3723,-3728,3723,-3731,3726,-3726,3722,-3724,3721,-3726,3722,-3724,3719,-0.48,SJNFAAZE1U0005576,117.71,13.04,9049.318359375,78,75,0,0,0,0,14.5,99.17,-154546,93,1528022353.052,22960,2,0,0,0,0,0,0,0,4,357.87,357.87,1F,1,1,1,0080,82,40,40,0,0,19,30.75
03/06/2018 11:39:16,54 58.53373,-1 31.10137,301,0,333,657825,1144818,358.18,64.536,3739,3721,3731,18,0,94.0,34.4,89.2,31.8,none,none,81.8,27.7,-3730,3727,-3732,3727,-3734,3732,-3736,3730,-3735,3732,-3736,3734,-3738,3734,-3737,3732,-3738,3734,-3738,3731,-3738,3733,-3739,3734,-3739,3731,-3739,3731,-3737,3734,-3737,3734,-3737,3732,-3738,3734,-3737,3733,-3736,3732,-3736,3731,-3737,3733,-3734,3730,-3732,3727,-3726,3721,-3727,3724,-3729,3726,-3729,3723,-3733,3726,-3732,3723,-3729,3724,-3735,3726,-3736,3727,-3734,3726,-3736,3728,-3734,3727,-3736,3721,-3733,3723,-3734,3725,-3738,3725,-3737,3724,-3733,3725,-3731,3725,-3735,3725,-3730,3725,-3728,3724,-3729,3723,-3729,3722,-0.49,SJNFAAZE1U0005576,117.72,13.04,9049.318359375,78,75,0,0,0,0,14.5,99.17,-154546,93,1528022356.831,18840,2,1,0,4,0,0,0,0,4,358.20,358.20,1F,1,1,1,0080,82,40,40,0,0,19,28.00
03/06/2018 11:39:20,54 58.53373,-1 31.10137,301,0,332,657196,1144818,358.46,57.303,3743,3723,3734,20,0,94.0,34.4,89.2,31.8,none,none,81.8,27.7,-3728,-3738,3730,-3736,-3732,3738,-3736,3737,-3733,3741,-3734,3741,-3735,3743,-3734,3742,-3734,3741,-3735,3742,-3735,3741,-3736,3742,-3736,3743,-3734,3742,-3734,3740,-3736,3740,-3735,3740,-3736,3741,-3736,3740,-3734,3740,-3734,3739,-3734,3741,-3732,3738,-3730,3733,-3724,3731,-3725,3734,-3726,3732,-3727,3733,-3732,3736,-3728,3734,-3725,3736,-3729,3739,-3729,3740,-3727,3738,-3731,3739,-3728,3737,-3732,3738,-3726,3739,3728,-3740,3728,3740,3727,-3739,3723,-3736,3726,-3737,3728,-3738,3725,-3734,3725,3734,3725,-3734,3724,-3732,-0.53,SJNFAAZE1U0005576,117.72,13.04,9049.318359375,78,75,0,0,0,0,14.5,99.17,-154546,93,1528022360.873,18560,2,1,0,4,0,0,0,0,4,358.30,358.30,1F,1,1,1,0080,82,40,40,0,0,19,22.75
03/06/2018 11:39:24,54 58.53373,-1 31.10137,301,0,332,656691,1144818,358.85,46.286,3746,3728,3738,18,0,94.0,34.4,89.2,31.8,none,none,81.8,27.7,3733,-3742,3734,-3740,3737,3741,3740,-3741,3737,-3744,3739,-3745,3739,-3746,3738,-3746,3738,-3745,3739,-3744,3739,3746,3739,-3745,3740,-3746,3737,-3746,3738,-3745,3740,-3744,3738,-3743,3739,-3745,3739,-3744,3739,3745,3739,-3742,3740,-3744,3737,-3740,3735,-3738,3730,3737,3729,-3738,3731,-3736,3732,-3737,3735,-3741,3733,-3739,3730,-3740,3733,-3742,3733,-3743,3732,3742,3734,-3742,3732,-3742,3734,-3741,3730,-3743,3729,3744,3732,-3743,3731,-3743,3729,-3741,3731,-3740,3733,-3740,3730,-3738,3729,-3738,3730,-3738,3728,3734,-0.53,SJNFAAZE1U0005576,117.72,13.04,9049.318359375,78,75,0,0,0,0,14.5,99.17,-154546,93,1528022364.599,14240,2,1,0,4,0,0,0,0,4,358.63,358.63,1F,1,1,1,0080,82,40,40,0,0,19,16.50
03/06/2018 11:39:28,54 58.53373,-1 31.10137,301,0,332,656343,1144818,359.14,40.488,3749,3732,3741,17,0,94.2,34.6,89.2,31.8,none,none,81.8,27.7,3737,-3744,3738,-3743,3739,3746,3742,-3743,3741,-3747,3742,-3747,3742,-3748,3741,3748,3742,-3749,3741,-3748,3743,-3749,3743,-3749,3742,3749,3741,-3749,3742,-3748,3743,-3747,3743,-3747,3742,-3747,3742,-3747,3742,-3747,3742,-3746,3743,3747,3740,-3744,3738,-3741,3734,-3739,3733,-3741,3734,3741,3737,-3740,3739,-3743,3736,-3741,3733,-3745,3737,-3746,3737,-3747,3735,-3745,3738,-3746,3737,3744,3737,-3745,3734,-3746,3734,-3747,3736,-3748,3735,3747,3732,-3744,3735,-3743,3737,-3744,3734,-3743,3735,-3741,3734,3741,3732,-3739,-0.53,SJNFAAZE1U0005576,117.72,13.04,9049.318359375,78,75,0,0,0,0,14.5,99.17,-154546,93,1528022368.290,11400,2,1,0,4,0,0,0,0,4,358.90,358.90,1F,1,1,1,0080,82,40,40,0,0,19,10.00
03/06/2018 11:39:32,54 58.53373,-1 31.10137,301,0,332,655975,1144818,358.18,65.848,3741,3720,3731,21,0,94.2,34.6,89.4,31.9,none,none,82.0,27.8,3724,3736,3727,-3735,3730,3735,3734,-3735,3730,-3738,3731,-3737,3732,-3740,3732,-3741,3733,-3739,3733,3740,3733,-3740,3732,-3740,3732,-3740,3731,-3740,3732,3739,3734,-3739,3733,-3738,3733,-3738,3734,-3739,3732,-3738,3732,-3736,3733,-3738,3729,-3735,3727,3732,3721,-3729,3722,-3732,3724,-3730,3723,-3730,3729,3734,3725,-3731,3721,-3735,3725,-3736,3726,-3737,3724,-3736,3727,-3736,3724,-3736,3731,-3736,3722,3738,3722,-3737,3724,-3737,3723,-3738,3721,-3735,3722,-3735,3726,-3735,3722,-3732,3720,-3731,3720,-3732,3721,-3729,-0.55,SJNFAAZE1U0005576,117.72,13.04,9049.318359375,78,75,0,0,0,0,14.5,99.17,-154546,93,1528022372.089,16160,2,1,0,5,0,0,0,0,4,358.33,358.33,1F,1,1,1,0080,82,40,40,0,0,19,40.50
03/06/2018 11:39:36,54 58.53373,-1 31.10137,301,0,331,655329,1144818,358.94,46.805,3749,3729,3739,20,0,94.2,34.6,89.4,31.9,none,none,81.8,27.7,3734,-3743,3735,-3743,3737,3743,3741,-3742,3739,-3746,3739,-3747,3739,-3748,3739,-3748,3739,-3747,3739,-3746,3740,-3747,3741,3747,3740,-3749,3738,-3747,3739,-3746,3741,-3747,3741,3745,3740,-3746,3741,-3746,3739,-3745,3739,-3743,3741,-3745,3737,-3743,3737,-3738,3731,-3739,3731,3741,3732,-3738,3733,-3739,3736,-3742,3734,-3739,3730,3742,3732,-3744,3734,-3745,3733,-3745,3736,-3744,3733,-3743,3734,-3744,3730,-3745,3730,-3746,3732,3744,3731,-3747,3729,-3743,3730,-3742,3733,-3743,3731,3740,3730,-3739,3730,-3740,3730,-3737,-0.53,SJNFAAZE1U0005576,117.72,13.04,9049.318359375,78,75,0,0,0,0,14.5,99.17,-154546,93,1528022376.056,15920,2,1,0,5,0,0,0,0,4,358.55,358.55,1F,1,1,1,0080,82,40,40,0,0,19,16.50
03/06/2018 11:39:39,54 58.53373,-1 31.10137,301,0,331,654914,1144818,358.75,44.608,3745,3728,3737,17,0,94.2,34.6,89.2,31.8,none,none,81.8,27.7,-3737,3735,-3740,3733,-3741,3737,-3742,3737,-3742,3739,-3743,3740,-3744,3738,-3744,3738,-3744,3739,-3744,3739,-3744,3739,-3744,3740,-3744,3738,-3745,3738,-3742,3740,-3742,3740,-3742,3740,-3743,3740,-3743,3739,-3742,3738,-3743,3738,-3743,3739,-3740,3736,-3738,3735,-3734,3728,-3736,3730,-3737,3730,-3737,3730,-3740,3732,-3740,3731,-3737,3729,-3743,3731,-3744,3734,-3742,3731,-3743,3733,-3741,3733,-3743,3729,-3743,3730,-3743,3729,-3744,3730,-3743,3731,-3740,3729,-3738,3730,-3741,3732,-3737,3731,-3736,3728,-3737,3730,-3737,3729,-0.48,SJNFAAZE1U0005576,117.72,13.04,9049.318359375,78,75,0,0,0,0,14.5,99.17,-154546,93,1528022379.943,11480,2,1,0,5,0,0,0,0,4,358.83,358.83,1F,1,1,1,0080,82,40,40,0,0,19,18.75
03/06/2018 11:39:43,54 58.53373,-1 31.10137,301,0,331,654482,1144818,358.37,50.254,3742,3724,3733,18,0,94.2,34.6,89.4,31.9,none,none,82.0,27.8,-3733,3730,-3736,3729,-3739,3733,-3738,3733,-3738,3734,-3739,3735,-3740,3735,-3740,3734,-3740,3735,-3740,3733,-3740,3733,-3741,3736,-3742,3733,-3741,3733,-3740,3736,-3739,3735,-3738,3735,-3738,3737,-3740,3734,-3739,3733,-3739,3734,-3739,3735,-3736,3732,-3735,3730,-3729,3724,-3732,3725,-3732,3725,-3732,3726,-3735,3729,-3735,3726,-3734,3725,-3739,3726,-3740,3730,-3738,3728,-3740,3728,-3738,3729,-3739,3724,-3738,3726,-3738,3726,-3740,3726,-3739,3725,-3736,3726,-3735,3726,-3737,3729,-3733,3727,-3732,3726,-3733,3725,-3732,3724,-0.49,SJNFAAZE1U0005576,117.72,13.04,9049.318359375,78,75,0,0,0,0,14.5,99.17,-154546,93,1528022383.747,14560,2,1,0,5,0,0,0,0,4,358.62,358.62,1F,1,1,1,0080,82,40,40,0,0,19,25.25
03/06/2018 11:39:47,54 58.53373,-1 31.10137,301,0,331,653925,1144818,357.79,68.229,3734,3719,3727,15,0,94.2,34.6,89.4,31.9,none,none,81.8,27.7,-3726,3725,-3729,3723,-3731,3728,-3731,3727,-3732,3729,-3732,3730,-3733,3730,-3734,3730,-3734,3730,-3734,3730,-3734,3730,-3734,3731,-3734,3729,-3734,3728,-3733,3731,-3733,3730,-3733,3730,-3732,3732,-3732,3729,-3732,3729,-3732,3729,-3731,3730,-3729,3727,-3728,3724,-3723,3719,-3723,3722,-3726,3722,-3726,3721,-3730,3722,-3728,3720,-3727,3721,-3731,3722,-3731,3725,-3730,3725,-3732,3724,-3730,3723,-3734,3719,-3731,3720,-3731,3722,-3732,3722,-3731,3722,-3727,3722,-3729,3722,-3730,3724,-3726,3722,-3724,3720,-3726,3720,-3724,3719,-0.54,SJNFAAZE1U0005576,117.72,13.04,9049.318359375,78,75,0,0,0,0,14.5,99.17,-154546,93,1528022387.546,19400,2,1,0,4,0,0,0,0,4,357.89,357.89,1F,1,1,1,0080,82,40,40,0,0,19,25.25
03/06/2018 11:39:51,54 58.53373,-1 31.10137,301,0,331,653602,1144818,360.19,-5.194,3760,3744,3752,16,0,94.2,34.6,89.4,31.9,none,none,82.0,27.8,-3754,3750,-3755,3748,-3757,3751,-3756,3751,-3757,3751,-3757,3753,-3759,3753,-3759,3753,-3759,3752,-3758,3751,-3759,3753,-3759,3753,-3760,3752,-3760,3751,-3759,3753,-3757,3754,-3757,3753,-3757,3755,-3757,3752,-3758,3752,-3756,3752,-3758,3754,-3755,3751,-3754,3750,-3751,3745,-3753,3747,-3753,3747,-3754,3746,-3757,3748,-3756,3746,-3755,3745,-3758,3747,-3758,3749,-3757,3748,-3758,3748,-3758,3747,-3758,3744,-3759,3744,-3759,3746,-3760,3744,-3759,3745,-3756,3746,-3755,3746,-3758,3749,-3754,3746,-3752,3745,-3754,3745,-3752,3744,-0.53,SJNFAAZE1U0005576,117.72,13.04,9049.318359375,78,75,0,0,0,0,14.5,99.17,-154546,93,1528022391.141,0,2,1,0,5,0,0,0,0,4,360.31,360.31,1F,1,1,1,0080,82,40,40,0,0,19,-9.50
03/06/2018 11:39:55,54 58.53373,-1 31.10137,301,0,331,653457,1144818,358.66,60.050,3745,3726,3736,19,0,94.4,34.7,89.4,31.9,none,none,82.2,27.9,-3731,3741,-3733,3739,-3734,3741,-3739,3739,-3736,3743,-3737,3743,-3737,3744,-3737,3745,-3736,3744,-3737,3743,-3737,3745,-3738,3745,-3737,3745,-3736,3744,3736,-3743,3738,3743,3738,-3743,3738,-3743,3738,-3743,3737,-3743,3737,-3741,3737,3743,3734,-3740,3732,-3736,3728,-3735,3728,-3738,3729,3736,3730,-3735,3734,-3740,3732,-3737,3727,-3740,3730,-3741,3732,-3743,3730,-3741,3732,-3741,3729,3741,-3733,-3742,3727,-3742,-3727,3744,-3729,3743,-3729,3743,-3726,3740,-3728,3740,-3731,3742,-3728,3738,-3727,3738,-3727,3738,-3726,3734,-0.52,SJNFAAZE1U0005576,117.72,13.04,9049.318359375,78,75,0,0,0,0,14.5,99.17,-154546,93,1528022395.019,19560,2,1,0,5,0,0,0,0,4,358.59,358.59,1F,1,1,1,0080,82,40,40,0,0,19,16.25
03/06/2018 11:39:58,54 58.53373,-1 31.10137,301,0,330,653042,1144818,358.46,55.045,3744,3723,3734,21,0,94.2,34.6,89.4,31.9,none,none,82.0,27.8,3730,3738,3730,-3738,3732,3739,3736,-3737,3735,-3741,3735,-3741,3735,-3742,3734,-3743,3734,-3744,3735,3741,3736,-3742,3736,-3743,3736,-3743,3733,-3742,3734,3742,3735,-3741,3736,-3741,3736,-3740,3735,-3741,3734,-3740,3734,-3740,3736,-3741,3732,-3738,3730,3735,3726,-3732,3725,-3735,3726,-3736,3729,-3733,3729,3738,3729,-3735,3723,-3738,3727,-3740,3729,-3743,3727,-3738,3731,-3741,3728,-3740,3728,-3739,3725,3740,3725,-3743,3728,-3740,3728,-3742,3725,-3738,3726,-3738,3729,3735,3727,-3737,3725,-3735,3725,-3736,3725,-3732,-0.52,SJNFAAZE1U0005576,117.72,13.04,9049.318359375,78,75,0,0,0,0,14.5,99.17,-154546,93,1528022398.912,13840,2,1,0,5,0,0,0,0,4,358.52,358.52,1F,1,1,1,0080,82,40,40,0,0,19,18.75
03/06/2018 11:40:02,54 58.53373,-1 31.10137,301,0,330,652778,1144818,360.77,4.569,3767,3748,3758,19,0,94.2,34.6,89.4,31.9,none,none,82.0,27.8,3754,-3762,3753,-3761,3757,3762,3759,-3761,3758,-3763,3757,-3764,3758,-3765,3757,-3766,3757,-3763,3757,-3764,3759,-3765,3758,3764,3758,-3767,3757,-3766,3757,-3763,3759,-3763,3760,3763,3759,-3764,3759,-3764,3757,-3763,3759,-3762,3759,-3764,3756,-3761,3756,-3758,3751,-3759,3752,3762,3753,-3760,3753,-3759,3755,-3761,3754,-3760,3750,3763,3752,-3764,3754,-3766,3752,-3763,3755,-3764,3752,-3762,3751,-3764,3751,-3764,3750,-3766,3751,3764,3751,-3765,3748,-3763,3751,-3763,3752,-3763,3751,-3761,3751,3760,3750,-3760,3750,-3757,-0.55,SJNFAAZE1U0005576,117.72,13.04,9049.318359375,78,75,0,0,0,0,14.5,99.17,-154546,93,1528022402.661,3200,2,1,0,5,0,0,0,0,4,360.23,360.23,1F,1,1,1,0080,82,40,40,0,0,19,-23.50
03/06/2018 11:40:06,54 58.53373,-1 31.10137,301,0,330,652932,1144818,358.94,51.353,3747,3730,3739,17,0,94.2,34.6,89.4,31.9,none,none,82.0,27.8,3733,-3743,3736,-3741,3738,3743,3741,-3743,3740,3745,3739,-3744,3741,-3747,3740,-3747,3740,-3745,3741,-3744,3741,-3746,3742,-3747,3741,-3747,3739,3747,3739,-3745,3742,-3745,3741,-3745,3742,-3745,3741,3745,3741,-3744,3741,-3743,3741,-3745,3739,-3741,3736,-3740,3731,-3737,3731,-3739,3732,-3738,3734,3738,3736,-3741,3736,-3739,3731,-3743,3734,-3743,3734,-3744,3734,-3743,3735,-3745,3733,-3742,3739,-3743,3731,-3744,3732,3744,3733,-3746,3733,-3744,3730,-3742,3731,-3742,3734,-3744,3732,-3740,3730,-3739,3730,-3738,3730,3735,-0.51,SJNFAAZE1U0005576,117.72,13.04,9049.318359375,78,75,0,0,0,0,14.5,99.17,-154552,93,1528022406.182,7080,2,1,0,5,0,0,0,0,4,359.42,359.42,1F,1,1,1,0080,82,40,40,0,0,19,46.75
03/06/2018 11:40:09,54 58.53373,-1 31.10137,301,0,330,652229,1144818,358.94,47.324,3748,3729,3739,19,0,94.2,34.6,89.4,31.9,none,none,82.0,27.8,3734,-3743,3736,3741,3739,3741,3741,-3742,3740,-3745,3739,-3745,3740,3746,3741,-3746,3740,-3746,3739,-3745,3740,-3746,3740,-3746,3740,-3748,3739,-3746,3739,-3744,3740,3745,3741,-3743,3741,-3744,3741,-3744,3740,-3746,3740,3742,3741,-3745,3738,-3742,3736,-3739,3732,-3738,3731,-3739,3732,-3738,3734,-3739,3737,-3741,3735,-3739,3732,-3742,3734,-3743,3736,-3743,3734,-3744,3736,-3745,3734,3742,3738,-3743,3733,-3745,3732,-3744,3733,-3745,3733,3744,3729,-3742,3732,-3743,3734,-3744,3732,-3739,3732,-3739,3731,-3739,3730,-3736,-0.54,SJNFAAZE1U0005576,117.72,13.04,9050.927734375,78,75,0,0,0,0,14.5,99.17,-154552,93,1528022409.910,17120,2,1,0,4,0,0,0,0,4,358.64,358.64,1F,1,1,1,0080,82,40,40,0,0,19,15.50
03/06/2018 11:40:13,54 58.53373,-1 31.10137,301,0,330,651884,1144818,358.94,42.533,3747,3730,3739,17,0,94.4,34.7,89.4,31.9,none,none,82.0,27.8,-3738,3737,-3741,3735,-3743,3740,-3744,3739,-3744,3740,-3744,3741,-3745,3740,-3746,3740,-3746,3741,-3745,3741,-3746,3740,-3747,3742,-3746,3739,-3747,3740,-3745,3742,-3745,3742,-3743,3741,-3744,3742,-3745,3741,-3744,3741,-3744,3740,-3745,3740,-3743,3738,-3741,3736,-3736,3731,-3738,3733,-3739,3733,-3738,3732,-3741,3735,-3741,3732,-3740,3731,-3743,3733,-3745,3734,-3744,3734,-3745,3734,-3743,3734,-3746,3730,-3745,3731,-3745,3731,-3746,3731,-3745,3733,-3742,3732,-3740,3732,-3744,3735,-3738,3734,-3737,3732,-3739,3732,-3738,3731,-0.54,SJNFAAZE1U0005576,117.73,13.04,9050.927734375,78,75,0,0,0,0,14.5,99.17,-154552,93,1528022413.615,11640,2,0,0,0,0,0,0,0,4,358.92,358.92,1F,1,1,1,0080,82,40,40,0,0,19,9.25
03/06/2018 11:40:17,54 58.53373,-1 31.10137,301,0,330,651854,1144818,361.44,-28.632,3771,3757,3765,14,0,94.2,34.6,89.4,31.9,none,none,82.0,27.8,-3764,3763,-3767,3761,-3768,3764,-3768,3763,-3768,3765,-3768,3765,-3769,3765,-3769,3765,-3770,3765,-3769,3765,-3770,3765,-3770,3766,-3770,3764,-3771,3764,-3769,3766,-3769,3766,-3770,3766,-3769,3768,-3769,3766,-3768,3764,-3768,3765,-3770,3766,-3767,3763,-3766,3762,-3763,3760,-3766,3760,-3766,3761,-3767,3760,-3769,3760,-3770,3760,-3766,3758,-3769,3760,-3770,3762,-3768,3760,-3770,3761,-3768,3761,-3766,3757,-3770,3758,-3769,3757,-3771,3758,-3769,3759,-3767,3760,-3766,3758,-3768,3760,-3766,3760,-3764,3757,-3765,3759,-3765,3759,-0.50,SJNFAAZE1U0005576,117.73,13.04,9050.927734375,78,75,0,0,0,0,14.5,99.17,-154552,93,1528022417.330,0,2,0,0,0,0,0,0,0,4,361.59,361.59,1F,1,1,1,0080,82,40,40,0,0,19,-13.75
03/06/2018 11:40:21,54 58.53373,-1 31.10137,301,0,330,652096,1144818,361.34,-8.826,3773,3754,3764,19,0,94.2,34.6,89.4,31.9,none,none,82.0,27.8,-3766,3761,-3767,3759,-3768,3763,-3768,3762,-3769,3763,-3769,3764,-3769,3763,-3770,3763,-3770,3763,-3770,3762,-3770,3763,-3770,3764,-3772,3764,-3773,3762,-3770,3765,-3770,3765,-3770,3765,-3769,3765,-3768,3763,-3768,3762,-3768,3763,-3770,3765,-3766,3761,-3768,3760,-3763,3756,-3766,3758,-3765,3759,-3766,3758,-3767,3759,-3768,3757,-3766,3756,-3770,3757,-3770,3760,-3770,3759,-3770,3758,-3769,3759,-3768,3754,-3771,3756,-3770,3755,-3771,3756,-3770,3756,-3768,3757,-3767,3756,-3769,3758,-3766,3757,-3764,3755,-3765,3757,-3765,3755,-0.49,SJNFAAZE1U0005576,117.73,13.04,9050.927734375,78,75,0,0,0,0,14.5,99.17,-154562,93,1528022421.336,0,2,0,0,0,0,0,0,0,4,361.57,361.57,1F,1,1,1,0080,82,40,40,0,0,19,4.50
03/06/2018 11:40:25,54 58.53373,-1 31.10137,301,0,330,652006,1144818,361.25,5.515,3770,3754,3763,16,0,94.2,34.6,89.4,31.9,none,none,82.0,27.8,-3764,3760,-3766,3759,-3767,3762,-3767,3761,-3766,3762,-3768,3763,-3768,3763,-3768,3762,-3768,3763,-3768,3762,-3768,3763,-3770,3764,-3770,3762,-3769,3762,-3768,3765,-3768,3764,-3767,3764,-3768,3766,-3768,3762,-3766,3762,-3767,3762,-3769,3763,-3766,3761,-3765,3759,-3763,3757,-3764,3757,-3764,3759,-3765,3758,-3767,3758,-3768,3757,-3765,3756,-3769,3757,-3769,3759,-3767,3757,-3769,3758,-3766,3759,-3767,3754,-3769,3755,-3769,3755,-3770,3756,-3769,3755,-3767,3756,-3766,3756,-3767,3758,-3765,3758,-3764,3756,-3764,3756,-3764,3756,-0.51,SJNFAAZE1U0005576,117.73,13.04,9050.927734375,78,75,0,0,0,0,14.0,99.17,-154562,93,1528022425.114,3240,2,0,0,0,0,0,0,0,4,361.00,361.00,1F,1,1,1,0080,82,40,40,0,0,19,-16.25
03/06/2018 11:40:28,54 58.53373,-1 31.10137,301,0,330,652036,1144818,360.58,17.264,3764,3746,3756,18,0,94.4,34.7,89.4,31.9,none,none,82.0,27.8,3751,-3760,3751,-3759,3754,3760,3756,-3759,3753,-3762,3755,-3762,3754,-3763,3754,-3763,3755,-3764,3755,-3762,3755,-3763,3755,3763,3756,-3764,3754,-3763,3754,-3761,3756,-3762,3756,3761,3757,-3762,3755,-3761,3754,-3761,-3755,3761,3756,-3762,-3754,3759,-3754,3756,-3748,3757,-3748,3758,-3750,3757,-3751,3756,-3752,3760,-3752,3758,-3746,3759,-3750,3762,-3750,3764,-3749,3760,-3752,3761,-3750,3760,-3749,3762,-3747,3762,3748,-3763,3749,3762,3749,-3763,3746,-3760,3748,-3758,3749,-3759,3749,-3758,3747,3756,3748,-3759,3747,-3756,-0.48,SJNFAAZE1U0005576,117.73,13.04,9050.927734375,78,75,0,0,0,0,14.0,99.17,-154564,93,1528022428.887,4560,2,1,0,4,0,0,0,0,4,360.77,360.77,1F,1,1,1,0080,82,40,40,0,0,19,8.00
03/06/2018 11:40:32,54 58.53373,-1 31.10137,301,0,330,651839,1144818,360.48,22.483,3763,3745,3755,18,0,94.4,34.7,89.4,31.9,none,none,82.0,27.8,3750,-3760,3751,-3758,3754,3759,3757,-3759,3755,3761,3755,-3761,3756,-3763,3754,-3762,3755,-3763,3755,-3761,3756,-3762,3756,-3762,3755,-3763,3754,3763,3755,-3761,3756,-3761,3757,-3760,3756,-3762,3756,-3761,3754,-3760,3756,-3760,3757,-3761,3754,-3759,3753,-3755,3748,3756,3748,-3758,3748,-3756,3750,-3756,3751,-3759,3750,-3757,3747,-3758,3749,-3761,3751,-3763,3750,3759,3752,-3760,3749,-3760,3749,-3761,3747,-3763,3745,3762,3748,-3762,3747,-3762,3745,-3760,3747,-3758,3749,-3758,3749,-3758,3747,-3755,3747,-3757,3746,3754,-0.51,SJNFAAZE1U0005576,117.73,13.04,9050.927734375,78,75,0,0,0,0,14.0,99.17,-154564,93,1528022432.772,6120,2,1,0,4,0,0,0,0,4,360.59,360.59,1F,1,1,1,0080,82,40,40,0,0,19,7.50
03/06/2018 11:40:36,54 58.53373,-1 31.10137,301,0,330,651658,1144818,360.58,15.403,3764,3747,3756,17,0,94.4,34.7,89.4,31.9,none,none,82.0,27.8,3754,-3760,3754,3758,3755,3759,3758,-3758,3755,-3761,3756,-3762,3756,3763,3756,-3763,3756,-3763,3756,-3761,3757,-3762,3757,-3762,3758,-3764,3756,-3763,3756,-3762,3757,3763,3758,-3762,3757,-3762,3756,-3761,3756,-3760,3757,-3760,3758,3762,3754,-3758,3754,-3757,3751,-3756,3750,-3758,3751,3758,3753,-3756,3753,-3759,3753,-3757,3749,-3760,3752,-3761,3753,-3762,3752,-3760,3753,-3761,3751,3758,3752,-3761,3749,-3760,3750,-3761,3752,-3762,3750,3762,3747,-3760,3750,-3759,3752,-3759,3751,-3760,3750,-3758,3750,-3757,3749,-3755,-0.48,SJNFAAZE1U0005576,117.73,13.04,9050.927734375,78,75,0,0,0,0,14.0,99.17,-154564,93,1528022436.549,5560,2,1,0,4,0,0,0,0,4,360.74,360.74,1F,1,1,1,0080,82,40,40,0,0,19,5.75
03/06/2018 11:40:40,54 58.53373,-1 31.10137,301,0,330,651495,1144818,360.38,23.520,3763,3743,3754,20,0,94.2,34.6,89.4,31.9,none,none,82.0,27.8,3749,-3759,3750,-3758,3752,3757,3756,3757,3753,-3759,3753,-3760,3753,-3762,3752,-3761,3753,3759,3752,-3760,3754,-3761,3753,-3761,3754,-3763,3754,-3761,3753,3760,3755,-3760,3754,-3759,3755,-3760,3754,-3760,3753,-3759,3754,-3757,3755,-3760,3752,-3757,3750,3754,3746,-3755,3745,-3756,3748,-3753,3749,-3755,3750,3757,3749,-3755,3746,-3758,3747,-3760,3748,-3761,3748,-3760,3750,-3759,3747,-3758,3751,-3761,3745,3761,3746,-3760,3746,-3760,3745,-3761,3743,-3758,3746,3757,3747,-3760,3746,-3756,3745,-3755,3745,-3755,3744,-3752,-0.50,SJNFAAZE1U0005576,117.73,13.04,9050.927734375,78,75,0,0,0,0,14.0,99.17,-154564,93,1528022440.110,6040,2,1,0,4,0,0,0,0,4,360.50,360.50,1F,1,1,1,0080,82,40,40,0,0,19,11.25
03/06/2018 11:40:43,54 58.53373,-1 31.10137,301,0,329,651237,1144818,360.29,28.800,3761,3744,3753,17,0,94.2,34.6,89.4,31.9,none,none,82.0,27.8,3749,-3757,3749,-3756,3752,3757,3755,-3756,3753,-3759,3752,3759,3754,-3761,3752,-3760,3753,-3759,3754,-3759,3755,-3759,3753,3760,3754,-3761,3753,-3760,3753,-3758,3755,-3760,3754,3757,3754,-3759,3754,-3758,3752,-3759,3753,-3757,3755,-3759,3752,-3756,3750,-3753,3747,-3754,3747,3756,3748,-3753,3748,-3753,3751,-3755,3749,-3754,3746,3756,3748,-3758,3749,-3758,3748,-3758,3750,-3758,3747,-3758,3751,-3759,3747,-3758,3746,-3758,3747,3758,3746,-3759,3744,-3757,3745,-3756,3748,-3757,3747,3755,3746,-3753,3746,-3754,3745,-3751,-0.52,SJNFAAZE1U0005576,117.73,13.04,9050.927734375,78,75,0,0,0,0,14.0,99.17,-154564,93,1528022443.799,8400,2,1,0,4,0,0,0,0,4,360.32,360.32,1F,1,1,1,0080,82,40,40,0,0,19,11.75
03/06/2018 11:40:47,54 58.53373,-1 31.10137,301,0,329,650959,1144818,359.90,35.728,3755,3741,3749,14,0,94.2,34.6,89.4,31.9,none,none,82.0,27.8,-3750,3747,-3751,3747,-3752,3749,-3752,3748,-3753,3750,-3752,3750,-3754,3750,-3754,3751,-3754,3751,-3753,3750,-3754,3750,-3755,3753,-3755,3750,-3755,3750,-3754,3752,-3753,3752,-3753,3751,-3753,3753,-3753,3750,-3752,3750,-3753,3749,-3754,3751,-3751,3748,-3750,3748,-3747,3742,-3748,3744,-3749,3743,-3750,3744,-3751,3745,-3751,3743,-3749,3742,-3753,3744,-3753,3747,-3752,3744,-3754,3746,-3752,3745,-3754,3741,-3753,3742,-3753,3742,-3755,3743,-3753,3743,-3750,3744,-3750,3743,-3752,3746,-3749,3744,-3748,3741,-3749,3742,-3747,3741,-0.52,SJNFAAZE1U0005576,117.73,13.04,9050.927734375,78,75,0,0,0,0,14.0,99.17,-154564,93,1528022447.397,9440,2,1,0,4,0,0,0,0,4,359.89,359.89,1F,1,1,1,0080,82,40,40,0,0,19,14.00
03/06/2018 11:40:50,54 58.53373,-1 31.10137,301,0,329,650638,1144818,359.62,41.404,3753,3738,3746,15,0,94.2,34.6,89.4,31.9,none,none,82.0,27.8,-3745,3745,-3747,3743,-3750,3746,-3749,3745,-3750,3747,-3749,3748,-3751,3747,-3752,3746,-3751,3747,-3752,3747,-3751,3749,-3753,3749,-3753,3747,-3753,3746,-3751,3748,-3752,3749,-3751,3747,-3750,3750,-3751,3747,-3750,3747,-3750,3747,-3751,3749,-3748,3744,-3748,3743,-3743,3739,-3745,3743,-3746,3740,-3745,3740,-3749,3742,-3748,3741,-3747,3740,-3750,3742,-3750,3744,-3750,3741,-3751,3742,-3748,3743,-3751,3739,-3750,3739,-3750,3740,-3751,3740,-3750,3741,-3748,3739,-3746,3740,-3749,3741,-3745,3741,-3743,3739,-3745,3740,-3744,3738,-0.52,SJNFAAZE1U0005576,117.73,13.04,9050.927734375,78,75,0,0,0,0,14.0,99.17,-154564,93,1528022450.984,11280,2,1,0,5,0,0,0,0,4,359.59,359.59,1F,1,1,1,0080,82,40,40,0,0,19,20.75
03/06/2018 11:40:54,54 58.53373,-1 31.10137,301,0,329,650216,1144818,359.23,48.545,3749,3734,3742,15,0,94.2,34.6,89.4,31.9,none,none,82.0,27.8,-3741,3740,-3743,3739,-3745,3742,-3745,3742,-3746,3743,-3746,3744,-3747,3743,-3748,3743,-3748,3743,-3748,3743,-3748,3742,-3748,3744,-3748,3743,-3749,3741,-3746,3744,-3747,3744,-3746,3743,-3746,3744,-3747,3743,-3745,3743,-3746,3742,-3747,3744,-3744,3741,-3743,3739,-3738,3734,-3740,3737,-3740,3736,-3741,3736,-3745,3738,-3745,3735,-3741,3735,-3746,3736,-3747,3738,-3745,3737,-3746,3738,-3744,3738,-3748,3734,-3746,3735,-3746,3736,-3748,3736,-3746,3736,-3744,3736,-3742,3736,-3745,3738,-3741,3736,-3740,3734,-3741,3734,-3740,3734,-0.53,SJNFAAZE1U0005576,117.73,13.04,9050.927734375,78,75,0,0,0,0,14.0,99.17,-154564,93,1528022454.754,13760,2,1,0,5,0,0,0,0,4,359.19,359.19,1F,1,1,1,0080,82,40,40,0,0,19,21.50
03/06/2018 11:40:58,54 58.53373,-1 31.10137,301,0,329,649757,1144818,358.66,55.228,3744,3727,3736,17,0,94.2,34.6,89.4,31.9,none,none,82.0,27.8,-3736,3733,-3739,3732,-3741,3736,-3741,3735,-3742,3737,-3742,3738,-3742,3737,-3743,3737,-3744,3738,-3742,3737,-3744,3737,-3744,3739,-3744,3736,-3744,3735,-3743,3740,-3742,3739,-3741,3737,-3742,3741,-3741,3737,-3742,3736,-3743,3736,-3742,3738,-3739,3735,-3739,3734,-3732,3727,-3735,3729,-3737,3730,-3737,3729,-3739,3732,-3739,3730,-3736,3729,-3741,3730,-3742,3733,-3741,3731,-3742,3731,-3740,3732,-3742,3727,-3743,3728,-3741,3728,-3744,3729,-3742,3729,-3740,3730,-3738,3729,-3741,3729,-3736,3731,-3735,3728,-3736,3728,-3735,3729,-0.50,SJNFAAZE1U0005576,117.73,13.04,9050.927734375,78,75,0,0,0,0,14.0,99.17,-154564,93,1528022458.629,15040,2,1,0,5,0,0,0,0,4,358.80,358.80,1F,1,1,1,0080,82,40,40,0,0,19,24.25
03/06/2018 11:41:02,54 58.53373,-1 31.10137,301,0,328,649234,1144818,358.46,59.135,3743,3724,3734,19,0,94.4,34.7,89.4,31.9,none,none,81.8,27.7,-3729,3739,-3731,3737,-3732,3737,-3737,3738,-3734,3740,-3734,3740,-3735,3743,-3735,3743,-3735,3741,-3736,3741,-3736,3742,-3735,3742,-3736,3743,-3734,3742,3734,-3740,3737,3741,3736,-3740,3736,-3740,3736,-3740,3734,-3741,3735,-3739,3735,3741,3732,-3737,3731,-3735,3727,-3734,3726,-3736,3727,3733,3728,-3734,3733,-3736,3729,-3735,3725,-3738,3729,-3740,3730,-3739,3729,-3740,3731,-3739,3729,3739,3735,-3739,3726,-3739,3728,-3740,3727,-3740,-3728,3740,-3724,3737,-3727,3737,-3729,3739,-3727,3735,-3726,3735,-3727,3734,-3725,3731,-0.51,SJNFAAZE1U0005576,117.73,13.04,9050.927734375,78,75,0,0,0,0,14.0,99.17,-154564,93,1528022462.350,16200,2,1,0,5,0,0,0,0,4,358.61,358.61,1F,1,1,1,0080,82,40,40,0,0,19,24.75
03/06/2018 11:41:06,54 58.53373,-1 31.10137,301,0,328,648686,1144818,358.08,62.522,3739,3720,3730,19,0,94.2,34.6,89.4,31.9,none,none,82.0,27.8,3725,3733,3725,-3733,3728,3734,3731,-3733,3730,-3736,3729,-3736,3731,-3738,3731,-3738,3730,-3738,3730,3736,3731,-3737,3731,-3738,3732,-3739,3730,-3737,3730,3736,3732,-3736,3731,-3735,3732,-3736,3732,-3737,3731,-3736,3731,-3735,3730,-3735,3728,-3732,3727,3729,3721,-3728,3721,-3731,3723,-3728,3725,-3729,3727,3732,3725,-3730,3720,-3732,3725,-3734,3725,-3735,3724,-3734,3727,3735,3725,-3733,3728,-3733,3722,-3734,3722,-3735,3725,-3734,3723,-3735,3720,-3732,3723,-3732,3725,3733,3722,-3731,3721,-3729,3721,-3730,3720,-3728,-0.52,SJNFAAZE1U0005576,117.73,13.04,9050.927734375,78,75,0,0,0,0,14.0,99.17,-154564,93,1528022466.022,17880,2,1,0,5,0,0,0,0,4,358.24,358.24,1F,1,1,1,0080,82,40,40,0,0,19,28.50
03/06/2018 11:41:09,54 58.53373,-1 31.10137,301,0,328,648093,1144818,357.89,65.330,3738,3717,3728,21,0,94.2,34.6,89.4,31.9,none,none,82.0,27.8,3722,-3732,3723,-3731,3726,3732,3729,-3732,3728,-3735,3728,-3735,3728,-3738,3729,-3737,3728,-3736,3729,-3735,3729,-3736,3729,3737,3728,-3737,3727,-3737,3728,-3735,3731,-3735,3730,3734,3728,-3735,3730,-3735,3728,-3734,3728,-3733,3729,-3735,3726,-3732,3725,-3728,3719,-3727,3718,3729,3720,-3727,3721,-3727,3726,-3732,3723,-3729,3718,3731,3721,-3733,3723,-3734,3722,-3734,3724,-3733,3721,-3732,3727,3733,3719,-3734,3721,-3735,3722,-3734,3720,-3734,3717,-3733,3720,-3732,3722,-3735,3720,-3729,3718,3729,3718,-3728,3717,-3725,-0.52,SJNFAAZE1U0005576,117.73,13.04,9052.537109375,78,75,0,0,0,0,14.0,99.17,-154564,93,1528022469.625,18920,2,1,0,5,0,0,0,0,4,357.92,357.92,1F,1,1,1,0080,82,40,40,0,0,19,27.75
03/06/2018 11:41:13,54 58.53373,-1 31.10137,301,0,328,647548,1144818,357.89,55.991,3737,3718,3728,19,0,94.2,34.6,89.4,31.9,none,none,81.8,27.7,3723,-3732,3725,-3732,3728,3733,3730,-3732,3728,3735,3728,-3735,3729,-3737,3728,-3736,3729,-3736,3729,-3734,3730,-3736,3730,-3737,3730,-3737,3728,3737,3729,-3736,3731,-3735,3730,-3734,3730,-3736,3730,3736,3729,-3734,3729,-3734,3729,-3736,3726,-3731,3725,-3728,3720,-3728,3720,-3729,3721,-3728,3722,3728,3724,-3730,3725,-3730,3718,-3732,3722,-3734,3724,-3735,3722,3732,3725,-3734,3723,-3734,3723,-3733,3720,-3734,3719,3736,3722,-3736,3721,-3735,3719,-3732,3720,-3732,3723,-3731,3721,-3731,3719,-3729,3718,-3730,3719,3727,-0.48,SJNFAAZE1U0005576,117.73,13.04,9052.537109375,78,75,0,0,0,0,14.0,99.17,-154564,93,1528022473.461,16400,2,0,0,0,0,0,0,0,4,358.03,358.03,1F,1,1,1,0080,82,40,40,0,0,19,23.50
03/06/2018 11:41:17,54 58.53373,-1 31.10137,301,0,327,647039,1144818,358.18,49.918,3739,3719,3731,20,0,94.2,34.6,89.4,31.9,none,none,82.0,27.8,3725,-3734,3726,3733,3729,3736,3731,-3734,3730,-3736,3730,-3738,3730,3739,3730,-3739,3731,-3739,3731,-3738,3731,-3738,3732,-3739,3731,-3739,3729,-3739,3730,-3737,3732,3738,3732,-3736,3731,-3736,3731,-3737,3730,-3737,3731,3736,3732,-3737,3728,-3734,3728,-3731,3723,-3730,3722,-3731,3724,-3731,3725,-3730,3727,-3734,3725,3732,3722,-3735,3725,-3736,3725,-3739,3724,-3736,3728,-3737,3726,3736,3726,-3735,3721,-3737,3722,-3738,3724,-3738,3724,3738,3719,-3735,3723,-3735,3725,-3734,3724,-3733,3722,-3732,3724,-3732,3721,-3728,-0.52,SJNFAAZE1U0005576,117.73,13.04,9052.537109375,78,75,0,0,0,0,14.0,99.17,-154564,93,1528022477.435,15120,2,0,0,0,0,0,0,0,4,358.26,358.26,1F,1,1,1,0080,82,40,40,0,0,19,21.75
03/06/2018 11:41:21,54 58.53373,-1 31.10137,301,0,327,646614,1144818,358.37,43.296,3742,3724,3733,18,0,94.2,34.6,89.4,31.9,none,none,82.0,27.8,-3733,3730,-3735,3729,-3736,3733,-3738,3733,-3737,3734,-3738,3735,-3739,3734,-3740,3734,-3739,3734,-3738,3733,-3739,3734,-3740,3735,-3740,3733,-3740,3733,-3738,3736,-3738,3736,-3738,3733,-3737,3736,-3738,3734,-3738,3735,-3739,3734,-3738,3736,-3735,3730,-3735,3731,-3731,3725,-3732,3727,-3733,3727,-3735,3727,-3737,3729,-3736,3726,-3734,3726,-3739,3727,-3738,3729,-3737,3727,-3739,3730,-3737,3729,-3739,3724,-3738,3726,-3737,3726,-3742,3727,-3740,3726,-3736,3727,-3735,3727,-3738,3728,-3734,3727,-3732,3725,-3735,3725,-3733,3725,-0.52,SJNFAAZE1U0005576,117.73,13.04,9052.537109375,78,75,0,0,0,0,14.0,99.17,-154564,93,1528022481.299,12240,2,0,0,0,0,0,0,0,4,358.34,358.34,1F,1,1,1,0080,82,40,40,0,0,19,18.25
03/06/2018 11:41:25,54 58.53373,-1 31.10137,301,0,327,646219,1144818,358.27,40.732,3739,3724,3732,15,0,94.4,34.7,89.4,31.9,none,none,82.0,27.8,-3732,3729,-3734,3729,-3736,3732,-3737,3733,-3736,3734,-3737,3734,-3737,3734,-3738,3733,-3737,3734,-3737,3733,-3739,3735,-3738,3735,-3738,3734,-3739,3733,-3737,3735,-3738,3735,-3737,3734,-3737,3734,-3737,3734,-3737,3733,-3738,3733,-3737,3735,-3734,3732,-3732,3730,-3728,3724,-3730,3726,-3730,3726,-3730,3726,-3735,3728,-3734,3726,-3732,3725,-3736,3727,-3737,3729,-3734,3727,-3737,3729,-3734,3729,-3737,3724,-3736,3725,-3734,3726,-3737,3727,-3737,3726,-3734,3726,-3733,3727,-3736,3727,-3731,3727,-3730,3725,-3731,3724,-3730,3724,-0.53,SJNFAAZE1U0005576,117.73,13.04,9052.537109375,78,75,0,0,0,0,14.0,99.17,-154564,93,1528022485.148,11760,2,1,0,11,0,0,0,0,4,358.53,358.53,1F,1,1,1,0080,82,40,40,0,0,19,19.00
03/06/2018 11:41:29,54 58.53373,-1 31.10137,301,0,327,645806,1144818,358.37,46.927,3740,3725,3733,15,0,94.2,34.6,89.4,31.9,none,none,82.0,27.8,-3732,3731,-3734,3730,-3735,3732,-3737,3732,-3737,3734,-3738,3735,-3738,3734,-3739,3735,-3738,3734,-3738,3734,-3739,3735,-3738,3736,-3740,3734,-3738,3734,-3738,3735,-3738,3735,-3738,3735,-3737,3736,-3738,3734,-3738,3736,-3738,3733,-3737,3735,-3735,3733,-3734,3730,-3730,3725,-3731,3727,-3732,3727,-3734,3728,-3737,3730,-3735,3727,-3733,3726,-3738,3727,-3738,3730,-3736,3730,-3738,3730,-3736,3730,-3739,3726,-3737,3727,-3738,3728,-3739,3727,-3738,3727,-3734,3728,-3735,3729,-3737,3730,-3732,3728,-3732,3726,-3733,3726,-3731,3726,-0.50,SJNFAAZE1U0005576,117.73,13.04,9052.537109375,78,75,0,0,0,0,14.0,99.17,-154564,93,1528022489.043,12560,2,1,0,4,0,0,0,0,4,358.34,358.34,1F,1,1,1,0080,82,40,40,0,0,19,17.25
03/06/2018 11:41:32,54 58.53373,-1 31.10137,301,0,326,645397,1144818,358.18,46.683,3739,3722,3731,17,0,94.2,34.6,89.4,31.9,none,none,82.0,27.8,-3731,3728,-3733,3728,-3736,3730,-3736,3730,-3737,3731,-3735,3733,-3738,3733,-3738,3733,-3738,3732,-3738,3732,-3737,3732,-3738,3734,-3739,3731,-3738,3731,-3737,3733,-3737,3735,-3737,3733,-3736,3735,-3737,3732,-3736,3733,-3736,3731,-3737,3733,-3733,3730,-3733,3728,-3729,3723,-3730,3725,-3730,3725,-3731,3724,-3735,3727,-3734,3725,-3732,3725,-3737,3725,-3737,3727,-3736,3727,-3737,3727,-3735,3726,-3738,3722,-3737,3723,-3737,3724,-3739,3725,-3738,3724,-3734,3724,-3733,3725,-3736,3726,-3732,3725,-3730,3724,-3732,3723,-3730,3723,-0.49,SJNFAAZE1U0005576,117.73,13.04,9052.537109375,78,75,0,0,0,0,14.0,99.17,-154564,93,1528022492.693,12840,2,1,0,4,0,0,0,0,4,358.14,358.14,1F,1,1,1,0080,82,40,40,0,0,19,20.25
03/06/2018 11:41:36,54 58.53373,-1 31.10137,301,0,326,644963,1144818,357.89,51.902,3737,3717,3728,20,0,94.4,34.7,89.4,31.9,none,none,82.0,27.8,3723,-3733,3725,-3732,3727,3731,3732,-3732,3728,-3734,3728,-3736,3729,-3737,3729,-3737,3728,-3734,3729,-3736,3729,-3735,3729,3736,3729,-3737,3727,-3737,3728,-3733,3729,-3735,3730,3733,3729,-3734,3730,-3734,3729,-3735,3730,-3732,3729,-3735,3725,-3731,3725,-3728,3720,-3728,3720,3729,-3721,-3726,3722,-3728,-3727,3731,-3723,3729,-3719,3733,-3723,3733,-3724,3732,-3723,3735,-3724,3734,-3722,3732,-3728,3734,-3720,3735,3721,-3734,3721,3735,3720,-3734,3717,-3732,3721,-3733,3723,-3735,3720,-3729,3718,3729,3719,-3729,3719,-3726,-0.50,SJNFAAZE1U0005576,117.73,13.04,9052.537109375,78,75,0,0,0,0,14.0,99.17,-154564,93,1528022496.519,14280,2,1,0,4,0,0,0,0,4,357.99,357.99,1F,1,1,1,0080,82,40,40,0,0,19,22.25
03/06/2018 11:41:40,54 58.53373,-1 31.10137,301,0,326,644477,1144818,357.70,55.991,3734,3716,3726,18,0,94.2,34.6,89.4,31.9,none,none,81.8,27.7,3720,-3729,3722,-3729,3725,3729,3728,-3729,3725,3732,3725,-3732,3727,-3733,3727,-3734,3726,-3734,3727,-3732,3727,-3733,3728,-3733,3727,-3733,3726,3733,3726,-3733,3728,-3733,3728,-3731,3728,-3732,3727,3731,3727,-3731,3727,-3731,3727,-3732,3724,-3728,3722,-3725,3717,3724,3717,-3725,3719,-3724,3720,-3723,3722,-3728,3722,-3727,3716,-3728,3720,-3729,3721,-3731,3720,3729,3723,-3730,3722,-3730,3720,-3729,3718,-3731,3716,3732,3720,-3731,3719,-3731,3717,-3729,3719,-3728,3722,-3728,3719,-3727,3718,-3726,3718,-3727,3718,3723,-0.50,SJNFAAZE1U0005576,117.73,13.04,9052.537109375,78,75,0,0,0,0,14.0,99.17,-154564,93,1528022500.166,15880,2,1,0,4,0,0,0,0,4,357.73,357.73,1F,1,1,1,0080,82,40,40,0,0,19,23.75
03/06/2018 11:41:43,54 58.53373,-1 31.10137,301,0,326,643984,1144818,357.41,58.524,3733,3713,3723,20,0,94.2,34.6,89.4,31.9,none,none,82.0,27.8,3717,-3727,3718,3727,3720,3727,3725,-3728,3722,-3730,3723,-3730,3723,3731,3723,-3732,3723,-3732,3724,-3731,3725,-3733,3724,-3732,3724,-3733,3722,-3732,3723,-3731,3725,3730,3725,-3729,3724,-3730,3724,-3730,3723,-3730,3723,-3728,3724,3730,3721,-3726,3719,-3723,3715,-3722,3714,-3724,3716,3723,3717,-3723,3720,-3726,3717,-3724,3713,-3728,3717,-3728,3718,-3730,3716,-3728,3718,-3729,3716,3728,3721,-3729,3714,-3730,3714,-3730,3716,-3730,3715,3730,3713,-3728,3714,-3726,3717,-3728,3715,-3725,3715,-3724,3714,-3725,3713,-3720,-0.50,SJNFAAZE1U0005576,117.73,13.04,9052.537109375,78,75,0,0,0,0,14.0,99.17,-154564,93,1528022503.799,16160,2,1,0,4,0,0,0,0,4,357.42,357.42,1F,1,1,1,0080,82,40,40,0,0,19,25.50
03/06/2018 11:41:47,54 58.53373,-1 31.10137,301,0,325,643499,1144818,357.50,56.052,3733,3713,3724,20,0,94.2,34.6,89.4,31.9,none,none,81.8,27.7,3719,-3728,3720,-3727,3722,3727,3726,3728,3723,-3730,3724,-3730,3725,-3732,3724,-3733,3724,-3731,3725,-3731,3724,-3733,3726,-3732,3725,-3733,3723,-3733,3723,3730,3726,-3730,3725,-3730,3725,-3729,3725,-3730,3724,-3729,3724,-3729,3724,-3730,3722,-3727,3720,3725,3715,-3722,3715,-3725,3716,-3723,3718,-3722,3721,3727,3718,-3724,3714,-3727,3718,-3729,3719,-3730,3718,-3730,3720,-3729,3718,-3727,3721,-3729,3715,3730,3714,-3731,3717,-3730,3717,-3730,3713,-3728,3717,3728,3719,-3729,3716,-3724,3715,-3725,3716,-3725,3714,-3722,-0.52,SJNFAAZE1U0005576,117.73,13.04,9052.537109375,78,75,0,0,0,0,14.0,99.17,-154564,93,1528022507.316,16520,2,1,0,4,0,0,0,0,4,357.46,357.46,1F,1,1,1,0080,82,40,40,0,0,19,23.75
03/06/2018 11:41:50,54 58.53373,-1 31.10137,301,0,325,643015,1144818,357.50,52.390,3732,3714,3724,18,0,94.2,34.6,89.4,31.9,none,none,82.0,27.8,3719,-3728,3720,-3726,3722,3727,3725,-3726,3724,-3730,3724,-3730,3725,-3731,3724,-3731,3725,-3731,3724,-3730,3725,-3730,3726,3732,3726,-3732,3724,-3731,3725,-3730,3726,-3730,3725,3729,3725,-3729,3726,-3730,3724,-3729,3725,-3728,3725,-3730,3721,-3727,3720,-3724,3715,-3721,3716,3725,3718,-3722,3718,-3722,3721,-3726,3720,-3723,3715,3726,3718,-3728,3719,-3728,3719,-3728,3721,-3729,3719,-3727,3721,-3728,3717,-3728,3716,-3728,3718,3728,3717,-3729,3714,-3726,3717,-3727,3719,-3728,3717,3724,3715,-3722,3716,-3724,3716,-3721,-0.53,SJNFAAZE1U0005576,117.73,13.04,9052.537109375,78,75,0,0,0,0,14.0,99.17,-154564,93,1528022510.802,15120,2,1,0,4,0,0,0,0,4,357.44,357.44,1F,1,1,1,0080,82,40,40,0,0,19,19.75
03/06/2018 11:41:54,54 58.53373,-1 31.10137,301,0,325,642576,1144818,357.60,50.529,3731,3717,3725,14,0,94.2,34.6,89.4,31.9,none,none,82.0,27.8,-3724,3722,-3726,3722,-3728,3725,-3730,3724,-3729,3727,-3730,3727,-3730,3727,-3731,3726,-3730,3726,-3731,3725,-3731,3727,-3731,3728,-3731,3726,-3730,3725,-3729,3728,-3730,3727,-3730,3727,-3730,3728,-3729,3726,-3729,3726,-3730,3725,-3730,3727,-3727,3723,-3724,3723,-3721,3717,-3723,3719,-3724,3719,-3724,3719,-3728,3720,-3727,3719,-3725,3718,-3730,3720,-3729,3721,-3727,3722,-3730,3721,-3728,3720,-3730,3717,-3728,3718,-3729,3718,-3731,3718,-3730,3719,-3726,3721,-3726,3719,-3729,3721,-3724,3718,-3723,3718,-3724,3717,-3723,3717,-0.49,SJNFAAZE1U0005576,117.73,13.04,9052.537109375,78,75,0,0,0,0,14.0,99.17,-154564,93,1528022514.501,14280,2,1,0,4,0,0,0,0,4,357.67,357.67,1F,1,1,1,0080,82,40,40,0,0,19,20.50
03/06/2018 11:41:58,54 58.53373,-1 31.10137,301,0,325,642164,1144818,357.79,40.305,3734,3719,3727,15,0,94.4,34.7,89.4,31.9,none,none,82.0,27.8,-3727,3725,-3731,3724,-3729,3728,-3730,3727,-3731,3729,-3733,3730,-3733,3729,-3734,3729,-3734,3729,-3732,3729,-3733,3729,-3734,3731,-3734,3728,-3733,3729,-3731,3731,-3733,3730,-3732,3729,-3731,3730,-3733,3730,-3731,3729,-3732,3728,-3732,3729,-3729,3726,-3728,3725,-3724,3720,-3725,3723,-3727,3722,-3726,3721,-3730,3723,-3729,3722,-3726,3721,-3731,3723,-3732,3724,-3729,3723,-3732,3725,-3730,3723,-3732,3719,-3731,3721,-3732,3722,-3734,3722,-3732,3723,-3729,3721,-3727,3722,-3730,3722,-3725,3722,-3725,3720,-3727,3721,-3726,3720,-0.50,SJNFAAZE1U0005576,117.73,13.04,9052.537109375,78,75,0,0,0,0,14.0,99.17,-154564,94,1528022518.159,12320,2,1,0,5,0,0,0,0,4,357.91,357.91,1F,1,1,1,0080,82,40,40,0,0,19,15.50
03/06/2018 11:42:01,54 58.53373,-1 31.10137,301,0,325,641844,1144818,357.98,38.382,3738,3720,3729,18,0,94.2,34.6,89.4,31.9,none,none,82.0,27.8,-3730,3726,-3731,3726,-3733,3729,-3733,3728,-3734,3731,-3734,3732,-3735,3730,-3737,3731,-3736,3731,-3735,3729,-3736,3730,-3737,3732,-3737,3729,-3736,3729,-3734,3732,-3734,3731,-3734,3730,-3733,3733,-3734,3730,-3734,3729,-3734,3730,-3734,3730,-3731,3728,-3730,3727,-3726,3721,-3729,3723,-3728,3723,-3730,3724,-3733,3724,-3732,3723,-3730,3722,-3735,3724,-3735,3726,-3733,3723,-3736,3724,-3733,3726,-3735,3721,-3735,3722,-3733,3722,-3738,3722,-3735,3723,-3732,3723,-3731,3724,-3735,3724,-3730,3724,-3728,3721,-3729,3724,-3728,3720,-0.49,SJNFAAZE1U0005576,117.73,13.04,9052.537109375,78,75,0,0,0,0,14.0,99.17,-154564,94,1528022521.631,10040,2,1,0,4,0,0,0,0,4,358.02,358.02,1F,1,1,1,0080,82,40,40,0,0,19,12.75
03/06/2018 11:42:05,54 58.53373,-1 31.10137,301,0,325,641576,1144818,358.27,30.265,3739,3724,3732,15,0,94.4,34.7,89.4,31.9,none,none,82.0,27.8,-3732,3730,-3735,3728,-3736,3732,-3737,3731,-3737,3733,-3737,3734,-3738,3733,-3738,3732,-3739,3733,-3738,3731,-3737,3732,-3739,3734,-3739,3731,-3739,3732,-3738,3734,-3738,3734,-3737,3734,-3737,3734,-3738,3733,-3737,3732,-3738,3733,-3738,3733,-3735,3731,-3734,3729,-3730,3724,-3731,3727,-3732,3728,-3732,3726,-3734,3728,-3735,3725,-3733,3726,-3737,3728,-3737,3729,-3735,3726,-3738,3728,-3736,3728,-3737,3724,-3737,3724,-3736,3726,-3739,3725,-3737,3725,-3734,3726,-3732,3725,-3735,3728,-3733,3726,-3730,3724,-3731,3724,-3730,3724,-0.47,SJNFAAZE1U0005576,117.73,13.04,9052.537109375,78,75,0,0,0,0,14.0,99.17,-154564,94,1528022525.061,8160,2,1,0,5,0,0,0,0,4,358.29,358.29,1F,1,1,1,0080,82,40,40,0,0,19,9.50
03/06/2018 11:42:08,54 58.53373,-1 31.10137,301,0,324,641375,1144818,358.85,20.377,3746,3729,3738,17,0,94.4,34.7,89.4,31.9,none,none,82.0,27.8,-3738,3735,-3741,3734,-3742,3738,-3743,3737,-3742,3738,-3743,3738,-3744,3738,-3745,3739,-3744,3738,-3743,3737,-3745,3738,-3745,3740,-3745,3738,-3746,3737,-3743,3738,-3742,3739,-3744,3739,-3743,3739,-3743,3738,-3743,3738,-3743,3738,-3744,3739,-3740,3736,-3739,3735,-3735,3730,-3739,3733,-3738,3733,-3739,3732,-3742,3733,-3741,3732,-3740,3730,-3743,3732,-3744,3734,-3743,3733,-3743,3733,-3742,3734,-3743,3729,-3745,3730,-3743,3730,-3745,3729,-3743,3731,-3742,3730,-3739,3731,-3743,3732,-3738,3733,-3737,3730,-3738,3731,-3738,3730,-0.48,SJNFAAZE1U0005576,117.73,13.04,9054.146484375,78,75,0,0,0,0,14.0,99.17,-154564,94,1528022528.330,6440,2,1,0,4,0,0,0,0,4,358.71,358.71,1F,1,1,1,0080,82,40,40,0,0,19,7.00
03/06/2018 11:42:11,54 58.53373,-1 31.10137,301,0,324,641227,1144818,358.94,15.311,3746,3731,3739,15,0,94.4,34.7,89.4,31.9,none,none,81.8,27.7,3736,-3744,3736,3743,3739,3742,3740,-3741,3738,-3745,3739,-3745,3739,3746,3739,-3745,3739,-3745,3739,-3745,3740,-3745,3740,-3745,3739,-3746,3738,-3745,3738,-3745,3740,3745,3739,-3743,3740,-3745,3741,-3744,3740,-3745,3740,3743,3740,-3744,3737,-3743,3736,-3740,3733,-3739,3733,-3741,3734,-3739,3736,-3738,3737,-3743,3735,3739,3732,-3743,3735,-3743,3735,-3745,3735,-3745,3737,3744,3734,-3742,3736,-3744,3733,-3745,3733,-3745,3733,-3745,3733,-3744,3731,-3742,3733,-3742,3734,3742,3733,-3741,3732,-3739,3732,-3740,3731,-3737,-0.50,SJNFAAZE1U0005576,117.73,13.04,9054.146484375,78,75,0,0,0,0,14.0,99.17,-154564,94,1528022531.949,5520,2,0,0,0,0,0,0,0,4,359.06,359.06,1F,1,1,1,0080,82,40,40,0,0,19,5.50
03/06/2018 11:42:15,54 58.53373,-1 31.10137,301,0,324,641099,1144818,359.52,5.485,3752,3736,3745,16,0,94.4,34.7,89.4,31.9,none,none,82.0,27.8,3741,-3750,3740,-3747,3744,3748,3746,3748,3744,-3751,3744,-3752,3744,-3751,3745,-3752,3745,3750,3744,-3751,3745,-3751,3745,-3752,3746,-3751,3744,-3752,3745,-3751,3746,-3750,3746,-3750,3745,3750,3746,-3751,3745,-3750,3746,-3749,3746,-3750,3743,3748,3743,-3746,3738,-3746,3739,-3748,3740,-3747,3741,-3746,3743,-3749,3740,-3746,3740,-3749,3740,3750,3742,-3752,3740,-3749,3742,-3750,3741,-3749,3740,3750,3738,-3750,3738,-3751,3739,-3750,3739,-3750,3736,-3748,3738,3749,3741,-3748,3740,-3748,3738,-3745,3737,-3747,3737,-3743,-0.49,SJNFAAZE1U0005576,117.73,13.04,9054.146484375,78,75,0,0,0,0,14.0,99.17,-154564,94,1528022535.493,3280,2,0,0,0,0,0,0,0,4,359.48,359.48,1F,1,1,1,0080,82,40,40,0,0,19,-4.00
03/06/2018 11:42:19,54 58.53373,-1 31.10137,301,0,324,641118,1144818,359.90,-0.922,3756,3741,3749,15,0,94.2,34.6,89.4,31.9,none,none,82.0,27.8,3745,-3753,3746,-3751,3748,3752,3751,-3751,3749,-3753,3748,3754,3749,-3755,3748,-3754,3749,-3755,3748,-3754,3749,3755,3749,-3754,3750,-3756,3748,-3756,3749,-3753,3749,-3754,3750,-3753,3750,-3753,3750,-3753,3749,3753,3750,-3753,3750,-3754,3748,-3752,3746,-3749,3744,3749,3743,-3751,3745,-3750,3746,-3749,3747,-3751,3746,-3750,3743,-3752,3744,-3754,3745,-3755,3745,3753,3746,-3753,3744,-3752,3744,-3753,3742,-3754,3742,-3755,3744,3755,3743,-3754,3741,-3751,3743,-3751,3744,-3752,3745,3751,3743,-3749,3743,-3750,3742,-3747,-0.48,SJNFAAZE1U0005576,117.73,13.04,9054.146484375,78,75,0,0,0,0,14.0,99.17,-154564,94,1528022539.293,0,2,0,0,0,0,0,0,0,4,359.92,359.92,1F,1,1,1,0080,82,40,40,0,0,19,-1.50
03/06/2018 11:42:23,54 58.53373,-1 31.10137,301,0,324,641058,1144818,359.33,16.776,3751,3734,3743,17,0,94.4,34.7,89.4,31.9,none,none,82.0,27.8,3739,-3748,3739,-3747,3742,3747,3745,-3746,3742,-3749,3742,-3749,3742,-3750,3742,3750,3743,-3751,3743,-3749,3743,-3749,3743,-3750,3744,3751,3742,-3750,3742,-3748,3743,-3749,3743,-3748,3744,-3750,3744,-3748,3742,-3748,3743,-3747,3744,3748,3743,-3746,3741,-3743,3735,-3744,3737,-3745,3735,3744,3738,-3744,3739,-3747,3739,-3745,3735,-3747,3737,-3750,3739,-3750,3737,-3748,3739,-3748,3737,-3747,3736,-3749,3735,-3749,3734,-3749,3736,-3750,3735,-3749,3734,3747,3735,-3746,3737,-3746,3736,-3746,3734,-3744,3735,3745,3734,-3741,-0.51,SJNFAAZE1U0005576,117.73,13.04,9054.146484375,78,75,0,0,0,0,14.0,99.17,-154564,94,1528022543.115,3880,2,1,0,11,0,0,0,0,4,359.50,359.50,1F,1,1,1,0080,82,40,40,0,0,19,8.50
03/06/2018 11:42:27,54 58.53373,-1 31.10137,301,0,324,640820,1144818,358.85,31.821,3745,3729,3738,16,0,94.2,34.6,89.4,31.9,none,none,82.0,27.8,3738,3735,3741,-3734,-3742,3738,-3742,-3738,-3742,3739,-3743,3739,-3744,3738,-3744,3738,-3744,3739,-3744,3738,-3745,3739,-3745,3740,-3745,3737,-3744,3737,-3742,3739,-3743,3740,-3743,3739,-3742,3740,-3744,3738,-3743,3738,-3743,3738,-3744,3740,-3741,3736,-3740,3736,-3736,3729,-3738,3733,-3739,3731,-3739,3732,-3741,3733,-3741,3731,-3739,3729,-3742,3731,-3744,3734,-3742,3732,-3744,3733,-3743,3734,3742,-3729,3744,-3730,3743,-3730,3745,-3730,3743,-3732,3741,-3731,3740,-3731,3742,3733,3738,-3733,3737,-3731,3738,-3731,3738,-3730,-0.53,SJNFAAZE1U0005576,117.73,13.04,9054.146484375,78,75,0,0,0,0,14.0,99.17,-154564,94,1528022547.026,8200,2,1,0,4,0,0,0,0,4,358.94,358.94,1F,1,1,1,0080,82,40,40,0,0,19,15.75
03/06/2018 11:42:31,54 58.53373,-1 31.10137,301,0,324,640468,1144818,358.37,42.808,3742,3724,3733,18,0,94.2,34.6,89.4,31.9,none,none,82.0,27.8,-3734,3730,-3734,3729,-3737,3732,-3738,3732,-3738,3734,-3738,3735,-3738,3733,-3739,3733,-3740,3734,-3739,3734,-3739,3734,-3740,3736,-3739,3733,-3739,3732,-3738,3735,-3739,3735,-3739,3734,-3737,3736,-3738,3734,-3737,3733,-3738,3733,-3739,3735,-3736,3732,-3734,3731,-3731,3726,-3733,3727,-3733,3727,-3734,3727,-3737,3729,-3736,3726,-3733,3726,-3738,3727,-3739,3729,-3736,3729,-3738,3729,-3738,3730,-3739,3724,-3739,3726,-3737,3725,-3742,3725,-3739,3726,-3737,3726,-3736,3727,-3737,3728,-3734,3728,-3732,3726,-3735,3726,-3733,3726,-0.51,SJNFAAZE1U0005576,117.73,13.04,9054.146484375,78,75,0,0,0,0,14.0,99.17,-154564,94,1528022551.056,10920,2,1,0,4,0,0,0,0,4,358.42,358.42,1F,1,1,1,0080,82,40,40,0,0,19,20.00
03/06/2018 11:42:35,54 58.53373,-1 31.10137,301,0,324,640040,1144818,358.27,42.747,3739,3722,3732,17,0,94.2,34.6,89.4,31.9,none,none,82.0,27.8,-3730,3729,-3734,3728,-3736,3732,-3736,3730,-3737,3733,-3737,3735,-3738,3732,-3738,3732,-3738,3733,-3737,3732,-3738,3733,-3738,3734,-3739,3731,-3737,3731,-3737,3734,-3736,3734,-3736,3733,-3736,3735,-3738,3733,-3736,3731,-3737,3732,-3736,3733,-3735,3730,-3734,3729,-3729,3724,-3730,3726,-3732,3726,-3732,3725,-3734,3728,-3734,3726,-3732,3724,-3737,3726,-3738,3730,-3736,3726,-3737,3727,-3735,3727,-3735,3722,-3737,3724,-3737,3725,-3738,3724,-3738,3726,-3735,3724,-3733,3724,-3736,3725,-3731,3726,-3731,3723,-3731,3726,-3732,3725,-0.50,SJNFAAZE1U0005576,117.73,13.04,9054.146484375,78,75,0,0,0,0,14.0,99.17,-154564,94,1528022555.047,12520,2,1,0,4,0,0,0,0,4,358.33,358.33,1F,1,1,1,0080,82,40,40,0,0,19,17.25
03/06/2018 11:42:38,54 58.53373,-1 31.10137,301,0,324,639669,1144818,358.18,38.321,3739,3723,3731,16,0,94.2,34.6,89.4,31.9,none,none,82.0,27.8,-3732,3729,-3735,3728,-3736,3730,-3735,3730,-3736,3732,-3736,3732,-3737,3732,-3738,3733,-3737,3733,-3737,3732,-3738,3733,-3739,3735,-3739,3732,-3738,3731,-3737,3733,-3736,3734,-3736,3733,-3735,3733,-3738,3732,-3736,3731,-3737,3732,-3737,3733,-3734,3731,-3733,3729,-3728,3724,-3731,3726,-3732,3725,-3732,3726,-3735,3727,-3735,3725,-3733,3723,-3737,3725,-3738,3728,-3736,3726,-3738,3726,-3735,3728,-3738,3723,-3737,3724,-3737,3723,-3739,3724,-3738,3725,-3735,3724,-3734,3725,-3736,3726,-3731,3726,-3730,3723,-3731,3724,-3730,3723,-0.48,SJNFAAZE1U0005576,117.73,13.04,9054.146484375,78,75,0,0,0,0,14.0,99.17,-154564,94,1528022558.799,11280,2,1,0,5,0,0,0,0,4,358.38,358.38,1F,1,1,1,0080,82,40,40,0,0,19,17.50
03/06/2018 11:42:42,54 58.53373,-1 31.10137,301,0,323,639295,1144818,358.08,44.028,3738,3720,3730,18,0,94.2,34.6,89.4,31.9,none,none,81.8,27.7,-3725,3734,-3726,3733,-3728,3734,-3732,3733,-3730,3735,-3730,3736,-3730,3738,-3729,3738,-3731,3736,-3730,3737,-3731,3737,-3731,3738,-3730,3737,-3729,3737,-3729,3736,-3732,3735,-3730,3735,-3732,3735,-3731,3736,-3729,3735,-3731,3734,-3731,3735,-3728,3733,-3727,3730,-3722,3730,-3721,3731,-3724,3730,-3724,3730,-3726,3733,-3725,3731,-3722,3734,-3724,3734,-3725,3736,-3724,3736,-3726,3735,-3724,3734,-3725,3735,-3721,3736,3721,-3737,3722,3737,-3722,3737,3720,-3734,-3723,3734,-3725,3735,-3723,3732,-3721,3730,-3721,3731,-3721,3728,-0.50,SJNFAAZE1U0005576,117.73,13.04,9054.146484375,78,75,0,0,0,0,14.0,99.17,-154564,94,1528022562.515,11760,2,1,0,5,0,0,0,0,4,358.16,358.16,1F,1,1,1,0080,82,40,40,0,0,19,22.00
03/06/2018 11:42:45,54 58.53373,-1 31.10137,301,0,323,638872,1144818,357.50,55.900,3733,3715,3724,18,0,94.2,34.6,89.2,31.8,none,none,81.8,27.7,3720,-3729,3720,-3728,3722,3728,3726,-3728,3725,-3731,3724,3731,3725,-3733,3725,-3733,3725,-3732,3725,-3731,3726,3732,3725,-3732,3725,-3732,3724,-3732,3724,-3730,3726,-3731,3726,-3730,3726,-3731,3726,-3730,3725,3730,3726,-3729,3726,-3731,3722,-3727,3721,-3725,3717,3723,3716,-3725,3718,-3725,3719,-3724,3723,-3727,3720,-3724,3717,-3728,3720,-3729,3720,-3730,3719,-3728,3721,-3730,3719,-3729,3722,-3729,3717,-3729,3717,-3730,3718,3730,3718,-3730,3715,-3727,3717,-3728,3720,-3728,3716,3725,3716,-3724,3715,-3725,3715,-3723,-0.51,SJNFAAZE1U0005576,117.73,13.04,9054.146484375,78,75,0,0,0,0,14.0,99.17,-154564,94,1528022565.953,15520,2,1,0,5,0,0,0,0,4,357.57,357.57,1F,1,1,1,0080,82,40,40,0,0,19,25.50
03/06/2018 11:42:49,54 58.53373,-1 31.10137,301,0,323,638374,1144818,357.50,51.566,3732,3713,3724,19,0,94.2,34.6,89.4,31.9,none,none,81.8,27.7,3717,-3728,3720,-3726,3721,3727,3725,-3727,3723,-3730,3724,-3730,3725,-3732,3724,3732,3724,-3730,3724,-3731,3724,-3731,3725,-3732,3725,3732,3723,-3732,3722,-3729,3725,-3730,3724,-3729,3725,-3728,3725,-3730,3724,-3729,3723,-3728,3725,3730,3722,-3726,3720,-3725,3715,-3723,3715,-3725,3718,3723,3718,-3724,3722,-3728,3719,-3724,3715,-3728,3718,-3730,3718,3730,3718,-3730,3720,-3729,3716,-3728,3721,-3729,3715,-3729,3715,-3731,3717,-3732,3717,-3730,3713,3727,3716,-3727,3718,-3729,3717,-3725,3715,-3725,3716,3724,3714,-3722,-0.53,SJNFAAZE1U0005576,117.73,13.04,9054.146484375,78,75,0,0,0,0,14.0,99.17,-154564,94,1528022569.687,15800,2,1,0,5,0,0,0,0,4,357.54,357.54,1F,1,1,1,0080,82,40,40,0,0,19,21.75
03/06/2018 11:42:53,54 58.53373,-1 31.10137,301,0,323,637996,1144818,358.27,27.701,3740,3722,3732,18,0,94.2,34.6,89.4,31.9,none,none,81.8,27.7,3727,3737,3727,-3735,3730,3735,3735,-3735,3732,-3738,3732,-3739,3733,-3739,3732,-3739,3732,-3739,3732,3737,3733,-3739,3733,-3739,3733,-3740,3731,-3739,3731,3738,3733,-3737,3733,-3737,3733,-3737,3733,-3738,3733,-3737,3733,-3736,3733,-3738,3730,-3734,3730,3732,3726,-3732,3726,-3734,3726,-3733,3727,-3733,3729,-3736,3728,3734,3725,-3737,3726,-3737,3727,-3739,3726,-3737,3728,3738,3726,-3736,3728,-3738,3724,-3738,3723,-3739,3726,-3739,3724,-3739,3722,-3737,3725,-3737,3726,3736,3725,-3734,3724,-3733,3724,-3734,3724,-3730,-0.50,SJNFAAZE1U0005576,117.73,13.04,9054.146484375,78,75,0,0,0,0,14.0,99.17,-154564,94,1528022573.552,9840,2,1,0,5,0,0,0,0,4,358.21,358.21,1F,1,1,1,0080,82,40,40,0,0,19,8.50
03/06/2018 11:42:57,54 58.53373,-1 31.10137,301,0,323,637800,1144818,358.75,18.058,3744,3729,3737,15,0,94.2,34.6,89.2,31.8,none,none,81.8,27.7,3733,-3742,3734,-3740,3736,3740,3738,-3739,3736,-3742,3736,-3743,3737,-3744,3737,-3743,3736,-3743,3737,-3742,3738,-3743,3738,3743,3738,-3744,3736,-3744,3736,-3742,3737,-3743,3737,3741,3737,-3742,3738,-3742,3738,-3741,3738,-3742,3739,-3742,3735,-3739,3734,-3736,3730,-3736,3730,3738,3731,-3737,3732,-3736,3733,-3740,3733,-3738,3729,-3740,3732,3741,3733,-3743,3732,-3741,3734,-3742,3732,-3740,3733,3741,3730,-3741,3729,-3742,3731,-3742,3731,-3742,3729,-3739,3729,-3739,3732,-3740,3731,-3739,3730,3737,3729,-3738,3729,-3734,-0.50,SJNFAAZE1U0005576,117.73,13.04,9054.146484375,78,75,0,0,0,0,14.0,99.17,-154564,94,1528022577.515,5440,2,1,0,5,0,0,0,0,4,358.76,358.76,1F,1,1,1,0080,82,40,40,0,0,19,7.00
03/06/2018 11:43:01,54 58.53373,-1 31.10137,301,0,323,637632,1144818,358.85,17.753,3745,3729,3738,16,0,94.2,34.6,89.4,31.9,none,none,81.8,27.7,-3737,3734,-3741,3734,-3743,3737,-3743,3736,-3742,3738,-3742,3739,-3744,3738,-3744,3737,-3744,3738,-3744,3737,-3745,3738,-3745,3740,-3744,3737,-3745,3737,-3743,3738,-3744,3739,-3743,3738,-3743,3740,-3744,3738,-3744,3738,-3743,3738,-3743,3739,-3740,3737,-3739,3735,-3735,3731,-3738,3732,-3738,3733,-3739,3732,-3742,3733,-3742,3732,-3740,3730,-3743,3733,-3745,3734,-3744,3732,-3744,3732,-3742,3734,-3743,3729,-3743,3729,-3743,3730,-3744,3731,-3744,3730,-3741,3730,-3739,3731,-3741,3733,-3738,3731,-3738,3730,-3738,3730,-3738,3730,-0.55,SJNFAAZE1U0005576,117.73,13.04,9054.146484375,78,75,0,0,0,0,14.0,99.17,-154564,94,1528022581.316,5440,2,0,0,0,0,0,0,0,4,358.88,358.88,1F,1,1,1,0080,82,40,40,0,0,19,10.00
03/06/2018 11:43:04,54 58.53373,-1 31.10137,301,0,322,637410,1144818,358.37,33.713,3741,3724,3733,17,0,94.2,34.6,89.4,31.9,none,none,81.8,27.7,-3734,3730,-3735,3729,-3736,3730,-3737,3731,-3737,3732,-3737,3734,-3739,3733,-3739,3732,-3738,3733,-3739,3732,-3739,3733,-3738,3734,-3740,3733,-3740,3731,-3738,3734,-3737,3734,-3737,3733,-3738,3733,-3738,3733,-3737,3732,-3737,3732,-3738,3734,-3735,3731,-3734,3729,-3731,3725,-3732,3727,-3733,3727,-3734,3727,-3738,3729,-3737,3726,-3735,3726,-3740,3726,-3739,3727,-3738,3729,-3739,3728,-3737,3729,-3740,3724,-3738,3725,-3740,3725,-3741,3726,-3739,3726,-3736,3726,-3736,3726,-3738,3729,-3734,3727,-3733,3726,-3734,3725,-3732,3724,-0.52,SJNFAAZE1U0005576,117.73,13.04,9054.146484375,78,75,0,0,0,0,14.0,99.17,-154564,94,1528022584.786,9120,2,0,0,0,0,0,0,0,4,358.35,358.35,1F,1,1,1,0080,82,40,40,0,0,19,17.75
03/06/2018 11:43:08,54 58.53373,-1 31.10137,301,0,322,637034,1144818,357.31,55.350,3730,3715,3722,15,0,94.2,34.6,89.4,31.9,none,none,81.8,27.7,-3721,3721,-3725,3719,-3726,3722,-3727,3721,-3727,3724,-3728,3724,-3729,3724,-3729,3724,-3728,3725,-3728,3723,-3730,3725,-3730,3726,-3729,3722,-3730,3723,-3727,3725,-3728,3725,-3727,3725,-3727,3725,-3728,3724,-3727,3723,-3727,3722,-3728,3724,-3724,3721,-3723,3720,-3719,3715,-3720,3717,-3722,3718,-3722,3716,-3725,3719,-3724,3716,-3722,3717,-3727,3717,-3728,3720,-3725,3717,-3726,3720,-3725,3719,-3727,3715,-3726,3716,-3726,3717,-3729,3718,-3728,3716,-3724,3717,-3723,3718,-3727,3719,-3722,3718,-3721,3715,-3722,3716,-3721,3715,-0.50,SJNFAAZE1U0005576,117.73,13.04,9054.146484375,78,75,0,0,0,0,14.0,99.17,-154564,94,1528022588.473,14840,2,0,0,0,0,0,0,0,4,357.58,357.58,1F,1,1,1,0080,82,40,40,0,0,19,28.25
03/06/2018 11:43:12,54 58.53373,-1 31.10137,301,0,322,636505,1144818,357.31,53.336,3730,3713,3722,17,0,94.2,34.6,89.4,31.9,none,none,81.8,27.7,-3722,3718,-3724,3717,-3725,3721,-3726,3720,-3727,3722,-3727,3723,-3728,3723,-3730,3722,-3728,3723,-3728,3722,-3729,3723,-3729,3723,-3729,3722,-3729,3722,-3727,3724,-3728,3724,-3727,3722,-3726,3724,-3727,3722,-3726,3721,-3727,3721,-3727,3723,-3724,3720,-3723,3719,-3719,3714,-3721,3716,-3722,3716,-3723,3715,-3727,3717,-3724,3715,-3724,3715,-3726,3716,-3727,3717,-3726,3717,-3727,3717,-3725,3718,-3729,3713,-3728,3714,-3726,3715,-3729,3715,-3728,3715,-3725,3714,-3724,3716,-3726,3717,-3721,3716,-3720,3714,-3722,3714,-3722,3713,-0.50,SJNFAAZE1U0005576,117.74,13.04,9055.755859375,78,75,0,0,0,0,14.0,99.17,-154564,94,1528022592.427,16560,2,0,0,0,0,0,0,0,4,357.38,357.38,1F,1,1,1,0080,82,40,40,0,0,19,23.25
03/06/2018 11:43:16,54 58.53373,-1 31.10137,301,0,322,636053,1144818,357.79,36.399,3735,3718,3727,17,0,94.2,34.6,89.2,31.8,none,none,81.8,27.7,-3724,3731,-3724,3729,-3725,3731,-3729,3730,-3727,3732,-3727,3734,-3727,3735,-3727,3734,-3727,3734,-3728,3733,-3728,3734,-3729,3734,-3730,3734,-3727,3733,3726,-3733,3729,3734,3728,-3731,3729,-3732,-3728,3733,-3728,-3732,-3728,3731,-3728,3733,-3725,3729,-3724,3728,-3721,3726,-3720,3729,-3722,3727,-3724,3727,-3726,3730,-3722,3727,-3720,3730,-3723,3731,-3723,3733,-3722,3732,-3726,3732,-3723,3730,-3724,3731,-3719,3732,-3720,3732,-3722,3733,-3722,3732,-3718,3730,-3721,3730,-3724,3731,-3722,3729,-3721,3728,-3720,3728,-3719,3725,-0.50,SJNFAAZE1U0005576,117.74,13.04,9055.755859375,78,75,0,0,0,0,14.0,99.17,-154564,94,1528022596.397,12120,2,1,0,4,0,0,0,0,4,357.78,357.78,1F,1,1,1,0080,82,40,40,0,0,11,12.50
03/06/2018 11:43:20,54 58.53373,-1 31.10137,301,0,322,635790,1144818,358.37,22.208,3740,3723,3733,17,0,94.2,34.6,89.4,31.9,none,none,81.8,27.7,3728,3737,3729,-3736,3730,3736,3733,-3736,3732,-3738,3732,-3739,3733,-3740,3733,-3739,3732,-3738,3733,3739,3732,-3739,3733,-3740,3732,-3740,3732,-3740,3733,3738,3734,-3739,3733,-3738,3732,-3738,3734,-3739,3732,-3739,3734,3738,3734,-3739,3731,-3736,3730,-3733,3726,-3733,3726,-3735,3728,-3732,3729,-3733,3730,-3735,3729,3734,3726,-3735,3729,-3737,3728,-3739,3728,-3736,3730,3737,3728,-3737,3728,-3738,3725,-3738,3726,-3738,3727,-3738,3726,-3738,3723,-3736,3727,-3735,3729,3737,3727,-3734,3725,-3733,3725,-3734,3724,-3732,0.12,SJNFAAZE1U0005576,117.74,13.12,9055.755859375,78,75,0,0,0,0,14.0,99.17,-154564,94,1528022600.355,7440,2,1,0,4,0,0,0,0,4,358.39,358.39,1F,1,1,1,0080,82,40,40,0,0,19,8.50
03/06/2018 11:43:24,54 58.53373,-1 31.10137,301,0,321,635572,1144818,358.27,27.335,3739,3723,3732,16,0,94.2,34.6,89.4,31.9,none,none,81.8,27.7,3728,-3735,3728,-3734,3729,3735,3733,-3735,3730,-3736,3732,-3737,3732,-3739,3731,-3738,3731,-3738,3732,-3738,3733,-3738,3732,3738,3732,-3739,3731,-3738,3731,-3736,3733,-3737,3733,3736,3733,-3737,3733,-3737,3731,-3737,3731,-3735,3733,-3737,3730,3734,3728,-3731,3726,-3731,3725,-3733,3726,-3731,3727,-3730,3729,-3735,3728,-3733,3725,-3735,3728,3737,3728,-3739,3726,-3736,3729,-3736,3726,-3736,3728,3736,3724,-3737,3724,-3737,3727,-3736,3727,-3736,3723,-3735,3725,-3734,3727,-3734,3726,-3733,3725,3731,3724,-3733,3723,-3730,-0.08,SJNFAAZE1U0005576,117.74,13.44,9055.755859375,78,75,0,0,0,0,14.0,99.17,-154564,94,1528022604.179,7000,2,1,0,4,0,0,0,0,4,358.34,358.34,1F,1,1,1,0080,82,40,40,0,0,19,12.75
03/06/2018 11:43:28,54 58.53373,-1 31.10137,301,0,321,635280,1144818,358.08,33.713,3737,3721,3730,16,0,94.2,34.6,89.2,31.8,none,none,81.8,27.7,3725,-3734,3726,-3733,3728,3733,3732,-3733,3729,3734,3730,-3735,3730,-3737,3730,-3737,3729,-3736,3730,-3735,3731,-3737,3732,-3737,3731,-3737,3730,3737,3729,-3734,3731,-3736,3731,-3735,3731,-3735,3731,3735,3730,-3735,3729,-3734,3731,-3736,3728,-3733,3727,-3729,3723,3730,3724,-3731,3724,-3730,3725,-3729,3727,-3732,3726,-3730,3722,-3734,3724,-3735,3726,-3736,3725,3734,3728,-3735,3724,-3733,3727,-3734,3723,-3734,3722,3735,3725,-3736,3723,-3735,3721,-3734,3723,-3732,3725,-3733,3723,-3731,3722,-3729,3722,-3730,3722,3727,-0.20,SJNFAAZE1U0005576,117.74,13.76,9055.755859375,78,75,0,0,0,0,14.0,99.17,-154564,94,1528022608.290,8840,2,1,0,4,0,0,0,0,4,358.11,358.11,1F,1,1,1,0080,82,40,40,0,0,19,15.25
03/06/2018 11:43:32,54 58.53373,-1 31.10137,301,0,321,634953,1144818,358.27,26.908,3740,3722,3732,18,0,94.2,34.6,89.2,31.8,none,none,81.8,27.7,3728,-3738,3727,3736,3731,3736,3734,-3736,3731,-3738,3731,-3739,3732,3740,3731,-3740,3732,-3739,3732,-3739,3732,-3739,3732,-3740,3732,-3740,3730,-3740,3731,-3738,3733,3737,3732,-3737,3732,-3737,3732,-3739,3731,-3737,3733,3737,3733,-3738,3731,-3735,3729,-3733,3725,-3733,3724,-3737,3727,-3734,3727,-3733,3730,-3736,3727,3734,3724,-3737,3726,-3739,3727,-3739,3726,-3738,3729,-3738,3727,3738,3728,-3739,3724,-3740,3724,-3739,3725,-3739,3725,3740,3722,-3737,3724,-3736,3726,-3736,3726,-3735,3724,-3734,3724,-3734,3723,-3732,-0.29,SJNFAAZE1U0005576,117.74,14.08,9055.755859375,78,75,0,0,0,0,14.0,99.17,-154564,94,1528022612.326,8760,2,1,0,5,0,0,0,0,4,358.24,358.24,1F,1,1,1,0080,82,40,40,0,0,19,10.00
03/06/2018 11:43:36,54 58.53373,-1 31.10137,301,0,321,634717,1144818,358.37,24.192,3740,3724,3733,16,0,94.2,34.6,89.4,31.9,none,none,81.8,27.7,-3733,3730,-3736,3729,-3738,3733,-3737,3732,-3737,3733,-3737,3734,-3739,3733,-3739,3732,-3739,3733,-3739,3732,-3738,3733,-3739,3734,-3740,3733,-3739,3731,-3738,3734,-3737,3734,-3737,3732,-3738,3734,-3739,3734,-3738,3732,-3738,3732,-3738,3734,-3736,3731,-3735,3729,-3731,3725,-3733,3726,-3733,3726,-3734,3727,-3736,3728,-3738,3727,-3733,3726,-3738,3726,-3740,3730,-3737,3728,-3739,3728,-3737,3728,-3737,3724,-3739,3725,-3738,3725,-3740,3724,-3739,3725,-3736,3725,-3734,3725,-3736,3728,-3733,3726,-3732,3725,-3734,3725,-3733,3725,-0.25,SJNFAAZE1U0005576,117.74,14.32,9055.755859375,78,75,0,0,0,0,14.0,99.17,-154564,94,1528022616.201,7520,2,1,0,5,0,0,0,0,4,358.40,358.40,1F,1,1,1,0080,82,40,40,0,0,19,10.00
03/06/2018 11:43:39,54 58.53373,-1 31.10137,301,0,321,634494,1144818,358.56,19.797,3742,3727,3735,15,0,94.4,34.7,89.4,31.9,none,none,82.0,27.8,-3736,3733,-3738,3732,-3740,3734,-3739,3735,-3740,3735,-3740,3736,-3741,3735,-3741,3736,-3742,3736,-3741,3734,-3742,3736,-3742,3737,-3742,3734,-3742,3735,-3740,3736,-3739,3737,-3741,3736,-3740,3737,-3741,3736,-3740,3735,-3741,3735,-3741,3736,-3738,3734,-3737,3733,-3732,3727,-3736,3729,-3735,3730,-3737,3730,-3739,3731,-3740,3729,-3738,3729,-3740,3730,-3742,3732,-3741,3730,-3741,3730,-3740,3731,-3741,3727,-3741,3727,-3741,3728,-3742,3728,-3741,3729,-3740,3729,-3738,3728,-3739,3730,-3735,3731,-3735,3727,-3737,3728,-3737,3728,-0.30,SJNFAAZE1U0005576,117.74,14.32,9055.755859375,78,75,0,0,0,0,14.0,99.17,-154564,94,1528022619.954,7200,2,1,0,5,0,0,0,0,4,358.61,358.61,1F,1,1,1,0080,82,40,40,0,0,19,5.75
03/06/2018 11:43:43,54 58.53373,-1 31.10137,301,0,321,634387,1144818,359.14,6.309,3749,3733,3741,16,0,94.2,34.6,89.2,31.8,none,none,81.8,27.7,-3742,3738,-3743,3736,-3744,3740,-3745,3739,-3745,3741,-3745,3741,-3747,3741,-3747,3741,-3746,3741,-3747,3739,-3747,3741,-3747,3742,-3747,3740,-3747,3739,-3746,3742,-3745,3742,-3745,3741,-3744,3742,-3745,3742,-3745,3740,-3745,3740,-3746,3742,-3744,3738,-3743,3738,-3741,3735,-3741,3736,-3742,3735,-3741,3735,-3744,3737,-3744,3734,-3743,3734,-3747,3735,-3747,3737,-3746,3736,-3746,3736,-3744,3737,-3746,3733,-3747,3733,-3747,3733,-3749,3734,-3748,3734,-3744,3733,-3744,3734,-3745,3735,-3742,3735,-3742,3733,-3742,3734,-3741,3733,-0.32,SJNFAAZE1U0005576,117.74,14.32,9055.755859375,78,75,0,0,0,0,14.0,99.17,-154564,94,1528022623.722,2720,2,1,0,5,0,0,0,0,4,359.19,359.19,1F,1,1,1,0080,82,40,40,0,0,19,4.50
03/06/2018 11:43:47,54 58.53373,-1 31.10137,301,0,321,634191,1144818,357.98,39.847,3736,3722,3729,14,0,94.2,34.6,89.2,31.8,none,none,81.8,27.7,-3729,3728,-3732,3727,-3733,3729,-3733,3728,-3734,3730,-3733,3731,-3735,3730,-3736,3730,-3735,3730,-3735,3730,-3736,3730,-3735,3732,-3735,3730,-3736,3729,-3734,3730,-3735,3731,-3735,3730,-3734,3732,-3735,3730,-3734,3729,-3734,3729,-3735,3731,-3732,3728,-3730,3727,-3728,3722,-3728,3724,-3731,3724,-3729,3723,-3732,3725,-3733,3723,-3731,3723,-3733,3724,-3734,3725,-3733,3727,-3734,3725,-3732,3725,-3736,3722,-3734,3723,-3733,3722,-3735,3723,-3735,3723,-3731,3724,-3731,3724,-3733,3726,-3730,3725,-3728,3723,-3728,3723,-3729,3722,-0.31,SJNFAAZE1U0005576,117.74,14.32,9055.755859375,78,75,0,0,0,0,14.0,99.17,-154564,94,1528022627.259,10120,2,1,0,5,0,0,0,0,4,358.11,358.11,1F,1,1,1,0080,82,40,40,0,0,19,23.00
03/06/2018 11:43:50,54 58.53373,-1 31.10137,301,0,321,633760,1144818,357.02,61.698,3727,3709,3719,18,0,94.2,34.6,89.2,31.8,none,none,81.8,27.7,3714,-3722,3714,-3721,3716,3722,3720,-3721,3717,-3724,3719,-3725,3719,-3726,3719,-3727,3720,-3726,3720,-3725,3720,-3726,3721,3726,3719,-3726,3718,-3726,-3718,-3725,3720,-3724,-3720,3723,-3721,3725,-3721,3724,-3718,3723,-3720,3724,-3721,3725,-3717,3722,-3715,3719,-3711,3717,-3711,3720,-3711,3718,-3713,3718,-3715,3721,-3714,3719,-3709,3720,-3713,3723,-3715,3724,-3714,3723,-3717,3723,-3714,3723,-3716,3722,-3711,3723,3710,-3725,3713,3723,3713,-3725,3710,-3722,3712,-3721,3714,-3722,3712,-3720,3710,3718,3711,-3718,3710,-3716,-0.30,SJNFAAZE1U0005576,117.74,14.32,9055.755859375,78,75,0,0,0,0,14.0,99.17,-154564,94,1528022630.614,16880,2,1,0,5,0,0,0,0,4,357.12,357.12,1F,1,1,1,0080,82,40,40,0,0,19,30.50
03/06/2018 11:43:54,54 58.53373,-1 31.10137,301,0,320,633269,1144818,357.02,60.477,3728,3708,3719,20,0,94.4,34.7,89.4,31.9,none,none,81.8,27.7,3714,-3724,3715,-3723,3716,3724,3720,-3722,3718,-3725,3718,3726,3718,-3727,3719,-3728,3718,-3727,3718,-3725,3718,3727,3719,-3727,3720,-3728,3718,-3727,3718,-3725,3720,-3726,3719,-3724,3720,-3726,3719,-3726,3719,3725,3718,-3724,3719,-3725,3716,-3722,3715,-3719,3711,3719,3710,-3721,3712,-3720,3713,-3720,3716,-3722,3713,-3720,3710,-3723,3712,-3724,3714,-3726,3712,3724,3715,-3726,3712,-3724,3715,-3723,3710,-3725,3710,3727,3712,-3725,3711,-3726,3708,-3723,3710,-3723,3713,-3723,3711,-3721,3710,-3719,3709,-3721,3709,3717,-0.31,SJNFAAZE1U0005576,117.74,14.32,9055.755859375,78,75,0,0,0,0,14.0,99.17,-154564,94,1528022634.080,17960,2,1,0,5,0,0,0,0,4,356.96,356.96,1F,1,1,1,0080,82,40,40,0,0,19,22.75
03/06/2018 11:43:57,54 58.53373,-1 31.10137,301,0,320,632913,1144818,358.18,22.117,3739,3720,3731,19,0,94.2,34.6,89.4,31.9,none,none,81.8,27.7,3727,-3736,3727,-3734,3730,3734,3732,-3733,3730,-3736,3730,-3736,3731,-3738,3730,3738,3730,-3737,3731,-3736,3732,-3738,3732,-3738,3731,3739,3729,-3738,3730,-3736,3732,-3736,3731,-3736,3731,-3736,3732,-3736,3731,-3736,3732,-3735,3731,3737,3729,-3735,3728,-3732,3724,-3731,3724,-3733,3724,3731,3725,-3731,3727,-3734,3727,-3733,3722,-3735,3725,-3737,3726,-3739,3725,-3737,3727,-3736,3725,3736,3726,-3736,3723,-3737,3722,-3738,3723,-3739,3723,-3738,3720,-3734,3723,-3735,3725,-3734,3724,-3734,3724,-3732,3722,3733,3723,-3730,-0.31,SJNFAAZE1U0005576,117.74,14.32,9055.755859375,78,75,0,0,0,0,14.0,99.17,-154564,95,1528022637.500,8160,2,1,0,5,0,0,0,0,4,358.13,358.13,1F,1,1,1,0080,82,40,40,0,0,19,4.25
03/06/2018 11:44:01,54 58.53373,-1 31.10137,301,0,320,632785,1144818,358.18,21.750,3740,3722,3731,18,0,94.2,34.6,89.4,31.9,none,none,81.8,27.7,3726,3736,3727,-3734,3731,3735,3733,-3735,3731,-3737,3731,-3737,3732,-3740,3731,-3738,3730,-3737,3731,3737,3732,-3738,3732,-3738,3732,-3739,3729,-3738,3731,3736,3732,-3737,3732,-3736,3732,-3737,3733,-3738,3731,-3736,3732,-3736,3732,-3737,3730,-3734,3729,3732,3724,-3732,3724,-3734,3726,-3733,3727,-3731,3728,3735,3728,-3733,3723,-3736,3726,-3738,3727,-3738,3726,-3736,3728,-3738,3726,-3736,3726,-3737,3725,-3738,3724,-3739,3725,-3738,3724,-3738,3722,-3736,3723,-3735,3726,3735,3725,-3735,3723,-3732,3724,-3733,3722,-3730,-0.32,SJNFAAZE1U0005576,117.74,14.32,9055.755859375,78,75,0,0,0,0,14.0,99.17,-154564,95,1528022641.229,4800,2,0,0,0,0,0,0,0,4,358.34,358.34,1F,1,1,1,0080,82,40,40,0,0,19,13.25
03/06/2018 11:44:04,54 58.53373,-1 31.10137,301,0,320,632483,1144818,357.50,42.685,3732,3714,3724,18,0,94.2,34.6,89.2,31.8,none,none,81.8,27.7,3718,-3728,3719,-3727,3722,3729,3725,-3728,3723,-3730,3723,-3730,3723,-3732,3723,-3732,3723,-3731,3724,-3731,3724,-3730,3724,3731,3725,-3732,3723,-3732,3723,-3730,3724,-3730,3724,3730,3725,-3730,3724,-3730,3723,-3730,3724,-3729,3725,-3730,3722,-3728,3720,-3723,3716,-3724,3716,3726,3717,-3724,3717,-3725,3720,-3728,3719,-3725,3714,3727,3718,-3730,3718,-3731,3717,-3729,3720,-3728,3718,-3728,3720,3729,3715,-3731,3715,-3730,3718,-3730,3716,-3730,3714,-3727,3716,-3728,3719,-3728,3716,-3725,3715,3725,3715,-3725,3714,-3722,-0.32,SJNFAAZE1U0005576,117.74,14.32,9055.755859375,78,75,0,0,0,0,14.0,99.17,-154564,95,1528022644.925,12040,2,0,0,0,0,0,0,0,4,357.61,357.61,1F,1,1,1,0080,82,40,40,0,0,19,22.75
03/06/2018 11:44:08,54 58.53373,-1 31.10137,301,0,320,632064,1144818,357.22,47.538,3728,3713,3721,15,0,94.4,34.7,89.4,31.9,none,none,82.0,27.8,-3720,3719,-3723,3718,-3725,3720,-3725,3720,-3725,3722,-3725,3723,-3727,3722,-3728,3722,-3727,3723,-3727,3722,-3727,3723,-3728,3724,-3728,3722,-3726,3720,-3726,3723,-3726,3724,-3724,3722,-3726,3723,-3726,3722,-3726,3722,-3726,3721,-3726,3723,-3723,3721,-3722,3718,-3718,3713,-3720,3715,-3721,3716,-3720,3716,-3723,3717,-3723,3715,-3720,3715,-3725,3716,-3725,3718,-3724,3717,-3726,3717,-3724,3717,-3728,3714,-3725,3714,-3725,3715,-3726,3715,-3726,3715,-3722,3715,-3721,3717,-3725,3718,-3720,3715,-3720,3715,-3721,3715,-3720,3713,-0.30,SJNFAAZE1U0005576,117.74,14.32,9055.755859375,78,75,0,0,0,0,14.0,99.17,-154564,95,1528022648.786,13280,2,0,0,0,0,0,0,0,4,357.28,357.28,1F,1,1,1,0080,82,40,40,0,0,19,26.75
03/06/2018 11:44:12,54 58.53373,-1 31.10137,301,0,319,631543,1144818,356.35,68.381,3720,3703,3712,17,0,94.2,34.6,89.4,31.9,none,none,81.8,27.7,-3711,3710,-3714,3709,-3717,3712,-3716,3711,-3717,3712,-3718,3714,-3719,3714,-3719,3713,-3718,3715,-3720,3714,-3719,3714,-3719,3715,-3720,3712,-3719,3712,-3718,3716,-3718,3717,-3718,3715,-3718,3716,-3718,3714,-3718,3713,-3719,3713,-3718,3714,-3716,3711,-3713,3710,-3708,3703,-3711,3707,-3711,3707,-3712,3707,-3716,3709,-3716,3706,-3712,3705,-3717,3707,-3719,3709,-3718,3707,-3718,3709,-3717,3708,-3718,3704,-3718,3704,-3717,3705,-3719,3705,-3717,3705,-3715,3706,-3714,3707,-3716,3707,-3712,3707,-3712,3704,-3712,3705,-3712,3704,-0.32,SJNFAAZE1U0005576,117.74,14.32,9055.755859375,78,75,0,0,0,0,14.0,99.17,-154564,95,1528022652.668,18240,2,1,0,4,0,0,0,0,4,356.47,356.47,1F,1,1,1,0080,82,40,40,0,0,19,34.25
03/06/2018 11:44:16,54 58.53373,-1 31.10137,301,0,319,630942,1144818,356.83,50.498,3725,3709,3717,16,0,94.2,34.6,89.2,31.8,none,none,81.8,27.7,-3717,3715,-3720,3714,-3721,3717,-3722,3716,-3721,3719,-3722,3719,-3724,3719,-3724,3717,-3723,3718,-3724,3717,-3724,3719,-3725,3721,-3725,3718,-3725,3717,-3722,3719,-3723,3720,-3722,3719,-3722,3720,-3723,3719,-3722,3718,-3722,3718,-3722,3719,-3720,3715,-3719,3713,-3714,3710,-3717,3710,-3718,3711,-3718,3712,-3722,3714,-3720,3712,-3718,3710,-3723,3712,-3723,3713,-3721,3713,-3723,3713,-3721,3714,-3725,3709,-3723,3710,-3723,3709,-3725,3710,-3723,3711,-3720,3710,-3719,3710,-3722,3712,-3717,3710,-3717,3710,-3717,3710,-3717,3709,-0.32,SJNFAAZE1U0005576,117.74,14.32,9057.365234375,78,75,0,0,0,0,14.0,99.17,-154564,95,1528022656.557,16360,2,1,0,4,0,0,0,0,4,356.75,356.75,1F,1,1,1,0080,82,40,40,0,0,19,17.00
03/06/2018 11:44:20,54 58.53373,-1 31.10137,301,0,319,630606,1144818,357.60,25.870,3733,3716,3725,17,0,94.2,34.6,89.2,31.8,none,none,81.8,27.7,-3726,3722,-3729,3722,-3730,3725,-3729,3723,-3730,3725,-3731,3726,-3731,3725,-3733,3724,-3731,3726,-3731,3725,-3733,3725,-3733,3727,-3732,3725,-3733,3724,-3731,3727,-3730,3727,-3729,3726,-3731,3727,-3731,3725,-3730,3725,-3731,3725,-3731,3726,-3728,3724,-3728,3722,-3724,3716,-3726,3719,-3726,3720,-3726,3719,-3729,3720,-3729,3718,-3726,3719,-3730,3719,-3732,3722,-3730,3719,-3731,3721,-3729,3720,-3730,3716,-3733,3718,-3731,3719,-3733,3719,-3731,3718,-3729,3719,-3728,3719,-3729,3720,-3726,3720,-3725,3718,-3726,3718,-3726,3717,-0.30,SJNFAAZE1U0005576,117.74,14.32,9057.365234375,78,75,0,0,0,0,14.0,99.17,-154564,95,1528022660.582,8520,2,1,0,4,0,0,0,0,4,357.64,357.64,1F,1,1,1,0080,82,40,40,0,0,19,10.25
03/06/2018 11:44:24,54 58.53373,-1 31.10137,301,0,319,630354,1144818,357.70,29.868,3734,3717,3726,17,0,94.2,34.6,89.2,31.8,none,none,81.8,27.7,-3722,3730,-3723,3728,-3724,3728,-3728,3728,-3726,3731,-3727,3731,-3728,3733,-3726,3732,-3726,3732,-3727,3732,-3727,3732,-3727,3731,-3727,3734,-3726,3733,3726,-3730,3727,3732,3728,-3731,3727,-3731,3727,-3731,3728,-3730,3727,-3729,3727,3731,3724,-3729,3724,-3726,3719,-3726,3719,-3727,3720,3726,3721,-3725,3724,-3728,3722,-3727,3720,-3729,3721,-3730,3723,-3730,3722,-3731,3723,-3731,3720,3730,3723,-3731,3719,-3730,-3719,3731,3721,-3731,-3718,3731,-3717,3729,-3721,3728,-3721,3730,-3720,3728,-3719,3727,-3719,3727,-3718,3723,-1.17,SJNFAAZE1U0005576,117.74,14.08,9057.365234375,78,75,0,0,0,0,14.0,99.17,-154564,95,1528022664.630,7680,2,1,0,4,0,0,0,0,4,357.65,357.65,1F,1,1,1,0080,82,40,40,0,0,19,12.00
03/06/2018 11:44:28,54 58.53373,-1 31.10137,301,0,319,630109,1144818,357.98,21.903,3738,3720,3729,18,0,94.2,34.6,89.4,31.9,none,none,81.8,27.7,3726,3735,3725,-3732,3727,3732,3731,-3732,3728,-3735,3728,-3735,3728,-3737,3730,-3736,3728,-3736,3728,3735,3730,-3736,3729,-3735,3729,-3737,3729,-3736,3729,3735,3730,-3735,3729,-3735,3730,-3734,3730,-3734,3728,-3734,3729,-3733,3730,-3735,3727,-3733,3726,3729,3722,-3730,3723,-3732,3724,-3731,3725,-3729,3727,3733,3725,-3732,3722,-3735,3724,-3734,3725,-3737,3723,-3734,3725,-3735,3724,-3735,3726,-3735,3721,3736,3721,-3738,3723,-3736,3722,-3736,3720,-3734,3723,-3734,3726,3733,3723,-3732,3722,-3730,3722,-3732,3721,-3728,-0.65,SJNFAAZE1U0005576,117.74,13.76,9057.365234375,78,75,0,0,0,0,14.0,99.17,-154564,95,1528022668.410,6880,2,1,0,5,0,0,0,0,4,358.02,358.02,1F,1,1,1,0080,82,40,40,0,0,19,9.75
03/06/2018 11:44:32,54 58.53373,-1 31.10137,301,0,319,629914,1144818,357.98,19.981,3737,3721,3729,16,0,94.2,34.6,89.2,31.8,none,none,81.8,27.7,3726,-3732,3726,-3731,3729,3733,3731,-3732,3730,-3734,3728,-3735,3730,-3736,3730,-3736,3729,-3735,3728,-3734,3731,-3736,3730,3736,3730,-3737,3728,-3736,3728,-3734,3731,-3734,3730,3733,3730,-3734,3730,-3735,3729,-3734,3730,-3733,3730,-3734,3727,-3731,3727,-3730,3723,-3729,3723,3731,3724,-3730,3725,-3729,3726,-3731,3726,-3730,3721,3733,3725,-3735,3725,-3736,3724,-3732,3727,-3735,3725,-3732,3725,3733,3723,-3735,3722,-3736,3725,-3735,3724,-3735,3722,-3733,3723,-3733,3725,-3732,3724,-3732,3723,3728,3723,-3730,3721,-3727,-0.67,SJNFAAZE1U0005576,117.74,13.44,9057.365234375,78,75,0,0,0,0,14.0,99.17,-154564,95,1528022672.091,6400,2,1,0,5,0,0,0,0,4,358.01,358.01,1F,1,1,1,0080,82,40,40,0,0,19,9.25
03/06/2018 11:44:35,54 58.53373,-1 31.10137,301,0,319,629772,1144818,358.85,2.158,3745,3730,3738,15,0,94.2,34.6,89.2,31.8,none,none,81.6,27.6,3734,-3741,3734,-3741,3737,3741,3739,-3740,3737,3742,3737,-3743,3738,-3744,3737,-3744,3737,-3743,3737,-3742,3737,-3743,3738,-3743,3737,-3745,3737,3744,3736,-3743,3737,-3743,3738,-3742,3737,-3743,3739,3743,3737,-3743,3738,-3742,3739,-3743,3736,-3741,3735,-3738,3732,-3739,3733,-3741,3733,-3738,3734,3737,3735,-3740,3734,-3740,3732,-3741,3734,-3742,3734,-3744,3733,3742,3735,-3741,3733,-3741,3734,-3742,3731,-3742,3731,3743,3733,-3744,3731,-3743,3730,-3741,3732,-3740,3733,-3742,3732,-3740,3731,-3739,3732,-3739,3731,3736,-0.94,SJNFAAZE1U0005576,117.74,13.12,9057.365234375,78,75,0,0,0,0,14.0,99.17,-154564,95,1528022675.873,2800,2,1,0,5,0,0,0,0,4,358.76,358.76,1F,1,1,1,0080,82,40,40,0,0,19,-7.50
03/06/2018 11:44:39,54 58.53373,-1 31.10137,301,0,319,629803,1144818,359.04,0.998,3747,3730,3740,17,0,94.0,34.4,89.2,31.8,none,none,81.6,27.6,3736,-3745,3737,3744,3739,3743,3741,-3743,3740,-3746,3740,-3745,3739,3747,3740,-3747,3740,-3746,3738,-3745,3740,-3746,3739,-3746,3741,-3747,3738,-3747,3739,-3744,3741,3746,3741,-3745,3740,-3745,3741,-3746,3739,-3745,3739,3744,3740,-3745,3738,-3743,3737,-3740,3734,-3743,3734,-3743,3735,-3741,3736,-3740,3737,-3744,3736,-3743,3734,-3745,3735,-3746,3735,-3747,3735,-3746,3736,-3746,3735,3745,3735,-3746,3732,-3747,3732,-3747,3734,-3746,3733,3747,3730,-3744,3733,-3745,3735,-3744,3735,-3743,3733,-3742,3732,-3742,3732,-3740,-0.59,SJNFAAZE1U0005576,117.74,13.04,9057.365234375,78,75,0,0,0,0,14.0,99.17,-154566,95,1528022679.339,0,2,1,0,5,0,0,0,0,4,359.11,359.11,1F,1,1,1,0080,81,40,40,0,0,19,-1.25
03/06/2018 11:44:43,54 58.53373,-1 31.10137,301,0,319,629712,1144818,358.08,25.779,3738,3722,3730,16,0,94.2,34.6,89.4,31.9,none,none,81.8,27.7,-3731,3729,-3733,3728,-3736,3731,-3735,3729,-3735,3731,-3735,3731,-3736,3730,-3736,3730,-3736,3731,-3735,3730,-3737,3731,-3737,3732,-3738,3729,-3737,3729,-3735,3732,-3735,3731,-3736,3732,-3735,3732,-3735,3731,-3734,3730,-3735,3730,-3736,3731,-3733,3729,-3732,3728,-3728,3722,-3730,3723,-3730,3724,-3731,3724,-3734,3726,-3733,3724,-3730,3723,-3735,3725,-3737,3727,-3735,3724,-3737,3726,-3734,3727,-3734,3722,-3736,3722,-3735,3722,-3737,3722,-3737,3723,-3734,3723,-3732,3723,-3735,3723,-3730,3726,-3730,3723,-3730,3723,-3731,3723,-0.56,SJNFAAZE1U0005576,117.74,13.04,9057.365234375,78,75,0,0,0,0,14.0,99.17,-154566,95,1528022683.275,6760,2,1,0,5,0,0,0,0,4,358.30,358.30,1F,1,1,1,0080,82,40,40,0,0,19,22.25
03/06/2018 11:44:46,54 58.53373,-1 31.10137,301,0,318,629303,1144818,356.93,55.350,3725,3710,3718,15,0,94.2,34.6,89.2,31.8,none,none,81.8,27.7,-3717,3716,-3719,3714,-3721,3718,-3721,3718,-3722,3719,-3722,3720,-3723,3720,-3723,3720,-3723,3720,-3724,3719,-3725,3720,-3724,3721,-3724,3718,-3724,3718,-3722,3719,-3723,3721,-3721,3720,-3722,3720,-3723,3719,-3722,3719,-3722,3719,-3722,3720,-3720,3718,-3718,3716,-3715,3710,-3717,3713,-3718,3713,-3717,3713,-3721,3714,-3720,3712,-3717,3713,-3722,3713,-3724,3715,-3721,3713,-3723,3715,-3720,3715,-3723,3711,-3721,3712,-3722,3713,-3724,3713,-3722,3712,-3719,3712,-3718,3713,-3722,3713,-3718,3714,-3716,3711,-3717,3710,-3716,3711,-0.55,SJNFAAZE1U0005576,117.74,13.04,9057.365234375,78,75,0,0,0,0,14.0,99.17,-154566,95,1528022686.967,16280,2,1,0,5,0,0,0,0,4,357.12,357.12,1F,1,1,1,0080,82,40,40,0,0,19,34.25
03/06/2018 11:44:50,54 58.53373,-1 31.10137,301,0,318,628757,1144818,356.45,62.766,3720,3706,3713,14,0,94.2,34.6,89.2,31.8,none,none,81.8,27.7,-3713,3711,-3715,3710,-3716,3714,-3718,3713,-3717,3716,-3718,3716,-3719,3715,-3720,3715,-3719,3716,-3719,3715,-3720,3716,-3720,3717,-3720,3714,-3720,3714,-3718,3716,-3718,3716,-3718,3716,-3718,3716,-3718,3715,-3718,3714,-3718,3714,-3717,3716,-3715,3713,-3714,3711,-3710,3706,-3712,3709,-3712,3708,-3713,3709,-3717,3709,-3715,3709,-3713,3707,-3718,3709,-3718,3711,-3717,3710,-3718,3711,-3716,3709,-3718,3706,-3717,3707,-3716,3708,-3720,3708,-3719,3708,-3716,3708,-3714,3708,-3717,3709,-3713,3708,-3711,3706,-3713,3706,-3712,3706,-0.56,SJNFAAZE1U0005576,117.74,13.04,9057.365234375,78,75,0,0,0,0,14.0,99.17,-154566,95,1528022690.683,18000,2,0,0,0,0,0,0,0,4,356.54,356.54,1F,1,1,1,0080,82,40,40,0,0,19,36.75
03/06/2018 11:44:54,54 58.53373,-1 31.10137,301,0,318,628137,1144818,355.87,70.853,3715,3698,3707,17,0,94.2,34.6,89.4,31.9,none,none,81.8,27.7,-3706,3704,-3709,3703,-3710,3705,-3712,3707,-3712,3708,-3712,3709,-3714,3709,-3714,3708,-3714,3708,-3715,3707,-3713,3709,-3715,3710,-3715,3708,-3715,3707,-3713,3709,-3713,3711,-3712,3709,-3712,3710,-3713,3708,-3713,3708,-3713,3707,-3713,3709,-3711,3706,-3708,3703,-3704,3698,-3705,3700,-3707,3701,-3707,3701,-3711,3703,-3710,3700,-3707,3700,-3713,3701,-3714,3702,-3711,3703,-3714,3703,-3712,3703,-3715,3698,-3711,3699,-3713,3701,-3715,3700,-3714,3701,-3710,3700,-3709,3701,-3712,3703,-3708,3702,-3706,3699,-3707,3700,-3707,3698,-0.55,SJNFAAZE1U0005576,117.74,13.04,9057.365234375,78,75,0,0,0,0,14.0,99.17,-154566,95,1528022694.358,20080,2,0,0,0,0,0,0,0,4,356.00,356.00,1F,1,1,1,0080,81,40,40,0,0,19,39.50
03/06/2018 11:44:58,54 58.53373,-1 31.10137,301,0,317,627507,1144818,356.35,57.181,3721,3703,3712,18,0,94.2,34.6,89.2,31.8,none,none,81.8,27.7,3707,-3715,3709,-3715,3710,3716,3714,-3715,3711,-3717,3713,-3718,3713,-3720,3712,-3720,3713,-3718,3713,-3718,3714,-3718,3713,3719,3714,-3721,3712,-3720,-3713,3718,3714,-3719,-3714,3717,-3713,3718,-3714,3718,-3713,3717,-3713,3717,-3713,3719,-3710,3715,-3709,3712,-3705,3712,-3705,3714,-3707,3712,-3707,3711,-3710,3716,-3709,3713,-3703,3715,-3708,3717,-3708,3717,-3708,3717,-3710,3716,-3707,3716,-3710,3716,-3704,3716,3705,-3718,3707,3718,3705,-3718,3703,-3715,3705,-3716,3708,-3717,3705,-3713,3704,3713,3705,-3713,3704,-3709,-0.54,SJNFAAZE1U0005576,117.74,13.04,9057.365234375,78,75,0,0,0,0,14.0,99.17,-154566,95,1528022698.223,18920,2,0,0,0,0,0,0,0,4,356.22,356.22,1F,1,1,1,0080,81,40,40,0,0,19,20.75
03/06/2018 11:45:01,54 58.53373,-1 31.10137,301,0,317,627161,1144818,357.12,31.669,3728,3710,3720,18,0,94.2,34.6,89.4,31.9,none,none,81.8,27.7,3716,-3724,3715,-3722,3718,3724,3721,-3722,3719,3725,3719,-3726,3720,-3727,3719,-3728,3719,-3728,3719,-3726,3720,-3727,3721,-3726,3720,-3728,3719,3727,3718,-3725,3720,-3726,3721,-3725,3721,-3726,3720,-3726,3719,3725,3720,-3724,3720,-3726,3717,-3723,3716,-3721,3713,3720,3712,-3722,3714,-3720,3715,-3720,3717,-3723,3714,-3721,3711,-3724,3715,-3726,3715,-3726,3714,3724,3716,-3726,3715,-3724,3715,-3725,3711,-3726,3712,3728,3713,-3726,3712,-3726,3710,-3724,3713,-3724,3715,-3724,3713,-3723,3713,-3721,3711,-3722,3710,3718,-0.57,SJNFAAZE1U0005576,117.74,13.04,9057.365234375,78,75,0,0,0,0,14.0,99.17,-154566,95,1528022701.962,10200,2,0,0,0,0,0,0,0,4,357.18,357.18,1F,1,1,1,0080,82,40,40,0,0,19,17.00
03/06/2018 11:45:05,54 58.53373,-1 31.10137,301,0,317,626843,1144818,356.54,44.089,3723,3704,3714,19,0,94.2,34.6,89.4,31.9,none,none,81.8,27.7,3708,-3718,3710,3717,3712,3718,3716,-3717,3714,-3720,3713,-3720,3714,3723,3714,-3723,3714,-3722,3714,-3721,3714,-3721,3714,-3722,3715,3723,3713,-3722,3713,-3721,3716,-3721,3715,-3719,3716,-3720,3716,-3720,3714,-3720,3714,-3718,3715,3720,3713,-3718,3710,-3715,3707,-3714,3706,-3716,3708,3714,3707,-3713,3711,-3718,3710,-3715,3705,-3719,3709,-3720,3710,-3722,3708,-3720,3711,-3720,3708,3719,3711,-3720,3706,-3720,3706,-3721,3707,-3721,3707,3721,3704,-3718,3706,-3718,3709,-3720,3707,-3717,3705,-3715,3706,-3716,3705,-3713,-0.55,SJNFAAZE1U0005576,117.74,13.04,9057.365234375,78,75,0,0,0,0,14.0,99.17,-154566,95,1528022705.882,11880,2,1,0,3,0,0,0,0,4,356.72,356.72,1F,1,1,1,0080,82,40,40,0,0,19,29.25
03/06/2018 11:45:09,54 58.53373,-1 31.10137,301,0,317,626278,1144818,355.58,68.900,3712,3694,3704,18,0,94.2,34.6,89.4,31.9,none,none,81.8,27.7,3699,-3707,3700,-3706,3702,3708,3705,3707,3703,-3709,3703,-3711,3704,-3712,3704,-3711,3704,3712,3704,-3711,3706,-3710,3706,-3712,3706,-3711,3703,-3711,3704,3710,3706,-3710,3706,-3709,3705,-3710,3705,-3709,3703,-3709,3705,-3708,3703,-3710,3702,-3706,3701,3704,3695,-3701,3695,-3704,3697,-3704,3698,-3701,3701,3707,3699,-3704,3695,-3708,3698,-3708,3699,-3709,3698,-3706,3701,-3709,3700,-3707,3700,-3707,3696,3709,3695,-3711,3698,-3709,3699,-3709,3694,-3707,3697,3707,3699,-3706,3697,-3706,3696,-3703,3696,-3704,3695,-3701,-0.52,SJNFAAZE1U0005576,117.74,13.04,9057.365234375,78,75,0,0,0,0,14.0,99.17,-154566,95,1528022709.727,19240,2,1,0,4,0,0,0,0,4,355.77,355.77,1F,1,1,1,0080,82,40,40,0,0,19,38.50
03/06/2018 11:45:13,54 58.53373,-1 31.10137,301,0,316,625622,1144818,355.30,74.271,3709,3690,3701,19,0,94.2,34.6,89.2,31.8,none,none,81.8,27.7,3695,-3703,3699,-3703,3699,3702,3703,-3704,3700,-3707,3701,3707,3702,-3709,3702,-3709,3701,-3706,3703,-3707,3702,-3708,3702,3707,3703,-3708,3701,-3708,3702,-3706,3703,-3707,3702,3706,3703,-3707,3703,-3707,3701,-3706,3701,-3703,3702,-3706,3699,-3704,3698,-3700,3692,-3700,3692,3701,3693,-3698,3695,-3700,3701,-3703,3696,-3700,3693,3703,3695,-3704,3697,-3704,3696,-3707,3698,-3706,3695,-3704,3702,-3704,3692,-3705,3694,-3706,3694,3707,3694,-3705,3690,-3703,3694,-3705,3695,-3705,3693,3700,3690,-3701,3691,-3700,3690,-3697,-0.55,SJNFAAZE1U0005576,117.74,13.04,9057.365234375,78,75,0,0,0,0,14.0,99.17,-154566,95,1528022713.581,21400,2,1,0,4,0,0,0,0,4,355.30,355.30,1F,1,1,1,0080,82,40,40,0,0,19,36.00
03/06/2018 11:45:17,54 58.53373,-1 31.10137,301,0,316,625084,1144818,356.93,27.732,3726,3709,3718,17,0,94.2,34.6,89.2,31.8,none,none,81.8,27.7,-3718,3715,-3721,3714,-3722,3717,-3722,3716,-3722,3717,-3723,3719,-3724,3719,-3725,3717,-3724,3718,-3724,3716,-3725,3718,-3726,3719,-3724,3717,-3725,3717,-3724,3718,-3723,3720,-3722,3718,-3722,3719,-3723,3718,-3723,3717,-3723,3718,-3723,3719,-3722,3716,-3719,3714,-3716,3711,-3718,3712,-3719,3713,-3719,3712,-3722,3712,-3721,3711,-3719,3712,-3723,3711,-3724,3713,-3723,3714,-3725,3714,-3722,3713,-3723,3709,-3723,3710,-3724,3710,-3726,3711,-3724,3711,-3722,3712,-3721,3712,-3723,3713,-3720,3713,-3719,3711,-3720,3710,-3718,3709,-0.51,SJNFAAZE1U0005576,117.74,13.04,9057.365234375,78,75,0,0,0,0,14.0,99.17,-154566,95,1528022717.343,9840,2,1,0,4,0,0,0,0,4,356.60,356.60,1F,1,1,1,0080,82,40,40,0,0,19,1.00
03/06/2018 11:45:21,54 58.53373,-1 31.10137,301,0,316,625105,1144818,358.75,-18.530,3744,3728,3737,16,0,94.2,34.6,89.4,31.9,none,none,81.8,27.7,-3740,3734,-3739,3734,-3741,3736,-3741,3735,-3741,3736,-3741,3737,-3742,3736,-3743,3736,-3741,3735,-3742,3736,-3743,3736,-3743,3738,-3742,3735,-3742,3735,-3742,3737,-3740,3737,-3740,3738,-3741,3737,-3741,3737,-3741,3735,-3741,3736,-3741,3737,-3739,3734,-3740,3733,-3737,3730,-3738,3731,-3740,3732,-3740,3731,-3741,3732,-3742,3732,-3739,3730,-3742,3731,-3743,3734,-3742,3731,-3744,3732,-3742,3733,-3740,3728,-3744,3729,-3743,3729,-3744,3731,-3744,3730,-3741,3730,-3740,3730,-3742,3731,-3740,3733,-3737,3729,-3739,3730,-3738,3730,-0.53,SJNFAAZE1U0005576,117.74,13.04,9057.365234375,78,75,0,0,0,0,14.0,99.17,-154567,95,1528022721.234,0,2,1,0,4,0,0,0,0,4,358.73,358.73,1F,1,1,1,0080,81,40,40,0,0,19,-9.75
03/06/2018 11:45:24,54 58.53373,-1 31.10137,301,0,316,625131,1144818,357.50,20.164,3732,3716,3724,16,0,94.2,34.6,89.4,31.9,none,none,81.8,27.7,-3725,3721,-3727,3720,-3728,3723,-3729,3723,-3729,3724,-3729,3724,-3730,3724,-3731,3724,-3731,3724,-3731,3724,-3731,3724,-3731,3725,-3731,3723,-3731,3723,-3729,3725,-3730,3726,-3729,3726,-3729,3726,-3729,3724,-3729,3723,-3729,3723,-3729,3725,-3727,3722,-3726,3721,-3721,3716,-3725,3718,-3725,3719,-3725,3719,-3727,3719,-3727,3718,-3726,3717,-3730,3717,-3730,3720,-3729,3719,-3730,3720,-3728,3719,-3729,3716,-3731,3716,-3729,3718,-3732,3717,-3731,3716,-3727,3718,-3726,3718,-3728,3718,-3725,3720,-3725,3717,-3725,3717,-3725,3716,-0.52,SJNFAAZE1U0005576,117.74,13.04,9058.974609375,78,75,0,0,0,0,14.0,99.17,-154568,95,1528022724.953,4960,2,1,0,4,0,0,0,0,4,357.78,357.78,1F,1,1,1,0080,82,40,40,0,0,19,18.50
03/06/2018 11:45:28,54 58.53373,-1 31.10137,301,0,316,624756,1144818,356.54,49.948,3722,3706,3714,16,0,94.4,34.7,89.4,31.9,none,none,81.8,27.7,-3714,3711,-3717,3711,-3718,3714,-3719,3713,-3719,3715,-3719,3716,-3721,3715,-3721,3716,-3720,3716,-3722,3715,-3721,3716,-3722,3718,-3722,3714,-3721,3714,-3721,3715,-3719,3716,-3719,3716,-3719,3717,-3720,3716,-3719,3714,-3720,3714,-3719,3716,-3717,3713,-3716,3713,-3711,3706,-3713,3708,-3714,3707,-3714,3708,-3719,3710,-3718,3709,-3715,3707,-3720,3709,-3720,3710,-3719,3710,-3720,3709,-3719,3709,-3721,3706,-3719,3706,-3719,3706,-3722,3707,-3720,3708,-3717,3708,-3716,3708,-3719,3711,-3714,3708,-3713,3707,-3715,3707,-3714,3707,-0.54,SJNFAAZE1U0005576,117.74,13.04,9058.974609375,78,75,0,0,0,0,14.0,99.17,-154568,95,1528022728.676,14320,2,1,0,5,0,0,0,0,4,356.65,356.65,1F,1,1,1,0080,82,40,40,0,0,19,23.75
03/06/2018 11:45:32,54 58.53373,-1 31.10137,301,0,316,624401,1144818,357.22,29.929,3729,3711,3721,18,0,94.2,34.6,89.4,31.9,none,none,82.0,27.8,3717,-3725,3716,3724,3718,3724,3722,-3724,-3720,3727,-3720,3726,-3721,3728,-3720,3729,-3720,3728,-3720,3728,-3722,3728,-3721,3727,-3721,3729,-3719,3729,3720,-3727,3722,3726,3722,-3725,3721,-3727,3721,-3727,3720,-3726,3720,-3725,3722,3727,3720,-3724,3718,-3722,3714,-3722,3713,-3724,3715,3721,3716,-3722,3719,-3725,3717,-3723,3714,-3724,3715,-3726,3717,-3728,3715,-3726,3718,-3726,3715,3725,3716,-3727,3713,-3727,3713,-3727,3715,-3727,3714,3728,3711,-3725,3714,-3725,3717,-3725,3715,-3723,3713,-3722,3713,-3723,3712,-3719,-0.53,SJNFAAZE1U0005576,117.74,13.04,9058.974609375,78,75,0,0,0,0,14.0,99.17,-154568,95,1528022732.393,9400,2,1,0,5,0,0,0,0,4,357.14,357.14,1F,1,1,1,0080,82,40,40,0,0,19,13.50
03/06/2018 11:45:36,54 58.53373,-1 31.10137,301,0,316,624106,1144818,356.83,37.101,3726,3707,3717,19,0,94.4,34.7,89.4,31.9,none,none,81.8,27.7,3713,-3722,3713,-3721,3716,3721,3719,3720,3716,-3723,3717,-3723,3718,-3725,3716,-3725,3718,-3725,3717,3724,3718,-3724,3718,-3724,3718,-3726,3717,-3725,3716,3723,3718,-3723,3718,-3721,3718,-3724,3718,-3723,3717,-3722,3718,-3721,3718,-3724,3715,-3720,3714,3717,3710,-3719,3711,-3721,3712,-3717,3712,-3718,3715,3721,3714,-3718,3710,-3721,3712,-3724,3713,-3724,3712,-3724,3714,-3722,3712,-3722,3714,-3724,3709,3724,3710,-3724,3711,-3724,3710,-3724,3707,-3721,3711,3721,3712,-3722,3711,-3719,3710,-3720,3709,-3719,3708,-3715,-0.53,SJNFAAZE1U0005576,117.75,13.04,9058.974609375,78,75,0,0,0,0,14.0,99.17,-154568,95,1528022736.210,10680,2,1,0,4,0,0,0,0,4,356.91,356.91,1F,1,1,1,0080,82,40,40,0,0,19,18.00
03/06/2018 11:45:39,54 58.53373,-1 31.10137,301,0,315,623785,1144818,356.93,35.483,3725,3706,3718,19,0,94.4,34.7,89.4,31.9,none,none,81.8,27.7,3714,-3722,3713,-3721,3715,3721,3718,-3721,3717,-3724,3717,-3724,3717,-3725,3717,-3725,3717,-3724,3717,-3724,3718,-3725,3718,3724,3718,-3725,3716,-3724,3718,-3724,3718,-3724,3718,3722,3717,-3723,3718,-3723,3717,-3722,3718,-3722,3718,-3724,3716,-3720,3714,-3717,3711,-3719,3709,3720,3712,-3719,3713,-3718,3715,-3721,3712,-3720,3709,3722,3712,-3723,3712,-3724,3711,-3723,3715,-3723,3712,-3722,3714,-3723,3710,-3725,3709,-3725,3711,3724,3711,-3724,3706,-3722,3711,-3722,3712,-3723,3711,3720,3710,-3718,3711,-3719,3709,-3717,-0.54,SJNFAAZE1U0005576,117.75,13.04,9058.974609375,78,75,0,0,0,0,14.0,99.17,-154568,95,1528022739.937,10600,2,1,0,5,0,0,0,0,4,356.94,356.94,1F,1,1,1,0080,82,40,40,0,0,19,17.25
03/06/2018 11:45:43,54 58.53373,-1 31.10137,301,0,315,623477,1144818,357.02,32.218,3727,3710,3719,17,0,94.2,34.6,89.4,31.9,none,none,81.8,27.7,3714,-3723,3716,-3721,3718,3722,3720,-3721,3718,3724,3719,-3724,3719,-3726,3719,-3726,3719,-3725,3719,-3725,3718,-3726,3719,-3726,3719,-3727,3718,3726,3718,-3724,3721,-3725,3720,-3723,3719,-3724,3720,3725,3719,-3724,3719,-3722,3720,-3723,3717,-3722,3716,-3719,3712,-3719,3712,-3720,3713,-3719,3714,3719,3716,-3720,3715,-3719,3712,-3721,3714,-3724,3716,3724,3713,-3723,3716,-3723,3714,-3722,3717,-3723,3711,-3723,3712,-3724,3713,-3724,3713,-3723,3710,3722,3712,-3722,3715,-3723,3713,-3720,3710,-3719,3711,-3720,3711,-3716,-0.54,SJNFAAZE1U0005576,117.75,13.04,9058.974609375,78,75,0,0,0,0,14.0,99.17,-154568,95,1528022743.840,10040,2,0,0,0,0,0,0,0,4,357.03,357.03,1F,1,1,1,0080,82,40,40,0,0,19,18.50
03/06/2018 11:45:47,54 58.53373,-1 31.10137,301,0,315,623119,1144818,356.35,45.402,3720,3703,3712,17,0,94.4,34.7,89.4,31.9,none,none,81.8,27.7,3707,-3716,3709,3715,3711,3716,3714,-3714,3712,-3718,3712,-3718,3713,3720,3713,-3718,3712,-3719,3713,-3718,3713,-3718,3714,-3719,3713,-3720,3712,-3719,3713,-3718,3714,3718,3713,-3717,3713,-3718,3714,-3718,3713,-3718,3713,3717,3714,-3718,3711,-3715,3708,-3713,3705,-3711,3705,-3714,3707,-3712,3707,-3713,3711,-3715,3708,3713,3704,-3714,3707,-3717,3708,-3718,3707,-3717,3710,3717,3707,-3716,3709,-3716,3705,-3718,3706,-3718,3706,-3718,3707,-3718,3704,-3716,3706,-3715,3708,3716,3705,-3714,3705,-3712,3704,-3712,3703,-3710,-0.50,SJNFAAZE1U0005576,117.75,13.04,9058.974609375,78,75,0,0,0,0,14.0,99.17,-154568,95,1528022747.580,12760,2,0,0,0,0,0,0,0,4,356.56,356.56,1F,1,1,1,0080,81,40,40,0,0,19,28.25
03/06/2018 11:45:51,54 58.53373,-1 31.10137,301,0,315,622644,1144818,355.97,57.517,3716,3700,3708,16,0,94.2,34.6,89.2,31.8,none,none,81.8,27.7,-3706,3706,-3710,3704,-3712,3708,-3712,3707,-3712,3709,-3713,3710,-3714,3710,-3715,3710,-3714,3710,-3714,3709,-3715,3710,-3714,3711,-3716,3708,-3715,3708,-3713,3711,-3713,3710,-3712,3710,-3713,3712,-3714,3710,-3712,3709,-3713,3708,-3712,3710,-3710,3707,-3709,3706,-3705,3700,-3707,3702,-3708,3703,-3708,3702,-3713,3704,-3711,3702,-3710,3702,-3713,3703,-3713,3703,-3713,3704,-3714,3704,-3712,3703,-3715,3700,-3712,3701,-3713,3701,-3715,3701,-3714,3701,-3710,3702,-3709,3703,-3712,3704,-3708,3702,-3707,3701,-3708,3701,-3708,3701,-0.53,SJNFAAZE1U0005576,117.75,13.04,9058.974609375,78,75,0,0,0,0,14.0,99.17,-154568,95,1528022751.317,16200,2,0,0,0,0,0,0,0,4,355.91,355.91,1F,1,1,1,0080,81,40,40,0,0,19,28.50
03/06/2018 11:45:55,54 58.53373,-1 31.10137,301,0,315,622209,1144818,356.35,39.512,3720,3704,3712,16,0,94.2,34.6,89.2,31.8,none,none,81.8,27.7,-3712,3709,-3714,3708,-3716,3711,-3716,3711,-3718,3713,-3718,3713,-3718,3713,-3719,3713,-3719,3713,-3718,3712,-3719,3713,-3719,3714,-3718,3711,-3719,3712,-3717,3713,-3718,3714,-3717,3713,-3717,3715,-3717,3712,-3717,3712,-3718,3712,-3718,3714,-3715,3711,-3715,3709,-3710,3705,-3712,3707,-3713,3708,-3713,3706,-3717,3707,-3716,3705,-3712,3705,-3718,3706,-3718,3708,-3716,3707,-3718,3708,-3716,3708,-3718,3704,-3718,3704,-3718,3704,-3720,3705,-3719,3705,-3716,3706,-3715,3707,-3716,3707,-3713,3706,-3712,3705,-3713,3704,-3713,3705,-0.55,SJNFAAZE1U0005576,117.75,13.04,9058.974609375,78,75,0,0,0,0,14.0,99.17,-154568,95,1528022755.157,13160,2,0,0,0,0,0,0,0,4,356.41,356.41,1F,1,1,1,0080,81,40,40,0,0,19,19.50
03/06/2018 11:45:59,54 58.53373,-1 31.10137,301,0,315,621866,1144818,356.64,34.965,3722,3706,3715,16,0,94.2,34.6,89.4,31.9,none,none,81.8,27.7,-3714,3712,-3717,3711,-3718,3713,-3719,3713,-3720,3714,-3720,3716,-3721,3715,-3721,3715,-3721,3715,-3721,3714,-3721,3715,-3722,3716,-3722,3715,-3722,3713,-3719,3716,-3720,3716,-3719,3716,-3719,3717,-3720,3716,-3720,3714,-3720,3714,-3720,3716,-3718,3713,-3716,3712,-3712,3707,-3715,3709,-3715,3709,-3716,3709,-3717,3711,-3718,3709,-3716,3708,-3719,3708,-3722,3711,-3719,3710,-3721,3711,-3719,3711,-3722,3706,-3720,3706,-3720,3708,-3721,3707,-3721,3708,-3718,3709,-3717,3709,-3718,3711,-3715,3709,-3714,3707,-3715,3708,-3715,3707,-0.51,SJNFAAZE1U0005576,117.75,13.04,9058.974609375,78,75,0,0,0,0,14.0,99.17,-154568,95,1528022759.041,10240,2,1,0,4,0,0,0,0,4,356.61,356.61,1F,1,1,1,0080,81,40,40,0,0,19,19.00
03/06/2018 11:46:02,54 58.53373,-1 31.10137,301,0,314,621526,1144818,356.26,41.007,3718,3704,3711,14,0,94.2,34.6,89.4,31.9,none,none,81.8,27.7,-3711,3709,-3712,3708,-3713,3712,-3715,3711,-3715,3713,-3715,3713,-3716,3713,-3717,3713,-3717,3714,-3717,3713,-3717,3714,-3718,3714,-3717,3712,-3718,3712,-3716,3713,-3715,3714,-3715,3714,-3715,3714,-3716,3713,-3715,3712,-3716,3713,-3716,3714,-3713,3710,-3713,3709,-3708,3704,-3710,3705,-3711,3707,-3712,3707,-3715,3708,-3713,3705,-3712,3705,-3716,3707,-3716,3709,-3715,3708,-3716,3709,-3715,3707,-3716,3704,-3715,3705,-3715,3706,-3718,3706,-3716,3706,-3713,3706,-3714,3707,-3716,3708,-3711,3707,-3711,3706,-3712,3705,-3710,3704,-0.57,SJNFAAZE1U0005576,117.75,13.04,9058.974609375,78,75,0,0,0,0,14.0,99.17,-154568,95,1528022762.768,11200,2,1,0,4,0,0,0,0,4,356.39,356.39,1F,1,1,1,0080,81,40,40,0,0,19,26.00
03/06/2018 11:46:06,54 58.53373,-1 31.10137,301,0,314,621040,1144818,355.20,69.724,3709,3689,3700,20,0,94.2,34.6,89.4,31.9,none,none,81.8,27.7,3695,-3703,3696,-3702,3697,3703,3701,-3704,3699,-3706,3700,-3706,3701,-3708,3701,-3708,3701,-3708,3700,-3706,3701,-3708,3701,3708,3700,-3709,3699,-3709,3699,-3705,3701,-3707,3701,3706,3702,-3706,3700,-3706,3701,-3705,3701,-3705,3700,-3706,3698,-3702,3697,-3699,3691,-3698,3690,3701,3693,-3699,3694,-3699,3698,-3703,3695,-3701,3690,3704,3694,-3705,3695,-3706,3694,-3705,3697,-3706,3694,-3705,3697,-3704,3690,-3707,3691,-3708,3693,3707,3692,-3707,3689,-3703,3692,-3704,3695,-3705,3692,-3702,3691,3701,3692,-3701,3691,-3697,-0.53,SJNFAAZE1U0005576,117.75,13.04,9058.974609375,78,75,0,0,0,0,14.0,99.17,-154568,95,1528022766.550,18280,2,1,0,4,0,0,0,0,4,355.29,355.29,1F,1,1,1,0080,81,40,40,0,0,19,39.25
03/06/2018 11:46:10,54 58.53373,-1 31.10137,301,0,314,620346,1144818,354.72,78.177,3703,3686,3695,17,0,94.4,34.7,89.4,31.9,none,none,81.8,27.7,3688,-3698,3692,-3696,3693,3698,3697,-3698,3695,3701,3695,-3701,3697,-3702,3697,-3702,3696,-3702,3696,-3701,3697,-3702,3697,-3703,3697,-3703,3695,3702,3695,-3702,3697,-3702,3697,-3700,3697,-3700,3698,3701,3696,-3700,3695,-3700,3696,-3700,3694,-3697,3692,-3694,3686,-3692,3686,-3695,3689,-3694,3689,3694,3692,-3697,3691,-3694,3686,-3699,3690,-3699,3692,3701,3690,-3699,3691,-3700,3688,-3698,3695,-3698,3688,-3699,3687,3701,3689,-3701,3689,-3700,3686,-3699,3688,-3699,3690,-3698,3686,-3695,3686,-3695,3686,-3694,3686,3692,-0.53,SJNFAAZE1U0005576,117.75,13.04,9058.974609375,78,75,0,0,0,0,14.0,99.17,-154568,95,1528022770.543,21720,2,1,0,4,0,0,0,0,4,354.78,354.78,1F,1,1,1,0080,81,40,40,0,0,19,39.50
03/06/2018 11:46:14,54 58.53373,-1 31.10137,301,0,313,619644,1144818,355.01,70.029,3706,3688,3698,18,0,94.2,34.6,89.4,31.9,none,none,81.8,27.7,3692,-3701,3695,3700,3696,3702,3698,-3701,3697,-3703,3697,-3704,3698,3705,3699,-3705,3699,-3704,3698,-3704,3700,-3705,3700,-3706,3699,-3706,3698,-3705,3698,-3704,3699,3704,3698,-3703,3699,-3703,3699,-3703,3697,-3704,3698,3702,3698,-3703,3696,-3700,3694,-3698,3690,-3696,3689,-3698,3690,-3697,3692,-3697,3696,-3701,3693,3698,3689,-3701,3693,-3702,3693,-3702,3693,-3702,3696,3704,3692,-3701,3695,-3701,3690,-3703,3690,-3704,3693,-3703,3692,-3704,3689,-3701,3690,-3701,3694,-3702,3690,-3699,3690,-3696,3689,-3698,3688,-3695,-0.58,SJNFAAZE1U0005576,117.75,13.04,9058.974609375,78,75,0,0,0,0,14.0,99.17,-154568,95,1528022774.419,20320,2,1,0,5,0,0,0,0,4,354.84,354.84,1F,1,1,1,0080,81,40,40,0,0,19,30.00
03/06/2018 11:46:18,54 58.53373,-1 31.10137,301,0,313,619121,1144818,355.97,37.742,3716,3698,3708,18,0,94.2,34.6,89.2,31.8,none,none,81.8,27.7,3702,-3711,3704,-3710,3706,3710,3709,3710,3707,-3713,3708,-3713,3708,-3715,3708,-3715,3707,3714,3708,-3713,3709,-3714,3709,-3715,3709,-3716,3707,-3714,3708,-3713,3710,-3714,3709,-3712,3709,3713,3709,-3713,3707,-3713,3709,-3712,3708,-3713,3705,3711,3704,-3707,3700,-3707,3700,-3708,3702,-3708,3703,-3707,3704,-3710,3703,-3709,3700,-3711,3702,3713,3704,-3713,3702,-3711,3705,-3714,3702,-3712,3704,3712,3700,-3712,3701,-3712,3702,-3713,3701,-3713,3698,-3710,3702,-3710,3704,-3711,3701,-3710,3701,3708,3700,-3708,3700,-3705,-0.54,SJNFAAZE1U0005576,117.75,13.04,9058.974609375,78,75,0,0,0,0,14.0,99.17,-154568,95,1528022778.641,11840,2,1,0,5,0,0,0,0,4,355.87,355.87,1F,1,1,1,0080,81,40,40,0,0,19,14.25
03/06/2018 11:46:22,54 58.53373,-1 31.10137,301,0,313,618836,1144818,356.54,22.025,3721,3705,3714,16,0,94.4,34.7,89.4,31.9,none,none,81.8,27.7,-3713,3711,-3716,3709,-3717,3714,-3717,3713,-3719,3714,-3719,3714,3720,-3714,3721,-3714,3720,-3714,3720,-3713,3720,3714,3720,-3715,3721,-3713,3721,-3712,3719,-3716,3719,-3715,3718,-3715,3718,-3716,3719,-3714,3719,3713,3719,-3714,3719,-3714,3716,-3712,3715,-3711,3711,3706,3714,-3708,-3715,3708,-3714,-3709,-3718,3709,-3718,3708,-3715,3707,-3720,3708,-3720,3711,-3720,3708,-3719,3709,-3717,3709,-3718,3705,-3720,3706,-3720,3707,-3721,3707,-3720,3707,-3717,3707,-3715,3707,-3718,3708,-3714,3708,-3713,3706,-3715,3706,-3716,3707,-0.51,SJNFAAZE1U0005576,117.75,13.04,9058.974609375,78,75,0,0,0,0,14.0,99.17,-154568,95,1528022782.785,6960,2,1,0,5,0,0,0,0,4,356.47,356.47,1F,1,1,1,0080,81,40,40,0,0,19,9.25
03/06/2018 11:46:26,54 58.53373,-1 31.10137,301,0,313,618654,1144818,356.93,13.206,3725,3709,3718,16,0,94.2,34.6,89.4,31.9,none,none,81.8,27.7,-3719,3715,-3720,3714,-3722,3717,-3722,3717,-3723,3719,-3724,3719,-3723,3718,-3724,3718,-3724,3718,-3724,3717,-3724,3718,-3724,3719,-3724,3716,-3724,3717,-3723,3719,-3723,3719,-3722,3718,-3722,3719,-3722,3718,-3722,3717,-3723,3717,-3723,3719,-3720,3717,-3720,3715,-3717,3711,-3719,3712,-3719,3712,-3719,3713,-3722,3713,-3722,3712,-3719,3710,-3724,3712,-3724,3714,-3723,3713,-3724,3713,-3724,3714,-3724,3709,-3724,3711,-3724,3710,-3725,3710,-3725,3711,-3721,3711,-3720,3711,-3723,3714,-3719,3713,-3718,3711,-3719,3711,-3719,3711,-0.54,SJNFAAZE1U0005576,117.75,13.04,9058.974609375,78,75,0,0,0,0,14.0,99.17,-154568,95,1528022786.813,4000,2,1,0,5,0,0,0,0,4,356.97,356.97,1F,1,1,1,0080,81,40,40,0,0,19,6.25
03/06/2018 11:46:30,54 58.53373,-1 31.10137,301,0,313,618501,1144818,357.02,15.311,3725,3712,3719,13,0,94.2,34.6,89.4,31.9,none,none,81.8,27.7,-3719,3716,-3721,3715,-3722,3718,-3722,3717,-3722,3718,-3722,3719,-3725,3719,-3725,3720,-3723,3720,-3723,3719,-3724,3720,-3725,3720,-3725,3718,-3725,3719,-3723,3720,-3724,3721,-3723,3720,-3723,3720,-3723,3719,-3723,3719,-3722,3719,-3723,3721,-3721,3718,-3720,3715,-3717,3712,-3718,3714,-3720,3713,-3720,3714,-3721,3715,-3722,3713,-3719,3713,-3723,3714,-3724,3716,-3723,3714,-3723,3715,-3722,3715,-3723,3712,-3723,3712,-3723,3712,-3725,3713,-3724,3713,-3721,3712,-3721,3712,-3723,3716,-3719,3713,-3718,3712,-3720,3713,-3718,3713,-0.54,SJNFAAZE1U0005576,117.75,13.04,9060.583984375,78,75,0,0,0,0,14.0,99.17,-154568,95,1528022790.692,4880,2,1,0,5,0,0,0,0,4,357.00,357.00,1F,1,1,1,0080,81,40,40,0,0,19,4.25
03/06/2018 11:46:34,54 58.53373,-1 31.10137,301,0,313,618404,1144818,357.50,4.844,3732,3715,3724,17,0,94.4,34.7,89.6,32.0,none,none,82.0,27.8,-3725,3721,-3727,3720,-3729,3723,-3728,3723,-3729,3724,-3729,3724,-3729,3724,-3729,3724,-3730,3724,-3729,3723,-3731,3724,-3730,3725,-3731,3722,-3731,3722,-3729,3724,-3729,3725,-3729,3724,-3729,3725,-3729,3724,-3729,3723,-3729,3723,-3729,3724,-3726,3722,-3727,3721,-3724,3717,-3726,3719,-3727,3721,-3726,3718,-3729,3719,-3728,3719,-3727,3718,-3732,3718,-3731,3719,-3729,3720,-3731,3721,-3729,3719,-3729,3715,-3731,3717,-3731,3717,-3732,3718,-3731,3716,-3729,3718,-3728,3720,-3730,3720,-3726,3720,-3726,3718,-3726,3717,-3725,3717,-0.56,SJNFAAZE1U0005576,117.75,13.04,9060.583984375,78,75,0,0,0,0,14.0,99.17,-154568,95,1528022794.542,2680,2,1,0,5,0,0,0,0,4,357.55,357.55,1F,1,1,1,0080,81,40,40,0,0,19,0.00
03/06/2018 11:46:38,54 58.53373,-1 31.10137,301,0,313,618368,1144818,357.50,6.339,3731,3716,3724,15,0,94.2,34.6,89.4,31.9,none,none,81.8,27.7,-3721,3729,-3720,3727,-3723,3727,-3726,3727,-3723,3729,-3723,3729,-3724,3731,-3723,3731,-3724,3729,-3725,3730,-3724,3730,-3725,3730,-3724,3731,-3723,3730,3724,-3729,3726,3730,-3725,3728,-3725,-3730,-3725,3729,-3724,3729,-3725,3729,-3725,3730,-3722,3727,-3722,3724,-3719,3724,-3719,3727,-3720,3725,-3722,3725,-3723,3727,-3721,3727,-3719,3728,-3720,3729,-3722,3730,-3719,3728,-3722,3728,-3719,3729,-3721,3730,-3718,3730,-3718,3730,-3719,3729,-3719,3730,-3716,3727,-3719,3728,-3720,3729,-3719,3726,-3718,3724,-3718,3726,-3717,3723,-0.54,SJNFAAZE1U0005576,117.75,13.04,9060.583984375,78,75,0,0,0,0,14.0,99.17,-154568,95,1528022798.441,1200,2,0,0,0,0,0,0,0,4,357.78,357.78,1F,1,1,1,0080,81,40,40,0,0,19,5.50
03/06/2018 11:46:42,54 58.53373,-1 31.10137,301,0,313,618224,1144818,357.02,22.177,3727,3710,3719,17,0,94.4,34.7,89.4,31.9,none,none,81.8,27.7,3715,3723,3716,-3722,3717,3722,3721,-3722,3719,-3724,3719,-3724,3719,-3727,3719,-3726,3719,-3725,3718,3725,3719,-3725,3720,-3726,3720,-3727,3719,-3727,3718,3724,3720,-3725,3720,-3725,3721,-3724,3720,-3724,3719,-3724,3720,3723,3721,-3726,3719,-3723,3716,-3719,3713,-3719,3713,-3722,3714,-3721,3715,-3720,3718,-3723,3715,3720,3710,-3724,3712,-3725,3715,-3726,3714,-3724,3716,3725,3714,-3724,3715,-3726,3712,-3726,3711,-3726,3712,-3727,3712,-3725,3710,-3723,3712,-3723,3713,3724,3713,-3723,3712,-3721,3711,-3721,3711,-3718,-0.49,SJNFAAZE1U0005576,117.75,13.04,9060.583984375,78,75,0,0,0,0,14.0,99.17,-154568,95,1528022802.240,5840,2,0,0,0,0,0,0,0,4,357.24,357.24,1F,1,1,1,0080,81,40,40,0,0,19,15.50
03/06/2018 11:46:45,54 58.53373,-1 31.10137,301,0,313,617936,1144818,356.83,26.389,3725,3708,3717,17,0,94.4,34.7,89.4,31.9,none,none,82.0,27.8,3713,-3722,3714,-3720,3716,3720,3720,-3719,3716,-3723,3717,-3723,3717,-3725,3717,-3723,3717,-3722,3717,-3723,3718,-3724,3717,3724,3718,-3725,3716,-3724,3716,-3723,3719,-3722,3718,-3721,3718,3723,3718,-3723,3716,-3722,3717,-3721,3718,-3722,3716,3720,3715,-3718,3710,-3718,3710,-3720,3712,-3718,3712,-3717,3714,-3720,3713,-3718,3710,-3721,3711,3722,3712,-3724,3712,-3722,3714,-3724,3710,-3722,3711,3723,3709,-3724,3709,-3725,3710,-3724,3710,-3724,3708,-3721,3710,-3722,3712,-3722,3711,-3719,3709,3719,3710,-3719,3709,-3715,-0.51,SJNFAAZE1U0005576,117.75,13.04,9060.583984375,78,75,0,0,0,0,14.0,99.17,-154568,95,1528022805.785,8560,2,0,0,0,0,0,0,0,4,356.95,356.95,1F,1,1,1,0080,81,40,40,0,0,19,13.50
03/06/2018 11:46:49,54 58.53373,-1 31.10137,301,0,312,617645,1144818,356.45,38.840,3721,3703,3713,18,0,94.2,34.6,89.4,31.9,none,none,81.8,27.7,3708,-3718,3708,-3715,3711,3717,3716,-3717,3713,3719,3711,-3719,3714,-3721,3714,-3721,3713,-3720,3713,-3718,3714,3721,3714,-3721,3714,-3721,3713,-3720,3712,-3720,3714,-3719,3715,-3718,3713,-3720,3714,-3719,3713,3718,3714,-3718,3714,-3720,3712,-3717,3712,-3714,3706,3715,3707,-3716,3707,-3713,3708,-3714,3711,-3717,3709,-3714,3706,-3717,3708,-3719,3709,-3720,3707,3719,3710,-3718,3708,-3718,3710,-3720,3704,-3719,3706,3720,3707,-3719,3706,-3721,3703,-3717,3706,-3717,3709,-3718,3707,-3715,3705,-3715,3706,-3716,3705,3711,-0.50,SJNFAAZE1U0005576,117.75,13.04,9060.583984375,78,75,0,0,0,0,14.0,99.17,-154568,95,1528022809.516,11320,2,0,0,0,0,0,0,0,4,356.45,356.45,1F,1,1,1,0080,81,40,40,0,0,19,15.75
03/06/2018 11:46:53,54 58.53373,-1 31.10137,301,0,312,617355,1144818,356.83,23.703,3725,3709,3717,16,0,94.4,34.7,89.4,31.9,none,none,81.8,27.7,3714,-3721,3713,3721,3716,3720,3718,-3720,3717,-3722,3717,-3723,3718,-3725,3716,3725,3717,-3723,3717,-3723,3717,-3724,3717,-3725,3717,3724,3716,-3724,3716,-3723,3718,-3724,3718,-3722,3717,-3722,3718,-3723,3717,-3722,3717,-3721,3718,3724,3716,-3720,3715,-3718,3712,-3717,3711,-3719,3714,3718,3714,-3719,3715,-3720,3713,-3718,3710,-3721,3713,-3722,3714,-3723,3712,-3722,3716,-3722,3713,3722,3715,-3721,3710,-3723,3712,-3722,3713,-3723,3712,3724,3709,-3722,3712,-3720,3713,-3720,3712,-3720,3711,-3718,3711,-3719,3709,-3716,-0.50,SJNFAAZE1U0005576,117.75,13.04,9060.583984375,78,75,0,0,0,0,14.0,99.17,-154568,95,1528022813.229,7840,2,1,0,4,0,0,0,0,4,356.89,356.89,1F,1,1,1,0080,81,40,40,0,0,19,10.50
03/06/2018 11:46:56,54 58.53373,-1 31.10137,301,0,312,617120,1144818,356.45,38.230,3722,3705,3713,17,0,94.4,34.7,89.4,31.9,none,none,81.8,27.7,3713,3710,3716,-3709,-3717,3712,-3716,-3712,-3717,3713,-3717,3715,-3718,3714,-3720,3713,-3718,3714,-3718,3713,-3719,3714,-3719,3715,-3719,3713,-3720,3712,-3718,3715,-3718,3714,-3718,3714,-3718,3715,-3718,3714,-3716,3713,-3717,3713,-3717,3715,-3716,3712,-3713,3710,-3711,3705,-3713,3708,-3714,3707,-3714,3708,-3718,3710,-3716,3707,-3715,3706,-3718,3707,-3718,3709,-3717,3708,-3718,3709,-3717,3710,-3720,3706,-3719,3706,-3719,3705,-3722,3705,-3719,3706,-3717,3707,3717,-3706,3719,3707,3714,-3706,3713,-3706,3715,-3706,3713,-3705,-0.52,SJNFAAZE1U0005576,117.75,13.04,9060.583984375,78,75,0,0,0,0,14.0,99.17,-154568,95,1528022816.798,9760,2,1,0,4,0,0,0,0,4,356.50,356.50,1F,1,1,1,0080,81,40,40,0,0,19,21.00
03/06/2018 11:47:00,54 58.53373,-1 31.10137,301,0,312,616706,1144818,356.06,41.068,3717,3699,3709,18,0,94.2,34.6,89.4,31.9,none,none,81.8,27.7,-3709,3705,-3712,3704,-3713,3707,-3713,3707,-3714,3708,-3713,3709,-3716,3709,-3715,3708,-3715,3710,-3715,3708,-3716,3710,-3715,3710,-3717,3708,-3716,3708,-3714,3709,-3714,3711,-3714,3708,-3713,3711,-3715,3709,-3714,3708,-3714,3708,-3714,3709,-3712,3707,-3711,3706,-3707,3700,-3709,3703,-3710,3704,-3710,3702,-3713,3704,-3712,3701,-3710,3701,-3715,3703,-3715,3705,-3713,3705,-3715,3705,-3712,3704,-3715,3699,-3715,3701,-3714,3701,-3716,3702,-3716,3701,-3712,3702,-3713,3703,-3714,3704,-3710,3704,-3709,3701,-3711,3701,-3709,3701,-0.51,SJNFAAZE1U0005576,117.75,13.04,9060.583984375,78,75,0,0,0,0,14.0,99.17,-154568,95,1528022820.588,13480,2,1,0,4,0,0,0,0,4,356.20,356.20,1F,1,1,1,0080,81,40,40,0,0,19,19.25
03/06/2018 11:47:04,54 58.53373,-1 31.10137,301,0,312,616332,1144818,356.26,35.087,3718,3703,3711,15,0,94.4,34.7,89.2,31.8,none,none,81.8,27.7,-3710,3708,-3713,3707,-3714,3710,-3714,3710,-3715,3712,-3715,3711,-3716,3712,-3717,3711,-3716,3713,-3716,3712,-3715,3712,-3718,3713,-3718,3711,-3717,3710,-3715,3713,-3716,3713,-3716,3712,-3715,3713,-3715,3711,-3714,3711,-3715,3712,-3715,3713,-3712,3709,-3712,3708,-3710,3704,-3711,3706,-3712,3706,-3712,3706,-3714,3707,-3713,3705,-3713,3705,-3716,3706,-3716,3709,-3715,3707,-3717,3708,-3714,3707,-3716,3704,-3715,3705,-3715,3705,-3718,3706,-3716,3705,-3713,3705,-3713,3706,-3716,3708,-3711,3707,-3710,3704,-3712,3705,-3710,3703,-0.51,SJNFAAZE1U0005576,117.75,13.04,9060.583984375,78,75,0,0,0,0,14.0,99.17,-154568,95,1528022824.367,11720,2,1,0,4,0,0,0,0,4,356.35,356.35,1F,1,1,1,0080,81,40,40,0,0,19,14.75
03/06/2018 11:47:08,54 58.53373,-1 31.10137,301,0,312,616028,1144818,356.45,31.394,3721,3705,3713,16,0,94.2,34.6,89.4,31.9,none,none,81.8,27.7,-3713,3710,-3715,3709,-3717,3712,-3717,3711,-3717,3712,-3718,3714,-3718,3713,-3719,3714,-3718,3713,-3718,3713,-3718,3713,-3719,3714,-3719,3713,-3719,3712,-3717,3714,-3718,3714,-3717,3713,-3717,3715,-3718,3714,-3717,3713,-3717,3712,-3718,3714,-3715,3712,-3714,3710,-3712,3705,-3713,3708,-3713,3708,-3714,3707,-3717,3709,-3716,3707,-3715,3706,-3719,3707,-3718,3709,-3718,3707,-3719,3710,-3717,3709,-3719,3705,-3719,3705,-3719,3706,-3721,3707,-3719,3707,-3716,3706,-3715,3707,-3719,3709,-3714,3709,-3714,3705,-3714,3706,-3713,3706,-0.53,SJNFAAZE1U0005576,117.75,13.04,9060.583984375,78,75,0,0,0,0,14.0,99.17,-154568,96,1528022828.129,9680,2,1,0,4,0,0,0,0,4,356.42,356.42,1F,1,1,1,0080,81,40,40,0,0,19,12.75
03/06/2018 11:47:11,54 58.53373,-1 31.10137,301,0,311,615774,1144818,356.54,27.121,3722,3705,3714,17,0,94.2,34.6,89.4,31.9,none,none,81.8,27.7,-3714,3711,-3716,3710,-3718,3712,-3718,3712,-3720,3714,-3719,3716,-3719,3713,-3721,3714,-3720,3713,-3720,3713,-3720,3714,-3720,3715,-3722,3713,-3721,3713,-3719,3715,-3718,3715,-3720,3715,-3719,3715,-3720,3714,-3718,3713,-3720,3714,-3719,3715,-3717,3712,-3716,3711,-3712,3706,-3715,3708,-3715,3710,-3715,3709,-3718,3710,-3717,3707,-3716,3707,-3721,3708,-3721,3709,-3719,3710,-3719,3710,-3718,3710,-3720,3705,-3720,3705,-3720,3706,-3722,3708,-3721,3708,-3718,3708,-3716,3708,-3718,3710,-3715,3709,-3713,3707,-3715,3707,-3714,3706,-0.54,SJNFAAZE1U0005576,117.75,13.04,9060.583984375,78,75,0,0,0,0,14.0,99.17,-154568,96,1528022831.824,8200,2,1,0,4,0,0,0,0,4,356.61,356.61,1F,1,1,1,0080,81,40,40,0,0,19,11.50
03/06/2018 11:47:15,54 58.53373,-1 31.10137,301,0,311,615517,1144818,356.54,28.342,3723,3704,3714,19,0,94.2,34.6,89.4,31.9,none,none,81.8,27.7,3708,-3718,3709,-3718,3712,3717,3715,-3717,3713,-3721,3713,3720,3714,-3723,3713,-3721,3714,-3721,3713,-3720,3714,3721,3714,-3721,3714,-3722,3713,-3720,3713,-3720,3715,-3720,3715,-3719,3714,-3720,3716,-3719,3713,3719,3714,-3719,3715,-3720,3712,-3717,3711,-3715,3707,3715,3707,-3717,3709,-3715,3709,-3714,3712,-3718,3710,-3718,3707,-3718,3708,-3720,3709,-3721,3709,3720,3710,-3718,3708,-3720,3710,-3720,3706,-3721,3706,-3721,3707,3721,3707,-3721,3704,-3718,3707,-3718,3709,-3718,3707,3716,3706,-3716,3707,-3715,3706,-3713,-0.52,SJNFAAZE1U0005576,117.75,13.04,9060.583984375,78,75,0,0,0,0,14.0,99.17,-154568,96,1528022835.802,8200,2,1,0,5,0,0,0,0,4,356.57,356.57,1F,1,1,1,0080,81,40,40,0,0,19,11.75
03/06/2018 11:47:19,54 58.53373,-1 31.10137,301,0,311,615250,1144818,356.54,26.877,3722,3704,3714,18,0,94.2,34.6,89.4,31.9,none,none,81.8,27.7,3709,-3719,3709,-3717,3712,3718,3716,-3717,3713,-3720,3712,-3720,3713,-3722,3713,3722,3712,-3721,3714,-3720,3714,-3721,3713,-3721,3714,3722,3713,-3721,3713,-3719,3715,-3720,3714,-3719,3715,-3720,3715,-3720,3714,-3720,3714,-3719,3714,3720,3712,-3717,3711,-3715,3707,-3715,3708,-3716,3709,3716,3708,-3714,3712,-3718,3710,-3716,3706,-3718,3709,-3720,3710,-3721,3709,-3719,3710,-3719,3708,3719,3711,-3720,3705,-3720,3706,-3721,3707,-3721,3706,-3721,3704,3718,3707,-3718,3708,-3718,3707,-3717,3706,-3715,3706,3716,3706,-3713,-0.51,SJNFAAZE1U0005576,117.75,13.04,9060.583984375,78,75,0,0,0,0,14.0,99.17,-154568,96,1528022839.702,8200,2,1,0,4,0,0,0,0,4,356.65,356.65,1F,1,1,1,0080,81,40,40,0,0,19,12.50
03/06/2018 11:47:23,54 58.53373,-1 31.10137,301,0,311,614996,1144818,356.54,30.082,3722,3704,3714,18,0,94.4,34.7,89.4,31.9,none,none,81.8,27.7,3708,3719,3709,-3717,3712,3718,3715,-3715,3712,-3720,3714,-3721,3714,-3721,3713,-3721,3712,-3722,3713,3719,3714,-3722,3714,-3722,3713,-3721,3712,-3721,3712,3719,3714,-3719,3714,-3719,3715,-3719,3714,-3720,3713,-3719,3714,-3719,3714,-3719,3711,-3717,3711,3714,3706,-3715,3707,-3716,3708,-3715,3709,-3715,3711,3717,3709,-3716,3707,-3718,3708,-3719,3709,-3722,3707,-3719,3710,3719,3709,-3719,3708,-3720,3705,-3720,3706,-3720,3706,-3720,3707,-3721,3704,-3717,3706,-3717,3709,3718,3706,-3716,3705,-3716,3707,-3716,3706,-3713,-0.50,SJNFAAZE1U0005576,117.75,13.04,9060.583984375,78,75,0,0,0,0,14.0,99.17,-154568,96,1528022843.214,8320,2,1,0,5,0,0,0,0,4,356.51,356.51,1F,1,1,1,0080,81,40,40,0,0,19,13.75
03/06/2018 11:47:27,54 58.53373,-1 31.10137,301,0,311,614751,1144818,356.54,29.533,3721,3706,3714,15,0,94.4,34.7,89.4,31.9,none,none,81.8,27.7,3709,-3717,3711,-3716,3713,3717,3716,-3716,3714,-3718,3714,-3719,3715,-3721,3714,-3720,3715,-3719,3714,-3719,3715,-3720,3715,3721,3714,-3720,3713,-3719,3714,-3720,3716,-3719,3714,3718,3715,-3719,3716,-3719,3714,-3719,3715,-3717,3715,-3719,3713,-3717,3712,-3713,3707,-3713,3708,3715,3709,-3715,3709,-3713,3711,-3717,3711,-3715,3707,-3717,3709,3718,3711,-3719,3709,-3718,3711,-3719,3708,-3717,3709,3718,3707,-3719,3707,-3720,3709,-3719,3709,-3719,3706,-3718,3707,-3716,3709,-3716,3708,-3715,3707,3714,3707,-3715,3707,-3712,-0.53,SJNFAAZE1U0005576,117.75,13.04,9060.583984375,78,75,0,0,0,0,14.0,99.17,-154568,96,1528022847.108,8160,2,1,0,5,0,0,0,0,4,356.52,356.52,1F,1,1,1,0080,81,40,40,0,0,19,12.50
03/06/2018 11:47:30,54 58.53373,-1 31.10137,301,0,311,614418,1144818,355.78,43.784,3714,3697,3706,17,0,94.2,34.6,89.2,31.8,none,none,81.8,27.7,-3705,3704,-3707,3703,-3710,3705,-3711,3705,-3710,3707,-3710,3708,-3712,3707,-3713,3706,-3712,3707,-3712,3706,-3712,3708,-3713,3708,-3713,3706,-3714,3705,-3711,3708,-3712,3708,-3711,3707,-3712,3709,-3712,3707,-3712,3706,-3711,3707,-3712,3707,-3710,3705,-3708,3704,-3704,3698,-3706,3701,-3707,3701,-3707,3700,-3711,3702,-3709,3700,-3706,3700,-3712,3700,-3713,3702,-3710,3703,-3713,3701,-3710,3702,-3713,3697,-3711,3698,-3712,3699,-3714,3699,-3712,3699,-3711,3700,-3708,3699,-3711,3702,-3707,3701,-3706,3700,-3707,3698,-3706,3700,-0.53,SJNFAAZE1U0005576,117.75,13.04,9060.583984375,78,75,0,0,0,0,14.0,99.17,-154568,96,1528022850.894,12160,2,0,0,0,0,0,0,0,4,356.02,356.02,1F,1,1,1,0080,81,40,40,0,0,19,23.75
03/06/2018 11:47:34,54 58.53373,-1 31.10137,301,0,311,613950,1144818,354.91,61.118,3706,3688,3697,18,0,94.2,34.6,89.2,31.8,none,none,81.8,27.7,-3696,3693,-3700,3694,-3701,3698,-3702,3696,-3702,3698,-3701,3698,-3703,3699,-3704,3698,-3704,3700,-3703,3698,-3704,3699,-3704,3700,-3705,3697,-3705,3698,-3703,3701,-3703,3699,-3702,3700,-3702,3700,-3702,3698,-3702,3698,-3702,3698,-3702,3699,-3700,3696,-3698,3694,-3694,3688,-3696,3691,-3697,3693,-3697,3692,-3700,3693,-3701,3690,-3697,3691,-3703,3692,-3703,3693,-3701,3693,-3703,3694,-3702,3694,-3704,3688,-3703,3689,-3701,3692,-3706,3691,-3704,3691,-3700,3690,-3699,3693,-3702,3693,-3697,3692,-3696,3689,-3698,3690,-3697,3689,-0.50,SJNFAAZE1U0005576,117.75,13.04,9060.583984375,78,75,0,0,0,0,14.0,99.17,-154568,96,1528022854.469,17400,2,0,0,0,0,0,0,0,4,355.22,355.22,1F,1,1,1,0080,81,40,40,0,0,19,32.25
03/06/2018 11:47:38,54 58.53373,-1 31.10137,301,0,310,613348,1144818,354.82,63.499,3704,3689,3696,15,0,94.2,34.6,89.2,31.8,none,none,81.8,27.7,-3696,3694,-3698,3694,-3700,3697,-3700,3696,-3699,3698,-3701,3699,-3702,3698,-3703,3698,-3701,3698,-3701,3697,-3702,3698,-3702,3700,-3703,3697,-3702,3697,-3702,3699,-3702,3699,-3701,3699,-3701,3699,-3700,3698,-3701,3698,-3701,3697,-3701,3698,-3698,3696,-3697,3694,-3692,3689,-3693,3691,-3696,3691,-3696,3691,-3699,3694,-3698,3691,-3695,3689,-3700,3693,-3700,3692,-3699,3692,-3701,3693,-3699,3693,-3704,3689,-3700,3690,-3700,3691,-3703,3690,-3701,3691,-3698,3690,-3697,3692,-3700,3693,-3696,3691,-3695,3689,-3696,3690,-3695,3689,-0.53,SJNFAAZE1U0005576,117.75,13.04,9062.193359375,78,75,0,0,0,0,14.0,99.17,-154568,96,1528022858.337,18760,2,0,0,0,0,0,0,0,4,354.87,354.87,1F,1,1,1,0080,81,40,40,0,0,11,27.00
03/06/2018 11:47:42,54 58.53373,-1 31.10137,301,0,310,612839,1144818,355.49,45.829,3712,3694,3703,18,0,94.2,34.6,89.2,31.8,none,none,81.8,27.7,-3702,3699,-3705,3698,-3706,3702,-3707,3701,-3707,3703,-3707,3703,-3709,3704,-3710,3704,-3709,3705,-3710,3703,-3709,3704,-3710,3704,-3710,3702,-3710,3702,-3708,3704,-3708,3705,-3707,3704,-3708,3704,-3709,3704,-3707,3703,-3709,3703,-3709,3704,-3705,3701,-3705,3700,-3701,3695,-3702,3697,-3703,3697,-3704,3697,-3708,3699,-3707,3697,-3704,3696,-3709,3697,-3710,3699,-3708,3699,-3709,3699,-3707,3698,-3710,3694,-3709,3695,-3709,3695,-3712,3696,-3710,3696,-3707,3698,-3705,3696,-3708,3697,-3703,3698,-3703,3695,-3704,3695,-3703,3695,-0.12,SJNFAAZE1U0005576,117.75,13.28,9062.193359375,78,75,0,0,0,0,14.0,99.17,-154568,96,1528022862.275,13880,3,0,0,0,0,0,0,0,4,355.35,355.35,1F,1,1,1,0080,81,40,40,0,0,19,18.25
03/06/2018 11:47:45,54 58.53373,-1 31.10137,301,0,310,612480,1144818,355.78,33.164,3714,3695,3706,19,0,94.2,34.6,89.2,31.8,none,none,81.8,27.7,-3701,3710,-3701,3708,-3702,3709,-3706,3708,-3705,3712,-3705,3711,-3705,3713,-3706,3714,-3705,3713,-3706,3711,-3705,3713,-3706,3714,-3707,3714,-3705,3713,3704,-3712,3706,3711,3707,-3711,3706,-3711,3707,-3711,3704,-3712,-3705,3710,-3706,3711,-3703,3709,-3703,3704,-3698,3705,-3698,3708,-3699,3706,-3700,3705,-3702,3709,-3701,3707,-3698,3711,-3700,3711,-3700,3712,-3700,3711,-3703,3712,-3699,3710,-3701,3711,-3698,3712,-3697,3713,-3699,3713,-3698,3713,-3695,3710,-3698,3710,-3701,3710,-3698,3708,-3697,3706,-3697,3708,-3697,3704,-0.26,SJNFAAZE1U0005576,117.76,13.52,9062.193359375,78,75,0,0,0,0,14.0,99.17,-154568,96,1528022865.848,10320,3,1,0,4,0,0,0,0,4,355.80,355.80,1F,1,1,1,0080,81,40,40,0,0,19,14.00
03/06/2018 11:47:49,54 58.53373,-1 31.10137,301,0,310,612231,1144818,356.35,20.713,3720,3701,3712,19,0,94.2,34.6,89.2,31.8,none,none,81.8,27.7,3706,3716,3708,-3714,3709,3715,3714,-3714,3711,-3717,3711,-3716,3711,-3718,3711,-3719,3712,-3717,3711,3718,3712,-3718,3712,-3719,3712,-3720,3710,-3719,3710,3717,3713,-3716,3713,-3716,3713,-3716,3713,-3717,3711,-3717,3712,3716,3713,-3717,3710,-3714,3709,-3712,3704,-3713,3705,-3714,3706,-3713,3707,-3713,3709,-3714,3707,3714,3706,-3715,3706,-3718,3707,-3718,3707,-3718,3708,3717,3706,-3716,3707,-3717,3703,-3718,3704,-3719,3705,-3717,3705,-3719,3701,-3716,3705,-3716,3706,3717,3704,-3713,3704,-3714,3703,-3714,3703,-3711,-0.11,SJNFAAZE1U0005576,117.76,13.84,9062.193359375,78,75,0,0,0,0,14.0,99.17,-154568,96,1528022869.735,6960,2,1,0,4,0,0,0,0,4,356.28,356.28,1F,1,1,1,0080,81,40,40,0,0,19,7.25
03/06/2018 11:47:53,54 58.53373,-1 31.10137,301,0,310,612053,1144818,356.35,15.922,3721,3703,3712,18,0,94.2,34.6,89.2,31.8,none,none,81.8,27.7,3707,-3717,3708,-3715,3709,3716,3714,-3715,3711,-3718,3712,-3718,3712,-3719,3713,-3720,3712,-3719,3712,-3718,3713,-3718,3713,3719,3713,-3721,3711,-3720,3711,-3719,3713,-3718,3714,3717,3713,-3718,3714,-3719,3712,-3718,3713,-3716,3713,-3718,3711,3716,3710,-3713,3706,-3714,3705,-3715,3707,-3713,3707,-3712,3710,-3717,3709,-3715,3705,-3717,3706,3718,3708,-3717,3707,-3718,3708,-3717,3707,-3717,3708,3718,3704,-3719,3706,-3718,3705,-3719,3704,-3719,3703,-3716,3705,-3716,3707,-3717,3707,-3715,3705,3713,3704,-3714,3704,-3711,-0.24,SJNFAAZE1U0005576,117.76,14.16,9062.193359375,78,75,0,0,0,0,14.0,99.17,-154568,96,1528022873.461,5600,2,1,0,4,0,0,0,0,4,356.55,356.55,1F,1,1,1,0080,81,40,40,0,0,19,7.50
03/06/2018 11:47:57,54 58.53373,-1 31.10137,301,0,309,611908,1144818,356.83,10.123,3724,3709,3717,15,0,94.2,34.6,89.2,31.8,none,none,81.8,27.7,3714,-3721,3713,-3721,3715,3720,3718,-3720,3716,3722,3716,-3721,3717,-3722,3715,-3723,3717,-3723,3717,-3722,3716,3722,3716,-3722,3718,-3724,3715,-3723,3715,-3721,3717,-3722,3718,-3720,3717,-3722,3717,-3722,3716,3721,3717,-3721,3718,-3722,3716,-3720,3715,-3717,3711,3718,3711,-3719,3712,-3717,3713,-3717,3716,-3721,3713,-3719,3711,-3720,3713,-3721,3713,-3724,3713,3721,3715,-3722,3713,-3721,3712,-3720,3710,-3721,3709,3723,3712,-3722,3711,-3722,3709,-3720,3711,-3720,3713,-3720,3712,-3719,3711,-3716,3711,-3719,3710,3716,-0.29,SJNFAAZE1U0005576,117.76,14.32,9062.193359375,78,75,0,0,0,0,14.0,99.17,-154568,96,1528022877.168,4800,2,1,0,4,0,0,0,0,4,356.80,356.80,1F,1,1,1,0080,81,40,40,0,0,19,1.25
03/06/2018 11:48:00,54 58.53373,-1 31.10137,301,0,309,611812,1144818,356.74,13.602,3725,3707,3716,18,0,94.2,34.6,89.2,31.8,none,none,81.8,27.7,3713,-3721,3713,3721,3715,3720,3718,-3719,3715,-3722,3715,-3722,3716,3723,3715,-3723,3715,-3723,3715,-3721,3715,-3723,3717,-3723,3716,3724,3715,-3723,3715,-3721,3716,-3721,3716,-3722,3716,-3721,3717,-3722,3715,-3722,3715,-3720,3717,3722,3715,-3719,3713,-3717,3710,-3718,3711,-3719,3710,3718,3711,-3718,3713,-3720,3713,-3718,3709,-3720,3712,-3723,3712,-3725,3710,-3720,3713,-3722,3712,3722,3711,-3723,3708,-3723,3708,-3724,3710,-3723,3709,3723,3707,-3721,3710,-3721,3711,-3720,3710,-3719,3710,-3718,3709,-3720,3708,-3714,-0.31,SJNFAAZE1U0005576,117.76,14.32,9062.193359375,78,75,0,0,0,0,14.0,99.17,-154568,96,1528022880.877,3720,2,1,0,5,0,0,0,0,4,356.88,356.88,1F,1,1,1,0080,81,40,40,0,0,19,7.50
03/06/2018 11:48:04,54 58.53373,-1 31.10137,301,0,309,611601,1144818,356.16,28.770,3718,3702,3710,16,0,94.2,34.6,89.2,31.8,none,none,81.8,27.7,-3710,3706,-3713,3706,-3714,3709,-3715,3708,-3715,3710,-3715,3711,-3716,3711,-3717,3711,-3716,3710,-3716,3710,-3717,3711,-3717,3712,-3716,3710,-3716,3709,-3715,3710,-3716,3712,-3715,3712,-3714,3713,-3715,3712,-3715,3711,-3715,3710,-3716,3712,-3713,3709,-3711,3708,-3708,3703,-3711,3705,-3711,3706,-3711,3705,-3714,3706,-3714,3705,-3712,3704,-3716,3705,-3715,3706,-3715,3706,-3715,3706,-3714,3706,-3717,3702,-3716,3702,-3717,3704,-3718,3704,-3716,3703,-3714,3704,-3713,3704,-3714,3706,-3712,3705,-3710,3703,-3711,3703,-3710,3702,-0.26,SJNFAAZE1U0005576,117.76,14.32,9062.193359375,78,75,0,0,0,0,14.0,99.17,-154568,96,1528022884.801,7800,2,1,0,4,0,0,0,0,4,356.34,356.34,1F,1,1,1,0080,81,40,40,0,0,19,19.25
03/06/2018 11:48:08,54 58.53373,-1 31.10137,301,0,309,611241,1144818,355.68,42.960,3712,3697,3705,15,0,94.2,34.6,89.2,31.8,none,none,81.8,27.7,-3704,3703,-3707,3701,-3708,3704,-3709,3704,-3709,3705,-3710,3706,-3710,3707,-3712,3706,-3710,3706,-3711,3705,-3712,3706,-3712,3707,-3712,3706,-3712,3705,-3710,3706,-3710,3707,-3711,3706,-3709,3707,-3710,3705,-3709,3705,-3710,3705,-3709,3706,-3707,3703,-3705,3702,-3702,3698,-3705,3700,-3705,3699,-3706,3700,-3709,3701,-3707,3700,-3706,3698,-3710,3700,-3710,3702,-3709,3700,-3711,3702,-3708,3702,-3710,3697,-3710,3698,-3709,3699,-3712,3699,-3711,3700,-3707,3699,-3707,3700,-3709,3702,-3705,3699,-3703,3698,-3705,3698,-3705,3698,-0.31,SJNFAAZE1U0005576,117.76,14.32,9062.193359375,78,75,0,0,0,0,14.0,99.17,-154568,96,1528022888.628,11960,2,1,0,5,0,0,0,0,4,355.76,355.76,1F,1,1,1,0080,81,40,40,0,0,19,22.25
03/06/2018 11:48:12,54 58.53373,-1 31.10137,301,0,309,610763,1144818,354.91,57.944,3704,3690,3697,14,0,94.2,34.6,89.2,31.8,none,none,81.8,27.7,-3696,3695,-3699,3694,-3701,3699,-3701,3698,-3702,3699,-3701,3700,-3703,3699,-3704,3699,-3703,3700,-3702,3698,-3704,3699,-3704,3700,-3703,3698,-3704,3698,-3703,3701,-3702,3700,-3703,3699,-3702,3701,-3702,3698,-3702,3698,-3703,3699,-3702,3700,-3699,3696,-3698,3696,-3694,3691,-3696,3692,-3696,3693,-3697,3692,-3700,3694,-3699,3692,-3696,3692,-3702,3693,-3702,3695,-3700,3693,-3702,3695,-3701,3694,-3701,3690,-3702,3692,-3700,3693,-3703,3693,-3702,3692,-3699,3692,-3699,3692,-3701,3693,-3697,3693,-3696,3691,-3697,3691,-3696,3691,-0.30,SJNFAAZE1U0005576,117.76,14.32,9062.193359375,78,75,0,0,0,0,14.0,99.17,-154568,96,1528022892.650,15760,2,1,0,5,0,0,0,0,4,355.11,355.11,1F,1,1,1,0080,81,40,40,0,0,19,27.50
03/06/2018 11:48:16,54 58.53373,-1 31.10137,301,0,309,610208,1144818,355.10,50.254,3707,3690,3699,17,0,94.2,34.6,89.4,31.9,none,none,81.8,27.7,-3699,3697,-3702,3695,-3703,3698,-3704,3698,-3703,3700,-3704,3699,-3705,3699,-3705,3699,-3705,3699,-3706,3700,-3707,3700,-3705,3702,-3705,3698,-3706,3699,-3704,3699,-3704,3701,-3704,3700,-3704,3701,-3704,3699,-3704,3698,-3704,3698,-3703,3699,-3702,3697,-3701,3696,-3697,3691,-3699,3693,-3700,3693,-3700,3693,-3704,3695,-3701,3692,-3700,3692,-3705,3693,-3705,3694,-3704,3696,-3706,3696,-3704,3694,-3707,3690,-3704,3691,-3706,3692,-3706,3692,-3706,3692,-3702,3692,-3701,3692,-3703,3694,-3699,3693,-3699,3692,-3700,3691,-3699,3691,-0.35,SJNFAAZE1U0005576,117.76,14.32,9062.193359375,78,75,0,0,0,0,14.0,99.17,-154568,96,1528022896.582,15760,2,1,0,5,0,0,0,0,4,355.12,355.12,1F,1,1,1,0080,81,40,40,0,0,19,22.75
03/06/2018 11:48:20,54 58.53373,-1 31.10137,301,0,308,609767,1144818,355.30,43.571,3709,3690,3701,19,0,94.2,34.6,89.4,31.9,none,none,81.8,27.7,3695,-3704,3697,-3704,3698,3704,3703,-3704,3701,-3706,3700,-3706,3701,-3709,3700,-3708,3700,-3707,3701,-3707,3702,-3708,3702,3708,-3701,3708,-3700,-3707,-3700,3707,-3701,3706,-3701,3705,-3702,3706,-3702,3706,-3700,3706,-3701,3705,-3700,3706,-3698,3703,-3699,3702,-3692,3701,-3693,3702,-3694,3701,-3696,3701,-3697,3704,-3697,3702,-3693,3705,-3694,3706,-3696,3707,-3695,3706,-3697,3706,-3695,3705,-3697,3706,-3693,3707,3691,-3708,3694,3708,3693,-3708,3690,-3706,3693,-3705,3696,-3705,3694,-3703,3692,3702,3692,-3703,3692,-3699,-0.32,SJNFAAZE1U0005576,117.76,14.32,9062.193359375,78,75,0,0,0,0,13.5,99.17,-154568,96,1528022900.271,13000,2,1,0,5,0,0,0,0,4,355.23,355.23,1F,1,1,1,0080,81,40,40,0,0,19,17.50
03/06/2018 11:48:23,54 58.53373,-1 31.10137,301,0,308,609430,1144818,355.58,39.786,3713,3694,3704,19,0,94.4,34.7,89.4,31.9,none,none,81.8,27.7,3699,-3708,3701,-3708,3702,3708,3705,-3706,3702,3710,3704,-3710,3704,-3713,3704,-3713,3704,-3711,3704,-3711,3704,3711,3705,-3712,3703,-3712,3702,-3711,3703,-3710,3705,-3711,3705,-3710,3705,-3710,3705,-3710,3704,3709,3704,-3710,3705,-3710,3702,-3707,3701,-3704,3696,3705,3697,-3707,3698,-3704,3699,-3704,3702,-3707,3700,-3707,3695,-3708,3699,-3709,3700,-3711,3699,3709,3700,-3709,3699,-3709,3699,-3710,3696,-3711,3695,3711,3698,-3710,3697,-3711,3694,-3708,3696,-3708,3699,-3709,3697,-3706,3697,-3706,3696,-3706,3695,3703,-0.34,SJNFAAZE1U0005576,117.76,14.32,9062.193359375,78,75,0,0,0,0,13.5,99.17,-154568,96,1528022903.718,10400,2,0,0,0,0,0,0,0,4,355.38,355.38,1F,1,1,1,0080,81,40,40,0,0,19,19.75
03/06/2018 11:48:27,54 58.53373,-1 31.10137,301,0,308,609171,1144818,355.78,28.129,3713,3696,3706,17,0,94.2,34.6,89.4,31.9,none,none,81.8,27.7,3701,-3709,3703,-3709,3705,3710,3708,-3709,3705,-3710,3706,-3711,3706,-3713,3705,3713,3706,-3712,3707,-3712,3707,-3712,3707,-3713,3707,3713,3705,-3712,3706,-3711,3707,-3712,3708,-3711,3707,-3712,3707,-3711,3706,-3710,3707,-3711,3709,3713,3705,-3710,3703,-3706,3700,-3706,3700,-3708,3702,3707,3701,-3707,3705,-3709,3703,-3707,3700,-3709,3702,-3711,3702,-3712,3703,-3710,3703,-3710,3702,3710,3703,-3711,3698,-3711,3699,-3711,3701,-3711,3700,3712,3696,-3710,3700,-3709,3701,-3710,3700,-3708,3699,-3706,3699,3708,3699,-3705,-0.36,SJNFAAZE1U0005576,117.76,14.32,9062.193359375,78,75,0,0,0,0,13.5,99.17,-154568,96,1528022907.379,7440,2,0,0,0,0,0,0,0,4,355.79,355.79,1F,1,1,1,0080,81,40,40,0,0,19,9.50
03/06/2018 11:48:31,54 58.53373,-1 31.10137,301,0,308,608971,1144818,356.16,18.821,3718,3701,3710,17,0,94.2,34.6,89.4,31.9,none,none,81.8,27.7,3705,3714,3706,-3713,3708,3713,3713,-3713,3709,-3715,3709,-3716,3710,-3718,3709,-3717,3711,-3717,3709,3715,3710,-3717,3710,-3717,3710,-3718,3710,-3717,3709,3716,3710,-3717,3710,-3716,3711,-3716,3710,-3715,3710,-3715,3710,-3714,3711,-3716,3708,-3712,3708,3711,3704,-3712,3705,-3714,3706,-3712,3707,-3711,3707,3713,3706,-3713,3703,-3716,3705,-3716,3706,-3717,3705,-3715,3708,-3716,3705,-3715,3706,-3716,3702,3716,3702,-3718,3705,-3718,3703,-3717,3701,-3715,3704,-3715,3705,-3716,3705,-3714,3703,-3713,3704,-3713,3702,-3709,-0.34,SJNFAAZE1U0005576,117.76,14.32,9062.193359375,78,75,0,0,0,0,13.5,99.17,-154568,96,1528022911.024,5680,2,0,0,0,0,0,0,0,4,356.21,356.21,1F,1,1,1,0080,81,40,40,0,0,19,6.25
03/06/2018 11:48:34,54 58.53373,-1 31.10137,301,0,308,608835,1144818,356.35,16.745,3721,3704,3712,17,0,94.2,34.6,89.2,31.8,none,none,81.8,27.7,3708,-3717,3707,-3716,3709,3715,3713,-3715,3711,-3718,3711,-3718,3712,-3719,3712,-3720,3712,-3718,3712,-3717,3711,-3719,3712,3718,3711,-3720,3710,-3719,3710,-3717,3712,-3718,3712,3717,3713,-3717,3712,-3718,3711,-3717,3712,-3716,3712,-3718,3710,-3715,3709,-3712,3707,-3713,3705,3715,3707,-3714,3708,-3714,3710,-3716,3708,-3715,3705,3718,3706,-3717,3707,-3718,3707,-3719,3709,-3718,3706,-3717,3708,-3718,3704,-3719,3704,-3721,3707,3720,3705,-3719,3704,-3717,3706,-3717,3707,-3717,3706,-3715,3705,3714,3705,-3714,3704,-3711,-0.33,SJNFAAZE1U0005576,117.76,14.32,9062.193359375,78,75,0,0,0,0,13.5,99.17,-154568,96,1528022914.894,4040,2,0,0,0,0,0,0,0,4,356.40,356.40,1F,1,1,1,0080,81,40,40,0,0,19,5.25
03/06/2018 11:48:38,54 58.53373,-1 31.10137,301,0,308,608706,1144818,356.45,11.344,3721,3705,3713,16,0,94.2,34.6,89.4,31.9,none,none,81.8,27.7,-3714,3710,-3716,3709,-3719,3713,-3718,3712,-3718,3714,-3719,3714,-3719,3714,-3720,3713,-3718,3714,-3718,3713,-3720,3713,-3721,3714,-3720,3712,-3720,3711,-3718,3714,-3717,3714,-3718,3714,-3717,3714,-3717,3713,-3717,3712,-3718,3713,-3718,3714,-3716,3712,-3716,3711,-3712,3707,-3715,3709,-3715,3709,-3716,3709,-3719,3709,-3717,3708,-3716,3706,-3720,3707,-3719,3710,-3718,3708,-3720,3709,-3717,3709,-3718,3705,-3720,3705,-3718,3706,-3721,3707,-3720,3707,-3718,3708,-3717,3707,-3718,3708,-3715,3708,-3713,3708,-3715,3706,-3715,3706,-0.32,SJNFAAZE1U0005576,117.76,14.32,9062.193359375,78,75,0,0,0,0,13.5,99.17,-154568,96,1528022918.480,4520,2,1,0,4,0,0,0,0,4,356.62,356.62,1F,1,1,1,0080,81,40,40,0,0,19,5.00
03/06/2018 11:48:42,54 58.53373,-1 31.10137,301,0,308,608576,1144818,356.64,16.166,3721,3708,3715,13,0,94.2,34.6,89.2,31.8,none,none,81.8,27.7,-3716,3713,-3717,3712,-3718,3715,-3719,3714,-3719,3715,-3718,3715,-3720,3715,-3720,3715,-3719,3716,-3720,3714,-3720,3716,-3720,3716,-3720,3715,-3720,3715,-3718,3716,-3719,3716,-3718,3716,-3719,3717,-3719,3716,-3718,3715,-3719,3714,-3719,3716,-3717,3714,-3717,3713,-3714,3709,-3715,3711,-3716,3710,-3716,3711,-3718,3712,-3718,3711,-3716,3709,-3719,3710,-3720,3713,-3718,3712,-3720,3712,-3719,3713,-3718,3708,-3720,3709,-3718,3709,-3721,3709,-3720,3709,-3717,3710,-3717,3709,-3719,3711,-3716,3710,-3716,3709,-3716,3710,-3715,3709,-0.34,SJNFAAZE1U0005576,117.76,14.32,9063.802734375,78,75,0,0,0,0,13.5,99.17,-154568,96,1528022922.249,4320,2,1,0,4,0,0,0,0,4,356.61,356.61,1F,1,1,1,0080,81,40,40,0,0,19,1.00
03/06/2018 11:48:46,54 58.53373,-1 31.10137,301,0,308,608448,1144818,356.45,21.628,3722,3705,3713,17,0,94.2,34.6,89.2,31.8,none,none,81.8,27.7,-3714,3710,-3716,3709,-3719,3713,-3717,3712,-3718,3714,-3719,3713,-3719,3714,-3719,3713,-3719,3713,-3719,3713,-3721,3713,-3720,3714,-3720,3712,-3720,3712,-3718,3714,-3719,3714,-3718,3714,-3718,3716,-3718,3714,-3718,3714,-3718,3713,-3719,3714,-3717,3711,-3715,3711,-3712,3707,-3714,3708,-3715,3710,-3714,3708,-3719,3708,-3718,3708,-3716,3707,-3719,3708,-3721,3710,-3719,3708,-3719,3710,-3717,3710,-3719,3705,-3719,3705,-3719,3706,-3722,3707,-3720,3706,-3718,3707,-3716,3707,-3718,3709,-3716,3708,-3713,3706,-3714,3707,-3715,3706,-0.32,SJNFAAZE1U0005576,117.76,14.32,9063.802734375,78,75,0,0,0,0,13.5,99.17,-154568,96,1528022926.037,5240,2,1,0,4,0,0,0,0,4,356.46,356.46,1F,1,1,1,0080,81,40,40,0,0,19,5.00
03/06/2018 11:48:49,54 58.53373,-1 31.10137,301,0,308,608295,1144818,356.74,14.823,3724,3707,3716,17,0,94.2,34.6,89.2,31.8,none,none,81.8,27.7,-3718,3713,-3719,3711,-3720,3715,-3719,3714,-3721,3716,-3721,3716,-3722,3716,-3722,3715,-3720,3716,-3721,3715,-3722,3715,-3722,3717,-3722,3714,-3723,3714,-3721,3716,-3720,3716,-3720,3716,-3719,3718,-3720,3717,-3720,3715,-3720,3715,-3721,3716,-3719,3715,-3718,3713,-3715,3710,-3717,3710,-3717,3712,-3718,3711,-3719,3711,-3721,3709,-3718,3708,-3721,3710,-3722,3712,-3720,3711,-3722,3711,-3721,3712,-3720,3707,-3722,3708,-3722,3708,-3724,3709,-3722,3709,-3719,3709,-3720,3710,-3720,3711,-3718,3711,-3717,3709,-3718,3710,-3717,3709,-1.02,SJNFAAZE1U0005576,117.76,14.16,9063.802734375,78,75,0,0,0,0,13.5,99.17,-154568,96,1528022929.928,4960,2,1,0,4,0,0,0,0,4,356.71,356.71,1F,1,1,1,0080,81,40,40,0,0,19,6.75
03/06/2018 11:48:53,54 58.53373,-1 31.10137,301,0,308,608155,1144818,356.64,18.424,3723,3705,3715,18,0,94.2,34.6,89.2,31.8,none,none,81.8,27.7,-3711,3720,-3710,3717,-3713,3719,-3716,3718,-3714,3721,-3713,3721,-3714,3722,-3714,3721,-3713,3721,-3714,3719,-3714,3722,-3715,3721,-3715,3722,-3713,3721,3713,-3719,3715,3720,3715,-3720,3714,-3719,3716,-3720,3714,-3720,3715,-3719,3715,3721,3713,-3717,3712,-3715,3709,-3717,3708,-3717,3711,3717,3711,-3716,-3713,3717,-3711,-3717,-3707,3720,-3710,3720,-3710,3721,-3709,3719,-3711,3721,-3709,3719,-3710,3720,-3707,3722,-3708,3723,-3708,3723,-3708,3722,-3705,3720,-3708,3720,-3709,3719,-3709,3719,-3708,3716,-3709,3717,-3707,3714,-0.62,SJNFAAZE1U0005576,117.76,13.84,9063.802734375,78,75,0,0,0,0,13.5,99.17,-154568,96,1528022933.771,4720,2,1,0,4,0,0,0,0,4,356.61,356.61,1F,1,1,1,0080,81,40,40,0,0,19,6.25
03/06/2018 11:48:57,54 58.53373,-1 31.10137,301,0,307,607994,1144818,357.02,9.635,3726,3710,3719,16,0,94.2,34.6,89.2,31.8,none,none,81.8,27.7,3715,3723,3714,-3722,3717,3721,3720,-3722,3717,-3723,3717,-3723,3718,-3725,3718,-3724,3719,-3724,3718,3723,3719,-3725,3718,-3725,3719,-3726,3717,-3724,3716,3723,3719,-3723,3720,-3723,3719,-3723,3719,-3724,3719,-3723,3719,-3722,3719,-3724,3716,-3722,3716,3718,3712,-3720,3713,-3723,3713,-3721,3714,-3720,3715,-3723,3715,-3721,3712,-3723,3712,-3725,3714,-3726,3713,-3723,3715,3724,3712,-3723,3713,-3725,3711,-3725,3710,-3726,3712,-3726,3710,-3725,3710,-3723,3712,-3722,3713,3722,3712,-3722,3712,-3720,3712,-3722,3711,-3718,-0.59,SJNFAAZE1U0005576,117.76,13.52,9063.802734375,78,75,0,0,0,0,13.5,99.17,-154568,96,1528022937.452,4400,2,1,0,4,0,0,0,0,4,356.88,356.88,1F,1,1,1,0080,81,40,40,0,0,19,0.75
03/06/2018 11:49:01,54 58.53373,-1 31.10137,301,0,307,607886,1144818,356.26,28.495,3719,3701,3711,18,0,94.2,34.6,89.2,31.8,none,none,81.8,27.7,3706,-3715,3706,-3714,3709,3715,3712,-3713,3710,-3716,3710,-3715,3710,-3717,3710,-3718,3710,-3717,3710,-3716,3710,-3717,3711,3717,3710,-3719,3710,-3717,3709,-3716,3710,-3717,3711,3716,3710,-3716,3711,-3716,3710,-3715,3710,-3715,3712,-3717,3708,3714,3708,-3711,3704,-3712,3704,-3713,3705,-3712,3706,-3712,3708,-3715,3707,-3713,3702,-3715,3704,3716,3705,-3718,3706,-3716,3707,-3716,3706,-3715,3705,3717,3702,-3718,3702,-3717,3703,-3717,3702,-3718,3701,-3715,3703,-3714,3705,-3714,3704,-3714,3704,3711,3703,-3713,3702,-3710,-0.84,SJNFAAZE1U0005576,117.76,13.28,9063.802734375,78,75,0,0,0,0,13.5,99.17,-154568,96,1528022941.027,6560,2,1,0,4,0,0,0,0,4,356.43,356.43,1F,1,1,1,0080,81,40,40,0,0,19,18.75
03/06/2018 11:49:04,54 58.53373,-1 31.10137,301,0,307,607472,1144818,355.01,57.792,3707,3688,3698,19,0,94.2,34.6,89.2,31.8,none,none,81.6,27.6,3692,-3702,3694,-3701,3696,3703,3701,-3701,3696,3705,3697,-3705,3698,-3706,3698,-3707,3699,-3707,3697,-3704,3698,-3705,3698,-3706,3698,-3707,3697,3706,3696,-3705,3699,-3706,3699,-3703,3700,-3705,3698,3705,3697,-3705,3698,-3703,3700,-3705,3696,-3703,3695,-3699,3691,3699,3690,-3701,3692,-3699,3693,-3699,3696,-3702,3693,-3700,3690,-3702,3692,-3705,3693,-3704,3692,3704,3694,-3704,3692,-3702,3696,-3704,3689,-3705,3690,3706,3692,-3705,3692,-3706,3688,-3703,3691,-3703,3694,-3704,3691,-3701,3690,-3699,3690,-3700,3689,3697,-0.67,SJNFAAZE1U0005576,117.76,13.04,9063.802734375,78,75,0,0,0,0,13.5,99.17,-154568,96,1528022944.982,15160,2,1,0,5,0,0,0,0,4,355.24,355.24,1F,1,1,1,0080,81,40,40,0,0,19,31.50
03/06/2018 11:49:09,54 58.53373,-1 31.10137,301,0,307,606827,1144818,354.24,72.074,3698,3680,3690,18,0,94.2,34.6,89.2,31.8,none,none,81.8,27.7,3684,-3693,3686,3693,3688,3694,3691,-3694,3690,-3697,3690,-3697,3690,3698,3691,-3697,3690,-3698,3689,-3697,3691,-3697,3691,-3698,3691,-3698,3690,-3698,3690,-3697,3691,3697,3691,-3696,3691,-3695,3690,-3697,3690,-3696,3690,3694,3689,-3696,3689,-3692,3686,-3690,3682,-3689,3681,-3690,3684,3690,3685,-3690,3688,-3694,3684,-3690,3681,-3693,3685,-3696,3685,-3696,3684,-3694,3688,-3694,3684,3694,3688,-3694,3682,-3695,3681,-3697,3685,-3695,3683,3697,3680,-3693,3684,-3693,3687,-3693,3683,-3691,3682,-3690,3682,-3691,3681,-3688,-0.62,SJNFAAZE1U0005576,117.76,13.04,9063.802734375,78,75,0,0,0,0,13.5,99.17,-154568,96,1528022949.043,20440,2,1,0,5,0,0,0,0,4,354.36,354.36,1F,1,1,1,0080,81,40,40,0,0,19,32.25
03/06/2018 11:49:12,54 58.53373,-1 31.10137,301,0,307,606244,1144818,355.01,42.563,3706,3689,3698,17,0,94.2,34.6,89.2,31.8,none,none,81.6,27.6,-3698,3694,-3701,3694,-3702,3697,-3702,3696,-3703,3699,-3703,3698,-3704,3698,-3705,3698,-3704,3698,-3704,3698,-3705,3698,-3705,3700,-3705,3697,-3706,3697,-3704,3700,-3703,3699,-3703,3699,-3703,3700,-3704,3698,-3703,3697,-3704,3698,-3702,3699,-3701,3695,-3700,3695,-3696,3690,-3699,3691,-3700,3693,-3699,3692,-3701,3694,-3702,3692,-3700,3691,-3704,3693,-3704,3693,-3703,3694,-3705,3694,-3703,3694,-3704,3689,-3704,3690,-3704,3691,-3706,3691,-3705,3691,-3703,3692,-3701,3692,-3703,3694,-3700,3693,-3698,3692,-3699,3690,-3699,3691,-0.55,SJNFAAZE1U0005576,117.76,13.04,9063.802734375,78,75,0,0,0,0,13.5,99.17,-154568,96,1528022952.967,14800,2,1,0,5,0,0,0,0,4,355.08,355.08,1F,1,1,1,0080,81,40,40,0,0,19,18.25
03/06/2018 11:49:16,54 58.53373,-1 31.10137,301,0,306,605895,1144818,355.68,33.652,3711,3698,3705,13,0,94.2,34.6,89.2,31.8,none,none,81.8,27.7,-3704,3702,-3706,3701,-3708,3704,-3709,3704,-3708,3706,-3708,3706,-3710,3706,-3711,3705,-3710,3705,-3710,3704,-3710,3705,-3710,3707,-3711,3705,-3710,3705,-3709,3706,-3709,3706,-3708,3705,-3710,3707,-3708,3706,-3709,3705,-3709,3704,-3709,3707,-3706,3704,-3706,3702,-3701,3699,-3704,3701,-3705,3700,-3704,3700,-3709,3701,-3708,3699,-3706,3699,-3709,3701,-3710,3701,-3709,3702,-3709,3702,-3708,3701,-3711,3698,-3709,3699,-3710,3699,-3711,3700,-3709,3700,-3707,3698,-3706,3700,-3708,3701,-3705,3700,-3704,3699,-3705,3699,-3705,3698,-0.55,SJNFAAZE1U0005576,117.76,13.04,9063.802734375,78,75,0,0,0,0,13.5,99.17,-154568,96,1528022956.949,9480,2,0,0,0,0,0,0,0,4,355.42,355.42,1F,1,1,1,0080,81,40,40,0,0,19,12.25
03/06/2018 11:49:20,54 58.53373,-1 31.10137,301,0,306,605630,1144818,355.68,27.305,3711,3697,3705,14,0,94.2,34.6,89.2,31.8,none,none,81.6,27.6,-3705,3703,-3707,3702,-3709,3703,-3708,3704,-3709,3705,-3709,3706,-3708,3706,-3711,3706,-3709,3706,-3709,3705,-3711,3705,-3711,3707,-3711,3704,-3711,3704,-3709,3706,-3710,3708,-3709,3706,-3710,3707,-3709,3706,-3709,3705,-3709,3704,-3709,3706,-3708,3703,-3707,3702,-3704,3699,-3705,3701,-3706,3700,-3706,3701,-3709,3702,-3708,3700,-3706,3698,-3710,3701,-3711,3701,-3708,3702,-3711,3701,-3708,3701,-3710,3697,-3709,3698,-3709,3698,-3711,3698,-3711,3700,-3708,3699,-3708,3700,-3709,3701,-3706,3701,-3705,3698,-3706,3699,-3705,3699,-0.55,SJNFAAZE1U0005576,117.76,13.04,9063.802734375,78,75,0,0,0,0,13.5,99.17,-154568,96,1528022960.815,7960,2,0,0,0,0,0,0,0,4,355.73,355.73,1F,1,1,1,0080,81,40,40,0,0,19,13.75
03/06/2018 11:49:24,54 58.53373,-1 31.10137,301,0,306,605331,1144818,356.06,30.509,3716,3702,3709,14,0,94.2,34.6,89.2,31.8,none,none,81.6,27.6,-3710,3706,-3712,3706,-3712,3708,-3712,3708,-3713,3709,-3713,3709,-3713,3709,-3714,3709,-3713,3709,-3713,3708,-3713,3709,-3714,3710,-3715,3708,-3714,3708,-3712,3710,-3712,3710,-3713,3710,-3711,3710,-3713,3709,-3712,3708,-3713,3708,-3712,3710,-3711,3708,-3710,3706,-3707,3702,-3709,3704,-3711,3703,-3710,3703,-3711,3705,-3711,3704,-3710,3703,-3714,3703,-3714,3705,-3712,3705,-3715,3705,-3712,3705,-3712,3702,-3713,3703,-3713,3702,-3716,3703,-3714,3703,-3712,3702,-3711,3703,-3713,3704,-3710,3705,-3710,3702,-3709,3703,-3709,3702,-0.55,SJNFAAZE1U0005576,117.76,13.04,9063.802734375,78,75,0,0,0,0,13.5,99.17,-154568,96,1528022964.310,11840,2,0,0,0,0,0,0,0,4,355.55,355.55,1F,1,1,1,0080,81,40,40,0,0,19,-2.00
03/06/2018 11:49:28,54 58.53373,-1 31.10137,301,0,306,605408,1144818,357.31,-17.066,3729,3714,3722,15,0,94.2,34.6,89.2,31.8,none,none,81.6,27.6,3720,-3726,3719,-3726,3721,3725,3722,-3726,3720,-3726,3721,-3727,3721,-3728,3720,-3728,3721,-3727,3721,-3726,3721,-3727,3721,3727,3722,-3728,3721,-3727,3721,-3726,3722,-3726,3722,3726,3722,-3727,3723,-3727,3721,-3727,3722,-3726,3723,-3726,-3720,3725,3720,-3722,-3717,3723,-3717,3725,-3719,3723,-3720,3723,-3721,3724,-3720,3724,-3717,3725,-3718,3727,-3718,3729,-3718,3726,-3720,3726,-3718,3726,-3716,3728,-3716,3728,3716,-3727,3718,3728,3717,-3728,3714,-3726,3718,-3725,3718,-3726,3718,-3725,3717,3724,3717,-3725,3715,-3722,-0.55,SJNFAAZE1U0005576,117.76,13.04,9063.802734375,78,75,0,0,0,0,13.5,99.17,-154571,96,1528022968.200,0,2,0,0,0,0,0,0,0,4,357.44,357.44,1F,1,1,1,0080,81,40,40,0,0,19,-2.25
03/06/2018 11:49:31,54 58.53373,-1 31.10137,301,0,306,605242,1144818,354.91,51.871,3705,3688,3697,17,0,94.2,34.6,89.2,31.8,none,none,81.8,27.7,3691,-3701,3694,-3700,3696,3702,3698,-3700,3696,3702,3697,-3704,3697,-3705,3697,-3705,3697,-3705,3697,-3703,3698,-3704,3698,-3705,3698,-3705,3696,3705,3696,-3704,3698,-3704,3698,-3703,3699,-3704,3699,3703,3698,-3703,3697,-3702,3698,-3703,3696,-3700,3695,-3698,3689,3697,3690,-3699,3691,-3698,3692,-3697,3695,-3700,3693,-3698,3689,-3700,3693,-3701,3693,-3704,3693,3702,3694,-3702,3692,-3701,3694,-3701,3690,-3702,3690,3704,3692,-3703,3691,-3703,3688,-3699,3692,-3700,3693,-3700,3691,-3699,3689,-3697,3690,-3698,3689,3696,-0.55,SJNFAAZE1U0005576,117.76,13.04,9063.802734375,78,75,0,0,0,0,13.5,99.17,-154571,96,1528022971.967,13440,2,1,0,4,0,0,0,0,4,355.33,355.33,1F,1,1,1,0080,81,40,40,0,0,19,35.50
03/06/2018 11:49:35,54 58.53373,-1 31.10137,301,0,306,604578,1144818,353.66,82.664,3693,3674,3684,19,0,94.4,34.7,89.4,31.9,none,none,81.8,27.7,3677,-3689,3680,3687,3682,3688,3687,-3688,3683,-3691,3684,-3691,3685,3693,3685,-3693,3684,-3690,3685,-3691,3684,-3692,3686,-3692,3686,-3693,3684,-3693,3683,-3690,3686,3691,3685,-3690,3685,-3691,3685,-3690,3684,-3690,3684,3688,3684,-3691,3682,-3687,3680,-3684,3675,-3684,3675,-3686,3676,3683,3678,-3684,3683,-3687,3678,-3685,3676,-3688,3678,-3690,3680,-3690,3678,-3692,3681,-3689,3678,3689,3684,-3690,3675,-3691,3676,-3691,3677,-3690,3677,3692,3674,-3689,3676,-3688,3679,-3691,3676,-3684,3675,-3686,3675,-3685,3674,-3682,-0.54,SJNFAAZE1U0005576,117.76,13.04,9063.802734375,78,75,0,0,0,0,13.5,99.17,-154571,96,1528022975.783,23160,2,1,0,4,0,0,0,0,4,353.74,353.74,1F,1,1,1,0080,81,40,40,0,0,19,42.00
03/06/2018 11:49:39,54 58.53373,-1 31.10137,301,0,305,603844,1144818,353.66,75.523,3692,3675,3684,17,0,94.2,34.6,89.2,31.8,none,none,81.8,27.7,3680,-3687,3681,-3687,3683,3689,3687,3688,3684,-3690,3685,-3691,3685,-3692,3685,-3692,3685,3691,3685,-3691,3686,-3692,3686,-3691,3686,-3691,3684,-3691,3683,-3691,3686,-3690,3685,-3690,3686,3691,3686,-3690,3685,-3690,3686,-3689,3685,-3690,3682,-3687,3682,3684,3677,-3682,3675,-3685,3678,-3684,3679,-3683,3683,3688,3679,-3683,3675,-3688,3680,-3689,3680,-3690,3678,-3689,3683,-3690,3680,-3689,3682,-3688,3676,3689,3678,-3690,3679,-3689,3677,-3690,3675,-3687,3678,3688,3681,-3690,3678,-3686,3677,-3683,3677,-3684,3676,-3681,-0.55,SJNFAAZE1U0005576,117.76,13.04,9063.802734375,78,75,0,0,0,0,13.5,99.17,-154571,96,1528022979.471,21600,2,1,0,4,0,0,0,0,4,353.55,353.55,1F,1,1,1,0080,81,40,40,0,0,19,22.75
03/06/2018 11:49:42,54 58.53373,-1 31.10137,301,0,305,603474,1144818,355.10,29.624,3707,3688,3699,19,0,94.2,34.6,89.2,31.8,none,none,81.8,27.7,3694,-3703,3695,-3701,3697,3702,3700,-3701,3698,-3704,3697,3705,3698,-3706,3698,-3706,3698,-3706,3698,-3704,3698,3705,3699,-3706,3699,-3707,3697,-3706,3698,-3705,3699,-3704,3699,3704,3700,-3704,3699,-3705,3699,-3704,3698,-3704,3699,-3705,3698,-3702,3695,-3700,3692,-3700,3692,3701,3694,-3701,3693,-3700,3697,-3702,3694,-3701,3691,3704,3693,-3705,3694,-3704,3693,-3704,3696,-3705,3694,-3703,3695,-3704,3690,-3706,3691,-3707,3692,3706,3692,-3706,3688,-3703,3692,-3703,3694,-3703,3692,3702,3692,-3701,3692,-3701,3690,-3697,-0.50,SJNFAAZE1U0005576,117.76,13.04,9063.802734375,78,75,0,0,0,0,13.5,99.17,-154571,96,1528022982.977,8360,2,1,0,5,0,0,0,0,4,355.12,355.12,1F,1,1,1,0080,81,40,40,0,0,19,12.75
03/06/2018 11:49:46,54 58.53373,-1 31.10137,301,0,305,603203,1144818,354.82,32.767,3704,3687,3696,17,0,94.2,34.6,89.2,31.8,none,none,81.8,27.7,-3696,3693,-3699,3692,-3701,3696,-3700,3694,-3701,3697,-3701,3697,-3702,3696,-3703,3697,-3702,3697,-3702,3695,-3703,3697,-3704,3697,-3704,3696,-3703,3696,-3701,3698,-3702,3698,-3702,3697,-3701,3698,-3701,3696,-3701,3697,-3701,3697,-3702,3697,-3699,3694,-3698,3694,-3694,3688,-3696,3690,-3698,3692,-3698,3690,-3700,3692,-3700,3690,-3697,3690,-3702,3689,-3703,3693,-3701,3692,-3703,3693,-3700,3691,-3702,3687,-3702,3689,-3702,3689,-3704,3690,-3703,3690,-3700,3691,-3700,3690,-3701,3693,-3697,3691,-3696,3690,-3697,3689,-3696,3688,-0.55,SJNFAAZE1U0005576,117.77,13.04,9065.412109375,78,75,0,0,0,0,14.0,99.17,-154571,96,1528022986.682,9320,2,1,0,5,0,0,0,0,4,355.15,355.15,1F,1,1,1,0080,81,40,40,0,0,19,18.25
03/06/2018 11:49:50,54 58.53373,-1 31.10137,301,0,305,602830,1144818,354.62,48.118,3702,3685,3694,17,0,94.2,34.6,89.2,31.8,none,none,81.8,27.7,-3693,3691,-3696,3690,-3698,3693,-3699,3693,-3698,3694,-3698,3695,-3700,3695,-3700,3694,-3700,3695,-3701,3694,-3701,3695,-3701,3695,-3702,3694,-3701,3694,-3699,3695,-3700,3696,-3699,3695,-3699,3696,-3700,3694,-3699,3694,-3699,3693,-3699,3695,-3696,3692,-3695,3690,-3692,3687,-3694,3689,-3695,3688,-3694,3687,-3699,3690,-3696,3688,-3695,3688,-3699,3688,-3700,3688,-3699,3690,-3699,3689,-3699,3690,-3702,3685,-3699,3686,-3700,3687,-3701,3687,-3700,3687,-3697,3688,-3696,3689,-3699,3690,-3693,3689,-3693,3687,-3694,3686,-3694,3686,-0.55,SJNFAAZE1U0005576,117.77,13.04,9065.412109375,78,75,0,0,0,0,14.0,99.17,-154571,96,1528022990.556,14160,2,1,0,5,0,0,0,0,4,354.53,354.53,1F,1,1,1,0080,81,40,40,0,0,19,22.75
03/06/2018 11:49:54,54 58.53373,-1 31.10137,301,0,305,602364,1144818,354.53,48.972,3700,3685,3693,15,0,94.2,34.6,89.2,31.8,none,none,81.8,27.7,-3692,3690,-3695,3690,-3696,3693,-3696,3692,-3697,3693,-3697,3694,-3698,3695,-3699,3694,-3698,3694,-3698,3694,-3698,3696,-3700,3696,-3700,3693,-3699,3693,-3698,3695,-3697,3696,-3697,3695,-3697,3695,-3699,3695,-3697,3694,-3696,3693,-3697,3695,-3695,3693,-3694,3690,-3689,3686,-3693,3689,-3693,3687,-3693,3688,-3697,3690,-3695,3687,-3692,3687,-3697,3689,-3698,3690,-3696,3689,-3698,3691,-3697,3690,-3697,3685,-3697,3687,-3697,3687,-3700,3687,-3698,3688,-3696,3687,-3694,3688,-3696,3688,-3692,3687,-3691,3687,-3693,3687,-3692,3686,-0.52,SJNFAAZE1U0005576,117.77,13.04,9065.412109375,78,75,0,0,0,0,14.0,99.17,-154571,96,1528022994.517,13320,2,1,0,5,0,0,0,0,4,354.38,354.38,1F,1,1,1,0080,81,40,40,0,0,19,22.00
03/06/2018 11:49:58,54 58.53373,-1 31.10137,301,0,304,601947,1144818,354.34,44.974,3699,3683,3691,16,0,94.2,34.6,89.2,31.8,none,none,81.8,27.7,-3690,3688,-3694,3688,-3695,3691,-3696,3690,-3695,3691,-3695,3692,-3697,3691,-3698,3691,-3697,3692,-3697,3691,-3697,3692,-3697,3693,-3698,3690,-3698,3691,-3696,3694,-3696,3693,-3696,3693,-3695,3694,-3696,3691,-3695,3692,-3697,3692,-3695,3692,-3694,3690,-3693,3688,-3689,3683,-3691,3685,-3690,3686,-3692,3685,-3695,3687,-3694,3684,-3691,3683,-3696,3686,-3697,3687,-3695,3686,-3697,3687,-3695,3687,-3696,3683,-3696,3683,-3696,3683,-3699,3683,-3698,3685,-3694,3684,-3693,3684,-3695,3684,-3692,3685,-3691,3683,-3691,3684,-3691,3683,-0.50,SJNFAAZE1U0005576,117.77,13.04,9065.412109375,78,75,0,0,0,0,14.0,99.17,-154571,96,1528022998.169,13000,2,1,0,5,0,0,0,0,4,354.55,354.55,1F,1,1,1,0080,81,40,40,0,0,19,21.75
03/06/2018 11:50:01,54 58.53373,-1 31.10137,301,0,304,601539,1144818,354.34,48.575,3700,3680,3691,20,0,94.2,34.6,89.2,31.8,none,none,81.6,27.6,-3686,3694,-3686,3694,-3689,3695,-3692,3695,-3690,3697,-3690,3697,-3691,3699,-3691,3700,-3691,3699,-3691,3698,-3692,3699,-3691,3698,-3691,3699,-3690,3698,3691,-3697,3693,3697,3691,-3695,3692,-3697,3692,-3697,3690,-3696,3691,-3697,3691,3698,3688,-3694,3688,-3691,3683,-3690,3683,-3692,3684,3691,3686,-3691,3689,-3694,3686,-3693,3681,-3695,3685,-3696,3685,-3696,3685,-3695,3688,-3697,3684,3695,3688,-3696,3681,-3697,3683,-3697,3684,-3698,3683,3698,3680,-3695,3683,-3695,3685,-3696,3684,-3693,3683,-3692,3682,-3692,3681,-3690,-0.54,SJNFAAZE1U0005576,117.77,13.04,9065.412109375,78,75,0,0,0,0,14.0,99.17,-154571,96,1528023001.833,13280,2,1,0,5,0,0,0,0,4,354.30,354.30,1F,1,1,1,0080,81,40,40,0,0,19,22.00
03/06/2018 11:50:05,54 58.53373,-1 31.10137,301,0,304,601109,1144818,354.24,47.080,3698,3680,3690,18,0,94.4,34.7,89.4,31.9,none,none,82.0,27.8,3684,3693,3685,-3692,3688,3693,3692,-3694,3689,-3696,3689,-3697,3690,-3698,3691,-3698,3690,-3697,3689,3696,3690,-3698,3691,-3698,3690,-3698,3689,-3698,3689,3697,3691,-3697,3690,-3696,3692,-3696,3691,-3697,3690,-3695,3690,-3695,3691,-3696,3688,-3692,3686,3690,3681,-3690,3681,-3692,3682,-3689,3684,-3688,3687,3693,3685,-3692,3682,-3693,3683,-3696,3684,-3697,3684,-3695,3685,-3695,3684,-3694,3687,-3695,3681,3696,3681,-3696,3684,-3695,3683,-3698,3680,-3694,3683,3693,3684,-3695,3683,-3691,3682,-3690,3682,-3692,3680,-3689,-0.57,SJNFAAZE1U0005576,117.77,13.04,9065.412109375,78,75,0,0,0,0,14.0,99.17,-154571,96,1528023005.684,13600,2,1,0,5,0,0,0,0,4,354.28,354.28,1F,1,1,1,0080,81,40,40,0,0,19,22.00
03/06/2018 11:50:09,54 58.53373,-1 31.10137,301,0,304,600670,1144818,354.24,44.181,3699,3680,3690,19,0,94.2,34.6,89.4,31.9,none,none,81.8,27.7,3686,-3694,3687,-3693,3687,3694,3692,-3693,3689,-3696,3690,-3696,3690,-3698,3690,-3698,3691,-3697,3691,-3696,3690,-3698,3691,3698,3690,-3698,3690,-3698,3689,-3696,3691,-3697,3691,3695,3691,-3696,3691,-3696,3690,-3696,3691,-3696,3690,-3697,3689,-3694,3687,-3692,3682,-3690,3682,3693,3684,-3692,3685,-3691,3688,-3695,3686,-3692,3681,3695,3685,-3696,3685,-3697,3683,-3696,3688,-3696,3685,-3695,3686,-3695,3680,-3697,3681,-3699,3685,3697,3683,-3697,3680,-3695,3684,-3695,3686,-3696,3683,3693,3683,-3692,3682,-3692,3681,-3689,-0.53,SJNFAAZE1U0005576,117.77,13.04,9065.412109375,78,75,0,0,0,0,14.0,99.17,-154571,96,1528023009.545,13080,2,0,0,5,0,0,0,0,4,354.37,354.37,1F,1,1,1,0080,81,40,40,0,0,19,17.25
03/06/2018 11:50:13,54 58.53373,-1 31.10137,301,0,304,600324,1144818,354.62,33.866,3702,3683,3694,19,0,94.2,34.6,89.2,31.8,none,none,81.8,27.7,3689,-3697,3690,-3697,3691,3698,3695,-3697,3692,3699,3693,-3700,3693,-3702,3694,-3701,3694,-3700,3693,-3698,3694,-3701,3694,-3701,3695,-3701,3693,3701,3692,-3700,3694,-3699,3693,-3698,3694,-3698,3696,3700,3694,-3700,3694,-3698,3694,-3699,3691,-3697,3691,-3694,3687,-3694,3686,-3696,3687,-3695,3689,3694,3691,-3697,3689,-3695,3686,-3698,3689,-3699,3688,3700,3686,-3699,3691,-3699,3688,-3698,3689,-3699,3685,-3701,3686,-3700,3688,-3700,3688,-3700,3683,3697,3687,-3699,3689,-3698,3687,-3696,3686,-3695,3686,-3696,3685,-3692,-0.57,SJNFAAZE1U0005576,117.77,13.04,9065.412109375,78,75,0,0,0,0,14.0,99.17,-154571,96,1528023013.406,10280,2,0,0,0,0,0,0,0,4,354.69,354.69,1F,1,1,1,0080,81,40,40,0,0,19,14.75
03/06/2018 11:50:21,54 58.53373,-1 31.10137,301,0,303,599670,1144818,354.62,35.728,3701,3687,3694,14,0,94.2,34.6,89.2,31.8,none,none,81.8,27.7,-3693,3691,-3695,3690,-3697,3693,-3698,3693,-3698,3695,-3699,3696,-3699,3696,-3699,3695,-3699,3695,-3699,3695,-3699,3695,-3701,3696,-3700,3694,-3700,3694,-3699,3696,-3699,3696,-3699,3695,-3699,3696,-3699,3695,-3698,3694,-3698,3694,-3699,3695,-3696,3693,-3695,3692,-3692,3688,-3693,3689,-3695,3689,-3694,3690,-3698,3690,-3696,3688,-3694,3688,-3699,3689,-3699,3690,-3696,3690,-3700,3691,-3698,3691,-3698,3687,-3698,3687,-3698,3688,-3701,3689,-3700,3688,-3696,3688,-3697,3690,-3699,3691,-3695,3689,-3694,3687,-3694,3689,-3693,3688,-0.54,SJNFAAZE1U0005576,117.77,13.04,9065.412109375,78,75,0,0,0,0,14.0,99.17,-154571,96,1528023021.065,10520,2,0,0,0,0,0,0,0,4,354.63,354.63,1F,1,1,1,0080,81,40,40,0,0,19,15.75
03/06/2018 11:50:24,54 58.53373,-1 31.10137,301,0,303,599367,1144818,354.62,35.789,3702,3687,3694,15,0,94.2,34.6,89.2,31.8,none,none,81.6,27.6,-3693,3693,-3696,3690,-3697,3694,-3698,3693,-3698,3695,-3699,3695,-3700,3696,-3702,3696,-3700,3695,-3700,3694,-3700,3695,-3700,3696,-3700,3694,-3700,3694,-3699,3695,-3698,3696,-3699,3696,-3699,3697,-3699,3696,-3699,3695,-3698,3695,-3699,3696,-3696,3692,-3695,3692,-3690,3688,-3693,3688,-3695,3689,-3694,3690,-3700,3691,-3697,3688,-3694,3689,-3700,3690,-3699,3691,-3698,3692,-3700,3691,-3697,3691,-3700,3687,-3699,3688,-3699,3688,-3700,3688,-3698,3688,-3696,3689,-3696,3690,-3698,3691,-3694,3690,-3693,3689,-3695,3688,-3693,3687,-0.53,SJNFAAZE1U0005576,117.77,13.04,9065.412109375,78,75,0,0,0,0,14.0,99.17,-154571,96,1528023024.750,9840,2,1,0,3,0,0,0,0,4,354.63,354.63,1F,1,1,1,0080,81,40,40,0,0,19,19.75
03/06/2018 11:50:28,54 58.53373,-1 31.10137,301,0,303,598994,1144818,354.14,47.599,3697,3681,3689,16,0,94.4,34.7,89.4,31.9,none,none,81.6,27.6,-3688,3686,-3692,3686,-3693,3687,-3694,3688,-3694,3689,-3694,3690,-3695,3691,-3696,3690,-3696,3689,-3695,3689,-3695,3690,-3696,3691,-3696,3689,-3695,3688,-3694,3691,-3695,3692,-3694,3691,-3693,3691,-3694,3690,-3694,3690,-3694,3689,-3694,3691,-3691,3688,-3690,3685,-3686,3682,-3688,3684,-3691,3684,-3690,3684,-3694,3686,-3692,3683,-3690,3683,-3694,3684,-3695,3685,-3693,3685,-3695,3685,-3692,3685,-3696,3681,-3695,3682,-3696,3683,-3697,3683,-3695,3682,-3693,3682,-3692,3682,-3693,3685,-3689,3684,-3689,3681,-3690,3681,-3688,3682,-0.52,SJNFAAZE1U0005576,117.76,13.04,9065.412109375,78,75,0,0,0,0,14.0,99.17,-154571,96,1528023028.213,13240,2,1,0,4,0,0,0,0,4,354.19,354.19,1F,1,1,1,0080,81,40,40,0,0,19,21.75
03/06/2018 11:50:31,54 58.53373,-1 31.10137,301,0,303,598598,1144818,354.24,44.059,3698,3681,3690,17,0,94.4,34.7,89.4,31.9,none,none,81.8,27.7,-3689,3686,-3692,3686,-3693,3689,-3694,3689,-3694,3690,-3693,3692,-3695,3691,-3697,3691,-3695,3691,-3695,3689,-3696,3691,-3696,3692,-3697,3690,-3695,3688,-3693,3691,-3694,3691,-3694,3691,-3694,3692,-3694,3691,-3694,3690,-3694,3689,-3694,3692,-3693,3688,-3691,3686,-3688,3683,-3690,3684,-3690,3684,-3690,3684,-3695,3686,-3693,3685,-3690,3683,-3695,3684,-3695,3685,-3694,3686,-3695,3686,-3693,3686,-3696,3681,-3694,3682,-3695,3683,-3698,3683,-3696,3682,-3694,3683,-3692,3684,-3695,3685,-3692,3685,-3690,3682,-3690,3684,-3689,3682,-0.54,SJNFAAZE1U0005576,117.76,13.04,9065.412109375,78,75,0,0,0,0,14.0,99.17,-154571,96,1528023031.908,13080,2,1,0,4,0,0,0,0,4,354.20,354.20,1F,1,1,1,0080,81,40,40,0,0,19,20.50
03/06/2018 11:50:35,54 58.53373,-1 31.10137,301,0,303,598171,1144818,353.76,54.191,3694,3674,3685,20,0,94.2,34.6,89.2,31.8,none,none,81.8,27.7,3679,-3689,3680,-3688,3683,3689,3687,-3689,3683,-3691,3685,-3692,3684,-3694,3684,-3693,3684,-3693,3685,-3692,3685,-3693,3686,3693,3686,-3694,3684,-3693,3684,-3691,3687,-3692,3685,3691,3686,-3692,3686,-3692,3685,-3691,3685,-3691,3686,-3691,3682,-3688,3682,-3685,-3676,3685,-3678,3687,-3678,3687,-3679,3687,-3683,3689,-3679,3687,-3677,3690,-3680,3692,-3680,3692,-3678,3690,-3682,3691,-3679,3691,-3682,3691,-3677,3691,3678,-3692,3678,3692,3677,-3693,3674,-3689,3677,-3690,3681,-3691,3677,-3687,3677,3686,3676,-3688,3676,-3684,-0.52,SJNFAAZE1U0005576,117.76,13.04,9065.412109375,78,75,0,0,0,0,14.0,99.17,-154571,96,1528023035.476,14960,2,1,0,4,0,0,0,0,4,353.79,353.79,1F,1,1,1,0080,81,40,40,0,0,19,23.50
03/06/2018 11:54:31,55 44.04261,-1 59.56372,318,0,291,574627,1144818,352.03,44.669,3675,3656,3667,19,0,94.8,34.9,89.8,32.1,none,none,82.2,27.9,-3660,-3670,3662,3669,-3664,3671,-3670,3670,-3667,3673,-3667,3674,-3667,3675,-3666,3675,-3666,3674,-3667,3674,-3667,3675,-3667,3674,-3667,3675,-3665,3675,3666,-3674,3668,3673,3667,-3672,3669,-3674,3667,-3673,3667,-3673,3667,-3672,3667,3673,3664,-3670,3663,-3667,3659,-3667,3658,-3668,3659,3667,3660,-3668,3664,-3671,3661,-3668,3659,-3670,3661,-3673,3662,-3673,3661,-3671,3664,-3672,3661,3672,3664,-3671,3658,-3673,3658,-3674,3660,-3673,3659,3674,3656,-3671,3659,-3670,3662,-3672,3660,-3668,3658,-3667,3658,-3670,3658,-3665,-0.57,SJNFAAZE1U0005576,117.78,13.04,9070.240234375,78,75,0,0,0,0,14.0,99.17,-154571,98,1528023271.180,12720,2,1,0,5,0,0,0,0,4,352.00,352.00,3F,1,1,1,0080,81,40,40,0,0,19,21.75
03/06/2018 11:54:34,55 44.08041,-1 59.62712,351,53,290,574264,1144818,351.94,45.798,3674,3656,3666,18,0,94.6,34.8,89.8,32.1,none,none,82.2,27.9,3660,3668,3663,-3670,3664,3669,3668,-3669,3666,-3671,3666,-3672,3667,-3674,3666,-3674,3666,-3673,3667,3674,3665,-3673,3667,-3672,3667,-3674,3666,-3673,3666,3671,3668,-3672,3667,-3671,3667,-3671,3668,-3672,3666,-3672,3668,-3670,3666,-3671,3664,-3669,3663,3667,3657,-3666,3658,-3667,3660,-3667,3660,-3666,3665,3669,3661,-3667,3657,-3670,3661,-3672,3660,-3672,3661,-3672,3663,-3672,3661,-3670,3662,-3671,3658,3673,3659,-3673,3659,-3673,3659,-3672,3656,-3670,3659,3671,3662,-3672,3658,-3668,3658,-3666,3658,-3667,3657,-3664,-0.54,SJNFAAZE1U0005576,117.78,13.04,9071.849609375,78,75,0,0,0,0,14.0,99.17,-154571,98,1528023274.953,13320,2,0,0,0,0,0,0,0,4,351.93,351.93,7F,1,1,1,0080,81,40,40,0,0,19,20.00
03/06/2018 11:54:38,55 44.10453,-1 59.66829,393,53,290,573920,1144818,352.80,21.079,3683,3666,3675,17,0,94.6,34.8,89.8,32.1,none,none,82.2,27.9,3670,-3679,3671,-3678,3673,3679,3677,-3678,3674,-3681,3675,-3681,3675,-3683,3675,-3682,3675,-3681,3674,-3680,3675,-3681,3675,3682,3676,-3683,3673,-3682,3674,-3681,3676,-3681,3676,3680,3677,-3680,3676,-3680,3674,-3680,3676,-3680,3676,-3680,3673,-3678,3672,-3676,3667,-3676,3668,3677,3670,-3676,3669,-3676,3673,-3680,3670,-3677,3667,3680,3670,-3681,3671,-3681,3670,-3681,3672,-3681,3669,-3680,3672,-3680,3667,-3682,3668,-3683,3669,3683,3668,-3682,3666,-3679,3667,-3679,3670,-3679,3667,-3677,3666,3676,3666,-3677,3666,-3674,-0.56,SJNFAAZE1U0005576,117.78,13.04,9071.849609375,78,75,0,0,0,0,14.0,99.17,-154571,98,1528023278.515,8480,2,0,0,0,0,0,0,0,4,352.76,352.76,7F,1,1,1,0080,81,40,40,0,0,19,5.50
03/06/2018 11:54:41,55 44.13741,-1 59.72472,436,50,290,573818,1144818,353.28,9.604,3687,3672,3680,15,0,94.6,34.8,89.8,32.1,none,none,82.2,27.9,3675,-3683,3677,-3683,3678,3684,3680,-3682,3679,3685,3680,-3685,3680,-3686,3680,-3686,3678,-3686,3679,-3684,3680,-3686,3680,-3687,3681,-3687,3679,3686,3680,-3683,3680,-3685,3680,-3684,3681,-3685,3682,3686,3680,-3685,3680,-3683,3680,-3685,3678,-3683,3677,-3680,3673,3680,3674,-3681,3675,-3681,3675,-3680,3678,-3684,3676,-3682,3673,-3683,3676,-3685,3676,-3685,3674,3684,3678,-3684,3676,-3683,3676,-3685,3673,-3685,3673,3685,3675,-3686,3674,-3685,3672,-3683,3674,-3685,3676,-3684,3674,-3681,3673,-3680,3673,-3682,3672,3679,-0.54,SJNFAAZE1U0005576,117.78,13.04,9071.849609375,78,75,0,0,0,0,14.0,99.17,-154571,98,1528023281.895,4120,2,0,0,0,0,0,0,0,4,353.31,353.31,7F,1,1,1,0080,81,40,40,0,0,19,5.00
03/06/2018 11:54:45,55 44.16974,-1 59.75972,367,49,290,573710,1144818,353.28,14.640,3686,3671,3680,15,0,94.6,34.8,89.6,32.0,none,none,82.2,27.9,3674,-3682,3676,3682,3678,3682,3681,-3682,3680,-3684,3680,-3684,3679,3686,3680,-3686,3679,-3685,3680,-3683,3681,-3685,3680,-3686,3681,-3686,3680,-3685,3680,-3685,3681,3685,3680,-3684,3680,-3684,3682,-3685,3680,-3684,3681,-3683,3680,3684,3679,-3681,3678,-3679,3673,-3679,3674,-3681,3674,3680,3676,-3678,3677,-3683,3677,-3681,3673,-3684,3675,-3684,3676,-3686,3675,-3684,3678,-3685,3675,3684,3674,-3682,3674,-3684,3671,-3685,3674,-3686,3674,3685,3672,-3684,3674,-3683,3676,-3683,3673,-3682,3673,-3680,3672,-3682,3673,-3678,-0.50,SJNFAAZE1U0005576,117.78,13.04,9071.849609375,78,75,0,0,0,0,14.0,99.17,-154571,98,1528023285.628,4080,2,0,0,0,0,0,0,0,4,353.40,353.40,7F,1,1,1,0080,81,40,40,0,0,19,7.25
03/06/2018 11:54:49,55 44.21068,-1 59.80996,400,0,290,573579,1144818,353.47,14.335,3690,3672,3682,18,0,94.6,34.8,89.6,32.0,none,none,82.2,27.9,-3681,3678,-3685,3678,-3685,3680,-3687,3680,-3685,3681,-3688,3682,-3688,3682,-3688,3681,-3688,3682,-3687,3680,-3688,3682,-3688,3683,-3689,3680,-3689,3681,-3688,3683,-3686,3683,-3686,3681,-3687,3682,-3687,3683,-3686,3681,-3688,3682,-3686,3681,-3685,3679,-3684,3679,-3680,3676,-3683,3676,-3683,3676,-3682,3677,-3687,3678,-3686,3676,-3683,3675,-3686,3675,-3689,3679,-3688,3677,-3687,3678,-3686,3677,-3687,3672,-3689,3674,-3688,3674,-3690,3675,-3689,3675,-3687,3676,-3684,3675,-3687,3678,-3683,3677,-3682,3674,-3683,3674,-3683,3674,-0.54,SJNFAAZE1U0005576,117.78,13.04,9071.849609375,78,75,0,0,0,0,14.0,99.17,-154571,98,1528023289.211,4480,2,1,0,3,0,0,0,0,4,353.44,353.44,3F,1,1,1,0080,81,40,40,0,0,19,3.25
03/06/2018 11:54:52,55 44.21811,-1 59.85269,465,41,290,573555,1144818,354.62,-13.831,3701,3686,3694,15,0,94.6,34.8,89.6,32.0,none,none,82.0,27.8,-3694,3692,-3697,3690,-3697,3693,-3697,3692,-3698,3692,-3698,3693,-3699,3694,-3699,3693,-3698,3692,-3698,3692,-3700,3693,-3699,3694,-3699,3692,-3700,3692,-3699,3695,-3698,3694,-3698,3693,-3698,3695,-3698,3692,-3698,3693,-3699,3694,-3698,3693,-3696,3691,-3696,3690,-3694,3688,-3695,3689,-3696,3690,-3695,3689,-3696,3690,-3698,3689,-3695,3688,-3698,3689,-3699,3691,-3699,3690,-3699,3690,-3698,3690,-3695,3686,-3700,3687,-3699,3688,-3701,3688,-3699,3688,-3696,3688,-3696,3688,-3697,3689,-3696,3689,-3693,3688,-3696,3689,-3695,3687,-0.62,SJNFAAZE1U0005576,117.78,13.04,9071.849609375,78,75,0,0,0,0,14.0,99.17,-154571,98,1528023292.559,0,2,1,0,4,0,0,0,0,4,354.42,354.42,7F,1,1,1,0080,81,40,40,0,0,19,-25.25
03/06/2018 11:54:56,55 44.25796,-1 59.88251,374,36,290,573873,1144818,356.26,-51.917,3720,3703,3711,17,0,94.6,34.8,89.6,32.0,none,none,82.0,27.8,-3714,3708,-3714,3707,-3716,3708,-3715,3707,-3715,3708,-3715,3709,-3716,3708,-3716,3709,-3716,3708,-3715,3707,-3716,3708,-3716,3709,-3717,3708,-3717,3708,-3715,3708,-3714,3709,-3714,3709,-3714,3710,-3716,3710,-3715,3709,-3716,3709,-3716,3709,-3714,3708,-3714,3709,-3714,3706,-3716,3707,-3715,3707,-3715,3706,-3715,3707,-3715,3705,-3716,3705,-3719,3706,-3719,3707,-3717,3707,-3718,3706,-3716,3706,-3714,3703,-3720,3703,-3718,3703,-3720,3703,-3718,3704,-3717,3704,-3716,3705,-3717,3705,-3716,3706,-3714,3704,-3714,3705,-3714,3705,-0.53,SJNFAAZE1U0005576,117.78,13.04,9071.849609375,78,75,0,0,0,0,14.0,99.17,-154584,98,1528023296.128,0,2,1,0,4,0,0,0,0,4,356.15,356.15,7F,1,1,1,0080,81,40,40,0,0,19,-56.75
03/06/2018 11:54:59,55 44.27235,-1 59.91554,433,26,290,574311,1144818,355.97,-36.048,3716,3700,3708,16,0,94.6,34.8,89.6,32.0,none,none,82.0,27.8,-3710,3705,-3710,3705,-3712,3706,-3712,3706,-3712,3707,-3712,3708,-3712,3706,-3713,3706,-3713,3706,-3712,3705,-3713,3706,-3713,3708,-3713,3705,-3713,3705,-3712,3706,-3711,3707,-3712,3707,-3712,3708,-3712,3707,-3711,3706,-3712,3707,-3713,3708,-3711,3706,-3711,3705,-3709,3703,-3712,3705,-3712,3705,-3713,3704,-3713,3704,-3714,3703,-3712,3703,-3714,3703,-3715,3704,-3714,3703,-3715,3704,-3714,3704,-3712,3701,-3716,3700,-3715,3700,-3716,3702,-3716,3701,-3712,3701,-3712,3702,-3714,3702,-3712,3705,-3711,3701,-3712,3702,-3711,3701,-0.55,SJNFAAZE1U0005576,117.78,13.04,9071.849609375,78,75,0,0,0,0,14.0,99.17,-154602,98,1528023299.847,0,2,1,0,4,0,0,0,0,4,356.09,356.09,7F,1,1,1,0080,81,40,40,0,0,19,-44.50
03/06/2018 11:55:03,55 44.27649,-1 59.92876,456,19,291,574611,1144818,355.68,-23.535,3713,3696,3705,17,0,94.6,34.8,89.6,32.0,none,none,82.0,27.8,-3703,3710,-3701,3709,-3704,3708,-3707,3708,-3704,3710,-3704,3710,-3704,3711,-3703,3711,-3704,3711,-3703,3711,-3704,3711,-3703,3710,-3703,3710,-3702,3711,-3703,3709,-3705,3709,-3704,3709,-3705,3709,-3705,3710,-3704,3709,-3705,3709,-3706,3710,-3704,3708,-3702,3706,-3702,3708,-3702,3710,-3702,3709,-3703,3707,-3703,3709,-3703,3709,-3699,3710,-3701,3711,-3701,3713,-3699,3710,-3703,3711,-3701,3710,-3698,3712,-3698,3712,-3698,-3713,3700,3713,-3699,3712,-3696,3710,-3700,3710,-3702,3710,-3701,3709,-3700,3707,-3700,3708,-3699,3705,-0.52,SJNFAAZE1U0005576,117.78,13.04,9071.849609375,78,75,0,0,0,0,14.0,99.17,-154614,98,1528023303.704,0,2,1,0,5,0,0,0,0,4,355.98,355.98,7F,1,1,1,0080,81,40,40,0,0,19,-26.50
03/06/2018 11:55:07,55 44.27896,-1 59.95574,200,0,291,574636,1144818,354.53,14.396,3700,3683,3693,17,0,94.6,34.8,89.6,32.0,none,none,82.0,27.8,3690,-3697,3689,-3696,3691,3697,3695,-3696,3693,-3698,3692,3699,3692,-3700,3691,-3700,3692,-3698,3692,-3698,3693,3699,3692,-3699,3693,-3699,3692,-3700,3692,-3698,3694,-3698,3694,-3698,3693,-3698,3694,-3699,3691,3697,3692,-3697,3693,-3698,3691,-3696,3690,-3693,3688,3696,3688,-3696,3687,-3696,3690,-3695,3692,-3697,3689,-3697,3686,-3698,3688,-3699,3689,-3700,3687,-3700,3690,-3699,3688,-3697,3688,-3700,3686,-3700,3685,-3700,3686,3699,3686,-3700,3683,-3699,3687,-3697,3689,-3697,3687,3696,3687,-3696,3687,-3695,3686,-3693,-0.54,SJNFAAZE1U0005576,117.78,13.04,9071.849609375,78,75,0,0,0,0,14.0,99.17,-154615,98,1528023307.205,3520,2,1,0,5,0,0,0,0,4,354.73,354.73,3F,1,1,1,0080,81,40,40,0,0,19,34.00
03/06/2018 11:55:10,55 44.30009,-1 59.97922,433,19,290,574389,1144818,353.95,35.575,3694,3678,3687,16,0,94.6,34.8,89.6,32.0,none,none,82.2,27.9,3682,-3691,3684,-3690,3684,3689,3688,-3690,3686,-3692,3687,-3691,3687,-3694,3686,3693,3685,-3693,3686,-3690,3687,-3692,3687,-3692,3688,3693,3686,-3693,3686,-3691,3688,-3691,3687,-3691,3688,-3690,3688,-3691,3687,-3691,3687,-3691,3686,3692,3685,-3689,3685,-3686,3680,-3688,3681,-3689,3682,-3687,3682,3686,3684,-3691,3683,-3689,3681,-3690,3683,-3690,3683,3692,3682,-3690,3684,-3691,3682,-3691,3684,-3692,3680,-3693,3680,-3693,3681,-3692,3680,-3692,3678,3690,3680,-3690,3683,-3691,3681,-3688,3679,-3688,3679,3688,3678,-3684,-0.60,SJNFAAZE1U0005576,117.78,13.04,9071.849609375,78,75,0,0,0,0,14.0,99.17,-154615,98,1528023310.987,12400,2,1,0,5,0,0,0,0,4,353.76,353.76,7F,1,1,1,0080,81,40,40,0,0,19,70.25
03/06/2018 11:55:14,55 44.31136,-1 59.98766,416,23,290,573947,1144818,352.51,60.447,3681,3662,3672,19,0,94.6,34.8,89.6,32.0,none,none,82.2,27.9,3666,3676,3667,-3675,3669,3676,3673,-3675,3671,-3678,3671,-3678,3671,-3680,3671,-3679,3671,-3679,3671,3677,3671,-3679,3673,-3680,3672,-3679,3670,-3679,3671,3678,3673,-3679,3673,-3677,3672,-3678,3673,-3678,3671,-3677,3672,-3676,3671,-3678,3669,-3675,3668,3672,3664,-3672,3663,-3673,3665,-3672,3666,-3673,3671,-3678,3667,3673,3662,-3676,3667,-3679,3667,-3678,3667,-3677,3669,3678,3666,-3677,3668,-3677,3663,-3678,3664,-3680,3665,-3681,3665,-3680,3662,-3677,3665,-3675,3667,3678,3664,-3674,3665,-3673,3664,-3674,3663,-3671,-0.53,SJNFAAZE1U0005576,117.78,13.04,9071.849609375,78,75,0,0,0,0,14.0,99.17,-154615,98,1528023314.472,17400,2,1,0,5,0,0,0,0,4,352.61,352.61,7F,1,1,1,0080,81,40,40,0,0,19,81.25
03/06/2018 11:55:17,55 44.33984,-2 0.01918,393,30,290,573393,1144818,352.03,65.696,3675,3657,3667,18,0,94.4,34.7,89.6,32.0,none,none,82.2,27.9,3662,-3671,3663,-3670,3664,3670,3669,-3670,3666,-3673,3666,-3673,3667,-3675,3667,-3675,3666,-3674,3667,-3672,3666,-3673,3668,3674,3667,-3675,3666,-3675,3667,-3673,3669,-3673,3667,-3673,3668,3672,3668,-3674,3666,-3673,3668,-3672,3667,-3673,3665,3670,3663,-3667,3660,-3667,3658,-3670,3661,-3667,3661,-3667,3665,-3670,3661,-3668,3659,-3671,3662,3674,3663,-3673,3661,-3672,3665,-3672,3662,-3672,3667,3672,3658,-3674,3659,-3675,3661,-3674,3660,-3674,3657,-3671,3660,-3671,3662,-3672,3660,-3669,3659,3668,3659,-3668,3658,-3666,-0.54,SJNFAAZE1U0005576,117.78,13.04,9071.849609375,78,75,0,0,0,0,14.0,99.17,-154615,98,1528023317.981,19560,2,1,0,5,0,0,0,0,4,352.06,352.06,7F,1,1,1,0080,81,40,40,0,0,19,62.50
03/06/2018 11:55:21,55 44.35779,-2 0.05696,396,35,290,572690,1144818,350.50,96.852,3660,3642,3651,18,0,94.6,34.8,89.6,32.0,none,none,82.2,27.9,-3649,3647,-3654,3648,-3654,3652,-3656,3652,-3658,3653,-3657,3655,-3657,3654,-3659,3653,3659,-3654,-3659,3652,3659,3653,3658,-3654,3660,-3652,3659,-3651,3657,-3655,3658,-3654,3656,-3654,3657,-3655,3657,-3653,3656,3652,3657,-3651,3656,-3653,3653,-3650,3653,-3649,3647,3642,3649,-3645,-3649,3646,-3651,-3646,-3656,3647,-3654,3646,-3650,3644,-3656,3646,-3657,3647,-3656,3647,-3658,3647,-3655,3649,-3660,3642,-3656,3644,-3656,3645,-3659,3644,-3658,3645,-3654,3645,-3654,3646,-3656,3647,-3651,3644,-3650,3643,-3651,3643,-3650,3644,-0.49,SJNFAAZE1U0005576,117.78,13.04,9071.849609375,78,75,0,0,0,0,14.0,99.17,-154615,98,1528023321.842,26560,2,0,0,5,0,0,0,0,4,350.71,350.71,7F,1,1,1,0080,81,40,40,0,0,19,83.25
03/06/2018 11:55:25,55 44.37894,-2 0.09203,406,40,289,571727,1144818,350.21,98.583,3656,3638,3648,18,0,94.6,34.8,89.6,32.0,none,none,82.0,27.8,-3646,3644,-3650,3643,-3651,3648,-3652,3647,-3652,3649,-3653,3650,-3654,3649,-3656,3650,-3654,3651,-3654,3648,-3655,3650,-3656,3651,-3656,3648,-3655,3649,-3653,3650,-3654,3651,-3653,3650,-3653,3651,-3653,3649,-3653,3648,-3653,3649,-3651,3650,-3650,3646,-3648,3645,-3643,3638,-3644,3641,-3647,3641,-3646,3641,-3653,3644,-3649,3641,-3648,3641,-3654,3642,-3654,3643,-3651,3644,-3655,3644,-3652,3645,-3656,3638,-3651,3640,-3655,3642,-3656,3642,-3655,3641,-3650,3642,-3650,3643,-3654,3645,-3647,3641,-3647,3640,-3647,3639,-3646,3639,-0.55,SJNFAAZE1U0005576,117.78,13.04,9071.849609375,78,75,0,0,0,0,14.0,99.17,-154615,98,1528023325.552,29160,2,0,0,0,0,0,0,0,4,350.26,350.26,7F,1,1,1,0080,81,40,40,0,0,19,67.50
03/06/2018 11:55:29,55 44.40642,-2 0.14736,413,48,289,570823,1144818,349.25,110.378,3649,3629,3638,20,0,94.6,34.8,89.8,32.1,none,none,82.2,27.9,-3635,3634,-3640,3635,-3641,3638,-3644,3639,-3643,3640,-3644,3641,-3646,3640,-3646,3641,-3646,3641,-3645,3640,-3644,3641,-3646,3643,-3647,3639,-3646,3638,-3645,3642,-3645,3642,-3644,3642,-3644,3642,-3645,3641,-3643,3640,-3644,3639,-3643,3641,-3640,3638,-3639,3636,-3632,3629,-3634,3631,-3636,3632,-3636,3633,-3644,3635,-3639,3631,-3638,3632,-3643,3633,-3644,3633,-3643,3635,-3645,3635,-3641,3634,-3649,3630,-3642,3631,-3643,3632,-3646,3632,-3644,3633,-3640,3633,-3640,3633,-3643,3635,-3637,3630,-3637,3632,-3637,3630,-3637,3630,-0.57,SJNFAAZE1U0005576,117.78,13.04,9071.849609375,78,75,0,0,0,0,14.0,99.17,-154615,98,1528023329.012,30360,2,0,0,0,0,0,0,0,4,349.39,349.39,7F,1,1,1,0080,81,40,40,0,0,19,66.50
03/06/2018 11:55:32,55 44.43178,-2 0.1931,416,49,288,569924,1144818,349.34,98.159,3649,3630,3639,19,0,94.6,34.8,89.6,32.0,none,none,82.0,27.8,-3636,3635,-3643,3636,-3642,3640,-3644,3639,-3644,3642,-3645,3643,-3646,3641,-3647,3642,-3647,3643,-3647,3640,-3647,3642,-3647,3643,-3649,3640,-3647,3641,-3645,3643,-3645,3642,-3646,3642,-3645,3643,-3646,3642,-3645,3640,-3645,3640,-3644,3642,-3641,3638,-3639,3637,-3634,3630,-3636,3633,-3637,3633,-3637,3634,-3642,3637,-3641,3633,-3638,3631,-3643,3634,-3645,3635,-3643,3633,-3645,3636,-3643,3636,-3646,3630,-3643,3632,-3644,3633,-3648,3632,-3645,3634,-3642,3633,-3641,3633,-3644,3635,-3637,3632,-3637,3630,-3638,3632,-3638,3632,-0.53,SJNFAAZE1U0005576,117.78,13.04,9071.849609375,78,75,0,0,0,0,14.0,99.17,-154615,98,1528023332.662,29840,2,0,0,0,0,0,0,0,4,349.34,349.34,7F,1,1,1,0080,82,40,40,0,0,19,41.50
03/06/2018 11:55:36,55 44.46453,-2 0.25131,341,43,288,569479,1144818,352.51,6.064,3680,3663,3672,17,0,94.6,34.8,89.8,32.1,none,none,82.2,27.9,-3671,3668,-3675,3667,-3675,3671,-3675,3671,-3675,3672,-3677,3673,-3677,3671,-3679,3671,-3677,3672,-3677,3671,-3678,3672,-3678,3672,-3678,3671,-3677,3670,-3676,3672,-3676,3674,-3675,3673,-3676,3673,-3676,3673,-3676,3673,-3676,3673,-3676,3673,-3675,3670,-3674,3669,-3669,3665,-3672,3666,-3672,3667,-3673,3667,-3677,3668,-3675,3666,-3673,3666,-3677,3666,-3678,3667,-3677,3667,-3677,3668,-3676,3668,-3676,3663,-3677,3665,-3677,3665,-3680,3665,-3678,3665,-3676,3665,-3675,3666,-3677,3667,-3673,3666,-3672,3665,-3673,3666,-3672,3664,-0.56,SJNFAAZE1U0005576,117.78,13.04,9071.849609375,78,75,0,0,0,0,14.0,99.17,-154615,98,1528023336.176,4200,2,0,0,0,0,0,0,0,4,352.50,352.50,7F,1,1,1,0080,82,40,40,0,0,19,4.25
03/06/2018 11:55:39,55 44.47999,-2 0.30048,416,48,288,569342,1144818,351.84,31.974,3673,3655,3665,18,0,94.6,34.8,89.8,32.1,none,none,82.2,27.9,3658,-3668,3661,3668,3662,3669,3667,-3669,3664,-3671,3665,-3671,3665,3673,3663,-3673,3663,-3672,3664,-3671,3664,-3673,3665,-3672,3665,-3673,3663,-3673,3664,-3671,3666,3671,3665,-3671,3666,-3670,3666,-3672,3664,-3672,3665,3671,3665,-3671,3664,-3669,3662,-3666,3657,-3666,3657,-3667,3659,3666,3659,-3667,3663,-3669,3660,-3668,3656,-3670,3660,-3671,3659,-3672,3659,-3671,3663,-3671,3660,3670,3661,-3671,3656,-3672,3658,-3672,3659,-3672,3658,3672,3655,-3670,3660,-3669,3659,-3670,3657,-3668,3657,-3666,3657,-3668,3656,-3664,-0.59,SJNFAAZE1U0005576,117.78,13.04,9071.849609375,78,75,0,0,0,0,14.0,99.17,-154615,98,1528023339.683,7720,2,1,0,4,0,0,0,0,4,352.06,352.06,7F,1,1,1,0080,82,40,40,0,0,19,25.00
03/06/2018 11:55:43,55 44.51648,-2 0.36964,436,51,288,568861,1144818,350.59,68.381,3659,3642,3652,17,0,94.6,34.8,89.8,32.1,none,none,82.2,27.9,3647,-3654,3647,-3654,3650,3655,3654,3656,3653,-3658,3652,-3659,3653,-3659,3653,-3659,3653,3658,3652,-3657,3653,-3657,3654,-3659,3654,-3659,3652,-3658,3652,-3657,3654,-3658,3653,-3657,3654,3657,3654,-3658,3652,-3658,3653,-3657,3652,-3657,3650,-3654,3648,3653,3644,-3650,3643,-3651,3645,-3652,3645,-3651,3650,3656,3648,-3653,3643,-3655,3648,-3656,3648,-3657,3647,-3656,3649,-3657,3648,-3655,3650,-3655,3644,3656,3645,-3658,3647,-3658,3646,-3658,3642,-3655,3646,3656,3649,-3657,3644,-3653,3643,-3651,3643,-3652,3642,-3650,-0.52,SJNFAAZE1U0005576,117.78,13.04,9071.849609375,78,75,0,0,0,0,14.0,99.17,-154615,98,1528023343.359,18680,2,1,0,4,0,0,0,0,4,350.80,350.80,7F,1,1,1,0080,82,40,40,0,0,19,41.00
03/06/2018 11:55:46,55 44.5458,-2 0.44149,442,53,287,568194,1144818,350.11,78.177,3656,3636,3647,20,0,94.8,34.9,89.8,32.1,none,none,82.2,27.9,3640,-3649,3642,-3650,3645,3651,3649,-3651,3646,-3654,3646,3655,3647,-3656,3647,-3656,3647,-3655,3647,-3654,3647,3656,3648,-3655,3648,-3655,3646,-3656,3647,-3654,3649,-3655,3648,3654,3648,-3653,3648,-3654,3647,-3653,3648,-3652,3647,-3653,3644,-3649,3643,-3647,3638,-3646,3638,3648,3638,-3646,3640,-3647,3646,-3652,3640,-3648,3637,3652,3643,-3653,3642,-3653,3641,-3653,3644,-3653,3641,-3652,3645,-3652,3638,-3653,3638,-3653,3642,3654,3641,-3654,3636,-3651,3639,-3650,3643,-3652,3638,3648,3639,-3648,3638,-3648,3637,-3644,-0.53,SJNFAAZE1U0005576,117.78,13.04,9071.849609375,78,75,0,0,0,0,14.0,99.17,-154615,98,1528023346.984,21800,2,1,0,4,0,0,0,0,4,350.16,350.16,7F,1,1,1,0080,82,40,40,0,0,19,38.75
03/06/2018 11:55:50,55 44.57233,-2 0.49921,446,55,287,567508,1144818,349.92,75.278,3654,3635,3645,19,0,94.8,34.9,89.8,32.1,none,none,82.4,28.0,3637,-3647,3641,-3647,3643,3649,3648,-3648,3646,-3652,3646,-3653,3646,-3654,3647,3653,3648,-3653,3647,-3653,3647,-3652,3648,-3653,3648,-3653,3646,3653,3646,-3651,3649,-3651,3647,-3651,3648,-3651,3647,3651,3647,-3652,3647,-3651,3646,-3651,3644,-3649,3641,-3646,3637,-3643,3637,-3645,3638,-3644,3638,3644,3644,-3649,3640,-3645,3635,-3648,3641,-3649,3642,3650,3641,-3650,3643,-3650,3640,-3650,3644,-3648,3638,-3650,3639,-3651,3640,-3651,3639,-3651,3637,3649,3638,-3648,3642,-3651,3636,-3645,3636,-3644,3637,3645,3637,-3643,-0.58,SJNFAAZE1U0005576,117.78,13.04,9071.849609375,78,75,0,0,0,0,14.0,99.17,-154615,98,1528023350.593,21560,2,1,0,4,0,0,0,0,4,350.04,350.04,7F,1,1,1,0080,82,40,40,0,0,19,35.50
03/06/2018 11:55:54,55 44.60016,-2 0.58184,446,60,287,566921,1144818,350.98,50.315,3665,3647,3656,18,0,94.8,34.9,89.6,32.0,none,none,82.4,28.0,3654,3651,3658,-3652,-3659,3655,-3660,-3656,3661,-3657,3661,-3658,3660,3656,3662,-3656,3662,-3657,3662,-3656,3662,-3657,3662,-3657,3663,-3656,3663,-3656,3661,-3658,3661,3658,3661,-3657,3660,-3658,3661,-3658,3661,-3656,3660,3656,3659,-3657,3657,-3655,3656,-3653,3653,-3648,3654,-3649,3655,-3650,3655,-3650,3660,-3652,3657,3649,3656,-3650,3663,-3651,3663,-3652,3660,-3651,3663,3653,3660,-3651,3662,-3647,3661,-3648,3661,-3649,3665,-3650,3663,-3650,3658,-3649,3659,-3650,3661,3651,3656,-3650,3655,-3647,3656,-3649,3655,-3648,-0.55,SJNFAAZE1U0005576,117.78,13.04,9071.849609375,78,75,0,0,0,0,14.0,99.17,-154615,98,1528023354.366,16840,2,1,0,4,0,0,0,0,4,350.68,350.68,7F,1,1,1,0080,82,40,40,0,0,19,17.00
03/06/2018 11:55:58,55 44.63004,-2 0.66242,446,57,287,566599,1144818,351.55,30.356,3669,3654,3662,15,0,94.8,34.9,89.8,32.1,none,none,82.2,27.9,-3660,3659,-3664,3659,-3666,3662,-3666,3661,-3666,3664,-3666,3664,-3667,3663,-3667,3663,-3667,3663,-3667,3661,-3667,3664,-3667,3665,-3669,3663,-3668,3662,-3668,3664,-3667,3665,-3667,3662,-3666,3664,-3668,3664,-3667,3663,-3667,3663,-3667,3664,-3664,3660,-3663,3660,-3659,3655,-3661,3657,-3662,3657,-3661,3657,-3666,3658,-3664,3656,-3663,3657,-3666,3658,-3667,3659,-3665,3658,-3667,3658,-3665,3659,-3668,3656,-3666,3656,-3667,3656,-3668,3657,-3668,3657,-3665,3657,-3664,3656,-3665,3659,-3661,3657,-3660,3654,-3660,3656,-3661,3655,-0.52,SJNFAAZE1U0005576,117.78,13.04,9071.849609375,78,75,0,0,0,0,14.0,99.17,-154615,98,1528023358.166,8800,2,1,0,5,0,0,0,0,4,351.62,351.62,7F,1,1,1,0080,82,40,40,0,0,19,12.50
03/06/2018 11:56:01,55 44.65771,-2 0.75435,436,61,286,566328,1144818,351.65,30.845,3671,3654,3663,17,0,94.8,34.9,89.8,32.1,none,none,82.4,28.0,-3662,3658,-3666,3659,-3666,3662,-3668,3661,-3668,3664,-3667,3665,-3669,3663,-3669,3663,-3669,3663,-3669,3662,-3669,3664,-3670,3664,-3670,3662,-3670,3662,-3668,3663,-3668,3664,-3667,3664,-3667,3665,-3668,3664,-3667,3663,-3669,3662,-3668,3664,-3665,3661,-3664,3659,-3660,3656,-3662,3657,-3663,3658,-3663,3656,-3668,3659,-3666,3657,-3664,3655,-3669,3657,-3669,3659,-3668,3658,-3669,3658,-3666,3659,-3669,3654,-3668,3655,-3669,3656,-3671,3656,-3669,3657,-3666,3657,-3665,3656,-3668,3658,-3662,3657,-3662,3654,-3663,3655,-3663,3655,-0.54,SJNFAAZE1U0005576,117.78,13.04,9073.458984375,78,75,0,0,0,0,14.0,99.17,-154615,98,1528023361.763,8720,2,1,0,5,0,0,0,0,4,351.70,351.70,7F,1,1,1,0080,82,40,40,0,0,19,12.75
03/06/2018 11:56:05,55 44.67496,-2 0.80816,419,56,286,566085,1144818,351.94,21.873,3674,3657,3666,17,0,94.8,34.9,89.8,32.1,none,none,82.4,28.0,-3665,3662,-3669,3663,-3671,3666,-3671,3665,-3671,3668,-3671,3668,-3672,3667,-3674,3666,-3672,3666,-3672,3665,-3673,3667,-3673,3667,-3673,3665,-3674,3665,-3672,3667,-3672,3667,-3671,3666,-3672,3667,-3671,3667,-3672,3667,-3672,3667,-3671,3668,-3670,3664,-3668,3664,-3664,3659,-3667,3661,-3666,3662,-3667,3661,-3672,3663,-3670,3660,-3668,3660,-3672,3661,-3672,3661,-3672,3661,-3673,3662,-3671,3663,-3673,3657,-3673,3659,-3673,3660,-3674,3661,-3673,3660,-3671,3660,-3669,3661,-3671,3662,-3667,3660,-3666,3659,-3667,3658,-3668,3658,-0.54,SJNFAAZE1U0005576,117.78,13.04,9073.458984375,78,75,0,0,0,0,14.0,99.17,-154615,98,1528023365.506,6920,2,1,0,5,0,0,0,0,4,352.09,352.09,7F,1,1,1,0080,82,40,40,0,0,19,9.25
03/06/2018 11:56:09,55 44.70313,-2 0.89264,413,56,286,565890,1144818,352.32,17.539,3678,3660,3670,18,0,94.8,34.9,90.0,32.2,none,none,82.4,28.0,-3669,3666,-3673,3665,-3674,3669,-3674,3668,-3674,3670,-3674,3671,-3675,3670,-3676,3669,-3675,3670,-3675,3668,-3676,3670,-3676,3670,-3677,3668,-3677,3668,-3675,3671,-3674,3670,-3674,3670,-3674,3671,-3675,3671,-3675,3670,-3675,3669,-3675,3670,-3672,3669,-3671,3666,-3668,3663,-3670,3664,-3672,3666,-3671,3664,-3675,3666,-3672,3664,-3671,3664,-3676,3664,-3676,3665,-3674,3666,-3676,3667,-3675,3665,-3673,3660,-3675,3662,-3676,3664,-3678,3664,-3677,3663,-3673,3664,-3673,3664,-3676,3666,-3671,3665,-3670,3662,-3671,3662,-3670,3662,-0.55,SJNFAAZE1U0005576,117.78,13.04,9073.458984375,78,75,0,0,0,0,14.0,99.17,-154615,98,1528023369.207,5960,2,1,0,5,0,0,0,0,4,352.34,352.34,7F,1,1,1,0080,82,40,40,0,0,19,5.00
03/06/2018 11:56:12,55 44.72601,-2 0.98165,416,55,286,565751,1144818,352.61,14.762,3680,3665,3673,15,0,94.8,34.9,90.0,32.2,none,none,82.4,28.0,3668,-3676,3671,-3676,3672,3677,3676,-3676,3673,-3678,3674,-3678,3673,-3678,3674,-3679,3674,-3679,3674,-3678,3675,-3679,3673,3679,3675,-3679,3674,-3679,3673,-3677,3674,-3677,3675,3677,3674,-3677,3676,-3678,3675,-3678,3676,-3676,3675,-3678,3672,-3675,3671,-3673,3667,-3674,3668,3675,3668,-3673,3668,-3672,3673,-3676,3670,-3675,3667,3677,3669,-3678,3671,-3677,3669,-3678,3670,-3678,3668,-3676,-3671,3677,-3667,-3678,3667,-3680,3668,3679,3667,-3678,3665,-3676,3667,-3677,3670,-3678,3666,-3675,3667,3673,3666,-3674,3666,-3672,-0.55,SJNFAAZE1U0005576,117.78,13.04,9073.458984375,78,75,0,0,0,0,14.0,99.17,-154615,98,1528023372.851,4360,2,1,0,5,0,0,0,0,4,352.62,352.62,7F,1,1,1,0080,82,40,40,0,0,19,3.00
03/06/2018 11:56:16,55 44.71763,-2 1.06498,137,52,286,565691,1144818,353.66,-7.666,3692,3675,3684,17,0,94.8,34.9,90.0,32.2,none,none,82.4,28.0,3680,-3688,3681,-3688,3682,3688,3686,-3686,3683,3689,3683,-3688,3682,-3691,3684,-3690,3683,-3690,3683,-3689,3683,-3690,3684,-3690,3684,-3691,3683,3690,3683,-3689,3685,-3690,3685,-3688,3684,-3688,3684,3689,3683,-3690,3685,-3688,3685,-3690,3682,-3687,3682,-3684,3679,-3687,3679,-3688,3681,-3686,3680,3686,3683,-3689,3681,-3688,3678,-3690,3680,-3690,3680,-3691,3679,-3690,3681,-3690,3681,-3689,3677,-3690,3677,-3690,3677,3691,3678,-3691,3677,-3692,3675,-3689,3679,-3690,3680,-3690,3679,-3687,3677,-3686,3678,-3687,3677,3684,-0.55,SJNFAAZE1U0005576,117.78,13.04,9073.458984375,78,75,0,0,0,0,14.0,99.17,-154615,98,1528023376.709,0,2,1,0,5,0,0,0,0,4,353.45,353.45,7F,1,1,1,0080,82,40,40,0,0,19,-13.75
03/06/2018 11:56:20,55 44.77635,-2 1.1267,393,55,286,565926,1144818,354.72,-34.094,3702,3685,3695,17,0,94.8,34.9,90.0,32.2,none,none,82.4,28.0,3692,-3700,3690,3698,3692,3697,3695,-3698,3692,-3700,3692,-3699,3693,3701,3693,-3701,3692,-3700,3693,-3698,3693,-3700,3693,-3699,3693,-3701,3692,-3701,3691,-3698,3694,3699,3693,-3698,3694,-3699,3694,-3700,3694,-3700,3694,3698,3693,-3700,3692,-3697,3692,-3695,3689,-3698,3690,-3698,3691,-3697,3691,-3697,3693,-3699,3690,3698,3689,-3700,3690,-3701,3689,-3702,3689,-3700,3691,-3701,3689,3699,3689,-3701,3688,-3701,3688,-3701,3688,-3702,3688,3702,3685,-3700,3690,-3699,3690,-3699,3690,-3697,3690,-3697,3688,-3699,3687,-3695,-0.58,SJNFAAZE1U0005576,117.78,13.04,9073.458984375,78,75,0,0,0,0,14.0,99.17,-154625,98,1528023380.432,0,2,0,0,0,0,0,0,0,4,354.80,354.80,7F,1,1,1,0080,82,40,40,0,0,19,-19.50
03/06/2018 11:56:24,55 44.80057,-2 1.21136,380,53,286,566154,1144818,354.34,-14.502,3699,3682,3691,17,0,95.0,35.0,90.0,32.2,none,none,82.4,28.0,3688,-3695,3687,-3695,3688,3694,3691,3693,3688,-3696,3689,-3695,3690,-3697,3689,-3697,3689,3697,3690,-3695,3690,-3697,3689,-3696,3690,-3697,3688,-3698,3689,-3695,3690,-3696,3690,-3695,3691,3696,3690,-3696,3690,-3695,3690,-3694,3691,-3695,3688,3694,3688,-3691,3685,-3693,3686,-3695,3687,-3693,3688,-3693,3688,-3696,3688,-3694,3685,-3696,3687,3697,3686,-3699,3685,-3697,3688,-3696,3687,-3695,3684,-3698,3683,3697,3684,-3699,3685,-3698,3684,-3699,3682,-3696,3685,3696,3687,-3695,3686,-3695,3686,-3694,3685,-3695,3684,-3691,-0.54,SJNFAAZE1U0005576,117.78,13.04,9073.458984375,78,75,0,0,0,0,14.0,99.17,-154634,98,1528023384.376,0,2,0,0,0,0,0,0,0,4,354.41,354.41,7F,1,1,1,0080,82,40,40,0,0,19,-6.75
03/06/2018 11:56:28,55 44.82226,-2 1.29262,387,54,286,566126,1144818,353.18,21.903,3687,3672,3679,15,0,94.8,34.9,90.0,32.2,none,none,82.4,28.0,3680,-3677,3682,-3676,3682,3678,3684,-3677,3683,-3680,3683,3680,3684,-3680,3685,-3678,3684,-3679,3685,-3679,3684,3680,3685,-3680,3685,-3679,3684,-3678,3683,-3679,3683,-3680,3683,-3680,3684,-3680,3684,-3680,3684,3679,3683,-3680,3683,-3681,3681,-3678,3681,-3676,3678,3673,3680,-3675,-3681,3676,-3680,-3675,-3684,3676,-3683,3674,3680,3675,-3685,3675,3684,-3676,3683,-3675,3685,-3675,3683,-3676,3684,-3672,3685,-3673,3684,-3674,3687,3674,3685,-3674,3682,-3674,3682,-3674,3684,-3675,3680,3675,3680,-3672,3680,-3673,3679,-3672,-0.52,SJNFAAZE1U0005576,117.78,13.04,9073.458984375,78,75,0,0,0,0,14.0,99.17,-154634,98,1528023388.142,6240,2,0,0,0,0,0,0,0,4,353.31,353.31,7F,1,1,1,0080,82,40,40,0,0,19,10.75
03/06/2018 11:56:31,55 44.8509,-2 1.37153,364,55,286,565941,1144818,353.38,17.051,3688,3672,3681,16,0,94.8,34.9,90.0,32.2,none,none,82.4,28.0,-3681,3677,-3684,3678,-3685,3679,-3684,3679,-3685,3681,-3685,3681,-3685,3680,-3687,3679,-3686,3680,-3686,3679,-3686,3679,-3686,3681,-3687,3679,-3687,3678,-3685,3681,-3684,3681,-3685,3681,-3685,3683,-3686,3682,-3686,3680,-3686,3681,-3685,3681,-3683,3679,-3683,3678,-3679,3674,-3683,3676,-3682,3677,-3681,3675,-3684,3677,-3684,3675,-3682,3674,-3687,3675,-3687,3677,-3686,3676,-3687,3676,-3686,3677,-3686,3672,-3687,3673,-3686,3673,-3688,3674,-3687,3674,-3684,3674,-3685,3675,-3686,3675,-3683,3676,-3682,3674,-3683,3675,-3683,3674,-0.54,SJNFAAZE1U0005576,117.78,13.04,9073.458984375,78,75,0,0,0,0,14.0,99.17,-154634,98,1528023391.897,5640,2,1,0,5,0,0,0,0,4,353.34,353.34,7F,1,1,1,0080,82,40,40,0,0,19,2.50
03/06/2018 11:56:35,55 44.87751,-2 1.45115,374,55,286,565883,1144818,354.05,-0.434,3696,3679,3688,17,0,94.8,34.9,89.8,32.1,none,none,82.2,27.9,-3688,3684,-3690,3684,-3692,3687,-3692,3687,-3692,3687,-3692,3688,-3693,3687,-3693,3686,-3693,3686,-3693,3686,-3694,3687,-3693,3687,-3694,3686,-3694,3686,-3692,3687,-3691,3687,-3691,3686,-3691,3688,-3692,3687,-3691,3687,-3691,3686,-3692,3688,-3689,3685,-3690,3684,-3688,3682,-3690,3682,-3689,3684,-3690,3684,-3693,3684,-3693,3683,-3690,3681,-3695,3682,-3694,3684,-3693,3684,-3694,3683,-3693,3683,-3693,3679,-3694,3681,-3694,3679,-3696,3681,-3694,3681,-3691,3682,-3692,3682,-3693,3684,-3690,3684,-3689,3681,-3691,3681,-3689,3681,-0.53,SJNFAAZE1U0005576,117.78,13.04,9073.458984375,78,75,0,0,0,0,14.0,99.17,-154634,98,1528023395.721,0,2,1,0,4,0,0,0,0,4,353.91,353.91,7F,1,1,1,0080,82,40,40,0,0,19,-4.00
03/06/2018 11:56:39,55 44.90219,-2 1.50917,367,55,286,565887,1144818,353.95,4.569,3695,3678,3687,17,0,94.8,34.9,90.0,32.2,none,none,82.4,28.0,-3687,3683,-3690,3682,-3691,3685,-3691,3684,-3690,3686,-3691,3687,-3692,3685,-3692,3686,-3692,3686,-3691,3685,-3691,3686,-3692,3686,-3693,3685,-3693,3684,-3692,3686,-3690,3687,-3691,3687,-3690,3687,-3691,3686,-3691,3686,-3691,3686,-3691,3687,-3689,3685,-3689,3683,-3686,3680,-3688,3682,-3689,3682,-3689,3681,-3691,3683,-3692,3681,-3689,3680,-3693,3681,-3693,3683,-3692,3683,-3693,3682,-3692,3682,-3690,3678,-3694,3680,-3693,3680,-3695,3680,-3693,3680,-3690,3681,-3690,3681,-3692,3683,-3689,3682,-3689,3681,-3688,3680,-3688,3681,-0.49,SJNFAAZE1U0005576,117.78,13.04,9073.458984375,78,75,0,0,0,0,14.0,99.17,-154635,98,1528023399.413,720,2,1,0,4,0,0,0,0,4,353.93,353.93,7F,1,1,1,0080,82,40,40,0,0,19,4.25
03/06/2018 11:56:42,55 44.92886,-2 1.58917,341,56,286,565758,1144818,353.18,22.513,3685,3671,3679,14,0,94.8,34.9,90.0,32.2,none,none,82.4,28.0,-3678,3677,-3683,3676,-3683,3678,-3683,3678,-3683,3679,-3682,3680,-3684,3679,-3685,3679,-3684,3679,-3684,3678,-3684,3678,-3685,3680,-3685,3678,-3685,3678,-3684,3679,-3683,3680,-3682,3678,-3682,3680,-3683,3679,-3683,3679,-3684,3679,-3684,3680,-3681,3677,-3680,3676,-3677,3673,-3680,3673,-3679,3675,-3679,3675,-3683,3676,-3682,3673,-3680,3674,-3684,3674,-3684,3675,-3683,3675,-3684,3676,-3683,3676,-3684,3671,-3683,3671,-3682,3673,-3685,3673,-3684,3673,-3681,3673,-3681,3674,-3683,3675,-3679,3676,-3678,3673,-3679,3673,-3680,3671,-0.54,SJNFAAZE1U0005576,117.78,13.04,9073.458984375,78,75,0,0,0,0,14.0,99.17,-154635,98,1528023402.882,6160,2,1,0,4,0,0,0,0,4,353.31,353.31,7F,1,1,1,0080,82,40,40,0,0,19,11.75
03/06/2018 11:56:46,55 44.9585,-2 1.6477,351,55,286,565577,1144818,353.76,8.201,3693,3676,3685,17,0,94.8,34.9,89.8,32.1,none,none,82.4,28.0,3681,-3690,3682,3689,3683,3688,3686,-3688,3684,-3691,3684,-3690,3684,3692,3683,-3691,-3683,3690,-3684,-3689,-3685,3692,-3685,3691,-3685,3693,-3683,3692,3683,-3690,3686,3689,3684,-3690,3685,-3690,3685,-3690,3684,-3690,3686,-3689,3685,3691,3684,-3688,3683,-3686,3679,-3688,3680,-3689,3680,3688,3681,-3687,3684,-3690,3681,-3689,3679,-3689,3680,-3692,3680,-3692,3680,-3692,3682,-3691,3680,3690,3680,-3692,3677,-3692,3678,-3693,3679,-3692,3678,3693,3676,-3690,3679,-3690,3680,-3690,3679,-3689,3678,-3687,3677,-3689,3678,-3685,-0.53,SJNFAAZE1U0005576,117.79,13.04,9073.458984375,78,75,0,0,0,0,14.0,99.17,-154635,98,1528023406.409,4280,2,1,0,4,0,0,0,0,4,353.73,353.73,7F,1,1,1,0080,81,40,40,0,0,19,-3.00
03/06/2018 11:56:50,55 44.98593,-2 1.72406,337,55,286,565608,1144818,354.14,-5.866,3698,3680,3689,18,0,94.8,34.9,89.8,32.1,none,none,82.2,27.9,3686,-3694,3685,-3692,3687,3693,3690,3692,3688,-3695,3688,-3694,3687,-3695,3688,-3696,3687,-3695,3687,3694,3689,-3696,3689,-3695,3688,-3696,3687,-3695,3687,3695,3689,-3695,3690,-3693,3690,-3694,3690,-3694,3688,-3694,3689,-3695,3689,-3695,3687,-3693,3687,3690,3684,-3692,3685,-3693,3684,-3693,3685,-3691,3686,3694,3686,-3694,3683,-3695,3684,-3696,3685,-3698,3683,-3695,3686,-3696,3684,-3694,3681,-3695,3682,3696,3680,-3697,3683,-3697,3683,-3697,3681,-3693,3683,3693,3685,-3692,3684,-3693,3683,-3691,3683,-3693,3683,-3689,-0.53,SJNFAAZE1U0005576,117.79,13.04,9073.458984375,78,75,0,0,0,0,14.0,99.17,-154636,98,1528023410.124,0,2,1,0,5,0,0,0,0,4,354.40,354.40,7F,1,1,1,0080,81,40,40,0,0,19,-3.00
03/06/2018 11:56:53,55 45.0236,-2 1.79095,282,53,286,565628,1144818,354.14,-0.464,3697,3680,3689,17,0,94.8,34.9,89.8,32.1,none,none,82.2,27.9,3685,-3694,3685,-3693,3687,3692,3690,-3692,3688,-3694,3688,-3693,3689,-3696,3688,-3695,3689,-3695,3687,-3694,3688,-3694,3688,3695,3689,-3696,3687,-3695,3688,-3693,3690,-3694,3690,3693,3689,-3693,3690,-3694,3687,-3693,3689,-3693,3690,-3694,3688,-3693,3687,-3690,3685,-3692,3685,3692,3685,-3692,3686,-3692,3687,-3694,3687,-3693,3682,3695,3685,-3696,3686,-3696,3684,-3695,3686,-3696,3685,-3694,3684,-3697,3683,-3697,3682,-3696,3683,3697,3683,-3697,3680,-3693,3683,-3693,3684,-3694,3684,3693,3683,-3692,3683,-3692,3682,-3689,-0.52,SJNFAAZE1U0005576,117.79,13.04,9073.458984375,78,75,0,0,0,0,14.0,99.17,-154637,98,1528023413.910,0,2,1,0,5,0,0,0,0,4,354.30,354.30,7F,1,1,1,0080,81,40,40,0,0,19,-1.50
03/06/2018 11:56:57,55 45.03989,-2 1.82918,308,49,286,565603,1144818,354.14,7.377,3696,3678,3689,18,0,94.6,34.8,89.8,32.1,none,none,82.2,27.9,3684,-3694,3684,-3692,3685,3692,3689,-3691,3687,3693,3687,-3693,3687,-3695,3687,-3695,3686,-3694,3686,-3693,3687,-3695,3688,-3695,3687,-3695,3686,3695,3687,-3693,3689,-3694,3688,-3693,3688,-3693,3688,3694,3687,-3693,3687,-3694,3688,-3693,3686,-3692,3685,-3689,3683,-3691,3683,-3692,3684,-3691,3685,3691,3686,-3693,3685,-3692,3682,-3694,3683,-3695,3684,3696,3684,-3695,3685,-3694,3683,-3693,3684,-3695,3680,-3695,3682,-3696,3682,-3696,3682,-3695,3678,3693,3682,-3693,3684,-3692,3684,-3692,3682,-3691,3683,3693,3681,-3688,-0.56,SJNFAAZE1U0005576,117.79,13.04,9073.458984375,78,75,0,0,0,0,14.0,99.17,-154637,98,1528023417.727,960,2,1,0,5,0,0,0,0,4,354.09,354.09,7F,1,1,1,0080,81,40,40,0,0,19,-0.25
03/06/2018 11:57:01,55 45.07376,-2 1.91945,291,52,286,565584,1144818,354.43,-0.922,3698,3683,3692,15,0,94.6,34.8,89.6,32.0,none,none,82.4,28.0,3688,-3695,3688,3694,3690,3694,3693,-3694,3691,-3696,3690,-3696,3691,3697,3691,-3697,3690,-3696,3690,-3695,3691,-3696,3691,-3697,3691,-3698,3691,-3696,3690,-3696,3692,3695,3691,-3697,3692,-3695,3692,-3696,3691,-3695,3691,3695,3692,-3696,3690,-3693,3689,-3692,3687,-3693,3687,-3695,3688,-3693,3689,-3694,3691,-3696,3689,3694,3686,-3695,3687,-3696,3688,-3697,3688,-3696,3689,3696,3689,-3695,3687,-3697,3686,-3696,3686,-3697,3687,-3698,3687,-3697,3683,-3697,3687,-3695,3688,3694,3688,-3696,3686,-3693,3686,-3695,3685,-3691,-0.55,SJNFAAZE1U0005576,117.79,13.04,9073.458984375,78,75,0,0,0,0,14.0,99.17,-154637,98,1528023421.487,0,2,1,0,5,0,0,0,0,4,354.39,354.39,7F,1,1,1,0080,81,40,40,0,0,19,-4.00
03/06/2018 11:57:05,55 45.11173,-2 1.98627,269,50,286,565647,1144818,355.30,-19.934,3710,3693,3701,17,0,94.6,34.8,89.8,32.1,none,none,82.2,27.9,-3702,3698,-3704,3697,-3706,3699,-3705,3699,-3705,3699,-3705,3699,-3706,3699,-3707,3700,-3706,3699,-3705,3697,-3706,3699,-3706,3700,-3707,3697,-3706,3697,-3706,3700,-3704,3700,-3704,3700,-3705,3700,-3705,3700,-3705,3699,-3706,3699,-3705,3700,-3704,3698,-3704,3698,-3702,3696,-3706,3698,-3703,3698,-3705,3697,-3706,3697,-3706,3697,-3706,3695,-3707,3695,-3708,3697,-3707,3696,-3707,3697,-3706,3697,-3704,3693,-3710,3694,-3707,3694,-3709,3694,-3708,3694,-3706,3695,-3705,3696,-3706,3697,-3705,3698,-3705,3694,-3705,3695,-3705,3695,-0.52,SJNFAAZE1U0005576,117.79,13.04,9073.458984375,78,75,0,0,0,0,14.0,99.17,-154639,98,1528023425.167,0,2,1,0,5,0,0,0,0,4,355.14,355.14,7F,1,1,1,0080,81,40,40,0,0,19,-21.25
03/06/2018 11:57:08,55 45.13414,-2 2.03244,269,47,286,565954,1144818,356.16,-45.600,3719,3702,3710,17,0,94.6,34.8,89.8,32.1,none,none,82.2,27.9,-3714,3709,-3714,3707,-3715,3708,-3714,3708,-3714,3709,-3713,3709,-3714,3709,-3714,3707,-3714,3709,-3713,3707,-3714,3708,-3714,3710,-3716,3708,-3715,3706,-3714,3709,-3714,3709,-3714,3708,-3713,3710,-3713,3710,-3713,3710,-3715,3709,-3715,3709,-3713,3709,-3712,3707,-3713,3708,-3716,3708,-3715,3709,-3714,3708,-3715,3707,-3716,3707,-3715,3705,-3717,3706,-3718,3708,-3716,3706,-3717,3706,-3717,3707,-3714,3703,-3718,3703,-3717,3702,-3719,3704,-3717,3704,-3716,3704,-3715,3704,-3716,3704,-3715,3708,-3714,3704,-3714,3706,-3714,3705,-0.53,SJNFAAZE1U0005576,117.79,13.04,9075.068359375,78,75,0,0,0,0,14.0,99.17,-154652,98,1528023428.741,0,2,1,0,5,0,0,0,0,4,356.23,356.23,7F,1,1,1,0080,81,40,40,0,0,19,-35.00
03/06/2018 11:57:12,55 45.16485,-2 2.08677,262,44,286,566380,1144818,356.64,-46.607,3722,3709,3715,13,0,94.6,34.8,89.8,32.1,none,none,82.2,27.9,-3718,3714,-3718,3712,-3719,3715,-3718,3714,-3719,3714,-3718,3714,-3718,3714,-3719,3714,-3718,3713,-3718,3713,-3719,3713,-3718,3715,-3719,3713,-3719,3713,-3718,3714,-3718,3714,-3717,3713,-3717,3715,-3718,3715,-3718,3715,-3719,3714,-3720,3716,-3718,3715,-3719,3714,-3717,3712,-3720,3714,-3720,3714,-3719,3713,-3720,3713,-3720,3712,-3720,3710,-3722,3712,-3721,3713,-3720,3713,-3720,3712,-3720,3711,-3717,3710,-3722,3710,-3721,3709,-3722,3711,-3722,3711,-3720,3711,-3719,3711,-3719,3711,-3720,3713,-3718,3711,-3719,3712,-3718,3710,-0.56,SJNFAAZE1U0005576,117.78,13.04,9075.068359375,78,75,0,0,0,0,14.0,99.17,-154670,98,1528023432.343,0,2,0,0,0,0,0,0,0,4,356.76,356.76,7F,1,1,1,0080,81,40,40,0,0,19,-31.50
03/06/2018 11:57:15,55 45.18718,-2 2.1261,262,44,287,566642,1144818,355.68,-11.817,3712,3696,3705,16,0,94.6,34.8,89.8,32.1,none,none,82.2,27.9,-3707,3702,-3707,3701,-3708,3703,-3708,3702,-3708,3704,-3707,3703,-3708,3703,-3709,3702,-3709,3703,-3709,3702,-3710,3703,-3709,3704,-3709,3702,-3710,3702,-3708,3704,-3708,3704,-3709,3704,-3707,3704,-3709,3704,-3707,3703,-3708,3703,-3709,3705,-3708,3704,-3706,3701,-3706,3701,-3708,3702,-3710,3702,-3708,3702,-3710,3701,-3709,3700,-3710,3697,-3711,3699,-3711,3701,-3711,3700,-3710,3699,-3709,3700,-3710,3697,-3711,3697,-3711,3696,-3712,3697,-3712,3698,-3710,3698,-3709,3699,-3709,3701,-3708,3701,-3706,3698,-3708,3700,-3707,3699,-0.54,SJNFAAZE1U0005576,117.78,13.04,9075.068359375,78,75,0,0,0,0,14.0,99.17,-154680,98,1528023435.709,0,2,0,0,0,0,0,0,0,4,355.78,355.78,7F,1,1,1,0080,81,40,40,0,0,19,-4.75
03/06/2018 11:57:19,55 45.21765,-2 2.18501,269,46,287,566658,1144818,355.20,1.579,3706,3692,3700,14,0,94.6,34.8,89.8,32.1,none,none,82.2,27.9,3698,-3704,3697,-3703,3699,3702,3700,-3703,3699,-3704,3699,-3704,3699,-3705,3699,-3705,3699,-3704,3698,-3703,3699,-3704,3699,3704,3699,-3705,3699,-3704,-3698,3704,-3700,-3704,-3699,3703,-3700,3704,-3700,3703,-3699,3703,-3700,3703,-3701,3704,-3699,3702,-3697,3700,-3696,3703,-3697,3704,-3698,3702,-3699,3702,-3698,3704,-3698,3703,-3695,3703,-3696,3705,-3696,3706,-3695,3704,-3698,3705,-3696,3705,-3695,3705,-3694,3705,3693,-3706,3695,3706,3694,-3706,3692,-3703,3696,-3703,3697,-3704,3697,-3704,3695,3702,3695,-3703,3695,-3700,-0.55,SJNFAAZE1U0005576,117.79,13.04,9075.068359375,78,75,0,0,0,0,14.0,99.17,-154681,98,1528023439.449,240,2,0,0,0,0,0,0,0,4,355.23,355.23,7F,1,1,1,0080,81,40,40,0,0,19,-3.75
03/06/2018 11:57:23,55 45.24884,-2 2.23372,262,42,287,566758,1144818,356.64,-35.712,3722,3709,3715,13,0,94.6,34.8,89.8,32.1,none,none,82.2,27.9,3714,-3720,3711,-3718,3715,3717,3715,-3716,3713,3718,3713,-3718,3714,-3718,3712,-3717,3712,-3718,3713,-3717,3713,3717,3713,-3719,3713,-3719,3713,-3718,3712,-3716,3713,-3717,3715,-3716,3713,-3718,3714,-3717,3714,3716,3714,-3717,3716,-3718,3714,-3717,3714,-3715,3712,3719,3712,-3718,3714,-3718,3714,-3716,3714,-3717,3714,-3718,3711,-3718,3711,-3719,3712,-3722,3712,3720,3714,-3719,3712,-3718,3709,-3720,3710,-3720,3709,3721,3710,-3720,3711,-3721,3710,-3720,3712,-3717,3712,-3718,3713,-3719,3712,-3717,3712,-3719,3711,3715,-0.55,SJNFAAZE1U0005576,117.79,13.04,9075.068359375,78,75,0,0,0,0,14.0,99.17,-154685,98,1528023443.164,0,2,0,0,0,0,0,0,0,4,356.41,356.41,7F,1,1,1,0080,81,40,40,0,0,19,-40.25
03/06/2018 11:57:26,55 45.2688,-2 2.2696,259,40,287,567213,1144818,357.41,-51.550,3731,3716,3723,15,0,94.6,34.8,89.8,32.1,none,none,82.2,27.9,3723,-3728,3721,3727,3722,3724,3724,-3725,3721,-3726,3722,-3727,3721,3727,3720,-3727,3721,-3726,3721,-3726,3721,-3726,3721,-3725,3721,3728,3719,-3727,3721,-3724,3723,-3726,3722,-3724,3721,-3725,3722,-3725,3721,-3726,3722,-3725,3724,3726,3723,-3726,3722,-3724,3722,-3729,3722,-3729,3722,3728,3723,-3726,3722,-3727,3722,-3728,3720,-3728,3720,-3729,3719,-3730,3719,-3730,3721,-3728,3720,3728,3717,-3730,3717,-3731,3717,-3729,3718,-3731,3718,3730,3716,-3729,3719,-3727,3719,-3729,3722,-3729,3720,-3728,3719,-3728,3720,-3724,-0.51,SJNFAAZE1U0005576,117.79,13.04,9075.068359375,78,75,0,0,0,0,14.0,99.17,-154704,98,1528023446.820,0,2,1,0,11,0,0,0,0,4,357.36,357.36,7F,1,1,1,0080,81,40,40,0,0,19,-53.50
03/06/2018 11:57:30,55 45.29257,-2 2.31304,262,35,287,567714,1144818,357.89,-61.408,3736,3721,3728,15,0,94.8,34.9,89.8,32.1,none,none,82.2,27.9,3728,3735,3726,-3733,3727,3730,3728,-3730,3726,-3732,3725,-3731,3726,-3733,3725,-3732,3725,-3731,3725,3731,3725,-3731,3725,-3731,3725,-3734,3725,-3733,3724,3730,3726,-3731,3727,-3731,3726,-3731,3728,-3732,3725,-3731,3727,-3731,3729,-3732,3726,-3731,3726,3729,3726,-3734,3727,-3735,3728,-3732,3727,-3732,3728,3733,3727,-3733,3725,-3735,3724,-3735,3724,-3735,3724,-3734,3725,-3734,3724,-3732,3722,-3736,3723,3736,3722,-3735,3721,-3736,3722,-3736,3722,-3734,3724,3733,3723,-3734,3726,-3734,3723,-3732,3724,-3735,3723,-3730,-0.50,SJNFAAZE1U0005576,117.78,13.04,9075.068359375,78,75,0,0,0,0,14.0,99.17,-154724,98,1528023450.475,0,2,1,0,4,0,0,0,0,4,358.04,358.04,7F,1,1,1,0080,81,40,40,0,0,19,-39.75
03/06/2018 11:57:34,55 45.31535,-2 2.35456,262,34,287,567943,1144818,355.87,3.318,3714,3698,3707,16,0,94.6,34.8,89.6,32.0,none,none,82.2,27.9,3704,-3710,3703,-3710,3705,3710,3707,-3708,3705,-3711,3705,-3710,3704,-3711,3705,-3712,3705,-3711,3705,-3710,3704,-3710,3705,3711,3704,-3712,3704,-3712,3703,-3710,3705,-3711,3706,3710,3705,-3710,3707,-3711,3704,-3710,3706,-3710,3707,-3710,3705,-3710,3704,-3706,3703,-3710,3703,3711,3704,-3710,3705,-3708,3704,-3710,3704,-3710,3700,3711,3703,-3712,3702,-3713,3701,-3711,3703,-3712,3701,-3711,3703,-3713,3700,-3713,3699,-3714,3701,3714,3700,-3713,3698,-3712,3700,-3711,3701,-3711,3703,-3711,3702,-3710,3702,-3710,3700,-3707,-0.55,SJNFAAZE1U0005576,117.78,13.04,9075.068359375,78,75,0,0,0,0,14.0,99.17,-154734,98,1528023454.141,0,2,1,0,4,0,0,0,0,4,355.94,355.94,7F,1,1,1,0080,81,40,40,0,0,19,4.75
03/06/2018 11:57:37,55 45.33914,-2 2.39563,255,34,287,567984,1144818,357.12,-33.972,3729,3712,3720,17,0,94.4,34.7,89.6,32.0,none,none,82.2,27.9,-3723,3718,-3723,3717,-3724,3719,-3723,3718,-3723,3718,-3724,3718,-3725,3718,-3724,3717,-3723,3718,-3723,3716,-3724,3717,-3723,3718,-3724,3717,-3724,3717,-3723,3719,-3723,3718,-3723,3720,-3722,3720,-3724,3718,-3723,3718,-3723,3719,-3724,3719,-3724,3718,-3724,3718,-3724,3717,-3726,3717,-3726,3718,-3725,3717,-3724,3716,-3726,3716,-3726,3714,-3728,3714,-3727,3717,-3727,3714,-3728,3717,-3727,3715,-3723,3714,-3729,3713,-3728,3712,-3729,3714,-3728,3713,-3727,3714,-3725,3714,-3726,3715,-3726,3718,-3723,3715,-3725,3716,-3725,3715,-0.54,SJNFAAZE1U0005576,117.79,13.04,9075.068359375,78,75,0,0,0,0,14.0,99.17,-154736,98,1528023457.903,0,2,1,0,5,0,0,0,0,4,356.92,356.92,7F,1,1,1,0080,81,40,40,0,0,19,-52.00
03/06/2018 11:57:41,55 45.35404,-2 2.42107,252,28,287,568415,1144818,357.79,-50.727,3736,3719,3727,17,0,94.6,34.8,89.8,32.1,none,none,82.0,27.8,-3731,3725,-3731,3725,-3732,3725,-3730,3725,-3731,3725,-3731,3725,-3731,3724,-3732,3724,-3731,3724,-3730,3723,-3731,3723,-3731,3725,-3732,3723,-3732,3723,-3731,3724,-3729,3724,-3730,3724,-3728,3725,-3731,3725,-3730,3725,-3731,3725,-3731,3726,-3730,3724,-3731,3724,-3731,3725,-3734,3724,-3734,3727,-3732,3725,-3733,3723,-3733,3724,-3734,3723,-3735,3722,-3735,3723,-3733,3723,-3734,3724,-3734,3724,-3731,3721,-3735,3721,-3736,3719,-3735,3722,-3733,3721,-3734,3721,-3733,3722,-3732,3722,-3734,3726,-3731,3723,-3733,3722,-3732,3722,-0.56,SJNFAAZE1U0005576,117.79,13.04,9075.068359375,78,75,0,0,0,0,14.0,99.17,-154753,98,1528023461.418,0,2,1,0,5,0,0,0,0,4,357.85,357.85,7F,1,1,1,0080,81,40,40,0,0,19,-59.75
03/06/2018 11:57:45,55 45.36898,-2 2.44971,259,20,288,568823,1144818,358.46,-52.466,3742,3727,3734,15,0,94.8,34.9,89.8,32.1,none,none,82.2,27.9,-3737,3734,-3736,3733,-3738,3734,-3737,3731,-3736,3733,-3736,3732,-3738,3733,-3737,3732,-3736,3731,-3735,3730,-3737,3732,-3736,3732,-3737,3732,-3738,3732,-3736,3732,-3735,3733,-3736,3733,-3735,3733,-3736,3733,-3736,3732,-3736,3733,-3738,3733,-3736,3732,-3737,3731,-3738,3734,-3740,3734,-3741,3734,-3739,3734,-3739,3731,-3740,3733,-3741,3731,-3740,3731,-3740,3733,-3739,3731,-3739,3730,-3739,3731,-3736,3730,-3742,3728,-3740,3727,-3741,3729,-3740,3729,-3740,3730,-3738,3730,-3737,3731,-3740,3732,-3737,3731,-3739,3731,-3738,3730,-0.54,SJNFAAZE1U0005576,117.79,13.04,9075.068359375,78,75,0,0,0,0,14.0,99.17,-154770,98,1528023465.301,0,2,1,0,5,0,0,0,0,4,358.11,358.11,7F,1,1,1,0080,81,40,40,0,0,19,-123.00
03/06/2018 11:57:49,55 45.37274,-2 2.45891,255,1,288,569284,1144818,356.93,-14.960,3726,3710,3718,16,0,94.6,34.8,89.6,32.0,none,none,82.0,27.8,-3720,3716,-3722,3715,-3722,3717,-3722,3715,-3722,3716,-3722,3717,-3722,3716,-3722,3715,-3722,3715,-3722,3714,-3722,3715,-3722,3716,-3722,3714,-3723,3715,-3722,3716,-3722,3717,-3721,3716,-3720,3717,-3722,3716,-3721,3716,-3722,3716,-3723,3717,-3721,3716,-3721,3715,-3721,3714,-3723,3715,-3724,3716,-3722,3715,-3723,3714,-3724,3714,-3722,3712,-3725,3712,-3725,3714,-3724,3714,-3725,3713,-3724,3714,-3722,3710,-3726,3710,-3726,3711,-3725,3711,-3725,3711,-3724,3712,-3722,3713,-3723,3713,-3722,3716,-3721,3713,-3722,3713,-3721,3713,-0.55,SJNFAAZE1U0005576,117.79,13.04,9075.068359375,78,75,0,0,0,0,14.0,99.17,-154789,98,1528023469.632,0,2,1,0,5,0,0,0,0,4,357.17,357.17,7F,1,1,1,0080,81,40,40,0,0,19,-91.50
03/06/2018 11:57:53,55 45.37313,-2 2.46019,259,4,288,569298,1144818,356.16,2.707,3716,3702,3710,14,0,94.6,34.8,89.6,32.0,none,none,82.2,27.9,-3708,3714,-3706,3712,-3709,3713,-3711,3712,-3709,3713,-3709,3714,-3708,3715,-3708,3714,-3708,3714,-3709,3713,-3709,3714,-3710,3713,-3709,3714,-3708,3715,3708,-3713,3710,3713,3709,-3713,3710,-3714,3709,-3713,3709,-3713,3710,-3712,3710,3714,3709,-3712,3708,-3709,3706,-3713,3707,-3714,3707,3713,3707,-3712,3708,-3713,3709,-3712,3705,-3714,3705,-3714,3707,-3715,3706,-3714,3707,-3715,3706,3713,3707,-3714,3705,-3715,3702,-3715,3704,-3716,3705,3715,3703,-3714,3704,-3713,3705,-3713,3707,-3713,3705,-3711,-3705,3713,-3706,3710,-0.58,SJNFAAZE1U0005576,117.79,13.04,9075.068359375,78,75,0,0,0,0,14.0,99.17,-154790,98,1528023473.545,160,2,1,0,5,0,0,0,0,4,356.31,356.31,7F,1,1,1,0080,81,40,40,0,0,19,103.50
03/06/2018 11:57:57,55 45.37712,-2 2.47779,259,14,288,569059,1144818,354.34,48.881,3699,3680,3691,19,0,94.6,34.8,89.8,32.1,none,none,82.2,27.9,3687,3696,3687,-3694,3688,3694,3691,-3693,3689,-3696,3689,-3696,3690,-3697,3688,-3697,3689,-3697,3689,3695,3689,-3696,3690,-3696,3690,-3698,3689,-3697,3689,3696,3692,-3695,3690,-3695,3691,-3695,3691,-3695,3689,-3695,3690,-3695,3691,-3695,3689,-3693,3688,3690,3685,-3694,3685,-3696,3687,-3693,3687,-3693,3688,3696,3687,-3693,3685,-3696,3685,-3697,3686,-3696,3685,-3696,3688,-3696,3685,-3695,3690,-3697,3684,3698,3683,-3698,3685,-3699,3684,-3697,3680,-3695,3685,3696,3686,-3696,3686,-3695,3684,-3692,3684,-3693,3684,-3690,-0.55,SJNFAAZE1U0005576,117.79,13.04,9075.068359375,78,75,0,0,0,0,14.0,99.17,-154790,98,1528023477.437,12840,2,1,0,5,0,0,0,0,4,354.49,354.49,7F,1,1,1,0080,81,40,40,0,0,19,64.50
03/06/2018 11:58:01,55 45.38265,-2 2.50645,252,20,288,568767,1144818,354.43,37.803,3700,3683,3692,17,0,94.6,34.8,89.6,32.0,none,none,82.2,27.9,3689,-3696,3689,-3695,3690,3695,3694,-3695,3691,-3697,3691,-3697,3691,-3698,3690,-3698,3691,-3698,3692,-3696,3691,-3698,3692,3698,3691,-3698,3691,-3699,3691,-3696,3692,-3696,3692,3697,3691,-3696,3693,-3697,3691,-3696,3692,-3696,3693,-3697,3690,-3695,3690,-3693,3688,-3694,3687,3696,3688,-3694,3689,-3694,3691,-3696,3689,-3696,3686,3697,3687,-3698,3688,-3700,3688,-3699,3689,-3698,3687,-3697,3689,-3697,3685,-3699,3685,-3700,3687,3700,3685,-3700,3683,-3698,3686,-3697,3686,-3699,3687,3696,3687,-3696,3686,-3696,3685,-3692,-0.49,SJNFAAZE1U0005576,117.79,13.04,9075.068359375,78,75,0,0,0,0,14.0,99.17,-154790,98,1528023481.031,9600,2,0,0,0,0,0,0,0,4,354.68,354.68,7F,1,1,1,0080,82,40,40,0,0,19,46.50
03/06/2018 11:58:04,55 45.39699,-2 2.51472,246,25,287,568477,1144818,353.38,59.440,3688,3674,3681,14,0,94.6,34.8,89.6,32.0,none,none,82.2,27.9,3677,-3686,3678,-3685,3680,3685,3683,-3684,3682,3687,3681,-3687,3681,-3688,3680,-3687,3681,-3687,3681,-3687,3682,-3688,3682,-3688,3681,-3687,3681,3687,3680,-3687,3682,-3687,3683,-3686,3683,-3687,3682,3686,3682,-3686,3683,-3686,3682,-3687,3680,-3684,3679,-3681,3674,-3681,3676,-3684,3676,-3682,3678,3682,3681,-3686,3679,-3682,3674,-3685,3676,-3686,3676,3686,3677,-3687,3678,-3686,3676,-3685,3679,-3686,3676,-3686,3675,-3687,3676,-3687,3676,-3688,3674,-3684,3674,-3684,3676,-3685,3676,-3684,3674,-3682,3674,-3683,3674,3680,-0.51,SJNFAAZE1U0005576,117.79,13.04,9075.068359375,78,75,0,0,0,0,14.0,99.17,-154790,98,1528023484.578,14640,2,0,0,0,0,0,0,0,4,353.79,353.79,7F,1,1,1,0080,82,40,40,0,0,19,81.25
03/06/2018 11:58:08,55 45.42223,-2 2.5102,242,27,287,567994,1144818,354.43,25.138,3699,3684,3692,15,0,94.6,34.8,89.8,32.1,none,none,82.0,27.8,3689,-3695,3687,3694,3690,3695,3692,-3694,3690,-3697,3690,-3696,3691,3697,3690,-3697,3690,-3696,3689,-3696,3690,-3696,3691,-3697,3691,-3697,3689,-3697,3690,-3696,3691,3696,3690,-3696,3691,-3696,3691,-3696,3690,-3696,3691,3695,3691,-3696,3689,-3694,3689,-3691,3687,-3693,3686,-3695,3689,-3695,3689,-3693,3690,-3694,3689,3694,3686,-3695,3688,-3696,3687,-3698,3687,-3695,3689,-3696,3689,3697,3687,-3696,3685,-3697,3685,-3699,3687,-3696,3686,3698,3684,-3695,3687,-3695,3688,-3695,3689,-3695,3686,-3693,3687,-3694,3686,-3692,-0.52,SJNFAAZE1U0005576,117.79,13.04,9075.068359375,78,75,0,0,0,0,14.0,99.17,-154790,98,1528023488.446,8560,2,0,0,0,0,0,0,0,4,354.47,354.47,7F,1,1,1,0080,82,40,40,0,0,19,24.25
03/06/2018 11:58:12,55 45.45441,-2 2.51309,239,34,287,567591,1144818,353.09,63.926,3686,3671,3678,15,0,94.6,34.8,89.6,32.0,none,none,82.2,27.9,-3677,3675,-3681,3675,-3682,3677,-3682,3677,-3681,3678,-3682,3679,-3683,3677,-3683,3678,-3682,3678,-3682,3677,-3683,3678,-3685,3679,-3684,3676,-3684,3676,-3681,3679,-3682,3679,-3682,3678,-3682,3680,-3682,3678,-3681,3678,-3681,3678,-3681,3678,-3680,3677,-3679,3675,-3676,3671,-3679,3673,-3678,3674,-3680,3673,-3683,3674,-3681,3673,-3679,3672,-3684,3673,-3684,3674,-3683,3674,-3684,3674,-3682,3674,-3685,3671,-3683,3671,-3683,3671,-3686,3671,-3685,3672,-3681,3672,-3680,3673,-3683,3674,-3679,3674,-3679,3671,-3680,3672,-3679,3672,-0.55,SJNFAAZE1U0005576,117.79,13.04,9075.068359375,78,75,0,0,0,0,14.0,99.17,-154790,98,1528023492.375,18160,2,0,0,0,0,0,0,0,4,353.03,353.03,7F,1,1,1,0080,82,40,40,0,0,19,43.00
03/06/2018 11:58:16,55 45.49282,-2 2.53028,239,45,287,567019,1144818,352.32,69.236,3679,3662,3670,17,0,94.6,34.8,89.6,32.0,none,none,82.2,27.9,-3669,3667,-3672,3667,-3673,3670,-3674,3669,-3674,3670,-3674,3672,-3676,3670,-3675,3670,-3675,3670,-3675,3670,-3675,3671,-3675,3671,-3676,3669,-3676,3668,-3673,3672,-3675,3671,-3674,3671,-3673,3673,-3675,3671,-3674,3671,-3674,3670,-3675,3671,-3671,3668,-3670,3668,-3669,3664,-3669,3666,-3670,3665,-3671,3666,-3675,3666,-3673,3664,-3671,3664,-3676,3665,-3675,3665,-3674,3667,-3676,3665,-3674,3666,-3679,3662,-3675,3663,-3676,3663,-3677,3662,-3677,3664,-3673,3664,-3672,3665,-3675,3667,-3672,3665,-3671,3664,-3671,3663,-3669,3663,-0.52,SJNFAAZE1U0005576,117.79,13.04,9075.068359375,78,75,0,0,0,0,14.0,99.17,-154790,98,1528023496.297,18920,2,1,0,11,0,0,0,0,4,352.51,352.51,7F,1,1,1,0080,82,40,40,0,0,19,46.75
03/06/2018 11:58:19,55 45.52795,-2 2.54513,226,49,286,566407,1144818,353.76,21.415,3692,3679,3685,13,0,94.6,34.8,89.8,32.1,none,none,82.2,27.9,-3685,3684,-3688,3683,-3689,3686,-3688,3684,-3688,3686,-3689,3687,-3689,3685,-3690,3686,-3689,3686,-3689,3684,-3689,3686,-3689,3687,-3689,3684,-3689,3684,-3688,3686,-3688,3686,-3690,3687,-3688,3687,-3689,3686,-3688,3686,-3689,3685,-3688,3687,-3687,3684,-3686,3683,-3686,3681,-3687,3683,-3688,3682,-3688,3682,-3690,3682,-3689,3681,-3688,3681,-3690,3682,-3691,3683,-3689,3682,-3690,3682,-3690,3683,-3689,3679,-3689,3680,-3691,3679,-3692,3680,-3692,3681,-3688,3681,-3688,3681,-3689,3681,-3687,3683,-3687,3680,-3687,3681,-3686,3681,-0.55,SJNFAAZE1U0005576,117.79,13.04,9075.068359375,78,75,0,0,0,0,14.0,99.17,-154790,98,1528023499.813,11680,2,1,0,4,0,0,0,0,4,353.58,353.58,7F,1,1,1,0080,82,40,40,0,0,19,3.25
03/06/2018 11:58:23,55 45.57454,-2 2.56566,223,49,286,566291,1144818,353.76,25.657,3692,3676,3685,16,0,94.6,34.8,89.8,32.1,none,none,82.2,27.9,-3684,3681,-3687,3681,-3689,3682,-3689,3683,-3689,3684,-3689,3685,-3690,3684,-3691,3683,-3690,3684,-3690,3682,-3690,3683,-3691,3685,-3691,3682,-3691,3683,-3689,3685,-3690,3685,-3688,3685,-3689,3686,-3689,3683,-3689,3684,-3690,3683,-3689,3685,-3687,3682,-3686,3681,-3685,3679,-3688,3681,-3687,3682,-3687,3681,-3690,3680,-3689,3679,-3688,3679,-3691,3679,-3692,3680,-3690,3682,-3690,3680,-3689,3681,-3689,3676,-3691,3677,-3690,3678,-3692,3679,-3691,3678,-3689,3679,-3689,3679,-3690,3680,-3687,3681,-3686,3681,-3688,3678,-3687,3678,-0.55,SJNFAAZE1U0005576,117.79,13.04,9075.068359375,78,75,0,0,0,0,14.0,99.17,-154790,98,1528023503.209,5200,2,1,0,5,0,0,0,0,4,353.83,353.83,7F,1,1,1,0080,82,40,40,0,0,19,18.50
03/06/2018 11:58:27,55 45.62417,-2 2.58484,213,54,286,565911,1144818,352.51,59.562,3680,3662,3672,18,0,94.6,34.8,89.6,32.0,none,none,82.2,27.9,3667,-3676,3667,-3675,3669,3676,3674,-3676,3671,-3677,3671,-3678,3671,-3679,3670,-3679,3671,-3677,3671,-3677,3672,-3678,3671,3679,3671,-3679,3669,-3679,3670,-3676,3672,-3678,3672,3676,3672,-3677,-3672,-3677,3670,-3677,-3671,3676,-3671,3678,-3670,3675,-3667,3672,-3665,3673,-3665,3675,-3666,3674,-3668,3674,-3669,3676,-3668,3673,-3664,3678,-3667,3678,-3667,3678,-3667,3678,-3668,3678,-3666,3677,-3669,3678,-3663,3679,3664,-3680,3666,3679,3665,-3678,3662,-3676,3665,-3676,3666,-3676,3665,-3675,3665,3674,3665,-3675,3664,-3672,-0.54,SJNFAAZE1U0005576,117.79,13.04,9075.068359375,78,75,0,0,0,0,14.0,99.17,-154790,98,1528023507.042,16120,2,1,0,5,0,0,0,0,4,352.50,352.50,7F,1,1,1,0080,82,40,40,0,0,19,29.75
03/06/2018 11:58:30,55 45.66309,-2 2.59884,203,56,286,565382,1144818,352.51,50.223,3679,3664,3672,15,0,94.8,34.9,89.8,32.1,none,none,82.2,27.9,3668,-3676,3668,-3674,3671,3675,3673,-3673,3671,3676,3672,-3677,3671,-3679,3671,-3678,3671,-3677,3672,-3677,3672,-3679,3673,-3678,3672,-3677,3671,3678,3670,-3677,3672,-3676,3673,-3676,3673,-3676,3673,-3678,3671,3676,3672,-3677,3672,-3677,3670,-3675,3670,-3673,3667,3673,3666,-3674,3669,-3673,3668,-3673,3671,-3676,3669,-3674,3667,-3677,3667,-3678,3668,-3678,3667,3678,3669,-3677,3668,-3677,3670,-3677,3666,-3677,3666,3679,3667,-3678,3667,-3678,3664,-3676,3667,-3676,3667,-3676,3667,-3676,3666,-3674,3666,-3675,3665,3671,-0.54,SJNFAAZE1U0005576,117.79,13.04,9075.068359375,78,75,0,0,0,0,14.0,99.17,-154790,98,1528023510.791,16080,2,1,0,5,0,0,0,0,4,352.49,352.49,7F,1,1,1,0080,82,40,40,0,0,19,22.00
03/06/2018 11:58:34,55 45.7173,-2 2.61714,206,57,286,564976,1144818,352.70,41.343,3682,3665,3674,17,0,94.6,34.8,89.8,32.1,none,none,82.2,27.9,3669,-3679,3670,3678,3671,3678,3675,-3677,3673,-3680,3672,-3681,3673,3681,3672,-3680,3672,-3680,3672,-3679,3672,-3680,3674,-3680,3673,-3681,3671,-3681,3672,-3679,3674,3678,3673,-3679,3674,-3678,3672,-3680,3673,-3679,3673,-3678,3673,3679,3671,-3678,3671,-3675,3667,-3676,3667,-3678,3669,3675,3669,-3676,3672,-3679,3670,-3676,3667,-3678,3668,-3680,3669,-3681,3669,-3679,3670,-3680,3668,3679,3669,-3680,3666,-3680,3666,-3680,3668,-3681,3667,3682,3665,-3678,3668,-3679,3668,-3679,3668,-3677,3667,-3676,3666,-3676,3666,-3675,-0.55,SJNFAAZE1U0005576,117.79,13.04,9075.068359375,78,75,0,0,0,0,14.0,99.17,-154790,98,1528023514.558,12280,2,1,0,5,0,0,0,0,4,352.72,352.72,7F,1,1,1,0080,82,40,40,0,0,19,16.75
03/06/2018 11:58:38,55 45.77263,-2 2.63052,206,56,286,564653,1144818,352.80,35.117,3682,3665,3675,17,0,94.6,34.8,89.8,32.1,none,none,82.2,27.9,3671,-3680,3671,-3678,3672,3678,3676,3678,3673,-3681,3672,-3681,3673,-3682,3673,-3682,3673,3682,3672,-3680,3672,-3681,3674,-3681,3674,-3682,3672,-3681,3673,3680,3675,-3680,3673,-3680,3674,-3679,3675,-3681,3674,-3680,3674,-3679,3674,-3680,3672,-3678,3671,3675,3669,-3677,3668,-3678,3669,-3676,3671,-3677,3673,3679,3670,-3677,3668,-3678,3670,-3682,3670,-3681,3669,-3679,3672,-3681,3670,-3680,3672,-3682,3666,3681,3667,-3681,3668,-3681,3668,-3682,3665,-3679,3669,3679,3670,-3680,3669,-3678,3669,-3677,3668,-3678,3667,-3675,-0.57,SJNFAAZE1U0005576,117.79,13.04,9075.068359375,78,75,0,0,0,0,14.0,99.17,-154790,98,1528023518.327,10160,2,1,0,5,0,0,0,0,4,352.91,352.91,7F,1,1,1,0080,82,40,40,0,0,11,18.25
03/06/2018 11:58:42,55 45.8288,-2 2.64472,209,60,285,564253,1144818,352.42,44.761,3679,3662,3671,17,0,94.8,34.9,89.8,32.1,none,none,82.2,27.9,3667,-3675,3668,-3674,3668,3675,3672,-3673,3670,-3676,3669,3676,3670,-3679,3668,-3678,3670,-3677,3670,-3676,3669,3676,3670,-3677,3670,-3677,3669,-3679,3669,-3677,3671,-3676,3671,3675,3671,-3676,3671,-3678,3670,-3676,3670,-3675,3671,-3676,3669,-3674,3667,-3672,3665,-3672,3665,3674,3665,-3674,3668,-3673,3669,-3675,3667,-3674,3664,3677,3666,-3678,3666,-3678,3665,-3677,3667,-3677,3666,-3676,3668,-3677,3662,-3678,3663,-3679,3665,3678,3665,-3678,3662,-3676,3666,-3676,3668,-3676,3666,3674,3666,-3674,3665,-3674,3664,-3670,-0.17,SJNFAAZE1U0005576,117.79,13.28,9075.068359375,78,75,0,0,0,0,14.0,99.17,-154790,98,1528023522.078,12600,3,1,0,5,0,0,0,0,4,352.46,352.46,7F,1,1,1,0080,82,40,40,0,0,11,19.50
03/06/2018 11:58:45,55 45.86888,-2 2.64983,209,55,285,563871,1144818,352.32,44.516,3678,3662,3670,16,0,94.6,34.8,89.6,32.0,none,none,82.2,27.9,-3670,3667,-3672,3667,-3673,3670,-3674,3669,-3674,3670,-3674,3672,-3675,3670,-3676,3670,-3675,3671,-3675,3670,-3676,3670,-3676,3672,-3675,3669,-3678,3669,-3675,3671,-3675,3672,-3674,3671,-3674,3671,-3675,3670,-3674,3671,-3675,3670,-3674,3671,-3672,3668,-3671,3668,-3669,3664,-3672,3667,-3671,3667,-3671,3666,-3675,3666,-3675,3665,-3672,3663,-3675,3665,-3676,3666,-3675,3667,-3676,3667,-3674,3667,-3677,3662,-3676,3663,-3675,3663,-3678,3664,-3677,3664,-3675,3664,-3673,3663,-3675,3666,-3672,3665,-3671,3665,-3672,3664,-3671,3664,-0.15,SJNFAAZE1U0005576,117.79,13.52,9076.677734375,78,75,0,0,0,0,14.0,99.17,-154790,98,1528023525.843,11840,3,1,0,5,0,0,0,0,4,352.41,352.41,7F,1,1,1,0080,82,40,40,0,0,19,22.75
03/06/2018 11:58:49,55 45.92307,-2 2.65262,203,57,285,563415,1144818,352.03,50.834,3674,3658,3667,16,0,94.6,34.8,89.6,32.0,none,none,82.2,27.9,-3667,3664,-3670,3663,-3670,3666,-3671,3665,-3671,3667,-3672,3668,-3671,3666,-3673,3666,-3672,3666,-3671,3665,-3672,3666,-3673,3667,-3673,3664,-3673,3665,-3671,3668,-3671,3667,-3671,3668,-3671,3668,-3672,3667,-3671,3666,-3671,3666,-3671,3668,-3669,3665,-3669,3664,-3666,3660,-3666,3662,-3667,3662,-3668,3662,-3672,3662,-3671,3661,-3668,3660,-3673,3661,-3672,3662,-3672,3663,-3673,3663,-3671,3663,-3674,3658,-3672,3659,-3674,3659,-3674,3660,-3673,3660,-3672,3661,-3670,3662,-3671,3662,-3667,3662,-3667,3660,-3668,3661,-3668,3660,-0.22,SJNFAAZE1U0005576,117.79,13.84,9076.677734375,78,75,0,0,0,0,14.0,99.17,-154790,98,1528023529.752,14040,3,1,0,5,0,0,0,0,4,352.05,352.05,7F,1,1,1,0080,82,40,40,0,0,19,22.00
03/06/2018 11:58:53,55 45.97766,-2 2.65303,206,58,285,563018,1144818,352.70,29.960,3682,3665,3674,17,0,94.6,34.8,89.8,32.1,none,none,82.2,27.9,-3675,3671,-3678,3670,-3677,3672,-3678,3673,-3678,3674,-3679,3675,-3680,3673,-3679,3674,-3680,3673,-3678,3672,-3679,3673,-3679,3674,-3679,3672,-3680,3672,-3677,3674,-3679,3674,-3678,3674,-3678,3674,-3679,3673,-3679,3673,-3679,3673,-3679,3675,-3676,3671,-3676,3670,-3673,3667,-3677,3670,-3677,3671,-3676,3670,-3680,3670,-3679,3669,-3677,3668,-3679,3668,-3680,3669,-3679,3671,-3680,3671,-3677,3670,-3681,3665,-3681,3667,-3682,3668,-3682,3668,-3680,3667,-3679,3670,-3678,3669,-3680,3671,-3677,3671,-3676,3669,-3676,3667,-3676,3667,-0.27,SJNFAAZE1U0005576,117.79,14.16,9076.677734375,78,75,0,0,0,0,14.0,99.17,-154790,98,1528023533.638,9840,2,1,0,5,0,0,0,0,4,352.67,352.67,7F,1,1,1,0080,82,40,40,0,0,19,9.00
03/06/2018 11:58:57,55 46.02637,-2 2.65013,209,52,285,562851,1144818,353.38,12.076,3689,3673,3681,16,0,94.6,34.8,89.8,32.1,none,none,82.2,27.9,-3682,3678,-3684,3678,-3685,3680,-3685,3679,-3685,3680,-3685,3681,-3686,3681,-3687,3679,-3685,3680,-3685,3678,-3686,3680,-3686,3681,-3686,3678,-3686,3678,-3685,3681,-3686,3682,-3684,3681,-3685,3682,-3686,3680,-3685,3680,-3684,3681,-3685,3681,-3683,3680,-3683,3678,-3681,3676,-3683,3677,-3685,3676,-3684,3677,-3686,3678,-3686,3677,-3685,3675,-3688,3677,-3688,3677,-3686,3677,-3688,3677,-3686,3677,-3686,3673,-3688,3673,-3687,3674,-3689,3674,-3688,3675,-3686,3676,-3684,3676,-3686,3677,-3684,3677,-3683,3676,-3684,3677,-3683,3675,-0.31,SJNFAAZE1U0005576,117.80,14.32,9076.677734375,78,75,0,0,0,0,14.0,99.17,-154790,98,1528023537.252,4640,2,1,0,5,0,0,0,0,4,353.29,353.29,7F,1,1,1,0080,82,40,40,0,0,19,3.50
03/06/2018 11:59:00,55 46.07423,-2 2.64751,209,50,285,562689,1144818,352.42,34.507,3679,3663,3671,16,0,94.6,34.8,89.6,32.0,none,none,82.2,27.9,3667,-3676,3668,3674,-3670,3675,-3673,3674,-3671,3677,-3670,3677,-3671,3679,-3671,3677,-3670,3677,-3670,3675,-3671,3677,-3670,3677,-3671,3678,-3669,3678,3669,-3676,3671,3676,3671,-3676,3672,-3676,3671,-3677,3671,-3676,3671,-3675,3671,3676,3670,-3673,3669,-3672,3666,-3673,3666,-3674,3666,3675,3668,-3673,3670,-3675,3668,-3674,3665,-3675,3667,-3678,3666,-3678,3667,-3676,3668,-3676,3665,3676,3669,-3677,3663,-3679,3663,-3679,3665,-3679,3665,3678,3663,-3677,3666,-3677,3667,-3678,3665,-3675,3664,-3673,3664,-3673,3664,-3670,-0.34,SJNFAAZE1U0005576,117.80,14.32,9076.677734375,78,75,0,0,0,0,14.0,99.17,-154790,98,1528023540.921,8960,2,0,0,0,0,0,0,0,4,352.71,352.71,7F,1,1,1,0080,82,40,40,0,0,19,25.00
03/06/2018 11:59:04,55 46.11105,-2 2.64422,216,51,284,562186,1144818,351.07,69.510,3665,3648,3657,17,0,94.6,34.8,89.8,32.1,none,none,82.2,27.9,3653,3660,3654,-3660,3656,3661,3659,-3660,3656,-3663,3656,-3664,3657,-3663,3657,-3663,3656,-3665,3657,3663,3658,-3664,3658,-3663,3658,-3664,3656,-3664,3655,3663,3659,-3662,3658,-3662,3657,-3663,3657,-3662,3657,-3662,3658,-3662,3657,-3663,3656,-3661,3654,3658,3650,-3657,3649,-3659,3652,-3658,3653,-3658,3656,3661,3653,-3659,3649,-3661,3652,-3663,3653,-3663,3652,-3662,3656,-3662,3653,-3662,3655,-3661,3649,3662,3650,-3665,3652,-3663,3651,-3664,3648,-3661,3652,3660,3653,-3663,3651,-3659,3651,-3659,3651,-3658,3649,-3656,-0.36,SJNFAAZE1U0005576,117.80,14.32,9076.677734375,78,75,0,0,0,0,14.0,99.17,-154790,98,1528023544.777,19480,2,0,0,0,0,0,0,0,4,351.29,351.29,7F,1,1,1,0080,82,40,40,0,0,19,40.75
03/06/2018 11:59:08,55 46.16124,-2 2.639,219,52,284,561516,1144818,350.69,78.238,3660,3644,3653,16,0,94.6,34.8,89.8,32.1,none,none,82.2,27.9,3647,-3656,3649,-3656,3650,3656,3654,-3655,3652,-3658,3652,-3659,3653,-3660,3653,-3659,3653,-3660,3653,-3659,3653,-3658,3653,3659,3654,-3659,3652,-3659,3652,-3658,3654,-3658,3654,3658,3655,-3658,3654,-3658,3652,-3658,3653,-3657,3652,-3658,3651,-3656,3650,-3652,3646,-3653,3645,3655,3646,-3653,3647,-3653,3651,-3657,3648,-3653,3645,3656,3648,-3658,3649,-3658,3648,-3659,3651,-3657,3648,-3656,3652,-3657,3645,-3658,3646,-3659,3648,3658,3648,-3658,3644,-3655,3647,-3656,3649,-3658,3646,-3654,3646,3654,3646,-3653,3645,-3650,-0.33,SJNFAAZE1U0005576,117.80,14.32,9076.677734375,78,75,0,0,0,0,14.0,99.17,-154790,98,1528023548.240,22200,2,0,0,0,0,0,0,0,4,350.66,350.66,7F,1,1,1,0080,82,40,40,0,0,19,40.75
03/06/2018 11:59:12,55 46.21077,-2 2.6271,219,53,284,560858,1144818,350.30,77.903,3657,3640,3649,17,0,94.6,34.8,89.8,32.1,none,none,82.2,27.9,3643,-3652,3646,-3653,3647,3653,3651,-3652,3648,3654,3648,-3656,3649,-3657,3649,-3657,3649,-3656,3650,-3654,3650,-3657,3650,-3656,3650,-3656,3649,3657,3649,-3655,3650,-3656,3649,-3654,3651,-3654,3650,3654,3649,-3654,3650,-3653,3650,-3655,3647,-3652,3645,-3650,3641,-3650,3642,-3651,3642,-3649,3644,3650,3648,-3653,3645,-3651,3642,-3655,3644,-3656,3644,3656,3644,-3655,3646,-3655,3644,-3654,3647,-3654,3641,-3656,3641,3657,3643,-3656,3643,-3657,3640,-3654,3643,-3655,3644,-3655,3641,-3652,3641,-3652,3641,-3652,3640,3648,-0.34,SJNFAAZE1U0005576,117.80,14.32,9076.677734375,78,75,0,0,0,0,14.0,99.17,-154790,98,1528023552.023,22200,2,2,0,0,0,0,0,0,4,350.35,350.35,7F,1,1,1,0080,82,40,40,0,0,19,40.25
03/06/2018 11:59:15,55 46.25977,-2 2.60386,216,54,283,560135,1144818,350.11,76.957,3655,3638,3647,17,0,94.8,34.9,89.6,32.0,none,none,82.0,27.8,3641,-3651,3643,3651,3645,3650,3649,-3650,3647,-3652,3648,-3653,3647,3654,3647,-3655,3646,-3654,3648,-3652,3648,-3654,3648,-3655,3649,-3655,3647,-3654,3647,-3653,3648,3653,3647,-3653,3648,-3653,3648,-3653,3646,-3653,3648,3652,3647,-3652,3645,-3650,3644,-3647,3638,-3647,3639,-3649,3640,-3648,3642,-3647,3645,-3652,3642,3649,3640,-3653,3642,-3653,3642,-3653,3643,-3654,3644,3654,3642,-3653,3647,-3652,3639,-3654,3640,-3655,3641,-3654,3640,3655,3638,-3653,3641,-3653,3642,-3654,3639,-3649,3639,-3650,3639,-3649,3639,-3646,-0.35,SJNFAAZE1U0005576,117.80,14.32,9076.677734375,78,75,0,0,0,0,14.0,99.17,-154790,99,1528023555.898,21720,2,1,0,4,0,0,0,0,4,350.14,350.14,7F,1,1,1,0080,82,40,40,0,0,19,38.75
03/06/2018 11:59:19,55 46.29539,-2 2.57806,216,54,283,559449,1144818,350.02,71.464,3654,3639,3646,15,0,94.6,34.8,89.8,32.1,none,none,82.2,27.9,-3644,3643,-3648,3643,-3649,3647,-3650,3646,-3650,3647,-3650,3648,-3651,3647,-3652,3647,-3651,3648,-3651,3646,-3652,3648,-3652,3649,-3652,3645,-3652,3647,-3649,3649,-3652,3648,-3650,3648,-3651,3648,-3650,3647,-3651,3648,-3650,3647,-3649,3647,-3648,3644,-3647,3643,-3644,3639,-3645,3641,-3645,3641,-3646,3641,-3649,3643,-3648,3641,-3646,3642,-3652,3641,-3651,3643,-3650,3642,-3652,3644,-3650,3644,-3654,3639,-3650,3639,-3651,3642,-3653,3641,-3651,3641,-3648,3641,-3649,3643,-3650,3643,-3646,3641,-3645,3640,-3646,3640,-3645,3639,-0.35,SJNFAAZE1U0005576,117.80,14.32,9076.677734375,78,75,0,0,0,0,14.0,99.17,-154790,99,1528023559.612,21120,2,1,0,4,0,0,0,0,4,350.16,350.16,7F,1,1,1,0080,82,40,40,0,0,19,36.75
03/06/2018 11:59:23,55 46.33888,-2 2.5294,229,53,283,558816,1144818,349.82,73.691,3652,3635,3644,17,0,94.6,34.8,89.8,32.1,none,none,82.2,27.9,-3641,3640,-3646,3639,-3648,3644,-3649,3643,-3648,3644,-3648,3645,-3650,3644,-3650,3643,-3650,3645,-3649,3643,-3651,3645,-3651,3646,-3651,3642,-3652,3643,-3649,3646,-3649,3646,-3649,3645,-3649,3646,-3649,3644,-3649,3644,-3649,3644,-3649,3645,-3646,3642,-3645,3640,-3640,3635,-3642,3637,-3643,3639,-3644,3638,-3648,3640,-3648,3638,-3644,3637,-3648,3638,-3650,3640,-3649,3639,-3650,3640,-3648,3639,-3651,3635,-3649,3637,-3650,3637,-3651,3638,-3650,3637,-3648,3636,-3646,3639,-3649,3639,-3643,3638,-3643,3637,-3644,3637,-3644,3635,-0.32,SJNFAAZE1U0005576,117.80,14.32,9076.677734375,78,75,0,0,0,0,14.0,99.17,-154790,99,1528023563.204,20760,2,1,0,4,0,0,0,0,4,349.90,349.90,7F,1,1,1,0080,82,40,40,0,0,19,37.75
03/06/2018 11:59:27,55 46.38088,-2 2.47571,252,53,282,558147,1144818,349.63,76.194,3650,3635,3642,15,0,94.6,34.8,89.8,32.1,none,none,82.2,27.9,-3639,3638,-3644,3638,-3645,3642,-3647,3642,-3646,3643,-3648,3645,-3647,3643,-3649,3644,-3648,3643,-3648,3642,-3647,3643,-3649,3644,-3649,3642,-3648,3642,-3646,3644,-3647,3645,-3648,3644,-3647,3645,-3647,3643,-3647,3643,-3648,3642,-3646,3643,-3644,3641,-3642,3639,-3639,3635,-3640,3636,-3641,3638,-3641,3637,-3647,3640,-3644,3636,-3642,3637,-3645,3638,-3648,3638,-3646,3639,-3647,3640,-3645,3639,-3650,3635,-3646,3636,-3647,3637,-3648,3637,-3647,3637,-3644,3637,-3644,3638,-3646,3640,-3641,3637,-3640,3636,-3641,3635,-3641,3635,-0.33,SJNFAAZE1U0005576,117.80,14.32,9076.677734375,78,75,0,0,0,0,14.0,99.17,-154790,99,1528023567.072,20760,2,1,0,5,0,0,0,0,4,349.67,349.67,7F,1,1,1,0080,82,40,40,0,0,19,39.25
03/06/2018 11:59:30,55 46.41052,-2 2.43382,259,53,282,557433,1144818,349.44,74.088,3647,3632,3640,15,0,94.6,34.8,89.4,31.9,none,none,82.2,27.9,-3638,3638,-3641,3637,-3642,3641,-3645,3640,-3644,3641,-3643,3642,-3645,3641,-3646,3642,-3645,3642,-3645,3641,-3645,3643,-3646,3643,-3647,3641,-3646,3641,-3644,3642,-3645,3643,-3644,3642,-3644,3643,-3644,3642,-3645,3641,-3643,3640,-3644,3642,-3641,3638,-3639,3637,-3637,3632,-3638,3635,-3638,3634,-3639,3636,-3644,3637,-3641,3634,-3639,3634,-3645,3636,-3645,3637,-3643,3638,-3646,3637,-3643,3638,-3647,3633,-3643,3633,-3646,3634,-3646,3634,-3645,3636,-3641,3635,-3642,3636,-3644,3638,-3639,3634,-3639,3634,-3639,3634,-3639,3633,-0.36,SJNFAAZE1U0005576,117.80,14.32,9076.677734375,78,75,0,0,0,0,14.0,99.17,-154790,99,1528023570.866,21200,2,1,0,5,0,0,0,0,4,349.52,349.52,7F,1,1,1,0080,82,40,40,0,0,19,38.00
03/06/2018 11:59:34,55 46.44718,-2 2.3688,269,54,282,556781,1144818,349.34,71.647,3647,3630,3639,17,0,94.6,34.8,89.8,32.1,none,none,82.2,27.9,3633,-3642,3636,-3642,3636,3642,3641,-3643,3639,-3645,3639,-3645,3639,-3647,3640,-3646,3639,-3645,3639,-3645,3640,-3647,3641,3646,3641,-3647,3639,-3647,3638,-3645,3641,-3646,3640,3645,3640,-3645,3641,-3645,3639,-3646,3640,-3644,3639,-3644,-3637,3642,-3637,3639,-3631,3639,-3631,3641,-3633,3639,-3634,3640,-3638,3643,-3634,3641,-3631,3642,-3636,3644,-3635,3644,-3635,3645,-3638,3644,-3636,3644,-3639,3643,-3630,3645,3633,-3645,3634,3645,3634,-3647,3630,-3643,3633,-3643,3637,-3644,3633,-3639,3632,3640,3632,-3641,3631,-3637,-0.32,SJNFAAZE1U0005576,117.80,14.32,9076.677734375,78,75,0,0,0,0,14.0,99.17,-154790,99,1528023574.525,21200,2,1,0,5,0,0,0,0,4,349.50,349.50,7F,1,1,1,0080,82,40,40,0,0,19,37.75
03/06/2018 11:59:38,55 46.48041,-2 2.30169,275,53,281,556134,1144818,349.25,73.050,3645,3628,3638,17,0,94.8,34.9,90.0,32.2,none,none,82.4,28.0,3632,-3641,3633,-3640,3635,3642,3639,-3641,3636,3644,3637,-3644,3638,-3645,3638,-3645,3638,-3645,3638,-3643,3638,-3645,3638,-3645,3638,-3645,3638,3645,3638,-3644,3639,-3644,3638,-3644,3638,-3643,3639,-3644,3638,3643,3639,-3642,3637,-3643,3635,-3641,3634,-3638,3630,3636,3628,-3639,3630,-3638,3632,-3638,3636,-3641,3633,-3638,3628,-3641,3633,-3642,3633,-3643,3632,3642,3636,-3642,3632,-3641,3637,-3641,3629,-3643,3631,3644,3633,-3644,3633,-3644,3629,-3641,3631,-3641,3635,-3642,3631,-3638,3630,-3638,3630,-3639,3629,3636,-0.34,SJNFAAZE1U0005576,117.80,14.32,9076.677734375,78,75,0,0,0,0,14.0,99.17,-154790,99,1528023578.247,20920,2,1,0,5,0,0,0,0,4,349.22,349.22,7F,1,1,1,0080,82,40,40,0,0,19,38.00
03/06/2018 11:59:42,55 46.51428,-2 2.23194,278,54,281,555432,1144818,349.06,74.546,3644,3626,3636,18,0,94.8,34.9,89.8,32.1,none,none,82.2,27.9,3629,-3638,3632,3639,3634,3640,3639,-3640,3636,-3642,3636,-3643,3637,3644,3637,-3644,3637,-3643,3637,-3643,3637,-3643,3636,-3643,3637,-3644,3635,-3644,3636,-3642,3638,3642,3638,-3642,3638,-3642,3637,-3642,3637,-3642,3637,-3641,3637,3642,3634,-3639,3632,-3636,3627,-3636,3627,-3638,3629,3635,3629,-3636,3635,-3640,3631,-3637,3627,-3639,3631,-3641,3631,-3641,3631,-3642,3634,-3642,3630,3641,3635,-3642,3627,-3642,3630,-3643,3630,-3643,3629,3644,3626,-3640,3629,-3640,3632,-3643,3627,-3636,3628,-3639,3627,-3637,3627,-3634,-0.32,SJNFAAZE1U0005576,117.80,14.32,9076.677734375,78,75,0,0,0,0,14.0,99.17,-154790,99,1528023582.037,20920,2,1,0,5,0,0,0,0,4,349.16,349.16,7F,1,1,1,0080,82,40,40,0,0,19,39.00
03/06/2018 11:59:45,55 46.53884,-2 2.18127,285,53,281,554732,1144818,348.86,76.224,3643,3623,3634,20,0,94.8,34.9,89.8,32.1,none,none,82.4,28.0,3626,-3636,3630,-3637,3631,3636,3637,3638,3634,-3641,3634,-3641,3634,-3642,3634,-3643,3634,3641,3635,-3639,3634,-3642,3635,-3641,3636,-3642,3633,-3642,3633,-3640,3637,-3641,3636,-3640,3637,-3640,3635,-3641,3634,-3640,3635,-3639,3633,-3639,3631,-3637,3629,3634,3624,-3632,3625,-3634,3626,-3634,3626,-3633,3632,3639,3629,-3635,3625,-3638,3629,-3639,3630,-3640,3628,-3639,3631,-3640,3628,-3638,3632,-3638,3624,3641,3626,-3641,3628,-3641,3627,-3641,3623,-3638,3626,3639,3629,-3640,3625,-3635,3626,-3635,3625,-3635,3625,-3632,-0.37,SJNFAAZE1U0005576,117.80,14.32,9076.677734375,78,75,0,0,0,0,14.0,99.17,-154790,99,1528023585.867,21160,2,1,0,5,0,0,0,0,4,348.93,348.93,7F,1,1,1,0080,82,40,40,0,0,19,39.25
03/06/2018 11:59:49,55 46.57155,-2 2.11065,291,54,280,554034,1144818,348.86,71.464,3642,3624,3634,18,0,94.8,34.9,90.0,32.2,none,none,82.4,28.0,3627,-3636,3630,-3636,3631,3638,3636,-3637,3632,-3640,3634,3640,3634,-3642,3635,-3641,3635,-3642,3634,-3639,3635,3641,3635,-3641,3637,-3641,3634,-3641,3634,-3641,3636,-3641,3635,3640,3636,-3640,3635,-3641,3634,-3640,3634,-3639,3635,-3640,3632,-3636,3630,-3634,3626,-3632,3624,3634,3627,-3633,3627,-3633,3631,-3638,3629,-3635,3624,3638,3630,-3639,3630,-3638,3628,-3637,3631,-3639,3629,-3638,3632,-3637,3626,-3640,3626,-3639,3630,3639,3629,-3640,3624,-3638,3628,-3637,3631,-3637,3626,3634,3626,-3633,3625,-3635,3625,-3632,-0.34,SJNFAAZE1U0005576,117.80,14.32,9076.677734375,78,75,0,0,0,0,14.0,99.17,-154790,99,1528023589.871,21160,2,1,0,5,0,0,0,0,4,348.93,348.93,7F,1,1,1,0080,82,40,40,0,0,19,37.75
03/06/2018 11:59:53,55 46.60446,-2 2.04247,298,52,280,553312,1144818,348.67,76.530,3640,3624,3632,16,0,95.0,35.0,90.0,32.2,none,none,82.6,28.1,-3629,3630,-3634,3629,-3635,3632,-3637,3632,-3636,3634,-3636,3635,-3638,3634,-3638,3634,-3638,3635,-3638,3633,-3638,3635,-3640,3635,-3640,3633,-3638,3633,-3637,3634,-3637,3636,-3637,3634,-3637,3635,-3638,3634,-3638,3634,-3637,3633,-3636,3634,-3634,3632,-3631,3630,-3628,3624,-3629,3626,-3630,3626,-3630,3627,-3637,3629,-3633,3626,-3632,3626,-3638,3628,-3637,3628,-3636,3628,-3638,3630,-3634,3630,-3640,3625,-3635,3626,-3637,3627,-3638,3627,-3637,3627,-3633,3627,-3634,3628,-3637,3630,-3630,3625,-3630,3624,-3630,3625,-3630,3624,-0.36,SJNFAAZE1U0005576,117.80,14.24,9078.287109375,78,75,0,0,0,0,14.0,99.17,-154790,99,1528023593.718,21120,2,0,0,0,0,0,0,0,4,348.69,348.69,7F,1,1,1,0080,82,40,40,0,0,19,40.25
03/06/2018 11:59:57,55 46.63528,-2 1.96935,318,53,279,552611,1144818,348.58,74.882,3639,3623,3631,16,0,94.8,34.9,90.0,32.2,none,none,82.2,27.9,-3627,3627,-3634,3627,-3634,3631,-3636,3631,-3635,3632,-3636,3634,-3636,3632,-3639,3632,-3637,3633,-3637,3631,-3638,3633,-3638,3635,-3638,3632,-3638,3632,-3636,3633,-3637,3634,-3636,3633,-3636,3634,-3636,3632,-3636,3632,-3636,3632,-3635,3632,-3632,3629,-3630,3629,-3626,3624,-3628,3624,-3629,3625,-3628,3625,-3635,3627,-3633,3625,-3629,3626,-3635,3627,-3636,3626,-3634,3628,-3636,3629,-3633,3628,-3638,3623,-3634,3624,-3634,3626,-3637,3627,-3636,3627,-3633,3625,-3632,3627,-3635,3627,-3628,3625,-3628,3623,-3629,3623,-3629,3624,-1.05,SJNFAAZE1U0005576,117.80,13.84,9078.287109375,78,75,0,0,0,0,14.0,99.17,-154790,99,1528023597.546,21480,2,0,0,0,0,0,0,0,4,348.66,348.66,7F,1,1,1,0080,82,40,40,0,0,19,39.00
03/06/2018 12:00:01,55 46.66682,-2 1.89922,324,52,279,551936,1144818,348.48,77.964,3640,3621,3630,19,0,94.8,34.9,90.0,32.2,none,none,82.4,28.0,-3626,3625,-3633,3626,-3634,3629,-3636,3630,-3635,3631,-3636,3632,-3636,3630,-3637,3631,-3636,3631,-3637,3630,-3638,3632,-3638,3633,-3639,3630,-3638,3631,-3636,3632,-3636,3633,-3636,3632,-3636,3633,-3636,3631,-3634,3631,-3636,3630,-3635,3632,-3632,3628,-3631,3626,-3625,3622,-3628,3622,-3629,3623,-3627,3623,-3635,3626,-3631,3623,-3629,3623,-3635,3625,-3637,3624,-3635,3627,-3636,3625,-3634,3625,-3640,3621,-3636,3622,-3636,3623,-3638,3623,-3636,3624,-3632,3622,-3632,3624,-3635,3628,-3628,3622,-3629,3623,-3629,3622,-3628,3621,-1.44,SJNFAAZE1U0005576,117.80,13.68,9078.287109375,78,75,0,0,0,0,14.0,99.17,-154790,99,1528023601.065,21480,2,0,0,0,0,0,0,0,4,348.41,348.41,7F,1,1,1,0080,82,40,40,0,0,19,39.00
03/06/2018 12:00:04,55 46.69836,-2 1.82703,347,52,279,551267,1144818,348.48,73.936,3638,3622,3630,16,0,95.0,35.0,90.0,32.2,none,none,82.4,28.0,-3627,3626,-3631,3627,-3632,3630,-3635,3630,-3635,3632,-3634,3634,-3635,3632,-3637,3632,-3635,3631,-3635,3632,-3635,3634,-3636,3634,-3638,3631,-3638,3631,-3636,3634,-3636,3634,-3635,3633,-3635,3633,-3635,3633,-3635,3631,-3635,3630,-3633,3631,-3631,3629,-3630,3628,-3625,3623,-3627,3624,-3627,3623,-3628,3625,-3635,3628,-3630,3624,-3629,3625,-3635,3626,-3634,3626,-3634,3628,-3634,3628,-3633,3627,-3638,3622,-3632,3624,-3634,3623,-3637,3625,-3635,3625,-3631,3625,-3631,3625,-3634,3628,-3627,3623,-3628,3623,-3628,3624,-3628,3623,-0.49,SJNFAAZE1U0005576,117.80,13.36,9078.287109375,78,75,0,0,0,0,14.0,99.17,-154790,99,1528023604.906,21440,2,2,0,0,0,0,0,0,4,348.47,348.47,7F,1,1,1,0080,82,40,40,0,0,19,37.25
03/06/2018 12:00:08,55 46.72196,-2 1.77373,357,53,278,550574,1144818,348.29,74.302,3636,3618,3628,18,0,95.0,35.0,90.2,32.3,none,none,82.4,28.0,3621,-3629,3624,3631,3625,3633,3630,-3632,3628,-3634,3628,-3635,3629,3636,3629,-3636,3629,-3636,3628,-3634,3630,-3636,3630,-3636,-3630,3635,-3628,3636,3628,-3635,3630,3635,3630,-3634,3631,-3635,3629,-3634,3629,-3635,3629,-3633,3628,3632,3625,-3631,3624,-3628,3618,-3626,3619,-3628,3620,3628,3622,-3627,3626,-3632,3622,-3628,3618,-3631,3624,-3633,3625,-3633,3622,-3632,3626,-3632,3623,3632,3627,-3631,3619,-3633,3620,-3635,3623,-3633,3623,3634,3618,-3631,3621,-3632,3625,-3632,3619,-3627,3619,-3627,3619,-3628,3618,-3626,-0.70,SJNFAAZE1U0005576,117.80,13.04,9078.287109375,78,75,0,0,0,0,14.0,99.17,-154790,99,1528023608.764,20680,2,1,0,4,0,0,0,0,4,348.39,348.39,7F,1,1,1,0080,82,40,40,0,0,19,38.25
03/06/2018 12:00:12,55 46.75546,-2 1.70388,370,53,278,549897,1144818,348.29,70.426,3637,3617,3628,20,0,94.8,34.9,90.0,32.2,none,none,82.6,28.1,3620,-3631,3623,-3631,3625,3633,3630,3632,3627,-3635,3627,-3635,3629,-3636,3628,-3637,3628,3637,3628,-3635,3629,-3637,3629,-3636,3630,-3637,3627,-3637,3628,3635,3629,-3636,3629,-3635,3630,-3634,3630,-3634,3627,-3635,3629,-3633,3626,-3634,3625,-3631,3622,3628,3618,-3627,3617,-3628,3621,-3627,3620,-3628,3626,3633,3621,-3629,3618,-3632,3622,-3633,3623,-3634,3622,-3635,3625,-3633,3621,-3633,3626,-3633,3618,3634,3620,-3636,3622,-3634,3621,-3635,3617,-3632,3620,3632,3624,-3633,3619,-3627,3618,-3628,3618,-3628,3617,-3626,-0.62,SJNFAAZE1U0005576,117.80,13.04,9078.287109375,78,75,0,0,0,0,14.0,99.17,-154790,99,1528023612.638,20800,2,1,0,4,0,0,0,0,4,348.39,348.39,7F,1,1,1,0080,82,40,40,0,0,19,37.00
03/06/2018 12:00:16,55 46.78843,-2 1.63673,380,52,278,549258,1144818,348.19,70.640,3637,3616,3627,21,0,95.0,35.0,90.2,32.3,none,none,82.6,28.1,3621,-3630,3624,-3630,3625,3632,3629,-3632,3627,-3633,3628,3635,3628,-3636,3629,-3635,3628,-3636,3628,-3633,3630,-3636,3629,3635,3629,-3637,3628,-3636,3627,-3635,3630,-3634,3629,3634,3630,-3634,3629,-3634,3628,-3634,3629,-3633,3627,-3633,3625,-3630,3623,-3627,3618,-3626,3616,3628,3619,-3627,3620,-3627,3625,-3632,3621,-3628,3617,3631,3622,-3633,3622,-3633,3622,-3633,3625,-3633,3622,-3632,3625,-3631,3617,-3633,3619,-3635,3621,3634,3621,-3634,3616,-3632,3620,-3632,3624,-3632,3619,3627,3619,-3627,3618,-3628,3617,-3625,-0.58,SJNFAAZE1U0005576,117.80,13.04,9078.287109375,78,75,0,0,0,0,14.0,99.17,-154790,99,1528023616.341,20320,2,1,0,4,0,0,0,0,4,348.29,348.29,7F,1,1,1,0080,82,40,40,0,0,19,35.00
03/06/2018 12:00:20,55 46.82356,-2 1.57027,390,54,277,548645,1144818,348.48,64.628,3639,3620,3630,19,0,95.0,35.0,90.2,32.3,none,none,82.6,28.1,3623,-3633,3626,-3633,3627,3634,3632,-3634,3631,-3637,3630,-3636,3631,-3638,3631,-3639,3630,-3638,3631,-3637,3630,-3639,3632,-3638,3633,-3639,3630,3638,3630,-3637,3633,-3638,3631,-3636,3633,-3636,3631,3637,3630,-3635,3631,-3636,3631,-3636,3628,-3633,3626,-3631,3621,-3629,3620,-3631,3623,-3630,3623,3630,3630,-3634,3624,-3631,3621,-3634,3626,-3636,3625,3635,3625,-3637,3628,-3636,3625,-3634,3628,-3635,3620,-3637,3622,-3638,3624,-3637,3624,-3638,3620,3634,3623,-3636,3627,-3636,3621,-3631,3621,-3632,3622,3632,3620,-3628,-0.55,SJNFAAZE1U0005576,117.80,13.04,9078.287109375,78,75,0,0,0,0,14.0,99.17,-154790,99,1528023620.095,19480,2,1,0,4,0,0,0,0,4,348.44,348.44,7F,1,1,1,0080,82,40,40,0,0,19,30.75
03/06/2018 12:00:23,55 46.85155,-2 1.5205,393,54,277,548112,1144818,348.96,53.824,3640,3629,3635,11,0,95.0,35.0,90.2,32.3,none,none,82.6,28.1,3630,3632,3634,-3633,3635,3637,3639,-3636,3637,-3639,3638,-3639,3638,3638,3639,-3640,3639,-3638,3638,-3637,3639,-3639,3639,-3639,3640,-3637,3639,-3638,3637,-3638,3639,3639,3638,-3637,3638,-3639,3639,-3639,3638,-3637,3640,3637,3637,-3637,3635,-3635,3633,-3634,3629,-3630,3630,-3631,3631,-3631,3631,-3631,3636,-3634,3633,3631,3630,-3632,3635,-3633,3636,-3635,3635,-3635,3637,3635,3635,-3634,3638,-3631,3634,-3633,3635,-3633,3637,-3633,3636,-3633,3631,-3632,3633,-3633,3636,3635,3630,-3630,3630,-3629,3630,-3631,3630,-3629,-0.57,SJNFAAZE1U0005576,117.80,13.04,9078.287109375,78,75,0,0,0,0,14.0,99.17,-154790,99,1528023623.724,16360,2,1,0,4,0,0,0,0,4,348.81,348.81,7F,1,1,1,0080,82,40,40,0,0,19,24.25
03/06/2018 12:00:27,55 46.88838,-2 1.45237,396,55,277,547703,1144818,349.34,40.458,3646,3631,3639,15,0,95.0,35.0,90.2,32.3,none,none,82.6,28.1,-3637,3636,-3641,3636,-3642,3640,-3643,3639,-3644,3642,-3644,3642,-3644,3640,-3645,3641,-3645,3642,-3644,3639,-3645,3642,-3645,3642,-3646,3640,-3646,3640,-3645,3642,-3644,3642,-3644,3642,-3644,3642,-3644,3641,-3644,3641,-3644,3641,-3642,3640,-3641,3639,-3639,3637,-3634,3633,-3637,3633,-3638,3633,-3637,3634,-3643,3636,-3640,3634,-3639,3634,-3643,3636,-3645,3637,-3643,3636,-3643,3636,-3642,3637,-3643,3631,-3643,3633,-3643,3634,-3646,3634,-3644,3634,-3641,3635,-3640,3634,-3644,3636,-3637,3633,-3638,3633,-3638,3633,-3637,3633,-0.57,SJNFAAZE1U0005576,117.80,13.04,9078.287109375,78,75,0,0,0,0,14.0,99.17,-154790,99,1528023627.338,12360,2,1,0,4,0,0,0,0,4,349.36,349.36,7F,1,1,1,0080,82,40,40,0,0,19,18.50
03/06/2018 12:00:31,55 46.92641,-2 1.38687,403,56,277,547346,1144818,349.44,36.033,3648,3631,3640,17,0,95.0,35.0,90.2,32.3,none,none,82.6,28.1,-3638,3635,-3644,3636,-3644,3638,-3645,3639,-3645,3641,-3646,3642,-3645,3640,-3647,3640,-3646,3641,-3646,3639,-3647,3641,-3647,3642,-3647,3639,-3648,3639,-3647,3642,-3646,3642,-3646,3641,-3646,3643,-3646,3641,-3646,3639,-3646,3640,-3645,3641,-3643,3638,-3642,3637,-3636,3632,-3639,3634,-3639,3634,-3640,3634,-3645,3636,-3642,3634,-3641,3634,-3646,3634,-3647,3635,-3645,3637,-3646,3635,-3644,3636,-3647,3631,-3646,3632,-3646,3634,-3648,3633,-3646,3633,-3643,3635,-3643,3634,-3645,3636,-3640,3633,-3638,3632,-3640,3633,-3640,3631,-0.56,SJNFAAZE1U0005576,117.80,13.04,9078.287109375,78,75,0,0,0,0,14.0,99.17,-154790,99,1528023631.168,11320,2,1,0,5,0,0,0,0,4,349.60,349.60,7F,1,1,1,0080,82,40,40,0,0,19,17.25
03/06/2018 12:00:34,55 46.95548,-2 1.34008,403,52,277,547034,1144818,350.30,24.924,3656,3640,3649,16,0,95.0,35.0,90.2,32.3,none,none,82.6,28.1,-3647,3645,-3651,3646,-3652,3649,-3653,3648,-3653,3650,-3654,3651,-3654,3649,-3655,3649,-3654,3650,-3653,3647,-3654,3650,-3655,3650,-3656,3648,-3655,3649,-3653,3650,-3654,3650,-3654,3650,-3652,3649,-3655,3650,-3653,3649,-3654,3650,-3653,3651,-3651,3648,-3650,3647,-3646,3642,-3648,3643,-3649,3643,-3648,3643,-3655,3646,-3651,3644,-3651,3643,-3655,3643,-3655,3644,-3653,3644,-3655,3645,-3653,3645,-3654,3640,-3655,3642,-3656,3642,-3656,3643,-3656,3644,-3652,3642,-3652,3643,-3655,3645,-3649,3642,-3648,3642,-3649,3642,-3648,3642,-0.54,SJNFAAZE1U0005576,117.80,13.04,9078.287109375,78,75,0,0,0,0,14.0,99.17,-154790,99,1528023634.669,7480,2,1,0,5,0,0,0,0,4,350.05,350.05,7F,1,1,1,0080,82,40,40,0,0,19,1.50
03/06/2018 12:00:38,55 46.99833,-2 1.27306,406,55,277,547045,1144818,352.51,-27.899,3680,3664,3672,16,0,95.0,35.0,90.2,32.3,none,none,82.6,28.1,-3674,3669,-3676,3667,-3676,3671,-3676,3670,-3676,3671,-3676,3674,-3677,3671,-3679,3670,-3677,3671,-3677,3670,-3678,3671,-3678,3672,-3678,3670,-3678,3670,-3676,3672,-3677,3673,-3677,3671,-3676,3673,-3678,3672,-3676,3671,-3676,3672,-3677,3673,-3675,3671,-3675,3669,-3672,3667,-3675,3668,-3676,3668,-3675,3668,-3677,3669,-3676,3668,-3676,3666,-3679,3668,-3679,3669,-3678,3667,-3678,3668,-3679,3669,-3674,3665,-3679,3666,-3678,3665,-3680,3665,-3680,3666,-3677,3665,-3677,3666,-3679,3667,-3674,3667,-3674,3664,-3676,3666,-3674,3665,-0.55,SJNFAAZE1U0005576,117.80,13.04,9078.287109375,78,75,0,0,0,0,14.0,99.17,-154790,99,1528023638.397,0,2,1,0,5,0,0,0,0,4,352.06,352.06,7F,1,1,1,0080,82,40,40,0,0,19,-40.75
03/06/2018 12:00:42,55 47.03267,-2 1.21853,406,45,277,548177,1144818,357.70,-171.601,3734,3714,3726,20,0,95.2,35.1,90.2,32.3,none,none,82.6,28.1,3727,-3731,3723,-3730,3726,3727,3726,-3726,3724,-3728,3724,-3727,3723,-3729,3723,-3728,3724,-3727,3722,-3726,3723,-3726,3722,3726,3723,-3730,3722,-3729,3723,-3727,3723,-3727,3725,3727,3724,-3727,3724,-3729,3724,-3727,3725,-3728,3726,-3729,3725,-3728,3726,-3725,3727,-3732,3728,3732,3727,-3731,3726,-3729,-3724,-3730,3726,-3731,-3724,3731,-3724,3732,-3722,3734,-3722,3729,-3724,3731,-3724,3729,-3714,3733,-3723,3731,3721,-3731,3722,3731,3721,-3732,3721,-3730,3723,-3730,3722,-3728,3725,-3732,3724,3728,3724,-3732,3723,-3727,-0.55,SJNFAAZE1U0005576,117.80,13.04,9078.287109375,78,75,0,0,0,0,14.0,99.17,-154837,99,1528023642.342,0,2,1,0,5,0,0,0,0,4,357.99,357.99,7F,1,1,1,0080,82,40,40,0,0,19,-113.25
03/06/2018 12:00:46,55 47.05784,-2 1.17784,403,35,278,549139,1144818,353.28,-17.554,3686,3672,3680,14,0,95.0,35.0,90.2,32.3,none,none,82.6,28.1,3676,-3683,3677,-3682,3679,3683,3681,-3682,3679,3684,3679,-3684,3678,-3685,3679,-3685,3678,-3684,3678,-3683,3680,-3685,3679,-3684,3679,-3685,3677,3685,3679,-3684,3681,-3684,3679,-3683,3680,-3684,3680,3684,3680,-3684,3680,-3684,3679,-3684,3678,-3682,3677,-3679,3675,-3681,3675,-3681,3675,-3681,3676,3681,3679,-3684,3676,-3682,3674,-3682,3676,-3684,3676,-3686,3676,3685,3677,-3684,3676,-3683,3675,-3685,3673,-3685,3673,3685,3675,-3684,3674,-3684,3672,-3683,3674,-3683,3676,-3683,3675,-3682,3675,-3681,3674,-3681,3675,3679,-0.57,SJNFAAZE1U0005576,117.80,13.04,9078.287109375,78,75,0,0,0,0,14.0,99.17,-154877,99,1528023646.135,0,2,0,0,0,0,0,0,0,4,354.02,354.02,7F,1,1,1,0080,82,40,40,0,0,19,11.00
03/06/2018 12:00:49,55 47.07752,-2 1.14816,406,34,278,549097,1144818,354.53,-31.958,3701,3685,3693,16,0,95.0,35.0,90.4,32.4,none,none,82.6,28.1,3690,-3697,3690,3696,3691,3695,3694,-3695,3692,-3697,3691,-3697,3691,3698,3690,-3697,3691,-3696,3692,-3695,3692,-3697,3691,-3698,3692,-3698,3690,-3698,3690,-3697,3692,3696,3693,-3696,3692,-3696,3693,-3697,3692,-3695,3692,3697,3693,-3697,3691,-3696,3691,-3694,3689,-3697,3690,-3697,3690,-3697,3690,-3695,3691,-3697,3691,3697,3688,-3698,3689,-3699,3688,-3699,3689,-3698,3690,-3698,3690,3697,3685,-3699,3687,-3699,3685,-3699,3687,-3700,3688,3701,3685,-3698,3688,-3697,3689,-3696,3690,-3698,3688,-3694,3688,-3697,3688,-3693,-0.53,SJNFAAZE1U0005576,117.80,13.04,9078.287109375,78,75,0,0,0,0,14.0,99.17,-154877,99,1528023649.791,0,2,0,0,0,0,0,0,0,4,353.94,353.94,7F,1,1,1,0080,83,40,40,0,0,19,-93.50
03/06/2018 12:00:53,55 47.09718,-2 1.11917,403,23,278,549839,1144818,355.39,-62.812,3710,3693,3702,17,0,95.2,35.1,90.4,32.4,none,none,82.6,28.1,3700,-3706,3699,-3705,3701,3706,3704,3703,3702,-3705,3701,-3706,3701,-3707,3700,-3707,3701,3707,3700,-3705,3701,-3706,3701,-3705,3701,-3707,3700,-3707,3701,-3705,3702,-3705,3701,-3705,3701,3706,3703,-3706,3702,-3705,3702,-3707,3703,-3706,3702,-3706,3701,3703,3699,-3705,3700,-3706,3701,-3707,3700,-3704,3701,3707,3701,-3706,3698,-3707,3698,-3707,3699,-3710,3698,-3705,3699,-3707,3698,-3706,3693,-3707,3698,3708,3696,-3708,3698,-3709,3697,-3708,3696,-3705,3698,3705,3698,-3704,3699,-3707,3698,-3704,3698,-3706,3696,-3703,-0.54,SJNFAAZE1U0005576,117.80,13.04,9078.287109375,78,75,0,0,0,0,14.0,99.17,-154907,99,1528023653.356,0,2,0,0,0,0,0,0,0,4,355.87,355.87,7F,1,1,1,0080,83,40,40,0,0,19,-53.25
03/06/2018 12:00:56,55 47.10881,-2 1.10333,396,17,278,550094,1144818,354.14,-13.007,3697,3680,3689,17,0,95.2,35.1,90.4,32.4,none,none,82.8,28.2,3685,-3693,3685,-3692,3687,3691,3691,-3691,3689,-3693,3687,3693,3688,-3695,3687,-3694,3687,-3694,3687,-3692,3687,3693,3687,-3695,3687,-3693,3687,-3694,3687,-3691,3689,-3693,3689,3693,3688,-3693,3689,-3693,3687,-3692,3689,-3693,3690,-3693,3688,-3692,3686,-3689,3685,-3693,3685,3693,3685,-3692,3686,-3691,3686,-3693,3686,-3693,3683,3694,3684,-3695,3684,-3696,3684,-3693,3685,-3695,3685,-3693,3683,-3696,3681,-3696,3681,-3697,3683,3697,3683,-3696,3680,-3694,3683,-3693,3684,-3694,3684,3693,3683,-3691,3683,-3692,3684,-3689,-0.55,SJNFAAZE1U0005576,117.80,13.04,9078.287109375,78,75,0,0,0,0,14.0,99.17,-154918,99,1528023656.824,0,2,0,0,0,0,0,0,0,4,354.26,354.26,7F,1,1,1,0080,83,40,40,0,0,19,-20.25
03/06/2018 12:01:00,55 47.12331,-2 1.08226,403,18,278,550221,1144818,354.43,-22.193,3700,3684,3692,16,0,95.2,35.1,90.4,32.4,none,none,82.6,28.1,-3693,3689,-3695,3689,-3695,3691,-3695,3690,-3695,3691,-3695,3691,-3698,3691,-3697,3691,-3696,3691,-3695,3689,-3696,3691,-3696,3692,-3697,3689,-3698,3689,-3695,3691,-3695,3691,-3695,3691,-3695,3692,-3695,3690,-3695,3690,-3696,3691,-3695,3691,-3696,3690,-3694,3690,-3694,3688,-3696,3689,-3694,3689,-3695,3688,-3697,3688,-3698,3689,-3697,3686,-3698,3687,-3698,3688,-3697,3686,-3698,3687,-3697,3688,-3696,3684,-3700,3685,-3699,3684,-3700,3685,-3699,3686,-3697,3685,-3695,3686,-3696,3687,-3696,3688,-3695,3686,-3696,3687,-3694,3686,-0.55,SJNFAAZE1U0005576,117.80,13.04,9078.287109375,78,75,0,0,0,0,14.0,99.17,-154923,99,1528023660.395,0,2,0,0,0,0,0,0,0,4,354.48,354.48,7F,1,1,1,0080,83,40,40,0,0,19,-37.50
03/06/2018 12:01:04,55 47.13384,-2 1.06528,403,13,278,550396,1144818,354.43,-21.308,3700,3684,3692,16,0,95.2,35.1,90.4,32.4,none,none,82.6,28.1,-3694,3690,-3695,3690,-3697,3691,-3696,3691,-3696,3691,-3695,3691,-3696,3690,-3697,3690,-3697,3691,-3696,3689,-3697,3691,-3697,3690,-3697,3690,-3698,3690,-3696,3691,-3696,3692,-3695,3692,-3696,3692,-3696,3691,-3696,3691,-3697,3691,-3696,3691,-3694,3690,-3695,3690,-3693,3688,-3696,3689,-3695,3689,-3695,3689,-3697,3689,-3697,3688,-3695,3686,-3698,3687,-3699,3688,-3699,3687,-3699,3687,-3698,3688,-3697,3685,-3700,3685,-3698,3684,-3700,3685,-3699,3685,-3697,3686,-3697,3687,-3697,3688,-3697,3689,-3694,3686,-3695,3687,-3694,3687,-0.53,SJNFAAZE1U0005576,117.80,13.04,9078.287109375,78,75,0,0,0,0,14.0,99.17,-154930,99,1528023664.152,0,2,1,0,4,0,0,0,0,4,354.54,354.54,7F,1,1,1,0080,83,40,40,0,0,19,-32.75
03/06/2018 12:01:07,55 47.1384,-2 1.0553,406,4,278,550543,1144818,354.24,-12.549,3698,3681,3690,17,0,95.2,35.1,90.4,32.4,none,none,82.8,28.2,-3692,3687,-3693,3686,-3695,3689,-3694,3687,-3693,3688,-3693,3688,-3694,3689,-3694,3688,-3695,3688,-3694,3688,-3695,3688,-3695,3689,-3695,3687,-3695,3685,-3693,3689,-3693,3689,-3693,3688,-3693,3690,-3693,3689,-3693,3688,-3694,3689,-3695,3689,-3693,3688,-3692,3687,-3692,3685,-3694,3685,-3694,3687,-3693,3686,-3694,3686,-3696,3685,-3694,3683,-3696,3684,-3697,3686,-3694,3685,-3697,3685,-3695,3685,-3694,3681,-3698,3683,-3697,3683,-3697,3683,-3697,3683,-3695,3685,-3695,3685,-3695,3687,-3693,3686,-3692,3684,-3694,3684,-3693,3683,-0.55,SJNFAAZE1U0005576,117.80,13.04,9078.287109375,78,75,0,0,0,0,14.0,99.17,-154936,99,1528023667.975,0,2,1,0,4,0,0,0,0,4,354.39,354.39,7F,1,1,1,0080,83,40,40,0,0,19,-66.75
03/06/2018 12:01:11,55 47.13867,-2 1.05428,400,0,278,550577,1144818,353.86,1.975,3693,3679,3686,14,0,95.2,35.1,90.4,32.4,none,none,82.8,28.2,-3687,3684,-3688,3683,-3689,3685,-3689,3684,-3690,3685,-3689,3686,-3690,3685,-3691,3685,-3690,3686,-3689,3683,-3690,3685,-3690,3686,-3690,3684,-3690,3684,-3688,3684,-3689,3686,-3689,3686,-3689,3686,-3688,3685,-3689,3685,-3689,3685,-3689,3685,-3688,3684,-3688,3683,-3687,3681,-3688,3683,-3688,3683,-3689,3683,-3690,3684,-3690,3682,-3688,3680,-3691,3681,-3691,3683,-3691,3681,-3692,3683,-3691,3682,-3689,3679,-3692,3679,-3691,3680,-3693,3681,-3692,3681,-3690,3681,-3689,3682,-3691,3681,-3688,3683,-3687,3681,-3687,3682,-3687,3680,-0.54,SJNFAAZE1U0005576,117.80,13.04,9078.287109375,78,75,0,0,0,0,14.0,99.17,-154938,99,1528023671.702,0,2,1,0,5,0,0,0,0,4,353.87,353.87,7F,1,1,1,0080,83,40,40,0,0,19,-0.25
03/06/2018 12:01:15,55 47.13862,-2 1.05424,403,0,278,550561,1144818,353.66,2.128,3691,3676,3684,15,0,95.2,35.1,90.4,32.4,none,none,82.8,28.2,-3679,3688,-3680,3687,-3682,3685,-3685,3685,-3682,3687,-3682,3688,-3683,3690,-3682,3689,-3683,3688,-3681,3688,-3683,3688,-3683,3689,-3682,3689,-3681,3689,3682,-3688,3683,3688,3683,-3687,3683,-3687,3683,-3689,3683,-3687,3684,-3687,3684,3688,3683,-3687,3681,-3684,3679,-3686,3680,-3688,3680,3686,3680,-3686,3681,-3688,3682,-3687,3678,-3689,3679,-3689,3680,-3691,3679,-3689,3680,-3689,3679,3689,3680,-3691,3677,-3689,3676,-3691,3677,-3690,3677,3691,3676,-3688,-3678,3688,3678,-3688,-3679,3687,-3678,3687,-3677,3688,-3677,3683,-0.55,SJNFAAZE1U0005576,117.80,13.04,9078.287109375,78,75,0,0,0,0,14.0,99.17,-154938,99,1528023675.409,80,2,1,0,5,0,0,0,0,4,353.83,353.83,7F,1,1,1,0080,83,40,40,0,0,19,138.25
03/06/2018 12:01:18,55 47.1476,-2 1.05274,393,15,278,550383,1144818,352.90,12.443,3682,3669,3676,13,0,95.4,35.2,90.6,32.6,none,none,82.9,28.3,3673,3680,3673,-3680,3675,3679,3678,-3678,3676,-3681,3676,-3681,3675,-3681,3676,-3681,3675,-3681,3675,3679,3676,-3681,3677,-3680,3676,-3681,3674,-3681,3675,3680,3676,-3679,3677,-3680,3676,-3680,3676,-3680,3676,-3679,3675,-3679,3676,-3680,3675,-3679,3674,3676,3673,-3677,3671,-3679,3673,-3679,3674,-3678,3674,3680,3673,-3678,3672,-3681,3673,-3681,3673,-3682,3672,-3682,3675,3681,3673,-3680,3674,-3681,3671,-3681,3669,-3682,3672,-3682,3671,-3682,3669,-3680,3673,-3680,3674,3680,3673,-3679,3671,-3678,3672,-3678,3670,-3675,-0.57,SJNFAAZE1U0005576,117.80,13.04,9078.287109375,78,75,0,0,0,0,14.0,99.17,-154938,99,1528023678.928,6920,2,1,0,5,0,0,0,0,4,353.27,353.27,7F,1,1,1,0080,83,40,40,0,0,19,66.25
03/06/2018 12:01:22,55 47.15989,-2 1.05613,396,19,278,550097,1144818,352.61,33.957,3681,3665,3673,16,0,95.4,35.2,90.6,32.6,none,none,82.8,28.2,3668,-3677,3669,-3676,3671,3676,3674,-3676,3672,-3678,3673,-3678,3671,-3679,3672,-3679,3672,-3678,3672,-3677,3672,-3678,3672,3677,3671,-3679,3671,-3679,3670,-3677,3674,-3677,3672,3676,3672,-3676,3673,-3677,3673,-3677,3673,-3676,3673,-3677,3671,-3675,3670,-3673,3666,-3675,3668,3676,3668,-3675,3669,-3674,3671,-3678,3670,-3676,3666,3679,3667,-3679,3667,-3679,3668,-3678,3670,-3679,3669,-3677,3669,3679,3666,-3679,3665,-3681,3667,-3681,3666,-3680,3665,-3678,3667,-3678,3669,-3679,3668,-3677,3666,3675,3666,-3675,3667,-3673,-0.51,SJNFAAZE1U0005576,117.80,13.04,9078.287109375,78,75,0,0,0,0,14.0,99.17,-154938,99,1528023682.754,10160,2,1,0,5,0,0,0,0,4,352.44,352.44,7F,1,1,1,0080,84,40,40,0,0,19,28.50
03/06/2018 12:01:26,55 47.17979,-2 1.05649,390,21,278,549899,1144818,353.28,3.501,3686,3672,3680,14,0,95.4,35.2,90.6,32.6,none,none,82.8,28.2,3676,-3683,3677,-3683,3678,3681,3679,-3681,3679,3683,3678,-3683,3679,-3684,3678,-3684,3678,-3684,3678,-3683,3678,-3684,3679,-3684,3678,-3684,3677,3684,3677,-3683,3679,-3682,3680,-3683,3679,-3684,3679,3683,3677,-3684,3680,-3683,3680,-3684,3678,-3681,3677,-3680,3675,-3681,3676,-3683,3677,-3682,3677,3681,3678,-3683,3678,-3682,3675,-3684,3676,-3684,3676,-3685,3676,3684,3678,-3684,3677,-3683,3676,-3685,3674,-3685,3674,3686,3676,-3686,3674,-3685,3672,-3685,3676,-3683,3676,-3683,3676,-3683,3675,-3681,3675,-3682,3674,3678,-0.53,SJNFAAZE1U0005576,117.80,13.04,9078.287109375,78,75,0,0,0,0,14.0,99.17,-154938,99,1528023686.669,6080,2,1,0,5,0,0,0,0,4,353.27,353.27,7F,1,1,1,0080,84,40,40,0,0,19,49.50
03/06/2018 12:01:30,55 47.20083,-2 1.07695,390,26,278,549452,1144818,350.21,83.335,3655,3639,3648,16,0,95.2,35.1,90.4,32.4,none,none,82.8,28.2,3641,-3650,3644,3650,3647,3651,3651,-3651,3648,-3654,3648,-3655,3648,3654,3648,-3654,3647,-3654,3649,-3654,3649,-3654,3649,-3655,3649,-3654,3648,-3655,3648,-3653,3650,3654,3650,-3653,3650,-3653,3649,-3653,3648,-3653,3650,3652,3649,-3653,3646,-3651,3645,-3648,3640,-3646,3640,-3649,3642,-3648,3643,-3649,3648,-3652,3644,3648,3639,-3651,3643,-3653,3644,-3653,3644,-3655,3647,-3654,3643,3653,3646,-3652,3640,-3652,3641,-3655,3643,-3655,3643,3655,3640,-3652,3641,-3652,3645,-3652,3642,-3650,3641,-3650,3641,-3649,3642,-3646,-0.54,SJNFAAZE1U0005576,117.80,13.04,9078.287109375,78,75,0,0,0,0,14.0,99.17,-154938,99,1528023690.552,22040,2,1,0,5,0,0,0,0,4,350.50,350.50,7F,1,1,1,0080,84,40,40,0,0,19,89.75
03/06/2018 12:01:34,55 47.22771,-2 1.10981,393,33,277,548603,1144818,350.02,76.011,3654,3639,3646,15,0,95.2,35.1,90.4,32.4,none,none,82.8,28.2,-3645,3643,-3648,3644,-3649,3646,-3651,3647,-3650,3647,-3651,3648,-3651,3648,-3652,3648,-3651,3647,-3652,3647,-3651,3648,-3652,3649,-3652,3646,-3652,3647,-3650,3649,-3650,3649,-3650,3648,-3651,3649,-3651,3648,-3650,3647,-3650,3646,-3650,3648,-3647,3645,-3647,3644,-3644,3640,-3644,3642,-3646,3641,-3646,3643,-3651,3644,-3648,3641,-3646,3641,-3651,3643,-3651,3643,-3650,3644,-3652,3643,-3650,3644,-3654,3639,-3650,3641,-3652,3641,-3653,3641,-3651,3642,-3649,3642,-3650,3641,-3651,3644,-3647,3641,-3645,3640,-3646,3640,-3645,3640,-0.53,SJNFAAZE1U0005576,117.80,13.04,9078.287109375,78,75,0,0,0,0,14.0,99.17,-154938,99,1528023694.388,23960,2,1,0,5,0,0,0,0,4,350.08,350.08,7F,1,1,1,0080,84,40,40,0,0,19,57.50
03/06/2018 12:01:38,55 47.25696,-2 1.14618,393,38,277,547923,1144818,349.63,79.612,3650,3633,3642,17,0,95.2,35.1,90.4,32.4,none,none,82.8,28.2,-3639,3639,-3644,3638,-3646,3642,-3647,3641,-3647,3643,-3647,3644,-3648,3643,-3649,3643,-3648,3643,-3648,3642,-3648,3643,-3648,3644,-3647,3641,-3649,3641,-3646,3644,-3647,3644,-3646,3643,-3647,3644,-3647,3643,-3646,3643,-3647,3642,-3646,3643,-3644,3641,-3644,3640,-3638,3634,-3640,3636,-3641,3637,-3641,3637,-3647,3638,-3645,3636,-3642,3635,-3647,3637,-3648,3639,-3647,3638,-3648,3638,-3646,3638,-3650,3633,-3646,3635,-3648,3636,-3650,3636,-3649,3637,-3645,3635,-3645,3636,-3647,3637,-3641,3636,-3641,3635,-3641,3635,-3642,3635,-0.54,SJNFAAZE1U0005576,117.80,13.04,9079.896484375,78,75,0,0,0,0,14.0,99.17,-154938,99,1528023698.102,21720,2,0,0,0,0,0,0,0,4,349.79,349.79,7F,1,1,1,0080,84,40,40,0,0,19,61.00
03/06/2018 12:01:42,55 47.29253,-2 1.18779,390,42,277,547221,1144818,350.78,45.676,3662,3645,3654,17,0,95.2,35.1,90.4,32.4,none,none,82.8,28.2,-3652,3651,-3657,3650,-3657,3653,-3659,3653,-3658,3653,-3658,3654,-3658,3654,-3660,3653,-3659,3655,-3658,3652,-3659,3654,-3660,3654,-3660,3652,-3661,3652,-3658,3655,-3658,3655,-3658,3653,-3658,3654,-3659,3654,-3659,3654,-3659,3653,-3657,3654,-3656,3652,-3655,3651,-3652,3648,-3654,3648,-3655,3650,-3655,3649,-3658,3650,-3657,3649,-3655,3647,-3660,3648,-3660,3651,-3658,3650,-3660,3650,-3659,3650,-3660,3645,-3660,3646,-3661,3649,-3662,3647,-3660,3648,-3658,3647,-3657,3649,-3659,3650,-3654,3649,-3655,3648,-3655,3647,-3655,3648,-0.56,SJNFAAZE1U0005576,117.80,13.04,9079.896484375,78,75,0,0,0,0,14.0,99.17,-154938,99,1528023702.023,17880,2,0,0,0,0,0,0,0,4,350.50,350.50,7F,1,1,1,0080,84,40,40,0,0,19,17.00
03/06/2018 12:01:45,55 47.31441,-2 1.21877,393,40,277,546938,1144818,350.78,38.749,3660,3646,3654,14,0,95.2,35.1,90.4,32.4,none,none,82.8,28.2,-3651,3651,-3657,3650,-3656,3655,-3657,3653,-3657,3655,-3657,3655,-3658,3653,-3658,3654,-3658,3655,-3658,3653,-3659,3655,-3659,3656,-3659,3654,-3659,3652,-3657,3656,-3658,3655,-3657,3654,-3657,3655,-3658,3655,-3657,3654,-3658,3655,-3658,3655,-3655,3652,-3654,3651,-3651,3648,-3653,3649,-3655,3650,-3653,3649,-3657,3652,-3657,3649,-3654,3648,-3658,3650,-3659,3651,-3658,3650,-3659,3652,-3658,3650,-3657,3646,-3658,3648,-3658,3648,-3660,3649,-3660,3649,-3657,3649,-3655,3648,-3658,3649,-3654,3648,-3653,3647,-3654,3648,-3654,3648,-0.54,SJNFAAZE1U0005576,117.80,13.04,9079.896484375,78,75,0,0,0,0,14.0,99.17,-154938,99,1528023705.702,10000,2,0,0,0,0,0,0,0,4,350.89,350.89,7F,1,1,1,0080,84,40,40,0,0,19,31.75
03/06/2018 12:01:49,55 47.34466,-2 1.26624,400,44,276,546478,1144818,349.82,63.163,3651,3633,3644,18,0,95.2,35.1,90.4,32.4,none,none,82.8,28.2,3637,-3648,3639,-3646,3641,3648,3646,-3646,3643,-3649,3642,-3650,3642,-3651,3642,-3651,3643,-3650,3642,-3650,3643,-3651,3644,3651,3645,-3651,3642,-3651,3642,-3650,3646,-3650,3644,3650,3644,-3648,3645,-3649,3643,-3650,3644,-3649,3643,-3649,3642,-3647,3640,-3644,-3636,3643,3637,3646,-3637,3644,-3638,3644,-3641,3648,-3639,3646,-3636,3648,-3638,3649,-3639,3651,-3638,3648,-3641,3649,-3639,3649,-3642,3649,-3634,3650,3635,-3651,3638,3650,3637,-3651,3633,-3648,3637,-3648,3640,-3649,3636,-3645,3636,3645,3636,-3645,3635,-3642,-0.58,SJNFAAZE1U0005576,117.80,13.04,9079.896484375,78,75,0,0,0,0,14.0,99.17,-154938,99,1528023709.395,17480,2,0,0,0,0,0,0,0,4,350.06,350.06,7F,1,1,1,0080,84,40,40,0,0,19,43.25
03/06/2018 12:01:52,55 47.3802,-2 1.31313,400,47,276,545869,1144818,349.34,73.783,3646,3630,3639,16,0,95.2,35.1,90.4,32.4,none,none,82.8,28.2,3633,-3641,3635,-3641,3637,3642,3640,-3642,3638,3644,3638,-3646,3637,-3646,3639,-3646,3639,-3646,3639,-3644,3639,-3646,3640,-3646,3641,-3646,3637,3646,3638,-3645,3640,-3645,3640,-3644,3640,-3645,3641,-3645,3639,3644,3639,-3643,3638,-3645,3637,-3642,3635,-3639,3630,3638,3630,-3639,3633,-3638,3633,-3640,3638,-3642,3635,-3640,3631,-3641,3634,-3644,3634,-3645,3634,3644,3638,-3644,3634,-3644,3637,-3643,3632,-3644,3632,3646,3634,-3644,3634,-3646,3630,-3643,3633,-3643,3635,-3644,3632,-3639,3631,-3640,3632,-3639,3630,3637,-0.55,SJNFAAZE1U0005576,117.80,13.04,9079.896484375,78,75,0,0,0,0,14.0,99.17,-154938,99,1528023712.892,20600,2,1,0,4,0,0,0,0,4,349.32,349.32,7F,1,1,1,0080,84,40,40,0,0,19,43.50
03/06/2018 12:01:56,55 47.40681,-2 1.35094,393,48,276,545266,1144818,349.25,66.154,3647,3627,3638,20,0,95.4,35.2,90.6,32.6,none,none,82.9,28.3,3632,-3640,3634,3641,3636,3642,3640,-3642,3637,-3643,3639,-3644,3638,3647,3637,-3645,3638,-3646,3637,-3644,3638,-3646,3638,-3645,3640,3646,3637,-3645,3637,-3644,3638,-3645,3638,-3643,3639,-3645,3639,-3644,3638,-3643,3638,-3643,3638,3644,3635,-3641,3634,-3639,3629,-3638,3630,-3640,3630,3638,3631,-3638,3636,-3643,3633,-3640,3629,-3643,3632,-3644,3633,-3645,3633,-3643,3636,-3644,3632,3642,3636,-3643,3629,-3645,3630,-3645,3632,-3645,3632,3646,3627,-3643,3632,-3643,3634,-3644,3630,-3640,3630,-3639,3630,-3639,3629,-3636,-0.56,SJNFAAZE1U0005576,117.80,13.04,9079.896484375,78,75,0,0,0,0,14.0,99.17,-154938,99,1528023716.431,19920,2,1,0,4,0,0,0,0,4,349.42,349.42,7F,1,1,1,0080,84,40,40,0,0,19,37.50
03/06/2018 12:02:00,55 47.4423,-2 1.40513,393,50,275,544692,1144818,349.15,68.931,3645,3627,3637,18,0,95.2,35.1,90.6,32.6,none,none,82.9,28.3,3630,-3639,3632,-3639,3635,3641,3638,3640,3635,-3643,3636,-3643,3637,-3645,3637,-3645,3636,-3644,3638,3643,3637,-3645,3638,-3644,3637,-3645,3636,-3645,3636,3643,3639,-3644,3637,-3642,3638,-3642,3638,-3643,3638,-3642,3637,-3641,3637,-3642,3634,-3640,3632,3637,3628,-3637,3629,-3639,3629,-3637,3631,-3637,3634,3641,3631,-3637,3628,-3641,3633,-3643,3631,-3643,3631,-3642,3635,-3642,3631,-3642,3635,-3642,3629,3643,3628,-3644,3631,-3644,3631,-3643,3627,-3640,3631,3641,3633,-3643,3629,-3637,3629,-3638,3628,-3638,3628,-3635,-0.58,SJNFAAZE1U0005576,117.80,13.04,9079.896484375,78,75,0,0,0,0,14.0,99.17,-154938,99,1528023720.198,18840,2,1,0,4,0,0,0,0,4,349.22,349.22,7F,1,1,1,0080,84,40,40,0,0,19,39.75
03/06/2018 12:02:03,55 47.48101,-2 1.45656,393,52,275,544004,1144818,348.58,75.309,3639,3622,3631,17,0,95.2,35.1,90.4,32.4,none,none,82.8,28.2,3625,-3633,3628,-3633,3629,3636,3635,-3634,3632,-3637,3632,-3638,3633,-3639,3632,-3638,3633,-3638,3633,-3636,3633,-3639,3633,3639,3634,-3639,3632,-3638,3632,-3638,3633,-3638,3633,3637,3633,-3637,3633,-3637,3632,-3637,3632,-3636,3631,-3637,3630,-3634,3628,-3631,3623,-3630,3623,3631,3623,-3632,3625,-3630,3629,-3634,3627,-3632,3623,3634,3627,-3635,3628,-3636,3627,-3635,3629,-3637,3627,-3636,3630,-3634,3624,-3636,3625,-3638,3627,3637,3626,-3638,3622,-3635,3625,-3635,3627,-3635,3624,3632,3623,-3631,3623,-3631,3623,-3628,-0.55,SJNFAAZE1U0005576,117.80,13.04,9079.896484375,78,75,0,0,0,0,14.0,99.17,-154938,99,1528023723.897,20960,2,1,0,5,0,0,0,0,4,348.80,348.80,7F,1,1,1,0080,84,40,40,0,0,19,40.50
03/06/2018 12:02:07,55 47.51117,-2 1.49671,390,51,275,543398,1144818,348.77,69.358,3642,3625,3633,17,0,95.2,35.1,90.4,32.4,none,none,82.8,28.2,-3631,3629,-3635,3629,-3637,3633,-3637,3633,-3637,3635,-3638,3636,-3639,3634,-3639,3634,-3638,3634,-3638,3634,-3639,3635,-3640,3635,-3640,3633,-3640,3633,-3638,3635,-3637,3635,-3638,3634,-3638,3637,-3638,3635,-3637,3635,-3638,3634,-3638,3634,-3635,3632,-3634,3630,-3629,3625,-3631,3627,-3633,3628,-3632,3628,-3640,3630,-3635,3627,-3634,3627,-3639,3628,-3638,3628,-3637,3629,-3640,3630,-3637,3630,-3642,3625,-3638,3627,-3639,3627,-3641,3628,-3639,3627,-3635,3626,-3636,3628,-3638,3629,-3633,3627,-3633,3626,-3633,3627,-3633,3625,-0.54,SJNFAAZE1U0005576,117.80,13.04,9079.896484375,78,75,0,0,0,0,14.0,99.17,-154938,99,1528023727.272,20320,2,1,0,5,0,0,0,0,4,348.79,348.79,7F,1,1,1,0080,84,40,40,0,0,19,35.25
03/06/2018 12:02:10,55 47.54269,-2 1.53866,396,53,275,542861,1144818,348.67,66.154,3640,3624,3632,16,0,95.2,35.1,90.6,32.6,none,none,82.9,28.3,-3630,3628,-3634,3629,-3636,3632,-3637,3632,-3637,3633,-3637,3635,-3638,3633,-3639,3633,-3638,3634,-3637,3633,-3638,3634,-3639,3635,-3639,3631,-3638,3632,-3638,3635,-3637,3635,-3636,3635,-3637,3635,-3638,3633,-3637,3633,-3637,3633,-3635,3633,-3634,3630,-3631,3629,-3629,3625,-3631,3626,-3631,3627,-3631,3627,-3637,3630,-3633,3626,-3632,3626,-3638,3627,-3638,3628,-3636,3628,-3640,3628,-3635,3629,-3639,3624,-3636,3627,-3639,3626,-3640,3626,-3639,3626,-3634,3626,-3635,3627,-3637,3629,-3630,3626,-3632,3625,-3632,3625,-3631,3624,-0.57,SJNFAAZE1U0005576,117.80,13.04,9079.896484375,78,75,0,0,0,0,14.0,99.17,-154938,99,1528023730.686,19280,2,1,0,5,0,0,0,0,4,348.79,348.79,7F,1,1,1,0080,84,40,40,0,0,19,35.75
03/06/2018 12:02:14,55 47.58235,-2 1.59579,403,54,274,542224,1144818,348.29,72.471,3636,3619,3628,17,0,95.2,35.1,90.6,32.6,none,none,82.9,28.3,-3625,3623,-3630,3625,-3631,3629,-3633,3628,-3632,3629,-3633,3631,-3633,3630,-3634,3629,-3634,3631,-3634,3629,-3636,3631,-3636,3631,-3636,3629,-3635,3628,-3633,3632,-3634,3631,-3632,3630,-3634,3632,-3634,3631,-3632,3629,-3634,3629,-3632,3630,-3630,3627,-3627,3626,-3625,3620,-3626,3621,-3627,3623,-3627,3622,-3631,3625,-3631,3623,-3627,3621,-3634,3622,-3633,3625,-3633,3621,-3634,3625,-3633,3626,-3633,3619,-3631,3622,-3632,3622,-3636,3622,-3635,3623,-3630,3622,-3631,3622,-3633,3622,-3626,3623,-3627,3619,-3628,3620,-3627,3620,-0.52,SJNFAAZE1U0005576,117.80,13.04,9079.896484375,78,75,0,0,0,0,14.0,99.17,-154938,99,1528023734.578,19960,2,1,0,5,0,0,0,0,4,348.42,348.42,7F,1,1,1,0080,84,40,40,0,0,19,35.25
03/06/2018 12:02:18,55 47.62456,-2 1.65377,406,54,274,541572,1144818,348.29,71.982,3638,3619,3628,19,0,95.2,35.1,90.4,32.4,none,none,82.9,28.3,-3625,3623,-3630,3624,-3631,3627,-3634,3627,-3632,3629,-3632,3631,-3633,3630,-3636,3630,-3635,3630,-3635,3628,-3634,3630,-3636,3631,-3636,3628,-3635,3628,-3633,3629,-3634,3631,-3632,3630,-3633,3630,-3634,3631,-3634,3629,-3633,3628,-3632,3630,-3630,3627,-3627,3625,-3624,3620,-3625,3622,-3627,3620,-3626,3621,-3634,3624,-3629,3622,-3628,3622,-3634,3624,-3634,3622,-3633,3625,-3635,3625,-3632,3624,-3638,3619,-3632,3620,-3633,3619,-3636,3621,-3634,3622,-3630,3622,-3630,3623,-3634,3626,-3626,3620,-3627,3620,-3628,3620,-3627,3620,-0.49,SJNFAAZE1U0005576,117.80,13.04,9079.896484375,78,75,0,0,0,0,14.0,99.17,-154938,99,1528023738.332,19880,2,1,0,5,0,0,0,0,4,348.23,348.23,7F,1,1,1,0080,84,40,40,0,0,19,36.25
03/06/2018 12:02:22,55 47.66752,-2 1.71297,406,57,273,540877,1144818,348.00,75.736,3633,3615,3625,18,0,95.2,35.1,90.4,32.4,none,none,82.8,28.2,-3618,3626,-3620,3627,-3622,3628,-3627,3627,-3624,3631,-3625,3631,-3626,3631,-3626,3632,-3625,3633,-3626,3631,-3627,3632,-3627,3632,-3627,3631,-3626,3632,3625,-3631,3628,3631,3627,-3631,3628,-3631,3626,-3630,3626,-3630,3626,-3630,3625,3630,3623,-3627,3621,-3624,-3615,3623,3615,-3624,-3617,3625,-3617,3623,-3624,3629,-3620,3625,-3616,3628,-3620,3629,-3621,3629,-3620,3629,-3622,3630,-3620,3629,-3623,3627,-3617,3630,-3618,3631,-3620,3631,-3619,3630,-3616,3628,-3617,3628,-3621,3629,-3616,3625,-3616,3623,-3616,3624,-3616,3622,-0.54,SJNFAAZE1U0005576,117.80,13.04,9079.896484375,78,75,0,0,0,0,14.0,99.17,-154938,99,1528023742.155,21160,2,1,0,5,0,0,0,0,4,347.99,347.99,7F,1,1,1,0080,84,40,40,0,0,19,34.50
03/06/2018 12:02:25,55 47.70962,-2 1.77581,410,58,273,540219,1144818,348.38,61.820,3637,3618,3629,19,0,95.4,35.2,90.6,32.6,none,none,82.9,28.3,3621,3631,3625,-3631,3626,3632,3631,-3632,3628,-3635,3629,-3635,3628,-3637,3629,-3637,3628,-3636,3629,3636,3629,-3637,3630,-3637,3631,-3636,3628,-3637,3629,3635,3631,-3635,3630,-3634,3630,-3635,3631,-3635,3629,-3636,3629,-3633,3629,-3635,3626,-3632,3623,3629,3619,-3628,3620,-3630,3621,-3627,3622,-3628,3627,-3633,3623,3632,3619,-3633,3623,-3634,3624,-3633,3623,-3636,3624,3635,3623,-3634,3627,-3633,3620,-3635,3621,-3635,3623,-3635,3622,-3635,3618,-3633,3622,-3633,3624,3635,3620,-3629,3621,-3630,3620,-3630,3619,-3627,-0.49,SJNFAAZE1U0005576,117.80,13.04,9079.896484375,78,75,0,0,0,0,14.0,99.17,-154938,99,1528023745.988,18240,2,1,0,5,0,0,0,0,4,348.29,348.29,7F,1,1,1,0080,84,40,40,0,0,19,28.50
03/06/2018 12:02:30,55 47.75143,-2 1.84177,406,58,273,539661,1144818,348.38,56.754,3638,3619,3629,19,0,95.4,35.2,90.6,32.6,none,none,82.9,28.3,3622,-3631,3626,-3631,3627,3633,3631,-3632,3629,-3636,3629,-3636,3629,-3638,3628,-3636,3630,-3637,3630,-3636,3629,-3637,3630,3637,3631,-3637,3628,-3637,3629,-3636,3631,-3635,3630,3635,3632,-3636,3630,-3635,3629,-3635,3630,-3634,3629,-3634,3627,-3632,3625,-3630,3621,-3629,3620,3630,3621,-3629,3622,-3629,3628,-3633,3624,-3630,3619,-3633,3624,3635,3624,-3635,3624,-3635,3626,-3636,3624,-3634,3625,3634,3620,-3635,3621,-3637,3623,-3636,3623,-3635,3619,-3633,3623,-3633,3625,-3634,3621,-3631,3621,3629,3621,-3631,3620,-3627,-0.59,SJNFAAZE1U0005576,117.80,13.04,9079.896484375,78,75,0,0,0,0,14.0,99.17,-154938,99,1528023750.018,17160,2,0,0,0,0,0,0,0,4,348.52,348.52,7F,1,1,1,0080,84,40,40,0,0,19,24.50
03/06/2018 12:02:33,55 47.78384,-2 1.8923,410,59,273,539143,1144818,348.77,49.582,3642,3623,3633,19,0,95.4,35.2,90.6,32.6,none,none,82.9,28.3,3627,-3636,3629,-3636,3630,3637,3635,-3637,3633,3639,3634,-3641,3634,-3642,3633,-3641,3633,-3641,3632,-3639,3633,-3641,3634,-3640,3634,-3642,3631,3641,3632,-3640,3635,-3639,3634,-3639,3636,-3638,3635,3639,3634,-3640,3635,-3639,3633,-3639,3631,-3637,3629,-3634,3624,-3633,3623,-3635,3626,-3634,3626,3633,3631,-3637,3628,-3635,3623,-3638,3628,-3639,3628,-3640,3627,3638,3630,-3640,3628,-3638,3629,-3638,3624,-3639,3626,3642,3626,-3640,3627,-3640,3623,-3637,3626,-3637,3629,-3639,3624,-3635,3625,-3634,3625,-3634,3624,3631,-0.54,SJNFAAZE1U0005576,117.80,13.04,9079.896484375,78,75,0,0,0,0,14.0,99.17,-154938,99,1528023753.874,14440,2,0,0,0,0,0,0,0,4,348.74,348.74,7F,1,1,1,0080,84,40,40,0,0,19,19.25
03/06/2018 12:02:37,55 47.82642,-2 1.95914,410,58,272,538758,1144818,348.86,41.740,3642,3625,3634,17,0,95.2,35.1,90.6,32.6,none,none,82.8,28.2,3627,-3635,3630,3635,3632,3637,3636,-3638,3634,-3640,3634,-3640,3635,3641,3635,-3640,3634,-3640,3634,-3640,3635,-3642,3635,-3640,3636,-3642,3633,-3641,3633,-3639,3636,3640,3635,-3639,3635,-3640,3635,-3640,3634,-3640,3635,3639,3634,-3640,3631,-3636,3631,-3635,3626,-3634,3626,-3635,3629,-3634,3628,-3634,3633,-3637,3629,-3635,3625,-3638,3629,-3639,3631,-3639,3629,-3638,3632,-3639,3631,3638,3630,-3638,3626,-3638,3627,-3640,3630,-3640,3629,3640,3625,-3637,3627,-3637,3630,-3638,3627,-3634,3626,-3633,3626,-3634,3626,-3632,-0.53,SJNFAAZE1U0005576,117.80,13.04,9079.896484375,78,75,0,0,0,0,13.5,99.17,-154938,99,1528023757.695,11520,2,0,0,0,0,0,0,0,4,349.13,349.13,7F,1,1,1,0080,84,40,40,0,0,19,21.75
03/06/2018 12:02:41,55 47.87105,-2 2.02338,426,58,272,538301,1144818,348.58,51.383,3640,3623,3631,17,0,95.4,35.2,90.6,32.6,none,none,82.9,28.3,-3629,3627,-3634,3628,-3635,3630,-3636,3631,-3636,3632,-3637,3633,-3637,3632,-3638,3631,-3638,3632,-3638,3631,-3638,3633,-3639,3633,-3640,3631,-3639,3631,-3636,3633,-3636,3634,-3636,3633,-3637,3633,-3637,3633,-3637,3631,-3637,3632,-3635,3632,-3634,3629,-3632,3629,-3627,3623,-3629,3625,-3631,3626,-3630,3625,-3636,3628,-3634,3625,-3632,3625,-3637,3626,-3638,3627,-3636,3627,-3638,3627,-3636,3628,-3639,3623,-3637,3624,-3637,3625,-3639,3625,-3637,3625,-3634,3626,-3634,3626,-3637,3628,-3631,3625,-3630,3624,-3631,3624,-3630,3623,-0.55,SJNFAAZE1U0005576,117.80,13.04,9079.896484375,78,75,0,0,0,0,13.5,99.17,-154938,99,1528023761.503,14040,2,0,0,0,0,0,0,0,4,348.70,348.70,7F,1,1,1,0080,84,40,40,0,0,19,24.00
03/06/2018 12:02:45,55 47.91421,-2 2.08336,433,57,272,537816,1144818,348.67,51.658,3641,3623,3632,18,0,95.4,35.2,90.6,32.6,none,none,82.9,28.3,-3631,3627,-3634,3628,-3635,3631,-3637,3631,-3636,3633,-3637,3634,-3637,3632,-3639,3633,-3638,3633,-3637,3632,-3638,3634,-3640,3633,-3640,3632,-3638,3632,-3637,3634,-3637,3634,-3636,3634,-3637,3634,-3638,3633,-3636,3632,-3636,3632,-3636,3632,-3635,3629,-3632,3629,-3630,3624,-3631,3625,-3631,3626,-3632,3626,-3637,3629,-3635,3625,-3633,3623,-3639,3626,-3639,3627,-3636,3629,-3638,3628,-3637,3628,-3638,3623,-3637,3625,-3638,3625,-3641,3626,-3639,3625,-3635,3627,-3636,3626,-3638,3628,-3631,3626,-3632,3625,-3633,3625,-3631,3624,-0.51,SJNFAAZE1U0005576,117.80,13.04,9079.896484375,78,75,0,0,0,0,13.5,99.17,-154938,99,1528023765.036,14560,2,1,0,4,0,0,0,0,4,348.66,348.66,7F,1,1,1,0080,84,40,40,0,0,19,22.25
03/06/2018 12:02:48,55 47.94868,-2 2.13055,423,58,272,537403,1144818,348.67,50.498,3640,3623,3632,17,0,95.4,35.2,90.6,32.6,none,none,82.9,28.3,-3630,3628,-3635,3628,-3635,3632,-3637,3632,-3637,3633,-3638,3634,-3639,3633,-3640,3633,-3638,3634,-3639,3632,-3639,3634,-3640,3635,-3640,3633,-3640,3632,-3638,3635,-3638,3635,-3637,3634,-3638,3635,-3638,3633,-3638,3633,-3637,3633,-3636,3633,-3635,3631,-3634,3630,-3629,3624,-3632,3625,-3631,3627,-3632,3627,-3637,3628,-3634,3626,-3633,3626,-3638,3627,-3639,3627,-3637,3627,-3639,3628,-3637,3630,-3638,3623,-3637,3625,-3638,3627,-3640,3626,-3639,3627,-3635,3626,-3636,3627,-3638,3628,-3632,3626,-3632,3625,-3632,3626,-3632,3624,-0.52,SJNFAAZE1U0005576,117.80,13.04,9081.505859375,78,75,0,0,0,0,13.5,99.17,-154938,99,1528023768.501,14400,2,1,0,4,0,0,0,0,4,348.77,348.77,7F,1,1,1,0080,84,40,40,0,0,19,22.00
03/06/2018 12:02:52,55 47.98634,-2 2.19965,423,60,272,536957,1144818,348.48,53.306,3638,3622,3630,16,0,95.4,35.2,90.6,32.6,none,none,82.9,28.3,-3629,3626,-3632,3626,-3633,3629,-3636,3631,-3634,3632,-3635,3632,-3636,3631,-3638,3632,-3636,3632,-3636,3631,-3637,3632,-3637,3632,-3638,3631,-3638,3631,-3635,3632,-3636,3634,-3636,3633,-3635,3632,-3637,3632,-3635,3632,-3636,3630,-3634,3631,-3631,3629,-3631,3627,-3627,3623,-3628,3624,-3630,3624,-3630,3625,-3636,3626,-3632,3624,-3631,3624,-3636,3625,-3637,3625,-3635,3627,-3637,3627,-3634,3628,-3638,3622,-3636,3623,-3638,3623,-3638,3624,-3637,3624,-3633,3624,-3634,3626,-3637,3628,-3629,3624,-3630,3623,-3631,3623,-3629,3623,-0.56,SJNFAAZE1U0005576,117.80,13.04,9081.505859375,78,75,0,0,0,0,13.5,99.17,-154938,99,1528023772.215,14720,2,1,0,4,0,0,0,0,4,348.54,348.54,7F,1,1,1,0080,83,40,40,0,0,19,26.00
03/06/2018 12:02:56,55 48.02724,-2 2.26792,416,58,271,536444,1144818,348.48,52.756,3638,3620,3630,18,0,95.4,35.2,90.6,32.6,none,none,82.9,28.3,3624,-3633,3626,-3633,3628,3635,3633,-3634,3629,-3637,3631,-3637,-3631,3638,-3631,3638,-3630,3638,-3631,3636,-3631,3638,-3632,3637,-3633,3638,-3631,3638,-3630,3638,-3633,3637,-3632,3636,-3632,3636,-3632,3637,-3631,3636,-3631,3636,-3630,3636,-3628,3632,-3626,3629,-3622,3630,-3622,3631,-3622,3631,-3623,3630,-3628,3635,-3625,3632,-3620,3635,-3625,3636,-3625,3637,-3625,3636,-3627,3637,-3626,3636,-3627,3635,-3622,3637,3622,-3638,3624,3637,3623,-3638,3620,-3634,3624,-3635,3626,-3636,3622,-3631,3622,3631,3620,-3632,3621,-3629,-0.53,SJNFAAZE1U0005576,117.80,13.04,9081.505859375,78,75,0,0,0,0,13.5,99.17,-154938,99,1528023776.142,14320,2,1,0,4,0,0,0,0,4,348.51,348.51,7F,1,1,1,0080,83,40,40,0,0,19,22.25
03/06/2018 12:02:59,55 48.06997,-2 2.32619,426,54,271,535947,1144818,347.81,66.306,3633,3612,3623,21,0,95.4,35.2,90.6,32.6,none,none,82.9,28.3,3615,-3625,3619,-3626,3621,3626,3625,-3627,3623,3629,3624,-3631,3624,-3631,3623,-3631,3624,-3631,3623,-3630,3623,3630,3625,-3632,3625,-3631,3623,-3631,3624,-3630,3625,-3630,3625,-3629,3625,-3629,3625,-3629,3623,3630,3625,-3628,3623,-3629,3622,-3626,3619,-3624,3614,3622,3613,-3624,3616,-3623,3616,-3622,3620,-3628,3617,-3624,3613,-3628,3618,-3628,3617,-3629,3618,3628,3621,-3629,3618,-3628,3619,-3627,3613,-3630,3615,3633,3619,-3630,3617,-3631,3612,-3627,3617,-3627,3619,-3628,3614,-3624,3615,-3623,3614,-3624,3613,3620,-0.51,SJNFAAZE1U0005576,117.80,13.04,9081.505859375,78,75,0,0,0,0,13.5,99.17,-154938,99,1528023779.900,16840,2,1,0,4,0,0,0,0,4,348.14,348.14,7F,1,1,1,0080,83,40,40,0,0,19,33.25
03/06/2018 12:03:03,55 48.10535,-2 2.37155,433,60,271,535292,1144818,347.71,69.480,3630,3612,3622,18,0,95.4,35.2,90.4,32.4,none,none,82.9,28.3,3615,-3623,3618,3624,3620,3625,3624,-3626,3622,-3628,3623,-3629,3623,-3630,3623,3629,3623,-3629,3623,-3627,3624,-3630,3625,-3629,3625,3629,3623,-3629,3622,-3628,3625,-3629,3623,-3628,3624,-3628,3624,-3629,3623,-3627,3623,-3627,3623,3627,3620,-3624,3618,-3621,3613,-3620,3613,-3622,3614,3621,3615,-3621,3621,-3624,3617,-3622,3613,-3624,3617,-3627,3618,-3626,3617,-3626,3619,-3626,3616,3626,3620,-3625,3613,-3628,3615,-3628,3617,-3627,3616,3627,3612,-3624,3615,-3625,3618,-3626,3613,-3621,3613,-3621,3613,-3622,3613,-3619,-0.54,SJNFAAZE1U0005576,117.80,13.04,9081.505859375,78,75,0,0,0,0,13.5,99.17,-154938,99,1528023783.681,19800,2,1,0,4,0,0,0,0,4,347.79,347.79,7F,1,1,1,0080,83,40,40,0,0,19,30.25
03/06/2018 12:03:07,55 48.15143,-2 2.43051,436,57,270,534711,1144818,348.00,60.233,3633,3615,3625,18,0,95.4,35.2,90.6,32.6,none,none,82.9,28.3,3618,3626,3622,-3626,3623,3627,3627,-3628,3625,-3630,3625,-3631,3626,-3632,3626,-3632,3626,-3631,3627,3630,3626,-3633,3627,-3631,3627,-3632,3625,-3632,3625,3630,3627,-3631,3626,-3630,3628,-3631,3627,-3630,3626,-3629,3626,-3629,3625,-3630,3622,-3626,3622,3624,3617,-3624,3616,-3626,3619,-3623,3618,-3624,3625,3628,3621,-3625,3618,-3629,3621,-3630,3621,-3629,3621,-3630,3623,-3630,3620,-3628,3625,-3628,3617,3629,3620,-3631,3621,-3630,3619,-3630,3615,-3628,3620,3629,3622,-3630,3617,-3625,3617,-3623,3616,-3625,3616,-3622,-0.52,SJNFAAZE1U0005576,117.80,13.04,9081.505859375,78,75,0,0,0,0,13.5,99.17,-154938,99,1528023787.384,17440,2,1,0,4,0,0,0,0,4,347.90,347.90,7F,1,1,1,0080,83,40,40,0,0,19,25.50
03/06/2018 12:03:11,55 48.19935,-2 2.48846,446,59,270,534177,1144818,347.71,64.658,3630,3610,3622,20,0,95.4,35.2,90.6,32.6,none,none,82.8,28.2,3615,-3624,3617,-3624,3619,3625,3624,-3626,3621,-3628,3621,-3628,3622,-3630,3622,-3630,3621,-3630,3622,-3628,3623,-3629,3622,3629,3623,-3630,3622,-3630,3621,-3629,3624,-3628,3623,3628,3624,-3628,3623,-3628,3622,-3629,3622,-3626,3622,-3628,3619,-3625,3616,-3621,3612,-3621,3610,3623,3613,-3621,3614,-3621,3619,-3626,3616,-3624,3612,3626,3616,-3628,3617,-3626,3616,-3626,3620,-3628,3616,-3627,3620,-3626,3612,-3628,3613,-3629,3616,3629,3615,-3628,3610,-3626,3614,-3626,3618,-3627,3612,3622,3613,-3621,3612,-3623,3612,-3619,-0.55,SJNFAAZE1U0005576,117.80,13.04,9081.505859375,78,75,0,0,0,0,13.5,99.17,-154938,99,1528023791.224,16320,2,1,0,5,0,0,0,0,4,347.86,347.86,7F,1,1,1,0080,83,40,40,0,0,19,29.25
03/06/2018 12:03:14,55 48.23681,-2 2.52389,442,60,270,533624,1144818,348.00,56.479,3633,3617,3625,16,0,95.4,35.2,90.6,32.6,none,none,82.9,28.3,-3621,3622,-3626,3623,-3627,3625,-3629,3626,-3628,3627,-3630,3628,-3630,3627,-3631,3628,-3630,3628,-3631,3626,-3631,3627,-3632,3628,-3633,3626,-3632,3627,-3629,3627,-3631,3628,-3630,3628,-3631,3627,-3630,3627,-3629,3627,-3629,3626,-3628,3626,-3626,3625,-3625,3623,-3620,3617,-3621,3620,-3624,3620,-3622,3620,-3631,3623,-3626,3620,-3625,3621,-3629,3622,-3630,3621,-3628,3622,-3630,3623,-3628,3623,-3631,3618,-3628,3619,-3631,3621,-3632,3621,-3630,3620,-3626,3619,-3626,3621,-3629,3623,-3623,3620,-3623,3619,-3623,3618,-3623,3618,-0.54,SJNFAAZE1U0005576,117.80,13.04,9081.505859375,78,75,0,0,0,0,13.5,99.17,-154938,99,1528023794.760,15600,2,1,0,4,0,0,0,0,4,347.97,347.97,7F,1,1,1,0080,83,40,40,0,0,19,22.00
03/06/2018 12:03:18,55 48.28842,-2 2.55928,456,54,270,533185,1144818,348.19,50.712,3634,3619,3627,15,0,95.4,35.2,90.6,32.6,none,none,82.9,28.3,-3625,3623,-3628,3624,-3630,3627,-3632,3626,-3631,3628,-3632,3630,-3632,3628,-3633,3629,-3633,3628,-3632,3627,-3634,3629,-3634,3630,-3634,3627,-3634,3628,-3632,3631,-3632,3630,-3633,3629,-3632,3629,-3633,3630,-3631,3628,-3632,3628,-3631,3628,-3628,3626,-3627,3625,-3623,3619,-3625,3621,-3624,3623,-3625,3621,-3631,3625,-3628,3622,-3626,3622,-3632,3623,-3633,3623,-3632,3622,-3633,3625,-3630,3624,-3630,3619,-3631,3621,-3631,3623,-3633,3621,-3631,3623,-3629,3622,-3628,3622,-3631,3623,-3625,3621,-3625,3619,-3626,3620,-3625,3621,-0.54,SJNFAAZE1U0005576,117.81,13.04,9081.505859375,78,75,0,0,0,0,13.5,99.17,-154938,100,1528023798.493,13920,2,1,0,4,0,0,0,0,4,348.21,348.21,7F,1,1,1,0080,83,40,40,0,0,19,21.25
03/06/2018 12:03:22,55 48.34293,-2 2.58106,462,59,269,532763,1144818,348.48,42.350,3638,3620,3630,18,0,95.4,35.2,90.6,32.6,none,none,82.9,28.3,-3627,3625,-3632,3625,-3633,3629,-3634,3628,-3634,3631,-3635,3632,-3636,3631,-3638,3631,-3635,3632,-3635,3630,-3636,3631,-3637,3632,-3637,3629,-3636,3629,-3636,3632,-3635,3632,-3634,3632,-3635,3632,-3635,3631,-3635,3630,-3635,3630,-3634,3632,-3633,3628,-3631,3626,-3626,3623,-3629,3623,-3631,3625,-3629,3624,-3634,3627,-3631,3624,-3631,3624,-3636,3624,-3636,3626,-3634,3623,-3636,3627,-3633,3627,-3635,3620,-3635,3622,-3635,3624,-3637,3623,-3637,3624,-3633,3623,-3632,3624,-3634,3625,-3628,3623,-3628,3621,-3629,3622,-3629,3622,-0.57,SJNFAAZE1U0005576,117.81,13.04,9081.505859375,78,75,0,0,0,0,13.5,99.17,-154938,100,1528023802.517,12520,2,0,0,0,0,0,0,0,4,348.45,348.45,7F,1,1,1,0080,83,40,40,0,0,19,20.00
03/06/2018 12:03:26,55 48.39794,-2 2.5964,465,58,269,532331,1144818,348.38,44.181,3637,3620,3629,17,0,95.4,35.2,90.6,32.6,none,none,82.9,28.3,-3627,3624,-3630,3626,-3632,3628,-3634,3628,-3634,3629,-3634,3630,-3634,3630,-3635,3630,-3635,3630,-3635,3629,-3635,3631,-3636,3630,-3637,3628,-3636,3629,-3634,3631,-3634,3631,-3634,3631,-3635,3632,-3634,3630,-3634,3629,-3634,3628,-3634,3630,-3630,3627,-3629,3626,-3625,3620,-3627,3622,-3628,3623,-3628,3623,-3633,3625,-3631,3623,-3630,3622,-3635,3623,-3634,3623,-3633,3623,-3634,3625,-3633,3626,-3635,3620,-3634,3621,-3635,3622,-3637,3623,-3635,3622,-3632,3622,-3632,3624,-3635,3624,-3627,3622,-3627,3621,-3628,3621,-3628,3621,-0.53,SJNFAAZE1U0005576,117.81,13.04,9081.505859375,78,75,0,0,0,0,13.5,99.17,-154938,100,1528023806.232,12560,2,0,0,0,0,0,0,0,4,348.45,348.45,7F,1,1,1,0080,83,40,40,0,0,19,21.75
03/06/2018 12:03:29,55 48.43863,-2 2.60718,469,55,269,531875,1144818,347.81,61.759,3632,3612,3623,20,0,95.4,35.2,90.6,32.6,none,none,82.9,28.3,-3615,3625,-3618,3626,-3620,3627,-3625,3627,-3622,3630,-3623,3630,-3624,3632,-3624,3631,-3623,3631,-3624,3631,-3623,3631,-3624,3630,-3625,3631,-3624,3630,3623,-3630,3625,3629,3624,-3629,3624,-3630,3625,-3629,3624,-3630,3624,-3628,3622,3628,3620,-3626,3619,-3624,3613,-3622,3613,-3624,3616,3622,3615,-3623,3621,-3627,3617,-3624,3613,-3627,3618,-3629,3618,-3628,3616,-3629,-3621,3628,-3618,3627,-3621,3628,-3613,3629,-3615,3630,-3617,3631,-3616,3630,-3612,3626,-3615,3628,-3618,3628,-3614,3623,-3614,3624,-3612,3624,-3613,3620,-0.54,SJNFAAZE1U0005576,117.81,13.04,9081.505859375,78,75,0,0,0,0,13.5,99.17,-154938,100,1528023809.750,16280,2,0,0,0,0,0,0,0,4,347.84,347.84,7F,1,1,1,0080,83,40,40,0,0,19,31.00
03/06/2018 12:03:33,55 48.49066,-2 2.63096,475,57,269,531343,1144818,347.71,62.797,3631,3611,3622,20,0,95.4,35.2,90.6,32.6,none,none,82.9,28.3,3613,3624,3617,-3625,3619,3625,3624,-3625,3620,-3628,3621,-3629,3622,-3630,3623,-3630,3622,-3629,3622,3628,3621,-3629,3623,-3629,3624,-3631,3622,-3631,3621,3628,3624,-3629,3623,-3627,3623,-3628,3623,-3629,3622,-3628,3622,-3627,3622,-3628,3619,-3625,3616,3621,3612,-3620,3611,-3622,3612,-3620,3613,-3622,3621,-3626,3615,3623,3613,-3626,3616,-3627,3617,-3627,3616,-3628,3620,3628,3615,-3626,3620,-3627,3613,-3628,3613,-3629,3615,-3628,3615,-3629,3611,-3625,3614,-3627,3618,3628,3612,-3621,3612,-3622,3612,-3623,3612,-3619,-0.52,SJNFAAZE1U0005576,117.81,13.04,9081.505859375,78,75,0,0,0,0,13.5,99.17,-154938,100,1528023813.455,18080,2,0,0,0,0,0,0,0,4,347.76,347.76,7F,1,1,1,0080,83,40,40,0,0,19,29.75
03/06/2018 12:03:37,55 48.54171,-2 2.66049,479,55,268,530797,1144818,347.90,56.296,3631,3614,3624,17,0,95.4,35.2,90.6,32.6,none,none,82.9,28.3,3618,-3625,3620,-3626,3623,3628,3626,-3628,3624,-3630,3625,-3630,3625,-3630,3625,-3631,3625,-3631,3624,-3630,3625,-3631,3625,3631,3626,-3631,3625,-3631,3624,-3629,3626,-3630,3625,3629,3627,-3628,3625,-3629,3624,-3630,3625,-3628,3625,-3629,3621,3626,3620,-3623,3614,-3622,3615,-3623,3617,-3624,3617,-3623,3621,-3628,3619,-3625,3616,-3627,3619,3628,3619,-3628,3619,-3629,3622,-3628,3620,-3628,3623,3627,3616,-3628,3617,-3629,3620,-3630,3619,-3630,3615,-3626,3618,-3628,3620,-3628,3616,-3623,3616,3623,3615,-3624,3616,-3622,-0.52,SJNFAAZE1U0005576,117.81,13.04,9081.505859375,78,75,0,0,0,0,13.5,99.17,-154938,100,1528023817.199,16160,2,1,0,4,0,0,0,0,4,347.79,347.79,7F,1,1,1,0080,83,40,40,0,0,19,23.75
03/06/2018 12:03:40,55 48.59164,-2 2.69216,485,55,268,530319,1144818,347.81,55.991,3632,3613,3623,19,0,95.4,35.2,90.6,32.6,none,none,82.9,28.3,3616,-3626,3619,-3626,3621,3625,3626,-3626,3623,3629,3623,-3630,3623,-3630,3624,-3631,3623,-3629,3625,-3629,3624,-3631,3624,-3629,3625,-3631,3624,3632,3623,-3629,3625,-3631,3625,-3628,3624,-3628,3625,3630,3624,-3629,3624,-3627,3622,-3628,3621,-3625,3618,-3622,3614,3622,3614,-3624,3615,-3621,3616,-3622,3623,-3626,3618,-3623,3616,-3627,3619,-3629,3619,-3627,3618,3630,3622,-3628,3618,-3628,3622,-3628,3615,-3629,3616,3629,3618,-3629,3616,-3628,3613,-3627,3616,-3627,3619,-3630,3614,-3622,3615,-3624,3614,-3624,3613,3620,-0.51,SJNFAAZE1U0005576,117.81,13.04,9081.505859375,78,75,0,0,0,0,13.5,99.17,-154938,100,1528023820.944,15080,2,1,0,4,0,0,0,0,4,347.84,347.84,7F,1,1,1,0080,83,40,40,0,0,19,29.00
03/06/2018 12:03:44,55 48.63015,-2 2.71563,495,57,268,529746,1144818,347.23,68.320,3625,3606,3617,19,0,95.4,35.2,90.6,32.6,none,none,82.9,28.3,3609,-3617,3614,3619,3615,3621,3619,-3619,3617,-3623,3617,-3624,3618,3624,3618,-3624,3617,-3625,3618,-3623,3618,-3625,3619,-3624,3620,-3625,3618,-3624,3618,-3624,3619,3624,3619,-3623,3620,-3623,3618,-3623,3617,-3622,3619,-3622,3616,3621,3615,-3619,3613,-3617,3606,-3615,3607,-3617,3609,3616,3609,-3615,3615,-3621,3612,-3617,3607,-3620,3612,-3621,3612,-3622,3612,-3620,3614,-3622,3611,3622,3612,-3619,3609,-3622,3609,-3623,3613,-3622,3610,3623,3607,-3619,3609,-3619,3613,-3618,3608,-3617,3608,-3614,3607,-3616,3607,-3614,-0.55,SJNFAAZE1U0005576,117.81,13.04,9081.505859375,78,75,0,0,0,0,13.5,99.17,-154938,100,1528023824.664,18320,2,1,0,4,0,0,0,0,4,347.33,347.33,7F,1,1,1,0080,83,40,40,0,0,19,28.50
03/06/2018 12:03:48,55 48.68177,-2 2.74781,501,55,268,529404,1144818,349.73,2.280,3650,3636,3643,14,0,95.4,35.2,90.6,32.6,none,none,82.9,28.3,-3641,3639,-3645,3640,-3647,3643,-3647,3643,-3648,3644,-3647,3644,-3648,3643,-3649,3643,-3648,3644,-3649,3643,-3648,3645,-3649,3644,-3650,3643,-3649,3643,-3647,3644,-3648,3644,-3647,3644,-3648,3645,-3647,3644,-3648,3644,-3648,3644,-3647,3644,-3645,3642,-3643,3641,-3640,3637,-3643,3638,-3643,3639,-3643,3638,-3648,3640,-3645,3638,-3644,3638,-3647,3638,-3648,3640,-3647,3639,-3648,3641,-3647,3640,-3646,3636,-3647,3637,-3647,3638,-3650,3638,-3649,3638,-3646,3637,-3646,3638,-3648,3639,-3642,3638,-3642,3636,-3643,3638,-3643,3637,-0.51,SJNFAAZE1U0005576,117.81,13.04,9081.505859375,78,75,0,0,0,0,13.5,99.17,-154938,100,1528023828.449,3120,2,1,0,4,0,0,0,0,4,349.47,349.47,7F,1,1,1,0080,83,40,40,0,0,19,-9.25
03/06/2018 12:03:52,55 48.73036,-2 2.77926,442,53,268,529480,1144818,350.59,-12.457,3660,3644,3652,16,0,95.4,35.2,90.6,32.6,none,none,82.9,28.3,-3653,3649,-3655,3649,-3656,3653,-3656,3652,-3656,3653,-3656,3653,-3657,3652,-3657,3652,-3657,3652,-3657,3652,-3657,3652,-3658,3652,-3658,3652,-3658,3652,-3657,3652,-3656,3653,-3656,3653,-3656,3653,-3656,3654,-3657,3652,-3657,3653,-3657,3653,-3654,3650,-3654,3649,-3652,3647,-3653,3647,-3654,3648,-3653,3648,-3657,3651,-3655,3648,-3654,3648,-3659,3648,-3658,3649,-3656,3649,-3658,3649,-3658,3650,-3656,3645,-3657,3646,-3659,3648,-3660,3648,-3659,3647,-3656,3648,-3656,3648,-3657,3649,-3654,3648,-3653,3644,-3654,3646,-3653,3646,-0.57,SJNFAAZE1U0005576,117.81,13.04,9083.115234375,78,75,0,0,0,0,13.5,99.17,-154941,100,1528023832.071,0,2,1,0,4,0,0,0,0,4,350.53,350.53,7F,1,1,1,0080,83,40,40,0,0,19,-16.25
03/06/2018 12:03:55,55 48.76641,-2 2.80506,429,52,268,529642,1144818,350.50,-4.035,3659,3643,3651,16,0,95.4,35.2,90.6,32.6,none,none,82.8,28.2,-3651,3648,-3654,3647,-3655,3650,-3655,3650,-3656,3651,-3656,3653,-3655,3651,-3657,3650,-3657,3651,-3656,3649,-3657,3651,-3657,3652,-3657,3649,-3658,3649,-3657,3652,-3656,3652,-3655,3651,-3656,3651,-3657,3652,-3655,3651,-3657,3651,-3656,3652,-3654,3650,-3653,3649,-3649,3645,-3653,3646,-3652,3646,-3652,3645,-3656,3647,-3655,3646,-3654,3645,-3658,3646,-3658,3647,-3656,3647,-3658,3646,-3656,3647,-3655,3643,-3657,3643,-3658,3644,-3659,3645,-3659,3644,-3655,3645,-3655,3646,-3657,3647,-3651,3646,-3652,3644,-3652,3644,-3652,3643,-0.56,SJNFAAZE1U0005576,117.81,13.04,9083.115234375,78,75,0,0,0,0,13.5,99.17,-154947,100,1528023835.883,0,2,1,0,4,0,0,0,0,4,350.63,350.63,7F,1,1,1,0080,83,40,40,0,0,19,0.75
03/06/2018 12:03:59,55 48.81409,-2 2.83663,426,53,268,529567,1144818,350.30,12.687,3656,3641,3649,15,0,95.4,35.2,90.6,32.6,none,none,82.9,28.3,-3648,3644,-3651,3646,-3653,3647,-3653,3648,-3652,3649,-3653,3650,-3653,3649,-3655,3648,-3654,3648,-3654,3648,-3654,3648,-3655,3650,-3656,3647,-3655,3648,-3653,3650,-3653,3650,-3652,3650,-3653,3650,-3654,3649,-3654,3649,-3654,3649,-3653,3649,-3651,3647,-3650,3646,-3647,3642,-3649,3644,-3649,3644,-3649,3644,-3655,3647,-3652,3644,-3651,3642,-3654,3643,-3655,3644,-3653,3644,-3655,3644,-3653,3645,-3654,3641,-3655,3642,-3655,3642,-3656,3643,-3656,3643,-3653,3642,-3652,3643,-3654,3644,-3649,3642,-3648,3641,-3650,3641,-3649,3641,-0.55,SJNFAAZE1U0005576,117.81,13.04,9083.115234375,78,75,0,0,0,0,13.5,99.17,-154947,100,1528023839.719,3920,2,1,0,4,0,0,0,0,4,350.19,350.19,7F,1,1,1,0080,83,40,40,0,0,19,4.50
03/06/2018 12:04:03,55 48.86254,-2 2.86807,452,55,268,529464,1144818,350.11,13.999,3655,3637,3647,18,0,95.4,35.2,90.6,32.6,none,none,82.9,28.3,3642,-3651,3643,-3651,3645,3650,3650,-3651,3646,-3653,3647,-3653,-3647,3655,3647,-3655,-3647,3653,-3647,3652,-3647,3654,-3647,3653,-3648,3654,-3646,3655,-3646,3653,-3648,3652,-3647,3652,-3648,3652,-3649,3653,-3647,3653,-3647,3652,-3648,3652,-3646,3650,-3643,3647,-3640,3648,-3640,3650,-3642,3648,-3642,3648,-3646,3651,-3642,3650,-3640,3651,-3642,3653,-3642,3653,-3642,3653,-3645,3653,-3643,3653,-3643,3653,-3639,3654,3640,-3655,3642,3654,3641,-3653,3637,-3652,3641,-3651,3642,-3652,3640,-3649,3641,3648,3640,-3650,3639,-3646,-0.55,SJNFAAZE1U0005576,117.81,13.04,9083.115234375,78,75,0,0,0,0,13.5,99.17,-154947,100,1528023843.442,3120,2,1,0,4,0,0,0,0,4,350.20,350.20,7F,1,1,1,0080,83,40,40,0,0,19,6.25
03/06/2018 12:04:07,55 48.91235,-2 2.90163,449,56,268,529342,1144818,350.50,5.363,3658,3642,3651,16,0,95.4,35.2,90.6,32.6,none,none,82.9,28.3,3647,-3653,3648,-3655,3650,3655,3653,-3654,3651,-3658,3651,3656,3651,-3658,3651,-3658,3650,-3658,3649,-3655,3651,3657,3651,-3657,3652,-3657,3650,-3656,3651,-3656,3652,-3657,3651,-3655,3651,-3655,3652,-3656,3651,3657,3652,-3656,3651,-3656,3649,-3654,3649,-3652,3644,3651,3645,-3654,3647,-3652,3647,-3652,3650,-3656,3647,-3654,3645,-3656,3647,-3657,3646,-3657,3646,3655,3649,-3657,3648,-3656,3646,-3656,3644,-3656,3645,3657,3647,-3657,3646,-3657,3642,-3654,3646,-3655,3648,-3655,3645,-3652,3645,-3651,3645,-3652,3643,3650,-0.53,SJNFAAZE1U0005576,117.81,13.04,9083.115234375,78,75,0,0,0,0,13.5,99.17,-154947,100,1528023847.144,3160,2,1,0,5,0,0,0,0,4,350.53,350.53,7F,1,1,1,0080,83,40,40,0,0,19,-3.25
03/06/2018 12:04:10,55 48.96407,-2 2.93125,436,57,268,529342,1144818,350.98,-1.075,3663,3648,3656,15,0,95.4,35.2,90.6,32.6,none,none,82.8,28.2,3652,-3659,3653,-3658,3655,3658,3658,-3658,3657,-3661,3657,-3661,3656,-3662,3656,3662,3656,-3661,3655,-3660,3656,-3662,3656,-3662,3657,3662,3655,-3661,3656,-3661,3657,-3661,3657,-3660,3656,-3660,3657,-3661,3657,-3660,3657,-3661,3656,3661,3654,-3658,3654,-3657,3651,-3657,3651,-3658,3652,3658,3652,-3657,3655,-3660,3652,-3658,3650,-3660,3653,-3662,3653,-3663,3652,-3661,3654,-3661,3652,3661,3652,-3662,3651,-3663,3651,-3662,3652,-3663,3651,3662,3648,-3660,3651,-3660,3652,-3660,3650,-3658,3650,-3657,3651,3659,3650,-3655,-0.54,SJNFAAZE1U0005576,117.81,13.04,9083.115234375,78,75,0,0,0,0,13.5,99.17,-154947,100,1528023850.899,0,2,0,0,0,0,0,0,0,4,350.90,350.90,7F,1,1,1,0080,83,40,40,0,0,19,-4.75
03/06/2018 12:04:14,55 49.00265,-2 2.95841,423,55,268,529369,1144818,351.26,-6.720,3667,3649,3659,18,0,95.4,35.2,90.6,32.6,none,none,82.9,28.3,3655,3662,3655,-3662,3657,3662,3660,-3663,3658,-3664,3657,-3665,3658,-3666,3657,-3665,3657,-3665,3658,3663,3658,-3665,3658,-3665,3658,-3666,3657,-3665,3657,3664,3658,-3664,3660,-3663,3659,-3664,3659,-3664,3658,-3664,3659,-3663,3659,-3664,3657,-3661,3657,3660,3652,-3661,3654,-3662,3654,-3660,3654,-3660,3657,3664,3655,-3663,3652,-3663,3655,-3665,3654,-3666,3653,-3664,3657,-3664,3655,-3663,3652,-3665,3651,3667,3651,-3665,3653,-3665,3652,-3666,3649,-3664,3653,3662,3654,-3663,3653,-3661,3651,-3660,3652,-3661,3652,-3659,-0.62,SJNFAAZE1U0005576,117.81,13.04,9083.115234375,78,75,0,0,0,0,13.5,99.17,-154948,100,1528023854.570,0,2,0,0,0,0,0,0,0,4,351.23,351.23,7F,1,1,1,0080,83,40,40,0,0,19,-1.00
03/06/2018 12:04:18,55 49.05321,-2 2.99075,426,55,268,529251,1144818,349.73,36.643,3651,3634,3643,17,0,95.2,35.1,90.6,32.6,none,none,82.9,28.3,3638,-3647,3640,-3646,3642,3646,3645,-3647,3643,-3649,3643,-3649,3643,-3650,3643,-3650,3643,-3649,3643,-3648,3643,-3650,3643,3650,3645,-3651,3641,-3651,3643,-3649,3644,-3649,3645,3648,3644,-3648,3644,-3648,3643,-3649,3644,-3648,3644,-3649,3641,-3646,3640,-3643,3637,-3644,3635,3645,3637,-3645,3637,-3643,3642,-3647,3638,-3645,3635,3648,3639,-3649,3639,-3649,3638,-3649,3641,-3649,3638,-3648,3642,-3650,3635,-3650,3636,-3651,3638,3651,3636,-3650,3634,-3648,3637,-3648,3640,-3649,3635,-3645,3636,3644,3635,-3644,3635,-3642,-0.51,SJNFAAZE1U0005576,117.81,13.04,9083.115234375,78,75,0,0,0,0,13.5,99.17,-154948,100,1528023858.323,9800,2,0,0,0,0,0,0,0,4,350.00,350.00,7F,1,1,1,0080,83,40,40,0,0,19,22.00
03/06/2018 12:04:22,55 49.10382,-2 3.02154,423,53,267,528797,1144818,348.77,58.128,3641,3625,3633,16,0,95.2,35.1,90.6,32.6,none,none,82.9,28.3,-3631,3629,-3635,3630,-3636,3632,-3638,3632,-3637,3635,-3638,3636,-3638,3634,-3640,3634,-3639,3635,-3640,3632,-3639,3635,-3640,3635,-3640,3633,-3640,3633,-3639,3635,-3638,3637,-3637,3635,-3637,3636,-3639,3634,-3638,3634,-3638,3634,-3637,3635,-3635,3631,-3634,3630,-3630,3626,-3632,3628,-3633,3627,-3633,3629,-3638,3629,-3635,3627,-3634,3627,-3639,3628,-3640,3628,-3638,3629,-3640,3629,-3638,3630,-3641,3625,-3639,3627,-3639,3627,-3641,3627,-3640,3627,-3636,3627,-3636,3628,-3638,3630,-3632,3626,-3632,3626,-3634,3627,-3633,3625,-0.52,SJNFAAZE1U0005576,117.81,13.04,9083.115234375,78,75,0,0,0,0,13.5,99.17,-154948,100,1528023862.129,15600,2,0,0,0,0,0,0,0,4,348.92,348.92,7F,1,1,1,0080,83,40,40,0,0,19,28.25
03/06/2018 12:04:25,55 49.14155,-2 3.0463,419,57,267,528352,1144818,350.21,20.438,3655,3639,3648,16,0,95.4,35.2,90.6,32.6,none,none,82.8,28.2,-3647,3644,-3651,3644,-3652,3646,-3653,3646,-3652,3648,-3653,3648,-3653,3647,-3654,3648,-3653,3647,-3653,3646,-3654,3646,-3654,3648,-3655,3646,-3654,3646,-3653,3647,-3652,3648,-3653,3648,-3652,3649,-3653,3647,-3653,3648,-3653,3647,-3653,3648,-3651,3646,-3650,3644,-3646,3641,-3650,3642,-3648,3643,-3648,3643,-3654,3645,-3651,3642,-3650,3643,-3654,3642,-3655,3643,-3654,3643,-3654,3644,-3652,3643,-3654,3639,-3654,3640,-3654,3641,-3655,3641,-3654,3642,-3653,3643,-3651,3642,-3653,3644,-3648,3643,-3649,3640,-3648,3641,-3649,3640,-0.54,SJNFAAZE1U0005576,117.81,13.04,9083.115234375,78,75,0,0,0,0,13.5,99.17,-154948,100,1528023865.796,8680,2,0,0,0,0,0,0,0,4,349.95,349.95,7F,1,1,1,0080,83,40,40,0,0,19,-2.00
03/06/2018 12:04:29,55 49.19078,-2 3.07718,423,53,267,528377,1144818,351.07,-10.505,3666,3649,3657,17,0,95.2,35.1,90.6,32.6,none,none,82.8,28.2,-3658,3652,-3660,3654,-3661,3657,-3662,3656,-3661,3657,-3661,3657,-3662,3657,-3663,3657,-3663,3658,-3661,3655,-3663,3657,-3663,3658,-3664,3654,-3662,3655,-3661,3658,-3661,3657,-3661,3657,-3661,3659,-3662,3657,-3661,3657,-3662,3658,-3661,3657,-3661,3656,-3659,3655,-3656,3652,-3659,3653,-3659,3654,-3659,3653,-3661,3655,-3662,3654,-3661,3652,-3664,3653,-3664,3654,-3662,3652,-3663,3654,-3662,3654,-3661,3649,-3664,3650,-3663,3650,-3666,3651,-3665,3651,-3662,3652,-3661,3652,-3663,3652,-3659,3652,-3659,3649,-3659,3651,-3658,3651,-0.53,SJNFAAZE1U0005576,117.81,13.04,9083.115234375,78,75,0,0,0,0,13.5,99.17,-154949,100,1528023869.348,0,2,1,0,4,0,0,0,0,4,351.30,351.30,7F,1,1,1,0080,83,40,40,0,0,19,-2.75
03/06/2018 12:04:33,55 49.24075,-2 3.11567,423,54,267,528336,1144818,350.30,18.790,3655,3642,3649,13,0,95.2,35.1,90.4,32.4,none,none,82.8,28.2,-3648,3646,-3650,3646,-3652,3649,-3652,3648,-3653,3650,-3652,3651,-3653,3649,-3655,3649,-3654,3650,-3653,3648,-3653,3649,-3655,3650,-3654,3648,-3654,3648,-3652,3650,-3653,3651,-3652,3650,-3653,3651,-3653,3649,-3653,3649,-3653,3650,-3652,3651,-3651,3647,-3649,3646,-3647,3643,-3649,3645,-3650,3645,-3649,3646,-3653,3646,-3651,3645,-3650,3644,-3654,3645,-3654,3646,-3653,3645,-3654,3645,-3652,3646,-3654,3642,-3654,3643,-3654,3643,-3655,3644,-3655,3644,-3650,3643,-3651,3644,-3652,3646,-3648,3645,-3648,3642,-3649,3642,-3647,3643,-0.54,SJNFAAZE1U0005576,117.81,13.04,9083.115234375,78,75,0,0,0,0,13.5,99.17,-154949,100,1528023873.032,4800,2,1,0,4,0,0,0,0,4,350.48,350.48,7F,1,1,1,0080,82,40,40,0,0,19,12.75
03/06/2018 12:04:37,55 49.28869,-2 3.14446,426,52,267,528055,1144818,349.63,38.383,3649,3632,3642,17,0,95.2,35.1,90.6,32.6,none,none,82.8,28.2,-3635,3645,-3638,3644,-3639,3646,-3644,3645,-3641,3647,-3641,3647,-3641,3648,-3641,3649,-3642,3648,-3641,3647,-3641,3649,-3641,3648,-3643,3649,-3641,3648,3640,-3646,3642,3648,3642,-3647,3642,-3647,3642,-3647,3641,-3646,3642,-3646,3642,3647,3641,-3645,3639,-3642,-3633,3642,-3633,3643,-3635,3643,-3636,3642,-3641,3646,-3636,3643,-3634,3647,-3636,3646,-3636,3647,-3636,3647,-3638,3647,-3636,3647,-3639,3647,-3633,3648,-3634,3649,-3635,3649,-3635,3649,-3632,3646,-3634,3645,-3636,3647,-3634,3643,-3634,3643,-3633,3643,-3634,3640,-0.52,SJNFAAZE1U0005576,117.81,13.04,9083.115234375,78,75,0,0,0,0,13.5,99.17,-154949,100,1528023877.051,10320,2,1,0,4,0,0,0,0,4,349.77,349.77,7F,1,1,1,0080,82,40,40,0,0,19,21.75
03/06/2018 12:04:41,55 49.33537,-2 3.175,426,52,267,527625,1144818,349.15,47.721,3645,3627,3637,18,0,95.2,35.1,90.4,32.4,none,none,82.8,28.2,3630,3640,3633,-3640,3634,3641,3639,-3640,3637,-3644,3636,-3644,3636,-3644,3637,-3644,3636,-3644,3637,3643,3636,-3644,3638,-3644,3638,-3645,3636,-3644,3637,3643,3638,-3644,3638,-3642,3639,-3642,3638,-3644,3637,-3642,3638,-3642,3637,-3643,3634,-3640,3634,3637,3629,-3638,3629,-3639,3630,-3638,3631,-3637,3636,3641,3632,-3640,3629,-3643,3632,-3644,3633,-3643,3632,-3643,3634,3644,3632,-3642,3633,-3643,3629,-3644,3630,-3645,3631,-3645,3631,-3645,3627,-3641,3630,-3643,3633,3642,3629,-3640,3630,-3638,3629,-3640,3628,-3636,-0.55,SJNFAAZE1U0005576,117.81,13.04,9083.115234375,78,75,0,0,0,0,13.5,99.17,-154949,100,1528023881.130,12640,2,1,0,4,0,0,0,0,4,349.22,349.22,7F,1,1,1,0080,82,40,40,0,0,19,25.50
03/06/2018 12:04:45,55 49.38357,-2 3.20433,429,52,267,527149,1144818,348.96,49.918,3643,3623,3635,20,0,95.2,35.1,90.4,32.4,none,none,82.8,28.2,3628,-3637,3630,-3637,3632,3638,3637,-3637,3633,-3641,3633,-3641,3634,-3642,3634,-3641,3635,-3641,3635,-3640,3635,-3642,3635,3641,3635,-3641,3633,-3642,3633,-3641,3636,-3641,3635,3640,3635,-3641,3636,-3641,3635,-3640,3636,-3639,3635,-3640,3632,-3637,3631,-3635,3626,-3635,3627,3636,3628,-3635,3629,-3635,3632,-3639,3630,-3636,3626,3640,3629,-3641,3629,-3641,3628,-3641,3631,-3640,3628,-3639,3632,3640,3626,-3641,3627,-3643,3629,-3641,3628,-3642,3623,-3639,3628,-3639,3630,-3640,3627,-3636,3626,3636,3626,-3636,3626,-3633,-0.55,SJNFAAZE1U0005576,117.81,13.04,9083.115234375,78,75,0,0,0,0,13.5,99.17,-154949,100,1528023885.176,13960,2,1,0,5,0,0,0,0,4,349.05,349.05,7F,1,1,1,0080,82,40,40,0,0,19,24.75
03/06/2018 12:04:49,55 49.42893,-2 3.23312,433,50,266,526788,1144818,350.11,15.342,3655,3638,3647,17,0,95.2,35.1,90.4,32.4,none,none,82.8,28.2,3642,-3648,3642,-3649,3644,3650,3649,-3650,3646,3652,3646,-3652,3646,-3653,3645,-3653,3646,-3653,3645,-3651,3647,-3653,3647,-3653,3647,-3654,3645,3653,3646,-3652,3648,-3653,3647,-3651,3647,-3651,3648,3653,3646,-3652,3647,-3651,3646,-3652,3644,-3650,3644,-3647,3640,-3648,3640,-3649,3641,-3648,3641,3648,3644,-3651,3642,-3650,3639,-3651,3643,-3652,3643,3653,3643,-3652,3644,-3652,3642,-3652,3642,-3653,3639,-3655,3639,3654,3642,-3654,3640,-3654,3638,-3651,3641,-3652,3642,-3651,3640,-3648,3640,-3648,3639,-3649,3638,3646,-0.52,SJNFAAZE1U0005576,117.81,13.04,9083.115234375,78,75,0,0,0,0,13.5,99.17,-154949,100,1528023889.001,6040,2,1,0,5,0,0,0,0,4,350.06,350.06,7F,1,1,1,0080,82,40,40,0,0,19,3.00
03/06/2018 12:04:52,55 49.46356,-2 3.25621,439,47,266,526705,1144818,350.40,9.208,3659,3640,3650,19,0,95.0,35.0,90.4,32.4,none,none,82.8,28.2,3645,-3654,3645,3654,3647,3653,3652,-3653,3650,-3655,3650,-3656,3649,3656,3648,-3657,3649,-3656,3649,-3655,3650,-3657,3649,-3655,3649,-3657,3647,-3656,3647,-3654,3650,3655,3651,-3654,3650,-3655,3650,-3655,3650,-3655,3650,3655,3650,-3655,3647,-3654,3647,-3650,3644,-3652,3643,-3653,3646,-3651,3645,-3652,3649,-3655,3647,3653,3642,-3656,3645,-3657,3646,-3657,3644,-3657,3648,3656,3646,-3654,3645,-3657,3642,-3657,3643,-3659,3644,-3658,3646,3657,3640,-3655,3643,-3655,3646,-3655,3643,-3653,3644,-3653,3643,-3652,3642,-3650,-0.50,SJNFAAZE1U0005576,117.81,13.04,9083.115234375,78,75,0,0,0,0,13.5,99.17,-154949,100,1528023892.904,2400,2,1,0,5,0,0,0,0,4,350.50,350.50,7F,1,1,1,0080,82,40,40,0,0,19,7.00
03/06/2018 12:04:56,55 49.50628,-2 3.28272,446,46,266,526506,1144818,349.34,39.603,3646,3630,3639,16,0,95.2,35.1,90.4,32.4,none,none,82.8,28.2,-3638,3634,-3642,3634,-3643,3638,-3644,3637,-3643,3639,-3644,3640,-3644,3638,-3645,3639,-3645,3638,-3644,3637,-3644,3638,-3645,3639,-3646,3638,-3646,3637,-3645,3639,-3645,3639,-3644,3640,-3644,3640,-3644,3639,-3644,3637,-3643,3638,-3644,3639,-3641,3636,-3640,3636,-3636,3632,-3638,3632,-3639,3633,-3639,3633,-3643,3636,-3641,3632,-3640,3632,-3645,3634,-3645,3633,-3644,3634,-3645,3635,-3644,3635,-3643,3630,-3645,3631,-3645,3633,-3646,3632,-3646,3632,-3643,3632,-3642,3634,-3645,3635,-3639,3632,-3639,3632,-3640,3632,-3639,3631,-0.55,SJNFAAZE1U0005576,117.81,13.04,9083.115234375,78,75,0,0,0,0,13.5,99.17,-154949,100,1528023896.634,9680,2,1,0,5,0,0,0,0,4,349.56,349.56,7F,1,1,1,0080,82,40,40,0,0,19,26.25
03/06/2018 12:05:00,55 49.54571,-2 3.30538,442,43,266,526222,1144818,350.40,9.208,3658,3642,3650,16,0,95.2,35.1,90.4,32.4,none,none,82.8,28.2,-3651,3646,-3653,3647,-3656,3649,-3656,3648,-3655,3651,-3655,3650,-3655,3650,-3656,3649,-3655,3650,-3655,3649,-3655,3651,-3656,3651,-3657,3649,-3656,3648,-3656,3651,-3654,3652,-3653,3650,-3654,3651,-3656,3651,-3655,3651,-3655,3649,-3655,3651,-3653,3649,-3652,3648,-3650,3644,-3651,3645,-3652,3646,-3651,3645,-3656,3647,-3654,3646,-3654,3644,-3657,3645,-3656,3647,-3656,3646,-3656,3646,-3655,3646,-3656,3643,-3657,3643,-3657,3643,-3658,3644,-3657,3644,-3655,3642,-3654,3645,-3655,3647,-3653,3644,-3652,3643,-3652,3645,-3650,3644,-0.52,SJNFAAZE1U0005576,117.82,13.04,9084.724609375,78,75,0,0,0,0,13.5,99.17,-154949,100,1528023900.307,4520,2,0,0,0,0,0,0,0,4,350.43,350.43,7F,1,1,1,0080,82,40,40,0,0,19,6.75
03/06/2018 12:05:03,55 49.58436,-2 3.33233,452,42,266,526068,1144818,349.54,34.812,3649,3633,3641,16,0,95.2,35.1,90.4,32.4,none,none,82.8,28.2,-3638,3637,-3643,3637,-3644,3642,-3645,3640,-3644,3642,-3645,3642,-3645,3641,-3647,3641,-3646,3642,-3646,3640,-3646,3642,-3647,3641,-3648,3639,-3646,3640,-3646,3641,-3646,3642,-3645,3643,-3645,3643,-3645,3642,-3646,3641,-3646,3642,-3645,3642,-3643,3639,-3641,3638,-3638,3634,-3641,3635,-3642,3635,-3640,3636,-3646,3638,-3644,3636,-3642,3636,-3646,3636,-3646,3637,-3646,3637,-3647,3636,-3645,3638,-3647,3633,-3647,3634,-3647,3634,-3649,3634,-3647,3635,-3644,3634,-3644,3634,-3646,3638,-3640,3634,-3640,3634,-3642,3634,-3641,3634,-0.55,SJNFAAZE1U0005576,117.82,13.04,9084.724609375,78,75,0,0,0,0,13.5,99.17,-154949,100,1528023903.939,8320,2,0,0,0,0,0,0,0,4,349.72,349.72,7F,1,1,1,0080,82,40,40,0,0,19,37.00
03/06/2018 12:05:07,55 49.61267,-2 3.35178,459,43,266,525496,1144818,347.81,81.718,3634,3613,3623,21,0,95.0,35.0,90.2,32.3,none,none,82.6,28.1,-3620,3618,-3625,3618,-3625,3622,-3628,3621,-3626,3623,-3627,3626,-3628,3623,-3629,3624,-3629,3625,-3629,3623,-3628,3623,-3629,3625,-3630,3622,-3630,3622,-3629,3624,-3628,3625,-3627,3625,-3628,3625,-3629,3623,-3628,3624,-3629,3623,-3627,3623,-3624,3621,-3623,3620,-3620,3614,-3620,3615,-3621,3616,-3622,3616,-3628,3619,-3624,3616,-3624,3617,-3630,3618,-3628,3618,-3627,3619,-3629,3619,-3627,3619,-3634,3615,-3627,3615,-3629,3616,-3631,3616,-3629,3617,-3625,3616,-3626,3618,-3628,3618,-3622,3616,-3622,3614,-3622,3614,-3621,3613,-0.53,SJNFAAZE1U0005576,117.82,13.04,9084.724609375,78,75,0,0,0,0,13.5,99.17,-154949,100,1528023907.588,22480,2,0,0,0,0,0,0,0,4,347.85,347.85,7F,1,1,1,0080,82,40,40,0,0,19,56.50
03/06/2018 12:05:11,55 49.65333,-2 3.37757,469,45,265,524759,1144818,347.33,80.680,3627,3607,3618,20,0,95.0,35.0,90.4,32.4,none,none,82.8,28.2,3610,-3620,3613,-3621,3615,3622,3620,-3622,3618,-3625,3617,-3626,3619,-3627,3618,-3627,3619,-3626,3618,-3623,3618,-3626,3619,3625,3619,-3625,3617,-3626,3618,-3625,3620,-3625,3620,3624,3619,-3624,-3619,3625,-3618,3624,-3619,3623,-3617,3624,-3616,3621,-3614,3619,-3609,3618,-3607,3618,-3609,3618,-3611,3618,-3616,3622,-3612,3620,-3608,3624,-3613,3625,-3614,3624,-3612,3623,-3615,3625,-3613,3623,-3615,3623,-3609,3624,3610,-3627,3613,3626,3613,-3626,3607,-3623,3611,-3623,3614,-3623,3610,-3619,3609,3618,3610,-3619,3609,-3616,-0.52,SJNFAAZE1U0005576,117.82,13.04,9084.724609375,78,75,0,0,0,0,13.5,99.17,-154949,100,1528023911.361,23920,2,0,0,0,0,0,0,0,4,347.52,347.52,7F,1,1,1,0080,82,40,40,0,0,19,49.00
03/06/2018 12:05:15,55 49.69387,-2 3.40708,479,47,265,524092,1144818,347.71,67.161,3629,3612,3622,17,0,95.0,35.0,90.4,32.4,none,none,82.8,28.2,3616,-3623,3618,-3623,3619,3625,3625,-3625,3622,3627,3621,-3628,3622,-3629,3623,-3629,3621,-3628,3622,-3627,3623,-3629,3623,-3627,3623,-3629,3621,3628,3622,-3627,3625,-3628,3623,-3627,3624,-3627,3623,-3628,3621,3626,3624,-3626,3622,-3626,3620,-3625,3618,-3621,3614,3620,3613,-3621,3616,-3621,3615,-3621,3621,-3625,3617,-3622,3615,-3626,3617,-3627,3618,-3625,3617,3628,3620,-3627,3617,-3625,3622,-3625,3614,-3626,3616,3628,3617,-3627,3617,-3626,3612,-3625,3615,-3626,3619,-3627,3613,-3623,3614,-3623,3613,-3622,3614,3619,-0.56,SJNFAAZE1U0005576,117.82,13.04,9084.724609375,78,75,0,0,0,0,13.5,99.17,-154949,100,1528023915.258,20280,2,0,0,0,0,0,0,0,4,347.69,347.69,7F,1,1,1,0080,82,40,40,0,0,19,38.00
03/06/2018 12:05:18,55 49.73495,-2 3.44274,475,48,265,523500,1144818,347.71,60.691,3630,3613,3622,17,0,95.2,35.1,90.4,32.4,none,none,82.8,28.2,3616,-3624,3619,3624,3619,3626,3625,-3626,3622,-3628,3622,-3628,3622,3629,3623,-3630,3622,-3630,3623,-3629,3623,-3628,3623,-3629,3624,-3630,3621,-3629,3622,-3629,3625,3629,3623,-3628,3624,-3628,3624,-3628,3623,-3628,3623,-3627,3622,3627,3620,-3625,3619,-3623,3615,-3622,3613,-3624,3616,3621,3617,-3623,3622,-3627,3617,-3624,3614,-3625,3619,-3627,3618,-3627,3618,-3627,3619,-3628,3618,3626,3622,-3626,3615,-3628,3616,-3627,3618,-3628,3617,3628,3613,-3625,3618,-3626,3619,-3627,3615,-3623,3615,-3622,3614,-3623,3614,-3620,-0.55,SJNFAAZE1U0005576,117.82,13.04,9084.724609375,78,75,0,0,0,0,13.5,99.17,-154949,100,1528023918.965,17840,2,1,0,4,0,0,0,0,4,347.66,347.66,7F,1,1,1,0080,82,40,40,0,0,19,34.75
03/06/2018 12:05:22,55 49.76607,-2 3.46928,475,48,264,523067,1144818,349.06,21.293,3644,3627,3636,17,0,95.0,35.0,90.4,32.4,none,none,82.8,28.2,3631,-3638,3632,-3638,3634,3639,3638,3638,3635,-3641,3635,-3641,3634,-3642,3634,-3643,3634,3642,3635,-3641,3635,-3642,3636,-3642,3637,-3643,3634,-3642,3635,3641,3636,-3641,3636,-3641,3637,-3642,3637,-3641,3636,-3640,3636,-3640,3635,-3640,3634,-3639,3632,3636,3628,-3637,3627,-3638,3630,-3638,3630,-3636,3633,3640,3631,-3637,3627,-3642,3631,-3642,3631,-3642,3629,-3640,3633,-3642,3631,-3639,3630,-3641,3628,3642,3628,-3644,3631,-3643,3629,-3643,3627,-3640,3630,3641,3632,-3641,3630,-3638,3628,-3636,3628,-3638,3628,-3634,-0.54,SJNFAAZE1U0005576,117.82,13.04,9084.724609375,78,75,0,0,0,0,13.5,99.17,-154949,100,1528023922.579,8640,2,1,0,4,0,0,0,0,4,349.03,349.03,7F,1,1,1,0080,82,40,40,0,0,19,7.75
03/06/2018 12:05:26,55 49.80829,-2 3.50415,475,47,264,522946,1144818,349.44,13.999,3649,3631,3640,18,0,95.0,35.0,90.4,32.4,none,none,82.8,28.2,3634,-3643,3636,-3643,3638,3642,3642,-3643,3639,-3646,3639,3645,3639,-3647,3640,-3648,3639,-3645,3640,-3645,3640,-3646,3640,-3646,3641,-3647,3638,-3647,3639,-3645,3641,-3645,3641,3644,3641,-3644,3640,-3645,3640,-3645,3639,-3643,3640,-3644,3638,-3642,3637,-3640,3634,-3641,3632,3642,3635,-3641,3636,-3642,3639,-3644,3635,-3642,3632,3645,3635,-3645,3635,-3645,3635,-3645,3637,-3647,3635,-3645,3636,-3645,3632,-3647,3634,-3649,3634,3648,3633,-3646,3631,-3645,3635,-3645,3637,-3646,3634,3642,3633,-3641,3633,-3643,3632,-3639,-0.55,SJNFAAZE1U0005576,117.82,13.04,9084.724609375,78,75,0,0,0,0,13.5,99.17,-154949,100,1528023926.529,3000,2,1,0,4,0,0,0,0,4,349.61,349.61,7F,1,1,1,0080,82,40,40,0,0,19,12.50
03/06/2018 12:05:30,55 49.8487,-2 3.54167,475,48,264,522660,1144818,348.29,47.233,3635,3621,3628,14,0,95.2,35.1,90.4,32.4,none,none,82.8,28.2,-3626,3623,-3630,3624,-3632,3628,-3632,3628,-3632,3629,-3634,3630,-3632,3629,-3634,3628,-3634,3631,-3632,3629,-3634,3629,-3635,3631,-3635,3628,-3634,3627,-3633,3632,-3633,3631,-3633,3631,-3634,3631,-3633,3630,-3633,3629,-3633,3630,-3631,3629,-3630,3628,-3629,3626,-3624,3621,-3626,3622,-3626,3624,-3627,3623,-3631,3626,-3631,3623,-3627,3623,-3632,3624,-3634,3626,-3632,3623,-3633,3626,-3632,3625,-3630,3621,-3632,3624,-3631,3624,-3635,3624,-3633,3624,-3630,3621,-3630,3623,-3633,3622,-3627,3623,-3627,3621,-3628,3623,-3627,3622,-0.52,SJNFAAZE1U0005576,117.82,13.04,9084.724609375,78,75,0,0,0,0,13.5,99.17,-154949,100,1528023930.200,12240,2,1,0,4,0,0,0,0,4,348.53,348.53,7F,1,1,1,0080,82,40,40,0,0,19,30.00
03/06/2018 12:05:33,55 49.88934,-2 3.58872,469,48,264,522200,1144818,348.00,54.709,3632,3618,3625,14,0,95.2,35.1,90.4,32.4,none,none,82.6,28.1,-3622,3621,-3627,3622,-3627,3626,-3629,3626,-3629,3626,-3629,3628,-3630,3626,-3631,3628,-3630,3627,-3630,3626,-3631,3627,-3632,3628,-3632,3626,-3632,3626,-3630,3628,-3630,3629,-3629,3627,-3630,3628,-3630,3627,-3630,3627,-3629,3627,-3627,3627,-3626,3624,-3626,3623,-3622,3619,-3622,3620,-3624,3621,-3624,3621,-3630,3624,-3627,3621,-3624,3620,-3630,3621,-3631,3622,-3628,3622,-3630,3622,-3629,3623,-3632,3618,-3628,3619,-3630,3621,-3632,3621,-3631,3621,-3627,3620,-3626,3620,-3629,3622,-3624,3620,-3623,3619,-3625,3619,-3624,3620,-0.52,SJNFAAZE1U0005576,117.82,13.04,9084.724609375,78,75,0,0,0,0,13.5,99.17,-154949,100,1528023933.884,15640,2,1,0,4,0,0,0,0,4,348.16,348.16,7F,1,1,1,0080,82,40,40,0,0,19,29.75
03/06/2018 12:05:37,55 49.91803,-2 3.62158,465,47,264,521737,1144818,348.10,52.115,3634,3617,3626,17,0,95.2,35.1,90.4,32.4,none,none,82.6,28.1,-3624,3620,-3627,3621,-3629,3625,-3631,3626,-3630,3626,-3630,3626,-3632,3626,-3633,3626,-3631,3626,-3632,3625,-3631,3626,-3633,3627,-3633,3625,-3633,3625,-3632,3628,-3631,3627,-3631,3627,-3631,3628,-3631,3627,-3631,3626,-3630,3625,-3629,3626,-3628,3624,-3627,3622,-3623,3617,-3624,3619,-3626,3621,-3625,3620,-3631,3622,-3627,3620,-3625,3619,-3631,3620,-3632,3622,-3630,3622,-3632,3622,-3631,3622,-3633,3617,-3630,3619,-3632,3619,-3634,3619,-3632,3619,-3629,3618,-3628,3620,-3631,3620,-3626,3619,-3625,3619,-3627,3618,-3626,3618,-0.55,SJNFAAZE1U0005576,117.82,13.04,9084.724609375,78,75,0,0,0,0,13.5,99.17,-154949,100,1528023937.605,15560,2,1,0,5,0,0,0,0,4,348.03,348.03,7F,1,1,1,0080,82,40,40,0,0,19,26.50
03/06/2018 12:05:41,55 49.95911,-2 3.67526,465,51,264,521292,1144818,348.10,47.843,3632,3618,3626,14,0,95.2,35.1,90.4,32.4,none,none,82.8,28.2,-3623,3621,-3628,3621,-3628,3626,-3630,3625,-3629,3627,-3630,3627,-3631,3627,-3632,3627,-3632,3627,-3632,3626,-3631,3627,-3631,3628,-3632,3625,-3631,3627,-3630,3627,-3630,3627,-3630,3627,-3630,3628,-3631,3627,-3630,3626,-3630,3627,-3629,3627,-3627,3625,-3625,3622,-3622,3618,-3623,3620,-3626,3621,-3624,3621,-3630,3623,-3627,3620,-3624,3619,-3630,3622,-3631,3621,-3630,3622,-3631,3624,-3629,3624,-3631,3618,-3629,3620,-3632,3622,-3632,3621,-3631,3620,-3628,3620,-3627,3621,-3630,3623,-3624,3620,-3624,3619,-3625,3620,-3625,3619,-0.60,SJNFAAZE1U0005576,117.82,13.04,9084.724609375,78,75,0,0,0,0,13.5,99.17,-154949,100,1528023941.099,14280,2,1,0,4,0,0,0,0,4,348.14,348.14,7F,1,1,1,0080,82,40,40,0,0,19,25.50
03/06/2018 12:05:44,55 49.99898,-2 3.73003,475,53,263,520855,1144818,347.81,52.268,3631,3615,3623,16,0,95.0,35.0,90.4,32.4,none,none,82.6,28.1,-3618,3626,-3620,3626,-3621,3627,-3625,3626,-3623,3629,-3624,3629,-3624,3630,-3625,3631,-3624,3629,-3623,3628,-3624,3630,-3625,3629,-3625,3630,-3623,3630,3623,-3629,3625,3629,3625,-3629,3625,-3628,3625,-3630,3625,-3629,3625,-3627,3624,3628,3621,-3625,3620,-3623,3615,-3622,3615,-3624,3617,3623,3618,-3622,3623,-3627,3620,-3624,3617,-3628,3619,-3629,3621,-3627,3619,-3628,3620,-3628,3619,3627,3623,-3627,3616,-3628,-3618,3629,3619,-3628,-3618,3630,-3615,3627,-3618,3626,-3621,3629,-3616,3623,-3617,3623,-3616,3624,-3615,3621,-0.57,SJNFAAZE1U0005576,117.82,13.04,9084.724609375,78,75,0,0,0,0,13.5,99.17,-154949,100,1528023944.925,14320,2,1,0,5,0,0,0,0,4,347.94,347.94,7F,1,1,1,0080,82,40,40,0,0,19,27.25
03/06/2018 12:05:48,55 50.0297,-2 3.77123,479,53,263,520358,1144818,347.71,56.022,3630,3611,3622,19,0,95.2,35.1,90.4,32.4,none,none,82.8,28.2,3615,3625,3617,-3624,3619,3626,3624,-3626,3620,-3629,3622,-3629,3622,-3629,3621,-3630,3622,-3629,3622,3629,3622,-3629,3621,-3629,3622,-3630,3622,-3630,3622,3628,3623,-3629,3622,-3628,3623,-3627,3623,-3628,3622,-3628,3622,-3628,3621,-3628,3619,-3624,3618,3622,3613,-3623,3612,-3623,3614,-3622,3615,-3622,3620,3626,3616,-3624,3613,-3626,3615,-3628,3617,-3628,3616,-3627,3618,-3628,3616,-3627,3618,-3628,3612,3629,3615,-3630,3616,-3629,3615,-3630,3611,-3626,3615,-3627,3618,3627,3613,-3624,3613,-3623,3613,-3624,3613,-3620,-0.56,SJNFAAZE1U0005576,117.82,13.04,9084.724609375,78,75,0,0,0,0,13.5,99.17,-154949,100,1528023948.588,15440,2,1,0,5,0,0,0,0,4,347.77,347.77,7F,1,1,1,0080,82,40,40,0,0,19,26.25
03/06/2018 12:05:52,55 50.06807,-2 3.83035,479,51,263,519928,1144818,348.10,44.120,3633,3618,3626,15,0,95.2,35.1,90.4,32.4,none,none,82.8,28.2,3620,-3627,3623,-3628,3624,3628,3628,-3629,3625,-3631,3626,-3631,3626,-3632,3626,-3632,3627,-3632,3626,-3631,3628,-3633,3627,3631,3628,-3632,3625,-3631,3626,-3630,3628,-3632,3628,3631,3629,-3631,3628,-3632,3627,-3631,3627,-3630,3627,-3631,3624,-3628,3623,-3625,3619,-3624,3618,3627,3620,-3626,3621,-3626,3625,-3630,3622,-3626,3618,-3629,3622,3630,3622,-3630,3622,-3631,3624,-3632,3622,-3629,3623,3628,3619,-3632,3619,-3632,3621,-3632,3621,-3631,3618,-3630,3620,-3630,3622,-3629,3618,-3627,3619,3627,3618,-3626,3619,-3625,-0.56,SJNFAAZE1U0005576,117.82,13.04,9084.724609375,78,75,0,0,0,0,13.5,99.17,-154949,100,1528023952.041,14000,2,0,0,0,0,0,0,0,4,348.04,348.04,7F,1,1,1,0080,82,40,40,0,0,19,20.00
03/06/2018 12:05:55,55 50.09899,-2 3.87876,488,57,263,519588,1144818,348.10,41.495,3634,3617,3626,17,0,95.2,35.1,90.4,32.4,none,none,82.6,28.1,3619,-3627,3622,-3628,3624,3630,3628,-3628,3625,3632,3626,-3633,3626,-3634,3626,-3633,3627,-3633,3626,-3632,3626,-3632,3627,-3633,3627,-3632,3625,3633,3627,-3633,3627,-3632,3627,-3631,3628,-3631,3627,-3632,3626,3631,3627,-3631,3626,-3632,3623,-3629,3621,-3626,3618,3626,3619,-3627,3621,-3626,3620,-3626,3624,-3630,3622,-3629,3619,-3630,3621,-3631,3622,-3631,3620,3630,3623,-3631,3621,-3631,3622,-3630,3619,-3632,3620,3632,3621,-3631,3620,-3632,3617,-3629,3620,-3629,3622,-3630,3618,-3627,3619,-3626,3618,-3627,3618,3624,-0.55,SJNFAAZE1U0005576,117.82,13.04,9084.724609375,78,75,0,0,0,0,13.5,99.17,-154949,100,1528023955.393,11920,2,0,0,0,0,0,0,0,4,348.15,348.15,7F,1,1,1,0080,82,40,40,0,0,19,19.75
03/06/2018 12:05:59,55 50.13889,-2 3.94442,495,55,263,519221,1144818,348.00,44.517,3633,3614,3625,19,0,95.2,35.1,90.4,32.4,none,none,82.8,28.2,3618,-3627,3621,3626,3622,3628,3627,-3628,3624,-3631,3624,-3631,3624,3633,3624,-3633,3623,-3631,3625,-3630,3624,-3633,3625,-3630,3626,3632,3624,-3632,3623,-3630,3626,-3631,3625,-3630,3626,-3630,3625,-3631,3625,-3630,3625,-3628,3624,3630,3622,-3627,3620,-3625,3616,-3625,3616,-3626,3618,3624,3617,-3625,3624,-3630,3619,-3626,3615,-3629,3619,-3631,3620,-3630,3620,-3631,3621,-3631,3620,3629,3623,-3630,3616,-3630,3617,-3633,3619,-3632,3618,3632,3614,-3628,3617,-3629,3619,-3631,3616,-3626,3617,-3626,3617,-3626,3616,-3622,-0.56,SJNFAAZE1U0005576,117.82,13.04,9084.724609375,78,75,0,0,0,0,13.5,99.17,-154949,100,1528023959.062,12640,2,0,0,0,0,0,0,0,4,348.05,348.05,7F,1,1,1,0080,82,40,40,0,0,19,21.75
03/06/2018 12:06:02,55 50.16729,-2 3.99418,495,56,262,518889,1144818,349.06,20.133,3643,3629,3636,14,0,95.2,35.1,90.4,32.4,none,none,82.6,28.1,-3635,3632,-3638,3634,-3640,3636,-3640,3636,-3640,3636,-3640,3637,-3640,3638,-3641,3636,-3641,3637,-3640,3635,-3640,3637,-3642,3637,-3643,3636,-3642,3635,-3640,3637,-3641,3638,-3640,3637,-3640,3638,-3641,3637,-3641,3637,-3641,3637,-3639,3637,-3638,3635,-3637,3634,-3634,3630,-3637,3631,-3637,3631,-3636,3630,-3640,3632,-3638,3631,-3637,3631,-3642,3632,-3641,3633,-3640,3633,-3642,3633,-3640,3633,-3640,3629,-3641,3631,-3642,3632,-3643,3631,-3642,3631,-3639,3631,-3640,3631,-3641,3633,-3636,3631,-3636,3629,-3636,3630,-3636,3631,-0.57,SJNFAAZE1U0005576,117.82,13.04,9084.724609375,78,75,0,0,0,0,13.5,99.17,-154949,100,1528023962.799,7520,2,0,0,0,0,0,0,0,4,348.86,348.86,7F,1,1,1,0080,82,40,40,0,0,19,-1.00
03/06/2018 12:06:06,55 50.2015,-2 4.06226,498,52,262,518926,1144818,350.69,-21.033,3661,3645,3653,16,0,95.0,35.0,90.4,32.4,none,none,82.6,28.1,-3654,3649,-3656,3649,-3658,3652,-3658,3651,-3658,3652,-3658,3653,-3658,3650,-3659,3651,-3658,3651,-3658,3650,-3659,3652,-3659,3652,-3659,3650,-3660,3650,-3657,3651,-3658,3652,-3657,3652,-3657,3653,-3658,3653,-3657,3652,-3658,3652,-3659,3653,-3656,3651,-3655,3650,-3652,3647,-3656,3648,-3655,3650,-3655,3649,-3659,3650,-3657,3649,-3656,3647,-3659,3648,-3659,3649,-3659,3649,-3659,3649,-3658,3649,-3656,3645,-3660,3645,-3661,3646,-3661,3648,-3660,3647,-3658,3647,-3657,3648,-3658,3649,-3654,3648,-3654,3646,-3655,3647,-3655,3646,-0.54,SJNFAAZE1U0005576,117.82,13.04,9084.724609375,78,75,0,0,0,0,13.5,99.17,-154951,100,1528023966.445,0,2,1,0,3,0,0,0,0,4,350.49,350.49,7F,1,1,1,0080,82,40,40,0,0,19,-19.25
03/06/2018 12:06:09,55 50.22802,-2 4.12705,482,48,262,519114,1144818,350.30,-4.340,3658,3640,3649,18,0,95.0,35.0,90.4,32.4,none,none,82.8,28.2,-3649,3646,-3652,3645,-3652,3647,-3653,3647,-3654,3649,-3653,3650,-3654,3648,-3654,3648,-3653,3648,-3653,3647,-3653,3648,-3654,3647,-3655,3648,-3656,3646,-3653,3650,-3653,3649,-3651,3648,-3653,3649,-3653,3649,-3653,3648,-3653,3649,-3653,3649,-3651,3647,-3651,3646,-3648,3644,-3650,3643,-3652,3644,-3650,3644,-3655,3646,-3653,3643,-3651,3642,-3655,3644,-3655,3644,-3654,3644,-3655,3645,-3654,3645,-3653,3640,-3655,3641,-3656,3643,-3658,3642,-3656,3642,-3652,3642,-3652,3643,-3654,3645,-3652,3643,-3650,3642,-3651,3642,-3650,3642,-0.54,SJNFAAZE1U0005576,117.82,13.04,9084.724609375,78,75,0,0,0,0,13.5,99.17,-154959,100,1528023969.954,0,2,1,0,4,0,0,0,0,4,350.41,350.41,7F,1,1,1,0080,82,40,40,0,0,19,4.25
03/06/2018 12:06:13,55 50.24659,-2 4.1812,492,49,262,518913,1144818,348.67,46.439,3641,3624,3632,17,0,95.2,35.1,90.4,32.4,none,none,82.8,28.2,-3631,3628,-3635,3629,-3636,3632,-3636,3631,-3637,3633,-3638,3634,-3639,3633,-3640,3634,-3637,3633,-3638,3632,-3638,3633,-3639,3634,-3640,3633,-3639,3632,-3637,3634,-3637,3634,-3636,3634,-3637,3635,-3636,3633,-3637,3634,-3638,3633,-3637,3634,-3634,3631,-3632,3630,-3629,3626,-3632,3626,-3634,3627,-3633,3627,-3638,3629,-3634,3627,-3634,3626,-3638,3627,-3638,3628,-3638,3628,-3638,3628,-3637,3629,-3640,3624,-3638,3626,-3640,3625,-3641,3625,-3639,3627,-3636,3626,-3636,3627,-3637,3630,-3632,3625,-3632,3626,-3633,3626,-3632,3626,-0.54,SJNFAAZE1U0005576,117.82,13.04,9086.333984375,78,75,0,0,0,0,13.5,99.17,-154959,100,1528023973.763,12040,2,1,0,4,0,0,0,0,4,348.68,348.68,7F,1,1,1,0080,82,40,40,0,0,19,29.50
03/06/2018 12:06:17,55 50.27258,-2 4.25326,492,49,262,518440,1144818,348.67,42.624,3638,3624,3632,14,0,95.2,35.1,90.4,32.4,none,none,82.6,28.1,-3626,3633,-3629,3633,-3630,3634,-3634,3634,-3631,3637,-3632,3636,-3633,3638,-3633,3637,-3632,3636,-3632,3636,-3632,3637,-3634,3636,-3634,3637,-3632,3638,-3632,3636,-3633,3636,-3633,3635,-3634,3636,-3633,3637,-3632,3636,-3633,3635,-3631,3636,-3630,3634,-3628,3631,-3624,3631,-3625,3632,-3626,3632,-3626,3630,-3631,3635,-3628,3631,-3624,3635,-3628,3636,-3629,3635,-3629,3636,-3631,3636,-3629,3634,-3630,3634,-3626,3635,-3627,3636,-3628,3636,-3628,3636,-3624,3634,-3627,3634,-3629,3636,-3625,3632,-3626,3631,-3624,3632,-3625,3628,-0.53,SJNFAAZE1U0005576,117.82,13.04,9086.333984375,78,75,0,0,0,0,13.5,99.17,-154959,100,1528023977.448,14720,2,1,0,4,0,0,0,0,4,348.52,348.52,7F,1,1,1,0080,82,40,40,0,0,19,17.50
03/06/2018 12:06:21,55 50.30175,-2 4.32179,505,48,262,518237,1144818,349.82,6.247,3651,3635,3644,16,0,95.0,35.0,90.4,32.4,none,none,82.6,28.1,3638,-3646,3640,-3646,3642,3648,3645,-3647,3643,-3649,3643,3649,3643,-3650,3642,-3650,3642,-3649,3642,-3648,3642,3650,3643,-3649,3643,-3649,3642,-3649,3643,-3648,3644,-3648,3644,-3648,3643,-3649,3644,-3649,3644,3648,3645,-3648,3644,-3647,3641,-3646,3640,-3644,3638,3645,3638,-3646,3640,-3645,3639,-3645,3643,-3648,3640,-3647,3637,3648,3639,-3649,3639,-3650,3640,-3647,3642,-3649,3640,-3648,3639,-3649,3637,-3650,3637,-3650,3639,3651,3639,-3650,3635,-3647,3638,-3647,3640,-3647,3638,3646,3638,-3645,3638,-3646,3637,-3643,-0.55,SJNFAAZE1U0005576,117.82,13.04,9086.333984375,78,75,0,0,0,0,13.5,99.17,-154959,100,1528023981.016,4000,2,1,0,4,0,0,0,0,4,349.79,349.79,7F,1,1,1,0080,82,40,40,0,0,19,-0.75
03/06/2018 12:06:24,55 50.33321,-2 4.38565,498,50,262,518216,1144818,350.11,1.823,3654,3638,3647,16,0,95.2,35.1,90.4,32.4,none,none,82.6,28.1,3641,-3649,3644,-3650,3646,3651,3648,-3648,3646,-3651,3646,-3652,3646,-3653,3645,3652,3646,-3652,3646,-3651,3646,-3653,3645,-3652,3647,3653,3645,-3653,3645,-3651,3647,-3652,3647,-3651,3648,-3650,3647,-3652,3646,-3652,3647,-3651,3647,3652,3645,-3649,3644,-3648,3641,-3648,3641,-3650,3644,3649,3643,-3649,3646,-3651,3642,-3650,3640,-3652,3642,-3653,3642,3652,3642,-3653,3644,-3652,3642,-3652,3641,-3652,3640,-3654,3641,-3654,3641,-3653,3641,-3653,3638,3652,3641,-3652,3643,-3652,3640,-3649,3640,-3648,3640,3650,3639,-3645,-0.52,SJNFAAZE1U0005576,117.82,13.04,9086.333984375,78,75,0,0,0,0,13.5,99.17,-154959,100,1528023984.988,280,2,1,0,4,0,0,0,0,4,350.16,350.16,7F,1,1,1,0080,82,40,40,0,0,19,1.25
03/06/2018 12:06:28,55 50.35593,-2 4.42905,498,46,262,518135,1144818,349.73,14.518,3652,3634,3643,18,0,95.2,35.1,90.4,32.4,none,none,82.8,28.2,3638,3646,3640,-3646,3641,3647,3645,-3645,3642,-3649,3643,-3649,3642,-3650,3642,-3649,3643,-3649,3643,3648,3643,-3650,3643,-3649,3643,-3649,3642,-3650,3642,3649,3643,-3649,3643,-3647,3644,-3647,3645,-3649,3642,-3648,3644,-3648,3643,-3648,3641,-3645,3640,3643,3638,-3645,3636,-3645,3637,-3646,3639,-3645,3643,3648,3639,-3646,3636,-3648,3639,-3650,3639,-3650,3638,-3650,3640,3650,3638,-3647,3640,-3649,3636,-3650,3636,-3652,3637,-3651,3637,-3651,3634,-3647,3639,-3649,3639,3648,3637,-3646,3637,-3646,3636,-3645,3635,-3643,-0.54,SJNFAAZE1U0005576,117.82,13.04,9086.333984375,78,75,0,0,0,0,13.0,99.17,-154959,100,1528023988.781,3880,2,1,0,5,0,0,0,0,4,349.90,349.90,7F,1,1,1,0080,82,40,40,0,0,19,10.75
03/06/2018 12:06:32,55 50.38763,-2 4.48492,492,47,262,517944,1144818,349.54,23.246,3649,3631,3641,18,0,95.0,35.0,90.4,32.4,none,none,82.8,28.2,3635,-3644,3636,-3644,3638,3644,3642,-3644,3640,-3646,3639,-3646,3640,-3648,3640,-3646,3639,-3646,3640,-3645,3639,-3647,3641,3646,3641,-3647,3640,-3648,3640,-3645,3641,-3645,3640,3645,3641,-3645,3641,-3645,3641,-3646,3641,-3644,3640,-3646,3638,-3643,3638,-3641,3635,-3641,3634,3643,3636,-3642,3636,-3641,3639,-3646,3636,-3643,3634,-3646,3637,3647,3635,-3646,3636,-3647,3638,-3647,3637,-3646,3635,3646,3633,-3647,3633,-3649,3635,-3648,3635,-3647,3631,-3645,3635,-3646,3636,-3646,3634,-3642,3634,3643,3634,-3643,3632,-3640,-0.52,SJNFAAZE1U0005576,117.82,13.04,9086.333984375,78,75,0,0,0,0,13.0,99.17,-154959,100,1528023992.655,6800,2,1,0,5,0,0,0,0,4,349.56,349.56,7F,1,1,1,0080,82,40,40,0,0,19,13.00
03/06/2018 12:06:36,55 50.42262,-2 4.53347,482,48,262,517705,1144818,349.34,26.664,3647,3630,3639,17,0,95.2,35.1,90.4,32.4,none,none,82.8,28.2,-3639,3635,-3641,3636,-3642,3639,-3643,3638,-3644,3638,-3643,3640,-3645,3639,-3645,3639,-3644,3639,-3644,3638,-3645,3639,-3644,3639,-3646,3637,-3645,3638,-3644,3641,-3643,3640,-3644,3640,-3643,3641,-3644,3640,-3644,3639,-3643,3639,-3642,3640,-3641,3637,-3640,3636,-3637,3633,-3638,3634,-3641,3635,-3640,3634,-3643,3635,-3642,3634,-3641,3633,-3645,3635,-3645,3635,-3644,3634,-3646,3635,-3646,3636,-3645,3630,-3645,3632,-3645,3632,-3647,3633,-3647,3633,-3642,3633,-3643,3634,-3645,3635,-3640,3633,-3640,3632,-3641,3633,-3639,3633,-0.54,SJNFAAZE1U0005576,117.82,13.04,9086.333984375,78,75,0,0,0,0,13.0,99.17,-154959,100,1528023996.377,7680,2,1,0,5,0,0,0,0,4,349.42,349.42,7F,1,1,1,0080,81,40,40,0,0,19,16.50
03/06/2018 12:06:40,55 50.46227,-2 4.57835,479,49,262,517429,1144818,349.25,28.251,3647,3630,3638,17,0,95.0,35.0,90.4,32.4,none,none,82.6,28.1,-3636,3634,-3641,3635,-3643,3638,-3643,3638,-3643,3638,-3643,3640,-3643,3639,-3645,3638,-3644,3638,-3644,3637,-3644,3639,-3645,3641,-3645,3637,-3645,3637,-3643,3640,-3643,3641,-3643,3639,-3643,3640,-3644,3640,-3644,3639,-3644,3638,-3642,3639,-3641,3637,-3639,3636,-3636,3632,-3639,3633,-3640,3633,-3639,3633,-3644,3635,-3641,3633,-3640,3632,-3645,3633,-3644,3635,-3644,3634,-3643,3634,-3643,3635,-3645,3630,-3644,3632,-3645,3632,-3647,3633,-3645,3633,-3642,3632,-3641,3633,-3643,3634,-3639,3633,-3638,3630,-3639,3633,-3640,3632,-0.54,SJNFAAZE1U0005576,117.82,13.04,9086.333984375,78,75,0,0,0,0,13.0,99.17,-154959,100,1528024000.227,8880,2,0,0,0,0,0,0,0,4,349.30,349.30,7F,1,1,1,0080,81,40,40,0,0,19,12.50
03/06/2018 12:06:43,55 50.49549,-2 4.61052,482,49,262,517304,1144818,350.50,-5.927,3659,3643,3651,16,0,95.0,35.0,90.2,32.3,none,none,82.6,28.1,-3651,3647,-3655,3647,-3655,3651,-3655,3649,-3655,3650,-3655,3652,-3654,3650,-3657,3649,-3656,3650,-3655,3648,-3656,3649,-3656,3651,-3658,3649,-3656,3650,-3654,3652,-3655,3650,-3655,3650,-3655,3652,-3655,3651,-3656,3650,-3657,3650,-3655,3651,-3654,3649,-3653,3649,-3650,3645,-3653,3646,-3653,3648,-3653,3647,-3656,3648,-3655,3646,-3654,3646,-3657,3645,-3657,3647,-3657,3646,-3657,3647,-3657,3648,-3655,3643,-3658,3645,-3658,3645,-3659,3645,-3658,3644,-3656,3644,-3655,3646,-3656,3646,-3653,3648,-3652,3645,-3653,3645,-3652,3645,-0.55,SJNFAAZE1U0005576,117.82,13.04,9086.333984375,78,75,0,0,0,0,13.0,99.17,-154959,100,1528024003.894,40,2,0,0,0,0,0,0,0,4,350.51,350.51,7F,1,1,1,0080,81,40,40,0,0,19,-9.50
03/06/2018 12:06:47,55 50.53553,-2 4.6535,475,46,262,517429,1144818,351.36,-23.779,3667,3652,3660,15,0,95.0,35.0,90.2,32.3,none,none,82.6,28.1,-3661,3656,-3663,3657,-3663,3659,-3662,3658,-3664,3659,-3664,3659,-3664,3658,-3664,3657,-3664,3658,-3663,3656,-3665,3658,-3664,3659,-3664,3657,-3665,3658,-3663,3660,-3662,3660,-3663,3658,-3663,3660,-3664,3659,-3663,3659,-3664,3659,-3663,3660,-3661,3658,-3661,3658,-3659,3656,-3662,3656,-3663,3657,-3661,3656,-3664,3657,-3663,3657,-3662,3655,-3665,3656,-3666,3657,-3665,3655,-3666,3656,-3665,3657,-3662,3652,-3666,3653,-3665,3654,-3667,3655,-3666,3654,-3664,3655,-3663,3655,-3664,3656,-3661,3656,-3661,3654,-3663,3654,-3661,3655,-0.55,SJNFAAZE1U0005576,117.82,13.04,9086.333984375,78,75,0,0,0,0,13.0,99.17,-154964,100,1528024007.508,0,2,0,0,0,0,0,0,0,4,351.35,351.35,7F,1,1,1,0080,81,40,40,0,0,19,-15.25
03/06/2018 12:06:51,55 50.571,-2 4.70219,475,47,262,517496,1144818,350.11,16.410,3655,3639,3647,16,0,95.0,35.0,90.2,32.3,none,none,82.6,28.1,-3642,3650,-3644,3651,-3646,3649,-3649,3651,-3648,3653,-3647,3653,-3647,3653,-3645,3654,-3645,3652,-3646,3651,-3646,3653,-3647,3653,-3648,3654,-3646,3653,-3646,3653,-3648,3652,-3647,3651,-3648,3652,-3647,3652,-3647,3652,-3647,3652,-3648,3652,-3645,3650,-3644,3648,-3640,3649,-3641,3651,-3641,3649,-3642,3649,-3646,3651,-3643,3650,-3640,3652,-3642,3653,-3644,3653,-3642,3653,-3644,3652,-3643,3653,-3643,3654,-3641,3654,-3640,3654,-3641,3655,-3641,3654,-3639,3652,-3641,3652,-3642,3653,-3641,3649,-3641,3649,-3641,3649,-3640,3646,-0.55,SJNFAAZE1U0005576,117.82,13.04,9086.333984375,78,75,0,0,0,0,13.0,99.17,-154967,100,1528024011.157,3680,2,0,0,0,0,0,0,0,4,350.31,350.31,7F,1,1,1,0080,81,40,40,0,0,19,15.00
03/06/2018 12:06:54,55 50.59134,-2 4.74495,479,46,262,517249,1144818,349.34,36.216,3645,3631,3639,14,0,95.0,35.0,90.2,32.3,none,none,82.6,28.1,3635,3642,3636,-3641,3637,3642,3642,-3642,3638,-3644,3639,-3644,3638,3644,3639,-3645,3639,-3644,3638,-3643,3639,-3644,3639,-3644,3640,-3645,3639,-3645,3638,-3644,3640,3645,3640,-3643,3640,-3643,3641,-3645,3639,-3644,3639,3643,3639,-3644,3638,-3642,3636,-3639,3633,-3641,3633,-3641,3635,-3640,3633,-3640,3638,-3642,3635,3641,3632,-3643,3635,-3644,3636,-3643,3636,-3645,3636,3644,3635,-3643,3638,-3643,3633,-3644,3634,-3645,3634,-3645,3634,-3645,3631,-3642,3634,-3643,3636,3644,3633,-3640,3632,-3640,3633,-3640,3631,-3637,-0.54,SJNFAAZE1U0005576,117.82,13.04,9086.333984375,78,75,0,0,0,0,13.0,99.17,-154967,100,1528024014.652,10000,2,1,0,4,0,0,0,0,4,349.52,349.52,7F,1,1,1,0080,81,40,40,0,0,19,21.25
03/06/2018 12:06:58,55 50.60988,-2 4.81417,475,45,261,516966,1144818,349.92,24.802,3651,3637,3645,14,0,95.0,35.0,90.2,32.3,none,none,82.6,28.1,3640,-3647,3642,-3648,3643,3648,3647,3648,3644,-3650,3644,-3650,3643,-3651,3645,-3650,3644,3649,3644,-3649,3645,-3650,3646,-3650,3646,-3651,3644,-3650,3643,-3648,3645,-3650,3645,-3648,3645,3649,3646,-3650,3646,-3650,3645,-3648,3646,-3651,3643,3648,3642,-3644,3638,-3646,3639,-3647,3640,-3646,3640,-3645,3644,-3649,3642,-3646,3638,-3648,3640,3650,3643,-3650,3641,-3650,3641,-3649,3640,-3649,3642,3650,3639,-3650,3639,-3651,3640,-3650,3639,-3651,3637,-3648,3640,-3648,3641,-3649,3638,-3646,3639,3645,3638,-3646,3639,-3644,-0.55,SJNFAAZE1U0005576,117.82,13.04,9086.333984375,78,75,0,0,0,0,13.0,99.17,-154967,100,1528024018.275,8520,2,1,0,4,0,0,0,0,4,349.70,349.70,7F,1,1,1,0080,81,40,40,0,0,19,8.75
03/06/2018 12:07:01,55 50.61787,-2 4.87589,469,46,261,516809,1144818,349.92,19.431,3653,3636,3645,17,0,94.8,34.9,90.2,32.3,none,none,82.4,28.0,3639,-3649,3641,-3648,3643,3648,3647,-3647,3643,-3650,3645,3651,3643,-3652,3643,-3650,3644,-3651,3643,-3650,3644,3651,3645,-3650,3644,-3652,3642,-3651,3643,-3648,3645,-3651,3645,-3649,3646,-3649,3645,-3650,3643,3650,3645,-3650,3645,-3650,3643,-3648,3642,-3645,3637,3647,3638,-3647,3639,-3647,3640,-3646,3644,-3650,3641,-3648,3638,-3649,3640,-3652,3640,-3651,3640,3651,3641,-3650,3639,-3650,3640,-3651,3637,-3651,3637,3653,3639,-3653,3638,-3651,3636,-3649,3638,-3649,3640,-3649,3637,3647,3639,-3647,3637,-3648,3638,-3644,-0.54,SJNFAAZE1U0005576,117.82,13.04,9086.333984375,78,75,0,0,0,0,13.0,99.17,-154967,100,1528024021.873,5840,2,1,0,4,0,0,0,0,4,349.96,349.96,7F,1,1,1,0080,81,40,40,0,0,19,11.00
03/06/2018 12:07:05,55 50.61668,-2 4.95853,465,50,261,516624,1144818,349.73,23.826,3650,3634,3643,16,0,95.0,35.0,90.2,32.3,none,none,82.4,28.0,3638,-3645,3640,-3644,3640,3646,3644,-3645,3643,-3647,3642,-3647,3642,-3648,3642,3648,3643,-3648,3642,-3646,3642,-3647,3642,-3648,3644,3649,3643,-3647,3643,-3646,3643,-3647,3643,-3647,3643,-3647,3643,-3646,3643,-3646,3643,-3647,3643,3647,3641,-3644,3640,-3642,3637,-3643,3637,-3644,3638,3644,3638,-3642,3641,-3646,3639,-3645,3635,-3647,3639,-3648,3640,3648,3639,-3646,3641,-3646,3639,-3647,3639,-3648,3636,-3648,3636,-3650,3638,-3649,3637,-3648,3634,3646,3638,-3647,3638,-3647,3637,-3645,3636,-3643,3636,3643,3636,-3641,-0.52,SJNFAAZE1U0005576,117.82,13.04,9086.333984375,78,75,0,0,0,0,13.0,99.17,-154967,100,1528024025.413,6640,2,1,0,5,0,0,0,0,4,349.81,349.81,7F,1,1,1,0080,81,40,40,0,0,19,14.00
03/06/2018 12:07:09,55 50.60956,-2 5.0377,456,49,261,516402,1144818,350.21,14.915,3655,3641,3648,14,0,95.0,35.0,90.2,32.3,none,none,82.4,28.0,3648,3643,3650,-3644,-3652,3646,-3652,-3647,-3651,3647,-3652,3648,-3652,3647,-3652,3646,-3652,3647,-3651,3646,-3651,3647,-3653,3648,-3652,3645,-3652,3646,-3651,3648,-3650,3648,-3651,3648,-3651,3648,-3652,3648,-3652,3647,-3653,3647,-3652,3648,-3649,3646,-3649,3645,-3647,3643,-3648,3643,-3649,3645,-3649,3643,3652,-3645,-3650,3644,3649,-3643,3654,-3642,3653,-3643,3652,-3645,3654,3645,3654,-3644,3652,-3641,3652,-3641,3653,-3643,3655,-3644,3653,-3642,3651,-3643,3651,-3644,3653,3645,3650,-3644,3648,-3643,3650,-3643,3649,-3641,-0.57,SJNFAAZE1U0005576,117.82,13.04,9086.333984375,78,75,0,0,0,0,13.0,99.17,-154967,100,1528024029.299,7040,2,1,0,5,0,0,0,0,4,350.02,350.02,7F,1,1,1,0080,81,40,40,0,0,19,-2.75
03/06/2018 12:07:13,55 50.60307,-2 5.1212,442,50,261,516471,1144818,351.26,-18.012,3666,3651,3659,15,0,95.0,35.0,90.2,32.3,none,none,82.4,28.0,-3660,3654,-3662,3655,-3663,3657,-3663,3657,-3662,3657,-3663,3658,-3663,3657,-3664,3656,-3663,3657,-3663,3655,-3663,3657,-3664,3657,-3664,3655,-3664,3655,-3663,3657,-3663,3659,-3662,3658,-3662,3658,-3662,3657,-3663,3657,-3663,3658,-3663,3659,-3662,3656,-3661,3655,-3659,3654,-3661,3654,-3662,3656,-3661,3655,-3664,3655,-3664,3653,-3663,3653,-3665,3654,-3666,3654,-3664,3654,-3665,3655,-3665,3655,-3663,3651,-3666,3651,-3666,3652,-3666,3652,-3665,3652,-3663,3654,-3663,3653,-3663,3654,-3661,3655,-3660,3652,-3661,3653,-3661,3652,-0.55,SJNFAAZE1U0005576,117.82,13.04,9086.333984375,78,75,0,0,0,0,13.0,99.17,-154970,100,1528024033.229,0,2,1,0,5,0,0,0,0,4,351.29,351.29,7F,1,1,1,0080,81,40,40,0,0,19,-9.00
03/06/2018 12:07:17,55 50.60276,-2 5.20856,442,51,261,516531,1144818,350.69,3.745,3660,3646,3653,14,0,94.8,34.9,90.2,32.3,none,none,82.6,28.1,-3654,3650,-3656,3650,-3657,3653,-3658,3653,-3658,3653,-3657,3654,-3657,3652,-3658,3652,-3657,3652,-3657,3652,-3657,3653,-3658,3653,-3658,3651,-3657,3651,-3657,3653,-3658,3654,-3656,3653,-3656,3654,-3658,3653,-3656,3653,-3658,3654,-3658,3654,-3656,3652,-3655,3651,-3653,3649,-3655,3650,-3656,3651,-3656,3650,-3657,3651,-3656,3649,-3655,3648,-3659,3649,-3659,3650,-3658,3649,-3659,3650,-3658,3650,-3657,3646,-3659,3648,-3659,3649,-3660,3648,-3659,3648,-3656,3648,-3657,3648,-3658,3650,-3655,3649,-3654,3648,-3654,3648,-3655,3647,-0.55,SJNFAAZE1U0005576,117.82,13.04,9086.333984375,78,75,0,0,0,0,13.0,99.17,-154972,100,1528024037.061,80,2,1,0,5,0,0,0,0,4,350.81,350.81,7F,1,1,1,0080,81,40,40,0,0,19,3.50
03/06/2018 12:07:20,55 50.60455,-2 5.27579,452,52,261,516436,1144818,350.59,12.321,3661,3644,3652,17,0,94.8,34.9,90.2,32.3,none,none,82.4,28.0,-3653,3648,-3655,3648,-3656,3650,-3657,3650,-3657,3652,-3657,3651,-3657,3651,-3658,3650,-3657,3651,-3657,3650,-3656,3651,-3657,3651,-3658,3650,-3658,3649,-3657,3651,-3656,3652,-3656,3651,-3656,3651,-3657,3652,-3657,3651,-3657,3652,-3657,3652,-3655,3650,-3655,3649,-3652,3646,-3655,3647,-3655,3649,-3655,3647,-3657,3648,-3656,3647,-3655,3647,-3659,3647,-3659,3647,-3658,3648,-3660,3649,-3658,3648,-3657,3644,-3659,3644,-3659,3646,-3661,3647,-3660,3646,-3657,3647,-3656,3647,-3658,3648,-3654,3648,-3654,3646,-3655,3646,-3655,3646,-0.55,SJNFAAZE1U0005576,117.83,13.04,9086.333984375,78,75,0,0,0,0,13.0,99.17,-154972,100,1528024040.795,3520,2,1,0,5,0,0,0,0,4,350.53,350.53,7F,1,1,1,0080,81,40,40,0,0,19,0.25
03/06/2018 12:07:24,55 50.61319,-2 5.36319,436,53,261,516428,1144818,351.17,-8.704,3667,3651,3658,16,0,95.0,35.0,90.0,32.2,none,none,82.4,28.0,-3660,3654,-3661,3655,-3661,3657,-3662,3657,-3662,3658,-3661,3657,-3661,3656,-3662,3656,-3663,3657,-3662,3656,-3663,3657,-3663,3657,-3662,3655,-3664,3656,-3661,3658,-3662,3658,-3661,3658,-3661,3660,-3662,3658,-3662,3657,-3662,3658,-3662,3657,-3660,3656,-3660,3656,-3658,3653,-3661,3654,-3662,3656,-3661,3655,-3663,3655,-3662,3654,-3662,3653,-3665,3653,-3664,3654,-3663,3655,-3665,3655,-3664,3655,-3662,3651,-3666,3651,-3666,3651,-3667,3652,-3666,3653,-3664,3653,-3663,3653,-3665,3654,-3662,3654,-3661,3652,-3661,3653,-3660,3652,-0.56,SJNFAAZE1U0005576,117.83,13.04,9086.333984375,78,75,0,0,0,0,13.0,99.17,-154972,100,1528024044.372,0,2,1,0,5,0,0,0,0,4,351.27,351.27,7F,1,1,1,0080,81,40,40,0,0,19,-7.75
03/06/2018 12:07:28,55 50.62533,-2 5.44931,423,53,261,516484,1144818,351.17,-2.478,3666,3649,3658,17,0,94.8,34.9,90.0,32.2,none,none,82.4,28.0,3654,-3662,3655,-3661,3655,3660,3658,-3660,3656,-3662,3656,3662,3656,-3664,3656,-3663,3656,-3662,3656,-3660,3656,3662,3656,-3663,3657,-3664,3655,-3663,3656,-3661,3657,-3662,3656,-3661,3657,-3661,3658,-3663,3657,3662,3657,-3661,3657,-3662,3656,-3660,3654,-3658,3652,-3660,3653,3662,3654,-3660,3654,-3658,3656,-3662,3654,-3660,3652,3663,3654,-3664,3653,-3665,3653,-3663,3654,-3663,3653,-3662,3654,-3664,3650,-3664,3651,-3666,3652,3665,3652,-3665,3649,-3663,3652,-3662,3653,-3663,3652,3661,3651,-3660,3651,-3662,3651,-3658,-0.57,SJNFAAZE1U0005576,117.83,13.04,9087.943359375,78,75,0,0,0,0,13.0,99.17,-154974,100,1528024048.102,0,2,0,0,0,0,0,0,0,4,351.24,351.24,7F,1,1,1,0080,81,40,40,0,0,19,-2.50
03/06/2018 12:07:31,55 50.63629,-2 5.51527,419,55,261,516495,1144818,351.36,-4.492,3666,3652,3660,14,0,94.8,34.9,90.0,32.2,none,none,82.4,28.0,3657,-3663,3657,-3662,3659,3662,3661,-3661,3659,-3663,3659,-3663,3659,-3664,3658,3664,3659,-3663,3658,-3662,3659,-3664,3659,-3663,3660,3665,3658,-3664,3658,-3663,3659,-3662,3659,-3662,3660,-3663,3660,3664,3659,-3663,3661,-3663,3660,-3663,3659,-3662,3658,-3660,3655,-3661,3656,-3662,3656,-3662,3657,3662,3659,-3664,3657,-3662,3654,-3664,3656,-3665,3656,3666,3657,-3664,3658,-3664,3657,-3664,3655,-3665,3654,-3666,3654,-3666,3655,-3665,3654,-3666,3652,3663,3655,-3663,3656,-3664,3656,-3662,3656,-3662,3655,3662,3654,-3660,-0.55,SJNFAAZE1U0005576,117.83,13.04,9087.943359375,78,75,0,0,0,0,13.0,99.17,-154975,100,1528024051.804,0,2,0,0,0,0,0,0,0,4,351.39,351.39,7F,1,1,1,0080,81,40,40,0,0,19,-5.00
03/06/2018 12:07:35,55 50.65105,-2 5.60835,410,57,261,516525,1144818,351.26,-0.647,3665,3651,3659,14,0,95.0,35.0,90.0,32.2,none,none,82.4,28.0,3657,3661,3656,-3661,3657,3662,3660,-3661,3659,-3664,3657,-3662,3656,-3664,3657,-3664,3657,-3663,3657,3662,3657,-3664,3657,-3664,3659,-3663,3657,-3664,3657,-3662,3658,3662,3659,-3662,3659,-3662,3659,-3662,3658,-3663,3659,3662,3658,-3663,3657,-3661,3657,-3660,3655,-3662,3655,-3662,3656,-3661,3656,-3661,3658,-3662,3656,3662,3654,-3663,3656,-3665,3655,-3664,3656,-3663,3657,3664,3655,-3663,3656,-3664,3653,-3664,3653,-3665,3655,-3665,3654,-3664,3651,-3662,3654,-3662,3656,3663,3654,-3662,3653,-3661,3653,-3661,3653,-3658,-0.57,SJNFAAZE1U0005576,117.83,13.04,9087.943359375,78,75,0,0,0,0,13.0,99.17,-154976,100,1528024055.587,0,2,0,0,0,0,0,0,0,4,351.32,351.32,7F,1,1,1,0080,81,40,40,0,0,19,-1.75
03/06/2018 12:07:39,55 50.66716,-2 5.69644,377,55,261,516524,1144818,351.46,-3.608,3669,3654,3661,15,0,94.8,34.9,90.2,32.3,none,none,82.4,28.0,3658,-3665,3658,-3664,3659,3664,3663,-3663,3660,-3665,3661,-3665,3660,-3667,3659,-3666,3659,-3666,3660,-3665,3661,-3666,3660,3665,3660,-3667,3660,-3666,3659,-3664,3660,-3665,3661,-3664,3662,3665,3661,-3665,3661,-3666,3661,-3665,3661,-3666,3660,3664,3660,-3662,3656,-3664,3657,-3665,3658,-3664,3658,-3663,3660,-3666,3659,-3664,3655,-3667,3657,3668,3657,-3667,3657,-3666,3658,-3668,3657,-3666,3657,3669,3656,-3669,3655,-3668,3656,-3669,3655,-3669,3654,-3666,3657,-3666,3657,-3666,3657,-3665,3657,3664,3656,-3665,3655,-3661,-0.55,SJNFAAZE1U0005576,117.83,13.04,9087.943359375,78,75,0,0,0,0,13.0,99.17,-154976,100,1528024059.355,0,2,0,0,0,0,0,0,0,4,351.41,351.41,7F,1,1,1,0080,80,40,40,0,0,19,-7.00
03/06/2018 12:07:43,55 50.67898,-2 5.78387,367,53,261,516619,1144818,352.03,-18.500,3674,3662,3667,12,0,95.0,35.0,90.2,32.3,none,none,82.6,28.1,-3669,3665,-3670,3665,-3670,3667,-3671,3666,-3670,3667,-3670,3668,-3672,3667,-3672,3666,-3671,3666,-3671,3665,3671,3666,-3671,3667,3672,-3666,3672,-3665,3670,-3666,3671,-3667,3670,-3667,3670,-3668,3671,-3667,3671,3666,3671,-3667,3670,-3668,3669,-3666,3669,-3665,3667,3664,3671,-3666,-3670,3665,-3669,-3666,-3673,3665,-3671,3664,-3670,3662,-3673,3664,-3673,3665,-3673,3665,-3673,3664,-3672,3664,-3672,3662,-3674,3662,-3674,3662,-3674,3662,-3674,3662,-3671,3662,-3671,3663,-3672,3664,-3669,3663,-3669,3663,-3669,3663,-3670,3662,-0.54,SJNFAAZE1U0005576,117.83,13.04,9087.943359375,78,75,0,0,0,0,13.0,99.17,-154980,100,1528024063.068,0,2,1,0,11,0,0,0,0,4,352.08,352.08,7F,1,1,1,0080,80,40,40,0,0,19,-13.00
03/06/2018 12:07:46,55 50.68969,-2 5.84885,354,52,261,516745,1144818,351.74,-5.469,3672,3656,3664,16,0,94.8,34.9,90.0,32.2,none,none,82.4,28.0,-3665,3661,-3666,3661,-3668,3663,-3668,3662,-3668,3663,-3666,3664,-3668,3662,-3668,3662,-3668,3662,-3666,3661,-3668,3662,-3670,3663,-3669,3661,-3669,3661,-3667,3662,-3667,3662,-3666,3663,-3666,3664,-3667,3663,-3667,3663,-3667,3663,-3668,3663,-3666,3662,-3666,3661,-3665,3660,-3667,3660,-3667,3661,-3667,3660,-3669,3661,-3669,3659,-3667,3658,-3671,3659,-3671,3660,-3670,3661,-3669,3659,-3669,3660,-3668,3656,-3671,3657,-3671,3657,-3672,3658,-3671,3657,-3669,3659,-3669,3659,-3670,3660,-3667,3659,-3666,3659,-3668,3659,-3666,3658,-0.53,SJNFAAZE1U0005576,117.83,13.04,9087.943359375,78,75,0,0,0,0,13.0,99.17,-154985,100,1528024066.755,0,2,1,0,4,0,0,0,0,4,351.84,351.84,7F,1,1,1,0080,80,40,40,0,0,19,-3.25
03/06/2018 12:07:54,55 50.71754,-2 6.01901,337,52,261,516725,1144818,351.17,11.130,3666,3650,3658,16,0,94.8,34.9,90.0,32.2,none,none,82.4,28.0,-3658,3653,-3661,3655,-3662,3657,-3663,3656,-3663,3657,-3663,3657,-3663,3656,-3664,3656,-3663,3656,-3663,3654,-3663,3656,-3664,3656,-3663,3655,-3664,3655,-3661,3657,-3662,3657,-3662,3657,-3662,3658,-3662,3657,-3662,3656,-3662,3656,-3662,3657,-3661,3656,-3661,3654,-3659,3653,-3660,3653,-3659,3655,-3660,3654,-3663,3655,-3662,3653,-3662,3652,-3663,3652,-3665,3653,-3663,3653,-3664,3654,-3664,3653,-3664,3650,-3665,3651,-3664,3651,-3666,3653,-3665,3651,-3663,3652,-3662,3654,-3663,3653,-3660,3654,-3660,3652,-3661,3652,-3661,3651,-0.56,SJNFAAZE1U0005576,117.83,13.04,9087.943359375,78,75,0,0,0,0,13.0,99.17,-154985,100,1528024074.302,2160,2,1,0,4,0,0,0,0,4,351.28,351.28,7F,1,1,1,0080,80,40,40,0,0,19,-3.25
03/06/2018 12:11:23,55 51.21932,-2 10.43155,380,51,252,498418,1144818,347.14,42.502,3623,3606,3616,17,0,94.6,34.8,89.8,32.1,none,none,82.2,27.9,3610,-3618,3612,3618,3614,3619,3619,-3618,3615,-3622,3616,-3622,3615,3623,3615,-3622,3615,-3622,3615,-3621,3616,-3622,3615,-3621,3617,-3623,3614,-3622,3615,-3621,3617,3621,3617,-3622,3618,-3620,3617,-3621,3615,-3621,3616,3621,3615,-3621,3613,-3618,3613,-3615,3608,-3615,3608,-3617,3609,3616,3610,-3616,3613,-3620,3610,-3617,3609,-3621,3611,-3623,3611,-3621,3611,-3621,3613,-3622,3611,3621,3611,-3621,3607,-3622,3608,-3623,3610,-3622,3609,3622,3606,-3620,3609,-3620,3612,-3620,3608,-3617,3607,-3616,3607,-3617,3608,-3614,-0.55,SJNFAAZE1U0005576,117.83,13.04,9092.771484375,78,75,0,0,0,0,14.0,99.17,-154985,100,1528024283.042,10560,2,1,0,5,0,0,0,0,4,347.30,347.30,7F,1,1,1,0080,80,40,40,0,0,19,23.50
03/06/2018 12:11:26,55 51.21767,-2 10.5046,380,54,252,497981,1144818,346.08,69.144,3614,3595,3605,19,0,94.6,34.8,89.8,32.1,none,none,82.4,28.0,3598,-3607,3601,-3608,3602,3609,3608,3609,3604,-3611,3605,-3612,3604,-3613,3604,-3614,3604,3612,3604,-3610,3604,-3613,3605,-3612,3606,-3613,3603,-3613,3604,3611,3606,-3612,3605,-3610,3606,-3612,3607,-3612,3605,-3612,3605,-3610,3605,-3610,3602,-3608,3600,3606,3596,-3606,3595,-3606,3597,-3605,3597,-3605,3603,3610,3599,-3607,3596,-3609,3600,-3611,3599,-3610,3599,-3611,3602,-3611,3600,-3611,3604,-3610,3595,3612,3596,-3612,3600,-3611,3599,-3613,3595,-3609,3597,3610,3601,-3611,3596,-3605,3596,-3605,3595,-3607,3595,-3604,-0.57,SJNFAAZE1U0005576,117.83,13.04,9092.771484375,78,75,0,0,0,0,14.0,99.17,-154985,100,1528024286.661,18680,2,1,0,5,0,0,0,0,4,346.28,346.28,7F,1,1,1,0080,80,40,40,0,0,19,37.75
03/06/2018 12:11:30,55 51.21535,-2 10.59953,377,54,251,497379,1144818,346.66,51.322,3618,3602,3611,16,0,94.6,34.8,89.8,32.1,none,none,82.2,27.9,3606,-3613,3607,-3613,3607,3615,3612,-3614,3610,-3616,3611,3617,3610,-3617,3612,-3617,3611,-3617,3611,-3616,3611,-3618,3612,3617,3611,-3618,3611,-3617,3611,-3617,3613,-3617,3611,3616,3612,-3616,3613,-3616,3612,-3615,3612,-3615,3611,-3615,3609,-3614,3607,-3610,3603,-3610,3602,3611,3605,-3611,3605,-3611,3610,-3614,3605,-3612,3604,3615,3608,-3615,3607,-3615,3606,-3616,3609,-3617,3608,-3615,3609,-3614,3604,-3615,3605,-3617,3608,3617,3606,-3618,3603,-3616,3606,-3615,3608,-3616,3605,3612,3605,-3611,3604,-3611,3603,-3609,-0.55,SJNFAAZE1U0005576,117.83,13.04,9092.771484375,78,75,0,0,0,0,14.0,99.17,-154985,100,1528024290.092,15480,2,1,0,5,0,0,0,0,4,346.57,346.57,7F,1,1,1,0080,80,40,40,0,0,19,22.25
03/06/2018 12:11:33,55 51.21592,-2 10.66976,383,54,251,497035,1144818,347.04,38.138,3624,3606,3615,18,0,94.6,34.8,89.8,32.1,none,none,82.2,27.9,3609,-3618,3612,-3618,3612,3619,3617,-3619,3615,3621,3614,-3622,3615,-3622,3614,-3623,3614,-3622,3614,-3620,3615,-3622,3615,-3622,3615,-3624,3613,3623,3614,-3621,3616,-3621,3615,-3621,3616,-3620,3616,3622,3615,-3621,3616,-3620,3614,-3621,3613,-3618,3611,-3616,3607,-3616,3608,-3618,3608,-3616,3610,3616,3614,-3620,3610,-3618,3607,-3620,3611,-3623,3610,3622,3609,-3622,3613,-3622,3611,-3620,3612,-3621,3607,-3622,3608,-3623,3610,-3623,3609,-3623,3606,3621,3610,-3620,3612,-3622,3608,-3616,3609,-3617,3607,-3618,3606,3614,-0.55,SJNFAAZE1U0005576,117.83,13.04,9092.771484375,78,75,0,0,0,0,14.0,99.17,-154985,100,1528024293.359,11840,2,1,0,5,0,0,0,0,4,347.08,347.08,7F,1,1,1,0080,80,40,40,0,0,19,17.50
03/06/2018 12:11:37,55 51.22671,-2 10.76224,390,55,251,496747,1144818,347.71,21.567,3630,3613,3622,17,0,94.6,34.8,89.8,32.1,none,none,82.4,28.0,3615,-3624,3618,3624,3620,3625,3624,-3625,3621,-3628,3621,-3628,3621,3628,3622,-3628,3621,-3628,3621,-3627,3621,-3628,3623,-3628,3622,-3628,3621,-3629,3621,-3627,3623,3626,3622,-3626,3623,-3627,3622,-3629,3621,-3627,3621,3627,3621,-3627,3619,-3624,3619,-3623,3614,-3624,3616,-3625,3617,-3623,3617,-3623,3622,-3627,3618,3624,3615,-3626,3617,-3627,3617,-3628,3617,-3628,3618,3627,3617,-3627,3617,-3627,3614,-3629,3615,-3630,3616,-3629,3615,3630,3613,-3627,3616,-3626,3617,-3628,3614,-3623,3614,-3623,3615,-3624,3615,-3621,-0.54,SJNFAAZE1U0005576,117.83,13.04,9092.771484375,78,75,0,0,0,0,14.0,99.17,-154985,100,1528024297.055,7680,2,1,0,5,0,0,0,0,4,347.64,347.64,7F,1,1,1,0080,80,40,40,0,0,19,9.00
03/06/2018 12:11:40,55 51.23847,-2 10.82665,387,52,251,496531,1144818,347.23,34.293,3626,3608,3617,18,0,94.6,34.8,89.8,32.1,none,none,82.2,27.9,-3615,3611,-3620,3612,-3620,3615,-3622,3616,-3621,3617,-3622,3618,-3621,3616,-3623,3616,-3623,3616,-3622,3616,-3623,3617,-3623,3617,-3624,3616,-3623,3615,-3623,3618,-3622,3618,-3622,3618,-3622,3619,-3622,3617,-3621,3618,-3622,3617,-3621,3617,-3619,3616,-3618,3614,-3614,3610,-3617,3610,-3617,3611,-3616,3612,-3623,3613,-3619,3612,-3618,3610,-3623,3611,-3623,3612,-3622,3613,-3624,3614,-3621,3613,-3624,3608,-3622,3610,-3623,3611,-3626,3611,-3623,3611,-3621,3612,-3619,3611,-3622,3613,-3617,3611,-3617,3610,-3618,3610,-3618,3609,-0.56,SJNFAAZE1U0005576,117.83,13.04,9092.771484375,78,75,0,0,0,0,14.0,99.17,-154985,100,1528024300.700,8280,2,1,0,5,0,0,0,0,4,347.39,347.39,7F,1,1,1,0080,80,40,40,0,0,19,25.25
03/06/2018 12:11:44,55 51.2593,-2 10.90558,396,50,251,496222,1144818,349.34,-9.253,3647,3631,3639,16,0,94.6,34.8,89.8,32.1,none,none,82.2,27.9,-3640,3635,-3643,3635,-3644,3638,-3644,3637,-3643,3638,-3643,3639,-3644,3638,-3645,3638,-3645,3638,-3643,3636,-3645,3638,-3644,3638,-3644,3637,-3645,3636,-3644,3639,-3644,3639,-3643,3639,-3642,3639,-3644,3638,-3643,3637,-3644,3639,-3644,3639,-3642,3636,-3641,3636,-3639,3635,-3642,3634,-3642,3635,-3641,3636,-3644,3635,-3643,3635,-3643,3633,-3645,3634,-3646,3635,-3645,3635,-3645,3634,-3644,3635,-3643,3632,-3647,3631,-3646,3632,-3647,3632,-3646,3633,-3643,3632,-3644,3634,-3644,3635,-3640,3633,-3640,3633,-3642,3633,-3641,3632,-0.53,SJNFAAZE1U0005576,117.83,13.04,9092.771484375,78,75,0,0,0,0,14.0,99.17,-154985,100,1528024304.316,1720,2,1,0,5,0,0,0,0,4,348.70,348.70,7F,1,1,1,0080,80,40,40,0,0,19,-102.75
03/06/2018 12:11:48,55 51.27762,-2 10.97413,396,42,251,496928,1144818,350.50,-44.257,3660,3642,3651,18,0,94.8,34.9,89.8,32.1,none,none,82.2,27.9,-3652,3647,-3655,3647,-3655,3649,-3655,3649,-3654,3649,-3655,3650,-3654,3648,-3656,3649,-3655,3649,-3655,3648,-3655,3648,-3655,3649,-3655,3647,-3655,3648,-3655,3649,-3654,3650,-3654,3650,-3655,3650,-3655,3650,-3655,3649,-3656,3650,-3655,3649,-3653,3649,-3654,3648,-3651,3646,-3654,3647,-3654,3649,-3653,3647,-3656,3648,-3655,3646,-3655,3645,-3658,3645,-3657,3648,-3657,3645,-3658,3647,-3657,3646,-3655,3642,-3658,3643,-3657,3645,-3660,3645,-3658,3644,-3656,3645,-3656,3646,-3657,3646,-3655,3647,-3653,3644,-3655,3645,-3653,3644,-0.56,SJNFAAZE1U0005576,117.83,13.04,9092.771484375,78,75,0,0,0,0,14.0,99.17,-155014,100,1528024308.245,0,2,0,0,0,0,0,0,0,4,350.88,350.88,7F,1,1,1,0080,80,40,40,0,0,19,-9.25
03/06/2018 12:11:52,55 51.29316,-2 11.04374,396,45,251,496759,1144818,346.37,76.133,3621,3600,3608,21,0,94.6,34.8,89.8,32.1,none,none,82.4,28.0,-3605,3604,-3612,3605,-3612,3608,-3615,3608,-3612,3610,-3614,3611,-3614,3609,-3615,3609,-3615,3609,-3614,3608,-3614,3609,-3616,3611,-3617,3608,-3617,3609,-3614,3610,-3614,3611,-3613,3609,-3614,3610,-3614,3610,-3614,3609,-3614,3609,-3613,3610,-3610,3607,-3608,3605,-3605,3601,-3607,3602,-3608,3602,-3607,3603,-3614,3606,-3610,3601,-3609,3603,-3614,3603,-3614,3603,-3613,3605,-3614,3605,-3612,3604,-3621,3600,-3613,3602,-3616,3603,-3615,3602,-3615,3602,-3612,3602,-3612,3604,-3614,3607,-3607,3601,-3607,3600,-3606,3601,-3608,3600,-0.56,SJNFAAZE1U0005576,117.83,13.04,9092.771484375,78,75,0,0,0,0,14.0,99.17,-155014,100,1528024312.101,19160,2,0,0,0,0,0,0,0,4,346.84,346.84,7F,1,1,1,0080,80,40,40,0,0,19,59.25
03/06/2018 12:11:56,55 51.30547,-2 11.12251,403,47,251,495898,1144818,345.98,80.283,3612,3593,3604,19,0,94.6,34.8,89.8,32.1,none,none,82.2,27.9,3597,-3607,3600,-3606,3600,3607,3607,-3607,3603,-3611,3603,-3611,3603,-3611,3604,-3612,3603,-3611,3604,-3610,3604,-3611,3604,3611,3606,-3611,3603,-3612,3603,-3609,3606,-3611,3605,3610,3605,-3609,3605,-3610,3604,-3611,3604,-3608,3603,-3609,3601,-3607,3599,-3604,3594,-3603,3593,3605,-3595,-3602,3597,-3604,-3603,3608,-3597,3605,-3595,3609,-3598,3609,-3599,3609,-3599,3612,-3601,3610,-3598,3609,-3604,3609,-3595,3611,3597,-3611,3599,3612,3597,-3611,3594,-3608,3596,-3609,3600,-3611,3594,-3603,3595,3604,3595,-3604,3594,-3601,-0.57,SJNFAAZE1U0005576,117.83,13.04,9092.771484375,78,75,0,0,0,0,14.0,99.17,-155014,100,1528024316.001,23800,2,0,0,0,0,0,0,0,4,346.05,346.05,7F,1,1,1,0080,80,40,40,0,0,19,48.75
03/06/2018 12:11:59,55 51.3172,-2 11.20481,396,50,250,495123,1144818,346.37,61.027,3616,3598,3608,18,0,94.8,34.9,90.0,32.2,none,none,82.4,28.0,3601,-3611,3604,-3612,3606,3611,3610,-3613,3607,3615,3609,-3615,3608,-3616,3608,-3616,3607,-3615,3608,-3614,3607,-3616,3608,-3615,3609,-3616,3607,3616,3607,-3615,3610,-3615,3609,-3614,3610,-3615,3609,3615,3608,-3615,3608,-3613,3607,-3614,3605,-3611,3603,-3609,3599,-3608,3599,-3610,3601,-3610,3600,3608,3607,-3613,3602,-3611,3599,-3613,3603,-3613,3604,-3614,3603,3614,3605,-3614,3603,-3614,3606,-3613,3599,-3616,3601,3616,3603,-3615,3601,-3616,3598,-3613,3601,-3613,3604,-3614,3599,-3609,3599,-3609,3599,-3611,3599,3608,-0.54,SJNFAAZE1U0005576,117.83,13.04,9092.771484375,78,75,0,0,0,0,14.0,99.17,-155014,100,1528024319.924,20960,2,0,0,0,0,0,0,0,4,346.16,346.16,7F,1,1,1,0080,80,40,40,0,0,19,23.25
03/06/2018 12:12:03,55 51.32291,-2 11.26664,393,49,250,494755,1144818,347.23,32.493,3626,3608,3617,18,0,94.8,34.9,90.0,32.2,none,none,82.4,28.0,3611,-3619,3612,3620,3614,3621,3619,-3620,3617,-3623,3618,-3623,3616,3624,3617,-3623,3617,-3624,3616,-3622,3616,-3624,3617,-3623,3617,-3624,3616,-3624,3617,-3622,3617,3623,3617,-3622,3618,-3622,3618,-3622,3616,-3621,3617,3621,3616,-3622,3614,-3620,3614,-3618,3611,-3618,3609,-3619,3612,3619,3611,-3617,3615,-3623,3611,-3619,3609,-3622,3614,-3623,3612,-3623,3612,-3622,3614,-3622,3612,3623,3614,-3622,3608,-3624,3611,-3626,3612,-3624,3611,3625,3608,-3622,3611,-3623,3614,-3622,3610,-3619,3609,-3619,3610,-3620,3608,-3616,-0.55,SJNFAAZE1U0005576,117.83,13.04,9092.771484375,78,75,0,0,0,0,14.0,99.17,-155014,100,1528024323.583,10280,2,1,0,4,0,0,0,0,4,347.25,347.25,7F,1,1,1,0080,80,40,40,0,0,19,15.00
03/06/2018 12:12:07,55 51.32714,-2 11.3523,403,50,250,494481,1144818,347.14,36.002,3623,3608,3616,15,0,94.8,34.9,90.0,32.2,none,none,82.4,28.0,3609,-3617,3613,-3618,3614,3618,3618,3618,3616,-3620,3617,-3621,3617,-3622,3617,-3623,3616,3621,3616,-3620,3616,-3622,3617,-3621,3617,-3623,3616,-3623,3616,-3620,3618,-3621,3618,-3620,3617,3620,3618,-3621,3616,-3620,3616,-3620,3615,-3620,3614,-3618,3613,3616,3609,-3616,3609,-3616,3610,-3617,3611,-3615,3614,3620,3612,-3617,3609,-3620,3612,-3620,3612,-3620,3612,-3621,3614,-3621,3612,-3620,3613,-3620,3609,3621,3610,-3622,3611,-3622,3611,-3622,3608,-3619,3611,3620,3612,-3620,3609,-3617,3610,-3615,3608,-3617,3608,-3613,-0.54,SJNFAAZE1U0005576,117.83,13.04,9092.771484375,78,75,0,0,0,0,14.0,99.17,-155014,100,1528024327.269,9120,2,1,0,4,0,0,0,0,4,347.25,347.25,7F,1,1,1,0080,80,40,40,0,0,19,23.25
03/06/2018 12:12:11,55 51.32761,-2 11.44037,387,52,250,494038,1144818,346.37,56.907,3616,3598,3608,18,0,94.8,34.9,90.0,32.2,none,none,82.4,28.0,3600,-3610,3604,-3610,3605,3612,3610,-3610,3608,-3614,3608,3614,3607,-3614,3607,-3615,3607,-3615,3608,-3614,3608,3615,3609,-3615,3608,-3615,3607,-3616,3608,-3614,3609,-3614,3609,-3613,3609,-3613,3610,-3614,3608,3613,3609,-3614,3608,-3613,3605,-3610,3604,-3608,3599,-3608,3599,3609,3601,-3608,3601,-3608,3606,-3611,3602,-3609,3599,3612,3604,-3615,3603,-3613,3602,-3613,3605,-3614,3603,-3612,3606,-3613,3600,-3614,3600,-3615,3602,3614,3601,-3614,3598,-3612,3601,-3612,3604,-3614,3600,3608,3600,-3608,3600,-3610,3599,-3606,-0.52,SJNFAAZE1U0005576,117.83,13.04,9092.771484375,78,75,0,0,0,0,14.0,99.17,-155014,100,1528024331.070,15120,2,1,0,4,0,0,0,0,4,346.52,346.52,7F,1,1,1,0080,80,40,40,0,0,19,30.00
03/06/2018 12:12:14,55 51.32805,-2 11.50717,390,53,250,493520,1144818,346.27,57.578,3615,3598,3607,17,0,94.6,34.8,90.0,32.2,none,none,82.2,27.9,-3603,3603,-3608,3603,-3610,3606,-3612,3606,-3612,3608,-3612,3609,-3613,3608,-3613,3608,-3613,3607,-3612,3607,-3612,3608,-3613,3608,-3614,3606,-3614,3608,-3612,3608,-3612,3609,-3612,3609,-3612,3608,-3613,3608,-3611,3608,-3612,3608,-3610,3608,-3608,3605,-3606,3605,-3603,3599,-3605,3600,-3607,3601,-3605,3601,-3612,3605,-3608,3602,-3606,3601,-3612,3603,-3611,3603,-3611,3605,-3613,3604,-3611,3604,-3615,3600,-3611,3601,-3613,3601,-3614,3603,-3613,3602,-3609,3602,-3609,3602,-3612,3604,-3605,3600,-3606,3600,-3606,3600,-3606,3598,-0.54,SJNFAAZE1U0005576,117.83,13.04,9094.3798828125,78,75,0,0,0,0,14.0,99.17,-155014,100,1528024334.782,16040,2,1,0,4,0,0,0,0,4,346.28,346.28,7F,1,1,1,0080,80,40,40,0,0,19,25.25
03/06/2018 12:12:18,55 51.32996,-2 11.59654,400,51,249,493192,1144818,347.71,12.656,3631,3613,3622,18,0,94.8,34.9,90.0,32.2,none,none,82.4,28.0,-3622,3618,-3624,3619,-3625,3621,-3627,3621,-3627,3622,-3626,3623,-3627,3623,-3628,3621,-3628,3622,-3627,3621,-3628,3622,-3628,3622,-3629,3620,-3628,3621,-3627,3623,-3627,3624,-3626,3622,-3627,3623,-3628,3624,-3627,3622,-3628,3622,-3627,3621,-3625,3620,-3624,3620,-3621,3616,-3623,3617,-3624,3618,-3623,3618,-3628,3621,-3626,3617,-3624,3616,-3629,3617,-3629,3618,-3627,3618,-3629,3618,-3627,3619,-3628,3613,-3628,3616,-3630,3616,-3631,3616,-3630,3617,-3626,3616,-3626,3616,-3628,3619,-3623,3616,-3622,3616,-3624,3616,-3623,3615,-0.57,SJNFAAZE1U0005576,117.83,13.04,9094.3798828125,78,75,0,0,0,0,14.0,99.17,-155014,100,1528024338.482,4960,2,1,0,4,0,0,0,0,4,347.74,347.74,7F,1,1,1,0080,80,40,40,0,0,19,5.25
03/06/2018 12:12:21,55 51.33236,-2 11.68346,406,51,249,493078,1144818,348.38,4.355,3637,3620,3629,17,0,94.8,34.9,90.0,32.2,none,none,82.4,28.0,-3629,3625,-3631,3625,-3634,3628,-3634,3627,-3634,3629,-3633,3629,-3634,3628,-3635,3628,-3634,3628,-3635,3627,-3634,3628,-3635,3628,-3636,3626,-3636,3628,-3634,3629,-3632,3630,-3633,3629,-3633,3629,-3635,3630,-3632,3629,-3634,3629,-3633,3629,-3632,3626,-3631,3626,-3629,3624,-3630,3624,-3631,3625,-3630,3625,-3635,3626,-3633,3624,-3632,3624,-3635,3624,-3636,3625,-3634,3626,-3635,3625,-3635,3626,-3633,3620,-3635,3622,-3636,3623,-3636,3624,-3637,3624,-3633,3624,-3634,3624,-3635,3625,-3630,3623,-3630,3623,-3631,3623,-3631,3622,-0.54,SJNFAAZE1U0005576,117.83,13.04,9094.3798828125,78,75,0,0,0,0,14.0,99.17,-155014,100,1528024341.952,3320,2,1,0,5,0,0,0,0,4,348.23,348.23,7F,1,1,1,0080,80,40,40,0,0,19,-7.25
03/06/2018 12:12:25,55 51.33359,-2 11.74359,410,47,249,493102,1144818,348.19,6.278,3636,3619,3627,17,0,94.8,34.9,90.0,32.2,none,none,82.4,28.0,-3627,3622,-3630,3622,-3631,3626,-3632,3626,-3632,3627,-3631,3627,-3632,3626,-3633,3627,-3632,3626,-3632,3625,-3632,3626,-3633,3627,-3633,3626,-3633,3626,-3631,3628,-3631,3627,-3631,3627,-3631,3628,-3632,3627,-3631,3627,-3632,3627,-3630,3627,-3630,3625,-3629,3624,-3626,3621,-3627,3622,-3629,3622,-3627,3623,-3631,3624,-3630,3621,-3628,3621,-3633,3621,-3633,3623,-3632,3623,-3634,3623,-3632,3623,-3632,3619,-3633,3620,-3633,3619,-3636,3621,-3635,3621,-3631,3620,-3631,3622,-3634,3622,-3628,3621,-3628,3619,-3628,3621,-3627,3620,-0.56,SJNFAAZE1U0005576,117.83,13.04,9094.3798828125,78,75,0,0,0,0,14.0,99.17,-155015,100,1528024345.701,720,2,1,0,5,0,0,0,0,4,348.46,348.46,7F,1,1,1,0080,80,40,40,0,0,19,5.00
03/06/2018 12:12:29,55 51.3365,-2 11.82132,416,44,249,493021,1144818,348.19,12.443,3635,3618,3627,17,0,94.8,34.9,90.0,32.2,none,none,82.4,28.0,-3622,3630,-3623,3629,-3626,3630,-3629,3630,-3626,3633,-3627,3633,-3627,3633,-3627,3633,-3625,3633,-3626,3632,-3626,3633,-3626,3633,-3628,3634,-3626,3633,3626,-3632,3628,3633,3627,-3632,3628,-3631,3628,-3632,3628,-3632,3627,-3632,3626,3632,3625,-3630,3624,-3629,3621,-3630,3621,-3630,3623,3628,3623,-3629,3626,-3632,3623,-3630,3620,-3632,3623,-3635,3624,-3633,3622,-3633,3625,-3633,3623,3633,3624,-3634,3620,-3634,3620,-3635,3622,-3633,3621,3635,3618,-3631,-3622,-3631,3623,-3632,-3621,3630,-3621,3629,-3621,3630,-3620,3626,-0.55,SJNFAAZE1U0005576,117.83,13.04,9094.3798828125,78,75,0,0,0,0,14.0,99.17,-155015,100,1528024349.220,2640,2,1,0,5,0,0,0,0,4,348.35,348.35,7F,1,1,1,0080,80,40,40,0,0,19,11.75
03/06/2018 12:12:32,55 51.33977,-2 11.87931,419,44,249,492789,1144818,347.04,46.592,3622,3606,3615,16,0,94.8,34.9,90.0,32.2,none,none,82.4,28.0,3610,3618,3611,-3618,3613,3618,3617,-3617,3615,-3620,3615,-3622,3614,-3621,3616,-3622,3616,-3622,3616,3620,3615,-3622,3617,-3620,3616,-3621,3615,-3621,3615,3621,3617,-3620,3616,-3620,3617,-3620,3616,-3621,3616,-3620,3617,-3620,3616,-3620,3614,-3618,3612,3615,3608,-3615,3607,-3616,3609,-3616,3609,-3616,3615,3619,3611,-3616,3608,-3620,3611,-3619,3612,-3621,3611,-3620,3612,3620,3612,-3619,3614,-3620,3608,-3621,3609,-3622,3611,-3621,3610,-3621,3606,-3619,3609,-3619,3612,3620,3607,-3616,3609,-3614,3608,-3615,3608,-3613,-0.55,SJNFAAZE1U0005576,117.83,13.04,9094.3798828125,78,75,0,0,0,0,14.0,99.17,-155015,100,1528024352.784,11560,2,1,0,5,0,0,0,0,4,347.20,347.20,7F,1,1,1,0080,80,40,40,0,0,19,36.50
03/06/2018 12:12:36,55 51.34414,-2 11.95754,429,47,249,492191,1144818,345.70,78.055,3609,3589,3601,20,0,94.8,34.9,90.0,32.2,none,none,82.2,27.9,3594,-3603,3595,-3603,3598,3605,3604,-3604,3600,-3606,3602,-3607,3600,-3608,3600,-3608,3600,-3608,3601,-3607,3600,-3608,3601,3608,3602,-3608,3600,-3609,3599,-3607,3601,-3608,3601,3606,3602,-3606,3601,-3608,3601,-3607,3601,-3606,3600,-3606,3598,-3603,3596,-3601,3591,-3599,3589,3601,3592,-3600,3594,-3601,3598,-3606,3594,-3602,3591,-3605,3596,-3606,3595,-3607,3594,-3607,3599,-3606,3595,-3606,3599,3606,3592,-3608,3593,-3609,3595,-3608,3594,-3608,3590,-3605,3594,-3605,3597,-3606,3592,-3601,3592,3602,3590,-3601,3591,-3599,-0.55,SJNFAAZE1U0005576,117.83,13.04,9094.3798828125,78,75,0,0,0,0,14.0,99.17,-155015,100,1528024356.561,21360,2,1,0,5,0,0,0,0,4,345.85,345.85,7F,1,1,1,0080,80,40,40,0,0,19,46.50
03/06/2018 12:12:40,55 51.35124,-2 12.03762,436,49,248,491481,1144818,345.41,78.635,3607,3587,3598,20,0,94.8,34.9,90.0,32.2,none,none,82.4,28.0,3591,-3600,3594,-3601,3594,3602,3600,-3602,3598,3605,3598,-3606,3598,-3607,3599,-3607,3598,-3604,3598,-3604,3599,-3607,3599,-3605,3600,-3606,3598,3606,3598,-3605,3599,-3605,3598,-3604,3600,-3604,3599,3605,3598,-3604,3598,-3603,3597,-3603,3595,-3601,3594,-3598,3588,-3597,3588,-3598,3590,-3597,3590,3598,3596,-3602,3590,-3599,3588,-3603,3593,-3604,3593,-3604,3592,3603,3595,-3603,3593,-3603,3598,-3603,3588,-3605,3591,3606,3593,-3605,3592,-3606,3587,-3603,3591,-3602,3594,-3605,3588,-3597,3589,-3598,3588,-3598,3588,3595,-0.57,SJNFAAZE1U0005576,117.83,13.04,9094.3798828125,78,75,0,0,0,0,14.0,99.17,-155015,100,1528024360.286,22200,2,0,0,0,0,0,0,0,4,345.40,345.40,7F,1,1,1,0080,80,40,40,0,0,19,43.75
03/06/2018 12:12:44,55 51.36244,-2 12.12339,442,51,248,490757,1144818,345.22,76.652,3605,3585,3596,20,0,94.8,34.9,90.0,32.2,none,none,82.4,28.0,3589,-3598,3592,3599,3593,3600,3599,-3599,3595,-3603,3595,-3603,3596,3605,3596,-3605,3595,-3603,3595,-3602,3596,-3604,3597,-3602,3598,-3605,3596,-3604,3596,-3602,3598,3603,3597,-3601,3599,-3602,3598,-3603,3596,-3603,3597,3601,3596,-3602,3593,-3600,3592,-3596,3587,-3595,3586,-3596,3588,3594,3588,-3596,3596,-3600,3589,-3597,3587,-3601,3592,-3603,3591,-3601,3591,-3603,3594,-3602,3591,3601,3597,-3601,3588,-3603,3589,-3603,3591,-3603,3589,3603,3585,-3600,3590,-3601,3592,-3603,3586,-3595,3588,-3597,3587,-3597,3586,-3593,-0.55,SJNFAAZE1U0005576,117.83,13.04,9094.3798828125,78,75,0,0,0,0,14.0,99.17,-155015,100,1528024364.246,22200,2,0,0,0,0,0,0,0,4,345.32,345.32,7F,1,1,1,0080,80,40,40,0,0,19,40.25
03/06/2018 12:12:47,55 51.37313,-2 12.21266,449,54,248,490035,1144818,345.12,74.149,3605,3586,3595,19,0,94.8,34.9,90.0,32.2,none,none,82.4,28.0,-3592,3591,-3600,3591,-3598,3595,-3601,3594,-3601,3596,-3602,3597,-3602,3596,-3602,3596,-3602,3596,-3601,3595,-3602,3596,-3603,3597,-3604,3596,-3603,3595,-3602,3598,-3601,3598,-3601,3597,-3601,3597,-3601,3596,-3601,3596,-3602,3595,-3599,3596,-3597,3593,-3596,3593,-3589,3586,-3594,3588,-3594,3588,-3593,3589,-3600,3592,-3596,3588,-3595,3589,-3601,3589,-3601,3590,-3600,3591,-3601,3591,-3599,3592,-3605,3586,-3600,3588,-3601,3589,-3603,3588,-3601,3590,-3599,3588,-3597,3589,-3601,3592,-3592,3588,-3593,3588,-3594,3587,-3594,3587,-0.61,SJNFAAZE1U0005576,117.83,13.04,9094.3798828125,78,75,0,0,0,0,14.5,99.17,-155015,100,1528024367.969,20840,2,0,0,0,0,0,0,0,4,345.14,345.14,7F,1,1,1,0080,80,40,40,0,0,19,37.00
03/06/2018 12:12:51,55 51.38466,-2 12.30332,449,55,247,489410,1144818,345.12,70.975,3604,3585,3595,19,0,94.8,34.9,90.0,32.2,none,none,82.4,28.0,-3594,3591,-3598,3592,-3599,3595,-3601,3594,-3601,3596,-3601,3599,-3601,3596,-3603,3596,-3602,3596,-3602,3595,-3602,3597,-3603,3597,-3604,3595,-3603,3595,-3602,3598,-3601,3598,-3601,3597,-3602,3598,-3601,3597,-3601,3597,-3600,3595,-3599,3597,-3597,3594,-3596,3592,-3591,3585,-3592,3587,-3594,3588,-3594,3589,-3600,3592,-3597,3589,-3594,3590,-3602,3591,-3601,3591,-3601,3591,-3602,3591,-3600,3592,-3603,3587,-3600,3588,-3600,3590,-3604,3589,-3602,3590,-3597,3588,-3598,3590,-3600,3592,-3593,3588,-3594,3588,-3595,3587,-3594,3587,-0.56,SJNFAAZE1U0005576,117.83,13.04,9094.3798828125,78,75,0,0,0,0,14.5,99.17,-155015,100,1528024371.887,19800,2,0,0,0,0,0,0,0,4,345.00,345.00,7F,1,1,1,0080,81,40,40,0,0,19,32.50
03/06/2018 12:12:55,55 51.39266,-2 12.371,449,55,247,488833,1144818,345.70,53.031,3608,3593,3601,15,0,94.8,34.9,90.0,32.2,none,none,82.4,28.0,-3599,3596,-3603,3598,-3604,3602,-3606,3601,-3605,3603,-3605,3604,-3605,3602,-3606,3602,-3607,3603,-3606,3601,-3607,3603,-3607,3603,-3608,3601,-3608,3601,-3607,3603,-3606,3603,-3606,3604,-3606,3603,-3607,3604,-3605,3603,-3607,3603,-3605,3602,-3602,3599,-3601,3599,-3597,3594,-3599,3596,-3599,3596,-3599,3595,-3605,3599,-3602,3596,-3601,3597,-3606,3597,-3606,3598,-3605,3596,-3606,3599,-3605,3599,-3607,3594,-3604,3595,-3605,3596,-3608,3596,-3607,3597,-3603,3596,-3603,3596,-3607,3597,-3599,3595,-3600,3593,-3601,3595,-3601,3594,-0.54,SJNFAAZE1U0005576,117.83,13.04,9094.3798828125,78,75,0,0,0,0,14.5,99.17,-155015,100,1528024375.601,16160,2,1,0,4,0,0,0,0,4,345.55,345.55,7F,1,1,1,0080,80,40,40,0,0,19,22.25
03/06/2018 12:12:59,55 51.40524,-2 12.46041,456,53,247,488434,1144818,346.27,37.772,3614,3600,3607,14,0,94.8,34.9,90.0,32.2,none,none,82.4,28.0,-3605,3603,-3610,3604,-3611,3608,-3612,3607,-3612,3609,-3612,3609,-3612,3609,-3614,3608,-3614,3610,-3614,3608,-3614,3608,-3614,3608,-3614,3607,-3614,3607,-3612,3609,-3612,3609,-3612,3609,-3613,3609,-3611,3610,-3611,3608,-3612,3608,-3611,3608,-3609,3607,-3608,3605,-3603,3600,-3606,3602,-3607,3603,-3606,3602,-3612,3606,-3609,3602,-3607,3602,-3612,3602,-3613,3604,-3611,3603,-3613,3606,-3611,3605,-3612,3600,-3611,3602,-3612,3603,-3614,3602,-3613,3603,-3610,3602,-3609,3603,-3613,3603,-3606,3602,-3607,3600,-3607,3601,-3607,3601,-0.54,SJNFAAZE1U0005576,117.83,13.04,9094.3798828125,78,75,0,0,0,0,14.5,99.17,-155015,100,1528024379.181,11280,2,1,0,4,0,0,0,0,4,346.27,346.27,7F,1,1,1,0080,81,40,40,0,0,19,15.00
03/06/2018 12:13:02,55 51.41307,-2 12.52586,410,52,247,488163,1144818,346.37,36.674,3615,3600,3608,15,0,94.8,34.9,90.0,32.2,none,none,82.4,28.0,3601,-3609,3604,-3610,3606,3611,3610,-3611,3608,-3614,3609,-3614,3607,-3614,3608,-3615,-3609,3614,-3609,3613,-3608,3615,-3609,3613,-3610,3614,-3608,3614,-3608,3612,-3610,3614,-3609,3613,-3609,3613,-3610,3613,-3609,3613,-3609,3612,-3608,3613,-3606,3610,-3604,3608,-3600,3607,-3600,3608,-3602,3606,-3602,3608,-3606,3611,-3602,3609,-3602,3610,-3604,3612,-3604,3611,-3604,3613,-3606,3612,-3604,3613,-3605,3611,-3601,3612,3602,-3613,3603,3613,3603,-3614,3600,-3611,3602,-3611,3605,-3612,3600,-3607,3601,3608,3600,-3609,3601,-3606,-0.54,SJNFAAZE1U0005576,117.83,13.04,9094.3798828125,78,75,0,0,0,0,14.5,99.17,-155015,100,1528024382.310,9480,2,1,0,4,0,0,0,0,4,346.40,346.40,7F,1,1,1,0080,81,40,40,0,0,19,19.50
03/06/2018 12:13:05,55 51.42153,-2 12.59072,406,52,247,487831,1144818,345.89,49.369,3612,3593,3603,19,0,94.8,34.9,90.2,32.3,none,none,82.4,28.0,3597,-3606,3599,-3606,3600,3606,3605,-3607,3602,-3610,3603,3610,3603,-3610,3602,-3610,3602,-3610,3603,-3609,3604,3610,3604,-3609,3605,-3612,3602,-3612,3603,-3608,3605,-3609,3604,-3609,3605,-3608,3605,-3610,3604,3609,3604,-3608,3603,-3608,3600,-3606,3598,-3603,3596,3603,3595,-3604,3597,-3604,3597,-3605,3602,-3608,3598,-3604,3596,-3608,3599,-3609,3599,-3609,3598,3610,3601,-3609,3598,-3608,3602,-3610,3595,-3609,3597,3610,3599,-3611,3598,-3610,3594,-3608,3598,-3608,3599,-3609,3596,3603,3596,-3605,3596,-3604,3593,-3601,-0.54,SJNFAAZE1U0005576,117.83,13.04,9094.3798828125,78,75,0,0,0,0,14.5,99.17,-155015,100,1528024385.793,12800,2,1,0,5,0,0,0,0,4,345.98,345.98,7F,1,1,1,0080,81,40,40,0,0,19,26.00
03/06/2018 12:13:09,55 51.43144,-2 12.67871,436,55,246,487401,1144818,345.50,60.050,3607,3589,3599,18,0,94.8,34.9,90.0,32.2,none,none,82.4,28.0,3592,-3600,3596,-3602,3597,3602,3601,-3601,3599,-3605,3600,-3605,3600,-3606,3600,3606,3599,-3604,3600,-3604,3599,-3606,3600,-3605,3601,3607,3600,-3607,3599,-3605,3601,-3605,3600,-3604,3600,-3604,3601,-3605,3600,-3605,3599,-3602,3599,3603,3597,-3601,3594,-3598,3591,-3596,3591,-3599,3592,3597,3591,-3598,3599,-3602,3593,-3600,3592,-3603,3595,-3604,3595,3603,3594,-3605,3597,-3605,3595,-3602,3599,-3603,3591,-3605,3594,-3605,3595,-3605,3593,-3605,3589,3602,3593,-3602,3596,-3606,3590,-3597,3590,-3600,3590,3599,3590,-3596,-0.52,SJNFAAZE1U0005576,117.83,13.04,9094.3798828125,78,75,0,0,0,0,14.5,99.17,-155015,100,1528024389.263,16000,2,1,0,5,0,0,0,0,4,345.54,345.54,7F,1,1,1,0080,81,40,40,0,0,19,30.75
03/06/2018 12:13:13,55 51.44444,-2 12.76972,452,55,246,486868,1144818,345.50,55.259,3607,3589,3599,18,0,94.8,34.9,90.0,32.2,none,none,82.4,28.0,3592,3601,3595,-3602,3597,3603,3602,-3602,3599,-3605,3600,-3606,3599,-3606,3599,-3606,3600,-3606,3600,3605,3599,-3607,3601,-3606,3600,-3607,3599,-3606,3599,3605,3601,-3604,3600,-3604,3601,-3604,3600,-3605,3599,-3605,3600,-3605,3598,-3603,3597,-3601,3595,3599,3589,-3597,3590,-3600,3592,-3599,3592,-3599,3595,-3603,3593,3601,3590,-3604,3594,-3605,3595,-3605,3594,-3605,3596,3605,3594,-3604,3595,-3603,3590,-3605,3591,-3607,3594,-3605,3592,-3606,3590,-3604,3591,-3603,3594,3603,3590,-3599,3591,-3600,3590,-3599,3590,-3596,-0.56,SJNFAAZE1U0005576,117.83,13.04,9094.3798828125,78,75,0,0,0,0,14.5,99.17,-155015,100,1528024393.031,16560,2,1,0,5,0,0,0,0,4,345.60,345.60,7F,1,1,1,0080,81,40,40,0,0,19,21.50
03/06/2018 12:13:16,55 51.45284,-2 12.8397,449,57,246,486520,1144818,346.85,21.995,3620,3604,3613,16,0,94.8,34.9,90.0,32.2,none,none,82.4,28.0,3606,-3615,3609,-3616,3610,3617,3616,-3617,3612,-3619,3612,-3619,3612,-3620,3612,-3620,3612,-3619,3611,-3618,3612,-3620,3613,3620,3613,-3620,3611,-3620,3611,-3619,3613,-3618,3612,3617,3614,-3618,3613,-3620,3613,-3619,3612,-3617,3612,-3618,3610,-3616,3609,-3614,3606,-3614,3605,-3614,3607,-3614,3606,-3614,3612,-3618,3607,-3615,3606,-3616,3608,3619,3607,-3619,3608,-3618,3609,-3618,3608,-3618,3607,3618,3604,-3619,3605,-3620,3607,-3620,3606,-3620,3604,-3616,3607,-3618,3608,-3619,3605,-3614,3605,3613,3605,-3616,3604,-3613,-0.55,SJNFAAZE1U0005576,117.83,13.04,9094.3798828125,78,75,0,0,0,0,14.5,99.17,-155015,100,1528024396.577,8000,2,1,0,5,0,0,0,0,4,346.67,346.67,7F,1,1,1,0080,81,40,40,0,0,19,2.25
03/06/2018 12:13:20,55 51.45708,-2 12.93622,446,56,246,486516,1144818,348.19,-11.206,3635,3620,3627,15,0,94.8,34.9,90.0,32.2,none,none,82.4,28.0,-3626,3622,-3630,3623,-3630,3625,-3632,3625,-3632,3625,-3631,3627,-3631,3626,-3632,3627,-3631,3626,-3631,3625,-3632,3627,-3633,3626,-3633,3624,-3633,3625,-3631,3627,-3631,3627,-3630,3627,-3631,3628,-3632,3627,-3631,3625,-3631,3626,-3630,3627,-3629,3623,-3628,3623,3626,3622,-3628,3622,-3628,3623,-3627,-3622,-3632,3624,-3630,3623,-3629,3622,-3632,3623,-3632,3622,-3631,3624,-3632,3624,-3631,3624,-3631,3620,-3632,3622,-3632,3621,-3635,3622,-3632,3621,-3630,3621,-3630,3623,-3631,3625,-3627,3621,-3626,3622,-3628,3621,-3627,3620,-0.56,SJNFAAZE1U0005576,117.83,13.04,9094.3798828125,78,75,0,0,0,0,14.5,99.17,-155015,100,1528024400.636,0,2,1,0,5,0,0,0,0,4,348.23,348.23,7F,1,1,1,0080,81,40,40,0,0,19,-8.50
03/06/2018 12:13:24,55 51.45282,-2 13.03093,439,56,246,486581,1144818,348.19,-4.126,3634,3620,3627,14,0,95.0,35.0,90.0,32.2,none,none,82.4,28.0,-3625,3623,-3629,3624,-3631,3626,-3631,3626,-3630,3627,-3631,3628,-3631,3627,-3632,3626,-3631,3626,-3631,3625,-3632,3628,-3632,3627,-3634,3626,-3633,3627,-3632,3628,-3631,3629,-3630,3628,-3631,3629,-3632,3628,-3631,3627,-3631,3627,-3630,3627,-3629,3626,-3628,3625,-3626,3622,-3627,3622,-3629,3624,-3627,3624,-3632,3625,-3629,3623,-3629,3623,-3634,3624,-3632,3624,-3631,3623,-3632,3624,-3632,3623,-3631,3620,-3632,3621,-3632,3622,-3634,3623,-3633,3622,-3630,3623,-3630,3624,-3631,3624,-3627,3623,-3628,3621,-3628,3622,-3628,3621,-0.55,SJNFAAZE1U0005576,117.83,13.04,9095.9892578125,78,75,0,0,0,0,14.5,99.17,-155018,100,1528024404.158,0,2,1,0,5,0,0,0,0,4,348.19,348.19,7F,1,1,1,0080,81,40,40,0,0,19,-2.00
03/06/2018 12:13:27,55 51.44311,-2 13.09483,449,53,246,486531,1144818,347.33,24.131,3626,3609,3618,17,0,94.8,34.9,90.2,32.3,none,none,82.6,28.1,-3617,3613,-3620,3615,-3621,3617,-3621,3617,-3622,3619,-3623,3619,-3622,3618,-3624,3618,-3622,3617,-3622,3617,-3624,3618,-3625,3619,-3624,3616,-3624,3616,-3623,3618,-3622,3619,-3621,3619,-3623,3619,-3621,3619,-3622,3617,-3622,3617,-3620,3617,-3620,3615,-3618,3615,-3615,3611,-3618,3612,-3618,3612,-3618,3613,-3623,3614,-3620,3613,-3620,3612,-3625,3613,-3624,3613,-3623,3613,-3624,3614,-3622,3614,-3624,3609,-3623,3611,-3624,3611,-3626,3611,-3624,3612,-3620,3611,-3622,3611,-3624,3612,-3618,3611,-3618,3611,-3619,3610,-3617,3610,-0.57,SJNFAAZE1U0005576,117.83,13.04,9095.9892578125,78,75,0,0,0,0,14.5,99.17,-155018,100,1528024407.652,5640,2,1,0,5,0,0,0,0,4,347.48,347.48,7F,1,1,1,0080,81,40,40,0,0,19,15.25
03/06/2018 12:13:31,55 51.42565,-2 13.17785,429,50,246,486215,1144818,346.27,47.812,3615,3598,3607,17,0,94.8,34.9,90.2,32.3,none,none,82.4,28.0,-3605,3603,-3609,3603,-3610,3607,-3613,3607,-3612,3608,-3612,3610,-3612,3608,-3614,3608,-3613,3608,-3612,3607,-3613,3609,-3614,3609,-3614,3606,-3615,3608,-3613,3609,-3612,3610,-3612,3610,-3612,3609,-3613,3609,-3612,3609,-3612,3609,-3610,3608,-3608,3606,-3607,3604,-3603,3600,-3606,3601,-3607,3602,-3606,3602,-3612,3605,-3609,3602,-3609,3601,-3613,3602,-3613,3602,-3612,3604,-3614,3604,-3610,3603,-3614,3598,-3612,3601,-3615,3601,-3615,3601,-3614,3602,-3611,3601,-3610,3602,-3612,3604,-3606,3601,-3607,3600,-3607,3600,-3607,3599,-0.54,SJNFAAZE1U0005576,117.83,13.04,9095.9892578125,78,75,0,0,0,0,14.5,99.17,-155018,100,1528024411.333,11800,2,1,0,5,0,0,0,0,4,346.56,346.56,7F,1,1,1,0080,81,40,40,0,0,19,35.00
03/06/2018 12:13:35,55 51.40779,-2 13.25915,449,51,245,485558,1144818,344.35,93.601,3596,3577,3587,19,0,94.8,34.9,90.0,32.2,none,none,82.4,28.0,-3583,3581,-3588,3583,-3591,3588,-3591,3587,-3591,3589,-3592,3590,-3591,3588,-3594,3588,-3593,3590,-3593,3588,-3593,3589,-3595,3590,-3594,3587,-3593,3587,-3592,3591,-3592,3590,-3592,3589,-3593,3590,-3592,3589,-3592,3589,-3592,3589,-3590,3589,-3588,3585,-3587,3585,-3581,3577,-3582,3578,-3586,3581,-3585,3580,-3590,3584,-3588,3580,-3584,3580,-3593,3582,-3592,3584,-3591,3581,-3594,3584,-3591,3584,-3593,3577,-3590,3579,-3591,3583,-3596,3581,-3594,3581,-3589,3582,-3589,3581,-3592,3581,-3585,3580,-3585,3578,-3585,3579,-3585,3578,-0.57,SJNFAAZE1U0005576,117.83,13.04,9095.9892578125,78,75,0,0,0,0,14.5,99.17,-155018,100,1528024415.106,25040,2,1,0,5,0,0,0,0,4,344.65,344.65,7F,1,1,1,0080,81,40,40,0,0,19,51.00
03/06/2018 12:13:38,55 51.39693,-2 13.34914,462,55,245,484712,1144818,344.74,78.452,3600,3582,3591,18,0,94.8,34.9,90.0,32.2,none,none,82.4,28.0,3584,-3592,3588,-3594,3589,3595,3593,-3595,3591,-3597,3592,-3600,3591,3599,3592,-3599,3592,-3600,3592,-3598,3592,-3599,3594,-3598,3594,-3599,3592,-3599,3592,-3599,3593,3598,3592,-3597,3593,-3597,3593,-3598,3593,-3598,3593,3597,3591,-3598,3589,-3594,3588,-3592,3583,-3589,3582,-3590,3584,-3590,3584,-3590,3589,-3595,3586,3591,3582,-3595,3587,-3595,3587,-3597,3586,-3596,3590,3597,3587,-3597,3591,-3596,3583,-3597,3584,-3598,3588,-3598,3586,-3598,3582,-3595,3585,-3595,3588,3595,3582,-3591,3582,-3590,3583,-3592,3582,-3588,-0.56,SJNFAAZE1U0005576,117.83,13.04,9095.9892578125,78,75,0,0,0,0,14.5,99.17,-155018,100,1528024418.892,23600,2,0,0,0,0,0,0,0,4,344.69,344.69,7F,1,1,1,0080,81,40,40,0,0,19,34.25
03/06/2018 12:13:42,55 51.39216,-2 13.41388,465,52,245,484134,1144818,345.41,56.846,3606,3587,3598,19,0,94.8,34.9,90.0,32.2,none,none,82.4,28.0,3590,-3600,3594,-3600,3595,3601,3601,3602,3597,-3604,3598,-3604,3597,-3605,3598,-3605,3598,3603,3598,-3603,3598,-3605,3598,-3604,3599,-3606,3597,-3605,3597,-3602,3600,-3604,3599,-3603,3599,3602,3600,-3605,3599,-3604,3598,-3603,3597,-3603,3596,3599,3592,-3597,3589,-3597,3588,-3599,3590,-3596,3590,-3598,3597,-3602,3591,-3599,3590,-3602,3593,3604,3593,-3601,3593,-3605,3595,-3604,3593,-3602,3597,3603,3589,-3605,3590,-3605,3591,-3605,3592,-3605,3587,-3602,3591,-3602,3593,-3604,3589,-3597,3589,-3599,3589,-3599,3587,-3595,-0.57,SJNFAAZE1U0005576,117.83,13.04,9095.9892578125,78,75,0,0,0,0,14.5,99.17,-155018,100,1528024422.542,17120,2,0,0,0,0,0,0,0,4,345.25,345.25,7F,1,1,1,0080,81,40,40,0,0,19,28.75
03/06/2018 12:13:46,55 51.39355,-2 13.50731,485,53,244,483630,1144818,345.22,56.968,3605,3586,3596,19,0,94.8,34.9,90.2,32.3,none,none,82.4,28.0,3590,-3598,3593,-3599,3593,3601,3599,-3600,3597,-3603,3597,3603,3596,-3604,3597,-3604,3595,-3603,3597,-3601,3597,3604,3598,-3603,3598,-3604,3596,-3605,3596,-3603,3599,-3603,3598,-3602,3598,-3602,3598,-3603,3596,3602,3597,-3601,3596,-3601,3593,-3599,3592,-3597,3587,3595,3586,-3597,3588,-3596,3589,-3597,3595,-3601,3591,-3598,3587,-3601,3592,-3602,3591,-3602,3592,3602,3595,-3603,3591,-3602,3595,-3601,3589,-3603,3588,3604,3591,-3604,3591,-3604,3587,-3600,3590,-3601,3593,-3601,3588,3596,3588,-3597,3587,-3597,3587,-3594,-0.55,SJNFAAZE1U0005576,117.83,13.04,9095.9892578125,78,75,0,0,0,0,14.5,99.17,-155018,100,1528024426.225,16320,2,0,0,0,0,0,0,0,4,345.30,345.30,7F,1,1,1,0080,81,40,40,0,0,19,28.50
03/06/2018 12:13:49,55 51.39877,-2 13.59936,488,54,244,483103,1144818,345.02,61.149,3603,3583,3594,20,0,94.8,34.9,90.2,32.3,none,none,82.4,28.0,3587,-3596,3590,-3596,3590,3597,3598,-3598,3594,-3601,3594,-3601,3595,-3602,3594,3602,3594,-3601,3595,-3600,3593,-3601,3595,-3601,3596,3603,3594,-3603,3594,-3601,3597,-3602,3594,-3600,3595,-3600,3596,-3602,3595,-3601,3595,-3599,3593,3600,3591,-3597,3589,-3595,3585,-3594,3585,-3594,3588,3592,3587,-3594,3594,-3600,3587,-3595,3586,-3599,3588,-3601,3589,-3598,3589,-3602,3592,-3600,3589,3599,3595,-3599,3585,-3601,3587,-3601,3589,-3602,3587,-3601,3583,3599,3588,-3598,3589,-3601,3585,-3592,3585,-3595,3584,3595,3583,-3591,-0.55,SJNFAAZE1U0005576,117.83,13.04,9095.9892578125,78,75,0,0,0,0,14.5,99.17,-155018,100,1528024429.914,16680,2,1,0,4,0,0,0,0,4,345.13,345.13,7F,1,1,1,0080,81,40,40,0,0,19,28.25
03/06/2018 12:13:53,55 51.4023,-2 13.66858,479,54,244,482644,1144818,345.60,42.991,3609,3591,3600,18,0,95.0,35.0,90.2,32.3,none,none,82.6,28.1,3598,3595,3603,-3596,-3603,3600,-3605,-3601,-3605,3602,-3605,3602,-3606,3602,-3607,3601,-3606,3600,-3606,3601,-3606,3602,-3607,3602,-3608,3600,-3608,3601,-3606,3602,-3606,3603,-3605,3602,-3605,3602,-3606,3601,-3606,3601,-3606,3600,-3603,3601,-3602,3599,-3601,3597,-3597,3593,-3599,3594,-3600,3594,-3600,3594,-3606,3599,-3602,3594,3602,-3595,3607,-3595,3607,-3594,3606,-3598,3607,3596,3606,-3596,3609,-3592,3606,-3593,3607,-3594,3609,-3595,3608,-3594,3603,-3594,3605,-3595,3607,3596,3599,-3593,3600,-3593,3600,-3593,3599,-3591,-0.55,SJNFAAZE1U0005576,117.83,13.04,9095.9892578125,78,75,0,0,0,0,14.5,99.17,-155018,100,1528024433.505,12680,2,1,0,4,0,0,0,0,4,345.61,345.61,7F,1,1,1,0080,81,40,40,0,0,19,19.75
03/06/2018 12:13:56,55 51.4089,-2 13.75934,482,55,244,482293,1144818,345.79,39.267,3610,3595,3602,15,0,94.8,34.9,90.0,32.2,none,none,82.4,28.0,-3599,3598,-3604,3597,-3606,3602,-3607,3602,-3606,3603,-3607,3605,-3608,3603,-3609,3604,-3607,3603,-3608,3602,-3608,3603,-3608,3604,-3610,3602,-3609,3602,-3607,3604,-3607,3604,-3607,3603,-3607,3604,-3607,3605,-3607,3603,-3607,3602,-3605,3603,-3604,3601,-3602,3600,-3597,3595,-3601,3596,-3601,3597,-3601,3597,-3607,3600,-3603,3597,-3601,3597,-3607,3598,-3607,3599,-3606,3599,-3608,3600,-3606,3599,-3609,3595,-3606,3596,-3607,3597,-3609,3597,-3608,3597,-3604,3597,-3604,3598,-3607,3600,-3601,3595,-3600,3595,-3601,3595,-3601,3595,-0.54,SJNFAAZE1U0005576,117.83,13.04,9095.9892578125,78,75,0,0,0,0,14.5,99.17,-155018,100,1528024436.983,11880,2,1,0,4,0,0,0,0,4,345.86,345.86,7F,1,1,1,0080,81,40,40,0,0,19,18.25
03/06/2018 12:14:00,55 51.41636,-2 13.83009,485,54,244,481985,1144818,346.18,29.288,3615,3597,3606,18,0,94.8,34.9,90.2,32.3,none,none,82.4,28.0,-3605,3601,-3609,3601,-3611,3605,-3612,3605,-3611,3607,-3612,3606,-3612,3606,-3613,3606,-3612,3605,-3613,3605,-3612,3606,-3613,3607,-3613,3605,-3614,3605,-3611,3607,-3612,3608,-3611,3607,-3612,3607,-3612,3606,-3612,3607,-3611,3605,-3611,3606,-3608,3604,-3606,3602,-3603,3598,-3606,3599,-3606,3600,-3605,3599,-3611,3602,-3608,3599,-3608,3600,-3613,3601,-3612,3600,-3612,3603,-3612,3602,-3610,3602,-3614,3597,-3611,3600,-3613,3600,-3615,3599,-3613,3598,-3609,3599,-3609,3601,-3613,3603,-3605,3599,-3606,3599,-3606,3599,-3606,3597,-0.57,SJNFAAZE1U0005576,117.83,13.04,9095.9892578125,78,75,0,0,0,0,14.5,99.17,-155018,100,1528024440.612,9080,2,1,0,4,0,0,0,0,4,346.21,346.21,7F,1,1,1,0080,81,40,40,0,0,19,12.50
03/06/2018 12:14:04,55 51.43121,-2 13.92116,485,54,244,481738,1144818,346.46,23.398,3617,3602,3609,15,0,95.0,35.0,90.2,32.3,none,none,82.4,28.0,-3607,3605,-3611,3605,-3612,3610,-3614,3609,-3613,3611,-3613,3611,-3614,3610,-3615,3611,-3613,3610,-3614,3609,-3615,3612,-3616,3610,-3617,3609,-3615,3611,-3615,3611,-3613,3611,-3614,3611,-3614,3612,-3614,3610,-3614,3611,-3615,3611,-3613,3611,-3611,3609,-3610,3607,-3607,3604,-3607,3604,-3610,3604,-3608,3605,-3614,3607,-3611,3605,-3610,3604,-3616,3605,-3614,3606,-3614,3606,-3615,3607,-3614,3607,-3614,3602,-3613,3604,-3616,3604,-3616,3605,-3616,3604,-3612,3604,-3612,3605,-3614,3607,-3607,3604,-3609,3602,-3609,3603,-3608,3603,-0.52,SJNFAAZE1U0005576,117.83,13.04,9095.9892578125,78,75,0,0,0,0,14.5,99.17,-155018,100,1528024444.445,7040,2,1,0,4,0,0,0,0,4,346.50,346.50,7F,1,1,1,0080,81,40,40,0,0,19,9.00
03/06/2018 12:14:07,55 51.44726,-2 14.01036,479,54,243,481549,1144818,346.94,16.898,3623,3605,3614,18,0,95.0,35.0,90.2,32.3,none,none,82.4,28.0,-3612,3608,-3616,3609,-3616,3613,-3619,3612,-3618,3614,-3619,3615,-3618,3612,-3620,3614,-3619,3614,-3619,3612,-3619,3615,-3621,3615,-3621,3613,-3621,3613,-3618,3614,-3618,3615,-3618,3615,-3619,3616,-3619,3614,-3618,3614,-3619,3614,-3617,3615,-3616,3612,-3615,3610,-3612,3607,-3614,3608,-3615,3609,-3613,3609,-3619,3611,-3617,3609,-3616,3608,-3620,3608,-3620,3610,-3619,3609,-3621,3609,-3618,3611,-3618,3605,-3620,3606,-3621,3606,-3623,3608,-3621,3608,-3617,3608,-3618,3609,-3620,3609,-3614,3608,-3615,3607,-3615,3607,-3615,3606,-0.53,SJNFAAZE1U0005576,117.83,13.04,9095.9892578125,78,75,0,0,0,0,14.5,99.17,-155018,100,1528024447.995,5520,2,1,0,5,0,0,0,0,4,346.81,346.81,7F,1,1,1,0080,81,40,40,0,0,19,4.75
03/06/2018 12:14:11,55 51.46236,-2 14.06829,469,47,243,481429,1144818,347.04,12.168,3621,3607,3615,14,0,94.8,34.9,90.2,32.3,none,none,82.4,28.0,3609,-3616,3612,-3616,3613,3618,3617,-3617,3614,-3620,3616,-3620,3614,-3620,3615,-3621,3615,-3621,3615,-3619,3615,-3620,3616,3620,3615,-3621,3614,-3620,3614,-3620,3616,-3620,3616,3620,3617,-3619,3616,-3619,3615,-3620,3616,-3619,3614,-3619,3613,-3617,3612,-3615,3608,-3615,3608,3616,3610,-3615,3611,-3615,3614,-3619,3611,-3617,3609,3618,3612,-3620,3611,-3620,3611,-3619,3613,-3620,3612,-3619,3611,-3618,3608,-3620,3609,-3620,3612,3620,3610,-3621,3607,-3618,3611,-3617,3612,-3620,3607,3616,3609,-3615,3608,-3616,3607,-3613,-0.54,SJNFAAZE1U0005576,117.83,13.04,9095.9892578125,78,75,0,0,0,0,14.5,99.17,-155018,100,1528024451.674,4280,2,1,0,5,0,0,0,0,4,347.18,347.18,7F,1,1,1,0080,81,40,40,0,0,19,6.00
03/06/2018 12:14:15,55 51.48071,-2 14.15768,469,54,243,481282,1144818,347.14,14.884,3623,3606,3616,17,0,94.8,34.9,90.2,32.3,none,none,82.4,28.0,3610,-3617,3612,-3619,3613,3619,3618,-3619,3615,3621,3616,-3622,3615,-3623,3615,-3622,3615,-3622,3615,-3621,3616,-3623,3615,-3621,3617,-3621,3615,3622,3615,-3621,3617,-3622,3617,-3620,3618,-3621,3616,3621,3615,-3621,3616,-3621,3615,-3620,3612,-3618,3612,-3617,3610,-3618,3609,-3617,3610,-3617,3610,3616,3614,-3620,3611,-3618,3607,-3620,3611,-3622,3611,3622,3611,-3623,3613,-3620,3611,-3620,3610,-3621,3607,-3622,3608,-3623,3611,-3622,3609,-3623,3606,3620,3611,-3620,3613,-3621,3608,-3617,3608,-3618,3609,3617,3607,-3615,-0.55,SJNFAAZE1U0005576,117.83,13.04,9095.9892578125,78,75,0,0,0,0,14.5,99.17,-155018,100,1528024455.460,4520,2,1,0,5,0,0,0,0,4,347.23,347.23,7F,1,1,1,0080,81,40,40,0,0,19,5.50
03/06/2018 12:14:19,55 51.50397,-2 14.24187,465,53,243,481141,1144818,347.04,19.156,3623,3605,3615,18,0,94.8,34.9,90.0,32.2,none,none,82.4,28.0,3608,-3616,3612,3619,3613,3618,3619,-3617,3615,-3621,3615,-3621,3614,3622,3615,-3622,3615,-3621,3615,-3620,3615,-3622,3616,-3620,3616,-3622,3615,-3622,3614,-3621,3616,3620,3616,-3620,3616,-3620,3616,-3621,3614,-3620,3616,3620,3614,-3620,3614,-3618,3612,-3615,3608,-3616,3608,-3618,3609,-3616,3609,-3616,3613,-3619,3611,3617,3607,-3620,3609,-3620,3611,-3621,3611,-3621,3612,3620,3610,-3620,3611,-3620,3607,-3623,3608,-3622,3609,-3623,3608,-3622,3605,-3619,3609,-3620,3611,3620,3607,-3617,3608,-3617,3607,-3618,3606,-3613,-0.54,SJNFAAZE1U0005576,117.83,13.04,9095.9892578125,78,75,0,0,0,0,14.5,99.17,-155018,100,1528024459.165,4720,2,1,0,5,0,0,0,0,4,347.16,347.16,7F,1,1,1,0080,81,40,40,0,0,19,9.25
03/06/2018 12:14:22,55 51.51995,-2 14.30198,436,53,243,480929,1144818,346.56,33.835,3618,3601,3610,17,0,94.8,34.9,90.0,32.2,none,none,82.6,28.1,3605,-3612,3607,-3612,3609,3612,3613,3613,3609,-3615,3610,-3616,3611,-3616,3611,-3618,3610,3615,3611,-3614,3610,-3616,3611,-3615,3612,-3616,3611,-3617,3610,-3615,3612,-3615,3611,-3615,3611,3615,3612,-3616,3611,-3615,3611,-3614,3611,-3615,3608,3613,3607,-3611,3604,-3611,3603,-3611,3604,-3611,3604,-3610,3610,-3614,3606,-3611,3604,-3614,3608,3616,3607,-3613,3606,-3616,3609,-3616,3607,-3614,3610,-3615,3603,-3616,3605,-3617,3606,-3616,3605,-3616,3601,-3613,3606,3615,3608,-3616,3604,-3611,3604,-3611,3603,-3611,3603,-3608,-0.56,SJNFAAZE1U0005576,117.83,13.04,9095.9892578125,78,75,0,0,0,0,14.5,99.17,-155018,100,1528024462.631,9000,2,1,0,5,0,0,0,0,4,346.72,346.72,7F,1,1,1,0080,81,40,40,0,0,19,18.75
03/06/2018 12:14:26,55 51.53929,-2 14.38221,429,52,243,480603,1144818,346.18,45.279,3615,3597,3606,18,0,94.8,34.9,90.0,32.2,none,none,82.4,28.0,3604,-3600,3608,-3601,3609,3605,3612,-3605,3611,-3606,3612,3608,3612,-3606,3614,-3606,3613,-3607,3611,-3605,3612,3607,3613,-3607,3613,-3605,3614,-3605,3613,-3607,3613,-3607,3611,-3607,3612,-3607,3611,-3606,3611,3606,3612,-3607,3610,-3606,3609,-3603,3607,-3602,3602,3598,3605,-3599,3606,-3601,3605,-3601,3610,-3602,3609,-3600,3607,3600,3613,-3601,3611,-3601,3611,-3601,3613,-3602,3610,-3602,3613,-3597,3611,-3598,3613,-3600,3615,3600,3613,-3600,3610,-3600,3609,-3600,3612,-3603,3605,3599,3606,-3598,3606,-3599,3607,-3598,-0.57,SJNFAAZE1U0005576,117.83,13.04,9095.9892578125,78,75,0,0,0,0,14.5,99.17,-155018,100,1528024466.180,11560,2,1,0,5,0,0,0,0,4,346.24,346.24,7F,1,1,1,0080,81,40,40,0,0,19,21.75
03/06/2018 12:14:29,55 51.55649,-2 14.44264,433,53,243,480203,1144818,346.08,43.449,3614,3596,3605,18,0,94.8,34.9,90.0,32.2,none,none,82.4,28.0,-3603,3600,-3608,3601,-3609,3604,-3611,3605,-3609,3607,-3610,3607,-3610,3606,-3612,3605,-3611,3606,-3611,3604,-3610,3606,-3611,3607,-3612,3604,-3612,3605,-3610,3607,-3611,3608,-3609,3606,-3610,3607,-3611,3606,-3609,3606,-3610,3605,-3608,3606,-3605,3603,-3606,3602,-3601,3597,-3604,3597,-3604,3599,-3605,3600,-3611,3603,-3607,3600,-3605,3599,-3611,3601,-3611,3601,-3609,3602,-3612,3602,-3610,3602,-3613,3596,-3610,3599,-3611,3599,-3614,3598,-3612,3598,-3608,3600,-3609,3599,-3611,3603,-3606,3598,-3606,3598,-3606,3598,-3605,3598,-0.57,SJNFAAZE1U0005576,117.83,13.04,9095.9892578125,78,75,0,0,0,0,14.5,99.17,-155018,100,1528024469.705,12960,2,0,0,0,0,0,0,0,4,346.16,346.16,7F,1,1,1,0080,81,40,40,0,0,19,20.25
03/06/2018 12:14:33,55 51.58199,-2 14.52265,433,53,243,479870,1144818,346.18,39.023,3612,3598,3606,14,0,94.8,34.9,90.2,32.3,none,none,82.4,28.0,-3603,3601,-3607,3603,-3608,3606,-3610,3606,-3611,3608,-3611,3608,-3610,3607,-3612,3606,-3611,3608,-3611,3606,-3611,3608,-3611,3608,-3612,3605,-3612,3605,-3610,3608,-3612,3608,-3609,3607,-3610,3609,-3610,3607,-3610,3606,-3611,3607,-3609,3607,-3606,3604,-3607,3604,-3602,3598,-3603,3600,-3605,3601,-3605,3601,-3610,3603,-3607,3601,-3606,3601,-3610,3602,-3610,3603,-3610,3602,-3611,3603,-3608,3605,-3610,3598,-3609,3600,-3610,3601,-3611,3601,-3611,3602,-3608,3601,-3607,3600,-3610,3602,-3604,3599,-3604,3598,-3604,3599,-3605,3598,-0.55,SJNFAAZE1U0005576,117.83,13.04,9097.5986328125,78,75,0,0,0,0,14.5,99.17,-155018,100,1528024473.155,11200,2,0,0,0,0,0,0,0,4,346.29,346.29,7F,1,1,1,0080,81,40,40,0,0,19,20.75
03/06/2018 12:14:36,55 51.60344,-2 14.57883,459,51,242,479514,1144818,345.98,44.394,3612,3595,3604,17,0,94.8,34.9,90.0,32.2,none,none,82.4,28.0,-3601,3598,-3607,3599,-3607,3603,-3609,3603,-3610,3605,-3610,3605,-3610,3604,-3611,3604,-3610,3605,-3611,3604,-3611,3605,-3612,3605,-3612,3603,-3610,3604,-3610,3606,-3610,3606,-3609,3605,-3610,3607,-3610,3605,-3610,3604,-3610,3604,-3608,3604,-3605,3602,-3605,3601,-3600,3596,-3602,3596,-3603,3598,-3603,3598,-3609,3600,-3606,3597,-3604,3597,-3611,3598,-3609,3599,-3609,3599,-3610,3600,-3609,3600,-3609,3595,-3609,3596,-3610,3598,-3612,3598,-3610,3597,-3607,3598,-3607,3598,-3609,3600,-3604,3597,-3604,3596,-3604,3597,-3604,3596,-0.57,SJNFAAZE1U0005576,117.83,13.04,9097.5986328125,78,75,0,0,0,0,14.5,99.17,-155018,100,1528024476.783,12080,2,0,0,0,0,0,0,0,4,346.04,346.04,7F,1,1,1,0080,81,40,40,0,0,19,23.50
03/06/2018 12:14:40,55 51.63909,-2 14.6463,456,53,242,479096,1144818,345.89,43.876,3612,3594,3603,18,0,94.8,34.9,90.0,32.2,none,none,82.4,28.0,-3602,3598,-3606,3599,-3606,3604,-3608,3603,-3608,3604,-3609,3604,-3608,3603,-3609,3603,-3608,3605,-3608,3602,-3609,3605,-3609,3604,-3610,3603,-3610,3603,-3608,3606,-3609,3605,-3608,3604,-3609,3606,-3608,3604,-3608,3604,-3608,3604,-3607,3603,-3605,3601,-3603,3601,-3600,3594,-3601,3597,-3603,3599,-3603,3598,-3607,3600,-3605,3597,-3604,3597,-3610,3598,-3609,3598,-3608,3599,-3610,3600,-3608,3600,-3609,3594,-3608,3596,-3609,3599,-3612,3598,-3610,3597,-3607,3599,-3607,3598,-3608,3598,-3603,3596,-3603,3595,-3603,3596,-3602,3594,-0.57,SJNFAAZE1U0005576,117.83,13.04,9097.5986328125,78,75,0,0,0,0,14.5,99.17,-155018,100,1528024480.631,13400,2,0,0,0,0,0,0,0,4,345.95,345.95,7F,1,1,1,0080,81,40,40,0,0,19,19.25
03/06/2018 12:14:44,55 51.68206,-2 14.69557,459,54,242,478729,1144818,346.18,35.331,3613,3595,3606,18,0,94.8,34.9,90.0,32.2,none,none,82.4,28.0,-3599,-3609,3602,3609,-3603,3610,-3607,3609,-3605,3612,-3605,3612,-3604,3612,-3604,3613,-3604,3613,-3605,3611,-3605,3613,-3605,3612,-3606,3613,-3605,3613,3605,-3613,3607,3612,3606,-3612,3607,-3612,3606,-3612,3605,-3612,3606,-3611,3603,3611,3603,-3609,3602,-3607,3598,-3605,3597,-3607,3598,3606,3600,-3606,3605,-3611,3599,-3607,3598,-3611,3601,-3612,3600,-3612,3600,-3611,3603,-3611,3600,3611,3602,-3611,3597,-3612,3599,-3613,3601,-3612,3599,3613,3595,-3610,3599,-3610,3602,-3612,3598,-3605,3597,-3606,3598,-3607,3596,-3604,-0.55,SJNFAAZE1U0005576,117.83,13.04,9097.5986328125,78,75,0,0,0,0,14.5,99.17,-155018,100,1528024484.252,11000,2,1,0,4,0,0,0,0,4,346.19,346.19,7F,1,1,1,0080,81,40,40,0,0,19,15.00
03/06/2018 12:14:47,55 51.73149,-2 14.73506,462,55,242,478460,1144818,346.66,23.276,3618,3602,3611,16,0,94.8,34.9,90.0,32.2,none,none,82.4,28.0,3605,3612,3607,-3613,3609,3614,3614,-3614,3610,-3617,3610,-3616,3611,-3618,3611,-3617,3610,-3616,3611,3616,3612,-3617,3611,-3618,3612,-3617,3610,-3618,3610,3615,3613,-3617,3611,-3616,3612,-3616,3612,-3617,3611,-3616,3611,-3615,3610,-3615,3608,-3613,3607,3611,3604,-3612,3604,-3612,3606,-3611,3606,-3611,3611,3616,3606,-3612,3604,-3615,3607,-3617,3606,-3615,3607,-3617,3609,-3615,3608,-3615,3610,-3615,3603,3617,3607,-3616,3607,-3616,3607,-3617,3602,-3614,3606,-3615,3608,3616,3604,-3610,3605,-3613,3604,-3612,3603,-3609,-0.56,SJNFAAZE1U0005576,117.83,13.04,9097.5986328125,78,75,0,0,0,0,14.5,99.17,-155018,100,1528024487.889,8000,2,1,0,4,0,0,0,0,4,346.68,346.68,7F,1,1,1,0080,81,40,40,0,0,19,7.75
03/06/2018 12:14:51,55 51.77004,-2 14.75912,439,56,242,478312,1144818,347.14,11.802,3622,3608,3616,14,0,94.8,34.9,90.0,32.2,none,none,82.4,28.0,3610,-3618,3612,-3618,3613,3620,3618,-3618,3615,-3621,3617,-3621,3615,-3622,3615,-3621,3615,-3621,3615,-3621,3617,-3621,3616,3621,3617,-3622,3615,-3622,3616,-3621,3616,-3621,3616,3620,3617,-3621,3616,-3621,3616,-3620,3617,-3620,3616,-3621,3614,-3618,3613,-3617,3609,-3617,3610,3617,3611,-3617,3611,-3618,3614,-3620,3611,-3619,3610,3620,3612,-3621,3612,-3621,3612,-3620,3613,-3621,3613,-3621,3612,3621,3610,-3621,3609,-3622,3612,-3622,3612,-3622,3608,-3620,3612,-3620,3613,-3620,3610,-3617,3611,3616,3610,-3618,3608,-3615,-0.56,SJNFAAZE1U0005576,117.83,13.04,9097.5986328125,78,75,0,0,0,0,14.5,99.17,-155018,100,1528024491.566,3040,2,1,0,4,0,0,0,0,4,347.11,347.11,7F,1,1,1,0080,81,40,40,0,0,19,2.25
03/06/2018 12:14:55,55 51.82,-2 14.79126,456,55,242,478251,1144818,347.62,3.867,3627,3614,3621,13,0,94.8,34.9,90.0,32.2,none,none,82.4,28.0,3615,-3621,3618,-3623,3619,3624,3623,-3624,3621,3626,3620,-3626,3621,-3626,3621,-3627,3621,-3625,3621,-3624,3622,-3626,3621,-3626,3621,-3627,3621,3626,3620,-3625,3621,-3625,3621,-3624,3622,-3625,3622,3625,3621,-3625,3620,-3624,3621,-3625,3618,-3622,3617,-3621,3615,-3621,3615,-3622,3616,-3623,3616,3622,3620,-3625,3617,-3622,3615,-3624,3617,-3626,3618,3626,3617,-3625,3618,-3626,3618,-3625,3617,-3626,3615,-3626,3615,3626,3617,-3626,3616,-3626,3614,-3624,3616,-3624,3617,-3625,3616,-3622,3615,-3622,3615,-3623,3615,3619,-0.54,SJNFAAZE1U0005576,117.83,13.04,9097.5986328125,78,75,0,0,0,0,14.5,99.17,-155018,100,1528024495.412,1400,2,1,0,5,0,0,0,0,4,347.61,347.61,7F,1,1,1,0080,81,40,40,0,0,19,-2.00
03/06/2018 12:14:58,55 51.85709,-2 14.818,459,55,242,478253,1144818,348.10,-2.875,3634,3617,3626,17,0,94.8,34.9,90.0,32.2,none,none,82.2,27.9,3621,-3628,3621,3628,3623,3629,3627,-3628,3625,-3631,3624,-3630,3624,3632,3624,-3631,3625,-3631,3624,-3631,3624,-3631,3625,-3630,3625,-3632,3623,-3633,3625,-3630,3626,3630,3625,-3630,3626,-3629,3626,-3631,3625,-3630,3625,3629,3625,-3630,3623,-3627,3623,-3626,3619,-3627,3619,-3628,3620,-3628,3621,-3627,3624,-3630,3622,-3629,3619,-3631,3622,-3632,3621,-3632,3621,-3632,3623,-3631,3622,3630,3619,-3631,3619,-3632,3618,-3633,3621,-3633,3620,3634,3617,-3630,3620,-3630,3622,-3630,3619,-3628,3619,-3627,3619,-3628,3618,-3624,-0.53,SJNFAAZE1U0005576,117.83,13.04,9097.5986328125,78,75,0,0,0,0,14.5,99.17,-155018,100,1528024498.827,0,2,1,0,5,0,0,0,0,4,348.06,348.06,7F,1,1,1,0080,81,40,40,0,0,19,-4.25
03/06/2018 12:15:02,55 51.90231,-2 14.86137,459,53,242,478277,1144818,348.10,-2.814,3635,3619,3626,16,0,94.8,34.9,90.0,32.2,none,none,82.4,28.0,-3626,3622,-3629,3623,-3630,3626,-3631,3625,-3630,3626,-3631,3627,-3631,3626,-3632,3626,-3632,3626,-3630,3624,-3631,3626,-3632,3626,-3632,3625,-3632,3625,-3630,3627,-3630,3627,-3631,3627,-3631,3627,-3631,3626,-3631,3626,-3631,3626,-3630,3627,-3628,3625,-3627,3624,-3625,3620,-3627,3621,-3629,3623,-3627,3622,-3632,3624,-3630,3622,-3629,3621,-3634,3621,-3633,3622,-3632,3622,-3633,3623,-3632,3623,-3630,3619,-3633,3619,-3633,3620,-3635,3621,-3635,3620,-3632,3622,-3631,3621,-3632,3623,-3628,3621,-3627,3621,-3629,3620,-3628,3619,-0.56,SJNFAAZE1U0005576,117.83,13.04,9097.5986328125,78,75,0,0,0,0,14.5,99.17,-155019,100,1528024502.676,0,2,1,0,5,0,0,0,0,4,348.18,348.18,7F,1,1,1,0080,81,40,40,0,0,19,-3.00
03/06/2018 12:15:06,55 51.94238,-2 14.9184,459,53,242,478252,1144818,347.71,9.788,3629,3614,3622,15,0,94.8,34.9,90.0,32.2,none,none,82.4,28.0,-3620,3617,-3625,3619,-3626,3622,-3626,3620,-3627,3623,-3627,3623,-3627,3622,-3628,3621,-3627,3622,-3627,3621,-3628,3623,-3628,3622,-3628,3621,-3628,3620,-3626,3623,-3627,3623,-3626,3622,-3627,3623,-3627,3622,-3628,3622,-3625,3622,-3627,3621,-3625,3620,-3624,3620,-3620,3617,-3623,3617,-3622,3618,-3622,3617,-3626,3620,-3625,3618,-3624,3618,-3627,3618,-3628,3618,-3627,3619,-3628,3619,-3627,3619,-3627,3614,-3628,3616,-3627,3617,-3629,3618,-3628,3617,-3625,3618,-3625,3618,-3627,3618,-3622,3618,-3622,3617,-3623,3616,-3622,3615,-0.57,SJNFAAZE1U0005576,117.83,13.04,9097.5986328125,78,75,0,0,0,0,14.5,99.17,-155019,100,1528024506.403,2200,2,1,0,5,0,0,0,0,4,347.91,347.91,7F,1,1,1,0080,81,40,40,0,0,19,7.25
03/06/2018 12:15:10,55 51.97618,-2 14.98858,439,52,242,478071,1144818,347.14,28.617,3624,3608,3616,16,0,94.8,34.9,90.0,32.2,none,none,82.4,28.0,-3615,3611,-3618,3611,-3619,3614,-3620,3615,-3621,3616,-3621,3617,-3622,3616,-3622,3616,-3621,3616,-3621,3614,-3623,3616,-3622,3616,-3623,3615,-3623,3615,-3621,3617,-3621,3617,-3621,3617,-3621,3617,-3620,3616,-3620,3616,-3620,3616,-3620,3617,-3618,3614,-3617,3613,-3613,3609,-3616,3609,-3616,3610,-3616,3611,-3621,3614,-3618,3611,-3617,3609,-3622,3610,-3623,3611,-3620,3612,-3621,3610,-3621,3613,-3623,3608,-3622,3609,-3621,3609,-3624,3609,-3622,3609,-3619,3609,-3618,3610,-3620,3611,-3615,3609,-3616,3609,-3617,3610,-3617,3608,-0.55,SJNFAAZE1U0005576,117.83,13.04,9097.5986328125,78,75,0,0,0,0,14.5,99.17,-155019,100,1528024510.276,7000,2,1,0,5,0,0,0,0,4,347.25,347.25,7F,1,1,1,0080,81,40,40,0,0,19,17.50
03/06/2018 12:15:14,55 51.99996,-2 15.06392,429,52,242,477727,1144818,346.56,42.777,3618,3603,3610,15,0,94.6,34.8,90.0,32.2,none,none,82.4,28.0,-3608,3606,-3612,3608,-3614,3610,-3615,3610,-3613,3613,-3614,3612,-3614,3612,-3616,3612,-3615,3611,-3615,3611,-3615,3611,-3615,3612,-3616,3610,-3616,3611,-3616,3613,-3615,3612,-3614,3611,-3615,3612,-3615,3612,-3615,3612,-3614,3612,-3613,3611,-3611,3609,-3610,3608,-3607,3605,-3608,3605,-3610,3606,-3609,3605,-3615,3608,-3611,3605,-3609,3607,-3617,3606,-3616,3607,-3615,3606,-3617,3609,-3614,3608,-3617,3604,-3614,3605,-3615,3606,-3618,3606,-3616,3605,-3612,3605,-3613,3606,-3616,3607,-3610,3605,-3611,3603,-3610,3605,-3609,3604,-0.55,SJNFAAZE1U0005576,117.83,13.04,9097.5986328125,78,75,0,0,0,0,14.5,99.17,-155019,100,1528024514.039,11320,2,1,0,5,0,0,0,0,4,346.61,346.61,7F,1,1,1,0080,81,40,40,0,0,19,20.75
03/06/2018 12:15:17,55 52.01868,-2 15.14716,442,51,241,477320,1144818,346.18,46.622,3614,3598,3606,16,0,94.6,34.8,90.0,32.2,none,none,82.4,28.0,3600,-3608,3603,-3608,3604,3611,3609,-3609,3606,-3612,3606,-3612,3606,-3613,3606,-3612,3607,-3613,3606,-3611,3607,-3613,3607,3614,3607,-3613,3606,-3612,3606,-3612,3608,-3612,3607,3612,3608,-3612,3608,-3612,3607,-3611,3607,-3611,3606,-3611,-3604,3608,-3603,3606,-3598,3606,-3598,3607,-3600,3607,-3601,3607,-3606,3612,-3601,3608,-3598,3610,-3603,3612,-3603,3612,-3602,3611,-3605,3612,-3603,3612,-3605,3610,-3600,3612,3600,-3613,3602,3613,3602,-3613,3599,-3609,3600,-3610,3603,-3611,3599,-3608,3598,3607,3598,-3607,3598,-3605,-0.56,SJNFAAZE1U0005576,117.83,13.04,9097.5986328125,78,75,0,0,0,0,14.5,99.17,-155019,100,1528024517.941,12520,2,1,0,5,0,0,0,0,4,346.37,346.37,7F,1,1,1,0080,80,40,40,0,0,19,26.25
03/06/2018 12:15:21,55 52.03168,-2 15.21389,446,54,241,476856,1144818,345.98,53.489,3611,3595,3604,16,0,94.6,34.8,89.8,32.1,none,none,82.2,27.9,3598,-3605,3601,-3606,3602,3607,3607,-3607,3604,3610,3605,-3610,3604,-3609,3604,-3610,3604,-3610,3605,-3608,3604,-3611,3605,-3609,3606,-3611,3603,3611,3604,-3610,3605,-3610,3605,-3609,3605,-3609,3606,-3610,3604,-3609,3605,-3608,3604,-3609,3602,-3607,3601,-3604,3596,3604,3597,-3604,3597,-3603,3597,-3603,3603,-3608,3599,-3605,3596,-3608,3600,-3609,3601,-3608,3600,3609,3602,-3610,3600,-3608,3602,-3608,3597,-3609,3597,3611,3600,-3611,3599,-3610,3596,-3608,3598,-3607,3600,-3608,3595,-3604,3597,-3603,3596,-3605,3596,3602,-0.57,SJNFAAZE1U0005576,117.83,13.04,9097.5986328125,78,75,0,0,0,0,14.5,99.17,-155019,100,1528024521.579,14760,2,1,0,5,0,0,0,0,4,345.91,345.91,7F,1,1,1,0080,80,40,40,0,0,19,25.00
03/06/2018 12:15:25,55 52.04268,-2 15.29739,439,51,241,476440,1144818,346.08,45.371,3611,3597,3605,14,0,94.8,34.9,90.0,32.2,none,none,82.4,28.0,3599,-3606,3602,3607,3604,3608,3608,-3607,3605,-3610,3606,-3611,3605,3611,3606,-3610,3605,-3611,3605,-3610,3606,-3611,3606,-3611,3607,3611,3606,-3611,3606,-3610,3607,-3610,3607,-3611,3607,-3609,3608,-3610,3606,-3609,3607,-3609,3606,3610,3604,-3607,3601,-3605,3597,-3604,3598,-3606,3600,3606,3599,-3604,3604,-3608,3601,-3606,3598,-3609,3601,-3610,3602,-3610,3601,-3609,3604,-3609,3601,3609,3603,-3609,3598,-3609,3599,-3610,3602,-3611,3601,3611,3597,-3609,3599,-3608,3602,-3609,3598,-3605,3598,-3605,3597,-3606,3597,-3602,-0.54,SJNFAAZE1U0005576,117.83,13.04,9097.5986328125,78,75,0,0,0,0,14.5,99.17,-155019,100,1528024525.238,13680,2,0,0,0,0,0,0,0,4,346.14,346.14,7F,1,1,1,0080,80,40,40,0,0,19,22.00
03/06/2018 12:15:29,55 52.05637,-2 15.38645,449,52,241,476042,1144818,346.08,43.693,3612,3596,3605,16,0,94.8,34.9,89.8,32.1,none,none,82.2,27.9,3599,-3606,3602,-3606,3603,3608,3608,3607,3605,-3610,3605,-3610,3604,-3611,3604,-3611,3605,-3611,3605,-3610,3606,-3610,3606,-3610,3606,-3611,3606,-3611,3605,3610,3607,-3610,3606,-3610,3607,-3609,3606,-3609,3605,-3609,3605,-3609,3605,-3610,3603,-3607,3602,3604,3596,-3603,3597,-3606,3599,-3605,3598,-3604,3603,3608,3600,-3606,3596,-3608,3601,-3609,3601,-3610,3599,-3610,3603,-3610,3601,-3609,3602,-3608,3598,3610,3599,-3612,3601,-3611,3599,-3611,3596,-3608,3599,3608,3601,-3608,3597,-3604,3598,-3605,3597,-3606,3598,-3602,-0.57,SJNFAAZE1U0005576,117.83,13.04,9097.5986328125,78,75,0,0,0,0,14.5,99.17,-155019,100,1528024529.033,13000,2,0,0,0,0,0,0,0,4,346.15,346.15,7F,1,1,1,0080,80,40,40,0,0,19,21.75
03/06/2018 12:15:32,55 52.06809,-2 15.45541,456,52,240,475651,1144818,345.89,44.913,3612,3593,3603,19,0,94.8,34.9,89.8,32.1,none,none,82.4,28.0,3596,-3604,3599,-3605,3600,3608,3604,-3607,3602,-3610,3603,3608,3602,-3610,3601,-3610,3602,-3610,3603,-3609,3602,-3610,3602,3609,3603,-3610,3602,-3610,3601,-3609,3603,-3609,3603,3608,3605,-3608,3604,-3609,3603,-3609,3604,-3608,3602,-3608,3599,-3606,3599,-3603,3594,-3602,3594,3604,3595,-3604,3595,-3603,3600,-3608,3597,-3605,3594,3608,3598,-3610,3597,-3611,3597,-3608,3600,-3608,3598,-3609,3599,-3607,3595,-3610,3595,-3612,3597,3610,3597,-3610,3593,-3607,3596,-3606,3598,-3608,3594,3604,3595,-3603,3594,-3605,3594,-3601,-0.56,SJNFAAZE1U0005576,117.83,13.04,9097.5986328125,78,75,0,0,0,0,14.5,99.17,-155019,100,1528024532.634,12720,2,0,0,0,0,0,0,0,4,346.02,346.02,7F,1,1,1,0080,80,40,40,0,0,19,24.00
03/06/2018 12:15:36,55 52.08146,-2 15.54416,459,54,240,475235,1144818,345.98,43.052,3612,3595,3604,17,0,94.6,34.8,89.8,32.1,none,none,82.2,27.9,-3601,3598,-3607,3598,-3607,3602,-3609,3602,-3608,3603,-3609,3604,-3610,3603,-3610,3604,-3609,3603,-3610,3603,-3610,3604,-3610,3605,-3612,3602,-3611,3602,-3610,3604,-3610,3605,-3609,3604,-3608,3605,-3609,3605,-3609,3604,-3609,3603,-3608,3605,-3606,3601,-3605,3600,-3601,3595,-3603,3597,-3606,3598,-3604,3598,-3610,3600,-3607,3597,-3605,3598,-3610,3599,-3610,3597,-3608,3600,-3611,3600,-3608,3600,-3612,3595,-3610,3597,-3611,3596,-3611,3598,-3611,3597,-3607,3597,-3607,3599,-3610,3602,-3603,3596,-3604,3597,-3604,3595,-3604,3596,-0.55,SJNFAAZE1U0005576,117.83,13.04,9097.5986328125,78,75,0,0,0,0,14.5,99.17,-155019,100,1528024536.271,12880,2,0,0,0,0,0,0,0,4,346.04,346.04,7F,1,1,1,0080,80,40,40,0,0,19,20.50
03/06/2018 12:15:40,55 52.08967,-2 15.63412,462,54,240,474857,1144818,345.89,41.312,3612,3594,3603,18,0,94.6,34.8,89.8,32.1,none,none,82.2,27.9,-3601,3598,-3605,3600,-3607,3602,-3608,3603,-3607,3604,-3609,3605,-3607,3604,-3610,3603,-3609,3604,-3608,3602,-3609,3604,-3609,3604,-3610,3602,-3610,3602,-3608,3605,-3608,3605,-3608,3604,-3608,3606,-3608,3604,-3608,3604,-3608,3605,-3606,3604,-3605,3603,-3604,3601,-3601,3595,-3603,3597,-3603,3598,-3603,3598,-3607,3600,-3605,3598,-3603,3597,-3609,3599,-3609,3599,-3608,3598,-3610,3601,-3609,3601,-3608,3594,-3608,3597,-3609,3599,-3612,3598,-3611,3598,-3606,3598,-3606,3597,-3610,3599,-3603,3597,-3604,3596,-3603,3596,-3603,3595,-0.52,SJNFAAZE1U0005576,117.83,13.04,9099.2080078125,78,75,0,0,0,0,14.5,99.17,-155019,100,1528024540.014,12280,2,1,0,4,0,0,0,0,4,346.06,346.06,7F,1,1,1,0080,80,40,40,0,0,19,20.25
03/06/2018 12:15:43,55 52.09425,-2 15.70329,465,56,240,474476,1144818,345.79,45.096,3609,3595,3602,14,0,94.6,34.8,89.8,32.1,none,none,82.2,27.9,-3600,3597,-3604,3598,-3604,3601,-3606,3602,-3605,3603,-3606,3604,-3607,3603,-3607,3603,-3607,3604,-3607,3601,-3607,3603,-3607,3603,-3608,3601,-3609,3601,-3606,3604,-3607,3603,-3606,3603,-3606,3604,-3607,3603,-3606,3603,-3606,3603,-3605,3602,-3603,3601,-3602,3600,-3598,3595,-3599,3596,-3600,3597,-3600,3597,-3606,3600,-3602,3598,-3601,3596,-3607,3598,-3606,3598,-3605,3598,-3607,3599,-3606,3598,-3608,3595,-3606,3597,-3607,3598,-3609,3598,-3607,3598,-3604,3597,-3606,3598,-3607,3599,-3600,3596,-3602,3596,-3601,3595,-3600,3595,-0.53,SJNFAAZE1U0005576,117.83,13.04,9099.2080078125,78,75,0,0,0,0,14.5,99.17,-155019,100,1528024543.742,12520,2,1,0,4,0,0,0,0,4,345.81,345.81,7F,1,1,1,0080,80,40,40,0,0,19,19.75
03/06/2018 12:15:47,55 52.09818,-2 15.79497,465,54,240,474094,1144818,345.79,40.763,3610,3592,3602,18,0,94.6,34.8,90.0,32.2,none,none,82.4,28.0,-3600,3596,-3605,3597,-3605,3601,-3607,3601,-3608,3602,-3607,3603,-3608,3600,-3608,3602,-3607,3601,-3607,3600,-3607,3602,-3609,3602,-3609,3601,-3609,3601,-3608,3604,-3608,3603,-3607,3602,-3608,3603,-3608,3602,-3607,3603,-3608,3602,-3606,3603,-3605,3599,-3604,3599,-3598,3593,-3600,3594,-3602,3597,-3601,3596,-3606,3598,-3604,3596,-3602,3595,-3608,3597,-3608,3598,-3607,3598,-3608,3597,-3607,3598,-3608,3592,-3607,3594,-3607,3595,-3610,3595,-3609,3596,-3606,3596,-3605,3596,-3608,3598,-3601,3595,-3602,3594,-3602,3594,-3602,3594,-0.52,SJNFAAZE1U0005576,117.83,13.04,9099.2080078125,78,75,0,0,0,0,14.5,99.17,-155019,100,1528024547.507,11680,2,1,0,5,0,0,0,0,4,345.93,345.93,7F,1,1,1,0080,80,40,40,0,0,19,21.50
03/06/2018 12:15:51,55 52.10496,-2 15.88361,482,53,239,473645,1144818,345.22,58.036,3603,3587,3596,16,0,94.6,34.8,89.8,32.1,none,none,82.2,27.9,-3588,3597,-3593,3598,-3594,3599,-3599,3598,-3596,3601,-3597,3603,-3596,3602,-3597,3602,-3596,3603,-3597,3601,-3597,3603,-3597,3602,-3598,3602,-3596,3602,3596,-3602,3598,3602,3596,-3600,3598,-3601,3598,-3601,3597,-3601,3597,-3601,3596,3601,3594,-3598,3593,-3596,3588,-3594,3587,-3596,3590,3594,3589,-3595,3595,-3599,3591,-3596,3589,-3599,3592,-3601,3592,-3601,3592,-3600,3595,-3601,3592,3600,3594,-3599,3588,-3601,-3589,3602,-3592,3601,-3593,3601,-3587,3599,-3590,3599,-3593,3601,-3587,3595,-3589,3595,-3588,3596,-3587,3592,-0.52,SJNFAAZE1U0005576,117.83,13.04,9099.2080078125,78,75,0,0,0,0,14.5,99.17,-155019,100,1528024551.434,15280,2,1,0,5,0,0,0,0,4,345.28,345.28,7F,1,1,1,0080,80,40,40,0,0,19,29.75
03/06/2018 12:15:55,55 52.11332,-2 15.96895,475,52,239,473113,1144818,345.31,53.794,3606,3587,3597,19,0,94.6,34.8,89.8,32.1,none,none,82.2,27.9,3589,3598,3593,-3599,3594,3601,3600,-3601,3597,-3604,3598,-3604,3597,-3604,3596,-3604,3597,-3604,3597,3602,3597,-3604,3598,-3603,3599,-3604,3596,-3604,3596,3603,3598,-3603,3598,-3602,3598,-3602,3598,-3603,3596,-3603,3596,-3601,3597,-3603,3595,-3600,3592,3597,3587,-3597,3588,-3598,3590,-3597,3589,-3597,3595,3602,3590,-3599,3589,-3601,3592,-3603,3592,-3603,3591,-3604,3594,-3603,3591,-3602,3595,-3602,3588,3603,3590,-3606,3591,-3604,3590,-3604,3587,-3601,3590,-3602,3593,3602,3587,-3598,3588,-3597,3588,-3598,3588,-3596,-0.54,SJNFAAZE1U0005576,117.83,13.04,9099.2080078125,78,75,0,0,0,0,14.5,99.17,-155019,100,1528024555.144,15000,2,1,0,5,0,0,0,0,4,345.23,345.23,7F,1,1,1,0080,80,40,40,0,0,19,22.50
03/06/2018 12:15:58,55 52.12261,-2 16.03499,479,51,239,472701,1144818,345.31,45.066,3606,3587,3597,19,0,94.6,34.8,89.8,32.1,none,none,82.2,27.9,3591,-3599,3593,-3599,3594,3600,3599,-3602,3596,-3604,3597,-3604,3597,-3604,3596,-3604,3596,-3602,3596,-3602,3597,-3604,3597,3603,3598,-3605,3596,-3605,3597,-3603,3597,-3602,3598,3602,3598,-3602,3599,-3603,3597,-3602,3597,-3602,3596,-3602,3595,-3600,3592,-3597,3589,-3597,3587,3597,3590,-3597,3590,-3597,3595,-3602,3591,-3598,3588,3601,3593,-3603,3592,-3603,3591,-3603,3595,-3602,3592,-3601,3595,3602,3588,-3604,3590,-3606,3592,-3603,3592,-3604,3587,-3602,3591,-3601,3593,-3602,3589,-3598,3589,3598,3589,-3598,3588,-3595,-0.56,SJNFAAZE1U0005576,117.83,13.04,9099.2080078125,78,75,0,0,0,0,14.5,99.17,-155019,100,1528024558.694,13320,2,1,0,5,0,0,0,0,4,345.51,345.51,7F,1,1,1,0080,80,40,40,0,0,19,26.25
03/06/2018 12:16:02,55 52.14022,-2 16.12112,482,53,239,472239,1144818,344.74,57.883,3600,3582,3591,18,0,94.6,34.8,89.8,32.1,none,none,82.2,27.9,3585,-3592,3588,-3593,3589,3596,3594,-3595,3592,3598,3592,-3599,3592,-3598,3593,-3598,3591,-3598,3592,-3597,3591,-3600,3594,-3598,3593,-3599,3592,3599,3592,-3597,3593,-3597,3593,-3597,3594,-3597,3594,3598,3592,-3597,3593,-3597,3592,-3596,3590,-3593,3587,-3591,3583,3590,3583,-3592,3584,-3591,3585,-3591,3591,-3596,3586,-3592,3583,-3594,3587,-3596,3588,-3596,3588,3594,3590,-3597,3587,-3596,3589,-3595,3584,-3597,3585,3599,3588,-3597,3586,-3597,3582,-3595,3585,-3595,3588,-3596,3582,-3591,3583,-3591,3583,-3591,3582,3589,-0.54,SJNFAAZE1U0005576,117.83,13.04,9099.2080078125,78,75,0,0,0,0,14.5,99.17,-155019,100,1528024562.400,15920,2,1,0,5,0,0,0,0,4,344.99,344.99,7F,1,1,1,0080,80,40,40,0,0,19,32.75
03/06/2018 12:16:06,55 52.1627,-2 16.20883,485,56,238,471693,1144818,345.31,46.592,3606,3588,3597,18,0,94.6,34.8,89.8,32.1,none,none,82.2,27.9,3590,-3599,3593,3599,3595,3602,3600,-3600,3597,-3603,3597,-3603,3596,3604,3597,-3604,3597,-3604,3597,-3603,3599,-3604,3597,-3603,3598,-3603,3597,-3603,3597,-3604,3600,3603,3599,-3603,3599,-3603,3598,-3603,3597,-3603,3598,3602,3597,-3601,3595,-3601,3594,-3598,3588,-3597,3588,-3599,3590,3598,3590,-3597,3596,-3602,3592,-3598,3588,-3601,3593,-3603,3592,-3604,3591,-3601,3595,-3604,3592,3602,3593,-3602,3589,-3603,3588,-3606,3592,-3605,3591,3604,3588,-3601,3591,-3601,3592,-3601,3588,-3598,3590,-3598,3589,-3599,3588,-3596,-0.55,SJNFAAZE1U0005576,117.83,13.04,9099.2080078125,78,75,0,0,0,0,14.5,99.17,-155019,100,1528024566.388,14440,2,1,0,5,0,0,0,0,4,345.15,345.15,7F,1,1,1,0080,80,40,40,0,0,19,13.25
03/06/2018 12:16:10,55 52.18636,-2 16.2956,482,56,238,471494,1144818,347.14,-2.753,3624,3609,3616,15,0,94.6,34.8,89.8,32.1,none,none,82.2,27.9,-3615,3612,-3618,3613,-3619,3615,-3621,3615,-3619,3616,-3619,3617,-3619,3617,-3622,3615,-3621,3616,-3620,3614,-3620,3616,-3621,3616,-3622,3614,-3622,3616,-3621,3617,-3620,3617,-3619,3616,-3620,3616,-3622,3616,-3620,3615,-3619,3616,-3619,3616,-3617,3613,-3616,3613,-3615,3612,-3616,3612,-3618,3613,-3617,3613,-3622,3614,-3618,3613,-3618,3612,-3622,3612,-3620,3612,-3622,3614,-3622,3613,-3621,3614,-3620,3609,-3621,3611,-3622,3611,-3624,3611,-3622,3612,-3619,3613,-3620,3612,-3622,3614,-3617,3611,-3617,3611,-3618,3611,-3617,3610,-0.56,SJNFAAZE1U0005576,117.83,13.04,9099.2080078125,78,75,0,0,0,0,14.5,99.17,-155019,100,1528024570.080,320,2,1,0,5,0,0,0,0,4,347.04,347.04,7F,1,1,1,0080,81,40,40,0,0,19,-9.75
03/06/2018 12:16:13,55 52.21144,-2 16.38436,482,58,238,471570,1144818,347.14,1.731,3623,3609,3616,14,0,94.6,34.8,90.0,32.2,none,none,82.4,28.0,-3614,3613,-3618,3614,-3619,3616,-3620,3615,-3620,3617,-3620,3617,-3620,3616,-3621,3617,-3621,3616,-3620,3615,-3620,3617,-3621,3616,-3622,3615,-3621,3615,-3620,3618,-3620,3618,-3618,3617,-3620,3618,-3620,3617,-3619,3617,-3620,3617,-3619,3617,-3618,3615,-3616,3614,-3614,3611,-3616,3612,-3616,3613,-3616,3612,-3621,3614,-3618,3612,-3618,3611,-3621,3612,-3620,3613,-3621,3613,-3622,3613,-3620,3614,-3620,3609,-3620,3611,-3622,3612,-3623,3612,-3622,3612,-3618,3611,-3619,3612,-3621,3614,-3616,3612,-3615,3612,-3616,3612,-3616,3610,-0.55,SJNFAAZE1U0005576,117.83,13.04,9099.2080078125,78,75,0,0,0,0,14.5,99.17,-155022,100,1528024573.919,0,2,1,0,5,0,0,0,0,4,347.32,347.32,7F,1,1,1,0080,81,40,40,0,0,19,7.25
03/06/2018 12:16:17,55 52.22988,-2 16.44072,482,53,238,471348,1144818,345.89,40.000,3611,3594,3603,17,0,94.6,34.8,89.8,32.1,none,none,82.2,27.9,-3601,3598,-3606,3600,-3606,3603,-3608,3602,-3608,3604,-3608,3606,-3608,3604,-3610,3604,-3609,3605,-3608,3603,-3609,3604,-3611,3605,-3610,3602,-3609,3603,-3608,3605,-3609,3605,-3608,3605,-3608,3607,-3608,3604,-3608,3604,-3608,3605,-3606,3605,-3605,3602,-3604,3601,-3600,3597,-3602,3597,-3603,3598,-3602,3598,-3608,3601,-3606,3599,-3605,3596,-3609,3598,-3609,3600,-3608,3599,-3610,3599,-3608,3600,-3608,3595,-3609,3597,-3609,3597,-3610,3597,-3610,3599,-3607,3597,-3606,3597,-3608,3597,-3603,3596,-3602,3594,-3603,3596,-3603,3595,-0.53,SJNFAAZE1U0005576,117.83,13.04,9099.2080078125,78,75,0,0,0,0,14.5,99.17,-155022,100,1528024577.574,10280,2,0,0,0,0,0,0,0,4,346.02,346.02,7F,1,1,1,0080,80,40,40,0,0,19,20.00
03/06/2018 12:16:21,55 52.25504,-2 16.51469,488,53,238,471003,1144818,346.08,34.293,3613,3598,3605,15,0,94.6,34.8,89.8,32.1,none,none,82.2,27.9,-3603,3601,-3609,3603,-3608,3605,-3610,3605,-3609,3606,-3610,3607,-3609,3606,-3612,3606,-3610,3606,-3611,3606,-3611,3606,-3611,3607,-3613,3606,-3613,3606,-3610,3608,-3611,3607,-3610,3607,-3610,3608,-3611,3607,-3610,3607,-3611,3607,-3609,3606,-3607,3603,-3606,3603,-3601,3599,-3603,3600,-3604,3600,-3604,3600,-3611,3603,-3607,3601,-3606,3600,-3611,3602,-3611,3601,-3610,3602,-3611,3602,-3609,3603,-3609,3599,-3609,3599,-3611,3599,-3612,3600,-3610,3601,-3607,3600,-3607,3599,-3610,3601,-3604,3598,-3604,3599,-3605,3600,-3604,3598,-0.54,SJNFAAZE1U0005576,117.83,13.04,9099.2080078125,78,75,0,0,0,0,14.5,99.17,-155022,100,1528024581.409,10480,2,0,0,0,0,0,0,0,4,346.10,346.10,7F,1,1,1,0080,81,40,40,0,0,19,16.25
03/06/2018 12:16:25,55 52.28393,-2 16.58707,469,53,238,470691,1144818,345.98,34.690,3612,3594,3604,18,0,94.6,34.8,89.8,32.1,none,none,82.2,27.9,3598,-3606,3601,-3606,3601,3607,3606,-3607,3603,-3611,3603,-3610,3603,-3610,3603,-3611,3603,-3610,3603,-3608,3603,-3610,3604,3610,3606,-3611,3603,-3611,3603,-3610,3604,-3610,3604,3609,3605,-3609,-3605,3610,3604,-3609,-3605,3609,-3604,3609,-3602,3606,-3600,3605,-3596,3604,-3595,3605,-3597,3605,-3598,3604,-3602,3608,-3597,3606,-3596,3608,-3600,3610,-3599,3610,-3598,3610,-3602,3610,-3599,3608,-3600,3610,-3596,3611,3597,-3612,3599,3611,3598,-3612,3594,-3608,3598,-3608,3600,-3609,3597,-3605,3596,3604,3596,-3606,3595,-3602,-0.55,SJNFAAZE1U0005576,117.83,13.04,9099.2080078125,78,75,0,0,0,0,14.5,99.17,-155022,100,1528024585.231,10120,2,0,0,0,0,0,0,0,4,345.97,345.97,7F,1,1,1,0080,80,40,40,0,0,19,18.25
03/06/2018 12:16:29,55 52.31734,-2 16.65121,472,51,238,470354,1144818,345.79,36.796,3609,3594,3602,15,0,94.6,34.8,89.8,32.1,none,none,82.2,27.9,3596,-3602,3598,-3604,3600,3604,3604,-3604,3602,3607,3602,-3608,3602,-3608,3602,-3608,3602,-3608,3602,-3607,3603,-3608,3604,-3607,3603,-3608,3602,3608,3602,-3607,3604,-3607,3603,-3606,3604,-3606,3603,-3607,3602,3607,3603,-3605,3603,-3606,3600,-3603,3598,-3601,3595,3602,3594,-3603,3595,-3602,3595,-3602,3601,-3605,3596,-3603,3596,-3606,3599,-3606,3599,-3606,3598,3607,3599,-3608,3598,-3606,3600,-3605,3595,-3607,3596,3609,3597,-3609,3597,-3608,3594,-3606,3597,-3606,3599,-3606,3594,-3601,3594,-3602,3594,-3603,3594,3600,-0.56,SJNFAAZE1U0005576,117.83,13.04,9099.2080078125,78,75,0,0,0,0,14.5,99.17,-155022,100,1528024589.004,10280,2,0,0,0,0,0,0,0,4,345.97,345.97,7F,1,1,1,0080,81,40,40,0,0,19,23.25
03/06/2018 12:16:37,55 52.38773,-2 16.77656,469,51,238,469892,1144818,344.74,64.139,3600,3581,3591,19,0,94.6,34.8,89.8,32.1,none,none,82.2,27.9,3582,-3594,3587,3594,3588,3595,3594,-3595,3591,-3598,3592,-3598,3591,3599,3591,-3599,3592,-3598,3591,-3598,3591,-3599,3592,-3597,3593,-3599,3591,-3600,3592,-3597,3594,3598,3592,-3598,3593,-3596,3593,-3598,3592,-3599,3592,-3596,3591,3596,3588,-3594,3588,-3592,3581,-3591,3582,-3592,3584,3591,3583,-3592,3591,-3595,3585,-3592,3582,-3596,3585,-3597,3588,-3596,3586,-3598,3589,-3597,3586,3597,3590,-3597,3583,-3599,3585,-3599,3586,-3598,3586,3598,3581,-3597,3584,-3596,3587,-3599,3581,-3591,3582,-3592,3581,-3593,3582,-3588,-0.57,SJNFAAZE1U0005576,117.83,13.04,9099.2080078125,78,75,0,0,0,0,14.5,99.17,-155022,100,1528024597.004,16960,2,1,0,4,0,0,0,0,4,344.90,344.90,7F,1,1,1,0080,80,40,40,0,0,19,38.00
03/06/2018 12:22:58,55 55.81752,-2 21.31517,446,53,222,439772,1144818,348.29,-38.581,3637,3622,3628,15,0,94.4,34.7,89.6,32.0,none,none,82.0,27.8,-3630,3625,-3631,3626,-3631,3627,-3632,3628,-3632,3628,-3632,3628,-3631,3628,-3633,3626,-3632,3626,-3631,3627,-3632,3628,-3632,3627,-3633,3626,-3633,3626,-3632,3627,-3632,3628,-3631,3628,-3631,3629,-3632,3628,-3632,3627,-3632,3627,-3631,3628,-3629,3627,-3630,3626,-3630,3624,-3631,3625,-3632,3626,-3630,3626,-3634,3627,-3631,3625,-3632,3625,-3636,3625,-3634,3626,-3634,3626,-3634,3626,-3634,3625,-3632,3623,-3635,3623,-3635,3622,-3637,3624,-3635,3624,-3632,3625,-3633,3624,-3633,3626,-3630,3624,-3630,3623,-3631,3624,-3630,3622,-0.55,SJNFAAZE1U0005576,117.83,13.04,9108.8642578125,78,75,0,0,0,0,13.5,99.17,-155022,100,1528024978.084,0,2,1,0,4,0,0,0,0,4,348.35,348.35,7F,1,1,1,0080,80,40,40,0,0,19,-25.00
03/06/2018 12:23:01,55 55.85498,-2 21.32392,433,52,222,440046,1144818,348.10,-25.733,3635,3618,3626,17,0,94.4,34.7,89.4,31.9,none,none,81.8,27.7,-3626,3622,-3629,3622,-3631,3624,-3631,3624,-3631,3624,-3630,3624,-3631,3623,-3632,3623,-3632,3623,-3630,3623,-3631,3624,-3632,3625,-3632,3622,-3633,3624,-3632,3625,-3630,3626,-3630,3624,-3631,3625,-3631,3625,-3631,3625,-3631,3624,-3631,3625,-3628,3623,-3628,3622,-3626,3622,-3630,3621,-3630,3623,-3627,3622,-3632,3623,-3631,3622,-3630,3621,-3633,3621,-3633,3622,-3632,3623,-3632,3623,-3632,3622,-3631,3618,-3634,3618,-3633,3619,-3635,3620,-3633,3619,-3632,3620,-3631,3621,-3632,3622,-3628,3621,-3628,3619,-3629,3620,-3628,3620,-0.53,SJNFAAZE1U0005576,117.83,13.04,9108.8642578125,78,75,0,0,0,0,13.5,99.17,-155033,100,1528024981.323,0,2,1,0,5,0,0,0,0,4,348.18,348.18,7F,1,1,1,0080,80,40,40,0,0,19,-12.75
03/06/2018 12:23:04,55 55.90509,-2 21.34318,439,50,222,440140,1144818,346.94,4.050,3623,3606,3614,17,0,94.2,34.6,89.4,31.9,none,none,82.0,27.8,-3614,3610,-3617,3610,-3617,3613,-3619,3613,-3619,3614,-3619,3615,-3618,3613,-3620,3614,-3620,3614,-3620,3614,-3619,3614,-3620,3614,-3621,3613,-3620,3612,-3619,3614,-3618,3615,-3618,3615,-3619,3616,-3618,3614,-3619,3614,-3619,3614,-3618,3614,-3617,3613,-3615,3612,-3614,3608,-3616,3609,-3616,3610,-3616,3610,-3619,3613,-3618,3610,-3618,3608,-3620,3609,-3621,3610,-3620,3610,-3620,3610,-3620,3610,-3620,3606,-3622,3608,-3621,3608,-3623,3609,-3621,3608,-3619,3608,-3618,3609,-3620,3611,-3615,3608,-3616,3608,-3617,3608,-3616,3608,-0.56,SJNFAAZE1U0005576,117.83,13.04,9108.8642578125,78,75,0,0,0,0,13.5,99.17,-155037,100,1528024984.834,40,2,0,0,4,0,0,0,0,4,347.29,347.29,7F,1,1,1,0080,80,40,40,0,0,19,10.00
03/06/2018 12:23:08,55 55.93893,-2 21.33932,419,52,222,439951,1144818,346.37,24.650,3615,3601,3608,14,0,94.2,34.6,89.4,31.9,none,none,82.0,27.8,3602,-3609,3604,-3609,3606,3611,3610,-3610,3607,-3613,3608,-3612,3609,-3613,3608,-3614,-3607,3612,-3608,3612,-3609,3613,-3609,3613,-3609,3614,-3609,3613,-3608,3612,-3610,3613,-3609,3612,-3610,3611,-3609,3612,-3609,3612,-3609,3611,-3609,3613,-3607,3609,-3605,3607,-3602,3609,-3603,3609,-3603,3609,-3602,3609,-3607,3612,-3604,3610,-3602,3612,-3604,3613,-3606,3613,-3604,3612,-3607,3613,-3604,3612,-3605,3612,-3602,3613,3602,-3614,3604,3614,3603,-3615,3601,-3610,3603,-3612,3605,-3614,3602,-3609,3602,3608,3601,-3610,3601,-3605,-0.55,SJNFAAZE1U0005576,117.83,13.04,9108.8642578125,78,75,0,0,0,0,13.5,99.17,-155037,100,1528024988.311,8360,2,0,0,0,0,0,0,0,4,346.47,346.47,7F,1,1,1,0080,80,40,40,0,0,19,12.50
03/06/2018 12:23:11,55 55.99045,-2 21.35911,436,55,222,439704,1144818,345.70,37.314,3610,3592,3601,18,0,94.2,34.6,89.4,31.9,none,none,81.8,27.7,3595,-3602,3597,-3603,3599,3605,3604,-3604,3600,-3607,3601,3607,3601,-3607,3601,-3607,3601,-3607,3601,-3606,3601,3607,3601,-3606,3602,-3607,3601,-3608,3601,-3606,3602,-3606,3601,-3606,3602,-3606,3602,-3606,3601,3607,3602,-3605,3601,-3606,3599,-3603,3598,-3602,3593,3602,3593,-3603,3594,-3602,3595,-3602,3599,-3606,3595,-3603,3594,-3606,3598,-3608,3596,-3608,3597,3608,3598,-3607,3596,-3607,3598,-3607,3594,-3608,3594,3609,3597,-3610,3596,-3609,3592,-3606,3595,-3606,3597,-3606,3593,-3603,3593,-3602,3593,-3602,3593,3599,-0.53,SJNFAAZE1U0005576,117.83,13.04,9108.8642578125,78,75,0,0,0,0,13.5,99.17,-155037,100,1528024991.879,9680,2,0,0,0,0,0,0,0,4,345.91,345.91,7F,1,1,1,0080,80,40,40,0,0,19,19.50
03/06/2018 12:23:15,55 56.03249,-2 21.36931,423,56,222,439358,1144818,345.89,31.486,3611,3594,3603,17,0,94.2,34.6,89.4,31.9,none,none,82.0,27.8,3597,-3606,3599,-3607,3601,3607,3605,-3606,3602,-3609,3603,-3610,3602,-3610,3602,3609,3602,-3609,3602,-3609,3603,-3610,3604,-3609,3604,3610,3603,-3611,3603,-3608,3604,-3609,3602,-3608,3604,-3609,3604,-3608,3602,-3609,3604,-3608,3603,3608,3601,-3607,3599,-3604,3596,-3606,3595,-3606,3597,3603,3597,-3605,3602,-3609,3597,-3606,3597,-3609,3599,-3610,3598,-3609,3599,-3609,3600,-3609,3599,3610,3599,-3609,3595,-3611,3597,-3611,3597,-3611,3597,3610,3594,-3608,3596,-3607,3599,-3610,3595,-3603,3596,-3605,3594,3606,3595,-3602,-0.54,SJNFAAZE1U0005576,117.83,13.04,9108.8642578125,78,75,0,0,0,0,13.5,99.17,-155037,100,1528024995.463,10640,2,0,0,0,0,0,0,0,4,345.86,345.86,7F,1,1,1,0080,80,40,40,0,0,19,9.25
03/06/2018 12:23:18,55 56.07325,-2 21.37503,429,56,222,439226,1144818,347.04,0.206,3623,3607,3615,16,0,94.4,34.7,89.6,32.0,none,none,82.0,27.8,3610,3617,3611,-3619,3614,3617,3618,-3618,3614,-3619,3614,-3619,3614,-3621,3614,-3620,3614,-3621,3614,3619,3614,-3621,3615,-3618,3615,-3621,3614,-3620,3614,3619,3615,-3619,3616,-3619,3616,-3618,3616,-3619,3614,-3619,3616,-3619,3614,-3618,3614,-3617,3613,3615,3609,-3617,3610,-3617,3611,-3618,3611,-3616,3614,3620,3612,-3618,3608,-3620,3611,-3622,3611,-3621,3611,-3620,3612,3620,3611,-3620,3609,-3621,3608,-3621,3609,-3623,3611,-3623,3610,-3622,3607,-3620,3611,-3620,3611,3621,3609,-3617,3610,-3618,3610,-3618,3608,-3615,-0.57,SJNFAAZE1U0005576,117.83,13.04,9108.8642578125,78,75,0,0,0,0,13.5,99.17,-155037,100,1528024998.790,1160,2,0,0,0,0,0,0,0,4,346.96,346.96,7F,1,1,1,0080,80,40,40,0,0,19,-8.75
03/06/2018 12:23:22,55 56.12443,-2 21.3881,413,55,222,439337,1144818,347.90,-19.202,3633,3616,3624,17,0,94.2,34.6,89.4,31.9,none,none,81.8,27.7,3619,-3627,3621,-3628,3621,3627,3625,-3626,3623,-3629,3622,-3628,3622,-3630,3622,-3629,3622,-3628,3622,-3627,3622,-3630,3623,3627,3623,-3629,3622,-3630,3622,-3627,3623,-3628,3623,3627,3624,-3627,3624,-3630,3623,-3629,3624,-3628,3623,-3627,3622,3627,3621,-3625,3619,-3627,3619,-3628,3621,-3627,3619,-3626,3623,-3630,3620,-3628,3618,-3629,3620,3631,3619,-3630,3619,-3630,3620,-3630,3619,-3630,3619,3631,3617,-3631,3618,-3631,3619,-3632,3618,-3633,3617,-3629,3620,-3629,3620,-3630,3619,-3626,3619,3626,3617,-3628,3616,-3624,-0.53,SJNFAAZE1U0005576,117.83,13.04,9108.8642578125,78,75,0,0,0,0,13.5,99.17,-155042,100,1528025002.076,0,2,0,0,0,0,0,0,0,4,347.86,347.86,7F,1,1,1,0080,80,40,40,0,0,19,-13.50
03/06/2018 12:23:25,55 56.15946,-2 21.4081,416,54,222,439462,1144818,347.62,-10.413,3630,3615,3621,15,0,94.2,34.6,89.4,31.9,none,none,81.8,27.7,-3621,3617,-3624,3617,3624,3621,-3625,3619,3624,-3621,3625,3621,3624,-3620,3626,-3621,3625,-3620,3625,-3619,3626,3620,3626,-3620,3627,-3619,3627,-3620,3626,-3621,3625,-3622,3625,-3622,3624,-3622,3625,-3621,3625,3620,3625,-3620,3626,-3622,3623,-3620,3623,-3619,3621,3617,3623,-3617,-3624,3619,-3623,-3618,-3626,3619,-3624,3618,-3624,3617,-3627,3616,-3627,3618,-3626,3619,-3627,3619,-3626,3618,-3624,3615,-3627,3615,-3628,3616,-3630,3617,-3627,3617,-3625,3617,-3625,3617,-3625,3619,-3622,3617,-3623,3616,-3623,3616,-3623,3615,-0.52,SJNFAAZE1U0005576,117.83,13.04,9108.8642578125,78,75,0,0,0,0,13.5,99.17,-155047,100,1528025005.323,0,2,1,0,4,0,0,0,0,4,347.76,347.76,7F,1,1,1,0080,80,40,40,0,0,19,-6.50
03/06/2018 12:23:28,55 56.21528,-2 21.43985,416,55,222,439494,1144818,347.23,3.562,3626,3610,3617,16,0,94.2,34.6,89.4,31.9,none,none,81.8,27.7,-3617,3613,-3620,3613,-3620,3616,-3621,3614,-3621,3616,-3621,3617,-3622,3616,-3623,3615,-3623,3616,-3622,3615,-3622,3616,-3623,3616,-3623,3615,-3623,3615,-3622,3617,-3620,3617,-3620,3616,-3623,3618,-3621,3616,-3622,3616,-3622,3616,-3620,3616,-3619,3615,-3618,3614,-3617,3611,-3619,3612,-3619,3614,-3619,3613,-3622,3614,-3621,3612,-3619,3612,-3624,3611,-3623,3613,-3622,3613,-3623,3614,-3623,3613,-3623,3610,-3623,3610,-3624,3612,-3626,3613,-3625,3611,-3622,3612,-3622,3613,-3623,3614,-3618,3612,-3619,3611,-3619,3612,-3619,3610,-0.57,SJNFAAZE1U0005576,117.83,13.04,9108.8642578125,78,75,0,0,0,0,13.5,99.17,-155048,100,1528025008.697,40,2,1,0,4,0,0,0,0,4,347.32,347.32,7F,1,1,1,0080,80,40,40,0,0,19,1.75
03/06/2018 12:23:31,55 56.24123,-2 21.46758,337,52,222,439454,1144818,347.42,-3.394,3626,3613,3619,13,0,94.2,34.6,89.4,31.9,none,none,81.8,27.7,-3618,3615,-3621,3616,-3622,3618,-3622,3617,-3622,3618,-3622,3620,-3622,3617,-3624,3619,-3624,3618,-3623,3617,-3623,3618,-3623,3619,-3624,3617,-3624,3617,-3623,3619,-3623,3620,-3623,3618,-3622,3619,-3624,3620,-3622,3618,-3624,3619,-3622,3618,-3621,3617,-3621,3617,-3619,3615,-3620,3614,-3622,3616,-3620,3615,-3625,3617,-3622,3616,-3621,3614,-3625,3616,-3625,3616,-3624,3616,-3625,3616,-3624,3616,-3622,3613,-3624,3614,-3624,3613,-3626,3614,-3625,3614,-3623,3615,-3622,3615,-3623,3616,-3620,3613,-3621,3614,-3620,3613,-3620,3613,-0.53,SJNFAAZE1U0005576,117.83,13.04,9108.8642578125,78,75,0,0,0,0,13.5,99.17,-155048,100,1528025011.847,1480,2,1,0,4,0,0,0,0,4,347.53,347.53,7F,1,1,1,0080,80,40,40,0,0,19,-6.75
03/06/2018 12:23:35,55 56.27195,-2 21.51215,341,58,222,439521,1144818,348.00,-14.960,3633,3618,3625,15,0,94.2,34.6,89.4,31.9,none,none,81.8,27.7,-3626,3622,-3629,3621,-3629,3624,-3629,3624,-3629,3624,-3629,3624,-3630,3624,-3631,3623,-3630,3623,-3630,3623,-3629,3623,-3631,3623,-3632,3623,-3632,3623,-3629,3625,-3629,3624,-3629,3624,-3630,3625,-3629,3625,-3630,3624,-3629,3624,-3629,3625,-3627,3623,-3627,3622,-3625,3621,-3628,3621,-3629,3622,-3627,3622,-3632,3622,-3630,3622,-3629,3621,-3633,3621,-3632,3621,-3632,3622,-3632,3621,-3630,3622,-3631,3618,-3631,3619,-3633,3620,-3633,3621,-3633,3620,-3631,3621,-3630,3622,-3631,3622,-3627,3620,-3627,3620,-3628,3619,-3627,3619,-0.56,SJNFAAZE1U0005576,117.83,13.04,9108.8642578125,78,75,0,0,0,0,13.5,99.17,-155051,100,1528025015.043,0,2,1,0,4,0,0,0,0,4,348.05,348.05,7F,1,1,1,0080,80,40,40,0,0,19,-14.50
03/06/2018 12:23:38,55 56.30128,-2 21.55917,341,52,222,439798,1144818,350.59,-75.629,3661,3644,3652,17,0,94.2,34.6,89.4,31.9,none,none,81.8,27.7,-3654,3649,-3655,3649,-3657,3649,-3656,3649,-3656,3649,-3655,3650,-3655,3649,-3657,3648,-3656,3649,-3654,3648,-3655,3649,-3656,3648,-3657,3649,-3657,3647,-3655,3649,-3654,3651,-3656,3649,-3654,3650,-3656,3650,-3656,3649,-3656,3650,-3657,3650,-3655,3650,-3654,3650,-3655,3650,-3659,3650,-3657,3650,-3656,3650,-3658,3650,-3658,3650,-3658,3647,-3660,3648,-3659,3648,-3659,3648,-3659,3648,-3659,3648,-3656,3646,-3661,3647,-3660,3644,-3660,3647,-3659,3646,-3659,3647,-3659,3648,-3658,3648,-3657,3648,-3656,3647,-3658,3648,-3657,3647,-0.54,SJNFAAZE1U0005576,117.83,13.04,9108.8642578125,78,75,0,0,0,0,13.5,99.17,-155062,100,1528025018.140,0,2,1,0,4,0,0,0,0,4,350.20,350.20,7F,1,1,1,0080,80,40,40,0,0,19,-59.75
03/06/2018 12:23:41,55 56.3173,-2 21.59595,324,46,223,440467,1144818,351.84,-103.888,3672,3656,3665,16,0,94.2,34.6,89.4,31.9,none,none,81.8,27.7,-3664,3669,-3663,3668,-3665,3666,-3666,3665,-3662,3668,-3663,3667,-3663,3668,-3662,3667,-3663,3666,-3661,3665,-3662,3667,-3662,3666,-3663,3669,-3661,3668,3663,-3666,3663,3666,-3664,-3666,3663,-3666,-3665,3667,-3664,3667,-3664,3666,-3664,3668,-3663,3667,-3665,3665,-3664,3670,-3666,3671,-3665,3670,-3665,3669,-3666,3671,-3664,3670,-3663,3671,-3664,3670,-3662,3671,-3662,3669,-3663,3670,-3664,3670,-3656,3672,-3662,3671,-3661,3671,-3661,3672,-3660,3672,-3660,3669,-3662,3669,-3662,3668,-3663,3669,-3663,3669,-3663,3670,-3662,3666,-0.55,SJNFAAZE1U0005576,117.83,13.04,9108.8642578125,78,75,0,0,0,0,13.5,99.17,-155090,100,1528025021.388,0,2,1,0,4,0,0,0,0,4,351.70,351.70,7F,1,1,1,0080,80,40,40,0,0,19,-62.25
03/06/2018 12:23:44,55 56.35057,-2 21.6406,360,39,223,441227,1144818,352.70,-108.222,3680,3665,3674,15,0,94.2,34.6,89.4,31.9,none,none,81.8,27.7,3675,3677,3672,-3676,3674,3674,3675,-3674,3673,-3675,3672,-3674,3672,3676,3671,-3675,3672,-3674,3671,-3674,3671,-3674,3672,-3674,3672,-3677,3671,-3676,3672,-3674,3673,3674,3673,-3673,3672,-3674,3674,-3676,3672,-3675,3674,3676,3674,-3676,3673,-3674,3674,-3673,3674,-3680,3676,-3680,3676,-3679,3675,-3678,3672,-3679,3675,3679,3674,-3679,3672,-3678,3671,-3680,3671,-3678,3672,3678,3672,-3677,3665,-3680,3671,-3680,3671,-3679,3670,-3680,3670,-3680,3671,-3679,3672,-3679,3671,3678,3674,-3678,3673,-3676,3673,-3678,3671,-3674,-0.55,SJNFAAZE1U0005576,117.83,13.04,9108.8642578125,78,75,0,0,0,0,13.5,99.17,-155121,100,1528025024.868,0,2,1,0,5,0,0,0,0,4,352.33,352.33,7F,1,1,1,0080,80,40,40,0,0,19,-136.75
03/06/2018 12:23:48,55 56.36364,-2 21.67221,331,24,224,442411,1144818,353.28,-125.068,3688,3668,3680,20,0,94.2,34.6,89.4,31.9,none,none,81.8,27.7,3679,-3685,3677,-3683,3679,3682,3680,3681,3678,-3683,3677,-3682,3676,-3682,3676,-3682,3676,3682,3676,-3681,3677,-3682,3676,-3681,3675,-3682,3674,-3683,3675,-3681,3677,-3682,3677,-3681,3678,3681,3676,-3682,3676,-3682,3678,-3683,3679,-3683,3678,3683,3679,-3681,3679,-3686,3680,-3687,3681,-3688,3680,-3685,3680,-3687,3679,-3687,3677,-3686,3676,3687,3676,-3688,3677,-3686,3677,-3686,3678,-3686,3668,3687,3676,-3688,3675,-3687,3674,-3688,3675,-3688,3675,-3686,3676,-3684,3675,-3683,3679,-3687,3677,3685,3678,-3687,3677,-3683,-0.56,SJNFAAZE1U0005576,117.83,13.04,9108.8642578125,78,75,0,0,0,0,13.5,99.17,-155170,100,1528025028.283,0,2,1,0,5,0,0,0,0,4,353.81,353.81,7F,1,1,1,0080,80,40,40,0,0,19,-136.75
03/06/2018 12:23:51,55 56.36968,-2 21.689,337,16,224,442716,1144818,348.38,30.326,3638,3620,3629,18,0,94.2,34.6,89.4,31.9,none,none,81.8,27.7,3625,-3631,3624,-3632,3627,3632,3630,-3632,3628,-3634,3627,3633,3627,-3634,3626,-3634,3627,-3633,3627,-3632,3626,3634,3628,-3633,3628,-3634,3626,-3635,3627,-3633,3629,-3633,3629,-3632,3629,-3631,3629,-3633,3627,3634,3628,-3633,3628,-3633,3626,-3632,3627,-3630,3624,3632,3623,-3633,3624,-3632,3625,-3630,3628,-3634,3624,-3632,3621,-3634,3625,-3636,3624,-3635,3624,3636,3627,-3635,3624,-3634,3626,-3635,3621,-3636,3622,-3638,3624,3637,3623,-3636,3620,-3633,3624,-3634,3626,-3635,3623,3632,3623,-3632,3623,-3632,3621,-3629,-0.56,SJNFAAZE1U0005576,117.83,13.04,9110.4736328125,78,75,0,0,0,0,13.5,99.17,-155183,100,1528025031.594,6720,2,1,0,5,0,0,0,0,4,348.63,348.63,7F,1,1,1,0080,80,40,40,0,0,19,37.00
03/06/2018 12:23:55,55 56.37114,-2 21.71554,314,16,224,442529,1144818,348.00,28.434,3634,3617,3625,17,0,94.2,34.6,89.4,31.9,none,none,81.8,27.7,3620,-3628,3622,-3628,3621,3629,3627,-3627,3624,-3631,3624,-3631,3624,-3631,3624,3631,3623,-3631,3623,-3629,3624,-3630,3623,-3630,3624,3631,3623,-3632,3624,-3630,3625,-3629,3624,-3629,3624,-3629,3626,-3630,3624,-3630,3625,-3629,3625,3629,3623,-3628,3622,-3625,3619,-3628,3620,-3628,3621,-3628,3620,3627,3622,-3631,3620,-3629,3620,-3631,3621,-3632,3620,3631,3620,-3630,3621,-3631,3621,-3631,3623,-3632,3618,-3634,3618,-3632,3619,-3633,3618,-3633,3617,3630,3620,-3631,3621,-3631,3619,-3628,3619,-3628,3618,3629,3617,-3624,-0.56,SJNFAAZE1U0005576,117.83,13.04,9110.4736328125,78,75,0,0,0,0,13.5,99.17,-155183,100,1528025035.075,5600,2,0,0,0,0,0,0,0,4,348.30,348.30,7F,1,1,1,0080,80,40,40,0,0,19,24.00
03/06/2018 12:23:58,55 56.39458,-2 21.73063,337,25,224,442270,1144818,348.29,28.312,3635,3621,3628,14,0,94.2,34.6,89.4,31.9,none,none,82.0,27.8,3627,3625,3631,-3624,-3632,3627,-3632,-3626,-3632,3627,-3631,3628,-3631,3626,-3633,3627,-3633,3626,-3631,3625,-3632,3626,-3633,3627,3633,-3626,3633,-3626,3631,-3628,3632,3628,3631,-3628,3631,-3628,3633,-3627,3632,-3627,3633,3628,3631,-3627,3630,-3626,3630,-3625,3628,-3624,3631,-3623,3631,-3625,3628,-3625,3634,-3626,3632,3624,3631,-3622,3634,-3624,3635,-3624,3634,-3623,3634,3623,3632,-3625,3633,-3621,3635,-3621,3635,-3621,3635,-3622,3635,-3622,3633,-3622,3631,-3623,3633,3625,3630,-3623,3629,-3621,3630,-3622,3630,-3622,-0.55,SJNFAAZE1U0005576,117.83,13.04,9110.4736328125,78,75,0,0,0,0,13.5,99.17,-155183,100,1528025038.494,12480,2,0,0,0,0,0,0,0,4,347.87,347.87,7F,1,1,1,0080,81,40,40,0,0,19,45.75
03/06/2018 12:24:01,55 56.41424,-2 21.75288,337,31,223,441882,1144818,346.18,64.628,3613,3600,3606,13,0,94.4,34.7,89.6,32.0,none,none,82.0,27.8,-3604,3602,-3608,3604,-3609,3607,-3610,3606,-3611,3608,-3611,3609,-3609,3606,-3610,3607,-3610,3608,-3610,3607,-3610,3608,-3612,3607,-3611,3606,-3611,3606,-3610,3608,-3611,3609,-3610,3608,-3610,3608,-3609,3607,-3610,3608,-3610,3607,-3609,3607,-3607,3607,-3606,3604,-3603,3600,-3603,3602,-3606,3603,-3605,3603,-3612,3606,-3609,3603,-3607,3602,-3611,3603,-3611,3604,-3611,3604,-3612,3604,-3611,3605,-3611,3600,-3610,3601,-3612,3602,-3613,3603,-3613,3603,-3608,3602,-3608,3603,-3611,3603,-3606,3602,-3606,3600,-3606,3601,-3605,3600,-0.54,SJNFAAZE1U0005576,117.83,13.04,9110.4736328125,78,75,0,0,0,0,13.5,99.17,-155183,100,1528025041.859,16560,2,0,0,0,0,0,0,0,4,346.41,346.41,7F,1,1,1,0080,81,40,40,0,0,19,68.50
03/06/2018 12:24:07,55 56.44304,-2 21.80122,331,37,223,441288,1144818,345.98,59.897,3612,3596,3604,16,0,94.2,34.6,89.6,32.0,none,none,82.0,27.8,-3603,3599,-3607,3600,-3608,3603,-3609,3603,-3609,3604,-3609,3604,-3609,3603,-3610,3603,-3609,3603,-3609,3602,-3608,3603,-3610,3604,-3610,3602,-3612,3602,-3609,3604,-3609,3604,-3608,3604,-3609,3605,-3609,3605,-3609,3604,-3609,3605,-3608,3605,-3607,3602,-3605,3601,-3601,3597,-3604,3598,-3605,3600,-3602,3599,-3609,3602,-3606,3599,-3605,3598,-3610,3599,-3610,3600,-3610,3600,-3610,3602,-3609,3601,-3612,3596,-3611,3597,-3610,3598,-3611,3599,-3610,3597,-3608,3599,-3607,3600,-3609,3601,-3602,3597,-3603,3597,-3604,3596,-3604,3596,-0.58,SJNFAAZE1U0005576,117.83,13.04,9110.4736328125,78,75,0,0,0,0,13.5,99.17,-155183,100,1528025047.038,16800,2,0,0,0,0,0,0,0,4,346.04,346.04,7F,1,1,1,0080,81,40,40,0,0,11,51.50
03/06/2018 12:24:10,55 56.46818,-2 21.85125,324,44,223,440478,1144818,345.12,74.882,3603,3587,3595,16,0,94.4,34.7,89.6,32.0,none,none,82.0,27.8,-3592,3591,-3598,3592,-3598,3596,-3599,3594,-3599,3596,-3599,3597,-3599,3594,-3600,3595,-3599,3596,-3599,3595,-3600,3595,-3601,3596,-3601,3594,-3602,3594,-3599,3596,-3599,3596,-3600,3596,-3600,3596,-3599,3596,-3599,3596,-3599,3596,-3598,3595,-3597,3593,-3595,3593,-3592,3587,-3593,3588,-3594,3589,-3593,3591,-3599,3593,-3597,3589,-3595,3589,-3601,3590,-3601,3590,-3600,3590,-3601,3591,-3600,3592,-3603,3587,-3601,3588,-3601,3591,-3603,3589,-3602,3589,-3598,3589,-3597,3590,-3600,3592,-3593,3588,-3594,3587,-3594,3588,-3593,3587,0.32,SJNFAAZE1U0005576,117.83,13.36,9110.4736328125,78,75,0,0,0,0,13.5,99.17,-155183,100,1528025050.509,21240,3,0,0,0,0,0,0,0,4,345.21,345.21,7F,1,1,1,0080,81,40,40,0,0,11,38.00
03/06/2018 12:24:13,55 56.48901,-2 21.89758,321,46,222,440023,1144818,345.79,47.141,3609,3595,3602,14,0,94.4,34.7,89.6,32.0,none,none,82.0,27.8,-3600,3599,-3604,3599,-3605,3602,-3606,3602,-3605,3603,-3605,3604,-3606,3602,-3607,3602,-3606,3603,-3607,3600,-3606,3604,-3608,3603,-3608,3601,-3608,3602,-3606,3604,-3607,3604,-3605,3603,-3606,3604,-3607,3602,-3606,3603,-3606,3603,-3606,3603,-3604,3601,-3602,3601,-3599,3596,-3600,3596,-3603,3599,-3600,3597,-3606,3600,-3604,3598,-3604,3598,-3607,3599,-3607,3599,-3607,3600,-3608,3599,-3606,3600,-3609,3595,-3606,3597,-3607,3597,-3608,3598,-3608,3598,-3605,3597,-3605,3598,-3607,3600,-3601,3597,-3602,3597,-3602,3596,-3602,3595,-0.39,SJNFAAZE1U0005576,117.83,13.52,9110.4736328125,78,75,0,0,0,0,13.5,99.17,-155183,100,1528025053.973,13720,3,1,0,3,0,0,0,0,4,345.92,345.92,7F,1,1,1,0080,82,40,40,0,0,19,29.75
03/06/2018 12:24:17,55 56.51452,-2 21.96845,314,50,222,439546,1144818,345.41,58.066,3606,3589,3598,17,0,94.4,34.7,89.6,32.0,none,none,82.2,27.9,3592,-3600,3594,-3601,3596,3602,3601,-3601,3597,-3602,3597,3604,3598,-3604,3597,-3603,3597,-3603,3597,-3602,3598,-3604,3598,3604,3599,-3604,3597,-3605,3597,-3603,3599,-3603,3598,3603,3599,-3602,3599,-3603,3598,-3604,3598,-3602,3598,-3602,3596,-3600,3595,-3598,3591,-3599,3589,3599,3592,-3598,3592,-3599,3597,-3602,3592,-3600,3591,3603,3594,-3604,3593,-3603,3593,-3603,3595,-3604,3594,-3603,3596,-3603,3590,-3605,3592,-3606,3594,3606,3593,-3605,3589,-3603,3593,-3602,3593,-3604,3589,3599,3590,-3600,3589,-3600,3590,-3596,-0.36,SJNFAAZE1U0005576,117.83,13.84,9110.4736328125,78,75,0,0,0,0,13.5,99.17,-155183,100,1528025057.447,16480,2,1,0,4,0,0,0,0,4,345.43,345.43,7F,1,1,1,0080,82,40,40,0,0,19,23.25
03/06/2018 12:24:21,55 56.53869,-2 22.04685,308,53,222,439158,1144818,345.98,35.728,3612,3595,3604,17,0,94.4,34.7,89.6,32.0,none,none,82.2,27.9,3598,-3605,3600,-3607,3601,3608,3605,-3605,3603,-3609,3603,-3609,3603,-3609,3603,3610,3602,-3610,3603,-3609,3602,-3609,3603,-3607,3603,-3610,3602,3610,3602,-3609,3604,-3609,3604,-3609,3604,-3607,3604,3609,3603,-3609,3603,-3607,3602,-3608,3601,-3607,3599,-3604,3597,-3605,3596,-3606,3599,-3605,3598,3605,3601,-3609,3598,-3607,3597,-3610,3600,-3609,3600,3610,3598,-3609,3601,-3610,3600,-3608,3601,-3609,3596,-3610,3598,-3612,3599,-3612,3599,-3612,3595,3608,3599,-3609,3601,-3609,3597,-3606,3597,-3605,3597,3606,3596,-3603,-0.29,SJNFAAZE1U0005576,117.83,14.16,9110.4736328125,78,75,0,0,0,0,13.5,99.17,-155183,100,1528025061.385,11040,2,1,0,4,0,0,0,0,4,346.02,346.02,7F,1,1,1,0080,82,40,40,0,0,19,11.00
03/06/2018 12:24:24,55 56.55453,-2 22.10759,295,52,222,438976,1144818,346.66,18.576,3619,3602,3611,17,0,94.4,34.7,89.6,32.0,none,none,82.0,27.8,3605,-3613,3606,3613,3609,3614,3613,-3613,3609,-3615,3611,-3616,3609,3616,3609,-3616,3609,-3615,3609,-3615,3609,-3615,3610,-3615,3610,-3617,3609,-3617,3609,-3615,3611,3615,3611,-3614,3612,-3615,3610,-3615,3610,-3616,3611,3615,3611,-3616,3609,-3614,3608,-3611,3604,-3613,3605,-3613,3605,-3612,3605,-3613,3608,-3617,3606,3614,3603,-3617,3606,-3617,3606,-3616,3607,-3617,3607,3616,3606,-3616,3605,-3616,3602,-3618,3602,-3618,3605,-3617,3604,-3619,3603,-3615,3605,-3615,3606,3616,3604,-3613,3603,-3612,3603,-3614,3603,-3610,-0.34,SJNFAAZE1U0005576,117.83,14.32,9110.4736328125,78,75,0,0,0,0,13.5,99.17,-155183,100,1528025064.739,5360,2,1,0,4,0,0,0,0,4,346.64,346.64,7F,1,1,1,0080,82,40,40,0,0,19,7.75
03/06/2018 12:24:27,55 56.56883,-2 22.16844,282,52,222,438829,1144818,346.75,18.790,3619,3604,3612,15,0,94.6,34.8,89.8,32.1,none,none,82.2,27.9,3607,-3613,3608,-3613,3610,3614,3613,3614,3611,-3615,3610,-3616,3611,-3617,3611,-3617,3610,3615,3610,-3615,3610,-3616,3611,-3616,3612,-3616,3610,-3616,3610,-3616,3612,-3615,3611,-3615,3612,3615,3611,-3616,3611,-3616,3611,-3614,3611,-3615,3610,3613,3609,-3612,3607,-3612,3606,-3613,3607,-3614,3607,-3613,3611,3616,3608,-3614,3605,-3618,3609,-3618,3608,-3617,3607,-3617,3610,-3617,3608,-3615,3608,-3616,3605,3617,3607,-3619,3608,-3619,3606,-3618,3604,-3616,3607,3616,3609,-3616,3606,-3614,3606,-3613,3606,-3614,3605,-3611,-0.39,SJNFAAZE1U0005576,117.83,14.32,9110.4736328125,78,75,0,0,0,0,13.5,99.17,-155183,100,1528025067.988,5360,2,1,0,5,0,0,0,0,4,346.71,346.71,7F,1,1,1,0080,82,40,40,0,0,19,7.50
03/06/2018 12:24:31,55 56.59009,-2 22.25413,275,55,222,438659,1144818,346.37,26.084,3615,3599,3608,16,0,94.6,34.8,89.8,32.1,none,none,82.2,27.9,3604,-3610,3604,-3610,3606,3611,3608,-3611,3608,-3614,3608,3613,3606,-3614,3606,-3613,3607,-3613,3606,-3612,3607,3613,3607,-3612,3608,-3613,3607,-3613,3606,-3612,3609,-3613,3608,3612,3608,-3612,3608,-3613,3607,-3613,3608,-3611,3607,-3611,3606,-3609,3605,-3609,3602,-3609,3601,3610,3603,-3609,3602,-3608,3607,-3613,3603,-3610,3601,3613,3605,-3614,3605,-3613,3604,-3613,3606,-3613,3606,-3613,3605,-3612,3602,-3614,3602,-3614,3604,3615,3603,-3615,3599,-3612,3603,-3612,3605,-3613,3601,3608,3603,-3608,3602,-3609,3601,-3607,-0.36,SJNFAAZE1U0005576,117.83,14.32,9110.4736328125,78,75,0,0,0,0,13.5,99.17,-155183,100,1528025071.443,6640,2,1,0,5,0,0,0,0,4,346.54,346.54,7F,1,1,1,0080,82,40,40,0,0,19,12.50
03/06/2018 12:24:34,55 56.60825,-2 22.31936,265,56,222,438420,1144818,346.18,30.509,3615,3598,3606,17,0,94.4,34.7,89.8,32.1,none,none,82.2,27.9,-3605,3601,-3609,3603,-3610,3606,-3610,3606,-3611,3606,-3611,3607,-3610,3605,-3612,3606,-3611,3605,-3610,3605,-3611,3606,-3612,3606,-3613,3604,-3613,3606,-3611,3607,-3611,3607,-3610,3607,-3611,3607,-3610,3606,-3610,3606,-3610,3606,-3610,3607,-3609,3605,-3607,3604,-3604,3599,-3608,3601,-3607,3602,-3606,3602,-3612,3604,-3609,3601,-3608,3600,-3612,3602,-3613,3602,-3611,3602,-3611,3602,-3611,3603,-3611,3598,-3613,3600,-3613,3600,-3615,3601,-3614,3601,-3611,3600,-3610,3600,-3611,3601,-3606,3600,-3607,3600,-3607,3600,-3608,3599,-0.36,SJNFAAZE1U0005576,117.83,14.32,9110.4736328125,78,75,0,0,0,0,13.5,99.17,-155183,100,1528025074.937,7960,2,1,0,5,0,0,0,0,4,346.40,346.40,7F,1,1,1,0080,82,40,40,0,0,19,14.50
03/06/2018 12:24:38,55 56.63079,-2 22.40465,265,55,221,438137,1144818,345.79,37.162,3610,3594,3602,16,0,94.4,34.7,89.8,32.1,none,none,82.2,27.9,-3601,3597,-3605,3597,-3605,3602,-3607,3601,-3607,3602,-3607,3603,-3607,3601,-3609,3601,-3607,3602,-3606,3600,-3607,3602,-3608,3602,-3608,3600,-3609,3601,-3607,3603,-3607,3603,-3607,3602,-3607,3603,-3607,3602,-3606,3602,-3607,3602,-3605,3602,-3605,3600,-3603,3599,-3599,3595,-3602,3596,-3603,3598,-3603,3597,-3607,3600,-3605,3596,-3605,3597,-3608,3597,-3608,3598,-3608,3600,-3608,3599,-3608,3599,-3608,3594,-3608,3595,-3609,3597,-3610,3597,-3609,3596,-3607,3596,-3606,3597,-3608,3598,-3602,3597,-3602,3596,-3603,3596,-3603,3595,-0.39,SJNFAAZE1U0005576,117.83,14.32,9110.4736328125,78,75,0,0,0,0,13.5,99.17,-155183,100,1528025078.326,9920,2,1,0,4,0,0,0,0,4,345.95,345.95,7F,1,1,1,0080,82,40,40,0,0,19,18.25
03/06/2018 12:24:41,55 56.64797,-2 22.46914,285,57,221,437830,1144818,346.18,28.373,3613,3600,3606,13,0,94.6,34.8,89.8,32.1,none,none,82.2,27.9,-3603,3602,-3608,3603,-3609,3606,-3609,3606,-3609,3606,-3610,3606,-3610,3605,-3611,3605,-3610,3606,-3610,3605,-3609,3607,-3610,3607,-3611,3605,-3611,3606,-3609,3607,-3610,3607,-3609,3605,-3610,3607,-3610,3606,-3610,3606,-3609,3607,-3609,3605,-3607,3605,-3607,3603,-3603,3601,-3605,3602,-3607,3603,-3604,3603,-3612,3605,-3608,3602,-3608,3601,-3611,3603,-3611,3602,-3611,3603,-3611,3603,-3610,3603,-3612,3600,-3611,3602,-3611,3600,-3613,3602,-3611,3602,-3609,3602,-3608,3601,-3610,3602,-3605,3600,-3605,3600,-3607,3600,-3606,3600,-0.38,SJNFAAZE1U0005576,117.83,14.32,9110.4736328125,78,75,0,0,0,0,13.5,99.17,-155183,100,1528025081.747,8920,2,1,0,5,0,0,0,0,4,346.13,346.13,7F,1,1,1,0080,82,40,40,0,0,19,11.25
03/06/2018 12:24:45,55 56.66775,-2 22.53255,272,54,221,437613,1144818,346.37,24.680,3615,3601,3608,14,0,94.6,34.8,89.8,32.1,none,none,82.2,27.9,-3606,3605,-3610,3604,-3610,3607,-3611,3607,-3611,3608,-3611,3608,-3612,3608,-3612,3608,-3612,3607,-3611,3606,-3611,3607,-3612,3608,-3614,3607,-3612,3607,-3611,3609,-3611,3608,-3611,3608,-3612,3609,-3612,3608,-3610,3608,-3611,3608,-3611,3608,-3610,3606,-3608,3605,-3607,3602,-3607,3603,-3608,3603,-3606,3604,-3614,3606,-3610,3603,-3610,3603,-3613,3603,-3612,3605,-3612,3605,-3613,3604,-3612,3606,-3613,3601,-3612,3602,-3612,3602,-3615,3603,-3614,3603,-3611,3602,-3610,3603,-3613,3605,-3607,3602,-3608,3601,-3609,3603,-3608,3602,-0.34,SJNFAAZE1U0005576,117.83,14.32,9110.4736328125,78,75,0,0,0,0,13.5,99.17,-155183,100,1528025085.166,7680,2,0,0,5,0,0,0,0,4,346.35,346.35,7F,1,1,1,0080,82,40,40,0,0,19,10.00
03/06/2018 12:24:48,55 56.69424,-2 22.60841,278,53,221,437405,1144818,345.98,29.319,3608,3600,3604,8,0,94.4,34.7,89.6,32.0,none,none,82.2,27.9,-3601,3603,-3603,3604,-3605,3605,-3607,3605,-3606,3608,-3606,3607,-3605,3607,-3606,3607,-3605,3607,-3605,3605,-3606,3607,-3606,3606,-3607,3606,-3606,3606,-3606,3607,-3606,3606,-3606,3607,-3606,3606,-3606,3607,-3606,3607,-3607,3606,-3606,3607,-3602,3604,-3604,3603,-3600,3601,-3600,3602,-3603,3603,-3602,3603,-3606,3605,-3602,3603,-3601,3604,-3605,3605,-3604,3605,-3605,3605,-3607,3606,-3605,3605,-3605,3603,-3603,3605,-3604,3606,-3606,3606,-3606,3606,-3602,3604,-3603,3605,-3606,3605,-3601,3603,-3602,3602,-3602,3603,-3601,3600,-0.41,SJNFAAZE1U0005576,117.83,14.32,9110.4736328125,78,75,0,0,0,0,13.5,99.17,-155183,100,1528025088.498,7960,2,0,0,0,0,0,0,0,4,346.09,346.09,7F,1,1,1,0080,82,40,40,0,0,19,15.00
03/06/2018 12:24:51,55 56.71745,-2 22.66088,278,53,221,437157,1144818,345.89,33.134,3610,3596,3603,14,0,94.4,34.7,89.8,32.1,none,none,82.2,27.9,3597,-3604,3601,3605,3601,3606,3605,-3606,3602,-3608,3603,-3608,3602,3608,3602,-3608,3601,-3608,3601,-3606,3602,-3608,3603,-3607,3604,-3609,3603,-3609,3602,-3608,3604,3608,3603,-3607,3604,-3607,3604,-3608,3602,-3607,3602,3607,3603,-3607,3601,-3604,3600,-3603,3596,-3603,3596,-3605,3598,-3603,3598,-3604,3603,-3606,3599,3605,3597,-3606,3599,-3609,3599,-3609,3599,-3608,3600,3607,3599,-3608,3599,-3607,3597,-3610,3597,-3609,3598,-3608,3598,-3610,3596,-3606,3598,-3608,3600,3607,3596,-3603,3596,-3604,3596,-3605,3596,-3601,-0.35,SJNFAAZE1U0005576,117.83,14.32,9110.4736328125,78,75,0,0,0,0,13.5,99.17,-155183,100,1528025091.891,8800,2,0,0,0,0,0,0,0,4,345.93,345.93,7F,1,1,1,0080,82,40,40,0,0,19,16.75
03/06/2018 12:24:55,55 56.75396,-2 22.7239,275,53,221,436869,1144818,345.50,38.993,3606,3591,3599,15,0,94.4,34.7,89.6,32.0,none,none,82.2,27.9,3594,-3600,3597,-3601,3598,3602,3601,3602,3599,-3604,3599,-3604,3599,-3604,3599,-3605,3599,3604,3598,-3602,3599,-3605,3599,-3603,3601,-3605,3598,-3606,3599,-3604,3601,-3605,3600,-3603,3600,3603,3601,-3605,3600,-3603,3599,-3603,3599,-3603,3598,3601,3596,-3599,3593,-3599,3593,-3600,3594,-3600,3594,-3600,3599,-3604,3595,-3601,3593,-3604,3596,3604,3596,-3604,3596,-3603,3597,-3604,3597,-3604,3598,-3604,3593,3605,3595,-3606,3595,-3606,3595,-3606,3592,-3604,3594,3603,3596,-3603,3591,-3599,3593,-3599,3593,-3601,3593,-3597,-0.36,SJNFAAZE1U0005576,117.83,14.32,9110.4736328125,78,75,0,0,0,0,13.5,99.17,-155183,100,1528025095.247,10400,2,0,0,0,0,0,0,0,4,345.64,345.64,7F,1,1,1,0080,82,40,40,0,0,19,21.50
03/06/2018 12:24:58,55 56.78353,-2 22.77019,265,55,221,436546,1144818,345.41,37.467,3606,3591,3598,15,0,94.4,34.7,89.8,32.1,none,none,82.2,27.9,3593,-3600,3595,-3600,3596,3601,3601,-3601,3598,-3604,3599,3604,3597,-3603,3598,-3603,3598,-3602,3598,-3602,3599,3603,3599,-3602,3599,-3604,3598,-3604,3598,-3602,3599,-3602,3599,-3602,3600,-3602,3599,-3603,3598,3603,3599,-3602,3599,-3602,3596,-3601,3595,-3599,3591,-3598,3591,-3600,3593,-3600,3593,-3599,3597,-3602,3594,-3600,3591,3602,3595,-3603,3595,-3602,3595,-3604,3597,-3604,3596,-3602,3598,-3602,3591,-3604,3593,-3605,3594,3606,3593,-3605,3591,-3604,3594,-3602,3595,-3603,3591,3599,3591,-3599,3591,-3598,3591,-3596,-0.39,SJNFAAZE1U0005576,117.83,14.32,9110.4736328125,78,75,0,0,0,0,13.5,99.17,-155183,100,1528025098.585,11720,2,0,0,0,0,0,0,0,4,345.57,345.57,7F,1,1,1,0080,81,40,40,0,0,19,21.50
03/06/2018 12:25:02,55 56.81847,-2 22.83646,262,54,220,436173,1144818,345.02,46.439,3603,3585,3594,18,0,94.4,34.7,89.8,32.1,none,none,82.2,27.9,3587,-3596,3591,-3598,3592,3597,3596,-3597,3593,-3600,3595,-3601,3593,-3601,3593,3601,3593,-3599,3593,-3599,3593,-3600,3595,-3600,3594,3601,3593,-3601,3593,-3600,3594,-3600,3594,-3599,3595,-3598,3595,3601,3594,-3600,3595,-3599,3595,-3599,3592,-3598,3591,-3594,3586,-3596,3586,-3596,3588,-3595,3588,3595,3594,-3599,3588,-3595,3586,-3600,3589,-3601,3589,3600,3589,-3600,3590,-3600,3589,-3600,3593,-3601,3586,-3601,3588,-3603,3589,-3602,3589,-3602,3585,3599,3588,-3600,3590,-3600,3587,-3596,3587,-3595,3585,3595,3585,-3594,-0.39,SJNFAAZE1U0005576,117.83,14.32,9110.4736328125,78,75,0,0,0,0,13.5,99.17,-155183,100,1528025102.231,12800,2,1,0,3,0,0,0,0,4,345.15,345.15,7F,1,1,1,0080,81,40,40,0,0,19,25.00
03/06/2018 12:25:05,55 56.8422,-2 22.88494,269,53,220,435729,1144818,344.74,52.268,3599,3584,3591,15,0,94.4,34.7,89.6,32.0,none,none,82.0,27.8,3588,3586,3593,-3587,-3593,3591,-3596,-3591,-3595,3592,-3595,3592,3595,3590,-3596,3591,3595,-3592,3596,-3590,3596,-3591,3597,-3592,3597,-3590,3597,-3590,3596,-3593,3596,3593,3595,-3592,3596,-3593,3596,-3592,3596,-3591,3596,3592,3594,-3591,3592,-3590,3590,-3588,3587,-3584,3588,-3585,3590,-3586,3589,-3587,3595,-3589,3592,3587,3590,-3586,3596,-3587,3597,-3587,3595,-3587,3596,3589,3595,-3590,3597,-3584,3596,-3586,3596,-3587,3599,-3586,3597,-3587,3594,-3585,3594,-3586,3594,3589,3589,-3585,3590,-3584,3591,-3585,3590,-3585,-0.37,SJNFAAZE1U0005576,117.83,14.32,9110.4736328125,78,75,0,0,0,0,13.5,99.17,-155183,100,1528025105.761,14600,2,1,0,4,0,0,0,0,4,344.84,344.84,7F,1,1,1,0080,81,40,40,0,0,19,25.25
03/06/2018 12:25:09,55 56.87738,-2 22.94993,278,53,220,435293,1144818,344.64,51.413,3597,3582,3590,15,0,94.4,34.7,89.6,32.0,none,none,82.2,27.9,-3588,3585,-3592,3585,-3592,3589,-3594,3590,-3594,3591,-3594,3591,-3594,3590,-3595,3590,-3594,3590,-3594,3589,-3595,3592,-3595,3590,-3595,3589,-3595,3590,-3595,3592,-3595,3592,-3594,3591,-3594,3591,-3595,3591,-3595,3591,-3594,3590,-3593,3591,-3591,3588,-3589,3588,-3587,3583,-3588,3584,-3590,3586,-3589,3585,-3595,3587,-3591,3585,-3590,3585,-3595,3586,-3596,3587,-3595,3586,-3596,3588,-3594,3588,-3596,3582,-3594,3584,-3595,3586,-3597,3586,-3596,3586,-3593,3585,-3592,3586,-3594,3588,-3588,3584,-3588,3583,-3590,3584,-3589,3583,-0.39,SJNFAAZE1U0005576,117.83,14.32,9112.0830078125,78,75,0,0,0,0,13.5,99.17,-155183,100,1528025109.369,14600,2,1,0,4,0,0,0,0,4,344.77,344.77,7F,1,1,1,0080,81,40,40,0,0,19,24.50
03/06/2018 12:25:12,55 56.90345,-2 22.99865,269,54,220,434872,1144818,345.02,39.908,3602,3585,3594,17,0,94.4,34.7,89.8,32.1,none,none,82.2,27.9,-3592,3588,-3596,3589,-3597,3593,-3599,3593,-3598,3594,-3599,3595,-3599,3593,-3600,3594,-3599,3594,-3598,3592,-3599,3594,-3600,3593,-3601,3592,-3600,3592,-3598,3595,-3599,3595,-3598,3595,-3598,3595,-3599,3595,-3599,3593,-3598,3593,-3597,3594,-3595,3591,-3595,3592,-3591,3586,-3594,3587,-3593,3588,-3594,3589,-3598,3591,-3596,3588,-3595,3588,-3601,3589,-3600,3589,-3599,3589,-3600,3590,-3599,3590,-3599,3585,-3600,3587,-3601,3588,-3602,3588,-3601,3589,-3598,3588,-3598,3589,-3599,3589,-3593,3587,-3594,3587,-3595,3587,-3595,3587,-0.40,SJNFAAZE1U0005576,117.83,14.32,9112.0830078125,78,75,0,0,0,0,13.5,99.17,-155183,100,1528025112.950,12240,2,1,0,4,0,0,0,0,4,344.92,344.92,7F,1,1,1,0080,81,40,40,0,0,19,15.25
03/06/2018 12:25:16,55 56.93892,-2 23.06732,272,53,220,434622,1144818,345.79,21.140,3610,3594,3602,16,0,94.6,34.8,89.8,32.1,none,none,82.2,27.9,-3600,3596,-3604,3597,-3604,3600,-3606,3600,-3606,3601,-3606,3602,-3606,3600,-3607,3601,-3606,3600,-3606,3599,-3607,3601,-3606,3601,-3608,3600,-3608,3600,-3606,3601,-3606,3603,-3605,3601,-3605,3601,-3607,3601,-3607,3601,-3605,3601,-3605,3602,-3603,3599,-3603,3599,-3601,3596,-3603,3597,-3604,3598,-3603,3597,-3608,3598,-3605,3597,-3604,3597,-3609,3597,-3608,3597,-3607,3598,-3608,3598,-3606,3598,-3608,3594,-3608,3595,-3609,3596,-3610,3597,-3609,3596,-3606,3596,-3606,3597,-3607,3598,-3603,3596,-3603,3595,-3604,3595,-3603,3594,-0.42,SJNFAAZE1U0005576,117.83,14.32,9112.0830078125,78,75,0,0,0,0,13.5,99.17,-155183,100,1528025116.554,7080,2,1,0,4,0,0,0,0,4,345.64,345.64,7F,1,1,1,0080,81,40,40,0,0,19,6.00
03/06/2018 12:25:20,55 56.96235,-2 23.12054,269,52,220,434556,1144818,346.66,-5.133,3620,3603,3611,17,0,94.2,34.6,89.8,32.1,none,none,82.0,27.8,-3611,3606,-3614,3608,-3614,3609,-3615,3610,-3616,3611,-3616,3611,-3615,3610,-3616,3610,-3616,3609,-3616,3610,-3616,3611,-3617,3610,-3617,3609,-3616,3609,-3615,3611,-3616,3611,-3615,3610,-3615,3611,-3615,3611,-3615,3611,-3616,3610,-3615,3610,-3613,3609,-3613,3608,-3611,3606,-3613,3607,-3614,3607,-3613,3607,-3618,3610,-3615,3606,-3615,3605,-3618,3606,-3618,3607,-3617,3608,-3617,3607,-3616,3608,-3617,3603,-3619,3604,-3617,3604,-3620,3606,-3619,3604,-3617,3605,-3615,3606,-3617,3608,-3614,3606,-3614,3605,-3613,3606,-3612,3605,-0.62,SJNFAAZE1U0005576,117.83,14.08,9112.0830078125,78,75,0,0,0,0,13.5,99.17,-155183,100,1528025120.200,0,2,1,0,4,0,0,0,0,4,346.68,346.68,7F,1,1,1,0080,81,40,40,0,0,19,-4.75
03/06/2018 12:25:23,55 56.99218,-2 23.1924,265,51,220,434559,1144818,346.46,3.226,3618,3601,3609,17,0,94.4,34.7,89.8,32.1,none,none,82.2,27.9,3604,-3612,3605,-3612,3607,3613,3612,-3612,3608,-3615,3609,-3614,3608,-3615,3607,-3615,3608,-3615,3608,-3614,3609,-3614,3609,3614,3608,-3614,3607,-3615,3609,-3614,3609,-3614,3609,3613,3609,-3612,3609,-3613,3608,-3614,3609,-3613,3609,-3612,3608,-3611,3607,-3609,-3603,-3612,3604,3613,-3605,3612,-3604,3611,-3609,3614,-3605,3613,-3604,3615,-3605,3615,-3605,3615,-3605,3615,-3607,3615,-3605,3614,-3604,3615,-3603,3617,3603,-3618,3604,3618,3604,-3616,3601,-3615,3604,-3614,3604,-3615,3603,-3612,3604,3612,3603,-3612,3603,-3610,-0.82,SJNFAAZE1U0005576,117.83,13.76,9112.0830078125,78,75,0,0,0,0,14.0,99.17,-155183,100,1528025123.780,440,2,1,0,4,0,0,0,0,4,346.57,346.57,7F,1,1,1,0080,81,40,40,0,0,19,3.00
03/06/2018 12:25:27,55 57.02469,-2 23.26162,265,53,220,434424,1144818,345.60,26.969,3607,3593,3600,14,0,94.4,34.7,89.6,32.0,none,none,82.0,27.8,3595,-3601,3597,-3602,3597,3603,3602,-3602,3599,3605,3601,-3605,3599,-3605,3599,-3605,3599,-3606,3600,-3604,3599,-3605,3599,-3604,3601,-3606,3599,3605,3599,-3604,3601,-3605,3600,-3604,3601,-3604,3601,-3605,3600,3604,3600,-3604,3599,-3604,3597,-3602,3596,-3599,3594,3601,3594,-3601,3596,-3600,3595,-3601,3600,-3605,3595,-3602,3594,-3604,3598,-3605,3597,-3605,3596,3605,3598,-3605,3597,-3604,3598,-3605,3594,-3607,3595,3606,3597,-3606,3596,-3606,3593,-3604,3596,-3605,3598,-3606,3594,-3601,3595,-3601,3594,-3602,3593,3598,-1.21,SJNFAAZE1U0005576,117.83,13.44,9112.0830078125,78,75,0,0,0,0,13.5,99.17,-155183,100,1528025127.267,7800,2,1,0,4,0,0,0,0,4,345.80,345.80,7F,1,1,1,0080,81,40,40,0,0,19,15.50
03/06/2018 12:25:30,55 57.05226,-2 23.30999,262,53,219,434152,1144818,345.60,31.913,3609,3592,3600,17,0,94.4,34.7,89.6,32.0,none,none,82.0,27.8,3594,-3602,3596,3603,3597,3603,3601,-3602,3599,-3605,3599,-3605,3598,3606,3599,-3606,3598,-3606,3599,-3604,3599,-3605,3599,-3605,3600,3607,3598,-3606,3599,-3606,3599,-3605,3599,-3605,3599,-3603,3600,-3604,3599,-3605,3600,-3604,3599,3605,3598,-3602,3597,-3600,3594,-3601,3593,-3602,3594,3602,3594,-3602,3600,-3605,3595,-3603,3593,-3606,3596,-3608,3594,-3606,3595,-3606,3596,-3607,3596,3605,3596,-3606,3592,-3608,3593,-3608,3595,-3609,3594,3607,3592,-3605,3594,-3605,3596,-3606,3592,-3602,3594,-3602,3592,-3602,3592,-3599,-0.59,SJNFAAZE1U0005576,117.83,13.28,9112.0830078125,78,75,0,0,0,0,14.0,99.17,-155183,100,1528025130.788,9440,2,1,0,5,0,0,0,0,4,345.55,345.55,7F,1,1,1,0080,81,40,40,0,0,19,8.50
03/06/2018 12:25:34,55 57.09216,-2 23.36866,255,53,219,434033,1144818,346.75,-1.715,3620,3604,3612,16,0,94.4,34.7,89.6,32.0,none,none,82.0,27.8,3608,3615,3609,-3615,3610,3615,3615,-3615,3612,-3617,3612,-3617,3612,-3617,3611,-3617,3611,-3617,3610,3615,3611,-3617,3611,-3616,3612,-3617,3611,-3617,3612,3616,3612,-3616,3612,-3616,3612,-3616,3613,-3616,3611,-3615,3612,-3616,3611,-3616,3610,-3614,3610,3613,3607,-3614,3608,-3615,3609,-3614,3609,-3614,3611,3617,3611,-3616,3606,-3618,3609,-3618,3609,-3619,3608,-3619,3609,-3619,3608,-3617,3606,-3618,3606,3618,3607,-3620,3607,-3620,3608,-3620,3604,-3618,3608,3616,3609,-3618,3607,-3615,3607,-3615,3607,-3615,3605,-3612,-0.68,SJNFAAZE1U0005576,117.83,13.04,9112.0830078125,78,75,0,0,0,0,14.0,99.17,-155183,100,1528025134.272,0,2,1,0,5,0,0,0,0,4,346.69,346.69,7F,1,1,1,0080,81,40,40,0,0,19,-8.25
03/06/2018 12:25:37,55 57.12297,-2 23.41012,255,52,219,434103,1144818,346.94,-5.744,3621,3608,3614,13,0,94.4,34.7,89.6,32.0,none,none,82.0,27.8,3610,-3617,3610,-3616,3612,3617,3616,-3617,3614,-3617,3614,-3618,3613,-3619,3613,-3619,3613,-3618,3613,-3618,3612,-3619,3613,3618,3615,-3620,3611,-3619,3613,-3618,3614,-3618,3613,3617,3615,-3617,3614,-3618,3613,-3617,3614,-3617,3614,-3617,3613,-3617,3611,-3614,3610,-3616,3610,3617,3612,-3616,3611,-3615,3615,-3618,3611,-3617,3610,3619,3610,-3619,3610,-3619,3610,-3619,3613,-3618,3612,-3619,3611,3619,3609,-3620,3610,-3620,3611,-3621,3610,-3621,3608,-3619,3610,-3618,3610,-3619,3608,-3617,3609,3616,3610,-3617,3608,-3613,-0.58,SJNFAAZE1U0005576,117.83,13.04,9112.0830078125,78,75,0,0,0,0,14.0,99.17,-155186,100,1528025137.890,0,2,0,0,0,0,0,0,0,4,347.11,347.11,7F,1,1,1,0080,81,40,40,0,0,19,-0.25
03/06/2018 12:25:41,55 57.16551,-2 23.46491,262,53,219,433993,1144818,345.98,25.596,3611,3598,3604,13,0,94.2,34.6,89.6,32.0,none,none,82.0,27.8,-3602,3600,-3606,3600,-3606,3603,-3609,3603,-3608,3603,-3608,3604,-3608,3603,-3610,3603,-3608,3604,-3609,3603,-3609,3603,-3609,3603,-3610,3602,-3609,3602,-3609,3605,-3609,3605,-3608,3605,-3608,3604,-3608,3605,-3607,3603,-3608,3604,-3608,3604,-3607,3602,-3605,3602,-3603,3598,-3603,3599,-3606,3601,-3603,3600,-3609,3602,-3608,3600,-3606,3599,-3610,3600,-3610,3599,-3608,3602,-3609,3601,-3608,3601,-3610,3599,-3609,3599,-3611,3599,-3611,3601,-3611,3600,-3607,3599,-3607,3601,-3609,3602,-3603,3599,-3604,3599,-3604,3599,-3605,3598,-0.57,SJNFAAZE1U0005576,117.83,13.04,9112.0830078125,78,75,0,0,0,0,14.0,99.17,-155186,100,1528025141.892,6640,2,0,0,0,0,0,0,0,4,346.07,346.07,7F,1,1,1,0080,81,40,40,0,0,19,12.75
03/06/2018 12:25:45,55 57.20718,-2 23.51773,252,54,219,433745,1144818,345.79,27.305,3611,3595,3602,16,0,94.4,34.7,89.6,32.0,none,none,82.0,27.8,-3601,3598,-3606,3598,-3605,3601,-3607,3601,-3608,3603,-3607,3603,-3607,3602,-3608,3602,-3607,3602,-3608,3601,-3607,3602,-3608,3603,-3608,3601,-3608,3601,-3607,3603,-3607,3603,-3606,3602,-3606,3602,-3606,3602,-3607,3602,-3607,3603,-3606,3602,-3604,3600,-3603,3599,-3601,3596,-3602,3597,-3604,3598,-3603,3598,-3608,3599,-3606,3597,-3604,3596,-3609,3597,-3608,3599,-3607,3598,-3609,3599,-3609,3598,-3609,3595,-3608,3596,-3609,3597,-3611,3596,-3610,3597,-3606,3597,-3605,3597,-3609,3597,-3603,3596,-3603,3595,-3604,3596,-3604,3596,-0.54,SJNFAAZE1U0005576,117.83,13.04,9112.0830078125,78,75,0,0,0,0,14.0,99.17,-155186,100,1528025145.582,7720,2,0,0,0,0,0,0,0,4,345.86,345.86,7F,1,1,1,0080,81,40,40,0,0,19,13.00
03/06/2018 12:25:49,55 57.2392,-2 23.56005,255,54,219,433562,1144818,346.37,11.649,3615,3602,3608,13,0,94.4,34.7,89.6,32.0,none,none,82.0,27.8,-3608,3605,-3610,3605,-3610,3608,-3612,3606,-3611,3608,-3611,3607,-3613,3607,-3612,3608,-3612,3608,-3612,3606,-3612,3608,-3612,3607,-3613,3606,-3613,3607,-3611,3608,-3612,3609,-3611,3608,-3611,3608,-3611,3608,-3612,3608,-3611,3608,-3611,3608,-3609,3607,-3607,3605,-3607,3603,-3608,3604,-3610,3604,-3609,3604,-3614,3606,-3610,3603,-3610,3602,-3612,3604,-3612,3604,-3612,3606,-3612,3604,-3612,3604,-3613,3602,-3614,3603,-3614,3603,-3615,3604,-3614,3603,-3611,3603,-3611,3604,-3613,3607,-3609,3603,-3609,3602,-3609,3602,-3608,3602,-0.55,SJNFAAZE1U0005576,117.83,13.04,9112.0830078125,78,75,0,0,0,0,14.0,99.17,-155186,100,1528025149.119,4240,2,0,0,0,0,0,0,0,4,346.32,346.32,7F,1,1,1,0080,81,40,40,0,0,19,0.75
03/06/2018 12:25:53,55 57.28042,-2 23.61625,246,54,219,433571,1144818,347.33,-12.030,3627,3611,3618,16,0,94.2,34.6,89.6,32.0,none,none,82.0,27.8,-3619,3614,-3620,3614,-3621,3617,-3622,3616,-3621,3618,-3622,3617,-3621,3616,-3622,3617,-3622,3617,-3622,3616,-3622,3616,-3622,3616,-3622,3616,-3623,3616,-3623,3617,-3621,3618,-3621,3617,-3622,3619,-3622,3618,-3622,3617,-3622,3616,-3622,3617,-3619,3616,-3619,3615,-3619,3614,-3620,3614,-3620,3615,-3621,3616,-3623,3616,-3621,3614,-3621,3614,-3625,3614,-3624,3615,-3623,3616,-3624,3615,-3624,3615,-3622,3611,-3624,3612,-3625,3613,-3627,3613,-3625,3613,-3623,3613,-3624,3614,-3624,3616,-3621,3615,-3621,3614,-3620,3614,-3621,3613,-0.57,SJNFAAZE1U0005576,117.83,13.04,9112.0830078125,78,75,0,0,0,0,14.0,99.17,-155186,100,1528025153.005,0,2,0,0,0,0,0,0,0,4,347.36,347.36,7F,1,1,1,0080,81,40,40,0,0,19,-12.50
03/06/2018 12:25:56,55 57.31554,-2 23.67657,236,51,219,433729,1144818,347.81,-18.347,3630,3616,3623,14,0,94.4,34.7,89.6,32.0,none,none,82.0,27.8,-3619,3625,-3619,3624,-3621,3626,-3623,3624,-3622,3626,-3621,3626,-3621,3626,-3621,3627,-3622,3627,-3620,3625,-3621,3627,-3621,3625,-3621,3627,-3621,3626,3621,-3626,3623,3625,3622,-3625,3623,-3625,3623,-3625,3622,-3625,3621,-3625,3622,3626,3621,-3625,3622,-3624,3620,-3624,3618,-3625,3620,3625,3620,-3624,3622,-3627,3621,-3625,-3618,-3628,3620,-3628,-3620,3630,-3619,3626,-3622,3628,-3621,3627,-3616,3627,-3618,3628,-3617,3629,-3619,3629,-3619,3629,-3616,3627,-3620,3625,-3620,3625,-3619,3626,-3619,3624,-3619,3625,-3616,3622,-0.58,SJNFAAZE1U0005576,117.83,13.04,9112.0830078125,78,75,0,0,0,0,14.0,99.17,-155193,100,1528025156.950,0,2,1,0,4,0,0,0,0,4,347.77,347.77,7F,1,1,1,0080,81,40,40,0,0,19,-15.50
03/06/2018 12:26:00,55 57.34673,-2 23.73738,229,48,219,433913,1144818,348.00,-17.249,3633,3617,3625,16,0,94.4,34.7,89.6,32.0,none,none,82.0,27.8,3620,3627,3621,-3628,3623,3628,3626,-3627,3623,-3629,3624,-3630,3622,-3630,3622,-3629,3623,-3629,3622,3627,3622,-3629,3623,-3628,3624,-3630,3622,-3630,3623,3628,3625,-3628,3623,-3628,3624,-3627,3625,-3629,3623,-3630,3624,-3629,3624,-3629,3623,-3627,3622,3625,3621,-3629,3621,-3628,3623,-3629,3621,-3628,3624,3629,3622,-3628,3620,-3631,3621,-3632,3620,-3632,3620,-3631,3623,3631,3621,-3630,3621,-3631,3618,-3632,3619,-3633,3620,-3633,3619,-3632,3617,-3631,3620,-3630,3621,3631,3620,-3629,3621,-3627,3619,-3629,3619,-3625,-0.57,SJNFAAZE1U0005576,117.83,13.04,9112.0830078125,78,75,0,0,0,0,14.0,99.17,-155200,100,1528025160.651,0,2,1,0,4,0,0,0,0,4,348.06,348.06,7F,1,1,1,0080,80,40,40,0,0,19,-13.75
03/06/2018 12:26:04,55 57.37121,-2 23.78132,219,47,219,434036,1144818,347.33,-2.081,3625,3611,3618,14,0,94.2,34.6,89.6,32.0,none,none,82.0,27.8,3615,-3621,3615,-3621,3616,3620,3619,-3620,3618,-3623,3617,-3623,3617,-3622,3617,-3623,3617,-3622,3617,-3621,3617,-3622,3617,3622,3618,-3623,3616,-3623,3617,-3623,3618,-3622,3619,3621,3619,-3621,3618,-3621,3617,-3622,3617,-3621,3618,-3621,3616,3620,3616,-3618,3613,-3621,3614,-3621,3615,-3620,3614,-3620,3617,-3623,3616,-3621,3612,-3622,3615,3623,3614,-3624,3614,-3623,3616,-3623,3615,-3623,3615,3623,3613,-3625,3614,-3624,3614,-3625,3614,-3624,3611,-3623,3614,-3622,3615,-3623,3614,-3620,3613,3620,3614,-3621,3612,-3617,-0.55,SJNFAAZE1U0005576,117.83,13.04,9112.0830078125,78,75,0,0,0,0,14.0,99.17,-155205,100,1528025164.196,0,2,1,0,4,0,0,0,0,4,347.64,347.64,7F,1,1,1,0080,80,40,40,0,0,19,4.00
03/06/2018 12:26:08,55 57.4045,-2 23.84025,216,48,219,433920,1144818,346.56,23.398,3617,3602,3610,15,0,94.2,34.6,89.6,32.0,none,none,82.0,27.8,3604,-3613,3606,-3612,3608,3613,3612,-3612,3609,3615,3609,-3615,3608,-3615,3609,-3615,3609,-3615,3609,-3614,3609,-3615,3609,-3614,3609,-3615,3608,3615,3608,-3614,3609,-3614,3610,-3614,3610,-3613,3610,-3615,3608,-3614,3609,-3614,3609,-3614,3607,-3612,3606,-3610,3603,3612,3603,-3612,3605,-3611,3604,-3611,3608,-3614,3606,-3612,3602,-3616,3605,-3615,3606,-3616,3605,3615,3607,-3616,3606,-3614,3605,-3616,3603,-3616,3603,3617,3604,-3617,3603,-3617,3602,-3616,3604,-3616,3605,-3615,3604,-3613,3603,-3612,3603,-3613,3603,3609,-0.55,SJNFAAZE1U0005576,117.83,13.04,9112.0830078125,78,75,0,0,0,0,14.0,99.17,-155205,100,1528025168.121,5760,2,1,0,4,0,0,0,0,4,346.65,346.65,7F,1,1,1,0080,80,40,40,0,0,19,17.25
03/06/2018 12:26:11,55 57.4349,-2 23.90357,209,51,219,433565,1144818,345.79,44.761,3611,3593,3602,18,0,94.2,34.6,89.4,31.9,none,none,81.8,27.7,3596,-3606,3598,3605,3598,3606,3602,-3605,3601,-3608,3601,-3607,3601,3608,3600,-3609,3601,-3608,3600,-3606,3600,-3608,3601,-3608,3601,-3609,3600,-3608,3600,-3607,3602,3606,3601,-3607,3601,-3606,3602,-3607,3601,-3608,3601,-3607,3601,-3607,3600,-3604,3598,-3602,3595,-3603,3594,-3604,3597,3604,3596,-3604,3600,-3607,3597,-3605,3596,-3606,3597,-3608,3597,-3609,3598,-3608,3598,-3608,3597,3608,3598,-3609,3594,-3609,3595,-3610,3597,-3608,3596,3611,3593,-3607,3596,-3606,3597,-3608,3594,-3603,3594,-3604,3594,-3604,3593,-3601,-0.57,SJNFAAZE1U0005576,117.83,13.04,9112.0830078125,78,75,0,0,0,0,14.0,99.17,-155205,100,1528025171.917,12520,2,1,0,4,0,0,0,0,4,345.70,345.70,7F,1,1,1,0080,80,40,40,0,0,19,14.00
03/06/2018 12:26:15,55 57.46913,-2 23.96473,209,50,219,433392,1144818,347.52,-7.239,3627,3613,3620,14,0,94.2,34.6,89.4,31.9,none,none,81.8,27.7,-3620,3616,-3623,3616,-3623,3619,-3624,3618,-3623,3619,-3623,3618,-3623,3618,-3624,3619,-3623,3617,-3623,3617,-3623,3618,-3624,3618,-3624,3617,-3625,3617,-3622,3619,-3622,3618,-3623,3619,-3622,3620,-3624,3619,-3624,3619,-3623,3618,-3622,3619,-3622,3618,-3621,3617,-3619,3616,-3622,3616,-3622,3617,-3621,3617,-3625,3618,-3624,3618,-3623,3617,-3626,3615,-3625,3616,-3626,3617,-3625,3616,-3625,3617,-3624,3613,-3626,3615,-3625,3614,-3627,3615,-3626,3615,-3624,3615,-3625,3616,-3625,3618,-3621,3616,-3621,3615,-3622,3615,-3622,3615,-0.55,SJNFAAZE1U0005576,117.83,13.04,9112.0830078125,78,75,0,0,0,0,14.0,99.17,-155205,100,1528025175.626,280,2,1,0,4,0,0,0,0,4,347.36,347.36,7F,1,1,1,0080,80,40,40,0,0,19,-12.75
03/06/2018 12:26:19,55 57.49961,-2 24.02572,213,47,219,433562,1144818,348.29,-25.519,3637,3623,3628,14,0,94.2,34.6,89.4,31.9,none,none,81.8,27.7,-3630,3625,-3631,3624,-3632,3628,-3632,3626,-3632,3628,-3632,3627,-3632,3626,-3632,3625,-3632,3627,-3631,3625,-3631,3626,-3632,3627,-3632,3625,-3633,3625,-3632,3627,-3632,3628,-3632,3627,-3631,3628,-3632,3627,-3631,3628,-3632,3628,-3632,3627,-3631,3626,-3630,3626,-3630,3624,-3631,3625,-3631,3628,-3632,3626,-3634,3628,-3633,3625,-3631,3625,-3635,3625,-3634,3626,-3633,3625,-3634,3625,-3634,3625,-3630,3623,-3635,3623,-3634,3624,-3637,3623,-3635,3624,-3633,3623,-3633,3624,-3633,3624,-3632,3626,-3631,3624,-3632,3624,-3630,3624,-0.59,SJNFAAZE1U0005576,117.83,13.04,9112.0830078125,78,75,0,0,0,0,14.0,99.17,-155212,100,1528025179.512,0,2,1,0,5,0,0,0,0,4,348.30,348.30,7F,1,1,1,0080,80,40,40,0,0,19,-19.00
03/06/2018 12:26:23,55 57.52988,-2 24.0837,206,44,219,433713,1144818,347.71,-5.530,3631,3615,3622,16,0,94.2,34.6,89.4,31.9,none,none,81.8,27.7,-3623,3618,-3626,3618,-3626,3622,-3626,3621,-3626,3621,-3626,3622,-3626,3620,-3628,3621,-3626,3621,-3627,3619,-3626,3621,-3626,3621,-3628,3619,-3627,3620,-3625,3621,-3625,3622,-3625,3621,-3626,3623,-3627,3622,-3626,3621,-3626,3622,-3626,3622,-3625,3620,-3625,3620,-3623,3618,-3624,3618,-3624,3619,-3624,3619,-3628,3620,-3626,3618,-3626,3617,-3629,3617,-3628,3618,-3629,3618,-3628,3618,-3628,3619,-3628,3615,-3629,3615,-3629,3616,-3631,3617,-3629,3617,-3628,3616,-3627,3617,-3629,3619,-3625,3619,-3624,3616,-3626,3617,-3625,3618,-0.58,SJNFAAZE1U0005576,117.83,13.04,9113.6923828125,78,75,0,0,0,0,14.0,99.17,-155219,100,1528025183.375,0,2,1,0,5,0,0,0,0,4,347.84,347.84,7F,1,1,1,0080,80,40,40,0,0,19,-0.25
03/06/2018 12:26:27,55 57.56161,-2 24.14081,206,45,219,433603,1144818,346.66,26.176,3618,3604,3611,14,0,94.4,34.7,89.6,32.0,none,none,81.8,27.7,-3610,3607,-3613,3607,-3613,3610,-3614,3610,-3614,3611,-3615,3611,-3614,3610,-3616,3609,-3614,3610,-3614,3610,-3614,3611,-3616,3610,-3616,3609,-3616,3610,-3615,3611,-3615,3611,-3614,3612,-3614,3612,-3616,3611,-3615,3611,-3614,3611,-3612,3611,-3612,3609,-3611,3608,-3609,3606,-3611,3607,-3613,3606,-3612,3608,-3616,3609,-3614,3607,-3612,3606,-3617,3608,-3616,3608,-3615,3609,-3617,3608,-3615,3607,-3616,3604,-3616,3606,-3616,3606,-3618,3605,-3617,3607,-3614,3606,-3615,3607,-3616,3608,-3612,3605,-3612,3605,-3613,3605,-3611,3605,-0.54,SJNFAAZE1U0005576,117.83,13.04,9113.6923828125,78,75,0,0,0,0,14.0,99.17,-155219,100,1528025187.252,6680,2,1,0,5,0,0,0,0,4,346.72,346.72,7F,1,1,1,0080,80,40,40,0,0,19,18.00
03/06/2018 12:26:31,55 57.59094,-2 24.19673,209,46,219,433292,1144818,345.98,38.291,3611,3597,3604,14,0,94.2,34.6,89.4,31.9,none,none,81.8,27.7,3600,-3606,3601,-3607,3602,3607,3605,-3606,3604,-3609,3604,-3608,3603,-3609,3604,-3609,3603,-3609,3603,-3607,3604,-3609,3605,3609,3604,-3610,3604,-3609,3603,-3609,3604,-3609,3605,3608,3606,-3608,3605,-3609,3605,-3609,3604,-3607,3604,-3608,-3603,3607,-3602,3605,-3598,3606,-3598,3606,-3600,3605,-3599,3604,-3604,3608,-3600,3606,-3597,3609,-3600,3610,-3601,3609,-3600,3609,-3602,3610,-3601,3608,-3602,3608,-3598,3610,3599,-3610,3599,3611,3600,-3610,3597,-3610,3600,-3608,3601,-3609,3598,-3606,3599,3606,3597,-3606,3598,-3603,-0.54,SJNFAAZE1U0005576,117.83,13.04,9113.6923828125,78,75,0,0,0,0,14.0,99.17,-155219,100,1528025191.267,10480,2,0,0,0,0,0,0,0,4,346.03,346.03,7F,1,1,1,0080,80,40,40,0,0,19,24.00
03/06/2018 12:26:35,55 57.62129,-2 24.25697,206,48,219,432891,1144818,345.60,43.998,3607,3592,3600,15,0,94.2,34.6,89.4,31.9,none,none,81.8,27.7,3594,-3600,3598,-3601,3598,3603,3602,-3601,3600,3604,3600,-3605,3599,-3605,3599,-3604,3598,-3605,3600,-3604,3599,-3604,3600,-3603,3600,-3605,3599,3605,3599,-3604,3600,-3604,3600,-3603,3601,-3603,3601,3604,3600,-3604,3601,-3603,3600,-3604,3599,-3601,3597,-3599,3594,-3600,3593,-3600,3595,-3599,3594,-3601,3598,-3604,3596,-3600,3593,-3604,3596,-3604,3596,-3605,3597,3603,3598,-3606,3596,-3603,3598,-3604,3593,-3605,3594,3607,3596,-3606,3595,-3606,3592,-3603,3594,-3603,3596,-3604,3592,-3601,3594,-3600,3592,-3600,3592,3598,-0.55,SJNFAAZE1U0005576,117.83,13.04,9113.6923828125,78,75,0,0,0,0,14.0,99.17,-155219,100,1528025195.269,12560,2,0,0,0,0,0,0,0,4,345.62,345.62,7F,1,1,1,0080,80,40,40,0,0,19,26.00
03/06/2018 12:26:38,55 57.64476,-2 24.30013,219,47,219,432498,1144818,345.79,34.079,3610,3594,3602,16,0,94.2,34.6,89.4,31.9,none,none,82.0,27.8,3596,-3603,3600,3604,3601,3606,3604,-3604,3601,-3607,3602,-3607,3600,3607,3602,-3607,3600,-3607,3601,-3606,3601,-3607,3603,-3606,3603,-3608,3600,-3608,3601,-3606,3603,3607,3602,-3605,3603,-3607,3604,-3606,3602,-3607,3602,3606,3602,-3606,3600,-3605,3599,-3602,3595,-3604,3596,-3604,3598,3603,3598,-3604,3603,-3607,3598,-3604,3596,-3607,3598,-3607,3599,-3607,3598,-3607,3600,-3608,3598,3607,3600,-3606,3596,-3608,3598,-3609,3598,-3610,3598,3609,3595,-3607,3597,-3606,3599,-3607,3594,-3604,3596,-3603,3596,-3604,3595,-3601,-0.55,SJNFAAZE1U0005576,117.83,13.04,9113.6923828125,78,75,0,0,0,0,14.0,99.17,-155219,100,1528025198.925,11360,2,0,0,0,0,0,0,0,4,345.92,345.92,7F,1,1,1,0080,80,40,40,0,0,19,18.75
03/06/2018 12:26:42,55 57.67443,-2 24.36223,216,47,218,432199,1144818,345.60,35.117,3608,3591,3600,17,0,94.2,34.6,89.4,31.9,none,none,81.8,27.7,3594,-3602,3596,-3603,3598,3603,3603,3603,3600,-3606,3600,-3605,3598,-3606,3599,-3606,3600,3605,3599,-3604,3599,-3605,3599,-3605,3600,-3605,3599,-3606,3597,-3605,3600,-3606,3600,-3604,3601,3604,3601,-3604,3599,-3605,3600,-3603,3600,-3604,3597,-3603,3597,3600,3592,-3600,3593,-3602,3594,-3601,3594,-3601,3599,3604,3595,-3602,3591,-3605,3596,-3606,3596,-3605,3596,-3607,3597,-3606,3594,-3607,3597,-3605,3592,3607,3593,-3607,3594,-3608,3594,-3607,3591,-3605,3593,3604,3596,-3606,3593,-3601,3593,-3601,3593,-3603,3592,-3599,-0.57,SJNFAAZE1U0005576,117.83,13.04,9113.6923828125,78,75,0,0,0,0,14.0,99.17,-155219,100,1528025202.545,10480,2,0,0,0,0,0,0,0,4,345.68,345.68,7F,1,1,1,0080,80,40,40,0,0,19,20.75
03/06/2018 12:26:46,55 57.69948,-2 24.42633,223,45,218,431945,1144818,346.27,19.248,3614,3597,3607,17,0,94.2,34.6,89.4,31.9,none,none,81.8,27.7,3601,-3610,3603,-3610,3605,3610,3608,-3609,3606,-3611,3606,3612,3605,-3613,3605,-3614,3605,-3611,3606,-3612,3606,3612,3606,-3611,3606,-3613,3605,-3614,3606,-3612,3608,-3611,3606,-3611,3607,-3610,3607,-3612,3605,3611,3606,-3610,3605,-3611,3604,-3608,3603,-3607,3602,-3608,3601,3610,3602,-3609,3603,-3608,3606,-3612,3602,-3610,3600,3612,3603,-3613,3603,-3613,3603,-3613,3604,-3612,3602,-3611,3604,-3614,3600,-3614,3600,-3614,3602,3614,3601,-3614,3597,-3613,3603,-3612,3603,-3613,3600,3608,3601,-3609,3600,-3610,3601,-3607,-0.57,SJNFAAZE1U0005576,117.83,13.04,9113.6923828125,78,75,0,0,0,0,14.0,99.17,-155219,100,1528025206.535,6360,2,1,0,3,0,0,0,0,4,346.25,346.25,7F,1,1,1,0080,80,40,40,0,0,19,10.75
03/06/2018 12:26:50,55 57.72348,-2 24.48976,226,46,218,431684,1144818,345.22,41.587,3604,3589,3596,15,0,94.2,34.6,89.4,31.9,none,none,81.8,27.7,-3594,3591,-3600,3592,-3600,3596,-3601,3596,-3601,3598,-3601,3598,-3601,3597,-3602,3597,-3602,3596,-3601,3595,-3601,3596,-3601,3596,-3603,3595,-3603,3595,-3602,3598,-3601,3598,-3600,3597,-3601,3597,-3601,3597,-3600,3597,-3601,3596,-3600,3597,-3598,3595,-3597,3595,-3595,3589,-3596,3591,-3596,3592,-3595,3591,-3602,3593,-3598,3591,-3598,3592,-3602,3592,-3602,3593,-3602,3593,-3603,3594,-3602,3594,-3603,3589,-3602,3590,-3603,3591,-3604,3591,-3604,3592,-3601,3591,-3600,3591,-3602,3593,-3595,3591,-3597,3589,-3596,3589,-3598,3590,-0.58,SJNFAAZE1U0005576,117.83,13.04,9113.6923828125,78,75,0,0,0,0,14.0,99.17,-155219,100,1528025210.322,10920,2,1,0,4,0,0,0,0,4,345.52,345.52,7F,1,1,1,0080,80,40,40,0,0,19,31.00
03/06/2018 12:26:54,55 57.74095,-2 24.53805,232,47,218,431166,1144818,344.35,65.604,3596,3579,3587,17,0,94.0,34.4,89.4,31.9,none,none,81.8,27.7,-3586,3582,-3590,3584,-3591,3586,-3592,3587,-3593,3588,-3592,3588,-3591,3587,-3594,3587,-3593,3587,-3592,3586,-3593,3588,-3594,3588,-3595,3587,-3595,3587,-3593,3588,-3592,3589,-3591,3588,-3592,3589,-3593,3589,-3592,3589,-3592,3587,-3591,3588,-3589,3585,-3588,3585,-3585,3581,-3586,3581,-3586,3582,-3587,3583,-3592,3584,-3589,3582,-3588,3581,-3593,3584,-3594,3582,-3593,3583,-3594,3584,-3592,3585,-3596,3579,-3594,3582,-3594,3582,-3596,3581,-3595,3581,-3592,3581,-3590,3583,-3593,3586,-3586,3580,-3587,3579,-3588,3580,-3587,3580,-0.56,SJNFAAZE1U0005576,117.83,13.04,9113.6923828125,78,75,0,0,0,0,14.0,99.17,-155219,100,1528025214.035,18000,2,1,0,4,0,0,0,0,4,344.39,344.39,7F,1,1,1,0080,80,40,40,0,0,19,36.50
03/06/2018 12:26:57,55 57.76713,-2 24.60817,229,50,218,430629,1144818,344.64,52.665,3597,3582,3590,15,0,94.2,34.6,89.2,31.8,none,none,81.8,27.7,-3588,3586,-3592,3586,-3592,3590,-3594,3589,-3594,3590,-3594,3591,-3593,3589,-3595,3589,-3595,3589,-3594,3588,-3594,3590,-3595,3590,-3596,3590,-3596,3590,-3594,3591,-3594,3591,-3593,3591,-3595,3590,-3595,3591,-3594,3591,-3593,3590,-3592,3590,-3591,3588,-3590,3587,-3585,3583,-3588,3584,-3589,3585,-3589,3585,-3594,3587,-3591,3585,-3590,3585,-3595,3586,-3595,3586,-3594,3587,-3595,3587,-3594,3589,-3597,3584,-3594,3586,-3595,3585,-3597,3585,-3595,3586,-3592,3584,-3592,3586,-3595,3587,-3588,3584,-3589,3584,-3589,3583,-3589,3582,-0.55,SJNFAAZE1U0005576,117.83,13.04,9113.6923828125,78,75,0,0,0,0,14.0,99.17,-155219,100,1528025217.726,16080,2,1,0,4,0,0,0,0,4,344.52,344.52,7F,1,1,1,0080,80,40,40,0,0,19,26.50
03/06/2018 12:27:01,55 57.79349,-2 24.682,219,51,217,430198,1144818,344.64,46.531,3598,3584,3590,14,0,94.2,34.6,89.4,31.9,none,none,81.8,27.7,-3589,3586,-3591,3587,-3593,3590,-3595,3589,-3595,3591,-3594,3592,-3594,3590,-3595,3591,-3595,3591,-3595,3590,-3595,3590,-3595,3590,-3596,3590,-3596,3589,-3594,3593,-3595,3591,-3594,3592,-3594,3592,-3595,3592,-3594,3592,-3595,3590,-3593,3591,-3592,3590,-3590,3588,-3586,3584,-3590,3586,-3590,3586,-3590,3586,-3595,3587,-3591,3585,-3591,3586,-3595,3587,-3596,3587,-3595,3587,-3596,3588,-3594,3588,-3595,3584,-3595,3585,-3595,3587,-3598,3585,-3596,3586,-3593,3586,-3593,3585,-3595,3587,-3589,3584,-3590,3584,-3590,3585,-3590,3584,-0.53,SJNFAAZE1U0005576,117.83,13.04,9113.6923828125,78,75,0,0,0,0,14.0,99.17,-155219,100,1528025221.372,13720,2,1,0,4,0,0,0,0,4,344.71,344.71,7F,1,1,1,0080,80,40,40,0,0,19,20.25
03/06/2018 12:27:05,55 57.81335,-2 24.73751,216,51,217,429901,1144818,345.22,29.929,3603,3588,3596,15,0,94.2,34.6,89.4,31.9,none,none,81.8,27.7,3592,-3597,3592,3597,3594,3598,3598,-3598,-3595,-3601,3596,-3601,-3595,3601,-3595,3601,-3596,3601,-3595,3600,-3595,3601,-3595,3600,-3596,3601,-3595,3602,3595,-3600,3596,3601,3596,-3600,3597,-3600,3598,-3601,3596,-3599,3596,-3600,3596,3600,3594,-3599,3592,-3596,3590,-3597,3590,-3598,3591,3596,3591,-3597,3595,-3600,3591,-3598,3590,-3600,3594,-3601,3593,-3601,3591,-3601,3594,-3601,3592,3600,3594,-3601,3589,-3602,3590,-3603,3592,-3602,3591,3602,3588,-3600,3590,-3600,3593,-3600,3589,-3597,3589,-3597,3589,-3596,3588,-3595,-0.51,SJNFAAZE1U0005576,117.83,13.04,9113.6923828125,78,75,0,0,0,0,14.0,99.17,-155219,100,1528025225.083,8480,2,1,0,5,0,0,0,0,4,345.22,345.22,7F,1,1,1,0080,80,40,40,0,0,19,15.75
03/06/2018 12:27:09,55 57.84045,-2 24.8111,219,52,217,429561,1144818,344.45,48.026,3596,3579,3588,17,0,94.2,34.6,89.4,31.9,none,none,81.8,27.7,3582,-3590,3586,-3592,3586,3592,3591,3592,3587,-3594,3588,-3595,3588,-3595,3587,-3595,3587,-3595,3587,3594,3587,-3595,3588,-3595,3588,-3595,3587,-3596,3587,3594,3590,-3594,3589,-3593,3588,-3593,3590,-3594,3587,-3594,3588,-3593,3588,-3594,3586,-3591,3586,3589,3580,-3588,3580,-3590,3583,-3589,3582,-3589,3587,3594,3582,-3591,3580,-3593,3584,-3594,3584,-3593,3584,-3594,3585,-3595,3584,-3594,3587,-3594,3581,3595,3582,-3596,3584,-3596,3583,-3596,3579,-3594,3582,3593,3584,-3595,3580,-3590,3580,-3590,3581,-3590,3581,-3587,-0.55,SJNFAAZE1U0005576,117.83,13.04,9113.6923828125,78,75,0,0,0,0,14.0,99.17,-155219,100,1528025229.019,12440,2,1,0,5,0,0,0,0,4,344.58,344.58,7F,1,1,1,0080,80,40,40,0,0,19,26.25
03/06/2018 12:27:12,55 57.86561,-2 24.88794,226,52,217,429104,1144818,344.45,45.676,3596,3578,3588,18,0,94.2,34.6,89.4,31.9,none,none,81.8,27.7,3581,-3589,3583,-3590,3585,3592,3590,-3592,3588,-3594,3588,3594,3587,-3594,3587,-3595,3587,-3595,3587,-3594,3587,-3595,3588,3594,3587,-3594,3586,-3595,3587,-3594,3588,-3593,3588,3593,3588,-3593,3588,-3594,3587,-3594,3587,-3593,3587,-3593,3586,-3591,3584,-3589,3578,-3588,3579,3590,3581,-3589,3581,-3589,3585,-3593,3582,-3590,3580,3593,3584,-3594,3583,-3595,3583,-3594,3585,-3594,3583,-3593,3584,-3594,3579,-3595,3580,-3596,3583,3595,3582,-3595,3579,-3592,3581,-3591,3583,-3592,3579,3588,3580,-3590,3579,-3590,3580,-3587,-0.58,SJNFAAZE1U0005576,117.83,13.04,9113.6923828125,78,75,0,0,0,0,14.0,99.17,-155219,100,1528025232.895,14040,2,1,0,5,0,0,0,0,4,344.51,344.51,7F,1,1,1,0080,80,40,40,0,0,19,22.00
03/06/2018 12:27:16,55 57.88809,-2 24.9678,232,52,217,428706,1144818,344.54,39.146,3598,3581,3589,17,0,94.2,34.6,89.4,31.9,none,none,81.8,27.7,3583,-3591,3586,-3592,3586,3593,3591,-3592,3589,-3595,3589,-3595,3588,-3595,3588,-3595,3588,-3594,3588,-3593,3589,-3595,3589,-3594,3589,-3594,3587,3596,3588,-3595,3590,-3594,3589,-3593,3590,-3594,3591,3595,3588,-3594,3590,-3594,3589,-3593,3587,-3593,3586,-3588,3581,-3590,3581,-3591,3582,-3590,3583,3590,3587,-3594,3584,-3591,3582,-3594,3585,-3595,3585,3596,3585,-3595,3586,-3595,3586,-3594,3586,-3594,3581,-3595,3582,-3597,3584,-3597,3584,-3598,3581,3595,3583,-3594,3585,-3593,3581,-3589,3582,-3590,3581,3591,3581,-3587,-0.58,SJNFAAZE1U0005576,117.83,13.04,9113.6923828125,78,75,0,0,0,0,14.0,99.17,-155219,100,1528025236.744,11840,2,1,0,5,0,0,0,0,4,344.66,344.66,7F,1,1,1,0080,80,40,40,0,0,19,19.75
03/06/2018 12:27:20,55 57.90843,-2 25.04937,232,52,216,428305,1144818,344.26,47.935,3594,3578,3586,16,0,94.2,34.6,89.4,31.9,none,none,81.8,27.7,3584,3581,3587,-3582,-3588,3585,-3590,-3585,-3589,3587,-3590,3587,3590,3585,3591,-3585,3589,-3586,3590,-3585,3589,-3586,3591,-3587,3592,-3584,3592,-3585,3591,-3587,3589,3587,3589,-3587,3589,-3586,3591,-3587,3590,-3586,3589,3586,3588,-3586,3588,-3583,3585,-3583,3583,-3578,3584,-3580,3585,-3581,3585,-3580,3591,-3583,3587,3579,3587,-3582,3592,-3581,3591,-3581,3589,-3584,3592,3584,3591,-3583,3594,-3579,3590,-3581,3592,-3580,3594,-3582,3592,-3581,3587,-3582,3589,-3581,3591,3583,3585,-3580,3586,-3580,3585,-3580,3584,-3578,-0.59,SJNFAAZE1U0005576,117.83,13.04,9113.6923828125,78,75,0,0,0,0,14.0,99.17,-155219,100,1528025240.713,12520,2,0,0,0,0,0,0,0,4,344.28,344.28,7F,1,1,1,0080,80,40,40,0,0,19,26.25
03/06/2018 12:27:24,55 57.92728,-2 25.1335,242,52,216,427776,1144818,343.78,62.156,3590,3572,3581,18,0,94.2,34.6,89.4,31.9,none,none,81.8,27.7,-3580,3574,-3584,3576,-3583,3581,-3586,3580,-3586,3583,-3586,3583,-3586,3581,-3588,3580,-3586,3581,-3586,3580,-3587,3580,-3587,3581,-3589,3579,-3588,3580,-3586,3583,-3586,3582,-3586,3581,-3586,3582,-3587,3581,-3585,3582,-3586,3582,-3585,3582,-3583,3580,-3581,3578,-3577,3574,-3580,3575,-3580,3577,-3580,3576,-3585,3579,-3582,3575,-3581,3575,-3588,3576,-3587,3577,-3587,3577,-3587,3577,-3586,3577,-3586,3572,-3587,3574,-3587,3577,-3590,3575,-3588,3575,-3586,3575,-3584,3575,-3587,3577,-3580,3574,-3580,3573,-3582,3573,-3581,3573,-0.57,SJNFAAZE1U0005576,117.83,13.04,9113.6923828125,78,75,0,0,0,0,14.0,99.17,-155219,100,1528025244.663,16800,2,0,0,0,0,0,0,0,4,343.64,343.64,7F,1,1,1,0080,80,40,40,0,0,19,26.00
03/06/2018 12:27:28,55 57.94135,-2 25.21934,255,50,216,427309,1144818,344.06,46.348,3592,3576,3584,16,0,94.2,34.6,89.4,31.9,none,none,81.8,27.7,-3581,3579,-3586,3581,-3586,3583,-3588,3584,-3587,3585,-3588,3585,-3588,3584,-3589,3584,-3588,3585,-3589,3583,-3590,3585,-3590,3584,-3590,3583,-3589,3583,-3588,3586,-3588,3586,-3587,3584,-3588,3586,-3589,3586,-3588,3585,-3588,3584,-3587,3585,-3586,3582,-3584,3581,-3579,3578,-3582,3578,-3583,3580,-3582,3580,-3588,3581,-3585,3579,-3584,3579,-3589,3581,-3588,3581,-3588,3581,-3589,3581,-3589,3582,-3590,3577,-3588,3578,-3589,3579,-3592,3580,-3589,3579,-3586,3580,-3587,3579,-3588,3581,-3582,3578,-3583,3577,-3584,3577,-3583,3576,-0.57,SJNFAAZE1U0005576,117.83,13.04,9113.6923828125,78,75,0,0,0,0,14.0,99.17,-155219,100,1528025248.549,13640,2,0,0,0,0,0,0,0,4,344.10,344.10,7F,1,1,1,0080,80,40,40,0,0,19,24.50
03/06/2018 12:27:32,55 57.94931,-2 25.2819,259,49,216,426876,1144818,343.87,49.796,3590,3574,3582,16,0,94.2,34.6,89.4,31.9,none,none,81.8,27.7,-3580,3577,-3584,3578,-3585,3581,-3587,3581,-3587,3583,-3587,3584,-3587,3582,-3588,3581,-3588,3582,-3587,3581,-3588,3582,-3588,3582,-3589,3581,-3588,3581,-3586,3584,-3588,3583,-3587,3583,-3588,3584,-3587,3583,-3587,3583,-3586,3583,-3586,3582,-3584,3580,-3582,3579,-3578,3576,-3581,3576,-3580,3577,-3582,3577,-3587,3579,-3584,3577,-3583,3577,-3588,3577,-3588,3577,-3587,3578,-3588,3578,-3588,3578,-3588,3574,-3588,3575,-3588,3576,-3590,3576,-3590,3577,-3587,3577,-3585,3578,-3587,3577,-3581,3576,-3582,3574,-3583,3575,-3583,3574,-0.56,SJNFAAZE1U0005576,117.83,13.04,9113.6923828125,78,75,0,0,0,0,14.0,99.17,-155219,100,1528025252.167,13640,2,0,0,0,0,0,0,0,4,343.86,343.86,7F,1,1,1,0080,80,40,40,0,0,19,26.50
03/06/2018 12:27:35,55 57.95816,-2 25.36945,269,51,216,426460,1144818,343.68,52.543,3588,3570,3580,18,0,94.2,34.6,89.4,31.9,none,none,81.6,27.6,-3577,3574,-3582,3576,-3583,3579,-3585,3579,-3584,3581,-3584,3581,-3584,3580,-3586,3580,-3585,3581,-3585,3579,-3584,3581,-3586,3581,-3586,3579,-3586,3579,-3584,3581,-3585,3581,-3584,3580,-3583,3580,-3585,3581,-3584,3580,-3584,3581,-3583,3580,-3581,3578,-3580,3578,-3576,3572,-3577,3573,-3580,3574,-3578,3575,-3585,3577,-3581,3574,-3581,3574,-3585,3575,-3586,3576,-3585,3575,-3586,3576,-3583,3577,-3587,3570,-3585,3574,-3587,3574,-3588,3574,-3586,3575,-3582,3573,-3582,3575,-3585,3577,-3578,3573,-3579,3573,-3579,3573,-3579,3572,-0.53,SJNFAAZE1U0005576,117.83,13.04,9115.3017578125,78,75,0,0,0,0,14.0,99.17,-155219,100,1528025255.611,14280,2,1,0,4,0,0,0,0,4,343.72,343.72,7F,1,1,1,0080,80,40,40,0,0,19,28.75
03/06/2018 12:27:39,55 57.96347,-2 25.45599,272,51,215,425978,1144818,343.58,52.268,3586,3571,3579,15,0,94.2,34.6,89.4,31.9,none,none,81.8,27.7,3572,-3580,3576,-3581,3578,3583,3582,-3583,3580,-3585,3580,-3586,3579,-3585,3579,-3585,3579,-3585,3580,-3584,3580,-3585,3580,3585,3580,-3585,3579,-3586,3579,-3584,3581,-3585,3580,3584,3581,-3584,3581,-3585,3580,-3585,3580,-3583,3579,-3584,3577,-3581,3576,-3580,3572,-3579,3572,3579,3573,-3580,3574,-3579,3578,-3583,3573,-3580,3571,3583,3575,-3585,3575,-3583,3575,-3585,3578,-3584,3576,-3584,3578,-3583,3573,-3585,3573,-3586,3576,3585,3575,-3586,3571,-3582,3574,-3584,3577,-3584,3572,-3579,3572,3580,3572,-3581,3571,-3577,-0.55,SJNFAAZE1U0005576,117.83,13.04,9115.3017578125,78,75,0,0,0,0,14.0,99.17,-155219,100,1528025259.233,14920,2,1,0,4,0,0,0,0,4,343.65,343.65,7F,1,1,1,0080,80,40,40,0,0,19,26.25
03/06/2018 12:27:43,55 57.96602,-2 25.51986,275,51,215,425550,1144818,343.68,47.294,3588,3572,3580,16,0,94.0,34.4,89.4,31.9,none,none,81.6,27.6,3574,-3581,3577,-3582,3578,3584,3583,-3583,3579,3587,3580,-3587,3579,-3586,3580,-3586,3579,-3587,3579,-3584,3580,-3585,3580,-3585,3580,-3586,3579,3586,3580,-3586,3582,-3585,3580,-3585,3582,-3584,3581,3584,3581,-3585,3581,-3584,3580,-3585,3577,-3582,3577,-3580,3572,-3579,3572,-3581,3574,-3580,3573,3580,3578,-3585,3575,-3581,3573,-3585,3576,-3585,3576,3586,3576,-3585,3578,-3586,3576,-3586,3578,-3584,3573,-3585,3573,3587,3576,-3587,3576,-3588,3572,-3585,3574,-3584,3577,-3585,3572,-3581,3573,-3579,3572,-3581,3572,3579,-0.54,SJNFAAZE1U0005576,117.83,13.04,9115.3017578125,78,75,0,0,0,0,14.0,99.17,-155219,100,1528025263.124,14200,2,1,0,4,0,0,0,0,4,343.71,343.71,7F,1,1,1,0080,80,40,40,0,0,19,24.25
03/06/2018 12:27:46,55 57.96822,-2 25.60513,278,49,215,425220,1144818,344.83,15.372,3601,3583,3592,18,0,94.2,34.6,89.4,31.9,none,none,81.8,27.7,3586,-3594,3588,3596,3589,3595,3594,-3594,3590,-3596,3590,-3598,3591,3598,3591,-3598,3590,-3597,3590,-3597,3591,-3598,3591,-3597,3592,-3598,3591,-3599,3591,-3595,3592,3596,3592,-3596,3592,-3596,3594,-3597,3592,-3597,3592,3596,3591,-3597,3590,-3594,3589,-3593,3585,-3595,3585,-3595,3586,-3593,3587,-3593,3590,-3597,3587,3595,3585,-3597,3588,-3599,3587,-3597,3588,-3598,3590,3598,3588,-3598,3588,-3598,3584,-3599,3586,-3600,3587,-3599,3587,3601,3583,-3597,3586,-3596,3588,-3597,3584,-3592,3586,-3593,3585,-3594,3584,-3591,-0.55,SJNFAAZE1U0005576,117.83,13.04,9115.3017578125,78,75,0,0,0,0,14.0,99.17,-155219,100,1528025266.991,5600,2,1,0,4,0,0,0,0,4,344.79,344.79,7F,1,1,1,0080,80,40,40,0,0,19,6.00
03/06/2018 12:27:50,55 57.9693,-2 25.68628,278,47,215,425056,1144818,344.45,22.025,3595,3580,3588,15,0,94.2,34.6,89.4,31.9,none,none,81.8,27.7,3583,-3589,3585,-3590,3586,3589,3590,3590,3588,-3592,3587,-3594,3587,-3594,3587,-3594,3587,3592,3587,-3593,3588,-3594,3588,-3593,3588,-3593,3587,-3593,3587,-3592,3590,-3593,3589,-3592,3589,3591,3589,-3593,3588,-3592,3589,-3593,3588,-3592,3587,3590,3584,-3589,3581,-3588,3581,-3589,3585,-3589,3583,-3588,3588,-3592,3582,-3590,3581,-3593,3584,3593,3584,-3592,3584,-3594,3587,-3594,3585,-3593,3586,3593,3581,-3594,3584,-3595,3584,-3595,3585,-3595,3581,-3592,3583,3592,3585,-3592,3582,-3589,3582,-3589,3581,-3588,3580,-3586,-0.58,SJNFAAZE1U0005576,117.83,13.04,9115.3017578125,78,75,0,0,0,0,14.0,99.17,-155219,100,1528025270.901,6480,2,1,0,5,0,0,0,0,4,344.68,344.68,7F,1,1,1,0080,80,40,40,0,0,19,18.25
03/06/2018 12:27:54,55 57.96962,-2 25.766,275,48,215,424693,1144818,343.49,50.345,3586,3569,3578,17,0,94.2,34.6,89.4,31.9,none,none,81.8,27.7,3575,-3572,3580,-3573,3581,3578,3583,-3578,3582,-3579,3584,3580,3583,-3579,3585,-3578,3584,-3579,3584,-3577,3585,3578,3585,-3578,3585,-3578,3585,-3578,3584,-3580,3584,-3579,3583,-3579,3584,-3579,3585,-3579,3583,3579,3583,-3579,3582,-3578,3580,-3576,3579,-3576,3575,3570,3577,-3571,-3578,3572,-3577,-3573,-3582,3575,-3580,3572,-3579,3572,-3585,3573,-3584,3574,-3584,3573,-3584,3575,-3583,3575,-3585,3569,-3583,3572,-3584,3573,-3586,3572,3586,-3572,3581,3573,3581,-3574,3584,-3574,3577,3572,3578,-3570,3578,-3571,3578,-3571,-0.55,SJNFAAZE1U0005576,117.83,13.04,9115.3017578125,78,75,0,0,0,0,14.0,99.17,-155219,100,1528025274.653,13640,2,1,0,5,0,0,0,0,4,343.84,343.84,7F,1,1,1,0080,80,40,40,0,0,19,30.75
03/06/2018 12:27:58,55 57.9722,-2 25.85047,275,49,214,424197,1144818,343.20,56.052,3584,3566,3575,18,0,94.2,34.6,89.4,31.9,none,none,81.8,27.7,-3573,3569,-3578,3571,-3579,3576,-3581,3575,-3580,3576,-3581,3578,-3581,3575,-3583,3575,-3582,3576,-3581,3576,-3581,3575,-3583,3577,-3583,3574,-3583,3575,-3581,3577,-3580,3577,-3580,3577,-3581,3578,-3581,3577,-3580,3576,-3580,3577,-3579,3576,-3577,3574,-3576,3573,-3572,3567,-3574,3568,-3574,3570,-3574,3569,-3579,3573,-3578,3570,-3576,3569,-3582,3571,-3582,3573,-3581,3570,-3582,3573,-3580,3573,-3581,3566,-3581,3568,-3580,3571,-3584,3570,-3583,3570,-3580,3570,-3579,3570,-3581,3571,-3575,3570,-3575,3568,-3576,3568,-3576,3568,-0.58,SJNFAAZE1U0005576,117.83,13.04,9115.3017578125,78,75,0,0,0,0,14.0,99.17,-155219,100,1528025278.337,15600,2,1,0,5,0,0,0,0,4,343.34,343.34,7F,1,1,1,0080,80,40,40,0,0,19,28.00
03/06/2018 12:28:02,55 57.97178,-2 25.91541,275,50,214,423809,1144818,344.06,31.791,3593,3576,3584,17,0,94.2,34.6,89.4,31.9,none,none,81.8,27.7,-3582,3578,-3586,3580,-3587,3583,-3589,3583,-3588,3585,-3589,3585,-3588,3583,-3590,3584,-3590,3583,-3589,3583,-3590,3584,-3590,3584,-3591,3583,-3591,3582,-3589,3585,-3588,3585,-3587,3585,-3589,3584,-3589,3585,-3588,3584,-3589,3583,-3588,3584,-3586,3582,-3585,3582,-3581,3578,-3583,3579,-3584,3579,-3583,3579,-3589,3581,-3586,3578,-3586,3578,-3590,3580,-3590,3580,-3589,3580,-3589,3581,-3589,3580,-3590,3576,-3589,3577,-3590,3578,-3593,3579,-3592,3578,-3588,3579,-3588,3579,-3589,3581,-3583,3577,-3584,3577,-3584,3577,-3585,3577,-0.57,SJNFAAZE1U0005576,117.83,13.04,9115.3017578125,78,75,0,0,0,0,14.0,99.17,-155219,100,1528025282.065,9920,2,1,0,5,0,0,0,0,4,344.12,344.12,7F,1,1,1,0080,80,40,40,0,0,19,17.00
03/06/2018 12:28:05,55 57.97454,-2 26.00292,272,50,214,423500,1144818,343.87,37.467,3589,3575,3582,14,0,94.2,34.6,89.4,31.9,none,none,81.8,27.7,-3580,3576,-3583,3578,-3584,3581,-3586,3582,-3587,3583,-3587,3584,-3586,3581,-3587,3583,-3587,3583,-3587,3581,-3587,3582,-3588,3583,-3589,3581,-3588,3581,-3587,3583,-3587,3583,-3587,3583,-3586,3583,-3586,3584,-3586,3583,-3586,3582,-3585,3583,-3583,3581,-3582,3580,-3579,3576,-3580,3576,-3581,3578,-3580,3577,-3586,3579,-3583,3577,-3584,3577,-3587,3578,-3587,3578,-3586,3579,-3588,3580,-3585,3580,-3589,3575,-3587,3576,-3587,3578,-3589,3578,-3588,3577,-3584,3578,-3584,3578,-3586,3579,-3580,3575,-3580,3575,-3581,3576,-3581,3575,-0.57,SJNFAAZE1U0005576,117.83,13.04,9115.3017578125,78,75,0,0,0,0,14.0,99.17,-155219,100,1528025285.713,10160,2,1,0,5,0,0,0,0,4,343.99,343.99,7F,1,1,1,0080,80,40,40,0,0,19,21.75
03/06/2018 12:28:09,55 57.97752,-2 26.09236,269,51,214,423117,1144818,343.49,46.989,3588,3570,3578,18,0,94.2,34.6,89.4,31.9,none,none,81.8,27.7,-3575,3574,-3579,3574,-3580,3577,-3583,3578,-3583,3579,-3583,3580,-3582,3578,-3584,3579,-3582,3579,-3583,3577,-3582,3579,-3583,3579,-3585,3578,-3585,3578,-3583,3579,-3583,3581,-3581,3579,-3583,3581,-3585,3580,-3584,3580,-3582,3578,-3581,3579,-3580,3577,-3578,3576,-3575,3572,-3576,3573,-3578,3573,-3576,3575,-3585,3576,-3579,3574,-3579,3573,-3584,3575,-3583,3574,-3583,3577,-3583,3575,-3582,3576,-3588,3572,-3582,3573,-3586,3573,-3586,3573,-3584,3573,-3580,3573,-3580,3574,-3583,3578,-3576,3572,-3577,3573,-3578,3571,-3577,3570,-0.55,SJNFAAZE1U0005576,117.83,13.04,9115.3017578125,78,75,0,0,0,0,14.0,99.17,-155219,100,1528025289.493,13000,2,1,0,5,0,0,0,0,4,343.53,343.53,7F,1,1,1,0080,80,40,40,0,0,19,25.50
03/06/2018 12:28:13,55 57.98027,-2 26.15886,269,52,214,422671,1144818,343.49,45.554,3586,3568,3578,18,0,94.2,34.6,89.4,31.9,none,none,81.8,27.7,3571,-3579,3574,3580,3575,3581,3579,-3581,3576,-3584,3577,-3583,3576,3585,3576,-3584,3577,-3585,3577,-3583,3576,-3584,3578,-3583,3579,-3586,3576,-3586,3577,-3583,3580,3584,3578,-3582,3579,-3583,3579,-3584,3577,-3582,3577,3582,3577,-3583,3575,-3580,3574,-3579,3568,-3578,3569,-3578,3570,3578,3570,-3579,3577,-3583,3571,-3580,3569,-3583,3573,-3584,3574,-3583,3572,-3584,3574,-3584,3573,3583,3575,-3583,3569,-3585,3571,-3586,3572,-3586,3572,3585,3569,-3583,3570,-3582,3573,-3583,3569,-3578,3570,-3579,3570,-3579,3569,-3576,-0.55,SJNFAAZE1U0005576,117.83,13.04,9115.3017578125,78,75,0,0,0,0,14.0,99.17,-155219,100,1528025293.053,13600,2,0,0,0,0,0,0,0,4,343.51,343.51,7F,1,1,1,0080,80,40,40,0,0,19,23.00
03/06/2018 12:28:16,55 57.98225,-2 26.25054,269,54,213,422299,1144818,343.58,42.563,3587,3569,3579,18,0,94.2,34.6,89.4,31.9,none,none,81.8,27.7,3572,-3580,3575,-3581,3575,3582,3581,3582,3578,-3584,3579,-3585,3577,-3586,3578,-3585,3579,3584,3577,-3584,3578,-3585,3578,-3584,3581,-3585,3578,-3586,3578,3584,3580,-3584,3579,-3583,3580,-3583,3580,-3584,3578,-3585,3579,-3584,3579,-3584,3576,-3581,3576,3579,3571,-3579,3571,-3580,3572,-3579,3571,-3578,3576,3584,3573,-3581,3572,-3584,3574,-3584,3574,-3583,3575,-3585,3576,-3585,3574,-3584,3576,-3584,3571,3586,3572,-3587,3574,-3586,3572,-3586,3569,-3584,3572,3584,3574,-3585,3570,-3579,3572,-3580,3571,-3580,3570,-3577,-0.53,SJNFAAZE1U0005576,117.83,13.04,9115.3017578125,78,75,0,0,0,0,14.0,99.17,-155219,100,1528025296.595,12920,2,0,0,0,0,0,0,0,4,343.53,343.53,7F,1,1,1,0080,80,40,40,0,0,19,18.75
03/06/2018 12:28:20,55 57.98535,-2 26.34209,269,53,213,422032,1144818,344.45,17.142,3595,3579,3588,16,0,94.2,34.6,89.4,31.9,none,none,81.8,27.7,3582,-3590,3585,-3591,3586,3590,3589,-3591,3587,-3593,3588,3594,3586,-3593,3587,-3594,3587,-3594,3587,-3593,3587,-3594,3588,-3592,3588,-3594,3587,-3594,3587,-3593,3589,-3593,3587,3592,3588,-3592,3588,-3593,3588,-3593,3588,-3591,3588,-3593,3586,-3590,3584,-3589,3582,-3590,3581,3589,3583,-3588,3582,-3589,3588,-3593,3583,-3590,3582,3592,3585,-3593,3585,-3593,3585,-3593,3586,-3594,3584,-3593,3587,-3593,3581,-3594,3583,-3594,3584,3594,3583,-3595,3580,-3591,3583,-3592,3585,-3593,3580,3588,3582,-3588,3581,-3589,3579,-3586,-0.55,SJNFAAZE1U0005576,117.83,13.04,9115.3017578125,78,75,0,0,0,0,14.0,99.17,-155219,100,1528025300.631,5240,2,0,0,0,0,0,0,0,4,344.41,344.41,7F,1,1,1,0080,80,40,40,0,0,19,7.75
03/06/2018 12:28:24,55 57.98817,-2 26.43404,269,54,213,421791,1144818,343.68,37.071,3589,3571,3580,18,0,94.2,34.6,89.4,31.9,none,none,81.8,27.7,3574,-3582,3576,-3583,3578,3585,3583,-3584,3580,-3586,3581,-3587,3578,-3587,3579,3587,3579,-3586,3579,-3585,3579,-3587,3580,-3586,3580,3587,3579,-3588,3579,-3586,3582,-3586,3580,-3586,3581,-3585,3581,3586,3580,-3587,3581,-3585,3580,-3585,3577,-3584,3576,-3581,3571,-3580,3572,-3581,3573,-3581,3572,3582,3578,-3586,3575,-3583,3572,-3585,3575,-3588,3576,3586,3575,-3587,3577,-3586,3575,-3586,3577,-3585,3573,-3588,3574,-3587,3574,-3587,3574,-3589,3571,3584,3574,-3584,3576,-3585,3572,-3580,3573,-3581,3572,3582,3572,-3579,-0.56,SJNFAAZE1U0005576,117.83,13.04,9115.3017578125,78,75,0,0,0,0,14.0,99.17,-155219,100,1528025304.519,10200,2,0,0,0,0,0,0,0,4,343.90,343.90,7F,1,1,1,0080,80,40,40,0,0,19,20.00
03/06/2018 12:28:28,55 57.99223,-2 26.52658,272,55,213,421407,1144818,343.68,39.329,3588,3571,3580,17,0,94.2,34.6,89.4,31.9,none,none,81.8,27.7,3579,3575,3584,-3576,-3584,3580,-3585,-3578,-3585,3581,-3585,3581,-3584,3579,-3586,3580,-3586,3579,-3585,3579,-3586,3579,-3586,3580,-3587,3580,-3588,3579,3585,-3581,-3585,3581,3585,-3581,3585,-3582,3585,-3581,3586,-3581,3585,3579,3584,-3579,3583,-3578,3581,-3577,3577,-3572,3579,-3574,3581,-3575,3579,-3576,3586,-3577,3582,3574,3582,-3574,3587,-3575,3586,-3576,3586,-3578,3586,3577,3585,-3577,3587,-3571,3585,-3573,3587,-3575,3588,-3575,3588,-3573,3585,-3575,3583,-3576,3585,3576,3580,-3574,3580,-3573,3580,-3572,3580,-3572,-0.55,SJNFAAZE1U0005576,117.83,13.04,9115.3017578125,78,75,0,0,0,0,14.0,99.17,-155219,100,1528025308.331,11880,2,1,0,4,0,0,0,0,4,343.67,343.67,7F,1,1,1,0080,80,40,40,0,0,19,17.00
03/06/2018 12:28:31,55 57.99644,-2 26.59663,272,54,213,421077,1144818,343.68,38.535,3589,3572,3580,17,0,94.2,34.6,89.4,31.9,none,none,81.8,27.7,-3578,3575,-3583,3576,-3584,3579,-3586,3579,-3584,3581,-3585,3581,-3586,3580,-3586,3578,-3586,3580,-3586,3579,-3586,3580,-3587,3581,-3588,3578,-3587,3579,-3584,3581,-3586,3581,-3584,3580,-3586,3581,-3586,3582,-3585,3580,-3586,3580,-3583,3580,-3582,3578,-3581,3578,-3577,3573,-3580,3574,-3580,3575,-3579,3575,-3585,3577,-3582,3575,-3581,3575,-3586,3575,-3586,3575,-3586,3576,-3587,3578,-3586,3577,-3587,3572,-3586,3574,-3588,3574,-3589,3574,-3588,3575,-3585,3574,-3584,3574,-3586,3577,-3580,3575,-3580,3573,-3581,3573,-3580,3572,-0.56,SJNFAAZE1U0005576,117.83,13.04,9115.3017578125,78,75,0,0,0,0,14.0,99.17,-155219,100,1528025311.925,10200,2,1,0,4,0,0,0,0,4,343.83,343.83,7F,1,1,1,0080,80,40,40,0,0,19,18.00
03/06/2018 12:28:35,55 58.00199,-2 26.68977,255,55,213,420737,1144818,343.39,42.716,3586,3569,3577,17,0,94.2,34.6,89.4,31.9,none,none,81.8,27.7,-3574,3571,-3580,3574,-3581,3577,-3581,3577,-3582,3579,-3583,3579,-3582,3578,-3583,3578,-3583,3579,-3582,3576,-3583,3578,-3584,3579,-3585,3576,-3584,3576,-3583,3579,-3582,3578,-3581,3579,-3583,3579,-3582,3579,-3582,3578,-3583,3578,-3581,3578,-3579,3576,-3578,3574,-3574,3570,-3576,3571,-3577,3573,-3576,3572,-3582,3574,-3578,3572,-3578,3572,-3583,3573,-3583,3573,-3582,3574,-3584,3574,-3583,3574,-3584,3569,-3582,3571,-3584,3571,-3586,3571,-3584,3572,-3582,3571,-3580,3572,-3582,3574,-3576,3571,-3577,3570,-3577,3571,-3577,3570,-0.57,SJNFAAZE1U0005576,117.83,13.04,9115.3017578125,78,75,0,0,0,0,14.0,99.17,-155219,100,1528025315.402,11760,2,1,0,4,0,0,0,0,4,343.56,343.56,7F,1,1,1,0080,80,40,40,0,0,19,22.00
03/06/2018 12:28:38,55 58.00952,-2 26.75903,252,55,212,420317,1144818,343.10,47.629,3584,3566,3574,18,0,94.2,34.6,89.4,31.9,none,none,81.8,27.7,-3572,3568,-3575,3570,-3578,3574,-3579,3573,-3579,3575,-3580,3576,-3578,3574,-3580,3574,-3580,3575,-3579,3574,-3580,3575,-3580,3576,-3581,3573,-3582,3574,-3580,3576,-3579,3576,-3579,3576,-3580,3576,-3580,3576,-3579,3575,-3580,3575,-3578,3574,-3577,3572,-3575,3573,-3572,3566,-3573,3567,-3575,3569,-3573,3568,-3579,3571,-3576,3569,-3575,3567,-3581,3569,-3580,3571,-3579,3571,-3581,3570,-3580,3571,-3580,3566,-3579,3567,-3580,3569,-3584,3568,-3582,3569,-3578,3569,-3578,3569,-3580,3570,-3574,3567,-3574,3567,-3576,3567,-3574,3566,-0.56,SJNFAAZE1U0005576,117.83,13.04,9115.3017578125,78,75,0,0,0,0,14.0,99.17,-155219,100,1528025318.927,12880,2,1,0,4,0,0,0,0,4,343.35,343.35,7F,1,1,1,0080,80,40,40,0,0,19,20.75
03/06/2018 12:28:42,55 58.01943,-2 26.85171,262,55,212,419980,1144818,343.58,36.887,3588,3571,3579,17,0,94.2,34.6,89.2,31.8,none,none,81.8,27.7,-3576,3574,-3582,3575,-3583,3579,-3584,3578,-3584,3579,-3584,3581,-3584,3578,-3585,3578,-3585,3579,-3584,3577,-3584,3579,-3585,3580,-3585,3578,-3586,3578,-3584,3580,-3585,3580,-3584,3580,-3584,3580,-3584,3579,-3585,3580,-3585,3580,-3583,3579,-3581,3577,-3580,3577,-3575,3571,-3578,3572,-3579,3573,-3578,3574,-3583,3576,-3580,3573,-3581,3572,-3585,3574,-3585,3575,-3586,3574,-3585,3575,-3585,3577,-3585,3571,-3585,3573,-3586,3573,-3588,3572,-3586,3574,-3584,3574,-3582,3572,-3585,3575,-3577,3572,-3579,3571,-3580,3572,-3579,3572,-0.60,SJNFAAZE1U0005576,117.83,13.04,9115.3017578125,78,75,0,0,0,0,14.0,99.17,-155219,100,1528025322.232,11480,2,1,0,5,0,0,0,0,4,343.60,343.60,7F,1,1,1,0080,80,40,40,0,0,19,16.25
03/06/2018 12:28:46,55 58.02853,-2 26.91758,265,54,212,419704,1144818,343.97,24.527,3592,3574,3583,18,0,94.2,34.6,89.4,31.9,none,none,81.8,27.7,3577,-3585,3579,-3586,3581,3589,3586,-3587,3583,-3589,3583,-3589,3581,-3589,3583,-3589,3583,-3589,3582,-3588,3582,-3590,3583,3589,3584,-3590,3582,-3590,3582,-3589,3583,-3589,3583,3588,3584,-3588,3584,-3590,3583,-3589,3584,-3588,3582,-3588,3581,-3586,3579,-3584,-3575,3585,-3576,3585,-3578,3584,-3577,3584,-3582,3589,-3577,3586,-3576,3587,-3580,3590,-3578,3589,-3579,3590,-3582,3590,-3580,3589,-3579,3589,-3575,3590,3577,-3592,3579,3591,3578,-3590,3574,-3588,3577,-3588,3580,-3588,3575,-3584,3577,3585,3576,-3585,3575,-3582,-0.57,SJNFAAZE1U0005576,117.83,13.04,9116.9111328125,78,75,0,0,0,0,14.0,99.17,-155219,100,1528025326.014,8080,2,1,0,5,0,0,0,0,4,344.06,344.06,7F,1,1,1,0080,80,40,40,0,0,19,11.25
03/06/2018 12:28:49,55 58.04045,-2 27.0083,269,53,212,419436,1144818,343.68,33.927,3588,3569,3580,19,0,94.2,34.6,89.4,31.9,none,none,81.8,27.7,3573,-3582,3576,-3583,3577,3584,3583,-3584,3579,3587,3579,-3585,3578,-3588,3578,-3587,3578,-3586,3579,-3585,3579,-3587,3580,-3585,3580,-3588,3579,3587,3578,-3585,3581,-3586,3579,-3586,3581,-3585,3580,3586,3580,-3586,3581,-3585,3579,-3585,3577,-3584,3575,-3580,3572,3581,3571,-3581,3573,-3581,3574,-3580,3580,-3585,3574,-3582,3573,-3585,3576,-3586,3575,-3586,3574,3585,3577,-3586,3576,-3586,3579,-3586,3572,-3587,3574,3588,3575,-3588,3575,-3588,3569,-3585,3575,-3583,3577,-3586,3572,-3580,3573,-3581,3571,-3581,3571,3578,-0.55,SJNFAAZE1U0005576,117.83,13.04,9116.9111328125,78,75,0,0,0,0,14.0,99.17,-155219,100,1528025329.725,9160,2,1,0,5,0,0,0,0,4,343.79,343.79,7F,1,1,1,0080,80,40,40,0,0,19,18.75
03/06/2018 12:28:53,55 58.05619,-2 27.0977,272,55,212,419073,1144818,343.20,44.761,3584,3566,3575,18,0,94.2,34.6,89.4,31.9,none,none,81.8,27.7,3569,-3577,3571,3579,3573,3579,3578,-3579,3575,-3581,3576,-3582,3575,3582,3575,-3583,3576,-3582,3575,-3581,3575,-3582,3576,-3582,3577,-3584,3575,-3583,3575,-3582,3576,3581,3576,-3580,3577,-3580,3576,-3582,3576,-3582,3575,-3580,3575,3580,3573,-3578,3571,-3576,3567,-3576,3567,-3576,3568,3577,3567,-3576,3574,-3580,3570,-3577,3568,-3581,3571,-3582,3570,-3581,3570,-3581,3572,-3582,3570,3581,3571,-3582,3567,-3582,3568,-3584,3570,-3583,3570,3584,3566,-3580,3569,-3580,3571,-3581,3567,-3575,3567,-3576,3566,-3577,3566,-3574,-0.54,SJNFAAZE1U0005576,117.83,13.04,9116.9111328125,78,75,0,0,0,0,14.0,99.17,-155219,100,1528025333.491,11800,2,1,0,5,0,0,0,0,4,343.41,343.41,7F,1,1,1,0080,80,40,40,0,0,19,22.00
03/06/2018 12:28:57,55 58.06981,-2 27.18683,278,54,212,418651,1144818,343.10,46.531,3582,3564,3574,18,0,94.2,34.6,89.4,31.9,none,none,81.8,27.7,3566,-3576,3570,-3576,3572,3578,3576,3578,3573,-3581,3574,-3581,3573,-3580,3574,-3581,3573,3581,3574,-3579,3572,-3581,3574,-3580,3575,-3582,3574,-3581,3574,-3579,3576,-3579,3574,-3579,3576,3579,3575,-3581,3575,-3580,3575,-3579,3574,-3579,3572,-3576,3570,3576,3566,-3573,3565,-3575,3568,-3574,3567,-3574,3574,3579,3568,-3576,3566,-3579,3569,-3580,3570,-3579,3569,-3581,3571,-3581,3570,-3579,3573,-3579,3566,3581,3568,-3582,3569,-3582,3569,-3581,3565,-3579,3568,3579,3570,-3580,3564,-3574,3566,-3574,3564,-3575,3564,-3571,-0.55,SJNFAAZE1U0005576,117.83,13.04,9116.9111328125,78,75,0,0,0,0,14.0,99.17,-155219,100,1528025337.252,12520,2,1,0,5,0,0,0,0,4,343.22,343.22,7F,1,1,1,0080,80,40,40,0,0,19,22.50
03/06/2018 12:29:01,55 58.08632,-2 27.27595,282,54,211,418218,1144818,343.10,46.439,3581,3565,3574,16,0,94.2,34.6,89.4,31.9,none,none,81.8,27.7,3567,-3575,3571,-3576,3571,3576,3577,-3577,3574,-3580,3574,3580,3574,-3581,3574,-3581,3574,-3579,3574,-3580,3574,3580,3574,-3579,3575,-3581,3573,-3580,3574,-3579,3576,-3580,3575,3578,3575,-3578,3575,-3579,3575,-3579,3575,-3578,3573,-3578,3571,-3576,3571,-3575,3566,-3575,3567,3575,3567,-3574,3567,-3575,3575,-3578,3569,-3575,3568,3579,3571,-3580,3571,-3578,3570,-3580,3572,-3579,3570,-3578,3573,-3579,3567,-3580,3569,-3580,3570,3581,3570,-3580,3566,-3578,3569,-3578,3572,-3579,3566,3572,3566,-3574,3566,-3575,3565,-3572,-0.53,SJNFAAZE1U0005576,117.83,13.04,9116.9111328125,78,75,0,0,0,0,14.0,99.17,-155219,100,1528025341.232,12800,2,1,0,5,0,0,0,0,4,343.08,343.08,7F,1,1,1,0080,80,40,40,0,0,19,21.75
03/06/2018 12:29:05,55 58.10049,-2 27.34043,282,54,211,417785,1144818,343.20,44.272,3582,3567,3575,15,0,94.0,34.4,89.4,31.9,none,none,81.8,27.7,-3572,3570,-3577,3571,-3576,3574,-3580,3573,-3579,3576,-3579,3575,-3580,3574,-3581,3574,-3581,3576,-3580,3574,-3580,3576,-3581,3576,-3581,3574,-3581,3574,-3580,3576,-3580,3577,-3579,3576,-3580,3575,-3580,3575,-3580,3575,-3579,3574,-3577,3575,-3576,3573,-3575,3572,-3571,3567,-3573,3568,-3574,3569,-3573,3570,-3580,3573,-3575,3569,-3574,3569,-3580,3571,-3580,3570,-3579,3573,-3580,3572,-3579,3573,-3580,3567,-3580,3569,-3579,3570,-3582,3570,-3582,3570,-3578,3570,-3577,3570,-3579,3572,-3573,3569,-3574,3568,-3574,3567,-3573,3567,-0.54,SJNFAAZE1U0005576,117.83,13.04,9116.9111328125,78,75,0,0,0,0,14.0,99.17,-155219,100,1528025345.115,12800,2,1,0,5,0,0,0,0,4,343.15,343.15,7F,1,1,1,0080,80,40,40,0,0,19,21.00
03/06/2018 12:29:09,55 58.12108,-2 27.42517,285,54,211,417339,1144818,342.82,48.606,3578,3564,3571,14,0,94.2,34.6,89.4,31.9,none,none,81.8,27.7,-3569,3566,-3573,3568,-3574,3571,-3577,3572,-3575,3573,-3576,3574,-3576,3572,-3578,3573,-3577,3572,-3577,3571,-3576,3572,-3577,3573,-3578,3572,-3578,3571,-3576,3574,-3577,3573,-3576,3573,-3576,3574,-3577,3574,-3576,3573,-3576,3572,-3574,3572,-3572,3570,-3572,3568,-3567,3564,-3569,3565,-3571,3566,-3570,3566,-3577,3569,-3572,3566,-3572,3567,-3576,3568,-3577,3567,-3575,3569,-3576,3569,-3576,3568,-3578,3564,-3575,3567,-3577,3567,-3578,3568,-3578,3568,-3574,3567,-3574,3568,-3577,3570,-3568,3566,-3569,3566,-3570,3565,-3571,3565,-0.56,SJNFAAZE1U0005576,117.83,13.04,9116.9111328125,78,75,0,0,0,0,14.0,99.17,-155219,100,1528025349.114,13040,2,0,0,0,0,0,0,0,4,342.90,342.90,7F,1,1,1,0080,80,40,40,0,0,19,23.25
03/06/2018 12:29:12,55 58.14301,-2 27.50893,288,54,211,416871,1144818,342.62,51.871,3576,3562,3569,14,0,94.2,34.6,89.4,31.9,none,none,81.8,27.7,-3565,3564,-3570,3566,-3571,3569,-3574,3569,-3573,3571,-3575,3571,-3573,3570,-3574,3570,-3574,3570,-3574,3569,-3574,3570,-3574,3571,-3576,3569,-3575,3570,-3573,3572,-3573,3572,-3573,3570,-3573,3571,-3574,3571,-3573,3570,-3573,3569,-3572,3570,-3569,3567,-3568,3567,-3564,3562,-3566,3563,-3567,3564,-3567,3565,-3572,3568,-3569,3564,-3569,3564,-3573,3565,-3572,3566,-3573,3567,-3573,3567,-3572,3566,-3575,3562,-3572,3564,-3575,3565,-3576,3565,-3574,3565,-3570,3563,-3571,3565,-3574,3565,-3566,3562,-3566,3564,-3567,3564,-3568,3562,-0.58,SJNFAAZE1U0005576,117.83,13.04,9116.9111328125,78,75,0,0,0,0,14.0,99.17,-155219,100,1528025352.902,14280,2,0,0,0,0,0,0,0,4,342.76,342.76,7F,1,1,1,0080,80,40,40,0,0,19,-9.25
03/06/2018 12:29:16,55 58.16297,-2 27.58924,301,52,211,416633,1144818,342.72,54.160,3578,3562,3570,16,0,94.2,34.6,89.4,31.9,none,none,81.8,27.7,-3566,3563,-3572,3566,-3573,3571,-3575,3570,-3575,3572,-3575,3573,-3574,3571,-3576,3571,-3576,3571,-3576,3569,-3575,3572,-3577,3571,-3577,3569,-3577,3570,-3574,3574,-3575,3572,-3574,3572,-3575,3571,-3575,3572,-3575,3571,-3574,3570,-3573,3570,-3571,3569,-3571,3568,-3565,3562,-3566,3563,-3569,3564,-3568,3565,-3574,3568,-3571,3565,-3570,3564,-3577,3566,-3576,3566,-3574,3565,-3575,3567,-3575,3567,-3576,3562,-3575,3564,-3576,3565,-3578,3565,-3577,3565,-3573,3563,-3572,3565,-3575,3565,-3568,3563,-3569,3562,-3569,3563,-3569,3563,-0.58,SJNFAAZE1U0005576,117.83,13.04,9116.9111328125,78,75,0,0,0,0,14.0,99.17,-155219,100,1528025356.908,14640,2,0,0,0,0,0,0,0,4,342.82,342.82,7F,1,1,1,0080,80,40,40,0,0,19,28.50
03/06/2018 12:29:20,55 58.18704,-2 27.66794,298,52,210,416104,1144818,342.62,52.146,3576,3560,3569,16,0,94.0,34.4,89.4,31.9,none,none,81.8,27.7,3563,-3569,3565,3572,3567,3572,3571,-3573,3569,-3575,3570,-3575,3570,3575,3569,-3575,3570,-3575,3570,-3574,3570,-3576,3571,-3575,3571,-3575,3569,-3575,3569,-3575,3572,3576,3571,-3575,3571,-3574,3571,-3575,3570,-3575,3570,3574,3569,-3574,3567,-3572,3566,-3570,3560,-3568,3561,-3570,3563,3569,3563,-3568,3569,-3574,3564,-3571,3562,-3573,3566,-3575,3566,-3574,3566,-3574,3567,-3575,3566,3574,3569,-3573,3562,-3574,3564,-3576,3566,-3575,3565,3576,3561,-3574,3563,-3573,3566,-3575,3561,-3569,3561,-3569,3561,-3568,3561,-3567,-0.58,SJNFAAZE1U0005576,117.83,13.04,9116.9111328125,78,75,0,0,0,0,14.0,99.17,-155219,100,1528025360.659,15280,2,1,0,3,0,0,0,0,4,342.69,342.69,7F,1,1,1,0080,80,40,40,0,0,19,27.25
03/06/2018 12:29:24,55 58.21122,-2 27.74655,305,52,210,415619,1144818,342.53,51.352,3577,3559,3568,18,0,94.2,34.6,89.4,31.9,none,none,81.8,27.7,3561,-3570,3564,-3571,3566,3571,3572,3571,3568,-3575,3569,-3575,3567,-3575,3567,-3575,3568,3576,3569,-3573,3568,-3576,3569,-3574,3570,-3576,3567,-3576,3568,-3574,3570,-3575,3568,-3574,3571,3573,3570,-3575,3569,-3574,3569,-3573,3568,-3573,3566,3571,3564,-3568,3559,-3569,3560,-3569,3561,-3568,3560,-3568,3566,3572,3562,-3569,3560,-3572,3563,-3575,3564,-3574,3564,-3574,3566,-3575,3564,-3574,3567,-3573,3560,3575,3561,-3577,3564,-3575,3563,-3576,3560,-3573,3562,3573,3565,-3574,3559,-3569,3560,-3568,3560,-3569,3559,-3566,-0.56,SJNFAAZE1U0005576,117.83,13.04,9116.9111328125,78,75,0,0,0,0,14.0,99.17,-155219,100,1528025364.631,15120,2,1,0,4,0,0,0,0,4,342.60,342.60,7F,1,1,1,0080,80,40,40,0,0,19,26.50
03/06/2018 12:29:28,55 58.23696,-2 27.8231,311,52,210,415121,1144818,342.53,52.970,3576,3558,3568,18,0,94.2,34.6,89.4,31.9,none,none,81.8,27.7,3560,-3569,3562,-3570,3565,3571,3570,-3571,3567,-3574,3568,3575,3567,-3575,3568,-3576,3567,-3575,3567,-3575,3569,3575,3569,-3574,3569,-3575,3567,-3575,3568,-3574,3569,-3575,3569,-3574,3570,-3573,3568,-3574,3568,3575,3568,-3572,3567,-3572,3566,-3570,3563,-3567,3559,-3567,3558,-3568,3561,-3568,3560,-3568,3566,-3572,3562,-3570,3559,3572,3563,-3573,3563,-3574,3563,-3574,3565,-3574,3564,-3573,3564,-3572,3559,-3575,3560,-3576,3563,3575,3562,-3576,3558,-3572,3561,-3573,3563,-3573,3559,3568,3559,-3568,3559,-3569,3559,-3565,-0.54,SJNFAAZE1U0005576,117.83,13.04,9116.9111328125,78,75,0,0,0,0,14.0,99.17,-155219,100,1528025368.348,15120,2,1,0,4,0,0,0,0,4,342.51,342.51,7F,1,1,1,0080,80,40,40,0,0,19,25.50
03/06/2018 12:29:32,55 58.25657,-2 27.87971,314,52,210,414674,1144818,342.62,48.087,3577,3558,3569,19,0,94.2,34.6,89.4,31.9,none,none,81.8,27.7,3562,-3570,3564,-3572,3566,3573,3571,-3572,3568,-3575,3569,-3575,3567,-3575,3568,3575,3568,-3576,3568,-3575,3568,-3575,3570,-3575,3569,3576,3568,-3577,3569,-3574,3571,-3574,3570,-3574,3570,-3574,3569,-3574,3569,-3575,3568,-3574,3568,3575,3566,-3571,3564,-3568,3560,-3569,3560,-3569,3562,-3569,3561,3569,3566,-3573,3562,-3571,3559,-3574,3563,-3574,3563,3575,3563,-3574,3566,-3575,3564,-3574,3565,-3574,3560,-3576,3561,-3577,3563,-3577,3564,-3577,3559,3573,3562,-3572,3564,-3574,3558,-3569,3560,-3569,3559,3571,3560,-3567,-0.53,SJNFAAZE1U0005576,117.83,13.04,9116.9111328125,78,75,0,0,0,0,14.0,99.17,-155219,100,1528025372.022,13920,2,1,0,4,0,0,0,0,4,342.57,342.57,7F,1,1,1,0080,80,40,40,0,0,19,23.25
03/06/2018 12:29:35,55 58.28347,-2 27.95322,318,52,209,414278,1144818,342.62,47.507,3578,3561,3569,17,0,94.2,34.6,89.4,31.9,none,none,81.8,27.7,3566,3564,3571,-3565,-3572,3569,-3574,-3568,-3574,3570,-3575,3571,-3574,3569,-3575,3568,-3575,3569,-3574,3568,-3575,3569,-3575,3570,-3577,3569,-3577,3569,-3575,3571,-3575,3571,3574,-3571,3574,3571,3575,-3570,3575,-3569,3574,3570,3573,-3570,3571,-3567,3569,-3566,3565,-3562,3567,-3562,3567,-3564,3567,-3564,3574,-3566,3570,3563,3569,-3563,3574,-3565,3576,-3564,3573,-3565,3575,3567,3574,-3566,3576,-3561,3573,-3562,3576,-3564,3578,-3564,3577,-3565,3572,-3564,3572,-3564,3574,3567,3567,-3563,3568,-3561,3569,-3562,3569,-3561,-0.56,SJNFAAZE1U0005576,117.83,13.04,9116.9111328125,78,75,0,0,0,0,14.0,99.17,-155219,100,1528025375.795,12680,2,1,0,4,0,0,0,0,4,342.58,342.58,7F,1,1,1,0080,80,40,40,0,0,19,22.50
03/06/2018 12:29:39,55 58.31299,-2 28.02704,328,52,209,413871,1144818,342.82,39.817,3578,3564,3571,14,0,94.2,34.6,89.4,31.9,none,none,81.8,27.7,-3568,3566,-3573,3567,-3574,3572,-3575,3571,-3575,3573,-3575,3574,-3575,3572,-3576,3571,-3576,3573,-3576,3571,-3575,3573,-3577,3573,-3577,3571,-3577,3572,-3576,3574,-3576,3573,-3575,3572,-3575,3574,-3575,3573,-3575,3574,-3575,3572,-3573,3572,-3572,3570,-3571,3570,-3566,3564,-3569,3565,-3571,3566,-3569,3566,-3575,3570,-3572,3566,-3570,3565,-3575,3568,-3576,3568,-3575,3567,-3576,3568,-3575,3569,-3576,3564,-3575,3566,-3576,3567,-3578,3565,-3577,3566,-3573,3566,-3573,3567,-3575,3568,-3569,3564,-3570,3564,-3569,3564,-3569,3564,-0.52,SJNFAAZE1U0005576,117.83,13.04,9116.9111328125,78,75,0,0,0,0,14.0,99.17,-155219,100,1528025379.679,11760,2,1,0,4,0,0,0,0,4,342.88,342.88,7F,1,1,1,0080,80,40,40,0,0,19,18.75
03/06/2018 12:29:43,55 58.3428,-2 28.09872,334,53,209,413531,1144818,343.10,35.148,3581,3566,3574,15,0,94.0,34.4,89.4,31.9,none,none,81.8,27.7,-3572,3569,-3575,3570,-3576,3573,-3578,3572,-3577,3574,-3577,3575,-3578,3574,-3579,3574,-3579,3574,-3578,3573,-3578,3575,-3579,3574,-3581,3573,-3580,3573,-3579,3576,-3578,3576,-3578,3575,-3577,3576,-3579,3575,-3578,3575,-3578,3574,-3577,3575,-3575,3573,-3574,3571,-3570,3568,-3572,3566,-3573,3568,-3571,3568,-3579,3571,-3574,3568,-3574,3570,-3579,3570,-3578,3569,-3578,3570,-3579,3572,-3578,3571,-3579,3566,-3578,3569,-3580,3570,-3581,3570,-3580,3570,-3576,3569,-3576,3570,-3578,3570,-3572,3568,-3572,3567,-3573,3567,-3573,3566,-0.56,SJNFAAZE1U0005576,117.83,13.04,9116.9111328125,78,75,0,0,0,0,14.0,99.17,-155219,100,1528025383.516,8200,2,1,0,5,0,0,0,0,4,343.08,343.08,7F,1,1,1,0080,80,40,40,0,0,19,25.25
03/06/2018 12:29:47,55 58.37431,-2 28.16896,334,51,209,413147,1144818,343.01,34.049,3581,3565,3573,16,0,94.2,34.6,89.4,31.9,none,none,81.8,27.7,-3570,3566,-3576,3569,-3576,3573,-3578,3573,-3578,3573,-3578,3574,-3577,3573,-3580,3573,-3579,3573,-3579,3572,-3579,3574,-3579,3574,-3581,3572,-3580,3571,-3578,3576,-3579,3575,-3578,3574,-3579,3574,-3578,3574,-3578,3573,-3577,3574,-3577,3574,-3575,3571,-3574,3570,-3569,3566,-3571,3565,-3572,3567,-3571,3567,-3577,3570,-3575,3569,-3573,3567,-3579,3568,-3580,3569,-3579,3568,-3579,3570,-3578,3570,-3578,3565,-3579,3565,-3580,3568,-3581,3568,-3580,3566,-3576,3567,-3576,3568,-3579,3569,-3571,3566,-3572,3565,-3573,3565,-3572,3565,-0.55,SJNFAAZE1U0005576,117.83,13.04,9116.9111328125,78,75,0,0,0,0,14.0,99.17,-155219,100,1528025387.441,10880,2,1,0,5,0,0,0,0,4,343.05,343.05,7F,1,1,1,0080,80,40,40,0,0,19,14.50
03/06/2018 12:29:50,55 58.39894,-2 28.21939,344,53,209,412885,1144818,343.39,25.474,3585,3568,3577,17,0,94.2,34.6,89.4,31.9,none,none,81.6,27.6,-3574,3571,-3581,3573,-3581,3576,-3583,3576,-3583,3577,-3582,3577,-3582,3576,-3583,3577,-3583,3576,-3583,3576,-3583,3578,-3583,3576,-3585,3576,-3584,3576,-3583,3578,-3581,3578,-3583,3577,-3582,3578,-3582,3578,-3582,3576,-3582,3577,-3581,3577,-3579,3575,-3577,3574,-3573,3570,-3576,3570,-3576,3571,-3576,3572,-3584,3574,-3578,3571,-3578,3572,-3583,3572,-3585,3572,-3582,3573,-3583,3574,-3582,3573,-3584,3569,-3583,3571,-3584,3571,-3585,3571,-3585,3571,-3581,3572,-3581,3572,-3583,3574,-3576,3570,-3576,3570,-3577,3570,-3577,3568,-0.55,SJNFAAZE1U0005576,117.83,13.04,9116.9111328125,78,75,0,0,0,0,14.0,99.17,-155219,100,1528025390.941,8000,2,1,0,5,0,0,0,0,4,343.41,343.41,7F,1,1,1,0080,80,40,40,0,0,19,13.00
03/06/2018 12:29:54,55 58.43205,-2 28.28915,341,52,209,412640,1144818,343.39,26.694,3586,3568,3577,18,0,94.2,34.6,89.4,31.9,none,none,81.8,27.7,3570,-3579,3573,-3580,3575,3581,3580,-3579,3578,-3583,3578,3584,3577,-3584,3577,-3583,3576,-3583,3577,-3582,3578,-3584,3577,3582,3577,-3583,3576,-3584,3577,-3583,3578,-3583,3578,3582,3579,-3583,3579,-3583,3578,-3582,3577,-3582,3577,-3582,3575,-3579,3573,-3577,3568,-3577,3570,3577,3571,-3577,3570,-3577,3576,-3582,3572,-3578,3569,3584,3573,-3584,3573,-3583,3573,-3583,3574,-3583,3574,-3582,3573,-3583,3569,-3584,3570,-3586,3572,3585,3571,-3584,3568,-3581,3571,-3581,3574,-3582,3568,3579,3569,-3579,3569,-3578,3569,-3576,-0.55,SJNFAAZE1U0005576,117.83,13.04,9118.5205078125,78,75,0,0,0,0,14.0,99.17,-155219,100,1528025394.699,8000,2,1,0,5,0,0,0,0,4,343.47,343.47,7F,1,1,1,0080,80,40,40,0,0,19,13.25
03/06/2018 12:29:58,55 58.46455,-2 28.35742,341,52,208,412428,1144818,343.78,21.415,3590,3572,3581,18,0,94.2,34.6,89.4,31.9,none,none,81.8,27.7,3575,-3582,3577,-3583,3579,3585,3583,-3585,3580,3587,3581,-3587,3579,-3587,3580,-3587,3580,-3587,3580,-3585,3580,-3587,3581,-3585,3581,-3588,3580,3588,3580,-3586,3582,-3586,3581,-3585,3581,-3586,3582,3587,3580,-3586,3582,-3586,3580,-3586,3578,-3583,3578,-3582,3572,-3581,3574,-3582,3574,-3581,3572,3581,3579,-3586,3575,-3583,3573,-3585,3576,-3587,3576,3587,3577,-3587,3578,-3586,3577,-3585,3577,-3586,3573,-3588,3573,-3590,3575,-3588,3575,-3589,3573,3585,3574,-3585,3576,-3585,3573,-3581,3573,-3582,3572,3584,3573,-3578,-0.57,SJNFAAZE1U0005576,117.83,13.04,9118.5205078125,78,75,0,0,0,0,14.5,99.17,-155219,100,1528025398.229,6840,2,1,0,5,0,0,0,0,4,343.66,343.66,7F,1,1,1,0080,80,40,40,0,0,19,8.50
03/06/2018 12:30:01,55 58.48912,-2 28.4092,341,52,208,412274,1144818,343.87,16.593,3590,3574,3582,16,0,94.2,34.6,89.4,31.9,none,none,81.8,27.7,3576,-3585,3578,3585,3579,3586,3585,-3586,3581,-3588,3583,-3589,3580,3589,3580,-3589,3582,-3588,3582,-3586,3582,-3589,3582,-3588,3583,-3589,3581,-3590,3582,-3588,3583,3587,3584,-3587,3583,-3587,3583,-3588,3582,-3588,3583,3587,3582,-3587,3580,-3585,3578,-3584,3575,-3583,3574,-3583,3576,-3583,3576,-3584,3581,-3587,3577,3585,3575,-3588,3578,-3588,3578,-3588,3578,-3589,3580,3588,3579,-3588,3578,-3587,3574,-3590,3576,-3590,3577,-3590,3577,-3590,3574,-3587,3577,-3587,3578,3587,3574,-3583,3575,-3584,3575,-3583,3574,-3580,-0.55,SJNFAAZE1U0005576,117.83,13.04,9118.5205078125,78,75,0,0,0,0,14.5,99.17,-155219,100,1528025401.944,4240,2,0,0,0,0,0,0,0,4,343.89,343.89,7F,1,1,1,0080,80,40,40,0,0,19,7.25
03/06/2018 12:30:05,55 58.52171,-2 28.47812,331,52,208,412138,1144818,344.06,14.853,3591,3576,3584,15,0,94.2,34.6,89.4,31.9,none,none,81.8,27.7,3579,-3585,3581,-3586,3582,3587,3587,3587,3583,-3590,3584,-3589,3583,-3589,3584,-3590,3583,3589,3583,-3589,3584,-3589,3584,-3589,3585,-3590,3584,-3589,3583,-3588,3585,-3589,3585,-3587,3584,3588,3585,-3588,3584,-3589,3585,-3588,3583,-3588,3582,3586,3580,-3584,3577,-3584,3577,-3584,3579,-3583,3578,-3583,3584,-3588,3579,-3585,3578,-3588,3581,3589,3581,-3588,3580,-3590,3583,-3589,3581,-3589,3581,3588,3577,-3590,3579,-3591,3582,-3590,3580,-3590,3577,-3588,3579,3587,3581,-3588,3576,-3583,3577,-3584,3577,-3585,3576,-3582,-0.56,SJNFAAZE1U0005576,117.83,13.04,9118.5205078125,78,75,0,0,0,0,14.5,99.17,-155219,100,1528025405.675,4760,2,0,0,0,0,0,0,0,4,344.13,344.13,7F,1,1,1,0080,80,40,40,0,0,19,5.50
03/06/2018 12:30:09,55 58.55466,-2 28.54634,334,53,208,412009,1144818,344.06,11.802,3594,3576,3584,18,0,94.2,34.6,89.4,31.9,none,none,81.8,27.7,3583,-3579,3587,-3581,3588,3584,3589,-3584,3589,-3585,3589,3585,3589,-3584,3591,-3583,3590,-3584,3590,-3583,3589,3585,3590,-3584,3591,-3583,3590,-3584,3590,-3586,3590,-3585,3588,-3585,3590,-3585,3590,-3585,3590,3585,3590,-3585,3587,-3584,3586,-3583,3585,-3581,3582,3578,3584,-3578,-3585,3580,-3584,-3579,-3590,3581,-3586,3579,-3586,3578,-3591,3580,-3590,3581,-3591,3581,-3591,3581,-3591,3582,-3590,3576,-3590,3577,3591,-3579,3594,3579,3592,-3578,3588,-3579,3590,-3580,3590,-3580,3585,3577,3585,-3579,3585,-3577,3585,-3577,-0.54,SJNFAAZE1U0005576,117.83,13.04,9118.5205078125,78,75,0,0,0,0,14.5,99.17,-155219,100,1528025409.473,4680,2,0,0,0,0,0,0,0,4,344.28,344.28,7F,1,1,1,0080,80,40,40,0,0,19,5.75
03/06/2018 12:30:13,55 58.57865,-2 28.59727,334,52,208,411887,1144818,344.35,4.416,3594,3581,3587,13,0,94.0,34.4,89.4,31.9,none,none,81.8,27.7,-3585,3583,-3589,3584,-3591,3587,-3591,3586,-3591,3588,-3592,3589,-3592,3587,-3592,3587,-3592,3587,-3591,3586,-3592,3587,-3593,3588,-3593,3586,-3592,3587,-3592,3588,-3592,3589,-3590,3587,-3592,3588,-3591,3588,-3591,3588,-3592,3588,-3591,3588,-3588,3585,-3588,3585,-3584,3581,-3586,3582,-3587,3583,-3585,3583,-3591,3586,-3589,3583,-3589,3582,-3592,3584,-3592,3584,-3592,3584,-3591,3584,-3591,3585,-3592,3581,-3592,3582,-3593,3582,-3594,3584,-3592,3583,-3591,3583,-3589,3583,-3591,3584,-3585,3581,-3586,3581,-3586,3581,-3587,3581,-0.55,SJNFAAZE1U0005576,117.83,13.04,9118.5205078125,78,75,0,0,0,0,14.5,99.17,-155219,100,1528025413.229,3040,2,0,0,0,0,0,0,0,4,344.61,344.61,7F,1,1,1,0080,80,40,40,0,0,19,7.00
03/06/2018 12:30:17,55 58.61742,-2 28.68282,334,50,208,411737,1144818,344.26,16.227,3594,3579,3586,15,0,94.2,34.6,89.4,31.9,none,none,81.8,27.7,-3584,3581,-3589,3584,-3589,3587,-3591,3587,-3591,3587,-3590,3587,-3591,3586,-3592,3586,-3592,3586,-3591,3585,-3590,3587,-3592,3587,-3593,3585,-3592,3586,-3591,3588,-3591,3588,-3590,3588,-3591,3588,-3591,3588,-3591,3587,-3591,3587,-3590,3587,-3588,3586,-3587,3585,-3584,3581,-3586,3581,-3587,3582,-3585,3582,-3590,3585,-3588,3581,-3587,3582,-3593,3583,-3592,3583,-3591,3583,-3593,3584,-3592,3583,-3592,3580,-3591,3582,-3592,3581,-3594,3582,-3593,3581,-3590,3582,-3589,3581,-3591,3583,-3586,3579,-3586,3579,-3585,3580,-3586,3580,-0.54,SJNFAAZE1U0005576,117.83,13.04,9118.5205078125,78,75,0,0,0,0,14.5,99.17,-155219,100,1528025417.263,5280,2,1,0,3,0,0,0,0,4,344.26,344.26,7F,1,1,1,0080,80,40,40,0,0,19,7.75
03/06/2018 12:30:21,55 58.64215,-2 28.73569,341,53,208,411580,1144818,344.26,17.173,3596,3578,3586,18,0,94.2,34.6,89.4,31.9,none,none,81.8,27.7,-3585,3582,-3590,3582,-3590,3585,-3590,3585,-3591,3586,-3591,3587,-3591,3585,-3592,3585,-3590,3586,-3592,3585,-3591,3587,-3592,3586,-3592,3585,-3593,3584,-3592,3587,-3591,3587,-3590,3586,-3591,3587,-3591,3587,-3590,3587,-3591,3586,-3590,3586,-3588,3584,-3587,3582,-3583,3580,-3585,3580,-3587,3581,-3585,3581,-3593,3584,-3588,3581,-3588,3580,-3593,3582,-3593,3581,-3592,3583,-3594,3583,-3592,3584,-3592,3578,-3592,3580,-3594,3581,-3596,3582,-3594,3581,-3591,3580,-3591,3581,-3592,3582,-3585,3581,-3587,3579,-3586,3579,-3586,3578,-0.53,SJNFAAZE1U0005576,117.83,13.04,9118.5205078125,78,75,0,0,0,0,14.5,99.17,-155219,100,1528025421.033,4920,2,1,0,4,0,0,0,0,4,344.27,344.27,7F,1,1,1,0080,80,40,40,0,0,19,7.00
03/06/2018 12:30:24,55 58.67513,-2 28.80468,344,53,208,411431,1144818,344.26,15.678,3595,3579,3586,16,0,94.2,34.6,89.4,31.9,none,none,81.8,27.7,-3585,3582,-3590,3582,-3590,3586,-3591,3585,-3591,3587,-3592,3588,-3591,3585,-3593,3585,-3592,3586,-3592,3585,-3592,3585,-3592,3586,-3593,3584,-3593,3585,-3592,3588,-3591,3588,-3589,3588,-3591,3587,-3591,3587,-3591,3586,-3591,3586,-3590,3586,-3588,3585,-3587,3584,-3584,3580,-3586,3580,-3589,3583,-3586,3582,-3592,3584,-3590,3582,-3588,3581,-3594,3581,-3592,3582,-3591,3581,-3593,3583,-3592,3583,-3590,3579,-3593,3579,-3594,3582,-3595,3582,-3594,3580,-3590,3582,-3589,3581,-3592,3583,-3585,3580,-3586,3579,-3588,3580,-3586,3579,-0.54,SJNFAAZE1U0005576,117.83,13.04,9118.5205078125,78,75,0,0,0,0,14.5,99.17,-155219,100,1528025424.839,4920,2,1,0,4,0,0,0,0,4,344.44,344.44,7F,1,1,1,0080,80,40,40,0,0,19,6.50
03/06/2018 12:30:28,55 58.7052,-2 28.87296,341,52,208,411280,1144818,344.45,14.762,3596,3579,3588,17,0,94.2,34.6,89.2,31.8,none,none,81.8,27.7,3581,-3590,3584,3590,3585,3591,3590,-3591,3587,-3594,3587,-3593,3586,3594,3587,-3593,3586,-3593,3588,-3593,3587,-3593,3588,-3593,3588,-3595,3586,-3594,3587,-3592,3588,3593,3588,-3591,3589,-3592,3588,-3593,3587,-3593,3588,3592,3587,-3593,3586,-3591,3584,-3589,3581,-3589,3580,-3590,3582,-3589,3582,-3588,3586,-3593,3582,3591,3581,-3593,3583,-3595,3583,-3593,3583,-3593,3585,3594,3585,-3593,3584,-3594,3581,-3595,3581,-3596,3584,-3595,3583,3595,3579,-3592,3582,-3592,3584,-3593,3580,-3588,3581,-3589,3580,-3589,3580,-3586,-0.55,SJNFAAZE1U0005576,117.83,13.04,9118.5205078125,78,75,0,0,0,0,14.5,99.17,-155219,100,1528025428.516,4960,2,1,0,4,0,0,0,0,4,344.51,344.51,7F,1,1,1,0080,80,40,40,0,0,19,6.50
03/06/2018 12:30:32,55 58.74055,-2 28.94391,324,52,208,411129,1144818,344.45,15.830,3596,3579,3588,17,0,94.2,34.6,89.4,31.9,none,none,81.8,27.7,3582,-3589,3583,-3591,3585,3591,3590,3590,3586,-3593,3588,-3593,3587,-3594,3588,-3594,3586,3593,3587,-3593,3588,-3594,3587,-3593,3588,-3594,3586,-3594,3587,-3593,3589,-3593,3587,-3593,3588,3592,3588,-3593,3587,-3593,3588,-3592,3586,-3592,3586,3590,3585,-3588,3581,-3589,3580,-3589,3581,-3589,3581,-3588,3587,-3593,3582,-3591,3580,-3593,3584,3594,3583,-3594,3584,-3595,3587,-3593,3584,-3593,3584,-3593,3581,3595,3581,-3596,3582,-3595,3584,-3595,3579,-3592,3582,3592,3584,-3594,3580,-3588,3581,-3589,3581,-3589,3579,-3586,-0.58,SJNFAAZE1U0005576,117.83,13.04,9118.5205078125,78,75,0,0,0,0,14.5,99.17,-155219,100,1528025432.269,4960,2,1,0,4,0,0,0,0,4,344.48,344.48,7F,1,1,1,0080,80,40,40,0,0,19,5.25
03/06/2018 12:30:36,55 58.76475,-2 28.99589,324,52,208,410990,1144818,344.45,16.013,3596,3579,3588,17,0,94.0,34.4,89.4,31.9,none,none,81.6,27.6,3583,-3590,3584,-3592,3586,3592,3590,-3591,3588,-3594,3588,3594,3586,-3594,3587,-3593,3587,-3595,3587,-3593,3587,3594,3587,-3593,3589,-3594,3586,-3595,3587,-3593,3589,-3593,3588,-3592,3588,-3592,3588,-3594,3588,3594,3588,-3593,3588,-3594,3586,-3591,3585,-3589,3581,3589,3581,-3589,3582,-3589,3582,-3589,3586,-3594,3583,-3591,3581,-3594,3584,-3594,3585,-3595,3584,3594,3586,-3594,3584,-3594,3583,-3593,3580,-3595,3581,-3596,3583,3595,3583,-3596,3579,-3593,3583,-3592,3584,-3593,3581,3589,3582,-3591,3581,-3590,3580,-3586,-0.56,SJNFAAZE1U0005576,117.83,13.04,9118.5205078125,78,75,0,0,0,0,14.5,99.17,-155219,100,1528025436.218,4720,2,1,0,4,0,0,0,0,4,344.50,344.50,7F,1,1,1,0080,80,40,40,0,0,19,7.50
03/06/2018 12:30:40,55 58.79659,-2 29.06344,321,52,208,410840,1144818,344.54,16.105,3595,3582,3589,13,0,94.2,34.6,89.4,31.9,none,none,81.8,27.7,3584,-3590,3586,-3591,3587,3591,3592,-3592,3589,-3594,3589,-3593,3588,-3594,3589,3595,3588,-3595,3589,-3594,3589,-3594,3589,-3594,3590,3594,3589,-3595,3589,-3593,3590,-3594,3590,-3593,3590,-3594,3590,-3594,3589,-3593,3589,-3593,3589,3594,3586,-3591,3587,-3590,3583,-3589,3582,-3590,3584,3589,3584,-3590,3589,-3594,3584,-3591,3583,-3593,3585,-3594,3586,3594,3586,-3594,3587,-3594,3586,-3594,3586,-3594,3583,-3595,3583,-3594,3587,-3595,3585,-3595,3582,3593,3584,-3592,3587,-3594,3582,-3589,3583,-3589,3583,3590,3582,-3587,-0.57,SJNFAAZE1U0005576,117.83,13.04,9118.5205078125,78,75,0,0,0,0,14.5,99.17,-155219,100,1528025440.110,5200,2,1,0,5,0,0,0,0,4,344.53,344.53,7F,1,1,1,0080,80,40,40,0,0,19,7.50
03/06/2018 12:30:43,55 58.83065,-2 29.1326,314,53,208,410681,1144818,344.54,17.112,3596,3582,3589,14,0,94.0,34.4,89.2,31.8,none,none,81.8,27.7,3588,3585,3591,-3585,-3592,3590,-3594,-3589,-3593,3590,-3594,3591,-3594,3589,-3594,3589,-3594,3591,-3594,3588,-3595,3590,-3595,3591,-3594,3588,-3595,3588,-3594,3591,-3594,3590,-3593,3591,-3593,3590,-3594,3590,-3594,3591,-3594,3590,-3593,3590,-3590,3588,-3590,3587,-3586,3584,-3589,3584,-3590,3585,-3589,3584,-3594,3587,-3591,3585,-3590,3585,-3595,3586,-3595,3587,-3594,3586,3596,3586,-3595,3587,3594,-3583,3594,-3585,3594,-3586,3596,-3585,3596,-3584,3591,-3584,3593,-3585,3594,3586,3589,-3584,3590,-3582,3590,-3584,3589,-3583,-0.52,SJNFAAZE1U0005576,117.83,13.04,9118.5205078125,78,75,0,0,0,0,14.5,99.17,-155219,100,1528025443.904,5200,2,1,0,5,0,0,0,0,4,344.52,344.52,7F,1,1,1,0080,80,40,40,0,0,19,7.00
03/06/2018 12:30:47,55 58.86119,-2 29.19935,305,52,207,410521,1144818,344.64,16.593,3597,3583,3590,14,0,94.0,34.4,89.2,31.8,none,none,81.6,27.6,-3588,3585,-3592,3587,-3592,3588,-3594,3590,-3594,3591,-3594,3591,-3593,3589,-3595,3590,-3595,3591,-3594,3589,-3594,3591,-3595,3591,-3596,3589,-3595,3590,-3594,3591,-3594,3590,-3593,3590,-3594,3591,-3594,3592,-3594,3591,-3594,3590,-3593,3591,-3591,3588,-3591,3588,-3588,3583,-3589,3584,-3591,3586,-3588,3586,-3595,3588,-3591,3586,-3591,3585,-3595,3586,-3594,3587,-3594,3586,-3595,3586,-3595,3587,-3595,3584,-3595,3585,-3595,3585,-3597,3585,-3596,3586,-3593,3584,-3593,3584,-3595,3587,-3589,3585,-3590,3583,-3589,3584,-3590,3583,-0.52,SJNFAAZE1U0005576,117.83,13.04,9118.5205078125,78,75,0,0,0,0,14.5,99.17,-155219,100,1528025447.690,5080,2,1,0,5,0,0,0,0,4,344.59,344.59,7F,1,1,1,0080,80,40,40,0,0,19,6.00
03/06/2018 12:30:51,55 58.8931,-2 29.26858,308,52,207,410402,1144818,344.83,8.750,3600,3585,3592,15,0,94.0,34.4,89.4,31.9,none,none,81.6,27.6,-3591,3587,-3594,3589,-3595,3593,-3597,3592,-3596,3593,-3596,3594,-3595,3592,-3597,3593,-3597,3593,-3596,3591,-3597,3592,-3598,3592,-3598,3591,-3598,3590,-3596,3593,-3597,3594,-3595,3593,-3596,3592,-3596,3594,-3597,3593,-3597,3592,-3595,3593,-3594,3591,-3593,3590,-3590,3587,-3591,3587,-3592,3589,-3592,3588,-3597,3591,-3595,3589,-3593,3587,-3597,3589,-3597,3590,-3596,3588,-3598,3590,-3597,3590,-3596,3585,-3597,3586,-3597,3588,-3600,3588,-3598,3587,-3596,3587,-3595,3588,-3598,3589,-3592,3588,-3592,3586,-3593,3587,-3593,3586,-0.55,SJNFAAZE1U0005576,117.83,13.04,9118.5205078125,78,75,0,0,0,0,14.5,99.17,-155219,100,1528025451.575,3720,2,1,0,5,0,0,0,0,4,344.90,344.90,7F,1,1,1,0080,80,40,40,0,0,19,4.00
03/06/2018 12:30:55,55 58.9247,-2 29.3391,298,52,207,410318,1144818,345.02,5.973,3603,3586,3594,17,0,94.0,34.4,89.2,31.8,none,none,81.6,27.6,-3593,3588,-3597,3589,-3596,3593,-3599,3593,-3599,3594,-3599,3594,-3599,3592,-3600,3593,-3599,3592,-3599,3591,-3600,3593,-3600,3594,-3600,3591,-3601,3592,-3600,3595,-3599,3593,-3598,3594,-3599,3594,-3600,3595,-3599,3594,-3598,3593,-3598,3593,-3596,3591,-3595,3591,-3593,3588,-3595,3589,-3596,3589,-3594,3589,-3600,3591,-3597,3589,-3596,3589,-3600,3588,-3600,3589,-3601,3589,-3601,3590,-3600,3590,-3600,3586,-3601,3587,-3602,3587,-3603,3588,-3601,3588,-3598,3587,-3597,3588,-3600,3591,-3594,3588,-3596,3586,-3596,3588,-3595,3587,-0.52,SJNFAAZE1U0005576,117.83,13.04,9118.5205078125,78,75,0,0,0,0,14.5,99.17,-155219,100,1528025455.506,2640,2,0,0,0,0,0,0,0,4,345.08,345.08,7F,1,1,1,0080,80,40,40,0,0,19,2.00
03/06/2018 12:30:59,55 58.94795,-2 29.39178,291,51,207,410244,1144818,345.12,7.926,3603,3586,3595,17,0,94.0,34.4,89.2,31.8,none,none,81.6,27.6,-3595,3590,-3597,3591,-3598,3594,-3600,3593,-3599,3595,-3600,3595,-3599,3593,-3601,3593,-3599,3593,-3599,3593,-3600,3594,-3600,3594,-3601,3592,-3601,3592,-3599,3595,-3599,3595,-3598,3595,-3599,3595,-3600,3595,-3599,3594,-3599,3593,-3599,3595,-3598,3593,-3596,3592,-3593,3588,-3595,3588,-3596,3590,-3595,3590,-3600,3592,-3598,3590,-3596,3590,-3602,3590,-3601,3589,-3600,3591,-3602,3592,-3601,3592,-3600,3586,-3601,3588,-3602,3589,-3603,3590,-3603,3589,-3598,3589,-3599,3590,-3601,3592,-3595,3589,-3596,3588,-3596,3588,-3596,3587,-0.59,SJNFAAZE1U0005576,117.83,13.04,9118.5205078125,78,75,0,0,0,0,14.5,99.17,-155219,100,1528025459.139,2920,2,0,0,0,0,0,0,0,4,345.11,345.11,7F,1,1,1,0080,80,40,40,0,0,19,1.50
03/06/2018 12:31:03,55 58.98141,-2 29.46421,282,52,207,410177,1144818,345.22,7.102,3604,3588,3596,16,0,94.0,34.4,89.4,31.9,none,none,81.8,27.7,3590,-3598,3592,-3599,3594,3599,3599,-3599,3595,-3602,3595,3601,3594,-3601,3595,-3602,3594,-3601,3594,-3601,3594,3603,3596,-3602,3596,-3603,3594,-3603,3594,-3600,3596,-3600,3596,-3602,3597,-3601,3596,-3602,3595,3601,3595,-3601,3596,-3600,3593,-3599,3592,-3597,3589,3597,3589,-3599,3591,-3599,3590,-3597,3595,-3602,3590,-3600,3590,3601,3591,-3602,3591,-3603,3592,-3603,3592,-3603,3591,-3602,3591,-3602,3588,-3604,3589,-3604,3591,3604,3589,-3603,3588,-3601,3590,-3601,3592,-3602,3589,3598,3590,-3598,3588,-3599,3588,-3595,-0.57,SJNFAAZE1U0005576,117.83,13.04,9118.5205078125,78,75,0,0,0,0,14.5,99.17,-155219,100,1528025463.017,3440,2,0,0,0,0,0,0,0,4,345.20,345.20,7F,1,1,1,0080,79,40,40,0,0,19,2.00
03/06/2018 12:31:06,55 59.01118,-2 29.53352,278,52,207,410107,1144818,345.22,7.774,3604,3588,3596,16,0,94.0,34.4,89.2,31.8,none,none,81.6,27.6,3591,-3599,3593,-3600,3594,3599,3599,-3599,3595,-3602,3596,-3601,3596,-3602,3596,3603,3595,-3601,3596,-3601,3595,-3602,3596,-3602,3596,3602,3596,-3602,3596,-3600,3597,-3601,3597,-3601,3598,-3600,3598,-3601,3596,-3601,3597,-3600,3596,3601,3594,-3599,3594,-3597,3590,-3598,3591,-3599,3591,3599,3590,-3597,3595,-3601,3592,-3599,3590,-3603,3592,-3602,3593,3602,3592,-3602,3592,-3602,3592,-3602,3592,-3602,3590,-3603,3589,-3604,3591,-3604,3590,-3604,3588,3602,3591,-3601,3593,-3602,3589,-3597,3590,-3598,3588,3599,3589,-3596,-0.57,SJNFAAZE1U0005576,117.83,13.04,9120.1298828125,78,75,0,0,0,0,14.5,99.17,-155219,100,1528025466.872,2920,2,1,0,4,0,0,0,0,4,345.20,345.20,7F,1,1,1,0080,79,40,40,0,0,19,1.25
03/06/2018 12:31:10,55 59.0421,-2 29.60308,278,52,207,410028,1144818,345.12,11.161,3603,3587,3595,16,0,94.0,34.4,89.2,31.8,none,none,81.6,27.6,3589,3596,3593,-3596,3592,3598,3598,-3598,3595,-3600,3595,-3600,3594,-3601,3594,-3601,3593,-3600,3594,3599,3594,-3600,3594,-3600,3595,-3600,3594,-3600,3594,3599,3596,-3600,3595,-3599,3595,-3599,3595,-3601,3595,-3599,3596,-3599,3595,-3599,3593,-3597,3591,3595,3587,-3596,3589,-3597,3589,-3595,3589,-3595,3594,3600,3590,-3597,3587,-3599,3591,-3601,3591,-3601,3591,-3600,3590,3599,3590,-3600,3591,-3601,3588,-3603,3588,-3602,3590,-3603,3589,-3602,3587,-3598,3588,-3598,3590,3600,3587,-3596,3588,-3596,3587,-3596,3587,-3594,-0.60,SJNFAAZE1U0005576,117.83,13.04,9120.1298828125,78,75,0,0,0,0,14.5,99.17,-155219,100,1528025470.647,3160,2,1,0,4,0,0,0,0,4,345.21,345.21,7F,1,1,1,0080,79,40,40,0,0,19,3.00
03/06/2018 12:31:14,55 59.07356,-2 29.67371,282,52,207,409916,1144818,345.12,15.098,3602,3587,3595,15,0,94.0,34.4,89.2,31.8,none,none,81.6,27.6,3590,-3597,3592,-3596,3592,3597,3597,-3597,3594,-3600,3594,-3601,3594,-3601,3595,-3600,3594,-3600,3594,-3599,3594,-3599,3595,3599,3595,-3601,3595,-3601,3594,-3599,3595,-3599,3595,3599,3595,-3598,3596,-3600,3594,-3600,3595,-3599,3595,-3600,3593,-3598,3592,-3595,3588,-3595,3590,3597,3591,-3595,3589,-3595,3594,-3599,3590,-3597,3589,-3599,3592,3600,3591,-3599,3592,-3600,3592,-3600,3591,-3600,3592,3599,3589,-3601,3589,-3601,3591,-3601,3590,-3602,3587,-3597,3590,-3598,3591,-3599,3587,-3596,3587,3596,3587,-3598,3587,-3593,-0.56,SJNFAAZE1U0005576,117.83,13.04,9120.1298828125,78,75,0,0,0,0,14.5,99.17,-155219,100,1528025474.382,4040,2,1,0,4,0,0,0,0,4,345.06,345.06,7F,1,1,1,0080,79,40,40,0,0,19,5.50
03/06/2018 12:31:17,55 59.09706,-2 29.72748,278,53,207,409758,1144818,344.83,20.102,3599,3584,3592,15,0,93.8,34.3,89.2,31.8,none,none,81.6,27.6,-3590,3587,-3593,3588,-3596,3592,-3597,3592,-3596,3592,-3596,3593,-3595,3592,-3597,3592,-3596,3592,-3596,3591,-3597,3592,-3598,3591,-3597,3591,-3597,3591,-3596,3593,-3597,3593,-3595,3593,-3596,3593,-3596,3593,-3597,3593,-3597,3593,-3596,3592,-3594,3590,-3592,3589,3589,3586,-3592,3587,-3593,3588,-3590,-3588,-3596,3590,-3595,3588,-3593,3587,-3598,3588,-3597,3589,-3597,3589,-3597,3589,-3596,3589,-3595,3584,-3597,3587,-3597,3587,-3599,3588,-3597,3587,-3596,3588,-3595,3588,-3597,3589,-3591,3585,-3591,3586,-3592,3587,-3593,3586,-0.58,SJNFAAZE1U0005576,117.83,13.04,9120.1298828125,78,75,0,0,0,0,14.5,99.17,-155219,100,1528025477.960,5400,2,1,0,4,0,0,0,0,4,344.85,344.85,7F,1,1,1,0080,79,40,40,0,0,19,9.75
03/06/2018 12:31:21,55 59.12694,-2 29.80217,269,52,207,409563,1144818,344.54,25.138,3598,3581,3589,17,0,94.0,34.4,89.2,31.8,none,none,81.8,27.7,-3588,3585,-3593,3585,-3594,3587,-3594,3588,-3594,3589,-3595,3590,-3594,3588,-3596,3588,-3595,3588,-3595,3588,-3595,3588,-3596,3588,-3597,3587,-3597,3588,-3595,3590,-3595,3590,-3594,3589,-3594,3590,-3594,3589,-3593,3589,-3594,3588,-3593,3589,-3592,3588,-3591,3586,-3587,3582,-3590,3584,-3590,3585,-3589,3584,-3595,3586,-3592,3583,-3591,3584,-3595,3585,-3596,3584,-3595,3586,-3595,3586,-3594,3585,-3596,3582,-3596,3583,-3596,3583,-3598,3584,-3597,3583,-3594,3583,-3593,3585,-3594,3586,-3589,3583,-3590,3582,-3590,3583,-3590,3581,-0.56,SJNFAAZE1U0005576,117.83,13.04,9120.1298828125,78,75,0,0,0,0,14.5,99.17,-155219,100,1528025481.580,6720,2,1,0,4,0,0,0,0,4,344.66,344.66,7F,1,1,1,0080,79,40,40,0,0,19,12.00
03/06/2018 12:31:25,55 59.14823,-2 29.85821,262,52,207,409361,1144818,344.64,24.894,3597,3583,3590,14,0,94.0,34.4,89.0,31.7,none,none,81.4,27.4,-3589,3586,-3593,3587,-3592,3590,-3595,3590,-3594,3591,-3594,3592,-3593,3590,-3596,3591,-3594,3591,-3594,3589,-3594,3591,-3595,3591,-3597,3590,-3595,3590,-3593,3591,-3594,3592,-3593,3591,-3595,3592,-3594,3591,-3595,3591,-3594,3591,-3594,3591,-3592,3589,-3591,3587,-3588,3585,-3590,3585,-3591,3586,-3589,3586,-3595,3589,-3592,3586,-3592,3585,-3596,3587,-3596,3587,-3595,3587,-3596,3587,-3595,3588,-3594,3584,-3595,3585,-3595,3586,-3597,3586,-3597,3586,-3593,3585,-3593,3585,-3594,3588,-3589,3584,-3590,3583,-3590,3584,-3590,3583,-0.54,SJNFAAZE1U0005576,117.83,13.04,9120.1298828125,78,75,0,0,0,0,14.5,99.17,-155219,100,1528025485.092,7080,2,1,0,4,0,0,0,0,4,344.63,344.63,7F,1,1,1,0080,79,40,40,0,0,19,10.50
03/06/2018 12:31:28,55 59.17317,-2 29.93584,255,52,207,409149,1144818,344.64,22.879,3598,3582,3590,16,0,93.8,34.3,89.0,31.7,none,none,81.6,27.6,-3588,3584,-3592,3586,-3592,3589,-3594,3589,-3594,3590,-3594,3590,-3593,3589,-3595,3589,-3594,3590,-3595,3589,-3595,3589,-3595,3589,-3596,3588,-3596,3589,-3594,3590,-3595,3591,-3593,3590,-3594,3591,-3594,3590,-3595,3591,-3594,3591,-3593,3591,-3592,3588,-3590,3588,-3588,3584,-3589,3584,-3591,3585,-3590,3586,-3596,3587,-3592,3585,-3592,3585,-3597,3584,-3595,3586,-3594,3586,-3596,3586,-3594,3586,-3596,3582,-3595,3584,-3598,3583,-3598,3584,-3597,3584,-3593,3585,-3594,3585,-3596,3586,-3589,3582,-3590,3583,-3591,3584,-3590,3582,-0.61,SJNFAAZE1U0005576,117.83,13.04,9120.1298828125,78,75,0,0,0,0,14.5,99.17,-155219,100,1528025488.977,6880,2,1,0,4,0,0,0,0,4,344.71,344.71,7F,1,1,1,0080,79,40,40,0,0,19,10.25
03/06/2018 12:31:32,55 59.19769,-2 30.01557,249,52,207,408939,1144818,344.64,22.361,3597,3584,3590,13,0,93.8,34.3,89.0,31.7,none,none,81.4,27.4,-3589,3586,-3592,3587,-3592,3590,-3594,3590,-3592,3590,-3594,3592,-3593,3590,-3594,3590,-3594,3590,-3595,3589,-3594,3591,-3595,3590,-3596,3588,-3596,3590,-3594,3591,-3594,3591,-3594,3591,-3594,3592,-3594,3591,-3594,3591,-3594,3591,-3592,3590,-3591,3589,-3591,3588,-3587,3584,-3589,3585,-3590,3586,-3589,3586,-3595,3588,-3592,3586,-3591,3586,-3596,3587,-3595,3587,-3594,3586,-3597,3587,-3595,3587,-3594,3584,-3595,3584,-3595,3585,-3597,3586,-3596,3586,-3593,3586,-3593,3585,-3595,3589,-3589,3584,-3589,3584,-3590,3584,-3590,3584,-0.52,SJNFAAZE1U0005576,117.83,13.04,9120.1298828125,78,75,0,0,0,0,14.5,99.17,-155219,100,1528025492.869,6880,2,1,0,5,0,0,0,0,4,344.67,344.67,7F,1,1,1,0080,79,40,40,0,0,19,10.25
03/06/2018 12:31:36,55 59.21693,-2 30.09805,246,52,207,408717,1144818,344.54,23.307,3597,3581,3589,16,0,94.0,34.4,89.2,31.8,none,none,81.4,27.4,3583,3591,3586,-3592,3587,3592,3591,-3592,3588,-3594,3588,-3594,3588,3596,3588,-3595,3588,-3595,3588,-3593,3588,-3595,3588,-3594,3590,-3595,3588,-3595,3588,-3594,3589,3593,3590,-3592,3590,-3592,3590,-3594,3589,-3595,3589,3593,3589,-3593,3587,-3592,3586,-3589,3581,-3590,3582,-3590,3582,-3589,3583,-3590,3587,-3594,3584,3591,3582,-3593,3585,-3595,3584,-3594,3585,-3596,3587,3594,3584,-3595,3585,-3595,3581,-3596,3583,-3596,3584,-3596,3583,-3597,3581,-3593,3584,-3593,3584,3594,3581,-3591,3582,-3591,3582,-3591,3581,-3588,-0.55,SJNFAAZE1U0005576,117.83,13.04,9120.1298828125,78,75,0,0,0,0,14.5,99.17,-155219,100,1528025496.596,7160,2,1,0,5,0,0,0,0,4,344.63,344.63,7F,1,1,1,0080,79,40,40,0,0,19,12.00
03/06/2018 12:31:40,55 59.22971,-2 30.1619,255,52,206,408508,1144818,344.54,23.765,3597,3580,3589,17,0,93.8,34.3,89.0,31.7,none,none,81.6,27.6,3583,-3590,3585,-3592,3586,3593,3590,3591,3589,-3595,3589,-3593,3588,-3595,3588,-3594,3588,3595,3588,-3594,3588,-3595,3588,-3594,3590,-3596,3588,-3595,3588,-3593,3590,-3593,3589,-3592,3589,3593,3590,-3594,3589,-3593,3589,-3593,3589,-3593,3587,3591,3586,-3587,3581,-3590,3582,-3590,3583,-3590,3583,-3590,3589,-3594,3584,-3592,3582,-3594,3585,3594,3584,-3594,3584,-3595,3585,-3595,3584,-3595,3585,3595,3581,-3596,3582,-3597,3584,-3597,3583,-3596,3580,-3594,3582,-3594,3584,-3594,3581,-3589,3581,3590,3581,-3591,3581,-3587,-0.56,SJNFAAZE1U0005576,117.83,13.04,9120.1298828125,78,75,0,0,0,0,14.5,99.17,-155219,100,1528025500.073,6880,2,1,0,5,0,0,0,0,4,344.58,344.58,7F,1,1,1,0080,79,40,40,0,0,19,9.25
03/06/2018 12:31:43,55 59.24352,-2 30.24715,242,52,206,408300,1144818,344.16,32.401,3593,3576,3585,17,0,93.8,34.3,89.0,31.7,none,none,81.4,27.4,3580,-3587,3581,-3587,3582,3588,3587,-3588,3584,-3591,3585,3591,3584,-3590,3584,-3592,3584,-3590,3584,-3589,3585,3591,3585,-3591,3585,-3591,3584,-3591,3584,-3590,3586,-3590,3585,-3589,3586,-3589,3585,-3591,3585,3591,3585,-3589,3585,-3589,3583,-3588,3580,-3585,3578,3586,3577,-3587,3578,-3586,3579,-3586,3583,-3590,3580,-3588,3578,-3590,3582,-3591,3581,-3591,3580,3593,3583,-3591,3580,-3590,3583,-3591,3577,-3593,3579,3593,3580,-3593,3579,-3592,3576,-3589,3579,-3589,3581,-3591,3577,3586,3579,-3587,3577,-3587,3577,-3583,-0.54,SJNFAAZE1U0005576,117.83,13.04,9120.1298828125,78,75,0,0,0,0,14.5,99.17,-155219,100,1528025503.881,7320,2,1,0,5,0,0,0,0,4,344.33,344.33,7F,1,1,1,0080,79,40,40,0,0,19,23.25
03/06/2018 12:31:47,55 59.25614,-2 30.33396,246,52,206,407899,1144818,343.58,48.179,3588,3569,3579,19,0,93.8,34.3,89.0,31.7,none,none,81.4,27.4,3571,-3580,3575,-3581,3576,3582,3580,-3583,3578,-3585,3578,-3585,3577,-3585,3577,3585,3579,-3585,3577,-3583,3578,-3585,3578,-3584,3578,3586,3578,-3586,3578,-3584,3580,-3584,3578,-3584,3580,-3583,3579,-3584,3578,-3584,3578,-3583,3578,3583,3577,-3582,3575,-3579,3570,-3579,3570,-3580,3571,3579,3571,-3579,3578,-3584,3572,-3580,3570,-3584,3575,-3585,3574,-3585,3575,-3584,3575,-3586,3575,3584,3575,-3583,3570,-3586,3570,-3588,3573,-3586,3572,-3587,3569,3584,3572,-3583,3574,-3585,3570,-3578,3571,-3579,3570,3581,3571,-3577,-0.55,SJNFAAZE1U0005576,117.83,13.04,9120.1298828125,78,75,0,0,0,0,14.5,99.17,-155219,100,1528025507.383,13960,2,1,0,5,0,0,0,0,4,343.57,343.57,7F,1,1,1,0080,79,40,40,0,0,19,22.50
03/06/2018 12:31:51,55 59.26652,-2 30.42274,246,52,206,407516,1144818,343.78,36.307,3590,3573,3581,17,0,93.8,34.3,89.0,31.7,none,none,81.4,27.4,3580,3575,3584,-3577,-3583,3580,-3587,-3580,-3586,3581,-3586,3582,-3586,3581,-3588,3581,-3587,3581,-3586,3580,-3586,3581,-3587,3581,-3588,3580,-3588,3580,-3587,3582,-3586,3583,-3586,3582,-3586,3583,-3586,3581,-3586,3581,-3585,3581,-3585,3581,-3583,3579,-3582,3578,-3580,3574,-3580,3575,-3582,3576,-3581,3575,-3587,3579,-3584,3575,-3583,3575,-3588,3577,3587,-3576,3586,3578,3588,3578,3587,-3579,3588,-3573,3587,-3574,3589,-3575,3590,-3576,3589,-3576,3586,-3576,3585,-3576,3587,3577,3581,-3575,3582,-3574,3582,-3574,3580,-3573,-0.53,SJNFAAZE1U0005576,117.83,13.04,9120.1298828125,78,75,0,0,0,0,14.5,99.17,-155219,100,1528025511.309,11960,2,1,0,5,0,0,0,0,4,343.83,343.83,7F,1,1,1,0080,79,40,40,0,0,19,16.00
03/06/2018 12:31:55,55 59.27158,-2 30.48969,242,52,206,407198,1144818,343.97,28.800,3593,3575,3583,18,0,93.8,34.3,89.0,31.7,none,none,81.4,27.4,-3582,3578,-3586,3580,-3586,3583,-3588,3583,-3588,3585,-3588,3584,-3587,3583,-3589,3583,-3588,3583,-3588,3581,-3589,3584,-3589,3584,-3590,3581,-3589,3583,-3588,3584,-3588,3584,-3588,3584,-3587,3585,-3588,3584,-3588,3584,-3588,3583,-3588,3583,-3586,3581,-3584,3582,-3581,3577,-3582,3578,-3584,3578,-3583,3579,-3588,3581,-3585,3578,-3585,3579,-3590,3578,-3590,3579,-3588,3579,-3590,3580,-3589,3580,-3590,3575,-3589,3577,-3590,3578,-3593,3578,-3591,3579,-3588,3577,-3587,3578,-3589,3580,-3583,3578,-3584,3576,-3585,3577,-3584,3576,-0.53,SJNFAAZE1U0005576,117.83,13.04,9120.1298828125,78,75,0,0,0,0,14.5,99.17,-155219,100,1528025515.160,9640,2,0,0,0,0,0,0,0,4,344.06,344.06,7F,1,1,1,0080,79,40,40,0,0,19,14.00
03/06/2018 12:31:58,55 59.2731,-2 30.57716,242,50,206,407112,1144818,346.18,-28.693,3613,3599,3606,14,0,94.0,34.4,89.2,31.8,none,none,81.4,27.4,-3606,3601,-3608,3601,-3609,3604,-3609,3604,-3609,3605,-3610,3606,-3609,3604,-3610,3605,-3610,3605,-3610,3603,-3610,3604,-3609,3605,-3611,3603,-3611,3603,-3610,3606,-3609,3606,-3610,3606,-3609,3606,-3610,3605,-3610,3604,-3610,3605,-3609,3605,-3608,3603,-3607,3603,-3604,3601,-3607,3601,-3608,3603,-3606,3602,-3611,3604,-3610,3603,-3608,3601,-3612,3602,-3611,3603,-3611,3602,-3611,3602,-3609,3603,-3607,3599,-3611,3599,-3612,3600,-3613,3601,-3612,3602,-3610,3602,-3610,3600,-3610,3601,-3606,3601,-3607,3601,-3608,3601,-3607,3600,-0.59,SJNFAAZE1U0005576,117.83,13.04,9120.1298828125,78,75,0,0,0,0,14.5,99.17,-155219,100,1528025518.870,0,2,0,0,0,0,0,0,0,4,346.12,346.12,7F,1,1,1,0080,79,40,40,0,0,19,-37.25
03/06/2018 12:32:02,55 59.27341,-2 30.65157,236,39,206,407846,1144818,350.59,-141.703,3661,3646,3652,15,0,93.8,34.3,89.0,31.7,none,none,81.4,27.4,-3656,3650,-3655,3650,-3656,3651,-3654,3649,-3654,3649,-3654,3647,-3654,3648,-3654,3648,-3653,3647,-3653,3646,-3653,3648,-3654,3648,-3655,3647,-3655,3647,-3654,3650,-3652,3649,-3653,3649,-3653,3649,-3654,3651,-3655,3649,-3654,3650,-3654,3650,-3654,3649,-3656,3648,-3658,3653,-3660,3651,-3660,3654,-3657,3651,-3656,3650,-3658,3651,-3660,3649,-3660,3649,-3659,3650,-3657,3646,-3657,3648,-3659,3649,-3653,3648,-3660,3647,-3660,3646,-3661,3648,-3659,3648,-3658,3647,-3660,3649,-3657,3649,-3659,3652,-3658,3647,-3658,3650,-3657,3649,-0.55,SJNFAAZE1U0005576,117.83,13.04,9120.1298828125,78,75,0,0,0,0,14.5,99.17,-155249,100,1528025522.506,0,2,0,0,0,0,0,0,0,4,350.56,350.56,7F,1,1,1,0080,79,40,40,0,0,19,-76.75
03/06/2018 12:32:06,55 59.27292,-2 30.70748,232,28,206,408578,1144818,349.44,-77.735,3649,3632,3640,17,0,93.8,34.3,89.0,31.7,none,none,81.4,27.4,-3643,3637,-3644,3636,-3644,3638,-3644,3638,-3643,3639,-3643,3636,-3643,3636,-3644,3635,-3643,3635,-3642,3636,-3642,3637,-3643,3635,-3644,3635,-3645,3635,-3642,3637,-3641,3638,-3643,3637,-3643,3637,-3644,3640,-3643,3638,-3644,3638,-3644,3638,-3643,3638,-3644,3637,-3644,3638,-3647,3638,-3645,3637,-3643,3638,-3647,3637,-3645,3638,-3646,3636,-3647,3636,-3646,3635,-3647,3636,-3646,3635,-3646,3637,-3642,3634,-3649,3634,-3649,3632,-3649,3635,-3647,3634,-3647,3634,-3645,3634,-3645,3636,-3643,3636,-3642,3635,-3645,3636,-3644,3635,-0.58,SJNFAAZE1U0005576,117.83,13.04,9120.1298828125,78,75,0,0,0,0,14.5,99.17,-155279,100,1528025526.465,0,2,1,0,4,0,0,0,0,4,349.10,349.10,7F,1,1,1,0080,79,40,40,0,0,19,-98.50
03/06/2018 12:32:10,55 59.26803,-2 30.74404,232,21,207,409173,1144818,347.42,-42.090,3627,3611,3619,16,0,93.8,34.3,89.0,31.7,none,none,81.4,27.4,3615,-3622,3614,-3621,3616,3622,3620,-3621,3617,-3623,3617,3623,3617,-3624,3617,-3623,3618,-3622,3616,-3622,3617,3623,3617,-3622,3617,-3623,3616,-3624,3617,-3622,3618,-3622,3618,-3622,3618,-3622,3619,-3623,3617,3622,3618,-3622,3618,-3623,3617,-3621,3616,-3619,3614,3622,3614,-3622,3615,-3620,3616,-3621,3617,-3623,3615,-3622,3613,3624,3616,-3625,3614,-3625,3614,-3624,3617,-3626,3615,-3624,3614,-3625,3612,-3626,3611,-3626,3614,3627,3614,-3626,3611,-3624,3615,-3623,3615,-3624,3615,3621,3614,-3620,3614,-3622,3612,-3618,-0.51,SJNFAAZE1U0005576,117.83,13.04,9120.1298828125,78,75,0,0,0,0,14.5,99.17,-155303,100,1528025530.260,0,2,1,0,4,0,0,0,0,4,348.35,348.35,7F,1,1,1,0080,79,40,40,0,0,19,2.75
03/06/2018 12:32:14,55 59.26029,-2 30.76831,242,21,207,409187,1144818,346.85,2.463,3621,3605,3613,16,0,93.8,34.3,89.0,31.7,none,none,81.4,27.4,3609,-3615,3610,-3616,3611,3616,3615,-3615,3612,-3618,3613,-3617,3611,-3618,3612,3618,3613,-3617,3612,-3616,3611,-3617,3613,-3618,3613,3619,3612,-3618,3612,-3618,3614,-3617,3613,-3616,3614,-3616,3613,-3618,3613,-3617,3613,-3616,3613,3616,3612,-3615,3611,-3613,3608,-3616,3609,-3616,3609,3615,3609,-3614,3612,-3618,3609,-3616,3607,-3618,3610,-3619,3610,3619,3610,-3620,3610,-3619,3610,-3618,3609,-3619,3607,-3621,3607,-3621,3608,-3621,3608,-3620,3605,3618,3608,-3618,3609,-3619,3609,-3615,3608,-3616,3608,3616,3607,-3613,-0.55,SJNFAAZE1U0005576,117.83,13.04,9120.1298828125,78,75,0,0,0,0,14.5,99.17,-155304,100,1528025534.000,0,2,1,0,4,0,0,0,0,4,346.67,346.67,7F,1,1,1,0080,79,40,40,0,0,19,7.50
03/06/2018 12:32:17,55 59.27051,-2 30.79741,242,23,207,409046,1144818,345.70,29.838,3608,3594,3601,14,0,93.8,34.3,89.0,31.7,none,none,81.4,27.4,3596,3604,3599,-3604,3599,3605,3603,-3604,3601,-3607,3601,-3607,3600,-3606,3600,-3607,3601,-3606,3601,3605,3600,-3607,3601,-3606,3602,-3607,3600,-3607,3601,3607,3602,-3606,3601,-3605,3602,-3605,3602,-3606,3601,-3607,3601,3605,3601,-3606,3599,-3604,3598,-3603,3595,-3603,3594,-3603,3597,-3602,3596,-3603,3600,-3606,3596,3603,3596,-3605,3598,-3607,3597,-3608,3597,-3606,3599,3606,3598,-3606,3598,-3607,3595,-3608,3596,-3607,3597,-3607,3597,-3608,3594,-3606,3596,-3605,3598,3606,3595,-3603,3595,-3601,3595,-3603,3594,-3601,-0.58,SJNFAAZE1U0005576,117.83,13.04,9120.1298828125,78,75,0,0,0,0,14.5,99.17,-155304,100,1528025537.510,8400,2,1,0,4,0,0,0,0,4,345.59,345.59,7F,1,1,1,0080,80,40,40,0,0,19,16.75
03/06/2018 12:32:21,55 59.29175,-2 30.79161,239,22,207,408854,1144818,345.50,32.218,3608,3591,3599,17,0,93.8,34.3,89.2,31.8,none,none,81.6,27.6,3593,-3601,3595,-3602,3598,3602,3601,-3601,3599,-3604,3598,-3605,3598,-3605,3597,-3604,3598,-3604,3598,-3602,3598,-3605,3600,3604,3599,-3604,3597,-3605,3598,-3604,3599,-3604,3599,-3603,3601,3602,3600,-3604,3598,-3604,3599,-3603,3598,-3603,3597,3601,3596,-3599,3591,-3599,3591,-3600,3593,-3601,3593,-3599,3598,-3603,3594,-3601,3592,-3604,3594,3604,3593,-3605,3595,-3606,3596,-3605,3595,-3603,3594,3604,3591,-3605,3591,-3608,3593,-3607,3593,-3606,3591,-3604,3593,-3603,3595,-3604,3591,-3601,3592,3601,3591,-3602,3592,-3598,-0.55,SJNFAAZE1U0005576,117.83,13.04,9120.1298828125,78,75,0,0,0,0,14.5,99.17,-155304,100,1528025541.258,8680,2,1,0,5,0,0,0,0,4,345.37,345.37,7F,1,1,1,0080,80,40,40,0,0,19,8.75
03/06/2018 12:32:24,55 59.30845,-2 30.79395,239,23,207,408736,1144818,345.79,13.542,3611,3594,3602,17,0,93.8,34.3,89.0,31.7,none,none,81.4,27.4,-3601,3597,-3604,3598,-3606,3601,-3607,3601,-3607,3602,-3607,3602,-3607,3601,-3608,3601,-3607,3601,-3606,3601,-3606,3601,-3609,3602,3608,-3600,3608,-3600,3606,-3603,3606,-3602,3605,-3602,3605,-3603,3606,-3602,3607,3601,3605,-3601,3606,-3602,3605,-3601,3604,-3599,3601,3596,3602,-3597,-3604,3599,-3604,-3598,-3607,3599,-3606,3597,-3604,3597,-3609,3597,-3607,3597,-3608,3598,-3609,3599,-3608,3599,-3608,3594,-3608,3595,-3609,3597,-3611,3597,-3609,3597,-3607,3597,-3606,3597,-3608,3598,-3604,3597,-3604,3596,-3605,3596,-3603,3596,-0.55,SJNFAAZE1U0005576,117.83,13.04,9120.1298828125,78,75,0,0,0,0,14.5,99.17,-155304,100,1528025544.924,3360,2,1,0,5,0,0,0,0,4,346.00,346.00,7F,1,1,1,0080,80,40,40,0,0,19,19.50
03/06/2018 12:32:28,55 59.3325,-2 30.79456,249,26,206,408599,1144818,345.70,17.325,3610,3593,3601,17,0,94.0,34.4,89.0,31.7,none,none,81.6,27.6,-3600,3596,-3604,3597,-3605,3601,-3606,3600,-3606,3600,-3605,3602,-3607,3600,-3607,3599,-3607,3600,-3607,3599,-3606,3600,-3606,3600,-3608,3599,-3608,3599,-3606,3602,-3605,3602,-3605,3601,-3606,3601,-3606,3601,-3606,3601,-3606,3602,-3604,3601,-3604,3600,-3602,3599,-3600,3595,-3602,3595,-3601,3597,-3602,3597,-3606,3599,-3605,3596,-3604,3595,-3607,3598,-3608,3597,-3607,3597,-3606,3597,-3607,3597,-3607,3593,-3608,3594,-3607,3596,-3610,3596,-3608,3595,-3606,3595,-3606,3596,-3607,3598,-3601,3595,-3601,3593,-3602,3595,-3603,3593,-0.54,SJNFAAZE1U0005576,117.83,13.04,9121.7392578125,78,75,0,0,0,0,14.5,99.17,-155304,100,1528025548.711,4720,2,1,0,5,0,0,0,0,4,345.80,345.80,7F,1,1,1,0080,80,40,40,0,0,19,19.75
03/06/2018 12:32:32,55 59.35846,-2 30.78006,249,28,206,408469,1144818,346.18,3.837,3612,3599,3606,13,0,94.0,34.4,89.2,31.8,none,none,81.6,27.6,-3605,3602,-3608,3602,-3609,3605,-3610,3605,-3611,3606,-3610,3606,-3610,3605,-3611,3605,-3610,3605,-3610,3604,-3610,3605,-3611,3605,-3610,3604,-3612,3605,-3611,3606,-3610,3606,-3609,3606,-3611,3606,-3610,3606,-3611,3606,-3610,3606,-3609,3606,-3608,3604,-3608,3604,-3604,3601,-3607,3601,-3607,3602,-3605,3603,-3611,3605,-3610,3602,-3608,3601,-3611,3603,-3612,3603,-3611,3603,-3610,3602,-3610,3603,-3611,3599,-3611,3600,-3611,3601,-3612,3601,-3612,3601,-3610,3600,-3609,3602,-3609,3603,-3606,3601,-3605,3600,-3607,3601,-3607,3601,-0.56,SJNFAAZE1U0005576,117.83,13.04,9121.7392578125,78,75,0,0,0,0,14.5,99.17,-155304,100,1528025552.477,1960,2,1,0,5,0,0,0,0,4,346.19,346.19,7F,1,1,1,0080,80,40,40,0,0,19,13.50
03/06/2018 12:32:36,55 59.3777,-2 30.74498,255,27,206,408347,1144818,345.70,15.891,3610,3593,3601,17,0,94.0,34.4,89.2,31.8,none,none,81.6,27.6,-3601,3596,-3604,3597,-3605,3601,-3606,3599,-3605,3601,-3605,3601,-3605,3599,-3607,3599,-3606,3601,-3605,3599,-3606,3600,-3606,3600,-3607,3599,-3607,3600,-3605,3602,-3606,3601,-3605,3602,-3604,3601,-3604,3601,-3606,3600,-3606,3600,-3605,3600,-3603,3599,-3602,3599,-3601,3595,-3601,3595,-3604,3598,-3602,3597,-3606,3598,-3604,3596,-3604,3595,-3607,3596,-3608,3596,-3606,3598,-3607,3598,-3608,3598,-3607,3594,-3607,3595,-3608,3595,-3610,3596,-3607,3595,-3606,3596,-3605,3596,-3607,3598,-3603,3596,-3602,3594,-3603,3595,-3603,3593,-0.58,SJNFAAZE1U0005576,117.83,13.04,9121.7392578125,78,75,0,0,0,0,14.5,99.17,-155304,100,1528025556.270,4560,2,1,0,5,0,0,0,0,4,345.80,345.80,7F,1,1,1,0080,80,40,40,0,0,19,13.25
03/06/2018 12:32:40,55 59.38989,-2 30.71965,252,26,206,408229,1144818,345.98,10.123,3613,3596,3604,17,0,94.0,34.4,89.2,31.8,none,none,81.6,27.6,-3603,3599,-3607,3600,-3608,3604,-3608,3602,-3608,3603,-3608,3604,-3607,3603,-3609,3603,-3607,3602,-3608,3602,-3608,3603,-3609,3603,-3609,3601,-3610,3602,-3609,3604,-3607,3604,-3608,3604,-3607,3604,-3608,3603,-3608,3603,-3608,3604,-3607,3604,-3606,3601,-3605,3602,-3604,3598,-3606,3600,-3606,3599,-3605,3600,-3610,3601,-3607,3599,-3607,3599,-3611,3600,-3611,3600,-3610,3599,-3611,3601,-3609,3601,-3610,3596,-3611,3597,-3611,3599,-3613,3598,-3612,3599,-3608,3597,-3607,3599,-3610,3600,-3606,3598,-3605,3597,-3606,3598,-3605,3597,-0.56,SJNFAAZE1U0005576,117.83,13.04,9121.7392578125,78,75,0,0,0,0,14.5,99.17,-155304,100,1528025560.043,4000,2,1,0,5,0,0,0,0,4,345.95,345.95,7F,1,1,1,0080,80,40,40,0,0,19,6.75
03/06/2018 12:32:43,55 59.41056,-2 30.69382,249,25,206,408272,1144818,347.33,-17.737,3625,3612,3618,13,0,94.0,34.4,89.2,31.8,none,none,81.6,27.6,3616,-3621,3615,3621,3616,3620,3620,-3620,3618,-3623,3617,-3621,3616,3623,3616,-3623,3616,-3622,3617,-3621,3616,-3622,3617,-3621,3618,-3623,3616,-3623,3616,-3621,3618,3621,3617,-3621,3618,-3620,3618,-3623,3618,-3622,3618,3621,3618,-3622,3616,-3621,3615,-3618,3615,-3622,3615,-3622,3616,-3621,3615,-3620,3618,-3624,3615,3622,3615,-3623,3615,-3624,3615,-3624,3614,-3622,3616,3623,3616,-3623,3614,-3624,3612,-3624,3615,-3624,3615,-3625,3614,-3625,3612,-3622,3616,-3622,3616,3624,3615,-3620,3615,-3619,3614,-3622,3613,-3618,-0.54,SJNFAAZE1U0005576,117.83,13.04,9121.7392578125,78,75,0,0,0,0,14.5,99.17,-155306,100,1528025563.774,0,2,1,0,5,0,0,0,0,4,347.08,347.08,7F,1,1,1,0080,80,40,40,0,0,19,-72.00
03/06/2018 12:32:47,55 59.42505,-2 30.68712,252,6,207,408652,1144818,348.29,-48.468,3636,3621,3628,15,0,94.0,34.4,89.2,31.8,none,none,81.4,27.4,3625,-3632,3624,-3632,3625,3630,3629,3630,3625,-3632,3627,-3632,3625,-3632,3624,-3632,3625,3631,3625,-3630,3624,-3631,3625,-3630,3625,-3633,3624,-3633,3625,-3631,3626,-3631,3627,-3631,3627,3630,3626,-3631,3625,-3631,3626,-3631,3627,-3631,3626,3630,3626,-3628,3624,-3633,3624,-3632,3625,-3632,3625,-3631,3627,-3634,3625,-3632,3623,-3634,3624,3634,3624,-3636,3623,-3634,3625,-3634,3624,-3632,3622,3636,3622,-3636,3621,-3635,3623,-3636,3622,-3636,3621,-3633,3624,-3634,3624,-3633,3623,-3631,3624,3631,3623,-3632,3622,-3628,-0.60,SJNFAAZE1U0005576,117.83,13.04,9121.7392578125,78,75,0,0,0,0,14.5,99.17,-155321,100,1528025567.648,0,2,1,0,5,0,0,0,0,4,348.48,348.48,7F,1,1,1,0080,80,40,40,0,0,19,-122.00
03/06/2018 12:32:51,55 59.42605,-2 30.68622,252,2,207,408783,1144818,346.46,3.562,3617,3601,3609,16,0,94.0,34.4,89.2,31.8,none,none,81.4,27.4,3604,-3611,3605,-3612,3606,3612,3611,-3612,3607,-3613,3607,3613,3607,-3615,3607,-3615,3607,-3614,3606,-3613,3607,3614,3607,-3613,3608,-3614,3607,-3615,3606,-3613,3610,-3613,3608,-3612,3608,-3612,3608,-3614,3607,3613,3608,-3612,3608,-3613,3606,-3611,3605,-3609,3603,3611,3603,-3612,3604,-3611,3604,-3610,3607,-3615,3605,-3612,3602,-3614,3605,-3615,3604,-3615,3604,3614,3605,-3615,3605,-3613,3606,-3616,3601,-3617,3603,3616,3604,-3616,3603,-3617,3601,-3613,3605,-3613,3604,-3614,3603,-3611,3603,-3611,3603,-3611,3602,3608,-0.54,SJNFAAZE1U0005576,117.83,13.04,9121.7392578125,78,75,0,0,0,0,14.5,99.17,-155327,100,1528025571.474,320,2,0,0,0,0,0,0,0,4,346.81,346.81,7F,1,1,1,0080,80,40,40,0,0,19,148.00
03/06/2018 12:32:55,55 59.43455,-2 30.68255,249,13,206,408536,1144818,346.56,6.187,3618,3602,3610,16,0,94.0,34.4,89.2,31.8,none,none,81.6,27.6,3605,-3613,3605,-3612,3607,3613,3611,-3612,3608,-3614,3609,-3614,3608,-3615,3608,3616,3609,-3614,3608,-3613,3608,-3615,3609,-3613,3609,3615,3608,-3616,3608,-3613,3610,-3613,3609,-3612,3610,-3613,3609,-3614,3609,-3614,3609,-3614,3610,3614,3607,-3612,3606,-3610,3604,-3612,3605,-3612,3605,3613,3606,-3613,3609,-3616,3605,-3613,3603,-3615,3605,-3616,3606,-3616,3606,-3617,3608,-3615,3606,3614,3605,-3616,3602,-3617,3603,-3618,3604,-3618,3605,3617,3602,-3613,3605,-3614,3606,-3616,3604,-3612,3603,-3612,3604,-3613,3604,-3610,-0.57,SJNFAAZE1U0005576,117.83,13.04,9121.7392578125,78,75,0,0,0,0,14.5,99.17,-155327,100,1528025575.343,4800,2,0,0,0,0,0,0,0,4,346.44,346.44,7F,1,1,1,0080,80,40,40,0,0,19,3.25
03/06/2018 12:32:58,55 59.43437,-2 30.66653,252,14,206,408436,1144818,345.70,28.190,3608,3594,3601,14,0,93.8,34.3,89.2,31.8,none,none,81.6,27.6,3599,3597,3602,-3596,-3603,3601,-3605,-3601,-3604,3600,-3604,3601,-3604,3600,-3605,3600,-3605,3600,-3604,3600,-3605,3600,-3605,3600,-3606,3598,-3606,3600,-3605,3602,-3603,3601,-3604,3599,-3605,3602,-3603,3601,-3603,3600,-3605,3601,-3604,3601,-3602,3598,-3600,3599,-3599,3594,-3600,3595,-3601,3597,-3600,3598,-3606,3599,-3603,3597,-3601,3597,-3606,3597,-3605,3597,-3605,3598,-3606,3599,-3606,3600,-3605,3594,-3606,3595,-3607,3597,-3608,3598,-3607,3596,-3603,3596,3604,-3597,3606,3598,3601,-3596,3601,-3596,3602,-3595,3601,-3594,-0.52,SJNFAAZE1U0005576,117.83,13.04,9121.7392578125,78,75,0,0,0,0,14.5,99.17,-155327,100,1528025578.848,5600,2,0,0,0,0,0,0,0,4,345.76,345.76,7F,1,1,1,0080,80,40,40,0,0,19,46.00
03/06/2018 12:33:02,55 59.42491,-2 30.64278,249,18,206,408260,1144818,346.18,16.440,3613,3597,3606,16,0,94.0,34.4,89.2,31.8,none,none,81.6,27.6,-3605,3601,-3609,3602,-3610,3604,-3610,3604,-3610,3605,-3611,3605,-3610,3603,-3611,3604,-3611,3604,-3610,3603,-3611,3603,-3612,3605,-3612,3603,-3613,3604,-3610,3605,-3611,3606,-3609,3605,-3611,3605,-3610,3605,-3610,3604,-3611,3604,-3610,3604,-3608,3603,-3607,3603,-3604,3601,-3608,3600,-3607,3603,-3606,3602,-3612,3603,-3609,3600,-3608,3600,-3612,3600,-3613,3602,-3612,3602,-3612,3602,-3611,3602,-3611,3597,-3613,3599,-3613,3599,-3613,3601,-3613,3600,-3612,3600,-3610,3601,-3612,3602,-3607,3601,-3607,3599,-3607,3599,-3608,3599,-0.57,SJNFAAZE1U0005576,117.83,13.04,9121.7392578125,78,75,0,0,0,0,14.5,99.17,-155327,100,1528025582.526,5000,2,0,0,0,0,0,0,0,4,346.03,346.03,7F,1,1,1,0080,80,40,40,0,0,19,22.50
03/06/2018 12:33:06,55 59.41507,-2 30.61152,246,23,206,408071,1144818,345.60,24.406,3608,3594,3600,14,0,93.8,34.3,89.2,31.8,none,none,81.6,27.6,-3599,3596,-3603,3597,-3603,3599,-3605,3599,-3605,3600,-3605,3601,-3604,3600,-3606,3600,-3606,3600,-3604,3599,-3605,3599,-3605,3599,-3605,3598,-3606,3599,-3604,3600,-3605,3602,-3605,3601,-3605,3601,-3605,3600,-3604,3600,-3604,3600,-3604,3600,-3602,3599,-3602,3598,-3599,3595,-3601,3596,-3600,3597,-3600,3597,-3605,3599,-3603,3596,-3601,3597,-3605,3597,-3606,3597,-3606,3597,-3605,3598,-3605,3597,-3606,3594,-3606,3595,-3606,3596,-3608,3597,-3606,3596,-3604,3597,-3603,3597,-3605,3598,-3601,3596,-3600,3595,-3601,3595,-3601,3594,-0.54,SJNFAAZE1U0005576,117.83,13.04,9121.7392578125,78,75,0,0,0,0,14.5,99.17,-155327,100,1528025586.290,7240,2,1,0,4,0,0,0,0,4,345.69,345.69,7F,1,1,1,0080,80,40,40,0,0,19,31.50
03/06/2018 12:33:09,55 59.41027,-2 30.58643,246,20,206,407940,1144818,346.94,-9.528,3622,3606,3614,16,0,94.0,34.4,89.2,31.8,none,none,81.6,27.6,-3615,3610,-3617,3610,-3618,3613,-3619,3612,-3618,3612,-3618,3614,-3617,3612,-3618,3610,-3617,3611,-3617,3611,-3618,3611,-3618,3612,-3619,3611,-3619,3611,-3618,3613,-3617,3613,-3617,3613,-3618,3613,-3617,3612,-3617,3612,-3618,3613,-3617,3613,-3616,3611,-3616,3612,-3614,3610,-3617,3610,-3617,3611,-3616,3611,-3621,3611,-3618,3610,-3617,3609,-3621,3609,-3621,3610,-3620,3611,-3620,3610,-3620,3610,-3618,3606,-3621,3607,-3622,3608,-3622,3609,-3622,3608,-3620,3608,-3619,3608,-3619,3610,-3616,3610,-3616,3608,-3617,3609,-3616,3608,-0.56,SJNFAAZE1U0005576,117.83,13.04,9121.7392578125,78,75,0,0,0,0,14.5,99.17,-155327,100,1528025589.978,0,2,1,0,4,0,0,0,0,4,346.74,346.74,7F,1,1,1,0080,80,40,40,0,0,19,-47.50
03/06/2018 12:33:13,55 59.40649,-2 30.56284,246,10,206,408178,1144818,348.10,-35.712,3633,3620,3626,13,0,93.8,34.3,89.0,31.7,none,none,81.4,27.4,-3627,3622,-3628,3622,-3630,3624,-3630,3623,-3629,3624,-3629,3624,-3630,3623,-3630,3623,-3630,3623,-3628,3622,-3630,3623,-3630,3624,-3630,3623,-3630,3624,-3630,3623,-3629,3624,-3628,3624,-3629,3624,-3628,3624,-3629,3625,-3629,3625,-3629,3625,-3628,3624,-3628,3623,-3627,3623,-3630,3623,-3629,3624,-3629,3623,-3632,3624,-3631,3622,-3630,3622,-3631,3622,-3632,3622,-3632,3623,-3631,3622,-3631,3622,-3628,3620,-3633,3620,-3632,3620,-3633,3622,-3632,3621,-3631,3622,-3630,3622,-3631,3624,-3627,3623,-3629,3622,-3628,3622,-3629,3621,-0.57,SJNFAAZE1U0005576,117.83,13.04,9121.7392578125,78,75,0,0,0,0,14.5,99.17,-155337,100,1528025593.750,0,2,1,0,5,0,0,0,0,4,347.98,347.98,7F,1,1,1,0080,80,40,40,0,0,19,-94.00
03/06/2018 12:33:17,55 59.40393,-2 30.55508,249,0,206,408380,1144818,346.94,-3.394,3622,3607,3614,15,0,93.8,34.3,89.2,31.8,none,none,81.4,27.4,3610,-3617,3610,-3618,3612,3617,3616,-3616,3613,-3619,3613,3618,3611,-3619,3612,-3619,3612,-3618,3612,-3618,3612,3618,3613,-3618,3612,-3619,3611,-3619,3612,-3618,3613,-3618,3613,-3618,3614,-3617,3613,-3618,3612,3617,3612,-3618,3613,-3619,3611,-3617,3611,-3614,3609,3617,3609,-3618,3610,-3617,3611,-3617,3613,-3619,3611,-3618,3608,3619,3611,-3621,3609,-3621,3609,-3619,3611,-3620,3610,-3619,3609,-3621,3607,-3622,3608,-3622,3609,3622,3608,-3622,3607,-3620,3610,-3620,3610,-3621,3609,3617,3609,-3616,3608,-3617,3607,-3614,-0.58,SJNFAAZE1U0005576,117.83,13.04,9121.7392578125,78,75,0,0,0,0,14.5,99.17,-155345,100,1528025597.562,0,2,1,0,5,0,0,0,0,4,347.18,347.18,7F,1,1,1,0080,80,40,40,0,0,19,-47.50
03/06/2018 12:33:21,55 59.40322,-2 30.55567,246,0,206,408368,1144818,346.85,1.731,3621,3607,3613,14,0,93.8,34.3,89.0,31.7,none,none,81.4,27.4,3610,-3615,3610,-3615,3612,3616,3615,-3616,3612,-3617,3613,-3616,3612,-3618,3612,3617,3613,-3617,3613,-3616,3612,-3617,3613,-3617,3613,3618,3612,-3618,3612,-3617,3613,-3617,3613,-3618,3614,-3616,3613,-3618,3613,-3617,3613,-3617,3613,3616,3612,-3615,3611,-3613,3609,-3615,3610,-3615,3610,-3615,3609,3615,3612,-3618,3610,-3617,3609,-3618,3610,-3619,3610,3619,3610,-3619,3612,-3618,3611,-3618,3609,-3618,3608,-3620,3608,-3620,3610,-3621,3609,-3620,3607,3618,3609,-3618,3611,-3617,3608,-3616,3608,-3614,3608,3616,3609,-3612,-0.60,SJNFAAZE1U0005576,117.83,13.04,9121.7392578125,78,75,0,0,0,0,14.5,99.17,-155345,100,1528025601.402,0,2,1,0,5,0,0,0,0,4,346.93,346.93,7F,1,1,1,0080,80,40,40,0,0,19,0.00
03/06/2018 12:33:24,55 59.4031,-2 30.55266,246,0,206,408353,1144818,346.85,1.823,3620,3606,3613,14,0,93.8,34.3,89.0,31.7,none,none,81.4,27.4,3609,3616,3611,-3615,3613,3617,3614,-3616,3612,-3617,3613,-3617,3612,-3617,3612,-3617,3612,-3617,3612,3615,3612,-3617,3612,-3616,3614,-3618,3612,-3618,3612,3616,3613,-3616,3614,-3616,3613,-3616,3614,-3617,3613,-3617,3613,3617,3613,-3617,3611,-3615,3611,-3615,3609,-3616,3609,-3616,3611,-3616,3610,-3614,3613,-3619,3611,3615,3608,-3618,3611,-3620,3611,-3619,3611,-3618,3611,3618,3610,-3617,3610,-3618,3609,-3619,3607,-3620,3610,-3619,3609,-3620,3606,-3617,3610,-3617,3610,3618,3608,-3616,3609,-3614,3609,-3616,3608,-3614,-0.52,SJNFAAZE1U0005576,117.83,13.04,9121.7392578125,78,75,0,0,0,0,14.5,99.17,-155345,100,1528025604.782,0,2,1,0,5,0,0,0,0,4,346.92,346.92,7F,1,1,1,0080,80,40,40,0,0,19,0.00
03/06/2018 12:33:28,55 59.40203,-2 30.55369,239,0,206,408342,1144818,346.94,-0.190,3622,3606,3614,16,0,94.0,34.4,89.2,31.8,none,none,81.6,27.6,3609,-3617,3610,-3616,3611,3617,3615,-3616,3613,-3618,3612,-3618,3612,-3618,3611,-3618,3610,3618,3612,-3617,3612,-3617,3613,-3618,3613,-3618,3611,-3618,3611,-3617,3613,-3617,3613,-3616,3613,3616,3613,-3618,3612,-3617,3612,-3617,3613,-3617,3612,3616,3611,-3614,3608,-3616,3608,-3616,3610,-3617,3609,-3617,3613,-3619,3610,-3617,3608,-3620,3608,3619,3609,-3620,3608,-3618,3610,-3619,3610,-3619,3609,3620,3607,-3621,3608,-3621,3609,-3622,3608,-3621,3606,-3619,3609,-3618,3610,-3619,3607,-3617,3608,3616,3608,-3617,3608,-3614,-0.45,SJNFAAZE1U0005576,117.83,13.04,9121.7392578125,78,75,0,0,0,0,14.5,99.17,-155345,100,1528025608.029,0,0,0,0,0,0,0,0,0,4,346.95,346.95,7F,1,1,1,0080,80,40,40,0,0,19,0.00
03/06/2018 12:33:31,55 59.40203,-2 30.55427,242,0,206,408342,1144818,346.94,-0.190,3621,3608,3614,13,3603,93.8,34.3,89.0,31.7,none,none,81.4,27.4,3614,-3610,3616,-3611,3617,3613,3618,-3613,3617,-3615,3617,3614,3618,-3612,3618,-3613,3618,-3613,3617,-3611,3618,3613,3618,-3614,3619,-3612,3619,-3613,3617,-3613,3617,-3615,3616,-3613,3617,-3614,3617,-3614,3618,3613,3617,-3614,3617,-3613,3616,-3613,3615,-3612,3614,3610,3615,-3611,-3616,3611,-3616,-3612,-3620,3612,-3618,3611,-3616,3610,-3620,3611,-3620,3611,-3620,3611,-3618,3611,-3620,3610,-3618,3608,-3619,3609,-3621,3609,-3621,3609,-3620,3610,-3619,3610,-3618,3610,-3618,3611,3616,3609,3615,3610,3616,-3610,3616,-3609,-5.83,SJNFAAZE1U0005576,117.83,12.56,9121.7392578125,78,75,0,0,0,0,14.5,99.17,-155345,100,1528025611.006,0,0,0,0,0,0,0,0,0,1,346.98,346.98,77,0,1,1,0000,80,40,40,0,0,19,0.00
03/06/2018 12:33:34,55 59.40203,-2 30.55427,242,0,206,408342,1144818,346.94,-0.159,3623,3607,3614,16,3600,93.8,34.3,89.0,31.7,none,none,81.4,27.4,-3615,3609,-3617,3610,-3617,3612,-3619,3613,-3618,3613,-3618,3614,-3617,3612,-3619,3612,-3618,3612,-3618,3612,-3618,3612,-3618,3613,-3620,3612,-3620,3612,-3617,3614,-3617,3614,-3618,3613,-3619,3614,-3618,3613,-3618,3614,-3618,3613,-3617,3613,-3616,3613,-3616,3612,-3615,3610,-3617,3611,-3617,3611,-3616,3611,-3621,3612,-3618,3611,-3618,3610,-3621,3609,-3620,3610,-3620,3611,-3621,3610,-3620,3612,-3619,3607,-3620,3608,-3621,3608,-3623,3609,-3622,3609,-3619,3609,-3619,3609,-3620,3612,-3617,3610,-3616,3609,-3617,3610,-3617,3609,-5.79,SJNFAAZE1U0005576,117.83,12.48,9121.7392578125,78,75,0,0,0,0,14.5,99.17,-155345,100,1528025614.046,0,0,0,0,0,0,0,0,0,1,347.00,347.00,77,0,1,1,0000,80,40,40,0,0,19,0.00
03/06/2018 12:33:36,55 59.40203,-2 30.55427,242,0,206,408342,1144818,347.04,-0.007,3623,3607,3615,16,3603,94.0,34.4,89.2,31.8,none,none,81.4,27.4,-3615,3611,-3618,3610,-3618,3613,-3618,3612,-3618,3614,-3618,3613,-3618,3612,-3620,3613,-3619,3613,-3617,3612,-3619,3612,-3618,3613,-3620,3611,-3620,3611,-3618,3614,-3618,3615,-3618,3615,-3618,3614,-3619,3613,-3618,3613,-3618,3613,-3617,3613,-3617,3613,-3617,3610,-3614,3610,-3617,3611,-3618,3612,-3616,3611,-3621,3613,-3619,3611,-3618,3610,-3623,3610,-3622,3611,-3620,3610,-3621,3611,-3620,3611,-3619,3607,-3622,3608,-3622,3608,-3623,3609,-3623,3609,-3621,3610,-3620,3610,-3620,3612,-3617,3611,-3616,3609,-3618,3610,-3617,3608,-3.73,SJNFAAZE1U0005576,117.83,12.48,9121.7392578125,78,75,0,0,0,0,14.5,99.17,-155345,100,1528025616.706,0,0,0,0,0,0,0,0,0,1,347.13,347.13,77,0,1,1,0000,80,40,40,0,0,19,0.00
03/06/2018 12:33:41,55 59.40203,-2 30.55427,242,0,206,408001,1144818,347.00,-0.0,3623,3607,3615,16,3603,94.0,34.4,89.2,31.8,none,none,81.4,27.4,-3615,3611,-3618,3610,-3618,3613,-3618,3612,-3618,3614,-3618,3613,-3618,3612,-3620,3613,-3619,3613,-3617,3612,-3619,3612,-3618,3613,-3620,3611,-3620,3611,-3618,3614,-3618,3615,-3618,3615,-3618,3614,-3619,3613,-3618,3613,-3618,3613,-3617,3613,-3617,3613,-3617,3610,-3614,3610,-3617,3611,-3618,3612,-3616,3611,-3621,3613,-3619,3611,-3618,3610,-3623,3610,-3622,3611,-3620,3610,-3621,3611,-3620,3611,-3619,3607,-3622,3608,-3622,3608,-3623,3609,-3623,3609,-3621,3610,-3620,3610,-3620,3612,-3617,3611,-3616,3609,-3618,3610,-3617,3608,-2.26,SJNFAAZE1U0005576,117.83,12.56,9121.7392578125,78,75,0,0,0,0,14.5,99.17,-155345,100,1528025621.198,0,0,0,0,0,0,0,0,0,1,347.13,347.00,77,0,0,1,0000,80,40,40,0,0,19,0.00
03/06/2018 12:34:43,55 59.40287,-2 30.55617,239,0,206,408341,1144818,347.42,0.183,3622,3616,3619,6,3614,93.6,34.2,88.8,31.6,none,none,81.0,27.2,3618,3618,3618,3619,3619,3620,3620,3619,3620,3620,3619,3620,3619,3620,3619,3620,3619,3620,3619,3619,3621,3619,3620,3619,3621,3619,3619,3619,3620,3620,3619,3620,3619,3620,3619,3620,3620,3620,3620,3620,3620,3620,3620,3620,3619,3619,3618,3618,3618,3618,3619,3619,3618,3619,3619,3618,3622,3620,3620,3619,3618,3619,3619,3621,3620,3620,3620,3620,3620,3620,3621,3620,3620,3618,3620,3619,3619,3620,3620,3620,3620,3620,3618,3619,3620,3619,3620,3620,3617,3619,3617,3617,3618,3618,3618,3616,-21.27,SJNFAAZE1U0005576,117.83,12.08,9121.7392578125,78,75,0,0,0,0,14.5,99.17,-155345,100,1528025683.418,0,0,0,0,0,0,0,0,0,1,347.52,347.52,7F,1,1,1,0080,77,40,40,0,0,19,0.00
03/06/2018 12:34:47,55 59.40292,-2 30.55578,236,0,206,408341,1144818,347.42,0.152,3627,3611,3619,16,3607,93.6,34.2,88.8,31.6,none,none,81.2,27.3,3615,3622,3615,3621,3617,3621,3620,3621,3617,3623,3617,3623,3616,3623,3617,3623,3616,3624,3616,3622,3616,3623,3617,3623,3617,3624,3616,3623,3615,3622,3618,3622,3617,3622,3618,3621,3618,3623,3618,3623,3617,3622,3618,3623,3617,3621,3617,3619,3614,3623,3615,3622,3616,3623,3616,3623,3620,3624,3615,3622,3614,3624,3615,3625,3613,3625,3615,3625,3616,3624,3615,3624,3615,3626,3612,3626,3614,3627,3614,3627,3614,3627,3611,3625,3615,3624,3615,3625,3615,3620,3618,3618,3618,3618,3617,3617,-14.62,SJNFAAZE1U0005576,117.83,12.08,9121.7392578125,78,75,0,0,0,0,14.5,99.17,-155345,100,1528025687.046,0,0,0,0,0,0,0,0,0,1,347.55,347.55,7F,1,1,1,0080,77,40,40,0,0,19,0.00
03/06/2018 12:34:49,55 59.40284,-2 30.55566,236,0,206,408341,1144818,347.42,0.152,3627,3612,3619,15,3607,93.6,34.2,88.8,31.6,none,none,81.0,27.2,3614,-3622,3616,-3623,3617,3623,3620,-3621,3618,-3624,3618,-3623,3616,-3624,3617,-3624,3617,-3623,3617,-3622,3616,-3623,3617,3623,3617,-3624,3616,-3625,3616,-3623,3618,-3622,3618,3622,3619,-3621,3619,-3623,3618,-3623,3618,-3623,3618,-3623,3617,-3622,3617,-3620,3614,-3622,3614,3624,3616,-3622,3616,-3622,3618,-3626,3615,-3624,3614,3626,3615,-3626,3614,-3627,3616,-3625,3617,-3625,3615,-3624,3615,-3626,3613,-3626,3613,-3627,3613,3626,3613,-3627,3612,-3625,3614,-3624,3615,-3625,3614,-3623,3614,3622,3613,-3623,3614,-3620,-6.05,SJNFAAZE1U0005576,117.83,12.24,9121.7392578125,78,75,0,0,0,0,14.5,99.17,-155345,100,1528025689.987,0,0,0,0,0,0,0,0,0,1,347.58,347.58,77,0,1,1,0000,77,40,40,0,0,19,0.00
03/06/2018 12:34:52,55 59.40284,-2 30.55566,236,0,206,408341,1144818,347.42,-0.000,3627,3612,3619,15,3607,93.6,34.2,88.8,31.6,none,none,81.0,27.2,3615,-3622,3616,-3622,3616,3622,3621,-3621,3617,3624,3617,-3623,3616,-3623,3617,-3624,3616,-3623,3616,-3622,3617,-3623,3618,-3623,3617,-3623,3616,3624,3618,-3623,3618,-3622,3618,-3622,3618,-3622,3619,-3623,3617,3623,3618,-3623,3618,-3623,3616,-3622,3616,-3620,3615,3623,3615,-3623,3615,-3623,3616,-3622,3618,-3624,3616,-3623,3614,-3625,3615,-3626,3614,-3626,3614,3626,3616,-3625,3615,-3625,3614,-3626,3613,-3627,3613,3627,3613,-3626,3614,-3627,3612,-3624,3615,-3625,3615,-3625,3614,-3624,3614,-3621,3614,-3623,3613,3619,-5.48,SJNFAAZE1U0005576,117.83,12.24,9121.7392578125,78,75,0,0,0,0,14.5,99.17,-155345,100,1528025692.781,0,0,0,0,0,0,0,0,0,1,347.49,347.49,77,0,1,1,0000,76,40,40,0,0,19,0.00
03/06/2018 12:34:57,55 59.40284,-2 30.55566,236,0,206,408341,1144818,347.62,0.030,3623,3618,3621,5,3618,93.4,34.1,88.8,31.6,none,none,81.0,27.2,3620,3620,3620,3620,3622,3622,3622,3622,3622,3622,3622,3622,3621,3621,3621,3621,3621,3621,3621,3620,3620,3621,3622,3621,3622,3622,3621,3622,3621,3622,3622,3622,3621,3622,3621,3621,3622,3622,3621,3622,3622,3621,3621,3621,3621,3621,3619,3619,3619,3620,3620,3621,3621,3621,3620,3620,3623,3622,3622,3621,3620,3622,3621,3621,3621,3622,3622,3622,3623,3622,3622,3621,3621,3620,3620,3621,3621,3622,3622,3621,3622,3622,3620,3621,3620,3621,3621,3622,3619,3620,3619,3619,3621,3620,3619,3618,-6.21,SJNFAAZE1U0005576,117.83,12.24,9121.7392578125,78,75,0,0,0,0,14.5,99.17,-155345,100,1528025697.802,0,0,0,0,0,0,0,0,0,1,347.60,347.60,77,0,1,1,0000,76,40,40,0,0,19,0.00
03/06/2018 12:35:00,55 59.40284,-2 30.55566,236,0,206,408341,1144818,347.52,-0.000,3623,3618,3620,5,3615,93.6,34.2,88.6,31.4,none,none,81.0,27.2,3618,3619,3619,3620,3621,3622,3622,3619,3620,3622,3621,3621,3620,3620,3620,3620,3620,3619,3620,3619,3620,3620,3620,3620,3620,3621,3621,3621,3620,3621,3621,3621,3620,3620,3621,3621,3621,3620,3620,3620,3621,3620,3622,3621,3620,3619,3619,3620,3618,3619,3618,3619,3620,3620,3619,3620,3623,3621,3621,3620,3620,3619,3621,3620,3622,3620,3620,3620,3623,3621,3621,3621,3620,3620,3620,3619,3620,3621,3621,3621,3621,3621,3618,3619,3620,3621,3621,3621,3618,3620,3618,3619,3619,3619,3618,3618,-6.61,SJNFAAZE1U0005576,117.83,12.16,9121.7392578125,78,75,0,0,0,0,14.5,99.17,-155345,100,1528025700.600,0,0,0,0,0,0,0,0,0,1,347.54,347.54,77,0,1,1,0000,76,40,40,0,0,19,0.00
03/06/2018 12:35:03,55 59.40284,-2 30.55566,236,0,206,408341,1144818,347.62,0.061,3629,3614,3621,15,3609,93.6,34.2,88.6,31.4,none,none,81.0,27.2,3617,-3624,3617,-3624,3619,3623,3622,3622,3618,-3625,3619,-3623,3617,-3624,3618,-3626,3618,3625,3618,-3623,3619,-3625,3619,-3624,3618,-3625,3617,-3625,3618,-3624,3619,-3623,3620,3624,3620,3623,3620,3625,3619,3624,3620,3624,3619,3624,3618,3623,3618,3621,3616,3625,3617,3625,3617,3624,3617,3623,3619,3627,3618,3625,3616,3626,3617,3628,3615,3628,3616,3627,3618,3627,3617,3625,3617,3627,3614,3628,3615,3629,3616,3628,3615,3628,3614,3626,3616,3626,3618,3627,3616,3624,3616,3624,3616,3624,3615,3621,-6.19,SJNFAAZE1U0005576,117.83,12.24,9121.7392578125,78,75,0,0,0,0,14.5,99.17,-155345,100,1528025703.386,0,0,0,0,0,0,0,0,0,1,347.63,347.63,77,0,1,1,0000,76,40,40,0,0,19,0.00
03/06/2018 12:35:05,55 59.40284,-2 30.55566,236,0,206,408341,1144818,347.62,0.152,3629,3613,3621,16,3609,93.6,34.2,88.8,31.6,none,none,81.2,27.3,3617,-3624,3617,-3624,3618,3623,3622,-3623,3619,-3625,3619,-3624,3619,-3627,3618,-3625,3618,-3625,3618,-3624,3618,-3625,3618,3625,3619,-3625,3618,-3626,3619,-3624,3619,-3624,3620,3624,3620,-3624,3620,-3625,3619,-3625,3620,-3624,3620,-3624,3618,-3624,3617,-3621,3617,-3625,3617,3625,3618,-3625,3618,-3624,3620,-3626,3617,-3626,3616,3626,3616,-3628,3617,-3628,3617,-3626,3618,-3626,3617,-3626,3616,3628,3614,-3628,3614,-3629,3616,-3629,3616,-3628,3613,-3626,3617,-3626,3617,-3626,3616,-3624,3616,3623,3615,-3625,3616,-3621,-5.38,SJNFAAZE1U0005576,117.83,12.24,9121.7392578125,78,75,0,0,0,0,14.5,99.17,-155345,100,1528025705.775,0,0,0,0,0,0,0,0,0,1,347.64,347.64,77,0,1,1,0000,76,40,40,0,0,19,0.00
03/06/2018 12:35:09,55 59.40284,-2 30.55566,236,0,206,408001,1144818,347.50,-0.0,3629,3613,3621,16,3609,93.6,34.2,88.8,31.6,none,none,81.2,27.3,3617,-3624,3617,-3624,3618,3623,3622,-3623,3619,-3625,3619,-3624,3619,-3627,3618,-3625,3618,-3625,3618,-3624,3618,-3625,3618,3625,3619,-3625,3618,-3626,3619,-3624,3619,-3624,3620,3624,3620,-3624,3620,-3625,3619,-3625,3620,-3624,3620,-3624,3618,-3624,3617,-3621,3617,-3625,3617,3625,3618,-3625,3618,-3624,3620,-3626,3617,-3626,3616,3626,3616,-3628,3617,-3628,3617,-3626,3618,-3626,3617,-3626,3616,3628,3614,-3628,3614,-3629,3616,-3629,3616,-3628,3613,-3626,3617,-3626,3617,-3626,3616,-3624,3616,3623,3615,-3625,3616,-3621,-4.38,SJNFAAZE1U0005576,117.83,12.24,9121.7392578125,78,75,0,0,0,0,14.5,99.17,-155345,100,1528025709.744,0,0,0,0,0,0,0,0,0,1,347.64,347.50,77,0,0,1,0000,76,40,40,0,0,19,0.00
03/06/2018 12:35:23,55 59.40284,-2 30.55566,236,0,206,408341,1144818,347.62,0.091,3624,3619,3621,5,3616,93.4,34.1,88.8,31.6,none,none,81.0,27.2,3619,3620,3621,3620,3621,3621,3622,3621,3622,3623,3622,3623,3622,3622,3621,3621,3621,3621,3621,3620,3621,3622,3621,3622,3622,3620,3622,3622,3621,3622,3622,3622,3621,3622,3621,3621,3621,3622,3621,3622,3622,3621,3621,3621,3621,3621,3621,3620,3619,3621,3620,3621,3620,3622,3621,3620,3624,3622,3621,3620,3620,3622,3623,3622,3622,3622,3622,3621,3622,3621,3621,3622,3621,3620,3621,3621,3621,3620,3621,3621,3622,3622,3620,3621,3621,3622,3621,3622,3620,3621,3620,3619,3620,3622,3620,3619,-23.06,SJNFAAZE1U0005576,117.83,12.00,9121.7392578125,78,75,0,0,0,0,14.5,99.17,-155345,100,1528025723.900,0,0,0,0,0,0,0,0,0,1,347.73,347.73,7F,1,1,1,0080,75,40,40,0,0,19,0.00
03/06/2018 12:35:27,55 59.40312,-2 30.55545,236,0,206,408341,1144818,347.62,0.183,3628,3614,3621,14,3610,93.6,34.2,88.6,31.4,none,none,81.0,27.2,3616,3624,3617,3624,3618,3623,3622,3622,3619,3624,3619,3624,3618,3625,3618,3625,3618,3625,3618,3624,3618,3624,3618,3624,3620,3625,3617,3625,3618,3623,3618,3624,3620,3623,3620,3623,3620,3624,3619,3625,3619,3624,3619,3625,3619,3623,3617,3622,3617,3624,3617,3625,3617,3626,3618,3624,3621,3626,3618,3626,3616,3627,3617,3628,3616,3627,3616,3627,3619,3626,3617,3626,3615,3627,3614,3625,3622,3622,3623,3622,3622,3622,3620,3621,3622,3621,3623,3622,3620,3621,3620,3619,3620,3621,3619,3619,-16.73,SJNFAAZE1U0005576,117.83,12.00,9121.7392578125,78,75,0,0,0,0,14.5,99.17,-155345,100,1528025727.651,0,0,0,0,0,0,0,0,0,1,347.75,347.75,7F,1,1,1,0080,75,40,40,0,0,19,0.00
03/06/2018 12:35:30,55 59.40312,-2 30.55545,236,0,206,408341,1144818,347.62,0.091,3629,3613,3621,16,3609,93.6,34.2,88.6,31.4,none,none,81.0,27.2,3617,-3625,3617,-3624,3618,3623,3622,-3622,3619,-3625,3620,-3625,3618,-3625,3618,-3625,3618,-3625,3618,-3623,3618,-3625,3619,3624,3618,-3626,3618,-3626,3618,-3624,3620,-3624,3620,3623,3619,-3623,3620,-3625,3619,-3625,3620,-3624,3620,-3624,3619,-3623,3618,-3621,3616,-3626,3617,3626,3618,-3625,3618,-3624,3620,-3626,3618,-3625,3617,3627,3618,-3628,3617,-3629,3617,-3628,3618,-3627,3617,-3626,3617,3628,3615,-3629,3615,-3629,3616,-3629,3616,-3629,3613,-3626,3617,-3626,3618,-3627,3616,-3625,3617,3624,3616,-3625,3616,-3622,-5.55,SJNFAAZE1U0005576,117.83,12.24,9121.7392578125,78,75,0,0,0,0,14.5,99.17,-155345,100,1528025730.580,0,0,0,0,0,0,0,0,0,1,347.74,347.74,77,0,1,1,0000,75,40,40,0,0,19,0.00
03/06/2018 12:35:35,55 59.40312,-2 30.55545,236,0,206,408001,1144818,347.50,-0.0,3629,3613,3621,16,3609,93.6,34.2,88.6,31.4,none,none,81.0,27.2,3617,-3625,3617,-3624,3618,3623,3622,-3622,3619,-3625,3620,-3625,3618,-3625,3618,-3625,3618,-3625,3618,-3623,3618,-3625,3619,3624,3618,-3626,3618,-3626,3618,-3624,3620,-3624,3620,3623,3619,-3623,3620,-3625,3619,-3625,3620,-3624,3620,-3624,3619,-3623,3618,-3621,3616,-3626,3617,3626,3618,-3625,3618,-3624,3620,-3626,3618,-3625,3617,3627,3618,-3628,3617,-3629,3617,-3628,3618,-3627,3617,-3626,3617,3628,3615,-3629,3615,-3629,3616,-3629,3616,-3629,3613,-3626,3617,-3626,3618,-3627,3616,-3625,3617,3624,3616,-3625,3616,-3622,-4.94,SJNFAAZE1U0005576,117.83,12.24,9121.7392578125,78,75,0,0,0,0,14.5,99.17,-155345,100,1528025735.421,0,0,0,0,0,0,0,0,0,1,347.74,347.50,77,0,0,1,0000,75,40,40,0,0,19,0.00
03/06/2018 12:35:53,55 59.40302,-2 30.55527,236,0,206,408341,1144818,347.71,0.061,3624,3620,3622,4,3619,93.4,34.1,88.6,31.4,none,none,80.8,27.1,3620,3622,3622,3622,3622,3623,3622,3623,3623,3624,3623,3624,3622,3622,3623,3622,3622,3623,3622,3621,3622,3622,3622,3622,3623,3622,3623,3623,3621,3622,3623,3623,3622,3623,3624,3623,3623,3623,3623,3623,3624,3623,3622,3622,3621,3623,3621,3621,3621,3621,3621,3623,3622,3623,3621,3622,3624,3623,3622,3622,3621,3622,3623,3623,3624,3624,3622,3624,3624,3623,3624,3623,3623,3622,3622,3622,3623,3622,3623,3623,3624,3623,3620,3622,3622,3622,3623,3623,3620,3622,3621,3621,3621,3621,3620,3620,-22.47,SJNFAAZE1U0005576,117.83,12.00,9121.7392578125,78,75,0,0,0,0,14.5,99.17,-155345,100,1528025753.626,0,0,0,0,0,0,0,0,0,1,347.84,347.84,7F,1,1,1,0080,74,40,40,0,0,19,0.00
03/06/2018 12:35:57,55 59.40317,-2 30.55519,236,0,206,408341,1144818,347.71,0.030,3631,3615,3622,16,3608,93.4,34.1,88.6,31.4,none,none,80.8,27.1,3618,3625,3618,3625,3620,3624,3622,3623,3620,3626,3619,3625,3619,3625,3618,3626,3618,3626,3618,3625,3618,3625,3619,3625,3619,3627,3619,3626,3619,3624,3620,3624,3621,3624,3620,3624,3621,3626,3620,3626,3620,3625,3621,3626,3620,3624,3619,3623,3618,3626,3618,3627,3620,3626,3619,3625,3621,3627,3619,3627,3617,3628,3618,3629,3618,3628,3618,3627,3619,3628,3619,3626,3617,3629,3616,3629,3616,3631,3617,3629,3616,3629,3615,3627,3618,3627,3618,3628,3618,3625,3621,3622,3622,3622,3620,3621,-14.62,SJNFAAZE1U0005576,117.83,12.00,9121.7392578125,78,75,0,0,0,0,14.5,99.17,-155345,100,1528025757.350,0,0,0,0,0,0,0,0,0,1,347.85,347.85,7F,1,1,1,0080,74,40,40,0,0,19,0.00
03/06/2018 12:36:00,55 59.40317,-2 30.55519,236,0,206,408341,1144818,347.71,-0.000,3630,3615,3622,15,3610,93.4,34.1,88.6,31.4,none,none,81.0,27.2,3618,-3625,3618,-3626,3619,3625,3624,-3624,3620,-3626,3620,-3625,3620,-3627,3618,-3627,3619,-3626,3620,-3624,3619,-3625,3619,3624,3619,-3626,3619,-3627,3619,-3625,3620,-3625,3621,3624,3621,-3624,3621,-3626,3620,-3626,3620,-3625,3621,-3626,3620,-3624,3619,-3623,3619,-3626,3618,3626,3620,-3626,3618,-3626,3622,-3628,3619,-3627,3617,3629,3618,-3628,3618,-3629,3618,-3628,3619,-3628,3619,-3627,3617,-3629,3616,-3630,3616,-3630,3616,3630,3617,-3630,3615,-3628,3619,-3628,3619,-3627,3617,-3626,3618,3626,3616,-3627,3617,-3622,-5.73,SJNFAAZE1U0005576,117.83,12.16,9121.7392578125,78,75,0,0,0,0,14.5,99.17,-155345,100,1528025760.379,0,0,0,0,0,0,0,0,0,1,347.75,347.75,77,0,1,1,0000,74,40,40,0,0,19,0.00
03/06/2018 12:36:04,55 59.40317,-2 30.55519,236,0,206,408341,1144818,347.81,0.030,3629,3617,3623,12,3614,93.4,34.1,88.6,31.4,none,none,81.0,27.2,3620,-3625,3621,-3626,3621,3626,3624,-3625,3622,3626,3621,-3626,3620,-3627,3620,-3626,3621,-3627,3621,-3625,3621,-3626,3622,-3626,3621,-3627,3620,3627,3621,-3625,3622,-3624,3622,-3625,3622,-3625,3623,3627,3622,-3626,3623,-3627,3622,-3625,3621,-3625,3621,-3623,3620,-3627,3620,-3628,3621,-3626,3621,-3626,3623,-3627,3621,-3627,3619,-3628,3621,-3629,3620,-3628,3621,3628,3621,-3628,3620,-3628,3620,-3629,3618,-3629,3618,3629,3619,-3629,3618,-3629,3617,-3627,3620,-3627,3620,-3628,3620,-3626,3619,-3626,3618,-3626,3619,3624,-5.45,SJNFAAZE1U0005576,117.83,12.24,9121.7392578125,78,75,0,0,0,0,14.5,99.17,-155345,100,1528025764.009,0,0,0,0,0,0,0,0,0,1,347.76,347.76,77,0,1,1,0000,74,40,40,0,0,19,0.00
03/06/2018 12:36:08,55 59.40317,-2 30.55519,236,0,206,408001,1144818,347.50,-0.0,3629,3617,3623,12,3614,93.4,34.1,88.6,31.4,none,none,81.0,27.2,3620,-3625,3621,-3626,3621,3626,3624,-3625,3622,3626,3621,-3626,3620,-3627,3620,-3626,3621,-3627,3621,-3625,3621,-3626,3622,-3626,3621,-3627,3620,3627,3621,-3625,3622,-3624,3622,-3625,3622,-3625,3623,3627,3622,-3626,3623,-3627,3622,-3625,3621,-3625,3621,-3623,3620,-3627,3620,-3628,3621,-3626,3621,-3626,3623,-3627,3621,-3627,3619,-3628,3621,-3629,3620,-3628,3621,3628,3621,-3628,3620,-3628,3620,-3629,3618,-3629,3618,3629,3619,-3629,3618,-3629,3617,-3627,3620,-3627,3620,-3628,3620,-3626,3619,-3626,3618,-3626,3619,3624,-4.36,SJNFAAZE1U0005576,117.83,12.24,9121.7392578125,78,75,0,0,0,0,14.5,99.17,-155345,100,1528025768.546,0,0,0,0,0,0,0,0,0,1,347.76,347.50,77,0,0,1,0000,74,40,40,0,0,19,0.00
03/06/2018 12:36:41,55 59.40311,-2 30.55522,236,0,206,408341,1144818,347.90,-0.000,3626,3623,3624,3,3621,93.2,34.0,88.4,31.3,none,none,80.8,27.1,3624,3623,3625,3625,3624,3625,3626,3625,3625,3626,3625,3625,3624,3624,3624,3625,3625,3625,3624,3624,3624,3624,3625,3624,3626,3624,3624,3625,3624,3625,3625,3625,3624,3624,3626,3624,3625,3625,3625,3625,3625,3625,3625,3626,3624,3625,3624,3624,3624,3625,3625,3625,3626,3626,3624,3625,3626,3626,3626,3625,3625,3625,3625,3625,3625,3626,3625,3624,3625,3624,3626,3626,3625,3624,3624,3625,3625,3626,3626,3626,3625,3626,3624,3625,3625,3624,3626,3626,3624,3625,3625,3624,3624,3624,3624,3623,-17.21,SJNFAAZE1U0005576,117.83,12.00,9121.7392578125,78,75,0,0,0,0,14.5,99.17,-155345,100,1528025801.453,0,0,0,0,0,0,0,0,0,1,347.98,347.98,7F,1,1,1,0080,73,40,40,0,0,19,0.00
03/06/2018 12:36:44,55 59.40347,-2 30.55554,236,0,206,408341,1144818,347.81,-0.000,3629,3619,3623,10,3614,93.2,34.0,88.4,31.3,none,none,80.8,27.1,3621,3626,3620,3627,3621,3626,3624,3625,3622,3627,3621,3627,3620,3628,3621,3627,3619,3627,3620,3626,3621,3626,3622,3626,3621,3628,3620,3627,3620,3625,3622,3627,3622,3625,3622,3625,3622,3626,3621,3627,3622,3626,3622,3626,3622,3625,3621,3624,3619,3628,3619,3627,3622,3627,3621,3627,3622,3629,3621,3627,3619,3627,3625,3625,3625,3625,3623,3625,3625,3625,3625,3623,3623,3624,3624,3624,3624,3624,3626,3624,3624,3624,3623,3624,3625,3624,3625,3625,3623,3624,3624,3623,3624,3623,3622,3622,-14.01,SJNFAAZE1U0005576,117.83,12.00,9121.7392578125,78,75,0,0,0,0,14.5,99.17,-155345,100,1528025804.974,0,0,0,0,0,0,0,0,0,1,347.89,347.89,7F,1,1,1,0080,73,40,40,0,0,19,0.00
03/06/2018 12:36:48,55 59.40379,-2 30.55551,236,0,206,408341,1144818,347.90,-0.000,3633,3618,3624,15,3610,93.2,34.0,88.4,31.3,none,none,80.8,27.1,3620,-3628,3620,-3628,3621,3627,3625,-3627,3622,-3628,3622,-3627,3621,-3629,3621,-3628,3621,-3628,3621,-3627,3622,-3627,3621,3627,3622,-3629,3621,-3629,3621,-3628,3623,-3627,3623,3627,3624,-3627,3623,-3628,3623,-3627,3622,-3628,3623,-3627,3622,-3627,3621,-3625,3620,-3629,3621,-3629,3622,-3629,3622,-3627,3624,-3630,3622,-3630,3620,-3630,3621,3632,3621,-3631,3620,-3630,3621,-3631,3621,-3630,3620,3632,3618,-3632,3618,-3633,3620,-3632,3619,-3632,3618,-3630,3621,-3631,3621,-3631,3620,-3629,3621,3628,3620,-3628,3619,-3625,-14.12,SJNFAAZE1U0005576,117.83,12.00,9121.7392578125,78,75,0,0,0,0,14.5,99.17,-155345,100,1528025808.829,0,0,0,0,0,0,0,0,0,1,347.90,347.90,7F,1,1,1,0080,73,40,40,0,0,19,0.00
03/06/2018 12:36:52,55 59.40379,-2 30.55551,236,0,206,408341,1144818,347.90,0.030,3631,3618,3624,13,3613,93.2,34.0,88.4,31.3,none,none,80.8,27.1,3620,-3626,3620,-3627,3622,3626,3625,-3625,3621,3627,3620,-3627,3621,-3627,3621,-3627,3621,-3626,3621,-3625,3621,-3625,3621,-3626,3622,-3627,3621,3627,3621,-3626,3622,-3626,3623,-3626,3622,-3625,3623,3626,3623,-3626,3622,-3626,3623,-3627,3623,-3626,3621,-3624,3621,-3627,3620,-3627,3622,-3628,3623,3627,3623,-3628,3622,-3628,3620,-3629,3621,-3629,3621,-3630,3620,3629,3622,-3629,3621,-3628,3621,-3629,3618,-3630,3618,3631,3619,-3631,3619,-3630,3618,-3628,3621,-3627,3620,-3628,3621,-3627,3619,-3626,3619,-3627,3619,3623,-9.67,SJNFAAZE1U0005576,117.83,12.08,9121.7392578125,78,75,0,0,0,0,14.5,99.17,-155345,100,1528025812.304,0,0,0,0,0,0,0,0,0,1,348.00,348.00,77,0,1,1,0000,73,40,40,0,0,19,0.00
03/06/2018 12:36:55,55 59.40379,-2 30.55551,236,0,206,408341,1144818,347.90,-0.000,3632,3616,3624,16,3612,93.2,34.0,88.4,31.3,none,none,80.8,27.1,3619,-3627,3620,3628,3621,3626,3625,-3626,3622,-3628,3622,-3627,3621,3628,3621,-3628,3620,-3626,3620,-3626,3621,-3627,3622,-3625,3621,-3628,3620,-3627,3621,-3626,3622,3626,3621,-3625,3623,-3626,3623,-3627,3623,-3627,3623,-3627,3623,3627,3621,-3626,3620,-3624,3620,-3628,3620,-3629,3621,3628,3621,-3627,3622,-3629,3621,-3628,3619,-3629,3620,-3631,3620,-3631,3620,-3630,3621,-3630,3620,3628,3620,-3631,3618,-3631,3618,-3632,3619,-3632,3618,3632,3616,-3629,3619,-3629,3619,-3629,3620,-3628,3619,-3627,3618,-3628,3618,-3625,-5.48,SJNFAAZE1U0005576,117.83,12.16,9121.7392578125,78,75,0,0,0,0,14.5,99.17,-155345,100,1528025815.620,0,0,0,0,0,0,0,0,0,1,347.92,347.92,77,0,1,1,0000,72,40,40,0,0,19,0.00
03/06/2018 12:37:00,55 59.40379,-2 30.55551,236,0,206,408001,1144818,347.50,-0.0,3632,3616,3624,16,3612,93.2,34.0,88.4,31.3,none,none,80.8,27.1,3619,-3627,3620,3628,3621,3626,3625,-3626,3622,-3628,3622,-3627,3621,3628,3621,-3628,3620,-3626,3620,-3626,3621,-3627,3622,-3625,3621,-3628,3620,-3627,3621,-3626,3622,3626,3621,-3625,3623,-3626,3623,-3627,3623,-3627,3623,-3627,3623,3627,3621,-3626,3620,-3624,3620,-3628,3620,-3629,3621,3628,3621,-3627,3622,-3629,3621,-3628,3619,-3629,3620,-3631,3620,-3631,3620,-3630,3621,-3630,3620,3628,3620,-3631,3618,-3631,3618,-3632,3619,-3632,3618,3632,3616,-3629,3619,-3629,3619,-3629,3620,-3628,3619,-3627,3618,-3628,3618,-3625,-4.64,SJNFAAZE1U0005576,117.83,12.24,9121.7392578125,78,75,0,0,0,0,14.5,99.17,-155345,100,1528025820.200,0,0,0,0,0,0,0,0,0,1,347.92,347.50,77,0,0,1,0000,72,40,40,0,0,19,0.00
03/06/2018 12:37:06,55 59.40379,-2 30.55551,236,0,206,408341,1144818,347.90,0.061,3627,3623,3624,4,3619,93.2,34.0,88.2,31.2,none,none,80.6,27.0,3624,3624,3624,3625,3624,3625,3625,3624,3625,3625,3624,3625,3624,3625,3624,3624,3624,3625,3623,3623,3624,3623,3624,3624,3624,3624,3625,3624,3623,3625,3624,3624,3624,3625,3624,3624,3626,3625,3625,3625,3626,3625,3625,3625,3624,3624,3623,3623,3623,3624,3624,3625,3624,3625,3625,3624,3627,3625,3625,3624,3625,3625,3626,3625,3625,3626,3626,3625,3626,3625,3626,3626,3625,3624,3624,3625,3624,3625,3625,3625,3624,3625,3624,3625,3625,3625,3626,3624,3624,3624,3624,3624,3624,3624,3624,3623,-5.38,SJNFAAZE1U0005576,117.83,12.24,9121.7392578125,78,75,0,0,0,0,14.5,99.17,-155345,100,1528025826.707,0,0,0,0,0,0,0,0,0,1,348.05,348.05,77,0,1,1,0000,72,40,40,0,0,19,0.00
03/06/2018 12:37:09,55 59.40379,-2 30.55551,236,0,206,408341,1144818,348.00,-0.000,3632,3620,3625,12,3614,93.2,34.0,88.4,31.3,none,none,80.8,27.1,3622,3628,3623,-3628,3624,3627,3625,3625,3624,3628,3624,3628,3623,3628,3622,3628,3622,3627,3623,3627,3623,3628,3622,3627,3623,3627,3622,3628,3622,3627,3624,3627,3624,3628,3624,3627,3624,3628,3624,3629,3625,3628,3624,3627,3623,3627,3623,3626,3623,3629,3622,3629,3623,3629,3623,3628,3625,3629,3623,3629,3622,3630,3623,3631,3622,3630,3621,3630,3622,3629,3623,3629,3621,3630,3620,3631,3621,3632,3621,3631,3620,3632,3620,3629,3622,3630,3622,3630,3622,3628,3623,3626,3623,3627,3623,3625,-5.38,SJNFAAZE1U0005576,117.83,12.24,9121.7392578125,78,75,0,0,0,0,14.5,99.17,-155345,100,1528025829.763,0,0,0,0,0,0,0,0,0,1,347.95,347.95,77,0,1,1,0000,72,40,40,0,0,19,0.00
03/06/2018 12:37:12,55 59.40379,-2 30.55551,236,0,206,408341,1144818,348.00,0.061,3632,3621,3625,11,3614,93.2,34.0,88.4,31.3,none,none,80.8,27.1,3624,-3625,3625,-3625,3626,3626,3626,-3625,3626,-3626,3626,-3626,3626,-3625,3625,-3625,3626,-3625,3626,-3625,3625,-3625,3626,3625,3626,-3624,3626,-3626,3626,-3625,3625,-3625,3626,3625,3625,-3626,3625,-3626,3626,-3626,3626,-3627,3626,-3626,3626,-3625,3625,-3625,3625,-3625,3625,3627,3623,-3628,3623,-3628,3625,-3630,3623,-3628,3621,-3630,3623,3631,3622,-3631,3622,-3630,3623,-3630,3623,-3629,3622,3631,3621,-3631,3621,-3632,3621,-3629,3626,-3627,3626,-3625,3626,-3626,3627,-3626,3625,-3626,3625,3625,3625,-3625,3624,-3625,-5.37,SJNFAAZE1U0005576,117.83,12.24,9121.7392578125,78,75,0,0,0,0,14.5,99.17,-155345,100,1528025832.847,0,0,0,0,0,0,0,0,0,1,348.06,348.06,77,0,1,1,0000,72,40,40,0,0,19,0.00
03/06/2018 12:37:15,55 59.40379,-2 30.55551,236,0,206,408341,1144818,348.00,0.030,3628,3623,3625,5,3620,93.4,34.1,88.4,31.3,none,none,80.8,27.1,3625,3625,3625,3625,3626,3627,3626,3625,3626,3626,3626,3627,3626,3626,3626,3625,3625,3625,3626,3625,3625,3625,3625,3625,3626,3624,3625,3625,3626,3626,3626,3626,3625,3626,3625,3625,3627,3626,3626,3626,3626,3626,3625,3626,3625,3625,3625,3624,3625,3625,3626,3627,3626,3625,3626,3626,3628,3628,3626,3626,3625,3626,3627,3627,3627,3626,3626,3626,3627,3626,3627,3626,3627,3625,3626,3626,3626,3626,3627,3627,3626,3627,3625,3626,3626,3626,3626,3626,3625,3627,3626,3625,3625,3625,3624,3623,-5.38,SJNFAAZE1U0005576,117.83,12.24,9121.7392578125,78,75,0,0,0,0,14.5,99.17,-155345,100,1528025835.866,0,0,0,0,0,0,0,0,0,1,347.97,347.97,77,0,1,1,0002,72,40,40,0,0,19,0.00
03/06/2018 12:37:19,55 59.40379,-2 30.55551,236,0,206,408341,1144818,347.90,-0.000,3627,3622,3624,5,3619,93.2,34.0,88.4,31.3,none,none,80.8,27.1,3624,3624,3625,3624,3626,3626,3625,3624,3625,3626,3624,3625,3625,3625,3624,3624,3625,3624,3624,3624,3624,3624,3624,3623,3625,3624,3625,3624,3624,3625,3625,3624,3624,3625,3625,3625,3626,3626,3625,3625,3626,3625,3625,3625,3625,3625,3624,3624,3625,3625,3624,3625,3625,3626,3624,3624,3627,3626,3625,3625,3625,3624,3625,3626,3626,3625,3625,3625,3627,3626,3625,3625,3625,3624,3625,3626,3625,3626,3626,3625,3626,3626,3624,3625,3626,3626,3627,3626,3625,3626,3624,3624,3624,3622,3623,3624,-5.34,SJNFAAZE1U0005576,117.83,12.24,9121.7392578125,78,75,0,0,0,0,14.5,99.17,-155345,100,1528025839.013,0,0,0,0,0,0,0,0,0,1,347.98,347.98,77,0,1,1,0002,72,40,40,0,0,19,0.00
03/06/2018 12:37:22,55 59.40379,-2 30.55551,236,0,206,408338,1144818,348.00,1.525,3627,3624,3625,3,3622,93.2,34.0,88.4,31.3,none,none,80.6,27.0,3624,3624,3624,3624,3625,3626,3625,3624,3625,3626,3625,3626,3624,3625,3625,3624,3624,3625,3624,3624,3625,3625,3625,3624,3625,3624,3625,3624,3625,3626,3625,3625,3625,3625,3625,3625,3626,3625,3625,3626,3626,3626,3626,3625,3625,3625,3624,3624,3624,3624,3625,3625,3625,3626,3625,3625,3627,3626,3626,3626,3624,3625,3626,3626,3625,3626,3626,3625,3627,3626,3626,3625,3625,3624,3625,3624,3625,3625,3627,3626,3626,3626,3624,3625,3626,3624,3625,3626,3624,3625,3625,3624,3625,3625,3624,3624,-5.64,SJNFAAZE1U0005576,117.83,12.24,9121.7392578125,78,75,0,0,0,0,14.5,99.17,-155345,100,1528025842.063,0,0,0,0,0,0,0,0,0,1,348.00,348.00,77,0,1,1,0002,72,40,40,0,0,19,0.00
03/06/2018 12:37:25,55 59.40379,-2 30.55551,236,0,206,408420,1144818,349.63,-36.407,3646,3640,3642,6,3636,93.2,34.0,88.4,31.3,none,none,80.6,27.0,3645,3643,3643,3642,3644,3643,3643,3642,3643,3643,3642,3643,3642,3641,3642,3641,3641,3640,3640,3640,3641,3641,3641,3640,3641,3641,3641,3640,3641,3641,3642,3641,3642,3642,3642,3641,3643,3642,3642,3642,3642,3642,3643,3643,3643,3643,3643,3641,3645,3645,3646,3644,3646,3646,3645,3644,3645,3645,3645,3644,3645,3644,3645,3644,3644,3645,3644,3643,3644,3645,3644,3643,3641,3642,3644,3643,3644,3645,3645,3644,3644,3643,3643,3644,3644,3643,3644,3643,3644,3646,3644,3643,3645,3644,3643,3642,18.00,SJNFAAZE1U0005576,117.83,13.84,9121.7392578125,79,75,0,0,0,0,14.5,99.17,-155348,100,1528025845.369,0,1,0,0,0,0,0,3,0,1,349.34,349.34,77,0,1,1,0002,72,40,40,0,0,19,0.00
03/06/2018 12:37:29,55 59.40379,-2 30.55551,236,0,207,408928,1144818,351.84,-90.667,3671,3660,3665,11,3656,93.2,34.0,88.6,31.4,none,none,80.8,27.1,3668,3667,3668,3665,3667,3663,3666,3665,3665,3665,3665,3663,3665,3663,3665,3663,3663,3660,3664,3662,3662,3662,3663,3661,3665,3663,3664,3662,3664,3661,3664,3664,3663,3663,3664,3662,3665,3664,3665,3664,3664,3663,3667,3665,3666,3666,3665,3664,3670,3669,3671,3669,3671,3668,3669,3668,3670,3666,3669,3666,3671,3666,3666,3667,3667,3665,3668,3668,3666,3665,3666,3665,3666,3667,3668,3667,3668,3663,3666,3666,3666,3665,3667,3666,3668,3666,3667,3669,3669,3667,3667,3668,3669,3667,3667,3666,15.74,SJNFAAZE1U0005576,117.83,14.24,9121.7392578125,79,75,0,0,0,0,14.5,99.17,-155369,100,1528025849.148,0,1,1,0,5,0,0,3,0,1,351.31,351.31,7F,1,1,1,0082,72,40,40,0,0,19,0.00
03/06/2018 12:37:33,55 59.40406,-2 30.55533,239,0,207,409851,1144818,352.32,-99.181,3677,3663,3670,14,3659,93.2,34.0,88.4,31.3,none,none,80.8,27.1,3674,3672,3671,3672,3672,3671,3670,3670,3670,3670,3669,3668,3668,3667,3668,3667,3668,3668,3667,3667,3668,3667,3668,3666,3668,3667,3668,3667,3669,3669,3668,3668,3669,3666,3668,3667,3668,3669,3670,3668,3670,3670,3671,3669,3672,3670,3672,3670,3676,3675,3677,3675,3676,3677,3675,3673,3671,3672,3675,3674,3675,3673,3673,3671,3672,3675,3672,3669,3672,3672,3674,3672,3663,3672,3673,3670,3672,3672,3672,3672,3672,3672,3673,3672,3674,3671,3672,3669,3676,3675,3674,3672,3675,3673,3674,3672,13.65,SJNFAAZE1U0005576,117.83,14.40,9121.7392578125,79,75,0,0,0,0,14.5,99.17,-155407,100,1528025853.113,0,1,2,0,9,0,0,3,0,1,352.67,352.67,7F,1,1,1,0082,72,40,40,0,0,19,0.00
03/06/2018 12:37:37,55 59.40433,-2 30.55521,239,0,208,410794,1144818,352.80,-99.090,3681,3671,3675,10,3666,93.2,34.0,88.4,31.3,none,none,80.8,27.1,3680,3677,3676,3676,3677,3674,3675,3674,3676,3673,3674,3673,3674,3672,3674,3673,3673,3671,3671,3672,3673,3672,3671,3672,3672,3672,3673,3672,3673,3673,3673,3672,3674,3672,3673,3673,3675,3675,3674,3673,3675,3674,3675,3674,3676,3675,3678,3674,3681,3681,3681,3680,3681,3680,3681,3679,3678,3677,3679,3678,3681,3677,3677,3676,3676,3678,3678,3675,3677,3675,3678,3675,3671,3676,3679,3676,3677,3674,3678,3676,3677,3677,3678,3676,3679,3675,3676,3675,3680,3678,3679,3676,3679,3678,3679,3677,11.99,SJNFAAZE1U0005576,117.83,14.40,9121.7392578125,79,75,0,0,0,0,14.5,99.17,-155446,100,1528025857.053,0,1,2,0,9,0,0,3,0,1,352.86,352.86,7F,1,1,1,0082,72,40,40,0,0,19,0.00
03/06/2018 12:37:41,55 59.40431,-2 30.55477,242,0,208,411762,1144818,353.38,-100.158,3688,3676,3681,12,3670,93.2,34.0,88.4,31.3,none,none,80.8,27.1,3685,3683,3682,3682,3682,3681,3680,3680,3681,3679,3679,3678,3680,3678,3679,3678,3678,3677,3677,3676,3679,3677,3677,3677,3679,3678,3679,3678,3679,3678,3679,3678,3679,3678,3679,3678,3680,3680,3680,3679,3681,3680,3682,3680,3682,3682,3683,3681,3687,3687,3688,3687,3688,3686,3687,3685,3685,3683,3686,3684,3686,3683,3684,3683,3683,3684,3683,3683,3683,3682,3685,3682,3677,3683,3685,3681,3684,3680,3683,3683,3683,3683,3684,3684,3684,3683,3682,3682,3688,3685,3685,3683,3686,3685,3684,3683,10.71,SJNFAAZE1U0005576,117.83,14.40,9121.7392578125,79,75,0,0,0,0,14.5,99.17,-155486,100,1528025861.071,0,1,2,0,8,0,0,3,0,1,353.12,353.12,7F,1,1,1,0082,72,40,40,0,0,19,0.00
03/06/2018 12:37:45,55 59.40444,-2 30.5548,239,0,209,412731,1144818,353.57,-99.883,3690,3675,3683,15,3672,93.4,34.1,88.6,31.4,none,none,80.8,27.1,3688,3684,3683,3684,3684,3684,3681,3682,3683,3682,3682,3680,3680,3680,3679,3680,3680,3681,3678,3678,3680,3680,3679,3679,3680,3677,3680,3679,3679,3681,3680,3679,3681,3680,3680,3680,3680,3680,3680,3680,3683,3683,3683,3682,3684,3683,3686,3682,3689,3688,3690,3688,3690,3690,3689,3686,3684,3685,3689,3687,3688,3684,3685,3685,3684,3687,3685,3681,3685,3684,3685,3683,3675,3684,3686,3684,3684,3685,3684,3683,3685,3685,3686,3684,3687,3684,3683,3680,3689,3688,3688,3685,3688,3687,3686,3686,9.78,SJNFAAZE1U0005576,117.83,14.40,9121.7392578125,79,75,0,0,0,0,14.5,99.17,-155526,100,1528025865.107,0,1,1,0,7,0,0,3,0,1,353.75,353.75,7F,1,1,1,0082,72,40,40,0,0,19,0.00
03/06/2018 12:37:48,55 59.40448,-2 30.55482,239,0,209,413630,1144818,353.76,-99.822,3692,3678,3685,14,3674,93.2,34.0,88.4,31.3,none,none,80.8,27.1,3690,3687,3686,3686,3687,3686,3684,3683,3685,3683,3683,3682,3682,3680,3681,3680,3681,3682,3681,3680,3682,3681,3682,3681,3682,3681,3682,3681,3681,3682,3682,3681,3682,3681,3682,3682,3682,3682,3681,3682,3684,3684,3684,3683,3685,3685,3687,3684,3691,3691,3692,3689,3691,3690,3691,3688,3686,3686,3690,3688,3690,3685,3688,3686,3686,3688,3687,3684,3686,3685,3688,3686,3678,3685,3688,3685,3685,3684,3687,3686,3687,3686,3688,3687,3688,3684,3685,3683,3692,3690,3689,3687,3690,3688,3688,3687,8.84,SJNFAAZE1U0005576,117.83,14.40,9121.7392578125,79,75,0,0,0,0,15.0,99.17,-155563,100,1528025868.836,0,1,1,0,7,0,0,3,0,1,353.98,353.98,7F,1,1,1,0082,72,40,40,0,0,19,0.00
03/06/2018 12:37:52,55 59.40445,-2 30.55481,239,0,210,414559,1144818,354.05,-100.555,3695,3683,3688,12,3677,93.4,34.1,88.6,31.4,none,none,80.8,27.1,3694,3691,3689,3690,3690,3688,3687,3685,3687,3685,3687,3685,3686,3685,3685,3685,3685,3684,3683,3683,3685,3683,3685,3683,3685,3684,3685,3685,3685,3684,3685,3684,3686,3685,3686,3684,3687,3685,3687,3685,3688,3687,3689,3686,3690,3688,3691,3687,3695,3694,3695,3693,3695,3694,3695,3692,3689,3690,3694,3692,3693,3690,3691,3690,3690,3691,3690,3688,3690,3688,3691,3689,3683,3690,3691,3689,3689,3688,3690,3688,3691,3689,3691,3688,3691,3688,3690,3687,3694,3693,3693,3690,3693,3691,3691,3689,8.13,SJNFAAZE1U0005576,117.83,14.40,9121.7392578125,79,75,0,0,0,0,14.5,99.17,-155601,100,1528025872.356,0,1,0,0,0,0,0,3,0,1,354.20,354.20,7F,1,1,1,0082,72,40,40,0,0,19,0.00
03/06/2018 12:37:55,55 59.40439,-2 30.55478,239,0,210,415394,1144818,354.24,-100.738,3699,3685,3690,14,3676,93.4,34.1,88.6,31.4,none,none,80.8,27.1,3696,3693,3692,3692,3692,3689,3690,3689,3689,3688,3688,3686,3688,3687,3689,3687,3687,3686,3687,3685,3686,3686,3686,3685,3688,3687,3687,3686,3687,3685,3687,3686,3688,3687,3687,3686,3689,3687,3688,3687,3689,3688,3691,3688,3691,3689,3693,3689,3697,3697,3699,3696,3697,3697,3697,3695,3692,3693,3695,3694,3696,3693,3693,3691,3692,3692,3692,3691,3692,3690,3693,3689,3686,3693,3693,3691,3692,3689,3691,3691,3691,3691,3694,3690,3694,3691,3692,3690,3696,3695,3695,3692,3695,3694,3694,3692,7.57,SJNFAAZE1U0005576,117.83,14.40,9121.7392578125,79,75,0,0,0,0,15.0,99.17,-155636,100,1528025875.831,0,1,0,0,0,0,0,3,0,1,354.29,354.29,7F,1,1,1,0082,72,40,40,0,0,19,0.00
03/06/2018 12:37:59,55 59.40439,-2 30.55477,239,0,210,416229,1144818,354.53,-100.860,3701,3687,3693,14,3681,93.4,34.1,88.6,31.4,none,none,80.8,27.1,3699,3696,3694,3695,3694,3692,3692,3691,3692,3691,3691,3689,3691,3690,3690,3689,3689,3688,3689,3687,3690,3688,3689,3687,3689,3689,3690,3689,3690,3688,3690,3690,3690,3689,3690,3689,3691,3690,3692,3690,3692,3691,3693,3692,3694,3693,3695,3692,3700,3699,3701,3699,3700,3698,3699,3698,3696,3695,3697,3698,3699,3694,3695,3695,3695,3694,3695,3695,3694,3693,3695,3693,3689,3695,3697,3694,3695,3693,3695,3694,3694,3694,3696,3694,3696,3694,3694,3693,3700,3697,3697,3695,3698,3696,3697,3694,7.01,SJNFAAZE1U0005576,117.83,14.40,9121.7392578125,79,75,0,0,0,0,14.5,99.17,-155670,100,1528025879.161,0,1,0,0,0,0,0,3,0,1,354.52,354.52,7F,1,1,1,0082,72,40,40,0,0,19,0.00
03/06/2018 12:38:02,55 59.40438,-2 30.55477,239,0,211,417114,1144818,354.91,-102.019,3705,3692,3697,13,3685,93.6,34.2,88.8,31.6,none,none,81.2,27.3,3703,3701,3699,3700,3700,3697,3696,3697,3697,3694,3696,3694,3695,3694,3693,3693,3693,3692,3694,3692,3693,3693,3693,3693,3694,3694,3694,3693,3694,3693,3694,3694,3695,3693,3694,3695,3695,3695,3696,3695,3696,3695,3697,3696,3698,3697,3700,3697,3704,3704,3705,3704,3705,3704,3703,3702,3702,3699,3703,3701,3704,3699,3700,3699,3699,3700,3700,3699,3699,3698,3700,3698,3695,3700,3701,3698,3699,3696,3698,3698,3699,3698,3699,3698,3701,3698,3698,3699,3705,3702,3702,3701,3703,3701,3701,3699,6.53,SJNFAAZE1U0005576,117.83,14.40,9121.7392578125,79,75,0,0,0,0,14.5,99.17,-155707,100,1528025882.907,0,1,0,0,0,0,0,3,0,1,354.57,354.57,7F,1,1,1,0082,72,40,40,0,0,19,0.00
03/06/2018 12:38:06,55 59.40438,-2 30.55476,239,0,211,418020,1144818,355.01,-101.409,3706,3692,3698,14,3686,93.6,34.2,89.0,31.7,none,none,81.2,27.3,3703,3700,3699,3699,3700,3698,3696,3696,3698,3696,3696,3694,3694,3693,3694,3693,3693,3694,3692,3693,3694,3693,3693,3692,3694,3693,3694,3694,3695,3695,3695,3693,3696,3694,3695,3695,3695,3695,3695,3694,3696,3697,3698,3696,3699,3698,3700,3697,3704,3703,3705,3704,3705,3706,3705,3701,3700,3700,3703,3701,3702,3700,3699,3699,3699,3701,3698,3697,3700,3699,3701,3698,3692,3699,3700,3698,3699,3699,3698,3700,3698,3699,3700,3700,3701,3699,3698,3698,3705,3705,3702,3701,3704,3701,3702,3700,6.07,SJNFAAZE1U0005576,117.83,14.40,9121.7392578125,79,75,0,0,0,0,14.5,99.17,-155744,100,1528025886.613,0,1,1,0,4,0,0,3,0,1,355.04,355.04,7F,1,1,1,0082,72,40,40,0,0,19,0.00
03/06/2018 12:38:10,55 59.40437,-2 30.55476,239,0,212,418920,1144818,355.20,-101.531,3708,3694,3700,14,3688,93.8,34.3,88.8,31.6,none,none,81.2,27.3,3706,3703,3701,3701,3701,3699,3700,3699,3699,3698,3697,3697,3697,3696,3696,3696,3696,3694,3696,3695,3697,3695,3696,3696,3696,3698,3697,3696,3696,3695,3696,3696,3697,3696,3696,3697,3697,3697,3698,3698,3699,3698,3700,3698,3700,3701,3702,3699,3707,3707,3708,3706,3708,3707,3707,3705,3705,3701,3704,3703,3706,3702,3702,3701,3702,3703,3701,3703,3701,3701,3702,3699,3698,3702,3703,3701,3703,3700,3701,3702,3702,3701,3702,3703,3703,3701,3701,3702,3706,3706,3705,3704,3706,3703,3703,3702,5.68,SJNFAAZE1U0005576,117.83,14.40,9121.7392578125,79,75,0,0,0,0,14.5,99.17,-155781,100,1528025890.226,0,1,1,0,5,0,0,3,0,1,355.15,355.15,7F,1,1,1,0082,72,40,40,0,0,19,0.00
03/06/2018 12:38:13,55 59.40437,-2 30.55476,239,0,212,419766,1144818,355.01,-99.120,3707,3693,3698,14,3684,93.8,34.3,89.0,31.7,none,none,81.2,27.3,3705,3702,3700,3700,3700,3699,3697,3696,3698,3696,3696,3696,3696,3694,3696,3695,3695,3694,3695,3693,3694,3693,3695,3693,3695,3694,3695,3694,3695,3695,3695,3694,3695,3694,3695,3696,3696,3695,3696,3695,3697,3696,3699,3697,3700,3698,3700,3697,3706,3705,3707,3705,3705,3704,3706,3704,3700,3700,3704,3701,3705,3699,3701,3699,3700,3700,3700,3699,3699,3698,3702,3698,3694,3700,3702,3699,3701,3698,3699,3699,3700,3699,3700,3700,3702,3698,3699,3698,3705,3704,3703,3701,3703,3701,3702,3700,5.31,SJNFAAZE1U0005576,117.83,14.40,9121.7392578125,79,75,0,0,0,0,14.5,99.17,-155816,100,1528025893.684,0,1,1,0,5,0,0,3,0,1,355.10,355.10,7F,1,1,1,0082,72,40,40,0,0,19,0.00
03/06/2018 12:38:17,55 59.40437,-2 30.55476,239,0,213,420636,1144818,355.30,-99.669,3710,3695,3701,15,3687,93.8,34.3,89.0,31.7,none,none,81.2,27.3,3708,3704,3702,3702,3703,3699,3700,3700,3700,3699,3699,3698,3698,3697,3697,3696,3697,3696,3697,3695,3697,3696,3697,3697,3698,3697,3697,3698,3697,3695,3697,3698,3699,3697,3696,3696,3700,3698,3700,3698,3699,3698,3702,3699,3701,3701,3703,3699,3709,3707,3710,3707,3709,3706,3709,3706,3704,3702,3706,3706,3708,3703,3704,3702,3702,3702,3703,3702,3702,3700,3703,3700,3698,3703,3705,3702,3703,3700,3702,3702,3702,3701,3704,3702,3704,3702,3702,3702,3708,3705,3705,3705,3707,3705,3705,3703,5.01,SJNFAAZE1U0005576,117.83,14.40,9121.7392578125,79,75,0,0,0,0,14.5,99.17,-155852,100,1528025897.536,0,1,1,0,5,0,0,3,0,1,355.17,355.17,7F,1,1,1,0082,72,40,40,0,0,19,0.00
03/06/2018 12:38:21,55 59.40437,-2 30.55476,239,0,213,421580,1144818,355.68,-100.249,3714,3699,3705,15,3691,94.0,34.4,89.2,31.8,none,none,81.6,27.6,3712,3709,3707,3706,3708,3704,3704,3704,3704,3703,3703,3701,3702,3702,3702,3701,3701,3700,3701,3700,3702,3700,3701,3700,3702,3702,3702,3701,3701,3699,3701,3701,3703,3701,3701,3701,3704,3702,3702,3703,3704,3703,3706,3704,3705,3705,3707,3705,3713,3712,3714,3712,3713,3712,3711,3711,3710,3707,3711,3709,3713,3708,3707,3707,3706,3707,3707,3709,3706,3706,3707,3705,3705,3708,3708,3706,3709,3704,3706,3708,3706,3706,3708,3708,3708,3706,3705,3708,3712,3711,3710,3710,3711,3709,3709,3707,4.71,SJNFAAZE1U0005576,117.83,14.40,9121.7392578125,79,75,0,0,0,0,14.5,99.17,-155891,100,1528025901.361,0,1,1,0,5,0,0,3,0,1,355.58,355.58,7F,1,1,1,0082,71,40,40,0,0,19,0.00
03/06/2018 12:38:25,55 59.40437,-2 30.55476,239,0,214,422498,1144818,355.49,-99.181,3711,3697,3703,14,3691,94.0,34.4,89.2,31.8,none,none,81.4,27.4,3709,3706,3704,3705,3705,3703,3700,3701,3703,3700,3700,3699,3700,3699,3698,3698,3699,3698,3698,3697,3699,3697,3699,3698,3699,3698,3700,3698,3699,3698,3699,3699,3700,3699,3698,3699,3700,3700,3700,3699,3701,3703,3704,3702,3704,3703,3706,3702,3710,3709,3711,3709,3710,3710,3710,3707,3703,3705,3709,3706,3708,3704,3705,3704,3704,3707,3704,3701,3704,3703,3706,3703,3697,3703,3707,3703,3704,3703,3703,3703,3704,3705,3706,3704,3706,3703,3703,3701,3710,3709,3708,3706,3709,3707,3707,3706,4.43,SJNFAAZE1U0005576,117.83,14.40,9121.7392578125,79,75,0,0,0,0,14.5,99.17,-155929,100,1528025905.169,0,1,1,0,5,0,0,3,0,1,355.69,355.69,7F,1,1,1,0082,71,40,40,0,0,19,0.00
03/06/2018 12:38:28,55 59.40437,-2 30.55475,239,0,214,423367,1144818,355.78,-100.371,3716,3700,3706,16,3691,94.0,34.4,89.4,31.9,none,none,81.6,27.6,3713,3710,3708,3708,3708,3705,3706,3705,3705,3703,3705,3702,3704,3702,3703,3702,3702,3700,3702,3702,3702,3701,3702,3700,3703,3703,3703,3702,3703,3700,3703,3702,3705,3701,3702,3703,3704,3703,3704,3703,3704,3704,3707,3705,3706,3706,3708,3705,3714,3714,3715,3713,3716,3711,3714,3711,3712,3708,3712,3710,3714,3708,3708,3707,3707,3707,3709,3709,3707,3707,3708,3706,3706,3710,3710,3708,3710,3704,3707,3708,3708,3707,3709,3707,3710,3707,3708,3708,3713,3711,3711,3710,3712,3711,3709,3709,4.13,SJNFAAZE1U0005576,117.83,14.40,9121.7392578125,79,75,0,0,0,0,14.5,99.17,-155964,100,1528025908.857,0,1,1,0,5,0,0,3,0,1,355.63,355.63,7F,1,1,1,0082,71,40,40,0,0,19,0.00
03/06/2018 12:38:32,55 59.40448,-2 30.55459,239,0,214,424285,1144818,355.78,-98.479,3715,3700,3706,15,3692,94.2,34.6,89.4,31.9,none,none,81.8,27.7,3714,3709,3707,3708,3708,3708,3705,3705,3706,3704,3704,3703,3703,3702,3702,3702,3702,3704,3702,3701,3703,3700,3702,3701,3703,3702,3703,3702,3702,3703,3703,3702,3704,3702,3702,3703,3704,3704,3704,3703,3706,3706,3706,3705,3708,3706,3709,3706,3714,3713,3714,3712,3714,3715,3714,3711,3707,3709,3712,3711,3712,3709,3708,3708,3707,3710,3708,3706,3708,3708,3709,3706,3700,3708,3710,3707,3708,3708,3707,3708,3706,3708,3710,3708,3710,3707,3706,3706,3714,3714,3711,3709,3713,3710,3710,3710,3.87,SJNFAAZE1U0005576,117.83,14.40,9121.7392578125,79,75,0,0,0,0,14.5,99.17,-156002,100,1528025912.580,0,1,1,0,5,0,0,3,0,1,356.08,356.08,7F,1,1,1,0082,71,40,40,0,0,19,0.00
03/06/2018 12:38:36,55 59.4051,-2 30.55503,242,0,215,425203,1144818,355.97,-99.822,3717,3702,3708,15,3694,94.2,34.6,89.6,32.0,none,none,81.8,27.7,3715,3712,3710,3710,3710,3707,3708,3707,3708,3706,3706,3705,3705,3705,3705,3705,3704,3702,3704,3703,3703,3704,3704,3702,3704,3704,3706,3704,3705,3702,3705,3704,3705,3704,3704,3704,3706,3704,3706,3705,3707,3705,3709,3706,3709,3708,3711,3707,3717,3715,3717,3715,3716,3714,3715,3714,3712,3710,3713,3712,3716,3710,3710,3709,3710,3711,3710,3710,3709,3708,3710,3708,3707,3711,3712,3709,3711,3707,3709,3709,3709,3709,3711,3709,3712,3709,3708,3709,3716,3714,3713,3712,3715,3711,3713,3710,3.68,SJNFAAZE1U0005576,117.83,14.40,9121.7392578125,79,75,0,0,0,0,14.5,99.17,-156040,100,1528025916.530,0,1,1,0,5,0,0,3,0,1,355.86,355.86,7F,1,1,1,0082,71,40,40,0,0,19,0.00
03/06/2018 12:38:40,55 59.40552,-2 30.55553,242,0,215,426146,1144818,356.06,-99.425,3718,3703,3709,15,3695,94.4,34.7,89.6,32.0,none,none,82.0,27.8,3716,3712,3710,3710,3711,3708,3707,3707,3708,3706,3707,3705,3706,3705,3705,3705,3705,3703,3704,3704,3705,3703,3704,3704,3705,3705,3705,3704,3705,3704,3705,3704,3706,3706,3705,3705,3706,3706,3706,3705,3707,3706,3709,3706,3710,3710,3712,3707,3717,3716,3718,3716,3716,3715,3716,3714,3712,3711,3715,3712,3715,3710,3711,3710,3710,3712,3712,3710,3710,3708,3712,3708,3705,3711,3712,3710,3711,3708,3709,3710,3710,3710,3712,3711,3713,3709,3710,3709,3717,3715,3715,3712,3715,3713,3713,3711,3.46,SJNFAAZE1U0005576,117.83,14.40,9121.7392578125,79,75,0,0,0,0,14.5,99.17,-156079,100,1528025920.620,0,1,1,0,5,0,0,3,0,1,356.04,356.04,7F,1,1,1,0082,71,40,40,0,0,19,0.00
03/06/2018 12:38:44,55 59.40438,-2 30.55562,246,0,216,427139,1144818,356.16,-99.883,3720,3704,3710,16,3695,94.4,34.7,89.6,32.0,none,none,82.0,27.8,3717,3713,3711,3711,3711,3709,3708,3708,3709,3707,3707,3707,3708,3706,3706,3705,3706,3705,3706,3705,3706,3705,3705,3704,3706,3706,3706,3705,3706,3705,3707,3705,3708,3706,3706,3706,3708,3707,3706,3706,3708,3708,3711,3708,3712,3710,3712,3709,3718,3717,3720,3717,3716,3716,3717,3715,3712,3712,3714,3714,3716,3712,3713,3711,3711,3712,3712,3711,3710,3710,3712,3710,3706,3712,3714,3710,3711,3709,3710,3710,3710,3710,3714,3711,3714,3710,3710,3710,3717,3715,3714,3713,3717,3713,3715,3713,3.29,SJNFAAZE1U0005576,117.83,14.40,9121.7392578125,79,75,0,0,0,0,14.5,99.17,-156120,100,1528025924.508,0,1,1,0,5,0,0,3,0,1,356.24,356.24,7F,1,1,1,0082,71,40,40,0,0,19,0.00
03/06/2018 12:38:48,55 59.40472,-2 30.55532,239,0,216,428090,1144818,356.35,-100.463,3721,3706,3712,15,3698,94.4,34.7,89.8,32.1,none,none,82.0,27.8,3718,3716,3712,3715,3715,3712,3710,3710,3713,3710,3710,3708,3709,3708,3708,3707,3709,3708,3707,3708,3709,3706,3707,3708,3708,3707,3708,3708,3708,3708,3708,3709,3710,3708,3707,3708,3709,3709,3709,3708,3710,3711,3713,3710,3712,3713,3715,3712,3720,3719,3721,3719,3721,3720,3720,3718,3714,3714,3717,3717,3719,3714,3714,3714,3714,3717,3714,3712,3714,3713,3715,3713,3706,3714,3716,3712,3713,3712,3713,3714,3714,3713,3715,3714,3715,3712,3712,3711,3720,3720,3717,3716,3717,3717,3716,3715,3.14,SJNFAAZE1U0005576,117.83,14.40,9121.7392578125,79,75,0,0,0,0,14.5,99.17,-156159,100,1528025928.385,0,1,0,0,0,0,0,3,0,1,356.64,356.64,7F,1,1,1,0082,71,40,40,0,0,19,0.00
03/06/2018 12:38:52,55 59.40467,-2 30.55527,239,0,217,429016,1144818,356.35,-100.463,3722,3706,3712,16,3697,94.6,34.8,90.0,32.2,none,none,82.2,27.9,3720,3717,3714,3715,3714,3712,3712,3711,3712,3710,3710,3709,3709,3709,3709,3708,3709,3708,3709,3707,3708,3707,3707,3706,3708,3708,3709,3707,3708,3707,3709,3707,3709,3709,3708,3708,3710,3709,3711,3709,3712,3710,3714,3710,3714,3712,3715,3712,3721,3720,3722,3719,3719,3720,3721,3719,3716,3714,3718,3716,3719,3715,3716,3714,3714,3714,3715,3712,3713,3712,3715,3712,3709,3715,3717,3714,3714,3711,3713,3714,3714,3714,3715,3714,3717,3714,3713,3712,3721,3719,3717,3715,3719,3715,3716,3715,2.97,SJNFAAZE1U0005576,117.83,14.40,9121.7392578125,79,75,0,0,0,0,14.5,99.17,-156197,100,1528025932.153,0,1,0,0,0,0,0,3,0,1,356.40,356.40,7F,1,1,1,0082,71,40,40,0,0,19,0.00
03/06/2018 12:38:55,55 59.40467,-2 30.55527,239,0,217,429942,1144818,356.74,-101.043,3727,3710,3716,17,3699,94.6,34.8,90.0,32.2,none,none,82.2,27.9,3724,3721,3717,3718,3717,3714,3715,3714,3714,3713,3713,3712,3714,3712,3713,3711,3712,3711,3712,3711,3712,3711,3712,3710,3711,3712,3713,3712,3711,3710,3712,3712,3714,3712,3712,3711,3713,3713,3714,3713,3715,3714,3717,3714,3717,3716,3719,3714,3724,3724,3727,3723,3725,3721,3724,3722,3720,3718,3721,3719,3722,3718,3719,3718,3717,3717,3718,3718,3717,3716,3718,3714,3715,3719,3720,3717,3719,3714,3717,3717,3718,3717,3718,3717,3720,3717,3716,3718,3724,3721,3721,3720,3722,3719,3719,3717,2.78,SJNFAAZE1U0005576,117.83,14.40,9121.7392578125,79,75,0,0,0,0,14.5,99.17,-156235,100,1528025935.966,0,1,0,0,0,0,0,3,0,1,356.44,356.44,7F,1,1,1,0082,71,40,40,0,0,19,0.00
03/06/2018 12:38:59,55 59.40467,-2 30.55527,239,0,218,430841,1144818,356.83,-100.402,3726,3710,3717,16,3703,94.6,34.8,90.0,32.2,none,none,82.4,28.0,3724,3721,3718,3720,3720,3715,3716,3716,3716,3714,3714,3712,3714,3713,3713,3713,3712,3711,3713,3711,3713,3712,3712,3712,3714,3713,3713,3712,3713,3710,3713,3712,3714,3712,3713,3712,3715,3713,3714,3713,3716,3714,3717,3716,3718,3717,3719,3716,3725,3725,3726,3724,3726,3722,3726,3723,3723,3719,3723,3721,3724,3719,3720,3718,3719,3719,3719,3719,3718,3717,3720,3717,3717,3721,3721,3719,3721,3715,3718,3719,3717,3718,3720,3719,3720,3718,3717,3720,3725,3723,3722,3722,3724,3720,3721,3719,2.67,SJNFAAZE1U0005576,117.83,14.40,9121.7392578125,79,75,0,0,0,0,15.0,99.17,-156272,100,1528025939.715,0,1,1,0,4,0,0,3,0,1,356.71,356.71,7F,1,1,1,0082,71,40,40,0,0,19,0.00
03/06/2018 12:39:03,55 59.40467,-2 30.55527,239,0,218,431761,1144818,356.83,-99.669,3726,3710,3717,16,3703,94.8,34.9,90.0,32.2,none,none,82.4,28.0,3724,3721,3717,3719,3719,3718,3715,3714,3716,3715,3714,3714,3713,3712,3713,3711,3712,3714,3711,3711,3713,3711,3713,3711,3713,3710,3712,3712,3712,3712,3713,3711,3714,3713,3713,3712,3714,3714,3714,3713,3714,3716,3717,3715,3718,3716,3720,3717,3724,3724,3726,3724,3725,3726,3725,3722,3719,3719,3724,3722,3723,3719,3719,3718,3717,3720,3718,3718,3719,3718,3719,3717,3710,3719,3720,3717,3718,3718,3718,3719,3718,3718,3720,3718,3719,3718,3718,3716,3725,3725,3721,3721,3724,3720,3722,3720,2.52,SJNFAAZE1U0005576,117.83,14.40,9121.7392578125,79,75,0,0,0,0,14.5,99.17,-156310,100,1528025943.378,0,1,1,0,4,0,0,3,0,1,356.95,356.95,7F,1,1,1,0082,71,40,40,0,0,19,0.00
03/06/2018 12:39:07,55 59.40467,-2 30.55527,239,0,219,432657,1144818,357.12,-100.463,3729,3713,3720,16,0,94.8,34.9,90.2,32.3,none,none,82.6,28.1,3727,3724,3721,3721,3722,3720,3718,3718,3718,3717,3717,3715,3716,3715,3715,3715,3715,3714,3714,3713,3715,3714,3716,3713,3716,3715,3715,3715,3715,3713,3716,3715,3716,3715,3716,3716,3717,3716,3717,3717,3718,3717,3719,3718,3721,3719,3721,3719,3728,3728,3729,3728,3728,3727,3727,3726,3725,3722,3725,3723,3727,3722,3722,3721,3721,3723,3722,3722,3720,3720,3722,3720,3719,3722,3724,3720,3722,3719,3720,3722,3721,3721,3723,3721,3724,3721,3720,3722,3729,3725,3726,3725,3726,3723,3724,3723,2.45,SJNFAAZE1U0005576,117.83,14.40,9121.7392578125,79,75,0,0,0,0,14.5,99.17,-156347,100,1528025947.305,0,1,1,0,4,0,0,3,0,1,356.77,356.77,7F,1,1,1,0082,71,40,40,0,0,19,0.00
03/06/2018 12:39:11,55 59.40467,-2 30.55527,239,0,219,433602,1144818,356.83,-99.883,3727,3711,3717,16,3702,95.0,35.0,90.2,32.3,none,none,82.4,28.0,3724,3722,3719,3720,3719,3717,3716,3716,3716,3714,3715,3713,3714,3713,3713,3712,3714,3712,3713,3712,3714,3711,3713,3712,3713,3712,3714,3713,3713,3712,3713,3713,3714,3714,3712,3713,3714,3714,3716,3714,3716,3715,3719,3715,3719,3718,3720,3717,3727,3725,3727,3725,3725,3724,3726,3723,3720,3719,3723,3722,3725,3720,3720,3719,3718,3720,3720,3720,3720,3717,3721,3718,3714,3720,3721,3717,3720,3716,3718,3718,3719,3718,3721,3720,3720,3717,3718,3718,3725,3723,3723,3721,3725,3721,3722,3719,2.31,SJNFAAZE1U0005576,117.83,14.40,9121.7392578125,79,75,0,0,0,0,14.5,99.17,-156386,100,1528025951.078,0,1,1,0,5,0,0,3,0,1,356.84,356.84,7F,1,1,1,0082,71,40,40,0,0,19,0.00
03/06/2018 12:39:14,55 59.40467,-2 30.55527,239,0,220,434472,1144818,357.22,-99.883,3730,3715,3721,15,0,95.2,35.1,90.4,32.4,none,none,82.8,28.2,3727,3726,3722,3723,3722,3721,3720,3719,3720,3718,3717,3716,3717,3717,3716,3715,3716,3717,3716,3716,3716,3715,3715,3716,3716,3716,3717,3716,3716,3716,3717,3717,3718,3717,3716,3716,3718,3717,3717,3717,3719,3719,3721,3719,3722,3721,3723,3720,3730,3728,3730,3728,3730,3730,3729,3727,3724,3723,3727,3724,3728,3724,3723,3722,3721,3724,3723,3722,3722,3723,3725,3721,3718,3723,3724,3721,3723,3721,3721,3724,3722,3722,3725,3723,3725,3722,3720,3722,3729,3729,3726,3726,3728,3725,3726,3724,2.21,SJNFAAZE1U0005576,117.83,14.40,9121.7392578125,79,75,0,0,0,0,14.5,99.17,-156422,100,1528025954.563,0,1,1,0,5,0,0,3,0,1,357.24,357.24,7F,1,1,1,0082,71,40,40,0,0,19,0.00
03/06/2018 12:39:18,55 59.40467,-2 30.55527,239,0,220,435341,1144818,357.02,-98.784,3729,3712,3719,17,3704,95.0,35.0,90.4,32.4,none,none,82.6,28.1,3725,3722,3720,3720,3721,3719,3718,3717,3717,3716,3716,3716,3715,3713,3714,3714,3715,3714,3714,3713,3714,3712,3714,3714,3714,3713,3715,3714,3715,3713,3715,3714,3716,3714,3715,3716,3716,3715,3716,3715,3718,3719,3720,3717,3720,3718,3722,3718,3728,3726,3729,3726,3728,3727,3727,3724,3722,3720,3726,3723,3726,3721,3721,3720,3721,3723,3722,3719,3720,3719,3722,3718,3713,3721,3722,3719,3721,3718,3719,3719,3720,3720,3723,3720,3723,3719,3719,3718,3727,3726,3725,3722,3725,3723,3724,3722,2.03,SJNFAAZE1U0005576,117.83,14.32,9121.7392578125,79,75,0,0,0,0,14.5,99.17,-156458,100,1528025958.424,0,1,1,0,5,0,0,3,0,1,357.07,357.07,7F,1,1,1,0082,71,40,40,0,0,19,0.00
03/06/2018 12:39:22,55 59.40467,-2 30.55527,239,0,221,436284,1144818,357.31,-99.425,3731,3715,3722,16,0,95.2,35.1,90.6,32.6,none,none,82.8,28.2,3728,3725,3723,3723,3724,3722,3719,3719,3721,3719,3718,3719,3717,3717,3716,3716,3717,3718,3715,3716,3717,3716,3716,3716,3717,3717,3717,3717,3717,3718,3718,3717,3718,3718,3717,3717,3718,3717,3719,3717,3720,3721,3722,3719,3723,3721,3724,3721,3730,3729,3731,3728,3730,3731,3729,3728,3723,3724,3727,3726,3727,3724,3723,3723,3723,3726,3724,3721,3723,3722,3724,3722,3716,3724,3725,3722,3724,3724,3722,3723,3723,3722,3726,3723,3725,3722,3721,3723,3731,3731,3727,3726,3729,3726,3726,3726,1.73,SJNFAAZE1U0005576,117.83,14.00,9121.7392578125,79,75,0,0,0,0,14.5,99.17,-156497,100,1528025962.141,0,1,1,0,5,0,0,3,0,1,357.43,357.43,7F,1,1,1,0082,71,40,40,0,0,19,0.00
03/06/2018 12:39:25,55 59.40467,-2 30.55527,239,0,221,437107,1144818,357.22,-98.723,3732,3715,3721,17,0,95.2,35.1,90.6,32.6,none,none,82.8,28.2,3729,3725,3722,3724,3724,3722,3719,3720,3720,3718,3718,3718,3719,3717,3717,3716,3717,3717,3715,3716,3717,3716,3716,3716,3715,3717,3716,3716,3717,3718,3718,3716,3718,3718,3717,3718,3718,3717,3718,3717,3720,3720,3722,3719,3723,3722,3725,3721,3730,3729,3732,3727,3730,3730,3730,3727,3724,3723,3728,3726,3728,3723,3724,3723,3723,3726,3724,3721,3723,3722,3725,3721,3715,3724,3726,3721,3723,3722,3722,3723,3723,3723,3725,3723,3725,3721,3721,3720,3731,3730,3727,3724,3728,3727,3726,3725,1.29,SJNFAAZE1U0005576,117.83,13.68,9121.7392578125,79,75,0,0,0,0,14.5,99.17,-156531,100,1528025965.512,0,1,1,0,5,0,0,3,0,1,357.42,357.42,7F,1,1,1,0082,71,40,40,0,0,19,0.00
03/06/2018 12:39:29,55 59.40467,-2 30.55527,239,0,221,437953,1144818,357.50,-100.433,3735,3718,3724,17,0,95.4,35.2,90.6,32.6,none,none,82.9,28.3,3732,3729,3726,3726,3726,3723,3723,3722,3723,3722,3722,3720,3721,3720,3721,3720,3719,3718,3720,3720,3720,3719,3719,3719,3720,3721,3720,3720,3718,3718,3720,3720,3721,3720,3720,3720,3722,3720,3722,3720,3722,3720,3725,3722,3726,3725,3727,3722,3733,3732,3735,3732,3733,3731,3733,3730,3729,3725,3731,3728,3732,3727,3727,3725,3726,3726,3726,3727,3725,3724,3727,3724,3724,3728,3728,3726,3728,3723,3725,3725,3725,3726,3728,3726,3729,3724,3724,3727,3731,3730,3729,3730,3730,3728,3729,3727,-0.79,SJNFAAZE1U0005576,117.83,13.44,9121.7392578125,79,75,0,0,0,0,14.5,99.17,-156566,100,1528025969.323,0,1,1,0,5,0,0,3,0,1,357.33,357.33,7F,1,1,1,0082,71,40,40,0,0,19,0.00
03/06/2018 12:39:33,55 59.40467,-2 30.55527,239,0,222,438923,1144818,357.41,-99.792,3732,3717,3723,15,0,95.2,35.1,90.6,32.6,none,none,82.8,28.2,3730,3728,3724,3724,3725,3722,3722,3721,3722,3720,3720,3719,3719,3719,3718,3718,3719,3718,3718,3718,3718,3718,3718,3718,3719,3718,3719,3719,3719,3717,3719,3718,3720,3719,3718,3719,3721,3719,3720,3719,3721,3721,3723,3721,3724,3723,3726,3722,3731,3730,3732,3730,3730,3730,3732,3728,3725,3724,3730,3728,3729,3725,3726,3725,3725,3727,3726,3723,3723,3723,3727,3723,3720,3726,3726,3723,3723,3723,3723,3724,3725,3724,3726,3724,3727,3724,3724,3723,3732,3731,3729,3726,3729,3726,3728,3726,-7.59,SJNFAAZE1U0005576,117.83,13.12,9121.7392578125,79,75,0,0,0,0,14.5,99.17,-156606,100,1528025973.038,0,1,1,0,5,0,0,3,0,1,357.47,357.47,7F,1,1,1,0082,71,40,40,0,0,19,0.00
03/06/2018 12:39:36,55 59.40467,-2 30.55527,239,0,222,439821,1144818,357.60,-100.036,3735,3719,3725,16,0,95.4,35.2,90.8,32.7,none,none,82.9,28.3,3732,3729,3726,3728,3728,3726,3723,3723,3724,3722,3723,3721,3721,3721,3721,3719,3721,3721,3720,3720,3721,3720,3720,3720,3719,3720,3721,3720,3721,3721,3720,3721,3722,3722,3720,3722,3722,3721,3722,3721,3725,3724,3726,3724,3727,3726,3729,3724,3734,3732,3735,3732,3735,3734,3734,3731,3727,3728,3732,3730,3732,3728,3728,3727,3727,3729,3727,3725,3726,3726,3728,3725,3720,3728,3729,3727,3727,3726,3726,3728,3727,3726,3728,3727,3729,3726,3725,3726,3734,3735,3730,3730,3733,3729,3730,3730,-4.86,SJNFAAZE1U0005576,117.83,13.04,9121.7392578125,79,75,0,0,0,0,14.5,99.17,-156643,100,1528025976.997,0,1,1,0,5,0,0,3,0,1,357.83,357.83,7F,1,1,1,0082,71,40,40,0,0,19,0.00
03/06/2018 12:39:41,55 59.40467,-2 30.55527,239,0,223,440814,1144818,357.89,-100.249,3738,3720,3728,18,0,95.4,35.2,90.8,32.7,none,none,82.9,28.3,3735,3733,3729,3729,3730,3727,3726,3727,3726,3725,3726,3723,3725,3723,3724,3724,3724,3722,3724,3723,3723,3720,3722,3723,3724,3724,3725,3724,3725,3722,3724,3723,3725,3723,3723,3723,3725,3724,3725,3724,3727,3726,3729,3725,3729,3728,3730,3726,3737,3736,3738,3736,3738,3735,3736,3734,3733,3730,3734,3732,3735,3731,3730,3729,3729,3730,3730,3731,3729,3728,3731,3728,3727,3732,3731,3729,3731,3727,3728,3729,3728,3728,3731,3729,3731,3728,3728,3731,3736,3734,3732,3733,3735,3732,3732,3730,-1.99,SJNFAAZE1U0005576,117.83,13.04,9121.7392578125,79,75,0,0,0,0,14.5,99.17,-156683,100,1528025981.147,0,1,1,0,5,0,0,3,0,1,357.57,357.57,7F,1,1,1,0082,71,40,40,0,0,19,0.00
03/06/2018 12:39:44,55 59.40467,-2 30.55527,239,0,223,441760,1144818,357.70,-100.097,3736,3720,3726,16,0,95.6,35.3,91.0,32.8,none,none,83.1,28.4,3734,3731,3728,3729,3728,3727,3724,3725,3725,3723,3724,3722,3723,3722,3722,3721,3722,3721,3722,3720,3722,3720,3721,3721,3721,3722,3721,3721,3722,3721,3722,3722,3724,3722,3721,3722,3722,3722,3722,3722,3724,3725,3726,3724,3727,3726,3729,3726,3735,3734,3736,3734,3735,3734,3734,3733,3729,3729,3733,3730,3732,3728,3729,3728,3728,3730,3729,3725,3728,3726,3730,3726,3722,3729,3729,3726,3726,3726,3728,3727,3727,3727,3730,3727,3730,3727,3726,3726,3735,3734,3731,3729,3734,3730,3731,3730,-1.08,SJNFAAZE1U0005576,117.83,13.04,9121.7392578125,79,75,0,0,0,0,14.5,99.17,-156722,100,1528025984.879,0,1,0,0,0,0,0,3,0,1,357.75,357.75,7F,1,1,1,0082,71,40,40,0,0,19,0.00
03/06/2018 12:39:48,55 59.40467,-2 30.55527,239,0,224,442663,1144818,357.98,-100.524,3739,3723,3729,16,0,95.4,35.2,91.0,32.8,none,none,83.1,28.4,3737,3734,3729,3731,3731,3729,3727,3727,3729,3726,3726,3726,3726,3724,3724,3724,3725,3725,3723,3723,3724,3723,3723,3723,3725,3723,3724,3724,3724,3725,3725,3724,3726,3725,3724,3725,3726,3725,3726,3725,3728,3727,3730,3726,3729,3729,3732,3728,3738,3736,3739,3736,3738,3738,3738,3735,3731,3731,3735,3734,3736,3730,3730,3731,3729,3733,3731,3730,3731,3730,3732,3729,3724,3732,3733,3730,3731,3729,3729,3730,3730,3730,3733,3731,3732,3730,3728,3729,3738,3737,3734,3734,3736,3733,3734,3733,-0.62,SJNFAAZE1U0005576,117.83,13.04,9121.7392578125,79,75,0,0,0,0,14.5,99.17,-156760,100,1528025988.577,0,1,0,0,0,0,0,3,0,1,358.07,358.07,7F,1,1,1,0082,71,40,40,0,0,19,0.00
03/06/2018 12:39:52,55 59.40467,-2 30.55527,239,0,224,443565,1144818,358.18,-100.646,3741,3724,3731,17,0,95.6,35.3,91.0,32.8,none,none,83.1,28.4,3738,3735,3733,3733,3733,3728,3729,3728,3729,3728,3728,3726,3727,3726,3726,3725,3727,3724,3726,3726,3725,3725,3725,3725,3725,3726,3726,3726,3726,3724,3727,3726,3728,3726,3726,3726,3728,3727,3727,3727,3728,3727,3731,3728,3732,3731,3733,3730,3739,3738,3741,3739,3739,3737,3739,3737,3736,3732,3737,3735,3739,3733,3733,3732,3733,3733,3733,3733,3732,3730,3734,3731,3730,3733,3734,3732,3733,3729,3731,3731,3732,3732,3734,3733,3734,3732,3730,3733,3739,3737,3737,3735,3738,3734,3736,3733,-0.42,SJNFAAZE1U0005576,117.83,13.04,9121.7392578125,79,75,0,0,0,0,14.5,99.17,-156797,100,1528025992.427,0,1,0,0,0,0,0,3,0,1,357.94,357.94,7F,1,1,1,0082,70,40,40,0,0,19,0.00
03/06/2018 12:39:56,55 59.40467,-2 30.55527,239,0,225,444516,1144818,357.98,-99.853,3739,3722,3729,17,0,95.8,35.4,91.2,32.9,none,none,83.3,28.5,3735,3733,3730,3731,3731,3729,3727,3728,3727,3725,3727,3724,3726,3725,3724,3723,3725,3724,3724,3722,3724,3723,3723,3723,3724,3723,3725,3724,3724,3723,3726,3725,3726,3725,3725,3724,3726,3725,3726,3724,3728,3726,3729,3727,3730,3729,3732,3728,3738,3736,3739,3736,3736,3738,3737,3735,3730,3731,3736,3732,3735,3731,3731,3730,3729,3732,3731,3728,3730,3729,3732,3729,3724,3731,3733,3730,3730,3729,3730,3730,3729,3729,3734,3731,3734,3729,3729,3727,3738,3736,3735,3732,3736,3733,3734,3732,-0.28,SJNFAAZE1U0005576,117.83,13.04,9121.7392578125,79,75,0,0,0,0,14.5,99.17,-156836,100,1528025996.225,0,1,0,0,0,0,0,3,0,1,358.03,358.03,7F,1,1,1,0082,70,40,40,0,0,19,0.00
03/06/2018 12:40:00,55 59.40467,-2 30.55527,239,0,225,445439,1144818,358.08,-99.486,3740,3723,3730,17,0,95.8,35.4,91.0,32.8,none,none,83.3,28.5,3737,3735,3731,3731,3732,3730,3728,3728,3729,3727,3727,3726,3727,3725,3725,3724,3726,3726,3725,3723,3726,3723,3725,3725,3724,3725,3726,3725,3725,3725,3726,3724,3727,3726,3725,3726,3727,3726,3727,3725,3729,3729,3731,3727,3730,3730,3733,3729,3739,3737,3740,3737,3738,3739,3739,3736,3733,3732,3737,3734,3737,3733,3733,3732,3732,3735,3732,3730,3732,3731,3733,3730,3724,3732,3734,3730,3730,3731,3731,3731,3730,3731,3734,3731,3733,3731,3731,3729,3739,3738,3736,3735,3738,3735,3736,3735,-0.18,SJNFAAZE1U0005576,117.83,13.04,9121.7392578125,79,75,0,0,0,0,14.5,99.17,-156874,100,1528026000.147,0,1,1,0,4,0,0,3,0,1,358.42,358.42,7F,1,1,1,0082,70,40,40,0,0,19,0.00
03/06/2018 12:40:04,55 59.40467,-2 30.55527,239,0,226,446384,1144818,358.37,-100.127,3743,3727,3733,16,0,95.8,35.4,91.2,32.9,none,none,83.3,28.5,3739,3737,3734,3735,3736,3733,3731,3730,3731,3730,3730,3729,3729,3729,3728,3728,3728,3729,3727,3727,3728,3727,3728,3728,3728,3728,3730,3729,3728,3728,3728,3728,3730,3729,3728,3729,3730,3729,3730,3729,3732,3732,3734,3730,3735,3733,3736,3732,3742,3741,3742,3740,3743,3743,3742,3739,3737,3735,3740,3737,3740,3736,3735,3735,3734,3737,3735,3734,3735,3735,3736,3734,3728,3734,3737,3734,3734,3735,3734,3735,3734,3734,3737,3736,3738,3735,3734,3733,3742,3743,3739,3739,3740,3737,3738,3737,-0.09,SJNFAAZE1U0005576,117.83,13.04,9121.7392578125,79,75,0,0,0,0,14.5,99.17,-156913,100,1528026004.168,0,1,1,0,4,0,0,3,0,1,358.40,358.40,7F,1,1,1,0082,70,40,40,0,0,19,0.00
03/06/2018 12:40:08,55 59.40467,-2 30.55527,239,0,226,447352,1144818,358.46,-100.402,3745,3727,3734,18,0,95.8,35.4,91.4,33.0,none,none,83.3,28.5,3742,3739,3736,3736,3736,3734,3733,3733,3733,3731,3732,3729,3732,3730,3729,3729,3729,3728,3729,3728,3730,3728,3729,3728,3730,3730,3730,3730,3730,3727,3730,3730,3732,3730,3729,3730,3731,3730,3731,3730,3732,3732,3735,3732,3735,3734,3737,3733,3744,3743,3745,3742,3745,3742,3744,3741,3741,3735,3741,3738,3742,3736,3738,3736,3736,3737,3738,3739,3735,3733,3737,3734,3735,3738,3738,3736,3738,3732,3734,3736,3735,3735,3737,3736,3738,3735,3734,3738,3744,3741,3740,3741,3742,3738,3740,3738,-0.09,SJNFAAZE1U0005576,117.83,13.04,9121.7392578125,79,75,0,0,0,0,14.5,99.17,-156953,100,1528026008.195,0,1,1,0,4,0,0,3,0,1,358.27,358.27,7F,1,1,1,0082,70,40,40,0,0,19,0.00
03/06/2018 12:40:11,55 59.40467,-2 30.55527,239,0,227,448268,1144818,358.27,-98.724,3743,3725,3732,18,0,96.0,35.6,91.4,33.0,none,none,83.5,28.6,3740,3737,3734,3734,3735,3731,3730,3730,3730,3729,3731,3728,3729,3728,3727,3727,3728,3727,3727,3727,3728,3725,3727,3726,3728,3727,3729,3728,3728,3727,3728,3727,3730,3728,3728,3728,3730,3727,3729,3728,3731,3729,3733,3730,3734,3732,3735,3731,3742,3740,3743,3740,3741,3740,3741,3738,3735,3735,3738,3736,3740,3734,3736,3734,3735,3735,3735,3733,3734,3732,3735,3733,3730,3734,3736,3734,3735,3731,3733,3733,3733,3734,3736,3734,3737,3733,3733,3733,3742,3739,3738,3737,3739,3737,3738,3736,-0.00,SJNFAAZE1U0005576,117.83,13.04,9121.7392578125,79,75,0,0,0,0,14.5,99.17,-156991,100,1528026011.761,0,1,1,0,5,0,0,3,0,1,358.53,358.53,7F,1,1,1,0082,70,40,40,0,0,19,0.00
03/06/2018 12:40:15,55 59.40467,-2 30.55527,239,0,227,449135,1144818,358.37,-99.273,3744,3727,3733,17,0,96.0,35.6,91.4,33.0,none,none,83.5,28.6,3741,3737,3734,3736,3736,3734,3732,3731,3733,3730,3730,3730,3730,3729,3729,3728,3730,3730,3728,3728,3729,3727,3728,3727,3729,3729,3729,3728,3729,3729,3730,3728,3731,3729,3728,3730,3730,3730,3730,3730,3732,3732,3734,3731,3736,3734,3737,3733,3742,3740,3744,3741,3742,3742,3742,3740,3735,3736,3741,3739,3740,3735,3735,3735,3736,3738,3736,3732,3734,3733,3737,3734,3727,3736,3737,3734,3734,3733,3732,3735,3735,3735,3738,3735,3737,3734,3733,3734,3742,3743,3738,3736,3740,3739,3739,3737,-0.02,SJNFAAZE1U0005576,117.83,13.04,9121.7392578125,79,75,0,0,0,0,14.5,99.17,-157026,100,1528026015.387,0,1,1,0,5,0,0,3,0,1,358.70,358.70,7F,1,1,1,0082,70,40,40,0,0,19,0.00
03/06/2018 12:40:18,55 59.40467,-2 30.55527,239,0,227,450000,1144818,358.56,-99.273,3746,3728,3735,18,0,96.0,35.6,91.4,33.0,none,none,83.5,28.6,3742,3740,3737,3737,3739,3737,3733,3734,3735,3732,3732,3731,3731,3730,3730,3730,3731,3731,3730,3730,3731,3729,3730,3731,3731,3730,3732,3731,3731,3732,3731,3730,3734,3731,3731,3733,3732,3731,3732,3731,3734,3734,3735,3733,3737,3735,3740,3735,3744,3744,3746,3744,3743,3745,3743,3741,3736,3738,3743,3741,3740,3737,3736,3737,3738,3742,3737,3734,3736,3736,3737,3736,3728,3737,3739,3736,3734,3737,3735,3737,3736,3737,3740,3737,3738,3737,3735,3735,3744,3744,3739,3738,3742,3741,3742,3739,-0.02,SJNFAAZE1U0005576,117.83,13.04,9121.7392578125,79,75,0,0,0,0,14.5,99.17,-157062,100,1528026018.859,0,1,1,0,5,0,0,3,0,1,358.80,358.80,7F,1,1,1,0082,70,40,40,0,0,19,0.00
03/06/2018 12:40:22,55 59.40467,-2 30.55527,239,0,228,450842,1144818,358.66,-99.700,3746,3728,3736,18,0,96.2,35.7,91.4,33.0,none,none,83.7,28.7,3743,3741,3737,3738,3739,3737,3734,3735,3735,3733,3733,3732,3732,3732,3731,3730,3732,3732,3730,3731,3733,3729,3730,3731,3731,3730,3732,3731,3732,3732,3731,3731,3733,3732,3732,3732,3732,3732,3732,3731,3734,3735,3737,3734,3737,3737,3740,3736,3744,3744,3746,3744,3745,3746,3744,3742,3738,3738,3744,3741,3743,3738,3738,3738,3738,3742,3738,3735,3736,3737,3739,3736,3728,3738,3740,3736,3735,3737,3736,3738,3737,3737,3740,3737,3740,3737,3735,3734,3744,3745,3742,3739,3743,3741,3742,3740,0.04,SJNFAAZE1U0005576,117.83,13.04,9121.7392578125,79,75,0,0,0,0,15.0,99.17,-157097,100,1528026022.621,0,1,1,0,5,0,0,3,0,1,358.82,358.82,7F,1,1,1,0082,70,40,40,0,0,19,0.00
03/06/2018 12:40:26,55 59.40467,-2 30.55527,239,0,228,451776,1144818,358.85,-99.883,3749,3731,3738,18,0,96.2,35.7,91.6,33.1,none,none,83.7,28.7,3746,3742,3738,3740,3741,3738,3735,3735,3737,3734,3735,3733,3734,3733,3733,3732,3733,3733,3732,3732,3733,3731,3732,3732,3733,3733,3734,3733,3733,3733,3733,3732,3735,3733,3734,3734,3734,3734,3733,3733,3736,3736,3739,3736,3739,3738,3741,3737,3749,3747,3748,3745,3748,3749,3747,3744,3740,3739,3745,3742,3745,3741,3740,3739,3739,3742,3740,3739,3739,3738,3741,3739,3734,3740,3741,3738,3739,3738,3738,3741,3739,3738,3742,3741,3742,3739,3738,3738,3747,3747,3744,3742,3745,3743,3743,3742,-0.01,SJNFAAZE1U0005576,117.83,13.04,9121.7392578125,79,75,0,0,0,0,15.0,99.17,-157135,100,1528026026.365,0,1,1,0,5,0,0,3,0,1,358.64,358.64,7F,1,1,1,0082,70,40,40,0,0,19,0.00
03/06/2018 12:40:30,55 59.40467,-2 30.55527,239,0,229,452661,1144818,358.66,-97.961,3747,3729,3736,18,0,96.2,35.7,91.6,33.1,none,none,83.7,28.7,3743,3741,3737,3738,3739,3737,3734,3734,3735,3732,3733,3733,3732,3732,3731,3731,3733,3732,3730,3731,3731,3729,3731,3731,3731,3731,3733,3732,3732,3732,3731,3732,3733,3732,3732,3732,3732,3732,3733,3731,3735,3735,3737,3733,3737,3737,3740,3736,3745,3743,3747,3744,3744,3746,3744,3742,3737,3738,3743,3741,3741,3737,3738,3737,3738,3741,3738,3733,3736,3735,3738,3737,3729,3737,3741,3737,3735,3736,3737,3737,3737,3737,3740,3737,3740,3737,3736,3734,3745,3744,3742,3739,3743,3741,3741,3739,0.09,SJNFAAZE1U0005576,117.83,13.04,9121.7392578125,79,75,0,0,0,0,15.0,99.17,-157172,100,1528026030.139,0,1,1,0,5,0,0,3,0,1,358.90,358.90,7F,1,1,1,0082,70,40,40,0,0,19,0.00
03/06/2018 12:40:33,55 59.40467,-2 30.55527,239,0,229,453572,1144818,358.75,-98.144,3748,3730,3737,18,0,96.2,35.7,91.8,33.2,none,none,83.8,28.8,3745,3742,3738,3738,3740,3736,3735,3734,3736,3734,3735,3732,3734,3732,3733,3732,3733,3731,3732,3731,3732,3730,3732,3732,3732,3732,3734,3734,3733,3731,3734,3733,3735,3733,3733,3733,3734,3733,3733,3733,3736,3735,3738,3734,3738,3737,3740,3736,3747,3745,3748,3746,3746,3746,3746,3743,3740,3739,3744,3741,3744,3740,3740,3738,3739,3740,3739,3739,3739,3737,3740,3736,3733,3740,3741,3737,3739,3737,3738,3740,3739,3738,3741,3739,3742,3739,3738,3737,3747,3746,3743,3741,3744,3741,3743,3741,0.07,SJNFAAZE1U0005576,117.83,13.04,9121.7392578125,79,75,0,0,0,0,15.0,99.17,-157209,100,1528026033.999,0,1,1,0,5,0,0,3,0,1,358.91,358.91,7F,1,1,1,0082,70,40,40,0,0,19,0.00
03/06/2018 12:40:37,55 59.40467,-2 30.55527,239,0,230,454484,1144818,359.04,-99.303,3750,3732,3740,18,0,96.4,35.8,91.8,33.2,none,none,83.8,28.8,3747,3745,3742,3742,3742,3737,3738,3738,3739,3736,3737,3734,3736,3736,3735,3735,3734,3732,3735,3734,3736,3733,3734,3734,3735,3736,3736,3735,3735,3733,3736,3735,3736,3735,3735,3735,3736,3735,3736,3735,3738,3736,3741,3737,3742,3739,3743,3738,3750,3748,3750,3748,3750,3747,3750,3745,3746,3742,3747,3743,3748,3743,3742,3742,3742,3742,3743,3743,3740,3740,3742,3739,3740,3742,3744,3741,3744,3740,3741,3742,3740,3741,3744,3742,3745,3743,3740,3744,3749,3748,3747,3746,3748,3744,3745,3744,0.02,SJNFAAZE1U0005576,117.83,13.04,9121.7392578125,79,75,0,0,0,0,15.0,99.17,-157247,100,1528026037.829,0,1,1,0,5,0,0,3,0,1,358.90,358.90,7F,1,1,1,0082,70,40,40,0,0,19,0.00
03/06/2018 12:40:41,55 59.40467,-2 30.55527,239,0,230,455421,1144818,359.33,-100.036,3753,3735,3743,18,0,96.4,35.8,91.8,33.2,none,none,83.8,28.8,3750,3748,3744,3744,3745,3742,3742,3741,3741,3740,3740,3738,3740,3739,3738,3738,3738,3736,3738,3738,3737,3735,3737,3736,3737,3739,3739,3738,3738,3737,3739,3738,3740,3739,3737,3737,3740,3739,3740,3738,3740,3740,3743,3741,3744,3743,3746,3743,3752,3751,3753,3751,3753,3751,3752,3750,3749,3745,3750,3747,3752,3746,3746,3745,3745,3746,3746,3747,3744,3743,3745,3743,3743,3746,3746,3744,3746,3742,3743,3745,3744,3744,3746,3746,3748,3745,3743,3746,3752,3751,3749,3750,3752,3748,3748,3746,0.05,SJNFAAZE1U0005576,117.83,13.04,9121.7392578125,79,75,0,0,0,0,15.0,99.17,-157285,100,1528026041.755,0,1,0,0,0,0,0,3,0,1,359.24,359.24,7F,1,1,1,0082,70,40,40,0,0,19,0.00
03/06/2018 12:40:45,55 59.40467,-2 30.55527,239,0,231,456338,1144818,359.04,-99.090,3751,3733,3740,18,0,96.4,35.8,91.8,33.2,none,none,83.8,28.8,3747,3745,3741,3742,3743,3741,3737,3737,3739,3736,3737,3735,3735,3735,3735,3734,3736,3736,3735,3734,3735,3733,3735,3734,3734,3735,3736,3734,3735,3736,3736,3735,3737,3736,3736,3736,3736,3737,3736,3735,3738,3738,3741,3737,3742,3740,3743,3740,3750,3748,3751,3748,3749,3751,3750,3747,3743,3742,3747,3745,3746,3742,3742,3742,3741,3746,3742,3740,3742,3741,3744,3741,3734,3742,3743,3740,3741,3741,3740,3742,3741,3742,3744,3742,3744,3742,3740,3741,3750,3750,3746,3744,3748,3745,3746,3744,0.06,SJNFAAZE1U0005576,117.83,13.04,9121.7392578125,79,75,0,0,0,0,15.0,99.17,-157323,100,1528026045.416,0,1,0,0,0,0,0,3,0,1,359.44,359.44,7F,1,1,1,0082,70,40,40,0,0,19,0.00
03/06/2018 12:40:48,55 59.40467,-2 30.55527,239,0,231,457183,1144818,359.14,-98.205,3751,3734,3741,17,0,96.4,35.8,91.8,33.2,none,none,83.8,28.8,3748,3746,3741,3742,3743,3741,3738,3738,3739,3737,3737,3736,3737,3736,3736,3735,3736,3736,3735,3735,3736,3734,3735,3735,3736,3736,3736,3736,3736,3736,3736,3737,3738,3737,3737,3738,3737,3736,3737,3736,3739,3739,3742,3738,3742,3741,3744,3740,3751,3749,3751,3749,3750,3751,3750,3747,3743,3743,3749,3746,3747,3743,3743,3742,3742,3746,3743,3741,3743,3742,3744,3742,3736,3743,3745,3740,3742,3741,3741,3743,3742,3742,3745,3743,3745,3742,3740,3740,3751,3750,3747,3745,3748,3746,3746,3745,0.04,SJNFAAZE1U0005576,117.83,13.04,9121.7392578125,79,75,0,0,0,0,15.0,99.17,-157358,100,1528026048.807,0,1,0,0,0,0,0,3,0,1,359.34,359.34,7F,1,1,1,0082,70,40,40,0,0,19,0.00
03/06/2018 12:40:52,55 59.40467,-2 30.55527,239,0,232,458027,1144818,359.42,-99.792,3755,3736,3744,19,0,96.4,35.8,92.0,33.3,none,none,83.8,28.8,3752,3750,3746,3746,3746,3742,3742,3742,3742,3739,3741,3738,3741,3740,3740,3739,3740,3736,3740,3740,3739,3737,3737,3738,3739,3740,3739,3740,3740,3737,3741,3740,3741,3740,3739,3739,3740,3740,3740,3740,3741,3741,3745,3742,3746,3744,3746,3743,3753,3752,3755,3753,3754,3751,3754,3752,3751,3746,3751,3748,3754,3746,3747,3746,3746,3745,3748,3748,3745,3744,3747,3743,3746,3748,3748,3745,3749,3742,3745,3745,3744,3745,3748,3747,3749,3745,3744,3747,3753,3751,3750,3751,3752,3749,3750,3747,0.04,SJNFAAZE1U0005576,117.83,13.04,9121.7392578125,79,75,0,0,0,0,15.0,99.17,-157393,100,1528026052.415,0,1,0,0,0,0,0,3,0,1,359.18,359.18,7F,1,1,1,0082,70,40,40,0,0,19,0.00
03/06/2018 12:40:56,55 59.40467,-2 30.55527,239,0,232,458891,1144818,359.23,-98.388,3752,3735,3742,17,0,96.6,35.9,92.0,33.3,none,none,84.0,28.9,3749,3747,3742,3744,3744,3741,3740,3739,3741,3738,3739,3736,3738,3736,3737,3735,3737,3736,3735,3735,3736,3735,3737,3736,3738,3736,3738,3736,3737,3737,3738,3736,3739,3738,3736,3738,3738,3737,3738,3737,3740,3739,3743,3738,3743,3742,3745,3741,3752,3750,3752,3749,3750,3751,3752,3748,3743,3744,3749,3747,3749,3745,3744,3743,3743,3745,3744,3741,3743,3742,3745,3742,3736,3744,3746,3742,3743,3742,3742,3743,3742,3743,3746,3744,3746,3743,3742,3740,3752,3751,3747,3745,3750,3747,3748,3746,0.05,SJNFAAZE1U0005576,117.83,13.04,9121.7392578125,79,75,0,0,0,0,15.0,99.17,-157428,100,1528026056.086,0,1,1,0,4,0,0,3,0,1,359.74,359.74,7F,1,1,1,0082,70,40,40,0,0,19,0.00
03/06/2018 12:40:59,55 59.40467,-2 30.55527,239,0,232,459730,1144818,359.62,-99.425,3757,3738,3746,19,0,96.6,35.9,92.0,33.3,none,none,84.0,28.9,3753,3751,3748,3748,3749,3745,3745,3743,3746,3741,3743,3741,3743,3741,3742,3739,3742,3742,3741,3739,3741,3738,3742,3742,3741,3741,3743,3740,3742,3742,3742,3741,3744,3742,3743,3742,3742,3741,3743,3741,3744,3744,3748,3743,3749,3746,3751,3745,3755,3754,3757,3754,3755,3757,3755,3752,3750,3748,3755,3751,3753,3749,3748,3748,3747,3752,3748,3747,3746,3747,3748,3746,3741,3748,3750,3746,3747,3747,3746,3748,3747,3748,3751,3748,3750,3747,3745,3747,3756,3756,3752,3751,3754,3750,3754,3750,0.06,SJNFAAZE1U0005576,117.83,13.04,9121.7392578125,79,75,0,0,0,0,15.0,99.17,-157463,100,1528026059.492,0,1,1,0,4,0,0,3,0,1,359.60,359.60,7F,1,1,1,0082,69,40,40,0,0,19,0.00
03/06/2018 12:41:02,55 59.40467,-2 30.55527,239,0,233,460546,1144818,359.52,-97.900,3755,3737,3745,18,0,96.8,36.0,92.2,33.4,none,none,84.2,29.0,3752,3749,3746,3747,3747,3745,3742,3742,3744,3742,3742,3741,3741,3740,3739,3738,3740,3741,3738,3738,3740,3737,3740,3739,3739,3739,3741,3740,3739,3741,3740,3740,3741,3741,3740,3741,3741,3741,3741,3739,3743,3743,3745,3742,3746,3745,3748,3744,3754,3753,3755,3753,3754,3753,3754,3752,3746,3748,3752,3750,3751,3746,3746,3746,3746,3750,3747,3744,3745,3744,3747,3745,3739,3747,3749,3745,3746,3745,3744,3746,3745,3746,3749,3746,3748,3746,3744,3743,3754,3753,3750,3749,3752,3749,3751,3748,0.07,SJNFAAZE1U0005576,117.83,13.04,9121.7392578125,79,75,0,0,0,0,15.0,99.17,-157497,100,1528026062.900,0,1,1,0,5,0,0,3,0,1,359.63,359.63,7F,1,1,1,0082,69,40,40,0,0,19,0.00
03/06/2018 12:41:06,55 59.40467,-2 30.55527,239,0,233,461362,1144818,359.71,-98.296,3759,3740,3747,19,0,96.6,35.9,92.2,33.4,none,none,84.2,29.0,3754,3752,3749,3750,3750,3749,3744,3745,3746,3744,3744,3744,3743,3742,3742,3741,3743,3743,3741,3742,3742,3740,3743,3742,3742,3742,3744,3743,3743,3743,3743,3743,3744,3743,3743,3743,3743,3743,3743,3742,3746,3746,3749,3744,3749,3748,3750,3746,3757,3756,3759,3755,3756,3757,3757,3754,3749,3751,3755,3752,3755,3750,3749,3748,3750,3753,3750,3747,3747,3749,3750,3748,3742,3749,3751,3748,3748,3748,3747,3749,3748,3749,3752,3751,3751,3748,3747,3747,3757,3757,3753,3753,3755,3752,3753,3752,0.09,SJNFAAZE1U0005576,117.83,13.04,9121.7392578125,79,75,0,0,0,0,15.0,99.17,-157530,100,1528026066.344,0,1,1,0,5,0,0,3,0,1,359.93,359.93,7F,1,1,1,0082,69,40,40,0,0,19,0.00
03/06/2018 12:41:09,55 59.40467,-2 30.55527,239,0,234,462224,1144818,359.90,-99.364,3760,3741,3749,19,0,96.8,36.0,92.2,33.4,none,none,84.2,29.0,3756,3754,3749,3752,3751,3750,3747,3747,3748,3747,3746,3744,3745,3744,3744,3743,3745,3744,3743,3743,3743,3741,3744,3744,3744,3744,3745,3744,3745,3745,3745,3745,3747,3745,3745,3745,3745,3744,3745,3744,3747,3747,3749,3747,3750,3750,3752,3748,3759,3757,3760,3757,3758,3759,3758,3755,3753,3751,3757,3754,3756,3751,3750,3751,3750,3753,3752,3748,3749,3748,3752,3749,3744,3752,3753,3750,3750,3749,3748,3752,3750,3750,3753,3752,3752,3749,3748,3750,3758,3759,3754,3754,3756,3754,3755,3754,0.08,SJNFAAZE1U0005576,117.83,13.04,9121.7392578125,79,75,0,0,0,0,15.0,99.17,-157566,100,1528026069.897,0,1,1,0,5,0,0,3,0,1,359.92,359.92,7F,1,1,1,0082,69,40,40,0,0,19,0.00
03/06/2018 12:41:13,55 59.40467,-2 30.55527,239,0,234,463086,1144818,359.90,-98.846,3761,3742,3749,19,0,96.8,36.0,92.2,33.4,none,none,84.2,29.0,3756,3755,3750,3751,3752,3751,3746,3746,3748,3746,3746,3745,3745,3745,3744,3744,3744,3745,3744,3743,3744,3742,3744,3744,3744,3744,3746,3744,3744,3745,3745,3745,3747,3746,3744,3745,3745,3745,3746,3744,3747,3748,3750,3746,3751,3749,3753,3749,3758,3757,3761,3758,3758,3759,3758,3756,3753,3754,3758,3754,3756,3752,3750,3751,3751,3755,3752,3750,3750,3751,3752,3750,3744,3752,3753,3750,3749,3749,3749,3750,3750,3750,3753,3752,3753,3750,3749,3749,3759,3758,3755,3755,3757,3754,3756,3753,0.07,SJNFAAZE1U0005576,117.83,13.04,9121.7392578125,79,75,0,0,0,0,15.0,99.17,-157601,100,1528026073.737,0,1,1,0,5,0,0,3,0,1,359.98,359.98,7F,1,1,1,0082,69,40,40,0,0,19,0.00
03/06/2018 12:41:17,55 59.40467,-2 30.55527,239,0,235,464021,1144818,359.81,-97.655,3760,3741,3748,19,0,96.8,36.0,92.4,33.6,none,none,84.4,29.1,3755,3754,3749,3750,3750,3749,3745,3745,3746,3744,3745,3744,3744,3742,3742,3741,3743,3743,3743,3741,3743,3741,3744,3743,3743,3743,3744,3742,3744,3744,3744,3743,3745,3744,3744,3744,3744,3743,3744,3743,3746,3746,3749,3745,3749,3749,3752,3747,3757,3756,3760,3757,3757,3757,3758,3754,3749,3750,3756,3753,3755,3750,3749,3749,3749,3753,3750,3747,3749,3748,3751,3748,3742,3750,3752,3748,3748,3748,3747,3749,3748,3749,3753,3749,3752,3749,3748,3747,3757,3757,3754,3751,3756,3753,3754,3752,0.06,SJNFAAZE1U0005576,117.83,13.04,9121.7392578125,79,75,0,0,0,0,15.0,99.17,-157640,100,1528026077.692,0,1,1,0,5,0,0,3,0,1,360.12,360.12,7F,1,1,1,0082,69,40,40,0,0,19,0.00
03/06/2018 12:41:21,55 59.40467,-2 30.55527,239,0,235,464932,1144818,360.10,-99.303,3762,3743,3751,19,0,96.8,36.0,92.4,33.6,none,none,84.4,29.1,3759,3756,3752,3753,3752,3748,3749,3747,3749,3746,3748,3745,3748,3747,3747,3745,3746,3743,3745,3745,3744,3743,3744,3745,3745,3747,3747,3747,3747,3744,3747,3748,3747,3746,3746,3746,3748,3746,3748,3746,3749,3747,3752,3748,3752,3751,3754,3750,3761,3760,3762,3759,3761,3759,3761,3758,3757,3752,3758,3754,3760,3755,3754,3753,3753,3753,3754,3755,3752,3752,3753,3751,3751,3754,3755,3752,3756,3749,3751,3753,3752,3751,3755,3753,3755,3753,3751,3754,3760,3758,3757,3757,3760,3756,3755,3754,0.06,SJNFAAZE1U0005576,117.83,13.04,9121.7392578125,79,75,0,0,0,0,15.0,99.17,-157677,100,1528026081.240,0,1,1,0,5,0,0,3,0,1,359.82,359.82,7F,1,1,1,0082,69,40,40,0,0,19,0.00
03/06/2018 12:41:24,55 59.40467,-2 30.55527,239,0,235,465746,1144818,359.90,-98.357,3760,3742,3749,18,0,97.0,36.1,92.4,33.6,none,none,84.4,29.1,3757,3754,3749,3750,3751,3748,3746,3745,3747,3744,3746,3744,3745,3744,3744,3742,3744,3744,3743,3743,3744,3742,3743,3743,3743,3743,3744,3744,3744,3743,3744,3743,3746,3744,3743,3744,3745,3743,3745,3743,3747,3746,3749,3745,3750,3748,3752,3747,3759,3756,3760,3756,3757,3757,3758,3754,3750,3751,3756,3752,3756,3752,3751,3750,3750,3754,3751,3748,3750,3749,3752,3749,3743,3751,3753,3749,3750,3750,3749,3751,3750,3751,3753,3751,3753,3750,3749,3748,3759,3758,3754,3753,3757,3752,3755,3752,0.07,SJNFAAZE1U0005576,117.83,13.04,9121.7392578125,79,75,0,0,0,0,15.0,99.17,-157711,100,1528026084.613,0,1,1,0,5,0,0,3,0,1,360.38,360.38,7F,1,1,1,0082,69,40,40,0,0,19,0.00
03/06/2018 12:41:28,55 59.40467,-2 30.55527,239,0,236,466560,1144818,360.19,-99.548,3764,3745,3752,19,0,97.0,36.1,92.4,33.6,none,none,84.4,29.1,3760,3757,3752,3754,3754,3754,3749,3750,3750,3748,3749,3748,3749,3748,3748,3747,3747,3748,3747,3747,3746,3745,3746,3748,3747,3748,3749,3747,3747,3749,3749,3748,3750,3748,3747,3749,3748,3748,3749,3747,3751,3751,3752,3750,3755,3753,3756,3752,3762,3761,3764,3761,3762,3762,3763,3759,3755,3755,3761,3757,3759,3756,3753,3754,3755,3758,3755,3753,3753,3753,3755,3753,3746,3755,3757,3752,3754,3753,3752,3754,3753,3755,3758,3754,3757,3753,3751,3752,3761,3762,3757,3756,3759,3758,3759,3757,0.05,SJNFAAZE1U0005576,117.83,13.04,9121.7392578125,79,75,0,0,0,0,15.0,99.17,-157745,100,1528026088.236,0,1,1,0,5,0,0,3,0,1,360.05,360.05,7F,1,1,1,0082,69,40,40,0,0,19,0.00
03/06/2018 12:41:32,55 59.40467,-2 30.55527,239,0,236,467495,1144818,360.00,-98.418,3761,3743,3750,18,0,97.0,36.1,92.4,33.6,none,none,84.4,29.1,3759,3754,3752,3751,3754,3751,3747,3748,3749,3747,3747,3745,3746,3745,3744,3744,3746,3745,3744,3744,3745,3743,3745,3745,3744,3744,3746,3745,3746,3746,3746,3745,3747,3746,3745,3746,3746,3744,3746,3745,3747,3747,3751,3747,3752,3750,3754,3749,3761,3758,3761,3759,3758,3760,3761,3756,3751,3752,3759,3755,3758,3753,3752,3752,3751,3756,3753,3750,3752,3751,3754,3750,3745,3753,3755,3749,3752,3752,3751,3753,3751,3751,3755,3752,3754,3751,3751,3749,3761,3760,3757,3754,3759,3756,3756,3755,0.06,SJNFAAZE1U0005576,117.83,13.04,9121.7392578125,79,75,0,0,0,0,15.0,99.17,-157783,100,1528026092.131,0,1,1,0,5,0,0,3,0,1,360.56,360.56,7F,1,1,1,0082,69,40,40,0,0,19,0.00
03/06/2018 12:41:36,55 59.40467,-2 30.55527,239,0,237,468431,1144818,360.19,-99.334,3764,3745,3752,19,0,97.0,36.1,92.6,33.7,none,none,84.6,29.2,3761,3757,3754,3755,3755,3752,3751,3750,3751,3749,3750,3747,3749,3747,3748,3745,3747,3745,3746,3746,3747,3745,3747,3746,3747,3748,3749,3747,3748,3746,3748,3748,3749,3748,3748,3747,3749,3747,3749,3748,3750,3749,3753,3750,3753,3752,3756,3751,3764,3761,3764,3761,3761,3761,3763,3759,3757,3754,3760,3757,3760,3755,3754,3754,3754,3755,3754,3755,3754,3752,3756,3752,3751,3755,3756,3753,3755,3751,3754,3754,3753,3754,3757,3754,3757,3753,3752,3753,3763,3760,3759,3757,3761,3757,3758,3756,0.20,SJNFAAZE1U0005576,117.83,13.04,9121.7392578125,79,75,0,0,0,0,15.0,99.17,-157822,100,1528026096.141,0,1,1,0,5,0,0,3,0,1,360.39,360.39,7F,1,1,1,0082,69,40,40,0,0,19,0.00
03/06/2018 12:41:39,55 59.40467,-2 30.55527,239,0,237,469374,1144818,360.38,-99.639,3766,3746,3754,20,0,97.0,36.1,92.6,33.7,none,none,84.6,29.2,3763,3759,3755,3756,3756,3752,3751,3752,3752,3750,3751,3749,3750,3748,3749,3748,3749,3747,3748,3748,3749,3746,3748,3747,3749,3749,3750,3749,3750,3748,3751,3749,3752,3751,3749,3750,3750,3749,3750,3749,3752,3751,3755,3751,3756,3754,3757,3753,3765,3763,3766,3763,3765,3761,3764,3761,3758,3757,3762,3758,3762,3757,3756,3756,3757,3756,3758,3758,3754,3753,3758,3753,3753,3755,3759,3754,3758,3753,3754,3754,3756,3754,3758,3756,3759,3755,3754,3755,3764,3762,3761,3760,3761,3759,3760,3757,0.12,SJNFAAZE1U0005576,117.83,13.04,9121.7392578125,79,75,0,0,0,0,15.0,99.17,-157860,100,1528026099.937,0,1,0,0,0,0,0,3,0,1,360.39,360.39,7F,1,1,1,0082,68,40,40,0,0,19,0.00
03/06/2018 12:41:43,55 59.40467,-2 30.55527,239,0,238,470268,1144818,360.48,-99.548,3766,3747,3755,19,0,97.2,36.2,92.6,33.7,none,none,84.6,29.2,3763,3760,3756,3756,3758,3754,3753,3752,3753,3751,3751,3749,3752,3749,3749,3749,3750,3748,3749,3749,3749,3747,3749,3748,3750,3750,3751,3750,3751,3749,3751,3750,3751,3750,3749,3749,3750,3750,3752,3750,3752,3752,3756,3753,3756,3755,3758,3754,3765,3763,3766,3763,3764,3763,3766,3761,3759,3756,3763,3759,3763,3757,3758,3756,3756,3757,3758,3757,3756,3754,3758,3755,3753,3758,3759,3755,3758,3753,3755,3756,3756,3756,3759,3756,3760,3756,3755,3755,3765,3762,3761,3760,3762,3759,3760,3758,0.09,SJNFAAZE1U0005576,117.83,13.04,9121.7392578125,79,75,0,0,0,0,15.0,99.17,-157897,100,1528026103.556,0,1,0,0,0,0,0,3,0,1,360.49,360.49,7F,1,1,1,0082,68,40,40,0,0,19,0.00
03/06/2018 12:41:47,55 59.40467,-2 30.55527,239,0,238,471163,1144818,360.77,-100.280,3769,3749,3758,20,0,97.2,36.2,92.8,33.8,none,none,84.6,29.2,3766,3764,3759,3759,3759,3756,3757,3754,3755,3754,3754,3752,3755,3753,3753,3752,3752,3750,3752,3751,3751,3749,3752,3751,3752,3754,3754,3753,3754,3751,3754,3753,3755,3754,3752,3753,3754,3753,3755,3753,3755,3754,3759,3755,3759,3758,3760,3756,3768,3766,3769,3766,3769,3766,3767,3765,3764,3761,3764,3762,3767,3762,3761,3760,3759,3760,3761,3763,3759,3758,3760,3758,3758,3761,3762,3758,3762,3756,3758,3760,3759,3758,3762,3760,3763,3760,3757,3761,3768,3765,3764,3764,3766,3761,3763,3761,0.11,SJNFAAZE1U0005576,117.83,13.04,9121.7392578125,79,75,0,0,0,0,15.0,99.17,-157934,100,1528026107.405,0,1,0,0,0,0,0,3,0,1,360.48,360.48,7F,1,1,1,0082,68,40,40,0,0,19,0.00
03/06/2018 12:41:51,55 59.40467,-2 30.55527,239,0,239,472103,1144818,360.58,-98.357,3768,3748,3756,20,0,97.2,36.2,92.8,33.8,none,none,84.8,29.3,3765,3761,3757,3758,3759,3756,3752,3753,3755,3752,3752,3751,3753,3751,3751,3750,3751,3751,3751,3750,3750,3748,3751,3751,3751,3750,3752,3750,3751,3750,3752,3752,3753,3752,3751,3751,3752,3752,3752,3751,3753,3755,3757,3753,3757,3756,3760,3756,3766,3764,3768,3765,3766,3766,3767,3762,3758,3758,3765,3761,3765,3759,3759,3758,3758,3761,3759,3758,3757,3758,3760,3757,3753,3758,3761,3756,3759,3757,3755,3758,3757,3758,3761,3758,3761,3758,3757,3757,3766,3766,3763,3761,3764,3760,3762,3761,0.04,SJNFAAZE1U0005576,117.83,13.04,9121.7392578125,79,75,0,0,0,0,15.0,99.17,-157973,100,1528026111.250,0,1,1,0,4,0,0,3,0,1,360.99,360.99,7F,1,1,1,0082,68,40,40,0,0,19,0.00
03/06/2018 12:41:54,55 59.40467,-2 30.55527,239,0,239,472992,1144818,360.77,-98.815,3769,3750,3758,19,0,97.2,36.2,92.8,33.8,none,none,84.8,29.3,3766,3764,3760,3760,3760,3757,3756,3754,3755,3753,3754,3752,3754,3753,3753,3751,3753,3751,3753,3752,3752,3750,3751,3751,3753,3753,3754,3752,3753,3750,3753,3753,3754,3753,3752,3753,3753,3752,3754,3753,3755,3754,3759,3755,3760,3758,3761,3757,3769,3766,3769,3766,3767,3766,3768,3765,3762,3760,3766,3762,3767,3761,3761,3760,3760,3760,3761,3762,3759,3758,3760,3758,3757,3760,3762,3759,3762,3757,3758,3761,3760,3758,3762,3760,3763,3759,3758,3759,3768,3766,3765,3764,3766,3762,3763,3762,0.07,SJNFAAZE1U0005576,117.83,13.04,9121.7392578125,79,75,0,0,0,0,15.0,99.17,-158010,100,1528026114.863,0,1,1,0,4,0,0,3,0,1,360.61,360.61,7F,1,1,1,0082,68,40,40,0,0,19,0.00
03/06/2018 12:41:58,55 59.40467,-2 30.55527,239,0,240,473832,1144818,361.06,-99.090,3772,3753,3761,19,0,97.2,36.2,92.8,33.8,none,none,84.8,29.3,3769,3766,3762,3763,3763,3760,3759,3758,3759,3757,3757,3756,3758,3756,3756,3755,3756,3754,3756,3755,3754,3753,3754,3754,3755,3756,3757,3757,3756,3753,3757,3756,3758,3757,3756,3756,3757,3756,3757,3756,3758,3758,3761,3758,3762,3761,3765,3759,3771,3770,3772,3770,3772,3770,3771,3768,3767,3763,3769,3765,3771,3765,3764,3763,3763,3764,3765,3765,3761,3762,3764,3761,3760,3764,3766,3762,3765,3760,3762,3764,3762,3762,3766,3763,3766,3764,3761,3766,3771,3769,3768,3768,3770,3767,3767,3765,0.03,SJNFAAZE1U0005576,117.83,13.04,9121.7392578125,79,75,0,0,0,0,15.0,99.17,-158044,100,1528026118.447,0,1,1,0,5,0,0,3,0,1,360.77,360.77,7F,1,1,1,0082,68,40,40,0,0,19,0.00
03/06/2018 12:42:02,55 59.40467,-2 30.55527,239,0,240,474721,1144818,360.86,-99.029,3772,3751,3759,21,0,97.5,36.4,93.0,33.9,none,none,85.0,29.4,3767,3765,3761,3763,3762,3760,3757,3757,3758,3757,3756,3755,3756,3755,3755,3753,3755,3755,3754,3753,3754,3751,3754,3754,3753,3754,3755,3754,3755,3755,3756,3754,3756,3756,3754,3756,3755,3754,3755,3755,3757,3758,3760,3757,3761,3760,3764,3759,3769,3767,3772,3768,3769,3769,3769,3766,3761,3762,3768,3765,3766,3762,3761,3761,3761,3765,3762,3758,3761,3760,3763,3760,3752,3762,3763,3760,3759,3760,3759,3760,3760,3761,3765,3762,3763,3761,3759,3758,3769,3769,3765,3763,3767,3765,3766,3765,0.02,SJNFAAZE1U0005576,117.83,13.04,9121.7392578125,79,75,0,0,0,0,15.0,99.17,-158081,100,1528026122.242,0,1,1,0,5,0,0,3,0,1,361.09,361.09,7F,1,1,1,0082,68,40,40,0,0,19,0.00
03/06/2018 12:42:05,55 59.40467,-2 30.55527,239,0,240,475633,1144818,360.86,-98.235,3771,3751,3759,20,0,97.5,36.4,93.0,33.9,none,none,85.0,29.4,3768,3765,3761,3761,3762,3758,3756,3756,3758,3755,3756,3754,3756,3754,3755,3753,3754,3753,3753,3753,3754,3751,3753,3754,3754,3753,3755,3755,3754,3753,3755,3754,3756,3754,3754,3754,3755,3754,3755,3753,3756,3756,3760,3757,3761,3759,3762,3757,3770,3768,3771,3767,3769,3768,3770,3767,3763,3761,3766,3764,3767,3762,3763,3761,3761,3763,3762,3761,3761,3759,3763,3760,3756,3762,3764,3759,3760,3758,3760,3761,3760,3760,3763,3762,3765,3760,3760,3758,3770,3768,3766,3764,3768,3764,3765,3763,0.06,SJNFAAZE1U0005576,117.83,13.04,9121.7392578125,79,75,0,0,0,0,15.0,99.17,-158118,100,1528026125.940,0,1,1,0,5,0,0,3,0,1,361.06,361.06,7F,1,1,1,0082,68,40,40,0,0,19,0.00
03/06/2018 12:42:09,55 59.40467,-2 30.55527,239,0,241,476522,1144818,361.15,-99.853,3774,3754,3762,20,0,97.7,36.5,93.2,34.0,none,none,85.2,29.6,3769,3768,3764,3764,3765,3763,3759,3758,3761,3757,3759,3756,3757,3756,3757,3755,3757,3758,3756,3755,3757,3754,3756,3756,3757,3756,3758,3757,3758,3757,3758,3757,3760,3758,3757,3758,3757,3756,3759,3756,3760,3760,3763,3758,3764,3761,3766,3761,3772,3770,3774,3769,3772,3773,3771,3768,3765,3764,3771,3766,3769,3765,3765,3764,3765,3766,3764,3761,3763,3763,3764,3763,3756,3764,3766,3762,3763,3763,3761,3764,3763,3762,3767,3764,3767,3763,3762,3761,3773,3773,3768,3767,3771,3767,3768,3766,0.06,SJNFAAZE1U0005576,117.83,13.04,9121.7392578125,79,75,0,0,0,0,15.0,99.17,-158155,100,1528026129.764,0,1,1,0,5,0,0,3,0,1,360.97,360.97,7F,1,1,1,0082,68,40,40,0,0,19,0.00
03/06/2018 12:42:13,55 59.40467,-2 30.55527,239,0,241,477458,1144818,361.34,-99.364,3776,3756,3764,20,0,97.7,36.5,93.0,33.9,none,none,85.0,29.4,3772,3770,3765,3766,3766,3764,3762,3762,3762,3760,3761,3759,3760,3760,3760,3759,3758,3759,3758,3758,3758,3756,3759,3758,3758,3759,3760,3759,3759,3757,3760,3759,3761,3760,3758,3760,3760,3758,3760,3759,3761,3761,3764,3761,3766,3765,3768,3764,3774,3773,3776,3773,3774,3774,3774,3771,3770,3766,3772,3768,3772,3768,3767,3767,3766,3768,3767,3767,3765,3765,3767,3764,3761,3767,3769,3765,3767,3764,3765,3766,3764,3765,3769,3767,3769,3766,3763,3766,3775,3774,3771,3770,3773,3769,3771,3769,0.04,SJNFAAZE1U0005576,117.83,13.04,9121.7392578125,79,75,0,0,0,0,15.0,99.17,-158194,100,1528026133.459,0,1,1,0,5,0,0,3,0,1,361.03,361.03,7F,1,1,1,0082,68,40,40,0,0,19,0.00
03/06/2018 12:42:17,55 59.40467,-2 30.55527,239,0,242,478298,1144818,361.15,-97.838,3774,3754,3762,20,0,97.7,36.5,93.2,34.0,none,none,85.0,29.4,3771,3767,3763,3765,3765,3761,3759,3760,3759,3758,3758,3757,3758,3757,3756,3756,3757,3755,3755,3755,3756,3754,3756,3756,3757,3758,3758,3757,3757,3755,3757,3757,3758,3758,3757,3758,3758,3756,3758,3757,3760,3758,3763,3760,3764,3762,3765,3760,3773,3771,3774,3771,3772,3770,3773,3769,3765,3764,3771,3765,3771,3765,3766,3764,3764,3766,3766,3764,3763,3763,3766,3762,3759,3765,3766,3763,3765,3762,3763,3764,3764,3764,3767,3764,3767,3764,3761,3762,3773,3771,3770,3767,3770,3768,3768,3766,0.05,SJNFAAZE1U0005576,117.83,13.04,9121.7392578125,79,75,0,0,0,0,15.0,99.17,-158228,100,1528026137.293,0,1,1,0,5,0,0,3,0,1,361.32,361.32,7F,1,1,1,0082,68,40,40,0,0,19,0.00
03/06/2018 12:42:20,55 59.40467,-2 30.55527,239,0,242,479210,1144818,361.44,-98.906,3778,3757,3765,21,0,97.7,36.5,93.2,34.0,none,none,85.2,29.6,3775,3772,3766,3768,3768,3763,3763,3762,3763,3761,3761,3760,3761,3761,3761,3759,3760,3758,3761,3759,3759,3757,3759,3759,3760,3760,3761,3760,3760,3757,3761,3760,3762,3759,3760,3760,3761,3761,3762,3761,3763,3761,3766,3762,3767,3766,3768,3764,3776,3774,3778,3774,3777,3774,3776,3771,3771,3768,3774,3769,3775,3769,3768,3768,3768,3768,3769,3769,3767,3765,3768,3766,3765,3768,3769,3767,3769,3763,3765,3766,3767,3766,3769,3768,3771,3767,3765,3768,3776,3772,3773,3772,3774,3771,3770,3769,0.00,SJNFAAZE1U0005576,117.83,13.04,9121.7392578125,79,75,0,0,0,0,15.0,99.17,-158266,100,1528026140.891,0,1,1,0,5,0,0,3,0,1,361.23,361.23,7F,1,1,1,0082,68,40,40,0,0,19,0.00
03/06/2018 12:42:24,55 59.40467,-2 30.55527,239,0,243,480098,1144818,361.73,-99.273,3780,3759,3768,21,0,97.9,36.6,93.2,34.0,none,none,85.2,29.6,3777,3773,3769,3770,3770,3766,3765,3765,3765,3764,3764,3762,3763,3762,3762,3762,3762,3759,3761,3762,3762,3759,3762,3761,3763,3763,3764,3763,3762,3760,3764,3763,3765,3763,3762,3763,3763,3762,3763,3763,3764,3764,3768,3765,3770,3768,3771,3766,3779,3776,3780,3775,3778,3777,3778,3775,3774,3770,3774,3771,3776,3772,3769,3769,3770,3771,3771,3772,3769,3769,3771,3768,3768,3770,3771,3769,3772,3766,3768,3770,3769,3768,3773,3770,3772,3770,3767,3772,3778,3777,3775,3774,3776,3773,3773,3771,0.06,SJNFAAZE1U0005576,117.83,13.04,9121.7392578125,79,75,0,0,0,0,15.0,99.17,-158302,100,1528026144.753,0,1,1,0,5,0,0,3,0,1,361.34,361.34,7F,1,1,1,0082,68,40,40,0,0,19,0.00
03/06/2018 12:42:28,55 59.40467,-2 30.55527,239,0,243,481058,1144818,361.82,-99.364,3781,3762,3769,19,0,97.9,36.6,93.2,34.0,none,none,85.2,29.6,3776,3775,3771,3771,3773,3769,3766,3767,3767,3765,3766,3764,3765,3764,3763,3764,3764,3762,3763,3763,3762,3762,3763,3764,3764,3763,3765,3764,3764,3762,3765,3764,3766,3764,3764,3764,3764,3764,3765,3764,3766,3766,3770,3766,3770,3770,3773,3767,3780,3779,3781,3778,3779,3779,3779,3776,3775,3771,3778,3773,3778,3772,3771,3772,3772,3773,3772,3772,3769,3769,3772,3770,3767,3773,3773,3770,3772,3768,3769,3770,3770,3770,3774,3771,3772,3771,3768,3772,3779,3778,3775,3775,3777,3774,3775,3773,0.02,SJNFAAZE1U0005576,117.83,13.04,9121.7392578125,79,75,0,0,0,0,15.0,99.17,-158342,100,1528026148.828,0,1,1,0,5,0,0,3,0,1,361.48,361.48,7F,1,1,1,0082,68,40,40,0,0,19,0.00
03/06/2018 12:42:32,55 59.40467,-2 30.55527,239,0,244,482022,1144818,361.63,-100.249,3780,3759,3767,21,0,97.9,36.6,93.4,34.1,none,none,85.2,29.6,3776,3773,3768,3769,3770,3766,3764,3764,3765,3763,3763,3761,3763,3761,3762,3762,3762,3760,3762,3761,3761,3759,3761,3760,3762,3763,3763,3762,3762,3760,3764,3762,3765,3762,3760,3762,3762,3762,3764,3762,3764,3763,3769,3765,3768,3767,3771,3765,3779,3776,3780,3776,3776,3774,3778,3774,3773,3769,3775,3771,3776,3770,3770,3769,3769,3768,3770,3770,3768,3768,3769,3767,3766,3770,3771,3768,3770,3765,3768,3768,3769,3768,3772,3769,3772,3768,3767,3769,3777,3775,3774,3772,3775,3771,3773,3770,0.05,SJNFAAZE1U0005576,117.83,13.04,9121.7392578125,79,75,0,0,0,0,15.0,99.17,-158382,100,1528026152.759,0,1,0,0,0,0,0,3,0,1,361.45,361.45,7F,1,1,1,0082,68,40,40,0,0,19,0.00
03/06/2018 12:42:36,55 59.40467,-2 30.55527,239,0,244,482966,1144818,361.63,-100.036,3779,3760,3767,19,0,97.9,36.6,93.4,34.1,none,none,85.4,29.7,3776,3773,3768,3769,3770,3767,3764,3765,3766,3763,3763,3762,3764,3762,3761,3761,3761,3763,3760,3761,3762,3760,3760,3761,3762,3761,3763,3762,3762,3762,3763,3763,3764,3763,3763,3764,3762,3762,3763,3762,3764,3766,3768,3764,3768,3768,3772,3767,3778,3776,3778,3776,3777,3778,3779,3773,3769,3769,3776,3772,3775,3771,3770,3769,3769,3773,3772,3768,3769,3768,3771,3768,3760,3769,3772,3769,3768,3768,3768,3769,3769,3769,3773,3770,3772,3768,3767,3766,3779,3779,3774,3772,3777,3773,3774,3772,-0.01,SJNFAAZE1U0005576,117.83,13.04,9121.7392578125,79,75,0,0,0,0,15.0,99.17,-158421,100,1528026156.595,0,1,0,0,0,0,0,3,0,1,362.07,362.07,7F,1,1,1,0082,68,40,40,0,0,19,0.00
03/06/2018 12:42:40,55 59.40467,-2 30.55527,239,0,245,483859,1144818,361.63,-98.235,3780,3759,3767,21,0,98.2,36.8,93.6,34.2,none,none,85.4,29.7,3776,3774,3769,3770,3771,3767,3765,3764,3766,3763,3763,3762,3763,3763,3762,3760,3762,3761,3760,3761,3762,3759,3761,3761,3763,3762,3763,3762,3763,3761,3764,3761,3765,3762,3762,3763,3763,3762,3763,3762,3765,3765,3768,3765,3769,3767,3771,3765,3779,3775,3780,3776,3777,3776,3778,3775,3770,3768,3776,3771,3776,3770,3770,3769,3768,3772,3770,3768,3768,3766,3770,3768,3763,3769,3772,3768,3769,3767,3767,3769,3768,3768,3772,3770,3772,3768,3766,3767,3779,3776,3774,3772,3776,3771,3774,3771,-0.02,SJNFAAZE1U0005576,117.83,13.04,9121.7392578125,79,75,0,0,0,0,15.0,99.17,-158457,100,1528026160.327,0,1,0,0,0,0,0,3,0,1,362.11,362.11,7F,1,1,1,0082,68,40,40,0,0,19,0.00
03/06/2018 12:42:44,55 59.40467,-2 30.55527,239,0,245,484774,1144818,361.92,-99.242,3781,3761,3770,20,0,97.9,36.6,93.6,34.2,none,none,85.4,29.7,3779,3776,3771,3772,3772,3767,3767,3767,3767,3765,3765,3764,3766,3763,3764,3763,3764,3762,3765,3763,3764,3761,3763,3763,3764,3763,3766,3765,3764,3763,3765,3764,3766,3766,3764,3764,3766,3763,3766,3764,3766,3765,3771,3766,3771,3770,3773,3768,3781,3779,3781,3778,3780,3778,3780,3778,3775,3771,3777,3773,3778,3773,3773,3771,3772,3771,3773,3773,3770,3769,3773,3769,3769,3772,3774,3770,3773,3767,3771,3772,3771,3770,3774,3771,3774,3772,3769,3771,3780,3778,3775,3775,3778,3774,3774,3774,0.00,SJNFAAZE1U0005576,117.83,13.04,9121.7392578125,79,75,0,0,0,0,15.0,99.17,-158495,100,1528026164.090,0,1,0,0,0,0,0,3,0,1,361.78,361.78,7F,1,1,1,0082,68,40,40,0,0,19,0.00
03/06/2018 12:42:47,55 59.40467,-2 30.55527,239,0,246,485662,1144818,362.21,-99.914,3785,3765,3773,20,0,98.2,36.8,93.6,34.2,none,none,85.4,29.7,3781,3779,3774,3775,3776,3774,3770,3771,3772,3769,3769,3769,3768,3768,3767,3766,3768,3768,3766,3767,3767,3765,3767,3768,3767,3767,3768,3768,3768,3767,3768,3768,3769,3769,3768,3769,3768,3768,3769,3768,3771,3771,3773,3770,3775,3773,3778,3772,3783,3782,3785,3782,3784,3783,3783,3780,3776,3776,3783,3779,3781,3775,3774,3776,3775,3778,3776,3775,3774,3773,3775,3774,3769,3775,3777,3774,3774,3772,3772,3775,3773,3774,3777,3776,3777,3774,3771,3775,3782,3782,3779,3779,3781,3778,3779,3777,0.05,SJNFAAZE1U0005576,117.83,13.04,9121.7392578125,79,75,0,0,0,0,15.0,99.17,-158532,100,1528026167.927,0,1,1,0,4,0,0,3,0,1,361.93,361.93,7F,1,1,1,0082,68,40,40,0,0,19,0.00
03/06/2018 12:42:51,55 59.40467,-2 30.55527,239,0,246,486570,1144818,362.21,-99.456,3785,3766,3773,19,0,98.2,36.8,93.6,34.2,none,none,85.6,29.8,3781,3780,3774,3776,3776,3775,3769,3771,3772,3770,3770,3768,3768,3768,3767,3767,3768,3768,3766,3766,3767,3766,3767,3767,3767,3767,3768,3767,3768,3769,3768,3768,3770,3768,3768,3768,3768,3768,3768,3767,3771,3772,3773,3769,3774,3773,3777,3772,3783,3781,3785,3782,3782,3784,3783,3781,3775,3776,3781,3778,3779,3776,3775,3776,3775,3779,3776,3775,3774,3773,3776,3774,3768,3776,3777,3773,3773,3773,3773,3774,3774,3775,3779,3776,3776,3773,3772,3773,3783,3783,3779,3778,3781,3778,3780,3778,0.00,SJNFAAZE1U0005576,117.83,13.04,9121.7392578125,79,75,0,0,0,0,15.0,99.17,-158569,100,1528026171.719,0,1,1,0,4,0,0,3,0,1,362.27,362.27,7F,1,1,1,0082,68,40,40,0,0,19,0.00
03/06/2018 12:42:55,55 59.40467,-2 30.55527,239,0,246,487478,1144818,362.02,-97.533,3783,3762,3771,21,0,98.2,36.8,93.6,34.2,none,none,85.6,29.8,3780,3776,3773,3774,3775,3772,3768,3768,3771,3767,3767,3766,3767,3765,3765,3764,3765,3766,3765,3764,3765,3762,3765,3765,3765,3766,3766,3766,3766,3766,3767,3766,3769,3767,3765,3767,3767,3765,3767,3765,3769,3768,3772,3768,3774,3771,3774,3771,3781,3779,3783,3780,3780,3780,3781,3779,3773,3773,3779,3775,3779,3773,3772,3773,3773,3776,3774,3772,3773,3770,3773,3772,3765,3773,3776,3771,3772,3771,3771,3772,3771,3772,3776,3774,3775,3771,3769,3769,3781,3781,3777,3776,3779,3776,3778,3776,0.02,SJNFAAZE1U0005576,117.83,13.04,9121.7392578125,79,75,0,0,0,0,15.0,99.17,-158607,100,1528026175.428,0,1,1,0,5,0,0,3,0,1,362.56,362.56,7F,1,1,1,0082,67,40,40,0,0,19,0.00
03/06/2018 12:42:58,55 59.40467,-2 30.55527,239,0,247,488311,1144818,362.02,-97.106,3783,3763,3771,20,0,98.2,36.8,93.8,34.3,none,none,85.6,29.8,3780,3777,3773,3774,3774,3772,3767,3768,3771,3767,3766,3766,3767,3765,3766,3764,3766,3766,3765,3765,3766,3763,3766,3766,3765,3765,3767,3765,3766,3765,3766,3766,3768,3767,3767,3767,3766,3766,3767,3766,3770,3770,3771,3767,3773,3771,3776,3771,3782,3780,3783,3779,3780,3780,3781,3778,3772,3774,3780,3775,3778,3774,3772,3773,3773,3776,3774,3770,3772,3770,3774,3771,3763,3773,3775,3771,3771,3770,3771,3772,3772,3772,3776,3772,3774,3772,3770,3768,3782,3781,3777,3775,3779,3776,3778,3777,0.09,SJNFAAZE1U0005576,117.83,13.04,9121.7392578125,79,75,0,0,0,0,15.0,99.17,-158641,100,1528026178.913,0,1,1,0,5,0,0,3,0,1,362.34,362.34,7F,1,1,1,0082,67,40,40,0,0,19,0.00
03/06/2018 12:43:02,55 59.40467,-2 30.55527,239,0,247,489145,1144818,362.21,-96.984,3784,3765,3773,19,0,98.4,36.9,93.8,34.3,none,none,85.8,29.9,3781,3779,3774,3775,3775,3774,3770,3771,3771,3768,3769,3768,3768,3767,3766,3765,3768,3767,3766,3766,3767,3765,3766,3767,3766,3767,3769,3767,3768,3768,3768,3768,3769,3769,3767,3769,3768,3767,3769,3766,3771,3771,3774,3770,3775,3773,3778,3772,3783,3781,3784,3780,3782,3782,3783,3780,3775,3775,3781,3778,3780,3775,3774,3774,3775,3778,3777,3773,3772,3772,3776,3773,3766,3775,3776,3773,3774,3773,3773,3773,3773,3773,3777,3774,3777,3773,3771,3770,3783,3782,3779,3776,3781,3778,3780,3777,0.02,SJNFAAZE1U0005576,117.83,13.04,9121.7392578125,79,75,0,0,0,0,15.0,99.17,-158675,100,1528026182.340,0,1,1,0,5,0,0,3,0,1,362.42,362.42,7F,1,1,1,0082,67,40,40,0,0,19,0.00
03/06/2018 12:43:06,55 59.40467,-2 30.55527,239,0,248,490025,1144818,362.40,-98.724,3787,3767,3775,20,0,98.4,36.9,93.8,34.3,none,none,85.8,29.9,3784,3781,3775,3778,3779,3776,3772,3772,3773,3771,3771,3771,3771,3770,3770,3768,3771,3771,3768,3768,3770,3767,3770,3770,3770,3769,3770,3770,3769,3770,3770,3770,3773,3770,3770,3771,3770,3769,3771,3769,3773,3773,3776,3772,3776,3775,3779,3775,3786,3783,3787,3784,3784,3785,3786,3782,3777,3778,3785,3780,3782,3778,3778,3777,3778,3781,3778,3776,3775,3775,3778,3776,3771,3777,3779,3775,3777,3776,3775,3777,3776,3777,3780,3779,3779,3776,3774,3774,3786,3786,3782,3780,3784,3780,3782,3780,0.02,SJNFAAZE1U0005576,117.83,13.04,9121.7392578125,79,75,0,0,0,0,15.0,99.17,-158712,100,1528026186.150,0,1,1,0,5,0,0,3,0,1,362.14,362.14,7F,1,1,1,0082,67,40,40,0,0,19,0.00
03/06/2018 12:43:09,55 59.40467,-2 30.55527,239,0,248,490906,1144818,362.40,-98.174,3788,3765,3775,23,0,98.6,37.0,94.0,34.4,none,none,86.0,30.0,3785,3781,3777,3776,3778,3773,3772,3773,3773,3770,3770,3769,3771,3769,3770,3769,3769,3767,3769,3768,3768,3765,3769,3768,3769,3770,3770,3770,3770,3766,3770,3770,3771,3769,3768,3769,3771,3769,3771,3770,3772,3771,3776,3772,3778,3775,3779,3773,3786,3783,3788,3783,3785,3783,3786,3782,3780,3777,3783,3779,3784,3778,3777,3777,3776,3776,3779,3778,3776,3774,3778,3775,3775,3777,3778,3774,3779,3773,3775,3777,3776,3776,3779,3777,3780,3777,3775,3776,3785,3783,3782,3781,3784,3779,3781,3778,0.04,SJNFAAZE1U0005576,117.83,13.04,9121.7392578125,79,75,0,0,0,0,15.0,99.17,-158748,100,1528026189.866,0,1,1,0,5,0,0,3,0,1,362.33,362.33,7F,1,1,1,0082,67,40,40,0,0,19,0.00
03/06/2018 12:43:13,55 59.40467,-2 30.55527,239,0,249,491789,1144818,362.50,-98.571,3788,3768,3776,20,0,98.4,36.9,94.0,34.4,none,none,86.0,30.0,3785,3781,3777,3778,3780,3778,3772,3773,3774,3772,3772,3771,3771,3771,3770,3769,3770,3771,3769,3770,3770,3768,3770,3770,3770,3770,3772,3770,3772,3771,3771,3770,3773,3771,3771,3771,3770,3770,3772,3770,3774,3774,3777,3773,3778,3776,3781,3776,3786,3784,3788,3784,3785,3787,3786,3783,3778,3779,3785,3781,3782,3778,3777,3779,3778,3781,3778,3775,3776,3776,3778,3777,3769,3779,3780,3776,3776,3776,3776,3777,3776,3778,3781,3778,3780,3777,3774,3774,3787,3786,3782,3782,3783,3781,3783,3781,-0.01,SJNFAAZE1U0005576,117.83,13.04,9121.7392578125,79,75,0,0,0,0,15.0,99.17,-158784,100,1528026193.495,0,1,1,0,5,0,0,3,0,1,362.78,362.78,7F,1,1,1,0082,67,40,40,0,0,19,0.00
03/06/2018 12:43:17,55 59.40467,-2 30.55527,239,0,249,492670,1144818,362.88,-98.662,3793,3772,3780,21,0,98.6,37.0,94.0,34.4,none,none,86.0,30.0,3789,3786,3783,3782,3783,3779,3778,3778,3778,3776,3776,3774,3776,3774,3775,3774,3775,3772,3775,3774,3774,3772,3774,3773,3774,3776,3775,3775,3774,3772,3776,3776,3776,3775,3774,3775,3776,3774,3776,3775,3777,3775,3781,3777,3782,3780,3784,3779,3791,3790,3793,3790,3790,3787,3789,3788,3787,3782,3788,3785,3790,3784,3782,3782,3783,3782,3784,3785,3780,3780,3782,3780,3782,3783,3783,3782,3784,3777,3779,3782,3781,3781,3785,3781,3784,3782,3779,3784,3790,3787,3787,3788,3789,3785,3786,3784,-0.02,SJNFAAZE1U0005576,117.83,13.04,9121.7392578125,79,75,0,0,0,0,15.0,99.17,-158821,100,1528026197.145,0,1,1,0,5,0,0,3,0,1,362.51,362.51,7F,1,1,1,0082,67,40,40,0,0,19,0.00
03/06/2018 12:43:20,55 59.40467,-2 30.55527,239,0,249,493456,1144818,362.69,-98.022,3790,3769,3778,21,0,98.6,37.0,94.0,34.4,none,none,86.0,30.0,3787,3783,3779,3780,3781,3779,3774,3775,3777,3773,3774,3773,3773,3772,3772,3771,3772,3773,3770,3771,3771,3769,3771,3772,3772,3771,3773,3772,3771,3773,3774,3772,3774,3773,3772,3774,3772,3772,3774,3771,3775,3776,3779,3774,3779,3779,3783,3777,3789,3786,3790,3786,3788,3788,3789,3784,3779,3780,3786,3782,3786,3780,3781,3780,3780,3783,3781,3777,3779,3777,3780,3778,3770,3779,3781,3778,3779,3778,3778,3778,3779,3779,3782,3780,3782,3779,3777,3777,3789,3788,3785,3783,3786,3783,3784,3783,-0.00,SJNFAAZE1U0005576,117.83,13.04,9121.7392578125,79,75,0,0,0,0,15.0,99.17,-158853,100,1528026200.687,0,1,1,0,5,0,0,3,0,1,363.11,363.11,7F,1,1,1,0082,67,40,40,0,0,19,0.00
03/06/2018 12:43:24,55 59.40467,-2 30.55527,239,0,250,494312,1144818,362.78,-97.961,3792,3770,3779,22,0,98.6,37.0,94.0,34.4,none,none,86.0,30.0,3789,3786,3781,3781,3782,3777,3777,3777,3777,3774,3776,3773,3775,3774,3774,3772,3774,3771,3774,3773,3773,3770,3773,3772,3773,3773,3775,3772,3774,3772,3775,3774,3776,3773,3774,3773,3775,3773,3775,3773,3776,3775,3781,3776,3782,3779,3783,3777,3789,3788,3792,3788,3788,3786,3788,3787,3784,3780,3787,3783,3788,3782,3781,3781,3781,3780,3783,3781,3780,3778,3781,3779,3778,3781,3783,3780,3782,3776,3778,3781,3779,3779,3784,3781,3784,3780,3777,3781,3789,3787,3785,3785,3787,3783,3786,3783,0.00,SJNFAAZE1U0005576,117.83,13.04,9121.7392578125,79,75,0,0,0,0,15.0,99.17,-158888,100,1528026204.152,0,1,1,0,5,0,0,3,0,1,362.57,362.57,7F,1,1,1,0082,67,40,40,0,0,19,0.00
03/06/2018 12:43:27,55 59.40467,-2 30.55527,239,0,250,495146,1144818,363.07,-98.601,3795,3773,3782,22,0,98.6,37.0,94.2,34.6,none,none,86.0,30.0,3791,3789,3785,3785,3785,3781,3780,3780,3780,3778,3778,3775,3778,3777,3777,3776,3777,3774,3777,3775,3775,3773,3775,3775,3775,3776,3777,3776,3776,3774,3778,3776,3778,3777,3776,3777,3778,3775,3778,3777,3779,3777,3783,3779,3784,3782,3786,3781,3792,3792,3795,3792,3792,3790,3791,3790,3789,3783,3790,3786,3791,3786,3784,3784,3785,3784,3785,3786,3783,3782,3783,3782,3784,3785,3787,3783,3785,3779,3781,3784,3782,3783,3787,3784,3786,3784,3780,3785,3792,3790,3788,3788,3790,3787,3788,3786,0.02,SJNFAAZE1U0005576,117.83,13.04,9121.7392578125,79,75,0,0,0,0,15.0,99.17,-158923,100,1528026207.642,0,1,1,0,5,0,0,3,0,1,362.77,362.77,7F,1,1,1,0082,67,40,40,0,0,19,0.00
03/06/2018 12:43:31,55 59.40467,-2 30.55527,239,0,251,495985,1144818,362.88,-98.937,3793,3772,3780,21,0,98.6,37.0,94.2,34.6,none,none,86.0,30.0,3789,3786,3782,3784,3783,3782,3777,3777,3779,3777,3777,3774,3775,3774,3774,3773,3775,3775,3774,3773,3774,3772,3774,3774,3774,3775,3775,3775,3775,3776,3775,3775,3777,3776,3774,3776,3775,3774,3775,3775,3778,3779,3781,3777,3781,3781,3784,3780,3791,3788,3793,3789,3790,3792,3790,3787,3782,3783,3789,3785,3788,3782,3782,3782,3781,3786,3784,3779,3781,3780,3782,3781,3773,3782,3784,3780,3780,3780,3779,3781,3780,3783,3786,3781,3784,3781,3779,3779,3791,3791,3787,3784,3788,3785,3787,3786,-0.02,SJNFAAZE1U0005576,117.83,13.04,9121.7392578125,79,75,0,0,0,0,15.0,99.17,-158957,100,1528026211.116,0,1,0,0,0,0,0,3,0,1,363.12,363.12,7F,1,1,1,0082,67,40,40,0,0,19,0.00
03/06/2018 12:43:34,55 59.40467,-2 30.55527,239,0,251,496848,1144818,362.78,-98.144,3791,3770,3779,21,0,98.8,37.1,94.2,34.6,none,none,86.0,30.0,3789,3785,3781,3782,3782,3779,3776,3776,3777,3775,3774,3773,3774,3774,3773,3771,3774,3773,3773,3772,3772,3770,3773,3772,3773,3773,3774,3772,3774,3772,3775,3773,3776,3773,3773,3774,3773,3773,3774,3773,3776,3776,3780,3776,3780,3779,3783,3778,3791,3788,3791,3787,3789,3787,3790,3786,3781,3780,3787,3783,3788,3781,3782,3781,3781,3782,3783,3781,3781,3777,3782,3779,3776,3780,3783,3779,3781,3777,3780,3780,3780,3780,3784,3781,3784,3780,3778,3778,3790,3787,3786,3784,3789,3784,3784,3783,-0.02,SJNFAAZE1U0005576,117.83,13.04,9121.7392578125,79,75,0,0,0,0,15.0,99.17,-158993,100,1528026214.735,0,1,0,0,0,0,0,3,0,1,363.12,363.12,7F,1,1,1,0082,67,40,40,0,0,19,0.00
03/06/2018 12:43:38,55 59.40467,-2 30.55527,239,0,252,497712,1144818,363.36,-99.822,3798,3776,3785,22,0,98.8,37.1,94.2,34.6,none,none,86.2,30.1,3794,3791,3786,3788,3787,3783,3781,3783,3783,3780,3781,3779,3780,3779,3778,3777,3778,3777,3778,3778,3777,3776,3778,3778,3778,3778,3781,3779,3778,3777,3779,3780,3781,3779,3777,3779,3779,3779,3780,3780,3782,3782,3785,3781,3786,3785,3788,3782,3795,3793,3798,3793,3796,3794,3794,3792,3792,3787,3793,3789,3795,3788,3788,3787,3785,3787,3788,3788,3785,3785,3786,3784,3784,3787,3789,3785,3789,3784,3784,3787,3786,3786,3789,3788,3789,3786,3783,3787,3795,3794,3792,3791,3794,3791,3791,3789,-0.02,SJNFAAZE1U0005576,117.83,13.04,9121.7392578125,79,75,0,0,0,0,15.0,99.17,-159028,100,1528026218.384,0,1,0,0,0,0,0,3,0,1,362.81,362.81,7F,1,1,1,0082,67,40,40,0,0,19,0.00
03/06/2018 12:43:42,55 59.40467,-2 30.55527,239,0,252,498598,1144818,362.88,-97.991,3794,3771,3780,23,0,99.0,37.2,94.4,34.7,none,none,86.2,30.1,3791,3787,3782,3783,3784,3781,3778,3778,3779,3776,3777,3775,3776,3774,3774,3773,3774,3775,3774,3774,3773,3771,3774,3775,3774,3774,3777,3774,3775,3774,3776,3775,3776,3776,3775,3776,3775,3775,3776,3773,3778,3777,3781,3778,3783,3781,3786,3780,3792,3789,3794,3789,3790,3790,3792,3787,3783,3781,3789,3784,3789,3783,3783,3781,3781,3784,3783,3783,3781,3781,3784,3781,3776,3781,3784,3780,3782,3780,3781,3782,3782,3782,3786,3782,3785,3782,3780,3780,3792,3790,3787,3785,3790,3785,3787,3785,-0.06,SJNFAAZE1U0005576,117.83,13.04,9121.7392578125,79,75,0,0,0,0,15.0,99.17,-159065,100,1528026222.141,0,1,1,0,3,0,0,3,0,1,363.42,363.42,7F,1,1,1,0082,67,40,40,0,0,19,0.00
03/06/2018 12:43:46,55 59.40467,-2 30.55527,239,0,253,499505,1144818,363.17,-98.022,3795,3775,3783,20,0,99.0,37.2,94.4,34.7,none,none,86.2,30.1,3792,3788,3785,3785,3786,3784,3778,3780,3781,3778,3779,3778,3778,3777,3777,3776,3778,3777,3776,3776,3777,3775,3776,3776,3776,3777,3778,3777,3777,3777,3778,3778,3779,3777,3777,3779,3778,3777,3778,3776,3780,3781,3783,3780,3785,3784,3787,3783,3793,3790,3795,3791,3792,3793,3793,3790,3785,3786,3791,3786,3790,3785,3784,3784,3784,3788,3785,3784,3784,3783,3784,3784,3776,3784,3786,3782,3782,3782,3782,3783,3784,3785,3788,3785,3786,3783,3781,3781,3794,3793,3788,3788,3791,3788,3790,3788,0.00,SJNFAAZE1U0005576,117.83,13.04,9121.7392578125,79,75,0,0,0,0,15.0,99.17,-159102,100,1528026226.055,0,1,1,0,5,0,0,3,0,1,363.61,363.61,7F,1,1,1,0082,67,40,40,0,0,19,0.00
03/06/2018 12:43:50,55 59.40467,-2 30.55527,239,0,253,500433,1144818,363.26,-98.601,3796,3775,3784,21,0,98.8,37.1,94.4,34.7,none,none,86.2,30.1,3792,3790,3786,3786,3787,3785,3780,3781,3783,3779,3780,3777,3780,3777,3778,3776,3778,3778,3777,3776,3777,3775,3778,3777,3778,3778,3780,3777,3778,3779,3779,3779,3782,3780,3778,3779,3778,3777,3779,3777,3782,3781,3785,3780,3785,3784,3788,3784,3794,3792,3796,3792,3793,3794,3793,3790,3785,3786,3792,3788,3791,3786,3786,3787,3786,3790,3787,3784,3784,3784,3786,3784,3777,3786,3787,3783,3783,3783,3784,3785,3784,3785,3789,3786,3788,3785,3782,3781,3794,3794,3791,3788,3792,3789,3791,3789,0.00,SJNFAAZE1U0005576,117.83,13.04,9121.7392578125,79,75,0,0,0,0,15.0,99.17,-159141,100,1528026230.044,0,1,1,0,5,0,0,3,0,1,363.34,363.34,7F,1,1,1,0082,67,40,40,0,0,19,0.00
03/06/2018 12:43:53,55 59.40467,-2 30.55527,239,0,253,501362,1144818,363.36,-98.601,3797,3775,3785,22,0,99.0,37.2,94.4,34.7,none,none,86.4,30.2,3795,3792,3786,3788,3788,3784,3783,3782,3783,3780,3782,3779,3781,3779,3779,3777,3780,3777,3779,3778,3778,3775,3777,3778,3779,3780,3780,3779,3780,3776,3780,3779,3781,3780,3778,3779,3780,3779,3780,3779,3782,3781,3786,3781,3787,3786,3789,3783,3797,3795,3797,3793,3795,3794,3797,3792,3790,3786,3792,3789,3795,3789,3788,3787,3787,3787,3788,3788,3786,3785,3788,3785,3785,3788,3788,3786,3789,3784,3785,3787,3786,3786,3789,3787,3790,3787,3784,3787,3796,3794,3793,3790,3794,3790,3791,3789,-0.03,SJNFAAZE1U0005576,117.83,13.04,9121.7392578125,79,75,0,0,0,0,15.0,99.17,-159179,100,1528026233.811,0,1,1,0,5,0,0,3,0,1,363.22,363.22,7F,1,1,1,0082,67,40,40,0,0,19,0.00
03/06/2018 12:43:57,55 59.40467,-2 30.55527,239,0,254,502220,1144818,363.74,-99.517,3801,3779,3789,22,0,99.2,37.3,94.6,34.8,none,none,86.4,30.2,3798,3796,3791,3791,3791,3788,3787,3787,3787,3784,3785,3784,3785,3783,3783,3782,3784,3780,3782,3782,3782,3779,3781,3783,3782,3784,3784,3783,3784,3781,3784,3784,3785,3784,3782,3783,3784,3782,3784,3784,3786,3784,3790,3786,3791,3790,3793,3788,3800,3798,3801,3798,3799,3796,3799,3797,3796,3791,3797,3793,3798,3792,3791,3791,3791,3791,3792,3792,3789,3788,3790,3790,3788,3792,3792,3789,3793,3787,3787,3790,3790,3790,3794,3791,3793,3791,3787,3792,3800,3797,3795,3796,3797,3795,3796,3792,-0.05,SJNFAAZE1U0005576,117.83,13.04,9121.7392578125,79,75,0,0,0,0,15.0,99.17,-159214,100,1528026237.270,0,1,1,0,5,0,0,3,0,1,363.31,363.31,7F,1,1,1,0082,67,40,40,0,0,19,0.00
03/06/2018 12:44:00,55 59.40467,-2 30.55527,239,0,254,503030,1144818,363.84,-99.425,3803,3781,3790,22,0,99.0,37.2,94.6,34.8,none,none,86.4,30.2,3799,3798,3792,3793,3793,3789,3787,3787,3788,3786,3786,3784,3786,3785,3785,3783,3784,3782,3783,3782,3782,3781,3783,3782,3784,3785,3786,3785,3784,3781,3785,3784,3786,3785,3784,3785,3785,3784,3785,3784,3787,3786,3792,3787,3792,3790,3794,3790,3801,3800,3803,3800,3801,3798,3800,3797,3796,3792,3798,3794,3799,3792,3792,3793,3792,3793,3793,3793,3790,3789,3792,3789,3789,3793,3794,3790,3793,3788,3789,3791,3791,3790,3794,3792,3794,3792,3788,3794,3800,3798,3797,3796,3798,3795,3796,3794,-0.01,SJNFAAZE1U0005576,117.83,13.04,9121.7392578125,79,75,0,0,0,0,15.0,99.17,-159248,100,1528026240.705,0,1,1,0,5,0,0,3,0,1,363.46,363.46,7F,1,1,1,0082,67,40,40,0,0,19,0.00
03/06/2018 12:44:04,55 59.40467,-2 30.55527,239,0,255,503912,1144818,363.55,-98.601,3799,3778,3787,21,0,99.2,37.3,94.6,34.8,none,none,86.4,30.2,3795,3793,3788,3789,3790,3788,3783,3785,3785,3782,3783,3782,3782,3781,3780,3779,3781,3782,3780,3779,3780,3778,3781,3781,3780,3780,3782,3780,3781,3782,3782,3781,3783,3781,3781,3782,3781,3781,3782,3780,3784,3785,3788,3784,3789,3787,3791,3787,3797,3796,3799,3795,3796,3797,3797,3794,3789,3788,3796,3793,3794,3789,3788,3789,3788,3793,3791,3787,3787,3788,3789,3788,3781,3789,3790,3787,3786,3787,3785,3787,3786,3788,3792,3789,3791,3787,3785,3785,3797,3798,3792,3792,3795,3792,3793,3792,0.01,SJNFAAZE1U0005576,117.83,13.04,9121.7392578125,79,75,0,0,0,0,15.0,99.17,-159284,100,1528026244.395,0,1,1,0,5,0,0,3,0,1,363.75,363.75,7F,1,1,1,0082,67,40,40,0,0,19,0.00
03/06/2018 12:44:07,55 59.40467,-2 30.55527,239,0,255,504722,1144818,363.84,-99.181,3802,3781,3790,21,0,99.2,37.3,94.6,34.8,none,none,86.4,30.2,3799,3796,3792,3792,3793,3791,3787,3788,3788,3785,3786,3785,3786,3785,3784,3783,3785,3784,3783,3783,3784,3781,3784,3784,3784,3784,3785,3783,3785,3784,3785,3784,3786,3785,3783,3784,3784,3784,3785,3784,3788,3787,3791,3786,3791,3791,3794,3789,3800,3799,3802,3799,3800,3800,3800,3798,3794,3792,3798,3794,3798,3792,3792,3793,3791,3795,3792,3792,3790,3790,3792,3791,3786,3793,3793,3790,3792,3790,3789,3791,3791,3792,3795,3792,3794,3791,3789,3791,3801,3799,3795,3796,3798,3795,3796,3794,-0.02,SJNFAAZE1U0005576,117.83,13.04,9121.7392578125,79,75,0,0,0,0,15.0,99.17,-159317,100,1528026247.702,0,1,1,0,5,0,0,3,0,1,363.55,363.55,7F,1,1,1,0082,67,40,40,0,0,19,0.00
03/06/2018 12:44:11,55 59.40467,-2 30.55527,239,0,256,505507,1144818,363.94,-99.517,3804,3782,3791,22,0,99.2,37.3,94.6,34.8,none,none,86.6,30.3,3801,3798,3793,3794,3794,3789,3789,3789,3789,3786,3787,3785,3787,3785,3786,3785,3785,3782,3785,3784,3784,3782,3784,3783,3785,3786,3787,3786,3786,3782,3787,3786,3788,3787,3784,3785,3787,3786,3786,3785,3788,3786,3792,3788,3793,3792,3795,3790,3801,3801,3804,3801,3801,3799,3801,3799,3798,3793,3798,3795,3800,3794,3793,3793,3794,3793,3795,3794,3791,3791,3793,3791,3791,3794,3795,3791,3795,3788,3790,3793,3791,3792,3795,3793,3795,3792,3788,3796,3801,3799,3798,3797,3800,3796,3798,3794,-0.04,SJNFAAZE1U0005576,117.83,13.04,9121.7392578125,79,75,0,0,0,0,15.0,99.17,-159350,100,1528026251.071,0,1,1,0,5,0,0,3,0,1,363.49,363.49,7F,1,1,1,0082,67,40,40,0,0,19,0.00
03/06/2018 12:44:14,55 59.40467,-2 30.55527,239,0,256,506317,1144818,363.65,-98.784,3801,3780,3788,21,0,99.2,37.3,94.8,34.9,none,none,86.6,30.3,3797,3795,3790,3792,3791,3789,3785,3786,3788,3784,3785,3783,3784,3783,3782,3781,3784,3783,3782,3781,3782,3780,3782,3782,3782,3782,3784,3782,3782,3783,3783,3783,3785,3783,3784,3784,3783,3782,3784,3782,3786,3787,3790,3784,3791,3790,3794,3789,3799,3797,3801,3796,3798,3800,3799,3795,3789,3790,3798,3793,3796,3791,3789,3790,3790,3795,3792,3787,3788,3789,3791,3789,3781,3790,3792,3788,3788,3789,3787,3789,3789,3790,3793,3791,3792,3789,3787,3785,3799,3799,3796,3793,3796,3794,3795,3794,-0.07,SJNFAAZE1U0005576,117.83,13.04,9121.7392578125,79,75,0,0,0,0,15.0,99.17,-159383,100,1528026254.528,0,1,1,0,5,0,0,3,0,1,363.85,363.85,7F,1,1,1,0082,67,40,40,0,0,19,0.00
03/06/2018 12:44:18,55 59.40467,-2 30.55527,239,0,256,507174,1144818,364.03,-98.662,3803,3782,3792,21,0,99.4,37.4,95.0,35.0,none,none,86.8,30.4,3800,3798,3793,3795,3795,3793,3788,3789,3791,3788,3788,3786,3787,3785,3785,3784,3787,3786,3784,3785,3785,3782,3785,3785,3785,3784,3786,3785,3786,3786,3787,3786,3787,3787,3786,3788,3785,3786,3786,3786,3789,3791,3794,3788,3794,3793,3797,3792,3802,3801,3803,3800,3801,3803,3802,3799,3795,3794,3800,3796,3800,3794,3793,3794,3793,3798,3795,3793,3792,3792,3794,3793,3785,3794,3795,3791,3793,3793,3790,3793,3791,3793,3796,3795,3795,3793,3790,3791,3802,3802,3797,3797,3800,3797,3799,3797,-0.02,SJNFAAZE1U0005576,117.83,13.04,9121.7392578125,79,75,0,0,0,0,15.0,99.17,-159418,100,1528026258.361,0,1,1,0,5,0,0,3,0,1,363.62,363.62,7F,1,1,1,0082,67,40,40,0,0,19,0.00
03/06/2018 12:44:22,55 59.40467,-2 30.55527,239,0,257,508103,1144818,363.74,-98.571,3802,3781,3789,21,0,99.2,37.3,94.8,34.9,none,none,86.6,30.3,3799,3796,3791,3792,3793,3790,3786,3786,3788,3786,3785,3784,3785,3783,3784,3782,3784,3784,3781,3782,3783,3781,3783,3783,3783,3783,3785,3783,3784,3784,3783,3784,3786,3784,3784,3785,3783,3783,3785,3782,3787,3788,3790,3786,3791,3790,3794,3789,3800,3798,3802,3799,3800,3800,3800,3796,3791,3792,3798,3793,3796,3792,3791,3792,3791,3795,3792,3790,3789,3788,3792,3790,3783,3790,3793,3789,3790,3789,3787,3790,3789,3790,3795,3791,3793,3790,3787,3788,3800,3799,3795,3795,3798,3794,3796,3795,-0.02,SJNFAAZE1U0005576,117.83,13.04,9121.7392578125,79,75,0,0,0,0,15.0,99.17,-159457,100,1528026262.230,0,1,1,0,5,0,0,3,0,1,363.97,363.97,7F,1,1,1,0082,67,40,40,0,0,19,0.00
03/06/2018 12:44:25,55 59.40467,-2 30.55527,239,0,257,509008,1144818,363.74,-97.564,3801,3780,3789,21,0,99.4,37.4,95.0,35.0,none,none,86.8,30.4,3800,3795,3791,3792,3794,3789,3786,3785,3788,3785,3786,3783,3785,3783,3782,3781,3784,3782,3782,3781,3783,3780,3783,3782,3783,3784,3784,3783,3784,3781,3785,3784,3785,3784,3782,3783,3783,3782,3784,3783,3785,3785,3790,3785,3791,3789,3793,3788,3801,3798,3801,3798,3799,3799,3801,3796,3792,3790,3797,3793,3798,3791,3791,3790,3790,3792,3792,3790,3790,3789,3792,3789,3786,3790,3793,3789,3791,3789,3789,3791,3790,3789,3794,3790,3795,3790,3789,3788,3801,3799,3796,3794,3799,3793,3796,3793,-0.05,SJNFAAZE1U0005576,117.83,13.04,9121.7392578125,79,75,0,0,0,0,15.5,99.17,-159494,100,1528026265.923,0,1,1,0,5,0,0,3,0,1,364.10,364.10,7F,1,1,1,0082,67,40,40,0,0,19,0.00
03/06/2018 12:44:29,55 59.40467,-2 30.55527,239,0,258,509843,1144818,363.84,-97.991,3803,3781,3790,22,0,99.4,37.4,95.0,35.0,none,none,86.8,30.4,3801,3797,3792,3794,3793,3792,3787,3788,3788,3785,3787,3785,3786,3784,3783,3783,3784,3785,3783,3784,3784,3781,3784,3783,3783,3784,3785,3783,3785,3785,3787,3786,3788,3785,3785,3786,3786,3784,3785,3784,3788,3789,3792,3786,3792,3791,3795,3790,3801,3799,3803,3800,3801,3801,3802,3797,3792,3792,3799,3795,3799,3794,3792,3792,3792,3796,3794,3790,3792,3790,3793,3790,3785,3792,3793,3791,3791,3791,3789,3792,3791,3791,3796,3793,3796,3792,3790,3788,3803,3802,3799,3795,3800,3795,3797,3795,-0.06,SJNFAAZE1U0005576,117.83,13.04,9121.7392578125,79,75,0,0,0,0,15.5,99.17,-159528,100,1528026269.401,0,1,0,0,0,0,0,3,0,1,364.34,364.34,7F,1,1,1,0082,67,40,40,0,0,19,0.00
03/06/2018 12:44:33,55 59.40467,-2 30.55527,239,0,258,510730,1144818,364.42,-98.876,3808,3787,3796,21,0,99.6,37.6,95.2,35.1,none,none,87.0,30.6,3807,3803,3799,3799,3799,3795,3792,3793,3794,3791,3791,3790,3791,3790,3790,3789,3790,3788,3790,3788,3789,3787,3788,3789,3789,3790,3791,3790,3790,3788,3790,3791,3792,3791,3790,3790,3790,3790,3791,3790,3793,3792,3797,3792,3798,3796,3800,3794,3807,3805,3808,3805,3807,3805,3807,3803,3801,3797,3804,3800,3806,3800,3799,3799,3797,3799,3799,3799,3797,3796,3798,3795,3795,3798,3799,3796,3800,3795,3797,3798,3797,3796,3801,3799,3800,3798,3795,3801,3808,3805,3803,3802,3805,3801,3802,3800,-0.12,SJNFAAZE1U0005576,117.83,13.04,9121.7392578125,79,75,0,0,0,0,15.5,99.17,-159565,100,1528026273.231,0,1,0,0,0,0,0,3,0,1,363.97,363.97,7F,1,1,1,0082,66,40,40,0,0,19,0.00
03/06/2018 12:44:36,55 59.40467,-2 30.55527,239,0,259,511642,1144818,364.22,-99.273,3807,3786,3794,21,0,99.6,37.6,95.0,35.0,none,none,86.8,30.4,3803,3801,3796,3797,3798,3795,3790,3792,3792,3790,3790,3789,3790,3788,3788,3786,3790,3789,3787,3786,3786,3786,3787,3789,3788,3787,3789,3788,3788,3788,3789,3788,3790,3789,3789,3789,3789,3788,3790,3788,3792,3792,3796,3791,3796,3796,3799,3794,3805,3803,3807,3802,3804,3804,3804,3802,3795,3796,3803,3798,3802,3796,3796,3796,3794,3801,3797,3794,3795,3794,3797,3795,3787,3795,3796,3793,3794,3794,3794,3794,3794,3796,3800,3796,3797,3794,3793,3792,3805,3805,3800,3799,3803,3800,3801,3799,-0.07,SJNFAAZE1U0005576,117.83,13.04,9121.7392578125,79,75,0,0,0,0,15.5,99.17,-159602,100,1528026276.994,0,1,0,0,0,0,0,3,0,1,364.32,364.32,7F,1,1,1,0082,66,40,40,0,0,19,0.00
03/06/2018 12:44:40,55 59.40467,-2 30.55527,239,0,259,512505,1144818,364.03,-98.205,3805,3783,3792,22,0,99.6,37.6,95.2,35.1,none,none,86.8,30.4,3802,3799,3794,3794,3796,3791,3789,3789,3790,3787,3788,3786,3787,3785,3785,3785,3787,3786,3785,3785,3786,3783,3785,3785,3786,3785,3787,3785,3787,3785,3787,3785,3789,3787,3787,3787,3787,3785,3787,3785,3789,3789,3793,3788,3794,3793,3797,3792,3804,3801,3805,3801,3802,3802,3803,3799,3794,3793,3801,3795,3801,3794,3795,3795,3794,3795,3794,3792,3793,3791,3795,3793,3787,3793,3795,3791,3793,3790,3791,3793,3793,3792,3797,3794,3797,3793,3792,3790,3804,3802,3799,3797,3801,3797,3799,3797,-0.07,SJNFAAZE1U0005576,117.83,13.04,9121.7392578125,79,75,0,0,0,0,15.5,99.17,-159638,100,1528026280.657,0,1,0,0,0,0,0,3,0,1,364.34,364.34,7F,1,1,1,0082,66,40,40,0,0,19,0.00
03/06/2018 12:44:44,55 59.40467,-2 30.55527,239,0,260,513413,1144818,364.61,-98.632,3810,3789,3798,21,0,99.6,37.6,95.2,35.1,none,none,87.0,30.6,3807,3806,3800,3801,3802,3797,3795,3796,3795,3794,3794,3792,3794,3792,3791,3790,3792,3790,3791,3791,3791,3789,3790,3790,3791,3792,3793,3792,3792,3791,3793,3792,3794,3793,3791,3793,3793,3792,3793,3793,3796,3795,3799,3794,3801,3799,3803,3797,3808,3808,3810,3807,3809,3807,3808,3806,3803,3800,3807,3802,3807,3800,3799,3800,3799,3801,3801,3801,3798,3797,3801,3799,3795,3799,3801,3798,3801,3797,3797,3799,3798,3799,3803,3799,3802,3799,3796,3800,3809,3808,3804,3804,3807,3803,3805,3803,-0.12,SJNFAAZE1U0005576,117.83,13.04,9121.7392578125,79,75,0,0,0,0,15.5,99.17,-159675,100,1528026284.555,0,1,1,0,4,0,0,3,0,1,364.18,364.18,7F,1,1,1,0082,66,40,40,0,0,19,0.00
03/06/2018 12:44:48,55 59.40467,-2 30.55527,239,0,260,514367,1144818,364.13,-97.869,3806,3785,3793,21,0,99.6,37.6,95.2,35.1,none,none,87.0,30.6,3803,3800,3795,3796,3797,3794,3790,3791,3792,3789,3790,3788,3790,3787,3788,3786,3788,3787,3786,3786,3787,3785,3787,3786,3787,3787,3789,3787,3788,3787,3789,3788,3791,3789,3788,3789,3788,3788,3788,3787,3791,3791,3794,3790,3797,3795,3799,3793,3803,3802,3806,3802,3802,3803,3804,3801,3794,3795,3802,3797,3801,3795,3795,3795,3794,3797,3796,3793,3794,3792,3796,3793,3786,3795,3797,3793,3793,3792,3793,3793,3793,3795,3798,3794,3798,3794,3791,3791,3805,3803,3800,3798,3803,3798,3801,3799,-0.11,SJNFAAZE1U0005576,117.83,13.04,9121.7392578125,79,75,0,0,0,0,15.5,99.17,-159715,100,1528026288.575,0,1,1,0,4,0,0,3,0,1,364.60,364.60,7F,1,1,1,0082,66,40,40,0,0,19,0.00
03/06/2018 12:44:52,55 59.40467,-2 30.55527,239,0,261,515295,1144818,364.61,-98.479,3811,3789,3798,22,0,99.8,37.7,95.4,35.2,none,none,87.2,30.7,3808,3806,3800,3801,3801,3796,3796,3796,3796,3793,3795,3792,3794,3793,3793,3791,3792,3789,3792,3790,3791,3789,3791,3791,3791,3793,3794,3793,3794,3790,3793,3793,3795,3792,3792,3792,3794,3792,3793,3792,3794,3795,3800,3795,3800,3798,3802,3796,3809,3808,3811,3807,3809,3806,3809,3806,3805,3800,3806,3802,3807,3800,3800,3801,3800,3800,3802,3802,3798,3798,3801,3798,3799,3801,3801,3799,3801,3795,3798,3799,3799,3799,3803,3799,3802,3799,3796,3801,3808,3806,3804,3804,3806,3802,3804,3802,-0.04,SJNFAAZE1U0005576,117.83,13.04,9121.7392578125,79,75,0,0,0,0,15.5,99.17,-159753,100,1528026292.366,0,1,1,0,5,0,0,3,0,1,364.31,364.31,7F,1,1,1,0082,66,40,40,0,0,19,0.00
03/06/2018 12:44:56,55 59.40467,-2 30.55527,239,0,261,516200,1144818,364.42,-97.533,3809,3787,3796,22,0,99.6,37.6,95.4,35.2,none,none,87.2,30.7,3808,3804,3799,3800,3800,3796,3794,3793,3795,3792,3792,3790,3792,3790,3791,3788,3790,3789,3791,3787,3789,3788,3789,3789,3790,3791,3792,3791,3790,3789,3791,3791,3793,3791,3791,3790,3791,3791,3791,3790,3794,3793,3798,3793,3799,3797,3801,3795,3808,3806,3809,3805,3807,3805,3808,3804,3800,3798,3804,3801,3807,3799,3798,3799,3798,3800,3800,3799,3798,3796,3799,3795,3794,3798,3800,3796,3798,3796,3796,3797,3798,3797,3801,3798,3801,3800,3795,3798,3808,3806,3804,3802,3806,3801,3803,3801,-0.09,SJNFAAZE1U0005576,117.83,13.04,9121.7392578125,79,75,0,0,0,0,15.5,99.17,-159790,100,1528026296.198,0,1,1,0,5,0,0,3,0,1,364.51,364.51,7F,1,1,1,0082,66,40,40,0,0,19,0.00
03/06/2018 12:44:59,55 59.40467,-2 30.55527,239,0,261,517106,1144818,364.32,-97.381,3810,3786,3795,24,0,99.8,37.7,95.4,35.2,none,none,87.2,30.7,3806,3803,3799,3797,3800,3795,3793,3793,3795,3790,3792,3790,3792,3790,3790,3787,3791,3788,3790,3787,3789,3786,3789,3788,3791,3789,3791,3789,3790,3788,3792,3789,3792,3789,3790,3789,3790,3789,3791,3789,3793,3792,3798,3791,3798,3796,3801,3795,3807,3804,3810,3803,3806,3804,3807,3802,3798,3797,3804,3799,3804,3797,3797,3797,3798,3798,3799,3796,3796,3795,3798,3795,3791,3797,3799,3794,3797,3795,3796,3796,3796,3795,3801,3797,3800,3797,3793,3795,3807,3805,3802,3800,3804,3799,3803,3799,-0.07,SJNFAAZE1U0005576,117.83,13.04,9121.7392578125,79,75,0,0,0,0,15.5,99.17,-159828,100,1528026299.913,0,1,1,0,5,0,0,3,0,1,364.67,364.67,7F,1,1,1,0082,66,40,40,0,0,19,0.00
03/06/2018 12:45:03,55 59.40467,-2 30.55527,239,0,262,517987,1144818,364.70,-98.784,3812,3790,3799,22,0,99.8,37.7,95.4,35.2,none,none,87.2,30.7,3808,3806,3801,3802,3803,3801,3796,3797,3798,3795,3796,3795,3795,3793,3793,3792,3793,3794,3792,3792,3793,3790,3792,3793,3792,3793,3794,3793,3793,3795,3793,3793,3796,3794,3793,3794,3793,3793,3794,3792,3797,3798,3800,3794,3802,3800,3804,3800,3809,3808,3812,3807,3810,3810,3809,3807,3801,3800,3809,3804,3806,3801,3800,3801,3800,3805,3802,3799,3800,3799,3802,3800,3793,3801,3803,3799,3798,3800,3798,3801,3799,3800,3805,3803,3803,3799,3798,3797,3811,3811,3806,3805,3808,3805,3806,3804,-0.10,SJNFAAZE1U0005576,117.83,13.04,9121.7392578125,79,75,0,0,0,0,15.5,99.17,-159864,100,1528026303.481,0,1,1,0,5,0,0,3,0,1,364.91,364.91,7F,1,1,1,0082,66,40,40,0,0,19,0.00
03/06/2018 12:45:06,55 59.40467,-2 30.55527,239,0,262,518773,1144818,364.61,-98.571,3811,3788,3798,23,0,99.8,37.7,95.4,35.2,none,none,87.2,30.7,3807,3805,3801,3800,3802,3800,3795,3796,3797,3794,3794,3793,3793,3793,3792,3791,3794,3793,3791,3790,3792,3788,3791,3791,3792,3791,3793,3792,3792,3793,3792,3791,3795,3792,3793,3794,3792,3792,3792,3792,3797,3796,3800,3794,3800,3799,3803,3799,3808,3806,3811,3807,3807,3809,3809,3805,3799,3800,3807,3803,3806,3800,3800,3800,3799,3803,3801,3798,3800,3797,3801,3799,3792,3799,3801,3797,3798,3799,3796,3798,3798,3799,3803,3800,3801,3798,3796,3796,3809,3809,3804,3804,3807,3803,3806,3804,-0.15,SJNFAAZE1U0005576,117.83,13.04,9121.7392578125,79,75,0,0,0,0,15.5,99.17,-159896,100,1528026306.778,0,1,1,0,5,0,0,3,0,1,364.92,364.92,7F,1,1,1,0082,66,40,40,0,0,19,0.00
03/06/2018 12:45:10,55 59.40467,-2 30.55527,239,0,263,519559,1144818,364.51,-98.082,3810,3789,3797,21,0,100.0,37.8,95.6,35.3,none,none,87.2,30.7,3808,3804,3800,3801,3802,3799,3794,3794,3796,3793,3794,3793,3793,3793,3791,3790,3793,3792,3791,3790,3791,3789,3792,3791,3791,3791,3793,3792,3792,3793,3793,3792,3795,3793,3792,3792,3792,3791,3792,3791,3795,3796,3799,3794,3801,3799,3803,3798,3809,3806,3810,3806,3807,3809,3808,3804,3799,3799,3807,3802,3806,3800,3800,3799,3799,3802,3801,3797,3798,3797,3800,3798,3792,3799,3801,3797,3797,3798,3796,3799,3798,3798,3803,3800,3802,3797,3797,3795,3809,3808,3803,3803,3806,3803,3805,3802,-0.12,SJNFAAZE1U0005576,117.83,13.04,9121.7392578125,79,75,0,0,0,0,15.5,99.17,-159929,100,1528026310.133,0,1,1,0,5,0,0,3,0,1,365.08,365.08,7F,1,1,1,0082,66,40,40,0,0,19,0.00
03/06/2018 12:45:13,55 59.40467,-2 30.55527,239,0,263,520345,1144818,364.61,-97.564,3811,3789,3798,22,0,100.0,37.8,95.6,35.3,none,none,87.2,30.7,3809,3805,3801,3800,3802,3797,3796,3795,3796,3793,3794,3792,3794,3792,3792,3791,3793,3791,3792,3790,3791,3789,3790,3791,3791,3791,3793,3792,3792,3790,3794,3792,3795,3792,3791,3793,3792,3792,3793,3791,3796,3794,3799,3794,3801,3798,3803,3798,3810,3807,3811,3807,3808,3807,3809,3804,3801,3799,3807,3803,3807,3800,3801,3799,3799,3801,3801,3800,3799,3798,3800,3797,3797,3800,3802,3797,3800,3797,3799,3800,3800,3799,3803,3799,3803,3800,3796,3798,3810,3807,3805,3804,3808,3802,3804,3802,-0.11,SJNFAAZE1U0005576,117.83,13.04,9121.7392578125,79,75,0,0,0,0,15.5,99.17,-159961,100,1528026313.569,0,1,1,0,5,0,0,3,0,1,364.96,364.96,7F,1,1,1,0082,66,40,40,0,0,19,0.00
03/06/2018 12:45:17,55 59.40467,-2 30.55527,239,0,264,521226,1144818,364.90,-98.510,3814,3793,3801,21,0,100.0,37.8,95.6,35.3,none,none,87.4,30.8,3812,3808,3803,3804,3805,3804,3798,3799,3799,3797,3797,3797,3797,3796,3795,3793,3797,3797,3795,3794,3794,3794,3794,3795,3795,3795,3797,3795,3795,3797,3796,3796,3798,3796,3795,3797,3796,3796,3796,3795,3799,3800,3802,3798,3804,3802,3808,3801,3813,3810,3814,3810,3813,3812,3812,3808,3803,3803,3810,3806,3809,3804,3802,3803,3802,3808,3804,3802,3803,3801,3804,3803,3794,3803,3805,3800,3801,3802,3802,3803,3802,3803,3807,3804,3806,3802,3799,3799,3813,3813,3808,3808,3812,3808,3809,3807,-0.13,SJNFAAZE1U0005576,117.83,13.04,9121.7392578125,79,75,0,0,0,0,15.5,99.17,-159997,100,1528026317.376,0,1,1,0,5,0,0,3,0,1,365.07,365.07,7F,1,1,1,0082,66,40,40,0,0,19,0.00
03/06/2018 12:45:21,55 59.40467,-2 30.55527,239,0,264,522130,1144818,364.90,-97.411,3814,3792,3801,22,0,100.2,37.9,95.8,35.4,none,none,87.4,30.8,3812,3808,3803,3803,3805,3799,3798,3798,3800,3796,3797,3795,3797,3794,3795,3794,3795,3793,3795,3793,3793,3792,3794,3793,3795,3796,3796,3796,3795,3793,3797,3795,3797,3797,3795,3796,3796,3794,3796,3794,3798,3797,3803,3797,3803,3801,3804,3800,3813,3810,3814,3810,3812,3810,3812,3808,3807,3802,3809,3805,3811,3805,3804,3802,3802,3804,3804,3803,3802,3801,3804,3800,3800,3803,3803,3800,3804,3800,3801,3802,3802,3802,3806,3803,3806,3802,3801,3803,3813,3811,3808,3808,3810,3805,3807,3806,-0.15,SJNFAAZE1U0005576,117.83,13.04,9121.7392578125,79,75,0,0,0,0,15.5,99.17,-160035,100,1528026321.091,0,1,1,0,5,0,0,3,0,1,364.88,364.88,7F,1,1,1,0082,66,40,40,0,0,19,0.00
03/06/2018 12:45:24,55 59.40467,-2 30.55527,239,0,264,523012,1144818,364.99,-98.693,3814,3793,3802,21,0,100.2,37.9,95.8,35.4,none,none,87.6,30.9,3813,3809,3803,3805,3806,3804,3797,3799,3801,3798,3798,3797,3796,3796,3795,3793,3796,3797,3794,3794,3796,3793,3796,3795,3795,3795,3797,3796,3795,3796,3797,3796,3798,3797,3796,3797,3795,3796,3797,3795,3799,3800,3803,3797,3803,3802,3807,3802,3813,3811,3814,3811,3812,3812,3813,3809,3803,3804,3810,3806,3810,3804,3803,3803,3804,3807,3805,3801,3802,3801,3805,3802,3795,3802,3805,3801,3802,3802,3802,3802,3803,3803,3808,3804,3806,3801,3801,3800,3814,3813,3808,3807,3812,3807,3810,3806,-0.15,SJNFAAZE1U0005576,117.83,13.04,9121.7392578125,79,75,0,0,0,0,15.5,99.17,-160071,100,1528026324.830,0,1,1,0,5,0,0,3,0,1,364.83,364.83,7F,1,1,1,0082,66,40,40,0,0,19,0.00
03/06/2018 12:45:28,55 59.40467,-2 30.55527,239,0,265,523845,1144818,364.90,-97.778,3814,3793,3801,21,0,100.2,37.9,95.8,35.4,none,none,87.4,30.8,3811,3809,3803,3805,3806,3804,3798,3799,3800,3797,3797,3797,3797,3796,3794,3794,3796,3795,3794,3795,3796,3793,3795,3795,3795,3795,3796,3795,3796,3796,3796,3796,3798,3797,3796,3797,3796,3795,3797,3795,3800,3800,3803,3798,3804,3803,3807,3802,3813,3810,3814,3811,3812,3813,3812,3808,3803,3804,3810,3806,3809,3804,3804,3803,3803,3807,3805,3801,3802,3801,3804,3803,3794,3803,3805,3801,3801,3801,3801,3802,3802,3803,3807,3804,3805,3802,3799,3799,3813,3813,3808,3807,3811,3806,3809,3807,-0.11,SJNFAAZE1U0005576,117.83,13.04,9121.7392578125,79,75,0,0,0,0,15.5,99.17,-160105,100,1528026328.373,0,1,1,0,5,0,0,3,0,1,365.35,365.35,7F,1,1,1,0082,66,40,40,0,0,19,0.00
03/06/2018 12:45:31,55 59.40467,-2 30.55527,239,0,265,524707,1144818,365.18,-98.662,3817,3794,3804,23,0,100.2,37.9,95.8,35.4,none,none,87.6,30.9,3815,3811,3807,3807,3806,3802,3802,3801,3801,3799,3800,3797,3800,3797,3798,3796,3798,3795,3797,3796,3796,3794,3796,3796,3798,3799,3800,3799,3798,3795,3799,3799,3800,3799,3796,3797,3800,3797,3799,3797,3801,3799,3805,3800,3807,3804,3809,3804,3816,3814,3817,3813,3815,3811,3814,3812,3810,3804,3813,3807,3814,3806,3807,3805,3806,3805,3808,3808,3805,3803,3806,3803,3805,3806,3807,3804,3808,3800,3804,3804,3805,3804,3808,3805,3808,3805,3803,3806,3815,3811,3810,3811,3813,3808,3810,3808,-0.17,SJNFAAZE1U0005576,117.83,13.04,9121.7392578125,79,75,0,0,0,0,15.5,99.17,-160141,100,1528026331.850,0,1,0,0,0,0,0,3,0,1,364.96,364.96,7F,1,1,1,0082,66,40,40,0,0,19,0.00
03/06/2018 12:45:35,55 59.40467,-2 30.55527,239,0,266,525595,1144818,364.90,-98.571,3814,3793,3801,21,0,100.2,37.9,95.8,35.4,none,none,87.6,30.9,3813,3809,3803,3805,3805,3802,3798,3798,3800,3797,3798,3796,3798,3795,3796,3793,3795,3795,3794,3795,3795,3793,3795,3796,3794,3795,3796,3795,3796,3794,3796,3796,3798,3796,3795,3796,3796,3795,3796,3795,3799,3800,3803,3799,3804,3802,3808,3801,3813,3811,3814,3810,3812,3812,3813,3809,3803,3803,3811,3805,3810,3804,3804,3803,3803,3805,3805,3802,3802,3800,3805,3802,3795,3802,3804,3801,3802,3801,3802,3801,3803,3802,3806,3803,3805,3802,3801,3799,3814,3812,3809,3806,3812,3807,3809,3806,-0.18,SJNFAAZE1U0005576,117.83,13.04,9121.7392578125,79,75,0,0,0,0,15.5,99.17,-160178,100,1528026335.705,0,1,0,0,0,0,0,3,0,1,365.26,365.26,7F,1,1,1,0082,65,40,40,0,0,19,0.00
03/06/2018 12:45:39,55 59.40467,-2 30.55527,239,0,266,526482,1144818,365.09,-97.930,3816,3794,3803,22,0,100.4,38.0,96.0,35.6,none,none,87.8,31.0,3813,3810,3804,3805,3807,3803,3799,3799,3801,3798,3799,3798,3798,3797,3796,3795,3797,3796,3796,3795,3796,3794,3796,3796,3795,3796,3797,3797,3796,3797,3796,3797,3798,3798,3796,3797,3797,3796,3797,3796,3800,3801,3804,3798,3805,3804,3809,3803,3814,3811,3816,3811,3813,3813,3814,3810,3804,3805,3812,3807,3812,3806,3806,3805,3805,3807,3805,3804,3804,3803,3805,3803,3796,3803,3806,3802,3804,3803,3803,3805,3804,3803,3808,3805,3807,3804,3801,3801,3815,3814,3810,3809,3813,3807,3809,3808,-0.16,SJNFAAZE1U0005576,117.83,13.04,9121.7392578125,79,75,0,0,0,0,15.5,99.17,-160214,100,1528026339.342,0,1,0,0,0,0,0,3,0,1,365.51,365.51,7F,1,1,1,0082,65,40,40,0,0,19,0.00
03/06/2018 12:45:43,55 59.40467,-2 30.55527,239,0,267,527365,1144818,364.99,-97.259,3817,3793,3802,24,0,100.4,38.0,96.0,35.6,none,none,87.8,31.0,3814,3811,3805,3806,3807,3802,3799,3799,3801,3797,3799,3797,3799,3798,3796,3795,3797,3795,3797,3795,3797,3793,3796,3795,3796,3797,3798,3796,3797,3796,3799,3797,3798,3797,3796,3798,3798,3796,3798,3797,3801,3799,3803,3798,3805,3803,3808,3803,3814,3812,3817,3812,3813,3812,3815,3810,3804,3804,3811,3806,3811,3805,3804,3804,3804,3807,3806,3803,3803,3802,3804,3803,3798,3804,3807,3803,3804,3801,3802,3804,3804,3802,3807,3803,3808,3804,3801,3802,3814,3813,3809,3807,3812,3807,3810,3808,-0.13,SJNFAAZE1U0005576,117.83,13.04,9121.7392578125,79,75,0,0,0,0,15.5,99.17,-160250,100,1528026343.018,0,1,1,0,0,0,0,3,0,1,365.49,365.49,7F,1,1,1,0082,65,40,40,0,0,19,0.00
03/06/2018 12:45:46,55 59.40467,-2 30.55527,239,0,267,528246,1144818,365.18,-98.540,3816,3795,3804,21,0,100.4,38.0,96.2,35.7,none,none,87.8,31.0,3816,3811,3806,3807,3809,3805,3801,3801,3803,3800,3800,3799,3800,3799,3797,3796,3799,3799,3797,3796,3798,3795,3797,3798,3797,3798,3798,3798,3798,3798,3798,3799,3800,3799,3798,3800,3798,3798,3799,3797,3801,3802,3805,3800,3807,3805,3810,3804,3815,3813,3816,3812,3815,3814,3816,3811,3805,3806,3813,3807,3811,3806,3807,3805,3805,3809,3807,3803,3806,3803,3808,3805,3797,3805,3807,3803,3805,3804,3804,3804,3805,3804,3810,3806,3809,3804,3803,3802,3815,3815,3812,3810,3816,3809,3811,3809,-0.16,SJNFAAZE1U0005576,117.83,13.04,9121.7392578125,79,75,0,0,0,0,15.5,99.17,-160287,100,1528026346.761,0,1,1,0,4,0,0,3,0,1,365.56,365.56,7F,1,1,1,0082,65,40,40,0,0,19,0.00
03/06/2018 12:45:50,55 59.40467,-2 30.55527,239,0,268,529125,1144818,365.28,-97.411,3819,3796,3805,23,0,100.4,38.0,96.2,35.7,none,none,87.8,31.0,3816,3812,3807,3809,3809,3804,3802,3803,3803,3801,3802,3799,3802,3799,3800,3798,3799,3797,3799,3798,3798,3796,3798,3799,3799,3800,3801,3800,3800,3798,3800,3799,3802,3799,3799,3800,3801,3799,3801,3799,3802,3802,3807,3802,3808,3806,3811,3804,3818,3815,3819,3814,3816,3814,3817,3813,3810,3805,3814,3808,3815,3809,3808,3806,3807,3806,3808,3808,3806,3805,3808,3804,3804,3807,3809,3805,3809,3804,3806,3807,3807,3805,3809,3807,3811,3807,3805,3807,3818,3814,3812,3811,3814,3811,3811,3809,-0.15,SJNFAAZE1U0005576,117.83,13.04,9121.7392578125,79,75,0,0,0,0,15.5,99.17,-160323,100,1528026350.448,0,1,1,0,4,0,0,3,0,1,365.37,365.37,7F,1,1,1,0082,65,40,40,0,0,19,0.00
03/06/2018 12:45:54,55 59.40467,-2 30.55527,239,0,268,530002,1144818,365.66,-98.723,3824,3800,3809,24,0,100.4,38.0,96.2,35.7,none,none,87.8,31.0,3820,3818,3813,3812,3812,3808,3807,3807,3807,3805,3805,3804,3806,3804,3805,3803,3803,3800,3803,3802,3802,3801,3802,3802,3802,3805,3805,3804,3804,3800,3805,3805,3806,3803,3803,3804,3804,3803,3805,3804,3807,3805,3811,3806,3812,3810,3814,3808,3821,3819,3824,3819,3821,3817,3820,3818,3816,3811,3819,3813,3819,3814,3811,3811,3811,3810,3813,3813,3809,3809,3812,3808,3811,3812,3813,3809,3813,3806,3809,3810,3809,3809,3814,3811,3813,3811,3808,3814,3820,3817,3815,3816,3818,3816,3816,3814,-0.12,SJNFAAZE1U0005576,117.83,13.04,9121.7392578125,79,75,0,0,0,0,15.5,99.17,-160359,100,1528026354.332,0,1,1,0,4,0,0,3,0,1,365.30,365.30,7F,1,1,1,0082,65,40,40,0,0,19,0.00
03/06/2018 12:45:58,55 59.41391,-2 30.55898,242,0,268,530973,1144818,365.47,-95.885,3820,3798,3807,22,0,100.6,38.1,96.2,35.7,none,none,88.0,31.1,3818,3814,3809,3810,3810,3805,3804,3804,3805,3801,3803,3801,3803,3802,3801,3799,3800,3800,3799,3800,3800,3798,3799,3799,3800,3801,3802,3801,3800,3799,3802,3801,3803,3801,3801,3800,3801,3800,3801,3800,3804,3803,3808,3803,3809,3808,3812,3806,3818,3815,3820,3815,3817,3815,3818,3814,3812,3808,3816,3810,3816,3810,3810,3807,3808,3808,3810,3809,3808,3806,3809,3807,3805,3808,3809,3806,3810,3805,3806,3808,3808,3807,3811,3808,3812,3808,3806,3809,3818,3816,3814,3813,3817,3812,3812,3810,-0.18,SJNFAAZE1U0005576,117.83,13.04,9121.7392578125,79,75,0,0,0,0,15.5,99.17,-160399,100,1528026358.371,0,1,1,0,5,0,0,3,0,1,365.55,365.55,7F,1,1,1,0082,65,40,40,0,0,19,0.00
03/06/2018 12:46:02,55 59.41107,-2 30.55743,242,0,269,531872,1144818,365.38,-97.655,3819,3797,3806,22,0,100.6,38.1,96.2,35.7,none,none,87.8,31.0,3818,3813,3808,3810,3810,3809,3804,3803,3806,3802,3803,3802,3801,3800,3800,3799,3801,3801,3799,3798,3801,3797,3800,3800,3800,3799,3801,3800,3800,3802,3801,3800,3802,3802,3800,3801,3801,3800,3801,3800,3804,3804,3808,3802,3809,3807,3813,3807,3818,3815,3819,3815,3817,3816,3818,3814,3808,3808,3816,3811,3814,3808,3809,3808,3808,3811,3809,3805,3808,3806,3810,3807,3799,3807,3809,3805,3807,3806,3806,3807,3807,3808,3812,3809,3811,3807,3806,3805,3819,3817,3814,3811,3816,3812,3813,3812,-0.17,SJNFAAZE1U0005576,117.83,13.04,9121.7392578125,79,75,0,0,0,0,15.5,99.17,-160436,100,1528026362.136,0,1,1,0,5,0,0,3,0,1,365.82,365.82,7F,1,1,1,0082,65,40,40,0,0,19,0.00
03/06/2018 12:46:06,55 59.41014,-2 30.55729,252,0,269,532769,1144818,365.76,-99.517,3823,3802,3810,21,0,100.6,38.1,96.4,35.8,none,none,88.0,31.1,3822,3818,3813,3814,3814,3811,3807,3808,3809,3806,3807,3805,3805,3805,3804,3803,3805,3804,3804,3803,3803,3802,3804,3804,3804,3804,3805,3805,3804,3804,3806,3804,3806,3804,3805,3805,3805,3804,3805,3804,3809,3808,3811,3806,3812,3812,3816,3810,3822,3820,3823,3819,3823,3820,3822,3818,3817,3813,3820,3815,3820,3813,3812,3812,3812,3814,3813,3812,3811,3809,3813,3811,3807,3811,3813,3810,3812,3809,3811,3812,3811,3811,3816,3812,3815,3811,3809,3812,3822,3819,3817,3817,3820,3815,3816,3816,-0.25,SJNFAAZE1U0005576,117.83,13.04,9121.7392578125,79,75,0,0,0,0,15.5,99.17,-160473,100,1528026366.116,0,1,1,0,5,0,0,3,0,1,365.52,365.52,7F,1,1,1,0082,65,40,40,0,0,19,0.00
03/06/2018 12:46:10,55 59.41003,-2 30.55717,249,0,270,533713,1144818,365.95,-97.106,3825,3803,3812,22,0,100.8,38.2,96.4,35.8,none,none,88.2,31.2,3824,3820,3815,3815,3816,3813,3809,3810,3811,3807,3807,3807,3808,3807,3807,3805,3807,3806,3806,3805,3806,3803,3805,3805,3805,3807,3807,3807,3807,3806,3807,3806,3808,3807,3807,3808,3806,3805,3808,3806,3810,3810,3814,3809,3814,3813,3818,3812,3823,3822,3825,3822,3825,3823,3823,3820,3818,3814,3822,3816,3820,3815,3815,3815,3813,3816,3815,3815,3814,3812,3815,3814,3810,3814,3815,3812,3816,3812,3812,3813,3813,3814,3817,3815,3816,3813,3810,3815,3825,3823,3819,3821,3822,3818,3820,3817,-0.16,SJNFAAZE1U0005576,117.83,13.04,9121.7392578125,79,75,0,0,0,0,15.5,99.17,-160512,100,1528026370.266,0,1,1,0,5,0,0,3,0,1,365.50,365.50,7F,1,1,1,0082,65,40,40,0,0,19,0.00
03/06/2018 12:46:14,55 59.41001,-2 30.55715,249,0,270,534725,1144818,365.86,-97.503,3825,3803,3811,22,0,100.6,38.1,96.4,35.8,none,none,88.0,31.1,3823,3819,3813,3814,3814,3811,3808,3809,3810,3806,3807,3806,3806,3806,3805,3804,3805,3804,3804,3804,3805,3803,3804,3804,3804,3805,3806,3805,3805,3804,3807,3805,3808,3807,3805,3806,3806,3804,3806,3804,3808,3808,3813,3807,3814,3812,3817,3811,3823,3820,3825,3820,3822,3820,3823,3818,3815,3813,3820,3816,3820,3814,3813,3812,3812,3814,3814,3813,3813,3810,3814,3812,3808,3813,3813,3811,3813,3810,3810,3811,3812,3812,3816,3814,3817,3811,3809,3812,3824,3821,3818,3817,3821,3816,3818,3815,-0.14,SJNFAAZE1U0005576,117.83,13.04,9121.7392578125,79,75,0,0,0,0,15.5,99.17,-160554,100,1528026374.364,0,1,1,0,5,0,0,3,0,1,365.49,365.49,7F,1,1,1,0082,65,40,40,0,0,19,0.00
03/06/2018 12:46:18,55 59.40804,-2 30.55661,246,0,271,535665,1144818,365.86,-97.136,3825,3802,3811,23,0,100.8,38.2,96.6,35.9,none,none,88.4,31.3,3822,3820,3814,3814,3814,3809,3809,3809,3810,3806,3807,3806,3807,3806,3806,3803,3805,3803,3806,3804,3804,3802,3804,3803,3805,3805,3807,3806,3806,3802,3806,3805,3808,3804,3805,3805,3806,3805,3806,3805,3809,3807,3812,3807,3814,3812,3816,3810,3823,3821,3825,3821,3822,3819,3822,3819,3816,3812,3819,3815,3821,3814,3813,3813,3813,3813,3814,3815,3811,3810,3813,3812,3811,3813,3815,3811,3815,3808,3811,3811,3812,3812,3817,3812,3816,3813,3809,3812,3823,3819,3818,3818,3820,3816,3818,3816,-0.15,SJNFAAZE1U0005576,117.83,13.04,9121.7392578125,79,75,0,0,0,0,15.5,99.17,-160593,100,1528026378.419,0,1,1,0,5,0,0,3,0,1,365.61,365.61,7F,1,1,1,0082,65,40,40,0,0,19,0.00
03/06/2018 12:46:22,55 59.40502,-2 30.55671,262,0,271,536584,1144818,365.66,-96.587,3823,3801,3809,22,0,100.8,38.2,96.6,35.9,none,none,88.2,31.2,3821,3817,3811,3813,3813,3809,3807,3805,3809,3804,3806,3805,3806,3804,3803,3802,3804,3803,3802,3802,3803,3801,3802,3802,3803,3803,3803,3804,3804,3803,3804,3804,3805,3804,3803,3803,3804,3803,3804,3802,3807,3806,3810,3805,3811,3809,3816,3809,3821,3818,3823,3819,3819,3818,3820,3817,3811,3811,3817,3813,3818,3811,3811,3811,3812,3812,3812,3810,3809,3808,3811,3809,3805,3811,3813,3809,3810,3808,3808,3810,3809,3811,3815,3810,3814,3810,3807,3808,3821,3818,3816,3814,3819,3815,3816,3814,-0.18,SJNFAAZE1U0005576,117.83,13.04,9121.7392578125,79,75,0,0,0,0,15.5,99.17,-160630,100,1528026382.276,0,1,1,0,5,0,0,3,0,1,365.90,365.90,7F,1,1,1,0082,65,40,40,0,0,19,0.00
03/06/2018 12:46:25,55 59.40502,-2 30.55659,259,0,272,537478,1144818,365.66,-96.282,3822,3800,3809,22,0,100.8,38.2,96.6,35.9,none,none,88.4,31.3,3821,3817,3811,3813,3814,3810,3806,3807,3808,3805,3806,3804,3806,3804,3803,3802,3804,3804,3802,3801,3803,3800,3803,3804,3803,3803,3805,3804,3803,3804,3805,3804,3807,3805,3803,3805,3803,3802,3804,3802,3808,3808,3812,3805,3813,3810,3816,3809,3821,3819,3822,3818,3820,3819,3821,3817,3811,3811,3818,3814,3819,3812,3812,3811,3811,3814,3812,3809,3811,3808,3813,3810,3802,3809,3812,3808,3809,3809,3810,3809,3811,3810,3815,3811,3815,3809,3809,3807,3822,3820,3818,3814,3820,3814,3818,3814,-0.23,SJNFAAZE1U0005576,117.83,13.04,9121.7392578125,79,75,0,0,0,0,15.5,99.17,-160667,100,1528026385.926,0,1,1,0,5,0,0,3,0,1,366.27,366.27,7F,1,1,1,0082,65,40,40,0,0,19,0.00
03/06/2018 12:46:29,55 59.40421,-2 30.55569,259,0,272,538348,1144818,366.05,-98.174,3827,3805,3813,22,0,100.8,38.2,96.6,35.9,none,none,88.4,31.3,3825,3821,3814,3817,3818,3814,3809,3810,3811,3809,3809,3807,3808,3808,3806,3805,3808,3807,3806,3806,3807,3805,3805,3806,3806,3807,3808,3806,3807,3807,3808,3806,3809,3808,3808,3808,3806,3807,3808,3806,3812,3811,3814,3810,3816,3814,3819,3813,3824,3822,3826,3822,3824,3824,3824,3821,3815,3815,3821,3818,3820,3815,3814,3815,3814,3818,3815,3812,3814,3813,3816,3813,3807,3815,3816,3812,3813,3813,3813,3813,3814,3814,3819,3815,3818,3813,3812,3813,3827,3825,3821,3819,3824,3819,3820,3819,-0.16,SJNFAAZE1U0005576,117.83,13.04,9121.7392578125,79,75,0,0,0,0,15.5,99.17,-160703,100,1528026389.813,0,1,1,0,5,0,0,3,0,1,365.92,365.92,7F,1,1,1,0082,65,40,40,0,0,19,0.00
03/06/2018 12:46:33,55 59.40296,-2 30.55604,255,0,273,539273,1144818,366.14,-99.059,3828,3806,3814,22,0,101.1,38.4,96.8,36.0,none,none,88.4,31.3,3825,3822,3817,3818,3818,3814,3812,3812,3813,3810,3810,3809,3810,3809,3808,3807,3809,3808,3807,3807,3807,3806,3808,3808,3808,3808,3810,3809,3809,3807,3810,3809,3811,3809,3809,3810,3809,3809,3810,3808,3812,3812,3816,3811,3818,3815,3821,3815,3825,3824,3828,3824,3825,3825,3827,3822,3819,3816,3823,3818,3823,3817,3815,3816,3816,3820,3817,3816,3815,3814,3816,3815,3811,3816,3818,3814,3817,3813,3814,3814,3814,3816,3820,3816,3818,3815,3812,3815,3826,3824,3821,3822,3824,3820,3823,3820,-0.22,SJNFAAZE1U0005576,117.83,13.04,9121.7392578125,79,75,0,0,0,0,15.5,99.17,-160741,100,1528026393.679,0,1,0,0,0,0,0,3,0,1,365.80,365.80,7F,1,1,1,0082,65,40,40,0,0,19,0.00
03/06/2018 12:46:37,55 59.4021,-2 30.55442,259,0,273,540174,1144818,366.43,-98.449,3831,3807,3817,24,0,101.1,38.4,97.0,36.1,none,none,88.4,31.3,3829,3825,3819,3821,3821,3815,3814,3814,3814,3812,3813,3810,3813,3812,3810,3810,3810,3809,3810,3809,3809,3807,3810,3810,3811,3811,3812,3812,3811,3808,3811,3811,3813,3812,3811,3811,3812,3811,3812,3810,3814,3813,3819,3814,3819,3817,3823,3817,3829,3826,3831,3827,3829,3826,3829,3825,3822,3818,3826,3821,3826,3820,3819,3819,3818,3819,3820,3822,3817,3815,3818,3816,3818,3819,3820,3817,3820,3814,3817,3817,3818,3817,3822,3819,3823,3818,3815,3821,3828,3826,3824,3825,3827,3822,3824,3822,-0.26,SJNFAAZE1U0005576,117.83,13.04,9121.7392578125,79,75,0,0,0,0,15.5,99.17,-160778,100,1528026397.838,0,1,0,0,0,0,0,3,0,1,366.06,366.06,7F,1,1,1,0082,65,40,40,0,0,19,0.00
03/06/2018 12:46:41,55 59.40312,-2 30.55558,255,0,274,541097,1144818,366.43,-97.808,3831,3808,3817,23,0,101.1,38.4,96.8,36.0,none,none,88.4,31.3,3828,3826,3820,3821,3821,3816,3815,3814,3814,3813,3812,3812,3813,3811,3811,3810,3812,3809,3811,3810,3810,3808,3810,3810,3811,3812,3811,3811,3812,3809,3812,3811,3813,3811,3811,3812,3811,3812,3812,3810,3815,3813,3818,3814,3820,3818,3823,3817,3829,3826,3831,3826,3828,3825,3828,3825,3824,3819,3826,3821,3827,3820,3819,3819,3819,3819,3821,3821,3816,3817,3818,3816,3818,3819,3820,3816,3819,3815,3816,3818,3817,3817,3822,3819,3822,3818,3814,3820,3828,3827,3824,3825,3826,3822,3824,3822,-0.21,SJNFAAZE1U0005576,117.83,13.04,9121.7392578125,79,75,0,0,0,0,15.5,99.17,-160816,100,1528026401.245,0,1,0,0,0,0,0,3,0,1,366.09,366.09,7F,1,1,1,0082,65,40,40,0,0,19,0.00
03/06/2018 12:46:44,55 59.40273,-2 30.55499,255,0,274,541923,1144818,366.34,-97.473,3829,3806,3816,23,0,101.3,38.5,96.8,36.0,none,none,88.6,31.4,3827,3825,3818,3819,3821,3815,3814,3814,3814,3812,3812,3810,3812,3810,3810,3809,3811,3807,3810,3807,3808,3806,3809,3808,3809,3810,3812,3811,3810,3807,3811,3810,3812,3811,3809,3811,3811,3810,3811,3810,3813,3811,3818,3812,3818,3817,3821,3815,3828,3827,3829,3826,3827,3824,3827,3824,3821,3817,3825,3819,3826,3819,3818,3817,3818,3818,3820,3820,3816,3814,3817,3815,3816,3818,3819,3816,3819,3814,3815,3817,3816,3816,3821,3817,3821,3818,3814,3818,3827,3824,3823,3824,3825,3821,3823,3820,-0.18,SJNFAAZE1U0005576,117.83,13.04,9121.7392578125,79,75,0,0,0,0,15.5,99.17,-160850,100,1528026404.737,0,1,1,0,4,0,0,3,0,1,365.99,365.99,7F,1,1,1,0082,65,40,40,0,0,19,0.00
03/06/2018 12:46:48,55 59.40329,-2 30.55496,252,0,274,542725,1144818,366.34,-97.747,3830,3806,3816,24,0,101.3,38.5,97.0,36.1,none,none,88.6,31.4,3828,3823,3819,3820,3819,3818,3813,3813,3815,3812,3813,3812,3811,3811,3809,3808,3811,3812,3809,3809,3810,3806,3809,3809,3809,3810,3810,3810,3810,3812,3811,3810,3813,3811,3810,3811,3810,3809,3811,3810,3813,3815,3817,3813,3819,3818,3823,3816,3829,3826,3830,3825,3827,3827,3828,3824,3818,3818,3826,3820,3825,3818,3819,3817,3817,3821,3818,3815,3817,3815,3820,3816,3809,3818,3819,3816,3817,3816,3816,3816,3817,3817,3822,3818,3821,3816,3815,3815,3828,3828,3825,3821,3826,3822,3824,3822,-0.23,SJNFAAZE1U0005576,117.83,13.04,9121.7392578125,79,75,0,0,0,0,15.5,99.17,-160884,100,1528026408.279,0,1,1,0,4,0,0,3,0,1,366.24,366.24,7F,1,1,1,0082,65,40,40,0,0,19,0.00
03/06/2018 12:46:51,55 59.40327,-2 30.55461,252,0,275,543595,1144818,366.34,-96.221,3830,3806,3816,24,0,101.1,38.4,97.0,36.1,none,none,88.6,31.4,3827,3823,3820,3819,3819,3813,3813,3814,3814,3810,3812,3809,3813,3809,3810,3808,3810,3807,3810,3808,3809,3806,3807,3809,3809,3811,3811,3810,3810,3808,3811,3810,3812,3809,3810,3811,3811,3810,3810,3809,3814,3812,3818,3812,3818,3816,3821,3815,3826,3826,3830,3825,3827,3824,3827,3824,3820,3817,3824,3819,3825,3818,3818,3818,3817,3817,3820,3818,3816,3814,3818,3815,3813,3817,3819,3816,3818,3812,3815,3816,3817,3816,3821,3816,3819,3817,3813,3817,3826,3824,3824,3821,3825,3821,3823,3820,-0.20,SJNFAAZE1U0005576,117.83,13.04,9121.7392578125,79,75,0,0,0,0,15.5,99.17,-160919,100,1528026411.867,0,1,1,0,4,0,0,3,0,1,366.34,366.34,7F,1,1,1,0082,65,40,40,0,0,19,0.00
03/06/2018 12:46:55,55 59.40345,-2 30.55497,252,0,275,544420,1144818,366.43,-97.289,3830,3807,3817,23,0,101.3,38.5,97.0,36.1,none,none,88.8,31.6,3828,3825,3819,3820,3821,3819,3813,3813,3815,3811,3812,3812,3812,3811,3809,3810,3811,3812,3809,3810,3810,3807,3810,3810,3810,3810,3812,3811,3810,3812,3811,3811,3814,3811,3812,3813,3810,3810,3811,3810,3814,3815,3818,3813,3819,3817,3823,3817,3828,3825,3829,3826,3827,3828,3829,3824,3819,3818,3826,3821,3824,3818,3819,3818,3819,3822,3820,3816,3818,3816,3819,3817,3810,3817,3818,3816,3817,3816,3816,3817,3818,3817,3822,3819,3821,3817,3815,3815,3830,3828,3825,3823,3827,3823,3824,3823,-0.26,SJNFAAZE1U0005576,117.83,13.04,9121.7392578125,79,75,0,0,0,0,15.5,99.17,-160953,100,1528026415.473,0,1,1,0,4,0,0,3,0,1,366.47,366.47,7F,1,1,1,0082,65,40,40,0,0,19,0.00
03/06/2018 12:46:59,55 59.40342,-2 30.55496,249,0,276,545266,1144818,366.62,-97.961,3833,3811,3819,22,0,101.3,38.5,97.2,36.2,none,none,88.8,31.6,3831,3827,3821,3822,3823,3819,3817,3817,3817,3816,3815,3813,3815,3814,3813,3812,3813,3812,3813,3813,3812,3811,3812,3813,3812,3814,3815,3815,3814,3811,3814,3815,3816,3814,3813,3814,3813,3813,3815,3812,3817,3816,3821,3816,3823,3819,3824,3818,3832,3829,3833,3829,3831,3828,3831,3826,3824,3821,3828,3824,3828,3822,3821,3822,3821,3822,3822,3822,3820,3818,3822,3818,3817,3820,3822,3819,3822,3817,3819,3819,3820,3820,3825,3822,3825,3821,3818,3822,3832,3829,3827,3826,3830,3825,3826,3825,-0.21,SJNFAAZE1U0005576,117.83,13.04,9121.7392578125,79,75,0,0,0,0,15.5,99.17,-160988,100,1528026419.050,0,1,1,0,5,0,0,3,0,1,366.20,366.20,7F,1,1,1,0082,65,40,40,0,0,19,0.00
03/06/2018 12:47:02,55 59.40343,-2 30.55492,255,0,276,546114,1144818,366.43,-96.923,3831,3808,3817,23,0,101.3,38.5,97.0,36.1,none,none,88.8,31.6,3830,3824,3819,3821,3821,3819,3813,3813,3816,3812,3813,3812,3813,3812,3811,3809,3811,3812,3809,3809,3811,3808,3811,3811,3809,3811,3812,3811,3810,3812,3813,3811,3813,3812,3811,3812,3811,3811,3812,3809,3816,3815,3819,3814,3820,3818,3824,3816,3829,3825,3831,3825,3827,3828,3828,3823,3819,3819,3826,3822,3825,3818,3819,3819,3818,3822,3820,3817,3819,3816,3821,3818,3810,3817,3819,3815,3818,3816,3816,3817,3818,3817,3822,3819,3823,3817,3815,3815,3830,3828,3825,3823,3827,3822,3824,3823,-0.21,SJNFAAZE1U0005576,117.83,13.04,9121.7392578125,79,75,0,0,0,0,15.5,99.17,-161023,100,1528026422.708,0,1,1,0,5,0,0,3,0,1,366.81,366.81,7F,1,1,1,0082,65,40,40,0,0,19,0.00
03/06/2018 12:47:06,55 59.40342,-2 30.55492,255,0,277,547031,1144818,366.43,-96.831,3831,3807,3817,24,0,101.3,38.5,97.2,36.2,none,none,88.8,31.6,3829,3825,3820,3820,3821,3818,3814,3813,3815,3812,3812,3811,3812,3811,3810,3809,3812,3812,3809,3810,3811,3807,3810,3811,3811,3811,3812,3811,3810,3812,3812,3811,3813,3811,3812,3812,3811,3810,3811,3811,3814,3814,3819,3813,3820,3818,3823,3818,3829,3826,3831,3825,3827,3827,3829,3824,3818,3817,3827,3820,3824,3819,3819,3818,3819,3821,3819,3816,3818,3817,3820,3818,3811,3817,3820,3816,3817,3815,3817,3818,3818,3819,3822,3819,3823,3816,3816,3815,3829,3828,3826,3823,3827,3822,3824,3822,-0.21,SJNFAAZE1U0005576,117.83,13.04,9121.7392578125,79,75,0,0,0,0,15.5,99.17,-161061,100,1528026426.631,0,1,1,0,5,0,0,3,0,1,366.76,366.76,7F,1,1,1,0082,65,40,40,0,0,19,0.00
03/06/2018 12:47:10,55 59.40338,-2 30.55487,249,0,277,547925,1144818,366.43,-97.106,3830,3808,3817,22,0,101.5,38.6,97.2,36.2,none,none,88.8,31.6,3829,3825,3818,3820,3821,3818,3814,3813,3815,3813,3813,3811,3812,3811,3811,3810,3812,3810,3810,3810,3810,3808,3809,3811,3810,3811,3812,3810,3811,3811,3812,3811,3814,3810,3811,3812,3811,3811,3812,3810,3814,3814,3819,3813,3819,3817,3822,3816,3829,3825,3830,3825,3826,3826,3828,3825,3817,3818,3826,3821,3825,3818,3819,3818,3818,3821,3820,3817,3819,3816,3820,3817,3811,3818,3820,3815,3817,3815,3817,3818,3818,3817,3822,3819,3822,3816,3816,3814,3830,3827,3825,3822,3828,3821,3823,3822,-0.23,SJNFAAZE1U0005576,117.83,13.04,9121.7392578125,79,75,0,0,0,0,15.5,99.17,-161098,100,1528026430.537,0,1,1,0,5,0,0,3,0,1,366.86,366.86,7F,1,1,1,0082,65,40,40,0,0,19,0.00
03/06/2018 12:47:14,55 59.40329,-2 30.55488,255,0,278,548842,1144818,366.62,-95.794,3833,3809,3819,24,0,101.5,38.6,97.2,36.2,none,none,88.8,31.6,3830,3827,3822,3821,3822,3816,3817,3816,3817,3813,3814,3813,3816,3814,3812,3812,3813,3812,3812,3812,3813,3809,3812,3812,3813,3813,3815,3812,3812,3812,3814,3814,3816,3813,3812,3813,3814,3811,3814,3813,3816,3814,3821,3815,3821,3819,3825,3818,3831,3828,3833,3828,3829,3827,3830,3826,3823,3821,3827,3823,3828,3821,3820,3821,3822,3821,3823,3821,3820,3817,3821,3818,3817,3820,3821,3819,3821,3816,3818,3819,3819,3819,3824,3820,3824,3820,3817,3818,3830,3827,3826,3825,3829,3823,3826,3823,-0.25,SJNFAAZE1U0005576,117.83,13.04,9121.7392578125,79,75,0,0,0,0,15.5,99.17,-161136,100,1528026434.408,0,1,1,0,5,0,0,3,0,1,366.81,366.81,7F,1,1,1,0082,65,40,40,0,0,19,0.00
03/06/2018 12:47:17,55 59.40329,-2 30.55487,255,0,278,549689,1144818,366.62,-97.228,3833,3810,3819,23,0,101.5,38.6,97.2,36.2,none,none,89.0,31.7,3831,3827,3821,3823,3824,3820,3815,3816,3818,3815,3815,3814,3815,3813,3813,3812,3815,3814,3810,3812,3813,3810,3812,3813,3812,3813,3814,3813,3813,3813,3814,3814,3817,3814,3813,3814,3812,3812,3813,3812,3818,3817,3821,3815,3822,3821,3826,3819,3832,3828,3833,3828,3831,3830,3831,3827,3821,3821,3829,3824,3828,3821,3821,3821,3821,3824,3822,3818,3820,3818,3823,3819,3813,3820,3821,3818,3819,3819,3820,3819,3821,3820,3825,3821,3826,3819,3819,3818,3832,3830,3828,3824,3829,3824,3826,3825,-0.29,SJNFAAZE1U0005576,117.83,13.04,9121.7392578125,79,75,0,0,0,0,15.5,99.17,-161171,100,1528026437.888,0,1,1,0,5,0,0,3,0,1,366.82,366.82,7F,1,1,1,0082,65,40,40,0,0,19,0.00
03/06/2018 12:47:21,55 59.40329,-2 30.55489,255,0,278,550512,1144818,366.62,-96.526,3833,3810,3819,23,0,101.8,38.8,97.5,36.4,none,none,89.0,31.7,3832,3826,3821,3822,3823,3820,3816,3816,3818,3814,3815,3814,3814,3812,3812,3810,3814,3814,3812,3811,3812,3810,3813,3814,3813,3812,3814,3812,3812,3813,3814,3813,3816,3814,3813,3814,3813,3812,3814,3811,3817,3817,3820,3815,3821,3819,3826,3819,3832,3827,3833,3828,3829,3829,3832,3826,3820,3820,3829,3822,3826,3820,3821,3820,3820,3824,3823,3818,3820,3818,3822,3819,3813,3819,3821,3818,3820,3818,3819,3819,3820,3820,3824,3821,3824,3820,3818,3816,3832,3830,3827,3824,3830,3824,3827,3825,-0.23,SJNFAAZE1U0005576,117.83,13.04,9121.7392578125,79,75,0,0,0,0,15.5,99.17,-161204,100,1528026441.491,0,1,1,0,5,0,0,3,0,1,366.92,366.92,7F,1,1,1,0082,65,40,40,0,0,19,0.00
03/06/2018 12:47:25,55 59.40329,-2 30.55489,255,0,279,551359,1144818,366.72,-96.740,3834,3811,3820,23,0,101.8,38.8,97.5,36.4,none,none,89.0,31.7,3833,3828,3822,3823,3824,3821,3817,3817,3819,3816,3816,3814,3816,3815,3814,3812,3816,3816,3813,3814,3814,3811,3813,3815,3814,3814,3816,3814,3814,3814,3815,3814,3817,3815,3815,3816,3815,3814,3815,3814,3819,3818,3822,3817,3823,3821,3827,3820,3832,3829,3834,3830,3832,3830,3832,3828,3822,3821,3830,3825,3829,3822,3822,3822,3822,3826,3823,3821,3822,3819,3824,3821,3813,3821,3823,3819,3821,3820,3820,3820,3821,3820,3826,3822,3826,3821,3819,3819,3833,3832,3828,3825,3832,3827,3829,3826,-0.25,SJNFAAZE1U0005576,117.83,13.04,9121.7392578125,79,75,0,0,0,0,15.5,99.17,-161239,100,1528026445.035,0,1,1,0,5,0,0,3,0,1,367.06,367.06,7F,1,1,1,0082,65,40,40,0,0,19,0.00
03/06/2018 12:47:28,55 59.40329,-2 30.55489,255,0,279,552232,1144818,366.82,-97.594,3835,3813,3821,22,0,101.8,38.8,97.5,36.4,none,none,89.0,31.7,3833,3829,3823,3824,3825,3822,3818,3819,3820,3817,3818,3816,3817,3816,3815,3814,3816,3816,3814,3814,3815,3813,3814,3814,3815,3814,3815,3815,3815,3816,3816,3815,3818,3816,3815,3817,3815,3815,3816,3814,3819,3819,3822,3817,3824,3822,3828,3821,3833,3830,3835,3829,3831,3831,3833,3828,3821,3823,3831,3826,3829,3823,3823,3823,3822,3826,3825,3821,3822,3820,3824,3822,3815,3821,3823,3819,3821,3820,3821,3821,3822,3822,3827,3823,3826,3822,3820,3819,3835,3833,3829,3826,3832,3828,3829,3827,-0.24,SJNFAAZE1U0005576,117.83,13.04,9121.7392578125,79,75,0,0,0,0,15.5,99.17,-161275,100,1528026448.782,0,1,0,0,0,0,0,3,0,1,367.10,367.10,7F,1,1,1,0082,65,40,40,0,0,19,0.00
03/06/2018 12:47:32,55 59.40329,-2 30.55489,255,0,280,553085,1144818,366.82,-97.045,3834,3812,3821,22,0,101.8,38.8,97.5,36.4,none,none,89.2,31.8,3833,3829,3823,3823,3826,3821,3818,3818,3819,3817,3817,3816,3817,3815,3815,3813,3815,3815,3814,3814,3815,3812,3815,3815,3815,3815,3816,3815,3815,3816,3816,3814,3818,3815,3815,3817,3814,3814,3815,3813,3819,3818,3823,3817,3824,3821,3827,3820,3832,3830,3834,3829,3830,3831,3832,3829,3822,3823,3830,3825,3829,3823,3823,3821,3822,3825,3824,3820,3821,3820,3824,3821,3814,3822,3824,3819,3820,3820,3821,3821,3820,3822,3826,3822,3825,3821,3819,3818,3834,3832,3827,3824,3830,3826,3828,3826,-0.26,SJNFAAZE1U0005576,117.83,13.04,9121.7392578125,79,75,0,0,0,0,15.5,99.17,-161311,100,1528026452.439,0,1,0,0,0,0,0,3,0,1,367.14,367.14,7F,1,1,1,0082,65,40,40,0,0,19,0.00
03/06/2018 12:47:36,55 59.40329,-2 30.55489,255,0,280,553937,1144818,366.91,-97.228,3836,3812,3822,24,0,101.8,38.8,97.7,36.5,none,none,89.2,31.8,3834,3830,3824,3824,3825,3821,3820,3819,3820,3816,3818,3815,3818,3815,3815,3815,3815,3813,3814,3815,3814,3812,3815,3815,3815,3816,3816,3816,3815,3814,3816,3816,3819,3815,3815,3816,3816,3814,3817,3816,3820,3817,3823,3819,3824,3822,3827,3821,3834,3832,3836,3830,3832,3830,3834,3829,3824,3823,3830,3825,3832,3826,3824,3823,3822,3823,3825,3824,3823,3822,3824,3821,3820,3823,3824,3821,3824,3820,3822,3823,3822,3822,3827,3823,3827,3823,3822,3821,3834,3831,3829,3828,3833,3827,3829,3825,-0.20,SJNFAAZE1U0005576,117.83,13.04,9121.7392578125,79,75,0,0,0,0,15.5,99.17,-161346,100,1528026456.062,0,1,0,0,0,0,0,3,0,1,366.92,366.92,7F,1,1,1,0082,65,40,40,0,0,19,0.00
03/06/2018 12:47:39,55 59.40329,-2 30.55489,255,0,281,554837,1144818,367.20,-98.632,3838,3816,3825,22,0,101.8,38.8,97.7,36.5,none,none,89.2,31.8,3838,3834,3828,3829,3829,3823,3823,3823,3823,3820,3822,3819,3823,3820,3820,3818,3820,3817,3820,3819,3819,3816,3818,3819,3819,3820,3822,3820,3821,3817,3821,3820,3822,3821,3819,3820,3820,3820,3821,3819,3822,3821,3826,3822,3828,3826,3831,3825,3838,3835,3838,3835,3836,3834,3837,3833,3832,3826,3834,3828,3836,3828,3827,3826,3827,3826,3829,3828,3826,3824,3827,3825,3825,3827,3828,3825,3829,3822,3824,3826,3825,3826,3830,3827,3830,3827,3824,3828,3837,3834,3832,3832,3835,3830,3832,3829,-0.24,SJNFAAZE1U0005576,117.83,13.04,9121.7392578125,79,75,0,0,0,0,15.5,99.17,-161383,100,1528026459.913,0,1,0,0,0,0,0,3,0,1,366.95,366.95,7F,1,1,1,0082,65,40,40,0,0,19,0.00
03/06/2018 12:47:43,55 59.40329,-2 30.55489,255,0,281,555758,1144818,367.39,-97.991,3840,3819,3827,21,0,102.0,38.9,97.7,36.5,none,none,89.2,31.8,3839,3835,3828,3830,3830,3827,3823,3824,3825,3822,3823,3821,3822,3821,3820,3819,3820,3820,3819,3819,3820,3819,3819,3821,3820,3821,3822,3820,3819,3819,3821,3821,3823,3821,3820,3822,3821,3820,3821,3820,3825,3824,3827,3823,3829,3827,3833,3826,3839,3837,3840,3836,3838,3837,3839,3834,3830,3828,3836,3831,3835,3829,3828,3828,3828,3831,3830,3829,3828,3826,3829,3827,3823,3827,3829,3826,3829,3825,3826,3826,3827,3828,3832,3829,3831,3827,3826,3828,3839,3838,3835,3833,3837,3832,3835,3832,-0.26,SJNFAAZE1U0005576,117.83,13.04,9121.7392578125,79,75,0,0,0,0,15.5,99.17,-161421,100,1528026463.790,0,1,1,0,4,0,0,3,0,1,367.33,367.33,7F,1,1,1,0082,65,40,40,0,0,19,0.00
03/06/2018 12:47:47,55 59.40329,-2 30.55489,255,0,282,556676,1144818,367.10,-96.923,3837,3815,3824,22,0,102.2,39.0,97.9,36.6,none,none,89.4,31.9,3836,3832,3826,3827,3829,3826,3820,3821,3822,3819,3819,3818,3820,3818,3817,3815,3818,3819,3817,3816,3817,3815,3818,3818,3817,3816,3818,3817,3818,3818,3819,3819,3821,3819,3818,3820,3818,3817,3819,3816,3823,3823,3826,3820,3827,3826,3830,3824,3836,3834,3837,3834,3835,3835,3837,3832,3825,3825,3834,3828,3832,3826,3826,3825,3825,3829,3827,3823,3825,3822,3827,3824,3818,3826,3827,3823,3823,3823,3825,3824,3825,3824,3829,3826,3829,3824,3823,3822,3837,3836,3832,3829,3834,3830,3831,3830,-0.24,SJNFAAZE1U0005576,117.83,13.04,9121.7392578125,79,75,0,0,0,0,15.5,99.17,-161458,100,1528026467.729,0,1,1,0,4,0,0,3,0,1,367.39,367.39,7F,1,1,1,0082,65,40,40,0,0,19,0.00
03/06/2018 12:47:51,55 59.40329,-2 30.55489,255,0,282,557571,1144818,367.20,-96.374,3838,3815,3825,23,0,102.0,38.9,97.9,36.6,none,none,89.4,31.9,3837,3833,3827,3828,3828,3824,3822,3822,3822,3820,3821,3819,3821,3819,3819,3818,3819,3817,3819,3818,3818,3815,3818,3819,3818,3820,3820,3818,3818,3817,3820,3819,3822,3818,3818,3820,3819,3818,3819,3819,3822,3821,3827,3821,3828,3825,3831,3825,3837,3833,3838,3834,3834,3833,3836,3833,3827,3826,3834,3828,3834,3827,3826,3826,3826,3827,3828,3826,3825,3823,3826,3825,3821,3826,3827,3824,3826,3822,3824,3826,3825,3824,3831,3827,3829,3826,3823,3824,3836,3834,3832,3831,3835,3829,3832,3831,-0.29,SJNFAAZE1U0005576,117.83,13.04,9121.7392578125,79,75,0,0,0,0,15.5,99.17,-161495,100,1528026471.422,0,1,1,0,5,0,0,3,0,1,367.40,367.40,7F,1,1,1,0082,65,40,40,0,0,19,0.00
03/06/2018 12:47:54,55 59.40329,-2 30.55489,255,0,282,558418,1144818,367.20,-96.526,3839,3815,3825,24,0,102.0,38.9,97.9,36.6,none,none,89.4,31.9,3836,3833,3827,3829,3829,3824,3822,3822,3823,3821,3821,3820,3822,3820,3819,3818,3820,3817,3819,3819,3819,3815,3818,3819,3819,3818,3820,3819,3819,3818,3821,3820,3822,3820,3819,3820,3819,3818,3820,3819,3822,3822,3827,3822,3828,3826,3832,3825,3837,3834,3839,3834,3835,3834,3837,3833,3828,3827,3835,3828,3833,3827,3826,3827,3826,3828,3828,3827,3825,3824,3827,3824,3821,3826,3827,3824,3827,3823,3824,3826,3825,3826,3830,3828,3830,3826,3824,3824,3837,3835,3832,3832,3835,3830,3832,3830,-0.33,SJNFAAZE1U0005576,117.83,13.04,9121.7392578125,79,75,0,0,0,0,15.5,99.17,-161530,100,1528026474.940,0,1,1,0,5,0,0,3,0,1,367.46,367.46,7F,1,1,1,0082,65,40,40,0,0,19,0.00
03/06/2018 12:47:58,55 59.40329,-2 30.55489,255,0,283,559265,1144818,367.30,-96.740,3840,3818,3826,22,0,102.0,38.9,97.9,36.6,none,none,89.4,31.9,3838,3835,3829,3830,3830,3826,3824,3823,3825,3822,3823,3820,3823,3821,3821,3820,3821,3819,3820,3819,3820,3818,3820,3819,3820,3822,3822,3820,3821,3819,3821,3821,3822,3821,3820,3820,3821,3820,3822,3819,3825,3822,3829,3823,3829,3827,3832,3825,3839,3836,3840,3836,3837,3835,3839,3835,3830,3828,3836,3830,3836,3827,3828,3827,3828,3828,3830,3828,3826,3826,3827,3826,3823,3828,3830,3825,3828,3824,3826,3827,3827,3827,3832,3828,3832,3828,3825,3826,3838,3836,3833,3832,3836,3832,3833,3831,-0.32,SJNFAAZE1U0005576,117.83,13.04,9121.7392578125,79,75,0,0,0,0,15.5,99.17,-161565,100,1528026478.719,0,1,1,0,5,0,0,3,0,1,367.36,367.36,7F,1,1,1,0082,65,40,40,0,0,19,0.00
03/06/2018 12:48:02,55 59.40329,-2 30.55489,255,0,283,560183,1144818,367.49,-97.106,3841,3819,3828,22,0,102.2,39.0,97.9,36.6,none,none,89.4,31.9,3839,3835,3829,3831,3832,3830,3823,3825,3827,3823,3824,3822,3823,3823,3821,3820,3822,3823,3820,3820,3821,3819,3820,3821,3822,3821,3823,3821,3821,3822,3823,3822,3824,3823,3822,3824,3822,3821,3822,3820,3826,3826,3829,3823,3831,3829,3834,3827,3841,3836,3841,3837,3840,3839,3839,3835,3830,3830,3837,3831,3837,3829,3828,3829,3830,3833,3831,3828,3828,3827,3831,3828,3821,3828,3830,3826,3828,3827,3827,3827,3829,3829,3834,3831,3834,3828,3827,3827,3841,3840,3836,3834,3838,3833,3835,3834,-0.29,SJNFAAZE1U0005576,117.83,13.04,9121.7392578125,79,75,0,0,0,0,15.5,99.17,-161603,100,1528026482.621,0,1,1,0,5,0,0,3,0,1,367.72,367.72,7F,1,1,1,0082,65,40,40,0,0,19,0.00
03/06/2018 12:48:06,55 59.40329,-2 30.55489,255,0,284,561076,1144818,367.68,-96.709,3845,3820,3830,25,0,102.2,39.0,98.4,36.9,none,none,89.6,32.0,3843,3839,3832,3833,3833,3828,3827,3827,3828,3825,3826,3823,3826,3824,3824,3822,3824,3821,3823,3823,3824,3820,3823,3824,3823,3825,3825,3825,3825,3821,3826,3824,3826,3824,3824,3825,3823,3823,3825,3823,3826,3825,3831,3826,3832,3830,3836,3829,3843,3840,3845,3840,3842,3837,3842,3838,3835,3831,3840,3834,3839,3832,3832,3832,3832,3832,3834,3833,3830,3829,3832,3829,3831,3832,3833,3830,3834,3827,3829,3831,3830,3830,3836,3833,3836,3831,3828,3834,3843,3839,3838,3836,3841,3835,3837,3835,-0.27,SJNFAAZE1U0005576,117.83,13.04,9121.7392578125,79,75,0,0,0,0,15.5,99.17,-161640,100,1528026486.605,0,1,1,0,5,0,0,3,0,1,367.40,367.40,7F,1,1,1,0082,65,40,40,0,0,19,0.00
03/06/2018 12:48:10,55 59.40329,-2 30.55489,255,0,284,562017,1144818,367.68,-97.472,3845,3821,3830,24,0,102.2,39.0,98.2,36.8,none,none,89.6,32.0,3842,3840,3833,3833,3833,3828,3826,3827,3828,3825,3825,3824,3826,3825,3825,3823,3825,3822,3825,3824,3823,3821,3823,3823,3824,3825,3826,3824,3824,3822,3826,3825,3827,3825,3824,3825,3825,3824,3826,3824,3828,3825,3833,3827,3833,3831,3836,3829,3843,3840,3845,3841,3841,3838,3842,3838,3836,3832,3839,3834,3840,3833,3832,3832,3832,3832,3834,3833,3830,3829,3833,3829,3831,3832,3834,3831,3833,3826,3829,3831,3830,3831,3836,3831,3835,3831,3828,3833,3842,3839,3837,3836,3841,3835,3837,3835,-0.27,SJNFAAZE1U0005576,117.83,13.04,9121.7392578125,79,75,0,0,0,0,15.5,99.17,-161679,100,1528026490.586,0,1,1,0,5,0,0,3,0,1,367.34,367.34,7F,1,1,1,0082,65,40,40,0,0,19,0.00
03/06/2018 12:48:14,55 59.40329,-2 30.55489,255,0,285,562936,1144818,367.49,-96.526,3841,3819,3828,22,0,102.4,39.1,98.2,36.8,none,none,89.6,32.0,3839,3836,3830,3832,3832,3829,3824,3824,3826,3822,3823,3822,3824,3822,3821,3820,3823,3822,3822,3821,3823,3819,3821,3821,3822,3821,3823,3822,3822,3821,3824,3822,3825,3822,3822,3823,3823,3822,3823,3820,3826,3825,3830,3825,3831,3829,3835,3828,3840,3837,3841,3837,3837,3839,3839,3836,3829,3829,3838,3831,3836,3828,3828,3829,3830,3832,3831,3828,3829,3827,3830,3829,3822,3829,3831,3827,3828,3826,3827,3827,3828,3828,3833,3830,3832,3829,3826,3826,3840,3838,3835,3832,3837,3833,3836,3833,-0.27,SJNFAAZE1U0005576,117.83,13.04,9121.7392578125,79,75,0,0,0,0,15.5,99.17,-161716,100,1528026494.363,0,1,1,0,5,0,0,3,0,1,367.72,367.72,7F,1,1,1,0082,65,40,40,0,0,19,0.00
03/06/2018 12:48:17,55 59.40329,-2 30.55489,255,0,285,563782,1144818,367.68,-96.801,3844,3820,3830,24,0,102.4,39.1,98.4,36.9,none,none,89.8,32.1,3841,3839,3833,3833,3834,3828,3826,3827,3828,3825,3826,3824,3826,3823,3824,3823,3824,3821,3824,3823,3824,3820,3824,3823,3824,3824,3825,3825,3824,3821,3825,3823,3826,3824,3824,3825,3823,3824,3825,3823,3827,3825,3832,3826,3833,3830,3837,3830,3841,3839,3844,3839,3841,3838,3841,3837,3833,3831,3839,3833,3838,3832,3832,3831,3832,3833,3833,3832,3830,3828,3830,3829,3827,3831,3834,3829,3832,3827,3829,3830,3830,3830,3836,3832,3835,3831,3828,3830,3842,3838,3836,3836,3839,3835,3837,3834,-0.50,SJNFAAZE1U0005576,117.83,13.04,9121.7392578125,79,75,0,0,0,0,15.5,99.17,-161751,100,1528026497.867,0,1,1,0,5,0,0,3,0,1,367.56,367.56,7F,1,1,1,0082,64,40,40,0,0,19,0.00
03/06/2018 12:48:21,55 59.40329,-2 30.55489,255,0,286,564605,1144818,367.68,-96.557,3845,3821,3830,24,0,102.4,39.1,98.4,36.9,none,none,89.8,32.1,3842,3838,3832,3833,3833,3828,3827,3827,3827,3825,3825,3824,3826,3825,3825,3823,3825,3823,3825,3823,3823,3821,3824,3823,3824,3824,3825,3824,3824,3823,3826,3824,3827,3825,3824,3826,3825,3823,3825,3824,3827,3826,3831,3826,3834,3830,3836,3828,3842,3840,3845,3840,3840,3838,3841,3838,3833,3832,3841,3834,3840,3833,3832,3832,3831,3832,3834,3833,3830,3828,3832,3830,3828,3831,3834,3829,3832,3828,3828,3830,3830,3830,3836,3832,3835,3831,3828,3830,3842,3839,3836,3836,3841,3834,3837,3835,-0.27,SJNFAAZE1U0005576,117.83,13.04,9121.7392578125,79,75,0,0,0,0,15.5,99.17,-161785,100,1528026501.401,0,1,1,0,5,0,0,3,0,1,367.76,367.76,7F,1,1,1,0082,64,40,40,0,0,19,0.00
03/06/2018 12:48:25,55 59.40329,-2 30.55489,255,0,286,565452,1144818,367.78,-96.435,3845,3821,3831,24,0,102.4,39.1,98.4,36.9,none,none,89.6,32.0,3842,3838,3832,3834,3834,3831,3827,3828,3828,3826,3827,3825,3827,3826,3825,3823,3825,3826,3824,3823,3824,3821,3824,3825,3825,3824,3826,3825,3825,3825,3826,3825,3828,3826,3825,3826,3825,3824,3825,3823,3828,3828,3832,3827,3833,3832,3837,3831,3843,3839,3845,3840,3841,3841,3841,3838,3832,3832,3840,3835,3838,3832,3832,3832,3832,3836,3835,3831,3830,3829,3832,3830,3825,3832,3834,3829,3830,3830,3829,3831,3832,3832,3837,3833,3836,3831,3830,3828,3843,3842,3838,3836,3841,3835,3838,3836,-0.28,SJNFAAZE1U0005576,117.83,13.04,9121.7392578125,79,75,0,0,0,0,15.5,99.17,-161820,100,1528026505.003,0,1,1,0,5,0,0,3,0,1,368.11,368.11,7F,1,1,1,0082,64,40,40,0,0,19,0.00
03/06/2018 12:48:28,55 59.40329,-2 30.55489,255,0,286,566327,1144818,367.87,-98.113,3846,3824,3832,22,0,102.4,39.1,98.4,36.9,none,none,89.8,32.1,3844,3840,3834,3836,3837,3833,3828,3829,3832,3828,3827,3826,3828,3826,3827,3825,3827,3828,3824,3825,3826,3824,3826,3827,3826,3827,3826,3826,3826,3827,3827,3826,3830,3828,3826,3828,3827,3826,3827,3824,3830,3830,3834,3829,3835,3833,3840,3833,3845,3841,3846,3841,3844,3843,3845,3840,3834,3833,3842,3836,3840,3835,3834,3834,3834,3838,3835,3832,3834,3831,3836,3832,3826,3833,3834,3831,3833,3832,3831,3833,3833,3833,3838,3835,3837,3833,3830,3831,3846,3844,3840,3838,3843,3837,3840,3839,-0.29,SJNFAAZE1U0005576,117.83,13.04,9121.7392578125,79,75,0,0,0,0,15.5,99.17,-161856,100,1528026508.867,0,1,0,0,0,0,0,3,0,1,368.06,368.06,7F,1,1,1,0082,64,40,40,0,0,19,0.00
03/06/2018 12:48:32,55 59.40329,-2 30.55489,255,0,287,567251,1144818,368.06,-98.388,3848,3825,3834,23,0,102.4,39.1,98.4,36.9,none,none,89.8,32.1,3846,3842,3836,3838,3837,3836,3830,3831,3833,3829,3831,3828,3830,3829,3828,3827,3828,3830,3828,3827,3828,3825,3828,3828,3827,3828,3829,3828,3827,3829,3829,3829,3830,3828,3828,3830,3828,3828,3829,3828,3833,3833,3836,3831,3838,3836,3841,3835,3845,3844,3848,3844,3845,3845,3846,3842,3838,3835,3845,3839,3842,3835,3835,3836,3835,3839,3837,3835,3834,3833,3836,3835,3829,3836,3837,3832,3834,3835,3832,3835,3834,3835,3840,3837,3838,3834,3832,3834,3846,3845,3842,3841,3845,3840,3842,3840,-0.27,SJNFAAZE1U0005576,117.83,13.04,9121.7392578125,79,75,0,0,0,0,15.5,99.17,-161894,100,1528026512.695,0,1,0,0,0,0,0,3,0,1,367.96,367.96,7F,1,1,1,0082,64,40,40,0,0,19,0.00
03/06/2018 12:48:36,55 59.40329,-2 30.55489,255,0,287,568150,1144818,368.26,-98.388,3850,3827,3836,23,0,102.4,39.1,98.6,37.0,none,none,90.0,32.2,3848,3844,3837,3839,3839,3836,3833,3832,3834,3831,3831,3830,3831,3830,3829,3829,3830,3829,3829,3828,3829,3827,3828,3828,3829,3829,3831,3829,3830,3830,3830,3831,3832,3830,3829,3831,3829,3829,3830,3829,3833,3832,3837,3832,3838,3836,3842,3835,3848,3845,3850,3845,3849,3846,3848,3843,3839,3837,3845,3840,3844,3838,3837,3837,3836,3840,3839,3837,3837,3835,3838,3837,3832,3837,3838,3834,3838,3834,3836,3836,3836,3836,3841,3838,3840,3835,3835,3836,3849,3846,3844,3842,3846,3841,3843,3840,-0.28,SJNFAAZE1U0005576,117.83,13.04,9121.7392578125,79,75,0,0,0,0,15.5,99.17,-161931,100,1528026516.476,0,1,0,0,0,0,0,3,0,1,368.19,368.19,7F,1,1,1,0082,64,40,40,0,0,19,0.00
03/06/2018 12:48:40,55 59.40329,-2 30.55489,255,0,288,569000,1144818,368.16,-97.839,3849,3826,3835,23,0,102.7,39.2,98.6,37.0,none,none,89.8,32.1,3847,3843,3837,3839,3839,3835,3831,3833,3833,3830,3831,3829,3830,3829,3829,3827,3829,3830,3827,3827,3828,3826,3828,3829,3829,3829,3830,3828,3829,3829,3830,3830,3831,3829,3829,3832,3828,3828,3829,3827,3833,3833,3837,3832,3837,3835,3842,3835,3847,3844,3849,3844,3846,3847,3847,3843,3837,3836,3845,3839,3843,3836,3836,3836,3836,3841,3838,3834,3836,3835,3838,3836,3829,3835,3838,3834,3836,3835,3834,3835,3836,3836,3841,3838,3840,3835,3834,3834,3849,3846,3844,3841,3846,3841,3843,3841,-0.32,SJNFAAZE1U0005576,117.83,13.04,9121.7392578125,79,75,0,0,0,0,15.5,99.17,-161966,100,1528026520.133,0,1,1,0,4,0,0,3,0,1,368.29,368.29,7F,1,1,1,0082,64,40,40,0,0,19,0.00
03/06/2018 12:48:43,55 59.40329,-2 30.55489,255,0,288,569895,1144818,367.97,-96.740,3848,3825,3833,23,0,102.7,39.2,98.6,37.0,none,none,90.0,32.2,3846,3842,3835,3836,3838,3834,3830,3829,3831,3829,3829,3828,3830,3827,3826,3826,3827,3828,3828,3826,3827,3825,3827,3827,3827,3827,3828,3827,3827,3827,3828,3828,3830,3828,3827,3829,3827,3826,3828,3826,3831,3831,3836,3830,3836,3834,3840,3833,3846,3842,3848,3842,3845,3844,3846,3840,3834,3835,3843,3838,3841,3835,3837,3835,3834,3838,3836,3833,3835,3832,3837,3832,3827,3833,3836,3831,3834,3832,3833,3833,3833,3833,3839,3835,3839,3834,3833,3831,3847,3845,3841,3838,3845,3838,3841,3839,-0.26,SJNFAAZE1U0005576,117.83,13.04,9121.7392578125,79,75,0,0,0,0,15.5,99.17,-162003,100,1528026523.934,0,1,1,0,4,0,0,3,0,1,368.48,368.48,7F,1,1,1,0082,64,40,40,0,0,19,0.00
03/06/2018 12:48:47,55 59.40329,-2 30.55489,255,0,289,570789,1144818,367.97,-96.404,3847,3824,3833,23,0,102.7,39.2,98.6,37.0,none,none,90.0,32.2,3846,3842,3836,3837,3838,3834,3830,3830,3832,3828,3830,3828,3830,3827,3827,3826,3828,3827,3828,3826,3827,3824,3825,3827,3827,3827,3828,3826,3827,3828,3828,3828,3830,3828,3827,3829,3828,3827,3828,3826,3831,3831,3835,3830,3837,3835,3841,3833,3845,3842,3847,3843,3843,3844,3846,3840,3834,3835,3844,3837,3842,3836,3835,3835,3836,3838,3837,3833,3834,3831,3835,3835,3828,3835,3837,3833,3834,3832,3833,3834,3834,3834,3839,3835,3838,3834,3831,3830,3846,3845,3841,3839,3843,3838,3841,3839,-0.32,SJNFAAZE1U0005576,117.83,13.04,9121.7392578125,79,75,0,0,0,0,15.5,99.17,-162040,100,1528026527.696,0,1,1,0,4,0,0,3,0,1,368.33,368.33,7F,1,1,1,0082,64,40,40,0,0,19,0.00
03/06/2018 12:48:51,55 59.40329,-2 30.55489,255,0,289,571636,1144818,368.16,-96.831,3850,3826,3835,24,0,102.9,39.4,98.8,37.1,none,none,90.2,32.3,3848,3843,3837,3838,3839,3836,3831,3832,3833,3830,3831,3830,3831,3830,3829,3828,3830,3830,3828,3827,3828,3826,3828,3829,3829,3828,3829,3828,3829,3830,3829,3829,3833,3830,3829,3831,3829,3828,3828,3827,3833,3833,3837,3832,3838,3837,3843,3836,3848,3844,3850,3845,3846,3846,3848,3843,3836,3837,3846,3840,3843,3838,3836,3836,3836,3841,3838,3835,3837,3834,3839,3835,3828,3836,3837,3834,3836,3834,3835,3835,3837,3835,3840,3838,3841,3835,3834,3833,3849,3846,3843,3841,3846,3840,3843,3841,-0.31,SJNFAAZE1U0005576,117.83,13.04,9121.7392578125,79,75,0,0,0,0,15.5,99.17,-162075,100,1528026531.310,0,1,1,0,4,0,0,3,0,1,368.41,368.41,7F,1,1,1,0082,64,40,40,0,0,19,0.00
03/06/2018 12:48:55,55 59.40329,-2 30.55489,255,0,290,572506,1144818,368.64,-97.839,3853,3830,3840,23,0,102.7,39.2,98.8,37.1,none,none,90.0,32.2,3853,3848,3841,3843,3843,3838,3836,3837,3838,3835,3835,3834,3836,3835,3834,3832,3834,3832,3833,3833,3833,3830,3833,3832,3833,3835,3835,3834,3833,3832,3835,3834,3836,3834,3834,3834,3834,3834,3835,3833,3837,3835,3842,3836,3843,3840,3846,3840,3852,3849,3853,3849,3851,3848,3851,3847,3845,3842,3849,3844,3849,3842,3842,3841,3842,3843,3843,3843,3841,3839,3844,3839,3840,3841,3842,3839,3843,3837,3839,3840,3840,3840,3845,3842,3846,3840,3838,3842,3852,3850,3848,3847,3850,3845,3847,3845,-0.29,SJNFAAZE1U0005576,117.83,13.04,9121.7392578125,79,75,0,0,0,0,15.5,99.17,-162111,100,1528026535.067,0,1,1,0,5,0,0,3,0,1,368.49,368.49,7F,1,1,1,0082,64,40,40,0,0,19,0.00
03/06/2018 12:48:59,55 59.40329,-2 30.55489,255,0,290,573422,1144818,368.26,-96.892,3851,3827,3836,24,0,102.9,39.4,98.8,37.1,none,none,90.2,32.3,3848,3844,3839,3839,3840,3835,3834,3834,3835,3831,3832,3831,3833,3831,3831,3829,3832,3828,3830,3829,3829,3827,3830,3830,3831,3831,3832,3830,3830,3829,3832,3830,3833,3830,3830,3831,3831,3830,3831,3829,3833,3833,3838,3833,3839,3837,3843,3836,3848,3846,3851,3846,3847,3844,3848,3844,3839,3837,3845,3840,3845,3839,3838,3838,3838,3839,3840,3838,3836,3835,3838,3836,3833,3838,3839,3836,3837,3834,3835,3836,3837,3837,3842,3837,3841,3838,3835,3836,3848,3846,3844,3841,3847,3841,3844,3842,-0.27,SJNFAAZE1U0005576,117.83,13.04,9121.7392578125,79,75,0,0,0,0,15.5,99.17,-162149,100,1528026539.065,0,1,1,0,5,0,0,3,0,1,368.25,368.25,7F,1,1,1,0082,64,40,40,0,0,19,0.00
03/06/2018 12:49:02,55 59.40329,-2 30.55489,255,0,290,574339,1144818,368.26,-96.343,3850,3827,3836,23,0,102.9,39.4,98.8,37.1,none,none,90.2,32.3,3849,3844,3837,3838,3839,3836,3832,3833,3835,3831,3832,3830,3833,3829,3830,3828,3831,3831,3829,3828,3830,3827,3830,3829,3828,3829,3831,3829,3830,3829,3831,3830,3832,3830,3829,3831,3830,3829,3829,3828,3832,3833,3838,3832,3838,3837,3842,3836,3848,3844,3850,3844,3846,3847,3849,3843,3836,3837,3846,3839,3843,3837,3839,3837,3837,3840,3840,3835,3837,3834,3839,3836,3830,3836,3838,3835,3837,3835,3836,3836,3836,3836,3842,3837,3842,3837,3834,3832,3849,3847,3844,3840,3847,3842,3843,3841,-0.31,SJNFAAZE1U0005576,117.83,13.04,9121.7392578125,79,75,0,0,0,0,15.5,99.17,-162186,100,1528026542.849,0,1,1,0,5,0,0,3,0,1,368.61,368.61,7F,1,1,1,0082,64,40,40,0,0,19,0.00
03/06/2018 12:49:06,55 59.40329,-2 30.55489,255,0,291,575209,1144818,368.74,-97.381,3856,3831,3841,25,0,102.9,39.4,99.0,37.2,none,none,90.2,32.3,3853,3850,3843,3844,3845,3841,3837,3838,3839,3836,3837,3835,3836,3835,3835,3833,3835,3834,3834,3833,3835,3831,3833,3835,3834,3836,3835,3835,3835,3834,3836,3835,3838,3835,3834,3836,3835,3834,3836,3834,3837,3838,3842,3838,3843,3842,3848,3841,3853,3850,3856,3850,3853,3851,3852,3848,3845,3842,3851,3845,3851,3844,3843,3843,3843,3844,3844,3843,3841,3840,3843,3841,3837,3842,3844,3840,3843,3840,3841,3840,3842,3842,3847,3843,3846,3841,3840,3841,3855,3852,3848,3848,3852,3846,3849,3847,-0.29,SJNFAAZE1U0005576,117.83,13.04,9121.7392578125,79,75,0,0,0,0,15.5,99.17,-162222,100,1528026546.507,0,1,1,0,5,0,0,3,0,1,368.77,368.77,7F,1,1,1,0082,64,40,40,0,0,19,0.00
03/06/2018 12:49:10,55 59.40329,-2 30.55489,255,0,291,576032,1144818,368.45,-96.038,3853,3830,3838,23,0,103.1,39.5,99.0,37.2,none,none,90.4,32.4,3850,3846,3840,3841,3841,3837,3835,3835,3836,3832,3834,3832,3834,3832,3832,3831,3833,3831,3831,3831,3830,3830,3831,3831,3832,3831,3833,3831,3832,3831,3834,3832,3835,3832,3833,3833,3832,3832,3833,3831,3835,3835,3839,3834,3840,3839,3845,3837,3850,3848,3853,3847,3848,3847,3850,3845,3840,3839,3848,3841,3847,3840,3839,3839,3840,3841,3841,3838,3837,3836,3840,3837,3835,3839,3841,3836,3839,3836,3836,3838,3838,3839,3844,3839,3843,3838,3836,3836,3851,3848,3845,3843,3848,3842,3845,3843,-0.31,SJNFAAZE1U0005576,117.83,13.04,9121.7392578125,79,75,0,0,0,0,15.5,99.17,-162256,100,1528026550.027,0,1,1,0,5,0,0,3,0,1,368.58,368.58,7F,1,1,1,0082,64,40,40,0,0,19,0.00
03/06/2018 12:49:13,55 59.40329,-2 30.55489,255,0,292,576855,1144818,368.93,-97.503,3857,3832,3843,25,0,103.1,39.5,99.0,37.2,none,none,90.4,32.4,3857,3852,3846,3846,3846,3841,3839,3840,3840,3838,3838,3836,3839,3837,3836,3835,3838,3834,3836,3836,3835,3832,3835,3835,3836,3837,3838,3838,3836,3834,3838,3837,3839,3837,3835,3836,3838,3837,3837,3837,3840,3838,3845,3839,3846,3843,3849,3842,3856,3852,3857,3853,3855,3850,3855,3851,3849,3843,3852,3845,3852,3846,3845,3844,3844,3844,3846,3846,3843,3841,3845,3841,3843,3844,3846,3842,3846,3839,3842,3843,3843,3842,3848,3845,3848,3843,3842,3846,3855,3851,3850,3849,3853,3848,3850,3847,-0.30,SJNFAAZE1U0005576,117.83,13.04,9121.7392578125,79,75,0,0,0,0,15.5,99.17,-162290,100,1528026553.471,0,1,1,0,5,0,0,3,0,1,368.64,368.64,7F,1,1,1,0082,64,40,40,0,0,19,0.00
03/06/2018 12:49:16,55 59.40329,-2 30.55489,255,0,292,577655,1144818,368.74,-97.076,3854,3831,3841,23,0,103.1,39.5,99.0,37.2,none,none,90.4,32.4,3854,3849,3842,3843,3844,3842,3836,3837,3840,3835,3837,3835,3837,3835,3835,3833,3835,3835,3833,3834,3834,3831,3835,3835,3834,3834,3835,3835,3835,3836,3835,3835,3838,3836,3835,3836,3835,3834,3835,3833,3838,3839,3843,3838,3843,3842,3848,3841,3852,3850,3854,3850,3852,3851,3854,3847,3843,3842,3850,3845,3849,3843,3843,3841,3843,3846,3843,3840,3843,3839,3844,3842,3834,3841,3844,3840,3842,3841,3842,3842,3842,3841,3847,3843,3846,3841,3839,3838,3854,3852,3848,3845,3851,3847,3848,3847,-0.28,SJNFAAZE1U0005576,117.83,13.04,9121.7392578125,79,75,0,0,0,0,15.5,99.17,-162323,100,1528026556.984,0,1,1,0,5,0,0,3,0,1,369.06,369.06,7F,1,1,1,0082,64,40,40,0,0,19,0.00
03/06/2018 12:49:20,55 59.40329,-2 30.55489,255,0,293,578547,1144818,369.02,-97.778,3858,3834,3844,24,0,103.3,39.6,99.2,37.3,none,none,90.4,32.4,3857,3851,3844,3847,3847,3844,3840,3840,3841,3839,3838,3838,3839,3837,3837,3836,3838,3837,3837,3836,3837,3834,3837,3837,3837,3838,3838,3837,3837,3837,3838,3838,3840,3838,3838,3839,3837,3837,3838,3836,3840,3841,3846,3841,3846,3844,3850,3843,3856,3852,3858,3853,3855,3854,3857,3851,3847,3844,3853,3848,3852,3845,3846,3845,3845,3848,3846,3845,3845,3843,3847,3843,3840,3844,3846,3843,3846,3842,3843,3844,3844,3845,3849,3846,3849,3844,3842,3844,3856,3855,3851,3850,3855,3849,3852,3848,-0.39,SJNFAAZE1U0005576,117.83,13.04,9121.7392578125,79,75,0,0,0,0,15.5,99.17,-162360,100,1528026560.872,0,1,1,0,5,0,0,3,0,1,368.83,368.83,7F,1,1,1,0082,64,40,40,0,0,19,0.00
03/06/2018 12:49:24,55 59.40329,-2 30.55489,255,0,293,579439,1144818,368.83,-98.205,3856,3833,3842,23,0,103.3,39.6,99.2,37.3,none,none,90.4,32.4,3856,3851,3845,3847,3846,3844,3838,3840,3840,3837,3839,3837,3838,3837,3835,3834,3838,3837,3835,3835,3836,3833,3835,3836,3834,3836,3837,3836,3836,3837,3837,3837,3838,3837,3836,3839,3836,3836,3836,3835,3840,3841,3844,3838,3845,3843,3849,3843,3855,3851,3856,3852,3853,3854,3855,3850,3843,3843,3852,3846,3850,3845,3844,3843,3843,3848,3845,3841,3843,3842,3846,3842,3836,3842,3845,3841,3842,3842,3843,3842,3842,3843,3848,3845,3848,3842,3841,3840,3856,3854,3849,3848,3853,3847,3851,3848,-0.37,SJNFAAZE1U0005576,117.83,13.04,9121.7392578125,79,75,0,0,0,0,15.5,99.17,-162397,100,1528026564.924,0,1,1,0,5,0,0,3,0,1,368.96,368.96,7F,1,1,1,0082,64,40,40,0,0,19,0.00
03/06/2018 12:49:28,55 59.40329,-2 30.55489,255,0,294,580432,1144818,368.83,-97.075,3856,3832,3842,24,0,103.3,39.6,99.2,37.3,none,none,90.6,32.6,3854,3851,3843,3845,3846,3841,3839,3839,3840,3836,3837,3836,3838,3837,3836,3834,3837,3835,3836,3834,3835,3832,3836,3836,3835,3835,3836,3835,3836,3835,3836,3837,3838,3836,3835,3837,3837,3835,3836,3834,3840,3838,3844,3838,3845,3843,3849,3842,3854,3851,3856,3851,3852,3851,3854,3850,3843,3842,3853,3845,3850,3844,3844,3844,3844,3846,3846,3843,3843,3841,3845,3842,3837,3843,3845,3841,3842,3841,3841,3841,3842,3842,3848,3842,3847,3842,3838,3839,3855,3852,3849,3847,3852,3848,3850,3847,-0.34,SJNFAAZE1U0005576,117.83,13.04,9121.7392578125,79,75,0,0,0,0,15.5,99.17,-162438,100,1528026568.865,0,1,0,0,0,0,0,3,0,1,369.14,369.14,7F,1,1,1,0082,64,40,40,0,0,19,0.00
03/06/2018 12:49:32,55 59.40329,-2 30.55489,255,0,294,581331,1144818,368.93,-97.228,3857,3835,3843,22,0,103.3,39.6,99.2,37.3,none,none,90.6,32.6,3854,3851,3845,3847,3847,3845,3839,3840,3841,3838,3839,3839,3840,3838,3837,3836,3837,3838,3836,3837,3837,3835,3836,3838,3836,3836,3838,3837,3838,3838,3838,3837,3839,3838,3837,3838,3838,3837,3837,3836,3841,3841,3846,3839,3846,3844,3850,3843,3855,3852,3857,3852,3853,3854,3855,3851,3844,3844,3853,3848,3851,3845,3844,3843,3844,3849,3846,3843,3844,3842,3845,3843,3836,3844,3846,3842,3843,3843,3842,3844,3842,3844,3848,3845,3847,3843,3841,3840,3856,3855,3851,3848,3854,3849,3851,3849,-0.30,SJNFAAZE1U0005576,117.83,13.04,9121.7392578125,79,75,0,0,0,0,15.5,99.17,-162475,100,1528026572.728,0,1,0,0,0,0,0,3,0,1,369.19,369.19,7F,1,1,1,0082,64,40,40,0,0,19,0.00
03/06/2018 12:49:36,55 59.40329,-2 30.55489,255,0,294,582229,1144818,369.12,-98.113,3859,3836,3845,23,0,103.3,39.6,99.2,37.3,none,none,90.6,32.6,3858,3853,3846,3848,3849,3846,3841,3841,3843,3840,3840,3839,3841,3840,3838,3837,3839,3840,3838,3838,3838,3836,3838,3839,3837,3838,3840,3838,3838,3839,3839,3839,3841,3840,3839,3840,3839,3838,3839,3838,3843,3843,3847,3841,3848,3846,3852,3845,3856,3853,3859,3853,3856,3856,3858,3851,3846,3847,3855,3849,3853,3847,3847,3846,3846,3851,3847,3844,3846,3844,3847,3846,3838,3846,3847,3843,3845,3845,3845,3846,3847,3845,3851,3847,3850,3845,3843,3843,3859,3857,3853,3851,3856,3851,3853,3850,-0.30,SJNFAAZE1U0005576,117.83,13.04,9121.7392578125,79,75,0,0,0,0,15.5,99.17,-162512,100,1528026576.470,0,1,0,0,0,0,0,3,0,1,369.18,369.18,7F,1,1,1,0082,64,40,40,0,0,19,0.00
03/06/2018 12:49:40,55 59.40329,-2 30.55489,255,0,295,583124,1144818,369.41,-97.900,3863,3838,3848,25,0,103.3,39.6,99.4,37.4,none,none,90.6,32.6,3861,3857,3850,3852,3852,3847,3845,3846,3846,3843,3844,3842,3844,3843,3843,3841,3843,3841,3842,3840,3842,3838,3840,3841,3842,3842,3843,3842,3842,3841,3844,3842,3844,3843,3842,3843,3843,3842,3842,3841,3846,3845,3850,3844,3851,3849,3854,3848,3861,3857,3863,3858,3861,3857,3860,3856,3854,3849,3858,3852,3857,3851,3851,3850,3850,3851,3852,3853,3849,3847,3851,3847,3847,3850,3851,3848,3853,3846,3848,3848,3848,3850,3854,3852,3854,3849,3847,3852,3861,3858,3856,3856,3859,3854,3856,3853,-0.32,SJNFAAZE1U0005576,117.83,13.04,9121.7392578125,79,75,0,0,0,0,15.5,99.17,-162549,100,1528026580.406,0,1,1,0,4,0,0,3,0,1,369.24,369.24,7F,1,1,1,0082,64,40,40,0,0,19,0.00
03/06/2018 12:49:44,55 59.40329,-2 30.55489,255,0,295,584040,1144818,369.50,-97.778,3863,3839,3849,24,0,103.6,39.8,99.4,37.4,none,none,90.8,32.7,3862,3858,3851,3852,3853,3849,3845,3847,3847,3844,3844,3843,3845,3843,3842,3841,3843,3842,3842,3841,3841,3839,3842,3842,3842,3843,3844,3843,3843,3841,3843,3844,3844,3843,3843,3845,3843,3843,3843,3841,3846,3844,3851,3845,3851,3849,3856,3848,3861,3858,3863,3859,3861,3858,3862,3856,3854,3849,3858,3852,3857,3852,3850,3850,3850,3852,3852,3852,3849,3848,3850,3848,3848,3851,3852,3849,3852,3846,3848,3849,3849,3850,3854,3852,3855,3849,3847,3852,3861,3859,3856,3856,3859,3854,3857,3854,-0.34,SJNFAAZE1U0005576,117.83,13.04,9121.7392578125,79,75,0,0,0,0,15.5,99.17,-162586,100,1528026584.182,0,1,1,0,5,0,0,3,0,1,369.34,369.34,7F,1,1,1,0082,64,40,40,0,0,19,0.00
03/06/2018 12:49:47,55 59.40329,-2 30.55489,255,0,296,584932,1144818,369.50,-97.778,3862,3840,3849,22,0,103.6,39.8,99.4,37.4,none,none,90.6,32.6,3862,3856,3850,3852,3852,3849,3845,3845,3846,3844,3844,3843,3844,3843,3842,3841,3843,3843,3842,3842,3842,3840,3842,3843,3843,3842,3843,3843,3842,3842,3843,3842,3845,3844,3843,3843,3843,3842,3843,3841,3846,3846,3851,3845,3851,3850,3855,3848,3860,3858,3861,3858,3860,3859,3862,3856,3853,3849,3859,3852,3859,3851,3850,3849,3851,3853,3852,3850,3850,3847,3851,3848,3844,3849,3851,3847,3851,3847,3849,3849,3849,3850,3854,3851,3854,3849,3847,3849,3862,3860,3857,3855,3859,3855,3856,3854,-0.32,SJNFAAZE1U0005576,117.83,13.04,9121.7392578125,79,75,0,0,0,0,15.5,99.17,-162623,100,1528026587.964,0,1,1,0,5,0,0,3,0,1,369.14,369.14,7F,1,1,1,0082,64,40,40,0,0,19,0.00
03/06/2018 12:49:51,55 59.40329,-2 30.55489,255,0,296,585775,1144818,369.50,-97.075,3864,3840,3849,24,0,103.6,39.8,99.4,37.4,none,none,90.8,32.7,3862,3859,3852,3853,3854,3849,3847,3846,3847,3844,3845,3842,3846,3844,3844,3842,3843,3841,3843,3843,3843,3840,3843,3842,3843,3844,3845,3843,3843,3840,3845,3844,3846,3843,3843,3843,3844,3843,3844,3843,3846,3845,3852,3846,3853,3851,3856,3849,3861,3859,3864,3859,3860,3857,3861,3858,3856,3849,3858,3853,3859,3851,3851,3851,3851,3850,3853,3854,3850,3847,3850,3848,3852,3851,3853,3849,3853,3846,3848,3849,3850,3849,3855,3852,3854,3850,3847,3852,3861,3859,3855,3857,3858,3853,3857,3854,-0.32,SJNFAAZE1U0005576,117.83,13.04,9121.7392578125,79,75,0,0,0,0,15.5,99.17,-162658,100,1528026591.546,0,1,1,0,5,0,0,3,0,1,369.14,369.14,7F,1,1,1,0082,64,40,40,0,0,19,0.00
03/06/2018 12:49:55,55 59.40329,-2 30.55489,255,0,297,586641,1144818,369.60,-96.557,3865,3840,3850,25,0,103.6,39.8,99.6,37.6,none,none,91.0,32.8,3862,3859,3852,3854,3855,3848,3847,3847,3847,3844,3845,3843,3847,3845,3845,3843,3843,3841,3845,3843,3843,3841,3843,3843,3843,3845,3846,3844,3843,3840,3846,3843,3846,3844,3843,3844,3844,3843,3846,3843,3848,3846,3852,3847,3852,3851,3856,3849,3862,3860,3865,3860,3861,3857,3861,3859,3856,3850,3859,3853,3860,3852,3851,3851,3852,3851,3854,3854,3849,3848,3852,3849,3852,3852,3853,3850,3854,3846,3849,3850,3849,3850,3855,3852,3854,3851,3847,3852,3862,3858,3857,3857,3859,3855,3857,3854,-0.33,SJNFAAZE1U0005576,117.83,13.04,9121.7392578125,79,75,0,0,0,0,15.5,99.17,-162693,100,1528026595.299,0,1,1,0,5,0,0,3,0,1,369.31,369.31,7F,1,1,1,0082,64,40,40,0,0,19,0.00
03/06/2018 12:49:59,55 59.40329,-2 30.55489,255,0,297,587532,1144818,369.60,-97.412,3864,3841,3850,23,0,103.8,39.9,99.6,37.6,none,none,90.8,32.7,3863,3858,3851,3853,3853,3850,3846,3846,3848,3844,3846,3844,3846,3844,3843,3842,3844,3843,3842,3841,3844,3841,3843,3843,3843,3844,3844,3843,3843,3843,3845,3844,3846,3843,3843,3845,3844,3844,3844,3843,3847,3847,3853,3847,3852,3850,3857,3849,3862,3859,3864,3858,3861,3860,3863,3857,3853,3851,3859,3854,3859,3851,3851,3850,3851,3854,3853,3850,3851,3849,3853,3850,3845,3851,3853,3847,3852,3848,3849,3850,3851,3850,3855,3852,3855,3851,3848,3850,3863,3861,3857,3856,3860,3855,3857,3855,-0.34,SJNFAAZE1U0005576,117.83,13.04,9121.7392578125,79,75,0,0,0,0,15.5,99.17,-162730,100,1528026599.210,0,1,1,0,5,0,0,3,0,1,369.55,369.55,7F,1,1,1,0082,64,40,40,0,0,19,0.00
03/06/2018 12:50:02,55 59.40329,-2 30.55489,255,0,298,588420,1144818,369.60,-95.794,3864,3840,3850,24,0,103.8,39.9,99.6,37.6,none,none,91.0,32.8,3863,3859,3852,3853,3854,3849,3846,3847,3848,3844,3846,3843,3847,3845,3844,3843,3844,3841,3844,3843,3843,3840,3843,3843,3844,3844,3844,3844,3843,3840,3846,3844,3846,3843,3843,3844,3844,3844,3846,3842,3847,3845,3852,3847,3852,3851,3856,3848,3861,3859,3864,3860,3860,3857,3861,3858,3854,3850,3860,3853,3859,3853,3851,3851,3852,3851,3853,3853,3850,3847,3851,3848,3850,3851,3852,3849,3853,3846,3848,3849,3849,3849,3856,3852,3855,3851,3847,3850,3861,3859,3857,3856,3859,3856,3856,3853,-0.38,SJNFAAZE1U0005576,117.83,13.04,9121.7392578125,79,75,0,0,0,0,15.5,99.17,-162767,100,1528026602.850,0,1,1,0,5,0,0,3,0,1,369.50,369.50,7F,1,1,1,0082,64,40,40,0,0,19,0.00
03/06/2018 12:50:06,55 59.40329,-2 30.55489,255,0,298,589238,1144818,369.89,-97.106,3867,3843,3853,24,0,103.8,39.9,99.6,37.6,none,none,91.0,32.8,3866,3861,3855,3856,3856,3853,3848,3849,3850,3848,3848,3847,3849,3846,3847,3846,3847,3845,3845,3845,3845,3843,3845,3845,3845,3846,3847,3846,3846,3846,3847,3847,3848,3847,3846,3847,3846,3846,3847,3845,3850,3849,3855,3850,3855,3854,3860,3852,3865,3862,3867,3862,3865,3862,3865,3860,3857,3853,3862,3856,3863,3855,3855,3853,3854,3857,3855,3855,3854,3852,3856,3852,3850,3853,3855,3851,3855,3851,3850,3854,3853,3852,3858,3855,3856,3853,3850,3855,3866,3864,3860,3860,3863,3858,3860,3858,-0.34,SJNFAAZE1U0005576,117.83,13.04,9121.7392578125,79,75,0,0,0,0,15.5,99.17,-162801,100,1528026606.303,0,1,1,0,5,0,0,3,0,1,369.74,369.74,7F,1,1,1,0082,64,40,40,0,0,19,0.00
03/06/2018 12:50:09,55 59.40329,-2 30.55489,255,0,298,590054,1144818,369.41,-95.062,3862,3839,3848,23,0,103.8,39.9,99.8,37.7,none,none,91.0,32.8,3862,3856,3851,3852,3853,3849,3845,3845,3847,3843,3845,3842,3844,3843,3843,3840,3843,3842,3841,3841,3842,3839,3841,3842,3842,3841,3843,3842,3842,3842,3844,3843,3845,3842,3843,3844,3843,3841,3843,3841,3847,3846,3851,3846,3852,3849,3855,3848,3862,3857,3861,3857,3859,3859,3861,3855,3850,3849,3859,3852,3859,3851,3850,3848,3850,3853,3851,3847,3850,3848,3851,3848,3842,3849,3852,3847,3848,3848,3848,3848,3849,3848,3854,3850,3854,3849,3847,3846,3862,3860,3857,3854,3859,3853,3856,3854,-0.34,SJNFAAZE1U0005576,117.83,13.04,9121.7392578125,79,75,0,0,0,0,15.5,99.17,-162834,100,1528026609.872,0,1,1,0,5,0,0,3,0,1,369.91,369.91,7F,1,1,1,0082,64,40,40,0,0,19,0.00
03/06/2018 12:50:13,55 59.40329,-2 30.55489,255,0,299,590870,1144818,369.60,-94.634,3864,3841,3850,23,0,103.8,39.9,99.8,37.7,none,none,91.0,32.8,3863,3858,3853,3853,3854,3850,3846,3847,3848,3844,3845,3844,3846,3844,3844,3842,3845,3844,3843,3843,3844,3841,3843,3844,3843,3843,3845,3843,3844,3843,3844,3843,3846,3843,3844,3845,3844,3843,3845,3842,3847,3846,3852,3847,3852,3851,3858,3850,3863,3859,3864,3859,3861,3860,3862,3858,3852,3851,3860,3854,3859,3851,3851,3851,3852,3854,3853,3850,3851,3848,3853,3849,3844,3851,3853,3849,3851,3849,3850,3850,3851,3850,3855,3852,3856,3850,3849,3848,3863,3861,3858,3854,3861,3855,3857,3855,-0.39,SJNFAAZE1U0005576,117.83,13.04,9121.7392578125,79,75,0,0,0,0,15.5,99.17,-162868,100,1528026613.374,0,1,1,0,5,0,0,3,0,1,370.02,370.02,7F,1,1,1,0082,64,40,40,0,0,19,0.00
03/06/2018 12:50:16,55 59.40329,-2 30.55489,255,0,299,591708,1144818,369.60,-94.787,3864,3841,3850,23,0,103.8,39.9,99.8,37.7,none,none,91.0,32.8,3864,3858,3853,3854,3854,3851,3847,3847,3848,3844,3846,3845,3847,3844,3844,3843,3845,3845,3844,3843,3844,3841,3843,3844,3844,3844,3845,3843,3843,3845,3845,3845,3846,3844,3844,3845,3844,3843,3844,3843,3849,3847,3852,3847,3853,3852,3859,3851,3863,3859,3864,3859,3861,3861,3863,3858,3851,3851,3860,3854,3859,3852,3852,3851,3852,3855,3854,3848,3852,3849,3854,3851,3843,3851,3852,3849,3850,3850,3850,3850,3851,3851,3856,3852,3856,3851,3849,3847,3864,3862,3858,3855,3862,3856,3859,3856,-0.36,SJNFAAZE1U0005576,117.83,13.04,9121.7392578125,79,75,0,0,0,0,15.5,99.17,-162902,100,1528026616.991,0,1,1,0,5,0,0,3,0,1,369.89,369.89,7F,1,1,1,0082,64,40,40,0,0,19,0.00
03/06/2018 12:50:20,55 59.40329,-2 30.55489,255,0,300,592570,1144818,369.98,-95.306,3867,3844,3854,23,0,104.0,40.0,100.0,37.8,none,none,91.2,32.9,3867,3862,3855,3858,3859,3855,3849,3850,3852,3849,3849,3848,3849,3848,3847,3846,3848,3849,3846,3846,3847,3844,3847,3848,3846,3847,3848,3847,3847,3848,3848,3847,3850,3848,3848,3849,3847,3847,3847,3846,3851,3851,3856,3851,3856,3854,3861,3854,3866,3861,3867,3862,3865,3866,3866,3861,3855,3855,3864,3857,3863,3856,3855,3855,3855,3859,3856,3854,3855,3853,3857,3853,3848,3854,3855,3852,3854,3854,3853,3855,3854,3855,3859,3858,3859,3854,3852,3852,3867,3867,3862,3860,3864,3859,3861,3859,-0.36,SJNFAAZE1U0005576,117.83,13.04,9121.7392578125,79,75,0,0,0,0,15.5,99.17,-162938,100,1528026620.737,0,1,1,0,5,0,0,3,0,1,370.25,370.25,7F,1,1,1,0082,64,40,40,0,0,19,0.00
03/06/2018 12:50:24,55 59.40329,-2 30.55489,255,0,300,593408,1144818,369.98,-96.343,3869,3844,3854,25,0,104.0,40.0,100.0,37.8,none,none,91.2,32.9,3868,3863,3857,3856,3857,3852,3851,3851,3852,3849,3850,3848,3850,3849,3848,3847,3849,3846,3847,3847,3847,3844,3847,3847,3848,3849,3849,3848,3848,3846,3850,3847,3850,3848,3848,3849,3849,3847,3849,3847,3852,3850,3857,3851,3856,3854,3860,3854,3868,3864,3869,3864,3867,3862,3867,3862,3861,3855,3864,3857,3864,3856,3857,3855,3856,3855,3858,3858,3856,3851,3857,3853,3854,3856,3856,3852,3858,3851,3854,3854,3855,3854,3859,3856,3861,3856,3854,3857,3867,3863,3862,3861,3865,3860,3861,3858,-0.35,SJNFAAZE1U0005576,117.83,13.04,9121.7392578125,79,75,0,0,0,0,15.5,99.17,-162972,100,1528026624.325,0,1,1,0,5,0,0,3,0,1,369.76,369.76,7F,1,1,1,0082,64,40,40,0,0,19,0.00
03/06/2018 12:50:27,55 59.40329,-2 30.55489,255,0,301,594223,1144818,369.98,-96.435,3868,3845,3854,23,0,104.0,40.0,100.0,37.8,none,none,91.4,33.0,3867,3862,3856,3858,3859,3855,3849,3851,3854,3850,3850,3849,3850,3849,3848,3847,3849,3850,3847,3847,3849,3845,3849,3849,3847,3848,3849,3848,3847,3849,3848,3848,3851,3849,3849,3849,3848,3847,3849,3847,3852,3853,3857,3851,3857,3855,3861,3854,3867,3863,3868,3864,3867,3866,3868,3861,3858,3855,3865,3858,3864,3857,3857,3856,3856,3860,3857,3855,3855,3854,3857,3854,3848,3854,3857,3852,3856,3854,3855,3854,3854,3855,3860,3857,3859,3854,3854,3854,3868,3865,3862,3859,3864,3861,3863,3861,-0.36,SJNFAAZE1U0005576,117.83,13.04,9121.7392578125,79,75,0,0,0,0,15.5,99.17,-163006,100,1528026627.817,0,1,1,0,5,0,0,3,0,1,370.23,370.23,7F,1,1,1,0082,64,40,40,0,0,19,0.00
03/06/2018 12:50:31,55 59.40329,-2 30.55489,255,0,301,595060,1144818,369.79,-94.909,3866,3844,3852,22,0,104.0,40.0,100.0,37.8,none,none,91.2,32.9,3866,3861,3855,3856,3857,3853,3849,3850,3851,3847,3848,3847,3849,3847,3847,3845,3847,3845,3845,3844,3845,3844,3846,3846,3846,3847,3847,3846,3846,3846,3848,3847,3850,3847,3847,3848,3847,3846,3847,3846,3850,3849,3854,3849,3854,3852,3859,3852,3865,3862,3866,3861,3863,3861,3866,3859,3855,3854,3862,3857,3862,3854,3855,3853,3853,3856,3855,3852,3853,3851,3855,3852,3847,3853,3856,3850,3853,3850,3853,3851,3854,3853,3858,3854,3858,3853,3852,3850,3866,3864,3861,3857,3863,3858,3860,3858,-0.33,SJNFAAZE1U0005576,117.83,13.04,9121.7392578125,79,75,0,0,0,0,15.5,99.17,-163040,100,1528026631.410,0,1,1,0,5,0,0,3,0,1,370.15,370.15,7F,1,1,1,0082,64,40,40,0,0,19,0.00
03/06/2018 12:50:35,55 59.40329,-2 30.55489,255,0,301,595922,1144818,370.18,-96.221,3870,3846,3856,24,0,104.0,40.0,100.0,37.8,none,none,91.4,33.0,3869,3864,3858,3859,3859,3857,3852,3853,3855,3851,3852,3851,3851,3849,3849,3849,3850,3850,3849,3848,3849,3846,3849,3849,3849,3849,3851,3850,3850,3850,3851,3851,3853,3850,3850,3850,3850,3850,3851,3848,3854,3854,3857,3853,3859,3857,3863,3855,3868,3864,3870,3865,3867,3866,3868,3863,3858,3857,3866,3859,3865,3858,3858,3857,3858,3862,3858,3857,3858,3856,3860,3856,3850,3856,3858,3853,3857,3857,3856,3858,3857,3857,3861,3858,3861,3857,3854,3855,3869,3867,3864,3862,3866,3860,3864,3861,-0.36,SJNFAAZE1U0005576,117.83,13.04,9121.7392578125,79,75,0,0,0,0,15.5,99.17,-163076,100,1528026635.185,0,1,1,0,5,0,0,3,0,1,370.26,370.26,7F,1,1,1,0082,64,40,40,0,0,19,0.00
03/06/2018 12:50:38,55 59.40329,-2 30.55489,255,0,302,596783,1144818,370.46,-96.282,3873,3849,3859,24,0,104.0,40.0,100.0,37.8,none,none,91.4,33.0,3872,3867,3860,3861,3862,3858,3856,3857,3856,3854,3854,3853,3854,3853,3853,3851,3852,3851,3852,3851,3852,3849,3851,3851,3851,3853,3853,3852,3851,3850,3853,3852,3854,3852,3852,3853,3853,3851,3854,3852,3856,3855,3861,3855,3861,3859,3866,3858,3871,3867,3873,3868,3871,3868,3872,3867,3864,3858,3868,3862,3869,3861,3861,3859,3861,3862,3862,3860,3860,3857,3862,3857,3857,3859,3861,3858,3863,3856,3858,3858,3859,3859,3864,3860,3864,3859,3857,3861,3871,3868,3866,3865,3870,3864,3867,3863,-0.34,SJNFAAZE1U0005576,117.83,13.04,9121.7392578125,79,75,0,0,0,0,15.5,99.17,-163111,100,1528026638.997,0,1,1,0,5,0,0,3,0,1,370.24,370.24,7F,1,1,1,0082,64,40,40,0,0,19,0.00
03/06/2018 12:50:42,55 59.40329,-2 30.55489,255,0,302,597691,1144818,370.46,-96.435,3873,3850,3859,23,0,104.2,40.1,100.2,37.9,none,none,91.4,33.0,3872,3868,3861,3862,3862,3859,3856,3855,3857,3854,3855,3852,3856,3853,3853,3852,3853,3851,3851,3852,3852,3850,3852,3852,3852,3853,3854,3852,3853,3852,3854,3852,3854,3853,3853,3853,3853,3852,3853,3852,3856,3854,3861,3855,3861,3859,3866,3858,3871,3868,3873,3868,3869,3868,3871,3866,3863,3859,3869,3862,3868,3860,3861,3859,3860,3861,3861,3860,3859,3857,3860,3858,3856,3860,3860,3858,3862,3857,3858,3858,3859,3859,3864,3861,3865,3859,3857,3860,3871,3868,3866,3865,3869,3864,3866,3863,-0.34,SJNFAAZE1U0005576,117.83,13.04,9121.7392578125,79,75,0,0,0,0,15.5,99.17,-163149,100,1528026642.851,0,1,1,0,5,0,0,3,0,1,370.35,370.35,7F,1,1,1,0082,64,40,40,0,0,19,0.00
03/06/2018 12:50:46,55 59.40329,-2 30.55489,255,0,303,598576,1144818,370.56,-96.282,3874,3851,3860,23,0,104.2,40.1,100.2,37.9,none,none,91.6,33.1,3873,3869,3863,3864,3864,3859,3857,3858,3859,3854,3856,3854,3856,3855,3854,3853,3853,3851,3854,3854,3854,3851,3853,3853,3853,3855,3854,3854,3854,3851,3855,3854,3856,3854,3853,3854,3856,3853,3855,3854,3858,3856,3862,3857,3863,3860,3867,3859,3873,3869,3874,3870,3873,3869,3872,3867,3866,3860,3870,3863,3871,3863,3862,3862,3862,3862,3864,3863,3861,3858,3863,3860,3860,3862,3864,3860,3864,3857,3859,3861,3861,3860,3865,3862,3866,3861,3859,3863,3874,3870,3868,3868,3870,3866,3868,3864,-0.37,SJNFAAZE1U0005576,117.83,13.04,9121.7392578125,79,75,0,0,0,0,15.5,99.17,-163185,100,1528026646.621,0,1,1,0,5,0,0,3,0,1,370.23,370.23,7F,1,1,1,0082,64,40,40,0,0,19,0.00
03/06/2018 12:50:50,55 59.40329,-2 30.55489,255,0,303,599415,1144818,370.18,-94.695,3870,3846,3856,24,0,104.4,40.2,100.2,37.9,none,none,91.4,33.0,3869,3864,3859,3860,3860,3856,3853,3853,3855,3851,3853,3851,3853,3850,3850,3849,3851,3849,3850,3848,3850,3846,3849,3850,3849,3851,3851,3849,3850,3850,3851,3850,3853,3850,3850,3851,3850,3848,3851,3849,3854,3853,3859,3852,3860,3856,3863,3856,3869,3865,3870,3866,3866,3865,3869,3863,3858,3857,3866,3860,3866,3857,3858,3858,3858,3859,3860,3857,3857,3854,3859,3856,3851,3857,3860,3855,3858,3855,3856,3856,3857,3857,3862,3858,3862,3857,3856,3854,3870,3866,3864,3862,3867,3862,3863,3861,-0.39,SJNFAAZE1U0005576,117.83,13.04,9121.7392578125,79,75,0,0,0,0,15.5,99.17,-163220,100,1528026650.317,0,1,1,0,5,0,0,3,0,1,370.52,370.52,7F,1,1,1,0082,64,40,40,0,0,19,0.00
03/06/2018 12:50:53,55 59.40329,-2 30.55489,255,0,304,600277,1144818,370.75,-96.404,3876,3853,3862,23,0,104.4,40.2,100.4,38.0,none,none,91.6,33.1,3876,3870,3864,3865,3866,3862,3858,3859,3860,3856,3857,3856,3858,3856,3855,3855,3856,3856,3854,3855,3855,3853,3855,3855,3854,3855,3856,3856,3854,3854,3856,3855,3858,3856,3855,3856,3856,3855,3856,3854,3859,3859,3865,3858,3864,3863,3869,3862,3874,3870,3875,3872,3873,3873,3875,3870,3865,3864,3872,3866,3871,3865,3863,3863,3863,3867,3864,3864,3862,3862,3864,3861,3857,3863,3865,3860,3864,3862,3861,3862,3862,3862,3867,3864,3867,3864,3861,3862,3874,3874,3868,3870,3872,3867,3869,3867,-0.39,SJNFAAZE1U0005576,117.83,13.04,9121.7392578125,79,75,0,0,0,0,15.5,99.17,-163255,100,1528026653.994,0,1,1,0,5,0,0,3,0,1,370.65,370.65,7F,1,1,1,0082,64,40,40,0,0,19,0.00
03/06/2018 12:50:57,55 59.40329,-2 30.55489,255,0,304,601162,1144818,370.56,-95.977,3874,3851,3860,23,0,104.4,40.2,100.4,38.0,none,none,91.6,33.1,3874,3869,3862,3863,3865,3862,3856,3857,3859,3855,3856,3855,3855,3854,3855,3853,3854,3855,3852,3853,3854,3851,3854,3854,3853,3854,3855,3854,3854,3854,3855,3854,3857,3855,3855,3855,3854,3854,3855,3853,3858,3858,3861,3858,3863,3861,3868,3860,3872,3868,3874,3869,3872,3871,3873,3868,3863,3862,3871,3865,3869,3863,3863,3861,3861,3867,3863,3861,3862,3859,3863,3861,3854,3860,3863,3858,3861,3859,3860,3859,3860,3861,3866,3862,3865,3859,3859,3858,3874,3872,3868,3867,3870,3865,3868,3866,-0.37,SJNFAAZE1U0005576,117.83,13.04,9121.7392578125,79,75,0,0,0,0,15.5,99.17,-163292,100,1528026657.667,0,1,1,0,5,0,0,3,0,1,370.78,370.78,7F,1,1,1,0082,64,40,40,0,0,19,0.00
03/06/2018 12:51:01,55 59.40329,-2 30.55489,255,0,304,602022,1144818,370.66,-95.977,3875,3852,3861,23,0,104.4,40.2,100.4,38.0,none,none,91.8,33.2,3874,3870,3863,3864,3865,3862,3857,3858,3860,3856,3856,3857,3856,3854,3854,3853,3855,3855,3854,3855,3855,3852,3854,3855,3855,3855,3856,3855,3855,3854,3855,3855,3857,3856,3855,3857,3856,3853,3855,3854,3859,3859,3863,3858,3864,3862,3868,3860,3874,3869,3875,3870,3873,3871,3874,3868,3863,3862,3871,3865,3871,3862,3864,3863,3863,3865,3863,3861,3861,3860,3863,3860,3856,3861,3863,3859,3862,3859,3860,3861,3862,3861,3867,3863,3866,3861,3859,3859,3873,3871,3868,3867,3873,3866,3868,3866,-0.34,SJNFAAZE1U0005576,117.83,13.04,9121.7392578125,79,75,0,0,0,0,15.5,99.17,-163327,100,1528026661.512,0,1,1,0,5,0,0,3,0,1,370.75,370.75,7F,1,1,1,0082,64,40,40,0,0,19,0.00
03/06/2018 12:51:05,55 59.40329,-2 30.55489,255,0,305,602908,1144818,370.94,-96.435,3879,3854,3864,25,0,104.4,40.2,100.4,38.0,none,none,91.6,33.1,3879,3874,3867,3868,3868,3862,3861,3861,3862,3858,3860,3858,3861,3859,3858,3857,3859,3855,3858,3857,3858,3854,3857,3857,3858,3859,3859,3857,3859,3855,3860,3859,3861,3858,3858,3859,3858,3857,3859,3857,3862,3860,3867,3861,3867,3865,3871,3864,3877,3874,3879,3874,3877,3872,3877,3872,3872,3865,3874,3866,3876,3866,3867,3866,3867,3866,3867,3869,3866,3863,3866,3863,3866,3866,3867,3864,3869,3861,3864,3865,3864,3865,3870,3867,3870,3865,3863,3868,3877,3873,3872,3873,3875,3869,3871,3868,-0.38,SJNFAAZE1U0005576,117.83,13.04,9121.7392578125,79,75,0,0,0,0,15.5,99.17,-163364,100,1528026665.371,0,1,1,0,5,0,0,3,0,1,370.77,370.77,7F,1,1,1,0082,64,40,40,0,0,19,0.00
03/06/2018 12:51:09,55 59.40329,-2 30.55489,255,0,305,603816,1144818,371.04,-96.923,3879,3857,3865,22,0,104.4,40.2,100.4,38.0,none,none,91.8,33.2,3879,3873,3867,3868,3869,3865,3861,3862,3862,3859,3860,3859,3861,3860,3859,3858,3860,3858,3857,3857,3859,3857,3858,3859,3858,3859,3859,3858,3859,3858,3860,3859,3861,3859,3859,3860,3859,3859,3860,3857,3862,3861,3868,3861,3868,3865,3871,3864,3877,3874,3878,3875,3877,3874,3878,3872,3870,3866,3874,3869,3874,3866,3867,3867,3866,3869,3868,3868,3866,3864,3867,3864,3863,3866,3868,3864,3868,3862,3864,3865,3866,3866,3870,3868,3870,3865,3865,3867,3877,3875,3872,3872,3875,3870,3872,3869,-0.36,SJNFAAZE1U0005576,117.83,13.04,9121.7392578125,79,75,0,0,0,0,15.5,99.17,-163401,100,1528026669.277,0,1,1,0,6,0,0,3,0,1,371.05,371.05,7F,1,1,1,0082,64,40,40,0,0,19,0.00
03/06/2018 12:51:12,55 59.40329,-2 30.55489,255,0,306,604677,1144818,370.66,-95.214,3875,3851,3861,24,0,104.7,40.4,100.4,38.0,none,none,91.8,33.2,3875,3869,3864,3864,3865,3861,3856,3858,3859,3856,3857,3856,3857,3855,3855,3853,3855,3855,3854,3854,3855,3851,3855,3855,3855,3854,3856,3855,3854,3855,3855,3855,3858,3855,3855,3856,3855,3854,3856,3854,3859,3859,3864,3857,3864,3862,3869,3861,3874,3869,3874,3869,3872,3871,3874,3868,3862,3861,3872,3864,3871,3863,3862,3863,3862,3866,3864,3860,3862,3860,3865,3861,3854,3862,3864,3860,3861,3860,3861,3861,3861,3861,3867,3862,3867,3860,3861,3857,3874,3871,3870,3866,3872,3866,3869,3867,-0.39,SJNFAAZE1U0005576,117.83,13.04,9121.7392578125,79,75,0,0,0,0,15.5,99.17,-163437,100,1528026672.851,0,1,1,0,5,0,0,3,0,1,370.90,370.90,7F,1,1,1,0082,64,40,40,0,0,19,0.00
03/06/2018 12:51:16,55 59.40329,-2 30.55489,255,0,306,605515,1144818,370.85,-95.550,3877,3853,3863,24,0,104.7,40.4,100.6,38.1,none,none,91.8,33.2,3876,3872,3865,3865,3867,3863,3859,3860,3860,3858,3859,3857,3859,3857,3857,3856,3857,3856,3856,3856,3857,3853,3856,3856,3856,3857,3858,3857,3856,3855,3857,3858,3859,3857,3857,3858,3858,3856,3858,3855,3860,3859,3866,3860,3865,3862,3870,3862,3876,3871,3877,3872,3874,3871,3875,3870,3865,3864,3874,3866,3872,3864,3864,3863,3865,3865,3866,3864,3864,3861,3866,3862,3861,3863,3866,3861,3865,3860,3862,3862,3863,3863,3868,3864,3869,3864,3861,3863,3877,3872,3871,3869,3874,3868,3870,3868,-0.35,SJNFAAZE1U0005576,117.83,13.04,9121.7392578125,79,75,0,0,0,0,15.5,99.17,-163471,100,1528026676.452,0,1,1,0,6,0,0,3,0,1,370.80,370.80,7F,1,1,1,0082,64,40,40,0,0,19,0.00
03/06/2018 12:51:20,55 59.40329,-2 30.55489,255,0,307,606378,1144818,371.23,-96.221,3880,3858,3867,22,0,104.7,40.4,100.6,38.1,none,none,92.0,33.3,3880,3876,3869,3870,3870,3866,3864,3864,3865,3862,3864,3861,3863,3861,3861,3860,3861,3860,3859,3859,3860,3858,3859,3861,3860,3861,3861,3860,3860,3859,3861,3861,3862,3860,3860,3862,3861,3859,3861,3859,3863,3863,3869,3863,3870,3867,3874,3866,3880,3876,3880,3875,3878,3877,3879,3874,3872,3867,3877,3870,3876,3870,3868,3867,3869,3870,3870,3870,3868,3867,3869,3866,3864,3867,3869,3865,3869,3866,3867,3867,3868,3867,3872,3869,3871,3868,3865,3870,3880,3878,3874,3874,3877,3872,3873,3871,-0.37,SJNFAAZE1U0005576,117.83,13.04,9121.7392578125,79,75,0,0,0,0,15.5,99.17,-163507,100,1528026680.265,0,1,1,0,5,0,0,3,0,1,371.18,371.18,7F,1,1,1,0082,64,40,40,0,0,19,0.00
03/06/2018 12:51:23,55 59.40329,-2 30.55489,255,0,307,607239,1144818,370.94,-95.397,3878,3855,3864,23,0,104.7,40.4,100.6,38.1,none,none,92.0,33.3,3878,3872,3866,3867,3868,3865,3860,3861,3862,3859,3860,3859,3861,3860,3858,3857,3859,3859,3856,3857,3859,3855,3857,3859,3858,3858,3859,3858,3858,3858,3859,3858,3860,3859,3858,3859,3859,3857,3859,3857,3862,3862,3866,3861,3868,3865,3872,3864,3877,3872,3878,3873,3876,3875,3877,3873,3866,3865,3874,3869,3874,3866,3866,3865,3866,3870,3868,3863,3865,3864,3867,3865,3857,3864,3867,3863,3865,3863,3863,3863,3865,3865,3869,3866,3869,3863,3863,3862,3877,3875,3871,3869,3874,3869,3872,3869,-0.37,SJNFAAZE1U0005576,117.83,13.04,9121.7392578125,79,75,0,0,0,0,15.5,99.17,-163542,100,1528026683.808,0,1,1,0,6,0,0,3,0,1,371.16,371.16,7F,1,1,1,0082,64,40,40,0,0,19,0.00
03/06/2018 12:51:27,55 59.40329,-2 30.55489,255,0,308,608076,1144818,371.04,-95.916,3879,3855,3865,24,0,104.7,40.4,100.6,38.1,none,none,92.0,33.3,3878,3874,3867,3869,3869,3864,3862,3862,3863,3859,3860,3859,3862,3860,3860,3857,3858,3858,3859,3857,3858,3855,3858,3858,3858,3859,3860,3858,3858,3857,3860,3859,3862,3858,3858,3859,3860,3858,3860,3858,3862,3860,3867,3862,3867,3865,3871,3865,3877,3873,3879,3874,3876,3873,3876,3872,3867,3865,3875,3867,3874,3866,3866,3865,3866,3867,3867,3866,3864,3864,3866,3865,3862,3866,3869,3864,3866,3862,3864,3864,3865,3865,3871,3867,3870,3865,3862,3864,3878,3876,3872,3871,3875,3869,3872,3869,-0.32,SJNFAAZE1U0005576,117.83,13.04,9121.7392578125,79,75,0,0,0,0,15.5,99.17,-163577,100,1528026687.743,0,1,1,0,5,0,0,3,0,1,370.99,370.99,7F,1,1,1,0082,64,40,40,0,0,19,0.00
03/06/2018 12:51:31,55 59.40329,-2 30.55489,255,0,308,609008,1144818,371.04,-95.885,3880,3856,3865,24,0,104.9,40.5,100.8,38.2,none,none,92.0,33.3,3879,3873,3867,3869,3869,3866,3863,3862,3865,3861,3861,3860,3861,3858,3860,3858,3861,3859,3859,3858,3859,3856,3859,3860,3858,3860,3860,3859,3858,3861,3859,3860,3862,3860,3859,3861,3860,3859,3861,3858,3863,3864,3868,3862,3868,3867,3873,3866,3878,3873,3880,3874,3876,3876,3877,3873,3866,3866,3876,3869,3874,3868,3868,3866,3867,3871,3869,3865,3867,3866,3868,3865,3858,3865,3868,3864,3865,3865,3865,3866,3867,3865,3871,3866,3871,3866,3864,3864,3878,3877,3872,3871,3876,3870,3874,3870,-0.38,SJNFAAZE1U0005576,117.83,13.04,9121.7392578125,79,75,0,0,0,0,15.5,99.17,-163615,100,1528026691.761,0,1,1,0,5,0,0,3,0,1,371.38,371.38,7F,1,1,1,0082,64,40,40,0,0,19,0.00
03/06/2018 12:51:35,55 59.40329,-2 30.55489,255,0,308,609939,1144818,371.42,-96.252,3883,3860,3869,23,0,104.7,40.4,100.6,38.1,none,none,92.0,33.3,3883,3879,3871,3872,3873,3867,3866,3867,3867,3863,3864,3862,3865,3863,3863,3862,3863,3861,3862,3861,3862,3860,3862,3862,3862,3862,3863,3863,3863,3860,3864,3863,3865,3862,3862,3862,3863,3863,3863,3862,3866,3865,3871,3865,3872,3870,3876,3868,3882,3878,3882,3879,3880,3876,3882,3877,3874,3869,3879,3871,3878,3871,3872,3870,3871,3870,3873,3871,3869,3866,3871,3867,3869,3870,3872,3868,3872,3865,3869,3870,3870,3868,3875,3870,3875,3869,3867,3871,3881,3877,3875,3875,3879,3874,3876,3873,-0.37,SJNFAAZE1U0005576,117.83,13.04,9121.7392578125,79,75,0,0,0,0,15.5,99.17,-163654,100,1528026695.680,0,1,1,0,5,0,0,3,0,1,371.20,371.20,7F,1,1,1,0082,64,40,40,0,0,19,0.00
03/06/2018 12:51:39,55 59.40329,-2 30.55489,255,0,309,610825,1144818,371.23,-95.672,3882,3859,3867,23,0,104.9,40.5,100.8,38.2,none,none,92.0,33.3,3881,3876,3869,3870,3871,3868,3863,3864,3866,3862,3862,3862,3864,3860,3861,3859,3862,3862,3860,3861,3861,3859,3861,3862,3861,3861,3862,3861,3861,3861,3862,3862,3863,3861,3862,3863,3862,3861,3862,3860,3865,3865,3869,3864,3870,3868,3875,3867,3881,3876,3882,3877,3879,3879,3880,3874,3868,3868,3878,3871,3877,3870,3869,3867,3869,3872,3871,3868,3869,3866,3869,3867,3862,3868,3871,3866,3868,3867,3867,3867,3868,3868,3873,3868,3873,3868,3866,3866,3880,3880,3876,3873,3879,3872,3875,3873,-0.35,SJNFAAZE1U0005576,117.83,13.04,9121.7392578125,79,75,0,0,0,0,15.5,99.17,-163690,100,1528026699.459,0,1,1,0,5,0,0,3,0,1,371.62,371.62,7F,1,1,1,0082,64,40,40,0,0,19,0.00
03/06/2018 12:51:43,55 59.40329,-2 30.55489,255,0,309,611710,1144818,371.33,-96.252,3882,3858,3868,24,0,104.9,40.5,101.1,38.4,none,none,92.2,33.4,3881,3876,3870,3871,3872,3866,3865,3864,3867,3863,3863,3862,3864,3862,3861,3861,3863,3861,3861,3861,3861,3858,3860,3861,3861,3862,3863,3862,3862,3861,3863,3862,3864,3861,3861,3862,3862,3861,3862,3861,3865,3863,3870,3864,3870,3868,3874,3867,3881,3876,3882,3877,3879,3877,3881,3875,3870,3868,3879,3871,3877,3870,3870,3869,3870,3871,3871,3868,3868,3866,3870,3868,3865,3869,3870,3866,3870,3866,3868,3868,3869,3868,3874,3869,3873,3867,3867,3867,3881,3879,3876,3872,3878,3873,3875,3872,-0.34,SJNFAAZE1U0005576,117.83,13.04,9121.7392578125,79,75,0,0,0,0,15.5,99.17,-163727,100,1528026703.265,0,1,1,0,5,0,0,3,0,1,371.29,371.29,7F,1,1,1,0082,64,40,40,0,0,19,0.00
03/06/2018 12:51:46,55 59.40329,-2 30.55489,255,0,310,612596,1144818,371.71,-96.984,3886,3863,3872,23,0,104.9,40.5,100.8,38.2,none,none,92.2,33.4,3886,3880,3873,3875,3876,3872,3868,3869,3870,3868,3868,3866,3868,3867,3867,3865,3866,3866,3865,3865,3867,3863,3865,3865,3865,3866,3867,3866,3865,3866,3867,3866,3868,3866,3866,3868,3867,3866,3868,3865,3870,3869,3874,3870,3875,3873,3879,3872,3885,3882,3886,3881,3884,3883,3885,3880,3876,3872,3882,3876,3882,3874,3874,3873,3874,3877,3875,3873,3874,3871,3875,3873,3868,3873,3875,3871,3874,3871,3871,3872,3873,3873,3878,3875,3876,3872,3870,3873,3884,3883,3880,3879,3883,3878,3880,3878,-0.41,SJNFAAZE1U0005576,117.83,13.04,9121.7392578125,79,75,0,0,0,0,15.5,99.17,-163763,100,1528026706.993,0,1,1,0,5,0,0,3,0,1,371.52,371.52,7F,1,1,1,0082,64,40,40,0,0,19,0.00
03/06/2018 12:51:50,55 59.40329,-2 30.55489,255,0,310,613435,1144818,371.81,-96.343,3887,3864,3873,23,0,104.9,40.5,100.8,38.2,none,none,92.2,33.4,3886,3882,3875,3876,3876,3872,3869,3870,3870,3867,3868,3865,3869,3867,3867,3865,3868,3865,3865,3865,3866,3864,3866,3866,3865,3867,3868,3866,3866,3865,3867,3867,3868,3867,3866,3866,3867,3866,3867,3866,3869,3868,3874,3869,3876,3874,3879,3872,3885,3881,3887,3883,3884,3882,3885,3881,3878,3873,3883,3876,3883,3875,3875,3874,3874,3876,3875,3875,3873,3871,3875,3872,3872,3874,3876,3871,3876,3869,3872,3873,3873,3873,3878,3874,3877,3873,3872,3874,3885,3882,3880,3880,3884,3877,3880,3877,-0.38,SJNFAAZE1U0005576,117.83,13.04,9121.7392578125,79,75,0,0,0,0,15.5,99.17,-163798,100,1528026710.597,0,1,1,0,6,0,0,3,0,1,371.72,371.72,7F,1,1,1,0082,64,40,40,0,0,19,0.00
03/06/2018 12:51:54,55 59.40329,-2 30.55489,255,0,311,614323,1144818,371.81,-95.611,3887,3863,3873,24,0,104.9,40.5,101.1,38.4,none,none,92.2,33.4,3886,3880,3874,3875,3876,3875,3868,3869,3871,3867,3869,3868,3867,3866,3866,3865,3867,3868,3865,3865,3866,3863,3867,3866,3866,3865,3867,3866,3866,3867,3867,3867,3868,3867,3866,3868,3867,3865,3867,3865,3871,3872,3875,3869,3875,3874,3880,3873,3885,3881,3886,3881,3885,3885,3885,3880,3874,3873,3883,3876,3882,3875,3874,3873,3873,3878,3875,3873,3874,3872,3876,3873,3866,3873,3875,3871,3873,3873,3872,3874,3873,3874,3879,3875,3877,3874,3871,3872,3887,3885,3881,3879,3884,3878,3881,3878,-0.40,SJNFAAZE1U0005576,117.83,13.04,9121.7392578125,79,75,0,0,0,0,15.5,99.17,-163834,100,1528026714.479,0,1,1,0,5,0,0,3,0,1,372.07,372.07,7F,1,1,1,0082,64,40,40,0,0,19,0.00
03/06/2018 12:51:58,55 59.40329,-2 30.55489,255,0,311,615210,1144818,371.71,-96.007,3886,3862,3872,24,0,105.1,40.6,101.1,38.4,none,none,92.2,33.4,3885,3880,3874,3875,3876,3873,3868,3868,3871,3868,3868,3867,3868,3866,3866,3864,3866,3866,3865,3864,3866,3862,3865,3866,3865,3866,3867,3865,3865,3867,3866,3865,3868,3865,3866,3867,3866,3865,3867,3864,3870,3870,3873,3869,3875,3873,3880,3873,3883,3880,3886,3881,3883,3883,3885,3879,3874,3873,3882,3875,3881,3874,3874,3873,3873,3877,3874,3871,3874,3871,3875,3872,3865,3873,3874,3870,3872,3871,3872,3872,3872,3872,3878,3873,3877,3871,3870,3871,3886,3884,3880,3878,3882,3878,3880,3877,-0.39,SJNFAAZE1U0005576,117.83,13.04,9121.7392578125,79,75,0,0,0,0,15.5,99.17,-163871,100,1528026718.194,0,1,1,0,5,0,0,3,0,1,372.05,372.05,7F,1,1,1,0082,64,40,40,0,0,19,0.00
03/06/2018 12:52:01,55 59.40329,-2 30.55489,255,0,312,616048,1144818,372.00,-96.282,3889,3865,3875,24,0,105.1,40.6,101.1,38.4,none,none,92.4,33.6,3889,3884,3877,3878,3880,3875,3872,3872,3873,3870,3870,3869,3871,3869,3869,3868,3869,3867,3868,3868,3869,3865,3868,3869,3868,3869,3871,3869,3869,3868,3871,3869,3871,3870,3869,3870,3869,3868,3870,3868,3871,3871,3878,3872,3878,3876,3881,3874,3888,3884,3889,3885,3887,3883,3888,3882,3881,3876,3885,3879,3885,3877,3877,3877,3877,3878,3879,3878,3876,3873,3878,3875,3873,3876,3877,3874,3878,3872,3875,3875,3875,3875,3881,3877,3880,3875,3873,3877,3888,3885,3883,3883,3886,3880,3882,3879,-0.36,SJNFAAZE1U0005576,117.83,13.04,9121.7392578125,79,75,0,0,0,0,15.5,99.17,-163905,100,1528026721.728,0,1,1,0,5,0,0,3,0,1,372.03,372.03,7F,1,1,1,0082,64,40,40,0,0,19,0.00
03/06/2018 12:52:05,55 59.40329,-2 30.55489,255,0,312,616866,1144818,371.90,-96.679,3889,3865,3874,24,0,105.1,40.6,101.1,38.4,none,none,92.2,33.4,3889,3884,3877,3878,3878,3873,3872,3872,3872,3869,3870,3868,3871,3869,3869,3867,3869,3866,3868,3868,3867,3865,3867,3867,3867,3868,3869,3868,3868,3866,3868,3868,3871,3868,3868,3868,3869,3868,3869,3867,3871,3869,3877,3871,3877,3874,3881,3874,3887,3884,3888,3884,3886,3881,3888,3882,3878,3874,3883,3876,3884,3876,3877,3875,3877,3876,3877,3877,3875,3873,3877,3873,3874,3875,3877,3873,3877,3871,3874,3874,3875,3874,3880,3876,3881,3875,3873,3875,3887,3883,3881,3881,3886,3879,3881,3878,-0.37,SJNFAAZE1U0005576,117.83,13.04,9121.7392578125,79,75,0,0,0,0,15.5,99.17,-163939,100,1528026725.357,0,1,1,0,5,0,0,3,0,1,371.84,371.84,7F,1,1,1,0082,64,40,40,0,0,19,0.00
03/06/2018 12:52:08,55 59.40329,-2 30.55489,255,0,312,617703,1144818,371.71,-95.519,3886,3863,3872,23,0,105.1,40.6,101.3,38.5,none,none,92.4,33.6,3886,3881,3874,3876,3877,3873,3868,3869,3871,3868,3868,3867,3869,3866,3866,3865,3867,3867,3866,3865,3867,3863,3865,3866,3866,3866,3867,3866,3866,3866,3867,3866,3870,3867,3867,3868,3867,3866,3868,3865,3870,3870,3875,3869,3876,3874,3881,3873,3886,3882,3886,3882,3883,3881,3885,3880,3874,3874,3883,3876,3882,3874,3875,3873,3875,3877,3875,3872,3874,3871,3875,3872,3867,3873,3875,3870,3872,3871,3873,3873,3873,3873,3878,3874,3878,3872,3872,3870,3885,3884,3881,3877,3883,3878,3880,3877,-0.34,SJNFAAZE1U0005576,117.83,13.04,9121.7392578125,79,75,0,0,0,0,15.5,99.17,-163974,100,1528026728.987,0,1,1,0,5,0,0,3,0,1,372.05,372.05,7F,1,1,1,0082,64,40,40,0,0,19,0.00
03/06/2018 12:52:12,55 59.40329,-2 30.55489,255,0,313,618546,1144818,372.19,-95.885,3890,3867,3877,23,0,105.1,40.6,101.3,38.5,none,none,92.4,33.6,3890,3885,3878,3880,3880,3878,3873,3873,3875,3871,3872,3871,3872,3871,3870,3869,3871,3871,3870,3870,3870,3867,3869,3870,3869,3870,3871,3870,3870,3871,3872,3871,3873,3870,3871,3872,3872,3870,3871,3870,3874,3875,3879,3874,3880,3877,3883,3877,3889,3885,3890,3886,3888,3889,3890,3884,3879,3878,3888,3881,3886,3879,3878,3878,3878,3882,3879,3878,3878,3877,3879,3876,3871,3877,3878,3875,3877,3877,3876,3878,3877,3878,3882,3879,3882,3878,3875,3877,3890,3889,3884,3883,3887,3883,3884,3881,-0.38,SJNFAAZE1U0005576,117.83,13.04,9121.7392578125,79,75,0,0,0,0,15.5,99.17,-164008,100,1528026732.582,0,1,1,0,6,0,0,3,0,1,372.35,372.35,7F,1,1,1,0082,64,40,40,0,0,19,0.00
03/06/2018 12:52:16,55 59.40329,-2 30.55489,255,0,313,619430,1144818,372.29,-97.259,3893,3868,3878,25,0,105.1,40.6,101.3,38.5,none,none,92.6,33.7,3892,3888,3880,3882,3880,3876,3875,3875,3876,3873,3873,3872,3874,3873,3873,3872,3872,3869,3872,3872,3871,3868,3870,3871,3872,3873,3873,3872,3872,3869,3873,3872,3875,3872,3871,3873,3873,3872,3873,3872,3876,3873,3880,3875,3881,3878,3885,3877,3892,3888,3893,3888,3889,3885,3891,3886,3884,3879,3888,3882,3887,3880,3880,3879,3880,3879,3882,3881,3879,3876,3880,3876,3879,3880,3882,3878,3883,3875,3878,3877,3878,3878,3883,3879,3884,3880,3876,3881,3891,3886,3885,3885,3888,3883,3885,3882,-0.40,SJNFAAZE1U0005576,117.83,13.04,9121.7392578125,79,75,0,0,0,0,15.5,99.17,-164045,100,1528026736.502,0,1,1,0,5,0,0,3,0,1,372.15,372.15,7F,1,1,1,0082,64,40,40,0,0,19,0.00
03/06/2018 12:52:20,55 59.40329,-2 30.55489,255,0,314,620340,1144818,372.38,-96.160,3893,3870,3879,23,0,105.3,40.8,101.3,38.5,none,none,92.4,33.6,3892,3887,3880,3882,3882,3879,3876,3875,3877,3874,3875,3873,3874,3875,3873,3872,3873,3873,3872,3873,3872,3870,3872,3874,3872,3872,3874,3873,3873,3872,3873,3874,3875,3872,3872,3875,3874,3872,3873,3872,3877,3876,3881,3875,3881,3879,3886,3880,3892,3886,3893,3888,3891,3890,3892,3887,3883,3880,3890,3883,3888,3882,3881,3880,3881,3884,3882,3881,3880,3878,3882,3878,3874,3880,3881,3878,3881,3879,3877,3880,3880,3878,3884,3881,3884,3880,3877,3880,3892,3891,3887,3886,3889,3885,3887,3884,-0.35,SJNFAAZE1U0005576,117.83,13.04,9121.7392578125,79,75,0,0,0,0,15.5,99.17,-164082,100,1528026740.264,0,1,1,0,5,0,0,3,0,1,372.52,372.52,7F,1,1,1,0082,64,40,40,0,0,19,0.00
03/06/2018 12:52:23,55 59.40329,-2 30.55489,255,0,314,621180,1144818,372.19,-95.214,3891,3868,3877,23,0,105.3,40.8,101.3,38.5,none,none,92.6,33.7,3891,3885,3879,3880,3882,3878,3873,3874,3876,3872,3872,3872,3873,3872,3871,3870,3873,3872,3871,3870,3871,3868,3870,3872,3870,3871,3871,3870,3871,3871,3871,3870,3873,3871,3871,3873,3871,3870,3872,3870,3874,3875,3880,3874,3880,3878,3885,3877,3890,3885,3891,3887,3888,3888,3890,3885,3879,3878,3888,3881,3886,3879,3879,3877,3879,3883,3881,3876,3878,3877,3880,3876,3871,3878,3879,3876,3877,3877,3876,3878,3877,3878,3883,3879,3882,3878,3876,3875,3890,3890,3885,3883,3889,3882,3885,3882,-0.39,SJNFAAZE1U0005576,117.83,13.04,9121.7392578125,79,75,0,0,0,0,15.5,99.17,-164117,100,1528026743.896,0,1,1,0,5,0,0,3,0,1,372.46,372.46,7F,1,1,1,0082,64,40,40,0,0,19,0.00
03/06/2018 12:52:27,55 59.40329,-2 30.55489,255,0,315,622019,1144818,372.19,-95.794,3892,3868,3877,24,0,105.3,40.8,101.3,38.5,none,none,92.6,33.7,3892,3887,3880,3880,3881,3877,3874,3874,3875,3872,3873,3871,3874,3872,3872,3869,3872,3870,3870,3871,3870,3868,3871,3871,3871,3871,3872,3871,3871,3869,3872,3871,3874,3871,3871,3872,3872,3871,3872,3870,3875,3874,3880,3875,3880,3877,3885,3876,3890,3887,3892,3886,3889,3886,3890,3885,3879,3877,3888,3880,3887,3880,3881,3879,3880,3881,3882,3878,3879,3875,3881,3877,3874,3878,3881,3876,3879,3875,3877,3877,3877,3877,3884,3879,3884,3877,3875,3877,3891,3887,3885,3882,3889,3883,3885,3882,-0.41,SJNFAAZE1U0005576,117.83,13.04,9121.7392578125,79,75,0,0,0,0,15.5,99.17,-164152,100,1528026747.464,0,1,1,0,6,0,0,3,0,1,372.37,372.37,7F,1,1,1,0082,64,40,40,0,0,19,0.00
03/06/2018 12:52:31,55 59.40329,-2 30.55489,255,0,315,622858,1144818,372.77,-97.045,3898,3874,3883,24,0,105.6,40.9,101.5,38.6,none,none,92.8,33.8,3896,3892,3884,3886,3886,3881,3879,3879,3880,3877,3877,3876,3879,3876,3877,3876,3878,3874,3877,3876,3875,3874,3876,3876,3876,3877,3878,3877,3876,3875,3878,3877,3879,3877,3876,3877,3878,3877,3878,3877,3880,3879,3885,3880,3885,3883,3890,3883,3895,3892,3898,3893,3895,3890,3897,3890,3890,3883,3893,3886,3892,3885,3885,3884,3884,3885,3886,3886,3884,3882,3885,3882,3883,3884,3886,3881,3887,3879,3883,3883,3883,3883,3888,3885,3887,3883,3881,3888,3896,3892,3890,3890,3895,3887,3891,3887,-0.39,SJNFAAZE1U0005576,117.83,13.04,9121.7392578125,79,75,0,0,0,0,15.5,99.17,-164186,100,1528026751.061,0,1,1,0,5,0,0,3,0,1,372.27,372.27,7F,1,1,1,0082,64,40,40,0,0,19,0.00
03/06/2018 12:52:34,55 59.40329,-2 30.55489,255,0,315,623698,1144818,372.38,-95.672,3893,3871,3879,22,0,105.3,40.8,101.5,38.6,none,none,92.6,33.7,3893,3887,3880,3882,3883,3880,3875,3875,3877,3874,3875,3874,3875,3873,3872,3871,3873,3874,3872,3871,3873,3871,3872,3874,3871,3872,3874,3872,3872,3873,3874,3873,3875,3873,3872,3875,3873,3872,3873,3871,3876,3876,3881,3875,3882,3879,3887,3879,3892,3887,3892,3888,3890,3889,3892,3886,3880,3879,3889,3882,3888,3881,3882,3880,3881,3884,3881,3879,3880,3877,3882,3878,3873,3879,3882,3877,3878,3878,3879,3879,3879,3879,3885,3880,3884,3879,3877,3877,3893,3890,3887,3883,3890,3884,3886,3884,-0.37,SJNFAAZE1U0005576,117.83,13.04,9121.7392578125,79,75,0,0,0,0,15.5,99.17,-164221,100,1528026754.689,0,1,1,0,5,0,0,3,0,1,372.77,372.77,7F,1,1,1,0082,64,40,40,0,0,19,0.00
03/06/2018 12:52:38,55 59.40329,-2 30.55489,255,0,316,624561,1144818,372.58,-95.367,3895,3872,3881,23,0,105.6,40.9,101.5,38.6,none,none,92.8,33.8,3895,3890,3883,3885,3885,3880,3877,3878,3879,3876,3878,3875,3877,3876,3875,3875,3876,3873,3874,3875,3875,3872,3874,3875,3874,3875,3875,3875,3875,3873,3876,3874,3877,3875,3874,3875,3876,3875,3876,3874,3879,3876,3884,3878,3884,3882,3889,3881,3895,3890,3895,3890,3893,3890,3895,3889,3885,3882,3891,3884,3889,3882,3883,3882,3883,3884,3884,3883,3881,3878,3882,3881,3879,3882,3883,3879,3883,3878,3880,3881,3882,3880,3887,3882,3887,3881,3880,3881,3894,3890,3889,3887,3892,3885,3889,3886,-0.39,SJNFAAZE1U0005576,117.83,13.04,9121.7392578125,79,75,0,0,0,0,15.5,99.17,-164256,100,1528026758.386,0,1,1,0,5,0,0,3,0,1,372.65,372.65,7F,1,1,1,0082,64,40,40,0,0,19,0.00
03/06/2018 12:52:42,55 59.40329,-2 30.55489,255,0,316,625425,1144818,372.96,-96.801,3899,3876,3885,23,0,105.6,40.9,101.5,38.6,none,none,92.8,33.8,3899,3894,3887,3887,3889,3883,3882,3882,3882,3880,3881,3879,3881,3880,3879,3878,3878,3876,3879,3877,3878,3876,3878,3878,3878,3879,3879,3878,3878,3876,3879,3879,3881,3878,3879,3879,3879,3878,3880,3879,3883,3880,3888,3881,3887,3885,3892,3884,3897,3895,3899,3894,3897,3894,3898,3893,3891,3885,3896,3887,3895,3887,3887,3886,3886,3887,3888,3887,3886,3883,3886,3885,3885,3886,3888,3884,3889,3883,3886,3885,3886,3884,3890,3888,3890,3885,3883,3887,3898,3895,3893,3891,3896,3889,3893,3889,-0.36,SJNFAAZE1U0005576,117.83,13.04,9121.7392578125,79,75,0,0,0,0,15.5,99.17,-164292,100,1528026762.247,0,1,1,0,5,0,0,3,0,1,372.85,372.85,7F,1,1,1,0082,64,40,40,0,0,19,0.00
03/06/2018 12:52:46,55 59.40329,-2 30.55489,255,0,317,626311,1144818,372.77,-96.038,3897,3873,3883,24,0,105.6,40.9,101.8,38.8,none,none,92.8,33.8,3897,3892,3885,3886,3887,3881,3879,3880,3882,3876,3878,3877,3879,3877,3877,3875,3877,3874,3876,3877,3877,3873,3875,3876,3877,3877,3877,3877,3877,3874,3878,3877,3880,3877,3877,3877,3877,3877,3878,3875,3881,3877,3885,3881,3886,3883,3890,3882,3896,3891,3897,3892,3894,3890,3896,3890,3886,3882,3893,3885,3892,3885,3886,3884,3884,3885,3886,3884,3884,3881,3885,3882,3881,3884,3886,3881,3886,3879,3882,3883,3883,3884,3889,3884,3889,3883,3881,3883,3895,3892,3890,3889,3893,3888,3890,3888,-0.37,SJNFAAZE1U0005576,117.83,13.04,9121.7392578125,79,75,0,0,0,0,15.5,99.17,-164328,100,1528026766.051,0,1,1,0,6,0,0,3,0,1,372.73,372.73,7F,1,1,1,0082,64,40,40,0,0,19,0.00
03/06/2018 12:52:50,55 59.40329,-2 30.55489,255,0,317,627221,1144818,372.67,-95.824,3896,3873,3882,23,0,105.6,40.9,101.8,38.8,none,none,92.8,33.8,3896,3890,3884,3884,3887,3882,3878,3879,3881,3876,3878,3876,3879,3876,3876,3875,3876,3876,3875,3875,3876,3873,3875,3875,3875,3875,3876,3875,3876,3875,3877,3876,3879,3876,3876,3877,3876,3875,3876,3875,3880,3880,3884,3880,3885,3883,3890,3881,3895,3889,3896,3892,3893,3893,3895,3889,3884,3883,3892,3885,3891,3884,3885,3883,3884,3886,3886,3882,3884,3880,3885,3882,3875,3882,3883,3881,3883,3880,3882,3881,3883,3882,3888,3884,3887,3881,3880,3880,3896,3893,3890,3888,3893,3888,3891,3887,-0.35,SJNFAAZE1U0005576,117.83,13.04,9121.7392578125,79,75,0,0,0,0,15.5,99.17,-164366,100,1528026770.034,0,1,1,0,6,0,0,3,0,1,373.15,373.15,7F,1,1,1,0082,64,40,40,0,0,19,0.00
03/06/2018 12:52:54,55 59.40329,-2 30.55489,255,0,318,628154,1144818,372.96,-96.465,3899,3876,3885,23,0,105.6,40.9,101.8,38.8,none,none,92.8,33.8,3899,3894,3887,3888,3888,3886,3881,3882,3883,3880,3880,3880,3880,3880,3879,3877,3879,3879,3878,3877,3880,3876,3878,3878,3878,3879,3879,3877,3879,3879,3880,3879,3881,3879,3879,3881,3879,3878,3879,3879,3883,3883,3886,3881,3887,3885,3893,3885,3898,3893,3899,3894,3897,3896,3898,3891,3885,3885,3895,3888,3893,3886,3887,3886,3885,3890,3886,3884,3885,3883,3887,3885,3877,3884,3887,3883,3886,3884,3884,3883,3886,3885,3891,3887,3890,3885,3883,3883,3899,3896,3892,3889,3896,3891,3893,3889,-0.37,SJNFAAZE1U0005576,117.83,13.04,9121.7392578125,79,75,0,0,0,0,15.5,99.17,-164404,100,1528026774.004,0,1,1,0,5,0,0,3,0,1,373.16,373.16,7F,1,1,1,0082,64,40,40,0,0,19,0.00
03/06/2018 12:52:57,55 59.40329,-2 30.55489,255,0,318,629063,1144818,373.06,-96.465,3901,3877,3886,24,0,105.8,41.0,101.8,38.8,none,none,92.8,33.8,3900,3895,3888,3890,3889,3884,3883,3883,3884,3880,3881,3880,3882,3881,3881,3879,3880,3877,3880,3879,3879,3877,3878,3879,3879,3881,3882,3880,3880,3877,3882,3881,3883,3880,3879,3881,3881,3879,3882,3879,3884,3881,3890,3883,3889,3887,3893,3885,3898,3895,3901,3896,3899,3893,3898,3894,3891,3887,3896,3888,3896,3888,3888,3888,3888,3887,3890,3889,3887,3883,3888,3885,3886,3888,3890,3885,3890,3883,3886,3887,3886,3886,3891,3887,3892,3887,3885,3887,3898,3895,3893,3892,3897,3891,3893,3890,-0.39,SJNFAAZE1U0005576,117.83,13.04,9121.7392578125,79,75,0,0,0,0,15.5,99.17,-164442,100,1528026777.806,0,1,1,0,6,0,0,3,0,1,372.91,372.91,7F,1,1,1,0082,64,40,40,0,0,19,0.00
03/06/2018 12:53:01,55 59.40329,-2 30.55489,255,0,319,629903,1144818,373.25,-96.679,3903,3880,3888,23,0,105.8,41.0,101.8,38.8,none,none,93.0,33.9,3903,3898,3890,3891,3892,3886,3886,3885,3886,3884,3883,3883,3885,3883,3883,3882,3883,3881,3882,3882,3882,3880,3882,3882,3882,3883,3883,3882,3882,3880,3883,3883,3885,3883,3881,3883,3883,3882,3884,3882,3886,3883,3891,3886,3891,3889,3895,3887,3901,3898,3903,3898,3900,3897,3902,3896,3895,3889,3899,3891,3899,3891,3891,3889,3890,3890,3893,3892,3890,3887,3890,3887,3888,3889,3892,3887,3891,3884,3888,3888,3888,3888,3894,3891,3894,3889,3887,3891,3902,3897,3896,3895,3899,3893,3896,3893,-0.36,SJNFAAZE1U0005576,117.83,13.04,9121.7392578125,79,75,0,0,0,0,15.5,99.17,-164476,100,1528026781.377,0,1,1,0,5,0,0,3,0,1,372.96,372.96,7F,1,1,1,0082,64,40,40,0,0,19,0.00
03/06/2018 12:53:04,55 59.40329,-2 30.55489,255,0,319,630744,1144818,373.44,-96.709,3905,3881,3890,24,0,105.8,41.0,102.0,38.9,none,none,93.0,33.9,3904,3899,3891,3893,3894,3889,3887,3887,3888,3884,3886,3884,3887,3884,3884,3884,3884,3881,3883,3883,3883,3881,3883,3883,3884,3885,3885,3884,3884,3881,3885,3884,3886,3884,3883,3885,3884,3885,3885,3883,3888,3886,3893,3887,3893,3891,3898,3889,3902,3900,3905,3900,3903,3898,3904,3898,3898,3890,3901,3893,3901,3892,3892,3892,3892,3892,3894,3894,3891,3889,3892,3889,3890,3891,3893,3889,3894,3886,3889,3890,3891,3890,3896,3893,3895,3891,3888,3893,3904,3900,3898,3898,3901,3896,3898,3895,-0.39,SJNFAAZE1U0005576,117.83,13.04,9121.7392578125,79,75,0,0,0,0,15.5,99.17,-164511,100,1528026784.916,0,1,1,0,5,0,0,3,0,1,373.19,373.19,7F,1,1,1,0082,64,40,40,0,0,19,0.00
03/06/2018 12:53:08,55 59.40329,-2 30.55489,255,0,319,631534,1144818,373.44,-96.984,3904,3880,3890,24,0,106.0,41.1,102.0,38.9,none,none,93.0,33.9,3904,3900,3891,3893,3894,3889,3886,3887,3888,3885,3886,3884,3886,3884,3883,3883,3884,3884,3883,3884,3883,3880,3883,3884,3882,3884,3885,3884,3883,3883,3884,3884,3886,3884,3883,3885,3883,3883,3885,3883,3887,3886,3892,3887,3893,3891,3897,3888,3903,3898,3903,3900,3902,3900,3903,3897,3893,3890,3900,3894,3899,3893,3891,3891,3891,3895,3893,3893,3891,3889,3893,3889,3886,3890,3892,3889,3891,3889,3889,3891,3890,3890,3896,3892,3895,3891,3888,3891,3904,3902,3897,3897,3901,3896,3899,3895,-0.40,SJNFAAZE1U0005576,117.83,13.04,9121.7392578125,79,75,0,0,0,0,15.5,99.17,-164544,100,1528026788.395,0,1,1,0,5,0,0,3,0,1,373.26,373.26,7F,1,1,1,0082,64,40,40,0,0,19,0.00
03/06/2018 12:53:12,55 59.40329,-2 30.55489,255,0,320,632394,1144818,373.15,-94.420,3902,3879,3887,23,0,105.8,41.0,102.0,38.9,none,none,93.2,34.0,3901,3896,3889,3891,3892,3888,3883,3884,3885,3882,3882,3883,3883,3882,3881,3879,3882,3882,3880,3879,3881,3879,3880,3882,3880,3881,3881,3880,3881,3881,3882,3881,3884,3881,3881,3883,3881,3881,3881,3880,3885,3885,3890,3884,3890,3888,3896,3887,3899,3896,3902,3895,3899,3897,3900,3894,3888,3888,3898,3891,3896,3889,3889,3888,3890,3893,3890,3887,3889,3885,3891,3887,3880,3889,3890,3885,3888,3886,3887,3887,3888,3888,3892,3889,3892,3887,3886,3884,3901,3898,3895,3892,3899,3892,3895,3893,-0.42,SJNFAAZE1U0005576,117.83,13.04,9121.7392578125,79,75,0,0,0,0,15.5,99.17,-164579,100,1528026792.265,0,1,1,0,5,0,0,3,0,1,373.41,373.41,7F,1,1,1,0082,64,40,40,0,0,19,0.00
03/06/2018 12:53:16,55 59.40329,-2 30.55489,255,0,320,633300,1144818,373.44,-96.068,3906,3882,3890,24,0,106.0,41.1,102.2,39.0,none,none,93.2,34.0,3906,3899,3893,3894,3894,3888,3887,3887,3889,3885,3886,3885,3887,3885,3886,3884,3885,3882,3885,3884,3884,3882,3884,3884,3885,3885,3886,3885,3884,3882,3885,3884,3887,3884,3884,3885,3885,3884,3885,3883,3887,3886,3894,3887,3893,3891,3898,3890,3904,3899,3905,3901,3903,3898,3904,3898,3896,3891,3900,3893,3900,3893,3893,3891,3892,3892,3894,3893,3891,3888,3893,3890,3890,3892,3894,3890,3894,3887,3890,3890,3890,3890,3895,3892,3896,3891,3889,3892,3904,3899,3898,3897,3901,3896,3898,3894,-0.38,SJNFAAZE1U0005576,117.83,13.04,9121.7392578125,79,75,0,0,0,0,15.5,99.17,-164616,100,1528026796.103,0,1,1,0,5,0,0,3,0,1,373.36,373.36,7F,1,1,1,0082,64,40,40,0,0,19,0.00
03/06/2018 12:53:19,55 59.40329,-2 30.55489,255,0,321,634183,1144818,373.54,-94.512,3905,3881,3891,24,0,106.0,41.1,102.2,39.0,none,none,93.4,34.1,3904,3900,3892,3895,3895,3891,3886,3888,3888,3887,3886,3886,3886,3886,3884,3885,3884,3886,3884,3884,3885,3881,3884,3886,3884,3885,3885,3885,3884,3886,3884,3885,3887,3886,3885,3887,3884,3885,3885,3884,3888,3890,3893,3889,3893,3893,3898,3892,3902,3900,3905,3901,3903,3902,3904,3899,3893,3893,3901,3895,3899,3892,3892,3893,3892,3897,3893,3892,3891,3890,3893,3891,3885,3891,3893,3889,3891,3890,3890,3891,3891,3892,3896,3894,3896,3891,3888,3889,3905,3903,3898,3896,3902,3897,3898,3897,-0.36,SJNFAAZE1U0005576,117.83,13.04,9121.7392578125,79,75,0,0,0,0,15.5,99.17,-164653,100,1528026799.840,0,1,1,0,5,0,0,3,0,1,373.77,373.77,7F,1,1,1,0082,64,40,40,0,0,19,0.00
03/06/2018 12:53:23,55 59.40329,-2 30.55489,255,0,321,635039,1144818,373.44,-94.573,3905,3880,3890,25,0,106.0,41.1,102.2,39.0,none,none,93.2,34.0,3905,3899,3892,3893,3894,3890,3887,3887,3889,3885,3885,3885,3887,3884,3885,3882,3884,3884,3883,3882,3884,3880,3883,3884,3882,3883,3885,3884,3884,3884,3885,3883,3886,3885,3884,3886,3885,3883,3885,3883,3888,3887,3892,3887,3892,3890,3898,3890,3903,3898,3904,3899,3901,3899,3903,3897,3891,3889,3900,3893,3898,3892,3892,3891,3892,3894,3893,3890,3891,3887,3893,3889,3885,3890,3891,3887,3891,3888,3889,3888,3890,3890,3896,3891,3896,3890,3888,3888,3904,3900,3898,3895,3901,3895,3898,3895,-0.36,SJNFAAZE1U0005576,117.83,13.04,9121.7392578125,79,75,0,0,0,0,15.5,99.17,-164688,100,1528026803.455,0,1,1,0,5,0,0,3,0,1,373.48,373.48,7F,1,1,1,0082,64,40,40,0,0,19,0.00
03/06/2018 12:53:27,55 59.40329,-2 30.55489,255,0,322,635870,1144818,373.82,-97.259,3909,3884,3894,25,0,106.2,41.2,102.2,39.0,none,none,93.4,34.1,3908,3903,3896,3896,3897,3892,3891,3890,3892,3888,3889,3887,3891,3889,3888,3887,3888,3885,3888,3887,3888,3884,3888,3888,3888,3889,3888,3888,3888,3886,3888,3888,3890,3887,3886,3889,3888,3887,3888,3888,3891,3889,3896,3891,3897,3894,3902,3894,3906,3902,3909,3904,3907,3902,3908,3901,3899,3894,3905,3897,3904,3897,3896,3895,3896,3897,3897,3898,3895,3893,3896,3893,3893,3895,3897,3893,3896,3891,3894,3895,3894,3894,3900,3897,3899,3895,3892,3897,3907,3905,3901,3901,3906,3899,3902,3898,-0.39,SJNFAAZE1U0005576,117.83,13.04,9121.7392578125,79,75,0,0,0,0,15.5,99.17,-164722,100,1528026807.121,0,1,1,0,6,0,0,3,0,1,373.63,373.63,7F,1,1,1,0082,64,40,40,0,0,19,0.00
03/06/2018 12:53:30,55 59.40329,-2 30.55489,255,0,322,636699,1144818,373.54,-94.176,3906,3882,3891,24,0,106.0,41.1,102.2,39.0,none,none,93.4,34.1,3906,3898,3892,3894,3895,3891,3886,3888,3888,3886,3887,3885,3887,3884,3884,3884,3885,3885,3884,3883,3885,3882,3884,3885,3884,3885,3885,3884,3884,3884,3887,3884,3888,3886,3884,3886,3885,3884,3886,3883,3890,3887,3893,3887,3893,3891,3898,3890,3903,3898,3905,3900,3902,3902,3904,3898,3892,3891,3902,3894,3899,3893,3894,3891,3893,3895,3894,3891,3892,3889,3894,3890,3886,3891,3893,3888,3891,3890,3890,3890,3891,3891,3897,3892,3896,3892,3889,3888,3905,3902,3899,3896,3902,3896,3898,3896,-0.39,SJNFAAZE1U0005576,117.83,13.04,9121.7392578125,79,75,0,0,0,0,15.5,99.17,-164757,100,1528026810.834,0,1,1,0,5,0,0,3,0,1,373.76,373.76,7F,1,1,1,0082,64,40,40,0,0,19,0.00
03/06/2018 12:53:34,55 59.40329,-2 30.55489,255,0,322,637528,1144818,373.82,-95.397,3910,3884,3894,26,0,106.2,41.2,102.4,39.1,none,none,93.4,34.1,3909,3903,3896,3897,3898,3893,3892,3892,3893,3888,3890,3889,3891,3889,3888,3888,3889,3886,3888,3887,3887,3884,3888,3888,3887,3889,3889,3888,3888,3885,3890,3888,3891,3888,3888,3888,3889,3888,3889,3888,3893,3888,3897,3892,3896,3894,3902,3894,3908,3903,3910,3905,3906,3903,3907,3902,3899,3894,3905,3897,3904,3898,3897,3895,3897,3896,3898,3899,3895,3893,3896,3893,3895,3897,3897,3893,3898,3892,3894,3895,3895,3894,3900,3896,3900,3897,3893,3897,3907,3905,3902,3901,3906,3900,3902,3899,-0.38,SJNFAAZE1U0005576,117.83,13.04,9121.7392578125,79,75,0,0,0,0,15.5,99.17,-164791,100,1528026814.305,0,1,1,0,5,0,0,3,0,1,373.73,373.73,7F,1,1,1,0082,64,40,40,0,0,19,0.00
03/06/2018 12:53:38,55 59.40329,-2 30.55489,255,0,323,638358,1144818,373.82,-94.085,3908,3885,3894,23,0,106.2,41.2,102.4,39.1,none,none,93.6,34.2,3908,3903,3896,3898,3897,3895,3890,3892,3893,3889,3889,3889,3890,3889,3888,3886,3887,3890,3886,3887,3888,3885,3887,3889,3887,3889,3888,3888,3886,3888,3888,3888,3890,3889,3888,3891,3888,3888,3889,3888,3892,3893,3896,3892,3897,3896,3902,3896,3906,3902,3907,3904,3906,3905,3908,3901,3896,3895,3905,3898,3902,3895,3895,3896,3896,3900,3897,3893,3895,3894,3896,3894,3888,3895,3896,3892,3894,3893,3893,3894,3894,3895,3900,3897,3898,3895,3892,3892,3908,3907,3902,3899,3905,3901,3902,3900,-0.38,SJNFAAZE1U0005576,117.83,13.04,9121.7392578125,79,75,0,0,0,0,15.5,99.17,-164825,100,1528026818.091,0,1,1,0,5,0,0,3,0,1,374.04,374.04,7F,1,1,1,0082,64,40,40,0,0,19,0.00
03/06/2018 12:53:41,55 59.40329,-2 30.55489,255,0,323,639257,1144818,374.21,-95.306,3913,3889,3898,24,0,106.2,41.2,102.4,39.1,none,none,93.6,34.2,3912,3908,3900,3900,3902,3896,3895,3896,3895,3893,3894,3892,3895,3894,3892,3892,3893,3890,3892,3891,3891,3889,3892,3891,3891,3894,3892,3893,3893,3889,3893,3893,3894,3892,3891,3894,3891,3891,3893,3891,3895,3893,3901,3896,3900,3899,3905,3897,3911,3907,3913,3909,3911,3907,3911,3905,3906,3900,3908,3901,3909,3901,3899,3899,3901,3900,3901,3902,3899,3897,3900,3897,3901,3900,3902,3897,3903,3896,3897,3899,3898,3897,3904,3900,3904,3901,3897,3903,3911,3908,3906,3906,3909,3903,3906,3902,-0.42,SJNFAAZE1U0005576,117.83,13.04,9121.7392578125,79,75,0,0,0,0,15.5,99.17,-164862,100,1528026821.970,0,1,1,0,5,0,0,3,0,1,373.77,373.77,7F,1,1,1,0082,64,40,40,0,0,19,0.00
03/06/2018 12:53:45,55 59.40329,-2 30.55489,255,0,324,640132,1144818,373.82,-94.146,3909,3886,3894,23,0,106.5,41.4,102.7,39.2,none,none,93.6,34.2,3908,3902,3896,3897,3898,3894,3889,3890,3893,3890,3890,3889,3891,3889,3888,3888,3888,3888,3888,3887,3889,3886,3888,3888,3887,3888,3889,3888,3888,3888,3890,3888,3891,3888,3888,3890,3889,3887,3889,3886,3892,3892,3897,3891,3897,3895,3902,3895,3908,3903,3908,3904,3905,3906,3908,3902,3896,3895,3906,3897,3903,3897,3896,3896,3895,3899,3897,3895,3897,3894,3898,3894,3888,3895,3897,3892,3895,3894,3894,3895,3895,3895,3901,3897,3899,3895,3892,3892,3909,3907,3903,3900,3906,3900,3902,3900,-0.39,SJNFAAZE1U0005576,117.83,13.04,9121.7392578125,79,75,0,0,0,0,15.5,99.17,-164898,100,1528026825.606,0,1,1,0,5,0,0,3,0,1,374.04,374.04,7F,1,1,1,0082,64,40,40,0,0,19,0.00
03/06/2018 12:53:49,55 59.40329,-2 30.55489,255,0,324,640938,1144818,374.30,-95.703,3912,3889,3899,23,0,106.5,41.4,102.4,39.1,none,none,93.4,34.1,3912,3906,3899,3901,3903,3899,3895,3896,3897,3893,3894,3893,3894,3893,3892,3891,3892,3892,3892,3891,3892,3889,3891,3892,3891,3892,3893,3891,3892,3892,3893,3893,3895,3893,3892,3894,3892,3892,3894,3892,3896,3895,3901,3896,3902,3899,3906,3899,3912,3907,3912,3908,3910,3910,3912,3905,3902,3898,3908,3902,3908,3901,3899,3899,3901,3903,3901,3899,3900,3898,3901,3899,3894,3899,3900,3897,3900,3898,3897,3899,3898,3899,3904,3901,3904,3900,3896,3899,3912,3911,3907,3906,3910,3904,3906,3905,-0.43,SJNFAAZE1U0005576,117.83,13.04,9121.7392578125,79,75,0,0,0,0,15.5,99.17,-164931,100,1528026829.164,0,1,1,0,5,0,0,3,0,1,374.25,374.25,7F,1,1,1,0082,64,40,40,0,0,19,0.00
03/06/2018 12:53:53,55 59.40329,-2 30.55489,255,0,325,641812,1144818,374.30,-95.153,3914,3889,3899,25,0,106.5,41.4,102.7,39.2,none,none,93.6,34.2,3914,3908,3902,3902,3902,3896,3895,3896,3897,3893,3894,3892,3896,3893,3894,3892,3893,3891,3893,3893,3892,3890,3891,3892,3892,3893,3893,3893,3893,3889,3894,3893,3895,3893,3892,3894,3894,3893,3894,3892,3896,3894,3902,3895,3902,3899,3906,3898,3912,3907,3914,3909,3911,3906,3913,3907,3904,3900,3909,3902,3911,3900,3901,3901,3900,3901,3903,3902,3900,3897,3901,3898,3899,3900,3902,3898,3902,3894,3898,3898,3899,3899,3904,3900,3905,3900,3897,3901,3912,3908,3907,3905,3910,3904,3906,3904,-0.40,SJNFAAZE1U0005576,117.83,13.04,9121.7392578125,79,75,0,0,0,0,15.5,99.17,-164967,100,1528026833.165,0,1,1,0,5,0,0,3,0,1,373.99,373.99,7F,1,1,1,0082,64,40,40,0,0,19,0.00
03/06/2018 12:53:57,55 59.40329,-2 30.55489,255,0,325,642710,1144818,374.02,-94.115,3910,3887,3896,23,0,106.5,41.4,102.4,39.1,none,none,93.6,34.2,3909,3905,3898,3899,3900,3896,3893,3893,3894,3891,3892,3891,3893,3891,3891,3889,3891,3890,3890,3889,3890,3887,3890,3890,3890,3890,3890,3889,3891,3889,3891,3890,3893,3889,3890,3891,3891,3889,3891,3889,3893,3893,3898,3893,3899,3897,3904,3896,3908,3904,3910,3905,3907,3906,3909,3903,3898,3897,3907,3899,3905,3897,3898,3897,3898,3900,3898,3895,3898,3895,3899,3896,3890,3897,3899,3894,3896,3895,3895,3897,3896,3896,3902,3898,3902,3897,3895,3893,3910,3908,3904,3902,3908,3902,3904,3901,-0.41,SJNFAAZE1U0005576,117.83,13.04,9121.7392578125,79,75,0,0,0,0,15.5,99.17,-165004,100,1528026837.040,0,1,1,0,6,0,0,3,0,1,374.40,374.40,7F,1,1,1,0082,64,40,40,0,0,19,0.00
03/06/2018 12:54:00,55 59.40329,-2 30.55489,255,0,326,643585,1144818,374.40,-95.244,3915,3892,3900,23,0,106.5,41.4,102.7,39.2,none,none,93.6,34.2,3914,3910,3902,3902,3904,3898,3898,3897,3898,3894,3895,3894,3897,3895,3895,3893,3894,3892,3894,3893,3894,3892,3893,3894,3894,3894,3894,3893,3894,3892,3895,3894,3896,3893,3894,3893,3894,3893,3895,3893,3896,3895,3903,3897,3903,3899,3907,3899,3913,3908,3914,3910,3911,3909,3915,3908,3905,3901,3910,3902,3910,3902,3903,3901,3902,3901,3904,3904,3902,3899,3903,3899,3900,3902,3904,3899,3903,3897,3900,3901,3901,3899,3905,3902,3907,3902,3900,3903,3914,3911,3907,3907,3911,3906,3907,3905,-0.39,SJNFAAZE1U0005576,117.83,13.04,9121.7392578125,79,75,0,0,0,0,15.5,99.17,-165040,100,1528026840.891,0,1,1,0,5,0,0,3,0,1,374.28,374.28,7F,1,1,1,0082,63,40,40,0,0,19,0.00
03/06/2018 12:54:04,55 59.40329,-2 30.55489,255,0,326,644508,1144818,374.50,-94.359,3915,3892,3901,23,0,106.5,41.4,102.7,39.2,none,none,93.6,34.2,3914,3910,3901,3904,3904,3902,3896,3898,3898,3896,3895,3895,3896,3895,3893,3894,3895,3896,3893,3894,3894,3892,3894,3896,3894,3895,3894,3894,3894,3895,3894,3896,3896,3895,3894,3896,3894,3895,3895,3895,3899,3899,3902,3898,3902,3902,3908,3900,3912,3909,3914,3910,3911,3911,3914,3908,3902,3903,3910,3906,3909,3903,3902,3902,3901,3906,3903,3900,3902,3900,3904,3902,3894,3902,3903,3899,3901,3899,3899,3900,3901,3902,3906,3904,3906,3901,3899,3898,3915,3912,3908,3907,3911,3906,3908,3907,-0.39,SJNFAAZE1U0005576,117.83,13.04,9121.7392578125,79,75,0,0,0,0,15.5,99.17,-165078,100,1528026844.896,0,1,1,0,5,0,0,3,0,1,374.76,374.76,7F,1,1,1,0082,63,40,40,0,0,19,0.00
03/06/2018 12:54:08,55 59.40329,-2 30.55489,255,0,326,645383,1144818,374.40,-94.878,3916,3890,3900,26,0,106.5,41.4,102.7,39.2,none,none,93.6,34.2,3914,3910,3902,3903,3905,3898,3897,3898,3898,3894,3895,3894,3898,3895,3895,3894,3895,3893,3894,3894,3894,3890,3895,3895,3894,3895,3896,3895,3894,3892,3896,3895,3897,3894,3894,3896,3895,3894,3896,3894,3897,3896,3903,3898,3903,3901,3908,3900,3914,3909,3916,3910,3911,3909,3915,3907,3903,3900,3911,3904,3911,3903,3903,3901,3902,3903,3904,3901,3901,3899,3903,3898,3898,3901,3903,3900,3903,3896,3900,3900,3902,3900,3906,3902,3907,3901,3899,3900,3914,3909,3909,3905,3912,3905,3908,3905,-0.38,SJNFAAZE1U0005576,117.83,13.04,9121.7392578125,79,75,0,0,0,0,15.5,99.17,-165114,100,1528026848.621,0,1,1,0,5,0,0,3,0,1,374.43,374.43,7F,1,1,1,0082,63,40,40,0,0,19,0.00
03/06/2018 12:54:12,55 59.40329,-2 30.55489,255,0,327,646235,1144818,374.88,-95.641,3919,3896,3905,23,0,106.7,41.5,102.9,39.4,none,none,93.8,34.3,3918,3913,3906,3908,3909,3904,3900,3900,3901,3899,3900,3898,3900,3899,3899,3898,3900,3897,3898,3898,3898,3896,3898,3899,3897,3898,3898,3897,3899,3897,3899,3899,3901,3899,3898,3900,3899,3898,3899,3898,3902,3901,3908,3902,3907,3905,3912,3905,3917,3913,3919,3914,3917,3915,3917,3911,3908,3905,3915,3908,3915,3907,3906,3906,3906,3909,3907,3907,3906,3904,3907,3904,3902,3906,3907,3903,3907,3904,3904,3905,3905,3904,3910,3906,3909,3906,3903,3906,3918,3916,3913,3912,3916,3911,3912,3909,-0.39,SJNFAAZE1U0005576,117.83,13.04,9121.7392578125,79,75,0,0,0,0,15.5,99.17,-165150,100,1528026852.494,0,1,1,0,6,0,0,3,0,1,374.88,374.88,7F,1,1,1,0082,63,40,40,0,0,19,0.00
03/06/2018 12:54:16,55 59.40329,-2 30.55489,255,0,327,647132,1144818,374.40,-94.604,3915,3891,3900,24,0,106.7,41.5,102.9,39.4,none,none,93.8,34.3,3915,3909,3901,3904,3903,3899,3896,3897,3898,3895,3896,3894,3897,3895,3894,3893,3896,3895,3895,3894,3895,3891,3894,3895,3894,3896,3896,3894,3894,3894,3895,3895,3896,3895,3895,3896,3895,3893,3895,3894,3898,3896,3903,3897,3903,3900,3909,3900,3913,3909,3915,3910,3911,3909,3914,3908,3902,3901,3912,3904,3909,3901,3903,3901,3903,3905,3904,3899,3902,3898,3904,3900,3895,3901,3904,3899,3902,3898,3900,3900,3901,3901,3907,3902,3906,3901,3900,3897,3915,3911,3909,3904,3913,3906,3909,3906,-0.38,SJNFAAZE1U0005576,117.83,13.04,9121.7392578125,79,75,0,0,0,0,15.5,99.17,-165187,100,1528026856.505,0,1,1,0,5,0,0,3,0,1,374.52,374.52,7F,1,1,1,0082,63,40,40,0,0,19,0.00
03/06/2018 12:54:20,55 59.40227,-2 30.55572,255,0,328,648077,1144818,374.78,-95.122,3919,3895,3904,24,0,106.7,41.5,102.9,39.4,none,none,93.8,34.3,3918,3912,3905,3907,3908,3905,3900,3901,3902,3899,3899,3897,3900,3898,3898,3898,3899,3899,3897,3897,3899,3895,3897,3898,3896,3898,3899,3897,3897,3898,3898,3899,3901,3898,3898,3899,3898,3897,3898,3898,3903,3901,3906,3901,3906,3905,3912,3904,3917,3912,3918,3912,3915,3915,3918,3911,3907,3905,3915,3908,3912,3906,3906,3904,3906,3911,3907,3904,3904,3904,3908,3904,3899,3905,3906,3902,3906,3904,3903,3904,3904,3904,3910,3907,3909,3905,3903,3903,3919,3916,3911,3910,3915,3909,3912,3909,-0.42,SJNFAAZE1U0005576,117.83,13.04,9121.7392578125,79,75,0,0,0,0,15.5,99.17,-165225,100,1528026860.373,0,1,1,0,5,0,0,3,0,1,374.95,374.95,7F,1,1,1,0082,63,40,40,0,0,19,0.00
03/06/2018 12:54:24,55 59.40285,-2 30.5552,252,0,328,648998,1144818,374.69,-94.756,3918,3895,3903,23,0,106.7,41.5,102.9,39.4,none,none,94.0,34.4,3918,3912,3906,3906,3907,3901,3900,3900,3901,3897,3899,3898,3900,3898,3898,3897,3898,3895,3898,3897,3898,3895,3896,3897,3896,3898,3898,3897,3896,3895,3899,3898,3900,3898,3898,3897,3898,3897,3899,3896,3902,3899,3906,3900,3906,3904,3912,3902,3917,3912,3918,3912,3915,3912,3917,3911,3907,3903,3914,3907,3914,3905,3906,3905,3905,3906,3908,3905,3906,3901,3906,3902,3901,3905,3906,3903,3906,3900,3903,3903,3904,3903,3909,3905,3909,3904,3903,3903,3916,3913,3911,3909,3916,3909,3911,3908,-0.39,SJNFAAZE1U0005576,117.83,13.04,9121.7392578125,79,75,0,0,0,0,15.5,99.17,-165263,100,1528026864.385,0,1,1,0,6,0,0,3,0,1,374.71,374.71,7F,1,1,1,0082,63,40,40,0,0,19,0.00
03/06/2018 12:54:28,55 59.40288,-2 30.55519,252,0,329,649852,1144818,375.26,-95.550,3924,3900,3909,24,0,106.7,41.5,102.9,39.4,none,none,93.8,34.3,3923,3918,3910,3912,3912,3907,3905,3906,3907,3904,3904,3902,3906,3903,3902,3902,3904,3901,3903,3903,3903,3900,3902,3903,3902,3905,3904,3902,3903,3900,3904,3903,3905,3903,3903,3903,3904,3902,3904,3902,3905,3903,3912,3906,3911,3909,3916,3907,3922,3918,3924,3919,3921,3917,3922,3916,3915,3909,3919,3912,3919,3912,3911,3910,3911,3910,3912,3915,3910,3908,3910,3908,3911,3911,3912,3908,3913,3906,3908,3910,3909,3909,3915,3912,3914,3910,3907,3914,3923,3920,3917,3918,3920,3914,3916,3913,-0.40,SJNFAAZE1U0005576,117.83,13.04,9121.7392578125,79,75,0,0,0,0,15.5,99.17,-165299,100,1528026868.129,0,1,1,0,6,0,0,3,0,1,375.07,375.07,7F,1,1,1,0082,63,40,40,0,0,19,0.00
03/06/2018 12:54:31,55 59.40281,-2 30.55512,252,0,329,650750,1144818,374.88,-94.512,3920,3896,3905,24,0,106.9,41.6,103.1,39.5,none,none,94.0,34.4,3920,3914,3906,3907,3909,3904,3901,3901,3902,3900,3901,3899,3901,3899,3899,3898,3900,3899,3898,3898,3899,3896,3899,3899,3899,3899,3899,3898,3898,3898,3900,3898,3901,3898,3899,3900,3899,3898,3899,3898,3902,3901,3907,3902,3908,3904,3914,3904,3918,3913,3918,3914,3917,3914,3918,3912,3905,3906,3916,3908,3915,3906,3907,3905,3906,3909,3908,3904,3907,3902,3907,3904,3899,3906,3908,3903,3906,3901,3904,3904,3905,3904,3910,3906,3911,3905,3904,3902,3919,3915,3914,3909,3917,3910,3912,3909,-0.39,SJNFAAZE1U0005576,117.83,13.04,9121.7392578125,79,75,0,0,0,0,15.5,99.17,-165336,100,1528026871.937,0,1,1,0,5,0,0,3,0,1,375.09,375.09,7F,1,1,1,0082,63,40,40,0,0,19,0.00
03/06/2018 12:54:35,55 59.40288,-2 30.55515,252,0,330,651579,1144818,375.07,-95.397,3921,3898,3907,23,0,106.7,41.5,103.1,39.5,none,none,94.0,34.4,3920,3915,3908,3909,3910,3907,3902,3904,3906,3901,3901,3901,3903,3901,3901,3900,3901,3901,3900,3900,3901,3898,3900,3901,3900,3900,3901,3900,3901,3902,3901,3901,3903,3901,3901,3902,3901,3900,3901,3899,3904,3904,3909,3904,3908,3908,3916,3907,3920,3914,3921,3916,3918,3918,3920,3914,3908,3907,3918,3910,3916,3910,3908,3908,3908,3913,3910,3906,3908,3906,3910,3906,3902,3908,3909,3905,3906,3907,3907,3907,3907,3907,3913,3909,3913,3907,3905,3906,3921,3920,3915,3912,3918,3912,3915,3912,-0.40,SJNFAAZE1U0005576,117.83,13.04,9121.7392578125,79,75,0,0,0,0,15.5,99.17,-165370,100,1528026875.429,0,1,1,0,6,0,0,3,0,1,375.33,375.33,7F,1,1,1,0082,63,40,40,0,0,19,0.00
03/06/2018 12:54:39,55 59.40366,-2 30.55706,249,0,330,652408,1144818,375.26,-95.733,3924,3900,3909,24,0,106.9,41.6,103.1,39.5,none,none,94.0,34.4,3923,3918,3909,3912,3913,3910,3904,3906,3908,3903,3904,3904,3904,3905,3902,3901,3904,3903,3902,3902,3903,3900,3903,3904,3902,3902,3903,3903,3902,3903,3903,3903,3905,3902,3903,3905,3903,3902,3904,3901,3906,3908,3912,3907,3911,3909,3916,3908,3921,3917,3924,3919,3920,3921,3922,3916,3910,3909,3920,3913,3917,3912,3910,3910,3910,3914,3912,3909,3910,3909,3912,3909,3904,3909,3912,3907,3909,3908,3909,3909,3910,3908,3915,3911,3915,3909,3908,3908,3923,3922,3916,3914,3921,3915,3917,3915,-0.39,SJNFAAZE1U0005576,117.83,13.04,9121.7392578125,79,75,0,0,0,0,15.5,99.17,-165404,100,1528026879.128,0,1,1,0,5,0,0,3,0,1,375.25,375.25,7F,1,1,1,0082,63,40,40,0,0,19,0.00
03/06/2018 12:54:42,55 59.4046,-2 30.5562,246,0,330,653260,1144818,375.55,-96.099,3927,3902,3912,25,0,107.2,41.8,103.1,39.5,none,none,94.2,34.6,3927,3921,3913,3915,3915,3910,3908,3908,3909,3907,3907,3905,3909,3907,3906,3906,3905,3903,3906,3906,3906,3902,3905,3906,3905,3906,3906,3907,3905,3904,3907,3906,3907,3905,3905,3907,3907,3906,3907,3905,3908,3907,3915,3910,3914,3913,3919,3911,3924,3921,3926,3922,3925,3921,3925,3920,3918,3911,3922,3914,3923,3914,3914,3913,3914,3914,3915,3917,3913,3912,3914,3911,3914,3913,3914,3911,3916,3909,3912,3913,3913,3912,3917,3914,3917,3914,3910,3916,3925,3921,3920,3920,3923,3917,3920,3916,-0.36,SJNFAAZE1U0005576,117.83,13.04,9121.7392578125,79,75,0,0,0,0,15.5,99.17,-165439,100,1528026882.914,0,1,1,0,5,0,0,3,0,1,375.32,375.32,7F,1,1,1,0082,63,40,40,0,0,19,0.00
03/06/2018 12:54:46,55 59.40695,-2 30.55498,242,0,331,654111,1144818,375.26,-95.183,3925,3900,3909,25,0,106.9,41.6,103.1,39.5,none,none,94.2,34.6,3924,3919,3912,3912,3913,3908,3906,3905,3908,3904,3905,3903,3907,3905,3904,3903,3904,3902,3904,3903,3904,3900,3903,3903,3903,3904,3903,3902,3903,3901,3905,3904,3906,3904,3904,3905,3904,3903,3905,3901,3906,3905,3912,3907,3912,3909,3916,3908,3921,3917,3925,3919,3921,3916,3923,3916,3913,3910,3919,3912,3920,3911,3912,3910,3912,3912,3912,3911,3911,3907,3913,3908,3907,3910,3912,3907,3912,3906,3909,3910,3910,3910,3915,3911,3916,3910,3909,3909,3923,3918,3917,3914,3921,3915,3918,3913,-0.34,SJNFAAZE1U0005576,117.83,13.04,9121.7392578125,79,75,0,0,0,0,15.5,99.17,-165474,100,1528026886.499,0,1,1,0,5,0,0,3,0,1,375.23,375.23,7F,1,1,1,0082,63,40,40,0,0,19,0.00
03/06/2018 12:54:50,55 59.40756,-2 30.55374,236,0,331,654941,1144818,375.26,-94.268,3923,3899,3909,24,0,107.2,41.8,103.3,39.6,none,none,94.2,34.6,3923,3918,3910,3912,3913,3909,3904,3905,3907,3903,3905,3903,3905,3904,3902,3902,3903,3904,3903,3901,3903,3899,3903,3903,3903,3904,3903,3902,3903,3903,3904,3903,3905,3902,3903,3904,3904,3902,3904,3901,3907,3905,3912,3907,3912,3909,3918,3909,3922,3917,3923,3918,3920,3919,3922,3914,3909,3909,3920,3912,3917,3911,3912,3911,3911,3914,3912,3909,3910,3908,3913,3908,3904,3910,3912,3907,3909,3908,3909,3910,3909,3909,3916,3910,3916,3910,3908,3907,3923,3921,3917,3914,3921,3915,3918,3915,-0.38,SJNFAAZE1U0005576,117.83,13.04,9121.7392578125,79,75,0,0,0,0,15.5,99.17,-165508,100,1528026890.161,0,1,1,0,5,0,0,3,0,1,375.53,375.53,7F,1,1,1,0082,63,40,40,0,0,19,0.00
03/06/2018 12:54:54,55 59.40722,-2 30.55424,232,0,332,655794,1144818,375.55,-94.726,3926,3903,3912,23,0,106.9,41.6,103.1,39.5,none,none,94.2,34.6,3925,3920,3913,3914,3916,3912,3907,3908,3909,3907,3907,3906,3907,3905,3906,3904,3906,3906,3904,3905,3906,3903,3905,3906,3905,3906,3906,3905,3904,3906,3907,3907,3908,3906,3905,3908,3906,3905,3906,3904,3909,3909,3915,3909,3915,3912,3921,3912,3924,3919,3926,3921,3923,3923,3926,3919,3915,3913,3922,3915,3921,3913,3914,3913,3914,3917,3915,3912,3914,3911,3914,3911,3906,3912,3914,3910,3911,3911,3911,3911,3912,3912,3917,3914,3916,3913,3910,3911,3925,3924,3920,3917,3923,3917,3920,3917,-0.43,SJNFAAZE1U0005576,117.83,13.04,9121.7392578125,79,75,0,0,0,0,15.5,99.17,-165544,100,1528026894.004,0,1,1,0,6,0,0,3,0,1,375.85,375.85,7F,1,1,1,0082,63,40,40,0,0,19,0.00
03/06/2018 12:54:57,55 59.40797,-2 30.55517,232,0,332,656692,1144818,375.84,-95.550,3929,3905,3915,24,0,107.2,41.8,103.3,39.6,none,none,94.4,34.7,3929,3924,3916,3918,3919,3914,3911,3912,3913,3910,3910,3909,3912,3910,3909,3908,3909,3908,3908,3908,3908,3905,3909,3909,3908,3909,3909,3909,3908,3907,3909,3909,3912,3909,3909,3910,3909,3908,3909,3908,3913,3910,3918,3913,3917,3914,3922,3914,3928,3924,3929,3924,3927,3924,3928,3922,3921,3914,3926,3918,3925,3917,3917,3916,3916,3918,3918,3917,3916,3914,3917,3913,3916,3916,3917,3914,3918,3913,3914,3917,3915,3915,3920,3917,3921,3917,3914,3916,3928,3925,3923,3921,3926,3920,3922,3919,-0.41,SJNFAAZE1U0005576,117.83,13.04,9121.7392578125,79,75,0,0,0,0,15.5,99.17,-165581,100,1528026897.777,0,1,1,0,5,0,0,3,0,1,375.71,375.71,7F,1,1,1,0082,63,40,40,0,0,19,0.00
03/06/2018 12:55:01,55 59.4063,-2 30.55523,236,0,333,657498,1144818,375.65,-93.993,3929,3905,3913,24,0,107.2,41.8,103.3,39.6,none,none,94.4,34.7,3929,3923,3915,3916,3917,3911,3910,3910,3911,3908,3909,3906,3910,3908,3908,3907,3908,3906,3908,3907,3907,3905,3907,3907,3907,3908,3908,3907,3907,3905,3909,3908,3909,3907,3907,3908,3908,3907,3909,3906,3910,3909,3916,3911,3916,3913,3921,3913,3926,3922,3927,3923,3925,3921,3926,3921,3917,3913,3924,3916,3924,3914,3916,3915,3915,3916,3916,3915,3915,3911,3916,3912,3911,3914,3917,3911,3916,3910,3914,3913,3913,3913,3919,3916,3919,3914,3913,3914,3926,3923,3921,3920,3926,3918,3921,3918,-0.41,SJNFAAZE1U0005576,117.83,13.04,9121.7392578125,79,75,0,0,0,0,15.5,99.17,-165614,100,1528026901.177,0,1,1,0,5,0,0,3,0,1,375.80,375.80,7F,1,1,1,0082,63,40,40,0,0,19,0.00
03/06/2018 12:55:04,55 59.40534,-2 30.55528,236,0,333,658259,1144818,376.03,-95.367,3931,3907,3917,24,0,106.9,41.6,103.3,39.6,none,none,94.4,34.7,3931,3926,3918,3919,3921,3917,3912,3913,3914,3910,3912,3910,3913,3911,3911,3910,3912,3910,3910,3910,3911,3907,3911,3911,3909,3910,3911,3909,3910,3909,3911,3911,3913,3911,3910,3912,3911,3909,3912,3910,3913,3912,3919,3913,3918,3917,3925,3916,3929,3925,3931,3925,3928,3926,3930,3924,3921,3917,3927,3921,3926,3920,3919,3918,3918,3921,3919,3919,3918,3917,3919,3916,3914,3917,3920,3915,3918,3915,3916,3918,3916,3916,3922,3919,3922,3918,3915,3918,3930,3928,3924,3924,3928,3922,3924,3921,-0.43,SJNFAAZE1U0005576,117.83,13.04,9121.7392578125,79,75,0,0,0,0,15.5,99.17,-165645,100,1528026904.475,0,1,1,0,5,0,0,3,0,1,375.77,375.77,7F,1,1,1,0082,63,40,40,0,0,19,0.00
03/06/2018 12:55:07,55 59.40537,-2 30.55545,236,0,333,659042,1144818,375.84,-94.482,3929,3906,3915,23,0,107.2,41.8,103.6,39.8,none,none,94.4,34.7,3929,3923,3917,3918,3919,3913,3912,3911,3912,3909,3910,3909,3910,3909,3909,3908,3909,3907,3909,3908,3908,3906,3908,3909,3908,3910,3909,3909,3908,3906,3910,3909,3911,3908,3908,3910,3909,3907,3910,3908,3912,3910,3918,3912,3917,3915,3922,3914,3928,3923,3929,3924,3926,3922,3929,3922,3917,3915,3925,3918,3925,3917,3917,3916,3916,3917,3918,3916,3916,3913,3918,3914,3912,3916,3918,3913,3916,3911,3915,3914,3915,3914,3921,3916,3921,3915,3913,3914,3929,3925,3923,3920,3927,3920,3922,3919,-0.42,SJNFAAZE1U0005576,117.83,13.04,9121.7392578125,79,75,0,0,0,0,15.5,99.17,-165677,100,1528026907.834,0,1,1,0,6,0,0,3,0,1,375.87,375.87,7F,1,1,1,0082,63,40,40,0,0,19,0.00
03/06/2018 12:55:11,55 59.40543,-2 30.55529,236,0,334,659825,1144818,375.84,-94.756,3929,3906,3915,23,0,107.2,41.8,103.6,39.8,none,none,94.4,34.7,3929,3924,3916,3918,3919,3914,3910,3911,3914,3910,3911,3909,3911,3909,3909,3909,3909,3910,3908,3908,3909,3906,3908,3910,3908,3908,3909,3908,3908,3908,3910,3909,3912,3907,3909,3911,3909,3908,3909,3907,3912,3911,3918,3912,3918,3915,3922,3915,3928,3923,3928,3923,3926,3926,3928,3921,3915,3915,3927,3918,3923,3916,3916,3915,3916,3920,3918,3914,3915,3914,3917,3914,3909,3915,3918,3913,3915,3913,3914,3915,3915,3915,3921,3916,3920,3916,3914,3913,3929,3927,3923,3919,3925,3921,3923,3920,-0.41,SJNFAAZE1U0005576,117.83,13.04,9121.7392578125,79,75,0,0,0,0,15.5,99.17,-165710,100,1528026911.493,0,1,1,0,6,0,0,3,0,1,376.12,376.12,7F,1,1,1,0082,63,40,40,0,0,19,0.00
03/06/2018 12:55:15,55 59.40529,-2 30.55521,236,0,334,660678,1144818,375.94,-95.061,3931,3907,3916,24,0,107.4,41.9,103.6,39.8,none,none,94.6,34.8,3931,3924,3918,3920,3920,3916,3912,3913,3915,3912,3912,3911,3914,3911,3910,3909,3912,3911,3909,3909,3910,3907,3909,3911,3909,3911,3911,3910,3910,3911,3911,3911,3912,3911,3911,3912,3910,3909,3911,3909,3914,3914,3919,3914,3919,3917,3925,3916,3929,3924,3930,3925,3928,3928,3930,3924,3918,3916,3927,3920,3925,3918,3918,3916,3918,3922,3919,3915,3917,3916,3919,3916,3910,3916,3919,3913,3916,3916,3915,3917,3917,3916,3921,3918,3922,3917,3915,3916,3931,3929,3924,3923,3928,3921,3924,3921,-0.39,SJNFAAZE1U0005576,117.83,13.04,9121.7392578125,79,75,0,0,0,0,15.5,99.17,-165745,100,1528026915.210,0,1,1,0,5,0,0,3,0,1,376.25,376.25,7F,1,1,1,0082,63,40,40,0,0,19,0.00
03/06/2018 12:55:18,55 59.40539,-2 30.55525,236,0,335,661553,1144818,376.03,-95.458,3932,3908,3917,24,0,107.4,41.9,103.6,39.8,none,none,94.6,34.8,3931,3926,3918,3920,3921,3917,3913,3913,3915,3912,3913,3911,3913,3912,3911,3910,3911,3911,3910,3909,3911,3908,3911,3912,3911,3910,3911,3911,3911,3912,3911,3912,3913,3911,3912,3913,3911,3910,3910,3910,3914,3914,3919,3915,3920,3918,3927,3917,3929,3925,3932,3926,3928,3928,3931,3923,3917,3917,3928,3921,3926,3919,3920,3918,3919,3923,3920,3916,3918,3916,3920,3917,3910,3917,3919,3915,3917,3917,3917,3917,3918,3918,3923,3918,3923,3918,3915,3914,3932,3930,3924,3922,3928,3923,3925,3922,-0.43,SJNFAAZE1U0005576,117.83,13.04,9121.7392578125,79,75,0,0,0,0,15.5,99.17,-165781,100,1528026918.985,0,1,1,0,6,0,0,3,0,1,376.39,376.39,7F,1,1,1,0082,63,40,40,0,0,19,0.00
03/06/2018 12:55:22,55 59.40538,-2 30.55525,236,0,335,662404,1144818,376.42,-95.916,3935,3911,3921,24,0,107.4,41.9,103.6,39.8,none,none,94.6,34.8,3934,3929,3922,3923,3925,3921,3916,3917,3919,3915,3917,3915,3917,3915,3915,3914,3915,3915,3913,3913,3915,3911,3914,3915,3914,3915,3916,3914,3914,3914,3915,3915,3918,3914,3915,3916,3915,3914,3916,3912,3918,3918,3923,3918,3922,3922,3929,3920,3933,3929,3934,3930,3932,3931,3934,3928,3924,3921,3932,3925,3930,3923,3922,3921,3922,3925,3923,3922,3921,3920,3923,3920,3916,3922,3923,3919,3922,3920,3920,3922,3922,3921,3927,3923,3926,3922,3918,3921,3935,3932,3928,3927,3932,3926,3929,3925,-0.42,SJNFAAZE1U0005576,117.83,13.04,9121.7392578125,79,75,0,0,0,0,15.5,99.17,-165816,100,1528026922.563,0,1,1,0,5,0,0,3,0,1,376.14,376.14,7F,1,1,1,0082,63,40,40,0,0,19,0.00
03/06/2018 12:55:26,55 59.40536,-2 30.55525,236,0,335,663210,1144818,376.22,-94.512,3935,3910,3919,25,0,107.4,41.9,103.6,39.8,none,none,94.6,34.8,3935,3928,3922,3922,3923,3919,3916,3917,3918,3914,3915,3913,3917,3914,3914,3914,3915,3912,3913,3912,3914,3910,3913,3913,3913,3914,3914,3913,3913,3912,3914,3915,3916,3914,3913,3915,3914,3913,3914,3913,3918,3914,3923,3917,3922,3919,3927,3919,3934,3928,3934,3929,3930,3927,3932,3926,3924,3921,3930,3923,3930,3921,3922,3920,3921,3922,3923,3921,3921,3918,3922,3919,3918,3920,3922,3918,3921,3915,3919,3919,3920,3919,3925,3921,3925,3920,3918,3920,3933,3928,3927,3924,3932,3924,3927,3923,-0.40,SJNFAAZE1U0005576,117.83,13.04,9121.7392578125,79,75,0,0,0,0,15.5,99.17,-165849,100,1528026926.268,0,1,1,0,5,0,0,3,0,1,376.21,376.21,7F,1,1,1,0082,63,40,40,0,0,19,0.00
03/06/2018 12:55:29,55 59.40536,-2 30.55525,236,0,336,664085,1144818,376.22,-93.963,3934,3910,3919,24,0,107.4,41.9,103.8,39.9,none,none,94.6,34.8,3934,3928,3921,3921,3923,3919,3915,3915,3917,3912,3914,3913,3915,3912,3913,3911,3914,3913,3911,3912,3914,3910,3913,3914,3912,3912,3913,3912,3913,3912,3913,3912,3916,3913,3912,3914,3914,3912,3914,3912,3916,3916,3921,3916,3921,3919,3927,3919,3931,3927,3932,3927,3929,3929,3933,3926,3919,3919,3930,3922,3928,3921,3921,3920,3921,3923,3922,3919,3920,3918,3922,3918,3914,3918,3921,3917,3919,3918,3918,3919,3920,3919,3924,3920,3924,3919,3918,3917,3932,3930,3926,3923,3930,3925,3926,3923,-0.39,SJNFAAZE1U0005576,117.83,13.04,9121.7392578125,79,75,0,0,0,0,15.5,99.17,-165885,100,1528026929.882,0,1,1,0,5,0,0,3,0,1,376.65,376.65,7F,1,1,1,0082,63,40,40,0,0,19,0.00
03/06/2018 12:55:34,55 59.40536,-2 30.55525,236,0,336,664961,1144818,376.32,-94.238,3934,3911,3920,23,0,107.4,41.9,103.8,39.9,none,none,94.6,34.8,3933,3928,3920,3922,3924,3919,3916,3915,3918,3914,3915,3913,3917,3914,3915,3913,3915,3913,3913,3913,3915,3911,3913,3914,3913,3913,3915,3912,3914,3913,3914,3913,3916,3913,3914,3914,3915,3913,3915,3913,3917,3916,3922,3918,3922,3920,3928,3919,3933,3927,3933,3929,3930,3930,3934,3926,3920,3921,3929,3922,3928,3922,3921,3920,3921,3924,3923,3920,3921,3919,3923,3919,3913,3921,3922,3917,3919,3918,3920,3920,3920,3920,3926,3921,3925,3920,3918,3917,3934,3931,3928,3925,3931,3925,3928,3924,-0.43,SJNFAAZE1U0005576,117.83,13.04,9121.7392578125,79,75,0,0,0,0,15.5,99.17,-165921,100,1528026934.028,0,1,1,0,5,0,0,3,0,1,376.80,376.80,7F,1,1,1,0082,63,40,40,0,0,19,0.00
03/06/2018 12:55:38,55 59.40536,-2 30.55525,236,0,337,665929,1144818,376.61,-95.886,3938,3914,3923,24,0,107.4,41.9,103.8,39.9,none,none,94.6,34.8,3938,3933,3924,3925,3926,3923,3918,3920,3921,3918,3918,3917,3919,3918,3918,3916,3918,3917,3916,3915,3917,3914,3917,3918,3915,3916,3918,3915,3916,3917,3918,3917,3920,3917,3917,3919,3917,3917,3919,3916,3920,3920,3926,3921,3926,3924,3931,3922,3935,3931,3936,3932,3933,3934,3936,3930,3925,3923,3934,3926,3931,3925,3925,3924,3926,3928,3925,3922,3924,3922,3926,3923,3919,3924,3926,3921,3924,3923,3923,3923,3923,3924,3929,3926,3928,3924,3922,3922,3937,3936,3931,3928,3934,3928,3931,3928,-0.41,SJNFAAZE1U0005576,117.83,13.04,9121.7392578125,79,75,0,0,0,0,15.5,99.17,-165961,100,1528026938.171,0,1,1,0,6,0,0,3,0,1,376.56,376.56,7F,1,1,1,0082,63,40,40,0,0,19,0.00
03/06/2018 12:55:42,55 59.40536,-2 30.55525,236,0,337,666850,1144818,376.99,-95.397,3941,3918,3927,23,0,107.6,42.0,104.0,40.0,none,none,94.8,34.9,3941,3936,3927,3930,3930,3924,3924,3924,3924,3922,3922,3921,3923,3922,3921,3920,3921,3919,3921,3920,3920,3918,3919,3920,3920,3921,3921,3921,3920,3918,3921,3921,3922,3921,3920,3922,3922,3920,3922,3920,3924,3922,3930,3924,3930,3928,3935,3925,3939,3935,3941,3936,3939,3936,3941,3934,3933,3927,3937,3929,3937,3929,3928,3927,3928,3930,3931,3932,3928,3926,3929,3926,3928,3928,3930,3925,3930,3924,3927,3927,3926,3926,3932,3929,3932,3929,3925,3930,3941,3937,3934,3934,3938,3931,3934,3932,-0.40,SJNFAAZE1U0005576,117.83,13.04,9121.7392578125,79,75,0,0,0,0,15.5,99.17,-165999,100,1528026942.240,0,1,1,0,5,0,0,3,0,1,376.53,376.53,7F,1,1,1,0082,63,40,40,0,0,19,0.00
03/06/2018 12:55:46,55 59.40536,-2 30.55525,236,0,338,667771,1144818,376.70,-93.139,3938,3915,3924,23,0,107.6,42.0,103.8,39.9,none,none,94.6,34.8,3938,3933,3926,3926,3927,3923,3920,3921,3922,3918,3919,3919,3921,3919,3918,3917,3918,3918,3917,3919,3918,3915,3918,3919,3918,3918,3918,3917,3918,3919,3919,3918,3921,3918,3918,3920,3919,3917,3919,3916,3922,3921,3928,3922,3926,3924,3933,3924,3937,3931,3938,3934,3936,3934,3937,3931,3925,3924,3935,3928,3933,3925,3926,3925,3926,3929,3927,3923,3925,3923,3927,3924,3919,3925,3926,3923,3924,3923,3923,3924,3925,3924,3930,3926,3930,3925,3923,3923,3938,3935,3933,3930,3936,3931,3933,3929,-0.39,SJNFAAZE1U0005576,117.83,13.04,9121.7392578125,79,75,0,0,0,0,15.5,99.17,-166037,100,1528026946.193,0,1,1,0,5,0,0,3,0,1,376.95,376.95,7F,1,1,1,0082,63,40,40,0,0,19,0.00
03/06/2018 12:55:50,55 59.40536,-2 30.55525,236,0,338,668690,1144818,376.90,-93.413,3940,3917,3926,23,0,107.9,42.1,104.0,40.0,none,none,95.0,35.0,3939,3935,3927,3929,3928,3926,3920,3922,3923,3921,3921,3921,3921,3920,3919,3920,3920,3921,3918,3920,3920,3917,3919,3921,3918,3920,3919,3919,3919,3921,3920,3920,3920,3921,3919,3921,3919,3920,3919,3918,3923,3924,3929,3924,3928,3926,3934,3926,3938,3934,3938,3934,3936,3936,3940,3933,3927,3927,3936,3930,3934,3927,3927,3926,3926,3931,3928,3924,3928,3925,3928,3925,3919,3927,3927,3923,3926,3925,3924,3926,3925,3927,3931,3928,3931,3926,3924,3924,3939,3938,3933,3931,3936,3932,3933,3931,-0.45,SJNFAAZE1U0005576,117.83,13.04,9121.7392578125,79,75,0,0,0,0,15.5,99.17,-166075,100,1528026950.134,0,1,1,0,5,0,0,3,0,1,377.07,377.07,7F,1,1,1,0082,63,40,40,0,0,19,0.00
03/06/2018 12:55:54,55 59.40536,-2 30.55525,236,0,339,669562,1144818,377.09,-95.733,3943,3918,3928,25,0,107.9,42.1,104.0,40.0,none,none,94.8,34.9,3943,3939,3930,3931,3932,3925,3924,3925,3926,3921,3923,3922,3925,3923,3924,3922,3922,3920,3922,3922,3922,3919,3921,3922,3922,3923,3923,3923,3922,3918,3923,3923,3925,3922,3922,3922,3924,3922,3924,3921,3925,3922,3931,3925,3930,3928,3936,3926,3941,3937,3943,3937,3940,3936,3942,3936,3935,3928,3938,3930,3938,3931,3930,3929,3930,3930,3932,3932,3928,3927,3931,3927,3931,3930,3931,3927,3934,3925,3929,3929,3929,3928,3933,3930,3933,3930,3927,3932,3941,3938,3936,3934,3939,3933,3937,3931,-0.39,SJNFAAZE1U0005576,117.83,13.04,9121.7392578125,79,75,0,0,0,0,15.5,99.17,-166111,100,1528026954.119,0,1,1,0,5,0,0,3,0,1,376.95,376.95,7F,1,1,1,0082,63,40,40,0,0,19,0.00
03/06/2018 12:55:58,55 59.40536,-2 30.55525,236,0,339,670501,1144818,377.09,-94.298,3943,3919,3928,24,0,107.9,42.1,104.0,40.0,none,none,94.8,34.9,3943,3937,3930,3931,3931,3926,3925,3924,3926,3921,3923,3921,3924,3922,3922,3921,3923,3919,3922,3922,3922,3919,3922,3922,3922,3921,3922,3922,3922,3920,3923,3922,3925,3921,3921,3923,3923,3921,3923,3922,3925,3923,3932,3926,3930,3929,3936,3926,3940,3936,3942,3938,3939,3935,3941,3936,3932,3927,3938,3931,3938,3930,3930,3929,3930,3929,3931,3930,3928,3925,3930,3926,3929,3929,3930,3927,3930,3924,3928,3928,3929,3927,3934,3929,3934,3928,3926,3929,3942,3936,3936,3933,3939,3933,3936,3931,-0.39,SJNFAAZE1U0005576,117.83,13.04,9121.7392578125,79,75,0,0,0,0,15.5,99.17,-166150,100,1528026958.141,0,1,1,0,6,0,0,3,0,1,377.04,377.04,7F,1,1,1,0082,63,40,40,0,0,19,0.00
03/06/2018 12:56:02,55 59.40536,-2 30.55525,236,0,340,671394,1144818,377.57,-94.664,3947,3924,3933,23,0,107.6,42.0,104.0,40.0,none,none,94.8,34.9,3947,3943,3934,3935,3935,3931,3928,3930,3929,3927,3928,3926,3927,3928,3926,3927,3925,3925,3925,3926,3926,3925,3926,3927,3926,3929,3926,3926,3926,3924,3927,3927,3929,3927,3926,3927,3928,3928,3927,3926,3929,3928,3934,3931,3935,3933,3940,3931,3945,3942,3946,3943,3944,3940,3946,3940,3939,3933,3943,3936,3944,3935,3934,3934,3934,3935,3936,3936,3933,3932,3934,3932,3935,3934,3935,3931,3937,3930,3932,3932,3933,3933,3938,3936,3937,3934,3930,3937,3945,3943,3940,3940,3943,3938,3939,3937,-0.36,SJNFAAZE1U0005576,117.83,13.04,9121.7392578125,79,75,0,0,0,0,15.5,99.17,-166186,100,1528026962.065,0,1,1,0,5,0,0,3,0,1,376.99,376.99,7F,1,1,1,0082,63,40,40,0,0,19,0.00
03/06/2018 12:56:05,55 59.40536,-2 30.55525,236,0,340,672308,1144818,376.99,-92.834,3942,3918,3927,24,0,107.9,42.1,104.0,40.0,none,none,95.0,35.0,3942,3936,3929,3930,3932,3927,3924,3924,3926,3922,3923,3921,3925,3921,3922,3921,3922,3920,3921,3922,3922,3918,3920,3922,3921,3922,3922,3921,3921,3920,3922,3922,3923,3921,3921,3922,3922,3920,3922,3921,3926,3924,3930,3925,3930,3928,3935,3926,3941,3936,3941,3936,3938,3936,3941,3934,3928,3927,3938,3929,3936,3929,3930,3928,3930,3930,3931,3929,3928,3925,3930,3927,3924,3928,3930,3925,3928,3925,3928,3928,3928,3927,3933,3929,3933,3928,3925,3926,3942,3938,3936,3932,3939,3932,3936,3932,-0.39,SJNFAAZE1U0005576,117.83,13.04,9121.7392578125,79,75,0,0,0,0,15.5,99.17,-166224,100,1528026965.962,0,1,1,0,6,0,0,3,0,1,377.52,377.52,7F,1,1,1,0082,63,40,40,0,0,19,0.00
03/06/2018 12:56:09,55 59.40536,-2 30.55525,236,0,341,673175,1144818,377.57,-94.726,3948,3925,3933,23,0,107.9,42.1,104.2,40.1,none,none,95.0,35.0,3948,3943,3935,3937,3937,3933,3929,3931,3930,3928,3927,3928,3929,3929,3926,3927,3927,3927,3926,3928,3926,3925,3926,3928,3926,3929,3928,3928,3926,3925,3928,3928,3930,3927,3926,3928,3927,3928,3928,3927,3930,3929,3936,3931,3935,3934,3941,3933,3946,3942,3947,3943,3946,3942,3947,3941,3939,3934,3943,3937,3942,3935,3935,3934,3934,3937,3936,3936,3933,3932,3935,3932,3933,3935,3935,3932,3937,3930,3932,3933,3932,3934,3938,3937,3938,3934,3931,3935,3946,3943,3940,3940,3943,3939,3940,3937,-0.43,SJNFAAZE1U0005576,117.83,13.04,9121.7392578125,79,75,0,0,0,0,15.5,99.17,-166260,100,1528026969.584,0,1,1,0,5,0,0,3,0,1,377.34,377.34,7F,1,1,1,0082,63,40,40,0,0,19,0.00
03/06/2018 12:56:13,55 59.40536,-2 30.55525,236,0,341,673929,1144818,377.57,-94.482,3947,3924,3933,23,0,107.9,42.1,104.2,40.1,none,none,95.0,35.0,3947,3943,3935,3937,3936,3933,3930,3930,3931,3928,3928,3927,3929,3929,3927,3928,3927,3926,3927,3927,3927,3924,3926,3927,3927,3928,3928,3928,3927,3925,3929,3928,3930,3928,3926,3928,3927,3927,3929,3927,3930,3930,3936,3931,3935,3934,3940,3932,3946,3942,3947,3943,3945,3941,3946,3940,3938,3934,3943,3935,3943,3935,3934,3935,3936,3937,3935,3936,3934,3933,3936,3932,3933,3934,3935,3932,3936,3930,3933,3933,3934,3933,3938,3936,3938,3935,3931,3935,3946,3943,3940,3940,3944,3939,3941,3937,-0.40,SJNFAAZE1U0005576,117.83,13.04,9121.7392578125,79,75,0,0,0,0,15.5,99.17,-166291,100,1528026973.101,0,1,1,0,5,0,0,3,0,1,377.39,377.39,7F,1,1,1,0082,63,40,40,0,0,19,0.00
03/06/2018 12:56:17,55 59.40453,-2 30.55466,236,0,341,674843,1144818,377.28,-93.779,3945,3922,3930,23,0,107.9,42.1,104.2,40.1,none,none,95.2,35.1,3945,3940,3931,3934,3934,3931,3925,3927,3928,3926,3925,3925,3927,3925,3925,3924,3926,3925,3923,3925,3924,3922,3924,3925,3924,3925,3925,3925,3924,3924,3925,3925,3927,3925,3924,3927,3925,3924,3925,3923,3928,3928,3934,3929,3933,3932,3938,3932,3943,3939,3944,3940,3941,3940,3943,3938,3932,3931,3941,3934,3939,3931,3933,3931,3932,3935,3933,3930,3931,3930,3933,3930,3925,3931,3933,3929,3930,3929,3930,3930,3931,3931,3936,3932,3936,3931,3929,3927,3944,3942,3938,3935,3941,3936,3938,3936,-0.39,SJNFAAZE1U0005576,117.83,13.04,9121.7392578125,79,75,0,0,0,0,15.5,99.17,-166329,100,1528026977.193,0,1,1,0,5,0,0,3,0,1,377.80,377.80,7F,1,1,1,0082,63,40,40,0,0,19,0.00
03/06/2018 12:56:21,55 59.40475,-2 30.55484,236,0,342,675779,1144818,377.57,-94.116,3948,3923,3933,25,0,108.1,42.3,104.4,40.2,none,none,95.2,35.1,3948,3943,3935,3935,3937,3931,3930,3930,3931,3928,3928,3927,3930,3928,3928,3927,3927,3925,3927,3926,3927,3923,3926,3927,3926,3928,3928,3927,3928,3924,3928,3927,3929,3927,3927,3927,3928,3926,3929,3926,3930,3927,3936,3931,3935,3934,3941,3932,3946,3941,3948,3943,3945,3942,3947,3941,3937,3933,3944,3936,3945,3936,3935,3934,3935,3935,3937,3936,3933,3932,3936,3933,3934,3934,3937,3931,3936,3930,3933,3934,3934,3932,3938,3935,3939,3934,3932,3934,3946,3943,3941,3940,3945,3938,3940,3936,-0.40,SJNFAAZE1U0005576,117.83,13.04,9121.7392578125,79,75,0,0,0,0,15.5,99.17,-166367,100,1528026981.237,0,1,1,0,5,0,0,3,0,1,377.44,377.44,7F,1,1,1,0082,63,40,40,0,0,19,0.00
03/06/2018 12:56:25,55 59.4047,-2 30.55502,236,0,342,676670,1144818,377.86,-94.848,3950,3928,3936,22,0,107.9,42.1,104.2,40.1,none,none,95.2,35.1,3950,3945,3937,3939,3940,3937,3932,3933,3934,3932,3932,3930,3932,3931,3930,3930,3929,3930,3928,3930,3930,3928,3929,3931,3929,3930,3930,3929,3930,3930,3930,3931,3932,3931,3929,3932,3929,3929,3930,3929,3933,3934,3938,3934,3938,3937,3944,3936,3947,3945,3949,3946,3947,3946,3949,3944,3939,3937,3947,3939,3944,3938,3936,3937,3937,3942,3938,3936,3938,3935,3937,3935,3931,3937,3939,3934,3938,3935,3934,3936,3935,3936,3940,3938,3940,3936,3934,3935,3950,3948,3944,3942,3946,3942,3943,3941,-0.43,SJNFAAZE1U0005576,117.83,13.04,9121.7392578125,79,75,0,0,0,0,15.5,99.17,-166404,100,1528026985.184,0,1,1,0,5,0,0,3,0,1,377.94,377.94,7F,1,1,1,0082,63,40,40,0,0,19,0.00
03/06/2018 12:56:29,55 59.40469,-2 30.55499,236,0,343,677584,1144818,377.57,-93.627,3949,3924,3933,25,0,108.1,42.3,104.4,40.2,none,none,95.2,35.1,3949,3943,3935,3937,3938,3933,3929,3931,3932,3928,3928,3928,3930,3928,3928,3926,3928,3927,3927,3927,3928,3924,3927,3928,3927,3927,3928,3926,3926,3926,3929,3927,3929,3926,3927,3928,3929,3927,3928,3926,3931,3931,3937,3930,3937,3933,3942,3933,3947,3941,3948,3942,3945,3942,3947,3941,3935,3934,3945,3937,3942,3935,3935,3934,3935,3937,3937,3935,3934,3932,3936,3932,3931,3934,3936,3932,3935,3931,3933,3934,3934,3933,3939,3935,3940,3935,3932,3931,3948,3945,3941,3939,3945,3938,3942,3938,-0.42,SJNFAAZE1U0005576,117.83,13.04,9121.7392578125,79,75,0,0,0,0,15.5,99.17,-166442,100,1528026989.210,0,1,1,0,5,0,0,3,0,1,377.84,377.84,7F,1,1,1,0082,63,40,40,0,0,19,0.00
03/06/2018 12:56:33,55 59.40473,-2 30.55504,236,0,343,678497,1144818,377.95,-94.726,3951,3929,3937,22,0,108.1,42.3,104.4,40.2,none,none,95.2,35.1,3951,3946,3937,3941,3941,3937,3931,3934,3934,3933,3932,3933,3933,3932,3930,3931,3931,3932,3929,3930,3931,3929,3931,3932,3929,3932,3930,3931,3930,3931,3931,3932,3933,3931,3931,3933,3930,3930,3930,3931,3935,3935,3940,3936,3940,3938,3946,3937,3949,3946,3950,3947,3949,3947,3951,3945,3938,3938,3949,3941,3946,3938,3937,3938,3937,3943,3939,3936,3938,3936,3939,3937,3932,3938,3940,3936,3938,3936,3936,3937,3937,3938,3942,3939,3942,3937,3935,3936,3951,3949,3945,3943,3948,3943,3945,3943,-0.40,SJNFAAZE1U0005576,117.83,13.04,9121.7392578125,79,75,0,0,0,0,15.5,99.17,-166479,100,1528026993.079,0,1,1,0,6,0,0,3,0,1,377.76,377.76,7F,1,1,1,0082,63,40,40,0,0,19,0.00
03/06/2018 12:56:37,55 59.4046,-2 30.55451,229,0,344,679388,1144818,378.05,-94.512,3953,3930,3938,23,0,108.1,42.3,104.4,40.2,none,none,95.2,35.1,3953,3948,3940,3942,3942,3939,3934,3936,3936,3934,3933,3933,3934,3933,3931,3932,3933,3934,3930,3932,3932,3930,3931,3934,3932,3933,3932,3933,3933,3932,3932,3934,3934,3933,3932,3934,3933,3932,3932,3932,3935,3935,3940,3936,3941,3940,3947,3938,3950,3946,3951,3948,3951,3950,3952,3946,3941,3939,3948,3943,3947,3940,3939,3939,3940,3945,3940,3938,3940,3937,3942,3939,3934,3939,3941,3937,3940,3938,3938,3938,3939,3939,3943,3941,3943,3939,3937,3938,3953,3950,3946,3944,3949,3945,3946,3944,-0.38,SJNFAAZE1U0005576,117.83,13.04,9121.7392578125,79,75,0,0,0,0,15.5,99.17,-166516,100,1528026997.100,0,1,1,0,6,0,0,3,0,1,377.84,377.84,7F,1,1,1,0082,63,40,40,0,0,19,0.00
03/06/2018 12:56:41,55 59.40502,-2 30.55487,232,0,344,680279,1144818,378.14,-95.367,3954,3930,3939,24,0,108.1,42.3,104.4,40.2,none,none,95.4,35.2,3954,3949,3940,3942,3943,3940,3935,3935,3937,3934,3935,3934,3936,3934,3932,3932,3933,3935,3932,3933,3933,3930,3932,3933,3932,3934,3933,3934,3932,3933,3933,3934,3936,3934,3932,3936,3934,3933,3934,3933,3937,3936,3942,3937,3942,3940,3947,3940,3952,3948,3953,3949,3951,3948,3952,3946,3942,3939,3950,3943,3949,3941,3940,3941,3940,3945,3942,3940,3940,3938,3942,3939,3936,3940,3941,3938,3941,3938,3939,3939,3940,3939,3945,3941,3943,3940,3937,3939,3953,3951,3947,3945,3950,3946,3947,3945,-0.44,SJNFAAZE1U0005576,117.83,13.04,9121.7392578125,79,75,0,0,0,0,15.5,99.17,-166553,100,1528027001.048,0,1,1,0,5,0,0,3,0,1,378.02,378.02,7F,1,1,1,0082,63,40,40,0,0,19,0.00
03/06/2018 12:56:45,55 59.4056,-2 30.55541,232,0,345,681193,1144818,378.05,-94.237,3952,3930,3938,22,0,108.4,42.4,104.4,40.2,none,none,95.4,35.2,3952,3948,3939,3942,3942,3940,3934,3935,3937,3933,3933,3933,3934,3933,3932,3931,3932,3934,3931,3931,3932,3930,3932,3934,3931,3933,3932,3931,3931,3934,3932,3932,3934,3932,3932,3935,3932,3933,3934,3931,3935,3935,3940,3936,3940,3939,3946,3938,3951,3945,3952,3948,3950,3949,3952,3945,3939,3939,3949,3942,3946,3940,3940,3939,3939,3944,3940,3937,3939,3937,3941,3938,3932,3939,3941,3937,3939,3937,3938,3939,3939,3939,3943,3941,3943,3938,3936,3935,3952,3951,3945,3942,3949,3945,3946,3944,-0.44,SJNFAAZE1U0005576,117.83,13.04,9121.7392578125,79,75,0,0,0,0,15.5,99.17,-166590,100,1528027005.121,0,1,1,0,6,0,0,3,0,1,378.30,378.30,7F,1,1,1,0082,63,40,40,0,0,19,0.00
03/06/2018 12:56:49,55 59.40549,-2 30.55509,229,0,345,682105,1144818,378.43,-94.726,3956,3934,3942,22,0,108.1,42.3,104.7,40.4,none,none,95.4,35.2,3956,3953,3942,3946,3945,3943,3936,3938,3939,3938,3937,3937,3937,3937,3935,3935,3936,3937,3935,3935,3936,3934,3936,3937,3935,3937,3936,3936,3934,3936,3937,3936,3938,3935,3936,3938,3936,3936,3936,3936,3939,3939,3944,3941,3944,3943,3950,3943,3953,3951,3955,3951,3954,3953,3956,3949,3945,3942,3953,3945,3950,3944,3944,3944,3943,3947,3944,3942,3943,3941,3944,3941,3938,3943,3944,3941,3943,3941,3941,3942,3942,3942,3947,3944,3947,3943,3940,3942,3955,3953,3949,3947,3954,3947,3949,3948,-0.42,SJNFAAZE1U0005576,117.83,13.04,9121.7392578125,79,75,0,0,0,0,15.5,99.17,-166628,100,1528027009.091,0,1,1,0,5,0,0,3,0,1,378.40,378.40,7F,1,1,1,0082,63,40,40,0,0,19,0.00
03/06/2018 12:56:52,55 59.40527,-2 30.55471,229,0,346,683042,1144818,378.53,-95.367,3958,3934,3943,24,0,108.4,42.4,104.7,40.4,none,none,95.4,35.2,3958,3952,3944,3945,3946,3941,3940,3939,3940,3938,3938,3936,3939,3937,3937,3935,3937,3936,3937,3936,3937,3934,3936,3936,3937,3938,3938,3937,3937,3935,3938,3938,3938,3937,3937,3937,3937,3936,3938,3936,3939,3938,3945,3941,3946,3943,3951,3943,3954,3951,3957,3952,3954,3952,3956,3949,3947,3943,3953,3946,3953,3946,3944,3944,3945,3946,3946,3946,3944,3942,3945,3941,3943,3944,3945,3940,3945,3940,3942,3944,3942,3942,3949,3945,3948,3944,3941,3945,3956,3953,3951,3950,3955,3948,3950,3947,-0.40,SJNFAAZE1U0005576,117.83,13.04,9121.7392578125,79,75,0,0,0,0,15.5,99.17,-166666,100,1528027012.959,0,1,1,0,5,0,0,3,0,1,378.18,378.18,7F,1,1,1,0082,63,40,40,0,0,19,0.00
03/06/2018 12:56:56,55 59.40529,-2 30.55471,229,0,346,683910,1144818,378.43,-93.963,3957,3933,3942,24,0,108.4,42.4,104.7,40.4,none,none,95.4,35.2,3957,3952,3944,3945,3947,3939,3938,3939,3940,3937,3938,3936,3939,3936,3937,3936,3937,3934,3936,3936,3937,3933,3935,3936,3935,3936,3937,3935,3936,3933,3937,3936,3940,3935,3936,3937,3937,3936,3938,3935,3939,3936,3946,3940,3945,3942,3951,3942,3955,3950,3957,3951,3953,3950,3957,3950,3946,3942,3952,3944,3953,3945,3944,3943,3944,3944,3945,3946,3943,3941,3945,3940,3942,3943,3944,3941,3945,3939,3942,3943,3942,3942,3947,3944,3947,3944,3941,3944,3956,3952,3951,3948,3953,3948,3950,3946,-0.44,SJNFAAZE1U0005576,117.83,13.04,9121.7392578125,79,75,0,0,0,0,15.5,99.17,-166702,100,1528027016.901,0,1,1,0,5,0,0,3,0,1,378.35,378.35,7F,1,1,1,0082,63,40,40,0,0,11,0.00
03/06/2018 12:57:00,55 59.4053,-2 30.55472,229,0,346,684800,1144818,378.62,-93.383,3959,3935,3944,24,0,108.4,42.4,104.7,40.4,none,none,95.4,35.2,3959,3953,3946,3947,3948,3942,3940,3940,3942,3937,3939,3938,3940,3937,3938,3938,3937,3935,3937,3937,3937,3935,3936,3938,3936,3938,3938,3937,3938,3935,3939,3937,3940,3937,3937,3938,3937,3937,3939,3936,3940,3938,3947,3942,3946,3943,3952,3942,3957,3951,3958,3953,3955,3952,3957,3952,3948,3943,3953,3946,3955,3946,3945,3944,3945,3946,3947,3947,3943,3942,3946,3941,3945,3945,3946,3943,3947,3940,3943,3945,3944,3944,3948,3944,3950,3945,3943,3945,3958,3954,3951,3950,3955,3948,3951,3947,0.14,SJNFAAZE1U0005576,117.83,13.12,9121.7392578125,79,75,0,0,0,0,15.5,99.17,-166739,100,1528027020.847,0,2,1,0,5,0,0,3,0,1,378.48,378.48,7F,1,1,1,0082,63,40,40,0,0,19,0.00
03/06/2018 12:57:04,55 59.40527,-2 30.55471,229,0,347,685690,1144818,378.72,-94.604,3961,3936,3945,25,0,108.4,42.4,104.9,40.5,none,none,95.6,35.3,3961,3955,3948,3949,3948,3943,3942,3941,3943,3939,3941,3939,3942,3939,3940,3939,3939,3936,3939,3939,3939,3936,3940,3938,3939,3940,3940,3940,3939,3936,3940,3941,3942,3938,3939,3939,3940,3939,3941,3939,3942,3939,3948,3943,3948,3946,3954,3944,3959,3954,3960,3955,3958,3954,3959,3952,3950,3945,3955,3948,3957,3948,3948,3946,3947,3947,3949,3949,3946,3945,3948,3944,3948,3948,3949,3944,3949,3943,3945,3947,3945,3945,3951,3948,3952,3947,3944,3948,3959,3956,3953,3952,3956,3950,3952,3949,-0.06,SJNFAAZE1U0005576,117.83,13.44,9121.7392578125,79,75,0,0,0,0,15.5,99.17,-166776,100,1528027024.743,0,1,1,0,6,0,0,3,0,1,378.44,378.44,7F,1,1,1,0082,63,40,40,0,0,19,0.00
03/06/2018 12:57:08,55 59.40526,-2 30.55472,229,0,347,686558,1144818,379.01,-94.146,3962,3941,3948,21,0,108.4,42.4,104.7,40.4,none,none,95.6,35.3,3962,3959,3950,3951,3952,3947,3945,3945,3945,3943,3942,3943,3945,3944,3942,3942,3942,3941,3941,3943,3942,3941,3941,3943,3941,3944,3943,3942,3942,3941,3942,3943,3944,3942,3942,3943,3943,3943,3943,3943,3944,3945,3951,3947,3951,3950,3956,3949,3961,3957,3962,3959,3960,3958,3962,3956,3954,3949,3959,3951,3959,3950,3950,3950,3949,3952,3951,3951,3949,3948,3949,3948,3948,3950,3951,3947,3952,3945,3947,3949,3948,3948,3953,3951,3953,3950,3946,3951,3962,3959,3956,3955,3959,3954,3955,3954,-0.12,SJNFAAZE1U0005576,117.83,13.68,9121.7392578125,79,75,0,0,0,0,15.5,99.17,-166811,100,1528027028.644,0,1,1,0,5,0,0,3,0,1,378.64,378.64,7F,1,1,1,0082,63,40,40,0,0,19,0.00
03/06/2018 12:57:12,55 59.40526,-2 30.55472,229,0,348,687470,1144818,378.82,-94.421,3961,3937,3946,24,0,108.4,42.4,104.9,40.5,none,none,95.6,35.3,3961,3957,3947,3950,3949,3948,3942,3943,3944,3942,3942,3942,3942,3940,3940,3939,3940,3942,3939,3941,3940,3937,3939,3942,3939,3940,3941,3939,3939,3940,3941,3941,3943,3941,3940,3942,3940,3941,3941,3940,3944,3944,3950,3944,3949,3948,3955,3946,3959,3955,3960,3956,3958,3958,3959,3953,3948,3947,3958,3950,3955,3948,3948,3948,3947,3952,3948,3946,3946,3945,3949,3947,3940,3947,3948,3944,3947,3946,3945,3946,3947,3947,3952,3949,3951,3946,3944,3944,3960,3958,3953,3952,3958,3953,3954,3952,-0.12,SJNFAAZE1U0005576,117.83,14.00,9121.7392578125,79,75,0,0,0,0,15.5,99.17,-166849,100,1528027032.721,0,1,1,0,5,0,0,3,0,1,378.92,378.92,7F,1,1,1,0082,63,40,40,0,0,19,0.00
03/06/2018 12:57:16,55 59.40529,-2 30.55473,232,0,348,688429,1144818,379.30,-94.176,3965,3941,3951,24,0,108.6,42.6,104.9,40.5,none,none,95.6,35.3,3965,3962,3952,3954,3954,3948,3947,3948,3948,3946,3945,3944,3946,3946,3944,3945,3943,3942,3944,3945,3944,3942,3944,3945,3942,3945,3944,3946,3944,3941,3945,3945,3946,3945,3944,3945,3945,3945,3945,3944,3946,3946,3954,3949,3953,3951,3958,3950,3963,3960,3965,3961,3963,3957,3964,3959,3958,3950,3961,3953,3961,3954,3952,3953,3952,3953,3954,3955,3951,3949,3952,3950,3952,3953,3953,3951,3954,3947,3949,3951,3950,3951,3955,3953,3956,3952,3949,3955,3962,3960,3957,3959,3962,3956,3958,3955,-0.12,SJNFAAZE1U0005576,117.83,14.32,9121.7392578125,79,75,0,0,0,0,15.5,99.17,-166889,100,1528027036.857,0,1,1,0,5,0,0,3,0,1,378.82,378.82,7F,1,1,1,0082,63,40,40,0,0,19,0.00
03/06/2018 12:57:20,55 59.4053,-2 30.55473,232,0,349,689319,1144818,378.82,-93.627,3961,3935,3946,26,0,108.6,42.6,104.9,40.5,none,none,95.6,35.3,3960,3955,3947,3948,3950,3945,3942,3942,3944,3941,3941,3940,3942,3940,3939,3939,3940,3940,3939,3939,3940,3935,3940,3940,3939,3940,3940,3938,3940,3939,3941,3939,3942,3939,3940,3941,3940,3938,3940,3938,3943,3943,3949,3943,3949,3946,3954,3945,3958,3954,3959,3955,3956,3955,3960,3951,3947,3945,3957,3948,3954,3947,3947,3947,3948,3950,3950,3946,3947,3945,3949,3945,3941,3946,3947,3944,3947,3945,3946,3946,3945,3945,3952,3948,3951,3946,3945,3943,3961,3957,3953,3950,3957,3951,3954,3951,-0.14,SJNFAAZE1U0005576,117.83,14.40,9121.7392578125,79,75,0,0,0,0,15.5,99.17,-166925,100,1528027040.861,0,1,1,0,5,0,0,3,0,1,379.20,379.20,7F,1,1,1,0082,63,40,40,0,0,19,0.00
03/06/2018 12:57:24,55 59.4053,-2 30.55474,232,0,349,690255,1144818,379.20,-94.482,3965,3942,3950,23,0,108.6,42.6,104.9,40.5,none,none,95.6,35.3,3965,3960,3951,3954,3954,3951,3945,3947,3948,3946,3944,3946,3946,3945,3943,3943,3944,3945,3942,3943,3945,3942,3943,3945,3944,3945,3943,3944,3943,3945,3943,3945,3945,3944,3944,3946,3945,3944,3944,3945,3948,3948,3953,3949,3952,3952,3958,3951,3962,3959,3963,3960,3962,3961,3963,3958,3952,3951,3961,3955,3959,3952,3951,3951,3951,3957,3953,3950,3952,3950,3953,3950,3945,3952,3953,3949,3951,3949,3949,3951,3950,3951,3956,3953,3955,3950,3948,3950,3964,3962,3958,3957,3962,3957,3958,3956,-0.16,SJNFAAZE1U0005576,117.83,14.40,9121.7392578125,79,75,0,0,0,0,15.5,99.17,-166964,100,1528027044.681,0,1,1,0,5,0,0,3,0,1,379.26,379.26,7F,1,1,1,0082,63,40,40,0,0,19,0.00
03/06/2018 12:57:28,55 59.4053,-2 30.55474,232,0,350,691144,1144818,379.39,-93.627,3966,3943,3952,23,0,108.6,42.6,104.9,40.5,none,none,95.8,35.4,3966,3962,3953,3955,3955,3950,3949,3949,3950,3946,3948,3945,3949,3947,3947,3945,3946,3943,3945,3945,3945,3943,3944,3946,3945,3947,3946,3946,3946,3943,3947,3946,3947,3945,3945,3946,3948,3945,3948,3947,3950,3946,3955,3950,3954,3952,3960,3950,3965,3960,3966,3961,3963,3959,3966,3959,3958,3952,3963,3954,3963,3955,3954,3952,3954,3953,3956,3956,3952,3950,3953,3950,3953,3954,3955,3951,3956,3949,3952,3953,3952,3951,3957,3953,3958,3954,3951,3956,3965,3961,3959,3958,3963,3957,3958,3956,-0.14,SJNFAAZE1U0005576,117.83,14.40,9121.7392578125,79,75,0,0,0,0,15.5,99.17,-167000,100,1528027048.854,0,1,1,0,5,0,0,3,0,1,379.22,379.22,7F,1,1,1,0082,63,40,40,0,0,19,0.00
03/06/2018 12:57:32,55 59.4053,-2 30.55473,232,0,350,692080,1144818,379.20,-93.413,3965,3941,3950,24,0,108.9,42.7,105.1,40.6,none,none,95.8,35.4,3965,3960,3951,3954,3954,3951,3946,3947,3948,3945,3944,3945,3946,3945,3945,3943,3944,3944,3943,3944,3944,3941,3943,3945,3943,3945,3945,3944,3943,3944,3944,3944,3946,3944,3944,3947,3946,3944,3945,3943,3948,3948,3953,3949,3952,3952,3959,3951,3963,3958,3964,3960,3960,3960,3963,3958,3952,3950,3962,3954,3959,3952,3952,3951,3952,3955,3953,3949,3950,3949,3953,3950,3944,3951,3952,3948,3951,3948,3949,3950,3950,3951,3955,3951,3955,3950,3949,3948,3964,3961,3958,3955,3961,3956,3957,3955,-0.18,SJNFAAZE1U0005576,117.83,14.40,9121.7392578125,79,75,0,0,0,0,15.5,99.17,-167039,100,1528027052.897,0,1,1,0,6,0,0,3,0,1,379.63,379.63,7F,1,1,1,0082,63,40,40,0,0,19,0.00
03/06/2018 12:57:36,55 59.4053,-2 30.55473,232,0,351,693016,1144818,379.20,-94.237,3965,3942,3950,23,0,108.9,42.7,105.1,40.6,none,none,95.8,35.4,3965,3960,3952,3954,3955,3949,3948,3947,3949,3946,3946,3944,3947,3945,3944,3943,3945,3943,3943,3943,3945,3942,3945,3945,3944,3944,3945,3944,3944,3943,3945,3945,3947,3944,3943,3946,3945,3944,3946,3944,3948,3946,3953,3948,3954,3951,3959,3950,3963,3958,3965,3959,3961,3960,3965,3957,3952,3951,3962,3952,3960,3953,3953,3952,3952,3954,3953,3950,3951,3950,3954,3949,3947,3951,3953,3949,3952,3949,3951,3952,3951,3950,3956,3952,3956,3952,3949,3949,3964,3962,3958,3956,3962,3956,3958,3955,-0.20,SJNFAAZE1U0005576,117.83,14.40,9121.7392578125,79,75,0,0,0,0,15.5,99.17,-167078,100,1528027056.868,0,1,1,0,5,0,0,3,0,1,379.67,379.67,7F,1,1,1,0082,63,40,40,0,0,19,0.00
03/06/2018 12:57:40,55 59.40529,-2 30.55474,232,0,351,693883,1144818,379.78,-94.207,3970,3946,3956,24,0,108.9,42.7,105.1,40.6,none,none,95.8,35.4,3970,3966,3957,3959,3959,3955,3952,3953,3953,3950,3951,3949,3951,3951,3949,3949,3949,3947,3949,3950,3949,3947,3948,3950,3948,3951,3949,3950,3949,3946,3950,3950,3951,3949,3948,3950,3951,3949,3951,3949,3952,3950,3958,3953,3957,3956,3963,3955,3968,3965,3969,3966,3968,3963,3969,3963,3961,3955,3965,3958,3966,3958,3957,3957,3958,3959,3959,3959,3956,3954,3957,3956,3956,3957,3958,3954,3960,3952,3955,3956,3955,3955,3960,3958,3961,3957,3952,3958,3969,3965,3961,3962,3966,3963,3962,3960,-0.18,SJNFAAZE1U0005576,117.83,14.40,9121.7392578125,79,75,0,0,0,0,15.5,99.17,-167113,100,1528027060.707,0,1,1,0,6,0,0,3,0,1,379.37,379.37,7F,1,1,1,0082,63,40,40,0,0,19,0.00
03/06/2018 12:57:44,55 59.40529,-2 30.55474,232,0,351,694773,1144818,379.58,-93.566,3969,3944,3954,25,0,109.1,42.9,105.1,40.6,none,none,95.8,35.4,3969,3963,3956,3957,3956,3951,3950,3950,3952,3948,3950,3947,3951,3948,3948,3947,3948,3946,3947,3946,3948,3944,3946,3948,3947,3947,3949,3947,3948,3946,3949,3947,3950,3947,3946,3948,3949,3947,3949,3948,3951,3948,3956,3951,3955,3953,3962,3953,3967,3962,3969,3963,3964,3962,3968,3961,3957,3953,3965,3956,3964,3956,3956,3954,3955,3955,3957,3956,3955,3953,3956,3952,3952,3955,3956,3952,3956,3950,3954,3955,3954,3954,3960,3955,3960,3955,3951,3954,3968,3965,3962,3959,3966,3958,3961,3957,-0.22,SJNFAAZE1U0005576,117.83,14.40,9121.7392578125,79,75,0,0,0,0,15.5,99.17,-167150,100,1528027064.670,0,1,1,0,5,0,0,3,0,1,379.62,379.62,7F,1,1,1,0082,63,40,40,0,0,19,0.00
03/06/2018 12:57:48,55 59.40529,-2 30.55474,232,0,352,695640,1144818,379.58,-94.115,3969,3945,3954,24,0,108.9,42.7,105.1,40.6,none,none,95.8,35.4,3969,3964,3955,3957,3957,3954,3949,3950,3952,3949,3949,3949,3950,3950,3948,3948,3949,3949,3946,3947,3948,3945,3947,3948,3947,3948,3948,3948,3947,3948,3948,3948,3950,3948,3947,3950,3948,3948,3949,3947,3952,3951,3957,3951,3956,3956,3963,3954,3966,3962,3967,3963,3965,3963,3967,3961,3956,3955,3965,3958,3962,3955,3956,3955,3955,3959,3956,3953,3955,3953,3956,3954,3947,3954,3955,3952,3954,3953,3953,3954,3953,3955,3960,3956,3959,3955,3952,3953,3968,3965,3962,3959,3965,3960,3961,3960,-0.19,SJNFAAZE1U0005576,117.83,14.40,9121.7392578125,79,75,0,0,0,0,15.5,99.17,-167186,100,1528027068.401,0,1,1,0,6,0,0,3,0,1,379.85,379.85,7F,1,1,1,0082,63,40,40,0,0,19,0.00
03/06/2018 12:57:51,55 59.4054,-2 30.55554,229,0,352,696462,1144818,379.87,-93.596,3972,3948,3957,24,0,108.9,42.7,105.1,40.6,none,none,96.0,35.6,3972,3967,3958,3959,3960,3955,3954,3953,3954,3951,3952,3950,3954,3951,3952,3951,3951,3948,3950,3951,3950,3948,3950,3949,3951,3952,3953,3951,3950,3948,3952,3951,3953,3949,3950,3952,3952,3950,3952,3950,3955,3950,3960,3954,3960,3957,3965,3956,3970,3965,3972,3967,3968,3965,3971,3964,3962,3956,3968,3960,3967,3960,3960,3959,3960,3958,3961,3960,3958,3956,3959,3955,3959,3958,3961,3955,3960,3954,3957,3958,3958,3956,3962,3959,3963,3958,3956,3959,3970,3967,3965,3964,3968,3962,3965,3960,-0.23,SJNFAAZE1U0005576,117.83,14.40,9121.7392578125,79,75,0,0,0,0,15.5,99.17,-167220,100,1528027071.984,0,1,1,0,5,0,0,3,0,1,379.99,379.99,7F,1,1,1,0082,63,40,40,0,0,19,0.00
03/06/2018 12:57:55,55 59.40532,-2 30.55576,229,0,353,697283,1144818,379.97,-93.200,3974,3948,3958,26,0,108.9,42.7,105.1,40.6,none,none,96.0,35.6,3974,3968,3960,3960,3961,3956,3955,3954,3954,3952,3953,3951,3955,3953,3953,3952,3952,3948,3952,3951,3951,3949,3950,3952,3952,3953,3951,3951,3951,3948,3952,3952,3953,3951,3951,3952,3953,3952,3953,3951,3955,3953,3961,3955,3960,3958,3966,3956,3971,3966,3972,3968,3970,3966,3972,3965,3962,3956,3968,3960,3967,3959,3961,3959,3960,3959,3962,3962,3959,3956,3959,3957,3959,3959,3961,3956,3961,3955,3957,3958,3958,3957,3964,3960,3963,3959,3956,3961,3972,3968,3966,3964,3969,3963,3966,3962,-0.20,SJNFAAZE1U0005576,117.83,14.40,9121.7392578125,79,75,0,0,0,0,15.5,99.17,-167253,100,1528027075.703,0,1,1,0,5,0,0,3,0,1,379.93,379.93,7F,1,1,1,0082,63,40,40,0,0,19,0.00
03/06/2018 12:57:59,55 59.40532,-2 30.55576,229,0,353,698127,1144818,380.06,-93.810,3974,3949,3959,25,0,108.9,42.7,105.3,40.8,none,none,96.0,35.6,3974,3969,3961,3961,3963,3956,3956,3955,3957,3953,3953,3952,3957,3953,3953,3952,3953,3951,3953,3952,3953,3951,3952,3952,3953,3954,3954,3953,3952,3949,3954,3953,3956,3952,3952,3954,3954,3953,3954,3952,3956,3954,3962,3958,3962,3959,3967,3958,3973,3968,3974,3969,3970,3967,3972,3966,3964,3959,3969,3961,3969,3962,3961,3960,3962,3962,3962,3962,3961,3958,3961,3958,3960,3960,3962,3957,3962,3956,3959,3960,3959,3959,3964,3961,3965,3960,3958,3962,3972,3969,3967,3966,3970,3965,3966,3963,-0.20,SJNFAAZE1U0005576,117.83,14.40,9121.7392578125,79,75,0,0,0,0,15.5,99.17,-167288,100,1528027079.222,0,1,1,0,6,0,0,3,0,1,379.98,379.98,7F,1,1,1,0082,63,40,40,0,0,19,0.00
03/06/2018 12:58:02,55 59.40532,-2 30.55576,229,0,354,698950,1144818,380.35,-94.573,3977,3953,3962,24,0,109.1,42.9,105.3,40.8,none,none,96.0,35.6,3976,3972,3963,3965,3965,3961,3959,3960,3959,3957,3956,3956,3958,3958,3956,3957,3956,3954,3954,3956,3956,3953,3955,3956,3955,3958,3957,3956,3954,3955,3957,3957,3958,3956,3955,3958,3957,3957,3957,3957,3959,3958,3965,3960,3964,3963,3969,3961,3976,3971,3977,3972,3975,3971,3976,3970,3968,3963,3974,3965,3972,3965,3964,3964,3963,3965,3965,3965,3963,3960,3964,3962,3961,3965,3965,3961,3965,3958,3962,3962,3962,3963,3967,3964,3967,3963,3960,3965,3975,3972,3969,3969,3973,3968,3969,3966,-0.23,SJNFAAZE1U0005576,117.83,14.40,9121.7392578125,79,75,0,0,0,0,15.5,99.17,-167322,100,1528027082.891,0,1,1,0,5,0,0,3,0,1,379.92,379.92,7F,1,1,1,0082,63,40,40,0,0,19,0.00
03/06/2018 12:58:06,55 59.40436,-2 30.56264,226,0,354,699771,1144818,380.06,-94.543,3975,3950,3959,25,0,109.1,42.9,105.3,40.8,none,none,96.2,35.7,3975,3969,3960,3963,3963,3960,3955,3956,3956,3955,3954,3954,3956,3954,3953,3952,3954,3954,3952,3953,3953,3950,3952,3955,3950,3954,3952,3953,3953,3953,3953,3953,3955,3954,3953,3956,3952,3953,3954,3953,3956,3957,3961,3957,3961,3960,3967,3960,3971,3968,3973,3969,3972,3969,3973,3966,3960,3960,3970,3963,3967,3961,3961,3961,3961,3966,3962,3958,3959,3957,3962,3960,3954,3960,3961,3957,3960,3958,3959,3959,3960,3960,3965,3961,3963,3959,3957,3958,3973,3971,3967,3964,3971,3966,3968,3964,-0.21,SJNFAAZE1U0005576,117.83,14.40,9121.7392578125,79,75,0,0,0,0,15.5,99.17,-167356,100,1528027086.608,0,1,1,0,5,0,0,3,0,1,380.07,380.07,7F,1,1,1,0082,63,40,40,0,0,19,0.00
03/06/2018 12:58:10,55 59.40366,-2 30.56176,226,0,354,700616,1144818,380.16,-94.756,3975,3951,3960,24,0,109.1,42.9,105.3,40.8,none,none,96.0,35.6,3975,3969,3960,3963,3964,3961,3954,3957,3958,3954,3955,3954,3956,3955,3954,3953,3954,3954,3952,3953,3954,3951,3953,3955,3952,3954,3953,3953,3953,3954,3954,3955,3956,3955,3953,3955,3954,3954,3955,3954,3957,3958,3962,3958,3962,3961,3968,3960,3972,3968,3973,3970,3970,3971,3972,3967,3961,3960,3971,3963,3968,3962,3962,3961,3962,3966,3962,3959,3961,3958,3963,3960,3954,3962,3962,3958,3960,3958,3959,3960,3960,3961,3965,3962,3965,3961,3958,3957,3973,3972,3966,3965,3971,3965,3968,3965,-0.23,SJNFAAZE1U0005576,117.83,14.40,9121.7392578125,79,75,0,0,0,0,15.5,99.17,-167391,100,1528027090.221,0,1,1,0,5,0,0,3,0,1,380.39,380.39,7F,1,1,1,0082,63,40,40,0,0,19,0.00
03/06/2018 12:58:13,55 59.40516,-2 30.56041,216,0,355,701438,1144818,380.26,-93.139,3976,3951,3961,25,0,109.1,42.9,105.6,40.9,none,none,96.2,35.7,3976,3970,3962,3964,3964,3961,3957,3957,3958,3956,3957,3956,3957,3955,3955,3953,3955,3953,3953,3953,3956,3951,3956,3955,3954,3955,3955,3953,3954,3955,3956,3954,3957,3954,3955,3957,3956,3954,3956,3954,3959,3957,3964,3959,3963,3962,3970,3960,3974,3969,3975,3970,3972,3971,3974,3968,3963,3961,3972,3964,3970,3963,3963,3961,3962,3965,3964,3962,3962,3959,3964,3959,3956,3962,3963,3959,3962,3959,3961,3961,3962,3961,3966,3963,3967,3961,3959,3959,3974,3972,3969,3966,3973,3966,3969,3966,-0.23,SJNFAAZE1U0005576,117.83,14.40,9121.7392578125,79,75,0,0,0,0,15.5,99.17,-167425,100,1528027093.852,0,1,1,0,5,0,0,3,0,1,380.73,380.73,7F,1,1,1,0082,63,40,40,0,0,19,0.00
03/06/2018 12:58:17,55 59.40522,-2 30.55904,229,0,355,702327,1144818,380.64,-94.909,3980,3956,3965,24,0,109.4,43.0,105.3,40.8,none,none,96.2,35.7,3980,3976,3966,3969,3968,3964,3961,3962,3963,3960,3961,3959,3961,3960,3960,3959,3958,3959,3957,3959,3959,3956,3957,3960,3958,3960,3960,3959,3958,3957,3960,3960,3961,3959,3957,3960,3960,3960,3960,3959,3962,3961,3967,3964,3967,3966,3974,3965,3977,3974,3979,3975,3977,3974,3979,3973,3970,3966,3976,3969,3975,3967,3966,3967,3967,3969,3968,3967,3966,3963,3967,3964,3963,3967,3967,3965,3968,3963,3964,3965,3964,3964,3970,3967,3971,3966,3963,3965,3978,3976,3972,3972,3976,3971,3973,3971,-0.26,SJNFAAZE1U0005576,117.83,14.40,9121.7392578125,79,75,0,0,0,0,15.5,99.17,-167461,100,1528027097.870,0,1,1,0,5,0,0,3,0,1,380.28,380.28,7F,1,1,1,0082,63,40,40,0,0,19,0.00
03/06/2018 12:58:21,55 59.40514,-2 30.55809,229,0,356,703195,1144818,380.45,-93.810,3977,3955,3963,22,0,109.4,43.0,105.6,40.9,none,none,96.4,35.8,3977,3972,3964,3966,3967,3964,3959,3960,3961,3959,3957,3958,3958,3958,3955,3957,3957,3958,3956,3956,3957,3955,3955,3958,3956,3958,3957,3956,3956,3957,3957,3957,3959,3958,3957,3959,3957,3957,3957,3957,3960,3961,3965,3962,3965,3964,3972,3964,3976,3972,3977,3973,3975,3973,3977,3970,3963,3963,3974,3967,3972,3965,3965,3965,3965,3969,3965,3962,3964,3962,3965,3962,3958,3964,3965,3961,3964,3962,3963,3962,3964,3964,3969,3966,3968,3964,3961,3960,3977,3975,3971,3968,3974,3969,3972,3969,-0.23,SJNFAAZE1U0005576,117.83,14.40,9121.7392578125,79,75,0,0,0,0,15.5,99.17,-167497,100,1528027101.706,0,1,1,0,5,0,0,3,0,1,380.85,380.85,7F,1,1,1,0082,63,40,40,0,0,19,0.00
03/06/2018 12:58:25,55 59.40478,-2 30.55709,232,0,356,704062,1144818,380.83,-93.444,3982,3957,3967,25,0,109.4,43.0,105.6,40.9,none,none,96.2,35.7,3982,3976,3968,3969,3969,3963,3964,3963,3964,3962,3962,3960,3964,3962,3962,3961,3961,3957,3961,3961,3961,3958,3959,3960,3961,3961,3962,3960,3961,3958,3962,3961,3963,3961,3960,3961,3963,3960,3962,3960,3963,3961,3970,3965,3969,3967,3974,3965,3980,3975,3981,3977,3978,3974,3980,3974,3973,3967,3978,3970,3978,3969,3969,3967,3969,3968,3970,3971,3967,3965,3968,3965,3969,3969,3969,3965,3970,3963,3966,3968,3966,3967,3972,3968,3973,3969,3965,3970,3981,3976,3975,3975,3979,3972,3974,3970,-0.23,SJNFAAZE1U0005576,117.83,14.40,9121.7392578125,79,75,0,0,0,0,15.5,99.17,-167533,100,1528027105.390,0,1,1,0,5,0,0,3,0,1,380.69,380.69,7F,1,1,1,0082,63,40,40,0,0,19,0.00
03/06/2018 12:58:28,55 59.40489,-2 30.55807,232,0,357,704861,1144818,380.64,-92.651,3981,3955,3965,26,0,109.4,43.0,105.6,40.9,none,none,96.4,35.8,3981,3974,3967,3969,3969,3963,3962,3962,3964,3960,3960,3958,3962,3960,3960,3960,3958,3957,3959,3959,3959,3955,3959,3959,3959,3960,3960,3958,3958,3956,3960,3959,3962,3959,3959,3960,3960,3959,3961,3958,3963,3960,3969,3962,3967,3965,3974,3964,3979,3974,3979,3975,3977,3974,3979,3973,3968,3965,3976,3968,3976,3968,3967,3966,3968,3967,3969,3967,3967,3965,3968,3965,3966,3967,3968,3964,3968,3962,3965,3966,3966,3965,3970,3966,3971,3966,3963,3966,3979,3976,3973,3971,3976,3971,3973,3970,-0.24,SJNFAAZE1U0005576,117.83,14.40,9121.7392578125,79,75,0,0,0,0,15.5,99.17,-167566,100,1528027108.940,0,1,1,0,5,0,0,3,0,1,380.63,380.63,7F,1,1,1,0082,63,40,40,0,0,19,0.00
03/06/2018 12:58:32,55 59.40473,-2 30.55869,232,0,357,705703,1144818,380.83,-92.193,3983,3956,3967,27,0,109.4,43.0,105.6,40.9,none,none,96.4,35.8,3983,3976,3968,3969,3970,3965,3963,3963,3964,3961,3962,3960,3964,3961,3960,3961,3961,3958,3960,3959,3960,3956,3960,3961,3961,3962,3962,3960,3960,3958,3962,3960,3963,3960,3960,3961,3962,3960,3962,3960,3964,3961,3970,3964,3970,3967,3975,3966,3980,3975,3982,3976,3977,3974,3981,3974,3972,3966,3977,3969,3977,3969,3969,3968,3968,3968,3970,3970,3967,3965,3969,3965,3968,3968,3970,3965,3969,3964,3967,3967,3967,3966,3972,3968,3973,3968,3966,3968,3981,3976,3975,3972,3978,3973,3974,3971,-0.23,SJNFAAZE1U0005576,117.83,14.40,9121.7392578125,79,75,0,0,0,0,15.5,99.17,-167600,100,1528027112.551,0,1,1,0,5,0,0,3,0,1,380.75,380.75,7F,1,1,1,0082,63,40,40,0,0,19,0.00
03/06/2018 12:58:36,55 59.40479,-2 30.55886,232,0,357,706543,1144818,380.83,-92.406,3982,3958,3967,24,0,109.4,43.0,105.6,40.9,none,none,96.4,35.8,3982,3977,3969,3970,3971,3965,3964,3964,3965,3961,3962,3960,3964,3962,3962,3961,3962,3959,3961,3961,3961,3958,3960,3961,3962,3962,3962,3961,3961,3958,3963,3961,3963,3961,3960,3962,3963,3961,3962,3960,3964,3962,3970,3965,3971,3968,3976,3966,3981,3976,3982,3976,3979,3976,3981,3974,3971,3967,3978,3969,3978,3969,3969,3969,3969,3969,3971,3969,3969,3966,3969,3965,3966,3968,3970,3965,3969,3964,3966,3966,3968,3966,3973,3969,3973,3968,3967,3968,3981,3978,3975,3973,3978,3973,3975,3972,-0.23,SJNFAAZE1U0005576,117.83,14.40,9121.7392578125,79,75,0,0,0,0,15.5,99.17,-167635,100,1528027116.313,0,1,1,0,6,0,0,3,0,1,380.83,380.83,7F,1,1,1,0082,63,40,40,0,0,19,0.00
03/06/2018 12:58:40,55 59.40485,-2 30.55895,229,0,358,707361,1144818,381.12,-92.773,3985,3960,3970,25,0,109.4,43.0,105.8,41.0,none,none,96.4,35.8,3985,3980,3973,3972,3975,3968,3967,3967,3967,3964,3965,3963,3968,3966,3965,3963,3963,3961,3964,3964,3964,3960,3964,3963,3963,3965,3965,3964,3964,3961,3965,3964,3966,3962,3963,3964,3966,3964,3965,3964,3967,3965,3973,3969,3972,3970,3979,3969,3984,3978,3985,3980,3983,3978,3984,3977,3975,3969,3980,3972,3981,3973,3972,3971,3973,3971,3973,3974,3971,3969,3973,3968,3972,3972,3973,3969,3974,3968,3970,3970,3969,3969,3976,3971,3976,3972,3969,3973,3983,3980,3978,3978,3981,3977,3978,3974,-0.23,SJNFAAZE1U0005576,117.83,14.40,9121.7392578125,79,75,0,0,0,0,15.5,99.17,-167669,100,1528027120.069,0,1,1,0,5,0,0,3,0,1,380.90,380.90,7F,1,1,1,0082,63,40,40,0,0,19,0.00
03/06/2018 12:58:43,55 59.4048,-2 30.55888,229,0,358,708243,1144818,381.22,-93.627,3986,3962,3971,24,0,109.7,43.1,105.8,41.0,none,none,96.4,35.8,3986,3981,3974,3974,3976,3970,3967,3968,3968,3966,3967,3964,3968,3966,3966,3966,3966,3965,3965,3965,3966,3962,3965,3965,3965,3966,3967,3965,3965,3963,3965,3966,3969,3965,3965,3967,3966,3965,3967,3964,3968,3967,3974,3970,3973,3972,3980,3971,3984,3979,3986,3981,3984,3980,3984,3979,3976,3971,3983,3974,3982,3973,3973,3972,3973,3975,3975,3972,3971,3970,3973,3972,3968,3972,3974,3970,3974,3969,3970,3971,3970,3971,3977,3974,3976,3972,3968,3973,3985,3982,3978,3979,3982,3978,3980,3976,-0.23,SJNFAAZE1U0005576,117.83,14.40,9121.7392578125,79,75,0,0,0,0,15.5,99.17,-167705,100,1528027123.883,0,1,1,0,6,0,0,3,0,1,381.00,381.00,7F,1,1,1,0082,63,40,40,0,0,19,0.00
03/06/2018 12:58:47,55 59.40475,-2 30.55976,226,0,359,709101,1144818,381.12,-93.322,3984,3960,3970,24,0,109.7,43.1,105.8,41.0,none,none,96.4,35.8,3984,3980,3971,3973,3975,3971,3966,3967,3968,3965,3966,3964,3967,3964,3964,3963,3965,3964,3962,3964,3965,3960,3963,3965,3963,3964,3964,3964,3963,3964,3964,3963,3967,3964,3964,3965,3964,3964,3966,3962,3967,3968,3973,3967,3972,3971,3979,3970,3982,3978,3984,3979,3982,3980,3984,3977,3971,3970,3982,3974,3979,3972,3971,3970,3972,3975,3973,3968,3971,3969,3973,3970,3963,3970,3972,3968,3971,3968,3969,3969,3970,3970,3976,3973,3975,3970,3967,3968,3983,3982,3976,3975,3981,3976,3978,3975,-0.28,SJNFAAZE1U0005576,117.83,14.40,9121.7392578125,79,75,0,0,0,0,15.5,99.17,-167741,100,1528027127.787,0,1,1,0,5,0,0,3,0,1,381.40,381.40,7F,1,1,1,0082,63,40,40,0,0,19,0.00
03/06/2018 12:58:51,55 59.40475,-2 30.55976,226,0,359,709958,1144818,381.22,-92.223,3986,3963,3971,23,0,109.7,43.1,105.8,41.0,none,none,96.6,35.9,3986,3980,3973,3974,3975,3971,3967,3967,3970,3966,3967,3965,3968,3966,3965,3964,3966,3966,3964,3965,3966,3963,3964,3966,3965,3966,3966,3964,3966,3964,3965,3965,3967,3965,3965,3967,3966,3965,3965,3963,3969,3969,3974,3970,3974,3972,3981,3971,3983,3978,3985,3981,3982,3981,3984,3979,3972,3971,3984,3974,3980,3972,3972,3972,3972,3976,3974,3972,3971,3969,3973,3970,3966,3972,3974,3968,3971,3970,3970,3971,3971,3971,3977,3973,3976,3971,3969,3969,3984,3982,3978,3977,3982,3977,3979,3977,-0.39,SJNFAAZE1U0005576,117.83,14.32,9121.7392578125,79,75,0,0,0,0,15.5,99.17,-167776,100,1528027131.423,0,1,1,0,5,0,0,3,0,1,381.61,381.61,7F,1,1,1,0082,63,40,40,0,0,19,0.00
03/06/2018 12:58:55,55 59.40475,-2 30.55976,226,0,360,710814,1144818,381.22,-92.009,3986,3962,3971,24,0,109.7,43.1,106.0,41.1,none,none,96.6,35.9,3985,3981,3973,3974,3975,3969,3967,3968,3969,3966,3966,3964,3967,3965,3964,3964,3964,3963,3965,3963,3965,3962,3964,3965,3964,3965,3965,3964,3964,3963,3966,3966,3967,3965,3965,3967,3966,3964,3965,3964,3967,3966,3973,3970,3972,3971,3979,3970,3983,3980,3986,3981,3983,3979,3985,3978,3972,3971,3982,3973,3980,3972,3972,3971,3972,3975,3974,3972,3971,3969,3973,3971,3968,3971,3974,3968,3973,3967,3969,3970,3970,3970,3976,3971,3976,3971,3969,3968,3984,3981,3978,3975,3982,3977,3978,3975,-0.41,SJNFAAZE1U0005576,117.83,14.00,9121.7392578125,79,75,0,0,0,0,15.5,99.17,-167811,100,1528027135.477,0,1,1,0,6,0,0,3,0,1,381.44,381.44,7F,1,1,1,0082,63,40,40,0,0,19,0.00
03/06/2018 12:58:59,55 59.40475,-2 30.55976,226,0,360,711715,1144818,381.41,-93.444,3988,3963,3973,25,0,109.9,43.3,105.8,41.0,none,none,96.6,35.9,3988,3982,3974,3975,3977,3972,3968,3968,3971,3968,3968,3967,3968,3967,3967,3966,3967,3968,3966,3966,3967,3963,3967,3968,3966,3966,3967,3965,3966,3967,3967,3966,3968,3967,3966,3968,3967,3966,3968,3965,3971,3970,3975,3971,3975,3973,3981,3972,3985,3980,3987,3982,3984,3982,3987,3979,3974,3973,3984,3976,3982,3973,3973,3974,3974,3978,3975,3972,3973,3970,3976,3973,3967,3973,3976,3971,3973,3972,3972,3972,3973,3972,3980,3975,3977,3973,3970,3970,3986,3983,3979,3978,3983,3979,3982,3977,-0.36,SJNFAAZE1U0005576,117.83,13.68,9121.7392578125,79,75,0,0,0,0,15.5,99.17,-167848,100,1528027139.444,0,1,1,0,5,0,0,3,0,1,381.46,381.46,7F,1,1,1,0082,63,40,40,0,0,19,0.00
03/06/2018 12:59:03,55 59.40475,-2 30.55976,226,0,360,712590,1144818,381.41,-91.369,3987,3964,3973,23,0,109.9,43.3,106.0,41.1,none,none,96.6,35.9,3987,3982,3974,3976,3976,3972,3969,3969,3970,3968,3968,3967,3969,3968,3967,3967,3967,3966,3965,3967,3967,3964,3966,3967,3965,3968,3966,3967,3966,3966,3968,3968,3968,3967,3966,3968,3967,3968,3968,3967,3970,3968,3975,3971,3975,3974,3982,3972,3986,3981,3987,3983,3984,3981,3987,3980,3974,3973,3984,3975,3981,3974,3975,3974,3974,3976,3975,3973,3973,3970,3976,3972,3970,3974,3976,3971,3974,3970,3972,3972,3972,3972,3978,3974,3977,3973,3972,3971,3987,3983,3980,3977,3983,3979,3981,3978,-0.34,SJNFAAZE1U0005576,117.83,13.44,9121.7392578125,79,75,0,0,0,0,15.5,99.17,-167884,100,1528027143.364,0,1,1,0,5,0,0,3,0,1,381.51,381.51,7F,1,1,1,0082,63,40,40,0,0,19,0.00
03/06/2018 12:59:07,55 59.40475,-2 30.55976,226,0,361,713463,1144818,381.79,-92.772,3991,3968,3977,23,0,109.9,43.3,106.0,41.1,none,none,96.6,35.9,3990,3987,3978,3980,3981,3977,3973,3973,3976,3971,3973,3972,3974,3972,3971,3969,3971,3971,3970,3971,3971,3968,3970,3972,3971,3971,3972,3971,3970,3970,3971,3971,3973,3971,3970,3972,3971,3969,3972,3970,3974,3973,3980,3976,3980,3979,3986,3977,3989,3985,3991,3986,3988,3987,3990,3984,3981,3977,3989,3981,3986,3978,3978,3978,3979,3982,3979,3978,3977,3975,3978,3976,3973,3977,3979,3975,3979,3975,3976,3976,3976,3977,3983,3979,3981,3977,3974,3978,3990,3989,3984,3982,3987,3983,3985,3982,-0.49,SJNFAAZE1U0005576,117.83,13.12,9121.7392578125,79,75,0,0,0,0,15.5,99.17,-167920,100,1528027147.154,0,1,1,0,5,0,0,3,0,1,381.67,381.67,7F,1,1,1,0082,63,40,40,0,0,19,0.00
03/06/2018 12:59:10,55 59.40475,-2 30.55976,226,0,361,714290,1144818,381.50,-92.010,3989,3966,3974,23,0,109.9,43.3,106.0,41.1,none,none,96.8,36.0,3989,3984,3976,3978,3978,3973,3969,3972,3972,3969,3970,3969,3971,3969,3968,3967,3969,3968,3968,3968,3970,3966,3969,3970,3968,3969,3969,3968,3968,3967,3969,3968,3971,3969,3968,3971,3969,3968,3970,3968,3972,3971,3978,3972,3977,3975,3984,3974,3987,3983,3989,3983,3986,3983,3988,3982,3976,3974,3987,3978,3983,3975,3976,3975,3976,3978,3978,3974,3974,3973,3975,3974,3970,3975,3977,3972,3975,3972,3972,3974,3973,3974,3980,3975,3979,3973,3972,3971,3988,3985,3981,3980,3985,3980,3983,3979,-0.57,SJNFAAZE1U0005576,117.83,13.04,9121.7392578125,79,75,0,0,0,0,15.5,99.17,-167954,100,1528027150.827,0,1,1,0,6,0,0,3,0,1,381.90,381.90,7F,1,1,1,0082,63,40,40,0,0,19,0.00
03/06/2018 12:59:14,55 59.40475,-2 30.55976,226,0,362,715072,1144818,381.70,-92.864,3990,3967,3976,23,0,109.9,43.3,106.0,41.1,none,none,96.8,36.0,3990,3985,3977,3979,3980,3976,3971,3972,3974,3971,3972,3971,3972,3971,3970,3968,3970,3970,3968,3969,3972,3967,3969,3970,3969,3969,3969,3969,3969,3970,3970,3969,3973,3970,3970,3971,3971,3969,3971,3969,3973,3973,3979,3974,3980,3976,3985,3976,3988,3984,3990,3984,3987,3986,3990,3982,3977,3975,3988,3979,3985,3977,3977,3978,3977,3981,3979,3975,3976,3975,3978,3976,3971,3977,3978,3974,3976,3974,3974,3975,3976,3975,3982,3979,3981,3976,3973,3974,3990,3989,3983,3981,3986,3982,3985,3981,-0.50,SJNFAAZE1U0005576,117.83,13.04,9121.7392578125,79,75,0,0,0,0,15.5,99.17,-167987,100,1528027154.193,0,1,1,0,6,0,0,3,0,1,381.84,381.84,7F,1,1,1,0082,63,40,40,0,0,19,0.00
03/06/2018 12:59:17,55 59.40475,-2 30.55976,226,0,362,715808,1144818,381.89,-91.949,3993,3969,3978,24,0,109.9,43.3,106.2,41.2,none,none,96.8,36.0,3992,3990,3979,3981,3981,3976,3974,3976,3975,3973,3974,3972,3976,3974,3973,3973,3972,3970,3972,3973,3972,3969,3971,3972,3971,3973,3973,3973,3972,3970,3972,3973,3974,3972,3972,3973,3974,3972,3974,3972,3976,3974,3981,3978,3981,3979,3986,3978,3990,3987,3993,3989,3991,3986,3992,3985,3983,3977,3990,3981,3989,3981,3981,3979,3981,3981,3982,3981,3979,3977,3981,3978,3979,3980,3980,3977,3983,3975,3977,3978,3978,3978,3983,3980,3984,3979,3976,3981,3992,3988,3985,3984,3989,3984,3985,3983,-0.49,SJNFAAZE1U0005576,117.83,13.04,9121.7392578125,79,75,0,0,0,0,15.5,99.17,-168017,100,1528027157.643,0,1,1,0,5,0,0,3,0,1,381.85,381.85,7F,1,1,1,0082,63,40,40,0,0,19,0.00
03/06/2018 12:59:21,55 59.40475,-2 30.55976,226,0,363,716583,1144818,382.08,-91.582,3995,3971,3980,24,0,109.9,43.3,106.0,41.1,none,none,96.8,36.0,3994,3990,3982,3983,3984,3979,3977,3978,3977,3974,3976,3973,3977,3974,3976,3974,3974,3972,3975,3974,3975,3971,3974,3974,3974,3975,3975,3974,3974,3972,3974,3975,3977,3974,3974,3976,3975,3974,3976,3974,3977,3975,3984,3978,3982,3980,3989,3979,3992,3988,3995,3990,3993,3989,3993,3988,3985,3980,3991,3982,3991,3983,3981,3981,3983,3983,3984,3983,3979,3980,3981,3979,3981,3980,3983,3979,3984,3978,3977,3982,3980,3980,3986,3983,3985,3982,3978,3983,3993,3991,3986,3988,3991,3986,3988,3985,-0.45,SJNFAAZE1U0005576,117.83,13.04,9121.7392578125,79,75,0,0,0,0,15.5,99.17,-168049,100,1528027161.042,0,1,1,0,5,0,0,3,0,1,381.90,381.90,7F,1,1,1,0082,63,40,40,0,0,19,0.00
03/06/2018 12:59:24,55 59.40475,-2 30.55976,226,0,363,717311,1144818,382.27,-91.369,3996,3972,3982,24,0,110.2,43.4,106.2,41.2,none,none,96.8,36.0,3996,3993,3983,3984,3985,3979,3978,3978,3978,3976,3977,3974,3978,3977,3977,3974,3976,3973,3976,3976,3976,3972,3975,3975,3975,3977,3976,3976,3975,3972,3976,3976,3978,3975,3975,3976,3977,3974,3977,3974,3978,3976,3985,3979,3985,3982,3990,3980,3994,3990,3996,3991,3994,3990,3994,3989,3987,3981,3993,3984,3992,3985,3983,3982,3985,3984,3984,3984,3982,3980,3983,3981,3983,3983,3984,3980,3985,3979,3981,3982,3982,3981,3987,3984,3986,3984,3980,3985,3995,3992,3988,3989,3992,3987,3988,3986,-0.45,SJNFAAZE1U0005576,117.83,13.04,9121.7392578125,79,75,0,0,0,0,15.5,99.17,-168079,100,1528027164.413,0,1,1,0,5,0,0,3,0,1,381.96,381.96,7F,1,1,1,0082,63,40,40,0,0,19,0.00
03/06/2018 12:59:27,55 59.40475,-2 30.55976,226,0,363,718079,1144818,382.18,-90.636,3996,3971,3981,25,0,109.9,43.3,106.2,41.2,none,none,96.8,36.0,3995,3990,3982,3984,3985,3980,3978,3978,3978,3975,3976,3975,3978,3977,3976,3974,3976,3975,3975,3975,3975,3971,3974,3975,3975,3975,3976,3974,3974,3973,3975,3974,3977,3974,3974,3977,3976,3975,3976,3974,3978,3976,3985,3979,3984,3980,3989,3980,3994,3989,3996,3990,3993,3991,3995,3988,3986,3981,3992,3984,3991,3984,3983,3982,3983,3984,3983,3984,3982,3980,3982,3980,3979,3981,3984,3979,3984,3979,3981,3981,3982,3981,3986,3983,3987,3982,3980,3982,3995,3993,3989,3988,3993,3986,3988,3985,-0.45,SJNFAAZE1U0005576,117.83,13.04,9121.7392578125,79,75,0,0,0,0,15.5,99.17,-168111,100,1528027167.969,0,1,1,0,5,0,0,3,0,1,381.90,381.90,7F,1,1,1,0082,63,40,40,0,0,19,0.00
03/06/2018 12:59:31,55 59.40475,-2 30.55976,226,0,364,718911,1144818,382.08,-89.538,3996,3971,3980,25,0,110.2,43.4,106.2,41.2,none,none,96.8,36.0,3996,3990,3980,3983,3984,3981,3975,3977,3977,3975,3975,3975,3977,3976,3974,3974,3975,3975,3973,3974,3975,3971,3974,3976,3973,3975,3973,3973,3973,3974,3974,3974,3976,3975,3974,3977,3975,3975,3975,3973,3977,3977,3982,3979,3983,3982,3988,3980,3992,3988,3994,3990,3992,3991,3993,3987,3981,3981,3992,3983,3989,3982,3982,3981,3982,3986,3982,3980,3981,3978,3982,3981,3974,3981,3982,3978,3981,3979,3979,3980,3979,3980,3986,3982,3986,3980,3978,3978,3994,3992,3988,3985,3991,3986,3989,3986,-0.45,SJNFAAZE1U0005576,117.83,13.04,9121.7392578125,79,75,0,0,0,0,15.5,99.17,-168145,100,1528027171.812,0,1,1,0,5,0,0,3,0,1,382.39,382.39,7F,1,1,1,0082,63,40,40,0,0,19,0.00
03/06/2018 12:59:35,55 59.40475,-2 30.55976,226,0,364,719741,1144818,382.27,-89.904,3997,3972,3982,25,0,110.2,43.4,106.2,41.2,none,none,97.0,36.1,3997,3992,3984,3985,3986,3981,3979,3979,3980,3977,3978,3976,3980,3977,3978,3976,3978,3974,3976,3976,3976,3972,3976,3976,3976,3977,3977,3976,3976,3974,3978,3977,3979,3975,3977,3977,3977,3975,3978,3976,3980,3977,3986,3981,3985,3983,3991,3982,3994,3992,3996,3992,3993,3991,3995,3989,3987,3983,3994,3984,3992,3985,3984,3983,3985,3985,3986,3984,3983,3981,3984,3981,3983,3984,3984,3980,3985,3980,3980,3983,3981,3981,3988,3984,3988,3983,3980,3984,3996,3993,3989,3988,3993,3988,3991,3986,-0.48,SJNFAAZE1U0005576,117.83,13.04,9121.7392578125,79,75,0,0,0,0,15.5,99.17,-168179,100,1528027175.560,0,1,1,0,5,0,0,3,0,1,382.08,382.08,7F,1,1,1,0082,63,40,40,0,0,19,0.00
03/06/2018 12:59:39,55 59.40475,-2 30.55976,226,0,365,720550,1144818,382.08,-89.232,3995,3971,3980,24,0,110.2,43.4,106.2,41.2,none,none,96.8,36.0,3995,3990,3981,3982,3985,3979,3977,3976,3978,3975,3976,3972,3976,3974,3974,3974,3976,3973,3974,3974,3974,3971,3974,3974,3975,3975,3975,3974,3974,3972,3975,3975,3977,3973,3975,3975,3975,3972,3975,3973,3977,3975,3983,3978,3983,3980,3989,3979,3993,3988,3995,3989,3991,3990,3993,3986,3982,3980,3992,3983,3990,3982,3981,3980,3982,3984,3984,3980,3980,3978,3983,3979,3976,3980,3983,3978,3981,3978,3979,3979,3979,3980,3986,3982,3985,3981,3977,3979,3994,3992,3987,3986,3991,3985,3989,3985,-0.50,SJNFAAZE1U0005576,117.83,13.04,9121.7392578125,79,75,0,0,0,0,15.5,99.17,-168212,100,1528027179.293,0,1,1,0,5,0,0,3,0,1,382.46,382.46,7F,1,1,1,0082,63,40,40,0,0,19,0.00
03/06/2018 12:59:43,55 59.40475,-2 30.55976,226,0,365,721352,1144818,382.18,-89.294,3996,3973,3981,23,0,110.2,43.4,106.2,41.2,none,none,97.0,36.1,3995,3991,3982,3984,3984,3981,3976,3978,3979,3976,3976,3976,3978,3976,3975,3976,3975,3975,3974,3974,3976,3973,3975,3977,3975,3976,3975,3975,3975,3975,3976,3974,3977,3975,3975,3978,3976,3974,3976,3974,3978,3978,3984,3979,3984,3981,3990,3981,3994,3989,3995,3990,3992,3991,3996,3989,3982,3981,3991,3985,3990,3983,3983,3982,3983,3986,3984,3981,3981,3978,3984,3980,3977,3982,3984,3979,3982,3979,3981,3980,3980,3981,3988,3982,3986,3982,3980,3979,3996,3992,3989,3985,3992,3988,3989,3986,-0.46,SJNFAAZE1U0005576,117.83,13.04,9121.7392578125,79,75,0,0,0,0,15.5,99.17,-168245,100,1528027183.006,0,1,1,0,5,0,0,3,0,1,382.49,382.49,7F,1,1,1,0082,63,40,40,0,0,19,0.00
03/06/2018 12:59:46,55 59.40475,-2 30.55976,226,0,365,722172,1144818,382.18,-88.439,3997,3973,3981,24,0,110.2,43.4,106.2,41.2,none,none,97.0,36.1,3997,3991,3982,3984,3985,3982,3977,3977,3980,3975,3976,3976,3979,3977,3975,3975,3975,3976,3975,3975,3975,3973,3974,3975,3974,3976,3976,3975,3974,3975,3976,3975,3978,3975,3974,3977,3976,3975,3977,3975,3979,3978,3984,3980,3984,3982,3991,3982,3994,3989,3996,3990,3993,3990,3996,3988,3983,3981,3992,3985,3991,3984,3983,3983,3983,3986,3984,3982,3983,3980,3984,3982,3979,3983,3984,3980,3982,3979,3981,3980,3982,3982,3987,3983,3987,3982,3980,3980,3995,3992,3989,3986,3992,3987,3990,3987,-0.46,SJNFAAZE1U0005576,117.83,13.04,9121.7392578125,79,75,0,0,0,0,15.5,99.17,-168279,100,1528027186.854,0,1,1,0,5,0,0,3,0,1,382.65,382.65,7F,1,1,1,0082,63,40,40,0,0,19,0.00
03/06/2018 12:59:50,55 59.40475,-2 30.55976,226,0,366,722968,1144818,382.37,-89.111,3997,3974,3983,23,0,110.2,43.4,106.5,41.4,none,none,97.0,36.1,3997,3992,3984,3985,3986,3983,3979,3978,3980,3979,3977,3978,3979,3977,3976,3976,3977,3977,3975,3976,3977,3974,3977,3978,3976,3977,3978,3976,3976,3978,3976,3977,3978,3977,3976,3979,3977,3977,3977,3976,3980,3980,3985,3981,3985,3984,3991,3983,3995,3991,3997,3992,3993,3992,3997,3990,3984,3983,3994,3986,3992,3983,3984,3984,3984,3988,3986,3982,3984,3982,3985,3982,3978,3984,3984,3980,3983,3981,3982,3983,3983,3983,3988,3985,3988,3983,3982,3982,3997,3994,3990,3987,3994,3989,3991,3989,-0.46,SJNFAAZE1U0005576,117.83,13.04,9121.7392578125,79,75,0,0,0,0,15.5,99.17,-168312,100,1528027190.626,0,1,1,0,5,0,0,3,0,1,382.63,382.63,7F,1,1,1,0082,63,40,40,0,0,19,0.00
03/06/2018 12:59:54,55 59.40475,-2 30.55976,226,0,366,723739,1144818,382.56,-87.951,4000,3975,3985,25,0,110.2,43.4,106.5,41.4,none,none,97.0,36.1,4000,3994,3987,3988,3988,3983,3982,3982,3981,3979,3979,3979,3981,3980,3979,3979,3978,3978,3978,3979,3979,3975,3978,3980,3979,3980,3980,3978,3978,3975,3980,3979,3980,3978,3977,3979,3979,3979,3979,3978,3981,3980,3987,3983,3987,3984,3993,3984,3997,3994,3998,3994,3996,3992,3999,3992,3989,3985,3996,3988,3994,3986,3986,3986,3986,3987,3988,3988,3986,3982,3986,3983,3984,3987,3988,3983,3988,3981,3984,3984,3985,3984,3989,3985,3991,3985,3984,3986,3998,3995,3993,3991,3995,3991,3991,3988,-0.45,SJNFAAZE1U0005576,117.83,13.04,9121.7392578125,79,75,0,0,0,0,15.5,99.17,-168344,100,1528027194.280,0,1,1,0,6,0,0,3,0,1,382.38,382.38,7F,1,1,1,0082,63,40,40,0,0,19,0.00
03/06/2018 12:59:57,55 59.40475,-2 30.55976,226,0,367,724531,1144818,382.85,-89.050,4002,3978,3988,24,0,110.4,43.6,106.5,41.4,none,none,97.0,36.1,4002,3998,3989,3990,3990,3985,3983,3984,3984,3982,3982,3981,3984,3983,3982,3982,3981,3980,3980,3981,3981,3978,3981,3982,3981,3984,3982,3981,3980,3980,3981,3982,3983,3982,3980,3983,3982,3982,3982,3981,3984,3983,3991,3986,3990,3988,3995,3987,4000,3997,4002,3997,3999,3996,4001,3994,3993,3988,3998,3991,3997,3990,3989,3989,3989,3990,3990,3990,3988,3986,3989,3986,3988,3990,3991,3987,3991,3984,3987,3987,3988,3988,3993,3989,3992,3988,3986,3990,4001,3997,3994,3994,4000,3994,3995,3992,-0.41,SJNFAAZE1U0005576,117.83,13.04,9121.7392578125,79,75,0,0,0,0,15.5,99.17,-168376,100,1528027197.837,0,1,1,0,5,0,0,3,0,1,382.49,382.49,7F,1,1,1,0082,63,40,40,0,0,19,0.00
03/06/2018 13:00:01,55 59.40475,-2 30.55976,226,0,367,725258,1144818,382.75,-88.867,4002,3979,3987,23,0,110.4,43.6,106.5,41.4,none,none,97.0,36.1,4002,3998,3989,3990,3991,3986,3984,3984,3986,3982,3983,3980,3984,3982,3981,3981,3981,3979,3980,3981,3981,3979,3980,3982,3981,3982,3981,3981,3981,3979,3982,3982,3983,3981,3980,3982,3982,3982,3982,3981,3985,3982,3990,3985,3990,3988,3995,3987,4000,3996,4002,3997,3998,3994,4001,3995,3992,3987,3998,3990,3997,3989,3988,3988,3989,3989,3990,3990,3988,3985,3989,3987,3989,3989,3990,3985,3991,3983,3986,3987,3987,3987,3993,3988,3993,3989,3985,3989,4001,3996,3994,3994,3998,3993,3993,3991,-0.44,SJNFAAZE1U0005576,117.83,13.04,9121.7392578125,79,75,0,0,0,0,15.5,99.17,-168406,100,1528027201.128,0,1,1,0,5,0,0,3,0,1,382.53,382.53,7F,1,1,1,0082,63,40,40,0,0,19,0.00
03/06/2018 13:00:04,55 59.40475,-2 30.55976,226,0,367,725985,1144818,382.56,-87.371,4000,3977,3985,23,0,110.4,43.6,106.5,41.4,none,none,97.2,36.2,4000,3995,3986,3988,3988,3985,3980,3982,3982,3980,3980,3980,3982,3980,3979,3980,3980,3979,3978,3978,3980,3977,3979,3980,3978,3980,3980,3978,3978,3979,3980,3980,3981,3980,3979,3981,3981,3979,3980,3979,3983,3982,3988,3984,3987,3985,3994,3984,3998,3993,3999,3994,3996,3994,4000,3993,3987,3986,3996,3988,3994,3987,3987,3986,3986,3990,3988,3984,3987,3983,3988,3984,3981,3986,3987,3983,3987,3982,3985,3985,3986,3986,3992,3987,3991,3985,3985,3983,3998,3996,3993,3990,3996,3991,3993,3990,-0.45,SJNFAAZE1U0005576,117.83,13.04,9121.7392578125,79,75,0,0,0,0,15.5,99.17,-168436,100,1528027204.615,0,1,1,0,6,0,0,3,0,1,382.65,382.65,7F,1,1,1,0082,63,40,40,0,0,19,0.00
03/06/2018 13:00:08,55 59.40475,-2 30.55976,226,0,368,726733,1144818,382.85,-88.103,4003,3980,3988,23,0,110.4,43.6,106.5,41.4,none,none,97.2,36.2,4003,3999,3989,3992,3992,3989,3984,3985,3986,3984,3984,3982,3984,3983,3982,3981,3981,3982,3982,3983,3983,3981,3980,3983,3981,3983,3982,3983,3981,3982,3982,3983,3985,3983,3982,3984,3984,3982,3983,3982,3985,3984,3991,3986,3990,3989,3997,3989,4001,3997,4002,3997,4000,3998,4002,3995,3991,3988,4000,3991,3998,3989,3990,3989,3990,3994,3991,3990,3989,3987,3990,3988,3986,3990,3991,3987,3990,3986,3987,3988,3988,3989,3994,3991,3993,3989,3986,3989,4002,3999,3995,3994,4000,3994,3996,3993,-0.43,SJNFAAZE1U0005576,117.83,13.04,9121.7392578125,79,75,0,0,0,0,15.5,99.17,-168467,100,1528027208.010,0,1,1,0,6,0,0,3,0,1,382.89,382.89,7F,1,1,1,0082,63,40,40,0,0,19,0.00
03/06/2018 13:00:11,55 59.40475,-2 30.55976,226,0,368,727453,1144818,382.85,-86.761,4003,3978,3988,25,0,110.4,43.6,106.7,41.5,none,none,97.2,36.2,4002,3997,3989,3991,3990,3985,3984,3985,3985,3983,3983,3981,3984,3983,3983,3982,3981,3979,3982,3982,3982,3978,3981,3982,3981,3984,3982,3981,3982,3980,3982,3982,3983,3982,3982,3984,3983,3982,3983,3981,3985,3983,3992,3986,3989,3989,3996,3987,4000,3995,4002,3998,4001,3996,4003,3996,3992,3988,3999,3990,3998,3990,3991,3989,3989,3990,3991,3991,3988,3987,3990,3987,3988,3990,3990,3987,3992,3985,3988,3989,3989,3988,3994,3990,3993,3990,3987,3990,4001,3998,3994,3995,4000,3994,3995,3992,-0.46,SJNFAAZE1U0005576,117.83,13.04,9121.7392578125,79,75,0,0,0,0,15.5,99.17,-168497,100,1528027211.653,0,1,1,0,5,0,0,3,0,1,382.74,382.74,7F,1,1,1,0082,63,40,40,0,0,19,0.00
03/06/2018 13:00:15,55 59.40475,-2 30.55976,226,0,368,728254,1144818,382.75,-86.211,4002,3978,3987,24,0,110.4,43.6,106.5,41.4,none,none,97.2,36.2,4001,3995,3987,3990,3990,3986,3982,3984,3983,3982,3981,3981,3984,3981,3981,3981,3981,3981,3980,3981,3982,3978,3981,3983,3979,3982,3981,3979,3979,3980,3981,3981,3982,3981,3980,3982,3981,3981,3981,3980,3984,3983,3989,3985,3989,3988,3995,3986,4000,3994,4000,3996,3998,3995,4002,3993,3989,3986,3997,3989,3996,3988,3989,3988,3989,3991,3990,3986,3988,3984,3990,3986,3982,3986,3989,3985,3988,3984,3986,3986,3986,3987,3992,3989,3993,3987,3986,3985,4001,3996,3995,3992,3999,3993,3995,3992,-0.43,SJNFAAZE1U0005576,117.83,13.04,9121.7392578125,79,75,0,0,0,0,15.5,99.17,-168530,100,1528027215.431,0,1,1,0,6,0,0,3,0,1,382.81,382.81,7F,1,1,1,0082,63,40,40,0,0,19,0.00
03/06/2018 13:00:19,55 59.40475,-2 30.55976,226,0,369,729053,1144818,383.04,-86.455,4005,3981,3990,24,0,110.4,43.6,106.7,41.5,none,none,97.2,36.2,4005,3999,3990,3992,3993,3987,3986,3988,3987,3984,3984,3983,3986,3985,3985,3983,3984,3982,3983,3983,3985,3981,3983,3983,3983,3984,3984,3983,3983,3981,3984,3985,3985,3983,3983,3984,3985,3983,3985,3984,3987,3985,3994,3988,3991,3991,3998,3989,4002,3998,4004,4000,4002,3997,4003,3997,3994,3990,4001,3993,4000,3992,3992,3991,3991,3992,3992,3993,3989,3987,3992,3988,3990,3991,3991,3988,3992,3987,3989,3989,3990,3989,3995,3991,3995,3991,3988,3991,4003,3998,3997,3996,4001,3995,3997,3994,-0.42,SJNFAAZE1U0005576,117.83,13.04,9121.7392578125,79,75,0,0,0,0,15.5,99.17,-168563,100,1528027219.323,0,1,1,0,5,0,0,3,0,1,382.94,382.94,7F,1,1,1,0082,63,40,40,0,0,19,0.00
03/06/2018 13:00:22,55 59.40475,-2 30.55976,226,0,369,729807,1144818,382.94,-86.364,4004,3980,3989,24,0,110.4,43.6,106.7,41.5,none,none,97.2,36.2,4004,3998,3990,3992,3993,3990,3985,3985,3987,3984,3985,3982,3985,3983,3983,3982,3985,3983,3983,3983,3985,3980,3983,3983,3984,3983,3984,3981,3984,3983,3984,3983,3986,3983,3982,3984,3984,3982,3984,3982,3987,3985,3993,3987,3992,3990,3998,3989,4001,3996,4003,3997,4001,3999,4003,3995,3991,3989,4000,3992,3999,3991,3990,3990,3991,3995,3992,3988,3990,3988,3992,3989,3984,3988,3992,3987,3990,3988,3988,3990,3988,3990,3994,3990,3993,3989,3987,3988,4003,4002,3996,3993,4001,3995,3998,3993,-0.47,SJNFAAZE1U0005576,117.83,13.04,9121.7392578125,79,75,0,0,0,0,15.5,99.17,-168594,100,1528027222.724,0,1,1,0,5,0,0,3,0,1,383.03,383.03,7F,1,1,1,0082,63,40,40,0,0,19,0.00
03/06/2018 13:00:26,55 59.40475,-2 30.55976,226,0,370,730538,1144818,382.94,-85.387,4004,3980,3989,24,0,110.4,43.6,106.7,41.5,none,none,97.5,36.4,4004,3998,3991,3991,3992,3988,3985,3985,3986,3984,3984,3983,3986,3984,3982,3984,3984,3982,3983,3983,3984,3980,3982,3983,3982,3984,3984,3983,3983,3982,3984,3983,3985,3983,3982,3985,3983,3982,3984,3981,3986,3984,3991,3987,3990,3989,3998,3989,4002,3997,4002,3999,4000,3997,4003,3996,3992,3989,4000,3992,3999,3991,3991,3990,3990,3992,3991,3990,3990,3987,3990,3989,3987,3989,3992,3987,3990,3986,3989,3988,3989,3989,3995,3991,3995,3990,3987,3988,4003,4000,3996,3995,4000,3995,3997,3994,-0.41,SJNFAAZE1U0005576,117.83,13.04,9121.7392578125,79,75,0,0,0,0,15.5,99.17,-168624,100,1528027226.203,0,1,1,0,6,0,0,3,0,1,383.03,383.03,7F,1,1,1,0082,63,40,40,0,0,19,0.00
03/06/2018 13:00:29,55 59.40475,-2 30.55976,226,0,370,731291,1144818,383.14,-86.608,4006,3983,3991,23,0,110.7,43.7,106.7,41.5,none,none,97.2,36.2,4005,4000,3992,3994,3995,3991,3987,3988,3989,3985,3987,3985,3989,3985,3986,3985,3986,3986,3986,3985,3987,3983,3986,3987,3985,3986,3987,3984,3985,3985,3987,3986,3988,3986,3986,3987,3987,3985,3987,3984,3989,3988,3995,3989,3994,3992,4001,3991,4003,3998,4006,3999,4003,4002,4005,3998,3992,3991,4003,3994,4000,3992,3992,3992,3993,3997,3994,3991,3991,3990,3993,3991,3987,3991,3994,3990,3992,3990,3990,3992,3991,3991,3997,3993,3995,3992,3989,3991,4004,4003,3998,3996,4002,3997,4000,3996,-0.44,SJNFAAZE1U0005576,117.83,13.04,9121.7392578125,79,75,0,0,0,0,15.5,99.17,-168655,100,1528027229.996,0,1,1,0,5,0,0,3,0,1,383.33,383.33,7F,1,1,1,0082,63,40,40,0,0,19,0.00
03/06/2018 13:00:33,55 59.40475,-2 30.55976,226,0,370,732064,1144818,383.23,-86.059,4007,3983,3992,24,0,110.7,43.7,106.7,41.5,none,none,97.5,36.4,4006,4003,3994,3994,3996,3989,3989,3987,3990,3987,3988,3985,3990,3986,3988,3985,3987,3984,3987,3986,3987,3983,3986,3986,3987,3988,3987,3986,3986,3984,3988,3986,3989,3986,3987,3987,3989,3986,3988,3985,3989,3986,3996,3991,3995,3992,4002,3991,4005,3999,4007,4002,4004,3999,4006,3999,3996,3992,4004,3994,4003,3994,3994,3993,3994,3995,3996,3995,3993,3991,3994,3991,3992,3993,3995,3991,3996,3989,3992,3992,3992,3991,3998,3994,3997,3994,3990,3993,4005,4002,4000,3998,4004,3998,4000,3996,-0.41,SJNFAAZE1U0005576,117.83,13.04,9121.7392578125,79,75,0,0,0,0,15.5,99.17,-168687,100,1528027233.580,0,1,1,0,6,0,0,3,0,1,383.14,383.14,7F,1,1,1,0082,63,40,40,0,0,19,0.00
03/06/2018 13:00:37,55 59.40475,-2 30.55976,226,0,371,732856,1144818,383.33,-84.533,4007,3984,3993,23,0,110.7,43.7,106.7,41.5,none,none,97.5,36.4,4006,4002,3994,3994,3996,3991,3989,3989,3991,3987,3988,3986,3990,3987,3988,3987,3988,3985,3987,3986,3988,3984,3987,3987,3988,3988,3989,3986,3987,3984,3988,3987,3990,3986,3987,3987,3987,3987,3989,3985,3990,3987,3995,3991,3996,3993,4001,3992,4004,4000,4007,4001,4004,4000,4007,3998,3997,3992,4004,3994,4001,3995,3995,3993,3995,3995,3997,3994,3992,3992,3995,3991,3993,3994,3996,3991,3995,3990,3991,3992,3992,3992,3998,3994,3998,3994,3990,3994,4005,4003,3999,3998,4003,3997,4001,3996,-0.46,SJNFAAZE1U0005576,117.83,13.04,9121.7392578125,79,75,0,0,0,0,15.5,99.17,-168720,100,1528027237.697,0,1,1,0,6,0,0,3,0,1,383.38,383.38,7F,1,1,1,0082,63,40,40,0,0,19,0.00
03/06/2018 13:00:41,55 59.40475,-2 30.55976,226,0,371,733679,1144818,383.33,-84.685,4008,3984,3993,24,0,110.7,43.7,106.7,41.5,none,none,97.2,36.2,4008,4003,3996,3995,3997,3991,3990,3989,3991,3987,3989,3986,3991,3987,3988,3988,3987,3985,3987,3986,3988,3984,3987,3987,3987,3988,3988,3986,3988,3985,3989,3988,3990,3987,3987,3988,3989,3987,3990,3987,3990,3988,3997,3991,3996,3993,4002,3993,4005,4000,4008,4002,4005,4000,4006,4001,3997,3993,4005,3995,4002,3995,3995,3994,3996,3996,3996,3994,3993,3991,3995,3992,3993,3994,3996,3990,3995,3990,3991,3993,3993,3993,3999,3995,3998,3994,3992,3995,4007,4003,4000,3998,4004,3999,4001,3997,-0.50,SJNFAAZE1U0005576,117.83,13.04,9121.7392578125,79,75,0,0,0,0,15.5,99.17,-168753,100,1528027241.574,0,1,1,0,5,0,0,3,0,1,383.22,383.22,7F,1,1,1,0082,63,40,40,0,0,19,0.00
03/06/2018 13:00:45,55 59.40475,-2 30.55976,226,0,372,734463,1144818,383.33,-85.021,4007,3984,3993,23,0,110.7,43.7,106.7,41.5,none,none,97.5,36.4,4007,4002,3993,3995,3997,3993,3989,3989,3990,3988,3987,3986,3990,3988,3988,3987,3988,3987,3987,3987,3988,3984,3987,3987,3986,3987,3988,3986,3986,3986,3987,3987,3989,3987,3987,3989,3988,3986,3987,3987,3991,3989,3996,3992,3996,3993,4002,3993,4005,4000,4007,4002,4004,4003,4006,4000,3993,3994,4004,3996,4001,3994,3994,3993,3994,3998,3995,3992,3994,3991,3994,3993,3989,3993,3996,3991,3992,3991,3990,3991,3991,3993,3999,3993,3997,3993,3991,3991,4005,4004,3999,3997,4003,3997,4000,3997,-0.39,SJNFAAZE1U0005576,117.83,13.04,9121.7392578125,79,75,0,0,0,0,15.5,99.17,-168786,100,1528027245.385,0,1,1,0,5,0,0,3,0,1,383.62,383.62,7F,1,1,1,0082,63,40,40,0,0,19,0.00
03/06/2018 13:00:49,55 59.40475,-2 30.55976,226,0,372,735267,1144818,383.71,-85.479,4011,3989,3997,22,0,110.7,43.7,106.9,41.6,none,none,97.5,36.4,4011,4006,3998,4000,4000,3997,3993,3994,3994,3992,3992,3992,3994,3994,3991,3992,3992,3991,3991,3991,3992,3989,3991,3992,3991,3993,3991,3992,3992,3991,3991,3992,3993,3991,3991,3993,3992,3992,3992,3992,3995,3994,4000,3996,4000,3998,4006,3997,4008,4005,4010,4006,4008,4006,4010,4004,4001,3997,4008,3999,4007,3998,3998,3998,3999,4002,4001,3998,3997,3995,3998,3998,3996,3998,4000,3996,3999,3994,3995,3997,3996,3998,4002,3999,4002,3998,3995,3997,4010,4008,4004,4003,4007,4004,4005,4002,-0.45,SJNFAAZE1U0005576,117.83,13.04,9121.7392578125,79,75,0,0,0,0,15.5,99.17,-168819,100,1528027249.456,0,1,1,0,6,0,0,3,0,1,383.40,383.40,7F,1,1,1,0082,63,40,40,0,0,19,0.00
03/06/2018 13:00:53,55 59.40376,-2 30.55634,242,0,372,736128,1144818,383.62,-84.533,4010,3988,3996,22,0,110.9,43.9,106.9,41.6,none,none,97.5,36.4,4009,4005,3997,3999,3998,3996,3992,3993,3993,3991,3990,3990,3992,3991,3990,3991,3991,3990,3989,3989,3991,3988,3990,3991,3989,3991,3990,3989,3990,3990,3991,3991,3992,3990,3990,3992,3990,3990,3991,3989,3993,3993,3998,3994,3998,3996,4004,3996,4007,4003,4010,4004,4007,4004,4009,4003,3997,3996,4007,3999,4005,3996,3997,3996,3997,4000,3998,3996,3996,3993,3998,3996,3991,3996,3997,3994,3998,3994,3995,3995,3996,3996,4001,3998,4001,3996,3993,3995,4009,4006,4003,4001,4006,4002,4004,4001,-0.41,SJNFAAZE1U0005576,117.83,13.04,9121.7392578125,79,75,0,0,0,0,15.5,99.17,-168854,100,1528027253.688,0,1,1,0,6,0,0,3,0,1,383.43,383.43,7F,1,1,1,0082,63,40,40,0,0,19,0.00
03/06/2018 13:00:57,55 59.40601,-2 30.55916,249,0,373,736985,1144818,383.52,-84.563,4008,3987,3995,21,0,110.7,43.7,106.9,41.6,none,none,97.5,36.4,4008,4005,3996,3997,3999,3995,3990,3992,3992,3990,3990,3989,3992,3990,3989,3989,3989,3990,3988,3989,3990,3987,3988,3990,3988,3990,3989,3988,3988,3989,3989,3990,3992,3988,3990,3991,3990,3989,3990,3988,3993,3992,3998,3993,3998,3995,4004,3995,4007,4002,4008,4004,4007,4004,4008,4001,3995,3995,4006,3998,4004,3995,3996,3996,3997,4000,3999,3994,3996,3993,3997,3994,3991,3997,3998,3993,3995,3994,3994,3995,3993,3996,4000,3997,3999,3995,3992,3993,4007,4006,4001,3999,4006,4001,4003,4000,-0.46,SJNFAAZE1U0005576,117.83,13.04,9121.7392578125,79,75,0,0,0,0,15.5,99.17,-168890,100,1528027257.902,0,1,1,0,5,0,0,3,0,1,383.73,383.73,7F,1,1,1,0082,63,40,40,0,0,19,0.00
03/06/2018 13:01:01,55 59.4072,-2 30.55836,242,0,373,737841,1144818,383.81,-83.587,4013,3990,3998,23,0,110.9,43.9,106.7,41.5,none,none,97.7,36.5,4012,4009,4001,4000,4000,3996,3995,3995,3996,3993,3994,3993,3996,3994,3993,3993,3992,3991,3993,3993,3993,3990,3992,3992,3992,3995,3993,3992,3992,3991,3994,3994,3995,3993,3992,3995,3993,3993,3994,3992,3996,3993,4002,3998,4001,3999,4007,3998,4010,4008,4013,4009,4010,4006,4012,4005,4003,3999,4009,4001,4008,3999,3999,3999,4000,4001,4001,4000,3999,3996,4000,3997,3998,4000,4001,3997,4001,3995,3997,3998,3998,3998,4004,4001,4002,3999,3996,4000,4011,4008,4006,4006,4009,4004,4006,4003,-0.46,SJNFAAZE1U0005576,117.83,13.04,9121.7392578125,79,75,0,0,0,0,15.5,99.17,-168925,100,1528027261.884,0,1,1,0,6,0,0,3,0,1,383.70,383.70,7F,1,1,1,0082,63,40,40,0,0,19,0.00
03/06/2018 13:01:06,55 59.40631,-2 30.55702,239,0,374,738646,1144818,383.71,-83.403,4011,3989,3997,22,0,110.7,43.7,106.9,41.6,none,none,97.7,36.5,4011,4006,3997,3999,4000,3996,3992,3992,3994,3992,3992,3991,3993,3991,3991,3990,3990,3991,3989,3990,3992,3989,3990,3991,3990,3991,3991,3990,3990,3991,3992,3992,3992,3991,3990,3993,3991,3991,3991,3990,3993,3994,3999,3995,4000,3998,4006,3997,4009,4004,4009,4006,4007,4006,4011,4002,3998,3996,4008,4001,4006,3998,3998,3998,3998,4002,3999,3996,3997,3995,4000,3996,3991,3997,3998,3994,3998,3995,3996,3996,3997,3997,4002,3998,4001,3997,3995,3994,4011,4008,4005,4001,4007,4001,4004,4002,-0.45,SJNFAAZE1U0005576,117.83,13.04,9121.7392578125,79,75,0,0,0,0,15.5,99.17,-168958,100,1528027266.076,0,1,1,0,6,0,0,3,0,1,383.87,383.87,7F,1,1,1,0082,63,40,40,0,0,19,0.00
03/06/2018 13:01:09,55 59.4063,-2 30.55637,239,0,374,739450,1144818,383.71,-81.725,4012,3989,3997,23,0,110.9,43.9,107.2,41.8,none,none,97.7,36.5,4012,4007,3998,4000,4000,3996,3993,3993,3995,3992,3993,3992,3994,3993,3992,3991,3992,3991,3991,3991,3991,3989,3991,3992,3991,3992,3992,3991,3991,3990,3992,3992,3993,3991,3991,3993,3992,3991,3991,3991,3995,3993,4001,3995,4000,3997,4006,3996,4010,4004,4010,4006,4008,4004,4011,4003,3999,3997,4008,4000,4007,3998,3999,3997,3999,3999,4000,3998,3998,3995,3998,3997,3995,3998,4000,3995,4000,3993,3996,3996,3997,3997,4002,3998,4002,3998,3995,3995,4011,4006,4004,4002,4008,4002,4004,4002,-0.46,SJNFAAZE1U0005576,117.83,13.04,9121.7392578125,79,75,0,0,0,0,15.5,99.17,-168991,100,1528027269.852,0,1,1,0,5,0,0,3,0,1,383.80,383.80,7F,1,1,1,0082,63,40,40,0,0,19,0.00
03/06/2018 13:01:14,55 59.40603,-2 30.55612,236,0,374,740232,1144818,383.71,-82.122,4013,3989,3997,24,0,110.9,43.9,107.2,41.8,none,none,97.7,36.5,4013,4007,3997,4000,4001,3996,3993,3994,3994,3992,3992,3991,3995,3991,3991,3992,3991,3990,3991,3991,3991,3989,3991,3992,3991,3992,3993,3991,3991,3991,3993,3992,3993,3992,3992,3993,3992,3992,3992,3990,3994,3994,4000,3995,3999,3998,4006,3997,4009,4005,4011,4006,4009,4006,4011,4003,3999,3996,4008,4000,4006,3999,4000,3997,3999,4001,4000,3997,3997,3995,4000,3996,3994,3998,3999,3995,3999,3995,3996,3997,3997,3997,4002,3999,4003,3998,3996,3996,4011,4007,4004,4001,4009,4002,4004,4001,-0.46,SJNFAAZE1U0005576,117.83,13.04,9121.7392578125,79,75,0,0,0,0,15.5,99.17,-169024,100,1528027274.044,0,1,1,0,6,0,0,3,0,1,383.98,383.98,7F,1,1,1,0082,63,40,40,0,0,19,0.00
03/06/2018 13:01:17,55 59.40539,-2 30.55526,236,0,375,741029,1144818,383.81,-82.336,4013,3989,3998,24,0,110.9,43.9,107.2,41.8,none,none,97.7,36.5,4013,4007,3999,4000,4001,3997,3994,3995,3996,3993,3993,3993,3995,3993,3992,3992,3992,3993,3991,3992,3994,3989,3991,3993,3991,3993,3992,3992,3991,3992,3993,3993,3994,3993,3993,3994,3993,3993,3993,3992,3995,3995,4001,3997,4000,3999,4006,3998,4010,4005,4012,4007,4010,4008,4012,4005,4000,3998,4009,4001,4006,4000,4000,3999,4000,4003,4001,3998,3999,3997,4001,3997,3993,3998,4000,3996,4000,3997,3997,3998,3999,3999,4004,3999,4003,3999,3996,3997,4012,4010,4005,4003,4009,4003,4005,4002,-0.46,SJNFAAZE1U0005576,117.83,13.04,9121.7392578125,79,75,0,0,0,0,15.5,99.17,-169056,100,1528027277.876,0,1,1,0,5,0,0,3,0,1,384.05,384.05,7F,1,1,1,0082,63,40,40,0,0,19,0.00
03/06/2018 13:01:21,55 59.40498,-2 30.55493,236,0,375,741784,1144818,384.10,-82.397,4016,3993,4001,23,0,110.9,43.9,106.9,41.6,none,none,97.7,36.5,4016,4013,4003,4004,4005,3999,3998,3998,3998,3996,3997,3994,3998,3997,3996,3995,3995,3993,3996,3995,3995,3994,3995,3995,3995,3996,3996,3995,3995,3993,3996,3996,3997,3995,3995,3996,3996,3996,3998,3996,3998,3996,4003,4000,4004,4002,4011,4001,4014,4009,4015,4011,4014,4008,4015,4007,4006,4002,4012,4004,4012,4003,4002,4002,4003,4003,4004,4005,4001,4000,4003,3998,4003,4003,4003,4000,4004,3998,4001,4001,4001,4002,4006,4003,4007,4002,4000,4004,4015,4011,4008,4008,4013,4007,4008,4005,-0.44,SJNFAAZE1U0005576,117.83,13.04,9121.7392578125,79,75,0,0,0,0,15.5,99.17,-169088,100,1528027281.638,0,1,1,0,6,0,0,3,0,1,383.90,383.90,7F,1,1,1,0082,63,40,40,0,0,19,0.00
03/06/2018 13:01:25,55 59.40566,-2 30.55481,239,0,376,742559,1144818,384.10,-81.359,4015,3993,4001,22,0,110.9,43.9,107.2,41.8,none,none,97.7,36.5,4015,4010,4001,4002,4004,3998,3997,3997,3998,3995,3995,3994,3998,3996,3994,3994,3995,3993,3995,3995,3995,3993,3994,3996,3994,3996,3995,3995,3994,3993,3995,3995,3997,3994,3994,3997,3996,3994,3996,3995,3998,3995,4004,3999,4003,4002,4010,4000,4013,4009,4014,4011,4012,4009,4015,4007,4004,4000,4011,4002,4010,4003,4003,4001,4002,4004,4003,4002,4002,3999,4003,3999,4000,4002,4002,3999,4003,3997,3999,4000,4001,4000,4006,4002,4006,4002,4000,4000,4014,4010,4008,4006,4011,4005,4007,4004,-0.43,SJNFAAZE1U0005576,117.83,13.04,9121.7392578125,79,75,0,0,0,0,15.5,99.17,-169119,100,1528027285.475,0,1,1,0,5,0,0,3,0,1,384.07,384.07,7F,1,1,1,0082,63,40,40,0,0,19,0.00
03/06/2018 13:01:29,55 59.40496,-2 30.55398,242,0,376,743315,1144818,384.00,-81.298,4016,3992,4000,24,0,110.9,43.9,107.2,41.8,none,none,97.7,36.5,4016,4010,4001,4003,4004,3998,3996,3996,3998,3995,3995,3995,3997,3995,3995,3994,3996,3993,3995,3994,3995,3992,3993,3994,3993,3995,3996,3994,3994,3993,3996,3994,3996,3994,3994,3996,3995,3993,3996,3993,3997,3995,4003,3999,4002,4001,4008,4000,4013,4007,4014,4009,4011,4008,4013,4006,4002,3999,4010,4003,4009,4002,4002,4001,4002,4003,4003,3999,4001,3999,4002,3998,3999,4001,4003,3998,4002,3997,4000,4000,4001,4000,4005,4001,4005,4001,3999,3998,4014,4010,4007,4003,4012,4005,4008,4004,-0.46,SJNFAAZE1U0005576,117.83,13.04,9121.7392578125,79,75,0,0,0,0,15.5,99.17,-169151,100,1528027289.523,0,1,1,0,5,0,0,3,0,1,384.18,384.18,7F,1,1,1,0082,63,40,40,0,0,19,0.00
03/06/2018 13:01:33,55 59.40422,-2 30.55423,239,0,376,744151,1144818,384.29,-81.786,4018,3994,4003,24,0,110.7,43.7,107.2,41.8,none,none,97.7,36.5,4018,4013,4002,4004,4005,4000,3999,3999,4000,3997,3997,3997,4000,3998,3997,3998,3997,3996,3997,3997,3997,3994,3996,3997,3996,3998,3998,3997,3997,3994,3998,3997,3999,3996,3996,3998,3998,3996,3997,3997,4000,3997,4005,4001,4005,4003,4010,4002,4015,4010,4016,4012,4014,4010,4016,4009,4008,4001,4013,4004,4012,4004,4006,4003,4005,4005,4006,4005,4004,4002,4004,4002,4003,4004,4004,4001,4005,3999,4002,4003,4002,4002,4008,4004,4007,4004,4001,4003,4016,4011,4009,4008,4014,4008,4009,4007,-0.50,SJNFAAZE1U0005576,117.83,13.04,9121.7392578125,79,75,0,0,0,0,15.5,99.17,-169185,100,1528027293.637,0,1,1,0,6,0,0,3,0,1,384.21,384.21,7F,1,1,1,0082,63,40,40,0,0,19,0.00
03/06/2018 13:01:37,55 59.40419,-2 30.55551,242,0,377,744885,1144818,384.19,-81.664,4017,3995,4002,22,0,110.9,43.9,107.2,41.8,none,none,97.9,36.6,4017,4013,4003,4006,4006,4002,3998,3999,4001,3997,3998,3998,3999,3998,3996,3996,3997,3997,3996,3996,3998,3995,3997,3997,3996,3997,3997,3997,3997,3996,3997,3997,4000,3997,3996,3999,3997,3997,3997,3996,3999,3999,4006,4001,4004,4004,4012,4003,4013,4010,4016,4012,4014,4012,4015,4009,4003,4002,4014,4005,4011,4005,4003,4003,4004,4008,4005,4001,4002,4000,4004,4002,3999,4003,4004,4000,4003,4000,4001,4001,4003,4003,4008,4004,4007,4002,4001,4001,4015,4014,4009,4007,4013,4008,4010,4007,-0.43,SJNFAAZE1U0005576,117.83,13.04,9121.7392578125,79,75,0,0,0,0,15.5,99.17,-169215,100,1528027297.221,0,1,1,0,6,0,0,3,0,1,384.37,384.37,7F,1,1,1,0082,63,40,40,0,0,19,0.00
03/06/2018 13:01:40,55 59.4035,-2 30.55449,242,0,377,745590,1144818,384.19,-80.169,4017,3994,4002,23,0,110.9,43.9,107.2,41.8,none,none,97.7,36.5,4017,4011,4003,4004,4005,4001,3998,3999,3999,3997,3997,3995,3998,3996,3997,3996,3995,3995,3996,3995,3997,3994,3996,3997,3996,3997,3996,3996,3995,3995,3997,3997,3998,3996,3996,3998,3997,3996,3997,3995,4000,3998,4005,4000,4004,4002,4010,4002,4014,4009,4015,4010,4012,4010,4016,4008,4004,4001,4012,4004,4012,4003,4004,4002,4003,4005,4005,4002,4003,4001,4004,4001,3999,4002,4003,4000,4002,3999,4001,4001,4002,4000,4007,4004,4007,4002,4001,3999,4015,4012,4008,4005,4012,4006,4008,4005,-0.43,SJNFAAZE1U0005576,117.83,13.04,9121.7392578125,79,75,0,0,0,0,15.5,99.17,-169244,100,1528027300.746,0,1,1,0,5,0,0,3,0,1,384.44,384.44,7F,1,1,1,0082,63,40,40,0,0,19,0.00
03/06/2018 13:01:44,55 59.40632,-2 30.55561,242,0,378,746276,1144818,384.29,-79.803,4018,3995,4003,23,0,110.9,43.9,107.2,41.8,none,none,97.9,36.6,4018,4014,4004,4006,4006,4003,3998,3999,4001,3998,3998,3998,3999,3999,3997,3997,3997,3998,3996,3998,3998,3995,3996,3999,3997,3998,3997,3997,3997,3996,3997,3998,3999,3998,3997,3999,3998,3998,3997,3997,4000,3999,4007,4001,4004,4004,4012,4003,4014,4010,4017,4012,4014,4011,4015,4010,4004,4003,4013,4006,4012,4004,4005,4005,4005,4007,4006,4003,4004,4002,4005,4003,3999,4004,4005,4002,4003,4002,4003,4002,4004,4004,4008,4005,4007,4003,4001,4002,4016,4014,4009,4007,4014,4009,4011,4008,-0.48,SJNFAAZE1U0005576,117.83,13.04,9121.7392578125,79,75,0,0,0,0,15.5,99.17,-169273,100,1528027304.235,0,1,1,0,6,0,0,3,0,1,384.46,384.46,7F,1,1,1,0082,63,40,40,0,0,19,0.00
03/06/2018 13:01:47,55 59.40753,-2 30.55525,242,0,378,746979,1144818,384.29,-79.375,4018,3995,4003,23,0,110.9,43.9,107.2,41.8,none,none,97.7,36.5,4018,4012,4003,4005,4005,4002,3999,3999,4000,3998,3998,3998,4000,3998,3997,3997,3998,3997,3996,3996,3997,3995,3997,3997,3996,3998,3997,3997,3997,3996,3997,3997,4000,3998,3997,3998,3998,3996,3998,3996,4001,3999,4006,4001,4005,4002,4011,4002,4015,4010,4017,4012,4013,4011,4016,4008,4004,4002,4014,4005,4012,4005,4005,4004,4004,4007,4005,4002,4004,4001,4006,4002,3999,4003,4004,4001,4004,4000,4002,4003,4004,4002,4008,4005,4007,4004,4002,4002,4016,4014,4010,4007,4014,4008,4010,4007,-0.46,SJNFAAZE1U0005576,117.83,13.04,9121.7392578125,79,75,0,0,0,0,15.5,99.17,-169302,100,1528027307.977,0,1,1,0,5,0,0,3,0,1,384.38,384.38,7F,1,1,1,0082,63,40,40,0,0,19,0.00
03/06/2018 13:01:51,55 59.40747,-2 30.55541,239,0,378,747718,1144818,384.58,-80.260,4021,3997,4006,24,0,111.2,44.0,107.2,41.8,none,none,97.9,36.6,4020,4017,4008,4010,4010,4004,4003,4003,4004,4000,4002,4000,4004,4001,4001,4001,4000,3999,4000,4001,4001,3997,4000,4001,4001,4002,4001,4002,4001,3999,4003,4001,4003,4001,4001,4002,4002,4000,4002,4000,4003,4002,4009,4005,4008,4007,4015,4005,4019,4015,4021,4015,4018,4013,4020,4013,4010,4007,4018,4009,4017,4008,4008,4007,4008,4009,4011,4008,4007,4004,4008,4006,4007,4008,4009,4005,4010,4004,4005,4006,4006,4007,4012,4008,4011,4007,4005,4009,4018,4014,4013,4012,4016,4012,4013,4010,-0.44,SJNFAAZE1U0005576,117.83,13.04,9121.7392578125,79,75,0,0,0,0,15.5,99.17,-169332,100,1528027311.710,0,1,1,0,5,0,0,3,0,1,384.42,384.42,7F,1,1,1,0082,63,40,40,0,0,19,0.00
03/06/2018 13:01:55,55 59.40702,-2 30.55524,236,0,379,748436,1144818,384.38,-79.619,4018,3996,4004,22,0,111.2,44.0,107.4,41.9,none,none,97.9,36.6,4018,4014,4005,4007,4008,4004,4001,4001,4002,3999,4000,3999,4002,3999,3999,3998,3999,3999,3997,3999,3999,3996,3998,3999,3998,3999,3999,3997,3998,3998,4000,4000,4002,3999,3999,4000,4000,3998,4000,3998,4002,4000,4008,4002,4007,4005,4014,4004,4016,4011,4018,4013,4015,4012,4018,4010,4005,4004,4015,4007,4012,4005,4006,4005,4006,4008,4007,4004,4005,4002,4005,4003,4001,4005,4005,4002,4005,4002,4002,4003,4005,4005,4010,4005,4009,4004,4002,4003,4017,4014,4011,4008,4015,4010,4012,4009,-0.46,SJNFAAZE1U0005576,117.83,13.04,9121.7392578125,79,75,0,0,0,0,15.5,99.17,-169362,100,1528027315.584,0,1,1,0,5,0,0,3,0,1,384.71,384.71,7F,1,1,1,0082,63,40,40,0,0,19,0.00
03/06/2018 13:01:59,55 59.40682,-2 30.55533,239,0,379,749172,1144818,384.67,-80.566,4022,3999,4007,23,0,111.2,44.0,107.4,41.9,none,none,97.9,36.6,4022,4019,4007,4010,4010,4005,4003,4004,4004,4002,4002,4001,4004,4003,4002,4002,4002,4000,4000,4001,4002,3999,4000,4002,4001,4003,4002,4002,4000,3999,4002,4002,4003,4001,4001,4002,4002,4002,4003,4001,4004,4003,4010,4006,4010,4008,4015,4006,4019,4015,4020,4017,4019,4015,4021,4014,4011,4008,4018,4010,4016,4009,4009,4009,4009,4010,4009,4009,4008,4006,4008,4006,4007,4009,4009,4006,4011,4004,4006,4007,4007,4007,4012,4008,4012,4008,4005,4009,4019,4017,4013,4012,4018,4012,4012,4011,-0.47,SJNFAAZE1U0005576,117.83,13.04,9121.7392578125,79,75,0,0,0,0,15.5,99.17,-169392,100,1528027319.240,0,1,1,0,5,0,0,3,0,1,384.53,384.53,7F,1,1,1,0082,63,40,40,0,0,19,0.00
03/06/2018 13:02:03,55 59.40676,-2 30.55535,239,0,379,749891,1144818,384.58,-79.864,4020,3998,4006,22,0,110.9,43.9,107.2,41.8,none,none,97.7,36.5,4020,4016,4007,4009,4010,4005,4002,4003,4004,4001,4002,4001,4004,4001,4001,4000,4001,4000,4000,4000,4001,3998,4000,4001,4000,4001,4001,4000,3999,3999,4001,4000,4003,4000,4001,4002,4001,4000,4001,4000,4003,4002,4009,4005,4009,4007,4015,4006,4019,4014,4019,4014,4016,4014,4019,4012,4006,4005,4016,4008,4015,4008,4007,4007,4008,4010,4010,4005,4007,4004,4009,4006,4003,4007,4008,4004,4007,4003,4005,4005,4005,4006,4012,4007,4011,4005,4005,4005,4019,4016,4012,4010,4016,4012,4013,4011,-0.46,SJNFAAZE1U0005576,117.83,13.04,9121.7392578125,79,75,0,0,0,0,15.5,99.17,-169422,100,1528027323.107,0,1,1,0,5,0,0,3,0,1,384.87,384.87,7F,1,1,1,0082,63,40,40,0,0,19,0.00
03/06/2018 13:02:06,55 59.4068,-2 30.55534,239,0,380,750644,1144818,384.67,-78.552,4020,3999,4007,21,0,111.2,44.0,107.4,41.9,none,none,97.9,36.6,4020,4016,4008,4010,4010,4005,4003,4003,4004,4003,4002,4001,4005,4002,4001,4001,4001,4000,4001,4001,4001,3999,4001,4001,4000,4002,4002,3999,4001,4000,4002,4001,4004,4000,4001,4002,4004,4000,4002,4001,4004,4003,4010,4006,4010,4007,4016,4007,4018,4015,4020,4015,4018,4014,4019,4013,4008,4006,4018,4009,4015,4007,4008,4007,4008,4010,4009,4007,4007,4005,4009,4006,4005,4007,4010,4005,4008,4004,4006,4006,4006,4006,4012,4007,4012,4006,4005,4006,4019,4016,4014,4011,4016,4012,4014,4010,-0.42,SJNFAAZE1U0005576,117.83,13.04,9121.7392578125,79,75,0,0,0,0,15.5,99.17,-169453,100,1528027326.998,0,1,1,0,5,0,0,3,0,1,384.69,384.69,7F,1,1,1,0082,63,40,40,0,0,19,0.00
03/06/2018 13:02:10,55 59.40658,-2 30.55516,236,0,380,751389,1144818,384.96,-79.192,4024,4001,4010,23,0,111.2,44.0,107.2,41.8,none,none,97.9,36.6,4024,4020,4012,4013,4012,4008,4007,4006,4007,4005,4005,4003,4006,4004,4004,4005,4005,4003,4005,4004,4005,4001,4004,4004,4004,4004,4004,4003,4004,4002,4006,4005,4006,4003,4003,4007,4006,4006,4005,4005,4007,4006,4014,4008,4012,4011,4018,4009,4021,4018,4023,4019,4020,4018,4022,4016,4015,4010,4021,4013,4020,4011,4011,4011,4011,4014,4012,4012,4010,4009,4012,4008,4010,4011,4013,4007,4012,4007,4008,4011,4009,4010,4015,4011,4014,4011,4008,4012,4023,4019,4016,4015,4020,4015,4017,4014,-0.46,SJNFAAZE1U0005576,117.83,13.04,9121.7392578125,79,75,0,0,0,0,15.5,99.17,-169483,100,1528027330.945,0,1,1,0,5,0,0,3,0,1,384.69,384.69,7F,1,1,1,0082,63,40,40,0,0,19,0.00
03/06/2018 13:02:14,55 59.40641,-2 30.55496,236,0,381,752115,1144818,384.96,-79.314,4025,4002,4010,23,0,111.2,44.0,107.4,41.9,none,none,97.9,36.6,4024,4020,4011,4013,4013,4009,4007,4007,4008,4005,4005,4004,4007,4006,4006,4005,4005,4003,4005,4004,4005,4002,4004,4005,4004,4006,4005,4004,4004,4003,4005,4006,4007,4004,4005,4005,4006,4004,4006,4004,4007,4006,4014,4010,4012,4010,4018,4010,4022,4018,4025,4021,4021,4019,4024,4017,4014,4010,4021,4013,4019,4012,4011,4011,4013,4013,4014,4013,4011,4009,4012,4009,4011,4010,4012,4008,4013,4007,4008,4011,4010,4009,4015,4012,4015,4012,4007,4011,4023,4021,4017,4016,4020,4014,4017,4014,-0.46,SJNFAAZE1U0005576,117.83,13.04,9121.7392578125,79,75,0,0,0,0,15.5,99.17,-169513,100,1528027334.698,0,1,1,0,5,0,0,3,0,1,384.86,384.86,7F,1,1,1,0082,63,40,40,0,0,19,0.00
03/06/2018 13:02:18,55 59.40675,-2 30.55538,232,0,381,752820,1144818,384.86,-78.979,4023,4001,4009,22,0,111.2,44.0,107.4,41.9,none,none,97.9,36.6,4023,4019,4009,4011,4013,4008,4005,4006,4006,4004,4004,4002,4006,4003,4004,4004,4004,4002,4003,4003,4004,4001,4004,4003,4003,4004,4004,4004,4003,4002,4004,4003,4005,4003,4003,4005,4004,4004,4005,4002,4006,4005,4012,4008,4011,4009,4017,4008,4020,4017,4023,4018,4019,4016,4022,4015,4011,4008,4020,4011,4018,4009,4010,4009,4011,4012,4012,4009,4009,4007,4010,4009,4007,4010,4011,4008,4010,4006,4008,4008,4008,4007,4014,4010,4013,4008,4006,4009,4022,4017,4016,4014,4020,4015,4016,4012,-0.46,SJNFAAZE1U0005576,117.83,13.04,9121.7392578125,79,75,0,0,0,0,15.5,99.17,-169542,100,1528027338.397,0,1,1,0,5,0,0,3,0,1,384.82,384.82,7F,1,1,1,0082,63,40,40,0,0,19,0.00
03/06/2018 13:02:22,55 59.40793,-2 30.55618,226,0,381,753542,1144818,384.86,-77.758,4023,4000,4009,23,0,111.2,44.0,107.4,41.9,none,none,98.2,36.8,4023,4018,4009,4011,4012,4008,4005,4005,4007,4003,4005,4002,4006,4004,4003,4002,4004,4002,4003,4003,4004,4000,4003,4004,4002,4004,4004,4002,4003,4003,4004,4003,4006,4003,4003,4005,4004,4002,4005,4002,4006,4005,4012,4007,4011,4009,4018,4009,4021,4016,4022,4018,4020,4017,4022,4014,4011,4008,4019,4011,4018,4010,4010,4010,4011,4012,4011,4009,4009,4008,4010,4008,4006,4009,4011,4007,4010,4007,4006,4008,4009,4008,4014,4009,4013,4009,4006,4006,4021,4018,4015,4012,4019,4014,4016,4013,-0.44,SJNFAAZE1U0005576,117.83,13.04,9121.7392578125,79,75,0,0,0,0,15.5,99.17,-169572,100,1528027342.070,0,1,1,0,5,0,0,3,0,1,385.01,385.01,7F,1,1,1,0082,63,40,40,0,0,19,0.00
03/06/2018 13:02:25,55 59.40966,-2 30.55516,229,0,382,754184,1144818,385.06,-78.491,4027,4003,4011,24,0,111.2,44.0,107.4,41.9,none,none,97.9,36.6,4027,4022,4014,4015,4015,4010,4008,4008,4008,4006,4008,4005,4010,4007,4006,4006,4005,4005,4006,4006,4006,4003,4005,4006,4005,4007,4006,4005,4006,4003,4007,4007,4008,4006,4005,4008,4007,4006,4007,4006,4008,4007,4014,4010,4014,4011,4020,4011,4022,4018,4025,4021,4022,4019,4025,4018,4015,4011,4022,4014,4021,4013,4013,4012,4013,4013,4014,4014,4010,4010,4014,4010,4011,4012,4014,4010,4015,4009,4010,4011,4011,4011,4016,4013,4015,4013,4009,4013,4024,4021,4017,4017,4021,4018,4019,4013,-0.42,SJNFAAZE1U0005576,117.83,13.04,9121.7392578125,79,75,0,0,0,0,15.5,99.17,-169599,100,1528027345.532,0,1,1,0,5,0,0,3,0,1,384.97,384.97,7F,1,1,1,0082,63,40,40,0,0,19,0.00
03/06/2018 13:02:29,55 59.40655,-2 30.55548,236,0,382,754884,1144818,384.96,-77.453,4025,4002,4010,23,0,111.5,44.1,107.4,41.9,none,none,97.9,36.6,4025,4019,4011,4013,4013,4010,4007,4007,4008,4005,4005,4004,4007,4006,4004,4004,4005,4005,4004,4005,4006,4002,4004,4005,4004,4005,4004,4004,4004,4004,4004,4005,4006,4004,4004,4006,4005,4004,4005,4004,4008,4007,4013,4009,4013,4012,4020,4010,4021,4017,4023,4019,4020,4019,4023,4016,4010,4010,4022,4013,4018,4011,4012,4010,4013,4014,4013,4009,4011,4009,4012,4009,4006,4010,4011,4008,4010,4009,4009,4009,4009,4010,4016,4012,4014,4010,4008,4008,4023,4021,4015,4014,4019,4014,4017,4015,-0.40,SJNFAAZE1U0005576,117.83,13.04,9121.7392578125,79,75,0,0,0,0,15.5,99.17,-169627,100,1528027349.410,0,1,1,0,5,0,0,3,0,1,385.11,385.11,7F,1,1,1,0082,63,40,40,0,0,19,0.00
03/06/2018 13:02:33,55 59.4045,-2 30.55475,226,0,382,755641,1144818,385.15,-78.094,4027,4004,4012,23,0,111.2,44.0,107.4,41.9,none,none,97.9,36.6,4027,4023,4013,4016,4016,4010,4010,4010,4010,4007,4008,4006,4010,4007,4007,4006,4006,4005,4007,4007,4007,4004,4006,4008,4007,4008,4007,4006,4007,4005,4009,4008,4009,4007,4007,4008,4008,4007,4008,4006,4009,4008,4016,4011,4015,4013,4020,4012,4024,4019,4026,4021,4023,4020,4025,4018,4016,4012,4022,4015,4022,4014,4013,4013,4014,4014,4016,4015,4013,4011,4013,4010,4012,4014,4015,4011,4015,4010,4012,4012,4012,4012,4017,4014,4016,4013,4011,4013,4025,4022,4017,4017,4021,4018,4019,4017,-0.41,SJNFAAZE1U0005576,117.83,13.04,9121.7392578125,79,75,0,0,0,0,15.5,99.17,-169659,100,1528027353.500,0,1,1,0,5,0,0,3,0,1,385.05,385.05,7F,1,1,1,0082,63,40,40,0,0,19,0.00
03/06/2018 13:02:37,55 59.4045,-2 30.55475,226,0,383,756398,1144818,385.34,-78.368,4028,4007,4014,21,0,111.2,44.0,107.4,41.9,none,none,98.2,36.8,4028,4024,4015,4016,4017,4013,4010,4012,4012,4009,4008,4008,4011,4010,4009,4009,4009,4007,4007,4009,4009,4007,4008,4009,4008,4010,4010,4008,4008,4007,4009,4010,4010,4008,4008,4010,4010,4009,4010,4009,4012,4010,4017,4014,4017,4014,4023,4013,4025,4021,4027,4023,4025,4022,4027,4021,4018,4014,4025,4017,4024,4017,4016,4015,4016,4018,4017,4016,4015,4013,4016,4013,4013,4014,4016,4012,4016,4011,4013,4015,4013,4014,4019,4017,4019,4015,4011,4016,4027,4026,4020,4020,4024,4019,4021,4018,-0.42,SJNFAAZE1U0005576,117.83,13.04,9121.7392578125,79,75,0,0,0,0,15.5,99.17,-169690,100,1528027357.324,0,1,1,0,5,0,0,3,0,1,385.16,385.16,7F,1,1,1,0082,63,40,40,0,0,19,0.00
03/06/2018 13:02:41,55 59.4045,-2 30.55475,226,0,383,757089,1144818,385.25,-76.965,4028,4005,4013,23,0,111.5,44.1,107.4,41.9,none,none,98.2,36.8,4028,4023,4014,4016,4017,4014,4009,4010,4010,4009,4008,4009,4009,4008,4008,4007,4006,4009,4007,4007,4010,4005,4007,4008,4008,4009,4008,4007,4008,4007,4009,4008,4010,4008,4008,4009,4009,4007,4008,4007,4011,4010,4016,4011,4016,4014,4023,4012,4025,4019,4026,4021,4025,4022,4026,4019,4016,4013,4024,4016,4021,4015,4015,4014,4015,4018,4015,4015,4015,4012,4016,4012,4010,4013,4015,4011,4014,4012,4013,4013,4014,4012,4019,4015,4019,4013,4012,4011,4027,4024,4020,4018,4023,4018,4021,4017,-0.45,SJNFAAZE1U0005576,117.83,13.04,9121.7392578125,79,75,0,0,0,0,15.5,99.17,-169718,100,1528027361.090,0,1,1,0,5,0,0,3,0,1,385.38,385.38,7F,1,1,1,0082,63,40,40,0,0,19,0.00
03/06/2018 13:02:45,55 59.4045,-2 30.55475,226,0,383,757814,1144818,385.15,-76.598,4027,4004,4012,23,0,111.5,44.1,107.4,41.9,none,none,98.2,36.8,4027,4022,4015,4015,4016,4011,4009,4009,4011,4007,4008,4006,4010,4007,4007,4008,4008,4005,4008,4008,4007,4004,4007,4006,4006,4008,4007,4007,4007,4005,4007,4008,4010,4007,4006,4008,4008,4007,4008,4006,4010,4008,4016,4011,4015,4013,4021,4012,4024,4019,4026,4021,4023,4020,4026,4019,4015,4011,4023,4014,4021,4014,4014,4013,4014,4015,4015,4013,4013,4011,4014,4011,4011,4014,4014,4010,4014,4009,4011,4012,4011,4012,4016,4014,4016,4014,4010,4013,4025,4022,4019,4017,4023,4018,4020,4016,-0.46,SJNFAAZE1U0005576,117.83,13.04,9121.7392578125,79,75,0,0,0,0,15.5,99.17,-169748,100,1528027365.084,0,1,1,0,6,0,0,3,0,1,385.15,385.15,7F,1,1,1,0082,63,40,40,0,0,19,0.00
03/06/2018 13:02:49,55 59.4045,-2 30.55475,226,0,384,758559,1144818,385.25,-76.323,4027,4004,4013,23,0,111.5,44.1,107.6,42.0,none,none,98.2,36.8,4027,4022,4013,4016,4017,4012,4009,4010,4010,4008,4008,4007,4009,4008,4007,4007,4007,4008,4007,4007,4008,4004,4007,4008,4007,4008,4007,4006,4006,4007,4007,4008,4009,4007,4007,4009,4007,4007,4008,4007,4011,4009,4017,4011,4015,4013,4023,4013,4025,4020,4026,4021,4024,4021,4026,4019,4013,4013,4024,4015,4021,4013,4015,4013,4015,4017,4016,4012,4013,4012,4015,4012,4010,4013,4015,4011,4013,4011,4012,4012,4012,4012,4017,4014,4017,4013,4010,4010,4026,4023,4018,4016,4023,4019,4020,4017,-0.46,SJNFAAZE1U0005576,117.83,13.04,9121.7392578125,79,75,0,0,0,0,15.5,99.17,-169779,100,1528027369.114,0,1,1,0,5,0,0,3,0,1,385.36,385.36,7F,1,1,1,0082,63,40,40,0,0,19,0.00
03/06/2018 13:02:53,55 59.4045,-2 30.55475,226,0,384,759304,1144818,385.34,-76.598,4027,4005,4014,22,0,111.5,44.1,107.4,41.9,none,none,98.2,36.8,4027,4024,4014,4017,4018,4013,4010,4010,4012,4009,4010,4009,4011,4009,4009,4009,4008,4009,4008,4008,4009,4005,4008,4009,4008,4009,4008,4007,4007,4008,4009,4007,4010,4008,4008,4009,4009,4008,4009,4008,4012,4010,4017,4012,4016,4015,4021,4013,4025,4020,4027,4022,4025,4023,4026,4020,4015,4014,4025,4017,4022,4015,4014,4015,4015,4019,4016,4013,4014,4013,4016,4013,4010,4014,4015,4011,4015,4012,4013,4013,4012,4013,4019,4016,4017,4013,4011,4012,4026,4025,4019,4018,4024,4019,4021,4019,-0.44,SJNFAAZE1U0005576,117.83,13.04,9121.7392578125,79,75,0,0,0,0,15.5,99.17,-169810,100,1528027373.106,0,1,1,0,5,0,0,3,0,1,385.56,385.56,7F,1,1,1,0082,63,40,40,0,0,19,0.00
03/06/2018 13:02:57,55 59.4045,-2 30.55475,226,0,385,760025,1144818,385.63,-76.171,4030,4009,4017,21,0,111.5,44.1,107.4,41.9,none,none,98.2,36.8,4030,4026,4017,4020,4019,4016,4013,4014,4013,4012,4011,4011,4013,4013,4011,4012,4011,4010,4010,4012,4011,4009,4010,4012,4010,4013,4012,4011,4010,4010,4011,4011,4012,4010,4010,4012,4011,4012,4011,4011,4013,4012,4019,4016,4018,4017,4026,4017,4028,4024,4029,4025,4027,4022,4029,4023,4020,4017,4027,4020,4026,4018,4017,4018,4018,4020,4020,4019,4017,4015,4019,4016,4017,4018,4018,4014,4019,4014,4016,4016,4016,4017,4021,4017,4022,4017,4015,4017,4029,4026,4023,4023,4027,4023,4023,4021,-0.45,SJNFAAZE1U0005576,117.83,13.04,9121.7392578125,79,75,0,0,0,0,15.5,99.17,-169839,100,1528027377.040,0,1,1,0,5,0,0,3,0,1,385.48,385.48,7F,1,1,1,0082,63,40,40,0,0,19,0.00
03/06/2018 13:03:00,55 59.4045,-2 30.55475,226,0,385,760745,1144818,385.44,-76.568,4030,4007,4015,23,0,111.2,44.0,107.4,41.9,none,none,98.2,36.8,4030,4025,4018,4018,4019,4014,4012,4012,4015,4010,4011,4009,4012,4011,4010,4010,4010,4008,4009,4010,4011,4007,4009,4010,4010,4010,4009,4009,4011,4009,4011,4010,4013,4010,4009,4011,4011,4009,4011,4009,4012,4011,4019,4014,4018,4016,4025,4014,4028,4022,4028,4024,4027,4023,4030,4021,4018,4016,4027,4017,4025,4017,4017,4016,4017,4017,4019,4017,4017,4015,4018,4014,4015,4016,4017,4013,4018,4013,4015,4015,4017,4015,4021,4017,4021,4015,4014,4015,4029,4024,4022,4020,4026,4020,4022,4019,-0.48,SJNFAAZE1U0005576,117.83,13.04,9121.7392578125,79,75,0,0,0,0,15.5,99.17,-169869,100,1528027380.627,0,1,1,0,5,0,0,3,0,1,385.47,385.47,7F,1,1,1,0082,63,40,40,0,0,19,0.00
03/06/2018 13:03:04,55 59.4045,-2 30.55475,226,0,385,761425,1144818,385.54,-75.683,4029,4009,4016,20,0,111.5,44.1,107.4,41.9,none,none,98.2,36.8,4029,4025,4017,4019,4019,4016,4011,4012,4013,4010,4012,4011,4011,4011,4009,4010,4010,4011,4009,4010,4010,4009,4010,4011,4010,4011,4011,4010,4009,4011,4011,4011,4012,4011,4010,4012,4011,4011,4012,4009,4013,4013,4018,4015,4018,4017,4024,4016,4027,4022,4028,4025,4026,4024,4029,4022,4016,4016,4027,4020,4024,4017,4017,4017,4017,4021,4018,4016,4016,4013,4018,4015,4011,4016,4018,4014,4016,4015,4015,4016,4016,4017,4021,4017,4021,4016,4015,4014,4029,4025,4021,4020,4026,4021,4023,4020,-0.46,SJNFAAZE1U0005576,117.83,13.04,9121.7392578125,79,75,0,0,0,0,15.5,99.17,-169897,100,1528027384.606,0,1,1,0,5,0,0,3,0,1,385.66,385.66,7F,1,1,1,0082,63,40,40,0,0,19,0.00
03/06/2018 13:03:08,55 59.4045,-2 30.55475,226,0,386,762145,1144818,385.82,-75.866,4034,4011,4019,23,0,111.5,44.1,107.6,42.0,none,none,98.2,36.8,4034,4029,4019,4021,4022,4018,4014,4016,4017,4014,4014,4014,4014,4014,4013,4013,4013,4013,4013,4014,4013,4011,4012,4013,4012,4014,4012,4013,4013,4013,4013,4014,4015,4013,4012,4015,4014,4013,4014,4012,4015,4015,4021,4018,4020,4020,4027,4019,4030,4026,4031,4028,4030,4026,4031,4025,4021,4018,4029,4021,4027,4020,4020,4019,4019,4024,4021,4018,4020,4017,4021,4018,4016,4020,4020,4016,4020,4016,4017,4018,4018,4019,4023,4020,4024,4019,4017,4019,4031,4029,4024,4024,4029,4024,4025,4023,-0.41,SJNFAAZE1U0005576,117.83,13.04,9121.7392578125,79,75,0,0,0,0,15.5,99.17,-169927,100,1528027388.471,0,1,1,0,5,0,0,3,0,1,385.88,385.88,7F,1,1,1,0082,63,40,40,0,0,19,0.00
03/06/2018 13:03:12,55 59.4045,-2 30.55475,226,0,386,762863,1144818,385.92,-76.568,4034,4011,4020,23,0,111.5,44.1,107.6,42.0,none,none,98.2,36.8,4034,4030,4020,4023,4023,4019,4016,4017,4017,4016,4015,4014,4016,4016,4014,4014,4015,4013,4013,4014,4015,4013,4013,4014,4013,4016,4014,4014,4014,4011,4014,4015,4015,4014,4013,4016,4015,4014,4015,4014,4017,4015,4022,4019,4021,4021,4028,4020,4031,4028,4033,4029,4030,4026,4032,4026,4023,4019,4029,4022,4029,4021,4021,4020,4021,4023,4022,4021,4020,4018,4021,4019,4020,4021,4021,4018,4022,4017,4019,4019,4020,4021,4024,4022,4024,4021,4018,4021,4032,4029,4026,4025,4030,4024,4026,4023,-0.45,SJNFAAZE1U0005576,117.83,13.04,9121.7392578125,79,75,0,0,0,0,15.5,99.17,-169956,100,1528027392.224,0,1,1,0,5,0,0,3,0,1,385.84,385.84,7F,1,1,1,0082,63,40,40,0,0,19,0.00
03/06/2018 13:03:15,55 59.4045,-2 30.55475,226,0,386,763508,1144818,385.82,-75.805,4034,4011,4019,23,0,111.5,44.1,107.6,42.0,none,none,98.2,36.8,4034,4029,4020,4023,4022,4018,4016,4017,4016,4015,4013,4013,4017,4015,4013,4014,4014,4012,4013,4013,4013,4012,4013,4014,4013,4014,4013,4014,4013,4011,4014,4014,4015,4014,4012,4014,4014,4013,4013,4013,4016,4015,4023,4018,4021,4020,4027,4019,4030,4026,4032,4028,4030,4025,4032,4025,4021,4019,4029,4022,4027,4019,4021,4020,4020,4023,4022,4021,4019,4016,4020,4019,4018,4020,4020,4017,4020,4015,4019,4018,4019,4019,4023,4020,4023,4019,4016,4019,4031,4028,4025,4024,4029,4024,4025,4022,-0.46,SJNFAAZE1U0005576,117.83,13.04,9121.7392578125,79,75,0,0,0,0,15.5,99.17,-169983,100,1528027395.736,0,1,1,0,5,0,0,3,0,1,385.76,385.76,7F,1,1,1,0082,63,40,40,0,0,19,0.00
03/06/2018 13:03:19,55 59.4045,-2 30.55475,226,0,387,764183,1144818,385.82,-74.767,4032,4011,4019,21,0,111.5,44.1,107.6,42.0,none,none,98.2,36.8,4032,4029,4020,4023,4023,4019,4014,4016,4017,4014,4014,4014,4015,4014,4013,4014,4013,4014,4012,4014,4015,4011,4013,4014,4012,4014,4013,4013,4013,4013,4013,4014,4016,4013,4014,4015,4013,4014,4014,4013,4017,4016,4022,4018,4020,4020,4028,4018,4030,4025,4030,4026,4028,4026,4032,4025,4019,4020,4029,4022,4027,4018,4019,4020,4020,4024,4021,4018,4020,4018,4021,4019,4014,4019,4020,4017,4019,4017,4017,4017,4019,4018,4024,4022,4024,4019,4017,4017,4032,4029,4025,4023,4029,4024,4026,4023,-0.44,SJNFAAZE1U0005576,117.83,13.04,9121.7392578125,79,75,0,0,0,0,15.5,99.17,-170011,100,1528027399.617,0,1,1,0,5,0,0,3,0,1,385.88,385.88,7F,1,1,1,0082,63,40,40,0,0,19,0.00
03/06/2018 13:03:23,55 59.4045,-2 30.55475,226,0,387,764872,1144818,385.92,-74.767,4035,4012,4020,23,0,111.5,44.1,107.6,42.0,none,none,98.2,36.8,4035,4031,4020,4023,4023,4019,4016,4017,4018,4015,4015,4016,4016,4016,4014,4014,4014,4013,4014,4015,4014,4012,4013,4014,4013,4015,4014,4014,4014,4013,4014,4015,4016,4015,4013,4015,4016,4015,4015,4015,4018,4017,4024,4020,4022,4022,4028,4020,4030,4027,4034,4029,4031,4026,4033,4026,4023,4020,4030,4022,4027,4020,4021,4021,4021,4024,4023,4022,4021,4018,4021,4019,4019,4020,4022,4019,4023,4017,4018,4019,4020,4020,4024,4020,4024,4019,4017,4021,4033,4029,4026,4024,4030,4025,4026,4023,-0.45,SJNFAAZE1U0005576,117.83,13.04,9121.7392578125,79,75,0,0,0,0,15.5,99.17,-170039,100,1528027403.248,0,1,1,0,5,0,0,3,0,1,385.86,385.86,7F,1,1,1,0082,63,40,40,0,0,19,0.00
03/06/2018 13:03:27,55 59.4045,-2 30.55475,226,0,387,765524,1144818,386.11,-74.828,4035,4014,4022,21,0,111.5,44.1,107.6,42.0,none,none,98.2,36.8,4035,4031,4023,4024,4024,4022,4018,4020,4020,4017,4017,4017,4019,4017,4016,4016,4016,4017,4014,4016,4016,4014,4014,4018,4014,4017,4015,4017,4015,4017,4016,4017,4018,4016,4015,4018,4017,4016,4018,4015,4018,4019,4024,4021,4022,4022,4029,4022,4032,4029,4034,4031,4033,4032,4034,4028,4024,4022,4033,4024,4031,4024,4022,4022,4022,4026,4024,4023,4022,4020,4025,4021,4017,4022,4022,4020,4023,4020,4020,4021,4021,4023,4026,4024,4026,4023,4020,4021,4034,4033,4028,4026,4031,4028,4028,4026,-0.46,SJNFAAZE1U0005576,117.83,13.04,9121.7392578125,79,75,0,0,0,0,15.5,99.17,-170066,100,1528027407.121,0,1,1,0,6,0,0,3,0,1,386.01,386.01,7F,1,1,1,0082,63,40,40,0,0,19,0.00
03/06/2018 13:03:30,55 59.4045,-2 30.55475,226,0,388,766225,1144818,386.21,-74.584,4037,4015,4023,22,0,111.5,44.1,107.6,42.0,none,none,98.2,36.8,4037,4034,4024,4026,4026,4022,4020,4020,4020,4018,4018,4017,4019,4019,4017,4018,4017,4015,4017,4017,4016,4015,4016,4017,4016,4019,4017,4017,4017,4016,4017,4018,4018,4017,4016,4018,4018,4018,4018,4017,4019,4018,4026,4022,4025,4024,4030,4023,4033,4030,4035,4032,4034,4030,4035,4029,4027,4021,4032,4024,4032,4024,4024,4023,4024,4025,4025,4025,4024,4022,4024,4021,4023,4023,4024,4021,4025,4020,4022,4022,4023,4022,4027,4024,4027,4024,4021,4024,4035,4032,4029,4028,4033,4028,4029,4026,-0.42,SJNFAAZE1U0005576,117.83,13.04,9121.7392578125,79,75,0,0,0,0,15.5,99.17,-170095,100,1528027410.958,0,1,1,0,5,0,0,3,0,1,385.83,385.83,7F,1,1,1,0082,63,40,40,0,0,19,0.00
03/06/2018 13:03:34,55 59.4045,-2 30.55475,226,0,388,766927,1144818,386.30,-74.554,4037,4016,4024,21,0,111.5,44.1,107.6,42.0,none,none,98.4,36.9,4037,4034,4026,4026,4028,4022,4021,4022,4022,4019,4020,4018,4021,4020,4020,4018,4018,4016,4019,4018,4019,4016,4018,4018,4018,4021,4019,4018,4018,4017,4020,4019,4021,4018,4018,4019,4020,4019,4021,4018,4022,4019,4027,4024,4027,4025,4033,4023,4035,4032,4037,4033,4035,4031,4036,4030,4029,4023,4034,4026,4034,4026,4026,4024,4027,4027,4027,4028,4024,4023,4025,4022,4027,4025,4026,4022,4027,4021,4023,4024,4022,4023,4028,4026,4029,4025,4021,4026,4036,4032,4030,4029,4034,4029,4030,4026,-0.48,SJNFAAZE1U0005576,117.83,13.04,9121.7392578125,79,75,0,0,0,0,15.5,99.17,-170124,100,1528027414.772,0,1,1,0,5,0,0,3,0,1,385.98,385.98,7F,1,1,1,0082,63,40,40,0,0,19,0.00
03/06/2018 13:03:38,55 59.4045,-2 30.55475,226,0,388,767607,1144818,386.30,-75.103,4038,4015,4024,23,0,111.5,44.1,107.6,42.0,none,none,98.4,36.9,4038,4034,4026,4028,4026,4022,4021,4021,4020,4019,4019,4019,4022,4020,4019,4020,4018,4017,4018,4018,4017,4016,4017,4018,4018,4020,4018,4018,4017,4015,4018,4020,4020,4018,4016,4019,4019,4018,4019,4018,4021,4019,4027,4023,4026,4025,4031,4024,4035,4031,4036,4033,4034,4029,4037,4030,4028,4024,4034,4026,4033,4025,4025,4024,4026,4026,4026,4026,4024,4021,4025,4021,4027,4024,4025,4023,4027,4020,4023,4023,4024,4023,4028,4026,4029,4024,4022,4026,4036,4031,4030,4029,4033,4029,4029,4027,-0.42,SJNFAAZE1U0005576,117.83,13.04,9121.7392578125,79,75,0,0,0,0,15.5,99.17,-170152,100,1528027418.677,0,1,1,0,5,0,0,3,0,1,385.90,385.90,7F,1,1,1,0082,63,40,40,0,0,19,0.00
03/06/2018 13:03:42,55 59.4045,-2 30.55475,226,0,389,768324,1144818,386.30,-73.638,4037,4016,4024,21,0,111.5,44.1,107.6,42.0,none,none,98.4,36.9,4037,4034,4025,4027,4028,4023,4021,4021,4021,4019,4020,4018,4020,4019,4019,4019,4019,4018,4018,4017,4019,4016,4019,4019,4018,4019,4018,4018,4018,4019,4020,4019,4021,4018,4018,4020,4019,4019,4020,4018,4022,4020,4028,4024,4027,4025,4034,4023,4034,4030,4037,4032,4036,4033,4037,4028,4026,4024,4035,4026,4032,4026,4025,4024,4025,4028,4026,4024,4025,4023,4026,4023,4022,4025,4026,4022,4025,4021,4022,4024,4024,4024,4029,4025,4027,4024,4022,4023,4036,4033,4030,4029,4034,4028,4031,4029,-0.44,SJNFAAZE1U0005576,117.83,13.04,9121.7392578125,79,75,0,0,0,0,15.5,99.17,-170181,100,1528027422.769,0,1,1,0,5,0,0,3,0,1,386.42,386.42,7F,1,1,1,0082,63,40,40,0,0,19,0.00
03/06/2018 13:03:46,55 59.4045,-2 30.55475,226,0,389,769059,1144818,386.11,-72.600,4036,4014,4022,22,0,111.7,44.3,107.6,42.0,none,none,98.4,36.9,4036,4033,4023,4025,4027,4023,4019,4018,4021,4018,4018,4018,4019,4017,4018,4016,4018,4017,4016,4016,4018,4014,4017,4018,4017,4018,4017,4016,4016,4016,4018,4017,4020,4017,4017,4019,4019,4016,4017,4016,4020,4019,4025,4022,4025,4023,4031,4022,4033,4029,4035,4031,4033,4031,4035,4028,4022,4022,4034,4026,4031,4024,4024,4023,4024,4028,4025,4022,4023,4021,4024,4021,4017,4022,4024,4020,4022,4021,4020,4021,4022,4022,4027,4024,4027,4022,4020,4019,4034,4033,4029,4026,4032,4028,4030,4027,-0.48,SJNFAAZE1U0005576,117.83,13.04,9121.7392578125,79,75,0,0,0,0,15.5,99.17,-170212,100,1528027426.840,0,1,1,0,5,0,0,3,0,1,386.49,386.49,7F,1,1,1,0082,63,40,40,0,0,19,0.00
03/06/2018 13:03:50,55 59.4045,-2 30.55475,226,0,389,769759,1144818,386.30,-73.943,4039,4017,4024,22,0,111.5,44.1,107.6,42.0,none,none,98.4,36.9,4039,4034,4025,4028,4028,4025,4020,4020,4023,4019,4020,4020,4021,4020,4019,4018,4020,4020,4018,4018,4021,4017,4019,4020,4018,4019,4019,4018,4018,4020,4019,4019,4021,4018,4019,4020,4019,4018,4019,4018,4022,4023,4027,4023,4027,4026,4034,4025,4035,4031,4037,4033,4035,4034,4038,4030,4026,4024,4036,4026,4032,4026,4025,4025,4026,4030,4026,4023,4025,4023,4027,4023,4019,4024,4026,4022,4024,4024,4023,4024,4023,4024,4030,4026,4028,4025,4022,4023,4037,4036,4031,4029,4035,4029,4032,4029,-0.39,SJNFAAZE1U0005576,117.83,13.04,9121.7392578125,79,75,0,0,0,0,15.5,99.17,-170240,100,1528027430.732,0,1,1,0,5,0,0,3,0,1,386.58,386.58,7F,1,1,1,0082,63,40,40,0,0,19,0.00
03/06/2018 13:03:54,55 59.4045,-2 30.55475,226,0,390,770457,1144818,386.59,-74.218,4041,4019,4027,22,0,111.7,44.3,107.6,42.0,none,none,98.4,36.9,4041,4038,4028,4030,4030,4026,4024,4024,4025,4022,4022,4022,4025,4022,4023,4022,4023,4021,4020,4022,4022,4019,4021,4022,4021,4023,4022,4021,4022,4020,4022,4022,4024,4021,4022,4023,4023,4022,4023,4021,4024,4024,4031,4026,4030,4028,4036,4027,4038,4034,4041,4036,4038,4035,4040,4034,4031,4026,4038,4029,4036,4028,4028,4028,4029,4030,4030,4029,4027,4026,4028,4026,4027,4028,4029,4025,4030,4025,4025,4027,4026,4027,4032,4029,4031,4028,4025,4029,4039,4037,4033,4032,4037,4032,4034,4031,-0.43,SJNFAAZE1U0005576,117.83,13.04,9121.7392578125,79,75,0,0,0,0,15.5,99.17,-170269,100,1528027434.713,0,1,1,0,6,0,0,3,0,1,386.46,386.46,7F,1,1,1,0082,63,40,40,0,0,19,0.00
03/06/2018 13:03:58,55 59.4045,-2 30.55475,226,0,390,771175,1144818,386.59,-74.676,4041,4018,4027,23,0,111.5,44.1,107.6,42.0,none,none,98.4,36.9,4041,4036,4028,4029,4029,4024,4024,4024,4024,4022,4021,4021,4024,4022,4021,4022,4021,4019,4020,4021,4021,4018,4019,4021,4021,4023,4021,4021,4021,4018,4022,4022,4023,4021,4020,4022,4023,4022,4023,4021,4024,4021,4029,4026,4028,4027,4034,4027,4039,4034,4039,4036,4037,4034,4040,4034,4031,4026,4036,4029,4037,4029,4029,4028,4028,4028,4029,4030,4027,4025,4028,4025,4029,4028,4029,4025,4030,4024,4026,4026,4027,4026,4031,4028,4032,4029,4026,4029,4039,4036,4035,4032,4037,4031,4033,4030,-0.43,SJNFAAZE1U0005576,117.83,13.04,9121.7392578125,79,75,0,0,0,0,15.5,99.17,-170299,100,1528027438.665,0,1,1,0,5,0,0,3,0,1,386.43,386.43,7F,1,1,1,0082,63,40,40,0,0,19,0.00
03/06/2018 13:04:02,55 59.4045,-2 30.55475,226,0,391,771873,1144818,386.40,-73.181,4039,4017,4025,22,0,111.5,44.1,107.6,42.0,none,none,98.4,36.9,4039,4034,4026,4026,4029,4025,4021,4022,4024,4021,4020,4020,4023,4021,4020,4019,4020,4019,4020,4019,4020,4017,4020,4020,4020,4020,4020,4019,4020,4020,4021,4020,4022,4020,4020,4021,4021,4020,4021,4019,4024,4023,4030,4024,4028,4026,4034,4025,4036,4031,4039,4033,4036,4035,4038,4031,4025,4025,4036,4028,4033,4026,4026,4024,4027,4029,4027,4024,4026,4023,4027,4024,4021,4025,4027,4022,4025,4024,4024,4024,4025,4025,4029,4026,4028,4025,4024,4022,4037,4035,4031,4029,4036,4030,4032,4029,-0.46,SJNFAAZE1U0005576,117.83,13.04,9121.7392578125,79,75,0,0,0,0,15.5,99.17,-170328,100,1528027442.477,0,1,1,0,5,0,0,3,0,1,386.73,386.73,7F,1,1,1,0082,63,40,40,0,0,19,0.00
03/06/2018 13:04:06,55 59.4045,-2 30.55475,226,0,391,772573,1144818,386.88,-74.493,4043,4022,4030,21,0,111.7,44.3,107.6,42.0,none,none,98.4,36.9,4043,4040,4031,4032,4034,4028,4028,4026,4028,4024,4026,4024,4028,4026,4024,4025,4024,4022,4024,4024,4025,4022,4023,4023,4024,4025,4024,4024,4024,4022,4026,4025,4026,4024,4023,4026,4025,4024,4026,4024,4028,4025,4034,4030,4033,4030,4038,4028,4041,4037,4043,4039,4039,4036,4042,4036,4036,4029,4040,4031,4040,4031,4030,4031,4032,4031,4034,4034,4030,4028,4031,4027,4033,4032,4032,4027,4033,4026,4028,4030,4029,4028,4035,4031,4034,4031,4028,4033,4041,4038,4035,4035,4039,4034,4036,4032,-0.43,SJNFAAZE1U0005576,117.83,13.04,9121.7392578125,79,75,0,0,0,0,15.5,99.17,-170356,100,1528027446.536,0,1,1,0,5,0,0,3,0,1,386.52,386.52,7F,1,1,1,0082,63,40,40,0,0,19,0.00
03/06/2018 13:04:10,55 59.4045,-2 30.55475,226,0,391,773305,1144818,386.50,-73.577,4041,4019,4026,22,0,111.7,44.3,107.6,42.0,none,none,98.4,36.9,4041,4036,4027,4029,4029,4026,4022,4023,4024,4021,4020,4021,4022,4021,4021,4020,4020,4021,4020,4020,4020,4019,4020,4021,4020,4022,4021,4020,4020,4020,4021,4021,4023,4020,4020,4022,4021,4020,4021,4020,4024,4022,4029,4025,4028,4026,4034,4026,4036,4033,4038,4034,4035,4034,4040,4031,4026,4025,4037,4028,4035,4028,4027,4027,4027,4030,4029,4026,4027,4025,4027,4024,4023,4026,4027,4024,4025,4024,4026,4025,4026,4026,4030,4027,4030,4027,4024,4023,4038,4035,4031,4028,4035,4030,4033,4029,-0.44,SJNFAAZE1U0005576,117.83,13.04,9121.7392578125,79,75,0,0,0,0,15.5,99.17,-170387,100,1528027450.680,0,1,1,0,5,0,0,3,0,1,386.60,386.60,7F,1,1,1,0082,63,40,40,0,0,19,0.00
03/06/2018 13:04:14,55 59.4045,-2 30.55475,226,0,392,774007,1144818,386.88,-72.539,4044,4023,4030,21,0,111.7,44.3,107.9,42.1,none,none,98.4,36.9,4043,4040,4032,4032,4035,4030,4027,4027,4029,4026,4027,4026,4028,4025,4025,4024,4025,4025,4025,4025,4026,4023,4025,4026,4024,4025,4025,4024,4025,4024,4025,4026,4027,4025,4025,4027,4026,4025,4026,4024,4030,4028,4033,4030,4032,4031,4039,4031,4041,4037,4043,4039,4041,4040,4043,4036,4031,4029,4041,4034,4039,4031,4030,4031,4032,4035,4033,4030,4031,4030,4031,4029,4027,4031,4033,4028,4031,4029,4029,4030,4029,4030,4035,4033,4034,4030,4029,4030,4044,4042,4037,4035,4040,4035,4037,4035,-0.47,SJNFAAZE1U0005576,117.83,13.04,9121.7392578125,79,75,0,0,0,0,15.5,99.17,-170416,100,1528027454.429,0,1,1,0,5,0,0,3,0,1,387.07,387.07,7F,1,1,1,0082,63,40,40,0,0,19,0.00
03/06/2018 13:04:18,55 59.4045,-2 30.55475,226,0,392,774682,1144818,386.88,-73.882,4045,4021,4030,24,0,111.7,44.3,107.9,42.1,none,none,98.4,36.9,4045,4040,4032,4032,4033,4027,4028,4026,4027,4025,4025,4023,4027,4026,4024,4024,4025,4022,4024,4024,4026,4023,4023,4024,4024,4025,4025,4024,4025,4021,4025,4025,4026,4024,4024,4025,4026,4024,4026,4024,4028,4025,4033,4029,4032,4030,4039,4028,4041,4036,4043,4039,4039,4036,4043,4036,4034,4028,4040,4032,4039,4032,4031,4031,4032,4032,4033,4032,4031,4028,4031,4029,4032,4031,4032,4028,4031,4027,4029,4030,4029,4029,4035,4031,4034,4030,4028,4031,4041,4038,4036,4034,4040,4034,4035,4033,-0.45,SJNFAAZE1U0005576,117.83,13.04,9121.7392578125,79,75,0,0,0,0,15.5,99.17,-170443,100,1528027458.174,0,1,1,0,5,0,0,3,0,1,386.69,386.69,7F,1,1,1,0082,63,40,40,0,0,19,0.00
03/06/2018 13:04:22,55 59.4045,-2 30.55475,226,0,392,775356,1144818,386.69,-72.112,4042,4020,4028,22,0,111.7,44.3,107.9,42.1,none,none,98.6,37.0,4042,4038,4030,4030,4033,4027,4025,4025,4025,4023,4025,4023,4026,4024,4024,4023,4024,4023,4023,4023,4025,4020,4023,4023,4023,4024,4024,4022,4023,4022,4024,4023,4026,4022,4024,4025,4024,4023,4024,4023,4027,4024,4031,4027,4032,4029,4038,4029,4039,4034,4040,4037,4038,4036,4042,4036,4029,4028,4040,4030,4037,4030,4030,4029,4030,4031,4032,4029,4029,4028,4030,4027,4026,4029,4031,4027,4029,4026,4027,4028,4028,4027,4033,4029,4032,4028,4026,4026,4041,4038,4034,4032,4039,4033,4035,4031,-0.46,SJNFAAZE1U0005576,117.83,13.04,9121.7392578125,79,75,0,0,0,0,15.5,99.17,-170471,100,1528027462.038,0,1,1,0,5,0,0,3,0,1,386.76,386.76,7F,1,1,1,0082,63,40,40,0,0,19,0.00
03/06/2018 13:04:25,55 59.4045,-2 30.55475,226,0,393,776012,1144818,386.78,-72.417,4043,4021,4029,22,0,111.7,44.3,107.9,42.1,none,none,98.4,36.9,4043,4039,4030,4032,4033,4029,4026,4026,4027,4023,4026,4024,4027,4025,4023,4023,4024,4023,4023,4022,4025,4021,4024,4024,4024,4025,4025,4023,4024,4023,4025,4023,4025,4023,4024,4025,4025,4024,4026,4025,4027,4026,4033,4029,4032,4029,4038,4029,4040,4035,4042,4037,4039,4037,4042,4035,4030,4028,4040,4032,4037,4031,4030,4030,4031,4033,4032,4028,4030,4028,4031,4028,4025,4029,4030,4027,4029,4027,4028,4028,4029,4028,4035,4030,4033,4029,4027,4027,4042,4039,4036,4033,4040,4033,4035,4033,-0.41,SJNFAAZE1U0005576,117.83,13.04,9121.7392578125,79,75,0,0,0,0,15.5,99.17,-170498,100,1528027465.781,0,1,1,0,5,0,0,3,0,1,386.91,386.91,7F,1,1,1,0082,63,40,40,0,0,19,0.00
03/06/2018 13:04:29,55 59.4045,-2 30.55475,226,0,393,776701,1144818,387.17,-73.852,4047,4025,4033,22,0,111.7,44.3,107.9,42.1,none,none,98.4,36.9,4047,4043,4035,4035,4036,4031,4031,4030,4031,4028,4029,4028,4030,4029,4030,4028,4027,4026,4028,4028,4028,4025,4027,4027,4027,4029,4028,4028,4029,4025,4029,4029,4029,4026,4028,4028,4030,4028,4030,4028,4031,4027,4038,4033,4035,4034,4042,4034,4045,4041,4047,4042,4044,4039,4046,4039,4038,4033,4043,4034,4043,4035,4035,4034,4035,4034,4036,4036,4034,4032,4035,4032,4037,4034,4035,4032,4036,4030,4032,4033,4033,4033,4038,4035,4037,4035,4031,4036,4046,4042,4039,4039,4043,4038,4040,4036,-0.44,SJNFAAZE1U0005576,117.83,13.04,9121.7392578125,79,75,0,0,0,0,15.5,99.17,-170527,100,1528027469.630,0,1,1,0,5,0,0,3,0,1,386.87,386.87,7F,1,1,1,0082,63,40,40,0,0,19,0.00
03/06/2018 13:04:33,55 59.4045,-2 30.55475,226,0,393,777357,1144818,386.98,-72.906,4046,4025,4031,21,0,111.7,44.3,107.9,42.1,none,none,98.4,36.9,4046,4041,4033,4035,4036,4031,4029,4028,4031,4028,4028,4027,4028,4026,4026,4025,4027,4027,4026,4026,4028,4025,4026,4027,4025,4026,4026,4025,4025,4027,4027,4027,4028,4026,4025,4028,4027,4025,4027,4025,4030,4030,4035,4030,4034,4032,4040,4032,4042,4036,4045,4040,4042,4041,4045,4037,4031,4031,4043,4034,4039,4032,4032,4032,4033,4037,4034,4030,4033,4031,4033,4030,4027,4031,4033,4029,4031,4031,4030,4031,4031,4032,4038,4034,4034,4032,4028,4030,4044,4043,4037,4036,4041,4037,4039,4036,-0.45,SJNFAAZE1U0005576,117.83,13.04,9121.7392578125,79,75,0,0,0,0,15.5,99.17,-170554,100,1528027473.263,0,1,1,0,5,0,0,3,0,1,387.22,387.22,7F,1,1,1,0082,63,40,40,0,0,19,0.00
03/06/2018 13:04:37,55 59.4045,-2 30.55475,226,0,394,777994,1144818,386.98,-72.112,4045,4024,4031,21,0,111.7,44.3,107.9,42.1,none,none,98.4,36.9,4045,4041,4032,4035,4036,4031,4028,4028,4030,4027,4027,4026,4029,4027,4027,4026,4027,4025,4026,4025,4027,4024,4026,4026,4026,4026,4027,4025,4026,4024,4027,4026,4028,4025,4026,4027,4029,4026,4027,4025,4029,4028,4035,4032,4034,4031,4040,4032,4042,4038,4045,4040,4042,4038,4044,4037,4032,4030,4042,4034,4040,4032,4032,4031,4034,4035,4035,4032,4031,4030,4034,4030,4029,4031,4033,4029,4032,4028,4031,4031,4031,4031,4036,4032,4036,4032,4030,4030,4044,4042,4038,4035,4040,4036,4039,4035,-0.39,SJNFAAZE1U0005576,117.83,13.04,9121.7392578125,79,75,0,0,0,0,15.5,99.17,-170580,100,1528027477.027,0,1,1,0,6,0,0,3,0,1,387.09,387.09,7F,1,1,1,0082,63,40,40,0,0,19,0.00
03/06/2018 13:04:40,55 59.4045,-2 30.55475,226,0,394,778650,1144818,387.46,-73.608,4050,4027,4036,23,0,111.7,44.3,107.9,42.1,none,none,98.6,37.0,4050,4047,4037,4039,4039,4034,4034,4034,4034,4031,4032,4031,4034,4031,4031,4031,4031,4028,4030,4031,4031,4027,4030,4030,4031,4032,4032,4030,4031,4029,4033,4030,4033,4029,4030,4032,4033,4031,4032,4030,4034,4032,4041,4035,4039,4037,4045,4036,4047,4044,4050,4044,4048,4043,4049,4042,4041,4036,4046,4038,4045,4038,4038,4037,4038,4039,4040,4039,4036,4035,4037,4035,4038,4037,4038,4033,4039,4032,4035,4036,4036,4036,4041,4037,4041,4037,4034,4040,4047,4045,4042,4042,4045,4042,4043,4040,-0.46,SJNFAAZE1U0005576,117.83,13.04,9121.7392578125,79,75,0,0,0,0,15.5,99.17,-170607,100,1528027480.636,0,1,1,0,5,0,0,3,0,1,387.31,387.31,7F,1,1,1,0082,63,40,40,0,0,19,0.00
03/06/2018 13:04:44,55 59.4045,-2 30.55475,226,0,394,779270,1144818,387.26,-73.394,4047,4026,4034,21,0,111.7,44.3,107.9,42.1,none,none,98.6,37.0,4047,4043,4036,4037,4037,4035,4030,4031,4034,4029,4030,4030,4032,4030,4029,4029,4029,4029,4028,4029,4031,4026,4029,4029,4028,4029,4029,4029,4029,4029,4029,4027,4031,4029,4029,4030,4029,4029,4030,4030,4032,4031,4038,4033,4037,4035,4044,4034,4044,4041,4047,4042,4045,4043,4047,4039,4034,4033,4045,4036,4041,4036,4035,4034,4035,4039,4037,4034,4035,4033,4035,4033,4028,4034,4036,4032,4035,4033,4034,4034,4034,4033,4039,4036,4038,4034,4031,4032,4047,4045,4040,4038,4045,4039,4042,4038,-0.45,SJNFAAZE1U0005576,117.83,13.04,9121.7392578125,79,75,0,0,0,0,15.5,99.17,-170632,100,1528027484.220,0,1,1,0,5,0,0,3,0,1,387.48,387.48,7F,1,1,1,0082,63,40,40,0,0,19,0.00
03/06/2018 13:04:48,55 59.4045,-2 30.55475,226,0,395,779959,1144818,387.17,-72.326,4047,4025,4033,22,0,111.7,44.3,107.9,42.1,none,none,98.6,37.0,4047,4043,4036,4035,4038,4033,4031,4030,4032,4029,4029,4027,4030,4028,4029,4028,4029,4027,4027,4028,4029,4025,4028,4029,4028,4029,4029,4027,4028,4027,4029,4028,4031,4028,4028,4029,4029,4027,4030,4027,4032,4030,4037,4033,4036,4034,4043,4033,4044,4039,4046,4041,4043,4041,4047,4038,4032,4033,4044,4036,4041,4035,4034,4034,4035,4037,4036,4032,4034,4032,4035,4031,4031,4033,4035,4031,4034,4032,4032,4033,4033,4033,4038,4034,4037,4033,4030,4030,4046,4044,4040,4037,4043,4038,4041,4037,-0.44,SJNFAAZE1U0005576,117.83,13.04,9121.7392578125,79,75,0,0,0,0,15.5,99.17,-170661,100,1528027488.031,0,1,1,0,5,0,0,3,0,1,387.30,387.30,7F,1,1,1,0082,63,40,40,0,0,19,0.00
03/06/2018 13:04:51,55 59.4045,-2 30.55475,226,0,395,780615,1144818,387.26,-72.021,4048,4025,4034,23,0,111.7,44.3,107.9,42.1,none,none,98.6,37.0,4048,4043,4035,4036,4038,4033,4030,4030,4032,4029,4030,4029,4031,4029,4028,4028,4029,4028,4028,4028,4030,4025,4029,4028,4029,4030,4030,4028,4028,4028,4029,4029,4031,4028,4029,4029,4030,4028,4029,4027,4032,4030,4038,4033,4037,4034,4042,4034,4045,4040,4047,4042,4043,4041,4046,4040,4034,4033,4044,4037,4042,4035,4035,4035,4035,4038,4037,4033,4034,4032,4036,4034,4030,4034,4035,4032,4035,4031,4033,4034,4034,4034,4040,4035,4039,4033,4032,4030,4047,4044,4040,4037,4045,4039,4041,4037,-0.45,SJNFAAZE1U0005576,117.83,13.04,9121.7392578125,79,75,0,0,0,0,15.5,99.17,-170688,100,1528027491.867,0,1,1,0,5,0,0,3,0,1,387.44,387.44,7F,1,1,1,0082,63,40,40,0,0,19,0.00
03/06/2018 13:04:55,55 59.4045,-2 30.55475,226,0,395,781284,1144818,387.36,-71.563,4049,4028,4035,21,0,111.7,44.3,107.9,42.1,none,none,98.6,37.0,4049,4045,4036,4038,4040,4037,4031,4032,4035,4032,4032,4031,4032,4031,4030,4031,4031,4031,4030,4030,4031,4028,4030,4032,4029,4031,4030,4030,4029,4032,4030,4031,4032,4030,4030,4033,4030,4031,4031,4030,4033,4033,4038,4035,4038,4037,4044,4036,4045,4042,4048,4044,4045,4044,4048,4042,4035,4035,4045,4039,4043,4036,4036,4036,4037,4041,4037,4036,4035,4034,4037,4036,4032,4036,4037,4033,4034,4034,4035,4035,4034,4035,4040,4036,4038,4035,4033,4033,4047,4045,4041,4040,4045,4040,4042,4041,-0.48,SJNFAAZE1U0005576,117.83,13.04,9121.7392578125,79,75,0,0,0,0,15.5,99.17,-170715,100,1528027495.778,0,1,1,0,6,0,0,3,0,1,387.65,387.65,7F,1,1,1,0082,63,40,40,0,0,19,0.00
03/06/2018 13:04:59,55 59.4045,-2 30.55475,226,0,396,781980,1144818,387.46,-71.258,4050,4029,4036,21,0,111.7,44.3,107.9,42.1,none,none,98.6,37.0,4050,4046,4037,4040,4041,4036,4032,4034,4035,4033,4032,4033,4033,4032,4030,4032,4031,4032,4029,4031,4031,4029,4031,4032,4030,4032,4031,4030,4030,4032,4031,4032,4032,4032,4031,4034,4031,4031,4031,4031,4034,4034,4040,4036,4039,4038,4044,4037,4046,4043,4049,4045,4046,4044,4049,4043,4036,4037,4047,4040,4044,4037,4037,4037,4038,4042,4038,4036,4036,4035,4039,4036,4032,4037,4038,4034,4036,4036,4035,4035,4036,4036,4042,4038,4040,4035,4034,4034,4048,4048,4043,4041,4046,4043,4044,4042,-0.44,SJNFAAZE1U0005576,117.83,13.04,9121.7392578125,79,75,0,0,0,0,15.5,99.17,-170744,100,1528027499.660,0,1,1,0,5,0,0,3,0,1,387.78,387.78,7F,1,1,1,0082,63,40,40,0,0,19,0.00
03/06/2018 13:05:03,55 59.4045,-2 30.55475,226,0,396,782643,1144818,387.55,-70.952,4051,4030,4037,21,0,111.7,44.3,107.9,42.1,none,none,98.6,37.0,4051,4047,4038,4041,4041,4039,4033,4034,4036,4033,4032,4034,4033,4033,4032,4032,4033,4034,4030,4031,4032,4030,4032,4034,4031,4032,4032,4032,4031,4034,4032,4034,4034,4032,4031,4034,4032,4033,4032,4032,4035,4036,4040,4037,4040,4039,4046,4037,4048,4044,4050,4046,4047,4046,4050,4044,4036,4037,4048,4042,4044,4038,4037,4038,4039,4044,4039,4036,4037,4037,4039,4037,4032,4037,4039,4035,4037,4037,4035,4036,4037,4037,4043,4040,4039,4036,4034,4034,4049,4047,4043,4041,4047,4044,4044,4043,-0.44,SJNFAAZE1U0005576,117.83,13.04,9121.7392578125,79,75,0,0,0,0,15.5,99.17,-170771,100,1528027503.676,0,1,1,0,6,0,0,3,0,1,387.75,387.75,7F,1,1,1,0082,63,40,40,0,0,19,0.00
03/06/2018 13:05:07,55 59.4045,-2 30.55475,226,0,396,783322,1144818,387.46,-71.502,4050,4028,4036,22,0,111.7,44.3,107.9,42.1,none,none,98.4,36.9,4050,4046,4038,4038,4041,4036,4033,4033,4035,4032,4033,4031,4034,4032,4031,4031,4032,4031,4031,4031,4032,4028,4032,4031,4030,4032,4031,4030,4031,4030,4032,4031,4033,4030,4030,4032,4032,4031,4032,4030,4034,4033,4040,4036,4039,4037,4047,4037,4048,4043,4049,4044,4046,4043,4050,4042,4036,4036,4047,4039,4044,4037,4038,4036,4038,4039,4040,4035,4036,4036,4038,4035,4034,4037,4038,4035,4037,4035,4036,4036,4037,4036,4042,4038,4040,4037,4034,4034,4049,4046,4042,4040,4047,4041,4044,4040,-0.39,SJNFAAZE1U0005576,117.83,13.04,9121.7392578125,79,75,0,0,0,0,15.5,99.17,-170799,100,1528027507.481,0,1,1,0,5,0,0,3,0,1,387.56,387.56,7F,1,1,1,0082,63,40,40,0,0,19,0.00
03/06/2018 13:05:11,55 59.4045,-2 30.55475,226,0,397,784000,1144818,387.94,-72.845,4055,4033,4041,22,0,112.0,44.4,107.9,42.1,none,none,98.6,37.0,4055,4051,4042,4043,4046,4039,4038,4038,4040,4037,4038,4036,4039,4036,4038,4036,4036,4033,4036,4035,4037,4034,4035,4036,4037,4036,4037,4035,4036,4033,4037,4036,4038,4035,4035,4037,4038,4036,4038,4036,4038,4036,4046,4041,4044,4042,4050,4041,4052,4048,4055,4050,4053,4047,4053,4047,4046,4039,4052,4043,4050,4043,4043,4042,4043,4043,4044,4044,4042,4039,4042,4040,4043,4042,4043,4039,4045,4038,4041,4041,4041,4040,4046,4043,4046,4042,4040,4046,4053,4049,4047,4047,4052,4046,4048,4044,-0.41,SJNFAAZE1U0005576,117.83,13.04,9121.7392578125,79,75,0,0,0,0,15.5,99.17,-170827,100,1528027511.190,0,1,1,0,5,0,0,3,0,1,387.68,387.68,7F,1,1,1,0082,63,40,40,0,0,19,0.00
03/06/2018 13:05:14,55 59.4045,-2 30.55475,226,0,397,784627,1144818,387.94,-72.204,4054,4033,4041,21,0,111.7,44.3,107.9,42.1,none,none,98.6,37.0,4054,4051,4042,4044,4044,4039,4038,4037,4039,4036,4037,4035,4037,4036,4036,4036,4036,4034,4036,4035,4037,4033,4035,4036,4036,4037,4036,4035,4036,4034,4036,4035,4037,4034,4034,4036,4036,4034,4037,4034,4040,4037,4045,4039,4043,4042,4050,4040,4052,4047,4053,4049,4051,4048,4053,4047,4044,4040,4051,4042,4049,4041,4042,4041,4042,4045,4044,4042,4042,4039,4042,4039,4041,4041,4041,4039,4042,4039,4040,4041,4040,4040,4046,4042,4044,4041,4038,4043,4053,4050,4046,4046,4051,4046,4047,4044,-0.40,SJNFAAZE1U0005576,117.83,13.04,9121.7392578125,79,75,0,0,0,0,15.5,99.17,-170853,100,1528027514.821,0,1,1,0,5,0,0,3,0,1,387.71,387.71,7F,1,1,1,0082,63,40,40,0,0,19,0.00
03/06/2018 13:05:18,55 59.4045,-2 30.55475,226,0,397,785271,1144818,388.13,-72.234,4057,4036,4043,21,0,112.0,44.4,107.9,42.1,none,none,98.6,37.0,4057,4053,4044,4046,4047,4042,4041,4042,4041,4039,4039,4037,4041,4040,4038,4038,4038,4037,4037,4039,4038,4036,4037,4038,4037,4040,4037,4038,4038,4036,4039,4040,4040,4038,4037,4039,4039,4039,4039,4038,4041,4040,4046,4044,4046,4044,4050,4043,4053,4050,4056,4052,4054,4050,4056,4050,4048,4042,4052,4045,4052,4045,4043,4045,4045,4047,4047,4047,4043,4043,4045,4042,4045,4045,4045,4042,4046,4040,4042,4041,4042,4044,4047,4045,4047,4044,4041,4048,4055,4052,4049,4049,4052,4049,4049,4046,-0.43,SJNFAAZE1U0005576,117.83,13.04,9121.7392578125,79,75,0,0,0,0,15.5,99.17,-170880,100,1528027518.442,0,1,1,0,5,0,0,3,0,1,387.99,387.99,7F,1,1,1,0082,63,40,40,0,0,19,0.00
03/06/2018 13:05:22,55 59.4045,-2 30.55475,226,0,398,785891,1144818,387.84,-71.380,4054,4032,4040,22,0,112.0,44.4,107.9,42.1,none,none,98.6,37.0,4054,4051,4041,4043,4044,4038,4039,4037,4038,4035,4037,4034,4038,4036,4036,4035,4035,4034,4035,4034,4036,4032,4035,4035,4035,4038,4036,4035,4035,4032,4036,4035,4037,4035,4035,4036,4037,4035,4036,4034,4038,4035,4045,4039,4044,4041,4049,4039,4052,4047,4054,4049,4051,4047,4052,4047,4042,4039,4051,4042,4049,4041,4042,4040,4043,4043,4043,4042,4041,4038,4042,4038,4041,4040,4042,4038,4041,4038,4039,4039,4039,4040,4045,4041,4045,4041,4038,4042,4052,4050,4047,4046,4050,4044,4047,4043,-0.44,SJNFAAZE1U0005576,117.83,13.04,9121.7392578125,79,75,0,0,0,0,15.5,99.17,-170905,100,1528027522.045,0,1,1,0,6,0,0,3,0,1,387.79,387.79,7F,1,1,1,0082,63,40,40,0,0,19,0.00
03/06/2018 13:05:25,55 59.4045,-2 30.55475,226,0,398,786495,1144818,388.13,-70.434,4057,4036,4043,21,0,112.0,44.4,107.9,42.1,none,none,98.6,37.0,4057,4054,4044,4047,4046,4043,4039,4041,4040,4039,4039,4038,4039,4039,4037,4038,4038,4037,4037,4038,4037,4036,4038,4039,4037,4040,4038,4038,4039,4038,4038,4039,4040,4039,4037,4039,4038,4038,4039,4038,4040,4040,4046,4042,4045,4045,4052,4043,4054,4050,4055,4053,4054,4052,4055,4050,4046,4044,4053,4046,4053,4046,4044,4044,4044,4047,4044,4044,4044,4044,4045,4043,4041,4044,4044,4042,4045,4042,4041,4044,4042,4043,4047,4045,4046,4045,4040,4045,4055,4055,4050,4049,4053,4050,4049,4047,-0.43,SJNFAAZE1U0005576,117.83,13.04,9121.7392578125,79,75,0,0,0,0,15.5,99.17,-170930,100,1528027525.538,0,1,1,0,6,0,0,3,0,1,388.23,388.23,7F,1,1,1,0082,63,40,40,0,0,19,0.00
03/06/2018 13:05:29,55 59.4045,-2 30.55475,226,0,398,787129,1144818,387.84,-70.312,4054,4034,4040,20,0,112.0,44.4,107.9,42.1,none,none,98.6,37.0,4053,4051,4042,4044,4045,4041,4037,4037,4039,4036,4037,4036,4037,4037,4035,4035,4035,4036,4034,4036,4036,4034,4035,4036,4035,4036,4034,4034,4035,4036,4035,4036,4038,4036,4035,4037,4036,4035,4036,4035,4039,4038,4045,4040,4042,4042,4049,4042,4051,4047,4053,4049,4049,4048,4054,4046,4040,4040,4051,4044,4048,4041,4041,4042,4042,4046,4043,4039,4041,4039,4043,4040,4036,4041,4042,4039,4040,4037,4039,4040,4040,4041,4045,4042,4044,4040,4038,4038,4052,4052,4046,4044,4050,4046,4048,4045,-0.45,SJNFAAZE1U0005576,117.83,13.04,9121.7392578125,79,75,0,0,0,0,15.5,99.17,-170956,100,1528027529.369,0,1,1,0,6,0,0,3,0,1,387.99,387.99,7F,1,1,1,0082,63,40,40,0,0,19,0.00
03/06/2018 13:05:33,55 59.4045,-2 30.55475,226,0,399,787783,1144818,387.94,-71.319,4055,4034,4041,21,0,112.0,44.4,108.1,42.3,none,none,98.8,37.1,4055,4052,4043,4045,4046,4041,4039,4039,4039,4037,4038,4036,4039,4037,4036,4037,4037,4035,4037,4037,4036,4034,4036,4037,4036,4038,4037,4036,4037,4035,4037,4037,4038,4035,4035,4037,4038,4037,4038,4036,4039,4037,4046,4042,4044,4043,4049,4042,4052,4048,4054,4050,4051,4048,4054,4048,4043,4041,4052,4044,4049,4042,4042,4043,4043,4045,4044,4041,4042,4040,4043,4040,4039,4043,4043,4040,4043,4038,4040,4041,4041,4042,4047,4043,4047,4042,4038,4040,4054,4050,4048,4045,4051,4046,4047,4045,-0.42,SJNFAAZE1U0005576,117.83,13.04,9121.7392578125,79,75,0,0,0,0,15.5,99.17,-170983,100,1528027533.349,0,1,1,0,5,0,0,3,0,1,388.00,388.00,7F,1,1,1,0082,63,40,40,0,0,19,0.00
03/06/2018 13:05:37,55 59.4045,-2 30.55475,226,0,399,788488,1144818,388.03,-70.220,4056,4035,4042,21,0,112.0,44.4,108.1,42.3,none,none,98.6,37.0,4056,4053,4043,4045,4045,4042,4039,4040,4040,4038,4038,4038,4039,4039,4036,4037,4037,4038,4036,4037,4038,4035,4036,4038,4036,4039,4036,4038,4037,4037,4037,4038,4038,4037,4037,4038,4038,4037,4038,4036,4040,4040,4046,4042,4044,4043,4050,4042,4053,4049,4054,4051,4052,4051,4054,4048,4042,4042,4052,4045,4051,4044,4043,4043,4044,4047,4044,4041,4042,4042,4044,4041,4037,4042,4045,4041,4042,4040,4040,4042,4042,4042,4047,4043,4046,4042,4039,4040,4054,4053,4048,4047,4052,4048,4048,4047,-0.47,SJNFAAZE1U0005576,117.83,13.04,9121.7392578125,79,75,0,0,0,0,15.5,99.17,-171012,100,1528027537.331,0,1,1,0,5,0,0,3,0,1,388.39,388.39,7F,1,1,1,0082,63,40,40,0,0,19,0.00
03/06/2018 13:05:41,55 59.4045,-2 30.55475,226,0,399,789124,1144818,388.03,-70.891,4057,4035,4042,22,0,112.0,44.4,108.1,42.3,none,none,98.6,37.0,4057,4052,4044,4045,4046,4043,4039,4039,4040,4039,4038,4038,4039,4038,4036,4038,4037,4037,4036,4037,4038,4035,4038,4038,4037,4039,4038,4037,4037,4037,4037,4038,4039,4038,4037,4039,4039,4037,4039,4037,4040,4041,4046,4043,4045,4043,4051,4043,4053,4050,4054,4052,4051,4050,4055,4047,4043,4042,4052,4045,4049,4043,4044,4043,4044,4047,4045,4042,4043,4040,4044,4042,4040,4043,4045,4041,4042,4040,4042,4041,4043,4041,4047,4044,4047,4042,4041,4040,4055,4052,4048,4047,4052,4047,4048,4047,-0.45,SJNFAAZE1U0005576,117.83,13.04,9121.7392578125,79,75,0,0,0,0,15.5,99.17,-171039,100,1528027541.074,0,1,1,0,5,0,0,3,0,1,388.11,388.11,7F,1,1,1,0082,63,40,40,0,0,19,0.00
03/06/2018 13:05:44,55 59.4045,-2 30.55475,226,0,400,789778,1144818,388.42,-71.197,4060,4039,4046,21,0,112.0,44.4,107.9,42.1,none,none,98.6,37.0,4060,4056,4048,4050,4049,4046,4043,4043,4045,4043,4041,4042,4043,4042,4041,4041,4040,4041,4040,4042,4041,4039,4040,4042,4040,4043,4041,4041,4040,4040,4042,4042,4042,4041,4041,4043,4041,4041,4041,4041,4044,4043,4050,4045,4048,4047,4055,4046,4057,4053,4059,4055,4057,4054,4059,4051,4048,4046,4056,4050,4055,4047,4047,4048,4047,4050,4049,4046,4046,4045,4047,4045,4045,4047,4047,4045,4048,4044,4045,4045,4045,4047,4051,4048,4050,4047,4044,4047,4058,4056,4052,4052,4055,4052,4052,4050,-0.43,SJNFAAZE1U0005576,117.83,13.04,9121.7392578125,79,75,0,0,0,0,15.5,99.17,-171066,100,1528027544.971,0,1,1,0,5,0,0,3,0,1,388.33,388.33,7F,1,1,1,0082,63,40,40,0,0,19,0.00
03/06/2018 13:05:48,55 59.4045,-2 30.55475,226,0,400,790448,1144818,388.32,-70.952,4058,4038,4045,20,0,112.0,44.4,108.1,42.3,none,none,98.6,37.0,4058,4056,4046,4048,4048,4045,4041,4043,4043,4041,4041,4042,4042,4042,4040,4040,4040,4039,4040,4041,4041,4038,4039,4040,4040,4042,4040,4040,4039,4039,4040,4041,4041,4039,4039,4041,4041,4041,4041,4040,4042,4041,4048,4045,4048,4046,4053,4046,4056,4053,4058,4054,4056,4052,4058,4051,4047,4046,4055,4048,4052,4045,4046,4046,4047,4049,4048,4047,4045,4044,4046,4044,4043,4045,4046,4043,4046,4042,4043,4045,4045,4045,4050,4047,4050,4046,4044,4044,4057,4055,4052,4050,4054,4050,4052,4049,-0.41,SJNFAAZE1U0005576,117.83,13.04,9121.7392578125,79,75,0,0,0,0,15.5,99.17,-171093,100,1528027548.670,0,1,1,0,5,0,0,3,0,1,388.27,388.27,7F,1,1,1,0082,63,40,40,0,0,19,0.00
03/06/2018 13:05:52,55 59.4045,-2 30.55475,226,0,400,791067,1144818,388.42,-70.434,4060,4038,4046,22,0,112.0,44.4,108.1,42.3,none,none,98.6,37.0,4060,4056,4046,4050,4049,4046,4042,4043,4044,4042,4042,4041,4041,4042,4041,4040,4040,4042,4039,4041,4041,4038,4040,4041,4040,4041,4039,4041,4040,4042,4041,4041,4042,4040,4040,4043,4041,4041,4041,4041,4044,4044,4050,4046,4048,4046,4054,4046,4056,4052,4057,4054,4057,4055,4058,4051,4046,4045,4056,4050,4053,4047,4046,4047,4047,4051,4047,4044,4046,4045,4047,4046,4041,4046,4046,4044,4046,4046,4045,4045,4045,4046,4051,4047,4049,4046,4043,4045,4058,4057,4052,4051,4054,4051,4052,4051,-0.43,SJNFAAZE1U0005576,117.83,13.04,9121.7392578125,79,75,0,0,0,0,15.5,99.17,-171119,100,1528027552.484,0,1,1,0,5,0,0,3,0,1,388.63,388.63,7F,1,1,1,0082,63,40,40,0,0,19,0.00
03/06/2018 13:05:56,55 59.4045,-2 30.55475,226,0,401,791738,1144818,388.61,-71.502,4061,4041,4048,20,0,112.0,44.4,108.1,42.3,none,none,98.6,37.0,4061,4059,4050,4051,4050,4046,4045,4045,4046,4044,4043,4042,4045,4044,4043,4044,4041,4042,4043,4044,4043,4041,4042,4042,4042,4045,4043,4043,4042,4041,4043,4044,4045,4043,4042,4044,4044,4043,4043,4042,4046,4044,4052,4047,4050,4049,4056,4047,4058,4055,4061,4058,4059,4054,4060,4054,4052,4047,4057,4051,4057,4049,4048,4049,4050,4050,4051,4051,4048,4045,4049,4046,4049,4049,4050,4047,4050,4045,4046,4047,4047,4047,4051,4049,4053,4049,4046,4049,4059,4056,4053,4054,4057,4053,4053,4052,-0.46,SJNFAAZE1U0005576,117.83,13.04,9121.7392578125,79,75,0,0,0,0,15.5,99.17,-171146,100,1528027556.206,0,1,1,0,5,0,0,3,0,1,388.56,388.56,7F,1,1,1,0082,63,40,40,0,0,19,0.00
03/06/2018 13:05:59,55 59.4045,-2 30.55475,226,0,401,792371,1144818,388.42,-70.403,4059,4038,4046,21,0,112.0,44.4,108.1,42.3,none,none,98.6,37.0,4059,4056,4047,4049,4049,4045,4042,4044,4044,4041,4042,4042,4042,4042,4041,4042,4041,4040,4041,4042,4041,4038,4041,4042,4040,4043,4041,4040,4041,4040,4042,4042,4043,4040,4041,4042,4042,4041,4042,4041,4043,4043,4050,4045,4049,4047,4054,4047,4056,4053,4058,4055,4054,4053,4059,4052,4047,4046,4056,4048,4054,4046,4046,4046,4048,4049,4049,4046,4046,4044,4048,4045,4044,4046,4048,4044,4047,4043,4044,4044,4045,4046,4052,4047,4050,4046,4044,4045,4058,4055,4051,4050,4055,4051,4052,4050,-0.45,SJNFAAZE1U0005576,117.83,13.04,9121.7392578125,79,75,0,0,0,0,15.5,99.17,-171172,100,1528027559.905,0,1,1,0,5,0,0,3,0,1,388.50,388.50,7F,1,1,1,0082,63,40,40,0,0,19,0.00
03/06/2018 13:06:03,55 59.4045,-2 30.55475,226,0,401,792967,1144818,388.61,-69.244,4062,4041,4048,21,0,112.0,44.4,108.1,42.3,none,none,98.6,37.0,4062,4057,4048,4050,4051,4048,4043,4045,4046,4043,4043,4044,4044,4044,4041,4042,4042,4043,4041,4043,4043,4041,4041,4044,4041,4043,4042,4042,4042,4044,4042,4043,4045,4043,4043,4044,4044,4042,4043,4042,4046,4046,4052,4047,4051,4049,4056,4048,4058,4054,4060,4056,4058,4057,4062,4053,4048,4047,4059,4050,4057,4049,4049,4048,4048,4053,4049,4046,4048,4047,4051,4048,4042,4048,4049,4046,4047,4047,4048,4047,4048,4047,4053,4049,4052,4049,4047,4045,4060,4060,4055,4052,4058,4053,4053,4052,-0.43,SJNFAAZE1U0005576,117.83,13.04,9121.7392578125,79,75,0,0,0,0,15.5,99.17,-171197,100,1528027563.466,0,1,1,0,5,0,0,3,0,1,388.72,388.72,7F,1,1,1,0082,63,40,40,0,0,19,0.00
03/06/2018 13:06:06,55 59.4045,-2 30.55475,226,0,402,793561,1144818,388.80,-70.556,4063,4043,4050,20,0,112.0,44.4,108.1,42.3,none,none,98.8,37.1,4063,4060,4051,4053,4054,4050,4046,4048,4049,4046,4046,4045,4047,4047,4046,4045,4045,4046,4044,4045,4046,4043,4045,4046,4044,4046,4046,4044,4044,4044,4046,4046,4048,4045,4045,4046,4046,4045,4045,4045,4048,4047,4054,4050,4052,4052,4059,4051,4060,4057,4063,4059,4062,4059,4062,4057,4052,4050,4061,4054,4059,4052,4051,4052,4052,4055,4052,4051,4051,4050,4051,4050,4048,4052,4051,4048,4052,4048,4048,4051,4051,4051,4055,4053,4054,4051,4048,4052,4063,4062,4056,4055,4060,4056,4057,4055,-0.47,SJNFAAZE1U0005576,117.83,13.04,9121.7392578125,79,75,0,0,0,0,15.5,99.17,-171221,100,1528027566.984,0,1,1,0,5,0,0,3,0,1,388.77,388.77,7F,1,1,1,0082,63,40,40,0,0,19,0.00
03/06/2018 13:06:10,55 59.4065,-2 30.55968,246,0,402,794222,1144818,388.70,-70.495,4063,4041,4049,22,0,112.0,44.4,108.1,42.3,none,none,98.8,37.1,4063,4059,4050,4052,4052,4047,4046,4045,4048,4045,4045,4044,4046,4045,4044,4045,4044,4043,4043,4044,4044,4041,4042,4045,4045,4045,4044,4044,4043,4042,4045,4045,4045,4043,4043,4044,4045,4044,4045,4043,4047,4045,4053,4048,4051,4050,4056,4049,4060,4056,4062,4058,4060,4055,4061,4055,4051,4049,4059,4051,4058,4050,4049,4049,4051,4051,4052,4051,4050,4049,4050,4048,4049,4050,4051,4047,4051,4045,4048,4048,4049,4049,4053,4051,4053,4050,4047,4049,4061,4058,4054,4053,4058,4055,4054,4053,-0.45,SJNFAAZE1U0005576,117.83,13.04,9121.7392578125,79,75,0,0,0,0,15.5,99.17,-171249,100,1528027570.997,0,1,1,0,5,0,0,3,0,1,388.63,388.63,7F,1,1,1,0082,63,40,40,0,0,19,0.00
03/06/2018 13:06:14,55 59.40499,-2 30.55859,252,0,402,794885,1144818,388.70,-69.396,4062,4041,4049,21,0,112.0,44.4,108.1,42.3,none,none,98.8,37.1,4062,4058,4050,4051,4053,4048,4045,4046,4048,4045,4046,4045,4046,4045,4043,4044,4043,4044,4042,4044,4045,4041,4042,4045,4043,4044,4043,4043,4043,4044,4044,4044,4046,4044,4044,4045,4045,4044,4044,4043,4047,4046,4052,4048,4051,4050,4058,4048,4059,4056,4061,4058,4059,4057,4061,4053,4049,4049,4059,4052,4056,4050,4049,4049,4051,4053,4052,4047,4049,4048,4052,4048,4045,4049,4050,4047,4050,4048,4048,4048,4048,4049,4053,4050,4052,4049,4047,4047,4061,4059,4054,4052,4058,4054,4054,4053,-0.47,SJNFAAZE1U0005576,117.83,13.04,9121.7392578125,79,75,0,0,0,0,15.5,99.17,-171276,100,1528027574.869,0,1,1,0,5,0,0,3,0,1,388.78,388.78,7F,1,1,1,0082,63,40,40,0,0,19,0.00
03/06/2018 13:06:18,55 59.40382,-2 30.55979,255,0,403,795530,1144818,388.90,-69.732,4065,4045,4051,20,0,112.0,44.4,108.1,42.3,none,none,98.8,37.1,4065,4061,4052,4055,4055,4052,4046,4048,4050,4048,4048,4047,4049,4047,4046,4046,4046,4047,4045,4047,4047,4045,4047,4047,4045,4047,4047,4046,4045,4047,4046,4047,4048,4046,4046,4048,4046,4046,4047,4046,4049,4050,4055,4051,4054,4053,4061,4052,4062,4058,4063,4060,4063,4061,4065,4056,4052,4051,4061,4054,4059,4053,4053,4051,4052,4056,4054,4050,4053,4050,4054,4050,4047,4051,4053,4049,4051,4050,4050,4052,4051,4052,4054,4054,4055,4052,4050,4050,4065,4063,4058,4056,4061,4058,4058,4056,-0.44,SJNFAAZE1U0005576,117.83,13.04,9121.7392578125,79,75,0,0,0,0,15.5,99.17,-171303,100,1528027578.646,0,1,1,0,5,0,0,3,0,1,389.10,389.10,7F,1,1,1,0082,63,40,40,0,0,19,0.00
03/06/2018 13:06:22,55 59.40368,-2 30.5589,249,0,403,796158,1144818,388.90,-70.312,4064,4044,4051,20,0,112.0,44.4,108.1,42.3,none,none,98.8,37.1,4064,4061,4052,4054,4054,4051,4048,4048,4049,4047,4047,4045,4048,4047,4046,4047,4046,4045,4047,4046,4046,4044,4045,4047,4045,4048,4047,4046,4046,4045,4047,4047,4049,4046,4046,4047,4047,4046,4048,4045,4050,4047,4055,4051,4053,4052,4060,4051,4061,4058,4063,4060,4061,4056,4064,4057,4053,4050,4062,4053,4060,4052,4052,4052,4053,4053,4055,4052,4051,4049,4052,4051,4052,4052,4053,4050,4051,4047,4050,4049,4050,4051,4055,4052,4055,4053,4050,4052,4064,4060,4056,4055,4061,4056,4058,4055,-0.45,SJNFAAZE1U0005576,117.83,13.04,9121.7392578125,79,75,0,0,0,0,15.5,99.17,-171328,100,1528027582.357,0,1,1,0,5,0,0,3,0,1,388.89,388.89,7F,1,1,1,0082,63,40,40,0,0,19,0.00
03/06/2018 13:06:26,55 59.40397,-2 30.55878,239,0,403,796783,1144818,388.90,-68.206,4065,4044,4051,21,0,112.0,44.4,108.1,42.3,none,none,98.8,37.1,4063,4061,4051,4054,4055,4051,4048,4048,4049,4047,4047,4046,4047,4046,4046,4045,4047,4047,4044,4046,4047,4044,4045,4047,4045,4046,4046,4045,4045,4046,4046,4047,4047,4045,4045,4047,4046,4045,4047,4045,4049,4048,4054,4050,4053,4052,4059,4052,4061,4057,4063,4060,4060,4059,4065,4057,4051,4050,4062,4054,4059,4052,4052,4052,4052,4056,4053,4049,4051,4050,4052,4050,4046,4051,4052,4048,4051,4049,4049,4051,4050,4051,4056,4052,4054,4051,4049,4049,4063,4062,4056,4055,4060,4056,4058,4056,-0.41,SJNFAAZE1U0005576,117.83,13.04,9121.7392578125,79,75,0,0,0,0,15.5,99.17,-171354,100,1528027586.051,0,1,1,0,5,0,0,3,0,1,389.02,389.02,7F,1,1,1,0082,63,40,40,0,0,19,0.00
03/06/2018 13:06:29,55 59.40391,-2 30.55788,242,0,403,797390,1144818,389.28,-68.847,4069,4047,4055,22,0,112.0,44.4,108.1,42.3,none,none,98.8,37.1,4069,4065,4056,4058,4058,4055,4052,4053,4052,4051,4051,4051,4052,4051,4049,4049,4051,4050,4050,4050,4050,4047,4049,4051,4049,4051,4049,4050,4049,4049,4051,4050,4052,4050,4049,4051,4051,4051,4051,4050,4052,4051,4058,4055,4058,4056,4063,4056,4066,4062,4068,4065,4067,4063,4068,4061,4060,4054,4066,4057,4064,4057,4056,4057,4056,4058,4057,4058,4055,4054,4057,4055,4055,4056,4057,4054,4057,4053,4054,4055,4056,4055,4059,4057,4060,4056,4053,4058,4067,4066,4061,4061,4066,4060,4061,4059,-0.41,SJNFAAZE1U0005576,117.83,13.04,9121.7392578125,79,75,0,0,0,0,15.5,99.17,-171379,100,1528027589.666,0,1,1,0,5,0,0,3,0,1,389.31,389.31,7F,1,1,1,0082,63,40,40,0,0,19,0.00
03/06/2018 13:06:33,55 59.40367,-2 30.5572,242,0,404,798023,1144818,389.09,-68.938,4067,4046,4053,21,0,112.0,44.4,108.1,42.3,none,none,98.8,37.1,4067,4063,4053,4057,4057,4053,4049,4051,4052,4050,4049,4049,4049,4048,4047,4048,4048,4049,4047,4048,4049,4046,4048,4048,4047,4048,4048,4047,4047,4049,4049,4049,4050,4049,4049,4049,4048,4047,4049,4047,4051,4051,4056,4052,4055,4055,4061,4054,4063,4060,4065,4061,4064,4062,4067,4058,4054,4053,4064,4056,4061,4055,4054,4054,4055,4058,4055,4052,4054,4052,4055,4052,4048,4053,4054,4051,4053,4052,4052,4052,4054,4053,4058,4056,4057,4055,4053,4052,4067,4064,4059,4058,4064,4059,4061,4058,-0.44,SJNFAAZE1U0005576,117.83,13.04,9121.7392578125,79,75,0,0,0,0,15.5,99.17,-171405,100,1528027593.618,0,1,1,0,5,0,0,3,0,1,389.32,389.32,7F,1,1,1,0082,63,40,40,0,0,19,0.00
03/06/2018 13:06:37,55 59.40438,-2 30.55606,242,0,404,798690,1144818,389.09,-68.359,4067,4045,4053,22,0,112.2,44.6,108.1,42.3,none,none,98.8,37.1,4067,4062,4055,4055,4056,4052,4049,4048,4051,4048,4048,4048,4049,4049,4047,4047,4047,4049,4046,4047,4049,4045,4048,4050,4047,4048,4049,4048,4047,4048,4048,4048,4049,4047,4048,4049,4048,4047,4048,4046,4050,4050,4056,4052,4055,4054,4062,4053,4064,4059,4064,4062,4063,4061,4066,4058,4052,4053,4063,4056,4060,4054,4054,4052,4053,4058,4055,4052,4054,4052,4055,4051,4049,4052,4054,4050,4052,4052,4052,4052,4052,4053,4057,4055,4057,4052,4052,4050,4067,4063,4058,4057,4063,4058,4060,4058,-0.46,SJNFAAZE1U0005576,117.83,13.04,9121.7392578125,79,75,0,0,0,0,15.5,99.17,-171433,100,1528027597.570,0,1,1,0,5,0,0,3,0,1,389.27,389.27,7F,1,1,1,0082,63,40,40,0,0,19,0.00
03/06/2018 13:06:41,55 59.40428,-2 30.55594,242,0,404,799308,1144818,389.47,-68.999,4071,4049,4057,22,0,112.2,44.6,108.1,42.3,none,none,98.8,37.1,4071,4067,4059,4060,4060,4055,4054,4055,4055,4052,4052,4052,4055,4053,4051,4053,4052,4050,4051,4053,4052,4049,4052,4052,4051,4054,4052,4052,4050,4050,4052,4052,4054,4051,4052,4053,4053,4051,4053,4052,4054,4052,4059,4057,4060,4059,4065,4057,4069,4064,4069,4067,4068,4064,4070,4062,4063,4056,4066,4058,4067,4059,4058,4058,4059,4059,4060,4061,4057,4056,4059,4056,4059,4058,4058,4056,4060,4054,4055,4058,4057,4057,4061,4060,4062,4058,4055,4060,4069,4066,4063,4064,4067,4061,4063,4061,-0.49,SJNFAAZE1U0005576,117.83,13.04,9121.7392578125,79,75,0,0,0,0,15.5,99.17,-171458,100,1528027601.163,0,1,1,0,6,0,0,3,0,1,389.45,389.45,7F,1,1,1,0082,63,40,40,0,0,19,0.00
03/06/2018 13:06:44,55 59.40485,-2 30.55597,239,0,405,799907,1144818,389.09,-68.938,4067,4046,4053,21,0,112.0,44.4,108.1,42.3,none,none,98.8,37.1,4067,4063,4055,4057,4057,4053,4051,4050,4051,4049,4050,4049,4051,4049,4049,4049,4048,4048,4047,4049,4049,4046,4048,4049,4048,4049,4049,4048,4048,4048,4049,4049,4050,4048,4048,4050,4050,4048,4050,4047,4052,4051,4056,4054,4056,4055,4063,4053,4064,4061,4066,4063,4064,4061,4067,4059,4053,4054,4064,4056,4062,4056,4054,4054,4055,4057,4056,4053,4054,4052,4055,4051,4051,4054,4056,4052,4054,4052,4052,4053,4052,4053,4059,4054,4057,4054,4052,4052,4065,4063,4058,4056,4063,4059,4061,4057,-0.43,SJNFAAZE1U0005576,117.83,13.04,9121.7392578125,79,75,0,0,0,0,15.5,99.17,-171483,100,1528027604.661,0,1,1,0,5,0,0,3,0,1,389.19,389.19,7F,1,1,1,0082,63,40,40,0,0,19,0.00
03/06/2018 13:06:48,55 59.40428,-2 30.55616,242,0,405,800509,1144818,389.38,-68.389,4071,4049,4056,22,0,112.0,44.4,108.1,42.3,none,none,98.6,37.0,4070,4065,4057,4059,4059,4056,4052,4053,4054,4053,4052,4051,4053,4052,4050,4052,4051,4052,4049,4052,4052,4049,4051,4054,4050,4052,4051,4051,4050,4051,4051,4052,4054,4051,4051,4053,4051,4052,4052,4051,4055,4054,4060,4056,4058,4058,4065,4057,4067,4063,4069,4065,4067,4065,4069,4061,4057,4056,4067,4060,4064,4058,4058,4056,4058,4062,4057,4056,4057,4056,4059,4056,4053,4057,4058,4054,4057,4056,4055,4055,4056,4055,4061,4059,4061,4057,4055,4056,4071,4068,4063,4061,4067,4062,4063,4061,-0.48,SJNFAAZE1U0005576,117.83,13.04,9121.7392578125,79,75,0,0,0,0,15.5,99.17,-171508,100,1528027608.356,0,1,1,0,5,0,0,3,0,1,389.59,389.59,7F,1,1,1,0082,63,40,40,0,0,19,0.00
03/06/2018 13:06:52,55 59.40408,-2 30.55581,242,0,405,801108,1144818,389.28,-69.274,4069,4047,4055,22,0,112.2,44.6,108.4,42.4,none,none,98.8,37.1,4069,4066,4056,4057,4058,4055,4051,4053,4053,4051,4051,4050,4052,4052,4051,4051,4050,4050,4050,4050,4051,4047,4049,4051,4050,4052,4051,4049,4049,4048,4051,4051,4052,4049,4050,4052,4051,4049,4050,4050,4052,4051,4058,4056,4057,4056,4064,4054,4066,4062,4067,4064,4065,4062,4068,4060,4056,4054,4065,4057,4064,4057,4056,4055,4056,4058,4057,4055,4055,4054,4056,4054,4054,4056,4057,4053,4057,4052,4054,4055,4054,4055,4059,4055,4058,4057,4053,4054,4067,4065,4061,4058,4065,4061,4061,4059,-0.46,SJNFAAZE1U0005576,117.83,13.04,9121.7392578125,79,75,0,0,0,0,15.5,99.17,-171532,100,1528027612.117,0,1,1,0,5,0,0,3,0,1,389.31,389.31,7F,1,1,1,0082,63,40,40,0,0,19,0.00
03/06/2018 13:06:56,55 59.40413,-2 30.55581,246,0,406,801760,1144818,389.47,-68.145,4071,4050,4057,21,0,112.0,44.4,108.4,42.4,none,none,99.0,37.2,4070,4067,4059,4060,4061,4057,4053,4054,4056,4054,4054,4052,4055,4054,4051,4052,4053,4053,4052,4053,4054,4050,4052,4053,4052,4053,4053,4051,4053,4053,4052,4052,4055,4051,4053,4053,4054,4050,4054,4051,4055,4055,4061,4056,4060,4058,4067,4058,4068,4063,4071,4066,4068,4067,4070,4062,4058,4056,4069,4060,4065,4059,4058,4058,4059,4062,4061,4057,4058,4057,4060,4057,4052,4058,4059,4054,4057,4056,4056,4057,4057,4057,4063,4060,4062,4057,4056,4056,4070,4069,4063,4062,4068,4062,4065,4062,-0.45,SJNFAAZE1U0005576,117.83,13.04,9121.7392578125,79,75,0,0,0,0,15.5,99.17,-171559,100,1528027616.004,0,1,1,0,5,0,0,3,0,1,389.78,389.78,7F,1,1,1,0082,63,40,40,0,0,19,0.00
03/06/2018 13:06:59,55 59.40391,-2 30.55536,242,0,406,802389,1144818,389.66,-68.603,4073,4052,4059,21,0,112.2,44.6,108.4,42.4,none,none,99.0,37.2,4073,4070,4060,4061,4061,4057,4055,4056,4057,4054,4055,4053,4056,4056,4054,4054,4054,4052,4054,4053,4054,4052,4053,4054,4054,4056,4054,4054,4053,4052,4054,4054,4055,4054,4052,4055,4054,4054,4055,4053,4056,4054,4062,4058,4061,4060,4067,4059,4070,4066,4070,4068,4069,4065,4072,4066,4063,4058,4069,4061,4068,4060,4060,4059,4060,4061,4062,4062,4059,4057,4061,4057,4060,4060,4060,4057,4062,4056,4058,4058,4059,4058,4062,4060,4063,4060,4057,4061,4072,4068,4065,4064,4069,4063,4064,4062,-0.42,SJNFAAZE1U0005576,117.83,13.04,9121.7392578125,79,75,0,0,0,0,15.5,99.17,-171585,100,1528027619.830,0,1,1,0,5,0,0,3,0,1,389.46,389.46,7F,1,1,1,0082,62,40,40,0,0,19,0.00
03/06/2018 13:07:03,55 59.40383,-2 30.55526,242,0,406,803015,1144818,389.47,-66.772,4070,4049,4057,21,0,112.2,44.6,108.4,42.4,none,none,99.0,37.2,4070,4066,4058,4059,4061,4057,4053,4053,4056,4053,4054,4052,4054,4052,4052,4051,4052,4053,4053,4051,4053,4049,4052,4053,4051,4053,4053,4051,4052,4052,4052,4052,4054,4051,4053,4053,4053,4051,4052,4050,4056,4053,4061,4056,4060,4057,4067,4058,4068,4063,4070,4065,4066,4065,4070,4062,4058,4056,4068,4060,4065,4058,4058,4057,4059,4061,4060,4056,4058,4056,4059,4055,4054,4056,4059,4054,4057,4055,4056,4055,4056,4056,4062,4058,4061,4057,4056,4054,4069,4066,4063,4060,4067,4061,4064,4061,-0.45,SJNFAAZE1U0005576,117.83,13.04,9121.7392578125,79,75,0,0,0,0,15.5,99.17,-171611,100,1528027623.533,0,1,1,0,5,0,0,3,0,1,389.63,389.63,7F,1,1,1,0082,62,40,40,0,0,19,0.00
03/06/2018 13:07:07,55 59.40381,-2 30.55524,242,0,407,803641,1144818,389.76,-67.993,4075,4053,4060,22,0,112.2,44.6,108.4,42.4,none,none,99.0,37.2,4075,4070,4062,4063,4065,4059,4057,4057,4059,4056,4057,4056,4057,4057,4055,4055,4056,4056,4055,4056,4056,4053,4055,4056,4055,4056,4055,4055,4055,4054,4055,4055,4057,4055,4056,4057,4056,4055,4057,4054,4059,4056,4064,4060,4063,4061,4069,4060,4071,4067,4073,4069,4071,4069,4073,4066,4063,4060,4071,4062,4069,4061,4061,4061,4062,4065,4063,4062,4061,4059,4061,4058,4059,4061,4062,4058,4062,4058,4060,4059,4060,4059,4065,4062,4065,4061,4058,4061,4074,4070,4067,4066,4071,4065,4067,4064,-0.41,SJNFAAZE1U0005576,117.83,13.04,9121.7392578125,79,75,0,0,0,0,15.5,99.17,-171637,100,1528027627.348,0,1,1,0,5,0,0,3,0,1,389.87,389.87,7F,1,1,1,0082,63,40,40,0,0,19,0.00
03/06/2018 13:07:11,55 59.40379,-2 30.55525,242,0,407,804250,1144818,389.86,-68.023,4075,4054,4061,21,0,112.2,44.6,108.1,42.3,none,none,99.0,37.2,4075,4070,4063,4063,4064,4061,4058,4058,4059,4057,4057,4056,4058,4057,4056,4056,4057,4056,4056,4055,4057,4054,4056,4057,4055,4056,4056,4054,4056,4055,4056,4056,4059,4056,4057,4058,4056,4056,4057,4055,4059,4058,4065,4060,4064,4061,4070,4062,4072,4067,4075,4070,4072,4070,4074,4066,4063,4060,4072,4063,4069,4062,4062,4061,4063,4065,4063,4060,4061,4059,4063,4059,4059,4060,4063,4058,4062,4059,4060,4060,4061,4060,4066,4064,4066,4062,4058,4061,4073,4070,4067,4066,4071,4067,4069,4066,-0.46,SJNFAAZE1U0005576,117.83,13.04,9121.7392578125,79,75,0,0,0,0,15.5,99.17,-171662,100,1528027631.144,0,1,1,0,6,0,0,3,0,1,389.75,389.75,7F,1,1,1,0082,62,40,40,0,0,19,0.00
03/06/2018 13:07:15,55 59.40385,-2 30.55524,242,0,407,804893,1144818,389.95,-68.023,4075,4054,4062,21,0,112.2,44.6,108.4,42.4,none,none,98.8,37.1,4075,4071,4063,4065,4066,4061,4059,4058,4059,4057,4057,4057,4059,4057,4057,4056,4057,4056,4056,4056,4058,4054,4056,4056,4056,4058,4057,4056,4056,4056,4057,4056,4059,4056,4057,4057,4058,4056,4057,4056,4060,4059,4065,4062,4064,4063,4071,4062,4073,4069,4075,4070,4073,4069,4075,4068,4064,4060,4072,4064,4070,4063,4062,4062,4063,4066,4065,4063,4063,4060,4064,4060,4059,4061,4064,4059,4063,4059,4060,4060,4061,4061,4066,4063,4066,4061,4061,4063,4075,4072,4067,4066,4071,4067,4068,4066,-0.47,SJNFAAZE1U0005576,117.83,13.04,9121.7392578125,79,75,0,0,0,0,15.5,99.17,-171688,100,1528027635.023,0,1,1,0,6,0,0,3,0,1,389.88,389.88,7F,1,1,1,0082,63,40,40,0,0,19,0.00
03/06/2018 13:07:18,55 59.40329,-2 30.55584,242,0,408,805517,1144818,389.86,-68.755,4075,4054,4061,21,0,112.2,44.6,108.4,42.4,none,none,99.0,37.2,4075,4072,4063,4064,4064,4059,4057,4058,4059,4056,4057,4055,4059,4057,4056,4056,4055,4054,4056,4058,4057,4055,4055,4057,4056,4058,4055,4056,4055,4055,4057,4057,4057,4055,4055,4057,4057,4055,4057,4056,4058,4056,4066,4061,4063,4061,4069,4059,4073,4068,4074,4071,4072,4069,4075,4067,4064,4061,4071,4064,4071,4063,4063,4062,4063,4063,4064,4063,4063,4060,4064,4060,4062,4062,4063,4060,4063,4058,4060,4060,4062,4061,4065,4062,4065,4062,4060,4063,4074,4070,4068,4067,4071,4066,4067,4065,-0.46,SJNFAAZE1U0005576,117.83,13.04,9121.7392578125,79,75,0,0,0,0,15.5,99.17,-171714,100,1528027638.677,0,1,1,0,5,0,0,3,0,1,389.82,389.82,7F,1,1,1,0082,62,40,40,0,0,19,0.00
03/06/2018 13:07:22,55 59.40317,-2 30.55587,242,0,408,806110,1144818,389.86,-67.046,4074,4053,4061,21,0,112.2,44.6,108.4,42.4,none,none,98.8,37.1,4074,4069,4062,4063,4065,4061,4057,4057,4060,4056,4057,4056,4058,4057,4056,4056,4056,4056,4054,4056,4058,4053,4056,4056,4056,4056,4056,4054,4056,4056,4056,4055,4057,4056,4056,4058,4057,4056,4057,4055,4058,4057,4064,4059,4064,4062,4070,4061,4072,4067,4074,4070,4071,4068,4073,4067,4060,4059,4073,4064,4069,4061,4062,4059,4063,4065,4062,4061,4062,4059,4062,4059,4057,4060,4063,4059,4061,4059,4060,4059,4059,4061,4066,4063,4065,4061,4058,4059,4074,4072,4067,4065,4071,4065,4068,4065,-0.45,SJNFAAZE1U0005576,117.83,13.04,9121.7392578125,79,75,0,0,0,0,15.5,99.17,-171739,100,1528027642.337,0,1,1,0,6,0,0,3,0,1,389.97,389.97,7F,1,1,1,0082,62,40,40,0,0,19,0.00
03/06/2018 13:07:26,55 59.40305,-2 30.55575,242,0,408,806720,1144818,390.24,-68.450,4077,4058,4065,19,0,112.2,44.6,108.4,42.4,none,none,99.0,37.2,4077,4075,4066,4068,4068,4063,4062,4062,4061,4060,4060,4060,4061,4061,4060,4060,4060,4058,4059,4060,4060,4058,4059,4060,4058,4062,4059,4059,4060,4058,4060,4061,4061,4060,4059,4060,4061,4060,4061,4059,4062,4060,4069,4065,4066,4066,4073,4064,4076,4071,4077,4074,4076,4071,4076,4071,4068,4064,4075,4068,4074,4064,4065,4064,4066,4068,4067,4067,4064,4062,4065,4063,4065,4066,4065,4062,4067,4060,4063,4062,4063,4064,4069,4066,4068,4064,4062,4066,4077,4073,4070,4070,4075,4070,4071,4069,-0.46,SJNFAAZE1U0005576,117.83,13.04,9121.7392578125,79,75,0,0,0,0,15.5,99.17,-171764,100,1528027646.032,0,1,1,0,5,0,0,3,0,1,390.17,390.17,7F,1,1,1,0082,62,40,40,0,0,19,0.00
03/06/2018 13:07:29,55 59.40305,-2 30.55575,242,0,408,807310,1144818,389.86,-67.351,4076,4053,4061,23,0,112.5,44.7,108.4,42.4,none,none,99.0,37.2,4076,4071,4061,4064,4065,4061,4057,4059,4060,4057,4056,4056,4060,4057,4056,4056,4056,4056,4057,4057,4057,4053,4056,4058,4056,4056,4056,4056,4057,4056,4057,4057,4058,4057,4056,4058,4056,4056,4057,4055,4058,4058,4064,4061,4065,4062,4070,4061,4073,4068,4074,4071,4072,4070,4074,4067,4061,4060,4073,4064,4069,4062,4062,4062,4063,4064,4064,4061,4062,4059,4064,4060,4059,4062,4062,4059,4063,4060,4061,4061,4061,4060,4066,4063,4067,4061,4060,4060,4074,4071,4067,4066,4072,4067,4067,4065,-0.48,SJNFAAZE1U0005576,117.83,13.04,9121.7392578125,79,75,0,0,0,0,15.5,99.17,-171788,100,1528027649.629,0,1,1,0,5,0,0,3,0,1,389.96,389.96,7F,1,1,1,0082,62,40,40,0,0,19,0.00
03/06/2018 13:07:33,55 59.40305,-2 30.55575,242,0,409,807899,1144818,390.05,-66.772,4077,4057,4063,20,0,112.2,44.6,108.1,42.3,none,none,99.0,37.2,4077,4072,4063,4066,4067,4064,4059,4060,4062,4060,4060,4058,4061,4059,4058,4058,4059,4059,4057,4058,4060,4057,4058,4060,4058,4060,4057,4057,4058,4059,4058,4060,4060,4059,4058,4061,4059,4058,4060,4058,4061,4062,4066,4064,4066,4064,4072,4064,4073,4070,4075,4072,4073,4070,4076,4069,4063,4064,4073,4067,4071,4064,4064,4064,4065,4069,4065,4062,4064,4061,4065,4063,4059,4064,4064,4060,4064,4062,4062,4062,4063,4064,4068,4065,4066,4063,4061,4062,4075,4074,4069,4066,4073,4068,4071,4068,-0.45,SJNFAAZE1U0005576,117.83,13.04,9121.7392578125,79,75,0,0,0,0,15.5,99.17,-171812,100,1528027653.489,0,1,1,0,6,0,0,3,0,1,390.22,390.22,7F,1,1,1,0082,62,40,40,0,0,19,0.00
03/06/2018 13:07:37,55 59.40305,-2 30.55575,242,0,409,808530,1144818,390.05,-66.039,4076,4057,4063,19,0,112.5,44.7,108.4,42.4,none,none,99.0,37.2,4076,4073,4064,4066,4066,4063,4059,4060,4062,4059,4059,4059,4061,4060,4059,4058,4058,4059,4057,4058,4059,4057,4058,4059,4057,4059,4058,4058,4057,4058,4057,4058,4061,4058,4058,4060,4059,4058,4059,4057,4061,4061,4066,4063,4066,4064,4072,4063,4073,4071,4075,4071,4074,4071,4076,4069,4064,4063,4073,4067,4071,4064,4063,4065,4064,4067,4065,4063,4063,4061,4065,4062,4060,4063,4064,4060,4063,4060,4062,4061,4063,4063,4067,4065,4067,4063,4061,4061,4075,4072,4069,4066,4072,4069,4069,4067,-0.45,SJNFAAZE1U0005576,117.83,13.04,9121.7392578125,79,75,0,0,0,0,15.5,99.17,-171838,100,1528027657.074,0,1,1,0,6,0,0,3,0,1,390.34,390.34,7F,1,1,1,0082,62,40,40,0,0,19,0.00
03/06/2018 13:07:40,55 59.40305,-2 30.55575,242,0,409,809065,1144818,390.14,-66.100,4077,4057,4064,20,0,112.2,44.6,108.4,42.4,none,none,99.0,37.2,4077,4075,4065,4067,4067,4064,4060,4061,4062,4060,4061,4059,4061,4059,4058,4059,4060,4060,4058,4059,4060,4057,4058,4060,4058,4060,4059,4057,4058,4060,4059,4059,4060,4059,4058,4061,4059,4058,4059,4058,4062,4062,4067,4064,4066,4066,4073,4065,4074,4071,4076,4073,4074,4073,4077,4070,4063,4063,4075,4067,4071,4065,4064,4064,4065,4068,4066,4063,4065,4063,4066,4063,4060,4064,4064,4062,4063,4062,4062,4064,4063,4064,4068,4065,4068,4064,4062,4061,4077,4075,4070,4068,4073,4069,4071,4069,-0.44,SJNFAAZE1U0005576,117.83,13.04,9121.7392578125,79,75,0,0,0,0,15.5,99.17,-171860,100,1528027660.477,0,1,1,0,5,0,0,3,0,1,390.43,390.43,7F,1,1,1,0082,62,40,40,0,0,19,0.00
03/06/2018 13:07:44,55 59.40305,-2 30.55575,242,0,410,809647,1144818,390.24,-66.619,4078,4058,4065,20,0,112.2,44.6,108.4,42.4,none,none,99.0,37.2,4078,4075,4065,4068,4068,4065,4060,4061,4062,4061,4061,4060,4062,4060,4059,4060,4060,4061,4060,4060,4060,4058,4059,4061,4060,4061,4060,4059,4060,4060,4060,4061,4062,4061,4060,4062,4060,4059,4061,4059,4062,4062,4069,4064,4067,4066,4075,4066,4075,4071,4078,4073,4075,4073,4077,4071,4064,4065,4076,4068,4071,4067,4066,4066,4066,4070,4066,4065,4065,4064,4066,4065,4060,4065,4065,4063,4065,4064,4063,4064,4064,4065,4069,4065,4069,4065,4063,4063,4077,4075,4071,4069,4075,4071,4071,4069,-0.46,SJNFAAZE1U0005576,117.83,13.04,9121.7392578125,79,75,0,0,0,0,15.5,99.17,-171884,100,1528027664.140,0,1,1,0,6,0,0,3,0,1,390.51,390.51,7F,1,1,1,0082,62,40,40,0,0,19,0.00
03/06/2018 13:07:47,55 59.40305,-2 30.55575,242,0,410,810246,1144818,390.34,-66.589,4079,4059,4066,20,0,112.2,44.6,108.4,42.4,none,none,99.0,37.2,4079,4075,4067,4068,4069,4066,4062,4063,4064,4062,4062,4062,4063,4063,4061,4060,4061,4063,4060,4061,4062,4059,4060,4062,4060,4062,4060,4059,4060,4062,4062,4062,4063,4060,4061,4064,4060,4060,4060,4061,4063,4064,4070,4065,4067,4067,4075,4066,4076,4072,4079,4074,4076,4074,4078,4071,4066,4066,4077,4068,4074,4066,4067,4067,4067,4072,4067,4063,4067,4064,4067,4065,4061,4066,4067,4063,4066,4064,4064,4065,4065,4066,4071,4067,4069,4066,4064,4065,4078,4077,4072,4070,4076,4071,4072,4071,-0.46,SJNFAAZE1U0005576,117.83,13.04,9121.7392578125,79,75,0,0,0,0,15.5,99.17,-171909,100,1528027667.806,0,1,1,0,6,0,0,3,0,1,390.56,390.56,7F,1,1,1,0082,62,40,40,0,0,19,0.00
03/06/2018 13:07:51,55 59.40305,-2 30.55575,242,0,410,810845,1144818,390.53,-66.588,4081,4061,4068,20,0,112.2,44.6,108.4,42.4,none,none,99.0,37.2,4081,4077,4068,4071,4072,4068,4066,4065,4067,4064,4063,4063,4065,4064,4062,4063,4062,4064,4062,4063,4064,4061,4062,4064,4063,4064,4063,4061,4062,4062,4063,4063,4065,4063,4062,4065,4064,4062,4063,4062,4065,4065,4071,4067,4070,4070,4077,4069,4078,4074,4080,4076,4078,4077,4080,4074,4069,4068,4079,4071,4075,4069,4068,4068,4069,4073,4069,4069,4068,4068,4069,4067,4064,4067,4068,4066,4069,4067,4066,4068,4067,4068,4073,4070,4071,4068,4067,4068,4081,4079,4073,4072,4077,4073,4075,4073,-0.44,SJNFAAZE1U0005576,117.83,13.04,9121.7392578125,79,75,0,0,0,0,15.5,99.17,-171934,100,1528027671.675,0,1,1,0,5,0,0,3,0,1,390.61,390.61,7F,1,1,1,0082,62,40,40,0,0,19,0.00
03/06/2018 13:07:55,55 59.40305,-2 30.55575,242,0,411,811476,1144818,390.43,-66.710,4082,4060,4067,22,0,112.2,44.6,108.4,42.4,none,none,99.0,37.2,4082,4077,4067,4069,4071,4068,4063,4063,4065,4063,4063,4064,4064,4063,4062,4063,4062,4063,4062,4062,4064,4060,4061,4064,4061,4063,4062,4060,4061,4063,4062,4063,4064,4062,4061,4064,4062,4061,4062,4060,4065,4065,4070,4067,4070,4068,4076,4068,4078,4074,4080,4075,4077,4075,4080,4073,4068,4068,4078,4069,4074,4067,4068,4069,4069,4072,4069,4066,4067,4067,4068,4066,4062,4067,4068,4064,4066,4065,4065,4066,4066,4067,4071,4067,4071,4067,4065,4065,4079,4078,4072,4070,4076,4072,4073,4072,-0.44,SJNFAAZE1U0005576,117.83,13.04,9121.7392578125,79,75,0,0,0,0,15.5,99.17,-171960,100,1528027675.589,0,1,1,0,5,0,0,3,0,1,390.66,390.66,7F,1,1,1,0082,62,40,40,0,0,19,0.00
03/06/2018 13:07:59,55 59.40305,-2 30.55575,242,0,411,812106,1144818,390.43,-66.192,4081,4060,4067,21,0,112.5,44.7,108.4,42.4,none,none,99.0,37.2,4081,4078,4068,4069,4071,4066,4063,4065,4066,4063,4063,4063,4065,4063,4062,4062,4062,4062,4062,4063,4062,4060,4061,4063,4061,4064,4062,4062,4061,4061,4063,4063,4063,4062,4062,4064,4063,4062,4063,4062,4065,4064,4071,4067,4070,4068,4077,4068,4078,4073,4080,4076,4077,4073,4079,4072,4067,4067,4078,4069,4075,4068,4068,4068,4068,4071,4070,4067,4067,4065,4069,4066,4064,4067,4069,4065,4067,4065,4066,4066,4067,4068,4072,4068,4071,4065,4065,4064,4079,4076,4073,4070,4077,4072,4074,4071,-0.45,SJNFAAZE1U0005576,117.83,13.04,9121.7392578125,79,75,0,0,0,0,15.5,99.17,-171986,100,1528027679.367,0,1,1,0,5,0,0,3,0,1,390.54,390.54,7F,1,1,1,0082,62,40,40,0,0,19,0.00
03/06/2018 13:08:03,55 59.40305,-2 30.55575,242,0,411,812705,1144818,390.43,-66.649,4081,4060,4067,21,0,112.2,44.6,108.4,42.4,none,none,99.0,37.2,4081,4077,4070,4070,4073,4065,4065,4063,4066,4063,4064,4061,4066,4063,4062,4062,4064,4062,4062,4061,4064,4060,4062,4063,4062,4062,4063,4062,4062,4060,4063,4063,4064,4062,4063,4064,4064,4061,4064,4061,4066,4063,4071,4067,4071,4068,4076,4067,4079,4074,4080,4076,4077,4074,4081,4073,4069,4067,4079,4070,4077,4069,4069,4067,4069,4070,4070,4067,4068,4066,4069,4066,4066,4067,4070,4065,4068,4066,4067,4066,4067,4067,4072,4068,4072,4068,4066,4067,4080,4077,4074,4071,4078,4071,4074,4071,-0.44,SJNFAAZE1U0005576,117.83,13.04,9121.7392578125,79,75,0,0,0,0,15.5,99.17,-172010,100,1528027683.122,0,1,1,0,6,0,0,3,0,1,390.46,390.46,7F,1,1,1,0082,62,40,40,0,0,19,0.00
03/06/2018 13:08:06,55 59.40305,-2 30.55575,242,0,412,813321,1144818,390.62,-66.863,4083,4061,4069,22,0,112.5,44.7,108.4,42.4,none,none,99.0,37.2,4083,4079,4071,4071,4073,4067,4066,4065,4068,4064,4065,4063,4067,4064,4065,4064,4065,4062,4064,4063,4065,4061,4064,4063,4063,4065,4064,4063,4064,4062,4065,4063,4067,4064,4063,4065,4066,4063,4066,4063,4067,4064,4073,4068,4072,4070,4078,4068,4080,4075,4082,4077,4079,4075,4081,4074,4070,4067,4080,4071,4078,4069,4070,4069,4070,4071,4072,4070,4069,4068,4070,4067,4069,4069,4071,4067,4070,4067,4068,4068,4069,4068,4074,4070,4073,4070,4067,4068,4083,4078,4075,4073,4079,4073,4075,4072,-0.43,SJNFAAZE1U0005576,117.83,13.04,9121.7392578125,79,75,0,0,0,0,15.5,99.17,-172036,100,1528027686.964,0,1,1,0,5,0,0,3,0,1,390.64,390.64,7F,1,1,1,0082,62,40,40,0,0,19,0.00
03/06/2018 13:08:10,55 59.40305,-2 30.55575,242,0,412,813934,1144818,390.82,-65.276,4084,4064,4071,20,0,112.5,44.7,108.4,42.4,none,none,99.0,37.2,4084,4081,4071,4074,4074,4071,4066,4067,4068,4066,4066,4065,4068,4066,4066,4065,4065,4066,4064,4065,4067,4064,4065,4066,4064,4067,4066,4065,4065,4066,4065,4067,4067,4066,4066,4068,4066,4065,4065,4064,4069,4067,4074,4070,4073,4072,4080,4071,4080,4078,4083,4080,4080,4079,4083,4076,4072,4070,4082,4074,4079,4072,4071,4072,4072,4075,4073,4071,4072,4069,4072,4070,4067,4070,4072,4068,4070,4070,4070,4071,4069,4071,4075,4073,4074,4071,4069,4068,4083,4081,4076,4075,4080,4077,4076,4074,-0.44,SJNFAAZE1U0005576,117.83,13.04,9121.7392578125,79,75,0,0,0,0,15.5,99.17,-172061,100,1528027690.735,0,1,1,0,5,0,0,3,0,1,390.83,390.83,7F,1,1,1,0082,62,40,40,0,0,19,0.00
03/06/2018 13:08:14,55 59.40305,-2 30.55575,242,0,412,814506,1144818,390.72,-66.009,4084,4063,4070,21,0,112.2,44.6,108.4,42.4,none,none,99.0,37.2,4084,4080,4070,4072,4072,4068,4067,4067,4068,4065,4066,4065,4067,4065,4065,4065,4064,4063,4065,4064,4065,4063,4064,4066,4064,4066,4064,4064,4064,4063,4065,4065,4066,4063,4065,4066,4065,4064,4065,4064,4067,4066,4073,4069,4072,4070,4079,4070,4080,4075,4082,4079,4080,4076,4083,4075,4070,4069,4081,4072,4078,4071,4070,4071,4071,4072,4072,4070,4070,4069,4071,4068,4068,4070,4071,4068,4071,4068,4068,4069,4068,4068,4073,4070,4074,4071,4067,4069,4081,4080,4075,4073,4079,4075,4076,4074,-0.46,SJNFAAZE1U0005576,117.83,13.04,9121.7392578125,79,75,0,0,0,0,15.5,99.17,-172085,100,1528027694.287,0,1,1,0,5,0,0,3,0,1,390.69,390.69,7F,1,1,1,0082,62,40,40,0,0,19,0.00
03/06/2018 13:08:18,55 59.40305,-2 30.55575,242,0,412,815094,1144818,390.72,-64.910,4083,4062,4070,21,0,112.2,44.6,108.4,42.4,none,none,99.0,37.2,4083,4080,4070,4073,4073,4069,4067,4066,4068,4066,4065,4064,4067,4065,4065,4065,4065,4064,4064,4064,4066,4062,4062,4066,4064,4066,4065,4064,4065,4064,4064,4066,4067,4064,4064,4066,4066,4064,4065,4064,4068,4067,4074,4070,4072,4071,4078,4070,4080,4076,4082,4078,4080,4078,4083,4076,4069,4070,4080,4072,4078,4071,4070,4070,4072,4074,4071,4068,4070,4069,4071,4069,4066,4070,4071,4068,4070,4068,4068,4069,4069,4070,4074,4071,4074,4071,4067,4068,4082,4080,4075,4074,4079,4076,4076,4074,-0.45,SJNFAAZE1U0005576,117.83,13.04,9121.7392578125,79,75,0,0,0,0,15.0,99.17,-172109,100,1528027698.160,0,1,1,0,5,0,0,3,0,1,390.79,390.79,7F,1,1,1,0082,62,40,40,0,0,19,0.00
03/06/2018 13:08:22,55 59.40305,-2 30.55575,242,0,413,815715,1144818,391.10,-65.490,4087,4066,4074,21,0,112.5,44.7,108.4,42.4,none,none,99.0,37.2,4087,4085,4075,4077,4077,4074,4071,4070,4072,4069,4070,4069,4071,4070,4069,4069,4068,4068,4068,4069,4071,4066,4068,4070,4069,4071,4069,4069,4070,4068,4070,4069,4071,4068,4067,4070,4070,4068,4070,4068,4071,4070,4077,4075,4078,4075,4083,4073,4083,4081,4086,4083,4085,4082,4086,4080,4077,4074,4085,4076,4083,4075,4075,4075,4076,4077,4077,4076,4074,4073,4076,4073,4075,4074,4075,4073,4076,4072,4071,4074,4074,4073,4078,4076,4077,4076,4072,4076,4086,4084,4080,4080,4084,4081,4082,4078,-0.42,SJNFAAZE1U0005576,117.83,13.04,9121.7392578125,79,75,0,0,0,0,15.0,99.17,-172134,100,1528027702.127,0,1,1,0,6,0,0,3,0,1,391.10,391.10,7F,1,1,1,0082,62,40,40,0,0,19,0.00
03/06/2018 13:08:26,55 59.40305,-2 30.55575,242,0,413,816332,1144818,390.91,-66.253,4086,4065,4072,21,0,112.5,44.7,108.4,42.4,none,none,99.0,37.2,4086,4084,4073,4076,4076,4071,4070,4070,4069,4068,4067,4067,4071,4069,4068,4068,4068,4066,4068,4068,4068,4066,4066,4067,4067,4070,4066,4067,4067,4065,4068,4068,4069,4067,4067,4069,4069,4067,4069,4067,4070,4067,4075,4072,4075,4074,4082,4072,4083,4079,4085,4081,4083,4079,4085,4079,4075,4071,4082,4074,4082,4074,4074,4073,4075,4074,4076,4074,4072,4071,4073,4071,4074,4072,4073,4070,4074,4069,4071,4071,4072,4072,4077,4074,4077,4074,4070,4073,4085,4081,4078,4077,4081,4079,4078,4077,-0.44,SJNFAAZE1U0005576,117.83,13.04,9121.7392578125,79,75,0,0,0,0,15.5,99.17,-172160,100,1528027706.004,0,1,1,0,6,0,0,3,0,1,390.92,390.92,7F,1,1,1,0082,62,40,40,0,0,19,0.00
03/06/2018 13:08:29,55 59.40305,-2 30.55575,242,0,413,816932,1144818,390.91,-65.032,4085,4064,4072,21,0,112.2,44.6,108.4,42.4,none,none,99.0,37.2,4084,4083,4073,4075,4075,4071,4069,4069,4069,4068,4067,4066,4069,4068,4066,4067,4067,4066,4066,4068,4068,4064,4066,4067,4067,4068,4067,4066,4066,4066,4066,4067,4069,4065,4066,4069,4068,4067,4068,4066,4070,4069,4076,4072,4074,4074,4081,4073,4081,4078,4084,4081,4081,4078,4085,4077,4071,4072,4083,4074,4080,4073,4072,4072,4074,4076,4074,4072,4073,4071,4073,4071,4070,4072,4073,4070,4073,4071,4071,4071,4072,4072,4076,4073,4076,4072,4069,4069,4084,4081,4078,4076,4082,4077,4079,4076,-0.45,SJNFAAZE1U0005576,117.83,13.04,9121.7392578125,79,75,0,0,0,0,15.0,99.17,-172185,100,1528027709.682,0,1,1,0,5,0,0,3,0,1,391.00,391.00,7F,1,1,1,0082,62,40,40,0,0,19,0.00
03/06/2018 13:08:33,55 59.40305,-2 30.55575,242,0,414,817498,1144818,391.20,-65.551,4088,4067,4075,21,0,112.5,44.7,108.4,42.4,none,none,99.0,37.2,4088,4085,4075,4078,4078,4073,4071,4071,4073,4070,4071,4069,4072,4071,4070,4070,4069,4068,4070,4070,4070,4067,4069,4071,4070,4072,4069,4070,4070,4070,4070,4071,4072,4069,4070,4071,4071,4069,4071,4069,4072,4071,4079,4074,4077,4076,4083,4075,4086,4081,4088,4084,4085,4082,4087,4081,4079,4075,4086,4077,4084,4077,4076,4076,4077,4079,4078,4076,4076,4074,4076,4074,4074,4076,4077,4073,4077,4072,4075,4073,4074,4074,4080,4076,4078,4076,4073,4075,4087,4084,4080,4081,4084,4080,4080,4079,-0.44,SJNFAAZE1U0005576,117.83,13.04,9121.7392578125,79,75,0,0,0,0,15.5,99.17,-172208,100,1528027713.266,0,1,1,0,6,0,0,3,0,1,390.99,390.99,7F,1,1,1,0082,62,40,40,0,0,19,0.00
03/06/2018 13:08:37,55 59.40305,-2 30.55575,242,0,414,818093,1144818,391.01,-64.391,4086,4066,4073,20,0,112.5,44.7,108.4,42.4,none,none,99.0,37.2,4086,4083,4074,4075,4076,4072,4070,4070,4071,4070,4070,4069,4070,4069,4068,4068,4069,4067,4068,4068,4069,4066,4068,4068,4068,4069,4067,4067,4068,4068,4069,4069,4070,4068,4068,4070,4069,4068,4069,4067,4071,4070,4078,4073,4075,4074,4082,4073,4084,4079,4086,4082,4082,4081,4086,4079,4074,4073,4083,4075,4081,4075,4074,4074,4075,4077,4076,4073,4073,4071,4074,4072,4071,4072,4075,4071,4074,4071,4072,4073,4073,4072,4078,4075,4077,4074,4072,4070,4086,4083,4079,4077,4082,4078,4079,4077,-0.46,SJNFAAZE1U0005576,117.83,13.04,9121.7392578125,79,75,0,0,0,0,15.0,99.17,-172232,100,1528027717.256,0,1,1,0,5,0,0,3,0,1,391.02,391.02,7F,1,1,1,0082,62,40,40,0,0,19,0.00
03/06/2018 13:08:41,55 59.40305,-2 30.55575,242,0,414,818705,1144818,391.10,-64.239,4088,4066,4074,22,0,112.5,44.7,108.4,42.4,none,none,99.0,37.2,4088,4084,4074,4076,4077,4074,4071,4071,4073,4070,4070,4070,4072,4070,4068,4069,4069,4070,4067,4069,4069,4066,4068,4069,4068,4070,4069,4069,4068,4070,4069,4069,4071,4069,4069,4071,4069,4068,4070,4068,4071,4071,4077,4073,4076,4076,4083,4075,4085,4081,4086,4083,4084,4082,4086,4079,4074,4074,4085,4076,4082,4076,4074,4075,4075,4079,4076,4072,4075,4073,4076,4073,4069,4074,4075,4072,4073,4072,4074,4073,4073,4075,4078,4077,4078,4075,4072,4072,4086,4085,4079,4078,4084,4079,4080,4079,-0.44,SJNFAAZE1U0005576,117.83,13.04,9121.7392578125,79,75,0,0,0,0,15.0,99.17,-172258,100,1528027721.052,0,1,1,0,5,0,0,3,0,1,391.28,391.28,7F,1,1,1,0082,62,40,40,0,0,19,0.00
03/06/2018 13:08:44,55 59.40305,-2 30.55575,242,0,415,819300,1144818,391.39,-64.879,4091,4069,4077,22,0,112.5,44.7,108.4,42.4,none,none,99.0,37.2,4091,4087,4078,4080,4080,4074,4073,4074,4074,4072,4072,4072,4074,4072,4072,4072,4071,4070,4071,4072,4072,4070,4071,4072,4071,4073,4071,4070,4071,4069,4072,4072,4073,4072,4071,4072,4073,4071,4072,4071,4074,4073,4080,4077,4079,4078,4085,4076,4086,4083,4089,4085,4087,4082,4088,4083,4079,4076,4087,4079,4086,4078,4077,4076,4079,4079,4080,4079,4077,4076,4077,4076,4078,4078,4077,4074,4079,4074,4075,4077,4076,4076,4080,4078,4080,4078,4075,4079,4088,4085,4081,4081,4086,4081,4083,4080,-0.48,SJNFAAZE1U0005576,117.83,13.04,9121.7392578125,79,75,0,0,0,0,15.0,99.17,-172282,100,1528027724.876,0,1,1,0,5,0,0,3,0,1,391.16,391.16,7F,1,1,1,0082,62,40,40,0,0,19,0.00
03/06/2018 13:08:48,55 59.40305,-2 30.55575,242,0,415,819896,1144818,391.20,-64.330,4089,4069,4075,20,0,112.5,44.7,108.4,42.4,none,none,99.0,37.2,4089,4086,4076,4078,4078,4076,4071,4072,4072,4071,4071,4070,4072,4071,4071,4069,4071,4071,4070,4070,4072,4069,4071,4072,4069,4072,4070,4070,4071,4071,4071,4070,4073,4070,4070,4073,4071,4069,4071,4070,4073,4073,4080,4075,4078,4075,4085,4076,4085,4082,4087,4083,4085,4084,4088,4081,4075,4075,4086,4078,4083,4076,4075,4076,4077,4081,4078,4074,4076,4074,4077,4074,4071,4076,4077,4073,4076,4074,4073,4074,4074,4075,4081,4077,4078,4075,4073,4074,4088,4087,4081,4079,4085,4081,4083,4080,-0.45,SJNFAAZE1U0005576,117.83,13.04,9121.7392578125,79,75,0,0,0,0,15.0,99.17,-172307,100,1528027728.530,0,1,1,0,5,0,0,3,0,1,391.34,391.34,7F,1,1,1,0082,62,40,40,0,0,19,0.00
03/06/2018 13:08:52,55 59.40305,-2 30.55575,242,0,415,820444,1144818,391.49,-65.093,4092,4071,4078,21,0,112.5,44.7,108.4,42.4,none,none,99.0,37.2,4092,4089,4078,4081,4081,4077,4076,4075,4076,4073,4074,4074,4075,4074,4074,4073,4073,4072,4073,4074,4074,4071,4072,4073,4073,4076,4074,4074,4072,4073,4074,4074,4075,4073,4072,4074,4074,4073,4075,4073,4076,4075,4082,4079,4080,4079,4086,4078,4089,4085,4090,4088,4089,4085,4090,4085,4081,4077,4088,4080,4087,4080,4079,4080,4080,4080,4081,4082,4078,4078,4079,4077,4079,4079,4080,4076,4080,4075,4076,4078,4077,4078,4083,4080,4082,4079,4076,4081,4090,4087,4083,4083,4088,4083,4083,4082,-0.44,SJNFAAZE1U0005576,117.83,13.04,9121.7392578125,79,75,0,0,0,0,15.0,99.17,-172329,100,1528027732.106,0,1,1,0,5,0,0,3,0,1,391.33,391.33,7F,1,1,1,0082,62,40,40,0,0,19,0.00
03/06/2018 13:08:55,55 59.40305,-2 30.55575,242,0,415,821024,1144818,391.49,-65.093,4092,4071,4078,21,0,112.5,44.7,108.6,42.6,none,none,99.2,37.3,4092,4089,4079,4080,4081,4076,4076,4075,4075,4074,4074,4073,4076,4075,4074,4074,4073,4071,4073,4074,4074,4071,4073,4074,4073,4075,4073,4073,4073,4072,4074,4074,4075,4072,4072,4074,4074,4074,4075,4073,4075,4074,4081,4078,4080,4079,4087,4078,4090,4085,4091,4088,4088,4085,4090,4084,4081,4077,4088,4081,4088,4079,4079,4078,4080,4080,4081,4080,4079,4077,4079,4076,4080,4079,4080,4076,4080,4074,4077,4078,4078,4077,4083,4080,4082,4080,4077,4080,4090,4087,4085,4083,4088,4083,4084,4082,-0.46,SJNFAAZE1U0005576,117.83,13.04,9121.7392578125,79,75,0,0,0,0,15.0,99.17,-172353,100,1528027735.802,0,1,1,0,6,0,0,3,0,1,391.34,391.34,7F,1,1,1,0082,62,40,40,0,0,19,0.00
03/06/2018 13:08:59,55 59.40305,-2 30.55575,242,0,416,821586,1144818,391.39,-64.330,4090,4069,4077,21,0,112.5,44.7,108.4,42.4,none,none,99.2,37.3,4090,4087,4078,4080,4080,4076,4073,4073,4075,4072,4073,4072,4073,4073,4072,4072,4071,4071,4071,4072,4072,4069,4071,4073,4072,4073,4072,4071,4072,4071,4073,4073,4073,4072,4071,4074,4072,4072,4072,4070,4074,4074,4081,4076,4079,4077,4086,4077,4087,4084,4089,4085,4087,4084,4090,4083,4078,4076,4087,4079,4085,4077,4078,4078,4078,4081,4079,4077,4078,4076,4078,4074,4074,4076,4078,4075,4078,4074,4076,4077,4076,4077,4081,4077,4081,4078,4075,4075,4089,4087,4082,4079,4086,4081,4083,4080,-0.42,SJNFAAZE1U0005576,117.83,13.04,9121.7392578125,79,75,0,0,0,0,15.0,99.17,-172376,100,1528027739.373,0,1,1,0,5,0,0,3,0,1,391.37,391.37,7F,1,1,1,0082,62,40,40,0,0,19,0.00
03/06/2018 13:09:03,55 59.40305,-2 30.55575,242,0,416,822152,1144818,391.58,-64.239,4093,4073,4079,20,0,112.5,44.7,108.4,42.4,none,none,99.0,37.2,4093,4089,4080,4082,4083,4080,4076,4077,4078,4075,4075,4074,4077,4076,4074,4074,4074,4075,4074,4074,4075,4073,4074,4076,4074,4076,4075,4074,4074,4075,4074,4075,4075,4075,4074,4076,4076,4074,4075,4074,4077,4077,4083,4080,4082,4082,4089,4080,4089,4086,4091,4088,4090,4089,4091,4085,4080,4079,4090,4082,4087,4081,4079,4080,4081,4085,4081,4079,4079,4078,4081,4078,4076,4079,4080,4078,4079,4079,4078,4079,4078,4079,4084,4081,4083,4080,4077,4079,4092,4091,4085,4084,4089,4085,4086,4084,-0.43,SJNFAAZE1U0005576,117.83,13.04,9121.7392578125,79,75,0,0,0,0,15.0,99.17,-172400,100,1528027743.108,0,1,1,0,5,0,0,3,0,1,391.70,391.70,7F,1,1,1,0082,62,40,40,0,0,19,0.00
03/06/2018 13:09:06,55 59.40305,-2 30.55575,242,0,416,822729,1144818,391.49,-64.055,4091,4071,4078,20,0,112.5,44.7,108.6,42.6,none,none,99.2,37.3,4091,4088,4079,4081,4081,4078,4074,4074,4075,4074,4074,4073,4075,4073,4072,4071,4073,4073,4071,4072,4074,4071,4073,4074,4072,4074,4073,4072,4072,4073,4073,4072,4075,4073,4073,4074,4073,4072,4073,4071,4076,4076,4081,4077,4079,4080,4087,4078,4088,4084,4089,4086,4087,4087,4090,4083,4077,4076,4088,4080,4085,4078,4078,4078,4078,4082,4079,4076,4079,4077,4080,4077,4073,4077,4078,4075,4077,4077,4077,4077,4076,4077,4082,4078,4081,4077,4076,4075,4091,4088,4084,4082,4087,4082,4085,4082,-0.45,SJNFAAZE1U0005576,117.83,13.04,9121.7392578125,79,75,0,0,0,0,15.0,99.17,-172424,100,1528027746.872,0,1,1,0,5,0,0,3,0,1,391.67,391.67,7F,1,1,1,0082,62,40,40,0,0,19,0.00
03/06/2018 13:09:10,55 59.40399,-2 30.55687,249,0,417,823324,1144818,391.58,-64.513,4092,4071,4079,21,0,112.5,44.7,108.6,42.6,none,none,99.2,37.3,4092,4089,4080,4081,4083,4077,4075,4075,4077,4074,4074,4073,4076,4075,4073,4074,4074,4073,4073,4074,4074,4071,4074,4074,4073,4075,4074,4074,4074,4074,4074,4074,4075,4073,4074,4075,4074,4074,4074,4074,4077,4075,4082,4078,4082,4080,4088,4079,4089,4085,4091,4088,4088,4086,4091,4085,4079,4078,4089,4082,4087,4080,4080,4080,4081,4083,4081,4078,4079,4078,4080,4078,4076,4079,4079,4078,4078,4076,4077,4078,4078,4078,4083,4081,4083,4080,4077,4078,4090,4089,4084,4083,4088,4084,4086,4082,-0.40,SJNFAAZE1U0005576,117.83,13.04,9121.7392578125,79,75,0,0,0,0,15.0,99.17,-172448,100,1528027750.534,0,1,1,0,6,0,0,3,0,1,391.62,391.62,7F,1,1,1,0082,62,40,40,0,0,19,0.00
03/06/2018 13:09:14,55 59.40435,-2 30.55638,246,0,417,823886,1144818,391.68,-64.940,4094,4072,4080,22,0,112.5,44.7,108.6,42.6,none,none,99.2,37.3,4094,4090,4081,4083,4082,4078,4076,4077,4078,4075,4075,4075,4077,4076,4075,4075,4074,4074,4074,4074,4075,4072,4074,4075,4074,4076,4074,4074,4075,4072,4076,4075,4076,4074,4075,4076,4076,4075,4076,4074,4078,4076,4083,4079,4082,4081,4088,4080,4090,4086,4092,4089,4091,4086,4092,4085,4082,4079,4090,4081,4088,4080,4080,4080,4082,4082,4082,4081,4080,4079,4081,4078,4079,4079,4081,4078,4082,4077,4079,4078,4078,4080,4084,4082,4084,4080,4078,4080,4092,4090,4086,4084,4089,4085,4087,4083,-0.45,SJNFAAZE1U0005576,117.83,13.04,9121.7392578125,79,75,0,0,0,0,15.0,99.17,-172471,100,1528027754.339,0,1,1,0,5,0,0,3,0,1,391.67,391.67,7F,1,1,1,0082,62,40,40,0,0,19,0.00
03/06/2018 13:09:18,55 59.405,-2 30.5554,246,0,417,824504,1144818,391.58,-63.384,4094,4073,4079,21,0,112.5,44.7,108.6,42.6,none,none,99.2,37.3,4094,4090,4081,4083,4083,4077,4076,4076,4078,4075,4075,4075,4077,4076,4075,4075,4075,4075,4075,4075,4076,4073,4074,4074,4074,4078,4075,4074,4076,4075,4075,4075,4077,4073,4074,4075,4075,4075,4075,4074,4077,4075,4084,4078,4082,4080,4088,4079,4089,4086,4092,4088,4090,4086,4092,4085,4081,4079,4090,4082,4088,4081,4081,4080,4082,4082,4082,4079,4080,4078,4081,4077,4078,4080,4081,4077,4081,4078,4078,4078,4078,4079,4084,4081,4083,4079,4077,4078,4092,4089,4085,4083,4089,4084,4086,4084,-0.43,SJNFAAZE1U0005576,117.83,13.04,9121.7392578125,79,75,0,0,0,0,15.0,99.17,-172497,100,1528027758.393,0,1,1,0,6,0,0,3,0,1,391.75,391.75,7F,1,1,1,0082,62,40,40,0,0,19,0.00
03/06/2018 13:09:22,55 59.40544,-2 30.55494,242,0,418,825151,1144818,391.68,-62.896,4094,4073,4080,21,0,112.5,44.7,108.4,42.4,none,none,99.2,37.3,4094,4091,4081,4083,4084,4080,4077,4078,4078,4076,4077,4076,4078,4075,4075,4075,4076,4075,4075,4076,4076,4073,4074,4076,4075,4076,4075,4075,4074,4075,4076,4075,4078,4075,4074,4076,4076,4074,4076,4074,4078,4078,4084,4079,4083,4082,4090,4081,4091,4086,4091,4089,4090,4088,4093,4085,4080,4080,4091,4082,4089,4081,4081,4080,4083,4084,4083,4080,4081,4079,4082,4079,4077,4080,4081,4078,4081,4079,4079,4080,4079,4081,4084,4082,4084,4080,4079,4078,4093,4091,4085,4084,4090,4085,4086,4084,-0.39,SJNFAAZE1U0005576,117.83,13.04,9121.7392578125,79,75,0,0,0,0,15.0,99.17,-172523,100,1528027762.615,0,1,1,0,5,0,0,3,0,1,391.97,391.97,7F,1,1,1,0082,62,40,40,0,0,19,0.00
03/06/2018 13:09:26,55 59.40534,-2 30.55484,239,0,418,825753,1144818,391.97,-63.598,4097,4076,4083,21,0,112.5,44.7,108.4,42.4,none,none,99.2,37.3,4097,4093,4085,4085,4086,4083,4080,4080,4080,4079,4079,4078,4079,4079,4079,4079,4077,4077,4077,4078,4078,4076,4077,4078,4077,4079,4077,4078,4077,4077,4079,4079,4079,4078,4078,4079,4079,4077,4079,4077,4081,4079,4087,4083,4085,4085,4091,4083,4093,4090,4095,4092,4094,4090,4095,4089,4085,4082,4092,4085,4091,4083,4084,4083,4084,4087,4085,4084,4083,4081,4085,4081,4082,4083,4085,4081,4085,4080,4081,4083,4082,4083,4087,4085,4086,4085,4081,4084,4095,4092,4088,4089,4092,4088,4089,4086,-0.47,SJNFAAZE1U0005576,117.83,13.04,9121.7392578125,79,75,0,0,0,0,15.0,99.17,-172548,100,1528027766.438,0,1,1,0,5,0,0,3,0,1,392.02,392.02,7F,1,1,1,0082,62,40,40,0,0,19,0.00
03/06/2018 13:09:30,55 59.40523,-2 30.55465,236,0,418,826322,1144818,391.87,-63.567,4096,4075,4082,21,0,112.5,44.7,108.6,42.6,none,none,99.2,37.3,4096,4092,4082,4084,4086,4081,4078,4078,4079,4077,4077,4076,4079,4077,4076,4076,4077,4076,4076,4077,4077,4075,4076,4077,4077,4078,4078,4076,4077,4076,4077,4077,4079,4076,4076,4078,4078,4076,4078,4075,4079,4078,4086,4082,4084,4083,4091,4081,4092,4088,4094,4091,4090,4088,4094,4087,4083,4081,4092,4084,4090,4082,4083,4082,4083,4085,4083,4081,4082,4080,4083,4080,4080,4081,4083,4080,4083,4080,4081,4081,4081,4081,4086,4083,4086,4083,4080,4081,4094,4092,4086,4087,4091,4087,4088,4085,-0.45,SJNFAAZE1U0005576,117.83,13.04,9121.7392578125,79,75,0,0,0,0,15.5,99.17,-172572,100,1528027770.125,0,1,1,0,5,0,0,3,0,1,391.84,391.84,7F,1,1,1,0082,62,40,40,0,0,19,0.00
03/06/2018 13:09:33,55 59.40531,-2 30.55478,236,0,418,826925,1144818,390.91,-63.018,4086,4066,4072,20,0,112.7,44.9,108.6,42.6,none,none,99.4,37.4,4086,4083,4074,4076,4075,4072,4070,4070,4071,4069,4069,4069,4070,4070,4068,4070,4068,4068,4068,4069,4069,4066,4067,4069,4067,4069,4067,4067,4068,4067,4068,4067,4070,4068,4068,4070,4069,4068,4069,4068,4069,4069,4076,4072,4075,4074,4081,4072,4083,4078,4084,4081,4081,4079,4085,4078,4070,4072,4082,4075,4079,4073,4074,4074,4074,4077,4075,4070,4073,4070,4074,4071,4070,4072,4073,4071,4072,4070,4072,4071,4072,4073,4077,4074,4077,4073,4071,4067,4085,4081,4078,4075,4082,4078,4079,4076,-0.45,SJNFAAZE1U0005576,117.83,13.04,9121.7392578125,79,75,0,0,0,0,15.5,99.17,-172596,100,1528027773.901,0,1,1,0,6,0,0,3,0,1,392.25,392.25,7F,1,1,1,0082,62,40,40,0,0,19,0.00
03/06/2018 13:09:37,55 59.4053,-2 30.55476,239,0,418,826977,1144818,389.38,-0.000,4067,4050,4056,17,0,112.7,44.9,108.6,42.6,none,none,99.2,37.3,4067,4067,4057,4059,4059,4057,4054,4054,4054,4053,4053,4053,4053,4052,4053,4053,4052,4053,4051,4052,4053,4050,4051,4053,4052,4054,4052,4052,4051,4053,4053,4054,4055,4053,4052,4053,4053,4052,4054,4052,4055,4054,4060,4057,4058,4058,4063,4057,4063,4061,4066,4064,4064,4062,4067,4060,4056,4054,4065,4057,4063,4056,4056,4057,4058,4060,4058,4056,4056,4055,4057,4056,4057,4056,4056,4054,4057,4055,4055,4055,4056,4055,4060,4057,4059,4057,4054,4054,4066,4064,4060,4060,4063,4059,4060,4058,-16.14,SJNFAAZE1U0005576,117.83,12.40,9121.7392578125,79,75,0,0,0,0,15.5,99.17,-172599,100,1528027777.614,0,0,0,0,0,0,0,0,0,1,389.57,389.57,7F,1,1,1,0080,62,40,40,0,0,19,0.00
03/06/2018 13:09:41,55 59.40566,-2 30.55418,239,0,418,826977,1144818,388.99,0.030,4066,4044,4052,22,0,112.5,44.7,108.6,42.6,none,none,99.2,37.3,4060,-4066,4048,4059,4051,4053,4051,-4052,4047,-4052,4046,-4052,4047,4053,4045,-4053,4045,-4051,4045,-4053,4046,-4051,4045,-4052,4045,-4055,4044,-4052,4044,4051,4046,4051,4048,4052,4046,4052,4047,4052,4046,4051,4048,4053,4054,4055,4052,4057,4057,4055,4056,4062,4057,4064,4056,4061,4059,4060,4050,4055,4056,4058,4053,4059,4047,4059,4047,4061,4047,4059,4048,4056,4047,4056,4047,4060,4044,4058,4045,4059,4044,4059,4045,4060,4048,-4059,4049,-4059,4044,-4057,4057,-4065,4051,-4060,4055,-4061,4052,-4058,-14.64,SJNFAAZE1U0005576,117.83,12.24,9121.7392578125,79,75,0,0,0,0,15.5,99.17,-172599,100,1528027781.403,0,0,0,0,0,0,0,0,0,1,389.11,389.11,7F,1,1,1,0080,62,40,40,0,0,19,0.00
03/06/2018 13:09:45,55 59.40521,-2 30.55434,239,0,418,826977,1144818,388.70,-0.000,4062,4040,4049,22,0,112.5,44.7,108.6,42.6,none,none,99.2,37.3,4056,-4062,4046,-4054,4049,4051,4045,4048,4044,-4049,4042,-4049,4043,-4050,4042,-4050,4040,4049,4041,-4049,4042,-4048,4041,-4050,4041,-4052,4040,-4050,4041,-4048,4044,-4048,4044,-4047,4043,4049,4043,-4047,4043,-4048,4044,-4049,4049,-4053,4047,-4053,4052,4050,4052,-4058,4053,-4060,4051,-4057,4055,-4056,4045,4052,4053,-4053,4048,-4056,4043,-4055,4044,-4058,4044,-4055,4044,-4053,4044,-4052,4044,-4055,4040,4055,4041,-4055,4040,-4055,4041,-4056,4043,-4055,4046,4054,4041,-4052,4053,-4061,4048,-4057,4051,-4056,4048,-4053,-14.59,SJNFAAZE1U0005576,117.83,12.16,9121.7392578125,79,75,0,0,0,0,15.5,99.17,-172599,100,1528027785.387,0,0,0,0,0,0,0,0,0,1,388.75,388.75,7F,1,1,1,0080,62,40,40,0,0,19,0.00
03/06/2018 13:09:49,55 59.40561,-2 30.55453,239,0,418,826977,1144818,388.22,0.152,4057,4037,4044,20,0,112.5,44.7,108.6,42.6,none,none,99.2,37.3,4053,-4057,4042,-4050,4044,4046,4042,-4044,4041,-4045,4040,4045,4040,-4045,4037,-4045,4038,-4044,4039,-4044,4039,4043,4038,-4045,4038,-4046,4037,-4045,4037,-4043,4040,-4044,4041,-4043,4039,-4044,4039,-4043,4039,4043,4041,-4045,4046,-4049,4045,-4048,4049,-4045,4048,-4052,4050,4055,4048,-4052,4052,-4051,4041,-4047,4049,-4048,4046,4051,4039,-4049,4041,-4053,4041,-4050,4041,-4048,4041,-4048,4040,-4051,4039,-4048,4038,-4049,4037,4050,4038,-4051,4041,-4049,4041,-4050,4038,-4048,4050,4055,4044,-4051,4047,-4052,4043,-4049,-14.69,SJNFAAZE1U0005576,117.83,12.08,9121.7392578125,79,75,0,0,0,0,15.5,99.17,-172599,100,1528027789.360,0,0,0,0,0,0,0,0,0,1,388.43,388.43,7F,1,1,1,0080,62,40,40,0,0,19,0.00
03/06/2018 13:09:53,55 59.40552,-2 30.55474,239,0,418,826977,1144818,388.03,-0.000,4056,4033,4042,23,0,112.5,44.7,108.6,42.6,none,none,99.2,37.3,4048,-4056,4039,-4048,4041,4045,4040,-4042,4037,-4042,4038,-4041,4037,-4044,4035,4043,4035,-4043,4036,-4043,4037,-4041,4036,-4043,4035,4046,4035,-4043,4035,-4041,4036,-4041,4038,-4041,4036,-4042,4037,-4043,4036,-4042,4038,-4042,4043,4047,4042,-4046,4046,-4042,4044,-4050,4045,-4053,4044,-4050,4048,4049,4038,-4046,4045,-4047,4042,-4049,4036,-4048,4037,4051,4037,-4047,4037,-4047,4038,-4046,4036,-4048,4034,-4048,4034,-4048,4033,-4049,4034,-4050,4037,4048,4039,-4048,4034,-4046,4047,-4054,4040,-4049,4044,4050,4040,-4046,-14.71,SJNFAAZE1U0005576,117.83,12.08,9121.7392578125,79,75,0,0,0,0,15.5,99.17,-172599,100,1528027793.121,0,0,0,0,0,0,0,0,0,1,388.20,388.20,7F,1,1,1,0080,62,40,40,0,0,19,0.00
03/06/2018 13:09:56,55 59.40534,-2 30.55494,242,0,418,826977,1144818,387.84,0.030,4051,4033,4040,18,0,112.5,44.7,108.6,42.6,none,none,99.2,37.3,4051,4047,4043,-4040,4045,4038,4040,-4037,4040,-4036,4039,-4036,4040,-4037,4039,-4034,4038,-4034,4038,4036,4039,-4033,4038,-4036,4039,-4036,4039,-4035,4040,4035,4039,-4036,4039,-4036,4037,-4038,4039,-4037,4039,-4035,4041,4038,4045,-4041,4044,-4040,4047,-4039,4047,-4040,4050,-4043,4048,-4043,4051,-4042,4042,-4036,4050,4038,4047,-4037,4044,-4036,4045,-4040,4045,-4036,4043,4035,4043,-4036,4043,-4034,4044,-4033,4044,-4034,4043,-4034,4044,-4035,4047,-4038,4045,-4036,4042,4036,4050,-4045,4046,-4039,4050,-4040,4046,-4040,-14.75,SJNFAAZE1U0005576,117.83,12.08,9121.7392578125,79,75,0,0,0,0,15.5,99.17,-172599,100,1528027796.748,0,0,0,0,0,0,0,0,0,1,387.89,387.89,7F,1,1,1,0080,62,40,40,0,0,19,0.00
03/06/2018 13:10:00,55 59.40535,-2 30.55495,239,0,418,826977,1144818,387.74,-0.000,4051,4030,4039,21,0,112.5,44.7,108.4,42.4,none,none,99.2,37.3,-4051,4044,-4043,4039,-4044,4037,-4041,4035,-4040,4033,-4039,4034,-4040,4034,-4039,4033,-4040,4033,-4038,4034,-4039,4032,-4038,4035,-4039,4034,-4040,4033,-4039,4035,-4038,4035,-4039,4035,-4038,4036,-4038,4033,-4039,4032,-4040,4036,-4044,4038,-4043,4039,-4047,4038,-4047,4039,-4050,4041,-4048,4040,-4050,4040,-4042,4035,-4051,4036,-4048,4034,-4044,4034,-4046,4038,-4045,4035,-4044,4033,-4044,4034,-4044,4032,-4044,4030,-4044,4030,-4044,4033,-4044,4033,-4048,4034,-4045,4035,-4042,4034,-4051,4042,-4045,4037,-4049,4039,-4046,4037,-13.99,SJNFAAZE1U0005576,117.83,12.08,9121.7392578125,79,75,0,0,0,0,15.5,99.17,-172599,100,1528027800.590,0,0,0,0,0,0,0,0,0,1,387.70,387.70,7F,1,1,1,0080,62,40,40,0,0,19,0.00
03/06/2018 13:10:04,55 59.40535,-2 30.55496,239,0,418,826977,1144818,387.55,0.030,4049,4029,4037,20,0,112.5,44.7,108.4,42.4,none,none,99.0,37.2,-4049,4043,-4041,4037,-4043,4035,-4038,4033,-4039,4033,-4038,4033,-4039,4033,-4038,4032,-4037,4032,-4037,4033,-4038,4030,-4036,4032,-4037,4033,-4038,4032,-4036,4033,-4036,4033,-4037,4033,-4036,4035,-4037,4032,-4036,4032,-4039,4033,-4043,4036,-4041,4036,-4045,4036,-4045,4037,-4047,4040,-4046,4038,-4049,4038,-4040,4033,-4048,4034,-4046,4032,-4042,4032,-4043,4036,-4043,4032,-4041,4032,-4042,4032,-4043,4031,-4044,4029,-4043,4029,-4041,4030,-4042,4031,-4045,4032,-4044,4033,-4039,4032,-4048,4041,-4043,4036,-4047,4037,-4044,4036,-12.61,SJNFAAZE1U0005576,117.83,12.08,9121.7392578125,79,75,0,0,0,0,15.5,99.17,-172599,100,1528027804.309,0,0,0,0,0,0,0,0,0,1,387.52,387.52,7F,1,1,1,0080,62,40,40,0,0,19,0.00
03/06/2018 13:10:07,55 59.40535,-2 30.55496,239,0,418,826977,1144818,387.36,0.061,4047,4025,4035,22,0,112.5,44.7,108.4,42.4,none,none,99.0,37.2,-4047,4040,-4039,4033,-4041,4032,-4037,4030,-4037,4030,-4036,4030,-4038,4029,-4036,4029,-4035,4028,-4034,4028,-4036,4027,-4035,4029,-4035,4029,-4037,4027,-4035,4030,-4036,4031,-4035,4030,-4034,4032,-4035,4030,-4035,4028,-4037,4030,-4041,4034,-4039,4035,-4044,4033,-4042,4032,-4046,4036,-4044,4035,-4045,4035,-4038,4029,-4046,4031,-4044,4029,-4041,4028,-4041,4032,-4042,4028,-4040,4028,-4040,4028,-4040,4026,-4042,4026,-4043,4025,-4042,4027,-4041,4026,-4044,4029,-4041,4030,-4038,4028,-4046,4037,-4041,4033,-4045,4033,-4042,4033,-12.75,SJNFAAZE1U0005576,117.83,12.08,9121.7392578125,79,75,0,0,0,0,15.5,99.17,-172599,100,1528027807.721,0,0,0,0,0,0,0,0,0,1,387.48,387.48,7F,1,1,1,0080,62,40,40,0,0,19,0.00
03/06/2018 13:10:10,55 59.40535,-2 30.55496,239,0,418,826977,1144818,387.17,-0.000,4045,4025,4033,20,0,112.5,44.7,108.4,42.4,none,none,99.0,37.2,-4045,4038,-4038,4033,-4038,4031,-4033,4030,-4034,4029,-4034,4029,-4034,4029,-4034,4027,-4034,4028,-4033,4028,-4035,4027,-4033,4029,-4033,4029,-4034,4028,-4032,4029,-4034,4030,-4033,4029,-4032,4030,-4033,4028,-4032,4028,-4035,4030,-4038,4033,-4037,4032,-4041,4031,-4041,4033,-4043,4035,-4042,4035,-4045,4034,-4037,4028,-4043,4030,-4041,4029,-4038,4029,-4040,4031,-4039,4029,-4039,4029,-4038,4028,-4038,4027,-4040,4026,-4039,4025,-4038,4027,-4039,4026,-4041,4028,-4039,4029,-4036,4028,-4044,4038,-4040,4031,-4042,4032,-4040,4031,-5.65,SJNFAAZE1U0005576,117.83,12.24,9121.7392578125,79,75,0,0,0,0,15.5,99.17,-172599,100,1528027810.532,0,0,0,0,0,0,0,0,0,1,387.24,387.24,77,0,1,1,0000,62,40,40,0,0,19,0.00
03/06/2018 13:10:13,55 59.40535,-2 30.55496,239,0,418,826977,1144818,387.17,-0.000,4046,4025,4033,21,0,112.5,44.7,108.4,42.4,none,none,99.0,37.2,-4039,4046,-4030,4039,-4033,4035,-4032,4033,4029,-4035,4028,4033,4028,-4036,4027,-4035,4028,-4035,4026,-4034,4028,-4033,4027,4035,-4027,-4038,4026,-4036,-4027,4033,-4028,4034,-4029,4035,-4028,4035,-4029,4033,-4028,4033,-4029,4034,-4034,4037,-4032,4037,-4036,4034,-4036,4041,-4036,4042,-4035,4040,-4038,4039,-4029,4037,-4036,4038,-4031,4040,-4026,4039,-4028,4042,-4029,4039,-4028,4038,-4028,4038,-4028,4041,-4025,4040,-4025,4039,-4025,4039,-4025,4040,-4028,4039,-4029,4038,-4026,4037,-4037,4044,-4031,4040,-4034,4041,-4031,4038,-5.36,SJNFAAZE1U0005576,117.83,12.24,9121.7392578125,79,75,0,0,0,0,15.5,99.17,-172599,100,1528027813.262,0,0,0,0,0,0,0,0,0,1,387.14,387.14,77,0,1,1,0000,62,40,40,0,0,19,0.00
03/06/2018 13:10:17,55 59.40535,-2 30.55496,239,0,418,826001,1144818,387.00,-0.0,4046,4025,4033,21,0,112.5,44.7,108.4,42.4,none,none,99.0,37.2,-4039,4046,-4030,4039,-4033,4035,-4032,4033,4029,-4035,4028,4033,4028,-4036,4027,-4035,4028,-4035,4026,-4034,4028,-4033,4027,4035,-4027,-4038,4026,-4036,-4027,4033,-4028,4034,-4029,4035,-4028,4035,-4029,4033,-4028,4033,-4029,4034,-4034,4037,-4032,4037,-4036,4034,-4036,4041,-4036,4042,-4035,4040,-4038,4039,-4029,4037,-4036,4038,-4031,4040,-4026,4039,-4028,4042,-4029,4039,-4028,4038,-4028,4038,-4028,4041,-4025,4040,-4025,4039,-4025,4039,-4025,4040,-4028,4039,-4029,4038,-4026,4037,-4037,4044,-4031,4040,-4034,4041,-4031,4038,-3.07,SJNFAAZE1U0005576,117.83,12.32,9121.7392578125,79,75,0,0,0,0,15.5,99.17,-172599,100,1528027817.339,0,0,0,0,0,0,0,0,0,1,387.14,387.00,77,0,0,1,0000,62,40,40,0,0,19,0.00
03/06/2018 13:13:26,55 59.40535,-2 30.55496,239,0,418,826942,1144818,384.96,3.356,4019,4002,4010,17,0,111.2,44.0,106.9,41.6,none,none,97.9,36.6,4012,-4019,4007,-4014,4009,4012,4009,4010,4007,-4011,4006,-4011,4006,-4013,4006,-4012,4006,4011,4006,-4013,4008,-4011,4005,-4013,4006,-4016,4006,-4014,4006,-4012,4007,-4012,4008,-4011,4007,4013,4007,-4011,4006,-4011,4008,-4011,4011,-4014,4009,4013,4011,-4010,4009,-4013,4009,-4016,4009,-4013,4011,-4013,4006,-4012,4010,-4013,4007,-4014,4005,4014,4006,-4016,4006,-4014,4006,-4014,4004,-4012,4006,4014,4003,4014,4002,4015,4002,4015,4004,4014,4003,4015,4005,4013,4004,4012,4011,4017,4007,4014,4009,4014,4006,4012,15.32,SJNFAAZE1U0005576,117.83,14.16,9121.7392578125,79,75,0,0,0,0,15.5,99.17,-172599,100,1528028006.297,0,2,2,0,9,0,0,0,0,1,384.95,384.95,7F,1,1,1,0080,62,40,40,0,0,19,0.00
03/06/2018 13:13:30,55 59.40535,-2 30.55496,239,0,418,826913,1144818,384.86,3.447,4019,4000,4009,19,0,111.2,44.0,106.9,41.6,none,none,97.9,36.6,4012,-4019,4006,-4014,4007,4012,4008,-4011,4006,-4012,4005,4011,4006,-4014,4004,-4012,4005,-4012,4005,-4013,4006,4011,4005,-4014,4005,-4016,4004,-4013,4005,-4011,4006,-4012,4007,-4012,4006,-4012,4006,-4011,4006,4011,4006,-4012,4011,-4014,4008,-4014,4010,-4010,4008,4014,4008,-4016,4009,-4014,4011,-4013,4005,-4011,4009,-4013,4005,4015,4003,-4016,4004,-4017,4003,-4015,4004,-4015,4004,-4013,4004,-4016,4001,-4016,4001,-4016,4000,4016,4002,-4016,4002,-4014,4003,-4014,4002,-4013,4009,4017,4006,-4014,4007,-4015,4004,-4012,12.45,SJNFAAZE1U0005576,117.83,14.32,9121.7392578125,79,75,0,0,0,0,15.5,99.17,-172599,100,1528028010.098,0,2,2,0,11,0,0,0,0,1,384.92,384.92,7F,1,1,1,0080,62,40,40,0,0,19,0.00
03/06/2018 13:13:33,55 59.40535,-2 30.55496,239,0,418,826882,1144818,384.86,3.142,4019,4000,4009,19,0,111.2,44.0,106.9,41.6,none,none,97.9,36.6,4011,-4019,4006,-4014,4008,4012,4008,-4010,4006,-4012,4005,-4011,4006,-4014,4004,4013,4005,-4012,4005,-4013,4006,-4012,4006,-4012,4005,4015,4004,-4013,4005,-4011,4006,-4011,4007,-4011,4006,-4013,4006,-4011,4005,-4011,4006,-4011,4010,4014,4008,-4012,4010,-4010,4007,-4014,4008,-4017,4008,4013,4011,-4013,4006,-4012,4009,-4013,4005,-4014,4003,-4015,4005,4017,4003,-4016,4003,-4013,4003,-4013,4004,-4016,4002,-4015,4000,-4016,4001,-4016,4000,-4016,4001,4014,4003,-4014,4002,-4014,4010,-4017,4005,-4014,4005,4014,4003,-4010,10.73,SJNFAAZE1U0005576,117.83,14.40,9121.7392578125,79,75,0,0,0,0,15.5,99.17,-172599,100,1528028013.952,0,2,2,0,10,0,0,0,0,1,384.90,384.90,7F,1,1,1,0080,62,40,40,0,0,19,0.00
03/06/2018 13:13:37,55 59.40535,-2 30.55496,239,0,418,826853,1144818,384.86,2.959,4017,3999,4009,18,0,111.2,44.0,106.9,41.6,none,none,97.9,36.6,4016,4011,4014,-4006,-4014,4006,-4012,-4005,-4011,4005,-4011,4006,-4013,4005,-4012,4004,-4011,4006,-4011,4006,-4013,4004,-4012,4007,-4012,4005,-4013,4005,-4012,4007,-4012,4007,-4012,4006,-4011,4007,-4011,4005,-4011,4004,-4012,4005,-4014,4008,-4013,4007,-4014,4006,-4014,4004,-4015,4008,-4015,4008,-4017,4006,-4012,4003,-4017,4004,4014,-4002,-4015,4002,4016,-4005,4015,-4004,4015,4003,4014,-4002,4015,-4000,4016,-4000,4015,-3999,4016,-4000,4014,-4001,4015,-4001,4014,-4003,4014,4002,4016,-4008,4012,-4005,4016,-4004,4014,-4004,9.21,SJNFAAZE1U0005576,117.83,14.40,9121.7392578125,79,75,0,0,0,0,15.5,99.17,-172599,100,1528028017.858,0,2,2,0,9,0,0,0,0,1,384.89,384.89,7F,1,1,1,0080,62,40,40,0,0,19,0.00
03/06/2018 13:13:41,55 59.40535,-2 30.55496,239,0,418,826826,1144818,384.86,2.807,4017,4001,4009,16,0,111.2,44.0,106.9,41.6,none,none,97.9,36.6,-4015,4012,-4012,4006,-4013,4007,-4011,4006,-4010,4006,-4011,4007,-4012,4007,-4011,4005,-4012,4006,-4011,4006,-4012,4005,-4010,4006,-4011,4006,-4012,4005,-4010,4007,-4010,4007,-4011,4007,-4010,4009,-4010,4005,-4010,4005,-4012,4006,-4015,4010,-4013,4007,-4014,4006,-4013,4005,-4014,4009,-4014,4007,-4016,4006,-4011,4004,-4017,4004,-4014,4003,-4015,4004,-4015,4006,-4013,4005,-4013,4003,-4013,4004,-4014,4002,-4014,4001,-4014,4002,-4014,4002,-4014,4002,-4015,4003,-4013,4003,-4012,4005,-4016,4009,-4012,4005,-4015,4005,-4013,4006,8.04,SJNFAAZE1U0005576,117.83,14.40,9121.7392578125,79,75,0,0,0,0,15.5,99.17,-172599,100,1528028021.705,0,2,2,0,8,0,0,0,0,1,384.87,384.87,7F,1,1,1,0080,62,40,40,0,0,19,0.00
03/06/2018 13:13:45,55 59.40535,-2 30.55496,239,0,418,826800,1144818,384.77,2.746,4017,3999,4008,18,0,110.9,43.9,106.9,41.6,none,none,97.9,36.6,-4017,4010,-4014,4006,-4014,4006,-4012,4005,-4012,4005,-4012,4005,-4012,4004,-4011,4004,-4011,4005,-4011,4005,-4013,4004,-4012,4006,-4012,4005,-4012,4004,-4012,4007,-4011,4007,-4012,4006,-4011,4008,-4011,4004,-4010,4004,-4012,4005,-4016,4008,-4012,4007,-4014,4005,-4013,4005,-4015,4007,-4014,4007,-4016,4006,-4012,4003,-4017,4003,-4015,4001,-4014,4002,-4016,4006,-4015,4004,-4015,4002,-4014,4003,-4014,4000,-4015,3999,-4014,4000,-4016,4000,-4016,4001,-4016,4002,-4014,4002,-4012,4003,-4016,4008,-4013,4005,-4016,4005,-4013,4003,7.01,SJNFAAZE1U0005576,117.83,14.40,9121.7392578125,79,75,0,0,0,0,15.5,99.17,-172599,100,1528028025.415,0,2,1,0,7,0,0,0,0,1,384.86,384.86,7F,1,1,1,0080,62,40,40,0,0,19,0.00
03/06/2018 13:13:48,55 59.40535,-2 30.55496,239,0,418,826777,1144818,384.77,2.563,4017,3999,4008,18,0,110.9,43.9,106.7,41.5,none,none,97.7,36.5,-4015,4011,-4013,4005,-4014,4006,-4011,4005,-4011,4006,-4010,4006,-4011,4004,-4012,4004,-4012,4005,-4011,4005,-4013,4004,-4012,4006,-4012,4006,-4012,4004,-4012,4007,-4011,4007,-4012,4005,-4011,4008,-4010,4005,-4011,4005,-4012,4005,-4015,4008,-4013,4008,-4014,4005,-4013,4005,-4015,4007,-4015,4006,-4016,4006,-4012,4003,-4017,4003,-4014,4001,-4014,4002,-4016,4005,-4014,4002,-4014,4002,-4013,4003,-4014,4000,-4016,3999,-4015,3999,-4016,4000,-4014,4000,-4016,4002,-4013,4001,-4013,4002,-4017,4008,-4013,4003,-4016,4004,-4013,4004,6.21,SJNFAAZE1U0005576,117.83,14.40,9121.7392578125,79,75,0,0,0,0,15.5,99.17,-172599,100,1528028028.963,0,2,1,0,7,0,0,0,0,1,384.85,384.85,7F,1,1,1,0080,62,40,40,0,0,19,0.00
03/06/2018 13:13:52,55 59.40535,-2 30.55496,239,0,418,826762,1144818,384.86,1.586,4018,4000,4009,18,0,110.9,43.9,106.9,41.6,none,none,97.9,36.6,-4016,4011,-4013,4007,-4015,4007,-4011,4006,-4012,4006,-4012,4006,-4013,4005,-4013,4004,-4012,4006,-4011,4006,-4012,4004,-4011,4006,-4012,4006,-4013,4005,-4011,4007,-4011,4007,-4011,4006,-4011,4009,-4011,4007,-4011,4004,-4012,4006,-4014,4010,-4014,4008,-4015,4006,-4014,4005,-4016,4008,-4014,4007,-4017,4006,-4012,4003,-4018,4004,-4015,4002,-4015,4002,-4017,4005,-4015,4003,-4014,4003,-4014,4003,-4015,4001,-4016,4000,-4016,4000,-4016,4001,-4016,4002,-4017,4003,-4014,4002,-4013,4001,-4018,4008,-4013,4003,-4016,4005,-4014,4004,5.55,SJNFAAZE1U0005576,117.83,14.40,9121.7392578125,79,75,0,0,0,0,15.5,99.17,-172599,100,1528028032.755,0,2,0,0,0,0,0,0,0,1,384.89,384.89,7F,1,1,1,0080,62,40,40,0,0,19,0.00
03/06/2018 13:13:56,55 59.40535,-2 30.55496,239,0,418,826747,1144818,384.86,1.586,4019,4000,4009,19,0,110.9,43.9,106.9,41.6,none,none,97.9,36.6,4010,-4019,4005,-4014,4008,4011,4008,-4010,4006,-4012,4005,4012,4005,-4013,4004,-4013,4005,-4012,4004,-4012,4005,4012,4004,-4012,4005,-4015,4003,-4013,4005,-4012,4008,-4012,4007,4010,4006,-4012,4006,-4011,4006,-4011,4006,-4011,4011,-4014,4008,-4013,4009,-4010,4008,-4013,4007,4015,4007,-4014,4010,-4013,4004,-4011,4010,-4012,4005,4014,4002,-4015,4004,-4017,4003,-4014,4004,-4014,4003,-4012,4004,-4015,4001,-4015,4000,-4014,4000,4016,4000,-4015,4001,-4015,4003,-4013,4001,-4012,4009,4017,4005,-4013,4006,-4015,4004,-4011,4.92,SJNFAAZE1U0005576,117.83,14.40,9121.7392578125,79,75,0,0,0,0,15.5,99.17,-172599,100,1528028036.382,0,2,0,0,0,0,0,0,0,1,384.88,384.88,7F,1,1,1,0080,62,40,40,0,0,19,0.00
03/06/2018 13:13:59,55 59.40535,-2 30.55496,239,0,418,826734,1144818,384.86,1.525,4018,4001,4009,17,0,110.9,43.9,106.9,41.6,none,none,97.9,36.6,4011,-4018,4006,-4013,4009,4011,4008,-4010,4006,4010,4006,-4011,4006,-4012,4005,-4013,4005,-4011,4006,-4012,4006,-4011,4005,-4012,4005,-4014,4005,4013,4006,-4011,4007,-4011,4008,-4010,4007,-4011,4006,4010,4006,-4009,4006,-4011,4011,-4013,4008,-4012,4010,-4010,4008,-4012,4008,-4014,4008,-4013,4011,4011,4005,-4011,4008,-4013,4006,-4013,4004,-4014,4005,4016,4005,-4012,4005,-4013,4004,-4011,4004,-4014,4001,-4013,4001,-4015,4001,-4014,4002,-4014,4003,4013,4004,-4011,4003,-4011,4009,-4016,4005,-4012,4006,4013,4005,-4011,4.51,SJNFAAZE1U0005576,117.83,14.40,9121.7392578125,79,75,0,0,0,0,15.5,99.17,-172599,100,1528028039.707,0,2,0,0,0,0,0,0,0,1,384.86,384.86,7F,1,1,1,0080,62,40,40,0,0,19,0.00
03/06/2018 13:14:03,55 59.40535,-2 30.55496,239,0,418,826718,1144818,384.77,2.166,4017,4001,4008,16,0,110.9,43.9,106.7,41.5,none,none,97.7,36.5,4011,-4017,4006,4012,4009,4011,4008,-4009,4006,-4010,4005,-4010,4005,4012,4005,-4012,4005,-4011,4005,-4011,4005,-4010,4004,-4013,4005,-4013,4004,-4013,4004,-4011,4006,4011,4007,-4010,4006,-4012,4007,-4010,4005,-4009,4006,4009,4011,-4013,4006,-4011,4009,-4008,4007,-4012,4008,-4014,4008,-4012,4010,-4011,4005,-4010,4010,4011,4005,-4012,4003,-4013,4005,-4016,4004,-4012,4004,4012,4004,-4011,4004,-4013,4002,-4013,4001,-4014,4001,-4013,4002,4014,4002,-4013,4003,-4011,4002,-4012,4009,-4016,4005,-4012,4007,-4014,4005,-4010,4.10,SJNFAAZE1U0005576,117.83,14.40,9121.7392578125,79,75,0,0,0,0,15.5,99.17,-172599,100,1528028043.282,0,2,1,0,4,0,0,0,0,1,384.84,384.84,7F,1,1,1,0080,62,40,40,0,0,19,0.00
03/06/2018 13:14:06,55 59.40535,-2 30.55496,239,0,418,826698,1144818,384.77,2.197,4017,4001,4008,16,0,110.9,43.9,106.7,41.5,none,none,97.7,36.5,4011,-4017,4006,-4012,4008,4010,4007,4009,4005,-4011,4004,-4010,4006,-4012,4004,-4011,4004,4012,4004,-4011,4005,-4010,4004,-4012,4005,-4014,4004,-4013,4004,-4011,4007,-4010,4007,-4010,4006,4011,4005,-4010,4004,-4010,4007,-4010,4010,-4013,4008,4012,4010,-4009,4007,-4012,4007,-4014,4007,-4012,4010,-4010,4004,-4011,4008,-4011,4005,-4013,4002,4013,4005,-4016,4003,-4012,4004,-4012,4003,-4011,4003,-4014,4002,4013,4001,-4013,4001,-4013,4001,-4014,4002,-4012,4003,4012,4002,-4012,4008,-4015,4004,-4011,4006,-4012,4003,-4009,3.76,SJNFAAZE1U0005576,117.83,14.40,9121.7392578125,79,75,0,0,0,0,15.5,99.17,-172599,100,1528028046.840,0,2,1,0,5,0,0,0,0,1,384.81,384.81,7F,1,1,1,0080,62,40,40,0,0,19,0.00
03/06/2018 13:14:10,55 59.40535,-2 30.55496,239,0,418,826678,1144818,384.77,2.410,4016,3998,4008,18,0,110.9,43.9,106.9,41.6,none,none,97.9,36.6,4015,-4010,4012,-4005,4014,4006,4010,-4004,4011,-4003,4010,4005,4012,-4004,4011,-4004,4012,-4004,4010,-4004,4012,4003,4012,-4006,4011,-4005,4013,-4004,4011,-4006,4010,-4006,4011,-4005,4009,-4007,4010,-4005,4010,4004,4012,-4006,4015,-4008,4012,-4006,4014,-4005,4011,4004,4015,-4007,4014,4006,-4015,-4005,4012,-4002,4016,-4003,4014,4000,4015,-4002,4014,-4005,4014,-4002,4014,-4001,4013,-4002,4014,-3999,4014,-3998,4013,-3998,4015,4000,4015,-4000,4015,-4002,4013,-4001,4011,-4002,4016,4008,4012,-4003,4015,-4004,4013,-4004,3.43,SJNFAAZE1U0005576,117.83,14.40,9121.7392578125,79,75,0,0,0,0,15.5,99.17,-172599,100,1528028050.328,0,2,1,0,6,0,0,0,0,1,384.80,384.80,7F,1,1,1,0080,62,40,40,0,0,19,0.00
03/06/2018 13:14:13,55 59.40535,-2 30.55496,239,0,418,826655,1144818,384.67,4.150,4016,3999,4007,17,0,111.2,44.0,106.7,41.5,none,none,97.7,36.5,-4014,4010,-4010,4006,-4012,4006,-4008,4005,-4009,4005,-4009,4005,-4010,4005,-4009,4006,-4009,4005,-4008,4005,-4010,4003,-4009,4006,-4009,4005,-4009,4004,-4008,4006,-4008,4006,-4009,4006,-4008,4007,-4008,4004,-4008,4003,-4009,4006,-4014,4007,-4010,4007,-4011,4006,-4011,4005,-4012,4007,-4012,4006,-4014,4005,-4010,4002,-4016,4003,-4012,4001,-4011,4002,-4013,4005,-4011,4002,-4011,4002,-4011,4002,-4011,3999,-4012,3999,-4013,4000,-4012,4001,-4012,4002,-4012,4002,-4010,4001,-4010,4002,-4014,4008,-4010,4003,-4013,4004,-4011,4004,3.11,SJNFAAZE1U0005576,117.83,14.40,9121.7392578125,79,75,0,0,0,0,15.5,99.17,-172599,100,1528028053.536,320,2,1,0,6,0,0,0,0,2,384.71,384.71,7F,1,1,1,0080,62,40,40,0,0,19,-54.25
03/06/2018 13:14:16,55 59.40535,-2 30.55496,239,0,418,826599,1144818,384.48,9.765,4013,3995,4005,18,0,111.2,44.0,106.7,41.5,none,none,97.7,36.5,-4011,4007,-4008,4004,-4011,4004,-4007,4002,-4008,4002,-4008,4002,-4009,4002,-4007,4002,-4008,4002,-4007,4003,-4008,4001,-4007,4003,-4009,4002,-4008,4000,-4007,4003,-4007,4003,-4008,4002,-4006,4004,-4006,4002,-4007,4001,-4008,4002,-4012,4005,-4008,4004,-4011,4003,-4009,4002,-4012,4003,-4010,4003,-4013,4002,-4009,3999,-4013,4000,-4012,3998,-4011,3998,-4013,4003,-4010,3999,-4010,3999,-4010,3999,-4011,3997,-4012,3996,-4012,3995,-4013,3996,-4011,3997,-4011,3998,-4009,3999,-4010,3998,-4012,4005,-4009,4000,-4011,4000,-4010,4001,2.92,SJNFAAZE1U0005576,117.83,14.40,9121.7392578125,79,75,0,0,0,0,15.5,99.17,-172599,100,1528028056.880,1800,2,1,0,6,0,0,0,0,2,384.52,384.52,7F,1,1,1,0080,62,40,40,0,0,19,-23.25
03/06/2018 13:14:20,55 59.40535,-2 30.55496,239,0,418,826530,1144818,384.67,5.584,4014,3999,4007,15,0,110.9,43.9,106.9,41.6,none,none,97.7,36.5,-4013,4010,-4010,4005,-4012,4005,-4009,4004,-4009,4004,-4009,4004,-4009,4004,-4009,4003,-4008,4004,-4008,4005,-4009,4003,-4008,4005,-4010,4005,-4010,4004,-4009,4005,-4009,4004,-4010,4005,-4008,4007,-4008,4003,-4008,4003,-4010,4005,-4013,4007,-4011,4006,-4012,4003,-4011,4004,-4012,4006,-4012,4006,-4013,4005,-4009,4002,-4014,4002,-4011,4000,-4010,4002,-4013,4004,-4012,4001,-4010,4002,-4010,4001,-4012,4000,-4013,4000,-4012,3999,-4013,3999,-4012,4001,-4012,4001,-4010,4002,-4011,4002,-4014,4006,-4011,4002,-4012,4003,-4011,4002,2.69,SJNFAAZE1U0005576,117.83,14.40,9121.7392578125,79,75,0,0,0,0,15.5,99.17,-172599,100,1528028060.230,2680,2,1,0,6,0,0,0,0,2,384.59,384.59,7F,1,1,1,0080,62,40,40,0,0,19,-7.25
03/06/2018 13:14:23,55 59.40535,-2 30.55496,239,0,418,826507,1144818,384.67,2.441,4015,3998,4007,17,0,110.9,43.9,106.7,41.5,none,none,97.7,36.5,-4013,4009,-4010,4004,-4013,4006,-4010,4003,-4010,4004,-4010,4004,-4011,4003,-4011,4003,-4010,4004,-4009,4004,-4011,4003,-4010,4005,-4010,4004,-4011,4002,-4010,4005,-4009,4005,-4009,4004,-4008,4006,-4009,4003,-4008,4003,-4011,4004,-4014,4006,-4011,4005,-4012,4004,-4011,4003,-4013,4005,-4012,4005,-4014,4004,-4012,4001,-4015,4002,-4014,4000,-4013,4000,-4015,4004,-4013,4001,-4012,4001,-4013,4001,-4012,3998,-4015,3998,-4013,3998,-4015,3998,-4014,3999,-4014,4001,-4012,4000,-4011,4002,-4015,4006,-4011,4001,-4014,4003,-4012,4002,2.42,SJNFAAZE1U0005576,117.83,14.32,9121.7392578125,79,75,0,0,0,0,15.5,99.17,-172599,100,1528028063.594,40,2,1,0,6,0,0,0,0,2,384.67,384.67,7F,1,1,1,0080,62,40,40,0,0,19,-3.25
03/06/2018 13:14:27,55 59.40535,-2 30.55496,239,0,418,826456,1144818,384.19,17.730,4009,3994,4002,15,0,110.9,43.9,106.7,41.5,none,none,97.7,36.5,-4008,4004,-4004,3999,-4007,4000,-4004,3999,-4004,3999,-4004,3999,-4005,3999,-4005,3999,-4004,3999,-4004,3999,-4005,3998,-4005,4000,-4005,3999,-4005,3999,-4003,4002,-4004,4002,-4004,4000,-4003,4002,-4003,3998,-4003,3998,-4005,3999,-4007,4003,-4005,4000,-4006,3998,-4005,3998,-4007,4000,-4007,4000,-4009,3999,-4004,3997,-4008,3997,-4006,3997,-4007,3995,-4007,4000,-4006,3997,-4007,3998,-4006,3996,-4008,3994,-4007,3994,-4008,3995,-4008,3995,-4007,3995,-4007,3997,-4006,3997,-4006,3997,-4009,4002,-4005,3998,-4007,3998,-4005,3998,1.79,SJNFAAZE1U0005576,117.83,14.00,9121.7392578125,79,75,0,0,0,0,15.5,99.17,-172599,100,1528028067.133,3880,2,1,0,6,0,0,0,0,4,384.22,384.22,7F,1,1,1,0080,63,40,40,0,0,19,76.00
03/06/2018 13:14:30,55 59.40535,-2 30.55496,239,0,418,826258,1144818,383.71,28.686,4006,3988,3997,18,0,110.9,43.9,106.7,41.5,none,none,97.7,36.5,3998,4006,3994,-4003,3997,4001,3997,-4000,3995,-4001,3994,-4000,3995,4003,3993,-4002,3994,-4002,3995,-4001,3995,-4001,3994,-4002,3994,-4004,3994,-4003,3995,-4000,3996,4001,3996,-3999,3995,-4000,3996,-3999,3995,-3999,3996,3999,3999,-4003,3996,-4001,3997,-3999,3996,-4001,3996,-4004,3995,-4001,3997,-4001,3994,-4000,3997,4000,3991,-4003,3991,-4004,3993,-4006,3992,-4004,3993,4004,3990,-4001,3993,-4004,3989,-4004,3988,-4005,3988,-4005,3989,-4004,3989,-4003,3991,-4002,3990,4001,3997,-4006,3992,-4001,3993,-4003,3992,-3999,1.28,SJNFAAZE1U0005576,117.83,13.68,9121.7392578125,79,75,0,0,0,0,15.5,99.17,-172599,100,1528028070.537,7960,2,1,0,5,0,0,0,0,4,383.74,383.74,7F,1,1,1,0080,63,40,40,0,0,19,61.00
03/06/2018 13:14:34,55 59.40535,-2 30.55496,239,0,418,826033,1144818,383.42,31.768,4005,3985,3994,20,0,110.9,43.9,106.7,41.5,none,none,97.7,36.5,3995,-4005,3990,-3999,3994,3997,3995,3996,3992,-3998,3991,-3997,3991,-3999,3989,-3999,3989,3998,3991,-3999,3992,-3997,3991,-3997,3990,-4000,3990,-3999,3991,-3998,3993,-3997,3993,-3997,3992,3998,3992,-3997,3990,-3997,3991,-3997,3996,-4000,3994,3997,3993,-3995,3991,-3998,3991,-4002,3992,-3997,3994,-3997,3991,-3998,3993,-3997,3988,-3999,3988,4001,3989,-4003,3988,-4000,3990,-3999,3987,-3998,3990,4000,3986,-4001,3985,-4002,3986,-4000,3986,-4001,3986,-4001,3987,3999,3987,-3999,3992,-4001,3988,-3998,3990,-4000,3988,-3995,1.30,SJNFAAZE1U0005576,117.83,13.52,9121.7392578125,79,75,0,0,0,0,15.5,99.17,-172599,100,1528028074.003,9080,2,1,0,5,0,0,0,0,4,383.57,383.57,7F,1,1,1,0080,63,40,40,0,0,19,51.75
03/06/2018 13:14:37,55 59.40535,-2 30.55496,239,0,418,825765,1144818,383.81,23.681,4007,3988,3998,19,0,110.7,43.7,106.7,41.5,none,none,97.7,36.5,3998,-4006,3994,-4002,3997,3999,3997,-3999,3995,-4001,3995,4000,3994,-4003,3993,-4003,3993,-4003,3994,-4003,3995,4000,3993,-4002,3994,-4005,3993,-4003,3994,-4002,3995,-4002,3997,-3999,3995,-4001,3995,-4000,3994,4000,3995,-4000,3999,-4002,3996,-4001,3997,-3998,3996,4003,3995,-4005,3996,-4002,3997,-4001,3993,-4001,3997,-4000,3992,-4003,3991,-4004,3993,-4007,3991,4002,3993,-4003,3992,-4001,3993,-4004,3989,-4004,3988,-4003,3988,4004,3991,-4005,3989,-4002,3992,-4002,3992,-4001,3997,4005,3993,-4002,3995,-4004,3993,-3999,-0.94,SJNFAAZE1U0005576,117.83,13.28,9121.7392578125,79,75,0,0,0,0,15.5,99.17,-172599,100,1528028077.834,9200,2,1,0,5,0,0,0,0,4,383.57,383.57,7F,1,1,1,0080,63,40,40,0,0,19,10.75
03/06/2018 13:14:41,55 59.40535,-2 30.55496,239,0,418,825740,1144818,384.86,-20.507,4019,4002,4009,17,0,110.9,43.9,106.7,41.5,none,none,97.7,36.5,4011,-4019,4006,-4013,4009,4010,4009,-4010,4006,-4012,4006,-4010,4007,-4013,4005,4012,4006,-4013,4005,-4012,4008,-4011,4006,-4012,4006,4014,4005,-4013,4006,-4012,4008,-4012,4008,-4011,4007,-4012,4006,-4011,4006,-4011,4007,-4010,4011,4015,4009,-4013,4010,-4008,4010,-4013,4009,-4016,4010,4014,4012,-4013,4007,-4011,4009,-4013,4007,-4013,4005,-4014,4005,4017,4006,-4014,4006,-4014,4006,-4013,4004,-4016,4002,-4014,4003,-4015,4003,-4014,4003,-4015,4003,4013,4004,-4014,4004,-4013,4011,-4016,4006,-4013,4008,4014,4005,-4011,-3.96,SJNFAAZE1U0005576,117.83,13.04,9121.7392578125,79,75,0,0,0,0,15.5,99.17,-172599,100,1528028081.518,0,2,1,0,5,0,0,0,0,4,384.89,384.89,7F,1,1,1,0080,63,40,40,0,0,19,-70.25
03/06/2018 13:14:45,55 59.40535,-2 30.55496,239,0,418,825668,1144818,383.14,32.927,3998,3982,3991,16,0,110.9,43.9,106.7,41.5,none,none,97.7,36.5,3996,3992,3994,-3989,-3996,3990,-3993,-3988,-3993,3989,-3993,3989,-3995,3989,-3994,3988,-3993,3988,-3994,3988,-3995,3988,-3994,3989,-3994,3989,-3994,3988,-3993,3989,-3993,3990,-3994,3990,-3994,3991,-3993,3988,-3992,3988,-3994,3989,-3997,3992,-3995,3990,-3995,3987,-3994,3986,-3995,3988,-3995,3989,-3997,3987,3993,-3984,-3998,3984,3996,-3984,3997,-3985,3997,-3987,3996,-3984,3997,3986,3996,-3985,3998,-3983,3997,-3982,3997,-3982,3998,-3983,3998,-3983,3996,-3983,3995,-3985,3995,3984,3998,-3989,3994,-3985,3998,-3986,3995,-3985,-1.61,SJNFAAZE1U0005576,117.83,13.04,9121.7392578125,79,75,0,0,0,0,15.5,99.17,-172599,100,1528028085.191,9880,2,1,0,5,0,0,0,0,4,383.45,383.45,7F,1,1,1,0080,64,40,40,0,0,19,107.50
03/06/2018 13:14:48,55 59.40535,-2 30.55496,239,0,417,825079,1144818,381.50,80.413,3984,3965,3974,19,0,110.9,43.9,106.7,41.5,none,none,97.7,36.5,-3978,3976,-3978,3972,-3979,3972,-3977,3972,-3978,3972,-3977,3972,-3979,3972,-3978,3972,-3977,3971,-3977,3972,-3979,3971,-3977,3973,-3979,3972,-3978,3971,-3977,3973,-3977,3973,-3977,3973,-3977,3975,-3978,3971,-3978,3972,-3976,3972,-3980,3975,-3977,3973,-3976,3972,-3976,3969,-3977,3971,-3976,3969,-3978,3971,-3976,3968,-3980,3967,-3978,3966,-3980,3968,-3982,3970,-3980,3968,-3979,3968,-3978,3969,-3984,3965,-3980,3965,-3979,3965,-3981,3965,-3980,3966,-3980,3967,-3978,3968,-3977,3969,-3978,3971,-3975,3968,-3978,3968,-3977,3968,-0.65,SJNFAAZE1U0005576,117.83,13.04,9121.7392578125,79,75,0,0,0,0,15.5,99.17,-172599,100,1528028088.983,25240,2,1,0,6,0,0,0,0,4,381.64,381.64,7F,1,1,1,0080,64,40,40,0,0,19,80.50
03/06/2018 13:14:52,55 59.40535,-2 30.55496,239,0,417,824556,1144818,383.71,10.436,4005,3989,3997,16,0,110.9,43.9,106.7,41.5,none,none,97.7,36.5,-4004,3999,-4001,3995,-4002,3995,-4001,3994,-4000,3994,-4000,3995,-4001,3994,-4001,3995,-4000,3994,-4000,3995,-4001,3994,-4000,3996,-4001,3995,-4001,3994,-4000,3995,-4000,3996,-4000,3995,-3999,3997,-3999,3994,-3999,3993,-4000,3994,-4002,3998,-4000,3996,-4001,3994,-4001,3992,-4002,3995,-4002,3994,-4003,3994,-4000,3992,-4005,3992,-4002,3992,-4002,3992,-4004,3995,-4001,3992,-4002,3992,-4001,3991,-4002,3990,-4003,3989,-4003,3989,-4003,3990,-4003,3991,-4003,3992,-4001,3992,-4000,3992,-4005,3997,-4000,3991,-4003,3994,-4001,3993,-0.30,SJNFAAZE1U0005576,117.83,13.04,9121.7392578125,79,75,0,0,0,0,15.5,99.17,-172599,100,1528028092.848,8080,2,1,0,6,0,0,0,0,4,383.22,383.22,7F,1,1,1,0080,64,40,40,0,0,19,-13.75
03/06/2018 13:14:56,55 59.40535,-2 30.55496,239,0,417,824629,1144818,384.19,-8.391,4009,3994,4002,15,0,110.7,43.7,106.5,41.4,none,none,97.5,36.4,-4007,4005,-4005,4001,-4006,4000,-4003,4000,-4004,4000,-4004,3999,-4005,3999,-4004,3999,-4004,4000,-4005,4000,-4006,4000,-4004,4001,-4004,4000,-4005,3999,-4004,4001,-4003,4001,-4005,4001,-4003,4002,-4003,3999,-4003,3999,-4004,4000,-4008,4004,-4006,4002,-4006,3999,-4004,3999,-4008,4001,-4007,4000,-4007,3999,-4004,3997,-4009,3999,-4007,3995,-4006,3997,-4009,4000,-4006,3997,-4006,3996,-4005,3997,-4006,3996,-4008,3994,-4007,3994,-4008,3995,-4007,3996,-4007,3996,-4005,3996,-4005,3995,-4008,4002,-4004,3998,-4007,3998,-4005,3998,-0.12,SJNFAAZE1U0005576,117.83,13.04,9121.7392578125,79,75,0,0,0,0,15.5,99.17,-172602,100,1528028096.684,0,2,1,0,5,0,0,0,0,4,384.19,384.19,7F,1,1,1,0080,64,40,40,0,0,19,-39.50
03/06/2018 13:15:00,55 59.40535,-2 30.55496,239,0,417,824626,1144818,382.94,46.508,3997,3980,3989,17,0,110.9,43.9,106.7,41.5,none,none,97.7,36.5,-3995,3990,-3993,3985,-3995,3987,-3993,3986,-3992,3986,-3992,3987,-3993,3985,-3992,3986,-3993,3986,-3992,3986,-3994,3985,-3993,3988,-3993,3986,-3993,3985,-3992,3988,-3992,3988,-3991,3987,-3991,3990,-3992,3987,-3991,3986,-3992,3987,-3994,3990,-3993,3987,-3993,3986,-3992,3984,-3994,3987,-3993,3986,-3995,3985,-3992,3982,-3996,3983,-3994,3981,-3995,3983,-3996,3986,-3995,3984,-3994,3984,-3993,3982,-3995,3980,-3995,3980,-3995,3981,-3996,3981,-3996,3980,-3994,3982,-3994,3982,-3994,3983,-3997,3988,-3993,3982,-3996,3984,-3993,3984,0.00,SJNFAAZE1U0005576,117.83,13.04,9121.7392578125,79,75,0,0,0,0,15.5,99.17,-172602,100,1528028100.245,13840,2,1,0,6,0,0,0,0,4,382.78,382.78,7F,1,1,1,0080,64,40,40,0,0,19,41.25
03/06/2018 13:15:03,55 59.40535,-2 30.55496,239,0,417,824325,1144818,383.90,-1.586,4008,3990,3999,18,0,110.9,43.9,106.5,41.4,none,none,97.7,36.5,4000,-4008,3995,-4002,3997,4001,4000,-3999,3996,-4001,3996,4002,3996,-4004,3995,-4002,3996,-4002,3996,-4003,3997,4001,3995,-4003,3995,-4005,3995,-4004,3995,-4001,3996,-4001,3997,4001,3997,-4002,3996,-4001,3995,-4001,3996,-4001,4001,-4004,3998,-4002,3998,-3999,3997,-4002,3996,4005,3996,-4002,4000,-4001,3995,-4001,3998,-4001,3992,4004,3993,-4004,3994,-4007,3993,-4004,3993,-4004,3993,-4003,3993,-4005,3991,-4004,3990,-4005,3991,4005,3991,-4006,3991,-4005,3993,-4003,3992,-4003,3998,4005,3994,-4003,3996,-4003,3993,-4001,0.09,SJNFAAZE1U0005576,117.83,13.04,9121.7392578125,79,75,0,0,0,0,15.5,99.17,-172602,100,1528028103.791,2400,2,1,0,5,0,0,0,0,4,383.72,383.72,7F,1,1,1,0080,65,40,40,0,0,19,-13.25
03/06/2018 13:15:07,55 59.40535,-2 30.55496,239,0,417,824399,1144818,384.58,-21.453,4015,3996,4006,19,0,110.9,43.9,106.7,41.5,none,none,97.7,36.5,4008,-4015,4003,-4011,4006,4008,4006,-4007,4003,-4008,4003,-4008,4003,-4012,4002,4010,4003,-4009,4002,-4009,4004,-4009,4003,-4010,4003,-4012,4001,4010,4003,-4009,4004,-4009,4006,-4008,4004,-4009,4003,4008,4003,-4007,4004,-4008,4008,-4011,4005,-4009,4006,-4007,4005,-4010,4005,-4013,4005,-4010,4007,4009,4002,-4008,4006,-4009,4001,-4012,4000,-4013,4003,4015,4001,-4012,4001,-4011,4000,-4009,3999,-4012,3998,-4012,3996,-4012,3997,-4013,3998,-4013,3999,4011,4000,-4011,3999,-4010,4004,-4015,4001,-4010,4004,4011,4001,-4007,0.09,SJNFAAZE1U0005576,117.83,13.04,9121.7392578125,79,75,0,0,0,0,15.5,99.17,-172605,100,1528028107.335,0,2,1,0,5,0,0,0,0,4,384.56,384.56,7F,1,1,1,0080,65,40,40,0,0,19,-67.25
03/06/2018 13:15:11,55 59.40535,-2 30.55496,239,0,417,824666,1144818,384.77,-24.474,4018,4001,4008,17,0,110.9,43.9,106.5,41.4,none,none,97.5,36.4,4010,-4018,4005,4013,4009,4010,4009,-4010,4006,-4010,4005,-4010,4007,4013,4005,-4012,4005,-4011,4005,-4012,4007,-4009,4006,-4012,4006,-4016,4005,-4013,4006,-4012,4007,4012,4007,-4009,4006,-4012,4006,-4011,4006,-4010,4007,4010,4011,-4014,4008,-4012,4011,-4009,4008,-4013,4008,-4015,4007,-4012,4009,-4011,4004,-4011,4009,4012,4005,-4013,4004,-4013,4006,-4016,4004,-4012,4004,4012,4003,-4012,4004,-4014,4002,-4014,4001,-4013,4001,-4013,4001,-4015,4003,-4012,4003,-4012,4002,4011,4008,-4015,4005,-4011,4006,-4013,4005,-4010,0.14,SJNFAAZE1U0005576,117.83,13.04,9121.7392578125,79,75,0,0,0,0,15.5,99.17,-172616,100,1528028111.038,0,2,1,0,6,0,0,0,0,4,385.02,385.02,7F,1,1,1,0080,65,40,40,0,0,19,-68.00
03/06/2018 13:15:14,55 59.40535,-2 30.55496,239,0,417,824682,1144818,384.10,3.845,4011,3992,4001,19,0,110.9,43.9,106.7,41.5,none,none,97.7,36.5,4002,-4011,3998,-4006,4000,4004,4001,4003,3998,-4004,3998,-4005,3998,-4006,3996,-4005,3997,4005,3997,-4006,3998,-4005,3998,-4005,3998,-4007,3996,-4006,3998,-4005,3999,-4004,4001,-4004,3999,4004,3998,-4004,3998,-4003,3999,-4004,4003,-4006,4000,4005,4001,-4002,3998,-4006,4000,-4008,4000,-4006,4002,-4005,3997,-4004,4001,-4004,3995,-4007,3995,4007,3995,-4009,3994,-4007,3997,-4006,3996,-4005,3996,4008,3993,-4008,3992,-4007,3994,-4007,3993,-4007,3993,-4007,3995,-4005,3994,-4005,4000,-4009,3997,4006,3998,-4006,3996,-4003,0.15,SJNFAAZE1U0005576,117.83,13.04,9121.7392578125,79,75,0,0,0,0,15.5,99.17,-172616,100,1528028114.802,520,2,1,0,6,0,0,0,0,4,384.14,384.14,7F,1,1,1,0080,65,40,40,0,0,19,0.25
03/06/2018 13:15:18,55 59.40535,-2 30.55496,239,0,417,824656,1144818,384.00,5.798,4007,3992,4000,15,0,110.9,43.9,106.5,41.4,none,none,97.7,36.5,4006,-4002,4002,-3997,4005,3997,4002,-3997,4002,-3997,4002,3997,4003,-3997,4002,-3996,4003,-3997,4004,-3998,4003,3997,4003,-3999,4003,-3998,4004,-3997,4003,-3999,4003,-3999,4003,-3997,4002,-3999,4002,-3997,4002,3997,4002,-3997,4006,-4000,4004,-3998,4004,-3997,4004,3996,4005,-3998,-4005,3998,-4007,-3997,-4002,3995,-4007,3995,-4004,3995,-4004,3994,-4006,3997,-4005,3995,-4005,3996,-4004,3994,-4005,3993,-4005,3992,-4004,3993,-4005,3993,-4005,3993,-4005,3995,-4004,3994,-4003,3994,4007,4000,-4002,3996,4005,-3996,4003,-3995,0.06,SJNFAAZE1U0005576,117.83,13.04,9121.7392578125,79,75,0,0,0,0,15.5,99.17,-172616,100,1528028118.644,240,2,1,0,6,0,0,0,0,4,384.08,384.08,7F,1,1,1,0080,65,40,40,0,0,19,91.25
03/06/2018 13:15:22,55 59.40535,-2 30.55496,239,0,417,824595,1144818,384.00,7.934,4009,3991,4000,18,0,110.9,43.9,106.5,41.4,none,none,97.7,36.5,-4007,4002,-4004,3998,-4006,3998,-4003,3998,-4003,3996,-4002,3997,-4004,3997,-4003,3998,-4003,3999,-4003,3997,-4005,3996,-4003,4000,-4003,3998,-4004,3996,-4003,3998,-4001,3999,-4003,3997,-4002,4000,-4002,3998,-4002,3996,-4003,3997,-4006,4000,-4003,3999,-4005,3998,-4003,3995,-4005,3999,-4006,3998,-4007,3997,-4004,3995,-4009,3994,-4006,3993,-4006,3994,-4007,3996,-4006,3995,-4006,3995,-4004,3994,-4005,3992,-4007,3991,-4007,3991,-4008,3992,-4007,3993,-4007,3994,-4004,3993,-4005,3993,-4007,3999,-4003,3995,-4006,3996,-4005,3996,0.11,SJNFAAZE1U0005576,117.83,13.04,9121.7392578125,79,75,0,0,0,0,15.5,99.17,-172616,100,1528028122.437,1680,2,1,0,6,0,0,0,0,4,383.99,383.99,7F,1,1,1,0080,65,40,40,0,0,19,1.75
03/06/2018 13:15:26,55 59.40535,-2 30.55496,239,0,417,824562,1144818,384.10,5.004,4008,3993,4001,15,0,110.9,43.9,106.7,41.5,none,none,97.7,36.5,-4007,4003,-4004,3999,-4006,4000,-4003,3998,-4004,3999,-4003,3999,-4004,3999,-4003,3999,-4003,3999,-4004,3999,-4005,3998,-4003,4000,-4004,4000,-4005,3998,-4005,4000,-4003,4000,-4004,4000,-4003,4001,-4003,3998,-4003,3998,-4003,3999,-4007,4001,-4005,4000,-4005,3998,-4005,3997,-4006,3999,-4006,4000,-4008,3999,-4005,3996,-4008,3996,-4005,3996,-4006,3995,-4006,3998,-4006,3997,-4006,3996,-4005,3996,-4005,3995,-4007,3993,-4005,3993,-4007,3994,-4007,3995,-4006,3996,-4004,3995,-4005,3996,-4008,4002,-4004,3996,-4007,3998,-4005,3997,0.10,SJNFAAZE1U0005576,117.83,13.04,9121.7392578125,79,75,0,0,0,0,15.5,99.17,-172616,100,1528028126.123,920,2,1,0,6,0,0,0,0,4,384.05,384.05,7F,1,1,1,0080,65,40,40,0,0,19,6.50
03/06/2018 13:15:29,55 59.40535,-2 30.55496,239,0,417,824535,1144818,384.10,3.295,4008,3992,4001,16,0,110.7,43.7,106.5,41.4,none,none,97.7,36.5,-4007,4003,-4004,3999,-4006,4000,-4002,3998,-4003,3998,-4003,4000,-4005,4000,-4003,3998,-4004,3998,-4003,3999,-4004,3997,-4003,4000,-4004,3999,-4005,3998,-4004,4000,-4003,4000,-4003,4000,-4003,4001,-4002,3998,-4002,3998,-4003,3999,-4008,4002,-4004,3999,-4006,3999,-4005,3997,-4006,4000,-4006,3999,-4007,3997,-4004,3995,-4008,3996,-4005,3995,-4006,3995,-4008,3999,-4005,3997,-4005,3995,-4005,3996,-4006,3994,-4006,3992,-4005,3993,-4007,3994,-4007,3994,-4006,3997,-4004,3995,-4005,3996,-4007,4000,-4005,3996,-4006,3997,-4004,3996,0.12,SJNFAAZE1U0005576,117.83,13.04,9121.7392578125,79,75,0,0,0,0,15.5,99.17,-172616,100,1528028129.884,240,2,1,0,5,0,0,0,0,4,384.10,384.10,7F,1,1,1,0080,66,40,40,0,0,19,29.50
03/06/2018 13:15:33,55 59.40535,-2 30.55496,239,0,417,824505,1144818,384.10,3.112,4010,3991,4001,19,0,110.9,43.9,106.5,41.4,none,none,97.7,36.5,-4007,4002,-4004,3998,-4006,3999,-4004,3997,-4004,3997,-4003,3997,-4005,3999,-4004,3997,-4004,3997,-4004,3998,-4005,3997,-4003,3999,-4005,3998,-4006,3997,-4003,3999,-4004,3999,-4004,4000,-4003,4000,-4003,3998,-4004,3997,-4004,3998,-4008,4001,-4004,3999,-4006,3997,-4004,3995,-4008,3998,-4006,3997,-4008,3997,-4004,3995,-4010,3995,-4006,3993,-4006,3993,-4008,3998,-4006,3995,-4007,3995,-4006,3994,-4007,3993,-4009,3991,-4007,3992,-4008,3992,-4008,3992,-4008,3995,-4005,3994,-4004,3994,-4008,4000,-4004,3997,-4007,3996,-4004,3995,0.13,SJNFAAZE1U0005576,117.83,13.04,9121.7392578125,79,75,0,0,0,0,15.5,99.17,-172616,100,1528028133.656,240,2,1,0,6,0,0,0,0,4,384.11,384.11,7F,1,1,1,0080,66,40,40,0,0,19,32.25
03/06/2018 13:15:37,55 59.40535,-2 30.55496,239,0,417,824476,1144818,384.10,3.295,4009,3993,4001,16,0,110.7,43.7,106.5,41.4,none,none,97.5,36.4,4002,-4009,3998,4005,4001,4003,4001,-4002,3998,-4003,3998,-4003,3999,4005,3997,-4004,3998,-4003,3998,-4004,3999,-4003,3996,-4004,3998,-4006,3997,-4006,3997,-4004,3999,4004,4000,-4003,4000,-4004,3999,-4002,3997,-4003,4000,4003,4003,-4006,4000,-4004,4001,-4001,4000,-4004,3999,-4007,4000,-4004,4002,-4003,3998,-4003,4001,4004,3996,-4005,3996,-4006,3997,-4009,3996,-4005,3997,-4005,3995,4003,3998,-4006,3994,-4006,3993,-4006,3994,-4005,3993,4006,3995,-4006,3995,-4004,3994,-4004,4000,-4007,3996,-4004,3999,-4004,3997,-4003,0.15,SJNFAAZE1U0005576,117.83,13.04,9121.7392578125,79,75,0,0,0,0,15.5,99.17,-172616,100,1528028137.520,240,2,1,0,5,0,0,0,0,4,384.10,384.10,7F,1,1,1,0080,66,40,40,0,0,19,33.00
03/06/2018 13:15:41,55 59.40535,-2 30.55496,239,0,417,824452,1144818,384.10,2.197,4011,3992,4001,19,0,110.9,43.9,106.5,41.4,none,none,97.7,36.5,4003,-4011,3998,-4006,4000,4004,4001,4003,3998,-4005,3998,-4004,3999,-4005,3997,-4006,3997,4006,3998,-4005,3999,-4005,3997,-4005,3998,-4008,3997,-4007,3997,-4004,4000,-4005,4000,-4004,3998,4005,3999,-4004,3998,-4003,3999,-4004,4003,-4007,4000,4005,4002,-4002,4000,-4006,4000,-4009,4000,-4005,4002,-4005,3996,-4005,4000,-4005,3996,-4006,3995,4006,3996,-4010,3995,-4006,3996,-4006,3996,-4005,3995,-4008,3993,4007,3993,-4008,3993,-4008,3992,-4008,3993,-4006,3995,4006,3994,-4005,4000,-4009,3997,-4005,3997,-4007,3996,-4003,0.25,SJNFAAZE1U0005576,117.83,13.04,9121.7392578125,79,75,0,0,0,0,15.5,99.17,-172616,100,1528028141.274,0,2,1,0,5,0,0,0,0,4,384.16,384.16,7F,1,1,1,0080,66,40,40,0,0,19,0.00
03/06/2018 13:15:44,55 59.40535,-2 30.55496,239,0,417,824432,1144818,384.10,2.014,4011,3994,4001,17,0,110.9,43.9,106.5,41.4,none,none,97.7,36.5,4003,-4011,3998,-4005,4001,4003,4001,-4002,3999,-4004,3998,4003,3999,-4005,3997,-4005,3997,-4004,3998,-4005,4000,4004,3999,-4005,3999,-4008,3997,-4005,3999,-4004,3999,-4005,4000,-4004,3999,-4005,3999,-4003,3999,4003,3999,-4004,4003,-4005,4000,-4004,4002,-4002,4000,4005,4001,-4007,4001,-4005,4002,-4004,3997,-4004,4002,-4004,3998,4006,3996,-4006,3999,-4008,3997,-4005,3998,-4006,3996,-4003,3996,-4007,3994,-4006,3994,-4007,3995,4007,3994,-4007,3995,-4006,3996,-4004,3995,-4004,4001,4008,3998,-4004,4000,-4006,3998,-4003,0.22,SJNFAAZE1U0005576,117.83,13.04,9121.7392578125,79,75,0,0,0,0,15.5,99.17,-172616,100,1528028144.942,0,2,1,0,5,0,0,0,0,4,384.17,384.17,7F,1,1,1,0080,66,40,40,0,0,19,0.00
03/06/2018 13:15:48,55 59.40535,-2 30.55496,239,0,417,824414,1144818,384.10,1.922,4010,3992,4001,18,0,110.7,43.7,106.5,41.4,none,none,97.5,36.4,4002,-4010,3998,-4006,4001,4004,4001,-4003,3999,-4005,3998,-4005,4000,-4006,3997,4005,3998,-4005,3998,-4006,3999,-4005,3997,-4006,3998,4008,3997,-4007,3998,-4004,4000,-4005,4000,-4004,3998,-4005,3998,-4003,3998,-4004,3999,-4003,4004,4007,4000,-4005,4002,-4003,4000,-4006,4000,-4008,4001,-4006,4002,-4004,3996,-4004,4001,-4004,3996,-4006,3996,-4008,3997,4010,3995,-4006,3997,-4007,3997,-4006,3996,-4008,3994,-4008,3992,-4009,3994,-4008,3994,-4007,3993,4007,3995,-4006,3994,-4005,4001,-4009,3997,-4005,3998,4006,3996,-4004,0.17,SJNFAAZE1U0005576,117.83,13.04,9121.7392578125,79,75,0,0,0,0,15.5,99.17,-172616,100,1528028148.614,0,2,1,0,5,0,0,0,0,4,384.18,384.18,7F,1,1,1,0080,66,40,40,0,0,19,0.00
03/06/2018 13:15:52,55 59.40535,-2 30.55496,239,0,417,824398,1144818,384.10,2.014,4009,3994,4001,15,0,110.7,43.7,106.5,41.4,none,none,97.5,36.4,4008,4004,4005,-4000,-4006,4000,-4004,-3999,-4004,3999,-4003,4000,-4005,4000,-4005,3999,-4005,4000,-4004,3999,-4005,3997,-4005,4001,-4005,3999,-4006,3999,-4004,4000,-4005,4000,-4004,4000,-4003,4003,4003,3998,-4003,3998,4004,4000,4007,-4002,4005,-4001,4006,-3999,4005,-3999,4008,-3999,4006,-4000,4007,-3999,4004,-3997,4009,3997,4006,-3996,4006,-3996,4007,-3999,4007,-3996,4006,3997,4005,-3997,4005,-3994,4007,-3994,4007,-3994,4007,-3994,4008,-3995,4007,-3996,4004,-3996,4005,3997,4008,-4002,4004,-3997,4007,-3998,4005,-3998,0.19,SJNFAAZE1U0005576,117.83,13.04,9121.7392578125,79,75,0,0,0,0,15.5,99.17,-172616,100,1528028152.302,0,2,1,0,5,0,0,0,0,4,384.19,384.19,7F,1,1,1,0080,66,40,40,0,0,19,0.00
03/06/2018 13:15:55,55 59.40535,-2 30.55496,239,0,417,824379,1144818,384.10,2.014,4010,3992,4001,18,0,110.7,43.7,106.5,41.4,none,none,97.5,36.4,-4007,4002,-4004,3998,-4007,3998,-4004,3997,-4004,3998,-4004,3998,-4006,3998,-4004,3997,-4005,3998,-4003,3997,-4005,3997,-4004,3999,-4005,3998,-4005,3998,-4004,3999,-4003,3998,-4004,3999,-4004,4000,-4003,3997,-4003,3998,-4004,3999,-4007,4000,-4005,3999,-4006,3998,-4006,3996,-4007,3999,-4007,3998,-4007,3997,-4005,3995,-4010,3996,-4006,3994,-4006,3994,-4009,3998,-4006,3995,-4006,3996,-4005,3995,-4007,3992,-4008,3992,-4008,3992,-4008,3993,-4007,3992,-4008,3994,-4005,3994,-4005,3994,-4008,3999,-4004,3997,-4007,3996,-4006,3995,0.21,SJNFAAZE1U0005576,117.83,13.04,9121.7392578125,79,75,0,0,0,0,15.5,99.17,-172616,100,1528028155.918,0,2,1,0,5,0,0,0,0,4,384.19,384.19,7F,1,1,1,0080,66,40,40,0,0,19,126.00
03/06/2018 13:15:59,55 59.40535,-2 30.55496,239,0,417,824145,1144818,381.60,75.225,3984,3968,3975,16,0,110.7,43.7,106.5,41.4,none,none,97.5,36.4,-3979,3977,-3978,3974,-3979,3975,-3978,3973,-3978,3974,-3977,3976,-3979,3975,-3979,3974,-3978,3976,-3978,3975,-3979,3973,-3978,3976,-3978,3975,-3980,3974,-3977,3975,-3977,3976,-3977,3975,-3977,3976,-3977,3975,-3978,3973,-3978,3974,-3981,3977,-3978,3975,-3978,3973,-3977,3970,-3977,3974,-3977,3972,-3980,3972,-3976,3971,-3980,3970,-3977,3969,-3980,3971,-3981,3974,-3978,3970,-3979,3971,-3978,3971,-3984,3968,-3979,3968,-3980,3968,-3981,3968,-3980,3969,-3979,3969,-3977,3969,-3979,3970,-3980,3975,-3977,3970,-3979,3971,-3976,3970,0.16,SJNFAAZE1U0005576,117.83,13.04,9121.7392578125,79,75,0,0,0,0,15.5,99.17,-172616,100,1528028159.684,20640,2,1,0,5,0,0,0,0,4,382.02,382.02,7F,1,1,1,0080,66,40,40,0,0,19,151.50
03/06/2018 13:16:03,55 59.40535,-2 30.55496,239,0,417,823669,1144818,383.90,-8.086,4006,3990,3999,16,0,110.7,43.7,106.5,41.4,none,none,97.5,36.4,-4004,4000,-4003,3997,-4005,3998,-4002,3996,-4001,3995,-4002,3997,-4003,3997,-4003,3996,-4002,3997,-4003,3997,-4003,3995,-4002,3997,-4002,3997,-4003,3995,-4002,3998,-4001,3998,-4002,3997,-4001,3999,-4001,3996,-4001,3996,-4002,3997,-4005,4001,-4002,3998,-4003,3995,-4002,3994,-4005,3999,-4005,3997,-4006,3996,-4003,3994,-4006,3995,-4005,3992,-4004,3993,-4006,3996,-4004,3993,-4004,3993,-4003,3993,-4004,3990,-4006,3990,-4006,3990,-4005,3990,-4004,3991,-4005,3992,-4002,3991,-4002,3992,-4006,3997,-4002,3993,-4004,3995,-4003,3995,0.24,SJNFAAZE1U0005576,117.83,13.04,9121.7392578125,79,75,0,0,0,0,15.5,99.17,-172616,100,1528028163.422,760,2,1,0,5,0,0,0,0,4,383.84,383.84,7F,1,1,1,0080,67,40,40,0,0,19,9.00
03/06/2018 13:16:07,55 59.40535,-2 30.55496,239,0,417,823665,1144818,383.33,18.859,4001,3983,3993,18,0,110.7,43.7,106.5,41.4,none,none,97.5,36.4,-3999,3995,-3997,3991,-3998,3992,-3997,3991,-3996,3991,-3996,3991,-3997,3991,-3997,3990,-3997,3991,-3996,3991,-3998,3989,-3997,3992,-3997,3990,-3998,3989,-3997,3992,-3996,3992,-3997,3992,-3995,3992,-3997,3990,-3995,3990,-3997,3991,-4000,3995,-3997,3992,-3998,3991,-3995,3988,-3998,3992,-3997,3989,-3999,3990,-3995,3987,-4000,3987,-3997,3985,-3998,3987,-4001,3990,-3999,3987,-3998,3987,-3998,3988,-3999,3984,-4000,3983,-4000,3983,-3999,3985,-3999,3986,-3999,3986,-3997,3986,-3997,3987,-3999,3991,-3996,3987,-3998,3988,-3998,3988,0.25,SJNFAAZE1U0005576,117.83,13.04,9121.7392578125,79,75,0,0,0,0,15.5,99.17,-172616,100,1528028167.245,440,2,1,0,5,0,0,0,0,4,383.39,383.39,7F,1,1,1,0080,67,40,40,0,0,19,53.50
03/06/2018 13:16:10,55 59.40535,-2 30.55496,239,0,417,823272,1144818,381.41,69.243,3984,3963,3973,21,0,110.7,43.7,106.2,41.2,none,none,97.2,36.2,3974,-3983,3970,-3979,3972,3977,3973,-3975,3971,-3978,3970,-3978,3971,-3979,3969,-3978,3970,-3979,3970,-3978,3971,-3978,3970,3980,3971,-3980,3969,-3979,3970,-3978,3973,-3978,3972,3976,3972,-3978,3972,-3977,3970,-3977,3972,-3978,3976,-3979,3973,-3978,3973,-3975,3969,-3976,3968,3979,3969,-3977,3973,-3976,3967,-3976,3972,-3976,3966,3979,3967,-3979,3969,-3984,3967,-3978,3969,-3980,3967,-3978,3970,-3978,3964,-3979,3963,-3982,3966,3981,3966,-3980,3965,-3979,3966,-3979,3967,-3976,3970,3981,3968,-3977,3969,-3977,3967,-3973,0.22,SJNFAAZE1U0005576,117.83,13.04,9121.7392578125,79,75,0,0,0,0,15.5,99.17,-172616,100,1528028170.880,17400,2,1,0,6,0,0,0,0,4,381.78,381.78,7F,1,1,1,0080,67,40,40,0,0,19,79.00
03/06/2018 13:16:14,55 59.40535,-2 30.55496,239,0,416,822645,1144818,380.83,83.098,3976,3956,3967,20,0,110.7,43.7,106.5,41.4,none,none,97.5,36.4,3965,-3976,3962,-3972,3966,3970,3967,-3969,3964,3971,3965,-3972,3965,-3973,3963,-3972,3964,-3971,3964,-3972,3965,-3972,3965,-3973,3964,-3974,3962,3973,3964,-3972,3967,-3971,3967,-3971,3966,-3971,3965,3970,3964,-3970,3965,-3970,3968,-3973,3966,-3971,3965,-3966,3963,-3968,3961,-3972,3961,-3969,3966,3969,3962,-3969,3965,-3969,3959,-3972,3961,-3973,3963,3975,3960,-3973,3963,-3973,3961,-3971,3964,-3972,3958,-3973,3956,-3974,3959,-3975,3959,-3975,3958,3972,3959,-3971,3960,-3969,3965,-3974,3961,-3970,3961,3971,3959,-3968,0.20,SJNFAAZE1U0005576,117.83,13.04,9121.7392578125,79,75,0,0,0,0,15.5,99.17,-172616,100,1528028174.667,24720,2,1,0,5,0,0,0,0,4,381.02,381.02,7F,1,1,1,0080,67,40,40,0,0,19,77.25
03/06/2018 13:16:18,55 59.40535,-2 30.55496,239,0,416,821797,1144818,379.39,113.069,3961,3941,3952,20,0,110.7,43.7,106.2,41.2,none,none,97.5,36.4,3949,-3961,3948,3957,3949,3956,3952,-3955,3950,-3958,3950,-3958,3951,3960,3950,-3959,3949,-3959,3950,-3958,3951,-3958,3951,-3960,3950,-3960,3949,-3960,3950,-3958,3951,3959,3952,-3958,3951,-3958,3950,-3956,3950,-3957,3950,3956,3954,-3959,3951,-3956,3949,-3953,3946,-3955,3946,-3957,3946,-3955,3950,-3954,3944,-3956,3950,3954,3944,-3957,3946,-3959,3947,-3961,3945,-3955,3948,3958,3945,-3957,3950,-3958,3942,-3959,3941,-3960,3945,-3959,3944,-3960,3942,-3957,3944,-3957,3946,3955,3948,-3958,3946,-3954,3946,-3955,3945,-3954,0.16,SJNFAAZE1U0005576,117.83,13.04,9121.7392578125,79,75,0,0,0,0,15.5,99.17,-172616,100,1528028178.164,34000,2,1,0,6,0,0,0,0,4,379.62,379.62,7F,1,1,1,0080,67,40,40,0,0,19,69.00
03/06/2018 13:16:21,55 59.40535,-2 30.55496,239,0,415,821074,1144818,379.39,97.271,3961,3941,3952,20,0,110.7,43.7,106.2,41.2,none,none,97.2,36.2,3950,-3961,3949,-3957,3950,3956,3953,3955,3950,-3957,3950,-3957,3951,-3960,3950,-3959,3950,3958,3950,-3957,3951,-3958,3950,-3959,3951,-3961,3949,-3960,3950,-3957,3952,-3959,3953,-3957,3951,3957,3951,-3957,3951,-3958,3951,-3956,3953,-3959,3950,3956,3949,-3953,3947,-3954,3946,-3958,3946,-3954,3950,-3954,3947,-3955,3949,-3953,3944,-3957,3945,3959,3947,-3959,3947,-3957,3948,-3957,3945,-3956,3955,3960,3942,-3959,3943,-3959,3944,-3959,3943,-3959,3941,-3956,3945,3957,3946,-3959,3948,-3957,3945,-3956,3945,-3956,3944,-3951,0.20,SJNFAAZE1U0005576,117.83,13.04,9121.7392578125,79,75,0,0,0,0,15.5,99.17,-172616,100,1528028181.850,23280,2,1,0,5,0,0,0,0,4,379.88,379.88,7F,1,1,1,0080,68,40,40,0,0,19,60.75
03/06/2018 13:16:25,55 59.40535,-2 30.55496,239,0,415,820235,1144818,379.58,90.283,3963,3944,3954,19,0,110.7,43.7,106.5,41.4,none,none,97.5,36.4,3957,-3954,3958,-3951,3958,3952,3957,-3953,3958,-3952,3957,3954,3959,-3953,3958,-3952,3958,-3954,3957,-3953,3958,3952,3958,-3954,3959,-3954,3960,-3952,3958,-3955,3958,-3955,3958,-3954,3957,-3955,3957,-3953,3957,3952,3957,-3952,3960,-3956,3957,-3953,3956,-3951,3954,3946,3955,-3951,-3956,3950,-3959,-3949,-3957,3948,-3959,3948,-3955,3946,-3959,3948,3960,-3950,-3957,3948,3960,-3948,3957,-3949,3963,-3945,3958,-3945,3959,-3945,3962,3944,3960,-3948,3958,-3947,3956,-3947,3959,-3948,3958,3951,3956,-3947,3958,-3948,3956,-3948,0.14,SJNFAAZE1U0005576,117.83,13.04,9121.7392578125,79,75,0,0,0,0,15.5,99.17,-172616,100,1528028185.441,27880,2,1,0,5,0,0,0,0,4,379.71,379.71,7F,1,1,1,0080,68,40,40,0,0,19,53.25
03/06/2018 13:16:29,55 59.40535,-2 30.55496,239,0,414,819215,1144818,377.18,148.359,3938,3919,3929,19,0,110.7,43.7,106.5,41.4,none,none,97.5,36.4,-3931,3929,-3932,3926,-3935,3931,-3934,3929,-3934,3929,-3933,3931,-3935,3929,-3935,3929,-3935,3932,-3934,3929,-3936,3929,-3936,3932,-3936,3929,-3935,3929,-3934,3933,-3934,3932,-3935,3930,-3934,3932,-3933,3929,-3933,3930,-3934,3930,-3937,3932,-3933,3928,-3931,3928,-3927,3922,-3929,3925,-3928,3924,-3931,3924,-3929,3923,-3934,3922,-3928,3921,-3935,3923,-3936,3927,-3934,3922,-3935,3924,-3933,3926,-3938,3919,-3934,3921,-3932,3924,-3937,3920,-3936,3924,-3934,3923,-3932,3922,-3935,3920,-3932,3926,-3930,3921,-3932,3923,-3930,3924,0.01,SJNFAAZE1U0005576,117.83,13.04,9121.7392578125,79,75,0,0,0,0,15.5,99.17,-172616,100,1528028189.384,43360,2,1,0,5,0,0,0,0,4,377.58,377.58,7F,1,1,1,0080,68,40,40,0,0,19,70.75
03/06/2018 13:16:33,55 59.40535,-2 30.55496,239,0,414,818176,1144818,380.54,30.700,3973,3955,3964,18,0,110.7,43.7,106.5,41.4,none,none,97.5,36.4,-3969,3965,-3967,3962,-3969,3963,-3968,3961,-3968,3964,-3968,3964,-3968,3963,-3968,3963,-3968,3962,-3969,3963,-3969,3962,-3969,3963,-3970,3963,-3970,3962,-3968,3964,-3968,3964,-3968,3964,-3968,3965,-3969,3962,-3967,3963,-3968,3962,-3971,3967,-3969,3963,-3968,3961,-3966,3958,-3968,3961,-3968,3961,-3969,3960,-3969,3959,-3971,3958,-3968,3958,-3971,3959,-3972,3960,-3970,3960,-3971,3960,-3970,3958,-3973,3955,-3971,3955,-3971,3955,-3972,3956,-3972,3956,-3970,3958,-3968,3959,-3970,3960,-3969,3962,-3967,3959,-3969,3959,-3966,3959,0.07,SJNFAAZE1U0005576,117.83,13.04,9121.7392578125,79,75,0,0,0,0,15.5,99.17,-172616,100,1528028193.168,12240,2,1,0,5,0,0,0,0,4,380.55,380.55,7F,1,1,1,0080,69,40,40,0,0,19,13.00
03/06/2018 13:16:36,55 59.40535,-2 30.55496,239,0,414,817720,1144818,380.64,47.240,3973,3955,3965,18,0,110.9,43.9,106.5,41.4,none,none,97.7,36.5,-3970,3965,-3968,3961,-3970,3963,-3968,3961,-3968,3963,-3968,3965,-3969,3963,-3968,3963,-3969,3964,-3967,3963,-3970,3962,-3968,3964,-3969,3963,-3969,3962,-3969,3964,-3968,3964,-3968,3963,-3967,3965,-3969,3962,-3968,3963,-3968,3963,-3971,3966,-3968,3964,-3968,3962,-3967,3959,-3967,3961,-3969,3961,-3971,3960,-3967,3960,-3971,3958,-3968,3956,-3971,3959,-3972,3961,-3970,3958,-3971,3958,-3970,3959,-3970,3955,-3972,3956,-3970,3956,-3973,3956,-3972,3957,-3971,3958,-3968,3958,-3970,3959,-3970,3962,-3968,3958,-3969,3959,-3967,3959,0.02,SJNFAAZE1U0005576,117.82,13.04,9121.7392578125,79,75,0,0,0,0,15.5,99.17,-172616,100,1528028196.784,21440,2,1,0,5,0,0,0,0,4,380.01,380.01,7F,1,1,1,0080,69,40,40,0,0,19,9.00
03/06/2018 13:16:40,55 59.40535,-2 30.55496,239,0,414,817882,1144818,381.50,-20.324,3981,3967,3974,14,0,110.9,43.9,106.5,41.4,none,none,97.7,36.5,-3979,3977,-3978,3973,-3979,3973,-3977,3973,-3977,3974,-3977,3974,-3978,3973,-3977,3973,-3978,3973,-3977,3973,-3978,3972,-3976,3975,-3979,3973,-3979,3972,-3977,3974,-3977,3974,-3978,3973,-3976,3975,-3977,3973,-3977,3973,-3977,3973,-3981,3977,-3978,3974,-3977,3972,-3976,3969,-3978,3972,-3977,3971,-3979,3971,-3976,3969,-3980,3969,-3978,3968,-3979,3969,-3980,3973,-3979,3969,-3978,3970,-3977,3970,-3980,3967,-3980,3968,-3979,3967,-3980,3968,-3980,3968,-3978,3969,-3977,3968,-3978,3969,-3980,3972,-3976,3969,-3979,3970,-3977,3969,0.10,SJNFAAZE1U0005576,117.82,13.04,9121.7392578125,79,75,0,0,0,0,15.5,99.17,-172623,100,1528028200.384,0,2,1,0,5,0,0,0,0,4,382.78,382.78,7F,1,1,1,0080,69,40,40,0,0,19,33.25
03/06/2018 13:16:44,55 59.40535,-2 30.55496,239,0,414,817355,1144818,380.06,59.539,3967,3951,3959,16,0,110.9,43.9,106.7,41.5,none,none,97.7,36.5,3958,-3967,3956,3963,3958,3963,3960,-3962,3958,-3964,3958,-3965,3958,3965,3957,-3964,3957,-3964,3957,-3964,3958,-3964,3957,-3966,3958,-3967,3957,-3965,3958,-3964,3958,3963,3959,-3963,3960,-3965,3958,-3963,3958,-3963,3958,-3964,3961,3966,3959,-3963,3958,-3959,3955,-3960,3954,-3964,3956,3961,3958,-3961,3956,-3962,3957,-3961,3953,-3964,3953,-3964,3956,-3966,3954,-3964,3956,-3965,3954,3963,3956,-3965,3952,-3965,3951,-3966,3953,-3965,3953,3965,3952,-3963,3953,-3964,3954,-3961,3956,-3964,3953,-3962,3954,-3963,3953,-3959,0.09,SJNFAAZE1U0005576,117.82,13.04,9123.3486328125,79,75,0,0,0,0,15.5,99.17,-172623,100,1528028204.250,20000,2,1,0,5,0,0,0,0,4,380.09,380.09,7F,1,1,1,0080,69,40,40,0,0,19,27.00
03/06/2018 13:16:47,55 59.40535,-2 30.55496,239,0,413,816874,1144818,380.26,50.567,3969,3950,3961,19,0,110.9,43.9,106.5,41.4,none,none,97.7,36.5,3959,-3969,3957,-3966,3959,3964,3963,3964,3959,-3965,3958,-3967,3959,-3967,3957,-3966,3958,3966,3959,-3965,3960,-3966,3959,-3967,3958,-3968,3957,-3967,3958,3966,3959,-3965,3960,-3965,3960,-3965,3959,-3965,3958,-3965,3959,-3965,3963,-3967,3959,-3964,3960,3962,3955,-3962,3955,-3966,3957,-3963,3958,-3963,3957,3964,3959,-3963,3953,-3966,3954,-3967,3956,-3969,3955,-3966,3956,-3967,3953,-3965,3957,-3967,3952,3967,3950,-3968,3952,-3967,3952,-3968,3951,-3966,3953,3964,3955,-3964,3957,-3966,3954,-3964,3954,-3964,3954,-3962,0.10,SJNFAAZE1U0005576,117.82,13.04,9123.3486328125,79,75,0,0,0,0,15.5,99.17,-172623,100,1528028207.889,15480,2,1,0,5,0,0,0,0,4,380.22,380.22,7F,1,1,1,0080,70,40,40,0,0,19,24.25
03/06/2018 13:16:51,55 59.40535,-2 30.55496,239,0,413,816449,1144818,380.26,46.294,3970,3951,3961,19,0,111.2,44.0,106.7,41.5,none,none,97.7,36.5,3959,-3969,3957,-3967,3960,3964,3962,-3963,3959,-3966,3959,3966,3960,-3968,3958,-3968,3958,-3967,3959,-3967,3958,3966,3960,-3967,3959,-3969,3958,-3968,3958,-3967,3961,-3967,3961,3964,3961,-3967,3960,-3964,3958,-3965,3960,-3964,3962,-3968,3959,-3964,3959,-3963,3956,-3962,3956,3967,3957,-3963,3959,-3964,3956,-3964,3958,-3964,3952,3966,3954,-3968,3956,-3970,3955,-3966,3957,-3967,3955,-3965,3957,-3968,3952,-3967,3951,-3969,3952,3968,3953,-3969,3951,-3966,3954,-3966,3954,-3965,3957,3968,3954,-3964,3955,-3966,3954,-3962,0.08,SJNFAAZE1U0005576,117.82,13.04,9123.3486328125,79,75,0,0,0,0,15.5,99.17,-172623,100,1528028211.851,14480,2,1,0,5,0,0,0,0,4,380.29,380.29,7F,1,1,1,0080,70,40,40,0,0,19,21.75
03/06/2018 13:16:55,55 59.40535,-2 30.55496,239,0,413,816004,1144818,380.26,43.883,3969,3952,3961,17,0,111.2,44.0,106.7,41.5,none,none,97.7,36.5,3959,-3969,3958,-3965,3960,3963,3963,-3963,3960,-3965,3959,-3965,3960,-3966,3959,3966,3958,-3966,3960,-3965,3960,-3966,3958,-3966,3959,3969,3958,-3967,3958,-3965,3961,-3966,3961,-3964,3961,-3966,3961,3964,3958,-3965,3961,-3964,3963,-3967,3960,-3964,3960,-3961,3956,-3963,3956,-3966,3956,-3964,3960,3962,3956,-3964,3958,-3963,3954,-3965,3954,-3968,3957,3969,3956,-3967,3957,-3966,3954,-3965,3956,-3967,3952,-3966,3952,-3969,3952,-3968,3953,-3968,3952,3965,3954,-3965,3955,-3964,3958,-3966,3955,-3964,3956,3965,3954,-3962,0.07,SJNFAAZE1U0005576,117.82,13.04,9123.3486328125,79,75,0,0,0,0,15.5,99.17,-172623,100,1528028215.696,14040,2,1,0,5,0,0,0,0,4,380.35,380.35,7F,1,1,1,0080,70,40,40,0,0,19,22.75
03/06/2018 13:16:59,55 59.40535,-2 30.55496,239,0,413,815591,1144818,380.26,45.592,3969,3953,3961,16,0,111.2,44.0,106.7,41.5,none,none,97.9,36.6,3964,3961,3965,-3958,-3966,3959,-3964,-3958,-3964,3960,-3964,3959,-3965,3960,-3966,3960,-3966,3960,-3965,3960,-3966,3959,-3965,3961,-3966,3961,-3966,3959,3965,-3961,3965,3961,3965,-3960,3964,-3963,3965,-3960,3965,-3959,3965,3960,3967,-3962,3965,-3960,3964,-3957,3962,-3956,3964,-3958,3964,-3957,3965,-3957,3964,-3956,3967,3955,3965,-3955,3965,-3956,3968,-3958,3965,-3956,3966,3957,3964,-3957,3969,-3953,3967,-3953,3966,-3954,3967,-3953,3966,-3954,3965,-3954,3963,-3954,3965,3956,3965,-3958,3963,-3956,3964,-3957,3962,-3955,0.02,SJNFAAZE1U0005576,117.82,13.04,9123.3486328125,79,75,0,0,0,0,15.5,99.17,-172623,100,1528028219.315,14040,2,1,0,5,0,0,0,0,4,380.26,380.26,7F,1,1,1,0080,70,40,40,0,0,19,20.25
03/06/2018 13:17:02,55 59.40535,-2 30.55496,239,0,412,815226,1144818,380.35,37.719,3971,3953,3962,18,0,111.2,44.0,106.7,41.5,none,none,97.9,36.6,-3966,3963,-3967,3960,-3969,3960,-3967,3960,-3966,3961,-3966,3961,-3967,3961,-3966,3960,-3967,3961,-3967,3961,-3967,3960,-3967,3962,-3968,3961,-3968,3960,-3967,3962,-3966,3962,-3965,3962,-3965,3963,-3966,3961,-3965,3960,-3967,3961,-3970,3964,-3966,3961,-3966,3960,-3964,3956,-3965,3959,-3965,3959,-3966,3957,-3964,3956,-3969,3956,-3966,3954,-3968,3955,-3971,3958,-3967,3956,-3967,3958,-3967,3957,-3968,3954,-3970,3953,-3968,3954,-3969,3954,-3969,3954,-3968,3955,-3965,3956,-3966,3955,-3967,3960,-3965,3957,-3966,3957,-3966,3956,0.04,SJNFAAZE1U0005576,117.82,13.04,9123.3486328125,79,75,0,0,0,0,15.5,99.17,-172623,100,1528028222.842,13120,2,1,0,5,0,0,0,0,4,380.47,380.47,7F,1,1,1,0080,70,40,40,0,0,19,17.50
03/06/2018 13:17:06,55 59.40535,-2 30.55496,239,0,412,814883,1144818,380.35,41.686,3970,3953,3962,17,0,111.2,44.0,106.7,41.5,none,none,97.9,36.6,-3966,3962,-3966,3959,-3968,3960,-3967,3960,-3967,3961,-3966,3962,-3968,3961,-3967,3960,-3967,3960,-3966,3960,-3968,3960,-3966,3962,-3967,3961,-3967,3960,-3966,3962,-3966,3963,-3966,3962,-3965,3963,-3966,3960,-3965,3960,-3966,3960,-3969,3964,-3965,3960,-3966,3958,-3964,3956,-3966,3959,-3965,3957,-3966,3958,-3964,3957,-3969,3956,-3966,3955,-3968,3955,-3970,3958,-3968,3957,-3967,3957,-3966,3956,-3970,3953,-3970,3954,-3969,3954,-3969,3954,-3968,3953,-3968,3954,-3965,3956,-3966,3956,-3967,3959,-3964,3955,-3966,3957,-3966,3956,0.03,SJNFAAZE1U0005576,117.82,13.04,9123.3486328125,79,75,0,0,0,0,15.5,99.17,-172623,100,1528028226.445,12320,2,1,0,5,0,0,0,0,4,380.37,380.37,7F,1,1,1,0080,70,40,40,0,0,19,18.75
03/06/2018 13:17:10,55 59.40535,-2 30.55496,239,0,412,814583,1144818,380.74,27.343,3974,3957,3966,17,0,111.2,44.0,106.7,41.5,none,none,97.9,36.6,-3970,3966,-3969,3963,-3972,3963,-3969,3963,-3969,3965,-3970,3965,-3971,3963,-3971,3963,-3970,3965,-3971,3964,-3971,3964,-3971,3965,-3972,3964,-3971,3963,-3971,3965,-3970,3965,-3971,3965,-3969,3967,-3971,3963,-3969,3964,-3970,3965,-3973,3967,-3970,3964,-3968,3962,-3968,3959,-3970,3962,-3970,3963,-3971,3961,-3969,3958,-3972,3960,-3969,3959,-3971,3959,-3974,3963,-3972,3961,-3971,3960,-3970,3960,-3973,3957,-3972,3957,-3971,3958,-3974,3959,-3972,3957,-3972,3958,-3968,3959,-3971,3959,-3971,3964,-3968,3961,-3970,3959,-3969,3959,0.00,SJNFAAZE1U0005576,117.82,13.04,9123.3486328125,79,75,0,0,0,0,15.5,99.17,-172623,100,1528028230.069,8640,2,1,0,5,0,0,0,0,4,380.70,380.70,7F,1,1,1,0080,70,40,40,0,0,19,10.50
03/06/2018 13:17:13,55 59.40535,-2 30.55496,239,0,412,814353,1144818,380.54,32.378,3971,3957,3964,14,0,111.2,44.0,106.7,41.5,none,none,97.9,36.6,-3967,3965,-3968,3962,-3969,3964,-3967,3963,-3967,3963,-3966,3963,-3969,3963,-3968,3963,-3967,3962,-3968,3962,-3969,3962,-3967,3965,-3968,3964,-3969,3962,-3969,3964,-3967,3965,-3969,3964,-3967,3965,-3968,3963,-3967,3963,-3967,3962,-3970,3965,-3968,3963,-3967,3961,-3965,3959,-3968,3962,-3968,3961,-3969,3960,-3966,3960,-3969,3958,-3966,3957,-3969,3959,-3971,3962,-3968,3961,-3970,3959,-3967,3959,-3971,3958,-3969,3957,-3969,3957,-3970,3957,-3969,3959,-3968,3958,-3967,3958,-3968,3960,-3968,3961,-3965,3959,-3967,3959,-3966,3958,0.00,SJNFAAZE1U0005576,117.82,13.04,9123.3486328125,79,75,0,0,0,0,15.5,99.17,-172623,100,1528028233.663,9280,2,1,0,5,0,0,0,0,4,380.67,380.67,7F,1,1,1,0080,70,40,40,0,0,19,20.00
03/06/2018 13:17:17,55 59.40535,-2 30.55496,239,0,412,814003,1144818,380.26,41.594,3969,3950,3961,19,0,111.2,44.0,106.7,41.5,none,none,97.9,36.6,3960,-3969,3957,-3966,3958,3964,3961,-3963,3958,-3966,3958,-3965,3959,-3967,3957,-3966,3957,-3966,3958,-3965,3959,-3966,3958,3966,3958,-3969,3957,-3967,3958,-3965,3960,-3965,3961,3964,3959,-3965,3959,-3965,3959,-3965,3960,-3964,3962,-3967,3959,-3964,3958,-3960,3956,-3963,3955,3966,-3956,3964,-3959,3962,-3957,3962,-3959,3962,-3954,3966,-3954,3967,-3956,3969,-3954,3966,-3957,3966,-3954,3964,-3958,3969,-3951,3967,3951,-3968,3954,3967,3953,-3968,3950,-3966,3953,-3965,3954,-3965,3957,-3966,3955,3964,3956,-3965,3952,-3961,0.02,SJNFAAZE1U0005576,117.82,13.04,9123.3486328125,79,75,0,0,0,0,15.5,99.17,-172623,100,1528028237.129,12960,2,1,0,5,0,0,0,0,4,380.26,380.26,7F,1,1,1,0080,70,40,40,0,0,19,22.00
03/06/2018 13:17:20,55 59.40535,-2 30.55496,239,0,412,813645,1144818,380.45,31.615,3972,3953,3963,19,0,111.2,44.0,106.7,41.5,none,none,97.9,36.6,3961,-3971,3959,-3968,3961,3966,3963,-3965,3961,3967,3961,-3967,3961,-3969,3959,-3968,3960,-3968,3959,-3968,3961,-3968,3960,-3969,3961,-3971,3959,3969,3960,-3968,3961,-3969,3962,-3966,3962,-3968,3962,-3967,3960,-3966,3962,-3966,3965,-3969,3961,-3966,3961,-3963,3958,3964,3958,-3968,3958,-3966,3961,-3964,3959,-3965,3960,-3966,3954,-3967,3956,-3969,3958,-3972,3956,3968,3958,-3969,3956,-3966,3959,-3969,3954,-3969,3953,3971,3954,-3970,3954,-3970,3954,-3968,3955,-3967,3956,-3967,3959,-3969,3956,-3966,3956,-3967,3956,3963,-0.03,SJNFAAZE1U0005576,117.82,13.04,9123.3486328125,79,75,0,0,0,0,15.5,99.17,-172623,100,1528028240.699,12520,2,1,0,5,0,0,0,0,4,380.42,380.42,7F,1,1,1,0080,70,40,40,0,0,19,14.25
03/06/2018 13:17:24,55 59.40535,-2 30.55496,239,0,412,813379,1144818,380.45,31.218,3973,3954,3963,19,0,111.2,44.0,106.7,41.5,none,none,97.9,36.6,3962,-3973,3959,3969,3962,3967,3964,-3967,3961,-3969,3961,-3969,3962,3970,3960,-3970,3960,-3969,3962,-3969,3962,-3968,3962,-3969,3961,3972,3959,-3969,3961,-3968,3962,-3968,3964,-3968,3963,-3968,3963,-3968,3961,-3967,3963,-3966,3965,3970,3962,-3967,3962,-3965,3959,-3966,3959,-3969,3960,3966,3961,-3965,3960,-3967,3960,-3965,3957,-3968,3957,-3969,3959,-3972,3957,-3969,3958,-3969,3956,3969,3959,-3971,3955,-3971,3955,-3970,3956,-3970,3954,3971,3954,-3968,3955,-3967,3956,-3968,3959,-3969,3956,-3966,3957,-3968,3957,-3964,-0.02,SJNFAAZE1U0005576,117.82,13.04,9123.3486328125,79,75,0,0,0,0,15.5,99.17,-172623,100,1528028244.215,9880,2,1,0,5,0,0,0,0,4,380.57,380.57,7F,1,1,1,0080,70,40,40,0,0,19,14.25
03/06/2018 13:17:27,55 59.40535,-2 30.55496,239,0,411,813133,1144818,380.64,25.115,3974,3955,3965,19,0,111.2,44.0,106.7,41.5,none,none,97.9,36.6,3963,3973,3961,-3971,3964,3969,3965,-3967,3962,-3970,3963,-3969,3964,-3971,3962,-3971,3962,-3971,3961,3971,3963,-3970,3962,-3970,3961,-3972,3961,-3971,3962,3970,3964,-3969,3964,-3968,3964,-3970,3964,-3969,3962,-3970,3963,-3969,3967,-3972,3964,-3969,3962,3965,3960,-3967,3960,-3970,3960,-3966,3962,-3967,3960,3968,3963,-3968,3958,-3970,3958,-3972,3959,-3974,3959,-3970,3960,-3971,3958,-3968,3961,-3972,3957,3972,3955,-3971,3956,-3971,3956,-3972,3956,-3970,3957,3970,3958,-3969,3960,-3971,3958,-3967,3957,-3969,3958,-3966,-0.01,SJNFAAZE1U0005576,117.82,13.04,9123.3486328125,79,75,0,0,0,0,15.5,99.17,-172623,100,1528028247.396,9080,2,1,0,5,0,0,0,0,4,380.67,380.67,7F,1,1,1,0080,71,40,40,0,0,19,11.50
03/06/2018 13:17:30,55 59.40535,-2 30.55496,239,0,411,812904,1144818,380.16,39.184,3967,3950,3960,17,0,111.2,44.0,106.7,41.5,none,none,97.9,36.6,3958,-3967,3956,-3965,3959,3963,3961,-3961,3957,-3964,3959,-3964,3958,-3966,3956,-3966,3956,-3964,3958,-3965,3959,-3964,3958,3965,3958,-3967,3957,-3965,3958,-3963,3959,-3964,3961,3963,3959,-3964,3958,-3964,3959,-3964,3959,-3963,3962,-3966,3958,-3963,3958,-3960,3955,-3962,3955,3965,3955,-3962,3958,-3961,3955,-3963,3957,-3962,3953,-3965,3953,3966,3955,-3966,3954,-3966,3955,-3965,3952,-3963,3957,3966,3952,-3966,3951,-3966,3952,-3967,3952,-3967,3950,-3965,3952,-3964,3953,-3964,3957,-3965,3953,3962,3953,-3963,3953,-3960,-0.03,SJNFAAZE1U0005576,117.82,13.04,9123.3486328125,79,75,0,0,0,0,15.5,99.17,-172623,100,1528028250.595,11320,2,1,0,5,0,0,0,0,4,380.31,380.31,7F,1,1,1,0080,71,40,40,0,0,19,25.00
03/06/2018 13:17:33,55 59.40535,-2 30.55496,239,0,411,812474,1144818,379.30,64.849,3960,3942,3951,18,0,111.2,44.0,106.7,41.5,none,none,97.9,36.6,-3953,3950,-3955,3948,-3956,3949,-3954,3949,-3956,3949,-3955,3950,-3956,3948,-3956,3949,-3956,3949,-3956,3950,-3956,3949,-3955,3951,-3957,3949,-3957,3949,3955,-3952,-3955,3951,3955,-3950,3955,-3953,3954,-3949,3955,3949,3954,-3949,3957,-3952,3954,-3950,3954,-3947,3952,3944,3953,-3948,-3953,3947,-3955,-3946,-3954,3945,-3957,3944,-3953,3942,-3957,3944,-3958,3947,-3956,3946,-3957,3946,-3955,3946,-3960,3942,-3957,3942,-3956,3942,-3958,3942,-3958,3943,-3956,3944,-3953,3943,-3955,3944,-3955,3948,-3952,3945,-3953,3945,-3953,3944,-0.05,SJNFAAZE1U0005576,117.82,13.04,9123.3486328125,79,75,0,0,0,0,15.5,99.17,-172623,100,1528028253.936,18640,2,1,0,5,0,0,0,0,4,379.42,379.42,7F,1,1,1,0080,71,40,40,0,0,19,35.75
03/06/2018 13:17:37,55 59.40535,-2 30.55496,239,0,411,811941,1144818,379.20,60.943,3959,3942,3950,17,0,111.2,44.0,106.7,41.5,none,none,97.9,36.6,-3953,3949,-3954,3947,-3956,3949,-3955,3949,-3953,3950,-3955,3950,-3956,3950,-3955,3949,-3954,3950,-3955,3950,-3956,3949,-3956,3952,-3956,3949,-3957,3949,-3954,3951,-3955,3951,-3955,3950,-3953,3952,-3954,3950,-3954,3949,-3954,3949,-3956,3952,-3954,3949,-3953,3947,-3951,3944,-3953,3946,-3953,3947,-3954,3945,-3953,3946,-3956,3944,-3953,3944,-3957,3945,-3958,3947,-3956,3944,-3956,3946,-3955,3945,-3959,3942,-3957,3942,-3956,3944,-3958,3943,-3957,3943,-3955,3944,-3954,3944,-3955,3943,-3954,3948,-3952,3944,-3954,3945,-3952,3944,-0.04,SJNFAAZE1U0005576,117.82,13.04,9123.3486328125,79,75,0,0,0,0,15.5,99.17,-172623,100,1528028257.425,18640,2,1,0,5,0,0,0,0,4,379.31,379.31,7F,1,1,1,0080,71,40,40,0,0,19,30.00
03/06/2018 13:17:40,55 59.40535,-2 30.55496,239,0,411,811442,1144818,379.39,52.459,3961,3943,3952,18,0,110.9,43.9,106.7,41.5,none,none,97.7,36.5,-3954,3951,-3955,3948,-3959,3950,-3956,3949,-3955,3950,-3956,3952,-3958,3951,-3957,3950,-3957,3951,-3957,3951,-3958,3949,-3956,3952,-3958,3951,-3958,3951,-3955,3952,-3955,3952,-3956,3952,-3956,3953,-3955,3950,-3956,3950,-3956,3950,-3958,3954,-3956,3951,-3955,3949,-3953,3944,-3955,3948,-3955,3948,-3956,3947,-3956,3946,-3957,3945,-3954,3944,-3957,3946,-3958,3948,-3957,3946,-3958,3947,-3956,3947,-3961,3943,-3958,3944,-3958,3944,-3960,3944,-3959,3944,-3957,3945,-3955,3945,-3956,3947,-3956,3948,-3953,3946,-3956,3946,-3955,3945,-0.07,SJNFAAZE1U0005576,117.82,13.04,9123.3486328125,79,75,0,0,0,0,15.5,99.17,-172623,100,1528028260.947,17080,2,1,0,5,0,0,0,0,4,379.41,379.41,7F,1,1,1,0080,71,40,40,0,0,19,25.25
03/06/2018 13:17:44,55 59.40535,-2 30.55496,239,0,410,811011,1144818,379.49,48.095,3962,3945,3953,17,0,110.9,43.9,106.7,41.5,none,none,97.7,36.5,-3956,3953,-3956,3950,-3958,3951,-3958,3950,-3956,3951,-3956,3953,-3959,3952,-3958,3951,-3957,3953,-3957,3952,-3958,3952,-3958,3953,-3959,3952,-3959,3952,-3957,3954,-3958,3954,-3957,3953,-3956,3954,-3957,3951,-3957,3951,-3957,3952,-3960,3955,-3957,3952,-3956,3950,-3955,3947,-3957,3950,-3956,3948,-3957,3949,-3956,3948,-3959,3946,-3956,3945,-3958,3947,-3960,3949,-3958,3948,-3958,3949,-3957,3948,-3962,3946,-3959,3945,-3960,3945,-3960,3946,-3959,3946,-3959,3946,-3955,3947,-3958,3948,-3957,3951,-3954,3947,-3956,3947,-3955,3947,-0.05,SJNFAAZE1U0005576,117.82,13.04,9123.3486328125,79,75,0,0,0,0,15.5,99.17,-172623,100,1528028264.331,15560,2,1,0,5,0,0,0,0,4,379.48,379.48,7F,1,1,1,0080,71,40,40,0,0,19,22.75
03/06/2018 13:17:47,55 59.40535,-2 30.55496,239,0,410,810650,1144818,379.68,43.120,3962,3946,3955,16,0,111.2,44.0,106.7,41.5,none,none,97.9,36.6,-3958,3956,-3959,3952,-3961,3955,-3959,3954,-3959,3954,-3959,3955,-3960,3955,-3960,3954,-3959,3955,-3960,3954,-3960,3953,-3961,3956,-3961,3954,-3960,3953,-3959,3955,-3959,3955,-3959,3955,-3958,3956,-3958,3953,-3958,3953,-3958,3954,-3962,3956,-3959,3954,-3958,3953,-3956,3950,-3958,3951,-3958,3950,-3959,3951,-3959,3950,-3961,3950,-3958,3948,-3961,3948,-3962,3951,-3959,3949,-3961,3951,-3959,3950,-3962,3947,-3962,3947,-3961,3947,-3962,3946,-3961,3948,-3960,3947,-3957,3948,-3960,3949,-3960,3952,-3956,3949,-3959,3950,-3957,3948,-0.06,SJNFAAZE1U0005576,117.82,13.04,9124.9580078125,79,75,0,0,0,0,15.5,99.17,-172623,100,1528028267.629,13280,2,1,0,5,0,0,0,0,4,379.58,379.58,7F,1,1,1,0080,71,40,40,0,0,19,21.00
03/06/2018 13:17:50,55 59.40535,-2 30.55496,239,0,410,810328,1144818,379.78,36.040,3964,3946,3956,18,0,111.2,44.0,106.7,41.5,none,none,97.9,36.6,3955,-3964,3952,3960,3955,3959,3958,-3958,3953,-3961,3953,-3960,3955,3962,3953,-3962,-3953,3961,-3954,3961,-3954,3961,-3954,3962,-3953,3963,-3953,3963,3954,-3961,3955,3961,3956,-3960,3954,-3961,3954,-3960,3953,-3960,3955,-3959,3958,3963,3955,-3960,3954,-3956,3951,-3958,3951,-3962,3952,3959,3954,-3958,3951,-3958,3953,-3957,3950,-3961,3949,-3962,3952,-3963,3950,-3963,3953,-3961,3950,3961,3952,-3963,3948,-3962,3947,-3962,3948,-3963,3948,3963,3946,-3961,3948,-3960,3950,-3961,3952,-3962,3950,-3960,3951,-3959,3949,-3956,-0.08,SJNFAAZE1U0005576,117.82,13.04,9124.9580078125,79,75,0,0,0,0,15.5,99.17,-172623,100,1528028270.962,12240,2,1,0,5,0,0,0,0,4,379.85,379.85,7F,1,1,1,0080,71,40,40,0,0,19,17.50
03/06/2018 13:17:54,55 59.40535,-2 30.55496,239,0,410,810054,1144818,379.97,33.019,3966,3949,3958,17,0,111.2,44.0,106.7,41.5,none,none,97.9,36.6,3957,3966,3955,-3962,3957,3960,3959,-3960,3956,-3962,3955,-3962,3957,-3964,3956,-3963,3956,-3963,3956,3963,3958,-3961,3956,-3963,3957,-3965,3955,-3964,3956,3962,3958,-3963,3958,-3961,3958,-3962,3957,-3961,3956,-3961,3957,-3960,3960,-3964,3957,-3961,3955,3958,3955,-3959,3953,-3962,3954,-3960,3958,-3959,3956,3960,3956,-3959,3952,-3962,3952,-3962,3954,-3965,3953,-3963,3955,-3963,3953,-3961,3956,-3963,3950,3963,3949,-3964,3952,-3964,3952,-3964,3949,-3963,3952,-3962,3952,3961,3956,-3963,3953,-3960,3954,-3961,3952,-3959,-0.07,SJNFAAZE1U0005576,117.82,13.04,9124.9580078125,79,75,0,0,0,0,15.5,99.17,-172623,100,1528028274.265,10160,2,1,0,5,0,0,0,0,4,379.93,379.93,7F,1,1,1,0080,71,40,40,0,0,19,13.75
03/06/2018 13:17:57,55 59.40535,-2 30.55496,239,0,410,809825,1144818,379.97,29.876,3968,3949,3958,19,0,110.9,43.9,106.7,41.5,none,none,97.9,36.6,3956,-3967,3954,-3963,3956,3962,3958,-3961,3957,-3963,3956,-3963,3956,-3964,3955,-3964,3956,-3964,3956,-3964,3956,-3963,3957,3963,3956,-3965,3955,-3964,3955,-3964,3957,-3962,3957,3962,3957,-3963,3956,-3962,3955,-3962,3957,-3962,3961,-3965,3956,-3962,3957,-3958,3954,-3961,3952,3963,3954,-3961,3957,-3960,3954,-3962,3955,-3961,3951,-3964,3952,3963,3954,-3968,3951,-3963,3954,-3964,3952,-3963,3953,3965,3949,-3965,3949,-3965,3950,-3965,3951,-3965,3950,-3964,3951,-3963,3952,-3962,3955,-3965,3952,3962,3952,-3963,3951,-3959,-0.11,SJNFAAZE1U0005576,117.82,13.04,9124.9580078125,79,75,0,0,0,0,15.5,99.17,-172623,100,1528028277.544,8880,2,1,0,5,0,0,0,0,4,380.05,380.05,7F,1,1,1,0080,71,40,40,0,0,19,11.50
03/06/2018 13:18:00,55 59.40535,-2 30.55496,239,0,410,809602,1144818,380.26,23.467,3969,3951,3961,18,0,111.2,44.0,106.7,41.5,none,none,97.9,36.6,3960,-3968,3957,-3966,3960,3963,3962,-3963,3959,3965,3959,-3965,3959,-3967,3958,-3967,3958,-3966,3958,-3966,3960,-3965,3958,-3967,3959,-3969,3958,3967,3959,-3965,3960,-3965,3962,-3964,3960,-3965,3960,-3965,3959,3965,3960,-3964,3964,-3967,3960,-3965,3960,-3961,3958,3963,3957,-3965,3957,-3964,3960,-3964,3956,-3964,3958,-3963,3954,-3967,3955,-3968,3956,-3969,3955,3967,3957,-3967,3955,-3965,3956,-3968,3953,-3968,3953,3968,3954,-3968,3954,-3967,3951,-3965,3955,-3965,3955,-3965,3959,-3967,3956,-3965,3956,-3966,3954,3961,-0.09,SJNFAAZE1U0005576,117.82,13.04,9124.9580078125,79,75,0,0,0,0,15.5,99.17,-172623,100,1528028280.953,7560,2,1,0,5,0,0,0,0,4,380.29,380.29,7F,1,1,1,0080,71,40,40,0,0,19,8.50
03/06/2018 13:18:04,55 59.40535,-2 30.55496,239,0,410,809450,1144818,380.45,17.059,3972,3953,3963,19,0,110.9,43.9,106.7,41.5,none,none,97.7,36.5,3960,-3972,3959,3968,3961,3965,3964,-3965,3961,-3967,3961,-3967,3961,-3969,3960,3969,3960,-3967,3961,-3968,3961,-3967,3961,-3967,3961,3970,3960,-3969,3961,-3968,3962,-3967,3963,-3966,3962,-3966,3961,-3967,3960,-3967,3962,-3966,3965,3969,3962,-3966,3961,-3963,3958,-3966,3958,-3968,3958,3965,3960,-3964,3957,-3966,3960,-3965,3956,-3967,3956,-3969,3958,-3971,3958,-3969,3957,-3969,3957,3967,3958,-3970,3954,-3970,3953,-3969,3954,-3969,3955,3970,3954,-3968,3954,-3966,3956,-3967,3960,-3968,3955,-3965,3956,-3967,3956,-3963,-0.11,SJNFAAZE1U0005576,117.82,13.04,9124.9580078125,79,75,0,0,0,0,15.5,99.17,-172623,100,1528028284.398,5920,2,1,0,5,0,0,0,0,4,380.49,380.49,7F,1,1,1,0080,71,40,40,0,0,19,7.00
03/06/2018 13:18:07,55 59.40535,-2 30.55496,239,0,410,809486,1144818,381.98,-28.869,3987,3971,3979,16,0,110.9,43.9,106.5,41.4,none,none,97.7,36.5,3984,3980,3984,-3976,-3986,3977,-3983,-3977,-3983,3976,-3983,3977,-3984,3977,-3984,3976,-3983,3976,-3983,3977,-3984,3976,-3984,3978,-3985,3977,-3985,3975,-3983,3977,-3983,3978,-3984,3977,-3982,3979,-3982,3977,-3983,3977,-3983,3977,-3986,3980,-3983,3978,-3984,3976,-3982,3975,-3985,3976,-3984,3977,-3985,3975,-3983,3974,-3987,3973,-3985,3972,-3985,3972,-3987,3976,-3986,3973,-3985,3974,-3984,3974,-3983,3971,-3987,3971,-3985,3971,-3986,3971,3986,-3971,3985,3971,3983,-3972,3983,3974,3986,-3978,3982,-3974,3984,-3974,3983,-3973,-0.13,SJNFAAZE1U0005576,117.82,13.04,9124.9580078125,79,75,0,0,0,0,15.5,99.17,-172624,100,1528028287.713,0,2,1,0,5,0,0,0,0,4,381.99,381.99,7F,1,1,1,0080,71,40,40,0,0,19,-45.00
03/06/2018 13:18:10,55 59.40535,-2 30.55496,239,0,410,810039,1144818,384.38,-86.028,4013,3994,4004,19,0,110.9,43.9,106.7,41.5,none,none,97.7,36.5,-4010,4005,-4008,4000,-4009,4000,-4007,3999,-4008,4000,-4007,3999,-4009,3999,-4008,4001,-4007,3999,-4007,4000,-4008,3999,-4008,4001,-4008,4001,-4010,3999,-4008,3999,-4006,4001,-4008,4000,-4006,4003,-4006,4000,-4007,4000,-4009,3999,-4011,4003,-4009,4001,-4010,3999,-4009,4000,-4011,4001,-4011,4001,-4011,4000,-4009,3998,-4013,3998,-4013,3997,-4011,3997,-4012,3999,-4010,3999,-4010,3997,-4010,3997,-4008,3996,-4013,3995,-4013,3994,-4010,3997,-4011,3995,-4011,3997,-4009,3997,-4007,4000,-4012,4002,-4008,3999,-4009,3999,-4009,3998,-0.16,SJNFAAZE1U0005576,117.82,13.04,9124.9580078125,79,75,0,0,0,0,15.5,99.17,-172647,100,1528028290.902,0,2,1,0,5,0,0,0,0,4,384.22,384.22,7F,1,1,1,0080,71,40,40,0,0,19,-66.75
03/06/2018 13:18:14,55 59.40535,-2 30.55496,239,0,410,810712,1144818,384.77,-83.098,4016,3999,4008,17,0,111.2,44.0,106.5,41.4,none,none,97.7,36.5,-4016,4010,-4011,4005,-4013,4005,-4010,4004,-4010,4005,-4010,4005,-4011,4005,-4011,4005,-4011,4003,-4009,4004,-4011,4005,-4010,4005,-4010,4007,-4011,4004,-4011,4005,-4010,4005,-4010,4006,-4009,4006,-4010,4005,-4009,4004,-4010,4005,-4013,4008,-4011,4006,-4013,4004,-4013,4006,-4015,4007,-4015,4007,-4015,4005,-4012,4002,-4016,4004,-4014,4002,-4013,4002,-4014,4005,-4013,4003,-4012,4003,-4012,4002,-4012,4002,-4016,4000,-4015,3999,-4013,4001,-4014,4001,-4013,4003,-4011,4003,-4011,4004,-4015,4007,-4011,4003,-4013,4004,-4012,4004,-0.12,SJNFAAZE1U0005576,117.82,13.04,9124.9580078125,79,75,0,0,0,0,15.5,99.17,-172675,100,1528028294.131,0,2,1,0,5,0,0,0,0,4,384.66,384.66,7F,1,1,1,0080,71,40,40,0,0,19,-107.00
03/06/2018 13:18:17,55 59.40535,-2 30.55496,239,0,410,811310,1144818,383.81,-48.217,4007,3989,3998,18,0,111.2,44.0,106.5,41.4,none,none,97.9,36.6,-4006,4000,-4003,3995,-4005,3995,-4002,3995,-4003,3995,-4003,3995,-4003,3995,-4002,3994,-4001,3995,-4002,3995,-4003,3994,-4002,3996,-4002,3995,-4003,3994,-4001,3996,-4002,3997,-4001,3996,-4000,3998,-4001,3994,-4001,3994,-4001,3996,-4006,3999,-4002,3996,-4004,3994,-4003,3994,-4006,3995,-4004,3997,-4006,3995,-4003,3993,-4007,3993,-4005,3993,-4006,3992,-4006,3994,-4005,3993,-4005,3994,-4005,3992,-4002,3990,-4007,3989,-4004,3990,-4006,3990,-4006,3990,-4007,3991,-4003,3992,-4003,3993,-4007,3999,-4002,3993,-4006,3993,-4003,3993,-0.14,SJNFAAZE1U0005576,117.82,13.04,9124.9580078125,79,75,0,0,0,0,15.5,99.17,-172700,100,1528028297.361,0,2,1,0,5,0,0,0,0,4,384.18,384.18,7F,1,1,1,0080,72,40,40,0,0,19,-118.75
03/06/2018 13:18:20,55 59.40535,-2 30.55496,239,0,411,811420,1144818,382.46,0.488,3992,3976,3984,16,0,110.9,43.9,106.5,41.4,none,none,97.7,36.5,-3989,3986,-3987,3983,-3990,3983,-3988,3982,-3987,3983,-3988,3983,-3988,3983,-3987,3982,-3988,3983,-3987,3982,-3988,3982,-3988,3984,-3988,3982,-3988,3982,-3987,3984,-3987,3984,-3988,3983,-3986,3985,-3987,3983,-3987,3983,-3987,3982,-3991,3986,-3988,3984,-3988,3981,-3988,3980,-3989,3983,-3989,3981,-3991,3981,-3987,3981,-3992,3980,-3988,3978,-3988,3979,-3991,3983,-3990,3980,-3990,3981,-3989,3980,-3989,3978,-3991,3978,-3990,3976,-3990,3978,-3990,3978,-3989,3979,-3987,3979,-3988,3978,-3990,3984,-3987,3980,-3989,3980,-3987,3979,-0.12,SJNFAAZE1U0005576,117.82,13.04,9124.9580078125,79,75,0,0,0,0,15.5,99.17,-172704,100,1528028300.646,0,2,1,0,5,0,0,0,0,4,382.59,382.59,7F,1,1,1,0080,72,40,40,0,0,19,4.75
03/06/2018 13:18:24,55 59.40535,-2 30.55496,239,0,410,811236,1144818,379.78,77.636,3964,3947,3956,17,0,110.9,43.9,106.7,41.5,none,none,97.7,36.5,3954,-3963,3952,-3959,3955,3959,3957,-3958,3954,-3961,3955,-3960,3954,-3961,3954,-3961,3954,-3962,3954,-3961,3955,-3960,3955,3962,3954,-3963,3953,-3961,3954,-3960,3955,-3960,-3957,3959,-3955,3960,-3954,3959,-3953,3960,-3955,3958,-3959,3963,-3955,3960,-3955,3956,-3951,3956,-3950,3960,-3951,3957,-3955,3957,-3953,3958,-3954,3957,-3948,3959,-3949,3960,-3951,3964,-3950,3960,-3952,3961,-3950,3959,-3953,3960,-3948,3961,3947,-3961,3949,3962,3950,-3962,3948,-3960,3949,-3959,3950,-3957,3952,-3961,3950,3959,3951,-3959,3950,-3957,-0.19,SJNFAAZE1U0005576,117.82,13.04,9124.9580078125,79,75,0,0,0,0,15.5,99.17,-172704,100,1528028304.181,22080,2,1,0,5,0,0,0,0,4,380.13,380.13,7F,1,1,1,0080,72,40,40,0,0,19,163.25
03/06/2018 13:18:27,55 59.40535,-2 30.55496,239,0,410,810537,1144818,379.58,71.044,3963,3943,3954,20,0,110.9,43.9,106.5,41.4,none,none,97.7,36.5,3952,-3963,3949,-3959,3951,3958,3954,-3956,3951,3960,3950,-3959,3952,-3960,3950,-3960,3951,-3960,3951,-3959,3951,-3958,3951,-3959,3951,-3963,3949,-3962,3950,-3959,3953,-3959,3954,-3958,3951,-3958,3953,-3958,3953,3959,3952,-3958,3955,-3961,3951,-3958,3950,-3953,3949,3957,3948,-3960,3949,-3956,3951,-3956,3948,-3957,3949,-3957,3947,-3959,3948,-3961,3948,-3962,3947,3959,3949,-3959,3947,-3958,3955,-3961,3944,-3961,3944,3962,3946,-3961,3944,-3961,3943,-3958,3947,-3959,3948,-3959,3950,-3959,3946,-3957,3947,-3957,3945,3954,-0.18,SJNFAAZE1U0005576,117.82,13.04,9124.9580078125,79,75,0,0,0,0,15.5,99.17,-172704,100,1528028307.797,22280,2,1,0,5,0,0,0,0,4,379.58,379.58,7F,1,1,1,0080,73,40,40,0,0,19,83.75
03/06/2018 13:18:31,55 59.40535,-2 30.55496,239,0,410,810001,1144818,379.49,68.328,3961,3943,3953,18,0,110.9,43.9,106.5,41.4,none,none,97.9,36.6,3950,-3961,3949,3957,3952,3957,3954,-3956,3950,-3958,3950,-3957,3952,-3958,3949,3959,3950,-3958,3950,-3959,3951,-3958,3951,-3959,3951,3961,3951,-3959,3951,-3959,3954,-3958,3954,-3957,3952,-3959,3952,-3958,3952,-3957,3952,-3957,3955,3959,3951,-3956,3951,-3952,3948,-3955,3947,-3959,3948,3955,3951,-3955,3949,-3956,3951,-3955,3946,-3957,3947,-3960,3948,-3961,3947,-3958,3949,-3958,3946,3958,3951,-3960,3945,-3959,3943,-3960,3946,-3960,3945,3960,3943,-3958,3945,-3958,3947,-3957,3950,-3958,3946,-3956,3948,-3957,3945,-3954,-0.18,SJNFAAZE1U0005576,117.82,13.04,9124.9580078125,79,75,0,0,0,0,15.5,99.17,-172704,100,1528028311.348,19160,2,1,0,5,0,0,0,0,4,379.50,379.50,7F,1,1,1,0080,74,40,40,0,0,19,2.25
03/06/2018 13:18:34,55 59.40535,-2 30.55496,239,0,410,810092,1144818,382.18,-21.483,3990,3971,3981,19,0,110.9,43.9,106.7,41.5,none,none,97.7,36.5,3982,3990,3977,-3986,3980,3984,3980,-3983,3978,-3985,3978,-3984,3978,-3987,3978,-3986,3977,-3986,3978,3985,3978,-3984,3978,-3985,3979,-3987,3978,-3986,3977,3984,3980,-3985,3979,-3984,3979,-3984,3979,-3983,3978,-3983,3980,-3984,3982,-3987,3980,-3986,3981,3981,3978,-3984,3978,-3987,3978,-3985,3982,-3983,3976,3982,3981,-3984,3977,-3986,3974,-3986,3977,-3989,3974,-3986,3976,-3986,3976,-3985,3974,-3988,3973,3988,3971,-3988,3973,-3988,3973,-3987,3972,-3986,3974,3985,3975,-3984,3979,-3988,3976,-3984,3977,-3986,3975,-3981,-0.16,SJNFAAZE1U0005576,117.82,13.04,9124.9580078125,79,75,0,0,0,0,15.5,99.17,-172708,100,1528028314.965,0,2,1,0,6,0,0,0,0,4,382.43,382.43,7F,1,1,1,0080,74,40,40,0,0,19,80.25
03/06/2018 13:18:38,55 59.40535,-2 30.55496,239,0,410,809616,1144818,380.74,7.262,3974,3956,3966,18,0,110.9,43.9,106.7,41.5,none,none,97.7,36.5,3965,-3974,3962,-3970,3965,3969,3965,-3967,3964,-3970,3963,-3969,3963,-3970,3963,-3970,3963,-3971,3963,-3971,3963,-3970,3963,3969,3963,-3972,3962,-3972,3962,-3969,3964,-3969,3966,3969,3963,-3969,3964,-3969,3963,-3969,3966,-3969,3967,-3972,3965,-3970,3963,-3965,3962,-3968,3961,3970,3962,-3969,3964,-3968,3961,-3969,3964,-3968,3959,3971,3960,-3970,3961,-3974,3960,-3971,3961,-3972,3960,-3969,3961,-3973,3958,-3972,3956,-3974,3957,-3973,3958,-3973,3956,-3971,3959,-3969,3960,-3969,3963,-3972,3960,3968,3959,-3970,3960,-3967,-0.17,SJNFAAZE1U0005576,117.82,13.04,9124.9580078125,79,75,0,0,0,0,15.5,99.17,-172708,100,1528028318.514,17280,2,1,0,6,0,0,0,0,4,380.98,380.98,7F,1,1,1,0080,74,40,40,0,0,19,70.00
03/06/2018 13:18:41,55 59.40535,-2 30.55496,239,0,409,808988,1144818,377.95,105.122,3946,3927,3937,19,0,111.2,44.0,106.5,41.4,none,none,97.7,36.5,-3938,3937,-3941,3933,-3941,3935,-3941,3935,-3940,3935,-3940,3937,-3942,3935,-3942,3935,-3942,3936,-3944,3936,-3943,3935,-3942,3937,-3943,3935,-3944,3935,-3941,3937,-3942,3938,-3942,3936,-3942,3938,-3940,3936,-3941,3935,-3942,3935,-3944,3939,-3939,3936,-3940,3934,-3935,3929,-3938,3931,-3938,3931,-3940,3932,-3941,3930,-3942,3929,-3938,3929,-3942,3929,-3944,3931,-3943,3934,-3943,3932,-3940,3931,-3946,3927,-3943,3929,-3942,3928,-3945,3930,-3945,3929,-3942,3930,-3940,3929,-3941,3930,-3939,3933,-3938,3931,-3940,3929,-3939,3929,-0.18,SJNFAAZE1U0005576,117.82,13.04,9124.9580078125,79,75,0,0,0,0,15.5,99.17,-172708,100,1528028321.928,30840,2,1,0,6,0,0,0,0,4,378.02,378.02,7F,1,1,1,0080,75,40,40,0,0,19,87.00
03/06/2018 13:18:45,55 59.40535,-2 30.55496,239,0,409,807983,1144818,376.70,125.459,3937,3916,3924,21,0,110.9,43.9,106.7,41.5,none,none,97.9,36.6,-3927,3924,-3928,3922,-3928,3925,-3928,3924,-3928,3924,-3928,3925,-3930,3924,-3930,3924,-3930,3926,-3929,3925,-3929,3924,-3930,3926,-3932,3925,-3931,3924,-3928,3926,-3929,3926,-3929,3926,-3929,3926,-3929,3925,-3929,3924,-3929,3923,-3931,3926,-3927,3923,-3925,3922,-3924,3917,-3925,3919,-3924,3919,-3928,3919,-3925,3919,-3929,3917,-3925,3917,-3930,3920,-3931,3921,-3929,3917,-3930,3919,-3927,3919,-3937,3916,-3929,3917,-3928,3917,-3932,3917,-3931,3917,-3929,3917,-3926,3917,-3930,3919,-3927,3920,-3926,3916,-3927,3917,-3926,3918,-0.18,SJNFAAZE1U0005576,117.82,13.04,9124.9580078125,79,75,0,0,0,0,15.5,99.17,-172708,100,1528028325.450,36720,2,1,0,6,0,0,0,0,4,376.89,376.89,7F,1,1,1,0080,75,40,40,0,0,19,83.25
03/06/2018 13:18:48,55 59.40535,-2 30.55496,239,0,408,807011,1144818,376.99,104.353,3938,3920,3927,18,0,111.2,44.0,106.7,41.5,none,none,97.9,36.6,-3928,3927,-3929,3925,-3931,3928,-3930,3927,-3931,3928,-3930,3929,-3932,3928,-3932,3928,-3931,3928,-3932,3928,-3932,3928,-3933,3929,-3933,3928,-3933,3927,-3932,3929,-3930,3930,-3931,3928,-3931,3930,-3931,3929,-3931,3928,-3931,3927,-3933,3930,-3930,3928,-3928,3924,-3926,3921,-3926,3923,-3928,3923,-3928,3923,-3929,3923,-3931,3921,-3928,3920,-3931,3922,-3932,3925,-3930,3923,-3931,3922,-3929,3924,-3938,3921,-3931,3921,-3930,3921,-3932,3920,-3931,3922,-3929,3922,-3928,3921,-3932,3922,-3928,3923,-3926,3922,-3928,3921,-3927,3921,-0.18,SJNFAAZE1U0005576,117.82,13.04,9124.9580078125,79,75,0,0,0,0,15.5,99.17,-172708,100,1528028328.922,32680,2,1,0,5,0,0,0,0,4,377.09,377.09,7F,1,1,1,0080,76,40,40,0,0,19,58.75
03/06/2018 13:18:52,55 59.40535,-2 30.55496,239,0,408,806184,1144818,377.57,81.634,3942,3924,3933,18,0,111.2,44.0,106.7,41.5,none,none,97.9,36.6,-3935,3932,-3936,3929,-3938,3931,-3937,3931,-3936,3933,-3937,3933,-3938,3932,-3938,3932,-3938,3933,-3938,3932,-3938,3931,-3938,3933,-3939,3932,-3940,3931,-3938,3935,-3937,3934,-3937,3933,-3937,3935,-3936,3932,-3937,3932,-3937,3933,-3939,3935,-3936,3932,-3933,3929,-3933,3925,-3935,3929,-3935,3928,-3935,3927,-3935,3927,-3938,3925,-3935,3926,-3939,3927,-3941,3930,-3936,3927,-3939,3930,-3937,3927,-3942,3924,-3940,3924,-3938,3926,-3941,3925,-3940,3925,-3937,3927,-3935,3927,-3939,3926,-3937,3930,-3934,3926,-3936,3926,-3934,3926,-0.20,SJNFAAZE1U0005576,117.82,13.04,9124.9580078125,79,75,0,0,0,0,15.5,99.17,-172708,100,1528028332.363,26000,2,1,0,5,0,0,0,0,4,377.51,377.51,7F,1,1,1,0080,76,40,40,0,0,19,40.75
03/06/2018 13:18:55,55 59.40535,-2 30.55496,239,0,408,805538,1144818,377.38,81.542,3939,3922,3931,17,0,111.2,44.0,106.7,41.5,none,none,97.9,36.6,-3933,3931,-3934,3928,-3934,3931,-3935,3929,-3934,3931,-3934,3931,-3936,3931,-3936,3930,-3934,3931,-3935,3931,-3936,3931,-3935,3932,-3937,3931,-3936,3929,-3935,3932,-3935,3932,-3934,3931,-3935,3933,-3934,3930,-3934,3930,-3934,3930,-3937,3933,-3933,3930,-3932,3927,-3930,3924,-3931,3927,-3930,3926,-3933,3925,-3933,3925,-3935,3925,-3932,3924,-3935,3926,-3936,3928,-3935,3927,-3936,3928,-3934,3927,-3939,3922,-3935,3924,-3934,3924,-3938,3924,-3937,3925,-3934,3925,-3933,3925,-3935,3927,-3934,3928,-3931,3925,-3933,3925,-3931,3925,-0.21,SJNFAAZE1U0005576,117.82,13.04,9124.9580078125,79,75,0,0,0,0,15.5,99.17,-172708,100,1528028335.797,24080,2,1,0,5,0,0,0,0,4,377.50,377.50,7F,1,1,1,0080,76,40,40,0,0,19,33.25
03/06/2018 13:18:59,55 59.40535,-2 30.55496,239,0,407,805098,1144818,379.01,33.843,3956,3939,3948,17,0,111.2,44.0,106.7,41.5,none,none,97.9,36.6,3946,-3954,3944,3951,3947,3951,3949,-3950,3946,-3953,3946,-3952,3947,3955,3946,-3953,3947,-3953,3946,-3953,3946,-3952,3947,-3952,3946,-3956,3945,-3954,3946,-3952,3948,3952,3948,-3950,3948,-3952,3948,-3952,3946,-3951,3948,3951,3949,-3954,3946,-3951,3945,-3948,3944,-3949,3944,-3952,3944,3949,3947,-3949,3944,-3950,3946,-3949,3941,-3950,3942,-3953,3944,-3955,3943,-3951,3943,-3952,3942,3951,3945,-3953,3941,-3953,3940,-3953,3941,-3952,3940,3954,3939,-3951,3941,-3951,3942,-3951,3944,-3953,3941,-3949,3942,-3951,3941,-3948,-0.21,SJNFAAZE1U0005576,117.82,13.04,9124.9580078125,79,75,0,0,0,0,15.5,99.17,-172708,100,1528028339.347,10720,2,1,0,5,0,0,0,0,4,378.95,378.95,7F,1,1,1,0080,76,40,40,0,0,19,14.75
03/06/2018 13:19:02,55 59.40535,-2 30.55496,239,0,407,804814,1144818,379.20,31.463,3958,3940,3950,18,0,111.2,44.0,106.7,41.5,none,none,97.9,36.6,3948,-3958,3945,-3954,3948,3952,3951,3952,3948,-3954,3947,-3954,3948,-3957,3947,-3957,3948,3955,3947,-3956,3948,-3955,3947,-3956,3948,-3958,3946,-3956,3948,-3954,3949,-3955,3949,-3954,3949,3955,3948,-3954,3948,-3954,3949,-3953,3951,-3957,3948,3953,3947,-3950,3945,-3952,3945,-3955,3945,-3952,3947,-3951,3946,3953,3947,-3952,3942,-3955,3944,-3956,3944,-3957,3943,-3955,3946,-3956,3943,-3954,3946,-3956,3942,3956,3941,-3956,3943,-3957,3942,-3958,3940,-3954,3943,3955,3944,-3954,3946,-3955,3943,-3954,3945,-3953,3943,-3951,-0.23,SJNFAAZE1U0005576,117.82,13.04,9124.9580078125,79,75,0,0,0,0,15.5,99.17,-172708,100,1528028342.905,9800,2,1,0,5,0,0,0,0,4,379.14,379.14,7F,1,1,1,0080,77,40,40,0,0,19,14.25
03/06/2018 13:19:06,55 59.40535,-2 30.55496,239,0,407,804571,1144818,379.30,28.075,3959,3940,3951,19,0,111.5,44.1,106.9,41.6,none,none,97.9,36.6,3949,-3959,3946,-3954,3950,3955,3950,-3953,3949,-3956,3948,3956,3949,-3958,3947,-3956,3948,-3957,3948,-3956,3951,3955,3948,-3957,3949,-3958,3948,-3957,3948,-3956,3950,-3956,3951,3954,3949,-3955,3950,-3954,3949,-3953,3950,-3954,3952,-3958,3948,-3955,3948,-3950,3946,-3953,3946,3956,3946,-3952,3949,-3953,3946,-3954,3948,-3953,3943,3954,3945,-3957,3946,-3959,3944,-3956,3948,-3956,3944,-3955,3946,-3957,3941,-3957,3940,-3957,3943,3957,3944,-3958,3941,-3956,3943,-3955,3945,-3955,3947,3956,3945,-3954,3946,-3954,3942,-3951,-0.21,SJNFAAZE1U0005576,117.82,13.04,9124.9580078125,79,75,0,0,0,0,15.5,99.17,-172708,100,1528028346.303,8680,2,1,0,5,0,0,0,0,4,379.34,379.34,7F,1,1,1,0080,77,40,40,0,0,19,11.00
03/06/2018 13:19:09,55 59.40535,-2 30.55496,239,0,407,804356,1144818,379.39,21.605,3961,3944,3952,17,0,111.2,44.0,106.7,41.5,none,none,98.2,36.8,3951,-3961,3949,-3957,3952,3956,3953,-3954,3951,-3956,3951,-3956,3951,-3958,3950,-3958,3950,-3957,3951,-3958,3951,-3957,3950,-3957,3951,-3959,3950,3959,3951,-3956,3952,-3957,3952,-3957,3952,-3957,3952,3956,3951,-3955,3951,-3955,3954,-3959,3952,-3956,3951,-3953,3948,-3954,3947,-3957,3950,-3954,3951,3954,3949,-3955,3950,-3953,3946,-3957,3948,-3957,3949,3959,3947,-3958,3949,-3957,3946,-3956,3950,-3959,3945,-3958,3945,-3958,3946,-3957,3946,-3958,3944,3957,3946,-3955,3947,-3956,3950,-3957,3947,-3955,3948,3956,3946,-3952,-0.23,SJNFAAZE1U0005576,117.82,13.04,9124.9580078125,79,75,0,0,0,0,15.5,99.17,-172708,100,1528028349.902,7640,2,1,0,5,0,0,0,0,4,379.56,379.56,7F,1,1,1,0080,77,40,40,0,0,19,8.75
03/06/2018 13:19:13,55 59.40535,-2 30.55496,239,0,407,804162,1144818,379.68,21.392,3963,3947,3955,16,0,111.5,44.1,106.9,41.6,none,none,98.2,36.8,3954,-3963,3952,3959,3955,3959,3955,-3957,3955,-3959,3954,-3959,3954,3961,3953,-3960,3953,-3960,3953,-3960,3955,-3960,3954,-3959,3956,-3963,3953,-3961,3954,-3959,3955,3960,3957,-3959,3955,-3961,3954,-3959,3954,-3959,3954,3958,3957,-3962,3954,-3959,3953,-3955,3951,-3958,3952,-3960,3952,-3958,3954,-3957,3951,-3958,3954,3957,3950,-3959,3950,-3961,3951,-3962,3951,-3960,3951,3960,3949,-3958,3952,-3961,3949,-3961,3947,-3960,3948,-3961,3947,-3962,3948,-3959,3948,-3959,3950,3959,3952,-3961,3949,-3957,3949,-3958,3950,-3956,-0.21,SJNFAAZE1U0005576,117.82,13.04,9126.5673828125,79,75,0,0,0,0,15.5,99.17,-172708,100,1528028353.461,7080,2,1,0,5,0,0,0,0,4,379.62,379.62,7F,1,1,1,0080,77,40,40,0,0,19,9.00
03/06/2018 13:19:16,55 59.40535,-2 30.55496,239,0,407,803974,1144818,379.39,27.892,3960,3945,3952,15,0,111.2,44.0,106.9,41.6,none,none,97.9,36.6,-3957,3954,-3955,3949,-3956,3952,-3956,3951,-3955,3951,-3954,3952,-3958,3952,-3956,3952,-3955,3952,-3957,3951,-3956,3950,-3957,3953,-3957,3952,-3957,3950,-3956,3953,-3956,3953,-3954,3952,-3954,3954,-3956,3951,-3955,3952,-3955,3951,-3959,3954,-3956,3952,-3955,3949,-3954,3947,-3955,3949,-3954,3950,-3957,3949,-3956,3948,-3958,3947,-3955,3947,-3957,3947,-3959,3949,-3957,3949,-3957,3949,-3957,3947,-3960,3946,-3958,3945,-3958,3946,-3958,3947,-3958,3946,-3957,3947,-3955,3948,-3956,3948,-3956,3951,-3955,3949,-3956,3947,-3955,3947,-0.23,SJNFAAZE1U0005576,117.82,13.04,9126.5673828125,79,75,0,0,0,0,15.5,99.17,-172708,100,1528028356.806,7360,2,1,0,5,0,0,0,0,4,379.50,379.50,7F,1,1,1,0080,77,40,40,0,0,19,15.50
03/06/2018 13:19:20,55 59.40535,-2 30.55496,239,0,407,803693,1144818,379.01,37.932,3955,3941,3948,14,0,111.5,44.1,106.9,41.6,none,none,98.2,36.8,-3951,3948,-3951,3946,-3952,3948,-3952,3947,-3952,3948,-3951,3948,-3954,3948,-3954,3947,-3952,3948,-3952,3947,-3955,3947,-3953,3949,-3953,3947,-3953,3946,-3953,3949,-3953,3949,-3952,3949,-3952,3949,-3951,3947,-3951,3947,-3951,3948,-3954,3950,-3952,3947,-3951,3945,-3949,3942,-3950,3944,-3951,3945,-3951,3944,-3951,3943,-3954,3943,-3950,3942,-3952,3943,-3954,3946,-3953,3944,-3953,3945,-3951,3942,-3955,3942,-3953,3941,-3951,3942,-3954,3942,-3955,3942,-3953,3942,-3951,3943,-3952,3943,-3952,3946,-3950,3942,-3952,3943,-3950,3943,-0.26,SJNFAAZE1U0005576,117.82,13.04,9126.5673828125,79,75,0,0,0,0,15.5,99.17,-172708,100,1528028360.262,11160,2,1,0,5,0,0,0,0,4,379.14,379.14,7F,1,1,1,0080,77,40,40,0,0,19,19.75
03/06/2018 13:19:23,55 59.40535,-2 30.55496,239,0,406,803305,1144818,378.43,50.139,3949,3935,3942,14,0,111.5,44.1,106.9,41.6,none,none,98.2,36.8,-3945,3943,-3945,3939,-3946,3942,-3944,3940,-3946,3941,-3945,3943,-3948,3942,-3947,3941,-3947,3942,-3947,3941,-3947,3941,-3948,3943,-3948,3942,-3949,3940,-3946,3943,-3945,3943,-3946,3941,-3945,3944,-3945,3941,-3945,3942,-3946,3942,-3948,3944,-3945,3941,-3944,3939,-3942,3936,-3944,3939,-3943,3939,-3945,3937,-3944,3937,-3947,3937,-3944,3936,-3946,3937,-3949,3940,-3946,3937,-3947,3937,-3946,3938,-3948,3935,-3947,3935,-3945,3935,-3948,3936,-3948,3936,-3945,3936,-3944,3936,-3946,3937,-3946,3940,-3943,3936,-3945,3937,-3944,3936,-0.26,SJNFAAZE1U0005576,117.82,13.04,9126.5673828125,79,75,0,0,0,0,15.5,99.17,-172708,100,1528028363.936,14480,2,1,0,5,0,0,0,0,4,378.70,378.70,7F,1,1,1,0080,77,40,40,0,0,19,27.25
03/06/2018 13:19:27,55 59.40535,-2 30.55496,239,0,406,802849,1144818,378.53,48.797,3950,3934,3943,16,0,111.2,44.0,106.9,41.6,none,none,98.2,36.8,-3946,3942,-3946,3940,-3948,3942,-3947,3941,-3947,3941,-3946,3943,-3948,3942,-3947,3941,-3947,3943,-3946,3942,-3948,3941,-3948,3943,-3949,3941,-3949,3940,-3947,3944,-3947,3944,-3948,3943,-3947,3945,-3947,3941,-3946,3941,-3947,3941,-3948,3945,-3947,3941,-3946,3939,-3943,3936,-3944,3939,-3944,3937,-3946,3937,-3945,3937,-3948,3936,-3946,3935,-3948,3936,-3949,3940,-3948,3935,-3949,3938,-3948,3938,-3948,3934,-3949,3934,-3947,3934,-3950,3934,-3950,3935,-3948,3935,-3945,3935,-3948,3935,-3947,3939,-3944,3935,-3945,3938,-3946,3937,-0.25,SJNFAAZE1U0005576,117.82,13.04,9126.5673828125,79,75,0,0,0,0,15.5,99.17,-172708,100,1528028367.440,15600,2,1,0,5,0,0,0,0,4,378.51,378.51,7F,1,1,1,0080,77,40,40,0,0,19,25.50
03/06/2018 13:19:31,55 59.40535,-2 30.55496,239,0,406,802410,1144818,378.43,50.933,3949,3934,3942,15,0,111.5,44.1,106.9,41.6,none,none,98.2,36.8,3939,-3949,3938,-3945,3941,3945,3943,-3945,3940,-3946,3941,-3946,-3941,3949,3940,-3948,-3941,3948,-3942,3948,-3942,3946,-3941,3947,-3941,3949,-3940,3949,-3941,3946,-3942,3946,-3942,3945,-3941,3947,-3941,3946,-3941,3946,-3942,3945,-3944,3949,-3942,3944,-3939,3942,-3937,3943,-3938,3947,-3938,3943,-3940,3944,-3938,3945,-3939,3943,-3934,3946,-3936,3946,-3937,3948,-3937,3948,-3939,3948,-3936,3945,-3940,3947,-3935,3948,3935,-3948,3936,3948,3936,-3948,3934,-3946,3935,-3945,3938,-3946,3939,-3946,3936,3945,3937,-3945,3936,-3943,-0.25,SJNFAAZE1U0005576,117.82,13.04,9126.5673828125,79,75,0,0,0,0,15.5,99.17,-172708,100,1528028371.276,15160,2,1,0,5,0,0,0,0,4,378.38,378.38,7F,1,1,1,0080,77,40,40,0,0,19,24.75
03/06/2018 13:19:34,55 59.40535,-2 30.55496,239,0,406,801962,1144818,378.24,48.644,3948,3932,3940,16,0,111.5,44.1,106.9,41.6,none,none,97.9,36.6,3938,-3947,3937,-3944,3939,3944,3942,-3943,3939,-3944,3939,3944,3940,-3947,3939,-3946,3939,-3944,3939,-3945,3939,3945,3939,-3946,3941,-3947,3938,-3947,3939,-3945,3941,-3945,3942,-3945,3941,-3945,3940,-3945,3938,3945,3940,-3942,3942,-3947,3939,-3943,3938,-3940,3936,3941,3936,-3945,3938,-3942,3939,-3941,3936,-3943,3938,-3942,3934,-3944,3935,-3945,3937,-3948,3936,3945,3937,-3946,3934,-3943,3939,-3945,3934,-3946,3933,3947,3934,-3947,3934,-3946,3932,-3944,3933,-3944,3936,-3944,3937,-3945,3934,-3942,3935,-3943,3935,3941,-0.24,SJNFAAZE1U0005576,117.82,13.04,9126.5673828125,79,75,0,0,0,0,15.5,99.17,-172708,100,1528028374.889,15120,2,1,0,5,0,0,0,0,4,378.38,378.38,7F,1,1,1,0080,77,40,40,0,0,19,24.50
03/06/2018 13:19:38,55 59.40535,-2 30.55496,239,0,406,801514,1144818,378.24,49.682,3948,3930,3940,18,0,111.5,44.1,106.7,41.5,none,none,97.9,36.6,3937,-3948,3935,-3944,3939,3944,3940,-3942,3938,-3945,3939,-3945,3939,-3947,3937,3947,3937,-3946,3938,-3945,3939,-3946,3939,-3946,3938,3948,3937,-3947,3939,-3945,3941,-3946,3940,-3945,3940,-3945,3939,-3945,3937,-3944,3939,-3944,3941,3947,3939,-3944,3937,-3939,3935,-3942,3934,-3945,3936,3943,3937,-3941,3936,-3943,3937,-3943,3933,-3945,3933,-3946,3934,-3948,3934,-3946,3935,-3947,3934,3945,3937,-3946,3930,-3947,3932,-3947,3933,-3947,3932,3948,3931,-3946,3932,-3945,3934,-3945,3936,-3946,3934,-3943,3934,-3944,3932,-3940,-0.27,SJNFAAZE1U0005576,117.82,13.04,9126.5673828125,79,75,0,0,0,0,15.5,99.17,-172708,100,1528028378.613,15120,2,1,0,5,0,0,0,0,4,378.24,378.24,7F,1,1,1,0080,77,40,40,0,0,19,25.75
03/06/2018 13:19:42,55 59.40535,-2 30.55496,239,0,405,801053,1144818,378.14,49.071,3947,3930,3939,17,0,111.5,44.1,106.9,41.6,none,none,98.2,36.8,3936,3947,3935,-3944,3937,3943,3940,-3942,3937,-3945,3937,-3944,3938,-3946,3937,-3946,3937,-3945,3937,3946,3938,-3944,3938,-3944,3937,-3947,3936,-3945,3937,3944,3938,-3945,3940,-3944,3939,-3945,3939,-3943,3937,-3943,3938,-3943,3941,-3945,3938,-3943,3936,3939,3934,-3941,3933,-3944,3935,-3942,3936,-3941,3934,3942,3937,-3941,3931,-3943,3932,-3946,3934,-3947,3933,-3944,3935,-3945,3932,-3944,3936,-3946,3930,3946,3930,-3947,3931,-3946,3931,-3947,3930,-3943,3932,3944,3934,-3944,3934,-3945,3932,-3943,3933,-3943,3931,-3939,-0.25,SJNFAAZE1U0005576,117.82,13.04,9126.5673828125,79,75,0,0,0,0,15.5,99.17,-172708,100,1528028382.502,14840,2,1,0,5,0,0,0,0,4,378.18,378.18,7F,1,1,1,0080,77,40,40,0,0,19,24.00
03/06/2018 13:19:46,55 59.40535,-2 30.55496,239,0,405,800594,1144818,378.14,48.461,3948,3929,3939,19,0,111.5,44.1,106.7,41.5,none,none,97.9,36.6,3937,-3947,3936,-3944,3938,3943,3940,-3942,3938,-3944,3937,-3945,3938,-3946,3938,-3947,3937,-3946,3937,-3945,3939,-3944,3937,3945,3938,-3948,3937,-3947,3938,-3945,3938,-3945,3938,3944,3939,-3944,3938,-3945,3938,-3943,3939,-3944,3941,-3947,3938,-3943,3937,-3939,3934,-3942,3933,3945,3934,-3942,3936,-3941,3935,-3943,3936,-3942,3931,3944,3933,-3946,3936,-3948,3933,-3945,3935,-3945,3933,-3944,3936,-3946,3930,-3946,3930,-3947,3930,3947,3930,-3947,3929,-3944,3931,-3945,3934,-3944,3935,3945,3932,-3942,3933,-3944,3932,-3940,-0.28,SJNFAAZE1U0005576,117.82,13.04,9126.5673828125,79,75,0,0,0,0,15.5,99.17,-172708,100,1528028386.484,14840,2,1,0,5,0,0,0,0,4,378.12,378.12,7F,1,1,1,0080,77,40,40,0,0,19,22.75
03/06/2018 13:19:50,55 59.40535,-2 30.55496,239,0,405,800180,1144818,378.34,39.092,3951,3933,3941,18,0,111.2,44.0,106.7,41.5,none,none,98.2,36.8,-3944,3941,-3945,3939,-3946,3940,-3945,3939,-3946,3940,-3945,3941,-3948,3941,-3947,3940,-3946,3940,-3947,3940,-3947,3939,-3947,3942,-3948,3940,-3947,3939,-3947,3941,-3946,3942,-3946,3941,-3945,3942,-3946,3940,-3946,3939,-3946,3940,-3948,3942,-3944,3939,-3943,3937,-3943,3935,-3944,3937,-3944,3936,-3946,3936,-3944,3935,-3947,3935,-3944,3935,-3948,3936,-3949,3937,-3946,3936,-3947,3936,-3946,3936,-3951,3933,-3949,3933,-3948,3933,-3949,3934,-3949,3934,-3946,3935,-3944,3935,-3947,3937,-3946,3939,-3943,3935,-3945,3936,-3943,3934,-0.33,SJNFAAZE1U0005576,117.82,13.04,9126.5673828125,79,75,0,0,0,0,15.5,99.17,-172708,100,1528028390.343,12840,2,1,0,5,0,0,0,0,4,378.38,378.38,7F,1,1,1,0080,77,40,40,0,0,19,18.00
03/06/2018 13:19:54,55 59.40535,-2 30.55496,239,0,405,799849,1144818,378.62,33.629,3951,3934,3944,17,0,111.5,44.1,106.9,41.6,none,none,98.2,36.8,-3947,3943,-3947,3941,-3949,3942,-3948,3942,-3947,3943,-3948,3943,-3948,3942,-3949,3942,-3948,3942,-3947,3943,-3949,3942,-3949,3944,-3949,3942,-3950,3942,-3948,3944,-3947,3944,-3948,3943,-3947,3946,-3946,3942,-3948,3942,-3948,3942,-3950,3944,-3948,3942,-3947,3941,-3945,3937,-3947,3940,-3946,3939,-3947,3939,-3947,3939,-3949,3937,-3946,3936,-3949,3938,-3951,3941,-3949,3938,-3948,3938,-3948,3939,-3950,3934,-3950,3934,-3949,3935,-3951,3935,-3951,3936,-3949,3936,-3947,3936,-3948,3938,-3948,3940,-3945,3938,-3947,3938,-3946,3938,-0.31,SJNFAAZE1U0005576,117.82,13.04,9126.5673828125,79,75,0,0,0,0,15.5,99.17,-172708,100,1528028394.202,10360,2,1,0,5,0,0,0,0,4,378.57,378.57,7F,1,1,1,0080,77,40,40,0,0,19,14.75
03/06/2018 13:19:58,55 59.40535,-2 30.55496,239,0,405,799543,1144818,378.82,27.709,3952,3938,3946,14,0,111.5,44.1,106.9,41.6,none,none,97.9,36.6,-3949,3946,-3948,3944,-3951,3945,-3949,3945,-3949,3945,-3949,3945,-3950,3946,-3951,3945,-3949,3946,-3950,3945,-3950,3945,-3949,3946,-3950,3945,-3950,3945,-3949,3947,-3948,3946,-3950,3946,-3948,3948,-3948,3945,-3948,3944,-3949,3945,-3952,3948,-3949,3945,-3948,3943,-3947,3940,-3947,3943,-3949,3942,-3949,3942,-3948,3941,-3950,3940,-3948,3940,-3951,3941,-3951,3943,-3949,3941,-3952,3942,-3950,3941,-3952,3939,-3951,3939,-3950,3939,-3952,3938,-3951,3940,-3949,3941,-3947,3939,-3950,3941,-3949,3943,-3949,3940,-3948,3941,-3948,3940,-0.28,SJNFAAZE1U0005576,117.82,13.04,9126.5673828125,79,75,0,0,0,0,15.5,99.17,-172708,100,1528028398.059,9160,2,1,0,5,0,0,0,0,4,378.82,378.82,7F,1,1,1,0080,77,40,40,0,0,19,12.00
03/06/2018 13:20:01,55 59.40535,-2 30.55496,239,0,404,799277,1144818,378.72,32.073,3952,3936,3945,16,0,111.5,44.1,106.7,41.5,none,none,98.2,36.8,-3947,3945,-3949,3941,-3950,3944,-3949,3943,-3948,3944,-3948,3944,-3950,3943,-3949,3942,-3950,3944,-3949,3943,-3950,3943,-3950,3945,-3951,3944,-3951,3943,-3950,3945,-3949,3945,-3949,3945,-3949,3946,-3948,3944,-3949,3943,-3949,3944,-3951,3946,-3948,3943,-3947,3941,-3945,3939,-3948,3942,-3947,3940,-3948,3940,-3947,3939,-3951,3938,-3948,3937,-3951,3938,-3952,3941,-3950,3939,-3951,3940,-3949,3939,-3951,3936,-3952,3936,-3950,3937,-3952,3936,-3951,3937,-3949,3937,-3948,3939,-3949,3938,-3949,3942,-3946,3939,-3948,3939,-3947,3939,-0.30,SJNFAAZE1U0005576,117.82,13.04,9126.5673828125,79,75,0,0,0,0,15.5,99.17,-172708,100,1528028401.786,9280,2,1,0,5,0,0,0,0,4,378.74,378.74,7F,1,1,1,0080,77,40,40,0,0,19,13.00
03/06/2018 13:20:05,55 59.40535,-2 30.55496,239,0,404,798979,1144818,378.34,43.090,3948,3933,3941,15,0,111.2,44.0,106.7,41.5,none,none,97.9,36.6,-3939,3947,-3937,3944,-3940,3943,-3941,3943,-3939,3946,-3940,3945,-3941,3947,-3940,3946,-3939,3946,-3940,3947,-3940,3946,-3939,3946,-3940,3948,-3939,3947,3939,-3945,3941,3945,3942,-3944,3941,-3946,3940,-3945,3941,-3945,3939,-3944,3943,3947,3939,-3944,3939,-3940,3937,-3943,3937,-3945,3938,3942,3938,-3942,3937,-3944,3938,-3942,3935,-3944,3936,-3946,3937,-3948,3936,-3944,3938,-3945,3935,3944,3939,-3946,3933,-3946,3933,-3945,3935,-3946,3935,3947,3933,-3944,3934,-3944,3935,-3945,3938,-3945,3935,-3943,-3935,3944,-3934,3942,-0.32,SJNFAAZE1U0005576,117.82,13.04,9126.5673828125,79,75,0,0,0,0,15.5,99.17,-172708,100,1528028405.479,10880,2,1,0,5,0,0,0,0,4,378.42,378.42,7F,1,1,1,0080,77,40,40,0,0,19,22.75
03/06/2018 13:20:09,55 59.40535,-2 30.55496,239,0,404,798527,1144818,377.57,59.081,3941,3924,3933,17,0,111.2,44.0,106.7,41.5,none,none,97.9,36.6,3931,3940,3930,-3936,3932,3936,3933,-3937,3931,-3937,3931,-3938,3931,-3939,3931,-3939,3932,-3938,3931,3940,3933,-3939,3932,-3939,3931,-3940,3931,-3939,3931,3938,3932,-3938,3934,-3937,3932,-3939,3933,-3937,3931,-3936,3933,-3937,3935,-3938,3931,-3936,3931,3933,3929,-3933,3927,-3936,3928,-3935,3931,-3934,3929,3936,3930,-3935,3924,-3937,3928,-3939,3930,-3941,3927,-3937,3930,-3937,3928,-3936,3931,-3939,3925,3938,3925,-3940,3927,-3938,3927,-3939,3925,-3936,3925,-3937,3927,3935,3929,-3938,3927,-3935,3927,-3936,3926,-3933,-0.31,SJNFAAZE1U0005576,117.82,13.04,9126.5673828125,79,75,0,0,0,0,15.5,99.17,-172708,100,1528028409.170,17240,2,1,0,5,0,0,0,0,4,377.76,377.76,7F,1,1,1,0080,77,40,40,0,0,19,27.75
03/06/2018 13:20:12,55 59.40535,-2 30.55496,239,0,404,798066,1144818,377.95,44.372,3945,3928,3937,17,0,111.2,44.0,106.7,41.5,none,none,97.9,36.6,3934,-3945,3934,-3941,3936,3939,3938,-3939,3936,-3942,3936,-3941,3936,-3943,3936,-3942,3936,-3942,3935,-3943,3936,-3943,3936,3943,3936,-3945,3934,-3943,3935,-3941,3936,-3942,3938,3941,3937,-3943,3937,-3941,3936,-3942,3937,-3941,3939,-3943,3936,-3940,3935,-3937,3933,-3939,3932,3943,3933,-3938,3935,-3939,3933,-3940,3934,-3939,3930,3942,3931,-3943,3933,-3945,3931,-3942,3933,-3943,3930,-3941,3934,3943,3929,-3944,3929,-3944,3930,-3945,3929,-3944,3928,-3942,3930,-3941,3931,-3942,3933,-3942,3931,3940,3931,-3940,3930,-3937,-0.29,SJNFAAZE1U0005576,117.82,13.04,9126.5673828125,79,75,0,0,0,0,15.5,99.17,-172708,100,1528028412.604,14480,2,1,0,5,0,0,0,0,4,378.03,378.03,7F,1,1,1,0080,77,40,40,0,0,19,20.25
03/06/2018 13:20:15,55 59.40535,-2 30.55496,239,0,404,797716,1144818,378.24,39.733,3947,3931,3940,16,0,111.2,44.0,106.7,41.5,none,none,97.9,36.6,3939,-3947,3937,-3943,3939,3943,3941,-3942,3938,3943,3938,-3944,3940,-3947,3938,-3944,3938,-3945,3939,-3945,3940,-3945,3938,-3945,3939,-3947,3938,3946,3939,-3945,3940,-3944,3940,-3944,3939,-3944,3939,3943,3939,-3943,3939,-3943,3942,-3946,3939,-3943,3938,-3940,3935,3942,3936,-3943,3937,-3940,3938,-3941,3936,-3942,3937,-3941,3934,-3942,3935,-3945,3936,-3945,3935,3944,3936,-3944,3935,-3942,3939,-3945,3932,-3945,3933,3944,3934,-3945,3933,-3946,3931,-3943,3934,-3942,3935,-3944,3937,-3943,3933,-3943,3935,-3942,3934,3939,-0.30,SJNFAAZE1U0005576,117.82,13.04,9128.1767578125,79,75,0,0,0,0,15.5,99.17,-172708,100,1528028415.913,12440,2,1,0,5,0,0,0,0,4,378.13,378.13,7F,1,1,1,0080,77,40,40,0,0,19,17.00
03/06/2018 13:20:19,55 59.40535,-2 30.55496,239,0,403,797417,1144818,378.05,41.320,3946,3930,3938,16,0,111.2,44.0,106.7,41.5,none,none,97.9,36.6,3936,-3945,3934,3942,3937,3941,3939,-3940,3936,-3942,3936,-3942,3938,-3943,3935,3943,3937,-3944,3937,-3943,3937,-3942,3936,-3944,3938,3946,3936,-3944,3936,-3943,3938,-3943,3938,-3943,3937,-3943,3937,-3942,3936,-3942,3937,-3941,3940,3944,3937,-3941,3936,-3937,3933,-3940,3933,-3942,3935,3940,3936,-3940,3934,-3940,3935,-3939,3932,-3941,3932,-3944,3934,-3944,3933,-3942,3934,-3942,3932,3942,3936,-3943,3931,-3944,3931,-3944,3931,-3943,3931,3943,3930,-3941,3931,-3941,3932,-3941,3935,-3942,3931,-3939,3933,-3941,3931,-3938,-0.32,SJNFAAZE1U0005576,117.82,13.04,9128.1767578125,79,75,0,0,0,0,15.5,99.17,-172708,100,1528028419.280,12560,2,1,0,5,0,0,0,0,4,378.09,378.09,7F,1,1,1,0080,77,40,40,0,0,19,18.75
03/06/2018 13:20:22,55 59.40535,-2 30.55496,239,0,403,797094,1144818,378.24,38.116,3947,3930,3940,17,0,111.2,44.0,106.7,41.5,none,none,97.7,36.5,3944,3939,3944,-3937,-3945,3938,-3943,-3937,-3943,3939,-3944,3938,-3945,3939,-3944,3939,-3945,3938,-3945,3938,-3946,3938,-3945,3941,-3946,3939,-3946,3937,-3945,3940,-3944,3940,-3944,3939,-3943,3940,-3945,3939,-3944,3938,-3943,3938,-3946,3941,-3943,3938,-3942,3937,-3941,3934,-3943,3935,-3945,3933,-3944,3935,-3943,3934,-3946,3933,-3943,3932,-3946,3933,-3947,3935,-3946,3935,-3945,3934,-3944,3934,-3947,3932,-3947,3931,-3946,3930,-3947,3931,-3946,3932,-3945,3932,-3943,3934,-3945,3934,3944,3936,-3941,3934,3944,-3934,3943,-3933,-0.31,SJNFAAZE1U0005576,117.82,13.04,9128.1767578125,79,75,0,0,0,0,15.5,99.17,-172708,100,1528028422.762,11560,2,1,0,5,0,0,0,0,4,378.21,378.21,7F,1,1,1,0080,77,40,40,0,0,19,15.75
03/06/2018 13:20:26,55 59.40535,-2 30.55496,239,0,403,796830,1144818,378.53,30.334,3951,3934,3943,17,0,111.2,44.0,106.7,41.5,none,none,97.9,36.6,-3946,3942,-3947,3939,-3949,3941,-3947,3939,-3947,3940,-3946,3942,-3948,3941,-3949,3941,-3947,3942,-3947,3941,-3949,3941,-3948,3942,-3949,3942,-3949,3940,-3947,3943,-3948,3943,-3947,3942,-3946,3944,-3947,3942,-3947,3941,-3947,3941,-3951,3944,-3947,3942,-3946,3939,-3944,3937,-3946,3939,-3946,3939,-3946,3937,-3946,3938,-3949,3936,-3947,3936,-3949,3936,-3951,3939,-3949,3938,-3948,3938,-3948,3938,-3950,3935,-3950,3934,-3949,3934,-3950,3936,-3949,3934,-3948,3937,-3945,3937,-3948,3939,-3947,3940,-3945,3937,-3947,3936,-3945,3936,-0.34,SJNFAAZE1U0005576,117.82,13.04,9128.1767578125,79,75,0,0,0,0,15.5,99.17,-172708,100,1528028426.412,8640,2,1,0,5,0,0,0,0,4,378.41,378.41,7F,1,1,1,0080,77,40,40,0,0,19,11.75
03/06/2018 13:20:29,55 59.40535,-2 30.55496,239,0,403,796610,1144818,378.43,27.862,3950,3933,3942,17,0,111.2,44.0,106.7,41.5,none,none,97.9,36.6,-3945,3941,-3945,3938,-3948,3941,-3947,3941,-3946,3941,-3946,3942,-3947,3941,-3946,3941,-3947,3941,-3946,3941,-3948,3940,-3947,3943,-3948,3941,-3948,3941,-3946,3943,-3946,3942,-3946,3942,-3946,3944,-3946,3940,-3945,3940,-3946,3941,-3948,3944,-3946,3942,-3945,3939,-3943,3935,-3946,3938,-3946,3938,-3946,3938,-3944,3936,-3948,3936,-3944,3934,-3948,3937,-3949,3940,-3947,3935,-3948,3937,-3946,3936,-3946,3933,-3948,3934,-3947,3934,-3950,3934,-3949,3935,-3948,3935,-3944,3935,-3947,3935,-3946,3940,-3945,3935,-3946,3936,-3945,3936,-0.35,SJNFAAZE1U0005576,117.82,13.04,9128.1767578125,79,75,0,0,0,0,15.5,99.17,-172708,100,1528028429.842,7720,2,1,0,5,0,0,0,0,4,378.52,378.52,7F,1,1,1,0080,77,40,40,0,0,19,16.00
03/06/2018 13:20:33,55 59.40535,-2 30.55496,239,0,403,796300,1144818,377.95,43.975,3944,3928,3937,16,0,111.2,44.0,106.7,41.5,none,none,97.9,36.6,-3940,3936,-3941,3933,-3943,3935,-3940,3934,-3941,3937,-3941,3936,-3942,3935,-3942,3935,-3941,3936,-3941,3934,-3943,3935,-3942,3938,-3943,3935,-3942,3934,-3942,3937,-3942,3938,-3942,3935,-3941,3938,-3941,3935,-3941,3934,-3942,3936,-3943,3938,-3940,3935,-3940,3933,-3938,3929,-3940,3932,-3939,3933,-3941,3930,-3939,3931,-3942,3930,-3941,3929,-3942,3931,-3944,3933,-3942,3930,-3943,3933,-3941,3932,-3943,3928,-3944,3928,-3943,3929,-3944,3929,-3944,3930,-3942,3930,-3940,3930,-3942,3931,-3941,3934,-3939,3929,-3940,3930,-3940,3930,-0.31,SJNFAAZE1U0005576,117.82,13.04,9128.1767578125,79,75,0,0,0,0,15.5,99.17,-172708,100,1528028433.465,12280,2,1,0,5,0,0,0,0,4,378.10,378.10,7F,1,1,1,0080,77,40,40,0,0,19,26.00
03/06/2018 13:20:37,55 59.40535,-2 30.55496,239,0,403,795876,1144818,377.86,45.653,3944,3927,3936,17,0,111.2,44.0,106.7,41.5,none,none,97.7,36.5,-3938,3934,-3940,3932,-3941,3935,-3939,3934,-3939,3935,-3939,3935,-3942,3934,-3941,3935,-3941,3935,-3941,3934,-3941,3934,-3941,3935,-3941,3935,-3942,3933,-3942,3936,-3941,3936,-3940,3936,-3939,3937,-3940,3936,-3940,3934,-3941,3935,-3941,3937,-3939,3934,-3938,3932,-3937,3929,-3939,3932,-3938,3932,-3939,3931,-3939,3930,-3942,3929,-3939,3929,-3942,3929,-3944,3932,-3941,3930,-3942,3930,-3940,3930,-3944,3927,-3943,3927,-3942,3927,-3943,3928,-3943,3927,-3941,3928,-3939,3929,-3940,3930,-3941,3931,-3936,3930,-3939,3929,-3938,3929,-0.35,SJNFAAZE1U0005576,117.82,13.04,9128.1767578125,79,75,0,0,0,0,15.5,99.17,-172708,100,1528028437.030,14800,2,0,0,0,0,0,0,0,4,377.80,377.80,7F,1,1,1,0080,77,40,40,0,0,19,22.50
03/06/2018 13:20:40,55 59.40535,-2 30.55496,239,0,402,795473,1144818,377.76,44.585,3943,3924,3935,19,0,111.2,44.0,106.7,41.5,none,none,97.9,36.6,3932,-3942,3930,-3939,3933,3938,3935,-3937,3932,-3939,3932,3940,3933,-3942,3932,-3941,3932,-3941,3933,-3941,3933,3941,3933,-3941,3932,-3942,3932,-3941,3932,-3941,3935,-3941,3934,3939,3934,-3940,3934,-3938,3932,-3939,3934,-3939,3938,-3941,3933,-3938,3932,-3935,3930,-3938,3930,3939,3929,-3936,3933,-3936,3930,-3938,3932,-3938,3926,3939,3928,-3940,3930,-3943,3929,-3939,3930,-3940,3928,-3939,3930,-3940,3927,-3942,3924,-3942,3926,3941,3926,-3942,3925,-3938,3927,-3938,3928,-3938,3930,3939,3928,-3937,3928,-3939,3927,-3935,-0.30,SJNFAAZE1U0005576,117.82,13.04,9128.1767578125,79,75,0,0,0,0,15.5,99.17,-172708,100,1528028440.897,14040,2,0,0,0,0,0,0,0,4,377.76,377.76,7F,1,1,1,0080,77,40,40,0,0,19,21.50
03/06/2018 13:20:44,55 59.40535,-2 30.55496,239,0,402,795047,1144818,377.66,44.005,3943,3924,3934,19,0,111.2,44.0,106.7,41.5,none,none,97.9,36.6,3931,-3941,3929,-3939,3932,3937,3935,-3936,3932,-3939,3931,-3939,3931,-3940,3930,3940,3931,-3941,3932,-3940,3933,-3940,3932,-3940,3932,3943,3931,-3941,3933,-3939,3934,-3940,3934,-3939,3935,-3940,3932,3938,3932,-3938,3933,-3938,3935,-3941,3932,-3939,3931,-3934,3929,-3936,3927,-3938,3928,-3934,3931,3935,3929,-3936,3931,-3935,3925,-3937,3927,-3941,3929,3942,3927,-3940,3929,-3938,3926,-3938,3930,-3941,3925,-3941,3924,-3941,3926,-3941,3926,-3941,3924,3937,3926,-3937,3928,-3938,3929,-3940,3927,-3936,3926,3938,3926,-3933,-0.34,SJNFAAZE1U0005576,117.82,13.04,9128.1767578125,79,75,0,0,0,0,15.5,99.17,-172708,100,1528028444.813,14040,2,0,0,0,0,0,0,0,4,377.70,377.70,7F,1,1,1,0080,77,40,40,0,0,19,23.00
03/06/2018 13:20:48,55 59.40535,-2 30.55496,239,0,402,794620,1144818,377.57,47.271,3940,3925,3933,15,0,111.2,44.0,106.7,41.5,none,none,97.9,36.6,3932,3939,3932,-3937,3933,3937,3934,-3935,3932,-3937,3932,-3938,3933,-3939,3932,-3939,3933,-3938,3932,3939,3933,-3938,3933,-3939,3933,-3940,3931,-3940,3931,-3938,3934,-3938,3934,-3938,3934,-3938,3934,-3937,3933,-3936,3933,3936,3936,-3939,3933,-3936,3931,-3933,3929,-3935,3929,-3937,3930,-3935,3932,-3934,3931,-3935,3931,3935,3927,-3937,3928,-3937,3930,-3940,3928,-3937,3930,3939,3928,-3937,3930,-3939,3927,-3939,3925,-3939,3927,-3939,3927,-3940,3925,-3938,3926,-3937,3929,3937,3930,-3937,3928,-3935,3928,-3936,3928,-3932,-0.34,SJNFAAZE1U0005576,117.82,13.04,9128.1767578125,79,75,0,0,0,0,15.5,99.17,-172708,100,1528028448.585,14040,2,1,0,4,0,0,0,0,4,377.55,377.55,7F,1,1,1,0080,77,40,40,0,0,19,23.00
03/06/2018 13:20:52,55 59.40535,-2 30.55496,239,0,402,794197,1144818,377.47,47.820,3942,3922,3932,20,0,111.2,44.0,106.5,41.4,none,none,97.7,36.5,3930,-3940,3928,-3937,3931,3937,3933,-3935,3930,-3938,3930,-3937,3931,-3939,3930,-3939,3930,-3939,3930,-3938,3931,-3938,3931,3940,3930,-3942,3930,-3939,3930,-3938,3932,-3938,3932,-3938,3931,3938,3932,-3937,3931,-3938,3930,-3938,3934,-3939,3931,3937,3930,-3933,3927,-3935,3927,-3936,3928,-3933,3930,-3934,3927,-3936,3930,-3935,3925,-3936,3925,3940,3926,-3941,3926,-3938,3928,-3939,3925,-3938,3927,3939,3924,-3940,3922,-3940,3925,-3939,3925,-3940,3922,-3936,3924,-3936,3926,-3936,3927,-3937,3925,3935,3926,-3936,3925,-3932,-0.37,SJNFAAZE1U0005576,117.82,13.04,9128.1767578125,79,75,0,0,0,0,15.5,99.17,-172708,100,1528028452.259,14040,2,0,0,0,0,0,0,0,4,377.48,377.48,7F,1,1,1,0080,77,40,40,0,0,19,22.75
03/06/2018 13:20:55,55 59.40535,-2 30.55496,239,0,402,793795,1144818,377.38,44.707,3939,3923,3931,16,0,111.2,44.0,106.7,41.5,none,none,97.7,36.5,-3933,3932,-3935,3929,-3937,3930,-3935,3928,-3935,3930,-3935,3932,-3937,3930,-3937,3930,3936,-3931,3936,-3931,3936,3930,3937,-3931,3937,-3930,3938,-3930,3936,-3931,3936,-3932,3936,-3932,3935,-3933,3935,-3930,3935,3930,3936,-3929,3938,-3933,3935,-3930,3934,-3928,3932,3925,3934,-3927,-3934,3927,-3935,-3926,-3935,3926,-3937,3925,-3934,3925,-3937,3925,-3939,3927,-3937,3926,-3937,3927,-3936,3926,-3939,3924,-3938,3923,-3939,3923,-3939,3924,-3938,3924,-3936,3925,-3934,3926,-3937,3926,-3935,3928,-3933,3924,-3934,3926,-3933,3925,-0.38,SJNFAAZE1U0005576,117.82,13.04,9128.1767578125,79,75,0,0,0,0,15.5,99.17,-172708,100,1528028455.961,14320,2,0,0,0,0,0,0,0,4,377.55,377.55,7F,1,1,1,0080,77,40,40,0,0,19,21.50
03/06/2018 13:20:59,55 59.40535,-2 30.55496,239,0,401,793397,1144818,377.57,41.411,3940,3925,3933,15,0,111.2,44.0,106.7,41.5,none,none,97.9,36.6,-3935,3933,-3936,3931,-3937,3932,-3937,3932,-3936,3933,-3937,3933,-3937,3933,-3936,3932,-3937,3933,-3937,3933,-3937,3932,-3937,3934,-3938,3933,-3937,3933,-3937,3934,-3937,3934,-3937,3934,-3937,3935,-3936,3933,-3936,3932,-3937,3932,-3938,3935,-3936,3932,-3935,3930,-3933,3927,-3935,3930,-3936,3930,-3935,3929,-3936,3928,-3937,3928,-3935,3927,-3937,3928,-3939,3930,-3937,3929,-3937,3929,-3937,3929,-3939,3925,-3938,3926,-3937,3926,-3940,3926,-3938,3927,-3935,3927,-3934,3928,-3936,3928,-3936,3932,-3932,3928,-3935,3928,-3934,3927,-0.33,SJNFAAZE1U0005576,117.82,13.04,9128.1767578125,79,75,0,0,0,0,15.5,99.17,-172708,100,1528028459.954,13320,2,0,0,0,0,0,0,0,4,377.53,377.53,7F,1,1,1,0080,77,40,40,0,0,19,18.50
03/06/2018 13:21:03,55 59.40535,-2 30.55496,239,0,401,793036,1144818,377.76,35.949,3944,3926,3935,18,0,111.2,44.0,106.5,41.4,none,none,97.7,36.5,-3938,3936,-3939,3933,-3941,3935,-3939,3934,-3940,3934,-3939,3935,-3941,3934,-3940,3933,-3940,3934,-3940,3934,-3941,3933,-3940,3936,-3941,3935,-3941,3934,-3941,3936,-3941,3936,-3939,3935,-3939,3937,-3939,3935,-3939,3934,-3939,3934,-3943,3938,-3940,3935,-3939,3932,-3935,3929,-3938,3932,-3938,3930,-3939,3930,-3939,3930,-3941,3930,-3939,3928,-3942,3930,-3942,3932,-3941,3930,-3940,3929,-3939,3929,-3943,3927,-3942,3928,-3941,3926,-3944,3928,-3942,3928,-3940,3929,-3938,3928,-3940,3931,-3940,3932,-3937,3929,-3939,3930,-3938,3929,-0.36,SJNFAAZE1U0005576,117.82,13.04,9128.1767578125,79,75,0,0,0,0,15.5,99.17,-172708,100,1528028463.898,10080,2,1,0,4,0,0,0,0,4,377.72,377.72,7F,1,1,1,0080,77,40,40,0,0,19,16.25
03/06/2018 13:21:07,55 59.40535,-2 30.55496,239,0,401,792757,1144818,378.05,29.601,3944,3930,3938,14,0,110.9,43.9,106.5,41.4,none,none,97.7,36.5,-3940,3938,-3940,3935,-3942,3936,-3941,3936,-3941,3937,-3940,3938,-3942,3937,-3942,3938,-3942,3938,-3942,3937,-3942,3937,-3942,3939,-3942,3938,-3943,3937,-3941,3938,-3941,3939,-3941,3937,-3940,3938,-3941,3937,-3940,3936,-3941,3936,-3943,3939,-3940,3937,-3939,3935,-3938,3932,-3940,3935,-3940,3933,-3942,3934,-3941,3933,-3942,3932,-3941,3931,-3943,3932,-3944,3936,-3942,3933,-3942,3933,-3941,3933,-3943,3930,-3943,3930,-3942,3931,-3943,3931,-3943,3931,-3940,3931,-3940,3931,-3942,3933,-3942,3935,-3939,3932,-3940,3932,-3939,3932,-0.35,SJNFAAZE1U0005576,117.82,13.04,9128.1767578125,79,75,0,0,0,0,15.5,99.17,-172708,100,1528028467.820,8880,2,0,0,0,0,0,0,0,4,377.98,377.98,7F,1,1,1,0080,77,40,40,0,0,19,12.75
03/06/2018 13:21:11,55 59.40535,-2 30.55496,239,0,401,792508,1144818,378.24,23.772,3944,3937,3940,7,0,111.2,44.0,106.7,41.5,none,none,97.9,36.6,-3940,3943,-3940,3940,-3942,3941,-3941,3940,-3941,3941,-3941,3942,-3942,3942,-3941,3942,-3940,3942,-3941,3942,-3942,3942,-3941,3942,-3942,3943,-3941,3942,-3941,3942,-3942,3943,-3942,3941,-3941,3943,-3941,3941,-3941,3941,-3942,3942,-3943,3944,-3942,3941,-3941,3938,-3938,3939,-3939,3940,-3940,3940,-3941,3938,-3939,3939,-3942,3938,-3937,3939,-3939,3940,-3942,3942,-3940,3939,-3940,3941,-3939,3940,-3940,3940,-3940,3939,-3938,3939,-3940,3939,-3938,3940,-3938,3939,-3938,3937,-3939,3939,-3940,3941,-3937,3938,-3939,3940,-3938,3937,-0.37,SJNFAAZE1U0005576,117.82,13.04,9128.1767578125,79,75,0,0,0,0,15.5,99.17,-172708,100,1528028471.594,7720,2,0,0,0,0,0,0,0,4,378.19,378.19,7F,1,1,1,0080,77,40,40,0,0,19,11.25
03/06/2018 13:21:15,55 59.40535,-2 30.55496,239,0,401,792283,1144818,378.14,28.899,3947,3930,3939,17,0,110.9,43.9,106.5,41.4,none,none,97.7,36.5,3938,3946,3935,-3942,3938,3942,3939,-3941,3937,-3943,3937,-3943,3938,-3945,3937,-3943,3936,-3944,3937,3944,3937,-3943,3937,-3944,3938,-3946,3937,-3945,3936,-3944,3939,3943,3939,-3942,3938,-3943,3937,-3944,3937,-3942,3938,3942,3941,-3945,3937,-3942,3937,-3939,3935,-3940,3935,-3943,3936,-3940,3938,-3940,3935,-3941,3936,3941,3933,-3942,3934,-3944,3936,-3947,3934,-3943,3936,3944,3935,-3943,3936,-3944,3932,-3944,3932,-3944,3933,-3944,3932,-3945,3930,-3943,3932,-3942,3933,3941,3935,-3943,3934,-3941,3935,-3941,3932,-3938,-0.36,SJNFAAZE1U0005576,117.82,13.04,9128.1767578125,79,75,0,0,0,0,15.5,99.17,-172708,100,1528028475.424,7440,2,0,0,0,0,0,0,0,4,378.09,378.09,7F,1,1,1,0080,77,40,40,0,0,19,13.00
03/06/2018 13:21:18,55 59.40535,-2 30.55496,239,0,401,792057,1144818,378.05,25.817,3947,3929,3938,18,0,110.9,43.9,106.5,41.4,none,none,97.7,36.5,3937,-3946,3935,-3944,3937,3942,3939,-3941,3936,-3944,3936,-3943,3937,-3944,3936,-3945,3936,3944,3936,-3944,3937,-3944,3936,-3944,3937,-3947,3934,-3945,3936,-3944,3938,-3943,3939,-3943,3937,3944,3938,-3943,3936,-3943,3936,-3942,3939,-3945,3937,3942,3936,-3938,3933,-3941,3934,-3944,3934,-3941,3935,-3940,3934,-3942,3936,-3941,3931,-3943,3931,3945,3934,-3947,3932,-3944,3934,-3943,3930,-3942,3934,3946,3929,-3945,3929,-3947,3931,-3944,3930,-3946,3929,-3944,3931,-3943,3931,-3943,3933,-3945,3931,3941,3932,-3942,3931,-3939,-0.37,SJNFAAZE1U0005576,117.82,13.04,9128.1767578125,79,75,0,0,0,0,15.5,99.17,-172708,100,1528028478.891,7720,2,0,0,0,0,0,0,0,4,378.20,378.20,7F,1,1,1,0080,77,40,40,0,0,19,10.75
03/06/2018 13:21:22,55 59.40535,-2 30.55496,239,0,401,791828,1144818,377.76,37.963,3943,3925,3935,18,0,110.9,43.9,106.5,41.4,none,none,97.7,36.5,3933,-3943,3930,-3939,3933,3938,3936,-3937,3934,-3939,3933,3940,3934,-3942,3932,-3942,3933,-3940,3933,-3941,3934,3940,3932,-3941,3933,-3942,3932,-3942,3933,-3941,3935,-3940,3935,-3939,3934,-3940,3935,-3939,3934,3940,3935,-3939,3938,-3942,3934,-3939,3934,-3935,3930,3938,3929,-3940,3930,-3938,3933,-3937,3930,-3938,3933,-3937,3928,-3939,3928,-3940,3930,-3943,3929,3941,3930,-3941,3929,-3939,3930,-3942,3927,-3942,3925,3942,3927,-3943,3927,-3943,3926,-3940,3927,-3940,3929,-3939,3930,3940,3928,-3937,3929,-3939,3928,-3936,-0.38,SJNFAAZE1U0005576,117.82,13.04,9129.7861328125,79,75,0,0,0,0,15.5,99.17,-172708,100,1528028482.162,10520,2,0,0,4,0,0,0,0,4,377.83,377.83,7F,1,1,1,0080,77,40,40,0,0,19,21.50
03/06/2018 13:21:26,55 59.40535,-2 30.55496,239,0,400,791453,1144818,377.47,43.548,3941,3922,3932,19,0,110.9,43.9,106.5,41.4,none,none,97.7,36.5,3929,-3940,3928,-3936,3931,3937,3933,-3934,3930,-3937,3930,-3938,3930,-3939,3930,3939,3930,-3938,3929,-3939,3930,-3938,3930,-3938,3931,3940,3929,-3940,3930,-3939,3932,-3938,3931,-3938,3932,-3938,3932,-3937,3929,-3937,3929,-3936,3934,3940,3931,-3937,3930,-3934,3927,-3934,3926,-3937,3927,3935,3929,-3934,3927,-3936,3929,-3935,3924,-3937,3926,-3939,3928,-3941,3926,-3937,3927,-3939,3926,3937,3927,-3939,3923,-3939,3923,-3940,3924,-3939,3923,-3940,3922,3936,3924,-3937,3926,-3936,3928,-3938,3925,-3935,3925,3937,3924,-3933,-0.38,SJNFAAZE1U0005576,117.82,13.04,9129.7861328125,79,75,0,0,0,0,15.5,99.17,-172708,100,1528028486.136,12920,2,0,0,0,0,0,0,0,4,377.53,377.53,7F,1,1,1,0080,77,40,40,0,0,19,19.25
03/06/2018 13:21:29,55 59.40535,-2 30.55496,239,0,400,791089,1144818,377.47,41.656,3939,3925,3932,14,0,110.9,43.9,106.5,41.4,none,none,97.7,36.5,3935,3933,3935,-3929,-3937,3931,-3935,-3931,-3936,3932,-3934,3932,-3936,3931,-3938,3933,-3936,3932,-3935,3932,-3937,3932,-3936,3934,-3937,3932,-3937,3931,-3936,3934,-3936,3933,-3936,3933,-3935,3934,-3935,3931,-3935,3931,-3935,3931,-3938,3935,-3935,3931,-3934,3929,-3932,3927,-3933,3929,-3934,3927,-3935,3928,-3935,3927,-3937,3926,-3935,3926,-3936,3928,-3938,3930,-3936,3927,3936,3928,3936,-3928,3939,-3925,3938,-3926,3937,-3925,3938,-3925,3937,-3927,3935,-3926,3934,-3927,3935,3928,3935,-3929,3933,-3926,3934,-3927,3933,-3926,-0.36,SJNFAAZE1U0005576,117.82,13.04,9129.7861328125,79,75,0,0,0,0,15.5,99.17,-172708,100,1528028489.653,12840,2,0,0,0,0,0,0,0,4,377.46,377.46,7F,1,1,1,0080,77,40,40,0,0,19,21.00
03/06/2018 13:21:33,55 59.40535,-2 30.55496,239,0,400,790728,1144818,377.38,43.517,3939,3922,3931,17,0,110.9,43.9,106.5,41.4,none,none,97.7,36.5,-3934,3930,-3934,3926,-3936,3928,-3935,3928,-3935,3929,-3934,3930,-3937,3928,-3937,3929,-3936,3930,-3936,3929,-3937,3928,-3936,3930,-3938,3929,-3937,3928,-3935,3930,-3935,3931,-3936,3929,-3934,3932,-3935,3929,-3935,3928,-3935,3929,-3937,3932,-3935,3929,-3933,3927,-3932,3924,-3934,3926,-3934,3926,-3936,3925,-3934,3924,-3937,3923,-3934,3923,-3937,3925,-3938,3926,-3935,3925,-3936,3925,-3935,3925,-3939,3922,-3938,3922,-3938,3922,-3938,3922,-3937,3922,-3936,3924,-3933,3923,-3935,3925,-3934,3928,-3933,3924,-3935,3924,-3933,3923,-0.39,SJNFAAZE1U0005576,117.82,13.04,9129.7861328125,79,75,0,0,0,0,15.5,99.17,-172708,100,1528028493.474,12920,2,0,0,0,0,0,0,0,4,377.32,377.32,7F,1,1,1,0080,77,40,40,0,0,19,20.75
03/06/2018 13:21:36,55 59.40535,-2 30.55496,239,0,400,790357,1144818,377.38,37.352,3939,3923,3931,16,0,110.9,43.9,106.2,41.2,none,none,97.7,36.5,-3933,3932,-3935,3929,-3936,3930,-3935,3930,-3935,3930,-3935,3932,-3937,3931,-3937,3930,-3936,3931,-3935,3930,-3936,3930,-3935,3931,-3938,3932,-3936,3930,-3935,3932,-3936,3933,-3935,3931,-3934,3933,-3935,3930,-3935,3930,-3934,3930,-3937,3933,-3934,3931,-3933,3928,-3932,3925,-3933,3927,-3933,3927,-3934,3928,-3934,3926,-3937,3925,-3933,3925,-3935,3926,-3938,3929,-3935,3926,-3936,3927,-3934,3926,-3939,3923,-3936,3925,-3936,3925,-3937,3926,-3937,3925,-3935,3926,-3933,3926,-3935,3927,-3935,3929,-3933,3925,-3934,3925,-3932,3925,-0.41,SJNFAAZE1U0005576,117.82,13.04,9129.7861328125,79,75,0,0,0,0,15.5,99.17,-172708,100,1528028496.980,12720,2,0,0,0,0,0,0,0,4,377.45,377.45,7F,1,1,1,0080,77,40,40,0,0,19,20.50
03/06/2018 13:21:40,55 59.40535,-2 30.55496,239,0,400,789952,1144818,376.61,58.593,3932,3914,3923,18,0,110.9,43.9,106.5,41.4,none,none,97.5,36.4,-3925,3923,-3927,3919,-3929,3921,-3928,3921,-3927,3921,-3928,3923,-3929,3922,-3930,3921,-3929,3923,-3929,3922,-3929,3921,-3929,3923,-3931,3923,-3929,3922,-3928,3923,-3928,3924,-3928,3922,-3928,3924,-3928,3922,-3928,3922,-3928,3921,-3931,3925,-3928,3921,-3927,3920,-3923,3916,-3925,3919,-3926,3918,-3927,3918,-3926,3917,-3929,3916,-3926,3915,-3928,3917,-3931,3919,-3928,3917,-3928,3918,-3927,3918,-3932,3914,-3930,3914,-3929,3914,-3930,3915,-3929,3914,-3928,3915,-3925,3916,-3928,3918,-3927,3919,-3924,3917,-3926,3917,-3925,3915,-0.38,SJNFAAZE1U0005576,117.82,13.04,9129.7861328125,79,75,0,0,0,0,15.5,99.17,-172708,100,1528028500.583,15880,2,1,0,3,0,0,0,0,4,376.81,376.81,7F,1,1,1,0080,77,40,40,0,0,19,31.00
03/06/2018 13:21:44,55 59.40535,-2 30.55496,239,0,399,789414,1144818,376.42,59.569,3928,3913,3921,15,0,110.9,43.9,106.5,41.4,none,none,97.7,36.5,-3921,3921,-3923,3918,-3925,3921,-3924,3920,-3924,3921,-3923,3921,-3925,3920,-3926,3921,-3925,3921,-3924,3921,-3926,3921,-3926,3922,-3926,3921,-3926,3921,-3926,3922,-3924,3922,-3925,3922,-3924,3923,-3924,3920,-3923,3920,-3924,3919,-3927,3923,-3923,3920,-3922,3918,-3921,3915,-3921,3917,-3922,3916,-3924,3915,-3923,3916,-3925,3915,-3921,3914,-3925,3915,-3927,3918,-3924,3917,-3926,3917,-3923,3917,-3928,3913,-3925,3914,-3925,3914,-3926,3914,-3926,3915,-3923,3915,-3922,3915,-3925,3915,-3923,3918,-3921,3916,-3922,3916,-3922,3915,-0.39,SJNFAAZE1U0005576,117.82,13.04,9129.7861328125,79,75,0,0,0,0,15.5,99.17,-172708,100,1528028504.340,18680,2,0,0,0,0,0,0,0,4,376.52,376.52,7F,1,1,1,0080,77,40,40,0,0,19,30.50
03/06/2018 13:21:48,55 59.40535,-2 30.55496,239,0,399,788869,1144818,376.32,53.741,3928,3910,3920,18,0,110.9,43.9,106.5,41.4,none,none,97.7,36.5,3917,-3928,3918,-3925,3919,3925,3921,-3923,3919,-3926,3919,3927,3919,-3927,3917,-3928,3918,-3927,3918,-3926,3919,3926,3918,-3927,3919,-3928,3917,-3927,3918,-3926,3920,-3925,3919,3925,3921,-3926,3920,-3925,3918,-3926,3919,-3925,3922,-3927,3919,-3924,3917,-3920,3914,-3921,3914,3925,3914,-3922,3917,-3922,3916,-3924,3916,-3922,3912,3925,3913,-3927,3916,-3928,3914,-3926,3916,-3927,3914,-3923,3916,-3927,3911,-3927,3911,-3928,3912,3926,3911,-3927,3910,-3925,3913,-3924,3914,-3923,3915,3925,3913,-3922,3913,-3923,3912,-3920,-0.39,SJNFAAZE1U0005576,117.82,13.04,9129.7861328125,79,75,0,0,0,0,15.5,99.17,-172708,100,1528028508.279,17840,2,0,0,0,0,0,0,0,4,376.50,376.50,7F,1,1,1,0080,77,40,40,0,0,19,28.50
03/06/2018 13:21:51,55 59.40535,-2 30.55496,239,0,399,788366,1144818,376.42,55.877,3929,3910,3921,19,0,110.9,43.9,106.2,41.2,none,none,97.7,36.5,3918,-3927,3917,-3924,3920,3924,3923,-3923,3920,-3925,3919,-3926,3921,-3928,3919,3928,3919,-3928,3920,-3928,3920,-3927,3919,-3927,3919,-3929,3918,3928,3919,-3927,3921,-3927,3922,-3925,3921,-3926,3921,3926,3918,-3925,3920,-3925,3923,-3927,3920,-3924,3918,-3920,3915,-3921,3914,-3926,3915,-3922,3916,3921,3915,-3924,3919,-3922,3912,-3924,3915,-3927,3917,3929,3914,-3927,3917,-3926,3915,-3925,3916,-3928,3911,-3927,3910,-3929,3914,-3928,3913,-3928,3910,3927,3913,-3924,3914,-3925,3917,-3926,3913,-3924,3914,3924,3912,-3921,-0.37,SJNFAAZE1U0005576,117.82,13.04,9129.7861328125,79,75,0,0,0,0,15.5,99.17,-172708,100,1528028511.761,17320,2,0,0,0,0,0,0,0,4,376.42,376.42,7F,1,1,1,0080,77,40,40,0,0,19,28.50
03/06/2018 13:21:55,55 59.40535,-2 30.55496,239,0,399,787863,1144818,376.32,55.755,3929,3909,3920,20,0,110.9,43.9,106.5,41.4,none,none,97.7,36.5,3916,3928,3915,-3925,3918,3924,3920,-3923,3917,-3926,3917,-3926,3918,3928,3917,-3927,3918,-3928,3918,-3926,3918,-3925,3918,-3927,3918,-3929,3917,-3928,3917,-3927,3919,3926,3920,-3925,3919,-3925,3919,-3926,3918,-3925,3918,3924,3920,-3927,3918,-3924,3916,-3921,3912,-3921,3912,-3924,3914,-3922,3916,-3922,3915,-3923,3916,3922,3911,-3925,3912,-3926,3915,-3929,3913,-3925,3915,3926,3913,-3925,3916,-3926,3910,-3927,3911,-3928,3912,-3926,3911,-3928,3909,-3924,3911,-3924,3914,3924,3914,-3925,3911,-3923,3912,-3923,3911,-3920,-0.38,SJNFAAZE1U0005576,117.82,13.04,9129.7861328125,79,75,0,0,0,0,15.5,99.17,-172708,100,1528028515.496,17200,2,0,0,0,0,0,0,0,4,376.28,376.28,7F,1,1,1,0080,77,40,40,0,0,19,30.50
03/06/2018 13:21:59,55 59.40535,-2 30.55496,239,0,398,787261,1144818,375.26,82.763,3917,3900,3909,17,0,110.9,43.9,106.5,41.4,none,none,97.7,36.5,3906,-3915,3906,-3913,3907,3912,3911,3913,3908,-3914,3909,-3915,3908,-3917,3906,-3916,3908,3916,3908,-3916,3908,-3915,3908,-3915,3909,-3917,3907,-3916,3907,-3915,3910,-3916,3909,-3913,3909,3914,3909,-3914,3907,-3914,3908,-3914,3910,-3916,3908,3913,3906,-3909,3903,-3909,3901,-3912,3904,-3908,3905,-3910,3905,-3912,3905,-3909,3901,-3911,3903,3915,3905,-3916,3903,-3914,3906,-3914,3904,-3912,3909,3914,3901,-3915,3900,-3915,3903,-3914,3904,-3916,3900,-3913,3902,-3912,3904,-3912,3903,-3912,3902,3911,3903,-3911,3900,-3908,-0.39,SJNFAAZE1U0005576,117.82,13.04,9129.7861328125,79,75,0,0,0,0,15.5,99.17,-172708,100,1528028519.229,23400,2,0,0,0,0,0,0,0,4,375.33,375.33,7F,1,1,1,0080,77,40,40,0,0,19,45.50
03/06/2018 13:22:03,55 59.40535,-2 30.55496,239,0,398,786459,1144818,374.88,84.929,3916,3896,3905,20,0,110.9,43.9,106.5,41.4,none,none,97.7,36.5,3906,-3904,3908,-3901,3909,3903,3910,-3904,3909,-3905,3910,3905,3911,-3905,3911,-3905,3910,-3904,3910,-3905,3911,3903,3911,-3906,3912,-3905,3912,-3904,3912,-3906,3910,-3906,3911,-3905,3909,-3907,3910,-3904,3909,3904,3909,-3904,3911,-3907,3908,-3904,3907,-3901,3904,3897,3905,-3900,-3905,3898,-3907,-3899,-3908,3899,-3909,3897,-3907,3897,-3911,3899,-3911,3900,-3909,3901,-3912,3901,-3910,3900,-3916,3896,-3911,3897,-3912,3897,-3913,3897,-3913,3897,-3909,3899,-3908,3898,-3910,3900,-3907,3901,-3906,3899,3907,3898,-3906,3896,-0.41,SJNFAAZE1U0005576,117.81,13.04,9129.7861328125,79,75,0,0,0,0,15.5,99.17,-172708,100,1528028523.025,26000,2,0,0,4,0,0,0,0,4,375.00,375.00,7F,1,1,1,0080,77,40,40,0,0,19,43.50
03/06/2018 13:22:06,55 59.40535,-2 30.55496,239,0,398,785725,1144818,374.59,82.610,3911,3892,3902,19,0,110.9,43.9,106.5,41.4,none,none,97.7,36.5,-3904,3901,-3905,3899,-3907,3902,-3908,3901,-3907,3902,-3907,3902,-3908,3902,-3908,3901,-3908,3902,-3908,3902,-3909,3902,-3909,3903,-3908,3901,-3909,3900,-3907,3904,-3907,3903,-3907,3902,-3906,3904,-3907,3901,-3907,3902,-3907,3901,-3908,3905,-3906,3901,-3903,3898,-3901,3893,-3902,3896,-3903,3896,-3904,3897,-3905,3896,-3907,3895,-3903,3894,-3908,3895,-3908,3899,-3908,3896,-3909,3898,-3906,3897,-3911,3892,-3908,3893,-3907,3895,-3910,3895,-3909,3896,-3906,3894,-3904,3896,-3909,3896,-3905,3898,-3903,3894,-3905,3895,-3904,3895,-0.39,SJNFAAZE1U0005576,117.81,13.04,9129.7861328125,79,75,0,0,0,0,15.5,99.17,-172708,100,1528028526.702,25240,2,0,0,0,0,0,0,0,4,374.82,374.82,7F,1,1,1,0080,77,40,40,0,0,19,43.25
03/06/2018 13:22:10,55 59.40535,-2 30.55496,239,0,397,784927,1144818,374.50,83.465,3911,3892,3901,19,0,110.9,43.9,106.5,41.4,none,none,97.7,36.5,-3903,3900,-3904,3897,-3906,3901,-3906,3900,-3906,3900,-3906,3901,-3906,3900,-3907,3900,-3906,3901,-3907,3901,-3907,3901,-3907,3902,-3907,3901,-3909,3900,-3906,3902,-3907,3902,-3906,3901,-3906,3904,-3906,3901,-3906,3901,-3905,3901,-3907,3903,-3904,3900,-3902,3898,-3900,3893,-3901,3896,-3902,3895,-3903,3895,-3905,3895,-3905,3893,-3902,3893,-3907,3895,-3908,3897,-3905,3897,-3908,3897,-3905,3896,-3911,3892,-3908,3893,-3907,3894,-3911,3894,-3909,3894,-3905,3895,-3902,3894,-3906,3897,-3904,3897,-3901,3895,-3902,3894,-3900,3893,-0.40,SJNFAAZE1U0005576,117.81,13.04,9129.7861328125,79,75,0,0,0,0,15.5,99.17,-172708,100,1528028530.738,25240,2,0,0,0,0,0,0,0,4,374.61,374.61,7F,1,1,1,0080,78,40,40,0,0,19,43.50
03/06/2018 13:22:14,55 59.40535,-2 30.55496,239,0,397,784154,1144818,374.59,71.776,3910,3893,3902,17,0,110.9,43.9,106.5,41.4,none,none,97.5,36.4,-3903,3901,-3905,3898,-3907,3903,-3907,3901,-3906,3904,-3907,3903,-3908,3902,-3908,3902,-3906,3904,-3907,3901,-3908,3903,-3908,3904,-3910,3902,-3909,3902,-3907,3906,-3907,3904,-3907,3903,-3907,3905,-3906,3902,-3907,3902,-3907,3904,-3908,3905,-3906,3903,-3903,3899,-3900,3895,-3901,3896,-3903,3897,-3905,3897,-3903,3898,-3906,3897,-3903,3895,-3907,3896,-3908,3901,-3907,3895,-3909,3898,-3907,3897,-3908,3893,-3908,3894,-3906,3895,-3910,3894,-3910,3896,-3906,3896,-3905,3895,-3907,3894,-3904,3899,-3902,3894,-3905,3896,-3902,3896,-0.42,SJNFAAZE1U0005576,117.81,13.04,9129.7861328125,79,75,0,0,0,0,15.5,99.17,-172708,100,1528028534.503,23480,2,0,0,0,0,0,0,0,4,374.85,374.85,7F,1,1,1,0080,78,40,40,0,0,19,35.00
03/06/2018 13:22:18,55 59.40535,-2 30.55496,239,0,396,783541,1144818,374.88,66.558,3913,3896,3905,17,0,110.9,43.9,106.5,41.4,none,none,97.7,36.5,-3906,3903,-3909,3902,-3912,3905,-3911,3903,-3911,3906,-3911,3906,-3911,3904,-3911,3905,-3911,3905,-3912,3904,-3912,3904,-3912,3906,-3912,3904,-3913,3905,-3911,3908,-3911,3906,-3911,3906,-3910,3908,-3910,3905,-3910,3905,-3911,3904,-3913,3907,-3910,3904,-3908,3901,-3905,3896,-3906,3899,-3906,3901,-3907,3899,-3908,3900,-3910,3898,-3906,3898,-3911,3898,-3913,3902,-3910,3899,-3910,3903,-3909,3900,-3912,3896,-3912,3896,-3910,3899,-3913,3898,-3912,3899,-3911,3900,-3908,3898,-3910,3898,-3907,3901,-3905,3898,-3907,3899,-3907,3898,-0.43,SJNFAAZE1U0005576,117.81,13.04,9129.7861328125,79,75,0,0,0,0,15.5,99.17,-172708,100,1528028538.274,20080,2,0,0,0,0,0,0,0,4,374.89,374.89,7F,1,1,1,0080,78,40,40,0,0,19,30.25
03/06/2018 13:22:22,55 59.40535,-2 30.55496,239,0,396,783001,1144818,375.36,49.956,3919,3900,3910,19,0,110.9,43.9,106.5,41.4,none,none,97.7,36.5,3907,-3917,3906,3914,3910,3914,3912,-3913,3909,-3916,3909,-3916,3909,3917,3909,-3917,3909,-3917,3908,-3916,3910,-3916,3909,-3917,3911,-3919,3909,-3917,3909,-3917,3911,3915,3911,-3915,3909,-3916,3910,-3915,3910,-3914,3909,3914,3911,-3917,3908,-3914,3906,-3910,3905,-3911,3903,-3913,3905,-3911,3907,-3911,3905,-3913,3906,3912,3903,-3915,3905,-3917,3905,-3918,3903,-3916,3907,3917,3905,-3914,3907,-3917,3902,-3917,3901,-3918,3904,-3917,3903,-3917,3900,-3916,3903,-3915,3906,3915,3906,-3915,3903,-3912,3903,-3914,3902,-3909,-0.41,SJNFAAZE1U0005576,117.81,13.04,9129.7861328125,79,75,0,0,0,0,15.5,99.17,-172708,100,1528028542.199,16000,2,0,0,0,0,0,0,0,4,375.43,375.43,7F,1,1,1,0080,78,40,40,0,0,19,23.25
03/06/2018 13:22:26,55 59.40535,-2 30.55496,239,0,396,782574,1144818,375.84,36.834,3924,3905,3915,19,0,110.9,43.9,106.5,41.4,none,none,97.7,36.5,3912,-3921,3910,-3919,3913,3918,3916,3917,3913,-3920,3913,-3919,3913,-3922,3912,-3920,3912,3921,3912,-3921,3914,-3921,3912,-3921,3913,-3924,3911,-3922,3914,-3920,3914,-3920,3913,-3918,3915,3919,3913,-3920,3913,-3919,3914,-3919,3917,-3922,3914,3918,3912,-3915,3910,-3915,3908,-3918,3910,-3917,3912,-3915,3910,-3917,3911,-3917,3908,-3920,3910,3920,3910,-3923,3908,-3919,3911,-3920,3909,-3919,3909,3922,3907,-3921,3905,-3923,3908,-3921,3908,-3922,3905,-3919,3907,-3918,3909,-3917,3910,-3919,3908,3917,3909,-3918,3907,-3913,-0.41,SJNFAAZE1U0005576,117.81,13.04,9131.3955078125,79,75,0,0,0,0,15.5,99.17,-172708,100,1528028546.172,12920,2,1,0,4,0,0,0,0,4,375.90,375.90,7F,1,1,1,0080,78,40,40,0,0,19,19.00
03/06/2018 13:22:29,55 59.40535,-2 30.55496,239,0,396,782259,1144818,376.22,31.798,3926,3910,3919,16,0,110.9,43.9,106.5,41.4,none,none,97.7,36.5,3917,-3925,3916,-3922,3917,3922,3920,-3921,3918,-3923,3917,3924,3918,-3926,3917,-3925,3917,-3925,3918,-3925,3919,3923,3918,-3925,3918,-3926,3917,-3925,3918,-3924,3918,-3923,3919,-3923,3919,-3924,3919,-3923,3918,3923,3919,-3921,3921,-3924,3917,-3922,3916,-3920,3914,3920,3913,-3922,3914,-3920,3916,-3920,3916,-3921,3916,-3920,3913,-3923,3915,-3924,3915,-3925,3914,3924,3915,-3924,3913,-3922,3914,-3925,3912,-3923,3911,3925,3913,-3925,3912,-3925,3910,-3923,3912,-3922,3914,-3921,3916,3923,3912,-3921,3914,-3922,3912,-3918,-0.42,SJNFAAZE1U0005576,117.81,13.04,9131.3955078125,79,75,0,0,0,0,15.5,99.17,-172708,100,1528028549.852,8960,2,0,0,0,0,0,0,0,4,376.18,376.18,7F,1,1,1,0080,78,40,40,0,0,19,13.25
03/06/2018 13:22:33,55 59.40535,-2 30.55496,239,0,396,782003,1144818,376.32,31.676,3929,3909,3920,20,0,111.2,44.0,106.5,41.4,none,none,97.7,36.5,3917,-3928,3916,-3924,3919,3923,3922,-3923,3918,-3926,3919,-3926,3919,-3928,3918,3927,3917,-3925,3919,-3925,3920,-3926,3919,-3926,3919,3929,3917,-3927,3918,-3926,3921,-3925,3920,-3925,3919,-3926,3921,-3925,3919,-3925,3920,-3923,3922,3927,3918,-3924,3917,-3920,3914,-3923,3914,-3925,3915,3921,3917,-3922,3915,-3923,3917,-3922,3913,-3924,3913,-3926,3915,-3927,3913,-3926,3915,-3925,3913,3924,3917,-3927,3912,-3927,3911,-3926,3912,-3926,3912,-3927,3909,3925,3913,-3924,3914,-3925,3915,-3924,3913,-3922,3914,3923,3912,-3919,-0.42,SJNFAAZE1U0005576,117.81,13.04,9131.3955078125,79,75,0,0,0,0,15.5,99.17,-172708,100,1528028553.417,9080,2,0,0,0,0,0,0,0,4,376.27,376.27,7F,1,1,1,0080,78,40,40,0,0,19,14.50
03/06/2018 13:22:37,55 59.40535,-2 30.55496,239,0,396,781715,1144818,376.22,34.148,3927,3910,3919,17,0,110.9,43.9,106.5,41.4,none,none,97.7,36.5,3922,3917,3922,-3915,-3923,3917,-3923,-3917,-3922,3918,-3922,3918,-3924,3917,-3924,3917,-3923,3918,-3924,3918,-3925,3917,-3924,3919,-3925,3918,-3925,3917,-3924,3919,-3923,3919,-3923,3918,-3923,3919,-3923,3917,-3923,3917,-3924,3917,-3925,3920,-3922,3917,-3921,3914,-3920,3911,-3921,3914,-3922,3914,-3922,3913,-3922,3912,-3924,3913,-3922,3911,-3925,3913,3926,-3914,3924,3914,3925,3915,3924,-3913,3925,-3910,3925,-3910,3925,-3910,3927,-3911,3926,-3911,3923,-3911,3922,-3912,3924,3912,3923,-3915,3921,-3913,3923,-3912,3920,-3911,-0.39,SJNFAAZE1U0005576,117.81,13.04,9131.3955078125,79,75,0,0,0,0,15.5,99.17,-172708,100,1528028557.034,10360,2,0,0,0,0,0,0,0,4,376.23,376.23,7F,1,1,1,0080,78,40,40,0,0,19,18.25
03/06/2018 13:22:40,55 59.40535,-2 30.55496,239,0,395,781388,1144818,376.13,39.367,3924,3910,3918,14,0,110.9,43.9,106.5,41.4,none,none,97.7,36.5,-3920,3918,-3921,3915,-3923,3917,-3921,3917,-3921,3917,-3922,3917,-3923,3917,-3923,3918,-3922,3917,-3922,3917,-3922,3917,-3922,3919,-3924,3918,-3923,3917,-3922,3919,-3922,3918,-3922,3918,-3921,3920,-3922,3917,-3922,3916,-3922,3916,-3924,3920,-3921,3917,-3920,3914,-3918,3911,-3919,3914,-3919,3914,-3921,3913,-3920,3913,-3922,3911,-3919,3913,-3923,3912,-3924,3915,-3922,3914,-3923,3913,-3921,3913,-3924,3911,-3923,3910,-3923,3910,-3924,3912,-3924,3912,-3921,3912,-3920,3912,-3923,3914,-3922,3914,-3919,3912,-3920,3912,-3918,3910,-0.41,SJNFAAZE1U0005576,117.81,13.04,9131.3955078125,79,75,0,0,0,0,15.5,99.17,-172708,100,1528028560.672,11640,2,0,0,0,0,0,0,0,4,376.03,376.03,7F,1,1,1,0080,78,40,40,0,0,19,12.00
03/06/2018 13:22:44,55 59.40535,-2 30.55496,239,0,395,781154,1144818,376.61,25.786,3930,3916,3923,14,0,110.9,43.9,106.5,41.4,none,none,97.7,36.5,-3926,3923,-3925,3921,-3928,3922,-3927,3922,-3926,3924,-3927,3924,-3928,3923,-3927,3923,-3927,3924,-3926,3923,-3929,3923,-3927,3925,-3928,3924,-3928,3923,-3926,3924,-3926,3924,-3927,3924,-3926,3925,-3926,3923,-3925,3922,-3927,3924,-3929,3925,-3926,3923,-3926,3922,-3924,3917,-3925,3920,-3924,3919,-3926,3918,-3926,3919,-3927,3917,-3925,3916,-3927,3919,-3929,3921,-3927,3919,-3928,3920,-3927,3919,-3929,3917,-3929,3916,-3928,3917,-3930,3916,-3928,3918,-3927,3917,-3926,3917,-3927,3919,-3926,3920,-3923,3917,-3926,3918,-3924,3918,-0.42,SJNFAAZE1U0005576,117.81,13.04,9131.3955078125,79,75,0,0,0,0,15.5,99.17,-172708,100,1528028564.452,7840,2,0,0,0,0,0,0,0,4,376.55,376.55,7F,1,1,1,0080,78,40,40,0,0,19,10.25
03/06/2018 13:22:48,55 59.40535,-2 30.55496,239,0,395,780960,1144818,376.80,17.821,3932,3916,3925,16,0,111.2,44.0,106.5,41.4,none,none,97.7,36.5,-3927,3924,-3929,3922,-3930,3924,-3929,3924,-3929,3924,-3929,3925,-3930,3924,-3932,3924,-3930,3924,-3930,3923,-3931,3923,-3931,3924,-3932,3925,-3931,3923,-3931,3925,-3930,3926,-3930,3925,-3928,3926,-3929,3923,-3929,3923,-3928,3923,-3932,3927,-3929,3923,-3928,3921,-3926,3918,-3928,3921,-3929,3920,-3929,3921,-3929,3919,-3930,3918,-3928,3917,-3931,3919,-3932,3921,-3930,3919,-3931,3921,-3929,3919,-3932,3916,-3932,3917,-3932,3916,-3932,3916,-3932,3917,-3931,3918,-3926,3918,-3930,3920,-3929,3921,-3926,3918,-3928,3918,-3927,3919,-0.43,SJNFAAZE1U0005576,117.81,13.04,9131.3955078125,79,75,0,0,0,0,15.5,99.17,-172708,100,1528028568.574,6600,2,0,0,0,0,0,0,0,4,376.89,376.89,7F,1,1,1,0080,78,40,40,0,0,19,8.25
03/06/2018 13:22:52,55 59.40535,-2 30.55496,239,0,395,780799,1144818,377.09,13.885,3935,3918,3928,17,0,110.9,43.9,106.5,41.4,none,none,97.7,36.5,-3930,3927,-3931,3924,-3932,3926,-3932,3925,-3932,3927,-3932,3928,-3933,3926,-3933,3925,-3932,3925,-3931,3926,-3934,3926,-3934,3928,-3933,3926,-3933,3925,-3932,3928,-3931,3928,-3932,3927,-3931,3930,-3932,3926,-3931,3925,-3931,3926,-3934,3928,-3931,3926,-3930,3923,-3929,3922,-3931,3924,-3931,3922,-3932,3923,-3931,3922,-3933,3922,-3931,3919,-3934,3921,-3934,3925,-3933,3922,-3934,3923,-3932,3923,-3933,3920,-3934,3919,-3934,3918,-3935,3920,-3934,3921,-3933,3921,-3931,3922,-3934,3921,-3932,3925,-3930,3920,-3931,3922,-3930,3922,-0.43,SJNFAAZE1U0005576,117.81,13.04,9131.3955078125,79,75,0,0,0,0,15.5,99.17,-172708,100,1528028572.344,4840,2,0,0,0,0,0,0,0,4,377.10,377.10,7F,1,1,1,0080,78,40,40,0,0,19,4.75
03/06/2018 13:22:55,55 59.40535,-2 30.55496,239,0,395,780700,1144818,377.28,8.544,3937,3922,3930,15,0,110.9,43.9,106.5,41.4,none,none,97.7,36.5,3929,-3936,3926,-3933,3930,3934,3931,-3932,3928,-3934,3930,3934,3930,-3935,3928,-3936,3929,-3934,3930,-3935,3930,3934,3929,-3935,3930,-3937,3929,-3936,3930,-3935,3930,-3934,3932,-3933,3931,-3934,3931,-3934,3930,3933,3930,-3933,3933,-3935,3929,-3933,3928,-3931,3926,-3932,3927,3933,3927,-3932,3929,-3930,3927,-3932,3929,-3932,3923,3935,3925,-3935,3927,-3937,3925,-3935,3927,-3935,3927,-3934,3925,-3935,3924,-3936,3922,-3937,3925,3936,3925,-3935,3922,-3934,3923,-3934,3926,-3935,3928,3936,3925,-3932,3925,-3933,3925,-3929,-0.45,SJNFAAZE1U0005576,117.81,13.04,9131.3955078125,79,75,0,0,0,0,15.5,99.17,-172708,100,1528028575.879,3200,2,0,0,0,0,0,0,0,4,377.35,377.35,7F,1,1,1,0080,78,40,40,0,0,19,5.75
03/06/2018 13:22:59,55 59.40535,-2 30.55496,239,0,395,780575,1144818,376.99,21.636,3934,3918,3927,16,0,110.9,43.9,106.5,41.4,none,none,97.7,36.5,3925,-3933,3923,-3931,3926,3930,3927,-3929,3926,-3932,3926,-3932,3926,-3932,3924,3933,3925,-3932,3925,-3932,3926,-3931,3926,-3933,3926,3934,3924,-3933,3925,-3933,3926,-3932,3927,-3931,3926,-3932,3925,3931,3925,-3931,3926,-3931,3928,-3933,3925,-3930,3925,-3927,3923,-3928,3922,-3931,3922,-3928,3925,3927,3924,-3930,3925,-3929,3922,-3930,3921,-3931,3923,3934,3921,-3931,3924,-3932,3922,-3930,3922,-3932,3919,-3933,3918,-3932,3920,-3931,3920,-3933,3918,3930,3919,-3929,3922,-3928,3924,-3932,3922,-3927,3922,3930,3920,-3927,-0.45,SJNFAAZE1U0005576,117.81,13.04,9131.3955078125,79,75,0,0,0,0,15.5,99.17,-172708,100,1528028579.672,5360,2,0,0,0,0,0,0,0,4,377.05,377.05,7F,1,1,1,0080,78,40,40,0,0,19,11.25
03/06/2018 13:23:03,55 59.40535,-2 30.55496,239,0,395,780303,1144818,376.51,35.827,3931,3913,3922,18,0,110.9,43.9,106.5,41.4,none,none,97.7,36.5,3919,3929,3917,-3926,3919,3924,3923,-3925,3920,-3928,3920,-3927,3920,-3928,3920,-3929,3920,-3928,3921,3927,3920,-3927,3920,-3928,3921,-3930,3919,-3928,3920,3928,3922,-3926,3921,-3926,3922,-3926,3921,-3926,3920,-3926,3920,3925,3923,-3928,3920,-3926,3918,-3921,3916,-3923,3915,-3927,3917,-3924,3919,-3923,3917,-3925,3919,3924,3914,-3927,3915,-3928,3917,-3931,3916,-3927,3918,3928,3915,-3925,3918,-3928,3913,-3928,3914,-3929,3913,-3929,3913,-3929,3913,-3927,3915,-3927,3915,3925,3917,-3928,3915,-3925,3915,-3926,3914,-3922,-0.43,SJNFAAZE1U0005576,117.81,13.04,9131.3955078125,79,75,0,0,0,0,15.5,99.17,-172708,100,1528028583.501,10600,2,0,0,0,0,0,0,0,4,376.49,376.49,7F,1,1,1,0080,78,40,40,0,0,19,16.00
03/06/2018 13:23:07,55 59.40535,-2 30.55496,239,0,395,780001,1144818,376.51,31.951,3931,3912,3922,19,0,110.9,43.9,106.5,41.4,none,none,97.7,36.5,3919,-3928,3917,-3926,3920,3925,3923,-3924,3920,-3927,3920,-3927,3921,-3928,3919,-3928,3920,-3929,3919,-3928,3922,-3927,3920,3927,3920,-3929,3919,-3928,3919,-3928,3921,-3927,3922,-3926,3921,3927,3921,-3926,3920,-3926,3920,-3926,3924,-3927,3920,3925,3919,-3922,3917,-3923,3915,-3927,3918,-3925,3919,-3924,3916,-3925,3919,-3925,3913,-3926,3916,3927,3916,-3931,3915,-3926,3918,-3928,3916,-3926,3916,3928,3913,-3928,3913,-3929,3914,-3929,3914,-3929,3912,-3927,3914,-3926,3916,-3925,3918,-3929,3916,3924,3916,-3926,3914,-3922,-0.40,SJNFAAZE1U0005576,117.81,13.04,9131.3955078125,79,75,0,0,0,0,15.5,99.17,-172708,100,1528028587.174,10600,2,0,0,0,0,0,0,0,4,376.58,376.58,7F,1,1,1,0080,78,40,40,0,0,19,14.25
03/06/2018 13:23:11,55 59.40535,-2 30.55496,239,0,394,779713,1144818,376.51,31.035,3931,3914,3922,17,0,110.9,43.9,106.5,41.4,none,none,97.5,36.4,-3925,3922,-3925,3919,-3928,3921,-3926,3919,-3927,3922,-3926,3922,-3928,3922,-3927,3921,-3927,3921,-3927,3921,-3928,3920,-3927,3922,-3927,3922,-3928,3919,3927,-3922,3926,-3923,3927,-3923,3927,-3924,3925,-3921,3925,3921,3927,-3922,3928,-3924,3924,-3921,3924,-3919,3923,3917,3925,-3917,-3925,3918,-3927,-3917,-3926,3917,-3928,3916,-3926,3915,-3929,3917,-3929,3918,-3927,3917,-3928,3917,-3926,3917,-3930,3914,-3928,3914,-3928,3914,-3931,3914,-3929,3915,-3928,3916,-3925,3915,-3926,3916,-3926,3920,-3925,3916,-3926,3916,-3924,3916,-0.44,SJNFAAZE1U0005576,117.81,13.04,9131.3955078125,79,75,0,0,0,0,15.5,99.17,-172708,100,1528028591.164,9760,2,0,0,0,0,0,0,0,4,376.58,376.58,7F,1,1,1,0080,78,40,40,0,0,19,18.50
03/06/2018 13:23:15,55 59.40535,-2 30.55496,239,0,394,779312,1144818,375.46,58.501,3918,3903,3911,15,0,110.9,43.9,106.5,41.4,none,none,97.7,36.5,-3913,3911,-3913,3908,-3915,3910,-3914,3910,-3913,3912,-3915,3912,-3916,3911,-3916,3911,-3915,3912,-3915,3911,-3916,3910,-3916,3912,-3916,3912,-3916,3912,-3915,3913,-3914,3913,-3916,3911,-3914,3914,-3915,3910,-3915,3910,-3915,3910,-3916,3913,-3913,3911,-3912,3908,-3910,3905,-3911,3907,-3912,3906,-3913,3906,-3913,3906,-3914,3904,-3912,3905,-3915,3905,-3918,3909,-3914,3907,-3917,3908,-3914,3907,-3918,3903,-3916,3905,-3916,3905,-3917,3905,-3916,3905,-3914,3905,-3913,3905,-3914,3907,-3913,3908,-3911,3905,-3912,3904,-3913,3905,-0.44,SJNFAAZE1U0005576,117.81,13.04,9131.3955078125,79,75,0,0,0,0,15.5,99.17,-172708,100,1528028595.011,15760,2,0,0,0,0,0,0,0,4,375.62,375.62,7F,1,1,1,0080,78,40,40,0,0,19,36.00
03/06/2018 13:23:18,55 59.40535,-2 30.55496,239,0,394,778611,1144818,374.11,93.666,3907,3889,3897,18,0,110.9,43.9,106.2,41.2,none,none,97.5,36.4,-3899,3897,-3901,3895,-3902,3896,-3901,3896,-3901,3897,-3901,3898,-3903,3897,-3903,3896,-3902,3898,-3902,3896,-3903,3897,-3903,3898,-3903,3897,-3904,3897,-3902,3899,-3901,3899,-3902,3898,-3901,3900,-3901,3896,-3902,3897,-3901,3896,-3903,3899,-3900,3896,-3899,3894,-3896,3889,-3897,3892,-3897,3891,-3899,3891,-3899,3891,-3900,3889,-3898,3890,-3903,3891,-3903,3893,-3900,3892,-3903,3893,-3901,3891,-3907,3889,-3903,3889,-3903,3890,-3905,3890,-3903,3891,-3901,3890,-3898,3891,-3902,3893,-3899,3892,-3897,3889,-3899,3889,-3897,3889,-0.43,SJNFAAZE1U0005576,117.81,13.04,9131.3955078125,79,75,0,0,0,0,15.5,99.17,-172708,100,1528028598.832,27280,2,0,0,0,0,0,0,0,4,374.21,374.21,7F,1,1,1,0080,78,40,40,0,0,19,47.00
03/06/2018 13:23:22,55 59.40535,-2 30.55496,239,0,394,777818,1144818,374.02,84.167,3905,3887,3896,18,0,110.9,43.9,106.2,41.2,none,none,97.5,36.4,-3896,3894,-3900,3893,-3901,3895,-3901,3895,-3900,3896,-3901,3898,-3901,3897,-3902,3896,-3901,3897,-3902,3896,-3903,3895,-3902,3897,-3903,3896,-3902,3895,-3902,3898,-3901,3898,-3901,3898,-3901,3899,-3901,3896,-3900,3896,-3901,3896,-3903,3899,-3900,3894,-3896,3893,-3895,3889,-3897,3892,-3897,3891,-3898,3890,-3899,3890,-3901,3889,-3897,3890,-3901,3890,-3904,3893,-3901,3891,-3902,3892,-3900,3891,-3905,3887,-3902,3888,-3901,3889,-3903,3890,-3902,3889,-3899,3889,-3898,3890,-3899,3890,-3897,3892,-3896,3889,-3897,3889,-3897,3889,-0.45,SJNFAAZE1U0005576,117.81,13.04,9131.3955078125,79,75,0,0,0,0,15.5,99.17,-172708,100,1528028602.401,25240,2,0,0,0,0,0,0,0,4,374.03,374.03,7F,1,1,1,0080,78,40,40,0,0,19,39.75
03/06/2018 13:23:25,55 59.40535,-2 30.55496,239,0,393,777148,1144818,374.11,77.117,3905,3889,3897,16,0,110.9,43.9,106.2,41.2,none,none,97.5,36.4,-3897,3897,-3900,3894,-3901,3896,-3901,3896,-3901,3896,-3901,3898,-3903,3898,-3902,3897,-3902,3897,-3902,3896,-3903,3897,-3903,3899,-3904,3897,-3903,3897,-3902,3899,-3902,3899,-3901,3897,-3901,3900,-3902,3898,-3900,3897,-3902,3896,-3903,3899,-3900,3896,-3898,3894,-3894,3890,-3897,3892,-3897,3890,-3897,3891,-3900,3891,-3900,3889,-3898,3890,-3901,3890,-3903,3893,-3901,3893,-3902,3893,-3899,3893,-3905,3889,-3901,3889,-3902,3890,-3903,3891,-3901,3891,-3900,3890,-3898,3891,-3900,3893,-3897,3894,-3896,3890,-3897,3890,-3897,3890,-0.46,SJNFAAZE1U0005576,117.81,13.04,9131.3955078125,79,75,0,0,0,0,15.5,99.17,-172708,100,1528028605.984,23280,2,0,0,0,0,0,0,0,4,374.15,374.15,7F,1,1,1,0080,78,40,40,0,0,19,40.75
03/06/2018 13:23:29,55 59.40535,-2 30.55496,239,0,393,776419,1144818,373.73,79.589,3902,3882,3893,20,0,110.9,43.9,106.2,41.2,none,none,97.5,36.4,3888,3899,3889,-3898,3891,3897,3895,-3896,3892,-3899,3892,-3900,3892,3901,3891,-3900,3891,-3900,3893,-3900,3893,-3899,3893,-3901,3891,-3902,3891,-3901,3892,-3899,3893,3899,3894,-3898,3893,-3899,3893,-3897,3891,-3898,3893,3898,3895,-3900,3892,-3897,3891,-3893,3884,-3893,3885,-3896,3886,-3894,3888,-3893,3887,-3895,3889,3893,3882,-3897,3885,-3899,3888,-3901,3886,-3897,3888,3898,3885,-3897,3889,-3899,3884,-3899,3882,-3900,3885,-3899,3885,-3902,3883,-3897,3884,-3896,3887,3896,3886,-3897,3884,-3894,3884,-3895,3885,-3893,-0.46,SJNFAAZE1U0005576,117.81,13.04,9133.0048828125,79,75,0,0,0,0,15.5,99.17,-172708,100,1528028609.758,23480,2,0,0,0,0,0,0,0,4,373.85,373.85,7F,1,1,1,0080,78,40,40,0,0,19,42.25
03/06/2018 13:23:33,55 59.40535,-2 30.55496,239,0,392,775676,1144818,373.34,85.876,3898,3878,3889,20,0,110.9,43.9,106.5,41.4,none,none,97.7,36.5,3886,-3896,3885,-3893,3887,3893,3890,3891,3888,-3895,3888,-3895,3889,-3897,3887,-3897,3888,3896,3888,-3896,3888,-3896,3889,-3896,3890,-3898,3888,-3897,3888,-3894,3890,-3897,3890,-3894,3890,3896,3889,-3895,3888,-3894,3888,-3893,3891,-3895,3887,3893,3886,-3889,3883,-3889,3881,-3891,3883,-3890,3885,-3890,3885,-3891,3884,-3890,3880,-3894,3885,3896,3885,-3898,3883,-3896,3886,-3896,3883,-3894,3887,3896,3880,-3896,3880,-3898,3882,-3897,3883,-3897,3878,-3894,3881,-3894,3884,-3894,3884,-3894,3881,3891,3882,-3891,3880,-3888,-0.45,SJNFAAZE1U0005576,117.81,13.04,9133.0048828125,79,75,0,0,0,0,15.5,99.17,-172708,100,1528028613.355,25120,2,0,0,0,0,0,0,0,4,373.41,373.41,7F,1,1,1,0080,79,40,40,0,0,19,42.75
03/06/2018 13:23:37,55 59.40535,-2 30.55496,239,0,392,774957,1144818,373.25,85.718,3898,3877,3888,21,0,110.9,43.9,106.2,41.2,none,none,97.5,36.4,3883,-3894,3884,-3891,3886,3892,3889,-3891,3886,-3893,3886,3893,3888,-3895,3886,-3895,3887,-3895,3887,-3895,3888,3894,3887,-3896,3888,-3898,3886,-3896,3886,-3895,3889,-3894,3888,-3893,3889,-3894,3888,-3893,3886,3894,3887,-3892,3889,-3895,3886,-3891,3884,-3888,3880,3888,3878,-3891,3881,-3888,3883,-3888,3883,-3891,3883,-3888,3879,-3892,3882,-3894,3882,-3895,3881,3894,3884,-3895,3881,-3892,3886,-3893,3879,-3893,3879,3896,3881,-3895,3879,-3894,3877,-3892,3879,-3892,3882,-3891,3882,3891,3879,-3889,3880,-3890,3878,-3886,-0.46,SJNFAAZE1U0005576,117.81,13.04,9133.0048828125,79,75,0,0,0,0,15.5,99.17,-172708,100,1528028617.030,25120,2,0,0,0,0,0,0,0,4,373.27,373.27,7F,1,1,1,0080,79,40,40,0,0,19,42.00
03/06/2018 13:23:40,55 59.40535,-2 30.55496,239,0,392,774201,1144818,373.06,83.770,3895,3874,3886,21,0,110.9,43.9,106.2,41.2,none,none,97.5,36.4,3881,-3893,3881,-3889,3883,3890,3887,-3889,3884,-3892,3884,-3892,3885,-3893,3884,3894,3884,-3894,3884,-3894,3885,-3893,3885,-3893,3887,3895,3884,-3894,3884,-3893,3886,-3892,3885,-3891,3886,-3892,3886,-3892,3885,-3891,3885,-3891,3887,3894,3883,-3889,3882,-3885,3878,-3885,3877,-3889,3879,3886,3881,-3885,3879,-3889,3881,-3887,3876,-3890,3880,-3891,3880,-3893,3878,-3891,3881,-3892,3879,-3890,3884,-3891,3875,-3893,3874,-3893,3878,-3892,3878,-3894,3874,3891,3877,-3890,3880,-3889,3879,-3888,3877,-3888,3877,3888,3875,-3884,-0.46,SJNFAAZE1U0005576,117.81,13.04,9133.0048828125,79,75,0,0,0,0,15.5,99.17,-172708,100,1528028620.630,25120,2,0,0,0,0,0,0,0,4,373.09,373.09,7F,1,1,1,0080,79,40,40,0,0,19,42.75
03/06/2018 13:23:44,55 59.40535,-2 30.55496,239,0,391,773466,1144818,372.96,84.991,3893,3876,3885,17,0,110.9,43.9,106.5,41.4,none,none,97.5,36.4,3885,3884,3889,-3882,-3890,3884,-3890,-3883,-3889,3886,-3890,3888,-3890,3886,-3891,3886,-3891,3886,-3891,3885,-3892,3886,-3891,3887,-3892,3886,-3893,3885,-3891,3887,-3890,3887,-3890,3886,-3891,3888,-3890,3885,-3889,3885,-3891,3884,-3892,3888,-3888,3884,-3885,3881,-3883,3877,-3884,3879,-3885,3878,-3885,3878,3887,3879,-3889,3878,3885,-3877,3890,-3878,3893,-3881,3889,-3879,3891,3880,3888,-3880,3893,-3876,3891,-3877,3890,-3877,3893,-3877,3892,-3878,3889,-3877,3886,-3877,3889,3878,3886,-3880,3885,-3877,3885,-3877,3885,-3877,-0.44,SJNFAAZE1U0005576,117.81,13.04,9133.0048828125,79,75,0,0,0,0,15.5,99.17,-172708,100,1528028624.394,25120,2,0,0,0,0,0,0,0,4,373.02,373.02,7F,1,1,1,0080,79,40,40,0,0,19,42.50
03/06/2018 13:23:48,55 59.40535,-2 30.55496,239,0,391,772683,1144818,372.58,89.050,3890,3872,3881,18,0,110.9,43.9,106.5,41.4,none,none,97.7,36.5,-3880,3879,-3884,3877,-3887,3881,-3886,3879,-3887,3882,-3886,3882,-3888,3881,-3888,3881,-3886,3882,-3887,3881,-3888,3881,-3888,3883,-3890,3882,-3889,3881,-3886,3883,-3887,3882,-3887,3882,-3888,3885,-3886,3882,-3886,3881,-3886,3882,-3888,3884,-3885,3880,-3882,3878,-3879,3872,-3880,3875,-3880,3876,-3883,3875,-3883,3876,-3886,3873,-3881,3874,-3887,3875,-3889,3878,-3886,3875,-3888,3878,-3884,3877,-3889,3873,-3886,3874,-3886,3875,-3889,3873,-3887,3874,-3885,3874,-3882,3875,-3886,3876,-3883,3876,-3880,3873,-3882,3873,-3882,3873,-0.42,SJNFAAZE1U0005576,117.81,13.04,9133.0048828125,79,75,0,0,0,0,15.5,99.17,-172708,100,1528028628.170,25880,2,0,0,0,0,0,0,0,4,372.61,372.61,7F,1,1,1,0080,79,40,40,0,0,19,40.75
03/06/2018 13:23:52,55 59.40535,-2 30.55496,239,0,391,771966,1144818,373.15,70.586,3895,3878,3887,17,0,110.9,43.9,106.5,41.4,none,none,97.5,36.4,-3888,3885,-3889,3883,-3892,3886,-3892,3885,-3891,3887,-3891,3888,-3893,3886,-3893,3887,-3893,3888,-3893,3887,-3893,3887,-3893,3888,-3894,3887,-3893,3885,-3892,3889,-3892,3890,-3893,3887,-3892,3889,-3892,3888,-3891,3886,-3892,3887,-3893,3889,-3891,3886,-3888,3883,-3884,3878,-3887,3881,-3886,3881,-3889,3881,-3889,3881,-3891,3879,-3888,3879,-3893,3880,-3894,3882,-3890,3882,-3895,3883,-3891,3881,-3894,3878,-3894,3878,-3892,3880,-3895,3879,-3894,3879,-3891,3879,-3888,3881,-3892,3881,-3888,3883,-3887,3880,-3887,3879,-3886,3879,-0.46,SJNFAAZE1U0005576,117.81,13.04,9133.0048828125,79,75,0,0,0,0,15.5,99.17,-172708,100,1528028632.066,21840,2,0,0,0,0,0,0,0,4,373.13,373.13,7F,1,1,1,0080,79,40,40,0,0,19,32.75
03/06/2018 13:23:55,55 59.40535,-2 30.55496,239,0,390,771362,1144818,373.44,58.501,3899,3880,3890,19,0,111.2,44.0,106.5,41.4,none,none,97.7,36.5,-3891,3888,-3894,3886,-3896,3888,-3895,3889,-3895,3890,-3895,3890,-3895,3890,-3897,3890,-3896,3890,-3896,3889,-3897,3889,-3897,3890,-3897,3890,-3897,3889,-3896,3892,-3896,3891,-3896,3890,-3895,3892,-3894,3890,-3895,3889,-3895,3889,-3897,3893,-3894,3888,-3892,3886,-3889,3882,-3891,3884,-3891,3884,-3891,3883,-3893,3884,-3894,3883,-3891,3883,-3897,3883,-3897,3886,-3896,3884,-3898,3886,-3895,3885,-3899,3880,-3897,3882,-3896,3883,-3898,3883,-3897,3882,-3894,3882,-3892,3884,-3896,3884,-3892,3885,-3890,3883,-3891,3882,-3891,3882,-0.44,SJNFAAZE1U0005576,117.81,13.04,9133.0048828125,79,75,0,0,0,0,15.5,99.17,-172708,100,1528028635.790,18720,2,0,0,0,0,0,0,0,4,373.51,373.51,7F,1,1,1,0080,80,40,40,0,0,19,27.25
03/06/2018 13:23:59,55 59.40535,-2 30.55496,239,0,390,770883,1144818,373.92,47.057,3903,3887,3895,16,0,111.2,44.0,106.5,41.4,none,none,97.7,36.5,-3896,3893,-3898,3892,-3899,3893,-3899,3893,-3898,3895,-3899,3895,-3900,3894,-3900,3895,-3900,3895,-3900,3894,-3901,3894,-3901,3896,-3902,3895,-3901,3893,-3900,3896,-3900,3896,-3901,3895,-3899,3896,-3900,3896,-3899,3894,-3900,3894,-3902,3897,-3898,3893,-3897,3892,-3893,3887,-3896,3889,-3895,3888,-3895,3889,-3897,3889,-3898,3888,-3897,3887,-3900,3888,-3903,3891,-3900,3889,-3900,3890,-3899,3890,-3903,3887,-3901,3887,-3900,3887,-3902,3888,-3902,3887,-3899,3888,-3897,3888,-3900,3889,-3897,3890,-3895,3887,-3896,3888,-3896,3887,-0.46,SJNFAAZE1U0005576,117.81,13.04,9133.0048828125,79,75,0,0,0,0,15.5,99.17,-172708,100,1528028639.665,16040,2,0,0,0,0,0,0,0,4,373.86,373.86,7F,1,1,1,0080,80,40,40,0,0,19,22.25
03/06/2018 13:24:03,55 59.40535,-2 30.55496,239,0,390,770470,1144818,374.30,38.726,3908,3889,3899,19,0,111.2,44.0,106.5,41.4,none,none,97.7,36.5,3896,-3906,3895,-3902,3898,3902,3901,-3902,3898,-3905,3898,3906,3898,-3906,3897,-3906,3898,-3905,3898,-3905,3899,3905,3897,-3905,3898,-3908,3897,-3908,3899,-3904,3900,-3906,3900,-3905,3900,-3905,3899,-3905,3898,3904,3899,-3903,3902,-3906,3898,-3902,3896,-3899,3892,3901,3892,-3903,3893,-3901,3895,-3900,3895,-3902,3895,-3901,3890,3904,3893,-3905,3894,-3907,3893,-3905,3896,-3906,3892,-3903,3895,-3907,3891,-3906,3891,-3906,3891,3906,3891,-3906,3889,-3904,3890,-3903,3893,-3903,3894,3903,3891,-3901,3892,-3903,3890,-3898,-0.46,SJNFAAZE1U0005576,117.81,13.04,9133.0048828125,79,75,0,0,0,0,15.5,99.17,-172708,100,1528028643.496,12200,2,0,0,0,0,0,0,0,4,374.25,374.25,7F,1,1,1,0080,80,40,40,0,0,19,16.50
03/06/2018 13:24:07,55 59.40535,-2 30.55496,239,0,390,770172,1144818,374.59,27.862,3911,3892,3902,19,0,111.2,44.0,106.5,41.4,none,none,97.7,36.5,3899,-3909,3898,-3906,3901,3907,3903,-3905,3901,-3907,3900,-3909,3902,-3909,3900,3910,3900,-3908,3900,-3908,3901,-3908,3900,-3909,3901,3910,3900,-3909,3901,-3909,3902,-3909,3902,-3907,3901,-3909,3902,-3907,3901,-3907,3902,-3907,3904,3909,3901,-3905,3900,-3902,3897,-3903,3896,-3906,3896,-3905,3900,3903,3898,-3905,3899,-3905,3893,-3907,3896,-3909,3897,3911,3895,-3908,3899,-3909,3897,-3907,3896,-3909,3893,-3908,3892,-3911,3895,-3910,3894,-3909,3893,3908,3894,-3907,3897,-3905,3898,-3908,3896,-3904,3895,3905,3894,-3902,-0.49,SJNFAAZE1U0005576,117.81,13.04,9133.0048828125,79,75,0,0,0,0,15.5,99.17,-172708,100,1528028647.235,9680,2,0,0,0,0,0,0,0,4,374.72,374.72,7F,1,1,1,0080,80,40,40,0,0,19,10.75
03/06/2018 13:24:11,55 59.40535,-2 30.55496,239,0,390,769960,1144818,375.17,19.317,3915,3898,3908,17,0,111.2,44.0,106.5,41.4,none,none,97.7,36.5,3906,3914,3904,-3912,3906,3911,3909,-3910,3906,-3912,3907,-3913,3906,-3914,3905,-3914,3904,-3913,3906,3912,3906,-3913,3907,-3913,3907,-3915,3905,-3914,3906,3912,3907,-3913,3908,-3912,3908,-3913,3907,-3912,3906,-3912,3908,-3911,3909,-3914,3907,-3910,3905,3908,3903,-3909,3902,-3911,3903,-3910,3905,-3908,3903,-3909,3904,3910,3901,-3913,3901,-3913,3903,-3915,3901,-3913,3904,3915,3902,-3913,3903,-3914,3900,-3913,3899,-3915,3900,-3914,3900,-3915,3898,-3914,3899,-3912,3901,3912,3903,-3913,3901,-3910,3900,-3911,3900,-3907,-0.47,SJNFAAZE1U0005576,117.81,13.04,9133.0048828125,79,75,0,0,0,0,15.5,99.17,-172708,100,1528028651.105,6320,2,0,0,0,0,0,0,0,4,375.18,375.18,7F,1,1,1,0080,80,40,40,0,0,19,7.25
03/06/2018 13:24:15,55 59.40535,-2 30.55496,239,0,389,769831,1144818,375.74,10.100,3921,3904,3914,17,0,111.2,44.0,106.7,41.5,none,none,97.7,36.5,3912,-3921,3910,-3918,3912,3916,3916,-3916,3912,-3918,3911,-3918,3913,-3920,3911,-3919,3913,-3919,3912,-3919,3913,-3919,3912,3919,3913,-3921,3911,-3921,3913,-3918,3914,-3919,3914,3918,3912,-3919,3914,-3919,3912,-3918,3914,-3917,3916,-3919,3912,-3917,3911,-3913,3908,-3916,3908,3918,3910,-3915,3912,-3915,3910,-3916,3911,-3916,3906,-3918,3908,3921,3910,-3921,3908,-3920,3910,-3920,3909,-3918,3908,3920,3905,-3920,3905,-3920,3907,-3920,3907,-3920,3904,-3918,3906,-3918,3909,-3919,3910,-3918,3908,3915,3908,-3917,3906,-3914,-0.44,SJNFAAZE1U0005576,117.81,13.04,9133.0048828125,79,75,0,0,0,0,15.5,99.17,-172708,100,1528028655.148,3040,2,0,0,0,0,0,0,0,4,375.69,375.69,7F,1,1,1,0080,80,40,40,0,0,19,2.00
03/06/2018 13:24:19,55 59.40535,-2 30.55496,239,0,389,769742,1144818,375.74,12.206,3921,3904,3914,17,0,111.2,44.0,106.5,41.4,none,none,97.7,36.5,-3915,3913,-3917,3911,-3920,3914,-3917,3912,-3919,3914,-3917,3913,-3919,3912,-3919,3913,-3918,3913,-3918,3912,-3920,3912,-3920,3914,-3918,3913,-3920,3912,-3919,3914,-3918,3915,-3918,3913,-3917,3914,-3918,3913,-3917,3912,-3918,3913,-3920,3914,-3917,3913,-3916,3911,-3912,3908,-3916,3909,-3917,3909,-3916,3908,-3917,3908,-3919,3908,-3917,3907,-3920,3908,-3920,3911,-3920,3908,-3919,3908,-3918,3908,-3919,3904,-3921,3905,-3920,3904,-3921,3905,-3919,3906,-3918,3907,-3917,3907,-3918,3908,-3917,3910,-3914,3907,-3916,3908,-3916,3908,-0.42,SJNFAAZE1U0005576,117.81,13.04,9133.0048828125,79,75,0,0,0,0,15.5,99.17,-172708,100,1528028659.047,3840,2,0,0,0,0,0,0,0,4,375.77,375.77,7F,1,1,1,0080,80,40,40,0,0,19,3.25
03/06/2018 13:24:22,55 59.40535,-2 30.55496,239,0,389,769645,1144818,375.94,8.849,3922,3908,3916,14,0,111.2,44.0,106.7,41.5,none,none,97.7,36.5,-3918,3916,-3919,3914,-3920,3915,-3919,3915,-3918,3916,-3919,3916,-3920,3915,-3920,3915,-3920,3916,-3919,3915,-3921,3915,-3920,3917,-3921,3914,-3921,3914,-3920,3918,-3920,3917,-3920,3916,-3919,3918,-3919,3915,-3919,3914,-3920,3915,-3921,3917,-3919,3915,-3918,3913,-3917,3911,-3918,3912,-3917,3912,-3918,3911,-3918,3912,-3920,3910,-3919,3909,-3920,3910,-3921,3914,-3919,3911,-3921,3912,-3919,3911,-3920,3908,-3922,3908,-3920,3909,-3922,3909,-3922,3910,-3919,3910,-3917,3911,-3920,3910,-3920,3913,-3916,3910,-3917,3911,-3916,3910,-0.45,SJNFAAZE1U0005576,117.81,13.04,9133.0048828125,79,75,0,0,0,0,15.5,99.17,-172708,100,1528028662.708,3400,2,0,0,0,0,0,0,0,4,375.95,375.95,7F,1,1,1,0080,80,40,40,0,0,19,4.25
03/06/2018 13:24:26,55 59.40535,-2 30.55496,239,0,389,769549,1144818,376.03,9.490,3925,3908,3917,17,0,111.2,44.0,106.5,41.4,none,none,97.7,36.5,-3920,3916,-3920,3913,-3923,3915,-3921,3914,-3921,3916,-3921,3916,-3922,3916,-3923,3914,-3923,3915,-3922,3914,-3923,3915,-3922,3916,-3922,3915,-3922,3914,-3922,3917,-3921,3917,-3922,3915,-3920,3918,-3922,3915,-3921,3915,-3922,3915,-3922,3919,-3920,3915,-3920,3913,-3919,3911,-3921,3913,-3920,3913,-3922,3912,-3920,3911,-3923,3910,-3920,3910,-3924,3910,-3924,3914,-3922,3912,-3923,3912,-3921,3912,-3922,3909,-3924,3908,-3923,3909,-3925,3910,-3924,3910,-3921,3910,-3921,3909,-3922,3911,-3922,3914,-3919,3911,-3920,3910,-3920,3910,-0.45,SJNFAAZE1U0005576,117.81,13.04,9133.0048828125,79,75,0,0,0,0,15.5,99.17,-172708,100,1528028666.205,3720,2,0,0,0,0,0,0,0,4,376.07,376.07,7F,1,1,1,0080,80,40,40,0,0,19,2.50
03/06/2018 13:24:29,55 59.40535,-2 30.55496,239,0,389,769465,1144818,376.13,9.154,3925,3910,3918,15,0,111.2,44.0,106.5,41.4,none,none,97.7,36.5,-3921,3917,-3921,3915,-3923,3916,-3921,3916,-3922,3917,-3921,3917,-3923,3917,-3922,3916,-3922,3917,-3923,3917,-3923,3916,-3922,3918,-3923,3917,-3923,3916,-3921,3918,-3921,3918,-3923,3918,-3922,3919,-3922,3917,-3922,3915,-3922,3917,-3923,3918,-3921,3917,-3921,3915,-3919,3912,-3920,3914,-3921,3914,-3922,3913,-3921,3914,-3923,3911,-3920,3911,-3923,3913,-3924,3915,-3922,3914,-3924,3914,-3922,3914,-3921,3911,-3924,3910,-3922,3911,-3925,3910,-3923,3911,-3921,3912,-3920,3911,-3922,3912,-3922,3916,-3920,3912,-3921,3912,-3919,3912,-0.44,SJNFAAZE1U0005576,117.81,13.04,9133.0048828125,79,75,0,0,0,0,15.5,99.17,-172708,100,1528028669.733,3840,2,0,0,0,0,0,0,0,4,376.15,376.15,7F,1,1,1,0080,80,40,40,0,0,19,3.75
03/06/2018 13:24:33,55 59.40535,-2 30.55496,239,0,389,769380,1144818,376.32,6.103,3928,3911,3920,17,0,111.2,44.0,106.5,41.4,none,none,97.7,36.5,-3923,3920,-3923,3917,-3924,3919,-3923,3917,-3923,3919,-3923,3919,-3924,3918,-3924,3917,-3924,3919,-3924,3919,-3925,3916,-3924,3920,-3925,3918,-3924,3918,-3924,3920,-3923,3920,-3924,3919,-3922,3921,-3923,3918,-3923,3918,-3923,3919,-3925,3922,-3923,3918,-3922,3917,-3921,3913,-3923,3915,-3923,3915,-3923,3916,-3923,3915,-3926,3914,-3924,3913,-3925,3914,-3928,3917,-3924,3915,-3925,3915,-3924,3914,-3925,3911,-3928,3913,-3926,3912,-3927,3912,-3926,3912,-3924,3913,-3922,3912,-3924,3914,-3924,3918,-3921,3914,-3923,3914,-3922,3913,-0.46,SJNFAAZE1U0005576,117.81,13.04,9134.6142578125,79,75,0,0,0,0,15.5,99.17,-172708,100,1528028673.521,3520,2,0,0,0,0,0,0,0,4,376.25,376.25,7F,1,1,1,0080,80,40,40,0,0,19,3.00
03/06/2018 13:24:37,55 59.40535,-2 30.55496,239,0,389,769292,1144818,376.13,9.124,3926,3910,3918,16,0,110.9,43.9,106.5,41.4,none,none,97.7,36.5,3917,3925,3915,-3921,3917,3921,3919,-3920,3917,-3923,3917,-3922,3917,3924,3917,-3924,3917,-3924,3917,-3924,3918,-3923,3916,-3924,3918,-3926,3916,-3924,3917,-3923,3919,3922,3919,-3922,3917,-3924,3918,-3922,3917,-3921,3919,3922,3920,-3924,3917,-3921,3916,-3918,3915,-3920,3914,-3923,3915,-3920,3917,-3920,3917,-3921,3916,3921,3913,-3922,3914,-3924,3914,-3926,3913,-3923,3915,3924,3914,-3922,3914,-3923,3913,-3923,3911,-3924,3912,-3923,3912,-3924,3910,-3922,3911,-3921,3913,3922,3915,-3924,3913,-3921,3913,-3922,3913,-3919,-0.47,SJNFAAZE1U0005576,117.81,13.04,9134.6142578125,79,75,0,0,0,0,15.5,99.17,-172708,100,1528028677.426,3560,2,0,0,0,0,0,0,0,4,376.29,376.29,7F,1,1,1,0080,80,40,40,0,0,19,3.50
03/06/2018 13:24:41,55 59.40535,-2 30.55496,239,0,389,769195,1144818,376.32,9.215,3927,3912,3920,15,0,110.9,43.9,106.5,41.4,none,none,97.7,36.5,3918,-3926,3917,-3923,3919,3923,3921,-3922,3918,-3924,3919,-3924,3919,-3925,3917,-3925,3918,3924,3918,-3925,3919,-3924,3918,-3925,3918,-3927,3917,-3926,3917,-3923,3919,-3925,3921,-3923,3919,3924,3919,-3923,3919,-3923,3919,-3923,3922,-3925,3918,3924,3917,-3919,3915,-3920,3915,-3923,3917,-3921,3918,-3921,3916,-3922,3918,-3922,3914,-3924,3915,3925,3916,-3926,3915,-3923,3916,-3924,3915,-3923,3917,3925,3913,-3925,3912,-3925,3913,-3925,3913,-3925,3912,-3924,3913,-3923,3914,-3923,3917,-3924,3913,3922,3913,-3923,3914,-3920,-0.48,SJNFAAZE1U0005576,117.81,13.04,9134.6142578125,79,75,0,0,0,0,15.5,99.17,-172708,100,1528028681.368,3320,2,0,0,0,0,0,0,0,4,376.34,376.34,7F,1,1,1,0080,80,40,40,0,0,19,1.25
03/06/2018 13:24:45,55 59.40535,-2 30.55496,239,0,389,769102,1144818,376.32,8.483,3928,3910,3920,18,0,110.9,43.9,106.5,41.4,none,none,97.7,36.5,3919,-3928,3916,-3924,3919,3923,3921,-3923,3919,3925,3918,-3924,3919,-3927,3918,-3926,3918,-3925,3918,-3925,3919,3925,3920,-3926,3919,-3928,3918,-3926,3918,-3925,3920,-3925,3921,-3924,3920,-3926,3920,-3924,3920,3924,3919,-3924,3922,-3926,3919,-3924,3919,-3920,3916,3923,3916,-3925,3916,-3922,3919,-3923,3916,-3923,3918,-3923,3913,-3925,3915,-3926,3916,-3928,3915,3926,3917,-3926,3916,-3923,3915,-3927,3913,-3927,3910,3927,3912,-3928,3913,-3926,3912,-3926,3913,-3924,3914,-3925,3917,-3926,3914,-3924,3914,-3924,3914,3920,-0.47,SJNFAAZE1U0005576,117.81,13.04,9134.6142578125,79,75,0,0,0,0,15.5,99.17,-172708,100,1528028685.005,3440,2,0,0,0,0,0,0,0,4,376.38,376.38,7F,1,1,1,0080,80,40,40,0,0,19,3.00
03/06/2018 13:24:48,55 59.40535,-2 30.55496,239,0,389,769023,1144818,376.42,8.391,3930,3911,3921,19,0,110.9,43.9,106.5,41.4,none,none,97.7,36.5,3919,-3928,3917,3924,3920,3924,3921,-3922,3919,-3925,3919,-3925,3919,-3928,3918,3925,3919,-3926,3919,-3925,3920,-3925,3919,-3926,3920,3928,3918,-3927,3919,-3926,3919,-3925,3921,-3925,3920,-3925,3920,-3924,3919,-3925,3920,-3924,3923,3926,3919,-3924,3920,-3921,3915,-3923,3916,-3924,3916,3924,3919,-3922,3916,-3925,3919,-3924,3914,-3926,3915,-3926,3916,-3930,3915,-3927,3917,-3926,3915,3925,3914,-3927,3912,-3927,3911,-3929,3913,-3927,3913,3928,3912,-3926,3914,-3924,3915,-3925,3917,-3927,3915,-3924,3915,-3924,3914,-3921,-0.47,SJNFAAZE1U0005576,117.81,13.04,9134.6142578125,79,75,0,0,0,0,15.5,99.17,-172708,100,1528028688.758,3240,2,0,0,0,0,0,0,0,4,376.45,376.45,7F,1,1,1,0080,80,40,40,0,0,19,2.75
03/06/2018 13:24:52,55 59.40535,-2 30.55496,239,0,389,768924,1144818,376.32,11.352,3928,3911,3920,17,0,111.2,44.0,106.5,41.4,none,none,97.7,36.5,-3923,3920,-3923,3917,-3926,3918,-3922,3917,-3924,3919,-3924,3919,-3925,3918,-3924,3918,-3924,3919,-3924,3918,-3926,3918,-3926,3921,-3926,3918,-3925,3917,-3924,3920,-3922,3921,-3924,3920,-3923,3921,-3922,3919,-3923,3918,-3924,3918,-3926,3921,-3923,3918,-3923,3917,-3920,3913,-3922,3916,-3924,3915,-3925,3915,-3924,3914,-3926,3913,-3923,3912,-3925,3913,-3928,3918,-3924,3914,-3925,3914,-3925,3914,-3925,3911,-3927,3911,-3925,3912,-3926,3913,-3927,3913,-3925,3913,-3923,3912,-3925,3913,-3925,3918,-3922,3912,-3924,3914,-3922,3913,-0.48,SJNFAAZE1U0005576,117.81,13.04,9134.6142578125,79,75,0,0,0,0,15.5,99.17,-172708,100,1528028692.660,3520,2,0,0,0,0,0,0,0,4,376.40,376.40,7F,1,1,1,0080,80,40,40,0,0,19,5.50
03/06/2018 13:24:56,55 59.40535,-2 30.55496,239,0,389,768802,1144818,376.03,18.676,3924,3909,3917,15,0,110.9,43.9,106.5,41.4,none,none,97.5,36.4,-3922,3917,-3919,3915,-3922,3916,-3920,3915,-3920,3917,-3920,3918,-3922,3916,-3922,3916,-3921,3916,-3921,3915,-3922,3916,-3921,3917,-3922,3917,-3922,3916,-3920,3918,-3921,3917,-3922,3917,-3921,3919,-3921,3916,-3920,3916,-3921,3916,-3924,3919,-3920,3916,-3920,3914,-3918,3912,-3919,3914,-3920,3915,-3921,3913,-3920,3912,-3923,3911,-3920,3912,-3922,3912,-3923,3915,-3921,3913,-3922,3914,-3922,3913,-3922,3910,-3924,3909,-3922,3910,-3923,3911,-3922,3911,-3921,3912,-3920,3911,-3921,3912,-3921,3915,-3918,3910,-3921,3912,-3919,3911,-0.44,SJNFAAZE1U0005576,117.81,13.04,9134.6142578125,79,75,0,0,0,0,15.5,99.17,-172708,100,1528028696.506,5440,2,0,0,0,0,0,0,0,4,376.20,376.20,7F,1,1,1,0080,80,40,40,0,0,19,10.50
03/06/2018 13:24:59,55 59.40535,-2 30.55496,239,0,389,768598,1144818,375.84,23.925,3923,3906,3915,17,0,110.9,43.9,106.2,41.2,none,none,97.5,36.4,-3919,3915,-3919,3913,-3920,3914,-3920,3914,-3919,3914,-3919,3916,-3921,3914,-3920,3914,-3920,3914,-3920,3914,-3921,3914,-3920,3915,-3920,3914,-3920,3913,-3919,3915,-3920,3915,-3919,3915,-3919,3917,-3920,3914,-3919,3913,-3919,3914,-3922,3917,-3919,3914,-3917,3911,-3916,3909,-3918,3911,-3918,3910,-3919,3911,-3919,3911,-3920,3909,-3919,3908,-3921,3910,-3922,3912,-3921,3910,-3922,3911,-3920,3911,-3923,3907,-3923,3907,-3922,3906,-3923,3907,-3922,3907,-3920,3909,-3919,3908,-3920,3910,-3919,3912,-3916,3910,-3919,3910,-3917,3908,-0.43,SJNFAAZE1U0005576,117.81,13.04,9134.6142578125,79,75,0,0,0,0,15.5,99.17,-172708,100,1528028699.999,7400,2,0,0,0,0,0,0,0,4,375.92,375.92,7F,1,1,1,0080,80,40,40,0,0,19,10.50
03/06/2018 13:25:03,55 59.40535,-2 30.55496,239,0,389,768408,1144818,375.84,19.439,3922,3905,3915,17,0,110.9,43.9,106.2,41.2,none,none,97.5,36.4,-3918,3914,-3918,3912,-3920,3915,-3919,3913,-3919,3914,-3919,3914,-3920,3915,-3920,3913,-3919,3913,-3919,3914,-3919,3913,-3919,3915,-3921,3913,-3920,3912,-3920,3915,-3919,3915,-3919,3914,-3918,3916,-3918,3913,-3917,3913,-3918,3914,-3921,3917,-3919,3913,-3919,3912,-3916,3909,-3917,3911,-3918,3910,-3919,3910,-3917,3910,-3920,3908,-3918,3908,-3922,3909,-3922,3912,-3920,3910,-3921,3910,-3920,3910,-3921,3905,-3922,3906,-3921,3907,-3922,3907,-3922,3907,-3920,3908,-3917,3908,-3919,3907,-3919,3912,-3917,3908,-3918,3909,-3917,3907,-0.46,SJNFAAZE1U0005576,117.81,13.04,9134.6142578125,79,75,0,0,0,0,15.5,99.17,-172708,100,1528028703.483,7080,2,0,0,0,0,0,0,0,4,376.05,376.05,7F,1,1,1,0080,80,40,40,0,0,19,8.75
03/06/2018 13:25:07,55 59.40535,-2 30.55496,239,0,389,768215,1144818,376.03,19.469,3925,3908,3917,17,0,110.9,43.9,106.2,41.2,none,none,97.5,36.4,-3919,3917,-3920,3914,-3922,3915,-3922,3915,-3921,3916,-3921,3916,-3923,3915,-3922,3914,-3922,3916,-3921,3915,-3922,3916,-3922,3916,-3923,3916,-3923,3914,-3921,3916,-3922,3917,-3922,3917,-3921,3917,-3921,3916,-3921,3915,-3920,3916,-3924,3918,-3921,3916,-3919,3914,-3917,3910,-3920,3913,-3920,3912,-3921,3912,-3920,3911,-3923,3911,-3920,3909,-3923,3912,-3923,3913,-3922,3912,-3923,3911,-3920,3911,-3925,3909,-3925,3908,-3922,3908,-3924,3909,-3924,3909,-3922,3909,-3919,3910,-3921,3911,-3921,3914,-3918,3910,-3920,3911,-3920,3910,-0.44,SJNFAAZE1U0005576,117.81,13.04,9134.6142578125,79,75,0,0,0,0,15.5,99.17,-172708,100,1528028707.324,6640,2,0,0,0,0,0,0,0,4,375.99,375.99,7F,1,1,1,0080,80,40,40,0,0,19,10.75
03/06/2018 13:25:11,55 59.40535,-2 30.55496,239,0,389,768002,1144818,375.94,25.420,3925,3906,3916,19,0,110.9,43.9,106.2,41.2,none,none,97.5,36.4,3913,-3924,3912,-3920,3915,3918,3917,-3919,3914,-3920,3914,3920,3915,-3923,3914,-3922,3913,-3921,3913,-3921,3915,3921,3914,-3921,3914,-3923,3913,-3922,3913,-3921,3916,-3920,3915,-3918,3916,-3921,3915,-3920,3913,3920,3915,-3919,3917,-3923,3915,-3920,3914,-3916,3911,3918,3910,-3921,3911,-3917,3912,-3917,3912,-3918,3913,-3918,3909,-3921,3908,-3922,3911,-3925,3909,3921,3911,-3920,3909,-3920,3911,-3922,3907,-3923,3907,-3922,3908,3923,3908,-3924,3906,-3922,3908,-3920,3910,-3921,3911,3921,3909,-3918,3909,-3920,3908,-3916,-0.42,SJNFAAZE1U0005576,117.81,13.04,9134.6142578125,79,75,0,0,0,0,15.5,99.17,-172708,100,1528028711.324,7480,2,0,0,0,0,0,0,0,4,375.81,375.81,7F,1,1,1,0080,80,40,40,0,0,19,13.75
03/06/2018 13:25:15,55 59.40535,-2 30.55496,239,0,388,767791,1144818,375.65,27.983,3921,3904,3913,17,0,110.9,43.9,106.2,41.2,none,none,97.5,36.4,3911,-3921,3910,-3917,3912,3915,3915,-3915,3912,-3918,3911,-3917,3913,-3919,3911,3920,3911,-3917,3910,-3919,3912,-3918,3912,-3920,3912,3921,3911,-3920,3911,-3917,3913,-3918,3914,-3917,3912,-3918,3913,-3918,3912,-3916,3912,-3916,3914,3918,3912,-3917,3911,-3913,3909,-3916,3908,-3918,3909,3916,3910,-3914,3908,-3916,3911,-3915,3905,-3918,3906,-3920,3908,-3920,3907,-3918,3909,-3920,3907,3917,3909,-3920,3905,-3918,3904,-3920,3906,-3920,3905,-3920,3904,3918,3906,-3917,3907,-3918,3909,-3919,3907,-3915,3906,3917,3905,-3913,-0.43,SJNFAAZE1U0005576,117.81,13.04,9134.6142578125,79,75,0,0,0,0,15.5,99.17,-172708,100,1528028715.089,8200,2,0,0,0,0,0,0,0,4,375.70,375.70,7F,1,1,1,0080,80,40,40,0,0,19,12.00
03/06/2018 13:25:18,55 59.40535,-2 30.55496,239,0,388,767570,1144818,375.84,22.918,3923,3904,3915,19,0,110.7,43.7,106.2,41.2,none,none,97.5,36.4,3913,3922,3912,-3920,3915,3918,3917,-3918,3914,-3920,3914,-3920,3915,-3921,3912,-3921,3913,-3920,3913,3921,3914,-3921,3913,-3921,3914,-3923,3912,-3922,3912,3920,3914,-3920,3916,-3918,3915,-3920,3914,-3921,3914,-3919,3914,-3919,3918,-3921,3914,-3919,3913,3914,3911,-3918,3910,-3920,3911,-3917,3912,-3917,3910,3918,3913,-3917,3908,-3920,3908,-3921,3911,-3923,3909,-3920,3909,3921,3908,-3920,3910,-3922,3907,-3921,3905,-3922,3907,-3922,3906,-3922,3904,-3920,3907,-3919,3909,3919,3911,-3920,3908,-3918,3908,-3918,3908,-3915,-0.46,SJNFAAZE1U0005576,117.81,13.04,9134.6142578125,79,75,0,0,0,0,15.5,99.17,-172708,100,1528028718.672,7960,2,0,0,0,0,0,0,0,4,375.78,375.78,7F,1,1,1,0080,80,40,40,0,0,19,9.50
03/06/2018 13:25:22,55 59.40535,-2 30.55496,239,0,388,767368,1144818,375.65,25.695,3921,3904,3913,17,0,110.7,43.7,106.2,41.2,none,none,97.2,36.2,3910,-3920,3909,-3916,3912,3916,3914,-3915,3912,-3917,3912,-3917,3912,-3919,3911,-3918,3910,-3918,3910,-3918,3912,-3918,3911,3918,3911,-3920,3910,-3919,3911,-3918,3912,-3918,3913,3916,3912,-3917,3912,-3917,3911,-3916,3913,-3916,3915,-3918,3911,-3917,3911,-3912,3909,-3915,3907,3917,3907,-3916,3909,-3914,3909,-3916,3910,-3915,3906,-3917,3906,3918,3908,-3921,3907,-3918,3910,-3918,3906,-3917,3908,3919,3905,-3920,3904,-3920,3905,-3919,3905,-3920,3904,-3918,3906,-3917,3906,-3917,3909,-3918,3905,3916,3906,-3915,3905,-3913,-0.46,SJNFAAZE1U0005576,117.81,13.04,9134.6142578125,79,75,0,0,0,0,15.5,99.17,-172708,100,1528028722.366,7120,2,0,0,0,0,0,0,0,4,375.73,375.73,7F,1,1,1,0080,80,40,40,0,0,19,13.00
03/06/2018 13:25:26,55 59.40535,-2 30.55496,239,0,388,767114,1144818,375.36,32.409,3918,3901,3910,17,0,110.9,43.9,106.2,41.2,none,none,97.2,36.2,-3913,3909,-3913,3906,-3915,3909,-3914,3908,-3914,3908,-3914,3909,-3915,3908,-3914,3908,-3916,3909,-3913,3908,-3915,3907,-3915,3909,-3916,3908,-3915,3907,-3915,3909,-3914,3910,-3915,3910,-3913,3910,-3913,3909,-3914,3908,-3914,3908,-3915,3911,3913,3909,-3913,3906,3910,3903,3912,-3906,-3913,3906,-3913,-3905,-3913,3905,-3916,3903,-3912,3903,-3916,3903,-3917,3906,-3915,3904,-3915,3906,-3913,3905,-3917,3901,-3916,3902,-3917,3902,-3918,3903,-3917,3903,-3916,3904,-3912,3903,-3915,3903,-3914,3908,-3911,3903,-3913,3903,-3912,3902,-0.47,SJNFAAZE1U0005576,117.81,13.04,9134.6142578125,79,75,0,0,0,0,15.5,99.17,-172708,100,1528028726.145,9040,2,0,0,0,0,0,0,0,4,375.48,375.48,7F,1,1,1,0080,80,40,40,0,0,19,16.75
03/06/2018 13:25:29,55 59.40535,-2 30.55496,239,0,388,766798,1144818,375.07,37.200,3914,3900,3907,14,0,110.7,43.7,106.2,41.2,none,none,97.2,36.2,-3910,3907,-3910,3904,-3912,3907,-3911,3904,-3910,3906,-3910,3907,-3912,3905,-3913,3906,-3911,3906,-3912,3906,-3912,3905,-3911,3908,-3912,3906,-3913,3906,-3911,3908,-3911,3908,-3911,3906,-3910,3908,-3912,3906,-3910,3906,-3912,3907,-3914,3909,-3910,3906,-3909,3904,-3909,3901,-3909,3904,-3910,3904,-3911,3902,-3909,3902,-3912,3901,-3910,3901,-3913,3902,-3913,3905,-3912,3904,-3913,3903,-3911,3903,-3914,3900,-3912,3900,-3911,3901,-3914,3901,-3914,3901,-3911,3902,-3910,3902,-3911,3902,-3911,3905,-3909,3902,-3911,3902,-3908,3901,-0.47,SJNFAAZE1U0005576,117.81,13.04,9134.6142578125,79,75,0,0,0,0,15.5,99.17,-172708,100,1528028729.901,11280,2,0,0,0,0,0,0,0,4,375.15,375.15,7F,1,1,1,0080,80,40,40,0,0,19,17.50
03/06/2018 13:25:33,55 59.40535,-2 30.55496,239,0,388,766473,1144818,374.98,33.599,3915,3897,3906,18,0,110.7,43.7,106.2,41.2,none,none,97.2,36.2,-3909,3905,-3910,3903,-3912,3905,-3910,3904,-3911,3905,-3910,3905,-3911,3905,-3912,3904,-3912,3905,-3911,3904,-3913,3905,-3911,3906,-3912,3905,-3912,3905,-3910,3907,-3911,3906,-3910,3905,-3910,3908,-3911,3904,-3910,3905,-3911,3906,-3912,3908,-3910,3905,-3909,3903,-3908,3899,-3909,3902,-3909,3901,-3911,3901,-3908,3900,-3912,3899,-3909,3898,-3913,3900,-3913,3903,-3912,3901,-3913,3903,-3912,3901,-3911,3897,-3913,3897,-3912,3898,-3915,3899,-3914,3899,-3912,3900,-3910,3899,-3912,3899,-3911,3903,-3909,3900,-3910,3900,-3909,3899,-0.47,SJNFAAZE1U0005576,117.81,13.04,9134.6142578125,79,75,0,0,0,0,15.5,99.17,-172708,100,1528028733.705,11000,2,0,0,0,0,0,0,0,4,375.19,375.19,7F,1,1,1,0080,80,40,40,0,0,19,16.25
03/06/2018 13:25:37,55 59.40535,-2 30.55496,239,0,388,766144,1144818,374.98,33.904,3913,3899,3906,14,0,110.7,43.7,106.2,41.2,none,none,97.2,36.2,-3909,3906,-3909,3903,-3911,3907,-3910,3905,-3910,3906,-3910,3907,-3911,3905,-3912,3906,-3910,3906,-3910,3907,-3910,3905,-3910,3907,-3912,3906,-3912,3905,-3910,3906,-3910,3907,-3911,3907,-3910,3908,-3910,3906,-3910,3905,-3910,3906,-3912,3908,-3910,3905,-3909,3903,-3907,3902,-3909,3903,-3909,3903,-3908,3903,-3908,3902,-3911,3901,-3907,3901,-3911,3901,-3913,3905,-3911,3903,-3911,3903,-3909,3903,-3912,3899,-3911,3900,-3911,3901,-3912,3901,-3912,3900,-3910,3901,-3908,3901,-3910,3901,-3910,3903,-3907,3901,-3908,3901,-3908,3900,-0.47,SJNFAAZE1U0005576,117.81,13.04,9136.2236328125,79,75,0,0,0,0,15.5,99.17,-172708,100,1528028737.546,11000,2,0,0,0,0,0,0,0,4,375.04,375.04,7F,1,1,1,0080,80,40,40,0,0,19,18.75
03/06/2018 13:25:41,55 59.40535,-2 30.55496,239,0,387,765837,1144818,375.07,32.897,3916,3897,3907,19,0,110.7,43.7,106.2,41.2,none,none,97.2,36.2,-3904,3914,-3903,3912,-3906,3910,-3908,3909,-3905,3912,-3905,3912,-3906,3913,-3904,3914,-3905,3913,-3905,3913,-3906,3913,-3905,3912,-3906,3915,-3904,3914,3905,-3912,3907,3912,-3906,3911,-3906,3912,-3906,3910,-3905,3911,-3906,3910,-3909,3913,-3905,3911,-3904,3907,-3900,3909,-3902,3911,-3902,3909,-3903,3909,-3903,3910,-3904,3909,-3900,3911,-3901,3914,-3902,3916,-3901,3913,-3902,3911,-3901,3911,-3902,3913,-3898,3913,-3898,3914,-3900,3914,-3900,3914,-3897,3911,-3899,3910,-3900,3910,-3902,3911,-3900,3909,-3899,3910,-3898,3907,-0.44,SJNFAAZE1U0005576,117.81,13.04,9136.2236328125,79,75,0,0,0,0,15.5,99.17,-172708,100,1528028741.268,9960,2,0,0,0,0,0,0,0,4,375.08,375.08,7F,1,1,1,0080,79,40,40,0,0,19,16.50
03/06/2018 13:25:44,55 59.40535,-2 30.55496,239,0,387,765546,1144818,374.88,36.010,3914,3895,3905,19,0,110.7,43.7,106.0,41.1,none,none,97.2,36.2,3904,3914,3901,-3909,3904,3908,3906,-3909,3903,-3910,3903,-3910,3903,-3912,3903,-3911,3903,-3911,3903,3911,3904,-3910,3903,-3911,3904,-3914,3902,-3913,3903,-3910,3905,3910,3905,-3909,3904,-3911,3904,-3911,3902,-3910,3904,3909,3906,-3911,3903,-3909,3903,-3906,3901,-3908,3900,-3910,3900,-3907,3903,-3907,3903,-3908,3901,3908,3898,-3910,3899,-3913,3900,-3914,3898,-3911,3901,3910,3899,-3909,3903,-3912,3897,-3912,3897,-3912,3898,-3911,3898,-3914,3895,-3911,3897,-3909,3899,3909,3901,-3909,3898,-3908,3899,-3909,3897,-3904,-0.49,SJNFAAZE1U0005576,117.81,13.04,9136.2236328125,79,75,0,0,0,0,15.5,99.17,-172708,100,1528028744.863,10320,2,0,0,0,0,0,0,0,4,374.94,374.94,7F,1,1,1,0080,80,40,40,0,0,19,17.00
03/06/2018 13:25:48,55 59.40535,-2 30.55496,239,0,387,765233,1144818,374.88,33.141,3914,3895,3905,19,0,110.7,43.7,106.0,41.1,none,none,97.2,36.2,3903,-3913,3902,-3910,3904,3909,3906,-3909,3903,-3910,3903,-3911,3904,-3912,3903,-3912,3903,3911,3903,-3911,3904,-3911,3904,-3911,3904,-3913,3903,-3912,3903,-3910,3906,-3911,3906,-3909,3905,3910,3905,-3909,3904,-3909,3904,-3909,3907,-3912,3904,3909,3903,-3906,3900,-3908,3900,-3910,3901,-3907,3902,-3907,3901,-3909,3903,-3908,3897,-3909,3900,3911,3901,-3914,3899,-3911,3901,-3911,3899,-3910,3902,3912,3897,-3912,3895,-3913,3897,-3912,3896,-3914,3896,-3911,3896,-3909,3900,-3909,3901,-3911,3899,3908,3898,-3910,3897,-3905,-0.48,SJNFAAZE1U0005576,117.81,13.04,9136.2236328125,79,75,0,0,0,0,15.5,99.17,-172708,100,1528028748.457,10640,2,0,0,0,0,0,0,0,4,374.92,374.92,7F,1,1,1,0080,80,40,40,0,0,19,16.75
03/06/2018 13:25:52,55 59.40535,-2 30.55496,239,0,387,764932,1144818,374.78,36.162,3911,3896,3904,15,0,110.7,43.7,106.0,41.1,none,none,97.2,36.2,3902,-3911,3902,-3908,3903,3908,3906,-3907,3903,-3908,3903,3909,3903,-3910,3902,-3910,3903,-3909,3903,-3909,3903,3908,3903,-3909,3904,-3911,3903,-3910,3903,-3908,3904,-3909,3904,-3907,3904,-3908,3904,-3909,3903,3909,3904,-3907,3906,-3911,3904,-3908,3903,-3904,3899,3906,3899,-3908,3901,-3906,3902,-3905,3902,-3906,3901,-3906,3898,-3908,3899,-3909,3900,-3911,3900,3908,3901,-3909,3898,-3908,3902,-3910,3898,-3910,3898,3910,3898,-3909,3898,-3911,3896,-3908,3898,-3907,3899,-3910,3900,-3908,3898,-3906,3898,-3906,3897,3903,-0.44,SJNFAAZE1U0005576,117.81,13.04,9136.2236328125,79,75,0,0,0,0,15.5,99.17,-172708,100,1528028752.341,10640,2,0,0,0,0,0,0,0,4,374.82,374.82,7F,1,1,1,0080,80,40,40,0,0,19,17.00
03/06/2018 13:25:56,55 59.40535,-2 30.55496,239,0,387,764561,1144818,374.78,37.597,3912,3896,3904,16,0,110.7,43.7,106.2,41.2,none,none,97.2,36.2,3902,-3911,3901,3908,3904,3907,3905,-3907,3904,-3908,3904,-3908,3904,-3910,3902,3909,3902,-3910,3903,-3909,3904,-3909,3903,-3910,3903,3912,3903,-3910,3903,-3908,3904,-3909,3905,-3908,3904,-3909,3904,-3908,3903,-3908,3904,-3907,3906,3910,3903,-3907,3902,-3904,3899,-3906,3899,-3909,3899,3905,3902,-3905,3901,-3906,3902,-3905,3899,-3907,3899,-3908,3901,-3911,3899,-3909,3901,-3909,3899,3908,3901,-3909,3897,-3910,3896,-3910,3898,-3909,3898,3910,3896,-3907,3897,-3907,3899,-3908,3900,-3908,3897,-3906,3898,-3907,3898,-3904,-0.49,SJNFAAZE1U0005576,117.81,13.04,9136.2236328125,79,75,0,0,0,0,15.5,99.17,-172708,100,1528028756.291,11920,2,3,0,13,0,0,0,0,4,374.65,374.65,7F,1,1,1,0080,80,40,40,0,0,19,14.75
03/06/2018 13:26:00,55 59.40535,-2 30.55496,239,0,387,764227,1144818,374.59,39.214,3908,3895,3902,13,0,110.7,43.7,106.0,41.1,none,none,97.0,36.1,-3905,3901,-3905,3899,-3908,3901,-3905,3901,-3906,3901,-3905,3901,-3907,3901,-3906,3901,-3905,3901,-3906,3901,-3907,3900,-3906,3901,-3907,3901,-3908,3901,-3906,3902,-3906,3902,-3906,3902,-3906,3904,-3906,3902,-3906,3901,-3906,3902,-3908,3904,-3905,3901,-3904,3898,-3901,3896,-3903,3898,-3902,3898,-3905,3896,-3904,3896,-3905,3896,-3904,3896,-3907,3896,-3908,3899,-3906,3899,-3907,3898,-3905,3898,-3907,3896,-3907,3895,-3907,3895,-3908,3895,-3907,3896,-3905,3895,-3904,3895,-3905,3897,-3905,3898,-3902,3895,-3904,3896,-3903,3895,-0.48,SJNFAAZE1U0005576,117.81,13.04,9136.2236328125,79,75,0,0,0,0,15.5,99.17,-172708,100,1528028760.126,10880,2,3,0,15,0,0,0,0,4,374.56,374.56,7F,1,1,1,0080,80,40,40,0,0,19,17.00
03/06/2018 13:26:03,55 59.40535,-2 30.55496,239,0,386,763893,1144818,374.59,35.308,3909,3895,3902,14,0,110.7,43.7,106.0,41.1,none,none,97.2,36.2,-3904,3902,-3905,3900,-3907,3902,-3906,3902,-3906,3902,-3906,3902,-3907,3901,-3907,3900,-3906,3902,-3906,3901,-3907,3901,-3907,3903,-3907,3901,-3908,3900,-3905,3903,-3906,3903,-3906,3902,-3905,3904,-3906,3902,-3905,3900,-3906,3902,-3908,3904,-3905,3902,-3904,3898,-3902,3896,-3904,3899,-3904,3899,-3905,3897,-3906,3897,-3907,3896,-3903,3896,-3906,3898,-3909,3900,-3906,3898,-3907,3898,-3905,3898,-3907,3895,-3908,3895,-3907,3896,-3908,3896,-3908,3896,-3906,3896,-3904,3896,-3906,3897,-3904,3899,-3902,3895,-3903,3897,-3903,3896,-0.50,SJNFAAZE1U0005576,117.81,13.04,9136.2236328125,79,75,0,0,0,0,15.5,99.17,-172708,100,1528028763.946,10720,2,3,0,13,0,0,0,0,4,374.59,374.59,7F,1,1,1,0080,80,40,40,0,0,19,13.75
03/06/2018 13:26:07,55 59.40535,-2 30.55496,239,0,386,763573,1144818,374.69,30.913,3910,3894,3903,16,0,110.7,43.7,106.0,41.1,none,none,97.0,36.1,-3905,3902,-3906,3900,-3908,3902,-3908,3901,-3907,3901,-3907,3902,-3907,3902,-3907,3902,-3908,3902,-3907,3902,-3908,3901,-3908,3903,-3908,3902,-3910,3900,-3907,3903,-3907,3903,-3907,3902,-3905,3905,-3906,3901,-3906,3901,-3906,3901,-3910,3903,-3906,3902,-3904,3899,-3903,3897,-3906,3898,-3905,3897,-3906,3898,-3905,3897,-3909,3897,-3906,3895,-3908,3897,-3910,3899,-3909,3897,-3909,3897,-3906,3898,-3909,3894,-3910,3894,-3908,3894,-3909,3894,-3910,3895,-3908,3895,-3904,3896,-3908,3897,-3906,3899,-3903,3896,-3906,3897,-3905,3896,-0.46,SJNFAAZE1U0005576,117.81,13.04,9136.2236328125,79,75,0,0,0,0,15.5,99.17,-172708,100,1528028767.793,9680,2,3,0,14,0,0,0,0,4,374.73,374.73,7F,1,1,1,0080,80,40,40,0,0,19,14.50
03/06/2018 13:26:11,55 59.40535,-2 30.55496,239,0,386,763267,1144818,374.50,34.270,3908,3894,3901,14,0,110.7,43.7,106.0,41.1,none,none,97.2,36.2,-3903,3902,-3903,3899,-3905,3901,-3904,3900,-3904,3901,-3905,3902,-3905,3902,-3905,3900,-3905,3902,-3905,3901,-3907,3901,-3905,3903,-3905,3901,-3906,3900,-3905,3903,-3905,3902,-3905,3901,-3904,3903,-3904,3901,-3904,3901,-3905,3901,-3908,3904,-3904,3901,-3903,3899,-3901,3895,-3903,3898,-3902,3896,-3904,3896,-3904,3897,-3905,3896,-3902,3894,-3906,3896,-3906,3899,-3905,3896,-3907,3896,-3904,3898,-3906,3894,-3906,3895,-3906,3896,-3908,3895,-3908,3895,-3904,3896,-3903,3895,-3906,3895,-3904,3899,-3902,3896,-3902,3897,-3902,3896,-0.45,SJNFAAZE1U0005576,117.81,13.04,9136.2236328125,79,75,0,0,0,0,16.0,99.17,-172708,100,1528028771.668,9680,2,3,0,13,0,0,0,0,4,374.59,374.59,7F,1,1,1,0080,80,40,40,0,0,19,16.25
03/06/2018 13:26:15,55 59.40535,-2 30.55496,239,0,386,762935,1144818,374.40,38.665,3908,3890,3900,18,0,110.7,43.7,106.0,41.1,none,none,97.2,36.2,3899,-3907,3895,-3904,3899,3903,3901,-3903,3898,-3905,3898,-3905,-3899,3907,-3898,-3907,-3897,3906,-3898,3907,-3898,3905,-3898,3906,-3899,3908,-3897,3908,-3897,3905,-3900,3906,-3900,3904,-3898,3906,-3900,3906,-3899,3905,-3899,3903,-3902,3906,-3899,3904,-3897,3900,-3895,3902,-3894,3905,-3895,3901,-3897,3902,-3898,3904,-3897,3902,-3894,3905,-3895,3907,-3895,3908,-3894,3906,-3897,3906,-3894,3905,-3898,3908,-3891,3907,3891,-3907,3893,3907,3893,-3908,3890,-3905,3892,-3905,3894,-3905,3896,-3904,3893,3902,3894,-3904,3892,-3901,-0.45,SJNFAAZE1U0005576,117.81,13.04,9136.2236328125,79,75,0,0,0,0,15.5,99.17,-172708,100,1528028775.535,10760,2,3,0,13,0,0,0,0,4,374.43,374.43,7F,1,1,1,0080,80,40,40,0,0,19,15.50
03/06/2018 13:26:19,55 59.40535,-2 30.55496,239,0,386,762588,1144818,374.40,35.735,3907,3892,3900,15,0,110.7,43.7,106.0,41.1,none,none,97.2,36.2,3897,-3907,3896,-3903,3899,3903,3901,-3903,3899,-3905,3899,-3905,3899,-3906,3899,-3906,3899,-3905,3899,-3906,3900,3905,3899,-3906,3899,-3906,3897,-3906,3899,-3904,3901,-3905,3901,-3903,3899,-3904,3899,-3903,3899,3903,3899,-3903,3902,-3906,3898,-3903,3897,-3900,3895,3901,3895,-3905,3895,-3902,3898,-3900,3897,-3902,3897,-3900,3893,-3904,3896,-3905,3896,-3907,3895,3905,3898,-3906,3895,-3904,3897,-3905,3893,-3906,3892,3905,3895,-3905,3895,-3907,3892,-3904,3893,-3902,3896,-3903,3896,-3904,3894,-3903,3894,-3903,3893,3900,-0.45,SJNFAAZE1U0005576,117.81,13.04,9136.2236328125,79,75,0,0,0,0,16.0,99.17,-172708,100,1528028779.256,10720,2,2,0,12,0,0,0,0,4,374.46,374.46,7F,1,1,1,0080,80,40,40,0,0,19,17.50
03/06/2018 13:26:23,55 59.40535,-2 30.55496,239,0,386,762275,1144818,374.40,35.918,3907,3890,3900,17,0,110.7,43.7,106.0,41.1,none,none,97.0,36.1,3898,-3907,3896,3903,3899,3902,3902,-3902,3898,-3904,3898,-3905,3898,-3906,3898,3907,3898,-3904,3897,-3905,3898,-3904,3898,-3905,3898,3907,3897,-3907,3897,-3905,3900,-3904,3899,-3904,3899,-3905,3899,-3905,3898,-3904,3898,-3903,3901,3906,3900,-3903,3896,-3899,3895,-3901,3893,-3903,3895,3901,3897,-3901,3896,-3903,3896,-3902,3893,-3905,3894,-3905,3896,-3907,3893,-3907,3896,-3905,3894,3903,3896,-3906,3890,-3906,3891,-3907,3892,-3907,3893,3906,3890,-3904,3892,-3903,3894,-3904,3895,-3905,3893,-3902,3893,-3902,3892,-3899,-0.45,SJNFAAZE1U0005576,117.81,13.04,9136.2236328125,79,75,0,0,0,0,16.0,99.17,-172708,100,1528028783.066,10600,2,2,0,12,0,0,0,0,4,374.36,374.36,7F,1,1,1,0080,80,40,40,0,0,19,16.50
03/06/2018 13:26:26,55 59.40535,-2 30.55496,239,0,385,761943,1144818,374.30,37.536,3906,3891,3899,15,0,110.7,43.7,106.0,41.1,none,none,97.0,36.1,3897,3906,3896,-3903,3898,3902,3900,-3902,3898,-3903,3898,-3904,3898,-3904,3898,-3905,3898,-3905,3899,3904,3899,-3904,3898,-3904,3899,-3906,3896,-3905,3897,3904,3899,-3904,3900,-3903,3899,-3904,3899,-3903,3898,-3902,3900,-3902,3901,-3906,3899,-3902,3898,3899,3894,-3899,3894,-3902,3895,-3900,3896,-3899,3896,3902,3896,-3900,3892,-3903,3895,-3904,3895,-3906,3894,-3904,3896,-3905,3895,-3903,3898,-3905,3893,3904,3891,-3906,3893,-3904,3892,-3906,3891,-3903,3893,3904,3894,-3903,3894,-3904,3892,-3901,3893,-3902,3892,-3898,-0.47,SJNFAAZE1U0005576,117.81,13.04,9136.2236328125,79,75,0,0,0,0,16.0,99.17,-172708,100,1528028786.758,10200,2,2,0,12,0,0,0,0,4,374.32,374.32,7F,1,1,1,0080,80,40,40,0,0,19,16.00
03/06/2018 13:26:30,55 59.40535,-2 30.55496,239,0,385,761635,1144818,374.21,34.484,3905,3890,3898,15,0,110.7,43.7,106.0,41.1,none,none,97.0,36.1,3897,-3904,3895,-3902,3898,3901,3899,-3901,3898,-3903,3897,-3903,3897,-3904,3896,-3905,3897,-3904,3897,-3903,3898,-3903,3897,3904,3899,-3905,3897,-3904,3897,-3903,3899,-3903,3898,3901,3898,-3902,3899,-3903,3898,-3903,3898,-3902,3901,-3905,3898,-3901,3896,-3898,3894,-3899,3893,3902,3894,-3899,3897,-3898,3894,-3900,3896,-3899,3893,3902,3895,-3903,3895,-3905,3893,-3903,3897,-3904,3894,-3901,3896,-3904,3891,-3903,3892,-3904,3893,3904,3893,-3905,3890,-3902,3892,-3901,3894,-3901,3895,-3903,3894,3900,3894,-3901,3891,-3898,-0.47,SJNFAAZE1U0005576,117.81,13.04,9136.2236328125,79,75,0,0,0,0,16.0,99.17,-172708,100,1528028790.641,10560,2,2,0,11,0,0,0,0,4,374.34,374.34,7F,1,1,1,0080,80,40,40,0,0,19,14.50
03/06/2018 13:26:34,55 59.40535,-2 30.55496,239,0,385,761309,1144818,374.21,33.446,3905,3890,3898,15,0,110.7,43.7,105.8,41.0,none,none,97.0,36.1,-3902,3898,-3901,3896,-3903,3898,-3902,3896,-3902,3899,-3902,3897,-3904,3899,-3903,3897,-3902,3898,-3903,3897,-3903,3897,-3903,3898,-3903,3898,-3903,3897,-3902,3899,-3901,3898,-3903,3898,-3901,3900,-3902,3898,-3902,3897,-3902,3898,-3904,3900,-3901,3898,-3900,3896,-3899,3892,-3900,3894,-3900,3894,-3902,3893,-3901,3894,-3903,3892,-3900,3892,-3904,3894,-3904,3895,-3901,3894,-3904,3895,-3902,3895,-3903,3890,-3904,3892,-3903,3892,-3905,3893,-3905,3892,-3902,3893,-3900,3892,-3902,3894,-3902,3896,-3900,3892,-3901,3892,-3899,3892,-0.46,SJNFAAZE1U0005576,117.81,13.04,9136.2236328125,79,75,0,0,0,0,16.0,99.17,-172708,100,1528028794.498,10160,2,2,0,11,0,0,0,0,4,374.32,374.32,7F,1,1,1,0080,80,40,40,0,0,19,16.00
03/06/2018 13:26:38,55 59.40535,-2 30.55496,239,0,385,760987,1144818,374.30,32.928,3905,3891,3899,14,0,110.7,43.7,106.0,41.1,none,none,97.0,36.1,-3901,3899,-3902,3896,-3905,3899,-3902,3898,-3903,3899,-3903,3900,-3904,3899,-3903,3898,-3904,3900,-3903,3899,-3904,3898,-3904,3899,-3905,3899,-3904,3897,-3902,3901,-3903,3899,-3904,3900,-3902,3901,-3902,3898,-3902,3898,-3903,3898,-3905,3901,-3903,3899,-3901,3897,-3898,3893,-3900,3896,-3900,3895,-3902,3895,-3901,3896,-3904,3894,-3900,3893,-3903,3895,-3905,3898,-3903,3894,-3904,3895,-3902,3895,-3902,3891,-3904,3892,-3902,3893,-3905,3893,-3904,3893,-3902,3892,-3900,3893,-3902,3893,-3902,3896,-3900,3894,-3901,3894,-3901,3893,-0.43,SJNFAAZE1U0005576,117.81,13.04,9136.2236328125,79,75,0,0,0,0,16.0,99.17,-172708,100,1528028798.327,10320,2,0,0,0,0,0,0,0,4,374.29,374.29,7F,1,1,1,0080,79,40,40,0,0,19,15.75
03/06/2018 13:26:42,55 59.40535,-2 30.55496,239,0,385,760685,1144818,374.21,35.338,3905,3891,3898,14,0,110.7,43.7,105.8,41.0,none,none,97.0,36.1,-3900,3897,-3901,3896,-3903,3898,-3902,3897,-3903,3898,-3901,3898,-3903,3898,-3903,3898,-3903,3898,-3903,3898,-3902,3897,-3903,3899,-3905,3899,-3903,3897,-3902,3898,-3901,3899,-3903,3898,-3901,3900,-3903,3898,-3902,3898,-3902,3897,-3903,3901,-3902,3898,-3901,3896,-3898,3892,-3900,3895,-3900,3895,-3900,3893,-3902,3893,-3903,3893,-3901,3892,-3903,3894,-3903,3895,-3903,3896,-3903,3896,-3901,3894,-3905,3892,-3904,3892,-3904,3892,-3905,3892,-3903,3893,-3902,3892,-3900,3893,-3901,3895,-3901,3895,-3898,3894,-3900,3894,-3899,3891,-0.48,SJNFAAZE1U0005576,117.81,13.04,9137.8330078125,79,75,0,0,0,0,16.0,99.17,-172708,100,1528028802.087,10640,2,0,0,0,0,0,0,0,4,374.22,374.22,7F,1,1,1,0080,80,40,40,0,0,19,17.75
03/06/2018 13:26:45,55 59.40535,-2 30.55496,239,0,385,760373,1144818,373.92,35.735,3903,3886,3895,17,0,110.4,43.6,105.8,41.0,none,none,97.0,36.1,-3897,3895,-3898,3892,-3899,3894,-3899,3893,-3899,3895,-3899,3896,-3900,3894,-3900,3894,-3901,3895,-3899,3894,-3901,3894,-3900,3896,-3901,3895,-3902,3894,-3899,3897,-3900,3896,-3900,3896,-3899,3897,-3899,3894,-3899,3895,-3900,3895,-3901,3898,-3899,3894,-3898,3893,-3895,3889,-3897,3892,-3898,3891,-3897,3890,-3898,3891,-3900,3890,-3899,3887,-3901,3889,-3902,3893,-3900,3889,-3901,3891,-3899,3891,-3901,3886,-3902,3887,-3901,3887,-3903,3887,-3901,3889,-3901,3889,-3897,3888,-3900,3890,-3899,3892,-3897,3889,-3898,3890,-3896,3889,-0.50,SJNFAAZE1U0005576,117.81,13.04,9137.8330078125,79,75,0,0,0,0,16.0,99.17,-172708,100,1528028805.678,10760,2,0,0,0,0,0,0,0,4,374.12,374.12,7F,1,1,1,0080,80,40,40,0,0,19,19.00
03/06/2018 13:26:49,55 59.40535,-2 30.55496,239,0,385,760027,1144818,373.82,37.841,3902,3886,3894,16,0,110.7,43.7,106.0,41.1,none,none,97.0,36.1,-3892,3902,-3891,3897,-3893,3899,-3895,3897,-3894,3899,-3892,3900,-3894,3901,-3893,3900,-3893,3901,-3894,3900,-3894,3899,-3893,3900,-3894,3901,-3893,3901,3893,-3900,3894,3899,3894,-3898,3894,-3899,3893,-3899,3894,-3899,3894,-3898,3896,3901,3893,-3898,3892,-3894,3889,-3897,3889,-3898,3890,3895,3891,-3895,3891,-3897,3892,-3896,3888,-3897,3889,-3900,-3890,3901,-3889,3899,-3891,3900,-3889,3900,-3894,3900,-3887,3900,-3887,3900,-3888,3900,-3888,3901,-3886,3898,-3886,3896,-3889,3898,-3889,3897,-3887,3896,-3888,3897,-3888,3894,-0.46,SJNFAAZE1U0005576,117.81,13.04,9137.8330078125,79,75,0,0,0,0,16.0,99.17,-172708,100,1528028809.305,12360,2,1,0,6,0,0,0,0,4,373.98,373.98,7F,1,1,1,0080,80,40,40,0,0,19,19.75
03/06/2018 13:26:52,55 59.40535,-2 30.55496,239,0,384,759640,1144818,373.73,43.639,3899,3884,3893,15,0,110.7,43.7,106.0,41.1,none,none,97.0,36.1,3890,3899,3890,-3895,3892,3896,3895,-3895,3893,-3897,3892,-3897,3891,-3899,3891,-3898,3891,-3898,3892,3898,3894,-3897,3892,-3897,3893,-3899,3892,-3899,3892,3898,3894,-3897,3894,-3896,3894,-3898,3893,-3896,3892,-3896,3893,-3896,3895,-3898,3893,-3896,3891,3892,3887,-3893,3888,-3895,3888,-3894,3891,-3893,3890,-3895,3890,-3893,3885,-3897,3888,-3897,3889,-3899,3889,-3898,3889,3898,3888,-3896,3890,-3897,3886,-3898,3884,-3898,3887,-3898,3886,-3898,3884,-3897,3887,-3896,3887,3897,3889,-3896,3886,-3894,3887,-3895,3886,-3892,-0.45,SJNFAAZE1U0005576,117.81,13.04,9137.8330078125,79,75,0,0,0,0,16.0,99.17,-172708,100,1528028812.984,12840,2,1,0,7,0,0,0,0,4,373.73,373.73,7F,1,1,1,0080,80,40,40,0,0,19,20.50
03/06/2018 13:26:56,55 59.40535,-2 30.55496,239,0,384,759252,1144818,373.63,43.242,3900,3882,3892,18,0,110.4,43.6,105.8,41.0,none,none,97.0,36.1,3890,-3900,3889,-3897,3891,3896,3894,-3895,3890,-3898,3890,-3898,3891,-3898,3889,-3898,3889,-3899,3890,-3898,3891,-3898,3891,3898,3890,-3900,3889,-3899,3890,-3898,3892,-3898,3891,3896,3892,-3897,3891,-3897,3890,-3897,3891,-3895,3893,-3899,3890,-3896,3889,-3892,3887,-3894,3886,3896,3886,-3893,3889,-3893,3887,-3895,3888,-3894,3884,-3897,3886,3898,3887,-3900,3885,-3897,3888,-3899,3886,-3896,3888,3899,3883,-3899,3882,-3900,3884,-3898,3884,-3899,3882,-3896,3885,-3896,3886,-3895,3887,-3897,3885,3893,3885,-3895,3883,-3892,-0.48,SJNFAAZE1U0005576,117.81,13.04,9137.8330078125,79,75,0,0,0,0,16.0,99.17,-172708,100,1528028816.837,12840,2,1,0,7,0,0,0,0,4,373.63,373.63,7F,1,1,1,0080,80,40,40,0,0,19,19.75
03/06/2018 13:27:00,55 59.40535,-2 30.55496,239,0,384,758850,1144818,373.63,41.686,3900,3882,3892,18,0,110.4,43.6,105.8,41.0,none,none,96.8,36.0,3888,-3899,3888,-3896,3891,3897,3893,-3895,3890,3896,3890,-3898,3892,-3899,3890,-3898,3889,-3899,3890,-3897,3891,-3898,3890,-3898,3891,-3900,3889,3898,3890,-3898,3890,-3898,3892,-3896,3891,-3898,3891,3898,3890,-3897,3891,-3896,3893,-3899,3890,-3896,3888,-3891,3885,-3893,3885,-3896,3887,-3893,3888,3893,3887,-3894,3887,-3895,3883,-3896,3885,-3898,3886,-3900,3885,3896,3887,-3898,3886,-3896,3887,-3898,3883,-3899,3883,3899,3884,-3899,3884,-3899,3882,-3897,3883,-3896,3885,-3895,3886,-3895,3884,-3894,3884,-3896,3884,3892,-0.48,SJNFAAZE1U0005576,117.81,13.04,9137.8330078125,79,75,0,0,0,0,16.0,99.17,-172708,100,1528028820.748,12920,2,1,0,7,0,0,0,0,4,373.68,373.68,7F,1,1,1,0080,80,40,40,0,0,19,19.00
03/06/2018 13:27:04,55 59.40535,-2 30.55496,239,0,384,758475,1144818,373.63,39.794,3900,3884,3892,16,0,110.4,43.6,105.8,41.0,none,none,97.0,36.1,3889,-3899,3889,3895,3891,3896,3893,-3894,3890,-3896,3890,-3897,3892,3898,3890,-3899,3891,-3898,3890,-3896,3892,-3897,3891,-3897,3891,-3900,3889,-3898,3890,-3897,3892,3896,3892,-3896,3892,-3897,3892,-3896,3891,-3896,3891,3896,3894,-3898,3890,-3895,3889,-3891,3886,-3893,3886,-3896,3888,-3892,3889,-3893,3889,-3894,3890,-3893,3885,-3895,3887,-3898,3888,-3898,3886,-3897,3888,-3897,3886,3896,3889,-3897,3884,-3897,3884,-3896,3886,-3897,3885,3898,3884,-3895,3884,-3895,3887,-3896,3888,-3895,3885,-3892,3885,-3894,3884,-3891,-0.45,SJNFAAZE1U0005576,117.81,13.04,9137.8330078125,79,75,0,0,0,0,16.0,99.17,-172708,100,1528028824.443,11760,2,1,0,7,0,0,0,0,4,373.65,373.65,7F,1,1,1,0080,80,40,40,0,0,19,18.25
03/06/2018 13:27:08,55 59.40535,-2 30.55496,239,0,384,758123,1144818,373.54,39.641,3899,3882,3891,17,0,110.4,43.6,105.8,41.0,none,none,97.0,36.1,-3892,3891,-3894,3888,-3896,3890,-3895,3890,-3895,3891,-3895,3892,-3896,3890,-3896,3889,-3895,3891,-3895,3890,-3896,3890,-3897,3891,-3897,3890,-3897,3890,-3895,3891,-3895,3892,-3895,3891,-3895,3893,-3895,3891,-3895,3891,-3896,3891,-3897,3892,-3895,3890,-3893,3888,-3890,3884,-3893,3887,-3893,3885,-3894,3886,-3894,3886,-3896,3885,-3894,3883,-3897,3884,-3898,3888,-3896,3886,-3896,3887,-3894,3887,-3898,3882,-3899,3882,-3897,3882,-3899,3883,-3898,3884,-3895,3885,-3893,3884,-3895,3884,-3893,3886,-3892,3885,-3894,3884,-3891,3885,-0.50,SJNFAAZE1U0005576,117.81,13.04,9137.8330078125,79,75,0,0,0,0,16.0,99.17,-172708,100,1528028828.295,11840,2,1,0,7,0,0,0,0,4,373.63,373.63,7F,1,1,1,0080,80,40,40,0,0,19,18.75
03/06/2018 13:27:12,55 59.40535,-2 30.55496,239,0,383,757744,1144818,373.44,43.090,3899,3882,3890,17,0,110.4,43.6,105.8,41.0,none,none,97.0,36.1,-3893,3889,-3893,3887,-3895,3889,-3894,3889,-3895,3889,-3895,3891,-3896,3890,-3894,3889,-3896,3890,-3894,3889,-3895,3889,-3895,3890,-3895,3890,-3896,3889,-3895,3891,-3894,3892,-3894,3890,-3893,3892,-3894,3890,-3894,3889,-3895,3889,-3896,3892,-3893,3890,-3892,3886,-3890,3883,-3892,3886,-3893,3885,-3893,3885,-3895,3885,-3894,3884,-3893,3884,-3897,3885,-3896,3885,-3895,3886,-3897,3885,-3895,3886,-3899,3882,-3896,3882,-3897,3882,-3899,3883,-3898,3883,-3895,3884,-3893,3884,-3894,3886,-3894,3886,-3891,3884,-3893,3883,-3891,3883,-0.52,SJNFAAZE1U0005576,117.81,13.04,9137.8330078125,79,75,0,0,0,0,16.0,99.17,-172708,100,1528028832.278,11880,2,1,0,6,0,0,0,0,4,373.48,373.48,7F,1,1,1,0080,80,40,40,0,0,19,20.50
03/06/2018 13:27:16,55 59.40535,-2 30.55496,239,0,383,757342,1144818,373.34,42.785,3897,3880,3889,17,0,110.4,43.6,105.8,41.0,none,none,97.0,36.1,-3891,3887,-3892,3885,-3895,3889,-3893,3887,-3895,3888,-3893,3890,-3895,3887,-3894,3887,-3894,3889,-3894,3888,-3895,3888,-3894,3890,-3895,3887,-3895,3887,-3894,3891,-3894,3889,-3894,3889,-3894,3892,-3893,3888,-3893,3886,-3894,3888,-3895,3890,-3893,3887,-3891,3885,-3889,3882,-3891,3883,-3891,3884,-3892,3884,-3892,3883,-3895,3883,-3890,3881,-3895,3882,-3895,3885,-3894,3883,-3895,3884,-3894,3884,-3894,3881,-3895,3880,-3893,3881,-3897,3881,-3896,3881,-3894,3882,-3891,3882,-3894,3883,-3892,3885,-3890,3881,-3892,3882,-3891,3882,-0.47,SJNFAAZE1U0005576,117.81,13.04,9137.8330078125,79,75,0,0,0,0,16.0,99.17,-172708,100,1528028836.238,12120,2,1,0,6,0,0,0,0,4,373.42,373.42,7F,1,1,1,0080,80,40,40,0,0,19,20.75
03/06/2018 13:27:20,55 59.40535,-2 30.55496,239,0,383,756958,1144818,373.15,41.961,3894,3880,3887,14,0,110.4,43.6,105.8,41.0,none,none,97.0,36.1,-3890,3888,-3890,3885,-3892,3887,-3891,3887,-3891,3887,-3891,3888,-3893,3887,-3892,3887,-3891,3886,-3892,3887,-3893,3887,-3891,3889,-3893,3888,-3893,3887,-3892,3889,-3891,3889,-3892,3888,-3892,3890,-3891,3887,-3891,3887,-3891,3888,-3894,3890,-3890,3887,-3888,3884,-3886,3881,-3888,3883,-3887,3883,-3890,3883,-3890,3883,-3892,3881,-3888,3882,-3892,3882,-3894,3884,-3890,3883,-3893,3885,-3890,3884,-3894,3880,-3893,3881,-3892,3881,-3894,3882,-3893,3882,-3890,3882,-3889,3882,-3891,3882,-3890,3884,-3887,3881,-3889,3882,-3888,3881,-0.48,SJNFAAZE1U0005576,117.81,13.04,9137.8330078125,79,75,0,0,0,0,16.0,99.17,-172708,100,1528028840.026,12400,2,1,0,6,0,0,0,0,4,373.38,373.38,7F,1,1,1,0080,80,40,40,0,0,19,25.25
03/06/2018 13:27:23,55 59.40535,-2 30.55496,239,0,383,756434,1144818,372.29,66.253,3886,3869,3878,17,0,110.4,43.6,105.8,41.0,none,none,97.0,36.1,3875,-3884,3875,-3882,3877,3881,3879,-3880,3877,-3883,3876,-3884,3878,-3885,3876,-3884,3878,-3884,3878,-3883,3878,-3884,3877,3885,3879,-3886,3877,-3885,3876,-3885,3878,-3883,3879,3883,3879,-3884,3878,-3882,3877,-3882,3878,-3883,3880,-3885,3877,-3881,3875,-3877,3871,-3877,3871,3881,3873,-3879,3875,-3878,-3874,-3880,3875,-3879,-3871,3880,-3873,3883,-3875,3885,-3872,3883,-3875,3882,-3874,3881,-3876,3883,-3870,3884,3870,-3884,3872,3883,3872,-3884,3870,-3881,3871,-3880,3873,-3881,3873,-3882,3871,3878,3872,-3879,3869,-3878,-0.43,SJNFAAZE1U0005576,117.81,13.04,9137.8330078125,79,75,0,0,0,0,16.0,99.17,-172708,100,1528028843.973,19400,2,1,0,6,0,0,0,0,4,372.38,372.38,7F,1,1,1,0080,80,40,40,0,0,19,33.25
03/06/2018 13:27:27,55 59.40535,-2 30.55496,239,0,382,755827,1144818,372.19,58.440,3885,3868,3877,17,0,110.4,43.6,105.8,41.0,none,none,97.0,36.1,3874,-3884,3874,-3880,3876,3881,3878,-3880,3877,3882,3876,-3882,3877,-3884,3876,-3883,3877,-3883,3876,-3883,3877,-3883,3877,-3883,3878,-3885,3876,3885,3877,-3884,3878,-3884,3878,-3883,3878,-3884,3877,3881,3877,-3882,3878,-3881,3878,-3884,3876,-3881,3874,-3877,3871,-3877,3871,-3880,3872,-3877,3874,3878,3873,-3879,3873,-3878,3869,-3880,3872,-3882,3873,-3884,3871,3881,3874,-3882,3871,-3882,3875,-3882,3870,-3882,3869,3883,3870,-3882,3871,-3883,3868,-3880,3870,-3881,3873,-3880,3872,-3880,3870,-3877,3870,-3879,3869,3876,-0.44,SJNFAAZE1U0005576,117.81,13.04,9137.8330078125,79,75,0,0,0,0,16.0,99.17,-172708,100,1528028847.764,18400,2,1,0,6,0,0,0,0,4,372.48,372.48,7F,1,1,1,0080,80,40,40,0,0,19,33.75
03/06/2018 13:27:31,55 59.40535,-2 30.55496,239,0,382,755207,1144818,372.10,63.536,3884,3865,3876,19,0,110.4,43.6,105.8,41.0,none,none,96.8,36.0,3873,-3882,3871,3880,3875,3879,3877,-3878,3874,-3881,3875,-3882,3874,3883,3875,-3883,3874,-3882,3874,-3881,3875,-3880,3875,-3883,3876,-3884,3874,-3882,3875,-3881,3876,3881,3876,-3880,3877,-3881,3875,-3880,3874,-3881,3875,3880,3877,-3882,3874,-3879,3872,-3874,3869,-3876,3869,-3878,3869,-3877,3872,-3875,3870,-3877,3871,-3877,3867,-3880,3870,-3882,3871,-3882,3870,-3880,3872,-3882,3869,3879,3873,-3881,3867,-3883,3866,-3884,3868,-3883,3868,3882,3865,-3881,3868,-3880,3870,-3879,3869,-3879,3868,-3877,3868,-3878,3868,-3876,-0.47,SJNFAAZE1U0005576,117.81,13.04,9137.8330078125,79,75,0,0,0,0,16.0,99.17,-172708,100,1528028851.361,18040,2,1,0,6,0,0,0,0,4,372.09,372.09,7F,1,1,1,0080,80,40,40,0,0,19,29.50
03/06/2018 13:27:35,55 59.40535,-2 30.55496,239,0,382,754701,1144818,372.10,57.128,3884,3868,3876,16,0,110.4,43.6,105.8,41.0,none,none,96.8,36.0,3874,-3882,3873,-3879,3876,3879,3878,3879,3875,-3881,3875,-3882,3876,-3884,3876,-3883,3876,3883,3875,-3881,3877,-3881,3876,-3883,3878,-3884,3875,-3883,3876,-3881,3878,-3882,3877,-3881,3878,3882,3877,-3880,3876,-3881,3877,-3880,3879,-3883,3876,-3880,3874,3876,3871,-3876,3870,-3878,3871,-3876,3873,-3876,3874,3878,3873,-3877,3869,-3879,3871,-3882,3873,-3883,3871,-3882,3874,-3882,3871,-3881,3875,-3881,3869,3881,3870,-3882,3871,-3881,3870,-3883,3868,-3880,3870,3879,3872,-3880,3871,-3878,3869,-3877,3870,-3879,3869,-3875,-0.44,SJNFAAZE1U0005576,117.81,13.04,9137.8330078125,79,75,0,0,0,0,16.0,99.17,-172708,100,1528028855.065,17840,2,1,0,6,0,0,0,0,4,372.19,372.19,7F,1,1,1,0080,80,40,40,0,0,19,29.00
03/06/2018 13:27:38,55 59.40535,-2 30.55496,239,0,382,754163,1144818,372.00,59.997,3884,3864,3875,20,0,110.4,43.6,105.8,41.0,none,none,96.8,36.0,3872,-3881,3870,-3878,3874,3880,3876,-3877,3874,-3880,3874,3881,3873,-3882,3874,-3882,3874,-3883,3874,-3881,3875,3882,3874,-3881,3875,-3883,3874,-3882,3874,-3881,3876,-3881,3876,-3880,3875,-3881,3875,-3879,3873,-3881,3875,-3881,3877,-3882,3874,-3880,3872,-3875,3868,-3875,3868,3878,3868,-3876,3871,-3875,3869,-3878,3871,-3877,3866,3879,3869,-3881,3870,-3884,3869,-3879,3871,-3881,3868,-3880,3870,-3881,3866,-3880,3864,-3883,3867,3881,3868,-3882,3865,-3880,3866,-3879,3870,-3878,3869,3879,3867,-3876,3867,-3878,3867,-3875,-0.45,SJNFAAZE1U0005576,117.81,13.04,9137.8330078125,79,75,0,0,0,0,16.0,99.17,-172708,100,1528028858.745,17920,2,1,0,6,0,0,0,0,4,371.99,371.99,7F,1,1,1,0080,80,40,40,0,0,19,27.00
03/06/2018 13:27:42,55 59.40535,-2 30.55496,239,0,381,753644,1144818,371.71,63.232,3881,3863,3872,18,0,110.4,43.6,105.8,41.0,none,none,96.8,36.0,-3874,3871,-3876,3868,-3878,3871,-3877,3871,-3877,3873,-3877,3874,-3879,3873,-3878,3872,-3878,3872,-3877,3872,-3879,3873,-3879,3874,-3879,3873,-3880,3871,-3878,3875,-3877,3874,-3878,3873,-3877,3875,-3877,3873,-3877,3871,-3877,3872,-3879,3873,-3876,3871,-3874,3869,-3872,3865,-3872,3867,-3872,3867,-3876,3866,-3875,3868,-3877,3865,-3874,3866,-3879,3866,-3880,3868,-3877,3867,-3879,3868,-3876,3867,-3881,3863,-3880,3864,-3878,3865,-3880,3864,-3880,3865,-3876,3865,-3875,3866,-3878,3867,-3875,3868,-3872,3865,-3874,3866,-3873,3865,-0.46,SJNFAAZE1U0005576,117.81,13.04,9137.8330078125,79,75,0,0,0,0,16.0,99.17,-172708,100,1528028862.433,19200,2,1,0,6,0,0,0,0,4,371.87,371.87,7F,1,1,1,0080,80,40,40,0,0,19,34.50
03/06/2018 13:27:46,55 59.40535,-2 30.55496,239,0,381,753087,1144818,371.71,58.135,3881,3863,3872,18,0,110.4,43.6,105.8,41.0,none,none,97.0,36.1,-3873,3871,-3875,3868,-3877,3872,-3876,3871,-3876,3872,-3876,3873,-3878,3872,-3878,3871,-3877,3873,-3878,3872,-3879,3872,-3879,3873,-3880,3872,-3878,3871,-3877,3874,-3878,3873,-3877,3873,-3876,3874,-3876,3871,-3876,3871,-3877,3873,-3878,3874,-3874,3871,-3873,3869,-3871,3864,-3871,3867,-3874,3866,-3874,3866,-3875,3867,-3876,3865,-3874,3864,-3877,3866,-3878,3868,-3876,3866,-3878,3868,-3877,3868,-3879,3863,-3878,3863,-3877,3864,-3881,3864,-3879,3865,-3876,3864,-3874,3865,-3876,3865,-3874,3868,-3872,3864,-3874,3865,-3872,3866,-0.48,SJNFAAZE1U0005576,117.81,13.04,9139.44140625,79,75,0,0,0,0,16.0,99.17,-172708,100,1528028866.141,18080,2,1,0,5,0,0,0,0,4,371.84,371.84,7F,1,1,1,0080,80,40,40,0,0,19,30.00
03/06/2018 13:27:49,55 59.40535,-2 30.55496,239,0,381,752509,1144818,371.33,73.638,3877,3858,3868,19,0,110.4,43.6,105.8,41.0,none,none,96.8,36.0,-3867,3866,-3871,3865,-3873,3867,-3873,3866,-3873,3867,-3872,3869,-3874,3868,-3874,3868,-3874,3868,-3874,3867,-3875,3867,-3874,3869,-3875,3867,-3875,3866,-3872,3869,-3873,3870,-3873,3869,-3872,3870,-3873,3867,-3872,3867,-3874,3867,-3874,3870,-3871,3866,-3869,3864,-3866,3860,-3869,3862,-3867,3860,-3869,3861,-3870,3862,-3872,3860,-3868,3859,-3874,3862,-3874,3863,-3873,3862,-3873,3863,-3871,3863,-3877,3858,-3874,3860,-3873,3859,-3875,3859,-3874,3859,-3871,3861,-3868,3860,-3873,3863,-3869,3863,-3867,3860,-3869,3860,-3868,3859,-0.47,SJNFAAZE1U0005576,117.81,13.04,9139.44140625,79,75,0,0,0,0,16.0,99.17,-172708,100,1528028869.911,20320,2,1,0,6,0,0,0,0,4,371.26,371.26,7F,1,1,1,0080,80,40,40,0,0,19,37.00
03/06/2018 13:27:53,55 59.40535,-2 30.55496,239,0,380,751773,1144818,370.37,85.172,3867,3849,3858,18,0,110.4,43.6,105.8,41.0,none,none,96.8,36.0,-3858,3855,-3860,3855,-3863,3858,-3862,3857,-3861,3859,-3863,3860,-3864,3858,-3864,3858,-3863,3860,-3863,3858,-3863,3859,-3865,3860,-3865,3858,-3864,3858,-3863,3861,-3863,3860,-3863,3859,-3864,3861,-3862,3859,-3862,3858,-3863,3860,-3863,3860,-3861,3858,-3858,3854,-3856,3850,-3856,3852,-3858,3853,-3859,3851,-3858,3853,-3861,3850,-3858,3850,-3863,3851,-3865,3855,-3861,3852,-3864,3855,-3863,3854,-3865,3849,-3863,3849,-3862,3852,-3867,3851,-3865,3852,-3861,3852,-3860,3850,-3864,3851,-3860,3854,-3858,3849,-3859,3851,-3858,3851,-0.45,SJNFAAZE1U0005576,117.81,13.04,9139.44140625,79,75,0,0,0,0,16.0,99.17,-172708,100,1528028873.775,24840,2,1,0,5,0,0,0,0,4,370.68,370.68,7F,1,1,1,0080,80,40,40,0,0,19,45.50
03/06/2018 13:27:57,55 59.40535,-2 30.55496,239,0,380,750940,1144818,370.37,81.786,3868,3847,3858,21,0,110.4,43.6,105.8,41.0,none,none,97.0,36.1,3852,-3864,3854,3863,3857,3862,3860,-3862,3858,-3865,3858,-3865,-3859,3867,3857,-3867,-3857,3866,-3858,3865,-3858,3866,-3859,3866,-3858,3868,-3857,3868,3858,-3865,3859,3866,3859,-3864,3859,-3865,3859,-3865,3857,-3863,3858,-3863,3860,3866,3858,-3863,3854,-3858,3850,-3858,3850,-3861,3850,3859,3851,-3860,3855,-3861,3854,-3859,3849,-3862,3851,-3865,3854,-3866,3852,-3865,3854,-3864,3851,3863,3856,-3865,3850,-3865,3849,-3865,3851,-3865,3850,3866,3847,-3863,3849,-3862,3853,-3863,3851,-3861,3849,-3860,3850,-3861,3849,-3857,-0.50,SJNFAAZE1U0005576,117.81,13.04,9139.44140625,79,75,0,0,0,0,16.0,99.17,-172708,100,1528028877.684,25760,2,1,0,5,0,0,0,0,4,370.40,370.40,7F,1,1,1,0080,80,40,40,0,0,19,41.00
03/06/2018 13:28:01,55 59.40535,-2 30.55496,239,0,380,750196,1144818,370.46,73.363,3869,3848,3859,21,0,110.4,43.6,106.0,41.1,none,none,97.0,36.1,3854,-3866,3855,-3861,3858,3864,3862,3863,3858,-3865,3858,-3865,3859,-3868,3858,-3866,3859,-3866,3858,-3865,3861,-3867,3860,-3867,3861,-3869,3859,-3867,3859,3866,3861,-3866,3860,-3865,3861,-3866,3860,-3864,3858,-3865,3860,-3864,3861,-3866,3858,-3864,3855,3858,3852,-3858,3851,-3862,3853,-3861,3854,-3860,3856,3862,3855,-3861,3850,-3864,3852,-3865,3855,-3867,3852,-3866,3855,-3865,3852,-3864,3857,-3865,3851,3866,3849,-3868,3851,-3867,3851,-3868,3848,-3864,3850,3864,3853,-3863,3852,-3864,3851,-3861,3851,-3862,3851,-3858,-0.43,SJNFAAZE1U0005576,117.81,13.04,9139.44140625,79,75,0,0,0,0,16.0,99.17,-172708,100,1528028881.685,22440,2,1,0,5,0,0,0,0,4,370.56,370.56,7F,1,1,1,0080,80,40,40,0,0,19,37.50
03/06/2018 13:28:05,55 59.40535,-2 30.55496,239,0,379,749505,1144818,370.66,67.413,3870,3850,3861,20,0,110.4,43.6,105.8,41.0,none,none,97.0,36.1,3856,-3866,3857,-3865,3860,3866,3864,-3865,3859,-3868,3861,3868,3861,-3870,3860,-3870,3861,-3869,3861,-3869,3861,3869,3861,-3868,3861,-3870,3860,-3870,3861,-3868,3862,-3868,3862,3867,3862,-3868,3862,-3867,3861,-3866,3861,-3865,3862,-3868,3860,-3865,3857,-3862,3854,-3862,3853,3864,3855,-3861,3857,-3862,3857,-3865,3857,-3863,3852,3865,3855,-3867,3857,-3870,3855,-3867,3857,-3868,3855,-3866,3858,-3867,3852,-3868,3852,-3869,3854,3868,3854,-3869,3850,-3866,3853,-3866,3856,-3866,3855,3865,3853,-3864,3853,-3864,3852,-3861,-0.47,SJNFAAZE1U0005576,117.81,13.04,9139.44140625,79,75,0,0,0,0,16.0,99.17,-172708,100,1528028885.691,20520,2,1,0,5,0,0,0,0,4,370.68,370.68,7F,1,1,1,0080,80,40,40,0,0,19,32.25
03/06/2018 13:28:09,55 59.40535,-2 30.55496,239,0,379,748903,1144818,371.04,61.278,3875,3853,3865,22,0,110.7,43.7,106.0,41.1,none,none,97.0,36.1,3860,-3870,3860,-3868,3862,3867,3867,-3868,3863,-3871,3863,-3870,3865,-3872,3863,3872,3864,-3871,3864,-3872,3864,-3872,3863,-3872,3865,3875,3862,-3873,3864,-3871,3866,-3872,3866,-3870,3865,-3871,3864,3870,3864,-3869,3863,-3868,3866,-3872,3863,-3868,3860,-3864,3857,-3865,3856,-3868,3858,-3864,3860,3864,3862,-3868,3860,-3865,3856,-3869,3858,-3870,3860,3871,3858,-3872,3861,-3871,3858,-3869,3863,-3871,3855,-3872,3856,-3871,3857,-3871,3857,-3872,3853,3869,3857,-3869,3860,-3871,3858,-3867,3857,-3867,3855,3867,3855,-3863,-0.47,SJNFAAZE1U0005576,117.81,13.04,9139.44140625,79,75,0,0,0,0,16.0,99.17,-172708,100,1528028889.524,18440,2,1,0,5,0,0,0,0,4,370.85,370.85,7F,1,1,1,0080,81,40,40,0,0,19,28.25
03/06/2018 13:28:13,55 59.40535,-2 30.55496,239,0,379,748396,1144818,371.23,52.550,3873,3860,3867,13,0,110.7,43.7,106.0,41.1,none,none,97.0,36.1,3867,3866,3870,-3865,-3872,3868,-3871,-3866,-3870,3868,-3871,3868,-3873,3868,-3873,3867,-3872,3869,-3871,3867,-3872,3867,-3873,3868,3873,3868,-3873,3867,3871,-3868,3871,3870,3872,-3868,3872,-3870,3871,-3867,3870,-3867,3870,3867,3872,-3869,3869,-3865,3868,-3863,3865,-3860,3867,-3862,3867,-3861,3867,-3861,3870,-3862,3870,3860,3866,-3861,3872,-3862,3873,-3864,3871,-3864,3872,3864,3869,-3863,3873,-3860,3871,-3860,3871,-3861,3873,-3861,3873,-3861,3869,-3861,3868,-3862,3871,3863,3869,-3862,3866,-3860,3868,-3861,3866,-3860,-0.48,SJNFAAZE1U0005576,117.81,13.04,9139.44140625,79,75,0,0,0,0,16.0,99.17,-172708,100,1528028893.297,16040,2,1,0,5,0,0,0,0,4,371.15,371.15,7F,1,1,1,0080,81,40,40,0,0,19,25.50
03/06/2018 13:28:17,55 59.40535,-2 30.55496,239,0,378,747941,1144818,371.42,45.653,3876,3862,3869,14,0,110.4,43.6,106.0,41.1,none,none,97.0,36.1,-3870,3867,-3872,3866,-3873,3868,-3874,3869,-3874,3870,-3873,3870,-3876,3871,-3876,3869,-3875,3870,-3874,3869,-3875,3870,-3875,3871,-3876,3870,-3876,3869,-3875,3871,-3875,3871,-3875,3871,-3874,3872,-3874,3870,-3873,3868,-3875,3869,-3876,3872,-3872,3869,-3870,3866,-3868,3863,-3869,3865,-3871,3863,-3870,3864,-3872,3865,-3873,3862,-3871,3863,-3874,3864,-3875,3866,-3873,3865,-3874,3866,-3873,3865,-3876,3862,-3875,3863,-3875,3864,-3875,3863,-3874,3863,-3872,3864,-3871,3863,-3874,3865,-3871,3865,-3869,3863,-3870,3863,-3870,3862,-0.50,SJNFAAZE1U0005576,117.81,13.04,9139.44140625,79,75,0,0,0,0,16.0,99.17,-172708,100,1528028897.407,14480,2,1,0,5,0,0,0,0,4,371.47,371.47,7F,1,1,1,0080,81,40,40,0,0,19,19.25
03/06/2018 13:28:21,55 59.40535,-2 30.55496,239,0,378,747514,1144818,371.62,43.822,3879,3861,3871,18,0,110.7,43.7,106.0,41.1,none,none,97.0,36.1,-3873,3868,-3875,3867,-3876,3870,-3876,3869,-3876,3871,-3876,3872,-3876,3871,-3877,3870,-3877,3871,-3876,3871,-3877,3870,-3878,3873,-3877,3870,-3878,3870,-3877,3871,-3876,3872,-3877,3871,-3875,3872,-3876,3871,-3875,3871,-3877,3871,-3878,3872,-3875,3869,-3872,3867,-3869,3862,-3872,3865,-3871,3865,-3873,3865,-3874,3865,-3875,3864,-3872,3863,-3877,3865,-3879,3866,-3876,3865,-3877,3867,-3875,3866,-3877,3861,-3877,3862,-3876,3863,-3879,3863,-3878,3864,-3876,3865,-3873,3864,-3876,3864,-3873,3866,-3871,3863,-3873,3863,-3872,3864,-0.49,SJNFAAZE1U0005576,117.81,13.04,9139.44140625,79,75,0,0,0,0,16.0,99.17,-172708,100,1528028901.309,12480,2,1,0,5,0,0,0,0,4,371.61,371.61,7F,1,1,1,0080,81,40,40,0,0,19,17.75
03/06/2018 13:28:25,55 59.40535,-2 30.55496,239,0,378,747164,1144818,372.00,34.087,3881,3867,3875,14,0,110.7,43.7,106.0,41.1,none,none,97.0,36.1,-3876,3874,-3878,3872,-3880,3875,-3880,3874,-3879,3875,-3879,3875,-3880,3875,-3880,3874,-3879,3875,-3880,3875,-3881,3875,-3880,3876,-3881,3876,-3881,3874,-3880,3877,-3879,3877,-3880,3876,-3879,3876,-3879,3875,-3877,3874,-3880,3875,-3880,3877,-3878,3874,-3876,3871,-3874,3869,-3875,3872,-3876,3870,-3876,3870,-3878,3870,-3879,3869,-3876,3868,-3879,3871,-3881,3872,-3879,3871,-3879,3871,-3878,3872,-3880,3868,-3880,3869,-3879,3867,-3880,3869,-3880,3869,-3877,3869,-3876,3869,-3879,3871,-3876,3871,-3874,3868,-3876,3869,-3876,3868,-0.47,SJNFAAZE1U0005576,117.81,13.04,9139.44140625,79,75,0,0,0,0,16.0,99.17,-172708,100,1528028905.081,10360,2,1,0,5,0,0,0,0,4,371.90,371.90,7F,1,1,1,0080,81,40,40,0,0,19,14.75
03/06/2018 13:28:28,55 59.40535,-2 30.55496,239,0,378,746886,1144818,372.29,27.007,3886,3869,3878,17,0,110.7,43.7,106.0,41.1,none,none,97.0,36.1,-3880,3876,-3881,3875,-3883,3877,-3882,3876,-3882,3877,-3881,3877,-3883,3876,-3883,3877,-3884,3877,-3883,3877,-3884,3877,-3883,3879,-3884,3877,-3883,3876,-3884,3880,-3884,3879,-3883,3877,-3882,3880,-3883,3877,-3882,3877,-3881,3877,-3885,3880,-3880,3877,-3879,3875,-3877,3871,-3879,3872,-3879,3872,-3881,3872,-3882,3872,-3882,3871,-3879,3869,-3883,3872,-3886,3875,-3883,3873,-3885,3873,-3882,3874,-3885,3869,-3885,3869,-3884,3869,-3885,3869,-3884,3870,-3882,3871,-3880,3871,-3882,3872,-3881,3873,-3878,3870,-3881,3871,-3878,3871,-0.50,SJNFAAZE1U0005576,117.81,13.04,9139.44140625,79,75,0,0,0,0,16.0,99.17,-172708,100,1528028908.920,9040,2,1,0,5,0,0,0,0,4,372.25,372.25,7F,1,1,1,0080,81,40,40,0,0,19,11.75
03/06/2018 13:28:32,55 59.40535,-2 30.55496,239,0,378,746660,1144818,372.48,21.026,3889,3869,3880,20,0,110.7,43.7,106.0,41.1,none,none,97.2,36.2,3876,-3886,3876,-3883,3879,3883,3882,-3882,3879,-3885,3879,3885,3878,-3887,3877,-3886,3878,-3886,3878,-3886,3879,3886,3879,-3885,3878,-3888,3878,-3887,3878,-3886,3881,-3885,3880,-3885,3879,-3884,3880,-3885,3879,3885,3879,-3884,3882,-3886,3879,-3883,3877,-3879,3874,-3881,3873,3883,3874,-3881,3877,-3880,3875,-3883,3877,-3882,3872,3886,3875,-3886,3875,-3889,3873,-3886,3876,-3885,3874,-3884,3874,-3886,3871,-3886,3869,-3888,3873,3886,3873,-3887,3870,-3884,3872,-3883,3874,-3883,3875,3884,3873,-3881,3873,-3883,3872,-3878,-0.46,SJNFAAZE1U0005576,117.81,13.04,9139.44140625,79,75,0,0,0,0,16.5,99.17,-172708,100,1528028912.563,6480,2,1,0,5,0,0,0,0,4,372.57,372.57,7F,1,1,1,0080,81,40,40,0,0,19,6.00
03/06/2018 13:28:36,55 59.40535,-2 30.55496,239,0,378,746511,1144818,372.96,13.549,3891,3877,3885,14,0,110.7,43.7,106.0,41.1,none,none,97.0,36.1,3882,-3890,3883,-3887,3885,3887,3887,-3888,3885,-3890,3884,-3890,3885,-3891,3884,3889,3884,-3889,3884,-3889,3885,-3888,3884,-3889,3885,-3891,3883,3891,3884,-3889,3886,-3889,3885,-3888,3886,-3889,3885,3888,3883,-3887,3885,-3887,3887,-3890,3885,-3887,3883,-3884,3880,-3885,3880,-3888,3880,-3886,3881,3886,3882,-3886,3883,-3886,3878,-3889,3880,-3889,3881,3891,3880,-3889,3883,-3891,3878,-3887,3881,-3889,3879,-3890,3878,-3890,3877,-3890,3878,-3890,3878,3887,3878,-3888,3881,-3888,3880,-3889,3877,-3885,3878,3886,3878,-3884,-0.44,SJNFAAZE1U0005576,117.81,13.04,9139.44140625,79,75,0,0,0,0,16.5,99.17,-172708,100,1528028916.312,5040,2,1,0,5,0,0,0,0,4,372.96,372.96,7F,1,1,1,0080,81,40,40,0,0,19,3.25
03/06/2018 13:28:40,55 59.40535,-2 30.55496,239,0,378,746400,1144818,373.25,8.941,3896,3877,3888,19,0,110.7,43.7,106.0,41.1,none,none,97.0,36.1,3885,3894,3883,-3892,3887,3891,3889,-3890,3886,-3892,3886,-3893,3887,-3895,3886,-3892,3886,-3894,3886,3892,3886,-3892,3886,-3894,3886,-3895,3885,-3894,3885,-3892,3888,3892,3888,-3891,3887,-3893,3887,-3892,3886,-3891,3887,3891,3889,-3894,3888,-3891,3887,-3888,3883,-3889,3882,-3891,3883,-3890,3884,-3887,3883,-3890,3884,3890,3880,-3892,3883,-3893,3883,-3896,3881,-3893,3884,3894,3882,-3892,3881,-3894,3880,-3893,3878,-3895,3881,-3893,3881,-3895,3877,-3892,3881,-3891,3882,3891,3884,-3892,3881,-3890,3881,-3891,3880,-3887,-0.44,SJNFAAZE1U0005576,117.81,13.04,9139.44140625,79,75,0,0,0,0,16.5,99.17,-172708,100,1528028920.200,3720,2,1,0,5,0,0,0,0,4,373.24,373.24,7F,1,1,1,0080,81,40,40,0,0,19,0.75
03/06/2018 13:28:43,55 59.40535,-2 30.55496,239,0,378,746344,1144818,373.73,1.769,3901,3883,3893,18,0,110.7,43.7,106.0,41.1,none,none,97.0,36.1,3890,-3899,3889,-3897,3892,3895,3895,-3895,3891,-3897,3891,-3897,3891,-3899,3890,-3899,3890,-3897,3891,-3898,3891,-3897,3890,-3898,3891,-3901,3890,-3899,3890,-3898,3892,-3898,3892,-3896,3892,3898,3892,-3897,3891,-3898,3891,-3897,3894,-3900,3891,3896,3890,-3892,3888,-3895,3887,-3897,3888,-3895,3890,-3893,3889,-3896,3889,-3896,3886,-3897,3887,3900,3888,-3901,3887,-3898,3889,-3898,3886,-3897,3887,3900,3885,-3900,3884,-3899,3886,-3899,3885,-3901,3883,-3898,3885,-3897,3886,-3897,3888,-3897,3885,3894,3886,-3897,3885,-3892,-0.46,SJNFAAZE1U0005576,117.81,13.04,9139.44140625,79,75,0,0,0,0,16.5,99.17,-172708,100,1528028923.920,520,2,1,0,5,0,0,0,0,4,373.67,373.67,7F,1,1,1,0080,81,40,40,0,0,19,-3.50
03/06/2018 13:28:47,55 59.40535,-2 30.55496,239,0,378,746356,1144818,374.11,-3.478,3905,3888,3897,17,0,110.7,43.7,106.0,41.1,none,none,97.0,36.1,-3900,3896,-3900,3894,-3902,3896,-3901,3895,-3902,3896,-3901,3897,3902,-3895,-3902,3897,3901,-3896,3902,-3896,3902,3895,3901,-3896,3902,-3895,3903,-3894,3901,-3897,3901,-3897,3901,-3896,3900,-3898,3900,-3897,3900,3895,3901,-3896,3903,-3899,3900,-3896,3900,-3894,3897,3891,3900,-3893,-3900,3893,-3901,-3892,-3900,3892,-3902,3891,-3901,3891,-3903,3891,-3905,3894,-3902,3892,-3903,3893,-3901,3893,-3901,3889,-3905,3888,-3904,3890,-3905,3890,-3902,3890,-3902,3890,-3900,3890,-3902,3890,-3901,3894,-3898,3890,-3900,3892,-3898,3890,-0.50,SJNFAAZE1U0005576,117.81,13.04,9141.05078125,79,75,0,0,0,0,16.5,99.17,-172708,100,1528028927.645,0,2,1,0,5,0,0,0,0,4,373.99,373.99,7F,1,1,1,0080,81,40,40,0,0,19,-6.00
03/06/2018 13:28:51,55 59.40535,-2 30.55496,239,0,378,746350,1144818,373.44,16.173,3897,3883,3890,14,0,110.7,43.7,106.0,41.1,none,none,97.0,36.1,-3894,3890,-3892,3889,-3895,3890,-3893,3888,-3894,3890,-3894,3890,-3895,3890,-3894,3890,-3895,3890,-3894,3889,-3894,3889,-3895,3891,-3895,3889,-3895,3889,-3893,3891,-3894,3891,-3894,3891,-3894,3891,-3893,3890,-3893,3890,-3894,3890,-3897,3892,-3892,3890,-3892,3887,-3892,3885,-3892,3888,-3894,3887,-3893,3886,-3893,3886,-3895,3885,-3893,3885,-3897,3886,-3896,3887,-3895,3886,-3896,3887,-3894,3886,-3895,3883,-3896,3884,-3896,3884,-3897,3884,-3897,3885,-3893,3884,-3893,3886,-3894,3887,-3894,3888,-3891,3884,-3893,3885,-3891,3885,-0.46,SJNFAAZE1U0005576,117.81,13.04,9141.05078125,79,75,0,0,0,0,16.5,99.17,-172708,100,1528028931.154,3280,2,1,0,5,0,0,0,0,4,373.56,373.56,7F,1,1,1,0080,81,40,40,0,0,19,9.50
03/06/2018 13:28:55,55 59.40535,-2 30.55496,239,0,377,746103,1144818,372.58,37.627,3889,3873,3881,16,0,110.7,43.7,106.0,41.1,none,none,97.0,36.1,-3883,3880,-3886,3878,-3887,3880,-3886,3880,-3885,3880,-3885,3881,-3888,3880,-3887,3880,-3886,3881,-3887,3880,-3886,3880,-3886,3882,-3888,3880,-3887,3880,-3886,3883,-3887,3882,-3886,3881,-3886,3882,-3885,3880,-3886,3879,-3886,3881,-3888,3883,-3885,3879,-3884,3878,-3881,3874,-3883,3877,-3884,3876,-3885,3876,-3885,3876,-3886,3874,-3884,3874,-3888,3875,-3888,3878,-3887,3876,-3887,3877,-3885,3876,-3888,3873,-3889,3873,-3889,3873,-3889,3873,-3888,3873,-3886,3874,-3884,3874,-3886,3877,-3884,3878,-3882,3875,-3884,3874,-3882,3874,-0.52,SJNFAAZE1U0005576,117.81,13.04,9141.05078125,79,75,0,0,0,0,16.5,99.17,-172708,100,1528028935.090,9960,2,1,0,5,0,0,0,0,4,372.70,372.70,7F,1,1,1,0080,81,40,40,0,0,19,19.50
03/06/2018 13:28:58,55 59.40535,-2 30.55496,239,0,377,745713,1144818,372.10,48.400,3886,3866,3876,20,0,110.4,43.6,106.0,41.1,none,none,97.0,36.1,-3879,3875,-3879,3873,-3881,3875,-3880,3875,-3879,3876,-3880,3877,-3881,3877,-3881,3877,-3881,3876,-3881,3876,-3881,3876,-3881,3877,-3882,3877,-3882,3875,-3880,3877,-3881,3878,-3880,3877,-3880,3878,-3880,3876,-3880,3875,-3881,3875,-3882,3878,-3879,3875,-3878,3873,-3877,3870,-3877,3873,-3878,3870,-3879,3871,-3881,3871,-3880,3870,-3879,3869,-3882,3871,-3882,3872,-3881,3873,-3883,3871,-3880,3872,-3886,3868,-3882,3869,-3883,3866,-3884,3869,-3884,3870,-3880,3869,-3879,3869,-3882,3872,-3879,3871,-3877,3869,-3879,3870,-3877,3868,-0.52,SJNFAAZE1U0005576,117.80,13.04,9141.05078125,79,75,0,0,0,0,16.5,99.17,-172708,100,1528028938.868,13200,2,1,0,5,0,0,0,0,4,372.13,372.13,7F,1,1,1,0080,81,40,40,0,0,19,25.50
03/06/2018 13:29:02,55 59.40535,-2 30.55496,239,0,377,745212,1144818,371.52,60.088,3878,3861,3870,17,0,110.7,43.7,106.0,41.1,none,none,97.0,36.1,-3872,3869,-3873,3865,-3875,3868,-3874,3868,-3874,3869,-3875,3870,-3876,3870,-3876,3868,-3875,3870,-3875,3870,-3876,3869,-3876,3872,-3877,3870,-3877,3869,-3875,3871,-3875,3871,-3875,3870,-3875,3872,-3874,3869,-3875,3869,-3875,3868,-3877,3872,-3873,3868,-3872,3866,-3870,3862,-3871,3865,-3871,3864,-3873,3864,-3874,3864,-3874,3862,-3873,3862,-3876,3864,-3877,3865,-3875,3865,-3877,3864,-3873,3865,-3877,3861,-3877,3862,-3876,3861,-3878,3862,-3877,3861,-3874,3863,-3872,3862,-3875,3864,-3871,3865,-3870,3862,-3872,3863,-3870,3861,-0.44,SJNFAAZE1U0005576,117.80,13.04,9141.05078125,79,75,0,0,0,0,16.5,99.17,-172708,100,1528028942.597,17160,2,1,0,6,0,0,0,0,4,371.57,371.57,7F,1,1,1,0080,81,40,40,0,0,19,31.50
03/06/2018 13:29:06,55 59.40535,-2 30.55496,239,0,377,744665,1144818,371.14,60.515,3875,3856,3866,19,0,110.4,43.6,105.8,41.0,none,none,96.8,36.0,3862,-3873,3861,3870,3864,3870,3868,-3870,3864,-3872,3865,-3873,3867,3874,3865,-3873,3865,-3874,3865,-3873,3865,-3872,3865,-3872,3866,-3875,3865,-3874,3866,-3873,3867,3873,3866,-3872,3866,-3872,3866,-3872,3864,-3872,3866,3872,3868,-3874,3864,-3870,3862,-3867,3858,-3867,3858,-3870,3859,-3867,3862,-3867,3862,-3870,3862,3868,3857,-3872,3860,-3872,3862,-3874,3860,-3872,3862,3873,3860,-3872,3864,-3873,3857,-3873,3857,-3874,3859,-3873,3859,3874,3856,-3871,3858,-3871,3862,-3871,3861,-3870,3858,-3868,3858,-3868,3858,-3866,-0.46,SJNFAAZE1U0005576,117.80,13.04,9141.05078125,79,75,0,0,0,0,16.5,99.17,-172708,100,1528028946.129,18920,2,1,0,6,0,0,0,0,4,371.21,371.21,7F,1,1,1,0080,81,40,40,0,0,19,28.75
03/06/2018 13:29:09,55 59.40535,-2 30.55496,239,0,376,744150,1144818,371.23,53.191,3875,3857,3867,18,0,110.4,43.6,105.8,41.0,none,none,96.8,36.0,3863,-3873,3863,-3870,3866,3871,3868,3871,3865,-3872,3866,-3873,3866,-3874,3865,-3874,3866,3874,3866,-3872,3867,-3872,3866,-3874,3866,-3875,3865,-3875,3866,-3873,3868,-3872,3867,-3871,3868,3872,3867,-3872,3865,-3871,3867,-3872,3868,-3874,3866,3870,3863,-3866,3860,-3867,3859,-3870,3860,-3867,3862,-3867,3861,-3871,3863,-3868,3858,-3871,3860,3873,3863,-3874,3860,-3873,3863,-3873,3860,-3871,3862,-3873,3859,3874,3857,-3874,3859,-3873,3860,-3875,3857,-3872,3859,3871,3860,-3871,3860,-3870,3859,-3869,3859,-3870,3858,-3866,-0.48,SJNFAAZE1U0005576,117.80,13.04,9141.05078125,79,75,0,0,0,0,16.5,99.17,-172708,100,1528028949.797,17520,2,1,0,7,0,0,0,0,4,371.27,371.27,7F,1,1,1,0080,81,40,40,0,0,19,29.00
03/06/2018 13:29:13,55 59.40535,-2 30.55496,239,0,376,743684,1144818,371.23,50.140,3875,3858,3867,17,0,110.4,43.6,105.8,41.0,none,none,97.0,36.1,3863,-3873,3863,-3871,3866,3871,3869,-3870,3865,-3873,3866,3872,3867,-3874,3866,-3875,3866,-3874,3867,-3873,3867,3874,3866,-3874,3867,-3875,3866,-3875,3866,-3873,3868,-3873,3868,-3873,3867,-3873,3867,-3873,3866,3872,3867,-3871,3870,-3874,3867,-3870,3864,-3867,3860,3868,3860,-3871,3861,-3867,3863,-3868,3864,-3870,3864,-3869,3859,3872,3861,-3874,3863,-3874,3861,-3873,3863,-3873,3861,-3871,3864,-3875,3858,-3874,3858,-3875,3860,3874,3860,-3875,3858,-3871,3859,-3871,3861,-3872,3861,3870,3859,-3868,3859,-3869,3859,-3867,-0.49,SJNFAAZE1U0005576,117.80,13.04,9141.05078125,79,75,0,0,0,0,16.5,99.17,-172708,100,1528028953.581,15320,2,0,0,0,0,0,0,0,4,371.36,371.36,7F,1,1,1,0080,81,40,40,0,0,19,24.75
03/06/2018 13:29:17,55 59.40535,-2 30.55496,239,0,376,743229,1144818,371.23,49.590,3876,3857,3867,19,0,110.7,43.7,106.0,41.1,none,none,97.0,36.1,3863,-3875,3864,-3871,3866,3871,3869,-3871,3866,-3872,3866,-3873,3867,-3875,3865,3874,3866,-3874,3866,-3874,3868,-3874,3867,-3874,3867,3876,3866,-3875,3866,-3873,3867,-3873,3869,-3872,3867,-3873,3867,-3873,3866,-3872,3867,-3871,3869,3874,3867,-3872,3864,-3868,3860,-3868,3860,-3871,3861,-3868,3863,-3868,3863,-3871,3864,-3870,3859,-3871,3862,-3873,3862,3875,3861,-3872,3864,-3873,3861,-3872,3864,-3874,3860,-3874,3857,-3874,3860,-3874,3859,-3875,3857,3872,3860,-3871,3861,-3871,3861,-3871,3860,-3869,3860,3871,3859,-3867,-0.45,SJNFAAZE1U0005576,117.80,13.04,9141.05078125,79,75,0,0,0,0,16.5,99.17,-172708,100,1528028957.382,15040,2,0,0,0,0,0,0,0,4,371.31,371.31,7F,1,1,1,0080,81,40,40,0,0,19,22.75
03/06/2018 13:29:21,55 59.40535,-2 30.55496,239,0,376,742802,1144818,371.52,40.282,3877,3862,3870,15,0,110.4,43.6,105.8,41.0,none,none,97.0,36.1,3871,3869,3873,-3867,-3876,3870,-3874,-3868,-3874,3869,-3874,3870,-3876,3870,-3876,3870,-3875,3870,-3874,3870,-3876,3869,-3876,3871,-3876,3870,-3876,3868,-3874,3871,-3874,3871,-3875,3871,-3873,3873,-3874,3869,-3874,3870,-3875,3869,-3876,3872,-3873,3868,-3872,3867,-3869,3863,-3871,3866,-3870,3865,-3871,3865,3873,-3866,3873,3864,3872,-3864,3874,-3865,3877,-3867,3874,-3867,3876,3867,3874,-3866,3877,-3862,3875,-3862,3873,-3864,3876,-3865,3875,-3864,3873,-3865,3871,-3865,3873,3865,3871,-3867,3870,-3864,3871,-3864,3870,-3864,-0.48,SJNFAAZE1U0005576,117.80,13.04,9141.05078125,79,75,0,0,0,0,16.5,99.17,-172708,100,1528028961.281,12840,2,1,0,6,0,0,0,0,4,371.56,371.56,7F,1,1,1,0080,81,40,40,0,0,19,18.75
03/06/2018 13:29:24,55 59.40535,-2 30.55496,239,0,376,742448,1144818,371.81,34.942,3879,3865,3873,14,0,110.7,43.7,106.0,41.1,none,none,97.0,36.1,-3873,3872,-3875,3870,-3877,3872,-3876,3873,-3877,3873,-3877,3874,-3878,3872,-3878,3873,-3878,3873,-3877,3872,-3878,3872,-3877,3874,-3879,3874,-3879,3872,-3877,3874,-3876,3874,-3877,3874,-3876,3875,-3877,3873,-3877,3872,-3877,3873,-3879,3875,-3875,3872,-3874,3869,-3870,3867,-3874,3868,-3874,3868,-3874,3867,-3875,3869,-3877,3867,-3874,3866,-3877,3868,-3879,3871,-3877,3869,-3878,3869,-3876,3868,-3877,3865,-3878,3867,-3877,3867,-3878,3866,-3877,3867,-3875,3867,-3874,3866,-3876,3867,-3876,3868,-3873,3866,-3874,3867,-3873,3866,-0.46,SJNFAAZE1U0005576,117.80,13.04,9141.05078125,79,75,0,0,0,0,16.5,99.17,-172708,100,1528028964.964,11520,2,1,0,7,0,0,0,0,4,371.70,371.70,7F,1,1,1,0080,81,40,40,0,0,19,16.50
03/06/2018 13:29:28,55 59.40535,-2 30.55496,239,0,375,742145,1144818,371.81,31.859,3880,3864,3873,16,0,110.4,43.6,106.0,41.1,none,none,97.0,36.1,-3875,3872,-3876,3870,-3879,3873,-3877,3871,-3877,3873,-3878,3873,-3877,3872,-3878,3874,-3878,3873,-3878,3872,-3880,3873,-3878,3875,-3879,3873,-3880,3871,-3878,3875,-3879,3874,-3879,3875,-3878,3875,-3876,3873,-3878,3872,-3877,3873,-3879,3875,-3877,3872,-3875,3869,-3872,3866,-3874,3868,-3874,3869,-3875,3868,-3874,3868,-3877,3868,-3875,3866,-3878,3868,-3879,3871,-3878,3867,-3878,3870,-3876,3869,-3877,3864,-3879,3866,-3877,3868,-3879,3867,-3879,3867,-3877,3867,-3873,3867,-3877,3868,-3875,3870,-3873,3865,-3875,3867,-3874,3867,-0.48,SJNFAAZE1U0005576,117.80,13.04,9141.05078125,79,75,0,0,0,0,16.5,99.17,-172708,100,1528028968.935,10240,2,0,0,0,0,0,0,0,4,371.93,371.93,7F,1,1,1,0080,81,40,40,0,0,19,12.50
03/06/2018 13:29:32,55 59.40535,-2 30.55496,239,0,375,741878,1144818,372.10,23.894,3883,3869,3876,14,0,110.7,43.7,106.0,41.1,none,none,97.0,36.1,-3878,3876,-3878,3873,-3882,3876,-3880,3876,-3880,3876,-3879,3877,-3882,3877,-3881,3875,-3880,3876,-3880,3876,-3881,3875,-3881,3877,-3883,3877,-3881,3876,-3880,3877,-3880,3878,-3880,3876,-3880,3878,-3879,3876,-3879,3875,-3879,3876,-3882,3878,-3879,3875,-3878,3873,-3875,3871,-3877,3872,-3879,3871,-3878,3872,-3880,3872,-3880,3870,-3878,3870,-3881,3871,-3882,3874,-3880,3872,-3881,3872,-3878,3873,-3882,3869,-3882,3870,-3881,3869,-3882,3869,-3882,3871,-3879,3870,-3877,3871,-3879,3871,-3878,3874,-3876,3870,-3877,3871,-3876,3871,-0.46,SJNFAAZE1U0005576,117.80,13.04,9141.05078125,79,75,0,0,0,0,16.5,99.17,-172708,100,1528028972.947,8280,2,0,0,0,0,0,0,0,4,372.23,372.23,7F,1,1,1,0080,81,40,40,0,0,19,10.75
03/06/2018 13:29:36,55 59.40535,-2 30.55496,239,0,375,741652,1144818,372.29,22.887,3886,3870,3878,16,0,110.4,43.6,106.0,41.1,none,none,97.0,36.1,-3880,3877,-3881,3876,-3884,3877,-3882,3877,-3882,3877,-3883,3879,-3884,3878,-3884,3877,-3882,3877,-3881,3877,-3884,3877,-3884,3879,-3884,3878,-3884,3876,-3883,3880,-3883,3879,-3883,3879,-3881,3880,-3882,3878,-3882,3877,-3884,3876,-3884,3880,-3882,3878,-3881,3875,-3878,3871,-3880,3874,-3880,3874,-3882,3873,-3881,3873,-3884,3872,-3881,3871,-3885,3872,-3886,3874,-3883,3873,-3885,3873,-3883,3874,-3885,3870,-3886,3870,-3884,3870,-3886,3870,-3884,3872,-3884,3871,-3881,3872,-3883,3873,-3881,3874,-3879,3871,-3881,3871,-3878,3871,-0.48,SJNFAAZE1U0005576,117.80,13.04,9141.05078125,79,75,0,0,0,0,16.5,99.17,-172708,100,1528028976.592,7480,2,1,0,6,0,0,0,0,4,372.32,372.32,7F,1,1,1,0080,81,40,40,0,0,19,12.00
03/06/2018 13:29:40,55 59.40535,-2 30.55496,239,0,375,741367,1144818,371.52,41.717,3879,3860,3870,19,0,110.4,43.6,105.8,41.0,none,none,96.8,36.0,3866,-3876,3866,-3875,3869,3873,3872,-3873,3869,-3875,3868,3876,3868,-3877,3868,-3876,3869,-3877,3869,-3875,3870,3877,3869,-3876,3870,-3879,3868,-3877,3867,-3877,3870,-3875,3871,-3875,3870,-3876,3870,-3875,3868,3874,3869,-3874,3871,-3875,3868,-3874,3866,-3870,3863,-3872,3863,-3873,3864,-3871,3866,-3872,3866,-3873,3867,-3872,3862,3875,3865,-3878,3866,-3878,3864,-3875,3866,-3876,3864,-3875,3866,-3877,3861,-3877,3861,-3877,3863,3878,3862,-3878,3860,-3876,3862,-3874,3864,-3874,3865,3875,3863,-3872,3862,-3873,3862,-3869,-0.47,SJNFAAZE1U0005576,117.80,13.04,9141.05078125,79,75,0,0,0,0,16.5,99.17,-172708,100,1528028980.428,11840,2,1,0,7,0,0,0,0,4,371.72,371.72,7F,1,1,1,0080,81,40,40,0,0,19,24.00
03/06/2018 13:29:44,55 59.40535,-2 30.55496,239,0,375,740899,1144818,370.75,58.868,3871,3852,3862,19,0,110.7,43.7,105.8,41.0,none,none,96.8,36.0,3858,-3869,3858,-3866,3861,3866,3865,-3865,3860,-3868,3861,-3868,3861,-3870,3860,3869,3861,-3869,3861,-3868,3861,-3868,3862,-3869,3862,3870,3860,-3871,3861,-3868,3863,-3868,3863,-3868,3862,-3868,3862,-3868,3861,-3867,3862,-3866,3863,3869,3860,-3866,3858,-3862,3855,-3863,3855,-3866,3856,-3862,3858,3863,3858,-3866,3858,-3863,3853,-3867,3856,-3868,3857,3869,3856,-3868,3859,-3868,3855,-3867,3860,-3868,3853,-3869,3852,-3869,3856,-3869,3855,-3870,3852,3866,3853,-3867,3856,-3866,3856,-3865,3854,-3864,3854,3865,3853,-3861,-0.51,SJNFAAZE1U0005576,117.80,13.04,9141.05078125,79,75,0,0,0,0,16.5,99.17,-172708,100,1528028984.207,16200,2,0,0,0,0,0,0,0,4,370.96,370.96,7F,1,1,1,0080,81,40,40,0,0,19,31.75
03/06/2018 13:29:47,55 59.40535,-2 30.55496,239,0,375,740297,1144818,370.46,64.757,3867,3849,3859,18,0,110.4,43.6,105.8,41.0,none,none,96.8,36.0,3855,3865,3855,-3862,3858,3863,3860,-3862,3859,-3864,3858,-3865,3860,-3867,3858,-3866,3859,-3866,3858,3865,3859,-3865,3858,-3866,3860,-3867,3858,-3866,3859,3865,3861,-3865,3861,-3864,3859,-3864,3859,-3864,3857,-3863,3859,-3864,3861,-3865,3857,-3862,3855,-3860,3853,-3860,3851,-3863,3855,-3860,3855,-3860,3857,-3862,3855,3860,3853,-3862,3855,-3863,3855,-3866,3854,-3864,3855,3864,3853,-3863,3858,-3864,3852,-3865,3851,-3865,3852,-3864,3852,-3866,3849,-3862,3852,-3862,3855,3864,3853,-3862,3853,-3860,3852,-3862,3850,-3859,-0.46,SJNFAAZE1U0005576,117.80,13.04,9141.05078125,79,75,0,0,0,0,16.5,99.17,-172708,100,1528028987.915,20200,2,0,0,0,0,0,0,0,4,370.42,370.42,7F,1,1,1,0080,81,40,40,0,0,19,31.50
03/06/2018 13:29:51,55 59.40535,-2 30.55496,239,0,374,739746,1144818,370.46,56.090,3867,3849,3859,18,0,110.4,43.6,105.8,41.0,none,none,96.8,36.0,3855,-3865,3855,-3863,3858,3863,3860,-3861,3858,-3864,3858,-3865,3858,-3866,3857,-3865,3858,-3866,3858,-3865,3858,-3865,3858,3866,3858,-3867,3858,-3866,3858,-3865,3860,-3865,3860,3865,3860,-3863,3859,-3863,3857,-3863,3859,-3864,3860,-3865,3858,3863,3855,-3859,3852,-3858,3851,-3861,3853,-3860,3855,-3859,3854,-3862,3855,-3860,3851,-3862,3853,3865,3854,-3867,3852,-3863,3856,-3864,3852,-3863,3855,3864,3850,-3865,3849,-3866,3851,-3865,3852,-3867,3849,-3863,3851,-3863,3853,-3862,3852,-3862,3851,3859,3851,-3861,3849,-3859,-0.47,SJNFAAZE1U0005576,117.80,13.04,9142.66015625,79,75,0,0,0,0,16.5,99.17,-172708,100,1528028991.656,17560,2,0,0,0,0,0,0,0,4,370.59,370.59,7F,1,1,1,0080,81,40,40,0,0,19,27.25
03/06/2018 13:29:55,55 59.40535,-2 30.55496,239,0,374,739279,1144818,370.66,46.538,3868,3851,3861,17,0,110.4,43.6,105.8,41.0,none,none,96.8,36.0,-3862,3859,-3864,3857,-3866,3860,-3864,3859,-3866,3860,-3865,3862,-3866,3860,-3867,3860,-3866,3861,-3866,3861,-3867,3861,-3867,3862,-3868,3860,-3868,3860,3866,-3863,3866,-3863,3866,-3861,3866,-3863,3866,-3861,3864,3859,3866,-3860,3867,-3863,3864,-3860,3863,-3857,3859,3853,3861,-3855,-3862,3856,-3863,-3855,-3864,3855,-3866,3854,-3862,3853,-3867,3856,-3868,3857,-3867,3855,-3868,3857,-3865,3856,-3865,3851,-3867,3853,-3865,3853,-3868,3853,-3868,3854,-3865,3853,-3864,3855,-3866,3853,-3862,3856,-3861,3853,-3862,3854,-3862,3853,-0.46,SJNFAAZE1U0005576,117.80,13.04,9142.66015625,79,75,0,0,0,0,16.5,99.17,-172708,100,1528028995.269,15480,2,1,0,6,0,0,0,0,4,370.75,370.75,7F,1,1,1,0080,81,40,40,0,0,19,22.25
03/06/2018 13:29:59,55 59.40535,-2 30.55496,239,0,374,738872,1144818,370.85,42.083,3872,3854,3863,18,0,110.4,43.6,105.8,41.0,none,none,96.8,36.0,-3864,3861,-3866,3859,-3868,3862,-3867,3861,-3868,3862,-3868,3863,-3870,3862,-3870,3861,-3868,3863,-3869,3861,-3869,3862,-3869,3863,-3870,3862,-3870,3861,-3868,3864,-3868,3865,-3868,3863,-3868,3866,-3868,3862,-3867,3861,-3868,3862,-3869,3864,-3867,3862,-3865,3859,-3862,3854,-3865,3858,-3864,3858,-3866,3857,-3866,3857,-3868,3856,-3865,3855,-3869,3856,-3870,3858,-3868,3857,-3869,3859,-3868,3859,-3869,3854,-3870,3854,-3869,3856,-3872,3855,-3871,3856,-3867,3856,-3865,3857,-3869,3857,-3866,3858,-3864,3855,-3866,3856,-3864,3856,-0.44,SJNFAAZE1U0005576,117.80,13.04,9142.66015625,79,75,0,0,0,0,16.5,99.17,-172708,100,1528028999.118,13400,2,1,0,7,0,0,0,0,4,370.93,370.93,7F,1,1,1,0080,81,40,40,0,0,19,22.25
03/06/2018 13:30:02,55 59.40535,-2 30.55496,239,0,374,738482,1144818,371.14,42.785,3873,3856,3866,17,0,110.4,43.6,105.8,41.0,none,none,96.8,36.0,-3866,3864,-3869,3862,-3870,3865,-3870,3864,-3871,3865,-3870,3866,-3871,3865,-3871,3866,-3871,3866,-3870,3864,-3872,3864,-3872,3867,-3873,3865,-3872,3865,-3872,3867,-3871,3867,-3870,3867,-3870,3869,-3870,3865,-3869,3863,-3871,3865,-3871,3867,-3870,3865,-3867,3863,-3864,3858,-3867,3861,-3867,3860,-3867,3860,-3869,3860,-3870,3860,-3867,3857,-3872,3860,-3873,3863,-3871,3861,-3872,3861,-3870,3861,-3871,3857,-3871,3857,-3872,3856,-3873,3857,-3873,3858,-3870,3859,-3867,3858,-3871,3859,-3868,3862,-3866,3858,-3868,3860,-3868,3858,-0.48,SJNFAAZE1U0005576,117.80,13.04,9142.66015625,79,75,0,0,0,0,16.5,99.17,-172708,100,1528029002.800,13280,2,0,0,0,0,0,0,0,4,370.96,370.96,7F,1,1,1,0080,81,40,40,0,0,19,20.50
03/06/2018 13:30:06,55 59.40535,-2 30.55496,239,0,373,738117,1144818,370.85,44.372,3870,3856,3863,14,0,110.4,43.6,105.8,41.0,none,none,96.8,36.0,-3865,3862,-3866,3860,-3868,3862,-3868,3863,-3868,3863,-3868,3865,-3868,3864,-3870,3864,-3869,3863,-3869,3863,-3870,3863,-3869,3864,-3870,3864,-3870,3863,-3868,3865,-3868,3865,-3868,3864,-3868,3864,-3868,3863,-3867,3862,-3869,3862,-3869,3866,-3867,3861,-3865,3859,-3862,3856,-3864,3860,-3864,3858,-3864,3858,-3867,3859,-3868,3857,-3864,3857,-3869,3859,-3870,3860,-3868,3860,-3870,3860,-3867,3860,-3870,3856,-3869,3857,-3868,3856,-3869,3857,-3869,3858,-3867,3858,-3865,3858,-3867,3859,-3866,3859,-3864,3856,-3864,3858,-3863,3856,-0.45,SJNFAAZE1U0005576,117.80,13.04,9142.66015625,79,75,0,0,0,0,16.5,99.17,-172708,100,1528029006.589,12520,2,0,0,0,0,0,0,0,4,370.91,370.91,7F,1,1,1,0080,81,40,40,0,0,19,22.25
03/06/2018 13:30:10,55 59.40535,-2 30.55496,239,0,373,737671,1144818,370.56,46.660,3869,3851,3860,18,0,110.4,43.6,105.8,41.0,none,none,96.8,36.0,-3862,3859,-3863,3856,-3866,3860,-3864,3859,-3864,3860,-3864,3861,-3867,3860,-3865,3859,-3866,3860,-3866,3859,-3866,3860,-3866,3862,-3867,3860,-3867,3859,-3865,3862,-3865,3862,-3866,3861,-3865,3862,-3865,3860,-3865,3859,-3865,3860,-3867,3862,-3864,3858,-3862,3856,-3860,3852,-3861,3854,-3862,3855,-3863,3855,-3864,3855,-3864,3854,-3863,3853,-3867,3854,-3867,3857,-3865,3855,-3868,3857,-3865,3856,-3868,3851,-3866,3851,-3867,3853,-3869,3853,-3868,3853,-3864,3854,-3864,3854,-3865,3854,-3864,3856,-3862,3853,-3863,3854,-3860,3853,-0.49,SJNFAAZE1U0005576,117.80,13.04,9142.66015625,79,75,0,0,0,0,16.5,99.17,-172708,100,1528029010.480,14840,2,1,0,6,0,0,0,0,4,370.71,370.71,7F,1,1,1,0080,81,40,40,0,0,19,24.00
03/06/2018 13:30:14,55 59.40535,-2 30.55496,239,0,373,737217,1144818,370.46,53.924,3868,3848,3859,20,0,110.4,43.6,105.8,41.0,none,none,96.8,36.0,3855,3865,3855,-3862,3857,3863,3860,-3862,3858,-3864,3858,-3864,3857,3865,3857,-3866,3858,-3866,3858,-3865,3859,-3866,3859,-3866,3859,-3868,3857,-3867,3858,-3865,3859,3865,3859,-3864,3858,-3864,3859,-3864,3857,-3863,3858,3863,3860,-3865,3857,-3862,3855,-3858,3852,-3860,3853,-3863,3853,-3859,3854,-3859,3854,-3862,3855,3860,3850,-3863,3853,-3864,3855,-3867,3852,-3863,3856,3865,3853,-3863,3854,-3865,3849,-3865,3849,-3866,3851,-3865,3850,-3866,3848,-3863,3851,-3863,3853,3862,3853,-3863,3850,-3860,3850,-3861,3850,-3858,-0.50,SJNFAAZE1U0005576,117.80,13.04,9142.66015625,79,75,0,0,0,0,16.5,99.17,-172708,100,1528029014.124,15160,2,1,0,7,0,0,0,0,4,370.45,370.45,7F,1,1,1,0080,81,40,40,0,0,19,28.00
03/06/2018 13:30:17,55 59.40535,-2 30.55496,239,0,373,736759,1144818,370.18,54.870,3864,3845,3856,19,0,110.4,43.6,105.8,41.0,none,none,96.8,36.0,3852,-3862,3852,-3859,3854,3860,3858,3859,3855,-3861,3854,-3862,3856,-3862,3855,-3863,3855,3862,3855,-3861,3855,-3863,3856,-3861,3856,-3864,3855,-3863,3855,-3862,3857,-3862,3857,-3860,3856,3862,3856,-3861,3855,-3860,3855,-3860,3857,-3862,3854,3859,3852,-3855,3850,-3855,3850,-3859,3850,-3856,3851,-3855,3851,-3858,3852,-3855,3848,-3859,3851,3860,3851,-3862,3850,-3861,3853,-3861,3850,-3860,3854,3861,3848,-3861,3847,-3862,3850,-3861,3850,-3862,3845,-3858,3849,3859,3851,-3860,3851,-3858,3848,-3856,3849,-3858,3849,-3855,-0.51,SJNFAAZE1U0005576,117.80,13.04,9142.66015625,79,75,0,0,0,0,16.5,99.17,-172708,100,1528029017.595,16360,2,0,0,0,0,0,0,0,4,370.27,370.27,7F,1,1,1,0080,81,40,40,0,0,19,29.00
03/06/2018 13:30:21,55 59.40535,-2 30.55496,239,0,372,736223,1144818,369.89,58.806,3862,3843,3853,19,0,110.4,43.6,105.8,41.0,none,none,96.8,36.0,3847,-3857,3848,-3856,3851,3857,3855,-3856,3853,-3858,3852,3858,3853,-3861,3852,-3861,3852,-3860,3853,-3859,3854,3860,3852,-3859,3853,-3862,3851,-3860,3853,-3860,3855,-3860,3854,-3857,3854,-3858,3852,-3858,3853,3858,3853,-3857,3854,-3858,3851,-3857,3849,-3852,3845,3853,3845,-3855,3846,-3853,3848,-3852,3849,-3856,3849,-3854,3843,-3856,3846,-3858,3849,-3861,3847,3858,3849,-3858,3846,-3857,3848,-3858,3844,-3859,3843,3860,3846,-3859,3845,-3860,3843,-3857,3844,-3857,3846,-3857,3846,3855,3844,-3855,3845,-3856,3844,-3852,-0.52,SJNFAAZE1U0005576,117.80,13.04,9142.66015625,79,75,0,0,0,0,16.5,99.17,-172708,100,1528029021.280,17440,2,0,0,0,0,0,0,0,4,370.05,370.05,7F,1,1,1,0080,81,40,40,0,0,19,30.00
03/06/2018 13:30:24,55 59.40535,-2 30.55496,239,0,372,735704,1144818,369.60,63.445,3858,3839,3850,19,0,110.4,43.6,105.8,41.0,none,none,96.8,36.0,3845,-3856,3846,-3855,3849,3855,3852,-3854,3849,-3856,3849,-3856,3850,-3858,3849,3858,3849,-3858,3849,-3856,3850,-3857,3850,-3857,3851,3858,3849,-3858,3849,-3858,3850,-3857,3851,-3855,3850,-3856,3850,-3856,3849,-3855,3850,-3855,3851,3857,3848,-3854,3846,-3850,3843,-3850,3842,-3853,3843,3851,3846,-3850,3845,-3854,3845,-3852,3841,-3854,3844,-3856,3845,3858,3844,-3855,3847,-3855,3844,-3854,3847,-3856,3841,-3857,3841,-3858,3844,-3856,3844,-3857,3839,3855,3841,-3854,3845,-3853,3843,-3854,3841,-3851,3842,3853,3841,-3850,-0.48,SJNFAAZE1U0005576,117.80,13.04,9142.66015625,79,75,0,0,0,0,16.5,99.17,-172708,100,1528029024.841,18160,2,2,0,0,0,0,0,0,4,369.75,369.75,7F,1,1,1,0080,81,40,40,0,0,19,32.00
03/06/2018 13:30:28,55 59.40535,-2 30.55496,239,0,372,735124,1144818,369.41,67.748,3858,3839,3848,19,0,110.4,43.6,105.8,41.0,none,none,96.8,36.0,3847,3847,3851,-3844,-3853,3847,-3854,-3848,-3854,3848,-3853,3849,-3855,3848,-3854,3849,-3854,3848,-3854,3848,-3855,3849,-3855,3849,-3856,3849,-3855,3848,-3853,3850,-3853,3850,-3854,3850,-3854,3851,-3854,3849,-3852,3848,-3854,3848,-3854,3850,-3851,3846,-3850,3845,3846,-3840,-3849,3843,3849,-3841,3849,-3841,3852,-3842,3852,3841,3849,-3841,3854,-3843,3855,-3844,3853,-3843,3854,3843,3851,-3844,3858,-3839,3855,-3841,3854,-3841,3856,-3840,3854,-3841,3852,-3841,3851,-3842,3853,3844,3849,-3843,3846,-3840,3848,-3841,3849,-3840,-0.47,SJNFAAZE1U0005576,117.80,13.04,9142.66015625,79,75,0,0,0,0,16.5,99.17,-172708,100,1528029028.630,19760,2,1,0,6,0,0,0,0,4,369.44,369.44,7F,1,1,1,0080,81,40,40,0,0,19,35.50
03/06/2018 13:30:32,55 59.40535,-2 30.55496,239,0,372,734478,1144818,369.12,69.671,3855,3836,3845,19,0,110.4,43.6,105.8,41.0,none,none,96.8,36.0,-3846,3842,-3848,3841,-3849,3844,-3850,3844,-3850,3845,-3850,3846,-3852,3844,-3851,3844,-3850,3844,-3851,3845,-3851,3845,-3851,3846,-3852,3845,-3852,3845,-3850,3846,-3850,3847,-3850,3846,-3850,3848,-3850,3845,-3850,3844,-3850,3844,-3851,3847,-3848,3843,-3845,3841,-3844,3837,-3844,3838,-3845,3840,-3846,3838,-3849,3839,-3848,3837,-3846,3838,-3852,3839,-3852,3840,-3849,3841,-3852,3841,-3850,3840,-3855,3836,-3851,3837,-3851,3837,-3854,3838,-3852,3837,-3849,3838,-3847,3839,-3850,3841,-3846,3839,-3844,3839,-3845,3836,-3844,3837,-0.48,SJNFAAZE1U0005576,117.80,13.04,9142.66015625,79,75,0,0,0,0,16.5,99.17,-172708,100,1528029032.656,21120,2,0,0,0,0,0,0,0,4,369.17,369.17,7F,1,1,1,0080,81,40,40,0,0,19,34.00
03/06/2018 13:30:36,55 59.40535,-2 30.55496,239,0,371,733827,1144818,369.31,60.424,3854,3839,3847,15,0,110.4,43.6,105.8,41.0,none,none,96.8,36.0,-3848,3845,-3849,3844,-3851,3848,-3851,3846,-3851,3848,-3851,3850,-3852,3848,-3852,3847,-3852,3849,-3851,3848,-3852,3849,-3853,3849,-3853,3848,-3852,3848,-3852,3850,-3852,3850,-3852,3848,-3852,3850,-3851,3848,-3851,3847,-3851,3847,-3852,3850,-3849,3846,-3848,3843,-3844,3840,-3846,3842,-3847,3842,-3847,3841,-3849,3842,-3850,3840,-3847,3839,-3853,3842,-3852,3846,-3850,3842,-3851,3844,-3850,3844,-3852,3840,-3851,3840,-3852,3841,-3854,3840,-3852,3841,-3849,3842,-3848,3842,-3850,3842,-3847,3843,-3846,3840,-3847,3840,-3846,3840,-0.52,SJNFAAZE1U0005576,117.80,13.04,9142.66015625,79,75,0,0,0,0,16.5,99.17,-172708,100,1528029036.486,19480,2,0,0,0,0,0,0,0,4,369.30,369.30,7F,1,1,1,0080,81,40,40,0,0,19,28.00
03/06/2018 13:30:40,55 59.40535,-2 30.55496,239,0,371,733327,1144818,369.50,51.848,3857,3841,3849,16,0,110.7,43.7,105.8,41.0,none,none,96.8,36.0,-3849,3848,-3851,3846,-3853,3849,-3853,3847,-3853,3849,-3854,3851,-3855,3850,-3855,3849,-3854,3850,-3854,3849,-3855,3849,-3855,3851,-3856,3850,-3856,3849,-3854,3852,-3854,3851,-3854,3850,-3854,3852,-3853,3849,-3853,3849,-3853,3849,-3854,3851,-3852,3848,-3849,3846,-3847,3841,-3849,3844,-3850,3844,-3850,3843,-3852,3844,-3853,3842,-3849,3842,-3853,3844,-3856,3847,-3852,3846,-3854,3846,-3852,3845,-3857,3841,-3855,3843,-3855,3843,-3856,3843,-3855,3843,-3851,3843,-3850,3843,-3853,3846,-3849,3844,-3848,3843,-3850,3843,-3849,3843,-0.48,SJNFAAZE1U0005576,117.80,13.04,9142.66015625,79,75,0,0,0,0,16.5,99.17,-172708,100,1528029040.048,16480,2,0,0,0,0,0,0,0,4,369.58,369.58,7F,1,1,1,0080,81,40,40,0,0,19,25.25
03/06/2018 13:30:43,55 59.40535,-2 30.55496,239,0,371,732873,1144818,369.50,50.017,3857,3839,3849,18,0,110.7,43.7,105.8,41.0,none,none,96.8,36.0,-3850,3847,-3852,3845,-3854,3848,-3853,3849,-3853,3848,-3854,3850,-3854,3848,-3855,3848,-3855,3849,-3854,3848,-3855,3849,-3855,3850,-3856,3848,-3855,3847,-3855,3850,-3854,3850,-3853,3850,-3853,3850,-3853,3849,-3853,3848,-3854,3848,-3856,3851,-3852,3848,-3850,3845,-3847,3841,-3849,3844,-3850,3842,-3851,3842,-3851,3842,-3853,3841,-3850,3841,-3855,3842,-3855,3844,-3853,3844,-3855,3844,-3852,3844,-3857,3839,-3855,3841,-3856,3840,-3856,3840,-3856,3841,-3853,3842,-3851,3842,-3853,3845,-3851,3843,-3849,3842,-3850,3841,-3849,3841,-0.48,SJNFAAZE1U0005576,117.80,13.04,9142.66015625,79,75,0,0,0,0,16.5,99.17,-172708,100,1528029043.772,15280,2,1,0,6,0,0,0,0,4,369.66,369.66,7F,1,1,1,0080,81,40,40,0,0,19,23.75
03/06/2018 13:30:47,55 59.40535,-2 30.55496,239,0,371,732430,1144818,369.89,41.198,3862,3841,3853,21,0,110.4,43.6,106.0,41.1,none,none,97.0,36.1,3848,-3858,3847,-3856,3850,3857,3854,-3856,3851,-3860,3852,3859,3852,-3860,3852,-3859,3851,-3860,3851,-3859,3852,3859,3852,-3860,3853,-3862,3851,-3860,3852,-3859,3854,-3859,3853,-3857,3852,-3859,3852,-3858,3850,3857,3852,-3856,3853,-3859,3851,-3857,3848,-3852,3846,-3854,3846,3856,3847,-3853,3848,-3854,3848,-3855,3848,-3855,3843,3858,3847,-3859,3847,-3859,3846,-3858,3849,-3859,3846,-3857,3849,-3859,3843,-3859,3843,-3860,3846,3859,3845,-3860,3841,-3858,3844,-3857,3847,-3856,3847,3856,3846,-3855,3845,-3856,3844,-3852,-0.50,SJNFAAZE1U0005576,117.80,13.04,9142.66015625,79,75,0,0,0,0,16.5,99.17,-172708,100,1528029047.721,13400,2,1,0,7,0,0,0,0,4,369.90,369.90,7F,1,1,1,0080,81,40,40,0,0,19,18.75
03/06/2018 13:30:51,55 59.40535,-2 30.55496,239,0,370,732058,1144818,370.18,34.240,3865,3846,3856,19,0,110.4,43.6,105.8,41.0,none,none,96.8,36.0,3851,-3861,3851,-3860,3854,3860,3858,-3859,3855,-3862,3855,-3861,3856,-3862,3854,3863,3855,-3863,3855,-3862,3856,-3863,3855,-3862,3856,3864,3854,-3864,3855,-3862,3857,-3863,3856,-3861,3856,-3862,3855,-3860,3855,-3860,3855,-3860,3857,3861,3854,-3858,3852,-3855,3848,-3857,3848,-3860,3851,-3857,3851,3856,3850,-3860,3852,-3858,3847,-3861,3849,-3862,3851,3864,3849,-3861,3852,-3863,3849,-3860,3849,-3861,3848,-3863,3846,-3864,3847,-3863,3848,-3865,3846,3861,3847,-3860,3850,-3859,3850,-3859,3847,-3856,3848,3858,3848,-3855,-0.31,SJNFAAZE1U0005576,117.80,13.28,9142.66015625,79,75,0,0,0,0,16.5,99.17,-172708,100,1528029051.624,11320,2,0,0,0,0,0,0,0,4,370.21,370.21,7F,1,1,1,0080,81,40,40,0,0,19,15.00
03/06/2018 13:30:55,55 59.40535,-2 30.55496,239,0,370,731770,1144818,370.56,27.007,3869,3850,3860,19,0,110.7,43.7,105.8,41.0,none,none,96.8,36.0,3855,3867,3856,-3864,3859,3865,3861,-3864,3859,-3865,3859,-3866,3859,-3867,3859,-3867,3858,-3867,3859,3866,3860,-3866,3858,-3867,3859,-3869,3858,-3868,3858,3866,3861,-3867,3861,-3864,3860,-3866,3860,-3865,3858,-3865,3860,-3864,3861,-3867,3858,-3864,3856,-3860,3853,-3861,3852,-3863,3855,-3861,3855,-3861,3855,-3863,3856,3862,3853,-3865,3854,-3867,3856,-3868,3854,-3866,3855,3866,3853,-3865,3855,-3866,3851,-3867,3851,-3867,3853,-3866,3852,-3867,3850,-3864,3851,-3864,3853,3864,3854,-3863,3852,-3862,3852,-3863,3852,-3859,-0.29,SJNFAAZE1U0005576,117.80,13.52,9144.26953125,79,75,0,0,0,0,16.5,99.17,-172708,100,1528029055.357,9040,2,0,0,0,0,0,0,0,4,370.57,370.57,7F,1,1,1,0080,81,40,40,0,0,19,12.00
03/06/2018 13:30:59,55 59.40535,-2 30.55496,239,0,370,731542,1144818,370.94,22.826,3873,3854,3864,19,0,110.7,43.7,105.8,41.0,none,none,96.8,36.0,3860,-3870,3859,-3867,3862,3867,3865,-3866,3861,-3869,3863,-3869,3863,-3871,3862,-3870,3862,-3870,3862,-3868,3864,-3870,3863,3870,3864,-3873,3862,-3871,3862,-3868,3864,-3870,3864,3870,3864,-3869,3863,-3869,3863,-3868,3864,-3868,3865,-3870,3863,3867,3860,-3863,3857,-3866,3857,-3868,3859,-3865,3861,-3865,3862,-3868,3860,-3865,3856,-3870,3860,3871,3859,-3871,3858,-3871,3860,-3870,3858,-3868,3858,3871,3856,-3871,3855,-3872,3857,-3871,3857,-3872,3854,-3870,3856,-3868,3859,-3869,3859,-3868,3857,3866,3857,-3866,3856,-3863,-0.25,SJNFAAZE1U0005576,117.80,13.84,9144.26953125,79,75,0,0,0,0,16.5,99.17,-172708,100,1528029059.135,7280,2,1,0,6,0,0,0,0,4,370.84,370.84,7F,1,1,1,0080,81,40,40,0,0,19,8.25
03/06/2018 13:31:02,55 59.40535,-2 30.55496,239,0,370,731328,1144818,370.66,32.104,3868,3853,3861,15,0,110.7,43.7,105.8,41.0,none,none,96.8,36.0,-3862,3861,-3863,3858,-3865,3860,-3865,3860,-3864,3861,-3865,3862,-3865,3860,-3865,3860,-3865,3861,-3865,3860,-3866,3861,-3866,3861,-3866,3861,-3866,3861,-3866,3863,-3865,3862,-3865,3862,-3865,3863,3865,-3860,3864,3860,3865,-3861,3866,-3864,3864,-3859,3862,-3857,3860,3854,3862,-3856,-3861,3857,-3863,-3855,-3864,3855,-3864,3855,-3861,3855,-3866,3855,-3866,3859,-3864,3858,-3866,3857,-3864,3856,-3866,3854,-3865,3853,-3866,3854,-3868,3855,-3867,3855,-3863,3855,-3862,3855,-3865,3856,-3862,3857,-3862,3855,-3862,3854,-3860,3853,-0.27,SJNFAAZE1U0005576,117.80,14.16,9144.26953125,79,75,0,0,0,0,16.5,99.17,-172708,100,1528029062.894,9920,2,1,0,7,0,0,0,0,4,370.71,370.71,7F,1,1,1,0080,81,40,40,0,0,19,14.25
03/06/2018 13:31:06,55 59.40535,-2 30.55496,239,0,370,731027,1144818,370.46,38.421,3865,3851,3859,14,0,110.4,43.6,105.8,41.0,none,none,96.8,36.0,-3859,3858,-3861,3856,-3863,3858,-3863,3858,-3862,3859,-3863,3860,-3865,3860,-3864,3859,-3863,3859,-3864,3858,-3864,3858,-3864,3860,-3865,3858,-3865,3858,-3863,3859,-3863,3861,-3864,3860,-3863,3861,-3862,3858,-3863,3858,-3863,3859,-3865,3860,-3861,3857,-3859,3855,-3856,3851,-3859,3854,-3859,3853,-3861,3853,-3863,3854,-3862,3853,-3860,3852,-3864,3853,-3864,3856,-3864,3855,-3864,3855,-3862,3854,-3863,3851,-3864,3851,-3863,3852,-3865,3852,-3864,3853,-3861,3853,-3860,3853,-3862,3854,-3860,3855,-3858,3852,-3860,3852,-3860,3853,-0.27,SJNFAAZE1U0005576,117.80,14.32,9144.26953125,79,75,0,0,0,0,16.5,99.17,-172708,100,1528029066.911,10920,2,0,0,0,0,0,0,0,4,370.47,370.47,7F,1,1,1,0080,81,40,40,0,0,19,18.75
03/06/2018 13:31:10,55 59.40535,-2 30.55496,239,0,370,730636,1144818,370.08,44.433,3862,3848,3855,14,0,110.7,43.7,105.8,41.0,none,none,96.8,36.0,-3856,3854,-3858,3852,-3861,3855,-3861,3854,-3860,3855,-3860,3856,-3861,3856,-3861,3855,-3861,3855,-3860,3855,-3861,3856,-3861,3857,-3862,3856,-3861,3855,-3859,3857,-3861,3857,-3861,3857,-3860,3857,-3860,3855,-3859,3855,-3860,3854,-3861,3857,-3859,3854,-3857,3852,-3854,3848,-3856,3851,-3856,3850,-3858,3850,-3858,3850,-3859,3849,-3857,3849,-3860,3851,-3861,3852,-3860,3852,-3861,3852,-3858,3851,-3862,3848,-3861,3849,-3860,3849,-3862,3848,-3861,3849,-3859,3850,-3858,3849,-3859,3851,-3857,3852,-3856,3849,-3857,3848,-3855,3849,-0.27,SJNFAAZE1U0005576,117.80,14.32,9144.26953125,79,75,0,0,0,0,16.5,99.17,-172708,100,1528029070.937,13480,2,0,0,0,0,0,0,0,4,370.10,370.10,7F,1,1,1,0080,81,40,40,0,0,19,22.25
03/06/2018 13:31:14,55 59.40535,-2 30.55496,239,0,369,730203,1144818,370.18,41.167,3865,3848,3856,17,0,110.7,43.7,105.8,41.0,none,none,96.8,36.0,-3857,3854,-3860,3852,-3861,3854,-3861,3854,-3860,3855,-3861,3856,-3862,3855,-3862,3854,-3862,3855,-3861,3855,-3862,3856,-3861,3856,-3862,3856,-3863,3855,-3862,3856,-3862,3857,-3860,3857,-3861,3857,-3861,3856,-3860,3855,-3861,3855,-3862,3858,-3859,3853,-3857,3852,-3856,3850,-3858,3850,-3857,3850,-3859,3851,-3860,3850,-3860,3849,-3860,3849,-3863,3851,-3865,3852,-3861,3851,-3863,3851,-3860,3851,-3865,3848,-3863,3848,-3862,3848,-3865,3849,-3863,3848,-3860,3849,-3858,3849,-3861,3852,-3858,3850,-3855,3848,-3858,3849,-3856,3848,-0.27,SJNFAAZE1U0005576,117.80,14.32,9144.26953125,79,75,0,0,0,0,16.5,99.17,-172708,100,1528029074.882,13240,2,1,0,12,0,0,0,0,4,370.08,370.08,7F,1,1,1,0080,81,40,40,0,0,19,18.75
03/06/2018 13:31:18,55 59.40535,-2 30.55496,239,0,369,729851,1144818,370.08,36.559,3865,3847,3855,18,0,110.4,43.6,105.8,41.0,none,none,96.8,36.0,-3851,3860,-3852,3859,-3854,3859,-3856,3858,-3854,3861,-3853,3861,-3856,3862,-3855,3862,-3855,3861,-3854,3861,-3855,3861,-3855,3862,-3856,3865,-3854,3862,3853,-3862,3856,3860,3856,-3860,3856,-3860,3854,-3861,3854,-3860,3855,-3859,3857,3862,3854,-3859,3852,-3854,-3848,3856,-3849,-3858,-3850,3855,-3852,3855,-3853,3858,-3852,3856,-3848,3858,-3851,3861,-3851,3863,-3850,3860,-3852,3859,-3850,3859,-3852,3860,-3848,3861,-3848,3860,-3849,3860,-3848,3862,-3847,3858,-3848,3858,-3850,3859,-3849,3857,-3848,3856,-3848,3858,-3847,3855,-0.29,SJNFAAZE1U0005576,117.80,14.32,9144.26953125,79,75,0,0,0,0,16.5,99.17,-172708,100,1528029078.664,11320,2,1,0,7,0,0,0,0,4,370.26,370.26,7F,1,1,1,0080,81,40,40,0,0,19,18.50
03/06/2018 13:31:22,55 59.40535,-2 30.55496,239,0,369,729493,1144818,370.08,37.444,3865,3845,3855,20,0,110.4,43.6,105.8,41.0,none,none,96.8,36.0,3852,3860,3852,-3860,3855,3860,3856,-3858,3854,-3861,3855,-3862,3856,-3863,3854,-3862,3854,-3862,3855,3861,3857,-3861,3855,-3862,3855,-3865,3854,-3861,3854,3861,3856,-3861,3856,-3860,3856,-3861,3855,-3861,3854,-3861,3856,-3860,3857,-3861,3853,-3860,3853,3855,3848,-3856,3848,-3859,3850,-3858,3851,-3857,3852,-3859,3852,3857,3847,-3860,3850,-3861,3851,-3863,3849,-3860,3852,3862,3848,-3860,3851,-3861,3847,-3860,3845,-3862,3848,-3862,3849,-3862,3846,-3859,3847,-3861,3850,3859,3850,-3859,3849,-3857,3848,-3857,3847,-3854,-0.30,SJNFAAZE1U0005576,117.80,14.32,9144.26953125,79,75,0,0,0,0,16.5,99.17,-172708,100,1528029082.432,11600,2,0,0,0,0,0,0,0,4,370.29,370.29,7F,1,1,1,0080,82,40,40,0,0,19,18.25
03/06/2018 13:31:26,55 59.40535,-2 30.55496,239,0,369,729154,1144818,370.18,35.461,3865,3847,3856,18,0,110.4,43.6,105.8,41.0,none,none,96.8,36.0,3852,-3862,3853,-3860,3855,3859,3857,-3859,3856,-3862,3856,-3861,3856,-3863,3855,-3862,3856,-3862,3856,-3860,3857,-3861,3856,3862,3857,-3865,3856,-3864,3855,-3862,3858,-3862,3858,3860,3857,-3862,3856,-3861,3855,-3860,3857,-3861,3857,-3862,3855,3859,3852,-3856,3850,-3856,3850,-3859,3850,-3857,3853,-3855,3853,-3858,3853,-3857,3849,-3860,3852,3861,3852,-3863,3851,-3860,3853,-3861,3851,-3859,3852,3861,3849,-3862,3849,-3862,3850,-3862,3850,-3862,3847,-3859,3849,-3859,3852,-3859,3852,-3860,3849,3856,3849,-3858,3849,-3855,-0.29,SJNFAAZE1U0005576,117.80,14.32,9144.26953125,79,75,0,0,0,0,16.5,99.17,-172708,100,1528029086.120,11360,2,0,0,0,0,0,0,0,4,370.25,370.25,7F,1,1,1,0080,81,40,40,0,0,19,17.50
03/06/2018 13:31:29,55 59.40535,-2 30.55496,239,0,369,728839,1144818,370.18,35.796,3865,3847,3856,18,0,110.7,43.7,105.8,41.0,none,none,96.8,36.0,3851,-3862,3852,-3859,3854,3859,3858,-3859,3854,3861,3855,-3863,3856,-3864,3855,-3863,3855,-3863,3855,-3861,3856,-3863,3856,-3862,3856,-3865,3855,3863,3854,-3862,3858,-3862,3857,-3861,3856,-3862,3856,-3862,3856,3860,3856,-3859,3858,-3862,3855,-3860,3853,-3855,3849,3857,3849,-3860,3850,-3856,3851,-3857,3852,-3859,3852,-3858,3848,-3860,3850,-3862,3852,-3862,3850,3862,3853,-3860,3848,-3860,3852,-3862,3849,-3863,3848,3862,3849,-3863,3849,-3864,3847,-3860,3848,-3859,3850,-3860,3850,-3858,3848,-3858,3848,-3859,3848,3855,-0.30,SJNFAAZE1U0005576,117.80,14.32,9144.26953125,79,75,0,0,0,0,16.5,99.17,-172708,100,1528029089.800,11360,2,0,0,0,0,0,0,0,4,370.26,370.26,7F,1,1,1,0080,81,40,40,0,0,19,15.75
03/06/2018 13:31:33,55 59.40535,-2 30.55496,239,0,369,728521,1144818,370.27,33.111,3865,3848,3857,17,0,110.4,43.6,105.8,41.0,none,none,96.8,36.0,3854,-3862,3854,3861,3857,3861,3858,-3860,3856,-3862,3857,-3863,3857,3864,3857,-3864,3857,-3864,3857,-3862,3857,-3862,3857,-3863,3858,3865,3857,-3865,3857,-3862,3859,-3863,3856,-3861,3858,-3863,3857,-3862,3857,-3861,3857,-3861,3859,3864,3857,-3860,3854,-3857,3850,-3858,3851,-3859,3852,3858,3854,-3857,3854,-3860,3854,-3858,3850,-3860,3852,-3863,3854,-3865,3852,-3862,3855,-3862,3852,3861,3855,-3862,3850,-3863,3850,-3863,3851,-3862,3851,3864,3848,-3861,3850,-3860,3852,-3861,3852,-3860,3850,-3858,3851,-3860,3849,-3857,-0.32,SJNFAAZE1U0005576,117.80,14.32,9144.26953125,79,75,0,0,0,0,16.5,99.17,-172708,100,1528029093.530,10600,2,1,0,6,0,0,0,0,4,370.34,370.34,7F,1,1,1,0080,82,40,40,0,0,19,16.00
03/06/2018 13:31:37,55 59.40535,-2 30.55496,239,0,368,728219,1144818,370.37,30.334,3867,3849,3858,18,0,110.4,43.6,105.8,41.0,none,none,96.8,36.0,-3860,3857,-3862,3855,-3863,3858,-3862,3856,-3862,3858,-3863,3859,-3863,3858,-3864,3858,-3864,3858,-3863,3858,-3864,3858,-3863,3858,-3866,3857,-3864,3857,-3863,3859,-3863,3859,-3863,3858,-3863,3860,-3863,3858,-3861,3857,-3862,3858,-3864,3860,-3862,3857,-3861,3855,-3857,3851,-3859,3854,-3860,3852,-3860,3853,-3862,3853,-3863,3851,-3860,3851,-3865,3852,-3866,3854,-3864,3852,-3863,3853,-3862,3854,-3864,3850,-3865,3850,-3863,3849,-3867,3851,-3864,3850,-3863,3851,-3860,3851,-3864,3854,-3861,3853,-3858,3850,-3860,3852,-3860,3852,-0.30,SJNFAAZE1U0005576,117.80,14.32,9144.26953125,79,75,0,0,0,0,16.5,99.17,-172708,100,1528029097.105,10120,2,0,0,0,0,0,0,0,4,370.44,370.44,7F,1,1,1,0080,82,40,40,0,0,19,15.25
03/06/2018 13:31:40,55 59.40535,-2 30.55496,239,0,368,727963,1144818,370.37,27.068,3866,3849,3858,17,0,110.4,43.6,105.8,41.0,none,none,96.8,36.0,-3860,3856,-3861,3855,-3862,3856,-3862,3857,-3862,3857,-3863,3858,-3865,3857,-3864,3858,-3863,3856,-3863,3856,-3864,3858,-3863,3858,-3864,3859,-3865,3857,-3863,3859,-3863,3859,-3862,3858,-3862,3859,-3863,3857,-3862,3856,-3863,3856,-3864,3860,-3862,3857,-3860,3854,-3858,3852,-3859,3853,-3860,3852,-3861,3853,-3863,3854,-3863,3851,-3860,3851,-3866,3852,-3865,3853,-3864,3854,-3864,3854,-3863,3854,-3866,3849,-3865,3850,-3865,3850,-3866,3850,-3865,3850,-3861,3850,-3863,3852,-3863,3853,-3861,3854,-3860,3851,-3861,3852,-3859,3852,-0.28,SJNFAAZE1U0005576,117.80,14.32,9144.26953125,79,75,0,0,0,0,16.5,99.17,-172708,100,1528029100.556,9680,2,0,0,0,0,0,0,0,4,370.50,370.50,7F,1,1,1,0080,81,40,40,0,0,19,12.00
03/06/2018 13:31:44,55 59.40535,-2 30.55496,239,0,368,727708,1144818,370.56,32.470,3868,3850,3860,18,0,110.4,43.6,105.8,41.0,none,none,96.8,36.0,-3861,3857,-3862,3856,-3865,3859,-3865,3859,-3864,3858,-3866,3859,-3866,3859,-3865,3858,-3865,3859,-3865,3858,-3867,3858,-3865,3859,-3866,3858,-3866,3858,-3865,3861,-3865,3861,-3866,3860,-3864,3861,-3864,3858,-3864,3858,-3865,3859,-3866,3860,-3864,3858,-3862,3856,-3858,3853,-3861,3855,-3862,3856,-3863,3853,-3864,3854,-3865,3854,-3861,3852,-3865,3854,-3868,3856,-3864,3855,-3866,3856,-3865,3855,-3864,3850,-3867,3851,-3865,3852,-3867,3852,-3866,3852,-3864,3852,-3862,3853,-3865,3853,-3863,3856,-3860,3853,-3862,3854,-3862,3853,-0.31,SJNFAAZE1U0005576,117.80,14.32,9144.26953125,79,75,0,0,0,0,16.5,99.17,-172708,100,1528029104.157,8840,2,0,0,0,0,0,0,0,4,370.38,370.38,7F,1,1,1,0080,81,40,40,0,0,19,12.50
03/06/2018 13:31:47,55 59.40535,-2 30.55496,239,0,368,727472,1144818,370.46,30.150,3867,3850,3859,17,0,110.4,43.6,105.8,41.0,none,none,96.8,36.0,-3861,3857,-3863,3856,-3866,3859,-3864,3858,-3865,3859,-3864,3859,-3865,3859,-3866,3857,-3865,3859,-3865,3858,-3866,3858,-3865,3860,-3866,3858,-3866,3857,-3865,3860,-3864,3860,-3864,3859,-3864,3860,-3864,3859,-3864,3857,-3864,3858,-3865,3860,-3863,3857,-3861,3856,-3859,3852,-3861,3854,-3861,3854,-3862,3854,-3862,3854,-3865,3853,-3863,3852,-3866,3852,-3867,3854,-3865,3854,-3866,3855,-3864,3854,-3866,3850,-3867,3850,-3866,3850,-3867,3853,-3866,3852,-3864,3853,-3861,3853,-3864,3854,-3862,3856,-3860,3853,-3862,3852,-3862,3852,-0.30,SJNFAAZE1U0005576,117.80,14.32,9144.26953125,79,75,0,0,0,0,16.5,99.17,-172708,100,1528029107.744,8480,2,1,0,6,0,0,0,0,4,370.47,370.47,7F,1,1,1,0080,82,40,40,0,0,19,12.00
03/06/2018 13:31:51,55 59.40535,-2 30.55496,239,0,368,727226,1144818,370.66,24.505,3868,3852,3861,16,0,110.4,43.6,105.8,41.0,none,none,96.8,36.0,-3862,3859,-3863,3858,-3866,3860,-3864,3859,-3864,3860,-3865,3861,-3866,3861,-3866,3860,-3866,3860,-3865,3859,-3867,3861,-3865,3862,-3868,3860,-3866,3859,-3865,3862,-3865,3862,-3866,3861,-3864,3863,-3865,3861,-3864,3860,-3866,3860,-3867,3861,-3864,3860,-3863,3857,-3861,3854,-3862,3856,-3863,3855,-3864,3856,-3865,3856,-3865,3855,-3865,3854,-3868,3855,-3868,3858,-3866,3857,-3868,3856,-3866,3855,-3868,3852,-3868,3852,-3868,3853,-3868,3853,-3868,3854,-3866,3854,-3864,3854,-3866,3857,-3864,3857,-3861,3854,-3863,3855,-3861,3853,-0.42,SJNFAAZE1U0005576,117.80,14.24,9144.26953125,79,75,0,0,0,0,16.5,99.17,-172708,100,1528029111.538,8360,2,0,0,7,0,0,0,0,4,370.70,370.70,7F,1,1,1,0080,81,40,40,0,0,19,10.75
03/06/2018 13:31:55,55 59.40535,-2 30.55496,239,0,368,727002,1144818,370.75,22.307,3871,3852,3862,19,0,110.4,43.6,105.8,41.0,none,none,96.8,36.0,3859,-3869,3857,-3866,3860,3865,3862,-3865,3861,-3867,3860,3868,3860,-3869,3860,-3869,3859,-3867,3860,-3867,3860,3867,3860,-3869,3861,-3871,3860,-3869,3861,-3867,3862,-3869,3862,-3867,3861,-3868,3860,-3867,3861,3866,3860,-3866,3864,-3868,3860,-3866,3858,-3861,3856,3864,3855,-3866,3857,-3863,3858,-3863,3858,-3865,3858,-3865,3854,3866,3855,-3869,3857,-3870,3855,-3867,3858,-3867,3855,-3867,3856,-3868,3854,-3869,3854,-3869,3854,3868,3854,-3869,3852,-3867,3854,-3866,3856,-3866,3857,3866,3855,-3863,3855,-3865,3853,-3861,-0.46,SJNFAAZE1U0005576,117.80,13.92,9144.26953125,79,75,0,0,0,0,16.5,99.17,-172708,100,1528029115.334,7520,2,0,0,0,0,0,0,0,4,370.73,370.73,7F,1,1,1,0080,82,40,40,0,0,19,10.25
03/06/2018 13:31:58,55 59.40535,-2 30.55496,239,0,368,726815,1144818,370.85,24.108,3869,3854,3863,15,0,110.4,43.6,105.8,41.0,none,none,96.8,36.0,3861,-3868,3859,-3866,3862,3865,3864,-3865,3862,-3867,3862,-3867,3862,-3869,3862,3868,3863,-3867,3862,-3868,3863,-3868,3862,-3868,3862,3869,3862,-3869,3862,-3867,3863,-3867,3863,-3865,3863,-3867,3864,3867,3862,-3866,3863,-3866,3864,-3868,3862,-3865,3860,-3863,3858,-3864,3858,-3866,3858,-3865,3860,3863,3860,-3865,3860,-3864,3857,-3867,3859,-3867,3860,3869,3858,-3868,3861,-3867,3858,-3866,3859,-3868,3856,-3868,3856,-3868,3858,-3868,3857,-3868,3854,3867,3856,-3867,3858,-3868,3859,-3866,3858,-3865,3858,3865,3856,-3861,-0.52,SJNFAAZE1U0005576,117.80,13.68,9144.26953125,79,75,0,0,0,0,16.5,99.17,-172708,100,1528029118.625,7000,2,0,0,0,0,0,0,0,4,370.79,370.79,7F,1,1,1,0080,81,40,40,0,0,19,11.00
03/06/2018 13:32:02,55 59.40535,-2 30.55496,239,0,368,726624,1144818,370.85,22.460,3870,3855,3863,15,0,110.4,43.6,105.6,40.9,none,none,96.6,35.9,3861,3869,3861,-3866,3861,3866,3863,-3865,3861,-3866,3862,-3867,3863,-3868,3861,-3868,3863,-3868,3863,3867,3862,-3867,3863,-3869,3863,-3870,3861,-3869,3862,-3867,3863,3868,3864,-3866,3863,-3868,3863,-3867,3862,-3866,3864,3865,3865,-3868,3862,-3866,3861,-3863,3858,-3863,3858,-3866,3859,-3864,3861,-3863,3861,-3866,3860,3863,3856,-3867,3858,-3868,3860,-3869,3858,-3868,3860,3868,3858,-3866,3860,-3867,3856,-3868,3857,-3869,3858,-3869,3856,-3868,3855,-3867,3857,-3867,3858,3867,3859,-3867,3857,-3865,3858,-3865,3855,-3861,-1.18,SJNFAAZE1U0005576,117.80,13.36,9145.87890625,79,75,0,0,0,0,16.5,99.17,-172708,100,1528029122.346,6720,2,0,0,0,0,0,0,0,4,370.89,370.89,7F,1,1,1,0080,81,40,40,0,0,19,11.75
03/06/2018 13:32:06,55 59.40535,-2 30.55496,239,0,367,726432,1144818,370.85,20.598,3871,3854,3863,17,0,110.4,43.6,105.6,40.9,none,none,96.6,35.9,3861,-3870,3858,-3867,3861,3866,3864,-3866,3862,-3869,3861,-3868,3863,-3869,3861,-3869,3861,-3869,3862,-3868,3862,-3868,3863,3869,3863,-3871,3861,-3869,3862,-3868,3863,-3868,3864,-3868,3862,3868,3863,-3868,3861,-3867,3863,-3868,3865,-3869,3861,3866,3860,-3863,3858,-3865,3857,-3867,3858,-3865,3860,-3863,3860,-3866,3860,-3865,3856,-3869,3858,3870,3858,-3871,3857,-3868,3859,-3870,3857,-3867,3859,3869,3855,-3870,3854,-3871,3856,-3871,3857,-3871,3854,-3867,3856,-3868,3858,-3867,3859,-3868,3856,3865,3857,-3867,3855,-3863,-1.53,SJNFAAZE1U0005576,117.80,13.12,9145.87890625,79,75,0,0,0,0,16.5,99.17,-172708,100,1528029126.168,6480,2,1,0,5,0,0,0,0,4,370.90,370.90,7F,1,1,1,0080,81,40,40,0,0,19,7.50
03/06/2018 13:32:10,55 59.40535,-2 30.55496,239,0,367,726248,1144818,370.94,21.514,3870,3856,3864,14,0,110.4,43.6,105.6,40.9,none,none,96.8,36.0,-3866,3864,-3867,3861,-3869,3864,-3868,3863,-3868,3864,-3868,3864,-3869,3863,-3868,3863,-3867,3864,-3868,3864,3868,3864,3869,-3865,3869,-3863,3870,-3863,3868,-3866,3869,-3866,3869,-3864,3868,-3865,3868,-3864,3868,3863,3868,-3863,3870,-3866,3867,-3863,3866,-3860,3862,3859,3866,-3861,-3866,3858,-3866,-3859,-3868,3860,-3867,3858,-3866,3858,-3869,3860,-3870,3860,-3868,3859,-3869,3860,-3866,3861,-3869,3857,-3869,3856,-3869,3856,-3870,3857,-3869,3859,-3868,3859,-3865,3858,-3867,3859,-3866,3860,-3864,3858,-3866,3858,-3864,3859,-0.58,SJNFAAZE1U0005576,117.80,13.04,9145.87890625,79,75,0,0,0,0,16.5,99.17,-172708,100,1528029130.021,6240,2,0,0,0,0,0,0,0,4,370.96,370.96,7F,1,1,1,0080,81,40,40,0,0,19,10.25
03/06/2018 13:32:14,55 59.40535,-2 30.55496,239,0,367,726003,1144818,370.56,29.082,3867,3853,3860,14,0,110.4,43.6,105.8,41.0,none,none,96.8,36.0,-3862,3858,-3862,3858,-3864,3861,-3863,3860,-3865,3860,-3864,3861,-3864,3861,-3866,3860,-3864,3860,-3864,3860,-3865,3860,-3865,3863,-3866,3861,-3866,3859,-3864,3863,-3864,3863,-3865,3861,-3865,3862,-3864,3860,-3864,3859,-3865,3860,-3866,3863,-3864,3859,-3862,3858,-3861,3855,-3861,3857,-3861,3856,-3864,3856,-3863,3857,-3866,3855,-3861,3854,-3867,3856,-3867,3858,-3864,3855,-3865,3856,-3865,3858,-3864,3853,-3865,3854,-3864,3854,-3867,3854,-3867,3855,-3864,3854,-3862,3854,-3864,3856,-3863,3857,-3862,3854,-3863,3855,-3861,3855,-0.55,SJNFAAZE1U0005576,117.80,13.04,9145.87890625,79,75,0,0,0,0,16.5,99.17,-172708,100,1528029134.061,8920,2,0,0,0,0,0,0,0,4,370.66,370.66,7F,1,1,1,0080,81,40,40,0,0,19,11.25
03/06/2018 13:32:17,55 59.40535,-2 30.55496,239,0,367,725731,1144818,370.46,29.479,3865,3851,3859,14,0,110.4,43.6,105.6,40.9,none,none,96.6,35.9,-3859,3857,-3861,3855,-3863,3859,-3862,3858,-3863,3859,-3862,3860,-3864,3859,-3863,3858,-3863,3859,-3863,3858,-3865,3857,-3863,3860,-3865,3857,-3864,3858,-3863,3859,-3864,3860,-3862,3859,-3862,3861,-3861,3859,-3861,3857,-3863,3859,-3864,3860,-3862,3858,-3860,3855,-3857,3852,-3859,3854,-3859,3855,-3860,3854,-3860,3855,-3863,3853,-3860,3852,-3863,3853,-3864,3857,-3862,3854,-3864,3855,-3862,3855,-3864,3852,-3864,3851,-3863,3853,-3865,3853,-3864,3854,-3862,3854,-3860,3853,-3862,3853,-3861,3855,-3858,3852,-3860,3855,-3859,3853,-0.50,SJNFAAZE1U0005576,117.80,13.04,9145.87890625,79,75,0,0,0,0,16.0,99.17,-172708,100,1528029137.833,9720,2,0,0,0,0,0,0,0,4,370.57,370.57,7F,1,1,1,0080,81,40,40,0,0,19,16.50
03/06/2018 13:32:21,55 59.40535,-2 30.55496,239,0,367,725388,1144818,369.89,43.792,3861,3845,3853,16,0,110.4,43.6,105.8,41.0,none,none,96.8,36.0,-3854,3852,-3856,3850,-3858,3852,-3857,3851,-3857,3852,-3858,3853,-3858,3852,-3858,3853,-3858,3852,-3858,3852,-3859,3852,-3858,3854,-3859,3852,-3859,3852,-3858,3854,-3859,3854,-3858,3853,-3857,3855,-3857,3852,-3857,3851,-3857,3851,-3859,3854,-3856,3851,-3854,3849,-3853,3846,-3854,3847,-3855,3848,-3855,3847,-3856,3848,-3858,3846,-3855,3847,-3859,3847,-3861,3849,-3857,3847,-3859,3849,-3857,3848,-3860,3845,-3859,3845,-3860,3845,-3861,3846,-3859,3846,-3857,3845,-3856,3847,-3857,3848,-3855,3849,-3854,3846,-3855,3846,-3855,3845,-0.49,SJNFAAZE1U0005576,117.80,13.04,9145.87890625,79,75,0,0,0,0,16.0,99.17,-172708,100,1528029141.588,12440,2,1,0,3,0,0,0,0,4,370.10,370.10,7F,1,1,1,0080,81,40,40,0,0,19,25.25
03/06/2018 13:32:25,55 59.40535,-2 30.55496,239,0,367,724959,1144818,369.70,42.357,3858,3843,3851,15,0,110.4,43.6,105.6,40.9,none,none,96.6,35.9,-3852,3850,-3854,3849,-3856,3851,-3855,3851,-3856,3851,-3855,3852,-3856,3851,-3857,3851,-3857,3852,-3856,3851,-3858,3852,-3858,3853,-3857,3851,-3857,3850,-3856,3853,-3856,3853,-3857,3851,-3856,3854,-3856,3851,-3856,3850,-3855,3851,-3857,3852,-3855,3850,-3853,3849,-3850,3844,-3852,3847,-3852,3847,-3853,3846,-3853,3846,-3855,3846,-3852,3845,-3856,3847,-3858,3849,-3855,3845,-3857,3847,-3855,3847,-3855,3843,-3857,3844,-3855,3845,-3857,3845,-3857,3846,-3855,3846,-3852,3844,-3854,3845,-3852,3847,-3851,3843,-3852,3845,-3852,3845,-0.50,SJNFAAZE1U0005576,117.80,13.04,9145.87890625,79,75,0,0,0,0,16.0,99.17,-172708,100,1528029145.496,13440,2,1,0,6,0,0,0,0,4,369.86,369.86,7F,1,1,1,0080,81,40,40,0,0,19,22.00
03/06/2018 13:32:29,55 59.40535,-2 30.55496,239,0,367,724544,1144818,369.70,42.968,3858,3842,3851,16,0,110.4,43.6,105.6,40.9,none,none,96.6,35.9,3848,3855,3847,-3855,3850,3854,3852,-3853,3850,-3855,3850,-3856,3850,-3857,3848,-3857,3849,-3856,3850,3856,3851,-3856,3850,-3857,3851,-3857,3848,-3857,3849,-3856,3851,3857,3851,-3855,3850,-3856,3850,-3854,3849,-3854,3850,3855,3852,-3858,3849,-3853,3848,-3850,3846,-3850,3844,-3854,3845,-3851,3848,-3850,3848,-3853,3847,3851,3844,-3855,3846,-3855,3846,-3857,3846,-3856,3847,3855,3845,-3855,3848,-3856,3843,-3855,3843,-3856,3845,-3855,3845,-3857,3842,-3854,3844,-3852,3846,3853,3847,-3855,3844,-3851,3844,-3854,3843,-3850,-0.48,SJNFAAZE1U0005576,117.80,13.04,9145.87890625,79,75,0,0,0,0,16.0,99.17,-172708,100,1528029149.419,12080,2,0,0,0,0,0,0,0,4,369.76,369.76,7F,1,1,1,0080,81,40,40,0,0,19,18.50
03/06/2018 13:32:33,55 59.40535,-2 30.55496,239,0,366,724175,1144818,369.79,40.557,3859,3844,3852,15,0,110.4,43.6,105.6,40.9,none,none,96.6,35.9,3849,-3858,3848,-3856,3852,3856,3853,-3853,3851,-3857,3851,-3858,3853,-3859,3850,-3858,3851,-3858,3851,-3858,3852,-3857,3852,3858,3852,-3859,3850,-3859,3851,-3858,3853,-3857,3853,-3857,3853,3857,3852,-3856,3851,-3856,3852,-3856,3854,-3858,3852,3855,3850,-3852,3845,-3852,3846,-3854,3847,-3854,3848,-3853,3848,-3853,3849,-3853,3844,-3856,3848,3857,3848,-3858,3846,-3855,3849,-3857,3847,-3856,3847,3856,3845,-3857,3844,-3858,3846,-3858,3845,-3858,3844,-3857,3845,-3856,3848,-3855,3847,-3856,3845,3853,3845,-3854,3844,-3851,-0.47,SJNFAAZE1U0005576,117.80,13.04,9145.87890625,79,75,0,0,0,0,16.0,99.17,-172708,100,1528029153.355,11720,2,0,0,0,0,0,0,0,4,369.81,369.81,7F,1,1,1,0080,81,40,40,0,0,19,16.25
03/06/2018 13:32:37,55 59.40535,-2 30.55496,239,0,366,723846,1144818,369.89,35.735,3861,3842,3853,19,0,110.4,43.6,105.6,40.9,none,none,96.6,35.9,3850,-3859,3848,-3856,3851,3856,3854,-3856,3852,3858,3851,-3858,3852,-3860,3850,-3860,3850,-3858,3852,-3859,3852,-3859,3851,-3859,3853,-3861,3851,3859,3851,-3859,3853,-3858,3853,-3857,3853,-3857,3852,-3857,3852,3857,3853,-3857,3854,-3859,3851,-3856,3848,-3852,3847,3853,3846,-3856,3847,-3853,3849,-3853,3849,-3856,3850,-3855,3845,-3858,3848,-3859,3848,-3861,3846,3858,3850,-3858,3846,-3857,3848,-3859,3844,-3859,3844,3860,3847,-3860,3846,-3860,3842,-3857,3846,-3857,3847,-3857,3847,-3857,3846,-3854,3846,-3855,3844,3852,-0.49,SJNFAAZE1U0005576,117.80,13.04,9145.87890625,79,75,0,0,0,0,16.0,99.17,-172708,100,1528029157.221,10400,2,0,0,0,0,0,0,0,4,369.96,369.96,7F,1,1,1,0080,81,40,40,0,0,19,16.50
03/06/2018 13:32:40,55 59.40535,-2 30.55496,239,0,366,723512,1144818,369.89,37.108,3861,3843,3853,18,0,110.4,43.6,105.6,40.9,none,none,96.6,35.9,3850,-3859,3848,3856,3851,3856,3855,-3856,3851,-3858,3850,-3857,3852,3860,3851,-3859,3851,-3859,3851,-3858,3852,-3857,3852,-3859,3851,-3861,3851,-3859,3851,-3858,3854,3858,3853,-3857,3853,-3857,3852,-3858,3852,-3856,3852,-3857,3854,3858,3850,-3856,3849,-3852,3846,-3853,3847,-3857,3847,3854,3849,-3853,3849,-3856,3849,-3855,3845,-3858,3847,-3858,3847,-3860,3847,-3858,3850,-3858,3847,3857,3848,-3859,3844,-3859,3844,-3860,3846,-3860,3846,3860,3843,-3857,3846,-3857,3847,-3858,3848,-3857,3846,-3854,3846,-3854,3844,-3852,-0.50,SJNFAAZE1U0005576,117.80,13.04,9145.87890625,79,75,0,0,0,0,16.0,99.17,-172708,100,1528029160.909,10920,2,1,0,6,0,0,0,0,4,369.87,369.87,7F,1,1,1,0080,81,40,40,0,0,19,15.00
03/06/2018 13:32:44,55 59.40535,-2 30.55496,239,0,366,723219,1144818,369.98,33.477,3861,3844,3854,17,0,110.4,43.6,105.6,40.9,none,none,96.6,35.9,-3855,3851,-3857,3850,-3859,3853,-3858,3852,-3858,3853,-3858,3854,-3859,3853,-3859,3853,-3860,3853,-3858,3853,-3859,3852,-3859,3854,-3860,3854,-3859,3852,-3859,3855,-3858,3855,-3859,3854,-3858,3856,-3857,3853,-3858,3852,-3859,3854,-3860,3855,-3857,3853,-3856,3850,-3852,3846,-3855,3848,-3855,3850,-3855,3849,-3857,3848,-3859,3847,-3856,3847,-3859,3847,-3861,3850,-3859,3849,-3860,3850,-3856,3849,-3859,3844,-3860,3844,-3860,3845,-3861,3846,-3860,3846,-3858,3847,-3856,3847,-3858,3847,-3856,3850,-3854,3847,-3855,3847,-3856,3847,-0.50,SJNFAAZE1U0005576,117.80,13.04,9145.87890625,79,75,0,0,0,0,16.0,99.17,-172708,100,1528029164.525,10080,2,0,0,0,0,0,0,0,4,370.00,370.00,7F,1,1,1,0080,81,40,40,0,0,19,15.50
03/06/2018 13:32:48,55 59.40535,-2 30.55496,239,0,366,722934,1144818,369.98,30.883,3863,3845,3854,18,0,110.2,43.4,105.6,40.9,none,none,96.6,35.9,-3856,3852,-3857,3851,-3860,3854,-3859,3853,-3858,3853,-3858,3854,-3860,3854,-3859,3852,-3859,3853,-3859,3853,-3860,3853,-3859,3855,-3861,3853,-3860,3853,-3859,3855,-3858,3855,-3859,3853,-3858,3856,-3858,3854,-3858,3852,-3858,3852,-3860,3856,-3857,3853,-3855,3850,-3854,3846,-3855,3849,-3857,3850,-3857,3849,-3859,3848,-3858,3848,-3857,3847,-3861,3848,-3861,3849,-3858,3850,-3860,3850,-3859,3850,-3861,3845,-3860,3846,-3860,3846,-3863,3847,-3862,3847,-3859,3848,-3857,3849,-3859,3849,-3858,3850,-3856,3847,-3857,3847,-3855,3847,-0.49,SJNFAAZE1U0005576,117.80,13.04,9145.87890625,79,75,0,0,0,0,16.0,99.17,-172708,100,1528029168.136,9880,2,0,0,0,0,0,0,0,4,370.07,370.07,7F,1,1,1,0080,81,40,40,0,0,19,14.00
03/06/2018 13:32:51,55 59.40535,-2 30.55496,239,0,366,722682,1144818,369.89,30.333,3860,3846,3853,14,0,110.2,43.4,105.6,40.9,none,none,96.6,35.9,-3855,3852,-3856,3850,-3857,3854,-3857,3852,-3857,3854,-3857,3855,-3858,3853,-3859,3854,-3859,3854,-3857,3852,-3859,3853,-3858,3854,-3860,3854,-3859,3853,-3858,3855,-3857,3855,-3859,3854,-3857,3856,-3856,3853,-3856,3852,-3857,3853,-3858,3855,-3856,3853,-3854,3850,-3852,3848,-3854,3848,-3855,3850,-3856,3849,-3855,3850,-3857,3848,-3854,3847,-3858,3848,-3859,3851,-3858,3849,-3858,3850,-3856,3849,-3857,3846,-3858,3846,-3858,3846,-3859,3847,-3859,3848,-3857,3848,-3854,3848,-3857,3847,-3855,3851,-3852,3848,-3854,3849,-3853,3847,-0.50,SJNFAAZE1U0005576,117.80,13.04,9145.87890625,79,75,0,0,0,0,16.0,99.17,-172708,100,1528029171.761,9160,2,0,0,0,0,0,0,0,4,370.02,370.02,7F,1,1,1,0080,81,40,40,0,0,19,14.00
03/06/2018 13:32:55,55 59.40535,-2 30.55496,239,0,365,722415,1144818,370.08,27.160,3863,3846,3855,17,0,110.2,43.4,105.6,40.9,none,none,96.6,35.9,-3857,3854,-3858,3851,-3859,3853,-3859,3853,-3858,3854,-3859,3855,-3860,3854,-3861,3854,-3859,3853,-3860,3854,-3861,3854,-3860,3854,-3862,3855,-3862,3853,-3859,3855,-3859,3856,-3860,3856,-3859,3856,-3859,3854,-3858,3854,-3859,3854,-3860,3856,-3858,3853,-3857,3851,-3854,3848,-3856,3850,-3856,3849,-3858,3849,-3860,3850,-3861,3849,-3857,3849,-3862,3848,-3862,3852,-3860,3850,-3862,3850,-3860,3850,-3861,3846,-3862,3847,-3861,3847,-3863,3849,-3862,3848,-3859,3849,-3858,3849,-3861,3849,-3858,3852,-3856,3849,-3858,3848,-3857,3848,-0.51,SJNFAAZE1U0005576,117.80,13.04,9145.87890625,79,75,0,0,0,0,16.0,99.17,-172708,100,1528029175.648,8440,2,1,0,5,0,0,0,0,4,370.21,370.21,7F,1,1,1,0080,81,40,40,0,0,19,12.75
03/06/2018 13:32:59,55 59.40535,-2 30.55496,239,0,365,722171,1144818,370.18,24.596,3864,3849,3856,15,0,110.2,43.4,105.3,40.8,none,none,96.4,35.8,-3854,3862,-3853,3860,-3856,3860,-3858,3859,-3856,3860,-3855,3860,-3856,3862,-3856,3862,-3855,3862,-3855,3861,-3856,3862,-3856,3862,-3857,3864,-3856,3863,-3856,3860,-3857,3861,-3857,3859,-3858,3862,-3856,3860,-3855,3859,-3856,3859,-3858,3862,-3855,3859,-3855,3855,-3851,3857,-3852,3859,-3852,3857,-3854,3857,-3854,3858,-3854,3858,-3850,3861,-3851,3861,-3853,3863,-3852,3861,-3853,3861,-3851,3860,-3853,3862,-3850,3862,3849,-3863,3850,3863,3850,-3863,3849,-3860,-3851,-3859,3851,-3860,-3852,3860,-3849,3857,-3850,3859,-3849,3856,-0.49,SJNFAAZE1U0005576,117.80,13.04,9145.87890625,79,75,0,0,0,0,16.0,99.17,-172708,100,1528029179.417,8120,2,0,0,0,0,0,0,0,4,370.26,370.26,7F,1,1,1,0080,81,40,40,0,0,19,10.50
03/06/2018 13:33:03,55 59.40535,-2 30.55496,239,0,365,721956,1144818,370.27,22.216,3864,3848,3857,16,0,110.2,43.4,105.6,40.9,none,none,96.4,35.8,3854,-3862,3852,-3860,3855,3860,3857,-3859,3856,-3860,3856,3862,3855,-3863,3855,-3862,3855,-3862,3856,-3861,3857,3862,3856,-3863,3856,-3864,3855,-3862,3855,-3862,3856,-3862,3857,-3862,3856,-3862,3856,-3861,3855,3860,3856,-3861,3857,-3862,3855,-3860,3853,-3856,3851,3857,3852,-3860,3853,-3858,3854,-3858,3854,-3859,3853,-3859,3850,-3860,3852,-3862,3853,-3864,3851,3861,3853,-3860,3852,-3860,3853,-3861,3849,-3862,3849,-3862,3852,3862,3851,-3863,3848,-3860,3851,-3860,3852,-3859,3852,3860,3850,-3858,3850,-3860,3849,-3857,-0.45,SJNFAAZE1U0005576,117.80,13.04,9147.48828125,79,75,0,0,0,0,16.0,99.17,-172708,100,1528029183.076,7640,2,0,0,0,0,0,0,0,4,370.34,370.34,7F,1,1,1,0080,81,40,40,0,0,19,10.25
03/06/2018 13:33:06,55 59.40535,-2 30.55496,239,0,365,721721,1144818,370.18,25.329,3864,3846,3856,18,0,110.2,43.4,105.6,40.9,none,none,96.4,35.8,3851,-3863,3851,-3860,3854,3859,3856,-3860,3854,-3861,3854,-3862,3855,-3863,3854,3863,3853,-3862,3854,-3862,3855,-3862,3854,-3862,3855,3864,3853,-3863,3854,-3862,3856,-3862,3857,-3861,3856,-3862,3856,-3861,3856,-3860,3855,-3859,3856,3862,3854,-3859,3853,-3856,3849,-3858,3850,-3860,3851,3857,3853,-3857,3853,-3860,3852,-3859,3850,-3861,3849,-3862,3851,-3863,3849,-3862,3851,-3862,3848,3860,3851,-3863,3849,-3863,3847,-3863,3848,-3862,3848,-3863,3846,3861,3848,-3860,3849,-3861,3851,-3860,3848,-3858,3850,3860,3848,-3856,-0.49,SJNFAAZE1U0005576,117.80,13.04,9147.48828125,79,75,0,0,0,0,16.0,99.17,-172708,100,1528029186.786,7840,2,0,0,0,0,0,0,0,4,370.25,370.25,7F,1,1,1,0080,81,40,40,0,0,19,13.25
03/06/2018 13:33:10,55 59.40535,-2 30.55496,239,0,365,721473,1144818,369.98,28.930,3863,3844,3854,19,0,110.2,43.4,105.6,40.9,none,none,96.4,35.8,3852,3861,3850,-3858,3852,3858,3856,-3857,3852,-3859,3852,-3859,3853,-3861,3852,-3861,3853,-3861,3853,3859,3853,-3860,3853,-3860,3853,-3863,3851,-3860,3852,3860,3854,-3860,3854,-3859,3854,-3860,3853,-3859,3852,-3858,3854,-3860,3855,-3860,3854,-3857,3851,3855,3849,-3856,3848,-3859,3849,-3857,3851,-3855,3850,3858,3851,-3857,3847,-3860,3849,-3861,3850,-3862,3848,-3860,3851,3859,3848,-3859,3849,-3860,3845,-3861,3845,-3862,3847,-3862,3847,-3863,3844,-3860,3847,-3858,3849,3858,3850,-3859,3848,-3856,3847,-3858,3846,-3854,-0.48,SJNFAAZE1U0005576,117.80,13.04,9147.48828125,79,75,0,0,0,0,16.0,99.17,-172708,100,1528029190.512,8920,2,0,0,0,0,0,0,0,4,370.10,370.10,7F,1,1,1,0080,81,40,40,0,0,19,13.75
03/06/2018 13:33:14,55 59.40535,-2 30.55496,239,0,365,721196,1144818,369.89,28.655,3862,3843,3853,19,0,110.2,43.4,105.6,40.9,none,none,96.4,35.8,3850,-3858,3848,-3858,3853,3858,3854,-3856,3852,-3858,3851,-3859,3853,-3860,3853,-3860,3852,-3860,3851,-3860,3852,-3860,3853,3860,3853,-3862,3852,-3860,3852,-3860,3853,-3860,3854,3859,3853,-3861,3853,-3858,3852,-3858,3853,-3858,3855,-3860,3852,-3857,3851,-3854,3847,-3855,3847,3857,3848,-3855,3849,-3855,3850,-3857,3851,-3856,3845,-3858,3847,3860,3848,-3862,3847,-3859,3849,-3859,3846,-3859,3847,3860,3845,-3859,3843,-3861,3846,-3859,3845,-3861,3844,-3858,3845,-3858,3848,-3857,3848,-3857,3845,3856,3847,-3857,3845,-3854,-0.45,SJNFAAZE1U0005576,117.80,13.04,9147.48828125,79,75,0,0,0,0,16.0,99.17,-172708,100,1528029194.221,9640,2,1,0,5,0,0,0,0,4,370.03,370.03,7F,1,1,1,0080,81,40,40,0,0,19,16.25
03/06/2018 13:33:17,55 59.40535,-2 30.55496,239,0,365,720898,1144818,369.79,33.294,3859,3845,3852,14,0,110.4,43.6,105.6,40.9,none,none,96.4,35.8,-3853,3851,-3855,3849,-3857,3852,-3856,3851,-3856,3853,-3856,3852,-3857,3852,-3857,3851,-3857,3853,-3856,3852,-3858,3852,-3857,3853,-3859,3852,-3858,3852,-3857,3854,-3857,3853,-3857,3853,-3857,3855,-3856,3852,-3857,3851,-3856,3851,-3858,3854,-3855,3851,-3855,3850,3850,3845,-3853,3848,-3853,3847,-3854,-3847,-3855,3849,-3857,3847,-3854,3845,-3857,3848,-3859,3850,-3857,3847,-3857,3848,-3856,3849,-3857,3845,-3857,3846,-3855,3845,-3858,3846,-3857,3846,-3855,3847,-3854,3846,-3857,3848,-3855,3849,-3851,3846,-3854,3847,-3852,3846,-0.50,SJNFAAZE1U0005576,117.80,13.04,9147.48828125,79,75,0,0,0,0,16.0,99.17,-172708,100,1528029197.881,10120,2,0,0,0,0,0,0,0,4,369.93,369.93,7F,1,1,1,0080,81,40,40,0,0,19,15.75
03/06/2018 13:33:21,55 59.40535,-2 30.55496,239,0,365,720611,1144818,369.70,31.646,3860,3842,3851,18,0,110.4,43.6,105.6,40.9,none,none,96.6,35.9,-3853,3851,-3855,3849,-3856,3851,-3855,3849,-3856,3850,-3856,3850,-3856,3851,-3857,3851,-3856,3850,-3856,3849,-3857,3850,-3857,3853,-3857,3850,-3858,3849,-3856,3852,-3855,3851,-3856,3853,-3856,3853,-3855,3850,-3856,3850,-3856,3850,-3856,3853,-3855,3849,-3854,3848,-3850,3844,-3853,3846,-3853,3847,-3854,3846,-3855,3846,-3856,3844,-3854,3845,-3857,3845,-3858,3848,-3856,3847,-3857,3846,-3855,3846,-3857,3842,-3859,3843,-3858,3844,-3860,3844,-3858,3844,-3856,3845,-3854,3845,-3856,3846,-3855,3848,-3851,3845,-3854,3845,-3853,3845,-0.48,SJNFAAZE1U0005576,117.80,13.04,9147.48828125,79,75,0,0,0,0,16.0,99.17,-172708,100,1528029201.607,10120,2,0,0,0,0,0,0,0,4,369.88,369.88,7F,1,1,1,0080,81,40,40,0,0,19,15.25
03/06/2018 13:33:25,55 59.40535,-2 30.55496,239,0,364,720315,1144818,369.79,32.134,3861,3844,3852,17,0,110.2,43.4,105.3,40.8,none,none,96.4,35.8,-3855,3852,-3856,3850,-3857,3852,-3856,3851,-3857,3851,-3857,3853,-3858,3852,-3858,3851,-3858,3852,-3857,3851,-3859,3852,-3858,3854,-3859,3852,-3858,3850,-3858,3854,-3857,3854,-3858,3853,-3857,3854,-3856,3852,-3856,3851,-3857,3852,-3859,3853,-3855,3851,-3855,3849,-3851,3847,-3853,3848,-3854,3847,-3855,3847,-3857,3847,-3858,3847,-3855,3845,-3859,3846,-3860,3848,-3859,3848,-3858,3847,-3857,3848,-3859,3844,-3859,3845,-3858,3844,-3861,3844,-3859,3846,-3856,3845,-3855,3846,-3858,3846,-3855,3847,-3853,3845,-3855,3846,-3854,3846,-0.53,SJNFAAZE1U0005576,117.80,13.04,9147.48828125,79,75,0,0,0,0,16.0,99.17,-172708,100,1528029205.477,9480,2,0,0,0,0,0,0,0,4,369.89,369.89,7F,1,1,1,0080,81,40,40,0,0,19,13.50
03/06/2018 13:33:29,55 59.40535,-2 30.55496,239,0,364,720008,1144818,369.79,31.981,3860,3843,3852,17,0,110.2,43.4,105.3,40.8,none,none,96.4,35.8,-3854,3851,-3855,3848,-3857,3851,-3855,3850,-3856,3850,-3857,3852,-3857,3851,-3857,3851,-3858,3851,-3857,3850,-3857,3851,-3857,3853,-3857,3851,-3858,3850,-3857,3851,-3856,3853,-3856,3852,-3855,3853,-3855,3851,-3855,3849,-3856,3851,-3857,3852,-3855,3850,-3854,3849,-3852,3845,-3854,3847,-3854,3847,-3855,3846,-3856,3847,-3856,3846,-3854,3845,-3858,3845,-3858,3848,-3856,3847,-3858,3847,-3857,3847,-3860,3843,-3858,3844,-3858,3844,-3860,3844,-3859,3844,-3857,3845,-3856,3845,-3858,3847,-3855,3848,-3853,3845,-3854,3844,-3853,3844,-0.49,SJNFAAZE1U0005576,117.80,13.04,9147.48828125,79,75,0,0,0,0,16.0,99.17,-172708,100,1528029209.329,10040,2,1,0,4,0,0,0,0,4,369.83,369.83,7F,1,1,1,0080,81,40,40,0,0,19,15.25
03/06/2018 13:33:33,55 59.40535,-2 30.55496,239,0,364,719718,1144818,369.70,30.913,3860,3841,3851,19,0,110.2,43.4,105.3,40.8,none,none,96.4,35.8,-3847,3857,-3847,3855,-3850,3855,-3853,3854,-3850,3856,-3850,3857,-3850,3858,-3849,3858,-3849,3857,-3849,3857,-3850,3856,-3851,3858,-3849,3858,-3849,3858,3849,-3858,3851,3857,-3852,3857,-3851,-3857,-3850,3857,-3849,3856,-3851,3856,-3852,3858,-3850,3855,-3848,3851,-3844,3852,-3845,3855,-3846,3853,-3846,3852,-3847,3855,-3848,3854,-3843,3855,-3845,3857,-3846,3860,-3844,3856,-3848,3856,-3845,3856,-3844,3858,-3842,3858,-3841,3859,-3844,3857,-3843,3859,-3842,3856,-3843,3854,-3846,3855,-3845,3855,-3843,3854,-3845,3855,-3843,3851,-0.50,SJNFAAZE1U0005576,117.80,13.04,9147.48828125,79,75,0,0,0,0,16.0,99.17,-172708,100,1528029213.106,9880,2,0,0,0,0,0,0,0,4,369.78,369.78,7F,1,1,1,0080,81,40,40,0,0,19,14.50
03/06/2018 13:33:37,55 59.40535,-2 30.55496,239,0,364,719406,1144818,369.60,32.012,3858,3840,3850,18,0,110.2,43.4,105.3,40.8,none,none,96.4,35.8,3846,3857,3847,-3855,3849,3854,3852,-3853,3849,-3856,3848,-3856,3850,-3857,3848,-3857,3848,-3857,3848,3855,3849,-3857,3849,-3857,3849,-3858,3848,-3858,3848,3856,3850,-3856,3852,-3855,3851,-3856,3850,-3855,3849,-3854,3850,3854,3852,-3857,3850,-3854,3848,-3851,3844,-3851,3843,-3854,3845,-3853,3846,-3850,3847,-3854,3847,3853,3842,-3855,3843,-3857,3845,-3857,3844,-3856,3845,3857,3844,-3855,3845,-3856,3842,-3858,3840,-3858,3843,-3858,3843,-3858,3841,-3857,3842,-3856,3844,3855,3845,-3855,3843,-3853,3843,-3854,3842,-3849,-0.50,SJNFAAZE1U0005576,117.80,13.04,9147.48828125,79,75,0,0,0,0,16.0,99.17,-172708,100,1528029217.105,10200,2,0,0,0,0,0,0,0,4,369.72,369.72,7F,1,1,1,0080,81,40,40,0,0,19,15.25
03/06/2018 13:33:40,55 59.40535,-2 30.55496,239,0,364,719109,1144818,369.60,32.409,3859,3840,3850,19,0,110.2,43.4,105.3,40.8,none,none,96.4,35.8,3845,-3856,3846,-3855,3849,3853,3851,-3852,3848,-3854,3848,-3856,3848,-3857,3848,-3857,3849,-3856,3848,-3856,3849,-3856,3849,3856,3849,-3859,3847,-3856,3848,-3856,3849,-3855,3850,3854,3850,-3856,3849,-3855,3848,-3855,3849,-3854,3851,-3856,3849,3854,3847,-3849,3843,-3851,3845,-3854,3844,-3851,3846,-3851,3846,-3853,3846,-3852,3842,-3854,3845,3856,3844,-3858,3844,-3855,3847,-3855,3844,-3855,3846,3856,3841,-3857,3841,-3856,3842,-3856,3842,-3857,3840,-3855,3841,-3854,3843,-3854,3844,-3853,3842,3852,3843,-3853,3842,-3849,-0.49,SJNFAAZE1U0005576,117.80,13.04,9147.48828125,79,75,0,0,0,0,16.0,99.17,-172708,100,1528029220.807,9920,2,0,0,0,0,0,0,0,4,369.69,369.69,7F,1,1,1,0080,81,40,40,0,0,19,16.00
03/06/2018 13:33:44,55 59.40535,-2 30.55496,239,0,364,718805,1144818,369.50,36.895,3858,3839,3849,19,0,110.2,43.4,105.3,40.8,none,none,96.4,35.8,3845,-3855,3845,-3854,3848,3852,3850,-3851,3848,3854,3847,-3855,3849,-3856,3847,-3856,3847,-3856,3847,-3855,3848,-3854,3848,-3854,3848,-3858,3847,3856,3848,-3855,3849,-3854,3849,-3853,3848,-3855,3849,-3855,3847,3853,3849,-3854,3851,-3855,3847,-3853,3847,-3849,3842,3850,3843,-3853,3843,-3851,3844,-3850,3844,-3853,3846,-3850,3841,-3853,3843,-3854,3845,-3856,3842,3854,3845,-3854,3844,-3853,3844,-3856,3841,-3856,3840,3855,3842,-3855,3841,-3856,3839,-3853,3842,-3853,3843,-3853,3843,-3852,3842,-3851,3841,-3852,3841,3850,-0.46,SJNFAAZE1U0005576,117.80,13.04,9147.48828125,79,75,0,0,0,0,16.0,99.17,-172708,100,1528029224.483,10200,2,0,0,0,0,0,0,0,4,369.49,369.49,7F,1,1,1,0080,81,40,40,0,0,19,15.75
03/06/2018 13:33:48,55 59.40535,-2 30.55496,239,0,363,718502,1144818,369.41,35.613,3855,3840,3848,15,0,110.2,43.4,105.3,40.8,none,none,96.4,35.8,3845,-3853,3844,3851,3846,3852,3848,-3850,3846,-3852,3845,-3853,3846,3854,3845,-3853,3847,-3853,3846,-3853,3848,-3852,3847,-3854,3848,3855,3846,-3853,3846,-3853,3849,-3853,3849,-3851,3848,-3853,3848,-3852,3846,-3851,3848,-3850,3850,3853,3847,-3851,3845,-3848,3843,-3848,3842,-3850,3843,3849,3845,-3848,3844,-3850,3845,-3848,3842,-3851,3845,-3853,3845,-3855,3842,-3852,3845,-3852,3843,3851,3845,-3852,3840,-3853,3841,-3853,3843,-3854,3843,3854,3840,-3852,3841,-3850,3844,-3851,3844,-3851,3842,-3849,3843,-3850,3841,-3847,-0.49,SJNFAAZE1U0005576,117.80,13.04,9147.48828125,79,75,0,0,0,0,16.0,99.17,-172708,100,1528029228.165,10440,2,1,0,5,0,0,0,0,4,369.44,369.44,7F,1,1,1,0080,81,40,40,0,0,19,16.75
03/06/2018 13:33:51,55 59.40535,-2 30.55496,239,0,363,718209,1144818,369.50,29.937,3859,3841,3849,18,0,110.2,43.4,105.3,40.8,none,none,96.4,35.8,-3851,3848,-3852,3846,-3854,3848,-3854,3849,-3854,3848,-3853,3850,-3855,3848,-3856,3849,-3854,3848,-3855,3848,-3855,3848,-3855,3850,-3856,3848,-3856,3847,-3854,3850,-3854,3851,-3854,3850,-3853,3852,-3852,3849,-3853,3847,-3853,3848,-3856,3850,-3853,3848,-3851,3846,-3849,3843,-3850,3845,-3853,3845,-3852,3844,-3853,3843,-3855,3843,-3851,3842,-3856,3844,-3856,3846,-3854,3845,-3857,3845,-3854,3844,-3857,3841,-3856,3842,-3857,3842,-3859,3843,-3857,3843,-3854,3844,-3852,3843,-3855,3844,-3853,3846,-3850,3843,-3853,3843,-3851,3842,-0.49,SJNFAAZE1U0005576,117.80,13.04,9147.48828125,79,75,0,0,0,0,16.0,99.17,-172708,100,1528029231.886,9520,2,0,0,0,0,0,0,0,4,369.62,369.62,7F,1,1,1,0080,81,40,40,0,0,19,14.00
03/06/2018 13:33:55,55 59.40535,-2 30.55496,239,0,363,717943,1144818,369.60,26.580,3858,3842,3850,16,0,110.2,43.4,105.3,40.8,none,none,96.4,35.8,-3851,3849,-3853,3848,-3855,3850,-3854,3849,-3855,3850,-3855,3850,-3856,3850,-3856,3849,-3855,3850,-3855,3850,-3856,3850,-3856,3852,-3856,3850,-3856,3849,-3855,3851,-3855,3852,-3856,3852,-3855,3852,-3854,3850,-3854,3848,-3855,3850,-3856,3851,-3854,3849,-3852,3847,-3849,3843,-3853,3846,-3852,3845,-3853,3845,-3854,3846,-3856,3845,-3854,3843,-3856,3844,-3858,3847,-3856,3845,-3857,3846,-3854,3846,-3857,3842,-3857,3842,-3856,3843,-3858,3842,-3857,3843,-3854,3844,-3854,3844,-3855,3845,-3853,3846,-3851,3843,-3853,3845,-3851,3843,-0.49,SJNFAAZE1U0005576,117.80,13.04,9147.48828125,79,75,0,0,0,0,16.0,99.17,-172708,100,1528029235.706,8880,2,0,0,0,0,0,0,0,4,369.73,369.73,7F,1,1,1,0080,81,40,40,0,0,19,11.50
03/06/2018 13:33:59,55 59.40535,-2 30.55496,239,0,363,717712,1144818,369.98,20.141,3862,3844,3854,18,0,110.2,43.4,105.3,40.8,none,none,96.4,35.8,-3856,3852,-3857,3850,-3858,3853,-3858,3852,-3858,3851,-3857,3853,-3859,3853,-3859,3852,-3858,3852,-3859,3852,-3860,3852,-3860,3854,-3860,3851,-3861,3852,-3858,3854,-3858,3854,-3859,3853,-3858,3856,-3858,3853,-3857,3852,-3858,3852,-3860,3855,-3858,3852,-3855,3849,-3853,3846,-3856,3848,-3857,3849,-3856,3848,-3858,3848,-3859,3847,-3857,3846,-3860,3847,-3861,3850,-3859,3848,-3861,3849,-3859,3849,-3859,3844,-3861,3846,-3860,3846,-3862,3846,-3861,3846,-3859,3847,-3856,3847,-3859,3849,-3858,3850,-3855,3846,-3857,3846,-3856,3847,-0.50,SJNFAAZE1U0005576,117.80,13.04,9147.48828125,79,75,0,0,0,0,16.0,99.17,-172708,100,1528029239.640,6960,2,0,0,0,0,0,0,0,4,369.96,369.96,7F,1,1,1,0080,81,40,40,0,0,19,6.50
03/06/2018 13:34:03,55 59.40535,-2 30.55496,239,0,363,717544,1144818,369.89,20.904,3860,3846,3853,14,0,110.2,43.4,105.3,40.8,none,none,96.4,35.8,-3854,3853,-3855,3851,-3856,3853,-3855,3852,-3857,3853,-3857,3854,-3857,3853,-3857,3852,-3858,3853,-3856,3852,-3857,3853,-3857,3854,-3857,3853,-3859,3851,-3857,3853,-3857,3854,-3857,3855,-3856,3854,-3856,3853,-3856,3852,-3857,3853,-3858,3855,-3855,3851,-3854,3851,-3854,3847,-3853,3849,-3856,3849,-3855,3849,-3856,3849,-3857,3848,-3855,3848,-3858,3849,-3859,3851,-3856,3850,-3858,3848,-3856,3850,-3859,3846,-3858,3847,-3858,3846,-3860,3847,-3858,3847,-3857,3848,-3856,3848,-3858,3848,-3855,3850,-3852,3847,-3855,3848,-3854,3848,-0.51,SJNFAAZE1U0005576,117.80,13.04,9147.48828125,79,75,0,0,0,0,16.0,99.17,-172708,100,1528029243.395,5440,2,1,0,4,0,0,0,0,4,370.02,370.02,7F,1,1,1,0080,81,40,40,0,0,19,9.75
03/06/2018 13:34:07,55 59.40535,-2 30.55496,239,0,363,717338,1144818,369.98,20.965,3862,3845,3854,17,0,110.2,43.4,105.3,40.8,none,none,96.4,35.8,3852,-3860,3850,-3858,3853,3858,3855,-3856,3852,-3858,3852,-3859,-3853,3861,-3852,-3859,-3852,3860,-3852,3860,-3853,3859,-3853,3860,-3854,3861,-3852,3861,-3852,3860,-3855,3859,-3855,3858,-3855,3860,-3854,3859,-3853,3857,-3853,3858,-3855,3861,-3853,3857,-3852,3855,-3849,3856,-3848,3858,-3849,3856,-3851,3855,-3851,3858,-3852,3857,-3846,3859,-3849,3860,-3850,3862,-3848,3859,-3851,3861,-3849,3859,-3849,3860,-3846,3861,3845,-3861,3848,3862,3847,-3862,3845,-3859,3847,-3858,3849,-3858,3850,-3859,3848,3855,3849,-3857,3846,-3854,-0.48,SJNFAAZE1U0005576,117.80,13.04,9149.09765625,79,75,0,0,0,0,16.0,99.17,-172708,100,1528029247.274,6200,2,0,0,0,0,0,0,0,4,370.04,370.04,7F,1,1,1,0080,81,40,40,0,0,19,7.50
03/06/2018 13:34:11,55 59.40535,-2 30.55496,239,0,363,717163,1144818,370.08,18.249,3863,3845,3855,18,0,110.2,43.4,105.3,40.8,none,none,96.4,35.8,3852,-3863,3852,-3859,3853,3860,3856,-3858,3854,3860,3854,-3861,3854,-3862,3853,-3862,3853,-3861,3854,-3860,3854,3861,3853,-3861,3855,-3863,3853,-3861,3853,-3861,3856,-3861,3856,-3860,3855,-3860,3855,-3859,3853,3859,3855,-3858,3856,-3861,3853,-3859,3853,-3855,3849,3857,3850,-3860,3850,-3857,3852,-3857,3852,-3859,3851,-3857,3847,-3859,3849,-3862,3851,-3863,3850,3861,3851,-3860,3849,-3860,3850,-3862,3847,-3863,3845,3861,3847,-3862,3847,-3863,3846,-3860,3847,-3859,3849,-3860,3850,-3859,3849,-3858,3848,-3860,3848,3855,-0.50,SJNFAAZE1U0005576,117.80,13.04,9149.09765625,79,75,0,0,0,0,16.0,99.17,-172708,100,1528029251.211,6200,2,0,0,0,0,0,0,0,4,370.17,370.17,7F,1,1,1,0080,81,40,40,0,0,19,9.25
03/06/2018 13:34:15,55 59.40535,-2 30.55496,239,0,363,716960,1144818,369.89,25.634,3861,3844,3853,17,0,109.9,43.3,105.3,40.8,none,none,96.2,35.7,3850,-3859,3849,3857,3851,3856,3854,-3855,3852,-3857,3851,-3857,3852,3859,3851,-3858,3850,-3859,3850,-3857,3852,-3858,3852,-3858,3852,3860,3851,-3858,3851,-3857,3853,-3858,3854,-3856,3853,-3857,3851,-3857,3851,-3856,3852,-3856,3854,3858,3851,-3856,3850,-3853,3846,-3854,3848,-3857,3847,3855,3849,-3854,3849,-3856,3850,-3855,3845,-3858,3846,-3859,3848,-3861,3847,-3857,3849,-3859,3846,3857,3848,-3858,3845,-3859,3844,-3860,3845,-3859,3845,3860,3844,-3857,3845,-3857,3847,-3856,3848,-3858,3845,-3854,3846,-3856,3846,-3852,-0.48,SJNFAAZE1U0005576,117.80,13.04,9149.09765625,79,75,0,0,0,0,16.0,99.17,-172708,100,1528029255.133,8120,2,0,0,0,0,0,0,0,4,369.92,369.92,7F,1,1,1,0080,81,40,40,0,0,19,9.50
03/06/2018 13:34:18,55 59.40535,-2 30.55496,239,0,363,716747,1144818,369.98,21.545,3862,3844,3854,18,0,110.2,43.4,105.3,40.8,none,none,96.2,35.7,3850,-3860,3848,-3858,3852,3858,3854,3857,3852,-3858,3852,-3860,3853,-3861,3851,-3860,3852,-3859,3851,-3859,3853,-3859,3851,-3860,3852,-3861,3851,-3862,3851,3859,3854,-3859,3854,-3858,3853,-3860,3852,-3857,3852,-3858,3852,-3857,3855,-3859,3852,-3857,3851,3853,3849,-3856,3848,-3858,3849,-3856,3851,-3856,3851,3858,3850,-3856,3846,-3858,3848,-3860,3849,-3862,3847,-3858,3850,-3859,3847,-3858,3849,-3861,3846,3860,3844,-3860,3847,-3860,3846,-3861,3845,-3859,3847,3858,3848,-3858,3849,-3859,3846,-3855,3847,-3858,3845,-3854,-0.49,SJNFAAZE1U0005576,117.80,13.04,9149.09765625,79,75,0,0,0,0,16.0,99.17,-172708,100,1528029258.933,6640,2,1,0,4,0,0,0,0,4,369.98,369.98,7F,1,1,1,0080,81,40,40,0,0,19,10.75
03/06/2018 13:34:22,55 59.40535,-2 30.55496,239,0,362,716533,1144818,370.08,18.890,3863,3846,3855,17,0,109.9,43.3,105.3,40.8,none,none,96.2,35.7,3852,-3862,3851,-3860,3854,3858,3857,-3858,3855,-3860,3854,3860,3855,-3862,3854,-3862,3853,-3862,3853,-3861,3854,-3860,3853,3862,3854,-3863,3852,-3862,3853,-3860,3856,-3862,3855,3859,3855,-3861,3855,-3859,3853,-3859,3854,-3858,3857,-3861,3854,-3859,3853,-3855,3849,-3857,3850,3859,3850,-3857,3852,-3857,3852,-3859,3852,-3857,3848,3859,3849,-3862,3851,-3863,3850,-3862,3851,-3861,3849,-3861,3850,-3862,3848,-3862,3847,-3862,3849,3861,3848,-3863,3846,-3860,3847,-3859,3849,-3860,3850,3858,3849,-3858,3848,-3860,3848,-3855,-0.50,SJNFAAZE1U0005576,117.80,13.04,9149.09765625,79,75,0,0,0,0,16.0,99.17,-172708,100,1528029262.574,6280,2,0,0,0,0,0,0,0,4,370.11,370.11,7F,1,1,1,0080,81,40,40,0,0,19,7.75
03/06/2018 13:34:26,55 59.40535,-2 30.55496,239,0,362,716365,1144818,370.08,21.361,3863,3846,3855,17,0,109.9,43.3,105.3,40.8,none,none,96.2,35.7,-3857,3854,-3857,3852,-3859,3854,-3858,3853,-3860,3853,-3858,3854,-3860,3854,-3860,3853,-3860,3854,-3859,3852,-3861,3852,-3860,3854,-3862,3853,-3860,3853,-3860,3855,-3859,3856,-3860,3854,-3859,3856,-3858,3854,-3858,3852,-3860,3853,-3861,3855,-3858,3854,-3856,3851,-3855,3848,-3857,3850,-3857,3851,-3859,3849,-3858,3850,-3860,3848,-3858,3848,-3862,3849,-3862,3851,-3860,3849,-3862,3851,-3860,3849,-3861,3846,-3862,3846,-3860,3847,-3863,3847,-3863,3847,-3859,3848,-3858,3848,-3861,3849,-3859,3851,-3856,3847,-3858,3847,-3856,3847,-0.46,SJNFAAZE1U0005576,117.80,13.04,9149.09765625,79,75,0,0,0,0,16.0,99.17,-172708,100,1528029266.384,6240,2,0,0,0,0,0,0,0,4,370.09,370.09,7F,1,1,1,0080,81,40,40,0,0,19,8.00
03/06/2018 13:34:30,55 59.40535,-2 30.55496,239,0,362,716194,1144818,370.18,16.021,3864,3847,3856,17,0,109.9,43.3,105.1,40.6,none,none,96.2,35.7,-3858,3854,-3859,3852,-3861,3855,-3859,3853,-3861,3854,-3860,3855,-3861,3855,-3861,3855,-3861,3854,-3861,3854,-3862,3854,-3862,3857,-3862,3855,-3862,3854,-3861,3857,-3861,3856,-3861,3856,-3859,3858,-3859,3854,-3861,3854,-3862,3854,-3862,3856,-3859,3854,-3859,3852,-3856,3849,-3858,3852,-3859,3852,-3859,3851,-3860,3850,-3861,3850,-3859,3849,-3863,3850,-3862,3852,-3861,3851,-3861,3850,-3861,3851,-3862,3847,-3863,3847,-3862,3848,-3863,3848,-3864,3849,-3862,3848,-3859,3849,-3860,3849,-3859,3852,-3857,3850,-3858,3849,-3858,3849,-0.49,SJNFAAZE1U0005576,117.80,13.04,9149.09765625,79,75,0,0,0,0,16.0,99.17,-172708,100,1528029270.413,5400,2,0,0,0,0,0,0,0,4,370.27,370.27,7F,1,1,1,0080,81,40,40,0,0,19,8.50
03/06/2018 13:34:34,55 59.40535,-2 30.55496,239,0,362,715997,1144818,370.08,19.469,3864,3846,3855,18,0,109.9,43.3,105.3,40.8,none,none,96.2,35.7,-3858,3853,-3859,3852,-3860,3855,-3859,3853,-3860,3854,-3859,3854,-3860,3854,-3861,3854,-3861,3855,-3860,3853,-3861,3854,-3861,3855,-3861,3853,-3861,3853,-3860,3855,-3860,3855,-3860,3855,-3859,3856,-3859,3853,-3860,3854,-3860,3854,-3861,3856,-3858,3854,-3858,3853,-3856,3849,-3858,3851,-3859,3852,-3860,3851,-3858,3850,-3861,3849,-3858,3849,-3862,3850,-3862,3852,-3860,3850,-3861,3852,-3860,3851,-3861,3846,-3862,3846,-3862,3849,-3864,3848,-3863,3847,-3861,3849,-3858,3849,-3860,3851,-3859,3853,-3858,3849,-3859,3849,-3857,3849,-0.50,SJNFAAZE1U0005576,117.80,13.04,9149.09765625,79,75,0,0,0,0,15.5,99.17,-172708,100,1528029274.138,6680,2,1,0,4,0,0,0,0,4,370.16,370.16,7F,1,1,1,0080,81,40,40,0,0,19,5.50
03/06/2018 13:34:37,55 59.40535,-2 30.55496,239,0,362,715850,1144818,370.18,19.042,3863,3847,3856,16,0,109.9,43.3,105.1,40.6,none,none,96.2,35.7,-3859,3855,-3859,3853,-3861,3856,-3860,3854,-3860,3855,-3861,3856,-3862,3855,-3861,3854,-3862,3855,-3860,3855,-3862,3855,-3861,3855,-3863,3855,-3862,3855,-3861,3858,-3861,3856,-3861,3856,-3859,3857,-3860,3854,-3860,3855,-3861,3855,-3862,3857,-3860,3855,-3858,3853,-3856,3851,-3859,3853,-3859,3851,-3859,3851,-3860,3851,-3862,3850,-3859,3849,-3862,3850,-3862,3854,-3862,3850,-3862,3851,-3860,3852,-3861,3847,-3863,3847,-3862,3848,-3863,3849,-3863,3849,-3861,3850,-3858,3849,-3861,3850,-3859,3853,-3857,3850,-3860,3850,-3859,3851,-0.49,SJNFAAZE1U0005576,117.80,13.04,9149.09765625,79,75,0,0,0,0,15.5,99.17,-172708,100,1528029277.698,5400,2,1,0,6,0,0,0,0,4,370.18,370.18,7F,1,1,1,0080,81,40,40,0,0,19,8.50
03/06/2018 13:34:41,55 59.40535,-2 30.55496,239,0,362,715678,1144818,369.98,21.789,3862,3845,3854,17,0,109.9,43.3,105.3,40.8,none,none,96.2,35.7,-3851,3860,-3850,3858,-3853,3857,-3855,3856,-3853,3859,-3852,3860,-3852,3860,-3852,3860,-3853,3861,-3853,3858,-3854,3858,-3853,3860,-3854,3862,-3852,3861,3851,-3859,3854,3859,3854,-3859,3853,-3860,3852,-3858,3852,-3858,3853,-3858,3856,3860,3853,-3858,3852,-3854,3849,-3855,3849,-3859,3849,3857,3852,-3855,3851,-3858,3852,-3856,3847,-3860,3849,-3860,3850,-3862,3848,-3861,3851,-3860,3849,3858,-3849,3860,3845,-3861,-3846,3862,-3848,3862,-3848,3862,-3846,3859,-3848,3859,-3849,3860,-3851,3860,-3848,3857,-3849,3857,-3847,3854,-0.48,SJNFAAZE1U0005576,117.80,13.04,9149.09765625,79,75,0,0,0,0,15.5,99.17,-172708,100,1528029281.224,6880,2,0,0,0,0,0,0,0,4,370.08,370.08,7F,1,1,1,0080,81,40,40,0,0,19,9.50
03/06/2018 13:34:44,55 59.40535,-2 30.55496,239,0,362,715500,1144818,370.08,17.669,3863,3847,3855,16,0,109.9,43.3,105.1,40.6,none,none,96.2,35.7,3853,3862,3853,-3859,3855,3858,3857,-3857,3854,-3860,3854,-3860,3855,-3861,3854,-3861,3854,-3861,3855,3860,3855,-3861,3854,-3861,3855,-3863,3854,-3862,3854,3860,3856,-3860,3856,-3860,3855,-3859,3855,-3859,3854,-3858,3854,-3858,3857,-3861,3855,-3859,3854,3856,3850,-3857,3851,-3859,3851,-3857,3852,-3856,3852,3858,3853,-3857,3849,-3858,3851,-3861,3852,-3862,3851,-3861,3852,3859,3850,-3858,3851,-3861,3849,-3860,3847,-3861,3849,-3860,3849,-3862,3849,-3859,3849,-3859,3852,3860,3851,-3859,3849,-3857,3850,-3858,3849,-3855,-0.50,SJNFAAZE1U0005576,117.80,13.04,9149.09765625,79,75,0,0,0,0,15.5,99.17,-172708,100,1528029284.995,5760,2,0,0,0,0,0,0,0,4,370.17,370.17,7F,1,1,1,0080,81,40,40,0,0,19,6.25
03/06/2018 13:34:48,55 59.40535,-2 30.55496,239,0,362,715352,1144818,370.56,9.276,3868,3851,3860,17,0,110.2,43.4,105.3,40.8,none,none,96.2,35.7,3857,-3867,3856,-3864,3858,3863,3861,-3861,3858,-3865,3858,-3865,3859,-3867,3857,-3865,3856,-3864,3857,-3864,3859,-3865,3859,3865,3858,-3868,3857,-3866,3859,-3864,3860,-3865,3860,3863,3860,-3865,3859,-3864,3858,-3862,3860,-3863,3861,-3865,3859,-3863,3858,-3859,3855,-3861,3856,3864,3856,-3862,3858,-3861,3856,-3863,3856,-3862,3854,3865,3854,-3866,3856,-3868,3855,-3866,3856,-3865,3854,-3865,3854,3866,3852,-3865,3852,-3868,3854,-3867,3853,-3866,3851,-3865,3853,-3864,3854,-3866,3856,-3864,3853,3863,3854,-3864,3853,-3860,-0.51,SJNFAAZE1U0005576,117.80,13.04,9149.09765625,79,75,0,0,0,0,15.5,99.17,-172708,100,1528029288.619,4040,2,0,0,0,0,0,0,0,4,370.49,370.49,7F,1,1,1,0080,81,40,40,0,0,19,-4.00
03/06/2018 13:34:52,55 59.40535,-2 30.55496,239,0,362,715391,1144818,371.33,-10.283,3875,3862,3868,13,0,109.9,43.3,105.1,40.6,none,none,96.0,35.6,3868,-3874,3865,-3872,3869,3871,3870,-3871,3867,3872,3867,-3873,3867,-3873,3866,-3873,3867,-3872,3866,-3873,3867,-3873,3867,-3873,3868,-3874,3866,3873,3866,-3872,3868,-3873,3869,-3871,3867,-3872,3867,3872,3866,-3872,3868,-3872,3871,-3874,3868,-3872,3867,-3868,3863,-3870,3865,-3873,3865,-3871,3867,-3870,3867,-3871,3866,-3870,3864,-3873,3864,-3874,3865,-3875,3863,3873,3865,-3873,3863,-3872,3862,-3874,3863,-3875,3862,3874,3863,-3874,3862,-3875,3862,-3874,3863,-3871,3863,-3872,3865,-3873,3863,-3871,3864,-3872,3863,3869,-0.48,SJNFAAZE1U0005576,117.79,13.04,9149.09765625,79,75,0,0,0,0,15.5,99.17,-172710,100,1528029292.293,0,2,1,0,5,0,0,0,0,4,371.30,371.30,7F,1,1,1,0080,81,40,40,0,0,19,-10.00
03/06/2018 13:34:56,55 59.40535,-2 30.55496,239,0,362,715491,1144818,371.52,-8.880,3877,3861,3870,16,0,109.9,43.3,105.1,40.6,none,none,96.0,35.6,3868,-3877,3866,3874,3868,3873,3871,-3871,3868,-3874,3867,-3873,3869,3876,3867,-3875,3867,-3873,3867,-3873,3868,-3874,3867,-3874,3867,-3877,3867,-3877,3867,-3873,3869,3874,3870,-3873,3869,-3874,3868,-3873,3868,-3873,3869,3874,3872,-3876,3868,-3874,3868,-3870,3865,-3872,3866,-3875,3867,3872,3868,-3872,3866,-3874,3868,-3872,3864,-3875,3864,-3877,3866,-3877,3864,-3877,3866,-3876,3864,3873,3863,-3875,3862,-3876,3862,-3876,3863,-3877,3861,3877,3861,-3876,3864,-3874,3863,-3874,3866,-3875,3864,-3873,3864,-3873,3863,-3869,-0.46,SJNFAAZE1U0005576,117.79,13.04,9149.09765625,79,75,0,0,0,0,15.5,99.17,-172714,100,1528029296.006,0,2,0,0,0,0,0,0,0,4,371.54,371.54,7F,1,1,1,0080,81,40,40,0,0,19,-7.00
03/06/2018 13:34:59,55 59.40535,-2 30.55496,239,0,362,715551,1144818,371.52,-5.950,3878,3860,3870,18,0,109.9,43.3,105.1,40.6,none,none,96.0,35.6,-3874,3870,-3874,3866,-3876,3868,-3874,3868,-3874,3868,-3874,3869,-3875,3867,-3874,3867,-3874,3868,-3874,3866,-3875,3867,-3873,3868,-3875,3867,-3875,3866,-3874,3869,-3874,3869,-3874,3868,-3873,3869,-3874,3868,-3873,3867,-3873,3868,-3876,3870,-3873,3867,-3874,3866,-3872,3864,-3875,3866,-3873,3866,-3875,3865,-3874,3865,-3876,3864,-3873,3863,-3877,3863,-3878,3866,-3876,3863,-3876,3865,-3875,3865,-3873,3861,-3877,3860,-3875,3861,-3878,3862,-3877,3862,-3875,3864,-3874,3863,-3874,3864,-3875,3866,-3872,3862,-3875,3863,-3872,3863,-0.48,SJNFAAZE1U0005576,117.79,13.04,9149.09765625,79,75,0,0,0,0,15.5,99.17,-172717,100,1528029299.708,0,2,0,0,0,0,0,0,0,4,371.52,371.52,7F,1,1,1,0080,81,40,40,0,0,19,-3.75
03/06/2018 13:35:03,55 59.40535,-2 30.55496,239,0,362,715579,1144818,371.52,-4.363,3879,3861,3870,18,0,109.9,43.3,105.1,40.6,none,none,96.0,35.6,-3874,3869,-3874,3867,-3875,3868,-3874,3868,-3875,3868,-3873,3869,-3875,3868,-3876,3868,-3875,3868,-3875,3869,-3876,3868,-3875,3869,-3877,3868,-3877,3867,-3875,3869,-3874,3870,-3874,3869,-3874,3870,-3874,3868,-3874,3868,-3875,3868,-3876,3870,-3874,3869,-3874,3867,-3872,3864,-3875,3867,-3874,3866,-3875,3864,-3874,3864,-3878,3864,-3875,3862,-3877,3865,-3879,3867,-3876,3865,-3876,3865,-3875,3865,-3877,3861,-3879,3861,-3876,3861,-3879,3862,-3877,3862,-3877,3864,-3874,3862,-3876,3866,-3875,3866,-3872,3864,-3876,3864,-3874,3863,-0.48,SJNFAAZE1U0005576,117.79,13.04,9149.09765625,79,75,0,0,0,0,15.5,99.17,-172718,100,1528029303.458,0,2,0,0,0,0,0,0,0,4,371.57,371.57,7F,1,1,1,0080,81,40,40,0,0,19,-5.50
03/06/2018 13:35:07,55 59.40535,-2 30.55496,239,0,362,715609,1144818,371.42,1.128,3877,3861,3869,16,0,109.9,43.3,105.1,40.6,none,none,96.0,35.6,-3873,3868,-3873,3867,-3874,3868,-3873,3867,-3874,3868,-3873,3868,-3873,3868,-3874,3866,-3873,3868,-3874,3866,-3874,3866,-3874,3870,-3875,3868,-3876,3867,-3874,3869,-3874,3868,-3873,3868,-3872,3870,-3873,3867,-3872,3866,-3873,3867,-3875,3870,-3874,3868,-3872,3866,-3871,3863,-3872,3866,-3873,3865,-3874,3865,-3874,3864,-3876,3863,-3874,3863,-3876,3862,-3876,3866,-3875,3864,-3875,3865,-3874,3864,-3873,3861,-3876,3861,-3876,3861,-3877,3861,-3876,3862,-3875,3863,-3872,3863,-3874,3863,-3874,3866,-3871,3863,-3874,3864,-3872,3862,-0.46,SJNFAAZE1U0005576,117.79,13.04,9149.09765625,79,75,0,0,0,0,15.5,99.17,-172719,100,1528029307.230,0,2,1,0,11,0,0,0,0,4,371.47,371.47,7F,1,1,1,0080,81,40,40,0,0,19,-2.50
03/06/2018 13:35:10,55 59.40535,-2 30.55496,239,0,362,715604,1144818,371.42,2.044,3877,3860,3869,17,0,109.9,43.3,105.1,40.6,none,none,96.0,35.6,-3872,3867,-3872,3866,-3875,3866,-3872,3866,-3873,3867,-3872,3867,-3875,3869,-3873,3866,-3874,3867,-3873,3866,-3873,3867,-3874,3869,-3873,3866,-3874,3866,-3874,3868,-3872,3869,-3873,3868,-3872,3870,-3872,3867,-3872,3866,-3873,3867,-3874,3869,-3873,3867,-3873,3866,-3871,3864,-3872,3865,-3872,3866,-3873,3864,-3873,3864,-3875,3864,-3873,3862,-3876,3863,-3876,3866,-3874,3863,-3876,3864,-3874,3865,-3873,3860,-3876,3860,-3876,3861,-3877,3861,-3876,3862,-3874,3862,-3873,3862,-3874,3863,-3874,3866,-3871,3863,-3873,3863,-3872,3862,-0.48,SJNFAAZE1U0005576,117.79,13.04,9149.09765625,79,75,0,0,0,0,15.5,99.17,-172719,100,1528029310.884,0,2,1,0,6,0,0,0,0,4,371.47,371.47,7F,1,1,1,0080,81,40,40,0,0,11,0.00
03/06/2018 13:35:14,55 59.40535,-2 30.55496,239,0,362,715562,1144818,371.04,10.039,3874,3856,3865,18,0,109.9,43.3,104.9,40.5,none,none,96.0,35.6,3863,-3873,3860,-3870,3864,3868,3865,-3868,3863,-3870,3864,-3870,-3864,3872,3862,-3871,-3862,3870,-3862,3869,-3863,3870,-3862,3871,-3863,3873,-3862,3871,-3862,3870,-3864,3870,-3865,3869,-3864,3870,-3864,3870,-3863,3868,-3864,3869,-3866,3870,-3864,3868,-3864,3865,-3860,3869,-3861,3871,-3862,3868,-3863,3867,-3862,3868,-3862,3869,-3859,3869,-3860,3872,-3860,3874,-3858,3871,-3861,3871,-3859,3870,-3860,3872,-3857,3872,3857,-3872,3858,3873,3858,-3874,3856,-3872,3859,-3870,3860,-3870,3862,-3870,3860,3869,3861,-3870,3859,-3867,-0.17,SJNFAAZE1U0005576,117.79,13.12,9150.70703125,79,75,0,0,0,0,15.5,99.17,-172719,100,1528029314.585,2440,2,0,0,0,0,0,0,0,4,371.21,371.21,7F,1,1,1,0080,81,40,40,0,0,19,5.75
03/06/2018 13:35:18,55 59.40535,-2 30.55496,239,0,362,715438,1144818,370.66,19.439,3869,3853,3861,16,0,109.9,43.3,105.1,40.6,none,none,96.0,35.6,3859,-3869,3857,-3865,3860,3865,3863,-3864,3860,-3866,3859,3867,3859,-3866,3859,-3867,3858,-3867,3859,-3866,3859,3866,3859,-3866,3861,-3868,3858,-3867,3859,-3866,3861,-3865,3861,-3865,3861,-3866,3859,-3865,3859,3864,3861,-3864,3862,-3866,3860,-3865,3860,-3862,3857,3864,3856,-3866,3857,-3864,3859,-3862,3858,-3864,3858,-3864,3855,-3867,3857,-3868,3857,-3869,3855,3867,3858,-3868,3856,-3866,3856,-3867,3853,-3867,3853,3869,3854,-3868,3855,-3869,3853,-3866,3855,-3867,3857,-3866,3858,-3867,3856,-3864,3856,-3865,3855,-3861,-0.23,SJNFAAZE1U0005576,117.79,13.44,9150.70703125,79,75,0,0,0,0,15.5,99.17,-172719,100,1528029318.197,5520,2,0,0,0,0,0,0,0,4,370.82,370.82,7F,1,1,1,0080,81,40,40,0,0,19,13.00
03/06/2018 13:35:21,55 59.40535,-2 30.55496,239,0,362,715210,1144818,370.37,27.099,3867,3848,3858,19,0,109.7,43.1,104.9,40.5,none,none,96.0,35.6,3855,-3864,3854,-3862,3856,3861,3859,-3860,3856,-3862,3856,-3862,3857,-3864,3856,3865,3857,-3864,3856,-3863,3857,-3864,3856,-3864,3857,3864,3855,-3864,3856,-3863,3858,-3863,3858,-3861,3857,-3863,3856,-3862,3856,-3861,3857,-3862,3860,3863,3856,-3861,3856,-3857,3852,-3860,3853,-3863,3854,3860,3856,-3860,3854,-3862,3856,-3860,3851,-3863,3852,-3864,3852,-3867,3853,-3863,3854,-3864,3853,3862,3853,-3865,3850,-3865,3848,-3865,3851,-3865,3851,3865,3849,-3863,3850,-3862,3851,-3862,3854,-3864,3851,-3861,3853,3861,3851,-3859,-0.18,SJNFAAZE1U0005576,117.79,13.76,9150.70703125,79,75,0,0,0,0,15.5,99.17,-172719,100,1528029321.863,8400,2,0,0,0,0,0,0,0,4,370.42,370.42,7F,1,1,1,0080,81,40,40,0,0,19,13.50
03/06/2018 13:35:25,55 59.40535,-2 30.55496,239,0,362,714984,1144818,370.37,24.810,3867,3850,3858,17,0,109.9,43.3,105.1,40.6,none,none,96.0,35.6,3857,3865,3855,-3862,3857,3862,3859,-3861,3857,-3862,3856,-3862,3857,-3864,3855,-3864,3855,-3864,3855,3863,3857,-3863,3856,-3863,3855,-3865,3855,-3864,3855,3863,3857,-3863,3858,-3862,3857,-3863,3857,-3863,3856,-3861,3857,-3862,3859,-3863,3857,-3863,3855,3858,3854,-3861,3853,-3863,3855,-3860,3857,-3861,3855,3862,3855,-3861,3851,-3864,3852,-3864,3853,-3866,3853,-3864,3855,-3864,3853,-3863,3853,-3865,3850,3864,3850,-3865,3851,-3867,3851,-3867,3850,-3863,3852,-3863,3853,3863,3855,-3863,3852,-3861,3853,-3862,3852,-3859,-0.20,SJNFAAZE1U0005576,117.79,14.08,9150.70703125,79,75,0,0,0,0,15.5,99.17,-172719,100,1528029325.490,7880,2,1,0,5,0,0,0,0,4,370.35,370.35,7F,1,1,1,0080,81,40,40,0,0,19,11.00
03/06/2018 13:35:29,55 59.40535,-2 30.55496,239,0,362,714800,1144818,370.56,19.500,3868,3851,3860,17,0,109.7,43.1,104.9,40.5,none,none,96.0,35.6,3858,-3867,3856,-3864,3858,3863,3862,-3863,3858,-3865,3858,-3865,3858,-3867,3858,-3866,3857,-3864,3858,-3864,3858,-3865,3858,3867,3859,-3867,3857,-3867,3857,-3865,3860,-3865,3860,3864,3859,-3865,3860,-3863,3857,-3864,3859,-3864,3862,-3866,3859,-3864,3857,-3861,3856,-3862,3856,3865,3856,-3861,3858,-3862,3857,-3864,3857,-3864,3854,3866,3855,-3866,3855,-3867,3855,-3865,3857,-3865,3854,-3865,3857,3867,3851,-3867,3852,-3866,3853,-3866,3853,-3868,3851,-3865,3854,-3865,3855,-3865,3856,-3865,3853,3863,3854,-3864,3853,-3861,0.23,SJNFAAZE1U0005576,117.79,14.32,9150.70703125,79,75,0,0,0,0,15.5,99.17,-172719,100,1528029329.162,7240,2,0,0,0,0,0,0,0,4,370.48,370.48,7F,1,1,1,0080,81,40,40,0,0,19,2.75
03/06/2018 13:35:32,55 59.40535,-2 30.55496,239,0,362,714684,1144818,368.64,76.934,3847,3833,3840,14,0,109.9,43.3,105.1,40.6,none,none,96.0,35.6,-3840,3840,-3842,3838,-3844,3841,-3843,3839,-3844,3840,-3843,3841,-3845,3842,-3844,3840,-3843,3841,-3844,3839,-3845,3839,-3845,3842,-3846,3839,-3845,3839,-3843,3842,-3843,3842,-3844,3841,-3845,3843,-3843,3839,-3843,3840,-3843,3840,-3846,3842,-3843,3840,-3842,3837,-3838,3834,-3840,3837,-3840,3836,-3841,3836,-3842,3836,-3844,3835,-3841,3834,-3845,3836,-3845,3838,-3843,3836,-3845,3837,-3843,3837,-3847,3833,-3844,3834,-3844,3833,-3846,3834,-3845,3835,-3842,3834,-3841,3834,-3843,3837,-3841,3836,-3839,3835,-3841,3834,-3840,3835,-0.29,SJNFAAZE1U0005576,117.79,14.32,9150.70703125,79,75,0,0,0,0,15.5,99.17,-172719,100,1528029332.892,15320,2,0,0,0,0,0,0,0,4,369.06,369.06,7F,1,1,1,0080,81,40,40,0,0,19,24.25
03/06/2018 13:35:36,55 59.40535,-2 30.55496,239,0,361,714346,1144818,370.18,22.735,3864,3847,3856,17,0,109.7,43.1,104.9,40.5,none,none,96.0,35.6,-3859,3855,-3858,3853,-3860,3855,-3859,3854,-3859,3855,-3858,3856,-3859,3855,-3860,3854,-3860,3854,-3859,3854,-3861,3854,-3859,3856,-3861,3855,-3861,3854,-3859,3855,-3860,3856,-3859,3856,-3860,3857,-3858,3854,-3859,3853,-3859,3855,-3861,3856,-3858,3854,-3858,3853,-3857,3850,-3858,3852,-3858,3851,-3859,3850,-3859,3850,-3861,3850,-3860,3848,-3862,3850,-3863,3852,-3861,3851,-3862,3850,-3861,3851,-3861,3847,-3862,3848,-3861,3847,-3864,3849,-3863,3849,-3861,3850,-3860,3849,-3860,3850,-3859,3852,-3857,3848,-3859,3851,-3858,3850,-0.29,SJNFAAZE1U0005576,117.79,14.32,9150.70703125,79,75,0,0,0,0,15.5,99.17,-172719,100,1528029336.542,7040,2,0,0,0,0,0,0,0,4,370.15,370.15,7F,1,1,1,0080,81,40,40,0,0,19,12.00
03/06/2018 13:35:40,55 59.40535,-2 30.55496,239,0,361,714148,1144818,370.08,23.223,3863,3846,3855,17,0,109.7,43.1,105.1,40.6,none,none,95.8,35.4,-3857,3854,-3858,3852,-3860,3854,-3858,3854,-3859,3854,-3859,3855,-3860,3854,-3860,3853,-3860,3853,-3860,3853,-3859,3853,-3859,3855,-3861,3854,-3860,3853,-3858,3855,-3859,3856,-3859,3856,-3858,3856,-3859,3853,-3857,3852,-3859,3854,-3860,3856,-3859,3854,-3857,3852,-3856,3850,-3857,3851,-3858,3851,-3859,3851,-3858,3850,-3861,3849,-3859,3848,-3861,3849,-3862,3851,-3861,3851,-3860,3850,-3861,3850,-3863,3847,-3862,3846,-3862,3846,-3863,3847,-3862,3848,-3859,3850,-3858,3849,-3861,3850,-3859,3850,-3856,3849,-3859,3849,-3856,3848,-0.35,SJNFAAZE1U0005576,117.79,14.32,9150.70703125,79,75,0,0,0,0,15.5,99.17,-172719,100,1528029340.104,7440,2,1,0,5,0,0,0,0,4,370.13,370.13,7F,1,1,1,0080,81,40,40,0,0,19,12.00
03/06/2018 13:35:43,55 59.40535,-2 30.55496,239,0,361,714286,1144818,371.14,3.692,3872,3858,3866,14,0,109.7,43.1,104.9,40.5,none,none,96.0,35.6,-3870,3868,-3869,3863,-3872,3866,-3868,3864,-3870,3865,-3869,3866,-3870,3865,-3870,3865,-3870,3866,-3869,3865,-3870,3865,-3870,3867,-3869,3865,-3870,3864,-3869,3866,-3869,3867,-3870,3866,-3869,3867,-3869,3865,-3868,3864,-3870,3866,-3871,3868,-3868,3865,-3869,3864,-3867,3863,-3869,3864,-3869,3864,-3870,3863,-3869,3862,-3871,3862,-3870,3860,-3871,3862,-3872,3865,-3870,3862,-3871,3863,-3870,3862,-3868,3860,-3871,3858,-3870,3860,-3872,3861,-3872,3862,-3870,3862,-3868,3861,-3869,3861,-3869,3864,-3867,3860,-3870,3862,-3868,3861,-0.34,SJNFAAZE1U0005576,117.79,14.32,9150.70703125,79,75,0,0,0,0,15.5,99.17,-172725,100,1528029343.810,640,2,1,0,6,0,0,0,0,4,371.27,371.27,7F,1,1,1,0080,81,40,40,0,0,19,1.25
03/06/2018 13:35:47,55 59.40535,-2 30.55496,239,0,361,714273,1144818,371.33,-6.164,3878,3859,3868,19,0,109.7,43.1,104.9,40.5,none,none,96.0,35.6,-3873,3867,-3872,3864,-3874,3867,-3873,3866,-3873,3865,-3872,3867,-3873,3866,-3874,3865,-3873,3866,-3873,3865,-3874,3866,-3874,3868,-3874,3866,-3874,3865,-3873,3866,-3872,3868,-3873,3868,-3872,3868,-3872,3866,-3872,3864,-3872,3867,-3874,3869,-3872,3867,-3872,3865,-3870,3863,-3873,3865,-3872,3865,-3873,3864,-3872,3864,-3875,3862,-3872,3861,-3876,3862,-3876,3864,-3875,3862,-3875,3863,-3874,3863,-3873,3859,-3876,3860,-3875,3860,-3878,3859,-3875,3861,-3875,3862,-3873,3862,-3873,3863,-3874,3865,-3871,3862,-3874,3863,-3872,3862,-0.32,SJNFAAZE1U0005576,117.79,14.32,9150.70703125,79,75,0,0,0,0,15.5,99.17,-172725,100,1528029347.267,0,2,0,0,0,0,0,0,0,4,371.43,371.43,7F,1,1,1,0080,81,40,40,0,0,19,-3.50
03/06/2018 13:35:50,55 59.40535,-2 30.55496,239,0,361,714140,1144818,369.41,49.285,3856,3840,3848,16,0,109.9,43.3,104.9,40.5,none,none,96.0,35.6,3844,-3854,3845,3852,3847,3853,3848,-3851,3847,-3853,3846,-3853,3847,3854,3845,-3855,3846,-3855,3846,-3854,3848,-3854,3847,-3854,3847,-3855,3846,-3853,3845,-3854,3848,3854,3848,-3853,3847,-3854,3847,-3853,3846,-3852,3848,3852,3849,-3854,3846,-3852,3845,-3849,3844,-3849,3843,-3852,3843,-3850,3845,-3849,3844,-3851,3845,3850,3842,-3853,3844,-3853,3845,-3856,3843,-3853,3845,3853,3842,-3852,3844,-3852,3840,-3853,3840,-3855,3841,-3854,3842,-3855,3840,-3852,3841,-3852,3844,3850,3844,-3853,3841,-3849,3842,-3851,3840,-3847,-0.34,SJNFAAZE1U0005576,117.79,14.32,9150.70703125,79,75,0,0,0,0,15.5,99.17,-172725,100,1528029350.920,12840,2,0,0,0,0,0,0,0,4,369.72,369.72,7F,1,1,1,0080,81,40,40,0,0,19,35.00
03/06/2018 13:35:54,55 59.40535,-2 30.55496,239,0,361,713662,1144818,369.31,46.081,3855,3839,3847,16,0,109.7,43.1,104.9,40.5,none,none,96.0,35.6,3846,-3853,3843,-3851,3846,3851,3847,3850,3845,-3852,3846,-3852,3845,-3853,3845,-3853,3846,3852,3846,-3852,3847,-3851,3845,-3852,3846,-3855,3845,-3853,3846,-3851,3847,-3852,3847,-3851,3846,3852,3846,-3851,3846,-3850,3847,-3850,3849,-3852,3845,3851,3845,-3847,3843,-3848,3842,-3851,3843,-3848,3844,-3849,3846,-3850,3844,-3849,3841,-3851,3844,3853,3843,-3854,3842,-3853,3846,-3852,3842,-3850,3846,3852,3840,-3851,3841,-3853,3841,-3853,3842,-3853,3839,-3852,3842,3851,3842,-3852,3844,-3851,3841,-3849,3843,-3849,3840,-3848,-0.34,SJNFAAZE1U0005576,117.79,14.32,9150.70703125,79,75,0,0,0,0,15.5,99.17,-172725,100,1528029354.639,15440,2,0,0,0,0,0,0,0,4,369.35,369.35,7F,1,1,1,0080,81,40,40,0,0,19,21.50
03/06/2018 13:35:58,55 59.40535,-2 30.55496,239,0,361,713353,1144818,369.70,25.756,3860,3843,3851,17,0,109.9,43.3,104.9,40.5,none,none,95.8,35.4,3848,-3858,3846,-3856,3850,3856,3853,-3854,3849,-3857,3849,3856,3850,-3858,3849,-3858,3848,-3857,3848,-3857,3850,3856,3849,-3858,3850,-3859,3849,-3858,3849,-3856,3851,-3855,3852,-3856,3851,-3857,3850,-3855,3848,3856,3851,-3856,3852,-3858,3849,-3856,3849,-3852,3847,3854,3845,-3856,3847,-3854,3849,-3854,3848,-3854,3847,-3854,3845,-3856,3846,-3858,3847,-3860,3846,3857,3848,-3857,3846,-3856,3846,-3858,3843,-3858,3843,3859,3844,-3859,3844,-3859,3843,-3857,3845,-3856,3846,-3855,3847,3855,3845,-3854,3846,-3856,3844,-3851,-0.32,SJNFAAZE1U0005576,117.79,14.32,9150.70703125,79,75,0,0,0,0,15.5,99.17,-172725,100,1528029358.389,9160,2,1,0,5,0,0,0,0,4,369.80,369.80,7F,1,1,1,0080,81,40,40,0,0,19,12.50
03/06/2018 13:36:01,55 59.40535,-2 30.55496,239,0,361,713139,1144818,369.89,22.918,3861,3844,3853,17,0,109.7,43.1,104.9,40.5,none,none,95.8,35.4,3851,-3860,3848,-3857,3850,3856,3853,-3855,3850,-3857,3850,-3859,3851,-3859,3850,3859,3849,-3858,3850,-3857,3851,-3857,3850,-3858,3851,3860,3849,-3860,3849,-3857,3852,-3857,3852,-3857,3853,-3858,3851,-3858,3850,-3856,3851,-3856,3853,3858,3850,-3856,3850,-3853,3847,-3856,3848,-3857,3849,3854,3850,-3854,3849,-3856,3849,-3856,3845,-3858,3847,-3859,3847,-3861,3847,-3858,3849,-3857,3847,3856,3849,-3860,3845,-3859,3844,-3859,3846,-3859,3846,-3861,3844,3858,3845,-3857,3847,-3858,3848,-3857,3845,-3856,3846,3856,3844,-3852,-0.35,SJNFAAZE1U0005576,117.79,14.32,9150.70703125,79,75,0,0,0,0,15.5,99.17,-172725,100,1528029361.990,7880,2,0,0,0,0,0,0,0,4,369.87,369.87,7F,1,1,1,0080,81,40,40,0,0,19,14.25
03/06/2018 13:36:05,55 59.40535,-2 30.55496,239,0,361,712907,1144818,369.60,26.427,3859,3842,3850,17,0,109.9,43.3,104.9,40.5,none,none,96.0,35.6,3853,3849,3854,-3846,-3855,3850,-3854,-3849,-3854,3849,-3853,3850,-3854,3848,-3855,3849,-3854,3848,-3855,3848,-3855,3848,-3854,3850,-3856,3848,-3856,3848,-3854,3850,-3854,3851,-3854,3849,-3854,3851,-3854,3848,-3853,3847,-3854,3849,-3856,3850,-3853,3849,-3852,3847,-3851,3844,-3851,3845,-3852,3846,-3854,3845,3854,3845,-3855,3844,3852,-3844,3857,-3844,3857,-3847,3856,-3845,3856,3846,3854,-3844,3856,-3842,3856,-3842,3856,-3842,3859,-3843,3857,-3843,3855,-3844,3853,-3844,3856,3844,3855,-3846,3852,-3845,3854,-3844,3852,-3843,-0.33,SJNFAAZE1U0005576,117.79,14.32,9150.70703125,79,75,0,0,0,0,15.5,99.17,-172725,100,1528029365.541,9320,2,0,0,0,0,0,0,0,4,369.75,369.75,7F,1,1,1,0080,81,40,40,0,0,19,16.75
03/06/2018 13:36:09,55 59.40535,-2 30.55496,239,0,360,712614,1144818,369.31,34.575,3855,3839,3847,16,0,109.7,43.1,104.9,40.5,none,none,96.0,35.6,-3849,3847,-3851,3844,-3852,3846,-3851,3846,-3851,3846,-3850,3847,-3852,3846,-3851,3845,-3851,3846,-3850,3846,-3851,3846,-3852,3848,-3853,3845,-3852,3845,-3851,3847,-3852,3848,-3851,3847,-3849,3849,-3850,3846,-3850,3845,-3851,3846,-3852,3848,-3850,3846,-3849,3843,-3847,3841,-3848,3843,-3849,3842,-3851,3842,-3851,3842,-3852,3840,-3850,3840,-3854,3842,-3854,3843,-3851,3842,-3853,3842,-3851,3841,-3854,3839,-3854,3839,-3853,3839,-3855,3839,-3854,3840,-3851,3840,-3851,3841,-3852,3842,-3850,3842,-3848,3840,-3850,3841,-3848,3840,-0.30,SJNFAAZE1U0005576,117.79,14.32,9150.70703125,79,75,0,0,0,0,15.5,99.17,-172725,100,1528029369.201,11040,2,0,0,0,0,0,0,0,4,369.37,369.37,7F,1,1,1,0080,81,40,40,0,0,19,20.00
03/06/2018 13:36:12,55 59.40535,-2 30.55496,239,0,360,712408,1144818,370.56,2.776,3868,3851,3860,17,0,109.7,43.1,104.9,40.5,none,none,96.0,35.6,-3863,3859,-3862,3856,-3865,3859,-3863,3857,-3863,3858,-3863,3858,-3864,3859,-3864,3858,-3864,3858,-3864,3857,-3865,3858,-3864,3859,-3865,3858,-3865,3857,-3863,3861,-3863,3860,-3864,3858,-3863,3861,-3864,3858,-3863,3857,-3864,3858,-3866,3860,-3863,3858,-3863,3856,-3861,3854,-3864,3856,-3863,3857,-3863,3855,-3864,3855,-3866,3854,-3863,3853,-3866,3855,-3867,3857,-3864,3855,-3866,3855,-3864,3855,-3863,3852,-3867,3852,-3866,3851,-3868,3853,-3866,3853,-3864,3853,-3864,3853,-3864,3854,-3864,3857,-3862,3854,-3863,3854,-3863,3853,-0.35,SJNFAAZE1U0005576,117.79,14.32,9150.70703125,79,75,0,0,0,0,15.5,99.17,-172725,100,1528029372.961,2720,2,1,0,0,0,0,0,0,4,370.34,370.34,7F,1,1,1,0080,81,40,40,0,0,19,-12.50
03/06/2018 13:36:16,55 59.40535,-2 30.55496,239,0,360,712563,1144818,371.52,-22.674,3877,3861,3870,16,0,109.7,43.1,104.9,40.5,none,none,95.8,35.4,-3874,3870,-3873,3868,-3876,3869,-3873,3868,-3874,3867,-3873,3869,-3873,3868,-3875,3868,-3873,3868,-3873,3867,-3875,3867,-3873,3869,-3874,3867,-3875,3867,-3873,3869,-3873,3869,-3874,3869,-3873,3870,-3872,3867,-3873,3867,-3876,3868,-3876,3870,-3874,3869,-3873,3867,-3871,3865,-3874,3866,-3874,3866,-3874,3866,-3874,3865,-3876,3865,-3874,3863,-3875,3863,-3877,3866,-3875,3864,-3876,3865,-3874,3865,-3873,3862,-3877,3861,-3877,3862,-3877,3862,-3877,3863,-3877,3863,-3873,3863,-3874,3863,-3874,3867,-3872,3865,-3874,3865,-3873,3864,-0.37,SJNFAAZE1U0005576,117.79,14.24,9150.70703125,79,75,0,0,0,0,15.5,99.17,-172731,100,1528029376.591,0,2,1,0,6,0,0,0,0,4,371.56,371.56,7F,1,1,1,0080,81,40,40,0,0,19,-13.25
03/06/2018 13:36:20,55 59.40535,-2 30.55496,239,0,361,712639,1144818,370.46,10.009,3865,3852,3859,13,0,109.7,43.1,104.9,40.5,none,none,95.8,35.4,-3863,3859,-3862,3856,-3863,3859,-3863,3857,-3863,3859,-3862,3859,-3863,3858,-3862,3857,-3862,3858,-3863,3856,-3864,3857,-3863,3859,-3863,3858,-3864,3857,-3862,3860,-3863,3860,-3862,3859,-3861,3860,-3862,3857,-3861,3857,-3862,3858,-3864,3861,-3863,3859,-3862,3856,-3860,3854,-3862,3857,-3863,3856,-3863,3855,-3863,3855,-3864,3854,-3863,3854,-3865,3855,-3864,3856,-3864,3856,-3865,3856,-3864,3855,-3863,3852,-3865,3852,-3865,3852,-3865,3854,-3865,3853,-3864,3854,-3863,3854,-3863,3855,-3864,3858,-3860,3855,-3863,3855,-3861,3854,-0.42,SJNFAAZE1U0005576,117.79,13.92,9150.70703125,79,75,0,0,0,0,15.5,99.17,-172734,100,1528029380.407,1240,2,0,0,0,0,0,0,0,4,370.79,370.79,7F,1,1,1,0080,81,40,40,0,0,19,16.00
03/06/2018 13:36:24,55 59.40535,-2 30.55496,239,0,360,712378,1144818,369.89,29.235,3860,3845,3853,15,0,109.7,43.1,104.9,40.5,none,none,96.0,35.6,3852,-3859,3849,-3856,3853,3856,3853,-3855,3852,-3856,3850,3857,3853,-3859,3850,-3859,3850,-3858,3851,-3858,3852,-3857,3851,-3859,3852,-3860,3851,-3859,3852,-3856,3852,-3858,3853,3857,3852,-3858,3852,-3857,3852,-3856,3852,-3856,3854,-3858,3851,-3858,3851,-3852,3849,-3856,3849,3857,3849,-3854,3852,-3855,3850,-3856,3850,-3855,3848,3857,3849,-3858,3849,-3860,3849,-3858,3850,-3858,3848,-3856,3850,-3859,3846,-3858,3846,-3858,3847,3858,3847,-3859,3845,-3858,3847,-3856,3849,-3857,3850,3856,3847,-3855,3848,-3855,3846,-3853,-0.45,SJNFAAZE1U0005576,117.79,13.60,9150.70703125,79,75,0,0,0,0,15.5,99.17,-172734,100,1528029384.029,11000,2,0,0,0,0,0,0,0,4,369.81,369.81,7F,1,1,1,0080,81,40,40,0,0,19,11.75
03/06/2018 13:36:27,55 59.40535,-2 30.55496,239,0,360,712280,1144818,371.14,-7.995,3874,3857,3866,17,0,109.7,43.1,104.9,40.5,none,none,96.0,35.6,3865,-3873,3862,-3870,3865,3869,3867,-3868,3864,-3870,3864,-3870,3863,-3872,3863,3871,3863,-3871,3863,-3870,3864,-3870,3864,-3871,3863,-3872,3863,3871,3863,-3870,3865,-3870,3865,-3869,3865,-3870,3863,3869,3863,-3869,3866,-3868,3868,-3871,3865,-3869,3865,-3867,3861,-3870,3863,-3871,3862,-3869,3864,3868,3862,-3869,3864,-3868,3859,-3872,3860,-3873,3861,3874,3861,-3871,3861,-3872,3860,-3870,3859,-3872,3859,-3872,3857,-3874,3859,-3873,3858,-3874,3857,3872,3859,-3870,3860,-3869,3863,-3872,3860,-3868,3861,3870,3860,-3867,-0.48,SJNFAAZE1U0005576,117.79,13.36,9152.31640625,79,75,0,0,0,0,15.5,99.17,-172734,100,1528029387.895,0,2,0,0,0,0,0,0,0,4,371.02,371.02,7F,1,1,1,0080,81,40,40,0,0,19,-13.75
03/06/2018 13:36:31,55 59.40535,-2 30.55496,239,0,360,711912,1144818,366.72,112.214,3829,3809,3820,20,0,109.7,43.1,104.9,40.5,none,none,95.8,35.4,3815,3827,3817,-3825,3818,3826,3821,-3824,3819,-3827,3818,-3827,3820,-3828,3819,-3827,3819,-3829,3819,3827,3820,-3827,3819,-3828,3820,-3828,3818,-3828,3818,-3827,3821,3826,3821,-3825,3820,-3827,3819,-3825,3819,-3825,3820,3825,3821,-3827,3819,-3824,3816,-3821,3812,-3821,3812,-3824,3813,-3821,3815,-3821,3814,-3823,3817,3821,3811,-3825,3815,-3826,3815,-3828,3812,-3826,3816,3827,3814,-3825,3818,-3827,3811,-3827,3810,-3829,3813,-3827,3813,-3828,3809,-3826,3812,-3824,3813,3823,3814,-3825,3812,-3822,3813,-3823,3811,-3820,-0.70,SJNFAAZE1U0005576,117.79,13.04,9152.31640625,79,75,0,0,0,0,15.5,99.17,-172734,100,1528029391.889,31520,2,1,0,5,0,0,0,0,4,367.15,367.15,7F,1,1,1,0080,81,40,40,0,0,19,71.50
03/06/2018 13:36:35,55 59.40535,-2 30.55496,239,0,360,710927,1144818,367.20,76.507,3835,3815,3825,20,0,109.7,43.1,104.9,40.5,none,none,95.8,35.4,3821,-3832,3820,-3829,3824,3830,3826,-3828,3823,-3831,3823,-3832,3824,-3832,3823,-3833,3823,-3832,3822,-3831,3824,-3831,3824,3832,3824,-3833,3823,-3833,3823,-3832,3825,-3832,3825,-3830,3825,3832,3825,-3831,3824,-3831,3826,-3831,3826,-3833,3824,3830,3821,-3826,3818,-3826,3817,-3828,3819,-3827,3821,-3826,3820,-3829,3822,-3827,3816,-3829,3820,3832,3820,-3835,3819,-3829,3821,-3831,3819,-3831,3823,3832,3816,-3832,3815,-3834,3818,-3832,3818,-3834,3815,-3830,3817,-3829,3820,-3828,3819,-3830,3817,3827,3818,-3827,3816,-3825,-0.54,SJNFAAZE1U0005576,117.79,13.04,9152.31640625,79,75,0,0,0,0,15.5,99.17,-172734,100,1528029395.682,25480,2,0,0,0,0,0,0,0,4,367.23,367.23,7F,1,1,1,0080,81,40,40,0,0,19,34.25
03/06/2018 13:36:39,55 59.40535,-2 30.55496,239,0,359,710367,1144818,368.54,30.456,3847,3829,3839,18,0,109.7,43.1,104.9,40.5,none,none,95.8,35.4,-3841,3838,-3843,3836,-3845,3839,-3843,3839,-3844,3839,-3843,3839,-3844,3839,-3845,3838,3843,-3839,3844,-3838,3845,3839,3844,-3839,3846,-3838,3845,-3837,3845,-3840,3844,-3839,3844,-3839,3844,-3842,3844,-3839,3843,3839,3843,-3839,3845,-3841,3843,-3838,3842,-3836,3838,3833,3840,-3834,-3841,3834,-3842,-3834,-3844,3834,-3844,3833,-3842,3832,-3844,3833,-3846,3835,-3844,3834,-3845,3834,-3843,3835,-3845,3829,-3846,3831,-3846,3831,-3847,3832,-3846,3833,-3844,3833,-3841,3832,-3844,3834,-3842,3836,-3840,3832,-3842,3833,-3840,3832,-0.53,SJNFAAZE1U0005576,117.79,13.04,9152.31640625,79,75,0,0,0,0,15.5,99.17,-172734,100,1528029399.498,11760,2,0,0,0,0,0,0,0,4,368.45,368.45,7F,1,1,1,0080,81,40,40,0,0,19,15.00
03/06/2018 13:36:43,55 59.40535,-2 30.55496,239,0,359,710079,1144818,368.54,33.995,3847,3830,3839,17,0,109.7,43.1,104.9,40.5,none,none,95.8,35.4,-3841,3838,-3843,3837,-3844,3839,-3845,3838,-3844,3839,-3843,3840,-3845,3839,-3845,3839,-3845,3838,-3844,3838,-3845,3838,-3845,3839,-3846,3838,-3846,3838,-3845,3840,-3844,3840,-3844,3839,-3842,3840,-3843,3838,-3843,3837,-3844,3838,-3845,3839,-3842,3838,-3842,3837,-3839,3833,-3841,3835,-3842,3835,-3842,3834,-3845,3834,-3844,3833,-3843,3833,-3846,3833,-3846,3836,-3845,3835,-3845,3835,-3843,3834,-3847,3830,-3847,3831,-3846,3832,-3847,3832,-3846,3832,-3843,3833,-3844,3833,-3844,3835,-3842,3836,-3840,3832,-3841,3832,-3840,3832,-0.54,SJNFAAZE1U0005576,117.79,13.04,9152.31640625,79,75,0,0,0,0,15.5,99.17,-172734,100,1528029403.383,9680,2,0,0,0,0,0,0,0,4,368.60,368.60,7F,1,1,1,0080,81,40,40,0,0,19,18.75
03/06/2018 13:36:47,55 59.40535,-2 30.55496,239,0,359,709770,1144818,368.64,35.857,3846,3831,3840,15,0,109.7,43.1,104.9,40.5,none,none,95.8,35.4,-3840,3839,-3842,3837,-3845,3839,-3843,3839,-3844,3839,-3842,3840,-3844,3840,-3844,3839,-3844,3839,-3843,3839,-3845,3838,-3844,3841,-3845,3839,-3844,3839,-3844,3841,-3844,3842,-3843,3840,-3843,3841,-3844,3839,-3844,3839,-3843,3838,-3846,3842,-3843,3839,-3841,3837,-3838,3834,-3841,3835,-3841,3836,-3841,3835,-3842,3835,-3844,3834,-3840,3834,-3844,3835,-3845,3837,-3843,3837,-3843,3837,-3842,3835,-3846,3831,-3845,3833,-3845,3834,-3845,3834,-3844,3834,-3843,3834,-3841,3835,-3844,3835,-3842,3836,-3840,3834,-3841,3834,-3840,3833,-0.53,SJNFAAZE1U0005576,117.79,13.04,9152.31640625,79,75,0,0,0,0,15.5,99.17,-172734,100,1528029407.164,10400,2,0,0,0,0,0,0,0,4,368.59,368.59,7F,1,1,1,0080,81,40,40,0,0,19,18.00
03/06/2018 13:36:50,55 59.40535,-2 30.55496,239,0,359,709454,1144818,368.54,32.043,3847,3830,3839,17,0,109.7,43.1,104.9,40.5,none,none,96.0,35.6,-3841,3838,-3843,3836,-3845,3839,-3844,3838,-3843,3839,-3843,3840,-3844,3838,-3845,3837,-3846,3838,-3844,3838,-3845,3838,-3844,3839,-3845,3838,-3846,3837,-3844,3841,-3843,3840,-3844,3838,-3843,3841,-3843,3838,-3841,3838,-3843,3838,-3845,3841,-3844,3837,-3841,3836,-3838,3832,-3842,3834,-3840,3835,-3842,3834,-3842,3834,-3844,3833,-3842,3832,-3845,3833,-3845,3835,-3845,3834,-3845,3836,-3843,3834,-3845,3831,-3845,3830,-3844,3831,-3847,3832,-3846,3833,-3844,3833,-3841,3833,-3843,3833,-3841,3836,-3839,3832,-3841,3833,-3841,3831,-0.53,SJNFAAZE1U0005576,117.79,13.04,9152.31640625,79,75,0,0,0,0,15.5,99.17,-172734,100,1528029410.894,10400,2,1,0,6,0,0,0,0,4,368.69,368.69,7F,1,1,1,0080,81,40,40,0,0,19,17.75
03/06/2018 13:36:54,55 59.40535,-2 30.55496,239,0,359,709145,1144818,368.64,32.348,3846,3832,3840,14,0,109.7,43.1,104.9,40.5,none,none,96.0,35.6,-3841,3839,-3843,3838,-3844,3839,-3843,3839,-3844,3839,-3843,3840,-3845,3839,-3844,3839,-3843,3840,-3843,3839,-3845,3839,-3845,3841,-3845,3838,-3845,3839,-3844,3840,-3844,3841,-3844,3839,-3843,3841,-3844,3840,-3844,3839,-3844,3839,-3844,3841,-3841,3838,-3841,3837,-3838,3834,-3840,3836,-3841,3835,-3842,3834,-3842,3835,-3844,3833,-3842,3834,-3845,3836,-3845,3837,-3844,3836,-3844,3835,-3843,3835,-3845,3832,-3845,3833,-3844,3833,-3846,3833,-3845,3835,-3843,3836,-3842,3833,-3843,3836,-3841,3836,-3840,3833,-3841,3834,-3841,3834,-0.54,SJNFAAZE1U0005576,117.79,13.04,9152.31640625,79,75,0,0,0,0,15.5,99.17,-172734,100,1528029414.706,10360,2,0,0,0,0,0,0,0,4,368.66,368.66,7F,1,1,1,0080,81,40,40,0,0,19,18.00
03/06/2018 13:36:58,55 59.40535,-2 30.55496,239,0,359,708844,1144818,368.64,32.988,3848,3830,3840,18,0,109.7,43.1,104.9,40.5,none,none,96.0,35.6,3836,3846,3835,-3844,3839,3843,3841,-3842,3839,-3845,3838,-3845,3838,3847,3837,-3847,3838,-3846,3838,-3845,3838,-3845,3838,-3846,3839,-3848,3836,-3847,3838,-3845,3840,3845,3840,-3844,3838,-3845,3840,-3845,3838,-3844,3838,3843,3841,-3845,3837,-3843,3838,-3840,3833,-3841,3833,-3843,3835,-3840,3836,-3840,3836,-3843,3837,3841,3832,-3844,3834,-3845,3834,-3847,3833,-3845,3835,3846,3833,-3845,3836,-3846,3832,-3846,3830,-3847,3832,-3846,3832,-3847,3830,-3844,3831,-3843,3834,3844,3834,-3843,3831,-3842,3832,-3843,3832,-3841,-0.49,SJNFAAZE1U0005576,117.79,13.04,9152.31640625,79,75,0,0,0,0,15.5,99.17,-172734,100,1528029418.458,10320,2,0,0,0,0,0,0,0,4,368.61,368.61,7F,1,1,1,0080,81,40,40,0,0,19,17.00
03/06/2018 13:37:02,55 59.40535,-2 30.55496,239,0,358,708562,1144818,368.54,32.958,3846,3830,3839,16,0,109.7,43.1,104.9,40.5,none,none,96.0,35.6,3835,-3844,3835,-3842,3838,3842,3840,3841,3838,-3844,3837,-3844,3839,-3845,3837,-3845,3837,3844,3838,-3843,3838,-3843,3837,-3843,3839,-3846,3837,-3845,3837,-3843,3840,-3844,3839,-3843,3839,3844,3838,-3843,3837,-3841,3838,-3842,3840,-3845,3837,3842,3836,-3838,3832,-3839,3832,-3842,3835,-3840,3837,-3839,3836,-3841,3835,-3839,3831,-3843,3832,3843,3835,-3845,3834,-3843,3836,-3844,3834,-3842,3836,3843,3832,-3844,3832,-3845,3833,-3844,3832,-3845,3830,-3843,3832,-3842,3833,-3842,3834,-3842,3832,3840,3833,-3841,3831,-3838,-0.52,SJNFAAZE1U0005576,117.79,13.04,9152.31640625,79,75,0,0,0,0,15.5,99.17,-172734,100,1528029422.238,10160,2,0,0,0,0,0,0,0,4,368.57,368.57,7F,1,1,1,0080,81,40,40,0,0,19,18.00
03/06/2018 13:37:05,55 59.40535,-2 30.55496,239,0,358,708247,1144818,368.54,33.385,3847,3829,3839,18,0,109.7,43.1,104.9,40.5,none,none,95.8,35.4,3835,-3845,3835,-3844,3838,3842,3841,-3841,3837,-3844,3837,3844,3837,-3846,3837,-3846,3837,-3845,3837,-3844,3838,3844,3838,-3844,3838,-3847,3835,-3846,3838,-3844,3839,-3844,3839,-3844,3838,-3844,3838,-3844,3836,3843,3838,-3842,3840,-3846,3837,-3842,3835,-3839,3832,3841,3832,-3843,3834,-3840,3834,-3841,3836,-3843,3835,-3841,3832,-3843,3833,-3846,3834,-3846,3832,3845,3835,-3844,3832,-3843,3835,-3845,3831,-3846,3831,3844,3830,-3846,3831,-3846,3829,-3844,3831,-3843,3833,-3844,3834,-3842,3831,-3841,3831,-3841,3831,-3839,-0.51,SJNFAAZE1U0005576,117.79,13.04,9152.31640625,79,75,0,0,0,0,15.5,99.17,-172734,100,1528029425.957,10320,2,1,0,6,0,0,0,0,4,368.50,368.50,7F,1,1,1,0080,81,40,40,0,0,19,17.50
03/06/2018 13:37:09,55 59.40535,-2 30.55496,239,0,358,707956,1144818,368.35,36.132,3844,3829,3837,15,0,109.9,43.3,104.9,40.5,none,none,95.8,35.4,3835,-3842,3833,-3841,3836,3841,3838,-3840,3837,-3841,3837,-3843,3836,-3842,3836,3842,3836,-3842,3835,-3841,3836,-3842,3836,-3843,3837,3844,3835,-3843,3835,-3841,3837,-3842,3838,-3840,3837,-3842,3838,-3841,3836,-3841,3837,-3840,3839,3842,3836,-3840,3834,-3837,3832,-3837,3832,-3841,3833,3838,3834,-3838,3835,-3840,3835,-3839,3830,-3841,3833,-3842,3834,-3843,3831,-3843,3836,-3843,3833,3842,3835,-3841,3830,-3842,3830,-3843,3831,-3842,3831,-3843,3829,-3841,3832,-3840,3833,-3842,3833,-3841,3831,-3839,3832,3839,3830,-3837,-0.46,SJNFAAZE1U0005576,117.79,13.04,9152.31640625,79,75,0,0,0,0,15.5,99.17,-172734,100,1528029429.578,10800,2,0,0,0,0,0,0,0,4,368.37,368.37,7F,1,1,1,0080,81,40,40,0,0,19,18.50
03/06/2018 13:37:12,55 59.40535,-2 30.55496,239,0,358,707657,1144818,368.26,34.942,3843,3827,3836,16,0,109.7,43.1,104.9,40.5,none,none,96.0,35.6,3838,3834,3838,-3833,-3840,3836,-3840,-3834,-3841,3835,-3839,3836,-3841,3837,-3841,3835,-3840,3835,-3840,3834,-3841,3835,-3841,3837,-3840,3834,-3842,3835,-3840,3837,-3839,3836,-3840,3836,-3840,3838,-3839,3835,-3839,3835,-3840,3836,-3842,3837,-3839,3835,-3837,3833,-3835,3829,-3836,3831,-3837,3832,-3838,3830,-3839,3831,-3841,3830,3837,-3828,3843,-3830,3842,-3834,3840,-3830,3842,3831,3840,-3832,3840,-3827,3842,-3828,3839,-3829,3843,-3827,3843,-3829,3839,-3829,3838,-3829,3841,3829,3838,-3832,3838,-3828,3839,-3829,3837,-3831,-0.50,SJNFAAZE1U0005576,117.79,13.04,9152.31640625,79,75,0,0,0,0,15.5,99.17,-172734,100,1528029432.886,10800,2,0,0,0,0,0,0,0,4,368.32,368.32,7F,1,1,1,0080,81,40,40,0,0,19,19.00
03/06/2018 13:37:16,55 59.40535,-2 30.55496,239,0,358,707359,1144818,368.35,33.843,3845,3828,3837,17,0,109.7,43.1,104.9,40.5,none,none,95.8,35.4,-3839,3836,-3841,3834,-3842,3836,-3841,3836,-3841,3837,-3841,3837,-3843,3836,-3843,3836,-3842,3837,-3842,3835,-3843,3836,-3843,3837,-3844,3836,-3844,3835,-3842,3837,-3842,3837,-3842,3837,-3841,3839,-3842,3836,-3841,3836,-3841,3836,-3844,3838,-3841,3836,-3839,3833,-3837,3831,-3840,3833,-3838,3831,-3840,3832,-3841,3831,-3842,3830,-3839,3830,-3843,3832,-3844,3833,-3843,3832,-3843,3832,-3840,3833,-3843,3828,-3844,3829,-3843,3829,-3845,3829,-3844,3830,-3842,3829,-3840,3830,-3841,3832,-3840,3832,-3837,3830,-3839,3831,-3838,3830,-0.49,SJNFAAZE1U0005576,117.79,13.04,9152.31640625,79,75,0,0,0,0,15.5,99.17,-172734,100,1528029436.712,10800,2,0,0,0,0,0,0,0,4,368.34,368.34,7F,1,1,1,0080,81,40,40,0,0,19,18.25
03/06/2018 13:37:20,55 59.40535,-2 30.55496,239,0,358,707051,1144818,368.35,32.622,3844,3829,3837,15,0,109.7,43.1,104.9,40.5,none,none,96.0,35.6,-3839,3837,-3840,3835,-3842,3837,-3841,3836,-3841,3837,-3840,3837,-3841,3837,-3842,3837,-3842,3837,-3841,3836,-3840,3836,-3842,3838,-3842,3837,-3842,3836,-3841,3838,-3842,3838,-3842,3838,-3841,3839,-3841,3837,-3840,3835,-3841,3837,-3843,3839,-3840,3836,-3839,3835,-3837,3830,-3838,3833,-3838,3833,-3840,3832,-3839,3833,-3841,3832,-3839,3830,-3843,3832,-3842,3835,-3840,3832,-3843,3833,-3841,3833,-3842,3829,-3842,3830,-3841,3830,-3844,3831,-3843,3832,-3840,3831,-3839,3831,-3841,3833,-3840,3834,-3838,3831,-3840,3831,-3838,3831,-0.50,SJNFAAZE1U0005576,117.79,13.04,9152.31640625,79,75,0,0,0,0,15.5,99.17,-172734,100,1528029440.510,10600,2,1,0,4,0,0,0,0,4,368.37,368.37,7F,1,1,1,0080,81,40,40,0,0,19,17.50
03/06/2018 13:37:24,55 59.40535,-2 30.55496,239,0,358,706757,1144818,368.16,34.850,3842,3828,3835,14,0,109.7,43.1,104.9,40.5,none,none,96.0,35.6,-3836,3834,-3838,3832,-3839,3835,-3839,3834,-3839,3834,-3839,3837,-3840,3834,-3840,3835,-3839,3836,-3840,3834,-3841,3834,-3841,3836,-3842,3834,-3841,3834,-3839,3837,-3839,3836,-3839,3835,-3838,3837,-3840,3835,-3838,3834,-3839,3835,-3842,3837,-3838,3835,-3837,3833,-3833,3829,-3836,3831,-3837,3831,-3837,3830,-3838,3831,-3840,3830,-3836,3829,-3840,3832,-3840,3833,-3840,3831,-3840,3832,-3839,3831,-3839,3828,-3839,3828,-3840,3829,-3841,3829,-3840,3830,-3839,3830,-3837,3831,-3839,3830,-3838,3833,-3834,3829,-3837,3830,-3836,3829,-0.50,SJNFAAZE1U0005576,117.79,13.04,9152.31640625,79,75,0,0,0,0,15.5,99.17,-172734,100,1528029444.062,10360,2,0,0,0,0,0,0,0,4,368.25,368.25,7F,1,1,1,0080,81,40,40,0,0,19,18.25
03/06/2018 13:37:27,55 59.40535,-2 30.55496,239,0,357,706450,1144818,368.16,33.202,3843,3826,3835,17,0,109.7,43.1,104.9,40.5,none,none,95.8,35.4,-3836,3834,-3838,3832,-3841,3835,-3838,3833,-3839,3835,-3839,3835,-3840,3834,-3841,3833,-3841,3834,-3841,3833,-3841,3834,-3841,3836,-3842,3835,-3841,3833,-3839,3835,-3840,3835,-3840,3835,-3839,3837,-3839,3834,-3839,3834,-3840,3835,-3841,3836,-3839,3833,-3838,3832,-3835,3828,-3837,3830,-3837,3831,-3838,3830,-3840,3831,-3839,3828,-3838,3829,-3841,3829,-3842,3831,-3840,3830,-3841,3832,-3840,3831,-3842,3826,-3841,3826,-3841,3827,-3843,3828,-3842,3828,-3840,3829,-3838,3829,-3839,3830,-3838,3831,-3835,3827,-3838,3828,-3836,3828,-0.48,SJNFAAZE1U0005576,117.79,13.04,9152.31640625,79,75,0,0,0,0,15.5,99.17,-172734,100,1528029447.753,10800,2,0,0,0,0,0,0,0,4,368.22,368.22,7F,1,1,1,0080,81,40,40,0,0,19,18.50
03/06/2018 13:37:31,55 59.40535,-2 30.55496,239,0,357,706139,1144818,368.16,34.301,3842,3826,3835,16,0,109.9,43.3,104.9,40.5,none,none,95.8,35.4,3832,-3840,3832,-3839,3835,3839,3835,-3838,3834,-3839,3834,3840,3835,-3841,3834,-3841,3834,-3840,3834,-3840,3835,-3840,3834,3840,3835,-3841,3833,-3841,3834,-3840,3836,-3839,3835,3839,3836,-3840,3835,-3840,3835,-3838,3835,-3839,3836,-3841,3834,-3837,3832,-3835,3829,-3835,3829,3838,3830,-3836,3831,-3835,3832,-3837,3832,-3836,3828,3839,3830,-3839,3831,-3842,3830,-3839,3831,-3841,3830,-3838,3833,-3840,3828,-3840,3828,-3840,3829,3841,3828,-3840,3826,-3839,3828,-3838,3830,-3839,3829,3838,3828,-3837,3829,-3837,3828,-3835,-0.48,SJNFAAZE1U0005576,117.79,13.04,9152.31640625,79,75,0,0,0,0,15.5,99.17,-172734,100,1528029451.422,10800,2,0,0,0,0,0,0,0,4,368.14,368.14,7F,1,1,1,0080,81,40,40,0,0,19,19.25
03/06/2018 13:37:35,55 59.40535,-2 30.55496,239,0,357,705817,1144818,367.97,36.620,3841,3824,3833,17,0,109.7,43.1,104.9,40.5,none,none,96.0,35.6,3830,-3839,3829,-3837,3832,3837,3834,-3836,3832,-3838,3831,-3839,3833,-3840,3831,3840,3832,-3839,3832,-3838,3832,-3839,3832,-3840,3831,-3841,3831,3840,3831,-3838,3834,-3838,3834,-3838,3832,-3838,3832,3838,3831,-3838,3833,-3837,3834,-3840,3832,-3836,3831,-3832,3828,-3835,3828,-3836,3827,-3835,3830,3834,3830,-3836,3829,-3836,3826,-3838,3828,-3840,3829,3841,3827,-3838,3830,-3839,3828,-3838,3829,-3839,3825,-3840,3824,-3840,3827,-3841,3826,-3841,3825,3838,3826,-3837,3828,-3837,3828,-3838,3827,-3836,3826,3835,3825,-3832,-0.51,SJNFAAZE1U0005576,117.79,13.04,9152.31640625,79,75,0,0,0,0,15.5,99.17,-172734,100,1528029455.099,11000,2,2,0,0,0,0,0,0,4,368.02,368.02,7F,1,1,1,0080,81,40,40,0,0,19,18.75
03/06/2018 13:37:38,55 59.40535,-2 30.55496,239,0,357,705493,1144818,367.87,38.054,3841,3822,3832,19,0,109.7,43.1,104.9,40.5,none,none,96.0,35.6,3830,3839,3828,-3837,3830,3837,3832,-3837,3831,-3838,3830,-3838,3831,3840,3830,-3840,3830,-3839,3831,-3838,3831,-3838,3831,-3838,3831,-3841,3829,-3839,3831,-3837,3833,3839,3831,-3837,3832,-3838,3831,-3837,3831,-3837,3831,3836,3833,-3839,3831,-3837,3829,-3833,3827,-3834,3827,-3836,3827,-3834,3829,-3833,3829,-3835,3828,3835,3825,-3837,3827,-3840,3828,-3841,3826,-3838,3829,3836,3827,-3837,3829,-3840,3824,-3839,3823,-3840,3825,-3839,3825,-3840,3822,-3837,3826,-3836,3826,3836,3827,-3836,3825,-3834,3825,-3835,3824,-3834,-0.50,SJNFAAZE1U0005576,117.79,13.04,9153.92578125,79,75,0,0,0,0,15.5,99.17,-172734,100,1528029458.874,11000,2,1,0,6,0,0,0,0,4,367.97,367.97,7F,1,1,1,0080,81,40,40,0,0,19,19.25
03/06/2018 13:37:42,55 59.40535,-2 30.55496,239,0,357,705188,1144818,367.87,36.315,3840,3822,3832,18,0,109.7,43.1,104.9,40.5,none,none,95.8,35.4,3828,-3839,3827,-3836,3829,3835,3833,3835,3831,-3838,3831,-3838,3830,-3840,3830,-3839,3829,3838,3829,-3838,3831,-3838,3829,-3838,3831,-3840,3828,-3840,3829,-3836,3831,-3838,3831,-3836,3831,3839,3831,-3837,3830,-3836,3831,-3838,3832,-3837,3829,3836,3829,-3831,3825,-3834,3824,-3836,3826,-3833,3828,-3833,3828,-3835,3829,-3834,3824,-3837,3827,3839,3827,-3840,3825,-3837,3829,-3838,3826,-3837,3827,3838,3822,-3840,3823,-3839,3825,-3838,3826,-3840,3822,-3837,3824,3835,3826,-3836,3826,-3836,3825,-3833,3825,-3835,3823,-3832,-0.50,SJNFAAZE1U0005576,117.79,13.04,9153.92578125,79,75,0,0,0,0,15.5,99.17,-172734,100,1528029462.260,11080,2,0,0,0,0,0,0,0,4,367.91,367.91,7F,1,1,1,0080,81,40,40,0,0,19,18.25
03/06/2018 13:37:45,55 59.40535,-2 30.55496,239,0,357,704871,1144818,367.87,38.604,3839,3823,3832,16,0,109.7,43.1,104.9,40.5,none,none,95.8,35.4,3833,-3830,3835,-3829,3836,3831,3836,-3829,3836,-3830,3837,3832,3837,-3832,3837,-3831,3837,-3832,3837,-3830,3838,3831,3838,-3831,3839,-3831,3838,-3829,3837,-3832,3837,-3833,3837,-3832,3836,-3833,3836,-3830,3835,3831,3837,-3832,3836,-3833,3835,-3831,3835,-3829,3831,3826,3833,-3826,-3835,3826,-3834,-3826,-3835,3827,-3836,3826,-3834,3823,-3838,3825,-3839,3828,-3837,3827,3838,-3826,-3836,3827,3838,-3823,3839,-3823,3838,-3823,3839,3824,3839,-3825,3837,-3825,3834,-3825,3837,-3826,3834,3827,3832,-3825,3835,-3825,3832,-3826,-0.50,SJNFAAZE1U0005576,117.79,13.04,9153.92578125,79,75,0,0,0,0,15.5,99.17,-172734,100,1528029465.944,11600,2,0,0,0,0,0,0,0,4,367.83,367.83,7F,1,1,1,0080,81,40,40,0,0,19,19.50
03/06/2018 13:37:49,55 59.40535,-2 30.55496,239,0,356,704538,1144818,367.87,34.789,3839,3825,3832,14,0,109.7,43.1,104.7,40.4,none,none,95.8,35.4,-3833,3832,-3835,3830,-3837,3832,-3837,3832,-3835,3833,-3836,3834,-3837,3833,-3838,3832,-3837,3833,-3836,3831,-3837,3832,-3837,3834,-3838,3831,-3838,3831,-3836,3834,-3837,3834,-3836,3832,-3837,3835,-3836,3832,-3836,3830,-3836,3831,-3838,3833,-3836,3832,-3834,3830,-3831,3826,-3833,3828,-3832,3828,-3834,3828,-3835,3828,-3837,3827,-3834,3826,-3837,3827,-3839,3830,-3837,3828,-3837,3828,-3835,3829,-3836,3825,-3837,3826,-3836,3825,-3838,3825,-3838,3827,-3836,3826,-3833,3826,-3835,3828,-3833,3828,-3832,3826,-3833,3826,-3833,3825,-0.51,SJNFAAZE1U0005576,117.79,13.04,9153.92578125,79,75,0,0,0,0,15.5,99.17,-172734,100,1528029469.708,11600,2,0,0,0,0,0,0,0,4,367.85,367.85,7F,1,1,1,0080,81,40,40,0,0,19,19.75
03/06/2018 13:37:53,55 59.40535,-2 30.55496,239,0,356,704200,1144818,367.78,36.376,3839,3822,3831,17,0,109.9,43.3,104.9,40.5,none,none,95.8,35.4,-3833,3829,-3835,3828,-3836,3831,-3835,3830,-3835,3830,-3835,3832,-3837,3831,-3837,3830,-3836,3830,-3836,3829,-3837,3829,-3836,3831,-3838,3831,-3837,3830,-3836,3832,-3836,3832,-3835,3831,-3834,3832,-3836,3831,-3836,3830,-3836,3830,-3837,3833,-3835,3829,-3832,3827,-3830,3823,-3833,3826,-3833,3825,-3833,3825,-3835,3826,-3835,3825,-3834,3823,-3837,3825,-3838,3827,-3836,3826,-3836,3825,-3835,3825,-3839,3822,-3838,3824,-3837,3822,-3839,3823,-3838,3824,-3834,3824,-3833,3824,-3836,3827,-3833,3826,-3831,3824,-3833,3824,-3832,3824,-0.51,SJNFAAZE1U0005576,117.79,13.04,9153.92578125,79,75,0,0,0,0,15.5,99.17,-172734,100,1528029473.582,11480,2,1,0,5,0,0,0,0,4,367.73,367.73,7F,1,1,1,0080,81,40,40,0,0,19,20.50
03/06/2018 13:37:57,55 59.40535,-2 30.55496,239,0,356,703876,1144818,367.87,33.080,3839,3823,3832,16,0,109.7,43.1,104.9,40.5,none,none,95.8,35.4,-3833,3831,-3835,3829,-3837,3832,-3836,3830,-3836,3831,-3837,3832,-3837,3831,-3838,3830,-3837,3831,-3837,3830,-3837,3831,-3837,3832,-3837,3831,-3838,3831,-3836,3833,-3837,3834,-3837,3832,-3837,3833,-3836,3831,-3836,3831,-3838,3831,-3838,3833,-3835,3831,-3833,3829,-3831,3825,-3834,3827,-3833,3827,-3834,3827,-3836,3827,-3837,3826,-3834,3825,-3838,3825,-3838,3827,-3837,3827,-3838,3826,-3836,3827,-3837,3823,-3838,3825,-3838,3823,-3839,3824,-3839,3825,-3837,3825,-3834,3825,-3835,3826,-3834,3827,-3832,3825,-3834,3826,-3834,3825,-0.49,SJNFAAZE1U0005576,117.79,13.04,9153.92578125,79,75,0,0,0,0,15.5,99.17,-172734,100,1528029477.383,10640,2,0,0,0,0,0,0,0,4,367.87,367.87,7F,1,1,1,0080,81,40,40,0,0,19,15.75
03/06/2018 13:38:01,55 59.40535,-2 30.55496,239,0,356,703585,1144818,367.87,29.723,3842,3824,3832,18,0,109.7,43.1,104.9,40.5,none,none,95.8,35.4,-3833,3830,-3836,3828,-3837,3832,-3836,3831,-3837,3831,-3837,3833,-3838,3832,-3838,3831,-3836,3831,-3836,3831,-3837,3831,-3837,3833,-3839,3832,-3839,3831,-3838,3832,-3838,3834,-3837,3833,-3837,3834,-3835,3832,-3836,3831,-3837,3832,-3838,3833,-3835,3830,-3835,3828,-3832,3826,-3833,3827,-3835,3826,-3836,3827,-3836,3828,-3837,3826,-3835,3825,-3838,3827,-3839,3829,-3837,3828,-3839,3829,-3837,3828,-3839,3824,-3839,3825,-3839,3824,-3842,3826,-3840,3825,-3837,3827,-3836,3826,-3837,3828,-3835,3829,-3833,3826,-3835,3826,-3833,3825,-0.45,SJNFAAZE1U0005576,117.79,13.04,9153.92578125,79,75,0,0,0,0,15.5,99.17,-172734,100,1528029481.047,10080,2,0,0,0,0,0,0,0,4,367.97,367.97,7F,1,1,1,0080,81,40,40,0,0,19,16.00
03/06/2018 13:38:05,55 59.40535,-2 30.55496,239,0,356,703310,1144818,368.06,30.272,3843,3825,3834,18,0,109.7,43.1,104.9,40.5,none,none,95.8,35.4,3831,-3841,3830,3838,3833,3837,3836,-3836,3833,-3839,3834,-3839,3833,3841,3832,-3840,3832,-3840,3832,-3839,3834,-3840,3832,-3840,3834,-3843,3832,-3841,3832,-3839,3834,3839,3835,-3839,3834,-3839,3834,-3839,3833,-3839,3835,3838,3836,-3840,3833,-3838,3832,-3835,3829,-3836,3829,-3837,3829,-3837,3832,-3835,3831,-3838,3831,-3837,3828,-3839,3829,-3839,3829,-3841,3829,-3840,3831,-3841,3829,3838,3829,-3841,3827,-3840,3826,-3842,3827,-3841,3828,3842,3825,-3840,3827,-3839,3828,-3840,3829,-3840,3828,-3836,3828,-3838,3826,-3834,-0.52,SJNFAAZE1U0005576,117.79,13.04,9153.92578125,79,75,0,0,0,0,15.5,99.17,-172734,100,1528029485.086,9520,2,0,0,0,0,0,0,0,4,367.95,367.95,7F,1,1,1,0080,81,40,40,0,0,19,15.25
03/06/2018 13:38:08,55 59.40535,-2 30.55496,239,0,356,703038,1144818,367.97,29.174,3840,3824,3833,16,0,109.9,43.3,104.9,40.5,none,none,95.8,35.4,3831,-3839,3830,-3837,3832,3837,3835,3836,3832,-3837,3831,-3838,3832,-3840,3832,-3839,3832,3839,3832,-3838,3833,-3838,3832,-3839,3833,-3840,3831,-3839,3831,-3838,3833,-3838,3834,-3838,3833,3839,3832,-3838,3832,-3837,3834,-3837,3834,-3839,3831,3836,3831,-3833,3828,-3834,3827,-3837,3829,-3834,3831,-3833,3830,3836,3830,-3834,3827,-3836,3828,-3838,3829,-3839,3828,-3837,3830,-3837,3829,-3836,3829,-3838,3826,3839,3826,-3838,3828,-3838,3828,-3839,3824,-3836,3826,3836,3829,-3836,3830,-3837,3827,-3835,3827,-3836,3825,-3833,-0.50,SJNFAAZE1U0005576,117.79,13.04,9153.92578125,79,75,0,0,0,0,15.5,99.17,-172734,100,1528029488.867,9240,2,1,0,5,0,0,0,0,4,367.98,367.98,7F,1,1,1,0080,81,40,40,0,0,19,14.25
03/06/2018 13:38:12,55 59.40535,-2 30.55496,239,0,356,702781,1144818,368.16,24.322,3842,3826,3835,16,0,109.9,43.3,104.7,40.4,none,none,95.8,35.4,3832,-3840,3832,-3839,3835,3838,3836,-3837,3834,-3838,3834,3839,3836,-3841,3833,-3840,3833,-3840,3833,-3839,3834,3838,3834,-3840,3835,-3842,3834,-3841,3834,-3840,3835,-3839,3836,-3838,3835,-3839,3835,-3839,3834,3838,3835,-3838,3836,-3840,3833,-3837,3833,-3835,3828,3835,3830,-3838,3831,-3835,3831,-3834,3831,-3837,3832,-3836,3827,3837,3830,-3839,3832,-3841,3831,-3839,3831,-3839,3829,-3838,3831,-3838,3829,-3840,3827,-3839,3828,3840,3828,-3841,3826,-3838,3828,-3837,3829,-3837,3829,3838,3827,-3835,3829,-3837,3828,-3834,-0.49,SJNFAAZE1U0005576,117.79,13.04,9153.92578125,79,75,0,0,0,0,15.5,99.17,-172734,100,1528029492.738,8520,2,0,0,0,0,0,0,0,4,368.13,368.13,7F,1,1,1,0080,81,40,40,0,0,19,13.00
03/06/2018 13:38:16,55 59.40535,-2 30.55496,239,0,355,702568,1144818,368.06,23.131,3842,3824,3834,18,0,109.7,43.1,104.9,40.5,none,none,95.8,35.4,3832,-3841,3830,-3839,3833,3838,3835,-3837,3833,-3840,3834,-3840,3832,-3842,3832,3841,3831,-3840,3831,-3840,3833,-3841,3833,-3841,3834,3842,3832,-3841,3832,-3841,3834,-3839,3835,-3839,3834,-3840,3832,-3839,3832,-3838,3834,-3839,3836,3840,3833,-3838,3832,-3835,3828,-3836,3827,-3838,3829,-3836,3831,3835,3830,-3838,3832,-3836,3827,-3839,3828,-3840,3829,3842,3828,-3839,3832,-3840,3829,-3839,3829,-3841,3825,-3841,3825,-3841,3828,-3842,3827,-3842,3824,3840,3827,-3838,3829,-3838,3829,-3839,3828,-3837,3828,3839,3826,-3834,-0.52,SJNFAAZE1U0005576,117.79,13.04,9153.92578125,79,75,0,0,0,0,15.5,99.17,-172734,100,1528029496.175,7560,2,0,0,0,0,0,0,0,4,368.20,368.20,7F,1,1,1,0080,81,40,40,0,0,19,10.75
03/06/2018 13:38:19,55 59.40535,-2 30.55496,239,0,355,702368,1144818,368.16,27.190,3844,3826,3835,18,0,109.7,43.1,104.9,40.5,none,none,95.6,35.3,3837,3833,3838,-3833,-3840,3834,-3839,-3834,-3839,3834,-3838,3835,-3840,3834,-3840,3833,-3839,3834,-3839,3833,-3839,3834,-3840,3835,-3841,3834,-3841,3834,3840,3837,-3840,3837,3840,-3835,3840,-3837,3839,-3834,3839,-3833,3840,3835,3841,-3836,3839,-3834,3838,-3832,3835,-3828,3837,-3831,3837,-3830,3838,-3830,3839,-3830,3840,3829,3837,-3829,3842,-3830,3841,-3832,3839,-3830,3841,3831,3840,-3831,3840,-3826,3841,-3827,3841,-3827,3844,-3828,3842,-3828,3840,-3829,3839,-3829,3840,3829,3839,-3830,3836,-3828,3838,-3830,3836,-3828,-0.51,SJNFAAZE1U0005576,117.79,13.04,9153.92578125,79,75,0,0,0,0,15.5,99.17,-172734,100,1528029499.798,7240,2,0,0,0,0,0,0,0,4,368.16,368.16,7F,1,1,1,0080,81,40,40,0,0,19,10.25
03/06/2018 13:38:23,55 59.40535,-2 30.55496,239,0,355,702169,1144818,368.26,23.345,3845,3827,3836,18,0,109.7,43.1,104.7,40.4,none,none,95.8,35.4,-3838,3834,-3840,3833,-3842,3835,-3841,3834,-3840,3834,-3841,3837,-3842,3835,-3842,3836,-3842,3835,-3841,3834,-3842,3835,-3841,3836,-3842,3835,-3842,3835,-3841,3837,-3841,3837,-3840,3836,-3840,3838,-3840,3835,-3840,3835,-3841,3836,-3843,3838,-3840,3835,-3838,3832,-3837,3830,-3839,3831,-3839,3832,-3840,3831,-3840,3831,-3842,3831,-3839,3829,-3843,3831,-3843,3832,-3842,3831,-3843,3832,-3841,3831,-3842,3827,-3843,3827,-3844,3829,-3845,3830,-3843,3829,-3841,3830,-3840,3830,-3842,3831,-3840,3833,-3838,3829,-3839,3830,-3838,3829,-0.50,SJNFAAZE1U0005576,117.79,13.04,9153.92578125,79,75,0,0,0,0,15.5,99.17,-172734,100,1528029503.565,7040,2,1,0,5,0,0,0,0,4,368.28,368.28,7F,1,1,1,0080,81,40,40,0,0,19,11.25
03/06/2018 13:38:27,55 59.40535,-2 30.55496,239,0,355,701980,1144818,368.45,20.995,3845,3829,3838,16,0,109.7,43.1,104.7,40.4,none,none,95.8,35.4,-3839,3837,-3841,3835,-3844,3836,-3842,3837,-3842,3837,-3842,3838,-3842,3839,-3843,3837,-3843,3836,-3842,3836,-3844,3837,-3843,3838,-3844,3836,-3844,3836,-3841,3839,-3842,3839,-3842,3837,-3842,3838,-3842,3836,-3842,3836,-3843,3837,-3844,3839,-3842,3837,-3840,3835,-3837,3831,-3840,3833,-3840,3833,-3841,3832,-3842,3833,-3844,3832,-3841,3831,-3844,3832,-3845,3834,-3843,3833,-3843,3833,-3841,3832,-3842,3830,-3845,3829,-3843,3829,-3845,3830,-3843,3830,-3842,3830,-3841,3830,-3842,3832,-3841,3833,-3839,3831,-3840,3831,-3840,3831,-0.49,SJNFAAZE1U0005576,117.79,13.04,9153.92578125,79,75,0,0,0,0,15.5,99.17,-172734,100,1528029507.146,6560,2,1,0,6,0,0,0,0,4,368.36,368.36,7F,1,1,1,0080,81,40,40,0,0,19,10.25
03/06/2018 13:38:31,55 59.40535,-2 30.55496,239,0,355,701812,1144818,368.64,14.739,3848,3832,3840,16,0,109.7,43.1,104.9,40.5,none,none,95.8,35.4,-3842,3839,-3844,3838,-3846,3839,-3844,3839,-3844,3839,-3844,3840,-3845,3840,-3845,3839,-3845,3838,-3844,3838,-3846,3838,-3845,3840,-3846,3839,-3846,3838,-3845,3840,-3844,3841,-3845,3841,-3842,3842,-3844,3840,-3844,3839,-3844,3840,-3847,3841,-3844,3839,-3843,3837,-3840,3834,-3843,3837,-3843,3835,-3843,3835,-3845,3835,-3845,3835,-3844,3833,-3846,3835,-3847,3837,-3845,3836,-3846,3834,-3843,3835,-3847,3832,-3847,3832,-3847,3832,-3848,3832,-3846,3833,-3845,3835,-3842,3833,-3845,3835,-3843,3836,-3841,3834,-3843,3834,-3841,3833,-0.50,SJNFAAZE1U0005576,117.79,13.04,9153.92578125,79,75,0,0,0,0,15.5,99.17,-172734,100,1528029511.229,5520,2,0,0,0,0,0,0,0,4,368.63,368.63,7F,1,1,1,0080,81,40,40,0,0,19,5.50
03/06/2018 13:38:35,55 59.40535,-2 30.55496,239,0,355,701708,1144818,368.93,6.133,3852,3835,3843,17,0,109.7,43.1,104.9,40.5,none,none,95.8,35.4,-3846,3842,-3847,3840,-3849,3842,-3847,3841,-3847,3842,-3848,3843,-3849,3842,-3848,3842,-3849,3841,-3848,3842,-3849,3841,-3848,3844,-3850,3842,-3850,3841,-3847,3844,-3848,3843,-3849,3843,-3847,3845,-3847,3841,-3848,3841,-3848,3842,-3850,3843,-3848,3842,-3846,3840,-3843,3838,-3847,3840,-3847,3839,-3847,3838,-3848,3838,-3849,3838,-3846,3836,-3850,3838,-3851,3839,-3849,3838,-3849,3838,-3848,3839,-3848,3835,-3850,3835,-3850,3835,-3852,3836,-3849,3837,-3848,3838,-3847,3837,-3848,3839,-3847,3840,-3846,3837,-3846,3837,-3845,3836,-0.50,SJNFAAZE1U0005576,117.79,13.04,9153.92578125,79,75,0,0,0,0,15.5,99.17,-172734,100,1528029515.066,3480,2,0,0,0,0,0,0,0,4,369.02,369.02,7F,1,1,1,0080,81,40,40,0,0,19,1.75
03/06/2018 13:38:38,55 59.40535,-2 30.55496,239,0,355,701649,1144818,369.02,4.882,3852,3837,3844,15,0,109.7,43.1,104.7,40.4,none,none,95.6,35.3,3843,-3851,3841,-3849,3844,3847,3845,-3846,3843,-3848,3843,3848,3843,-3851,3842,-3850,3842,-3849,3842,-3848,3844,-3848,3843,3849,3844,-3852,3842,-3850,3842,-3849,3844,-3849,3844,3849,3844,-3849,3843,-3850,3842,-3847,3844,-3848,3845,-3850,3843,-3847,3842,-3843,3839,-3846,3841,3848,3841,-3846,3843,-3847,3841,-3848,3842,-3848,3838,3849,3840,-3849,3840,-3851,3840,-3851,3842,-3849,3839,-3848,3841,-3849,3837,-3851,3837,-3849,3839,3851,3838,-3851,3837,-3848,3838,-3848,3840,-3847,3841,3848,3839,-3845,3839,-3846,3838,-3844,-0.48,SJNFAAZE1U0005576,117.79,13.04,9153.92578125,79,75,0,0,0,0,15.5,99.17,-172734,100,1528029518.814,2840,2,0,0,0,0,0,0,0,4,369.15,369.15,7F,1,1,1,0080,81,40,40,0,0,19,2.00
03/06/2018 13:38:42,55 59.40535,-2 30.55496,239,0,355,701578,1144818,368.93,10.619,3851,3836,3843,15,0,109.7,43.1,104.7,40.4,none,none,95.8,35.4,3842,-3850,3840,-3848,3843,3847,3845,-3846,3842,3848,3842,-3849,3842,-3849,3842,-3848,3842,-3848,3842,-3848,3843,-3848,3843,-3849,3842,-3851,3842,3849,3841,-3848,3843,-3849,3843,-3847,3842,-3848,3842,3846,3842,-3846,3842,-3846,3845,-3849,3842,-3847,3841,-3844,3838,-3846,3839,-3848,3840,-3844,3840,3844,3841,-3846,3841,-3845,3837,-3847,3839,-3848,3839,3850,3838,-3848,3841,-3847,3839,-3848,3839,-3848,3838,-3849,3836,-3849,3838,-3848,3838,-3851,3836,3847,3837,-3847,3838,-3848,3840,-3847,3838,-3846,3838,3846,3837,-3843,-0.48,SJNFAAZE1U0005576,117.79,13.04,9153.92578125,79,75,0,0,0,0,15.5,99.17,-172734,100,1528029522.351,3040,2,1,0,5,0,0,0,0,4,369.04,369.04,7F,1,1,1,0080,81,40,40,0,0,19,3.75
03/06/2018 13:38:45,55 59.40535,-2 30.55496,239,0,355,701481,1144818,368.93,11.901,3851,3833,3843,18,0,109.7,43.1,104.9,40.5,none,none,95.8,35.4,3841,-3850,3838,3848,3841,3846,3846,-3847,3841,-3848,3841,-3848,3841,3850,3841,-3849,3841,-3848,3841,-3849,3841,-3849,3841,-3848,3843,-3851,3840,-3849,3841,-3848,3843,3849,3843,-3847,3842,-3848,3842,-3848,3842,-3846,3843,3847,3844,-3849,3842,-3846,3842,-3844,3839,-3846,3837,-3847,3839,-3845,3841,-3845,3840,-3847,3841,3846,3836,-3848,3837,-3851,3839,-3851,3838,-3848,3839,3849,3839,-3848,3838,-3849,3835,-3850,3834,-3850,3837,-3850,3837,-3850,3833,-3848,3837,-3848,3838,3848,3839,-3848,3837,-3846,3837,-3847,3835,-3843,-0.51,SJNFAAZE1U0005576,117.79,13.04,9153.92578125,79,75,0,0,0,0,15.5,99.17,-172734,100,1528029525.847,3960,2,0,0,0,0,0,0,0,4,369.03,369.03,7F,1,1,1,0080,81,40,40,0,0,19,7.50
03/06/2018 13:38:49,55 59.40535,-2 30.55496,239,0,355,701339,1144818,368.64,21.545,3848,3830,3840,18,0,109.7,43.1,104.7,40.4,none,none,95.6,35.3,3838,-3846,3836,-3844,3838,3843,3841,3842,3838,-3844,3838,-3845,3839,-3846,3838,-3846,3838,3844,3837,-3844,3838,-3844,3837,-3845,3839,-3846,3836,-3846,3838,-3845,3840,-3844,3839,-3844,3840,3845,3839,-3844,3838,-3843,3838,-3844,3840,-3845,3838,3844,3837,-3840,3835,-3842,3835,-3844,3835,-3842,3837,-3841,3835,-3843,3837,-3842,3833,-3845,3834,3845,3836,-3847,3834,-3845,3836,-3846,3835,-3845,3835,-3845,3832,3846,3830,-3848,3834,-3848,3833,-3847,3831,-3844,3832,3845,3835,-3844,3836,-3845,3833,-3842,3833,-3843,3832,-3839,-0.50,SJNFAAZE1U0005576,117.79,13.04,9155.53515625,79,75,0,0,0,0,15.5,99.17,-172734,100,1528029529.355,5920,2,0,0,0,0,0,0,0,4,368.70,368.70,7F,1,1,1,0080,81,40,40,0,0,19,14.75
03/06/2018 13:38:53,55 59.40535,-2 30.55496,239,0,355,701089,1144818,368.54,27.038,3846,3833,3839,13,0,109.7,43.1,104.7,40.4,none,none,95.6,35.3,3841,-3839,3842,-3837,3843,3839,3843,-3838,3844,-3839,3843,3840,3844,-3839,3844,-3839,3843,-3838,3843,-3838,3845,3838,3844,-3840,3845,-3838,3844,-3837,3843,-3839,3843,-3839,3843,-3839,3842,-3840,3843,-3838,3842,3837,3843,-3839,3844,-3840,3843,-3838,3842,-3836,3838,3834,3841,-3835,-3841,3835,-3842,-3834,-3842,3835,-3844,3834,3842,3833,3844,3834,3845,-3837,3843,-3835,3844,-3836,3842,-3835,3843,-3833,3845,-3833,3843,-3833,3846,3833,3845,-3834,3843,-3834,3841,-3833,3843,-3834,3842,3835,3839,-3833,3841,-3834,3840,-3834,-0.49,SJNFAAZE1U0005576,117.79,13.04,9155.53515625,79,75,0,0,0,0,15.5,99.17,-172734,100,1528029533.297,9240,2,0,0,0,0,0,0,0,4,368.38,368.38,7F,1,1,1,0080,81,40,40,0,0,19,2.50
03/06/2018 13:38:57,55 59.40535,-2 30.55496,239,0,355,700989,1144818,369.02,8.910,3853,3836,3844,17,0,109.4,43.0,104.7,40.4,none,none,95.6,35.3,-3847,3842,-3847,3841,-3850,3843,-3848,3843,-3848,3842,-3849,3843,-3849,3842,-3850,3842,-3849,3843,-3848,3842,-3850,3842,-3850,3843,-3849,3842,-3851,3841,-3848,3844,-3849,3844,-3848,3843,-3847,3845,-3849,3842,-3848,3842,-3849,3843,-3851,3844,-3847,3842,-3848,3840,-3845,3838,-3847,3840,-3848,3840,-3849,3839,-3848,3840,-3851,3839,-3847,3837,-3850,3839,-3852,3840,-3849,3839,-3851,3839,-3849,3839,-3849,3836,-3852,3836,-3850,3836,-3853,3837,-3852,3837,-3850,3839,-3848,3838,-3849,3839,-3848,3841,-3846,3838,-3848,3838,-3846,3838,-0.52,SJNFAAZE1U0005576,117.79,13.04,9155.53515625,79,75,0,0,0,0,15.5,99.17,-172734,100,1528029537.169,3200,2,1,0,5,0,0,0,0,4,369.07,369.07,7F,1,1,1,0080,81,40,40,0,0,19,3.00
03/06/2018 13:39:01,55 59.40535,-2 30.55496,239,0,355,700912,1144818,369.22,7.384,3852,3839,3846,13,0,109.7,43.1,104.7,40.4,none,none,95.6,35.3,-3849,3845,-3849,3843,-3850,3844,-3849,3844,-3849,3844,-3849,3845,-3850,3845,-3849,3845,-3849,3845,-3850,3845,-3849,3844,-3849,3847,-3850,3845,-3851,3844,-3849,3846,-3849,3847,-3850,3845,-3849,3847,-3847,3845,-3849,3844,-3849,3846,-3851,3848,-3849,3845,-3848,3843,-3845,3840,-3847,3844,-3847,3843,-3848,3841,-3850,3843,-3850,3841,-3849,3840,-3851,3840,-3851,3844,-3848,3842,-3850,3842,-3849,3842,-3848,3839,-3851,3839,-3850,3839,-3852,3840,-3852,3841,-3850,3839,-3848,3840,-3849,3842,-3849,3843,-3847,3841,-3849,3841,-3847,3840,-0.50,SJNFAAZE1U0005576,117.79,13.04,9155.53515625,79,75,0,0,0,0,15.5,99.17,-172734,100,1528029541.056,3040,2,0,0,6,0,0,0,0,4,369.20,369.20,7F,1,1,1,0080,81,40,40,0,0,19,1.25
03/06/2018 13:39:05,55 59.40535,-2 30.55496,239,0,355,700860,1144818,369.22,6.194,3853,3839,3846,14,0,109.4,43.0,104.7,40.4,none,none,95.6,35.3,-3849,3846,-3849,3843,-3851,3845,-3849,3844,-3850,3845,-3849,3846,-3851,3845,-3851,3845,-3850,3845,-3850,3844,-3851,3844,-3851,3846,-3850,3845,-3851,3844,-3850,3846,-3850,3847,-3850,3846,-3849,3848,-3849,3845,-3848,3844,-3850,3845,-3851,3847,-3849,3844,-3847,3843,-3847,3840,-3849,3843,-3848,3844,-3849,3841,-3850,3841,-3852,3842,-3848,3841,-3852,3841,-3852,3842,-3850,3842,-3852,3843,-3850,3842,-3850,3839,-3853,3840,-3851,3840,-3852,3843,-3851,3841,-3851,3840,-3849,3841,-3850,3842,-3850,3844,-3847,3840,-3849,3841,-3848,3840,-0.52,SJNFAAZE1U0005576,117.79,13.04,9155.53515625,79,75,0,0,0,0,15.5,99.17,-172734,100,1528029545.055,2000,2,0,0,0,0,0,0,0,4,369.33,369.33,7F,1,1,1,0080,81,40,40,0,0,19,0.00
03/06/2018 13:39:08,55 59.40535,-2 30.55496,239,0,355,700846,1144818,369.98,-11.321,3860,3846,3854,14,0,109.4,43.0,104.7,40.4,none,none,95.6,35.3,-3857,3854,-3857,3851,-3858,3853,-3856,3852,-3858,3851,-3857,3853,-3857,3852,-3858,3852,-3857,3852,-3857,3852,-3858,3852,-3858,3854,-3858,3851,-3858,3851,-3858,3853,-3857,3855,-3857,3852,-3857,3855,-3856,3851,-3856,3851,-3856,3853,-3858,3855,-3857,3853,-3857,3850,-3854,3848,-3858,3851,-3857,3851,-3857,3850,-3857,3849,-3860,3850,-3857,3848,-3859,3850,-3859,3853,-3858,3849,-3860,3850,-3857,3849,-3857,3846,-3860,3846,-3858,3848,-3860,3848,-3860,3848,-3859,3849,-3857,3848,-3858,3848,-3857,3851,-3856,3848,-3857,3849,-3855,3847,-0.50,SJNFAAZE1U0005576,117.79,13.04,9155.53515625,79,75,0,0,0,0,15.5,99.17,-172734,100,1528029548.844,0,2,0,0,0,0,0,0,0,4,369.92,369.92,7F,1,1,1,0080,81,40,40,0,0,19,-15.25
03/06/2018 13:39:12,55 59.40535,-2 30.55496,239,0,355,701066,1144818,370.85,-32.500,3872,3854,3863,18,0,109.7,43.1,104.7,40.4,none,none,95.6,35.3,3862,-3871,3859,3868,3863,3866,3863,-3865,3862,-3867,3861,-3867,3861,3868,3859,-3868,3860,-3868,3860,-3868,3862,-3867,3861,-3868,3862,-3870,3859,-3868,3861,-3866,3862,3866,3863,-3866,3862,-3867,3861,-3867,3860,-3866,3863,3868,3864,-3868,3863,-3866,3862,-3863,3860,-3866,3860,-3868,3860,-3867,3862,-3866,3860,-3867,3862,3867,3858,-3869,3858,-3869,3859,-3872,3858,-3868,3860,-3868,3858,-3868,3854,-3868,3855,-3869,3855,-3871,3856,-3870,3856,3871,3855,-3869,3857,-3868,3858,-3868,3861,-3870,3858,-3867,3859,-3868,3858,-3864,-0.51,SJNFAAZE1U0005576,117.79,13.04,9155.53515625,79,75,0,0,0,0,15.5,99.17,-172743,100,1528029552.636,0,2,1,0,11,0,0,0,0,4,370.89,370.89,7F,1,1,1,0080,81,40,40,0,0,19,-21.00
03/06/2018 13:39:16,55 59.40535,-2 30.55496,239,0,355,701231,1144818,370.08,0.091,3863,3845,3855,18,0,109.4,43.0,104.7,40.4,none,none,95.6,35.3,3853,-3862,3851,-3859,3853,3858,3855,3857,3853,-3858,3853,-3859,3852,-3861,3851,-3861,3851,3859,3852,-3859,3853,-3859,3852,-3860,3853,-3861,3851,-3860,3852,-3859,3854,-3859,3854,-3858,3853,3858,3853,-3859,3853,-3857,3854,-3858,3856,-3860,3855,3858,3852,-3856,3850,-3857,3851,-3859,3851,-3857,3853,-3857,3853,-3859,3852,-3859,3848,-3859,3850,3860,3850,-3863,3849,-3861,3851,-3861,3848,-3859,3849,-3861,3847,3861,3845,-3861,3847,-3861,3848,-3862,3845,-3860,3848,3859,3849,-3859,3852,-3860,3849,-3857,3849,-3859,3848,-3855,-0.51,SJNFAAZE1U0005576,117.78,13.04,9155.53515625,79,75,0,0,0,0,15.5,99.17,-172750,100,1528029556.297,0,2,1,0,6,0,0,0,0,4,370.12,370.12,7F,1,1,1,0080,81,40,40,0,0,19,6.00
03/06/2018 13:39:19,55 59.40535,-2 30.55496,239,0,355,701100,1144818,369.12,23.803,3853,3838,3845,15,0,109.7,43.1,104.7,40.4,none,none,95.6,35.3,3844,-3852,3842,-3851,3843,3848,3846,-3848,3843,-3849,3844,3849,3844,-3851,3843,-3851,3843,-3850,3843,-3849,3844,3850,3843,-3850,3844,-3852,3842,-3850,3843,-3849,3845,-3850,3845,-3849,3845,-3849,3844,-3849,3843,3848,3845,-3848,3846,-3850,3844,-3849,3844,-3846,3841,-3847,3841,3849,3842,-3847,3844,-3846,3842,-3847,3843,-3848,3840,3849,3841,-3851,3841,-3853,3840,-3850,3842,-3850,3841,-3849,3841,-3850,3838,-3850,3838,-3851,3839,3851,3840,-3852,3838,-3850,3840,-3848,3842,-3849,3842,3850,3839,-3848,3840,-3848,3840,-3845,-0.50,SJNFAAZE1U0005576,117.78,13.04,9155.53515625,79,75,0,0,0,0,15.5,99.17,-172750,100,1528029559.824,7160,2,0,0,0,0,0,0,0,4,369.22,369.22,7F,1,1,1,0080,81,40,40,0,0,19,13.75
03/06/2018 13:39:23,55 59.40535,-2 30.55496,239,0,355,700892,1144818,369.12,18.005,3853,3836,3845,17,0,109.4,43.0,104.7,40.4,none,none,95.6,35.3,3843,-3851,3841,-3849,3844,3848,3846,-3847,3843,-3849,3843,-3849,3844,-3852,3842,3851,3842,-3850,3842,-3849,3843,-3850,3843,-3851,3843,3853,3842,-3851,3842,-3850,3845,-3850,3845,-3849,3844,-3849,3844,-3849,3844,-3849,3843,-3848,3846,3850,3843,-3847,3842,-3845,3840,-3847,3840,-3849,3841,-3848,3843,3848,3842,-3849,3842,-3848,3840,-3851,3841,-3852,3841,3851,3840,-3851,3841,-3851,3840,-3849,3840,-3852,3837,-3851,3838,-3852,3838,-3853,3837,-3852,3836,3851,3838,-3849,3840,-3851,3841,-3851,3839,-3849,3840,3848,3838,-3845,-0.48,SJNFAAZE1U0005576,117.78,13.04,9155.53515625,79,75,0,0,0,0,15.5,99.17,-172750,100,1528029563.664,6640,2,0,0,0,0,0,0,0,4,369.20,369.20,7F,1,1,1,0080,81,40,40,0,0,19,8.75
03/06/2018 13:39:27,55 59.40535,-2 30.55496,239,0,354,700754,1144818,369.31,11.504,3854,3840,3847,14,0,109.7,43.1,104.7,40.4,none,none,95.6,35.3,3851,3848,3849,-3845,-3852,3847,-3851,-3846,-3851,3847,-3849,3848,-3851,3847,-3851,3846,-3851,3847,-3851,3845,-3851,3845,-3851,3847,-3853,3846,-3852,3845,-3850,3847,-3851,3848,-3851,3847,-3850,3848,-3850,3846,-3850,3845,3850,3846,-3852,3848,3850,-3846,3850,-3845,3847,-3843,3850,-3844,3851,-3844,3852,-3843,3851,-3843,3852,3842,3850,-3841,3853,-3842,3853,-3845,3851,-3844,3852,3843,3851,-3843,3851,-3840,3852,-3840,3852,-3840,3854,-3842,3853,-3842,3851,-3842,3850,-3842,3850,3842,3851,-3845,3848,-3842,3850,-3842,3849,-3841,-0.50,SJNFAAZE1U0005576,117.78,13.04,9155.53515625,79,75,0,0,0,0,15.5,99.17,-172750,100,1528029567.391,4880,2,0,0,0,0,0,0,0,4,369.34,369.34,7F,1,1,1,0080,81,40,40,0,0,19,3.75
03/06/2018 13:39:31,55 59.40535,-2 30.55496,239,0,354,700669,1144818,369.41,8.636,3855,3841,3848,14,0,109.7,43.1,104.7,40.4,none,none,95.6,35.3,-3851,3848,-3851,3847,-3852,3848,-3851,3848,-3852,3847,-3851,3849,-3853,3848,-3852,3848,-3851,3847,-3852,3847,-3853,3847,-3852,3849,-3853,3848,-3853,3847,-3852,3848,-3852,3850,-3852,3848,-3851,3850,-3851,3847,-3850,3846,-3853,3847,-3854,3849,-3851,3848,-3850,3846,-3849,3844,-3851,3847,-3850,3846,-3852,3844,-3852,3845,-3853,3844,-3851,3843,-3853,3844,-3855,3846,-3854,3845,-3854,3845,-3853,3845,-3853,3841,-3854,3841,-3853,3841,-3854,3843,-3854,3843,-3853,3842,-3851,3843,-3851,3845,-3852,3847,-3850,3843,-3851,3843,-3850,3843,-0.51,SJNFAAZE1U0005576,117.78,13.04,9155.53515625,79,75,0,0,0,0,15.5,99.17,-172750,100,1528029571.125,3440,2,1,0,5,0,0,0,0,4,369.50,369.50,7F,1,1,1,0080,81,40,40,0,0,19,3.75
03/06/2018 13:39:35,55 59.40535,-2 30.55496,239,0,354,700582,1144818,369.41,9.612,3854,3841,3848,13,0,109.4,43.0,104.4,40.2,none,none,95.6,35.3,-3852,3849,-3851,3847,-3853,3848,-3852,3848,-3852,3848,-3850,3848,-3852,3847,-3853,3847,-3851,3847,-3852,3846,-3853,3847,-3852,3848,-3853,3848,-3853,3847,-3852,3848,-3851,3848,-3852,3849,-3851,3849,-3851,3847,-3851,3846,-3852,3848,-3854,3850,-3850,3846,-3851,3846,-3849,3844,-3851,3846,-3852,3846,-3853,3845,-3852,3844,-3854,3844,-3852,3844,-3854,3844,-3854,3846,-3853,3844,-3854,3844,-3853,3844,-3854,3842,-3854,3842,-3853,3841,-3854,3842,-3854,3843,-3852,3843,-3852,3844,-3853,3843,-3852,3846,-3850,3843,-3852,3844,-3851,3844,-0.50,SJNFAAZE1U0005576,117.78,13.04,9155.53515625,79,75,0,0,0,0,15.5,99.17,-172750,100,1528029575.061,3440,2,0,0,0,0,0,0,0,4,369.50,369.50,7F,1,1,1,0080,81,40,40,0,0,19,3.75
03/06/2018 13:39:38,55 59.40535,-2 30.55496,239,0,354,700494,1144818,369.41,10.070,3856,3839,3848,17,0,109.4,43.0,104.4,40.2,none,none,95.4,35.2,-3852,3847,-3851,3846,-3853,3847,-3853,3846,-3851,3847,-3851,3848,-3853,3846,-3853,3847,-3853,3847,-3852,3846,-3852,3846,-3852,3848,-3853,3847,-3854,3845,-3851,3847,-3853,3849,-3852,3847,-3852,3850,-3851,3847,-3851,3846,-3852,3848,-3855,3848,-3853,3847,-3852,3845,-3849,3843,-3852,3845,-3852,3845,-3852,3844,-3853,3844,-3854,3843,-3853,3842,-3855,3842,-3856,3845,-3854,3843,-3855,3843,-3853,3844,-3854,3839,-3855,3841,-3855,3840,-3856,3841,-3855,3842,-3854,3842,-3852,3842,-3854,3844,-3853,3845,-3851,3842,-3853,3842,-3851,3842,-0.51,SJNFAAZE1U0005576,117.78,13.04,9155.53515625,79,75,0,0,0,0,15.5,99.17,-172750,100,1528029578.731,3440,2,0,0,0,0,0,0,0,4,369.49,369.49,7F,1,1,1,0080,81,40,40,0,0,19,4.25
03/06/2018 13:39:42,55 59.40535,-2 30.55496,239,0,354,700399,1144818,369.41,9.978,3856,3839,3848,17,0,109.4,43.0,104.4,40.2,none,none,95.6,35.3,-3851,3847,-3851,3845,-3853,3847,-3852,3847,-3851,3847,-3852,3847,-3853,3847,-3853,3846,-3852,3846,-3852,3847,-3853,3846,-3852,3846,-3853,3847,-3854,3845,-3852,3849,-3851,3848,-3851,3847,-3850,3849,-3851,3846,-3851,3846,-3852,3847,-3853,3849,-3851,3846,-3851,3845,-3850,3843,-3852,3845,-3850,3844,-3852,3843,-3851,3844,-3854,3843,-3853,3842,-3854,3842,-3854,3844,-3853,3842,-3855,3844,-3852,3843,-3854,3839,-3854,3840,-3854,3839,-3856,3840,-3855,3842,-3853,3842,-3852,3841,-3852,3842,-3852,3844,-3851,3841,-3851,3842,-3850,3841,-0.50,SJNFAAZE1U0005576,117.78,13.04,9155.53515625,79,75,0,0,0,0,15.5,99.17,-172750,100,1528029582.401,3440,2,0,0,0,0,0,0,0,4,369.45,369.45,7F,1,1,1,0080,81,40,40,0,0,19,4.25
03/06/2018 13:39:46,55 59.40535,-2 30.55496,239,0,354,700297,1144818,369.31,12.969,3854,3839,3847,15,0,109.4,43.0,104.4,40.2,none,none,95.6,35.3,3845,-3853,3843,-3851,3846,3850,3847,-3849,3845,-3850,3844,3850,3845,-3853,3844,-3852,3845,-3852,3844,-3851,3846,-3851,3845,3852,3846,-3853,3844,-3852,3844,-3850,3847,-3851,3847,3851,3846,-3851,3846,-3850,3844,-3849,3845,-3849,3848,-3851,3846,-3850,3845,-3846,3843,-3848,3843,3851,3844,-3850,3845,-3848,3844,-3849,3845,-3849,3840,3851,3842,-3852,3843,-3854,3842,-3851,3844,-3852,3842,-3851,3842,-3851,3841,-3851,3839,-3852,3841,3852,3840,-3853,3839,-3850,3841,-3851,3843,-3850,3844,3850,3841,-3848,3842,-3849,3840,-3845,-0.50,SJNFAAZE1U0005576,117.78,13.04,9155.53515625,79,75,0,0,0,0,15.5,99.17,-172750,100,1528029586.298,3680,2,1,0,5,0,0,0,0,4,369.35,369.35,7F,1,1,1,0080,81,40,40,0,0,19,6.25
03/06/2018 13:39:50,55 59.40535,-2 30.55496,239,0,354,700177,1144818,369.31,13.061,3854,3838,3847,16,0,109.1,42.9,104.4,40.2,none,none,95.4,35.2,3845,-3854,3843,-3851,3845,3850,3847,-3849,3844,-3851,3844,-3851,3844,-3852,3844,3852,3843,-3852,3844,-3852,3844,-3851,3844,-3852,3845,-3854,3843,3852,3844,-3851,3845,-3852,3846,-3850,3845,-3851,3844,3850,3844,-3850,3844,-3850,3848,-3852,3844,-3850,3844,-3847,3842,-3850,3842,-3851,3843,-3849,3844,3849,3843,-3850,3844,-3850,3840,-3852,3841,-3852,3842,3854,3841,-3853,3842,-3851,3840,-3851,3841,-3853,3838,-3852,3839,-3854,3839,-3854,3840,-3854,3839,3851,3841,-3852,3841,-3852,3843,-3852,3840,-3849,3841,3851,3840,-3848,-0.50,SJNFAAZE1U0005576,117.78,13.04,9155.53515625,79,75,0,0,0,0,15.5,99.17,-172750,100,1528029590.064,4000,2,0,0,6,0,0,0,0,4,369.33,369.33,7F,1,1,1,0080,81,40,40,0,0,19,6.75
03/06/2018 13:39:53,55 59.40535,-2 30.55496,239,0,354,700039,1144818,369.02,17.119,3851,3837,3844,14,0,109.4,43.0,104.4,40.2,none,none,95.4,35.2,3843,3851,3841,-3848,3844,3848,3845,-3846,3843,-3848,3843,-3848,3842,3849,3843,-3849,3842,-3848,3842,-3848,3843,-3848,3842,-3849,3843,-3850,3842,-3849,3843,-3848,3844,3848,3843,-3848,3843,-3848,3844,-3848,3842,-3847,3843,3847,3846,-3849,3843,-3847,3843,-3845,3840,-3847,3841,-3849,3842,-3847,3843,-3845,3841,-3847,3842,3847,3838,-3848,3841,-3849,3841,-3851,3840,-3848,3841,3850,3840,-3847,3840,-3849,3838,-3848,3837,-3850,3839,-3851,3838,-3850,3838,-3849,3839,-3848,3840,3847,3842,-3849,3839,-3847,3840,-3847,3838,-3845,-0.48,SJNFAAZE1U0005576,117.78,13.04,9155.53515625,79,75,0,0,0,0,15.5,99.17,-172750,100,1528029593.727,5400,2,0,0,0,0,0,0,0,4,369.12,369.12,7F,1,1,1,0080,80,40,40,0,0,19,10.00
03/06/2018 13:39:57,55 59.40535,-2 30.55496,239,0,354,699865,1144818,368.74,22.674,3849,3833,3841,16,0,109.4,43.0,104.7,40.4,none,none,95.6,35.3,3840,-3848,3838,-3845,3840,3845,3841,3844,3839,-3846,3839,-3847,3841,-3847,3839,-3847,3839,3847,3839,-3845,3840,-3846,3840,-3846,3840,-3848,3839,-3847,3839,-3845,3841,-3846,3841,-3845,3841,3846,3840,-3845,3839,-3844,3841,-3845,3842,-3846,3839,3845,3840,-3841,3837,-3844,3838,-3846,3838,-3843,3839,-3843,3838,-3845,3840,-3843,3837,-3845,3838,3847,3837,-3849,3836,-3845,3839,-3846,3838,-3845,3837,3846,3834,-3846,3834,-3847,3836,-3847,3835,-3848,3833,-3846,3836,-3845,3837,-3845,3839,-3846,3836,3843,3837,-3845,3835,-3843,-0.50,SJNFAAZE1U0005576,117.78,13.04,9155.53515625,79,75,0,0,0,0,15.5,99.17,-172750,100,1528029597.490,6680,2,0,0,0,0,0,0,0,4,368.87,368.87,7F,1,1,1,0080,81,40,40,0,0,19,13.75
03/06/2018 13:40:01,55 59.40535,-2 30.55496,239,0,354,699610,1144818,368.45,33.355,3844,3831,3838,13,0,109.4,43.0,104.4,40.2,none,none,95.4,35.2,-3840,3837,-3841,3836,3843,3837,3842,3837,3841,-3838,3841,3839,3842,-3837,3843,-3836,3842,-3837,3842,-3836,3843,3837,3842,-3838,3842,-3837,3842,-3837,3841,-3839,3842,-3839,3841,-3837,3841,-3839,3842,-3837,3840,3836,3841,-3838,3842,-3839,3841,-3837,3839,-3835,3838,3833,3840,-3834,-3839,3834,-3839,-3833,-3841,3834,-3843,3832,-3840,3833,-3843,3833,-3843,3835,-3843,3835,-3842,3833,-3840,3834,-3843,3831,-3844,3832,-3842,3831,-3844,3831,-3843,3832,-3842,3832,-3840,3831,-3842,3833,-3840,3835,-3838,3832,-3840,3833,-3839,3832,-0.50,SJNFAAZE1U0005576,117.78,13.04,9157.14453125,79,75,0,0,0,0,15.5,99.17,-172750,100,1528029601.418,9160,2,1,0,0,0,0,0,0,4,368.46,368.46,7F,1,1,1,0080,81,40,40,0,0,19,17.75
03/06/2018 13:40:05,55 59.40535,-2 30.55496,239,0,354,699317,1144818,368.45,28.014,3845,3829,3838,16,0,109.4,43.0,104.4,40.2,none,none,95.6,35.3,-3840,3837,-3841,3834,-3843,3836,-3841,3835,-3842,3836,-3841,3837,-3844,3836,-3844,3836,-3843,3835,-3842,3834,-3843,3835,-3843,3838,-3844,3835,-3845,3835,-3843,3837,-3842,3837,-3843,3836,-3841,3838,-3842,3836,-3841,3836,-3843,3836,-3845,3838,-3841,3836,-3841,3834,-3839,3831,-3841,3834,-3840,3833,-3841,3832,-3842,3832,-3843,3833,-3841,3831,-3843,3832,-3844,3833,-3842,3832,-3843,3833,-3840,3832,-3844,3829,-3845,3829,-3843,3830,-3845,3831,-3845,3831,-3843,3832,-3841,3831,-3842,3834,-3841,3834,-3839,3831,-3840,3831,-3840,3831,-0.49,SJNFAAZE1U0005576,117.78,13.04,9157.14453125,79,75,0,0,0,0,15.5,99.17,-172750,100,1528029605.235,9560,2,1,0,6,0,0,0,0,4,368.40,368.40,7F,1,1,1,0080,80,40,40,0,0,19,12.75
03/06/2018 13:40:08,55 59.40535,-2 30.55496,239,0,354,699113,1144818,368.64,17.791,3849,3834,3840,15,0,109.1,42.9,104.4,40.2,none,none,95.4,35.2,-3843,3841,-3843,3839,-3845,3840,-3843,3838,-3844,3839,-3843,3840,-3845,3840,-3845,3840,-3845,3839,-3844,3839,-3845,3838,-3844,3840,-3845,3838,-3845,3839,-3844,3840,-3843,3841,-3844,3840,-3843,3842,-3843,3840,-3842,3839,-3845,3839,-3845,3842,-3843,3839,-3843,3838,-3841,3836,-3843,3837,-3843,3837,-3844,3837,-3844,3837,-3845,3836,-3842,3835,-3846,3836,-3846,3837,-3844,3837,-3847,3837,-3844,3837,-3845,3835,-3847,3834,-3846,3835,-3849,3836,-3846,3834,-3843,3836,-3844,3837,-3845,3837,-3844,3839,-3842,3835,-3843,3834,-3841,3835,-0.50,SJNFAAZE1U0005576,117.78,13.04,9157.14453125,79,75,0,0,0,0,15.5,99.17,-172750,100,1528029608.941,6680,3,0,0,0,0,0,0,0,4,368.68,368.68,7F,1,1,1,0080,80,40,40,0,0,19,9.50
03/06/2018 13:40:12,55 59.40535,-2 30.55496,239,0,354,698964,1144818,368.83,15.838,3850,3833,3842,17,0,109.4,43.0,104.4,40.2,none,none,95.4,35.2,-3845,3840,-3846,3838,-3848,3841,-3847,3840,-3847,3841,-3846,3841,-3847,3840,-3848,3840,-3848,3840,-3846,3839,-3847,3840,-3847,3841,-3848,3839,-3848,3839,-3847,3842,-3846,3841,-3845,3841,-3846,3843,-3845,3840,-3845,3839,-3846,3840,-3850,3843,-3846,3840,-3845,3839,-3842,3835,-3846,3839,-3846,3839,-3846,3837,-3846,3837,-3849,3836,-3846,3835,-3849,3836,-3849,3838,-3847,3838,-3848,3838,-3846,3837,-3849,3833,-3849,3833,-3848,3835,-3850,3835,-3849,3835,-3848,3836,-3845,3836,-3847,3836,-3845,3840,-3845,3835,-3845,3836,-3845,3835,-0.31,SJNFAAZE1U0005576,117.78,13.28,9157.14453125,79,75,0,0,0,0,15.5,99.17,-172750,100,1528029612.579,6040,2,0,0,0,0,0,0,0,4,368.77,368.77,7F,1,1,1,0080,80,40,40,0,0,19,5.50
03/06/2018 13:40:16,55 59.40535,-2 30.55496,239,0,354,698867,1144818,369.02,10.650,3852,3836,3844,16,0,109.4,43.0,104.4,40.2,none,none,95.4,35.2,-3848,3844,-3848,3842,-3850,3843,-3848,3842,-3849,3843,-3848,3843,-3849,3843,-3849,3843,-3848,3843,-3848,3841,-3849,3843,-3849,3845,-3850,3842,-3850,3843,-3848,3844,-3848,3845,-3849,3843,-3848,3846,-3847,3842,-3847,3841,-3849,3843,-3850,3845,-3848,3843,-3846,3842,-3845,3839,-3848,3841,-3847,3840,-3849,3841,-3849,3840,-3850,3839,-3848,3837,-3852,3839,-3850,3840,-3849,3840,-3850,3839,-3849,3840,-3850,3836,-3852,3837,-3850,3836,-3852,3838,-3852,3838,-3849,3838,-3848,3838,-3849,3839,-3849,3842,-3846,3838,-3849,3839,-3847,3839,-0.29,SJNFAAZE1U0005576,117.78,13.52,9157.14453125,79,75,0,0,0,0,15.5,99.17,-172750,100,1528029616.464,3480,2,0,0,0,0,0,0,0,4,369.06,369.06,7F,1,1,1,0080,80,40,40,0,0,19,1.50
03/06/2018 13:40:20,55 59.40535,-2 30.55496,239,0,354,698814,1144818,369.31,4.272,3855,3838,3847,17,0,109.4,43.0,104.4,40.2,none,none,95.4,35.2,3845,-3854,3843,3851,3845,3850,3848,-3850,3845,-3851,3844,-3850,3845,3853,3843,-3852,3845,-3851,3844,-3851,3844,-3851,3843,-3851,3846,-3854,3844,-3853,3845,-3851,3846,3851,3847,-3851,3845,-3851,3845,-3849,3843,-3849,3846,3850,3848,-3852,3846,-3851,3844,-3848,3842,-3851,3842,-3852,3844,-3851,3845,-3849,3843,-3849,3845,3850,3841,-3853,3842,-3853,3842,-3854,3842,-3853,3844,3853,3841,-3851,3841,-3853,3838,-3853,3839,-3855,3840,-3854,3840,-3854,3838,-3853,3840,-3851,3841,3852,3844,-3852,3841,-3850,3842,-3851,3840,-3848,-0.32,SJNFAAZE1U0005576,117.78,13.84,9157.14453125,79,75,0,0,0,0,15.5,99.17,-172750,100,1528029620.273,1400,2,1,0,5,0,0,0,0,4,369.33,369.33,7F,1,1,1,0080,80,40,40,0,0,19,2.25
03/06/2018 13:40:24,55 59.40535,-2 30.55496,239,0,353,698750,1144818,369.12,10.375,3853,3836,3845,17,0,109.1,42.9,104.2,40.1,none,none,95.4,35.2,3842,-3852,3841,-3849,3844,3848,3846,3848,3844,-3850,3843,-3850,3844,-3852,3842,-3851,3843,3849,3842,-3850,3843,-3850,3843,-3851,3844,-3853,3842,-3852,3842,-3850,3845,-3850,3845,-3849,3844,3850,3844,-3850,3843,-3849,3844,-3850,3845,-3850,3844,3849,3844,-3845,3839,-3848,3841,-3850,3840,-3848,3842,-3848,3842,-3849,3842,-3849,3838,-3850,3839,3851,3840,-3853,3840,-3851,3840,-3850,3839,-3850,3839,3853,3837,-3853,3838,-3852,3838,-3852,3836,-3853,3836,-3850,3838,3850,3838,-3850,3841,-3850,3838,-3848,3839,-3848,3838,-3845,-0.32,SJNFAAZE1U0005576,117.78,14.16,9157.14453125,79,75,0,0,0,0,15.5,99.17,-172750,100,1528029624.077,2840,2,0,0,0,0,0,0,0,4,369.27,369.27,7F,1,1,1,0080,80,40,40,0,0,19,9.25
03/06/2018 13:40:28,55 59.40535,-2 30.55496,239,0,353,698548,1144818,367.10,50.323,3832,3815,3824,17,0,109.4,43.0,104.4,40.2,none,none,95.4,35.2,3821,-3832,3820,-3829,3822,3828,3825,-3828,3822,-3828,3822,3829,3823,-3831,3822,-3831,3821,-3829,3822,-3829,3822,3829,3822,-3831,3822,-3832,3820,-3831,3821,-3829,3824,-3829,3823,-3829,3823,-3829,3823,-3829,3823,3828,3823,-3827,3825,-3831,3822,-3828,3821,-3823,3818,3826,3816,-3829,3819,-3824,3821,-3825,3822,-3828,3820,-3825,3816,-3828,3818,-3831,3820,-3830,3818,3832,3821,-3829,3817,-3828,3823,-3830,3815,-3831,3816,3831,3817,-3831,3816,-3831,3815,-3829,3818,-3828,3819,-3831,3819,3828,3816,-3826,3817,-3826,3815,-3823,-0.30,SJNFAAZE1U0005576,117.78,14.32,9157.14453125,79,75,0,0,0,0,15.5,99.17,-172750,100,1528029628.026,8440,2,0,0,0,0,0,0,0,4,367.93,367.93,7F,1,1,1,0080,80,40,40,0,0,19,63.00
03/06/2018 13:40:32,55 59.40535,-2 30.55496,239,0,353,697698,1144818,366.34,73.669,3824,3806,3816,18,0,109.4,43.0,104.4,40.2,none,none,95.4,35.2,3811,-3821,3812,-3820,3813,3819,3817,-3819,3814,-3821,3814,-3820,3815,-3823,3814,3822,3813,-3821,3814,-3822,3814,-3821,3814,-3822,3814,3823,3813,-3823,3813,-3821,3816,-3821,3816,-3820,3815,-3822,3815,-3820,3815,-3820,3815,-3820,3817,3822,3814,-3819,3812,-3816,3809,-3817,3808,-3819,3810,3818,3812,-3817,3813,-3820,3812,-3817,3808,-3821,3810,-3822,3810,-3824,3809,-3822,3812,-3823,3808,3820,3814,-3822,3807,-3822,3806,-3824,3809,-3823,3809,3823,3806,-3820,3808,-3821,3810,-3822,3811,-3821,3809,-3819,3808,3818,3808,-3815,-0.32,SJNFAAZE1U0005576,117.78,14.32,9157.14453125,79,75,0,0,0,0,15.5,99.17,-172750,100,1528029632.034,24400,2,0,0,0,0,0,0,0,4,366.19,366.19,7F,1,1,1,0080,80,40,40,0,0,19,33.75
03/06/2018 13:40:36,55 59.40535,-2 30.55496,239,0,353,697129,1144818,366.53,55.510,3825,3810,3818,15,0,109.4,43.0,104.4,40.2,none,none,95.4,35.2,3819,3818,3820,-3816,-3822,3818,-3822,-3819,-3822,3818,-3822,3820,-3823,3819,-3823,3819,-3822,3819,-3821,3818,-3822,3818,-3822,3820,-3824,3818,-3823,3818,-3821,3819,-3822,3820,-3821,3819,-3821,3821,-3821,3819,-3821,3818,-3822,3818,-3823,3821,-3822,3817,-3819,3817,-3816,3813,-3818,3815,-3819,3815,-3819,3813,-3821,3815,-3821,3813,-3820,3813,-3823,3814,-3823,3816,-3822,3813,-3823,3815,-3821,3815,-3825,3810,-3822,3812,-3823,3812,-3825,3812,-3824,3814,-3821,3812,-3819,3813,-3822,3815,-3819,3815,-3818,3812,3819,-3812,-3817,3814,-0.33,SJNFAAZE1U0005576,117.78,14.32,9157.14453125,79,75,0,0,0,0,15.5,99.17,-172750,100,1528029636.140,16960,2,1,0,5,0,0,0,0,4,366.53,366.53,7F,1,1,1,0080,80,40,40,0,0,19,32.00
03/06/2018 13:40:40,55 59.40535,-2 30.55496,239,0,352,696537,1144818,365.95,65.764,3821,3803,3812,18,0,109.4,43.0,104.4,40.2,none,none,95.4,35.2,-3813,3811,-3815,3810,-3818,3813,-3818,3810,-3817,3811,-3816,3813,-3817,3812,-3818,3812,-3817,3812,-3816,3812,-3817,3811,-3818,3813,-3819,3811,-3819,3811,-3816,3814,-3817,3814,-3818,3813,-3816,3815,-3817,3811,-3816,3811,-3817,3811,-3818,3813,-3816,3811,-3814,3809,-3811,3804,-3813,3807,-3814,3807,-3814,3806,-3817,3807,-3817,3806,-3813,3804,-3819,3808,-3818,3809,-3816,3806,-3819,3808,-3816,3808,-3819,3803,-3818,3804,-3817,3805,-3821,3804,-3820,3806,-3817,3805,-3815,3806,-3818,3807,-3815,3809,-3813,3806,-3814,3806,-3813,3806,-0.34,SJNFAAZE1U0005576,117.78,14.32,9157.14453125,79,75,0,0,0,0,15.5,99.17,-172750,100,1528029640.157,18400,2,0,0,0,0,0,0,0,4,365.99,365.99,7F,1,1,1,0080,80,40,40,0,0,19,38.00
03/06/2018 13:40:43,55 59.40535,-2 30.55496,239,0,352,695900,1144818,365.86,63.537,3819,3802,3811,17,0,109.4,43.0,104.4,40.2,none,none,95.4,35.2,-3812,3810,-3814,3807,-3816,3811,-3815,3810,-3816,3810,-3814,3812,-3816,3811,-3817,3811,-3816,3810,-3816,3809,-3816,3809,-3816,3811,-3818,3810,-3817,3810,-3816,3812,-3815,3812,-3815,3811,-3815,3813,-3815,3810,-3816,3810,-3816,3810,-3816,3812,-3815,3809,-3812,3807,-3809,3803,-3811,3806,-3811,3806,-3812,3806,-3814,3806,-3816,3805,-3812,3804,-3817,3806,-3818,3807,-3816,3805,-3818,3806,-3814,3807,-3818,3802,-3816,3803,-3815,3803,-3819,3804,-3817,3803,-3814,3804,-3813,3804,-3816,3806,-3813,3806,-3810,3803,-3813,3804,-3812,3804,-0.32,SJNFAAZE1U0005576,117.78,14.32,9157.14453125,79,75,0,0,0,0,15.5,99.17,-172750,100,1528029643.930,19840,2,0,0,0,0,0,0,0,4,365.87,365.87,7F,1,1,1,0080,80,40,40,0,0,19,34.50
03/06/2018 13:40:47,55 59.40535,-2 30.55496,239,0,352,695338,1144818,365.66,65.184,3817,3801,3809,16,0,109.4,43.0,104.4,40.2,none,none,95.4,35.2,-3810,3806,-3812,3807,-3814,3808,-3814,3807,-3812,3807,-3812,3809,-3814,3808,-3815,3808,-3814,3808,-3814,3808,-3814,3809,-3815,3810,-3815,3808,-3814,3807,-3813,3809,-3813,3810,-3813,3809,-3813,3812,-3814,3809,-3812,3807,-3812,3808,-3815,3810,-3812,3807,-3810,3806,-3807,3801,-3809,3804,-3810,3804,-3811,3803,-3812,3803,-3813,3802,-3809,3802,-3815,3804,-3815,3805,-3813,3803,-3815,3805,-3813,3804,-3816,3801,-3814,3801,-3815,3801,-3817,3801,-3816,3802,-3812,3802,-3811,3803,-3814,3804,-3811,3804,-3809,3801,-3811,3802,-3809,3802,-0.33,SJNFAAZE1U0005576,117.78,14.32,9157.14453125,79,75,0,0,0,0,15.5,99.17,-172750,100,1528029647.628,19120,2,0,0,0,0,0,0,0,4,365.62,365.62,7F,1,1,1,0080,80,40,40,0,0,19,34.00
03/06/2018 13:40:51,55 59.40535,-2 30.55496,239,0,351,694792,1144818,365.66,57.677,3816,3800,3809,16,0,109.4,43.0,104.4,40.2,none,none,95.4,35.2,3806,-3815,3808,-3813,-3808,3812,-3811,3811,-3809,3814,-3808,3815,-3811,3816,-3808,3815,-3808,3814,-3808,3813,-3809,3815,-3809,3815,-3810,3816,-3808,3815,-3808,3814,-3810,3814,-3810,3813,-3810,3815,-3809,3814,-3809,3814,-3809,3812,-3810,3815,-3808,3811,-3806,3809,-3803,3809,-3803,3811,-3803,3810,-3806,3808,-3806,3811,-3806,3808,-3802,3812,-3804,3813,-3805,3815,-3803,3813,-3807,3814,-3804,3812,-3807,3813,-3802,3815,3800,-3814,3804,3814,3804,-3814,3801,-3811,3802,-3811,3805,-3813,3805,-3812,3802,3810,3803,-3810,3800,-3808,-0.32,SJNFAAZE1U0005576,117.78,14.32,9157.14453125,79,75,0,0,0,0,15.5,99.17,-172750,100,1528029651.490,18040,2,1,0,12,0,0,0,0,4,365.71,365.71,7F,1,1,1,0080,81,40,40,0,0,19,30.75
03/06/2018 13:40:55,55 59.40535,-2 30.55496,239,0,351,694249,1144818,365.66,53.435,3816,3800,3809,16,0,109.4,43.0,104.4,40.2,none,none,95.4,35.2,3806,-3815,3806,-3813,3809,3813,3811,-3813,3810,-3814,3809,3815,3809,-3816,3808,-3815,3808,-3815,3808,-3814,3809,3814,3809,-3816,3810,-3816,3808,-3816,3809,-3815,3810,-3814,3811,-3814,3809,-3815,3810,-3814,3809,3813,3809,-3813,3811,-3815,3808,-3812,3807,-3808,3803,3809,3802,-3811,3804,-3810,3805,-3810,3807,-3811,3806,-3810,3801,-3812,3805,-3815,3806,-3816,3804,3813,3806,-3814,3804,-3813,3807,-3814,3801,-3814,3802,3814,3805,-3815,3804,-3815,3800,-3813,3804,-3813,3804,-3813,3804,-3813,3803,-3810,3803,-3811,3803,3808,-0.33,SJNFAAZE1U0005576,117.78,14.32,9157.14453125,79,75,0,0,0,0,15.5,99.17,-172750,100,1528029655.263,17120,2,1,0,6,0,0,0,0,4,365.68,365.68,7F,1,1,1,0080,81,40,40,0,0,19,25.50
03/06/2018 13:40:58,55 59.40535,-2 30.55496,239,0,351,693830,1144818,365.86,49.773,3820,3801,3811,19,0,109.4,43.0,104.4,40.2,none,none,95.4,35.2,3807,-3818,3808,-3815,3810,3814,3813,-3815,3810,-3817,3810,-3817,3810,-3818,3809,3818,3809,-3817,3810,-3817,3810,-3817,3809,-3818,3811,3819,3809,-3819,3809,-3816,3812,-3818,3811,-3816,3811,-3817,3811,-3817,3809,-3816,3811,-3815,3812,3817,3809,-3815,3808,-3812,3804,-3813,3804,-3814,3805,3810,3806,-3812,3809,-3815,3807,-3813,3803,-3815,3805,-3817,3806,-3818,3805,-3817,3808,-3816,3804,3816,3809,-3818,3803,-3818,3803,-3817,3803,-3817,3803,3820,3801,-3816,3804,-3815,3806,-3817,3804,-3813,3804,-3812,3803,3814,3803,-3809,-0.33,SJNFAAZE1U0005576,117.78,14.32,9157.14453125,79,75,0,0,0,0,15.5,99.17,-172750,100,1528029658.883,14520,2,0,0,0,0,0,0,0,4,365.88,365.88,7F,1,1,1,0080,81,40,40,0,0,19,23.50
03/06/2018 13:41:02,55 59.40535,-2 30.55496,239,0,351,693435,1144818,365.95,41.961,3821,3803,3812,18,0,109.4,43.0,104.4,40.2,none,none,95.4,35.2,3808,3818,3808,-3815,3810,3817,3813,-3816,3812,-3818,3811,-3819,3812,-3820,3811,-3818,3811,-3818,3810,3817,3812,-3818,3811,-3820,3811,-3821,3810,-3820,3810,3818,3813,-3819,3812,-3817,3812,-3818,3812,-3817,3811,-3818,3812,-3816,3814,-3819,3810,-3816,3808,3813,3805,-3813,3806,-3817,3806,-3813,3809,-3814,3808,3816,3808,-3815,3804,-3817,3807,-3818,3807,-3821,3806,-3817,3809,-3818,3807,-3817,3809,-3819,3804,3820,3804,-3821,3806,-3820,3805,-3820,3803,-3817,3805,-3816,3808,3818,3808,-3816,3805,-3814,3805,-3816,3804,-3812,-0.33,SJNFAAZE1U0005576,117.78,14.32,9157.14453125,79,75,0,0,0,0,15.5,99.17,-172750,100,1528029662.517,13160,2,0,0,0,0,0,0,0,4,366.10,366.10,7F,1,1,1,0080,81,40,40,0,0,19,22.00
03/06/2018 13:41:10,55 59.40535,-2 30.55496,239,0,350,692864,1144818,369.12,-48.949,3853,3835,3845,18,0,109.4,43.0,104.4,40.2,none,none,95.4,35.2,-3848,3843,-3848,3842,-3851,3843,-3849,3842,-3848,3843,-3848,3845,-3849,3843,-3849,3842,-3849,3842,-3848,3842,-3851,3841,-3849,3844,-3849,3842,-3850,3842,-3849,3845,-3849,3844,-3848,3844,-3849,3845,-3848,3843,-3848,3842,-3850,3843,-3851,3845,-3847,3843,-3847,3841,-3845,3839,-3849,3842,-3850,3842,-3849,3839,-3849,3840,-3852,3841,-3848,3838,-3851,3839,-3852,3841,-3850,3839,-3851,3839,-3850,3841,-3847,3835,-3853,3837,-3852,3836,-3853,3837,-3852,3838,-3850,3839,-3849,3839,-3849,3838,-3849,3842,-3847,3838,-3850,3840,-3847,3839,-0.29,SJNFAAZE1U0005576,117.78,14.32,9157.14453125,79,75,0,0,0,0,15.5,99.17,-172750,100,1528029670.271,0,2,1,0,5,0,0,0,0,4,368.84,368.84,7F,1,1,1,0080,81,40,40,0,0,19,-42.50
03/06/2018 13:41:14,55 59.40535,-2 30.55496,239,0,351,692937,1144818,366.62,39.458,3825,3811,3819,14,0,109.4,43.0,104.4,40.2,none,none,95.4,35.2,-3819,3818,-3821,3817,-3823,3820,-3821,3818,-3822,3819,-3821,3820,-3823,3818,-3823,3817,-3824,3820,-3823,3818,-3824,3818,-3823,3820,-3824,3819,-3824,3818,-3822,3820,-3822,3820,-3822,3819,-3822,3821,-3822,3818,-3822,3818,-3824,3820,-3824,3821,-3821,3818,-3820,3818,-3817,3812,-3819,3815,-3820,3817,-3820,3815,-3821,3814,-3822,3815,-3821,3813,-3823,3815,-3823,3816,-3823,3815,-3824,3815,-3821,3814,-3823,3812,-3823,3811,-3822,3813,-3825,3813,-3824,3814,-3823,3814,-3819,3814,-3822,3814,-3820,3817,-3819,3813,-3820,3813,-3819,3813,-0.33,SJNFAAZE1U0005576,117.78,14.32,9158.75390625,79,75,0,0,0,0,15.5,99.17,-172753,100,1528029674.151,11720,2,0,0,0,0,0,0,0,4,366.79,366.79,7F,1,1,1,0080,81,40,40,0,0,19,22.75
03/06/2018 13:41:17,55 59.40535,-2 30.55496,239,0,350,692587,1144818,366.53,36.834,3827,3810,3818,17,0,109.4,43.0,104.4,40.2,none,none,95.4,35.2,-3821,3817,-3821,3814,-3823,3818,-3823,3817,-3823,3817,-3822,3820,-3824,3817,-3823,3816,-3822,3817,-3822,3816,-3824,3817,-3824,3819,-3825,3817,-3825,3817,-3823,3818,-3821,3818,-3823,3818,-3822,3820,-3822,3817,-3823,3817,-3823,3817,-3824,3820,-3822,3816,-3821,3815,-3819,3811,-3819,3813,-3820,3815,-3821,3813,-3821,3813,-3823,3812,-3821,3812,-3826,3811,-3826,3817,-3823,3813,-3826,3815,-3823,3814,-3823,3810,-3824,3810,-3825,3811,-3827,3811,-3826,3811,-3823,3812,-3823,3812,-3823,3813,-3822,3814,-3820,3813,-3822,3812,-3820,3811,-0.34,SJNFAAZE1U0005576,117.78,14.32,9158.75390625,79,75,0,0,0,0,15.5,99.17,-172753,100,1528029677.958,11720,2,0,0,0,0,0,0,0,4,366.61,366.61,7F,1,1,1,0080,81,40,40,0,0,19,20.75
03/06/2018 13:41:21,55 59.40535,-2 30.55496,239,0,350,692260,1144818,366.62,33.904,3827,3811,3819,16,0,109.4,43.0,104.4,40.2,none,none,95.4,35.2,-3821,3818,-3823,3816,-3825,3819,-3824,3819,-3824,3819,-3824,3819,-3825,3817,-3825,3819,-3824,3819,-3824,3817,-3826,3818,-3824,3820,-3825,3818,-3825,3818,-3823,3819,-3824,3820,-3824,3820,-3823,3821,-3823,3818,-3823,3819,-3824,3819,-3826,3821,-3823,3818,-3821,3816,-3818,3813,-3821,3815,-3821,3814,-3821,3814,-3824,3815,-3824,3813,-3822,3813,-3826,3812,-3826,3815,-3824,3814,-3825,3815,-3823,3815,-3825,3811,-3826,3811,-3825,3812,-3827,3811,-3826,3812,-3824,3812,-3821,3813,-3824,3813,-3822,3814,-3819,3813,-3821,3813,-3821,3813,-0.35,SJNFAAZE1U0005576,117.78,14.32,9158.75390625,79,75,0,0,0,0,15.5,99.17,-172753,100,1528029681.843,10960,2,0,0,0,0,0,0,0,4,366.67,366.67,7F,1,1,1,0080,81,40,40,0,0,19,19.00
03/06/2018 13:41:25,55 59.40535,-2 30.55496,239,0,350,691966,1144818,366.53,34.118,3826,3808,3818,18,0,109.4,43.0,104.4,40.2,none,none,95.4,35.2,-3814,3824,-3815,3822,-3816,3821,-3820,3821,-3816,3823,-3817,3824,-3817,3824,-3816,3825,-3815,3824,-3815,3823,-3817,3824,-3817,3824,-3816,3826,-3815,3825,3816,-3823,3818,3823,3818,-3822,3818,-3823,3818,-3823,3816,-3824,3818,-3822,3819,3824,3817,-3822,3815,-3818,3810,-3819,3812,-3821,3813,3820,3813,-3818,3815,-3820,3814,-3820,3811,-3823,3812,-3824,3813,-3825,3812,-3825,-3814,3824,3811,3822,-3814,3825,-3809,3824,-3809,3825,-3811,3826,-3810,3825,-3808,3823,-3810,3822,-3812,3823,-3811,3822,-3810,3820,-3810,3821,-3809,3817,-0.38,SJNFAAZE1U0005576,117.78,14.32,9158.75390625,79,75,0,0,0,0,15.5,99.17,-172753,100,1528029685.503,10440,2,1,0,6,0,0,0,0,4,366.50,366.50,7F,1,1,1,0080,81,40,40,0,0,19,20.25
03/06/2018 13:41:29,55 59.40535,-2 30.55496,239,0,350,691648,1144818,366.62,32.164,3826,3810,3819,16,0,109.7,43.1,104.4,40.2,none,none,95.4,35.2,3816,3824,3816,-3823,3818,3822,3820,-3821,3818,-3824,3818,-3824,3819,-3825,3818,-3825,3818,-3825,3818,3824,3817,-3824,3818,-3824,3819,-3826,3817,-3826,3818,3823,3819,-3824,3819,-3823,3819,-3823,3819,-3823,3818,-3823,3820,-3822,3820,-3824,3818,-3822,3816,3819,3812,-3820,3813,-3823,3813,-3818,3815,-3819,3818,3821,3816,-3819,3813,-3823,3814,-3824,3816,-3824,3814,-3824,3816,-3824,3815,-3822,3817,-3824,3813,-3825,3811,-3823,3813,-3824,3813,-3824,3810,-3822,3813,-3822,3814,3822,3813,-3822,3811,-3821,3812,-3821,3811,-3817,-0.60,SJNFAAZE1U0005576,117.78,14.16,9158.75390625,79,75,0,0,0,0,15.5,99.17,-172753,100,1528029689.268,10440,2,0,0,0,0,0,0,0,4,366.64,366.64,7F,1,1,1,0080,81,40,40,0,0,19,18.50
03/06/2018 13:41:33,55 59.40535,-2 30.55496,239,0,350,691365,1144818,366.43,34.820,3825,3806,3817,19,0,109.4,43.0,104.4,40.2,none,none,95.4,35.2,3813,-3824,3813,-3822,3816,3821,3820,-3820,3816,-3823,3817,-3823,3816,-3824,3815,-3823,3816,-3824,3815,-3822,3816,-3824,3817,3825,3816,-3824,3815,-3825,3816,-3823,3818,-3823,3818,3822,3818,-3823,3816,-3822,3816,-3822,3817,-3821,3819,-3824,3816,-3821,3815,-3818,3810,-3818,3811,3822,3812,-3819,3813,-3818,3814,-3820,3814,-3819,3809,-3823,3812,-3823,3813,-3825,3811,-3824,3813,-3824,3810,-3822,3813,3823,3809,-3824,3809,-3825,3809,-3825,3810,-3825,3806,-3822,3809,-3822,3811,-3822,3811,-3822,3810,3820,3811,-3820,3810,-3817,-0.74,SJNFAAZE1U0005576,117.78,13.84,9158.75390625,79,75,0,0,0,0,15.5,99.17,-172753,100,1528029693.053,10440,2,0,0,0,0,0,0,0,4,366.48,366.48,7F,1,1,1,0080,81,40,40,0,0,19,19.50
03/06/2018 13:41:37,55 59.40535,-2 30.55496,239,0,350,691059,1144818,366.53,31.646,3826,3808,3818,18,0,109.4,43.0,104.4,40.2,none,none,95.4,35.2,3814,-3826,3813,-3822,3816,3822,3819,-3821,3817,3823,3817,-3823,3817,-3824,3816,-3825,3816,-3823,3816,-3823,3817,-3823,3817,-3824,3817,-3824,3815,3824,3816,-3822,3817,-3822,3818,-3823,3818,-3823,3817,3823,3817,-3822,3818,-3821,3818,-3824,3816,-3821,3815,-3818,3811,-3819,3811,-3821,3812,-3819,3814,3819,3815,-3821,3814,-3820,3810,-3823,3812,-3825,3813,-3825,3811,3824,3814,-3825,3811,-3822,3815,-3824,3809,-3825,3810,3825,3810,-3825,3811,-3825,3808,-3824,3811,-3823,3811,-3823,3811,-3822,3811,-3820,3810,-3821,3811,3817,-0.57,SJNFAAZE1U0005576,117.78,13.52,9158.75390625,79,75,0,0,0,0,15.5,99.17,-172753,100,1528029697.026,10440,2,0,0,0,0,0,0,0,4,366.56,366.56,7F,1,1,1,0080,81,40,40,0,0,19,19.25
03/06/2018 13:41:41,55 59.40535,-2 30.55496,239,0,349,690741,1144818,366.43,32.867,3825,3807,3817,18,0,109.4,43.0,104.4,40.2,none,none,95.6,35.3,3813,-3823,3812,3822,3816,3821,3819,-3820,3817,-3823,3816,-3823,3815,3825,3815,-3823,3815,-3823,3816,-3824,3817,-3823,3815,-3824,3816,-3824,3814,-3824,3814,-3823,3817,3823,3817,-3822,3817,-3822,3817,-3821,3815,-3821,3816,3822,3818,-3823,3815,-3820,3813,-3817,3811,-3819,3811,-3820,3811,-3818,3813,-3818,3813,-3821,3813,3819,3808,-3820,3810,-3823,3813,-3824,3811,-3823,3813,3822,3811,-3822,3811,-3823,3809,-3823,3808,-3825,3811,-3823,3810,3825,3807,-3821,3809,-3821,3811,-3822,3811,-3821,3810,-3819,3810,-3821,3809,-3817,-0.54,SJNFAAZE1U0005576,117.78,13.28,9158.75390625,79,75,0,0,0,0,15.0,99.17,-172753,100,1528029701.006,10440,2,1,0,5,0,0,0,0,4,366.50,366.50,7F,1,1,1,0080,81,40,40,0,0,19,18.75
03/06/2018 13:41:44,55 59.40535,-2 30.55496,239,0,349,690437,1144818,366.43,33.080,3824,3810,3817,14,0,109.4,43.0,104.4,40.2,none,none,95.4,35.2,-3817,3816,-3820,3814,-3821,3817,-3821,3816,-3822,3817,-3821,3818,-3821,3816,-3822,3817,-3821,3817,-3821,3816,-3822,3816,-3821,3818,-3822,3817,-3821,3816,-3821,3818,-3820,3818,-3821,3817,-3820,3819,-3821,3817,-3821,3816,-3822,3817,-3823,3819,-3820,3816,-3818,3813,-3816,3811,-3818,3813,-3817,3813,-3818,3812,-3820,3813,-3822,3810,-3819,3811,-3822,3813,-3823,3816,-3820,3812,-3822,3814,-3820,3812,-3823,3810,-3822,3810,-3821,3812,-3824,3811,-3822,3811,-3820,3811,-3819,3812,-3820,3813,-3819,3814,-3817,3812,-3818,3811,-3816,3811,-0.59,SJNFAAZE1U0005576,117.78,13.04,9158.75390625,79,75,0,0,0,0,15.0,99.17,-172753,100,1528029704.743,10440,2,0,0,0,0,0,0,0,4,366.46,366.46,7F,1,1,1,0080,81,40,40,0,0,19,20.50
03/06/2018 13:41:48,55 59.40535,-2 30.55496,239,0,349,690139,1144818,366.43,34.423,3825,3807,3817,18,0,109.4,43.0,104.4,40.2,none,none,95.4,35.2,-3819,3816,-3820,3814,-3823,3815,-3821,3816,-3822,3817,-3820,3817,-3822,3817,-3821,3816,-3822,3817,-3821,3815,-3823,3815,-3823,3818,-3822,3816,-3822,3816,-3821,3817,-3821,3818,-3821,3817,-3821,3819,-3821,3816,-3821,3816,-3822,3815,-3823,3819,-3820,3816,-3820,3815,-3816,3809,-3818,3812,-3819,3811,-3819,3812,-3821,3811,-3821,3811,-3819,3808,-3823,3811,-3824,3814,-3821,3811,-3823,3811,-3821,3813,-3823,3807,-3824,3809,-3823,3808,-3825,3810,-3823,3809,-3821,3810,-3820,3811,-3822,3811,-3820,3813,-3818,3810,-3819,3810,-3819,3810,-0.54,SJNFAAZE1U0005576,117.78,13.04,9158.75390625,79,75,0,0,0,0,15.0,99.17,-172753,100,1528029708.617,10440,2,0,0,0,0,0,0,0,4,366.34,366.34,7F,1,1,1,0080,81,40,40,0,0,19,19.75
03/06/2018 13:41:52,55 59.40535,-2 30.55496,239,0,349,689819,1144818,366.24,31.585,3823,3806,3815,17,0,109.4,43.0,104.4,40.2,none,none,95.4,35.2,-3816,3813,-3819,3812,-3820,3814,-3820,3814,-3820,3815,-3819,3816,-3821,3814,-3820,3814,-3820,3815,-3819,3813,-3820,3814,-3820,3816,-3822,3814,-3821,3812,-3820,3817,-3819,3816,-3819,3814,-3819,3817,-3820,3815,-3819,3813,-3820,3815,-3821,3815,-3818,3813,-3817,3812,-3814,3808,-3816,3810,-3817,3810,-3817,3809,-3819,3809,-3819,3809,-3818,3808,-3821,3809,-3822,3811,-3819,3808,-3820,3811,-3819,3811,-3820,3806,-3822,3807,-3821,3807,-3823,3809,-3821,3808,-3819,3808,-3818,3808,-3819,3808,-3818,3812,-3815,3807,-3818,3808,-3816,3808,-0.54,SJNFAAZE1U0005576,117.78,13.04,9158.75390625,79,75,0,0,0,0,15.0,99.17,-172753,100,1528029712.659,10440,2,0,0,0,0,0,0,0,4,366.35,366.35,7F,1,1,1,0080,81,40,40,0,0,19,19.75
03/06/2018 13:41:56,55 59.40535,-2 30.55496,239,0,349,689474,1144818,366.14,34.667,3821,3806,3814,15,0,109.4,43.0,104.4,40.2,none,none,95.4,35.2,-3815,3813,-3816,3812,-3818,3814,-3818,3813,-3817,3813,-3817,3814,-3818,3814,-3818,3813,-3818,3814,-3818,3812,-3818,3813,-3818,3815,-3819,3813,-3819,3813,-3818,3815,-3818,3815,-3818,3814,-3817,3816,-3819,3813,-3818,3813,-3819,3814,-3820,3816,-3817,3812,-3815,3810,-3814,3808,-3813,3810,-3814,3810,-3815,3809,-3816,3810,-3818,3808,-3816,3807,-3819,3809,-3820,3811,-3818,3810,-3819,3810,-3819,3810,-3818,3806,-3819,3807,-3818,3808,-3821,3808,-3819,3809,-3818,3809,-3817,3809,-3818,3809,-3816,3810,-3815,3807,-3816,3808,-3813,3808,-0.55,SJNFAAZE1U0005576,117.78,13.04,9158.75390625,79,75,0,0,0,0,15.0,99.17,-172753,100,1528029716.542,10920,2,1,0,5,0,0,0,0,4,366.30,366.30,7F,1,1,1,0080,81,40,40,0,0,19,21.00
03/06/2018 13:42:00,55 59.40535,-2 30.55496,239,0,349,689168,1144818,366.14,33.965,3822,3806,3814,16,0,109.4,43.0,104.4,40.2,none,none,95.4,35.2,3810,-3820,3811,-3817,3814,3819,3817,-3818,3814,-3819,3813,-3819,3814,-3819,3813,-3821,3813,-3820,3814,-3819,3814,-3820,3813,3819,3814,-3821,3813,-3821,3813,-3819,3816,-3820,3815,3819,3814,-3820,3815,-3819,3814,-3818,3815,-3818,3816,-3820,3813,-3818,3812,-3815,3808,-3815,3809,3817,3809,-3816,3810,-3814,3811,-3817,3812,-3817,3807,3818,3809,-3820,3811,-3821,3809,-3819,-3812,-3819,3809,-3819,-3811,3818,-3807,3819,3807,-3820,3809,3820,3808,-3822,3806,-3819,3809,-3819,3810,-3818,3810,-3818,3807,3815,3809,-3817,3807,-3814,-0.55,SJNFAAZE1U0005576,117.78,13.04,9158.75390625,79,75,0,0,0,0,15.0,99.17,-172753,100,1528029720.037,10920,2,0,0,0,0,0,0,0,4,366.23,366.23,7F,1,1,1,0080,81,40,40,0,0,19,20.00
03/06/2018 13:42:03,55 59.40535,-2 30.55496,239,0,348,688887,1144818,366.24,33.080,3823,3806,3815,17,0,109.4,43.0,104.4,40.2,none,none,95.4,35.2,3813,-3822,3812,-3820,3814,3819,3817,-3819,3813,3822,3813,-3821,3813,-3822,3812,-3822,3813,-3820,3813,-3821,3814,-3821,3814,-3822,3815,-3823,3812,3821,3813,-3821,3815,-3820,3815,-3820,3815,-3821,3815,3820,3814,-3819,3815,-3819,3816,-3823,3813,-3819,3812,-3815,3808,-3817,3809,-3820,3810,-3816,3811,-3817,3812,-3819,3811,-3817,3809,-3819,3808,-3822,3810,-3822,3809,3822,3811,-3821,3809,-3820,3812,-3822,3806,-3823,3807,3822,3808,-3821,3808,-3822,3806,-3820,3808,-3819,3809,-3820,3809,-3818,3808,-3818,3808,-3819,3807,3814,-0.52,SJNFAAZE1U0005576,117.78,13.04,9158.75390625,79,75,0,0,0,0,15.0,99.17,-172753,100,1528029723.517,10920,2,0,0,0,0,0,0,0,4,366.25,366.25,7F,1,1,1,0080,81,40,40,0,0,19,19.00
03/06/2018 13:42:07,55 59.40535,-2 30.55496,239,0,348,688591,1144818,366.24,32.866,3824,3805,3815,19,0,109.4,43.0,104.4,40.2,none,none,95.4,35.2,3811,-3822,3812,3819,3814,3819,3817,-3818,3814,-3821,3814,-3821,3814,3822,3813,-3822,3813,-3821,3813,-3821,3815,-3821,3814,-3822,3814,-3823,3811,-3822,3813,-3820,3815,3821,3814,-3820,3815,-3820,3815,-3819,3813,-3820,3815,3819,3817,-3821,3814,-3819,3812,-3815,3808,-3817,3808,-3819,3809,3815,3810,-3816,3812,-3819,3812,-3819,3807,-3819,3809,-3822,3811,-3823,3809,-3821,3811,-3821,3809,3820,3810,-3821,3807,-3822,3806,-3822,3808,-3822,3808,3824,3805,-3820,3807,-3819,3810,-3820,3809,-3818,3807,-3817,3807,-3818,3808,-3814,-0.51,SJNFAAZE1U0005576,117.78,13.04,9158.75390625,79,75,0,0,0,0,15.0,99.17,-172753,100,1528029727.436,10360,2,0,0,0,0,0,0,0,4,366.22,366.22,7F,1,1,1,0080,81,40,40,0,0,19,19.25
03/06/2018 13:42:11,55 59.40535,-2 30.55496,239,0,348,688284,1144818,366.24,32.714,3823,3805,3815,18,0,109.4,43.0,104.4,40.2,none,none,95.4,35.2,3811,-3822,3811,-3818,3813,3819,3816,3818,3814,-3820,3814,-3820,3814,-3822,3812,-3821,3812,3821,3813,-3820,3814,-3820,3813,-3821,3814,-3822,3812,-3821,3813,-3820,3815,-3820,3814,-3820,3815,3820,3815,-3819,3813,-3819,3815,-3820,3815,-3821,3813,3818,3812,-3815,3807,-3816,3809,-3819,3809,-3815,3811,-3815,3812,3819,3811,-3817,3807,-3818,3809,-3821,3809,-3822,3809,-3820,3810,-3820,3809,-3820,3810,-3821,3807,3821,3805,-3822,3807,-3823,3807,-3822,3806,-3819,3807,3819,3809,-3818,3810,-3818,3808,-3817,3808,-3818,3806,-3814,-0.52,SJNFAAZE1U0005576,117.78,13.04,9158.75390625,79,75,0,0,0,0,15.0,99.17,-172753,100,1528029731.213,10360,2,1,0,5,0,0,0,0,4,366.27,366.27,7F,1,1,1,0080,81,40,40,0,0,19,20.25
03/06/2018 13:42:14,55 59.40535,-2 30.55496,239,0,348,687987,1144818,366.14,34.087,3822,3804,3814,18,0,109.4,43.0,104.4,40.2,none,none,95.4,35.2,3810,-3820,3809,-3819,3812,3818,3815,-3818,3812,-3820,3812,3820,3812,-3821,3812,-3820,3812,-3819,3811,-3819,3813,3820,3813,-3820,3814,-3822,3811,-3821,3811,-3819,3814,-3819,3813,-3818,3815,-3820,3814,-3818,3812,-3818,3813,-3818,3814,-3820,3811,-3817,3811,-3814,3807,-3815,3807,3817,3810,-3816,3810,-3815,3811,-3818,3811,-3816,3806,3819,3808,-3820,3808,-3821,3808,-3820,3811,-3821,3808,-3818,3808,-3820,3806,-3821,3805,-3822,3807,3821,3806,-3822,3804,-3818,3807,-3819,3810,-3819,3809,3819,3807,-3817,3807,-3817,3806,-3813,-0.52,SJNFAAZE1U0005576,117.78,13.04,9158.75390625,79,75,0,0,0,0,15.0,99.17,-172753,100,1528029734.814,10720,2,1,0,6,0,0,0,0,4,366.05,366.05,7F,1,1,1,0080,81,40,40,0,0,19,18.00
03/06/2018 13:42:18,55 59.40535,-2 30.55496,239,0,348,687704,1144818,366.24,31.646,3823,3805,3815,18,0,109.4,43.0,104.4,40.2,none,none,95.4,35.2,-3816,3812,-3819,3812,-3820,3812,-3819,3813,-3818,3813,-3819,3815,-3820,3813,-3821,3813,-3820,3813,-3820,3813,-3822,3813,-3820,3814,-3821,3813,-3822,3812,-3820,3814,-3819,3815,-3819,3814,-3819,3815,-3819,3813,-3819,3813,-3820,3812,-3821,3816,-3819,3813,-3818,3811,-3814,3807,-3817,3810,-3817,3809,-3817,3809,-3819,3809,-3820,3808,-3817,3807,-3821,3809,-3822,3810,-3821,3810,-3821,3811,-3819,3810,-3822,3805,-3822,3806,-3821,3808,-3823,3807,-3822,3808,-3820,3808,-3817,3809,-3819,3810,-3817,3810,-3815,3808,-3817,3808,-3817,3807,-0.49,SJNFAAZE1U0005576,117.78,13.04,9158.75390625,79,75,0,0,0,0,15.0,99.17,-172753,100,1528029738.566,10160,2,0,0,0,0,0,0,0,4,366.15,366.15,7F,1,1,1,0080,81,40,40,0,0,19,19.75
03/06/2018 13:42:22,55 59.40535,-2 30.55496,239,0,348,687395,1144818,365.95,35.735,3820,3803,3812,17,0,109.4,43.0,104.4,40.2,none,none,95.4,35.2,-3814,3810,-3815,3809,-3817,3814,-3816,3811,-3818,3812,-3817,3813,-3816,3812,-3817,3811,-3817,3812,-3817,3811,-3818,3811,-3818,3813,-3819,3810,-3818,3810,-3816,3813,-3817,3812,-3816,3812,-3817,3814,-3815,3812,-3817,3811,-3817,3812,-3818,3813,-3816,3811,-3813,3809,-3811,3805,-3813,3808,-3814,3809,-3814,3806,-3815,3808,-3816,3807,-3814,3806,-3818,3806,-3819,3809,-3818,3805,-3818,3808,-3818,3809,-3816,3803,-3819,3803,-3817,3805,-3820,3804,-3819,3805,-3818,3804,-3815,3806,-3817,3805,-3814,3809,-3812,3805,-3813,3806,-3812,3805,-0.53,SJNFAAZE1U0005576,117.78,13.04,9158.75390625,79,75,0,0,0,0,15.0,99.17,-172753,100,1528029742.171,11000,2,0,0,0,0,0,0,0,4,366.05,366.05,7F,1,1,1,0080,81,40,40,0,0,11,18.50
03/06/2018 13:42:26,55 59.40535,-2 30.55496,239,0,348,687086,1144818,365.95,36.254,3818,3804,3812,14,0,109.4,43.0,104.4,40.2,none,none,95.4,35.2,-3812,3811,-3815,3810,-3817,3812,-3816,3811,-3816,3812,-3815,3812,-3816,3811,-3817,3811,-3816,3812,-3816,3811,-3817,3811,-3817,3813,-3818,3812,-3817,3811,-3816,3813,-3816,3814,-3816,3812,-3816,3815,-3816,3812,-3815,3811,-3817,3812,-3817,3814,-3815,3811,-3813,3810,-3810,3805,-3813,3808,-3814,3807,-3813,3807,-3816,3808,-3817,3807,-3812,3805,-3817,3807,-3818,3808,-3815,3808,-3817,3808,-3815,3808,-3817,3804,-3817,3805,-3816,3805,-3818,3805,-3817,3806,-3816,3806,-3813,3805,-3815,3809,-3814,3808,-3812,3806,-3813,3806,-3813,3805,0.48,SJNFAAZE1U0005576,117.78,13.04,9158.75390625,79,75,0,0,0,0,15.0,99.17,-172753,100,1528029746.114,10360,3,0,0,0,0,0,0,0,4,365.98,365.98,7F,1,1,1,0080,81,40,40,0,0,19,22.50
03/06/2018 13:42:30,55 59.40535,-2 30.55496,239,0,347,686767,1144818,365.95,31.310,3818,3804,3812,14,0,109.4,43.0,104.4,40.2,none,none,95.4,35.2,-3813,3811,-3813,3808,-3816,3812,-3815,3811,-3815,3811,-3815,3813,-3815,3812,-3816,3811,-3816,3811,-3816,3811,-3816,3812,-3816,3812,-3817,3812,-3817,3811,-3816,3812,-3815,3813,-3816,3812,-3814,3815,-3815,3812,-3815,3811,-3816,3813,-3816,3814,-3814,3810,-3813,3809,-3810,3805,-3812,3808,-3813,3806,-3813,3807,-3815,3807,-3814,3806,-3814,3805,-3817,3807,-3817,3809,-3815,3808,-3818,3808,-3815,3808,-3818,3806,-3817,3805,-3817,3804,-3818,3805,-3818,3807,-3815,3806,-3815,3806,-3816,3809,-3813,3808,-3812,3805,-3813,3807,-3811,3805,-0.08,SJNFAAZE1U0005576,117.78,13.44,9160.36328125,79,75,0,0,0,0,15.0,99.17,-172753,100,1528029750.041,9600,2,1,0,6,0,0,0,0,4,366.16,366.16,7F,1,1,1,0080,81,40,40,0,0,19,20.00
03/06/2018 13:42:34,55 59.40535,-2 30.55496,239,0,347,686461,1144818,366.05,30.822,3822,3803,3813,19,0,109.4,43.0,104.2,40.1,none,none,95.4,35.2,3809,-3818,3809,3817,3812,3817,3814,-3816,3811,-3819,3812,-3819,3812,3820,3811,-3819,3812,-3820,3811,-3818,3812,-3818,3812,-3819,3813,-3820,3809,-3820,3811,-3818,3814,3818,3813,-3817,3813,-3819,3812,-3819,3812,-3818,3813,-3818,3814,3819,3812,-3816,3809,-3814,3806,-3814,3806,-3816,3807,3815,3808,-3813,3809,-3816,3809,-3814,3805,-3817,3807,-3819,3808,-3822,3807,-3819,3809,-3819,3806,3818,3807,-3819,3805,-3820,3803,-3820,3805,-3819,3805,3821,3804,-3816,3805,-3818,3806,-3817,3807,-3816,3804,-3814,3806,-3816,3805,-3813,-0.26,SJNFAAZE1U0005576,117.78,13.76,9160.36328125,79,75,0,0,0,0,15.0,99.17,-172753,100,1528029754.222,10000,2,0,0,0,0,0,0,0,4,366.01,366.01,7F,1,1,1,0080,81,40,40,0,0,19,-9.25
03/06/2018 13:42:38,55 59.40535,-2 30.55496,239,0,347,686857,1144818,369.31,3.051,3853,3839,3847,14,0,109.1,42.9,104.2,40.1,none,none,95.2,35.1,3847,-3853,3844,-3850,3847,3849,3847,3847,3846,-3849,3845,-3850,3846,-3852,3844,-3851,3844,3850,3843,-3849,3845,-3850,3845,-3850,3846,-3853,3844,-3851,3845,-3850,3846,-3850,3846,-3849,3846,3849,3846,-3849,3845,-3849,3846,-3850,3849,-3851,3846,-3850,3846,3847,3844,-3850,3845,-3850,3844,-3849,3846,-3849,3844,3849,3846,-3849,3844,-3851,3844,-3852,3843,-3852,3843,-3850,3844,-3851,3843,-3849,3840,-3852,3842,3851,3841,-3852,3840,-3852,3841,-3853,3839,-3850,3841,3850,3842,-3851,3845,-3852,3842,-3848,3842,-3850,3841,-3846,-0.30,SJNFAAZE1U0005576,117.78,14.08,9160.36328125,79,75,0,0,0,0,15.0,99.17,-172769,100,1528029758.088,0,2,0,0,0,0,0,0,0,4,367.95,367.95,7F,1,1,1,0080,81,40,40,0,0,19,-78.00
03/06/2018 13:42:42,55 59.40535,-2 30.55496,239,0,347,686599,1144818,364.70,98.260,3809,3789,3799,20,0,109.4,43.0,104.4,40.2,none,none,95.4,35.2,3795,-3805,3796,-3803,3799,3805,3800,-3803,3797,-3805,3797,3806,3799,-3808,3798,-3807,3798,-3808,3798,-3806,3799,3805,3799,-3807,3800,-3808,3797,-3808,3797,-3806,3800,-3805,3800,-3804,3800,-3807,3800,-3804,3799,3805,3800,-3805,3801,-3805,3797,-3803,3795,-3800,3792,-3800,3792,3802,3793,-3801,3794,-3799,3794,-3803,3796,-3801,3790,3804,3793,-3806,3795,-3808,3793,-3803,3796,-3805,3792,-3805,3797,-3805,3791,-3806,3790,-3807,3792,3806,3792,-3809,3789,-3805,3791,-3804,3794,-3803,3793,3803,3791,-3801,3791,-3802,3791,-3799,-0.32,SJNFAAZE1U0005576,117.78,14.32,9160.36328125,79,75,0,0,0,0,15.0,99.17,-172769,100,1528029762.057,30360,2,0,0,0,0,0,0,0,4,364.68,364.68,7F,1,1,1,0080,81,40,40,0,0,19,62.75
03/06/2018 13:42:45,55 59.40535,-2 30.55496,239,0,347,685874,1144818,364.90,26.244,3809,3792,3801,17,0,109.4,43.0,104.4,40.2,none,none,95.2,35.1,3797,-3806,3796,-3804,3801,3806,3802,-3804,3801,-3806,3801,-3807,3802,-3808,3800,3807,3800,-3808,3800,-3806,3802,-3806,3801,-3807,3801,3808,3800,-3807,3800,-3808,3802,-3806,3802,-3806,3803,-3806,3800,-3806,3800,-3805,3802,-3806,3803,3807,3800,-3804,3798,-3801,3795,-3801,3794,-3803,3795,-3801,3797,3801,3797,-3805,3798,-3802,3793,-3804,3796,-3807,3797,3809,3796,-3806,3799,-3807,3797,-3805,3797,-3805,3794,-3806,3793,-3807,3796,-3806,3795,-3808,3792,3805,3794,-3805,3796,-3803,3795,-3805,3794,-3803,3795,3804,3794,-3800,-0.32,SJNFAAZE1U0005576,117.78,14.32,9160.36328125,79,75,0,0,0,0,15.0,99.17,-172769,100,1528029765.920,3360,2,1,0,6,0,0,0,0,4,366.02,366.02,7F,1,1,1,0080,81,40,40,0,0,19,75.50
03/06/2018 13:42:49,55 59.40535,-2 30.55496,239,0,347,685042,1144818,363.94,76.690,3800,3782,3791,18,0,109.4,43.0,104.2,40.1,none,none,95.2,35.1,3792,3789,3794,-3788,-3797,3791,-3796,-3790,-3795,3792,-3796,3793,-3796,3792,-3798,3791,-3798,3792,-3797,3791,-3798,3790,-3797,3793,-3798,3791,-3798,3790,-3797,3794,-3797,3794,-3795,3793,-3796,3794,-3796,3791,-3797,3791,-3797,3792,-3797,3793,3794,-3790,3793,3788,3790,-3783,3791,-3785,3791,-3786,3793,-3785,3794,-3787,3795,3785,3791,-3783,3798,-3786,3799,-3789,3796,-3785,3799,3786,3796,-3787,3798,-3782,3797,-3783,3796,-3784,3800,-3784,3798,-3785,3795,-3784,3794,-3784,3798,3785,3794,-3786,3792,-3784,3793,-3785,3793,-3784,-0.30,SJNFAAZE1U0005576,117.78,14.32,9160.36328125,79,75,0,0,0,0,15.0,99.17,-172769,100,1528029769.547,25400,2,0,0,0,0,0,0,0,4,363.95,363.95,7F,1,1,1,0080,81,40,40,0,0,19,37.75
03/06/2018 13:42:53,55 59.40535,-2 30.55496,239,0,346,684502,1144818,365.28,32.348,3813,3796,3805,17,0,109.4,43.0,104.4,40.2,none,none,95.4,35.2,-3806,3802,-3807,3801,-3811,3804,-3809,3803,-3810,3805,-3809,3804,-3810,3804,-3810,3804,-3810,3805,-3809,3805,-3811,3803,-3812,3806,-3812,3804,-3811,3803,-3809,3805,-3809,3806,-3809,3806,-3809,3807,-3809,3804,-3809,3804,-3809,3804,-3811,3807,-3808,3803,-3807,3801,-3804,3798,-3806,3800,-3806,3799,-3807,3798,-3809,3800,-3809,3798,-3806,3798,-3811,3799,-3811,3801,-3810,3801,-3811,3800,-3809,3800,-3810,3796,-3812,3796,-3811,3797,-3813,3798,-3812,3798,-3809,3798,-3806,3798,-3809,3799,-3806,3800,-3804,3798,-3806,3799,-3806,3797,-0.38,SJNFAAZE1U0005576,117.78,14.32,9160.36328125,79,75,0,0,0,0,15.0,99.17,-172769,100,1528029773.165,11680,2,0,0,0,0,0,0,0,4,365.19,365.19,7F,1,1,1,0080,81,40,40,0,0,19,16.75
03/06/2018 13:42:56,55 59.40535,-2 30.55496,239,0,346,684249,1144818,365.47,29.967,3815,3798,3807,17,0,109.4,43.0,104.4,40.2,none,none,95.4,35.2,-3809,3806,-3811,3804,-3812,3808,-3811,3806,-3812,3807,-3811,3808,-3813,3807,-3812,3807,-3813,3807,-3812,3805,-3813,3806,-3812,3808,-3813,3807,-3814,3805,-3812,3808,-3813,3808,-3811,3808,-3810,3810,-3812,3807,-3811,3807,-3813,3807,-3813,3809,-3811,3806,-3809,3804,-3806,3801,-3808,3802,-3809,3802,-3810,3802,-3811,3802,-3812,3801,-3810,3800,-3815,3802,-3814,3804,-3812,3802,-3815,3801,-3813,3802,-3814,3798,-3813,3800,-3813,3800,-3815,3799,-3814,3800,-3812,3801,-3811,3801,-3813,3803,-3810,3803,-3808,3801,-3810,3801,-3808,3800,-0.33,SJNFAAZE1U0005576,117.78,14.32,9160.36328125,79,75,0,0,0,0,15.0,99.17,-172769,100,1528029776.806,9480,2,0,0,0,0,0,0,0,4,365.50,365.50,7F,1,1,1,0080,81,40,40,0,0,19,16.75
03/06/2018 13:43:00,55 59.40535,-2 30.55496,239,0,346,683995,1144818,365.66,29.479,3818,3801,3809,17,0,109.4,43.0,104.4,40.2,none,none,95.4,35.2,-3810,3808,-3812,3805,-3814,3807,-3813,3807,-3813,3808,-3812,3810,-3814,3808,-3814,3808,-3814,3807,-3813,3807,-3814,3807,-3814,3809,-3815,3807,-3815,3807,-3813,3808,-3813,3810,-3813,3809,-3813,3810,-3814,3809,-3812,3809,-3814,3808,-3815,3809,-3812,3807,-3810,3805,-3809,3802,-3810,3804,-3810,3802,-3812,3803,-3815,3804,-3814,3803,-3810,3801,-3816,3803,-3816,3804,-3815,3804,-3816,3804,-3813,3804,-3816,3801,-3816,3801,-3816,3801,-3818,3801,-3817,3801,-3813,3801,-3813,3802,-3814,3803,-3812,3804,-3810,3802,-3812,3802,-3810,3802,-0.29,SJNFAAZE1U0005576,117.78,14.32,9160.36328125,79,75,0,0,0,0,15.0,99.17,-172769,100,1528029780.720,8840,2,1,0,5,0,0,0,0,4,365.66,365.66,7F,1,1,1,0080,82,40,40,0,0,19,14.00
03/06/2018 13:43:04,55 59.40535,-2 30.55496,239,0,346,683750,1144818,365.95,22.704,3819,3804,3812,15,0,109.4,43.0,104.4,40.2,none,none,95.4,35.2,-3813,3811,-3815,3811,-3816,3812,-3816,3811,-3816,3811,-3815,3812,-3816,3811,-3816,3811,-3816,3811,-3816,3811,-3817,3810,-3816,3812,-3818,3810,-3818,3811,-3816,3813,-3816,3812,-3817,3812,-3816,3813,-3816,3811,-3816,3811,-3816,3812,-3817,3813,-3815,3812,-3814,3808,-3812,3805,-3813,3808,-3812,3808,-3814,3807,-3816,3807,-3815,3806,-3813,3806,-3817,3807,-3817,3808,-3816,3808,-3818,3809,-3815,3808,-3818,3804,-3817,3804,-3817,3804,-3819,3806,-3818,3806,-3816,3806,-3814,3807,-3815,3809,-3814,3808,-3812,3806,-3814,3806,-3812,3806,-0.34,SJNFAAZE1U0005576,117.78,14.32,9160.36328125,79,75,0,0,0,0,15.0,99.17,-172769,100,1528029784.399,7440,2,0,0,0,0,0,0,0,4,365.94,365.94,7F,1,1,1,0080,82,40,40,0,0,19,12.50
03/06/2018 13:43:08,55 59.40535,-2 30.55496,239,0,346,683576,1144818,367.30,-3.387,3834,3819,3826,15,0,109.4,43.0,104.4,40.2,none,none,95.4,35.2,3824,-3833,3823,-3830,3826,3830,3828,-3829,3825,-3831,3825,-3831,3825,-3832,3825,-3831,3824,-3830,3825,-3830,3825,-3831,3825,3831,3826,-3834,3825,-3833,3825,-3830,3826,-3831,3826,3830,3827,-3831,3827,-3831,3825,-3830,3826,-3831,3827,-3832,3826,-3829,3825,-3826,3821,-3828,3823,3830,3823,-3827,3823,-3828,3826,-3829,3824,-3828,3822,3829,3822,-3831,3823,-3833,3822,-3832,3823,-3829,3822,-3830,3823,-3832,3821,-3832,3821,-3830,3820,3832,3820,-3832,3819,-3831,3820,-3830,3822,-3832,3822,3830,3820,-3829,3821,-3829,3819,-3825,-0.38,SJNFAAZE1U0005576,117.78,14.32,9160.36328125,79,75,0,0,0,0,15.0,99.17,-172769,100,1528029788.008,5120,2,0,0,0,0,0,0,0,4,366.74,366.74,7F,1,1,1,0080,82,40,40,0,0,19,-20.00
03/06/2018 13:43:11,55 59.40535,-2 30.55496,239,0,346,683931,1144818,369.02,-58.440,3850,3835,3844,15,0,109.4,43.0,104.4,40.2,none,none,95.4,35.2,3843,-3850,3841,-3847,3843,3846,3844,-3845,3842,3847,3843,-3847,3842,-3848,3841,-3848,3842,-3847,3841,-3847,3844,-3847,3842,-3847,3842,-3849,3841,3849,3842,-3846,3843,-3848,3844,-3846,3842,-3847,3843,3846,3842,-3845,3843,-3846,3845,-3849,3843,-3847,3842,-3843,3840,-3847,3842,-3847,3841,-3846,3843,3845,3842,-3846,3843,-3847,3838,-3848,3840,-3848,3840,3850,3840,-3848,3841,-3848,3840,-3848,3835,-3849,3838,-3848,3837,-3848,3839,-3849,3839,-3850,3837,3848,3839,-3846,3839,-3846,3842,-3848,3840,-3846,3840,-3846,3838,3843,-0.36,SJNFAAZE1U0005576,117.78,14.32,9160.36328125,79,75,0,0,0,0,15.0,99.17,-172784,100,1528029791.724,0,2,0,0,0,0,0,0,0,4,369.23,369.23,7F,1,1,1,0080,82,40,40,0,0,19,-16.00
03/06/2018 13:43:15,55 59.40535,-2 30.55496,239,0,346,684063,1144818,367.49,3.967,3836,3818,3828,18,0,109.4,43.0,104.4,40.2,none,none,95.4,35.2,3825,-3835,3824,3833,3826,3832,3830,-3831,3826,-3833,3826,-3833,3826,3835,3825,-3834,3825,-3833,3825,-3833,3826,-3833,3826,-3834,3827,-3836,3825,-3835,3826,-3833,3827,3832,3827,-3833,3826,-3833,3828,-3833,3827,-3832,3827,3832,3829,-3833,3825,-3831,3826,-3827,3823,-3832,3824,-3833,3824,-3831,3825,-3830,3826,-3833,3825,3831,3823,-3834,3823,-3835,3824,-3836,3822,-3834,3824,3835,3822,-3833,3823,-3835,3819,-3836,3820,-3836,3821,-3835,3822,3836,3818,-3832,3822,-3833,3823,-3832,3824,-3833,3821,-3830,3821,-3831,3821,-3829,-0.52,SJNFAAZE1U0005576,117.78,14.32,9160.36328125,79,75,0,0,0,0,15.0,99.17,-172789,100,1528029795.301,560,3,1,0,5,0,0,0,0,4,367.56,367.56,7F,1,1,1,0080,82,40,40,0,0,19,6.00
03/06/2018 13:43:18,55 59.40535,-2 30.55496,239,0,346,683953,1144818,367.68,3.020,3837,3823,3830,14,0,109.4,43.0,104.4,40.2,none,none,95.4,35.2,3829,-3837,3827,-3834,3829,3833,3831,3833,3828,-3834,3829,-3835,3828,-3835,3828,-3835,3828,3834,3828,-3834,3829,-3834,3829,-3835,3828,-3836,3828,-3836,3828,-3835,3830,-3834,3830,-3833,3829,3835,3829,-3835,3829,-3833,3830,-3833,3832,-3834,3829,3834,3828,-3830,3827,-3832,3826,-3835,3826,-3831,3828,-3832,3828,-3833,3829,-3832,3825,-3834,3827,3836,3826,-3837,3825,-3835,3827,-3835,3827,-3834,3825,-3835,3823,3836,3823,-3836,3825,-3837,3825,-3836,3823,-3834,3825,3833,3826,-3834,3828,-3834,3825,-3833,3826,-3834,3824,-3830,-0.36,SJNFAAZE1U0005576,117.78,14.32,9160.36328125,79,75,0,0,0,0,15.0,99.17,-172789,100,1528029798.802,2440,2,0,0,7,0,0,0,0,4,367.42,367.42,7F,1,1,1,0080,82,40,40,0,0,19,-22.00
03/06/2018 13:43:22,55 59.40535,-2 30.55496,239,0,346,684039,1144818,367.68,3.173,3838,3821,3830,17,0,109.4,43.0,104.4,40.2,none,none,95.4,35.2,3833,-3829,3834,-3828,3835,3828,3833,-3827,3834,-3829,3834,3829,3835,-3828,3834,-3827,3834,-3828,3834,-3827,3835,3827,3834,-3829,3835,-3827,3836,-3826,3834,-3829,3834,-3830,3834,-3829,3834,-3830,3834,-3828,3833,3827,3835,-3828,3836,-3829,3833,-3828,3834,-3826,3830,3824,3833,-3826,3832,-3825,3834,-3824,3834,-3825,3836,-3824,3833,3823,3837,-3823,3837,-3827,3835,-3825,3836,-3826,3834,-3825,3834,-3821,3837,-3821,3835,-3821,3838,3822,3837,-3823,3836,-3824,3833,-3823,3835,-3824,3835,3826,3832,-3823,3834,-3823,3832,-3824,-0.32,SJNFAAZE1U0005576,117.78,14.32,9160.36328125,79,75,0,0,0,0,15.0,99.17,-172793,100,1528029802.646,360,3,0,0,0,0,0,0,0,4,367.69,367.69,7F,1,1,1,0080,82,40,40,0,0,19,0.00
03/06/2018 13:43:26,55 59.40535,-2 30.55496,239,0,346,684150,1144818,368.74,-26.000,3848,3833,3841,15,0,109.4,43.0,104.4,40.2,none,none,95.4,35.2,-3844,3840,-3843,3838,-3845,3840,-3844,3839,-3844,3839,-3844,3840,-3846,3839,-3845,3839,-3846,3838,-3844,3838,-3845,3838,-3845,3840,-3845,3839,-3845,3838,-3844,3839,-3845,3842,-3845,3840,-3844,3842,-3843,3839,-3844,3838,-3845,3839,-3846,3841,-3843,3840,-3844,3837,-3843,3836,-3845,3839,-3844,3838,-3845,3837,-3845,3836,-3846,3836,-3845,3835,-3846,3835,-3847,3838,-3846,3836,-3846,3837,-3844,3837,-3844,3834,-3848,3833,-3846,3833,-3847,3835,-3846,3834,-3846,3834,-3844,3835,-3845,3837,-3844,3839,-3842,3835,-3844,3835,-3843,3836,-0.34,SJNFAAZE1U0005576,117.78,14.32,9160.36328125,79,75,0,0,0,0,15.0,99.17,-172798,100,1528029806.268,0,2,0,0,0,0,0,0,0,4,368.74,368.74,7F,1,1,1,0080,82,40,40,0,0,19,-48.75
03/06/2018 13:43:29,55 59.40535,-2 30.55496,239,0,346,684368,1144818,367.78,16.540,3839,3822,3831,17,0,109.7,43.1,104.7,40.4,none,none,95.4,35.2,-3835,3829,-3834,3828,-3837,3830,-3834,3830,-3836,3829,-3834,3830,-3836,3830,-3836,3828,-3836,3829,-3835,3829,-3836,3828,-3836,3830,-3836,3830,-3836,3829,-3834,3832,-3835,3831,-3835,3831,-3835,3832,-3834,3830,-3835,3828,-3835,3830,-3836,3831,-3835,3830,-3834,3829,-3832,3825,-3835,3828,-3834,3827,-3836,3826,-3834,3827,-3837,3826,-3834,3824,-3838,3826,-3838,3828,-3836,3826,-3838,3827,-3837,3827,-3836,3822,-3839,3823,-3836,3823,-3839,3824,-3838,3825,-3836,3824,-3835,3825,-3837,3825,-3836,3827,-3833,3824,-3835,3826,-3833,3824,-0.36,SJNFAAZE1U0005576,117.78,14.32,9160.36328125,79,75,0,0,0,0,15.0,99.17,-172807,100,1528029809.980,2880,3,0,0,0,0,0,0,0,4,367.83,367.83,7F,1,1,1,0080,82,40,40,0,0,19,0.00
03/06/2018 13:43:33,55 59.40535,-2 30.55496,239,0,346,684471,1144818,369.50,-26.855,3857,3839,3849,18,0,109.4,43.0,104.4,40.2,none,none,95.4,35.2,-3854,3848,-3852,3846,-3854,3848,-3852,3847,-3853,3846,-3851,3848,-3853,3847,-3854,3848,-3853,3846,-3852,3845,-3854,3845,-3853,3848,-3854,3846,-3854,3846,-3852,3848,-3853,3848,-3853,3847,-3851,3849,-3851,3846,-3852,3846,-3853,3848,-3855,3850,-3852,3847,-3852,3845,-3851,3844,-3854,3847,-3854,3845,-3854,3845,-3853,3845,-3856,3845,-3854,3843,-3855,3843,-3855,3846,-3854,3843,-3855,3844,-3854,3844,-3852,3841,-3857,3841,-3857,3839,-3856,3841,-3856,3843,-3856,3842,-3854,3843,-3853,3844,-3855,3847,-3852,3843,-3854,3844,-3852,3842,-0.24,SJNFAAZE1U0005576,117.78,14.32,9160.36328125,79,75,0,0,0,0,15.0,99.17,-172811,100,1528029813.590,0,3,1,0,6,0,0,0,0,4,369.13,369.13,7F,1,1,1,0080,81,40,40,0,0,19,-55.00
03/06/2018 13:43:37,55 59.40535,-2 30.55496,239,0,346,684969,1144818,370.75,-85.418,3870,3854,3862,16,0,109.4,43.0,104.4,40.2,none,none,95.4,35.2,-3867,3864,-3866,3861,-3868,3861,-3865,3860,-3865,3861,-3866,3861,-3866,3859,-3866,3860,-3865,3859,-3865,3858,-3866,3860,-3866,3860,-3865,3859,-3866,3859,-3865,3861,-3864,3862,-3867,3860,-3865,3862,-3864,3858,-3865,3858,-3866,3862,-3868,3862,-3866,3861,-3867,3860,-3865,3859,-3869,3860,-3867,3861,-3868,3860,-3867,3859,-3869,3859,-3867,3857,-3868,3857,-3868,3859,-3867,3858,-3868,3859,-3867,3859,-3863,3855,-3870,3854,-3868,3856,-3868,3857,-3868,3857,-3869,3858,-3866,3857,-3865,3857,-3868,3862,-3865,3858,-3867,3859,-3866,3858,-0.34,SJNFAAZE1U0005576,117.78,14.32,9160.36328125,79,75,0,0,0,0,15.0,99.17,-172831,100,1528029817.502,0,2,0,0,0,0,0,0,0,4,371.35,371.35,7F,1,1,1,0080,81,40,40,0,0,11,-95.25
03/06/2018 13:43:41,55 59.40535,-2 30.55496,239,0,347,685568,1144818,370.94,-59.112,3871,3856,3864,15,0,109.4,43.0,104.4,40.2,none,none,95.4,35.2,3865,-3871,3861,3869,3863,3867,3865,-3866,3862,-3867,3862,-3867,3862,3868,3860,-3868,3861,-3866,3861,-3867,3860,-3867,3861,-3866,3861,-3869,3860,-3868,3860,-3866,3862,3866,3863,-3866,3862,-3867,3861,-3866,3861,-3866,3863,-3866,3865,3869,3864,-3868,3864,-3865,3862,-3869,3863,-3870,3864,3868,3865,-3866,3863,-3868,3863,-3868,3860,-3869,3859,-3871,3860,-3871,3859,-3870,3861,-3869,3859,3868,3856,-3871,3858,-3870,3857,-3870,3857,-3871,3857,3870,3857,-3870,3858,-3868,3858,-3868,3863,-3870,3859,-3867,3861,-3869,3859,-3865,-0.30,SJNFAAZE1U0005576,117.78,14.32,9160.36328125,79,75,0,0,0,0,15.0,99.17,-172856,100,1528029821.381,0,2,0,0,0,0,0,0,0,4,371.01,371.01,7F,1,1,1,0080,82,40,40,0,0,19,-127.50
03/06/2018 13:43:45,55 59.40535,-2 30.55496,239,0,347,685852,1144818,369.22,-1.342,3855,3838,3846,17,0,109.4,43.0,104.4,40.2,none,none,95.4,35.2,3846,-3854,3842,-3851,3845,3849,3848,3848,3845,-3849,3844,-3851,3844,-3851,3843,-3850,3843,3851,3843,-3850,3845,-3851,3843,-3851,3844,-3854,3842,-3852,3843,-3850,3845,-3851,3846,-3849,3846,3850,3844,-3849,3843,-3849,3845,-3849,3847,-3851,3845,-3850,3844,3848,3842,-3849,3844,-3851,3844,-3849,3845,-3849,3844,3851,3846,-3850,3841,-3851,3840,-3853,3841,-3855,3841,-3853,3842,-3852,3841,-3850,3840,-3853,3838,3852,3838,-3854,3839,-3852,3838,-3853,3838,-3851,3840,3851,3841,-3850,3844,-3851,3840,-3850,3842,-3851,3840,-3848,-0.39,SJNFAAZE1U0005576,117.78,14.32,9160.36328125,79,75,0,0,0,0,15.0,99.17,-172868,100,1528029825.260,0,2,0,0,0,0,0,0,0,4,369.45,369.45,7F,1,1,1,0080,82,40,40,0,0,19,16.25
03/06/2018 13:43:49,55 59.40535,-2 30.55496,239,0,347,685649,1144818,367.01,62.926,3831,3813,3823,18,0,109.4,43.0,104.4,40.2,none,none,95.4,35.2,3819,-3830,3819,-3827,3821,3827,3823,-3825,3821,-3828,3821,3828,3821,-3829,3820,-3829,3820,-3828,3821,-3827,3821,3828,3821,-3829,3821,-3831,3820,-3829,3820,-3827,3822,-3828,3822,3827,3822,-3828,3821,-3827,3821,-3827,3822,-3827,3824,-3828,3822,-3827,3821,-3823,3818,-3826,3817,3828,3817,-3824,3820,-3825,3820,-3827,3820,-3826,3815,3827,3817,-3830,3818,-3830,3817,-3827,3820,-3829,3817,-3828,3821,-3830,3814,-3830,3813,-3831,3816,3829,3815,-3831,3813,-3828,3815,-3828,3817,-3827,3818,3827,3816,-3825,3817,-3826,3815,-3822,-0.34,SJNFAAZE1U0005576,117.78,14.32,9160.36328125,79,75,0,0,0,0,15.0,99.17,-172868,100,1528029829.137,16720,2,1,0,6,0,0,0,0,4,367.14,367.14,7F,1,1,1,0080,82,40,40,0,0,19,105.50
03/06/2018 13:43:52,55 59.40535,-2 30.55496,239,0,347,685264,1144818,367.68,19.256,3838,3821,3830,17,0,109.4,43.0,104.4,40.2,none,none,95.4,35.2,3828,-3837,3827,-3834,3830,3834,3831,-3833,3829,-3835,3829,-3835,3828,-3836,3828,3836,3828,-3834,3827,-3834,3828,-3834,3828,-3835,3829,3837,3827,-3836,3828,-3835,3831,-3835,3830,-3834,3830,-3835,3830,3834,3828,-3833,3830,-3834,3831,-3837,3829,-3833,3828,-3831,3824,-3832,3825,-3834,3827,-3834,3828,3832,3827,-3834,3827,-3833,3824,-3836,3826,-3837,3825,3838,3825,-3835,3827,-3837,3826,-3836,3825,-3836,3824,-3837,3821,-3838,3823,-3837,3822,-3838,3821,3835,3823,-3836,3825,-3835,3826,-3835,3823,-3833,3824,3834,3823,-3831,-0.36,SJNFAAZE1U0005576,117.78,14.32,9160.36328125,79,75,0,0,0,0,15.0,99.17,-172868,100,1528029832.863,5000,2,0,0,0,0,0,0,0,4,367.95,367.95,7F,1,1,1,0080,82,40,40,0,0,19,37.75
03/06/2018 13:43:56,55 59.40535,-2 30.55496,239,0,347,685025,1144818,367.39,28.930,3835,3818,3827,17,0,109.4,43.0,104.4,40.2,none,none,95.4,35.2,3830,3826,3830,-3825,-3832,3826,-3830,-3826,-3832,3825,-3831,3826,-3831,3826,-3832,3825,-3832,3825,-3830,3825,-3831,3824,-3831,3826,3832,-3824,3832,-3823,3830,-3827,3831,3827,3830,-3826,3830,-3828,3830,-3825,3830,-3824,3831,3825,3832,-3827,3830,-3825,3830,-3823,3827,-3821,3830,-3823,3830,-3824,3831,-3822,3831,-3823,3832,3821,3829,-3821,3833,-3821,3833,-3824,3832,-3822,3832,3823,3832,-3822,3833,-3818,3833,-3819,3833,-3820,3835,-3820,3834,-3821,3832,-3822,3831,-3821,3833,3821,3830,-3824,3829,-3821,3830,-3821,3828,-3821,-0.34,SJNFAAZE1U0005576,117.78,14.32,9160.36328125,79,75,0,0,0,0,15.0,99.17,-172868,100,1528029836.648,8120,2,0,0,0,0,0,0,0,4,367.49,367.49,7F,1,1,1,0080,83,40,40,0,0,11,33.50
03/06/2018 13:44:00,55 59.40535,-2 30.55496,239,0,346,684866,1144818,368.54,-14.556,3846,3830,3839,16,0,109.4,43.0,104.4,40.2,none,none,95.4,35.2,-3843,3838,-3843,3837,-3844,3838,-3842,3837,-3843,3837,-3841,3838,-3843,3837,-3843,3837,-3843,3836,-3842,3836,-3844,3836,-3843,3839,-3843,3837,-3843,3835,-3842,3838,-3842,3838,-3843,3837,-3840,3840,-3841,3837,-3842,3836,-3843,3837,-3844,3838,-3842,3837,-3841,3837,-3840,3834,-3843,3836,-3842,3835,-3843,3835,-3843,3834,-3845,3833,-3843,3832,-3845,3833,-3845,3835,-3844,3833,-3845,3833,-3843,3834,-3843,3831,-3846,3830,-3844,3830,-3846,3830,-3846,3833,-3845,3833,-3844,3833,-3843,3833,-3844,3836,-3842,3832,-3843,3834,-3842,3833,-0.32,SJNFAAZE1U0005576,117.78,14.32,9160.36328125,79,75,0,0,0,0,15.0,99.17,-172868,100,1528029840.557,280,2,0,0,0,0,0,0,0,4,368.63,368.63,7F,1,1,1,0080,83,40,40,0,0,19,11.00
03/06/2018 13:44:04,55 59.40535,-2 30.55496,239,0,346,684713,1144818,367.20,33.172,3833,3817,3825,16,0,109.4,43.0,104.4,40.2,none,none,95.4,35.2,-3827,3824,-3828,3823,-3831,3825,-3829,3823,-3830,3824,-3829,3825,-3830,3823,-3830,3823,-3830,3824,-3829,3822,-3830,3823,-3829,3825,-3831,3823,-3831,3822,-3829,3825,-3828,3825,-3830,3825,-3829,3826,-3829,3824,-3828,3824,-3830,3824,-3831,3825,-3829,3824,-3828,3822,-3825,3819,-3828,3821,-3827,3821,-3828,3821,-3829,3821,-3831,3820,-3829,3819,-3832,3819,-3833,3822,-3831,3820,-3831,3820,-3829,3820,-3832,3817,-3832,3817,-3831,3818,-3832,3817,-3832,3819,-3832,3820,-3829,3818,-3830,3820,-3828,3821,-3826,3818,-3828,3819,-3827,3819,-0.32,SJNFAAZE1U0005576,117.78,14.40,9160.36328125,79,75,0,0,0,0,15.0,99.17,-172868,100,1528029844.472,9280,2,1,0,6,0,0,0,0,4,367.26,367.26,7F,1,1,1,0080,83,40,40,0,0,19,34.25
03/06/2018 13:44:08,55 59.40535,-2 30.55496,239,0,346,684377,1144818,366.62,42.693,3827,3812,3819,15,0,109.4,43.0,104.4,40.2,none,none,95.4,35.2,-3822,3819,-3821,3817,-3823,3819,-3823,3819,-3824,3820,-3822,3820,-3823,3819,-3823,3818,-3823,3818,-3822,3818,-3824,3818,-3823,3820,-3823,3818,-3823,3817,-3823,3819,-3824,3821,-3823,3820,-3822,3821,-3823,3818,-3821,3818,-3823,3820,-3825,3821,-3822,3820,-3820,3817,-3820,3814,-3821,3816,-3820,3816,-3822,3816,-3824,3816,-3823,3815,-3821,3814,-3824,3815,-3825,3818,-3824,3815,-3826,3816,-3823,3816,-3824,3812,-3825,3812,-3825,3813,-3827,3814,-3826,3814,-3823,3814,-3822,3815,-3824,3815,-3823,3818,-3821,3815,-3822,3815,-3820,3815,-0.32,SJNFAAZE1U0005576,117.78,14.40,9160.36328125,79,75,0,0,0,0,14.5,99.17,-172868,100,1528029848.320,12680,2,0,0,0,0,0,0,0,4,366.71,366.71,7F,1,1,1,0080,83,40,40,0,0,19,37.75
03/06/2018 13:44:12,55 59.40535,-2 30.55496,239,0,346,684046,1144818,366.82,31.249,3829,3813,3821,16,0,109.4,43.0,104.7,40.4,none,none,95.4,35.2,-3823,3820,-3825,3819,-3827,3821,-3825,3820,-3826,3820,-3824,3821,-3826,3819,-3826,3820,-3826,3819,-3826,3820,-3826,3819,-3826,3821,-3827,3819,-3827,3819,-3825,3821,-3825,3822,-3825,3820,-3825,3822,-3825,3820,-3825,3820,-3825,3820,-3827,3823,-3825,3820,-3824,3818,-3821,3816,-3824,3818,-3824,3817,-3824,3817,-3826,3816,-3826,3815,-3824,3815,-3827,3816,-3828,3817,-3827,3816,-3827,3816,-3825,3817,-3826,3814,-3828,3814,-3828,3813,-3829,3814,-3828,3815,-3827,3814,-3824,3815,-3826,3816,-3824,3817,-3822,3815,-3824,3816,-3824,3815,-0.29,SJNFAAZE1U0005576,117.78,14.40,9160.36328125,79,75,0,0,0,0,14.5,99.17,-172868,100,1528029852.067,10440,2,0,0,0,0,0,0,0,4,366.88,366.88,7F,1,1,1,0080,83,40,40,0,0,19,25.25
03/06/2018 13:44:15,55 59.40535,-2 30.55496,239,0,346,683755,1144818,366.43,35.918,3826,3808,3817,18,0,109.4,43.0,104.4,40.2,none,none,95.4,35.2,3814,-3823,3813,-3822,3816,3821,3819,-3820,3816,-3822,3817,3823,3815,-3824,3814,-3823,3814,-3823,3814,-3822,3816,3822,3816,-3823,3816,-3825,3815,-3824,3814,-3823,3817,-3822,3817,3822,3816,-3823,3817,-3822,3816,-3821,3817,-3822,3818,-3823,3816,-3821,3815,-3817,3811,-3819,3811,3821,3813,-3818,3816,-3819,3813,-3821,3814,-3821,3809,3821,3812,-3823,3812,-3825,3811,-3823,3814,-3822,3811,-3823,3812,-3823,3809,-3824,3808,-3825,3810,3823,3810,-3826,3809,-3823,3810,-3821,3810,-3821,3813,3822,3810,-3819,3811,-3821,3810,-3817,-0.32,SJNFAAZE1U0005576,117.78,14.40,9161.97265625,79,75,0,0,0,0,14.5,99.17,-172868,100,1528029855.854,10080,2,0,0,0,0,0,0,0,4,366.51,366.51,7F,1,1,1,0080,83,40,40,0,0,19,25.25
03/06/2018 13:44:19,55 59.40535,-2 30.55496,239,0,346,683627,1144818,367.87,-3.875,3840,3823,3832,17,0,109.4,43.0,104.4,40.2,none,none,95.2,35.1,3829,-3839,3828,-3836,3830,3835,3831,-3835,3830,-3836,3829,-3836,3830,-3838,3829,3837,3829,-3837,3829,-3835,3830,-3836,3829,-3837,3830,-3838,3828,3838,3829,-3836,3831,-3836,3831,-3834,3830,-3836,3829,3835,3829,-3835,3831,-3835,3833,-3837,3829,-3834,3829,-3831,3827,-3834,3828,-3837,3828,-3834,3829,3833,3829,-3836,3830,-3835,3826,-3837,3826,-3838,3827,3840,3826,-3838,3828,-3837,3825,-3836,3827,-3838,3824,-3838,3824,-3838,3824,-3838,3824,-3839,3823,3838,3826,-3836,3826,-3836,3828,-3837,3826,-3834,3827,3835,3824,-3832,-0.32,SJNFAAZE1U0005576,117.78,14.40,9161.97265625,79,75,0,0,0,0,14.5,99.17,-172868,100,1528029859.700,0,2,1,0,5,0,0,0,0,4,367.90,367.90,7F,1,1,1,0080,83,40,40,0,0,19,-6.00
03/06/2018 13:44:23,55 59.40535,-2 30.55496,239,0,346,683596,1144818,367.78,12.694,3839,3822,3831,17,0,109.4,43.0,104.4,40.2,none,none,95.4,35.2,3829,3838,3827,-3835,3830,3835,3832,-3834,3830,-3835,3828,-3835,3829,-3836,3829,-3837,3828,-3836,3828,3835,3828,-3834,3828,-3836,3829,-3838,3827,-3836,3828,-3834,3831,3835,3831,-3834,3830,-3836,3830,-3835,3829,-3835,3831,3835,3832,-3835,3829,-3835,3829,-3832,3826,-3834,3827,-3836,3827,-3835,3829,-3833,3829,-3834,3828,3834,3826,-3837,3826,-3837,3826,-3838,3825,-3836,3827,3836,3825,-3835,3825,-3837,3823,-3837,3823,-3838,3824,-3839,3824,-3837,3822,-3836,3825,-3836,3826,3836,3827,-3836,3825,-3834,3826,-3834,3825,-3831,-0.34,SJNFAAZE1U0005576,117.78,14.40,9161.97265625,79,75,0,0,0,0,14.5,99.17,-172868,100,1528029863.570,5120,2,0,0,0,0,0,0,0,4,367.58,367.58,7F,1,1,1,0080,83,40,40,0,0,19,-34.25
03/06/2018 13:44:27,55 59.40535,-2 30.55496,239,0,346,683774,1144818,369.79,-14.495,3860,3843,3852,17,0,109.1,42.9,104.4,40.2,none,none,95.2,35.1,3851,-3859,3847,-3856,3851,3853,3852,-3852,3849,-3855,3849,-3855,3849,-3856,3849,-3856,3849,-3853,3848,-3856,3848,-3854,3848,3856,3849,-3858,3848,-3856,3848,-3854,3850,-3855,3850,-3853,3850,3854,3849,-3854,3849,-3854,3850,-3854,3852,-3855,3850,3855,3851,-3851,3849,-3857,3850,-3858,3851,-3856,3852,-3855,3851,-3855,3849,-3856,3849,-3858,3847,3858,3847,-3859,3846,-3858,3848,-3857,3846,-3856,3845,3860,3845,-3859,3843,-3858,3844,-3858,3844,-3859,3843,-3858,3846,-3856,3845,-3857,3850,-3858,3846,3855,3846,-3857,3845,-3853,-0.31,SJNFAAZE1U0005576,117.78,14.40,9161.97265625,79,75,0,0,0,0,14.5,99.17,-172875,100,1528029867.446,0,2,0,0,0,0,0,0,0,4,368.73,368.73,7F,1,1,1,0080,83,40,40,0,0,19,-117.50
03/06/2018 13:44:31,55 59.40535,-2 30.55496,239,0,346,684094,1144818,369.31,-20.904,3856,3839,3847,17,0,109.4,43.0,104.4,40.2,none,none,95.2,35.1,-3850,3846,-3851,3844,-3853,3845,-3849,3844,-3851,3845,-3849,3845,3852,-3844,-3852,3844,3851,-3844,3851,-3844,3852,3844,3852,-3846,3851,-3844,3851,-3843,3850,-3844,3850,-3846,3851,-3846,3850,-3847,3850,-3844,3851,3843,3852,-3845,3853,-3846,3850,-3845,3851,-3844,3850,3843,3853,-3844,-3853,3844,-3852,-3844,-3851,3842,-3855,3842,-3852,3840,-3854,3841,-3855,3843,-3853,3843,-3853,3843,-3852,3841,-3851,3839,-3856,3839,-3855,3839,-3855,3841,-3855,3839,-3854,3841,-3851,3842,-3852,3842,-3853,3845,-3851,3843,-3852,3843,-3852,3842,-0.31,SJNFAAZE1U0005576,117.78,14.40,9161.97265625,79,75,0,0,0,0,14.5,99.17,-172888,100,1528029871.044,0,2,0,0,0,0,0,0,0,4,369.31,369.31,7F,1,1,1,0080,83,40,40,0,0,19,-119.00
03/06/2018 13:44:34,55 59.40535,-2 30.55496,239,0,346,684156,1144818,368.54,1.678,3847,3830,3839,17,0,109.7,43.1,104.4,40.2,none,none,95.2,35.1,-3842,3838,-3842,3836,-3843,3837,-3842,3837,-3841,3836,-3842,3837,-3843,3837,-3843,3835,-3843,3836,-3842,3836,-3843,3836,-3842,3838,-3843,3836,-3844,3836,-3842,3838,-3843,3839,-3842,3839,-3841,3839,-3842,3837,-3841,3837,-3842,3837,-3844,3840,-3843,3837,-3842,3835,-3840,3835,-3843,3836,-3843,3835,-3844,3835,-3843,3834,-3846,3834,-3843,3833,-3845,3833,-3847,3835,-3844,3833,-3844,3833,-3843,3834,-3843,3830,-3845,3830,-3845,3830,-3846,3830,-3845,3833,-3845,3832,-3843,3834,-3844,3834,-3844,3836,-3842,3832,-3844,3833,-3841,3833,-0.36,SJNFAAZE1U0005576,117.78,14.40,9161.97265625,79,75,0,0,0,0,14.5,99.17,-172891,100,1528029874.808,80,2,0,0,0,0,0,0,0,4,368.59,368.59,7F,1,1,1,0080,83,40,40,0,0,19,0.25
03/06/2018 13:44:38,55 59.40535,-2 30.55496,239,0,346,684132,1144818,368.26,5.462,3844,3828,3836,16,0,109.4,43.0,104.4,40.2,none,none,95.2,35.1,-3839,3835,-3839,3834,-3841,3835,-3840,3833,-3840,3834,-3838,3836,-3840,3834,-3841,3833,-3839,3834,-3839,3832,-3840,3833,-3840,3835,-3841,3833,-3841,3832,-3840,3836,-3840,3836,-3839,3835,-3838,3836,-3839,3834,-3839,3834,-3841,3835,-3841,3836,-3839,3835,-3839,3833,-3838,3831,-3840,3832,-3839,3833,-3840,3832,-3839,3832,-3843,3830,-3841,3830,-3842,3830,-3842,3832,-3841,3830,-3842,3831,-3841,3831,-3841,3828,-3843,3828,-3842,3828,-3844,3829,-3843,3829,-3841,3830,-3841,3830,-3840,3830,-3841,3833,-3838,3830,-3840,3830,-3838,3830,-0.34,SJNFAAZE1U0005576,117.78,14.40,9161.97265625,79,75,0,0,0,0,14.5,99.17,-172891,100,1528029878.515,680,2,1,0,6,0,0,0,0,4,368.40,368.40,7F,1,1,1,0080,83,40,40,0,0,19,114.75
03/06/2018 13:44:42,55 59.40535,-2 30.55496,239,0,346,683801,1144818,366.43,64.513,3824,3808,3817,16,0,109.4,43.0,104.4,40.2,none,none,95.2,35.1,-3818,3815,-3820,3814,-3821,3817,-3819,3815,-3821,3816,-3820,3818,-3821,3815,-3820,3816,-3821,3816,-3820,3815,-3822,3815,-3821,3817,-3821,3816,-3822,3815,-3819,3817,-3821,3818,-3820,3817,-3820,3818,-3820,3815,-3820,3815,-3820,3816,-3822,3818,-3820,3816,-3819,3814,-3817,3811,-3818,3813,-3820,3813,-3820,3814,-3821,3813,-3821,3811,-3820,3810,-3823,3812,-3823,3813,-3822,3813,-3823,3814,-3821,3813,-3823,3808,-3823,3809,-3823,3809,-3824,3810,-3823,3810,-3821,3810,-3819,3811,-3821,3812,-3820,3813,-3818,3811,-3820,3811,-3818,3811,-0.32,SJNFAAZE1U0005576,117.78,14.40,9161.97265625,79,75,0,0,0,0,14.5,99.17,-172891,100,1528029882.414,18400,2,0,0,0,0,0,0,0,4,366.23,366.23,7F,1,1,1,0080,83,40,40,0,0,19,110.25
03/06/2018 13:44:46,55 59.40535,-2 30.55496,239,0,346,683253,1144818,366.24,42.266,3823,3808,3815,15,0,109.4,43.0,104.4,40.2,none,none,95.2,35.1,-3818,3815,-3818,3814,-3819,3815,-3818,3814,-3818,3815,-3818,3815,-3819,3815,-3818,3814,-3818,3815,-3818,3813,-3819,3814,-3818,3815,-3820,3814,-3819,3813,-3818,3816,-3819,3816,-3818,3815,-3818,3815,-3818,3815,-3818,3814,-3818,3814,-3820,3816,-3818,3814,-3817,3813,-3815,3810,-3816,3812,-3816,3811,-3818,3811,-3818,3811,-3819,3810,-3817,3809,-3821,3810,-3820,3812,-3819,3811,-3820,3811,-3818,3812,-3822,3809,-3819,3808,-3820,3809,-3823,3810,-3821,3810,-3818,3810,-3819,3811,-3819,3811,-3818,3812,-3816,3811,-3818,3810,-3816,3809,-0.42,SJNFAAZE1U0005576,117.77,14.40,9161.97265625,79,75,0,0,0,0,14.5,99.17,-172891,100,1528029886.102,14080,3,0,0,0,0,0,0,0,4,366.29,366.29,7F,1,1,1,0080,83,40,40,0,0,19,49.25
03/06/2018 13:44:49,55 59.40535,-2 30.55496,239,0,345,682855,1144818,365.95,48.095,3821,3803,3812,18,0,109.4,43.0,104.4,40.2,none,none,95.2,35.1,3809,-3820,3808,3816,3811,3817,3814,-3815,3811,-3818,3811,-3818,3811,3819,3810,-3818,3810,-3817,3810,-3818,3811,-3817,3811,-3818,3810,-3819,3809,-3819,3809,-3817,3812,3818,3812,-3817,3812,-3817,3811,-3817,3811,-3816,3811,3817,3813,-3819,3811,-3817,3810,-3813,3807,-3814,3806,-3816,3808,-3815,3809,-3814,3810,-3816,3809,3814,3804,-3818,3806,-3819,3808,-3821,3806,-3818,3808,3819,3805,-3817,3809,-3818,3803,-3819,3804,-3819,3805,-3820,3804,-3819,3803,-3818,3805,-3817,3806,3818,3806,-3817,3804,-3815,3805,-3815,3804,-3813,-0.34,SJNFAAZE1U0005576,117.77,14.40,9161.97265625,79,75,0,0,0,0,14.5,99.17,-172891,100,1528029889.926,14240,2,0,0,0,0,0,0,0,4,365.97,365.97,7F,1,1,1,0080,84,40,40,0,0,11,41.00
03/06/2018 13:44:53,55 59.40535,-2 30.55496,239,0,345,682596,1144818,367.78,-10.436,3838,3825,3831,13,0,109.1,42.9,104.2,40.1,none,none,95.2,35.1,3830,-3838,3829,-3835,3831,3833,3833,3833,3831,-3836,3830,-3835,3830,-3835,3829,-3836,3829,3835,3829,-3834,3830,-3834,3830,-3835,3829,-3837,3829,-3835,3830,-3833,3831,-3835,3831,-3834,3831,3835,3830,-3835,3830,-3835,3831,-3834,3833,-3835,3831,3834,3830,-3832,3828,-3833,3828,-3836,3829,-3834,3830,-3832,3830,-3835,3830,-3834,3828,-3835,3827,3837,3828,-3837,3827,-3837,3828,-3836,3827,-3835,3827,3838,3825,-3836,3826,-3837,3825,-3837,3826,-3838,3825,-3836,3825,3835,3826,-3836,3829,-3836,3827,-3833,3827,-3835,3826,-3831,-0.32,SJNFAAZE1U0005576,117.77,14.40,9161.97265625,79,75,0,0,0,0,14.5,99.17,-172891,100,1528029893.694,2040,2,1,0,5,0,0,0,0,4,367.62,367.62,7F,1,1,1,0080,84,40,40,0,0,19,-17.00
03/06/2018 13:44:57,55 59.40535,-2 30.55496,239,0,345,682762,1144818,367.87,-10.680,3840,3824,3832,16,0,109.4,43.0,104.2,40.1,none,none,95.2,35.1,3830,-3839,3828,-3837,3831,3836,3833,-3834,3831,-3836,3829,3836,3830,-3838,3830,-3837,3830,-3836,3830,-3837,3830,3837,3829,-3838,3829,-3839,3829,-3838,3829,-3837,3832,-3837,3832,-3836,3830,-3836,3831,-3836,3829,3836,3832,-3836,3833,-3838,3831,-3836,3831,-3832,3828,3836,3828,-3838,3828,-3836,3831,-3835,3828,-3836,3829,-3836,3826,-3838,3827,-3838,3827,-3840,3827,3837,3829,-3838,3827,-3836,3827,-3838,3825,-3838,3824,3839,3825,-3839,3825,-3839,3825,-3838,3826,-3837,3828,-3837,3829,3838,3827,-3836,3827,-3836,3826,-3834,-0.45,SJNFAAZE1U0005576,117.77,14.40,9161.97265625,79,75,0,0,0,0,14.5,99.17,-172898,100,1528029897.564,0,3,0,0,0,0,0,0,0,4,368.27,368.27,7F,1,1,1,0080,84,40,40,0,0,19,2.00
03/06/2018 13:45:01,55 59.40535,-2 30.55496,239,0,345,682772,1144818,367.87,3.020,3840,3823,3832,17,0,109.4,43.0,104.4,40.2,none,none,95.2,35.1,3831,-3839,3829,-3837,3832,3835,3833,-3834,3830,-3836,3831,-3836,3830,-3837,3829,3837,3829,-3837,3830,-3835,3831,-3836,3830,-3837,3830,3839,3829,-3838,3830,-3836,3831,-3837,3832,-3835,3832,-3837,3831,-3837,3830,-3835,3832,-3835,3834,3836,3831,-3836,3831,-3833,3828,-3837,3828,-3837,3828,3835,3831,-3835,3830,-3836,3830,-3835,3828,-3837,3827,-3839,3829,-3839,3826,-3837,3829,-3838,3827,3837,3826,-3839,3825,-3839,3823,-3839,3825,-3839,3826,3840,3825,-3837,3826,-3836,3826,-3837,3829,-3838,3826,-3834,3827,3838,3827,-3833,-0.34,SJNFAAZE1U0005576,117.77,14.40,9161.97265625,79,75,0,0,0,0,14.5,99.17,-172898,100,1528029901.471,320,2,0,0,0,0,0,0,0,4,367.94,367.94,7F,1,1,1,0080,84,40,40,0,0,19,-15.75
03/06/2018 13:45:05,55 59.40535,-2 30.55496,239,0,345,682710,1144818,367.78,10.406,3838,3822,3831,16,0,109.4,43.0,104.2,40.1,none,none,95.2,35.1,3834,3831,3834,-3828,-3836,3831,-3834,-3829,-3834,3829,-3834,3830,-3835,3829,-3835,3828,-3836,3829,-3834,3829,-3835,3829,-3835,3830,-3836,3829,-3835,3829,-3835,3831,-3835,3831,-3834,3832,-3833,3832,-3833,3829,-3834,3829,-3835,3829,-3835,3832,-3834,3830,-3834,3829,-3832,3826,-3835,3827,-3834,3828,-3835,3827,-3835,3827,-3837,3827,-3835,3825,-3837,3825,-3837,3828,-3836,3826,-3837,3826,-3836,3827,-3835,3823,-3837,3822,-3837,3823,-3838,3825,-3837,3825,-3837,3825,3835,-3825,-3835,3826,3836,-3828,3833,-3825,3835,-3826,3834,-3825,-0.36,SJNFAAZE1U0005576,117.77,14.40,9161.97265625,79,75,0,0,0,0,14.5,99.17,-172898,100,1528029905.251,6800,2,0,0,0,0,0,0,0,4,367.58,367.58,7F,1,1,1,0080,84,40,40,0,0,19,20.25
03/06/2018 13:45:09,55 59.40535,-2 30.55496,239,0,345,682502,1144818,366.82,33.996,3828,3814,3821,14,0,109.4,43.0,104.2,40.1,none,none,95.2,35.1,-3824,3821,-3825,3819,-3825,3821,-3824,3821,-3823,3820,-3824,3822,-3826,3820,-3825,3821,-3825,3821,-3824,3820,-3825,3819,-3826,3821,-3826,3820,-3826,3819,-3824,3822,-3824,3822,-3825,3820,-3823,3822,-3825,3820,-3825,3820,-3825,3820,-3827,3823,-3824,3821,-3824,3818,-3821,3817,-3824,3819,-3824,3819,-3825,3818,-3826,3817,-3826,3816,-3824,3816,-3827,3817,-3827,3819,-3825,3819,-3827,3820,-3825,3817,-3827,3814,-3827,3814,-3825,3815,-3828,3815,-3827,3815,-3825,3817,-3824,3817,-3826,3818,-3824,3820,-3822,3816,-3825,3817,-3822,3816,-0.34,SJNFAAZE1U0005576,117.77,14.40,9161.97265625,79,75,0,0,0,0,14.5,99.17,-172898,100,1528029909.054,9600,3,1,0,5,0,0,0,0,4,366.79,366.79,7F,1,1,1,0080,84,40,40,0,0,19,22.25
03/06/2018 13:45:12,55 59.40535,-2 30.55496,239,0,345,682274,1144818,367.20,22.155,3831,3818,3825,13,0,109.4,43.0,104.4,40.2,none,none,95.2,35.1,-3828,3825,-3828,3823,-3829,3824,-3827,3823,-3828,3822,-3828,3823,-3828,3824,-3829,3823,-3828,3824,-3828,3823,-3829,3824,-3828,3825,-3830,3823,-3830,3823,-3828,3824,-3828,3825,-3828,3825,-3827,3826,-3828,3825,-3827,3824,-3829,3823,-3830,3826,-3827,3824,-3827,3823,-3826,3821,-3828,3821,-3827,3821,-3829,3821,-3829,3821,-3830,3820,-3828,3820,-3830,3820,-3831,3822,-3830,3821,-3831,3821,-3829,3821,-3830,3818,-3831,3819,-3830,3819,-3831,3819,-3831,3820,-3828,3819,-3828,3819,-3829,3822,-3828,3823,-3826,3821,-3829,3821,-3828,3820,-0.35,SJNFAAZE1U0005576,117.77,14.40,9161.97265625,79,75,0,0,0,0,14.5,99.17,-172898,100,1528029912.806,7600,2,0,0,0,0,0,0,0,4,367.05,367.05,7F,1,1,1,0080,84,40,40,0,0,19,10.75
03/06/2018 13:45:16,55 59.40535,-2 30.55496,239,0,345,682096,1144818,366.72,29.693,3829,3811,3820,18,0,109.4,43.0,104.2,40.1,none,none,95.2,35.1,-3822,3820,-3823,3818,-3825,3818,-3824,3819,-3823,3819,-3823,3820,-3824,3818,-3825,3818,-3824,3818,-3824,3818,-3825,3819,-3825,3820,-3824,3818,-3825,3818,-3824,3820,-3825,3821,-3825,3819,-3824,3820,-3823,3819,-3823,3819,-3825,3819,-3825,3820,-3823,3818,-3823,3817,-3821,3815,-3822,3817,-3822,3816,-3824,3816,-3825,3816,-3827,3813,-3822,3813,-3826,3814,-3826,3817,-3826,3814,-3826,3815,-3826,3815,-3825,3811,-3826,3811,-3826,3812,-3829,3813,-3828,3813,-3826,3814,-3824,3813,-3825,3815,-3825,3817,-3822,3814,-3824,3814,-3821,3814,-0.32,SJNFAAZE1U0005576,117.77,14.40,9161.97265625,79,75,0,0,0,0,14.5,99.17,-172898,100,1528029916.546,8440,3,0,0,0,0,0,0,0,4,366.74,366.74,7F,1,1,1,0080,84,40,40,0,0,19,26.25
03/06/2018 13:45:20,55 59.40535,-2 30.55496,239,0,345,681947,1144818,367.97,-12.939,3842,3825,3833,17,0,109.1,42.9,104.2,40.1,none,none,95.2,35.1,-3837,3832,-3837,3831,-3837,3832,-3835,3831,-3837,3832,-3836,3832,-3838,3832,-3838,3832,-3838,3832,-3836,3831,-3838,3830,-3837,3833,-3838,3831,-3838,3830,-3837,3832,-3836,3833,-3837,3833,-3836,3835,-3836,3832,-3836,3831,-3837,3831,-3839,3833,-3837,3833,-3837,3831,-3835,3829,-3837,3830,-3838,3831,-3839,3829,-3838,3829,-3840,3828,-3839,3826,-3840,3828,-3839,3830,-3839,3828,-3840,3829,-3839,3829,-3838,3826,-3840,3825,-3841,3825,-3842,3826,-3841,3827,-3838,3827,-3837,3828,-3839,3829,-3838,3831,-3836,3828,-3838,3828,-3836,3828,-0.36,SJNFAAZE1U0005576,117.77,14.40,9161.97265625,79,75,0,0,0,0,14.5,99.17,-172898,100,1528029920.317,0,2,0,0,0,0,0,0,0,4,367.98,367.98,7F,1,1,1,0080,83,40,40,0,0,19,-15.75
03/06/2018 13:45:24,55 59.40535,-2 30.55496,239,0,345,681995,1144818,367.49,9.917,3837,3819,3828,18,0,109.4,43.0,104.2,40.1,none,none,95.2,35.1,3826,-3836,3824,-3833,3827,3831,3829,-3831,3827,-3833,3826,3832,3826,-3834,3825,-3834,3825,-3834,3825,-3832,3826,3833,3825,-3833,3826,-3835,3825,-3834,3824,-3832,3827,-3833,3827,-3831,3826,-3834,3827,-3832,3826,3832,3827,-3832,3829,-3833,3828,-3832,3827,-3828,3825,3831,3824,-3832,3825,-3833,3827,-3831,3825,-3833,3825,-3832,3823,-3833,3823,-3835,3824,-3837,3823,-3835,3824,-3834,3822,-3833,3823,-3836,3820,-3835,3819,-3836,3821,3835,3822,-3836,3820,-3834,3823,-3833,3822,-3833,3825,3834,3823,-3830,3822,-3832,3821,-3829,-0.33,SJNFAAZE1U0005576,117.77,14.40,9161.97265625,79,75,0,0,0,0,14.5,99.17,-172900,100,1528029924.191,2280,3,0,0,0,0,0,0,0,4,367.59,367.59,7F,1,1,1,0080,83,40,40,0,0,19,7.75
03/06/2018 13:45:28,55 59.40535,-2 30.55496,239,0,345,681913,1144818,368.16,-9.521,3842,3826,3835,16,0,109.4,43.0,104.2,40.1,none,none,95.2,35.1,3834,-3842,3832,-3839,3833,3837,3836,-3836,3833,-3838,3832,-3838,3833,-3840,3832,3839,3831,-3838,3831,-3837,3832,-3839,3832,-3839,3832,3841,3832,-3840,3831,-3838,3834,-3838,3834,-3838,3833,-3838,3833,-3838,3832,-3837,3834,-3838,3836,3840,3833,-3839,3833,-3834,3831,-3838,3831,-3840,3831,3838,3834,-3837,3832,-3837,3834,-3838,3830,-3839,3830,-3841,3831,-3842,3829,-3841,3831,-3840,3829,3839,3828,-3841,3827,-3841,3826,-3842,3827,-3841,3827,-3842,3826,3840,3828,-3839,3829,-3838,3831,-3840,3829,-3838,3830,3839,3828,-3835,-0.32,SJNFAAZE1U0005576,117.77,14.40,9161.97265625,79,75,0,0,0,0,14.5,99.17,-172900,100,1528029928.066,2000,2,1,0,6,0,0,0,0,4,368.01,368.01,7F,1,1,1,0080,83,40,40,0,0,19,0.00
03/06/2018 13:45:31,55 59.40535,-2 30.55496,239,0,345,681954,1144818,368.54,-18.615,3846,3832,3839,14,0,109.1,42.9,104.2,40.1,none,none,95.0,35.0,3838,3846,3835,-3843,3839,3841,3839,-3841,3836,-3841,3838,-3843,3837,-3843,3836,-3844,3837,-3842,3836,3842,3837,-3842,3836,-3842,3837,-3844,3835,-3843,3836,3842,3837,-3843,3837,-3841,3838,-3843,3837,-3842,3837,-3841,3838,-3842,3840,-3842,3838,-3842,3838,3839,3836,-3843,3838,-3844,3838,-3842,3839,-3840,3838,3842,3839,-3841,3835,-3844,3835,-3845,3835,-3845,3835,-3844,3837,3844,3836,-3843,3832,-3844,3832,-3844,3832,-3844,3834,-3845,3833,-3845,3832,-3844,3835,-3843,3835,3842,3838,-3845,3835,-3841,3836,-3842,3835,-3840,-0.33,SJNFAAZE1U0005576,117.77,14.40,9161.97265625,79,75,0,0,0,0,14.5,99.17,-172902,100,1528029931.753,0,2,0,0,0,0,0,0,0,4,368.51,368.51,7F,1,1,1,0080,83,40,40,0,0,19,-28.00
03/06/2018 13:45:35,55 59.40535,-2 30.55496,239,0,345,682057,1144818,368.35,-6.408,3843,3830,3837,13,0,109.1,42.9,104.2,40.1,none,none,95.2,35.1,3837,-3842,3835,-3840,3837,3839,3837,-3838,3835,-3839,3835,-3839,3836,-3841,3835,-3841,3834,-3841,3834,-3840,3836,-3840,3836,3840,3836,-3842,3834,-3841,3835,-3839,3837,-3840,3835,3839,3836,-3839,3837,-3839,3835,-3839,3836,-3838,3839,-3840,3837,-3840,3837,-3836,3834,-3839,3835,3842,3833,-3840,3836,-3838,3835,-3840,3837,-3840,3833,-3841,3833,3842,3834,-3843,3833,-3841,3835,-3841,3832,-3840,3830,3842,3831,-3842,3831,-3842,3831,-3841,3831,-3843,3830,-3841,3833,-3840,3831,-3841,3835,-3842,3832,3840,3833,-3840,3832,-3837,-0.34,SJNFAAZE1U0005576,117.77,14.40,9161.97265625,79,75,0,0,0,0,14.5,99.17,-172906,100,1528029935.585,0,2,0,0,0,0,0,0,0,4,368.37,368.37,7F,1,1,1,0080,83,40,40,0,0,19,-13.50
03/06/2018 13:45:39,55 59.40535,-2 30.55496,239,0,345,682131,1144818,368.45,-4.699,3846,3829,3838,17,0,109.1,42.9,104.2,40.1,none,none,95.0,35.0,-3842,3837,-3841,3834,-3843,3836,-3842,3835,-3842,3835,-3841,3836,-3843,3836,-3842,3835,-3841,3835,-3840,3834,-3842,3834,-3842,3836,-3842,3835,-3844,3834,-3842,3837,-3841,3837,-3842,3837,-3841,3837,-3842,3835,-3841,3835,-3843,3835,-3843,3837,-3842,3836,-3842,3835,-3840,3833,-3843,3835,-3843,3835,-3843,3834,-3842,3833,-3844,3832,-3841,3831,-3845,3832,-3845,3834,-3843,3832,-3844,3833,-3843,3833,-3842,3829,-3845,3829,-3843,3830,-3846,3830,-3845,3831,-3843,3832,-3842,3831,-3843,3833,-3843,3835,-3841,3833,-3843,3833,-3842,3832,-0.32,SJNFAAZE1U0005576,117.77,14.40,9161.97265625,79,75,0,0,0,0,14.5,99.17,-172909,100,1528029939.274,0,3,0,0,0,0,0,0,0,4,368.42,368.42,7F,1,1,1,0080,83,40,40,0,0,19,-15.75
03/06/2018 13:45:42,55 59.40535,-2 30.55496,239,0,345,682259,1144818,369.12,-26.580,3853,3836,3845,17,0,109.4,43.0,104.2,40.1,none,none,95.0,35.0,-3850,3845,-3848,3843,-3851,3843,-3848,3843,-3849,3843,-3848,3844,-3849,3843,-3850,3843,-3848,3842,-3847,3842,-3850,3842,-3848,3844,-3849,3843,-3850,3841,-3848,3844,-3848,3844,-3849,3843,-3847,3845,-3847,3843,-3847,3843,-3848,3844,-3850,3845,-3848,3844,-3849,3843,-3848,3841,-3850,3843,-3851,3844,-3851,3841,-3848,3841,-3852,3841,-3851,3839,-3853,3840,-3852,3842,-3850,3840,-3852,3840,-3851,3840,-3849,3838,-3853,3837,-3852,3836,-3853,3838,-3853,3838,-3852,3839,-3850,3840,-3851,3841,-3852,3843,-3849,3840,-3851,3841,-3849,3839,-0.39,SJNFAAZE1U0005576,117.77,14.40,9161.97265625,79,75,0,0,0,0,14.5,99.17,-172914,100,1528029942.943,0,2,1,0,6,0,0,0,0,4,369.23,369.23,7F,1,1,1,0080,82,40,40,0,0,11,-63.50
03/06/2018 13:45:46,55 59.40535,-2 30.55496,239,0,345,682408,1144818,368.74,-8.727,3849,3832,3841,17,0,109.1,42.9,104.2,40.1,none,none,95.0,35.0,-3845,3841,-3844,3838,-3846,3840,-3844,3838,-3845,3839,-3844,3840,-3845,3839,-3846,3839,-3845,3838,-3844,3838,-3845,3838,-3844,3840,-3845,3838,-3846,3838,-3844,3840,-3844,3840,-3844,3840,-3843,3841,-3844,3840,-3843,3838,-3846,3839,-3847,3841,-3845,3841,-3844,3839,-3843,3837,-3846,3839,-3845,3839,-3846,3838,-3846,3836,-3848,3837,-3847,3835,-3848,3836,-3847,3838,-3847,3837,-3847,3837,-3846,3837,-3845,3832,-3849,3833,-3847,3833,-3848,3834,-3848,3835,-3847,3835,-3845,3835,-3846,3835,-3847,3839,-3843,3836,-3846,3836,-3845,3836,-0.37,SJNFAAZE1U0005576,117.77,14.40,9161.97265625,79,75,0,0,0,0,14.5,99.17,-172920,100,1528029946.602,0,2,0,0,0,0,0,0,0,4,368.87,368.87,7F,1,1,1,0080,82,40,40,0,0,19,-45.25
03/06/2018 13:45:50,55 59.40535,-2 30.55496,239,0,345,682438,1144818,368.45,1.922,3845,3831,3838,14,0,109.1,42.9,104.2,40.1,none,none,95.0,35.0,-3842,3838,-3840,3837,-3843,3837,-3841,3837,-3841,3837,-3841,3837,-3842,3837,-3842,3837,-3841,3836,-3840,3836,-3841,3835,-3841,3838,-3842,3836,-3843,3835,-3841,3839,-3842,3838,-3842,3837,-3841,3839,-3841,3836,-3841,3836,-3842,3837,-3843,3839,-3841,3837,-3841,3835,-3840,3835,-3842,3836,-3842,3836,-3843,3835,-3842,3835,-3844,3834,-3842,3833,-3844,3834,-3845,3836,-3842,3834,-3843,3834,-3842,3835,-3841,3831,-3843,3831,-3843,3831,-3845,3832,-3845,3833,-3843,3834,-3842,3833,-3841,3833,-3842,3837,-3842,3834,-3842,3833,-3841,3833,-0.33,SJNFAAZE1U0005576,117.77,14.40,9161.97265625,79,75,0,0,0,0,14.5,99.17,-172922,100,1528029950.449,0,2,0,0,0,0,0,0,0,4,368.51,368.51,7F,1,1,1,0080,82,40,40,0,0,19,6.00
03/06/2018 13:45:54,55 59.40535,-2 30.55496,239,0,345,682424,1144818,368.45,1.525,3846,3829,3838,17,0,109.1,42.9,104.2,40.1,none,none,95.0,35.0,-3837,3845,-3834,3842,-3837,3841,-3838,3840,-3835,3841,-3835,3842,-3836,3843,-3834,3843,-3834,3842,-3834,3842,-3835,3841,-3835,3842,-3836,3844,-3834,3844,3834,-3842,3837,3842,-3836,3840,-3835,3842,-3835,3841,-3836,3841,-3836,3841,-3838,3843,-3835,3841,-3836,3839,-3835,3841,-3834,3843,-3834,3841,-3836,3840,-3834,3841,-3836,3841,-3833,3844,-3833,3846,-3834,3845,-3832,3844,-3834,3843,-3833,3842,-3831,3844,-3830,3844,-3829,3844,-3830,3844,-3830,3845,-3830,3843,-3831,3842,-3832,3842,-3835,3844,-3832,3842,-3833,3842,-3832,3839,-0.32,SJNFAAZE1U0005576,117.77,14.40,9161.97265625,79,75,0,0,0,0,14.5,99.17,-172922,100,1528029954.196,0,2,0,0,0,0,0,0,0,4,368.47,368.47,7F,1,1,1,0080,82,40,40,0,0,19,0.00
03/06/2018 13:45:58,55 59.40535,-2 30.55496,239,0,345,682407,1144818,368.35,2.197,3845,3828,3837,17,0,109.1,42.9,104.2,40.1,none,none,95.0,35.0,3836,3844,3833,-3841,3836,3840,3838,-3839,3835,-3841,3835,-3841,3835,-3843,3834,-3842,3834,-3841,3833,3841,3835,-3840,3834,-3841,3835,-3844,3833,-3843,3834,-3841,3836,3841,3837,-3840,3836,-3840,3836,-3840,3834,-3840,3837,3841,3839,-3842,3836,-3841,3837,-3839,3834,-3842,3834,-3843,3834,-3842,3837,-3839,3834,-3840,3836,3841,3832,-3843,3832,-3844,3833,-3845,3832,-3843,3834,3842,3832,-3841,3830,-3844,3829,-3844,3828,-3844,3830,-3844,3830,-3844,3828,-3842,3831,-3842,3831,3842,3835,-3844,3832,-3841,3833,-3841,3831,-3838,-0.33,SJNFAAZE1U0005576,117.77,14.40,9161.97265625,79,75,0,0,0,0,14.5,99.17,-172922,100,1528029958.089,0,2,1,0,5,0,0,0,0,4,368.41,368.41,7F,1,1,1,0080,82,40,40,0,0,19,0.00
03/06/2018 13:46:01,55 59.40535,-2 30.55496,239,0,345,682389,1144818,368.45,1.311,3845,3829,3838,16,0,109.1,42.9,104.2,40.1,none,none,95.0,35.0,3836,-3844,3833,-3843,3836,3840,3838,-3840,3836,-3841,3835,-3841,3836,-3843,3835,-3843,3835,-3842,3834,-3841,3835,-3841,3834,3842,3834,-3844,3834,-3843,3834,-3840,3837,-3842,3837,-3841,3836,3842,3836,-3841,3835,-3840,3836,-3841,3839,-3843,3835,3841,3835,-3838,3834,-3841,3835,-3842,3835,-3842,3837,-3839,3834,-3841,3836,-3842,3833,-3842,3833,3845,3833,-3845,3833,-3843,3834,-3843,3832,-3843,3831,3843,3829,-3843,3829,-3844,3831,-3844,3831,-3845,3829,-3843,3831,-3842,3832,-3842,3835,-3843,3832,3840,3833,-3841,3831,-3839,-0.33,SJNFAAZE1U0005576,117.77,14.40,9161.97265625,79,75,0,0,0,0,14.5,99.17,-172922,100,1528029961.870,0,2,0,0,0,0,0,0,0,4,368.44,368.44,7F,1,1,1,0080,82,40,40,0,0,19,0.00
03/06/2018 13:46:05,55 59.40535,-2 30.55496,239,0,345,682376,1144818,368.45,1.647,3845,3831,3838,14,0,109.1,42.9,104.0,40.0,none,none,95.0,35.0,3837,-3844,3835,-3841,3837,3840,3837,-3839,3836,3840,3836,-3842,3837,-3842,3835,-3841,3836,-3840,3835,-3841,3835,3841,3835,-3841,3836,-3843,3835,-3842,3836,-3841,3838,-3841,3836,-3839,3836,-3841,3837,-3840,3835,3839,3836,-3840,3838,-3842,3836,-3840,3836,-3837,3835,3840,3835,-3843,3836,-3840,3837,-3839,3836,-3840,3837,-3840,3833,-3843,3833,-3842,3834,-3844,3833,3842,3835,-3842,3834,-3842,3832,-3843,3831,-3843,3831,3843,3832,-3843,3831,-3845,3831,-3841,3833,-3841,3832,-3841,3836,-3843,3832,-3840,3834,-3842,3832,3839,-0.21,SJNFAAZE1U0005576,117.77,14.40,9161.97265625,79,75,0,0,0,0,14.5,99.17,-172922,100,1528029965.623,0,3,0,0,0,0,0,0,0,4,368.43,368.43,7F,1,1,1,0080,82,40,40,0,0,19,0.00
03/06/2018 13:46:09,55 59.40535,-2 30.55496,239,0,345,682363,1144818,368.45,1.342,3846,3829,3838,17,0,109.1,42.9,104.0,40.0,none,none,95.0,35.0,3837,-3845,3834,3842,3837,3840,3837,-3840,3836,-3841,3835,-3842,3836,3843,3833,-3843,3834,-3842,3834,-3842,3835,-3841,3834,-3842,3835,3843,3834,-3843,3834,-3841,3837,-3841,3837,-3841,3836,-3841,3835,-3841,3834,-3841,3836,-3841,3838,3842,3837,-3841,3837,-3838,3834,-3842,3834,-3844,3834,3841,3836,-3840,3835,-3841,3837,-3842,3833,-3843,3832,-3844,3833,-3846,3831,-3843,3834,-3843,3833,3842,3832,-3844,3830,-3844,3829,-3845,3830,-3845,3831,3846,3830,-3843,3832,-3842,3831,-3841,3835,-3844,3833,-3841,3833,-3842,3832,-3838,-0.36,SJNFAAZE1U0005576,117.77,14.40,9161.97265625,79,75,0,0,0,0,14.5,99.17,-172922,100,1528029969.393,0,2,0,0,0,0,0,0,0,4,368.45,368.45,7F,1,1,1,0080,82,40,40,0,0,19,0.00
03/06/2018 13:46:13,55 59.40535,-2 30.55496,239,0,345,682349,1144818,368.35,2.136,3845,3829,3837,16,0,109.1,42.9,104.2,40.1,none,none,95.0,35.0,-3842,3836,-3841,3835,-3842,3836,-3841,3835,-3841,3836,-3841,3836,-3841,3835,-3843,3835,-3840,3834,-3841,3834,-3842,3834,-3841,3836,-3842,3835,-3842,3834,-3840,3836,-3841,3837,-3840,3836,-3839,3838,-3840,3835,-3840,3834,-3841,3836,-3843,3837,-3841,3835,-3841,3834,-3840,3832,-3843,3834,-3841,3834,-3843,3834,-3842,3832,-3845,3832,-3842,3831,-3843,3832,-3844,3834,-3843,3832,-3843,3833,-3843,3833,-3842,3829,-3845,3830,-3843,3829,-3845,3830,-3845,3830,-3843,3831,-3842,3831,-3843,3833,-3843,3836,-3840,3831,-3843,3832,-3839,3831,-0.34,SJNFAAZE1U0005576,117.77,14.40,9161.97265625,79,75,0,0,0,0,14.5,99.17,-172922,100,1528029973.029,0,2,1,0,12,0,0,0,0,4,368.43,368.43,7F,1,1,1,0080,81,40,40,0,0,11,0.00
03/06/2018 13:46:16,55 59.40535,-2 30.55496,239,0,345,682329,1144818,368.26,3.051,3843,3828,3836,15,0,109.1,42.9,104.2,40.1,none,none,95.0,35.0,-3839,3836,-3838,3833,-3841,3836,-3839,3833,-3838,3835,-3839,3835,-3841,3834,-3840,3834,-3839,3833,-3838,3833,-3841,3833,-3840,3835,-3839,3834,-3840,3833,-3839,3835,-3838,3835,-3838,3835,-3838,3837,-3838,3834,-3838,3832,-3839,3834,-3841,3836,-3839,3835,-3840,3834,-3837,3832,-3840,3834,-3840,3834,-3840,3832,-3839,3832,-3842,3832,-3840,3831,-3841,3832,-3842,3834,-3841,3832,-3840,3831,-3839,3832,-3840,3829,-3842,3829,-3841,3828,-3843,3829,-3841,3830,-3841,3831,-3839,3831,-3839,3831,-3840,3835,-3837,3830,-3840,3830,-3838,3830,-0.34,SJNFAAZE1U0005576,117.77,14.40,9161.97265625,79,75,0,0,0,0,14.5,99.17,-172922,100,1528029976.951,0,2,0,0,7,0,0,0,0,4,368.38,368.38,7F,1,1,1,0080,81,40,40,0,0,19,83.25
03/06/2018 13:46:20,55 59.40535,-2 30.55496,239,0,345,682162,1144818,367.30,30.822,3832,3819,3826,13,0,109.1,42.9,104.0,40.0,none,none,94.8,34.9,-3828,3825,-3828,3823,-3831,3825,-3829,3825,-3831,3825,-3829,3826,-3829,3825,-3830,3824,-3829,3824,-3829,3823,-3830,3824,-3829,3827,-3830,3825,-3831,3823,-3829,3825,-3829,3826,-3829,3825,-3828,3826,-3829,3825,-3827,3823,-3830,3825,-3831,3827,-3828,3826,-3829,3823,-3827,3821,-3829,3823,-3829,3822,-3830,3823,-3829,3822,-3831,3822,-3829,3820,-3831,3822,-3832,3825,-3830,3822,-3830,3821,-3829,3822,-3830,3819,-3832,3819,-3831,3819,-3831,3819,-3832,3820,-3830,3820,-3829,3821,-3829,3822,-3829,3824,-3826,3820,-3828,3821,-3828,3820,-0.37,SJNFAAZE1U0005576,117.77,14.40,9161.97265625,79,75,0,0,0,0,14.5,99.17,-172922,100,1528029980.670,8400,2,0,0,0,0,0,0,0,4,367.37,367.37,7F,1,1,1,0080,81,40,40,0,0,19,74.25
03/06/2018 13:46:24,55 59.40535,-2 30.55496,239,0,345,681879,1144818,367.39,18.645,3835,3818,3827,17,0,108.9,42.7,104.0,40.0,none,none,95.0,35.0,-3830,3827,-3831,3825,-3832,3827,-3831,3826,-3831,3826,-3831,3827,-3831,3825,-3831,3825,-3831,3824,-3831,3824,-3832,3825,-3831,3826,-3832,3824,-3832,3824,-3832,3827,-3831,3827,-3831,3826,-3830,3828,-3830,3824,-3831,3824,-3831,3826,-3833,3828,-3830,3826,-3831,3824,-3829,3822,-3831,3825,-3830,3823,-3830,3824,-3832,3822,-3833,3822,-3831,3820,-3832,3820,-3835,3823,-3832,3823,-3833,3823,-3832,3823,-3833,3819,-3834,3819,-3833,3818,-3835,3819,-3833,3820,-3834,3822,-3830,3822,-3831,3822,-3831,3824,-3829,3822,-3831,3821,-3830,3821,-0.37,SJNFAAZE1U0005576,117.77,14.40,9161.97265625,79,75,0,0,0,0,14.5,99.17,-172922,100,1528029984.503,8920,2,0,0,0,0,0,0,0,4,367.45,367.45,7F,1,1,1,0080,81,40,40,0,0,19,4.00
03/06/2018 13:46:28,55 59.40535,-2 30.55496,239,0,345,681801,1144818,367.78,9.612,3839,3822,3831,17,0,109.1,42.9,104.0,40.0,none,none,95.0,35.0,-3829,3838,-3827,3836,-3830,3834,-3832,3833,-3829,3835,-3828,3835,-3829,3837,-3827,3836,-3828,3835,-3828,3834,-3829,3836,-3829,3836,-3829,3838,-3827,3837,-3827,3834,-3830,3836,-3830,3835,-3829,3835,-3829,3835,-3829,3835,-3830,3834,-3831,3837,-3829,3836,-3830,3831,-3826,3834,-3827,3837,-3828,3835,-3829,3834,-3828,3834,-3830,3834,-3825,3836,-3826,3838,-3826,3839,-3826,3837,-3827,3837,-3825,3836,-3826,3838,-3823,3838,3823,-3838,3824,3838,3823,-3839,3822,-3837,3825,-3835,3826,-3836,3828,-3837,3826,3835,-3827,3835,-3825,-3832,-0.38,SJNFAAZE1U0005576,117.77,14.40,9161.97265625,79,75,0,0,0,0,14.5,99.17,-172922,100,1528029988.135,2480,2,0,0,0,0,0,0,0,4,367.84,367.84,7F,1,1,1,0080,81,40,40,0,0,19,34.25
03/06/2018 13:46:31,55 59.40535,-2 30.55496,239,0,345,681804,1144818,368.64,-13.183,3847,3831,3840,16,0,109.1,42.9,104.0,40.0,none,none,95.0,35.0,3838,-3847,3836,-3844,3838,3842,3840,-3841,3838,-3843,3837,3843,3838,-3845,3836,-3844,3836,-3843,3836,-3842,3837,3844,3837,-3843,3837,-3846,3836,-3845,3837,-3843,3839,-3844,3839,-3843,3838,-3844,3837,-3842,3837,3842,3838,-3842,3840,-3845,3839,-3843,3839,-3839,3836,3843,3838,-3845,3835,-3843,3838,-3843,3837,-3843,3838,-3843,3835,-3846,3835,-3846,3835,-3847,3834,3845,3836,-3845,3834,-3844,3832,-3847,3832,-3846,3831,3847,3833,-3846,3833,-3847,3832,-3844,3833,-3845,3834,-3844,3836,3845,3834,-3844,3836,-3844,3834,-3840,-0.37,SJNFAAZE1U0005576,117.77,14.40,9161.97265625,79,75,0,0,0,0,14.5,99.17,-172922,100,1528029991.907,0,2,1,0,6,0,0,0,0,4,368.63,368.63,7F,1,1,1,0080,81,40,40,0,0,19,-40.25
03/06/2018 13:46:35,55 59.40535,-2 30.55496,239,0,345,681959,1144818,368.74,-11.169,3849,3832,3841,17,0,109.1,42.9,104.0,40.0,none,none,94.8,34.9,3839,-3849,3836,-3846,3839,3843,3841,-3843,3838,-3844,3837,-3844,3838,-3847,3837,3845,3837,-3845,3838,-3844,3838,-3844,3838,-3845,3838,3847,3837,-3846,3837,-3845,3839,-3844,3840,-3844,3838,-3844,3838,-3844,3837,-3844,3839,-3843,3841,3845,3839,-3845,3840,-3842,3836,-3845,3837,-3847,3838,3845,3840,-3844,3838,-3845,3840,-3846,3836,-3847,3835,-3848,3836,-3849,3836,-3846,3837,-3847,3836,3845,3835,-3848,3833,-3847,3833,-3848,3833,-3849,3834,3848,3832,-3846,3835,-3845,3834,-3846,3838,-3847,3836,-3843,3835,3845,3834,-3842,-0.34,SJNFAAZE1U0005576,117.77,14.40,9161.97265625,79,75,0,0,0,0,14.5,99.17,-172928,100,1528029995.725,0,2,0,0,0,0,0,0,0,4,368.84,368.84,7F,1,1,1,0080,81,40,40,0,0,19,-85.50
03/06/2018 13:46:39,55 59.40535,-2 30.55496,239,0,345,681970,1144818,368.35,1.769,3844,3830,3837,14,0,108.9,42.7,104.0,40.0,none,none,94.8,34.9,3836,3843,3835,-3841,3836,3840,3837,-3838,3837,-3840,3836,-3841,3836,-3841,3835,-3841,3835,-3841,3835,3839,3835,-3841,3835,-3841,3835,-3842,3835,-3842,3834,3840,3837,-3841,3837,-3839,3836,-3840,3836,-3840,3834,-3839,3836,-3840,3839,-3841,3837,-3840,3837,3838,3835,-3840,3835,-3842,3836,-3840,3837,-3840,3835,3840,3837,-3839,3833,-3842,3833,-3843,3835,-3844,3833,-3842,3834,-3841,3833,-3841,3833,-3843,3830,3842,3830,-3843,3831,-3842,3831,-3843,3830,-3841,3831,-3841,3830,3841,3835,-3842,3833,-3840,3834,-3841,3831,-3837,-0.36,SJNFAAZE1U0005576,117.77,14.40,9161.97265625,79,75,0,0,0,0,14.5,99.17,-172929,100,1528029999.507,0,2,0,0,0,0,0,0,0,4,368.42,368.42,7F,1,1,1,0080,81,40,40,0,0,19,0.00
03/06/2018 13:46:43,55 59.40535,-2 30.55496,239,0,345,681956,1144818,368.35,1.433,3844,3830,3837,14,0,109.1,42.9,104.0,40.0,none,none,95.0,35.0,3836,-3843,3834,-3841,3837,3840,3838,-3839,3836,-3840,3836,-3840,3836,-3841,3835,-3841,3835,-3840,3834,-3840,3835,-3840,3835,3841,3836,-3842,3835,-3841,3834,-3840,3836,-3841,3837,3839,3836,-3840,3837,-3840,3836,-3839,3836,-3840,3839,-3842,3837,-3840,3837,-3837,3834,-3840,3834,3842,3835,-3840,3837,-3839,3835,-3840,3836,-3839,3833,3842,3834,-3842,3834,-3844,3833,-3842,3835,-3842,3833,-3841,3832,3842,3831,-3842,3830,-3842,3831,-3843,3831,-3844,3831,-3841,3833,-3840,3832,-3841,3836,-3843,3833,3840,3833,-3841,3832,-3838,-0.37,SJNFAAZE1U0005576,117.77,14.40,9161.97265625,79,75,0,0,0,0,14.5,99.17,-172929,100,1528030003.133,0,2,0,0,0,0,0,0,0,4,368.41,368.41,7F,1,1,1,0080,81,40,40,0,0,19,0.00
03/06/2018 13:46:46,55 59.40535,-2 30.55496,239,0,345,681941,1144818,368.35,2.197,3845,3828,3837,17,0,109.1,42.9,104.0,40.0,none,none,94.8,34.9,-3842,3836,-3839,3834,-3842,3836,-3840,3834,-3841,3835,-3840,3835,-3841,3834,-3841,3833,-3841,3834,-3840,3833,-3840,3833,-3840,3835,-3842,3834,-3841,3833,-3840,3836,-3840,3836,-3840,3834,-3839,3836,-3839,3834,-3840,3833,-3841,3834,-3842,3837,-3840,3834,-3840,3834,-3839,3832,-3841,3834,-3841,3834,-3842,3833,-3842,3831,-3844,3831,-3841,3830,-3843,3830,-3843,3834,-3842,3832,-3843,3832,-3842,3831,-3841,3829,-3843,3829,-3843,3828,-3845,3829,-3844,3829,-3843,3830,-3842,3831,-3841,3831,-3842,3834,-3840,3830,-3842,3832,-3840,3830,-0.35,SJNFAAZE1U0005576,117.77,14.40,9161.97265625,79,75,0,0,0,0,14.5,99.17,-172929,100,1528030006.734,0,3,1,0,5,0,0,0,0,4,368.37,368.37,7F,1,1,1,0080,81,40,40,0,0,19,0.00
03/06/2018 13:46:50,55 59.40535,-2 30.55496,239,0,345,681923,1144818,368.35,1.433,3844,3830,3837,14,0,108.9,42.7,104.0,40.0,none,none,94.8,34.9,-3841,3839,-3839,3835,-3842,3836,-3840,3835,-3841,3836,-3840,3836,-3841,3837,-3841,3834,-3840,3834,-3840,3835,-3841,3836,-3840,3836,-3841,3835,-3842,3835,-3840,3837,-3841,3837,-3840,3837,-3840,3837,-3839,3835,-3840,3835,-3840,3836,-3842,3837,-3840,3837,-3840,3834,-3840,3833,-3841,3834,-3840,3835,-3842,3834,-3840,3833,-3844,3834,-3841,3832,-3843,3834,-3843,3835,-3842,3833,-3842,3833,-3842,3834,-3840,3830,-3843,3830,-3843,3831,-3843,3831,-3843,3832,-3843,3832,-3841,3832,-3842,3833,-3842,3836,-3839,3832,-3841,3833,-3839,3833,-0.34,SJNFAAZE1U0005576,117.77,14.40,9161.97265625,79,75,0,0,0,0,14.5,99.17,-172929,100,1528030010.461,0,2,0,0,0,0,0,0,0,4,368.42,368.42,7F,1,1,1,0080,80,40,40,0,0,19,0.00
03/06/2018 13:46:54,55 59.40535,-2 30.55496,239,0,345,681910,1144818,368.35,1.433,3845,3828,3837,17,0,109.1,42.9,104.0,40.0,none,none,94.8,34.9,-3842,3838,-3841,3834,-3843,3835,-3841,3835,-3840,3835,-3840,3836,-3842,3836,-3842,3835,-3841,3835,-3841,3834,-3842,3834,-3842,3837,-3842,3834,-3842,3833,-3841,3835,-3839,3837,-3841,3835,-3840,3837,-3840,3834,-3840,3834,-3841,3835,-3842,3837,-3840,3836,-3842,3834,-3840,3833,-3842,3834,-3842,3834,-3843,3834,-3842,3834,-3844,3832,-3842,3830,-3844,3832,-3844,3834,-3843,3832,-3844,3832,-3843,3833,-3842,3828,-3844,3829,-3844,3829,-3845,3830,-3845,3830,-3844,3831,-3842,3831,-3841,3831,-3843,3835,-3841,3831,-3842,3832,-3841,3832,-0.34,SJNFAAZE1U0005576,117.77,14.40,9161.97265625,79,75,0,0,0,0,14.5,99.17,-172929,100,1528030014.474,0,2,0,0,0,0,0,0,0,4,368.43,368.43,7F,1,1,1,0080,80,40,40,0,0,11,0.00
03/06/2018 13:46:58,55 59.40535,-2 30.55496,239,0,345,681896,1144818,368.35,1.220,3846,3828,3837,18,0,109.1,42.9,104.0,40.0,none,none,94.8,34.9,-3842,3837,-3841,3835,-3843,3836,-3841,3836,-3841,3836,-3841,3836,-3841,3835,-3841,3835,-3840,3835,-3839,3835,-3841,3834,-3841,3836,-3843,3835,-3842,3834,-3840,3836,-3841,3837,-3841,3837,-3840,3838,-3840,3835,-3841,3835,-3842,3835,-3842,3838,-3841,3836,-3841,3835,-3840,3833,-3843,3834,-3841,3835,-3843,3834,-3842,3832,-3845,3833,-3842,3831,-3844,3832,-3844,3834,-3843,3832,-3844,3833,-3842,3834,-3842,3828,-3845,3828,-3844,3828,-3846,3830,-3845,3831,-3844,3832,-3843,3832,-3843,3831,-3842,3836,-3841,3832,-3843,3832,-3840,3832,-0.32,SJNFAAZE1U0005576,117.77,14.40,9161.97265625,79,75,0,0,0,0,14.5,99.17,-172929,100,1528030018.260,0,2,0,0,0,0,0,0,0,4,368.44,368.44,7F,1,1,1,0080,80,40,40,0,0,19,0.00
03/06/2018 13:47:02,55 59.40535,-2 30.55496,239,0,345,681883,1144818,368.35,1.892,3845,3829,3837,16,0,108.9,42.7,104.0,40.0,none,none,94.8,34.9,-3837,3844,-3833,3842,-3836,3841,-3838,3840,-3834,3841,-3835,3841,-3835,3843,-3833,3842,-3833,3841,-3833,3840,-3835,3841,-3835,3842,-3834,3843,-3833,3843,3835,-3840,3837,3841,3836,-3840,3835,-3841,3835,-3841,3835,-3840,3836,-3840,3838,3842,3837,-3840,3835,-3838,3834,-3841,3834,-3843,-3834,3841,3837,-3840,-3834,3842,-3836,3841,-3832,3842,-3831,3844,-3832,3845,-3831,3842,-3834,3843,-3832,3841,-3831,3844,-3831,3844,-3829,3843,-3830,3844,-3830,3844,-3829,3843,-3831,3841,-3832,3842,-3834,3843,-3831,3840,-3832,3843,-3831,3838,-0.33,SJNFAAZE1U0005576,117.77,14.40,9161.97265625,79,75,0,0,0,0,14.5,99.17,-172929,100,1528030022.170,0,2,1,0,3,0,0,0,0,4,368.41,368.41,7F,1,1,1,0080,80,40,40,0,0,19,0.00
03/06/2018 13:47:05,55 59.40535,-2 30.55496,239,0,345,681865,1144818,368.35,1.311,3844,3830,3837,14,0,109.1,42.9,104.0,40.0,none,none,94.8,34.9,3837,3844,3834,-3842,3836,3840,3838,-3839,3836,-3840,3835,-3841,3835,-3842,3835,-3842,3835,-3841,3835,3840,3836,-3840,3836,-3842,3836,-3842,3833,-3842,3834,3842,3836,-3841,3837,-3840,3835,-3840,3836,-3840,3835,-3840,3836,-3840,3839,-3841,3836,-3840,3837,3837,3834,-3840,3835,-3842,3835,-3841,3837,-3840,3835,-3840,3837,3840,3834,-3842,3833,-3843,3834,-3844,3834,-3842,3835,3842,3834,-3840,3832,-3843,3831,-3842,3830,-3842,3832,-3843,3831,-3844,3832,-3842,3832,-3841,3833,3841,3835,-3842,3832,-3839,3834,-3841,3831,-3838,-0.36,SJNFAAZE1U0005576,117.77,14.40,9161.97265625,79,75,0,0,0,0,14.5,99.17,-172929,100,1528030025.931,0,2,0,0,7,0,0,0,0,4,368.44,368.44,7F,1,1,1,0080,80,40,40,0,0,19,0.00
03/06/2018 13:47:09,55 59.40535,-2 30.55496,239,0,345,681853,1144818,368.45,1.220,3846,3829,3838,17,0,108.9,42.7,104.0,40.0,none,none,94.8,34.9,3837,-3845,3834,-3843,3837,3841,3838,-3839,3836,-3841,3835,-3841,3835,-3844,3834,-3843,3834,-3841,3834,-3841,3835,-3842,3835,3842,3834,-3843,3834,-3843,3833,-3840,3836,-3841,3836,3840,3836,-3841,3835,-3841,3835,-3840,3836,-3839,3839,-3842,3836,-3841,3836,-3838,3834,-3841,3835,3844,3835,-3841,3837,-3840,3835,-3841,3836,-3842,3832,-3844,3832,3845,3832,-3846,3832,-3843,3833,-3843,3834,-3843,3832,3844,3829,-3844,3829,-3844,3830,-3845,3830,-3844,3830,-3843,3831,-3842,3831,-3843,3835,-3843,3832,3840,3833,-3843,3832,-3838,-0.37,SJNFAAZE1U0005576,117.77,14.40,9161.97265625,79,75,0,0,0,0,14.5,99.17,-172929,100,1528030029.723,0,2,0,0,0,0,0,0,0,4,368.44,368.44,7F,1,1,1,0080,80,40,40,0,0,19,0.00
03/06/2018 13:47:13,55 59.40535,-2 30.55496,239,0,345,681842,1144818,368.45,1.220,3845,3830,3838,15,0,109.1,42.9,104.0,40.0,none,none,94.8,34.9,3838,-3845,3834,-3841,3837,3840,3837,-3839,3836,3841,3836,-3841,3836,-3843,3835,-3841,3835,-3841,3835,-3840,3837,-3840,3835,-3841,3836,-3843,3835,3842,3834,-3840,3837,-3840,3837,-3840,3836,-3841,3837,3840,3835,-3840,3837,-3841,3839,-3843,3838,-3841,3837,-3839,3835,3841,3836,-3843,3836,-3841,3836,-3840,3835,-3840,3837,-3841,3833,-3842,3833,-3842,3835,-3845,3833,3842,3834,-3842,3833,-3841,3832,-3844,3831,-3842,3830,3844,3832,-3843,3832,-3843,3830,-3842,3833,-3842,3832,-3841,3836,-3843,3833,-3841,3834,-3841,3832,3839,-0.34,SJNFAAZE1U0005576,117.77,14.40,9161.97265625,79,75,0,0,0,0,14.5,99.17,-172929,100,1528030033.605,0,2,0,0,0,0,0,0,0,4,368.45,368.45,7F,1,1,1,0080,79,40,40,0,0,19,0.00
03/06/2018 13:47:17,55 59.40535,-2 30.55496,239,0,345,681830,1144818,368.35,1.372,3845,3828,3837,17,0,109.1,42.9,104.0,40.0,none,none,94.8,34.9,3836,-3844,3834,3840,3836,3840,3837,-3840,3835,-3841,3834,-3841,3835,3843,3834,-3842,3834,-3842,3833,-3841,3835,-3840,3835,-3842,3835,-3843,3834,-3842,3834,-3840,3836,3841,3835,-3840,3835,-3840,3835,-3841,3835,-3840,3836,3839,3838,-3842,3835,-3841,3836,-3837,3834,-3841,3833,-3843,3834,3839,3836,-3840,3835,-3841,3835,-3840,3832,-3843,3832,-3844,3833,-3845,3832,-3841,3833,-3843,3831,3842,3830,-3845,3830,-3844,3828,-3843,3830,-3844,3830,3844,3828,-3843,3831,-3841,3831,-3841,3834,-3843,3832,-3841,3833,-3842,3831,-3838,-0.36,SJNFAAZE1U0005576,117.77,14.40,9161.97265625,79,75,0,0,0,0,14.5,99.17,-172929,100,1528030037.385,0,3,0,0,0,0,0,0,0,4,368.46,368.46,7F,1,1,1,0080,79,40,40,0,0,19,0.00
03/06/2018 13:47:21,55 59.40535,-2 30.55496,239,0,345,681812,1144818,368.35,2.105,3845,3829,3837,16,0,108.9,42.7,104.0,40.0,none,none,94.8,34.9,-3841,3837,-3842,3834,-3842,3836,-3840,3835,-3840,3836,-3839,3835,-3841,3835,-3841,3834,-3840,3835,-3840,3834,-3842,3834,-3841,3835,-3842,3835,-3842,3833,-3840,3835,-3841,3835,-3840,3835,-3840,3837,-3840,3835,-3841,3834,-3842,3836,-3843,3837,-3841,3836,-3841,3834,-3839,3833,-3842,3834,-3841,3834,-3842,3834,-3841,3833,-3844,3833,-3842,3830,-3845,3832,-3844,3834,-3843,3832,-3843,3832,-3842,3832,-3841,3829,-3845,3829,-3844,3829,-3845,3830,-3844,3830,-3845,3832,-3842,3831,-3842,3832,-3843,3835,-3841,3832,-3843,3832,-3841,3832,-0.34,SJNFAAZE1U0005576,117.77,14.40,9161.97265625,79,75,0,0,0,0,14.5,99.17,-172929,100,1528030041.171,0,2,1,0,6,0,0,0,0,4,368.41,368.41,7F,1,1,1,0080,79,40,40,0,0,19,0.00
03/06/2018 13:47:25,55 59.40535,-2 30.55496,239,0,345,681722,1144818,367.49,25.024,3835,3820,3828,15,0,108.9,42.7,104.0,40.0,none,none,94.6,34.8,-3829,3828,-3830,3825,-3833,3827,-3832,3826,-3832,3826,-3832,3827,-3832,3826,-3832,3826,-3832,3826,-3832,3825,-3833,3826,-3832,3826,-3832,3826,-3833,3826,-3830,3828,-3832,3829,-3832,3827,-3831,3830,-3829,3827,-3831,3826,-3832,3827,-3834,3829,-3832,3827,-3831,3826,-3828,3823,-3832,3825,-3831,3826,-3832,3825,-3833,3825,-3834,3824,-3832,3824,-3833,3823,-3835,3825,-3833,3826,-3834,3825,-3832,3824,-3833,3820,-3833,3821,-3834,3823,-3835,3823,-3834,3823,-3832,3824,-3830,3823,-3831,3823,-3832,3827,-3830,3825,-3832,3824,-3832,3823,-0.34,SJNFAAZE1U0005576,117.77,14.40,9161.97265625,79,75,0,0,0,0,14.5,99.17,-172929,100,1528030045.089,6000,2,0,0,0,0,0,0,0,4,367.68,367.68,7F,1,1,1,0080,78,40,40,0,0,19,86.00
03/06/2018 13:47:29,55 59.40535,-2 30.55496,239,0,345,681419,1144818,367.10,36.071,3830,3816,3824,14,0,108.9,42.7,103.8,39.9,none,none,94.8,34.9,-3826,3823,-3826,3822,-3828,3823,-3826,3822,-3827,3822,-3827,3823,-3826,3822,-3827,3822,-3827,3822,-3826,3822,-3827,3822,-3827,3824,-3828,3822,-3827,3821,-3826,3823,-3826,3824,-3828,3824,-3826,3824,-3826,3821,-3826,3822,-3827,3823,-3828,3825,-3826,3823,-3825,3821,-3825,3819,-3826,3821,-3826,3821,-3828,3821,-3829,3820,-3829,3819,-3826,3818,-3829,3818,-3829,3821,-3828,3821,-3829,3820,-3829,3820,-3829,3817,-3829,3816,-3829,3817,-3830,3818,-3830,3819,-3828,3819,-3827,3819,-3828,3819,-3828,3822,-3826,3819,-3828,3819,-3825,3818,-0.35,SJNFAAZE1U0005576,117.77,14.40,9161.97265625,79,75,0,0,0,0,14.5,99.17,-172929,100,1528030049.076,10560,2,0,0,0,0,0,0,0,4,366.99,366.99,7F,1,1,1,0080,78,40,40,0,0,19,4.50
03/06/2018 13:47:32,55 59.40535,-2 30.55496,239,0,345,681259,1144818,367.58,16.784,3836,3822,3829,14,0,108.9,42.7,103.8,39.9,none,none,94.8,34.9,-3833,3829,-3832,3828,-3834,3829,-3831,3828,-3832,3827,-3831,3828,-3833,3828,-3832,3828,-3832,3828,-3831,3827,-3833,3827,-3831,3829,-3833,3829,-3834,3828,-3831,3828,-3832,3830,-3832,3829,-3831,3830,-3831,3828,-3832,3827,-3833,3828,-3834,3830,-3832,3828,-3833,3827,-3830,3825,-3832,3828,-3833,3827,-3835,3826,-3833,3825,-3835,3825,-3834,3824,-3835,3825,-3834,3827,-3835,3826,-3834,3826,-3833,3826,-3834,3822,-3835,3823,-3835,3823,-3836,3823,-3835,3824,-3833,3825,-3833,3825,-3833,3826,-3834,3828,-3831,3825,-3834,3825,-3832,3824,-0.35,SJNFAAZE1U0005576,117.76,14.40,9161.97265625,79,75,0,0,0,0,14.5,99.17,-172929,100,1528030052.980,6800,2,0,0,0,0,0,0,0,4,367.50,367.50,7F,1,1,1,0080,78,40,40,0,0,19,5.75
03/06/2018 13:47:36,55 59.40535,-2 30.55496,239,0,345,681098,1144818,367.01,30.761,3831,3814,3823,17,0,108.9,42.7,103.8,39.9,none,none,94.8,34.9,3820,-3829,3818,-3826,3821,3826,3824,-3824,3821,-3827,3821,-3826,3821,-3829,3820,-3828,3820,-3827,3819,-3827,3820,-3826,3821,3828,3821,-3829,3819,-3828,3819,-3826,3822,-3827,3823,3825,3822,-3826,3821,-3826,3821,-3825,3823,-3825,3824,-3827,3822,-3826,3821,-3823,-3819,-3825,3818,3828,-3819,3826,-3820,3824,-3819,3826,-3822,3825,-3816,3827,-3817,3828,-3818,3831,-3817,3828,-3819,3828,-3818,3826,-3818,3828,-3815,3829,3814,-3830,3816,3830,3815,-3830,3815,-3828,3816,-3827,3817,-3827,3819,-3828,3817,3826,3818,-3827,3817,-3823,-0.36,SJNFAAZE1U0005576,117.76,14.40,9161.97265625,79,75,0,0,0,0,14.5,99.17,-172929,100,1528030056.655,8320,2,1,0,6,0,0,0,0,4,367.06,367.06,7F,1,1,1,0080,78,40,40,0,0,19,43.00
03/06/2018 13:47:40,55 59.40535,-2 30.55496,239,0,344,680843,1144818,368.06,2.441,3841,3828,3834,13,0,108.9,42.7,103.8,39.9,none,none,94.6,34.8,3834,-3841,3832,-3838,3834,3837,3835,-3836,3833,3837,3832,-3837,3833,-3839,3832,-3838,3831,-3838,3831,-3837,3833,-3837,3831,-3838,3834,-3839,3831,3838,3831,-3838,3834,-3838,3835,-3836,3834,-3838,3832,3837,3833,-3837,3833,-3837,3836,-3839,3835,-3838,3833,-3834,3831,3838,3833,-3840,3832,-3838,3834,-3837,3834,-3837,3834,-3838,3831,-3839,3831,-3839,3830,-3840,3830,3840,3831,-3840,3830,-3838,3830,-3839,3828,-3839,3828,3840,3828,-3840,3828,-3840,3828,-3839,3829,-3838,3828,-3840,3833,-3840,3829,-3838,3830,-3837,3829,3834,-0.37,SJNFAAZE1U0005576,117.76,14.40,9161.97265625,79,75,0,0,0,0,14.5,99.17,-172929,100,1528030060.590,3600,2,0,0,0,0,0,0,0,4,367.63,367.63,7F,1,1,1,0080,78,40,40,0,0,19,-37.75
03/06/2018 13:47:44,55 59.40535,-2 30.55496,239,0,344,680921,1144818,368.54,-14.556,3847,3831,3839,16,0,108.9,42.7,103.8,39.9,none,none,94.6,34.8,3840,-3847,3836,3844,3838,3843,3840,-3840,3837,-3843,3836,-3843,3837,3845,3836,-3844,3836,-3843,3836,-3842,3836,-3842,3835,-3843,3836,-3845,3836,-3843,3835,-3842,3837,3843,3838,-3841,3837,-3843,3837,-3842,3836,-3841,3838,3843,3840,-3844,3837,-3843,3838,-3839,3837,-3844,3836,-3845,3837,3843,3838,-3842,3836,-3843,3838,-3843,3834,-3845,3834,-3845,3835,-3846,3834,-3845,3836,-3845,3834,3844,3833,-3847,3831,-3847,3832,-3846,3832,-3847,3832,3846,3832,-3846,3834,-3843,3834,-3844,3837,-3847,3834,-3843,3836,-3845,3833,-3840,-0.34,SJNFAAZE1U0005576,117.76,14.40,9161.97265625,79,75,0,0,0,0,14.5,99.17,-172932,100,1528030064.407,0,2,0,0,0,0,0,0,0,4,368.44,368.44,7F,1,1,1,0080,78,40,40,0,0,19,-44.00
03/06/2018 13:47:48,55 59.40535,-2 30.55496,239,0,345,681071,1144818,368.64,-10.864,3849,3833,3840,16,0,108.9,42.7,104.0,40.0,none,none,94.8,34.9,3840,-3849,3836,-3846,3839,3843,3840,3842,3837,-3844,3836,-3844,3838,-3846,3836,-3846,3837,3844,3835,-3844,3838,-3844,3836,-3845,3837,-3847,3836,-3845,3837,-3845,3839,-3844,3839,-3844,3837,3844,3838,-3844,3837,-3843,3838,-3844,3841,-3845,3838,3845,3839,-3841,3837,-3845,3837,-3847,3839,-3844,3840,-3843,3837,3844,3839,-3844,3836,-3846,3836,-3847,3835,-3849,3834,-3846,3836,-3845,3835,-3845,3834,-3847,3833,3847,3833,-3846,3834,-3847,3833,-3849,3833,-3846,3834,3844,3835,-3845,3838,-3846,3836,-3844,3836,-3845,3834,-3842,-0.33,SJNFAAZE1U0005576,117.76,14.40,9161.97265625,79,75,0,0,0,0,14.5,99.17,-172938,100,1528030068.149,0,2,0,0,0,0,0,0,0,4,368.65,368.65,7F,1,1,1,0080,78,40,40,0,0,19,-51.25
03/06/2018 13:47:51,55 59.40535,-2 30.55496,239,0,345,681128,1144818,368.26,1.433,3843,3829,3836,14,0,108.9,42.7,103.8,39.9,none,none,94.8,34.9,3836,-3843,3833,-3840,3836,3839,3836,-3838,3835,-3839,3834,3841,3835,-3841,3834,-3841,3834,-3839,3834,-3839,3835,3840,3834,-3840,3834,-3842,3833,-3841,3833,-3839,3835,-3839,3836,-3839,3834,-3840,3835,-3839,3835,-3839,3836,-3840,3837,-3841,3835,-3841,3835,-3836,3834,-3839,3833,3841,3834,-3838,3836,-3839,3834,-3839,3835,-3839,3832,3841,3832,-3842,3833,-3842,3831,-3841,3834,-3840,3831,-3840,3831,-3841,3831,-3842,3829,-3841,3831,3841,3831,-3843,3830,-3841,3831,-3841,3831,-3839,3834,3842,3832,-3839,3833,-3840,3831,-3837,-0.35,SJNFAAZE1U0005576,117.76,14.40,9161.97265625,79,75,0,0,0,0,14.5,99.17,-172940,100,1528030071.699,0,2,1,0,5,0,0,0,0,4,368.36,368.36,7F,1,1,1,0080,78,40,40,0,0,19,-7.25
03/06/2018 13:47:55,55 59.40535,-2 30.55496,239,0,345,681124,1144818,368.26,1.067,3842,3829,3836,13,0,108.9,42.7,103.8,39.9,none,none,94.6,34.8,-3840,3836,-3839,3833,-3841,3835,-3839,3834,-3839,3835,-3838,3835,-3840,3834,-3840,3833,-3838,3833,-3839,3833,-3840,3832,-3839,3835,-3838,3833,-3840,3833,-3838,3834,-3838,3835,-3838,3834,-3838,3835,-3838,3834,-3838,3833,-3839,3834,-3841,3837,-3839,3835,-3839,3833,-3838,3832,-3840,3834,-3839,3833,-3841,3832,-3839,3831,-3842,3831,-3839,3829,-3841,3831,-3842,3833,-3840,3831,-3841,3832,-3840,3831,-3840,3829,-3841,3829,-3840,3830,-3842,3829,-3841,3830,-3841,3832,-3839,3830,-3840,3831,-3841,3835,-3837,3831,-3841,3833,-3838,3831,-0.34,SJNFAAZE1U0005576,117.76,14.40,9161.97265625,79,75,0,0,0,0,14.5,99.17,-172940,100,1528030075.313,0,2,1,0,7,0,0,0,0,4,368.35,368.35,7F,1,1,1,0080,78,40,40,0,0,11,17.75
03/06/2018 13:47:58,55 59.40535,-2 30.55496,239,0,345,681105,1144818,368.26,-1.433,3844,3827,3836,17,0,108.9,42.7,103.8,39.9,none,none,94.8,34.9,-3841,3836,-3840,3833,-3842,3834,-3838,3834,-3840,3834,-3839,3834,-3840,3834,-3840,3834,-3840,3833,-3839,3832,-3839,3833,-3840,3835,-3840,3834,-3841,3833,-3839,3835,-3841,3834,-3840,3835,-3838,3837,-3839,3835,-3839,3833,-3839,3833,-3841,3836,-3839,3836,-3840,3834,-3839,3832,-3841,3834,-3841,3833,-3842,3833,-3841,3832,-3843,3831,-3841,3830,-3842,3831,-3843,3833,-3842,3831,-3842,3832,-3840,3831,-3841,3827,-3843,3828,-3842,3828,-3844,3829,-3843,3830,-3843,3830,-3841,3830,-3841,3832,-3842,3834,-3839,3830,-3841,3831,-3839,3831,-0.32,SJNFAAZE1U0005576,117.76,14.40,9161.97265625,79,75,0,0,0,0,14.5,99.17,-172940,100,1528030078.946,280,2,0,0,0,0,0,0,0,4,368.35,368.35,7F,1,1,1,0080,78,40,40,0,0,19,-28.00
03/06/2018 13:48:02,55 59.40535,-2 30.55496,239,0,345,681094,1144818,368.26,1.250,3844,3828,3836,16,0,108.9,42.7,103.8,39.9,none,none,94.6,34.8,-3841,3838,-3839,3835,-3841,3835,-3838,3834,-3840,3834,-3838,3836,-3839,3835,-3840,3834,-3839,3835,-3838,3833,-3839,3834,-3840,3836,-3840,3835,-3840,3835,-3839,3835,-3839,3836,-3839,3835,-3839,3837,-3839,3835,-3839,3834,-3840,3835,-3841,3837,-3840,3835,-3839,3833,-3838,3833,-3841,3835,-3840,3834,-3841,3834,-3840,3832,-3844,3833,-3841,3830,-3842,3831,-3842,3834,-3842,3832,-3842,3832,-3840,3833,-3840,3829,-3842,3828,-3841,3829,-3843,3831,-3841,3830,-3842,3832,-3840,3831,-3840,3831,-3841,3835,-3839,3832,-3841,3832,-3839,3832,-0.35,SJNFAAZE1U0005576,117.76,14.40,9161.97265625,79,75,0,0,0,0,14.5,99.17,-172940,100,1528030082.548,0,2,0,0,0,0,0,0,0,4,368.33,368.33,7F,1,1,1,0080,78,40,40,0,0,19,0.00
03/06/2018 13:48:06,55 59.40535,-2 30.55496,239,0,345,681083,1144818,368.26,1.220,3844,3828,3836,16,0,108.9,42.7,103.8,39.9,none,none,94.6,34.8,-3842,3837,-3840,3834,-3843,3835,-3839,3833,-3840,3834,-3840,3835,-3841,3833,-3840,3834,-3839,3833,-3840,3833,-3841,3832,-3840,3834,-3841,3833,-3841,3832,-3839,3835,-3839,3835,-3840,3834,-3839,3837,-3838,3833,-3840,3833,-3841,3835,-3842,3836,-3840,3835,-3839,3834,-3839,3832,-3841,3834,-3840,3835,-3842,3834,-3840,3831,-3843,3831,-3840,3829,-3842,3830,-3843,3832,-3843,3831,-3843,3831,-3842,3832,-3841,3828,-3844,3828,-3843,3829,-3844,3830,-3843,3830,-3843,3831,-3841,3830,-3842,3831,-3842,3835,-3839,3831,-3841,3832,-3841,3831,-0.33,SJNFAAZE1U0005576,117.76,14.40,9161.97265625,79,75,0,0,0,0,14.5,99.17,-172940,100,1528030086.176,0,2,0,0,0,0,0,0,0,4,368.34,368.34,7F,1,1,1,0080,78,40,40,0,0,19,0.00
03/06/2018 13:48:09,55 59.40535,-2 30.55496,239,0,345,681070,1144818,368.26,1.892,3845,3828,3836,17,0,108.9,42.7,103.8,39.9,none,none,94.8,34.9,-3835,3844,-3833,3841,-3835,3839,-3836,3838,-3835,3840,-3833,3840,-3834,3841,-3832,3842,-3833,3840,-3832,3840,-3834,3839,-3833,3840,-3833,3842,-3833,3841,3833,-3840,3835,3839,3835,-3839,3834,-3840,3834,-3839,3834,-3838,3836,-3839,3837,3841,3834,-3840,3834,-3836,3833,-3840,3833,-3842,3832,3840,3835,-3839,3833,-3841,3834,-3839,3831,-3842,3830,-3842,3831,-3845,3830,-3841,-3833,3842,-3830,3841,-3830,3843,-3828,3842,-3828,3843,-3829,3843,-3829,3843,-3828,3842,-3830,3841,-3830,3841,-3834,3842,-3831,3840,-3832,3841,-3830,3837,-0.33,SJNFAAZE1U0005576,117.76,14.40,9161.97265625,79,75,0,0,0,0,14.5,99.17,-172940,100,1528030089.777,0,2,1,0,5,0,0,0,0,4,368.30,368.30,7F,1,1,1,0080,77,40,40,0,0,19,0.00
03/06/2018 13:48:13,55 59.40535,-2 30.55496,239,0,345,681054,1144818,368.35,1.250,3843,3830,3837,13,0,108.9,42.7,103.8,39.9,none,none,94.8,34.9,3836,3843,3834,-3840,3836,3840,3837,-3839,3835,-3840,3835,-3840,3834,-3842,3834,-3841,3833,-3840,3833,3839,3834,-3839,3834,-3840,3834,-3842,3834,-3841,3833,3839,3835,-3840,3836,-3839,3836,-3840,3835,-3840,3834,-3838,3836,-3839,3838,-3841,3835,-3840,3835,3837,3834,-3840,3834,-3841,3834,-3841,3837,-3838,3835,-3840,3837,3839,3833,-3840,3833,-3842,3833,-3843,3832,-3840,3834,3840,3832,-3840,3832,-3841,3830,-3841,3830,-3842,3830,-3842,3831,-3843,3831,-3841,3832,-3840,3832,3840,3834,-3842,3832,-3840,3833,-3840,3831,-3837,-0.32,SJNFAAZE1U0005576,117.76,14.40,9161.97265625,79,75,0,0,0,0,14.5,99.17,-172940,100,1528030093.245,0,2,0,0,0,0,0,0,0,4,368.34,368.34,7F,1,1,1,0080,77,40,40,0,0,19,0.00
03/06/2018 13:48:16,55 59.40535,-2 30.55496,239,0,345,681044,1144818,368.35,1.220,3843,3830,3837,13,0,108.9,42.7,103.8,39.9,none,none,94.6,34.8,3836,-3843,3833,-3841,3837,3839,3837,-3838,3835,-3839,3834,-3840,3835,-3840,3834,-3841,3835,-3839,3835,-3840,3834,-3840,3834,3840,3834,-3841,3834,-3840,3834,-3839,3837,-3840,3837,-3839,3834,3840,3835,-3840,3836,-3839,3836,-3840,3838,-3841,3836,3840,3836,-3837,3834,-3840,3834,-3842,3835,-3840,3836,-3838,3834,-3839,3835,-3840,3831,-3841,3833,3842,3833,-3843,3832,-3841,3834,-3842,3832,-3841,3831,3842,3831,-3841,3830,-3841,3831,-3842,3830,-3843,3831,-3841,3831,-3840,3832,-3841,3836,-3841,3833,3840,3834,-3840,3831,-3838,-0.36,SJNFAAZE1U0005576,117.76,14.40,9161.97265625,79,75,0,0,0,0,14.5,99.17,-172940,100,1528030096.610,0,2,0,0,0,0,0,0,0,4,368.35,368.35,7F,1,1,1,0080,77,40,40,0,0,19,0.00
03/06/2018 13:48:19,55 59.40535,-2 30.55496,239,0,344,681034,1144818,368.35,1.250,3843,3829,3837,14,0,108.6,42.6,103.8,39.9,none,none,94.6,34.8,3837,-3843,3835,-3841,3835,3840,3837,-3838,3835,-3839,3835,3839,3835,-3841,3834,-3840,3835,-3840,3833,-3840,3835,3839,3835,-3841,3836,-3842,3833,-3841,3834,-3840,3835,-3841,3837,-3839,3836,-3840,3835,-3840,3834,3840,3836,-3839,3838,-3841,3836,-3840,3837,-3838,3835,3839,3835,-3841,3834,-3839,3836,-3838,3834,-3840,3836,-3840,3832,-3842,3832,-3842,3834,-3843,3832,3841,3834,-3841,3833,-3840,3831,-3841,3831,-3842,3829,3842,3831,-3843,3831,-3842,3830,-3842,3832,-3840,3832,-3840,3835,-3842,3832,-3839,3834,-3840,3831,3837,-0.36,SJNFAAZE1U0005576,117.76,14.40,9161.97265625,79,75,0,0,0,0,14.5,99.17,-172940,100,1528030099.920,0,2,0,0,0,0,0,0,0,4,368.36,368.36,7F,1,1,1,0080,77,40,40,0,0,19,0.00
03/06/2018 13:48:23,55 59.40535,-2 30.55496,239,0,344,681024,1144818,368.35,1.220,3844,3829,3837,15,0,108.9,42.7,103.8,39.9,none,none,94.6,34.8,3837,-3843,3834,-3841,3837,3840,3837,-3838,3836,-3840,3835,-3840,3836,-3840,3835,3841,3834,-3840,3834,-3840,3835,-3840,3834,-3841,3835,3842,3833,-3842,3834,-3839,3835,-3841,3837,-3840,3835,-3840,3834,-3840,3834,-3839,3836,-3839,3838,3840,3835,-3840,3836,-3837,3835,-3840,3835,-3842,3836,3840,3837,-3839,3834,-3839,3835,-3840,3833,-3841,3832,-3842,3833,-3844,3833,-3842,3835,-3842,3833,3841,3832,-3842,3830,-3841,3829,-3843,3831,-3843,3831,-3842,3829,3841,3831,-3841,3832,-3840,3835,-3842,3832,-3840,3834,3841,3832,-3837,-0.32,SJNFAAZE1U0005576,117.76,14.40,9161.97265625,79,75,0,0,0,0,14.5,99.17,-172940,100,1528030103.280,0,2,0,0,0,0,0,0,0,4,368.38,368.38,7F,1,1,1,0080,77,40,40,0,0,19,0.00
03/06/2018 13:48:26,55 59.40535,-2 30.55496,239,0,344,681011,1144818,368.26,1.892,3845,3827,3836,18,0,108.6,42.6,103.8,39.9,none,none,94.6,34.8,3840,3837,3840,-3834,-3842,3835,-3840,-3834,-3841,3835,-3839,3835,-3841,3834,-3840,3833,-3840,3833,-3839,3833,-3840,3833,-3841,3836,-3841,3833,-3841,3832,-3840,3835,-3839,3835,-3840,3835,-3839,3837,-3840,3833,-3839,3833,-3841,3834,-3842,3836,-3840,3836,-3841,3834,3839,-3831,-3842,3834,3842,-3834,3842,-3833,3841,-3832,3843,3831,3842,-3830,3843,-3831,3844,-3833,3843,-3832,3843,3832,3841,-3832,3841,-3827,3843,-3828,3843,-3827,3845,-3829,3843,-3830,3844,-3830,3841,-3830,3841,3830,3842,-3835,3839,-3831,3841,-3832,3840,-3830,-0.35,SJNFAAZE1U0005576,117.76,14.40,9161.97265625,79,75,0,0,0,0,14.5,99.17,-172940,100,1528030106.611,0,2,1,0,5,0,0,0,0,4,368.33,368.33,7F,1,1,1,0080,77,40,40,0,0,11,0.00
03/06/2018 13:48:30,55 59.40535,-2 30.55496,239,0,344,680996,1144818,368.35,1.250,3845,3828,3837,17,0,108.6,42.6,103.8,39.9,none,none,94.6,34.8,-3841,3837,-3840,3834,-3842,3835,-3840,3835,-3840,3836,-3839,3836,-3841,3835,-3841,3834,-3840,3834,-3840,3833,-3841,3834,-3840,3836,-3842,3834,-3841,3833,-3840,3835,-3840,3836,-3840,3836,-3840,3837,-3840,3834,-3839,3834,-3841,3835,-3843,3836,-3841,3836,-3841,3835,-3839,3833,-3843,3834,-3841,3834,-3843,3833,-3841,3833,-3844,3832,-3841,3831,-3844,3831,-3844,3834,-3842,3831,-3843,3832,-3842,3832,-3840,3828,-3845,3828,-3843,3828,-3844,3830,-3843,3830,-3843,3831,-3842,3831,-3841,3831,-3843,3835,-3840,3832,-3842,3832,-3840,3831,-0.37,SJNFAAZE1U0005576,117.76,14.40,9161.97265625,79,75,0,0,0,0,14.5,99.17,-172940,100,1528030110.245,0,2,0,0,0,0,0,0,0,4,368.38,368.38,7F,1,1,1,0080,77,40,40,0,0,19,0.00
03/06/2018 13:48:34,55 59.40535,-2 30.55496,239,0,344,680984,1144818,368.35,1.250,3844,3830,3837,14,0,108.6,42.6,103.8,39.9,none,none,94.4,34.7,-3841,3837,-3839,3836,-3842,3837,-3839,3836,-3839,3835,-3839,3836,-3840,3836,-3840,3835,-3840,3835,-3839,3834,-3840,3835,-3840,3836,-3841,3835,-3841,3834,-3839,3836,-3840,3837,-3839,3836,-3839,3837,-3839,3834,-3839,3834,-3840,3835,-3841,3838,-3841,3835,-3840,3834,-3839,3833,-3841,3836,-3840,3835,-3842,3834,-3841,3833,-3842,3833,-3840,3832,-3842,3832,-3843,3835,-3842,3833,-3842,3833,-3842,3833,-3840,3830,-3843,3830,-3842,3830,-3844,3830,-3842,3832,-3842,3831,-3841,3831,-3840,3832,-3843,3836,-3840,3832,-3842,3833,-3841,3834,-0.34,SJNFAAZE1U0005576,117.76,14.40,9161.97265625,79,75,0,0,0,0,14.5,99.17,-172940,100,1528030114.062,0,3,0,0,0,0,0,0,0,4,368.39,368.39,7F,1,1,1,0080,76,40,40,0,0,19,0.00
03/06/2018 13:48:37,55 59.40535,-2 30.55496,239,0,344,680973,1144818,368.35,1.220,3844,3830,3837,14,0,108.9,42.7,103.8,39.9,none,none,94.6,34.8,-3841,3837,-3840,3836,-3841,3837,-3839,3835,-3840,3835,-3839,3836,-3840,3835,-3840,3835,-3841,3835,-3840,3834,-3840,3834,-3841,3835,-3841,3835,-3841,3834,-3838,3836,-3840,3837,-3840,3835,-3839,3837,-3840,3836,-3839,3835,-3840,3836,-3841,3837,-3840,3836,-3840,3835,-3839,3834,-3841,3835,-3842,3835,-3843,3834,-3840,3832,-3843,3834,-3841,3832,-3842,3832,-3842,3834,-3842,3833,-3842,3833,-3841,3834,-3841,3831,-3844,3830,-3842,3830,-3844,3831,-3843,3832,-3842,3832,-3841,3832,-3841,3832,-3842,3836,-3840,3833,-3841,3833,-3840,3833,-0.33,SJNFAAZE1U0005576,117.76,14.40,9161.97265625,79,75,0,0,0,0,14.5,99.17,-172940,100,1528030117.703,0,2,0,0,0,0,0,0,0,4,368.39,368.39,7F,1,1,1,0080,76,40,40,0,0,19,0.00
03/06/2018 13:48:41,55 59.40535,-2 30.55496,239,0,344,680962,1144818,368.35,1.250,3845,3828,3837,17,0,108.6,42.6,103.6,39.8,none,none,94.6,34.8,-3842,3837,-3841,3836,-3842,3836,-3841,3835,-3840,3836,-3839,3835,-3841,3835,-3841,3832,-3841,3833,-3841,3833,-3842,3834,-3841,3835,-3841,3835,-3842,3834,-3840,3835,-3840,3837,-3840,3835,-3839,3838,-3838,3835,-3839,3833,-3840,3834,-3842,3837,-3841,3836,-3841,3833,-3840,3833,-3843,3835,-3842,3834,-3843,3834,-3841,3832,-3844,3832,-3842,3831,-3844,3831,-3845,3834,-3842,3831,-3843,3831,-3842,3833,-3842,3828,-3844,3828,-3844,3829,-3845,3829,-3845,3830,-3843,3830,-3842,3831,-3842,3831,-3842,3835,-3840,3831,-3842,3833,-3841,3831,-0.34,SJNFAAZE1U0005576,117.76,14.40,9161.97265625,79,75,0,0,0,0,14.5,99.17,-172940,100,1528030121.344,0,2,0,0,0,0,0,0,0,4,368.40,368.40,7F,1,1,1,0080,76,40,40,0,0,11,0.00
03/06/2018 13:48:45,55 59.40535,-2 30.55496,239,0,344,680947,1144818,368.26,1.922,3845,3827,3836,18,0,108.9,42.7,103.8,39.9,none,none,94.6,34.8,3836,-3845,3833,-3840,3836,3839,3836,-3838,3835,-3840,3834,3840,3835,-3842,3833,-3842,3833,-3840,3833,-3840,3833,-3840,3833,3841,3834,-3843,3833,-3841,3832,-3840,3835,-3841,3836,3840,3834,-3841,3835,-3840,3834,-3839,3836,-3839,3838,-3841,3834,-3840,3835,-3836,3833,-3841,3833,3842,3833,-3840,3836,-3839,3833,-3840,3835,-3841,3832,3842,3831,-3843,3832,-3843,3831,-3842,3833,-3842,3831,-3840,3831,-3843,3829,-3842,3827,-3843,3830,3843,3829,-3844,3829,-3842,3831,-3842,3830,-3841,3834,3843,3831,-3841,3831,-3840,3831,-3838,-0.33,SJNFAAZE1U0005576,117.76,14.40,9161.97265625,79,75,0,0,0,0,14.5,99.17,-172940,100,1528030125.132,0,2,1,0,5,0,0,0,0,4,368.37,368.37,7F,1,1,1,0080,76,40,40,0,0,19,0.00
03/06/2018 13:48:48,55 59.40535,-2 30.55496,239,0,344,680932,1144818,368.35,1.311,3845,3828,3837,17,0,108.6,42.6,103.8,39.9,none,none,94.6,34.8,3837,-3844,3833,-3841,3836,3839,3837,-3838,3835,3841,3834,-3840,3835,-3843,3834,-3841,3834,-3841,3833,-3840,3834,-3841,3834,-3841,3834,-3842,3832,3842,3834,-3840,3835,-3840,3836,-3839,3836,-3841,3834,3840,3834,-3840,3835,-3839,3837,-3842,3837,-3841,3836,-3838,3833,-3841,3834,-3843,3836,-3841,3837,3840,3834,-3840,3836,-3841,3832,-3841,3831,-3843,3832,3844,3831,-3842,3834,-3842,3833,-3842,3831,-3843,3829,-3844,3829,-3844,3829,-3844,3830,-3845,3828,3843,3832,-3842,3831,-3841,3834,-3843,3832,-3841,3833,-3842,3830,-3837,-0.35,SJNFAAZE1U0005576,117.76,14.40,9161.97265625,79,75,0,0,0,0,14.5,99.17,-172940,100,1528030128.834,0,3,0,0,0,0,0,0,0,4,368.40,368.40,7F,1,1,1,0080,76,40,40,0,0,19,0.00
03/06/2018 13:48:52,55 59.40535,-2 30.55496,239,0,344,680921,1144818,368.35,1.250,3845,3828,3837,17,0,108.6,42.6,103.6,39.8,none,none,94.6,34.8,3836,-3845,3834,3841,3836,3839,3837,-3838,3835,-3841,3833,-3841,3834,3842,3834,-3842,3833,-3840,3833,-3841,3835,-3841,3833,-3841,3835,-3843,3834,-3843,3833,-3840,3836,3842,3835,-3840,3835,-3841,3835,-3840,3835,-3840,3835,3840,3837,-3842,3835,-3840,3837,-3838,3835,-3841,3835,-3843,3834,-3841,3836,-3839,3834,-3841,3835,3841,3832,-3843,3832,-3844,3833,-3844,3832,-3843,3834,3842,3832,-3842,3831,-3844,3831,-3844,3829,-3844,3829,-3844,3830,-3845,3828,-3844,3831,-3842,3832,3842,3835,-3844,3832,-3840,3833,-3841,3831,-3838,-0.38,SJNFAAZE1U0005576,117.76,14.40,9161.97265625,79,75,0,0,0,0,14.5,99.17,-172940,100,1528030132.495,0,2,0,0,0,0,0,0,0,4,368.41,368.41,7F,1,1,1,0080,76,40,40,0,0,19,0.00
03/06/2018 13:48:56,55 59.40535,-2 30.55496,239,0,344,680910,1144818,368.35,1.220,3844,3830,3837,14,0,108.6,42.6,103.6,39.8,none,none,94.4,34.7,3837,-3844,3835,-3842,3837,3840,3838,3839,3836,-3840,3834,-3841,3835,-3841,3834,-3841,3833,3841,3834,-3838,3835,-3840,3834,-3840,3835,-3842,3833,-3842,3834,-3840,3836,-3840,3837,-3840,3836,3840,3835,-3840,3834,-3840,3836,-3840,3838,-3841,3837,3840,3837,-3838,3834,-3841,3835,-3841,3835,-3840,3837,-3839,3835,-3840,3836,-3840,3833,-3842,3833,3842,3833,-3844,3833,-3841,3834,-3841,3832,-3841,3833,3842,3831,-3842,3830,-3842,3831,-3843,3831,-3843,3831,-3842,3833,3842,3832,-3841,3836,-3843,3834,-3841,3835,-3841,3833,-3838,-0.35,SJNFAAZE1U0005576,117.76,14.40,9161.97265625,79,75,0,0,0,0,14.5,99.17,-172940,100,1528030136.301,0,2,0,0,0,0,0,0,0,4,368.41,368.41,7F,1,1,1,0080,76,40,40,0,0,19,0.00
03/06/2018 13:49:00,55 59.40535,-2 30.55496,239,0,344,680898,1144818,368.35,1.281,3846,3829,3837,17,0,108.9,42.7,103.8,39.9,none,none,94.6,34.8,3842,-3837,3840,-3835,3842,3837,3840,-3835,3841,-3835,3840,3836,3841,-3835,3842,-3834,3841,-3835,3841,-3834,3841,3834,3840,-3835,3842,-3834,3842,-3834,3840,-3836,3841,-3836,3841,-3835,3839,-3838,3840,-3835,3840,3834,3841,-3835,3843,-3838,3840,-3836,3841,-3835,3839,3833,3842,-3835,-3843,3835,-3843,-3834,-3842,3833,-3843,3832,-3842,3831,-3845,3833,-3844,3835,-3843,3832,-3844,3832,-3842,3833,-3842,3829,-3844,3829,-3844,3829,-3846,3829,3844,-3830,3844,3832,3843,-3831,3843,-3832,3843,3835,3840,-3832,3842,-3832,3841,-3832,-0.34,SJNFAAZE1U0005576,117.76,14.40,9161.97265625,79,75,0,0,0,0,14.5,99.17,-172940,100,1528030140.075,0,2,0,0,0,0,0,0,0,4,368.42,368.42,7F,1,1,1,0080,75,40,40,0,0,19,0.00
03/06/2018 13:49:03,55 59.40535,-2 30.55496,239,0,344,680881,1144818,368.35,2.319,3844,3828,3837,16,0,108.6,42.6,103.6,39.8,none,none,94.6,34.8,-3842,3837,-3841,3834,-3843,3836,-3841,3834,-3839,3835,-3841,3836,-3841,3834,-3839,3834,-3841,3834,-3840,3834,-3841,3833,-3841,3834,-3841,3834,-3842,3834,-3840,3835,-3840,3836,-3840,3835,-3839,3837,-3840,3834,-3840,3833,-3841,3834,-3842,3838,-3841,3836,-3841,3833,-3839,3832,-3842,3834,-3841,3834,-3842,3834,-3841,3833,-3844,3832,-3842,3830,-3842,3831,-3844,3833,-3843,3832,-3843,3832,-3842,3833,-3841,3829,-3844,3828,-3843,3828,-3844,3829,-3844,3830,-3843,3830,-3842,3831,-3842,3832,-3842,3835,-3840,3831,-3843,3832,-3840,3831,-0.32,SJNFAAZE1U0005576,117.76,14.40,9161.97265625,79,75,0,0,0,0,14.5,99.17,-172940,100,1528030143.735,0,2,1,0,6,0,0,0,0,4,368.38,368.38,7F,1,1,1,0080,75,40,40,0,0,19,0.00
03/06/2018 13:49:07,55 59.40535,-2 30.55496,239,0,344,680869,1144818,368.35,1.281,3845,3829,3837,16,0,108.9,42.7,103.8,39.9,none,none,94.6,34.8,-3841,3837,-3840,3835,-3843,3835,-3841,3835,-3841,3835,-3841,3836,-3841,3834,-3841,3834,-3842,3835,-3840,3834,-3841,3833,-3841,3837,-3841,3834,-3841,3833,-3840,3835,-3840,3837,-3841,3835,-3840,3837,-3840,3835,-3840,3835,-3841,3836,-3843,3837,-3841,3835,-3841,3834,-3840,3833,-3843,3834,-3843,3835,-3843,3833,-3842,3832,-3844,3833,-3843,3830,-3845,3832,-3844,3834,-3843,3832,-3843,3833,-3843,3833,-3842,3829,-3845,3829,-3843,3829,-3845,3830,-3845,3831,-3844,3831,-3842,3832,-3841,3832,-3843,3836,-3840,3831,-3843,3833,-3841,3832,-0.35,SJNFAAZE1U0005576,117.76,14.40,9161.97265625,79,75,0,0,0,0,14.5,99.17,-172940,100,1528030147.293,0,2,0,0,0,0,0,0,0,4,368.42,368.42,7F,1,1,1,0080,75,40,40,0,0,19,0.00
03/06/2018 13:49:10,55 59.40535,-2 30.55496,239,0,344,680858,1144818,368.35,1.250,3845,3828,3837,17,0,108.6,42.6,103.6,39.8,none,none,94.4,34.7,-3842,3837,-3841,3835,-3843,3837,-3842,3835,-3841,3835,-3840,3836,-3842,3835,-3842,3835,-3841,3835,-3841,3833,-3841,3834,-3841,3836,-3842,3835,-3841,3834,-3841,3836,-3841,3837,-3840,3836,-3839,3838,-3839,3835,-3840,3834,-3841,3835,-3843,3837,-3841,3836,-3841,3834,-3840,3833,-3843,3834,-3842,3835,-3843,3834,-3841,3833,-3844,3833,-3841,3831,-3844,3831,-3844,3834,-3843,3833,-3844,3832,-3843,3833,-3842,3830,-3844,3829,-3843,3828,-3845,3830,-3845,3829,-3843,3831,-3842,3831,-3842,3833,-3843,3835,-3840,3832,-3842,3833,-3841,3833,-0.31,SJNFAAZE1U0005576,117.76,14.40,9161.97265625,79,75,0,0,0,0,14.5,99.17,-172940,100,1528030150.998,0,2,0,0,0,0,0,0,0,4,368.43,368.43,7F,1,1,1,0080,75,40,40,0,0,19,0.00
03/06/2018 13:49:14,55 59.40535,-2 30.55496,239,0,344,680847,1144818,368.35,1.281,3845,3828,3837,17,0,108.6,42.6,103.6,39.8,none,none,94.6,34.8,-3843,3837,-3841,3835,-3842,3836,-3840,3834,-3842,3835,-3840,3836,-3842,3836,-3842,3834,-3840,3835,-3840,3833,-3841,3834,-3841,3837,-3842,3835,-3842,3834,-3841,3836,-3840,3837,-3842,3836,-3839,3838,-3840,3834,-3840,3834,-3841,3836,-3842,3837,-3840,3836,-3841,3835,-3840,3833,-3842,3834,-3842,3835,-3843,3834,-3842,3833,-3845,3833,-3843,3832,-3844,3832,-3844,3834,-3843,3832,-3843,3833,-3842,3833,-3841,3828,-3845,3829,-3844,3829,-3845,3829,-3845,3830,-3844,3832,-3843,3831,-3842,3832,-3843,3835,-3841,3833,-3843,3833,-3840,3832,-0.34,SJNFAAZE1U0005576,117.76,14.40,9161.97265625,79,75,0,0,0,0,14.5,99.17,-172940,100,1528030154.567,0,2,0,0,0,0,0,0,0,4,368.43,368.43,7F,1,1,1,0080,75,40,40,0,0,19,0.00
03/06/2018 13:49:18,55 59.40535,-2 30.55496,239,0,344,680835,1144818,368.35,1.892,3844,3829,3837,15,0,108.6,42.6,103.6,39.8,none,none,94.4,34.7,3837,-3843,3835,3840,3837,3839,3837,-3839,3836,-3840,3835,-3840,3835,3842,3835,-3841,3834,-3840,3834,-3841,3835,-3840,3834,-3840,3835,-3843,3834,-3842,3834,-3840,3836,3840,3837,-3839,3836,-3840,3835,-3840,3835,-3839,3837,-3840,3838,3842,3837,-3840,3836,-3838,3834,-3840,3834,-3842,3835,3840,3837,-3839,3834,-3840,3836,-3840,3833,-3841,3833,-3842,3835,-3844,3833,-3841,3835,-3841,3833,3841,3832,-3842,3831,-3841,3829,-3842,3831,-3843,3832,3842,3831,-3841,3832,-3840,3834,-3840,3836,-3842,3833,-3839,3834,-3840,3832,-3838,-0.32,SJNFAAZE1U0005576,117.76,14.40,9161.97265625,79,75,0,0,0,0,14.5,99.17,-172940,100,1528030158.449,0,2,0,0,0,0,0,0,0,4,368.39,368.39,7F,1,1,1,0080,75,40,40,0,0,11,0.00
03/06/2018 13:49:22,55 59.40535,-2 30.55496,239,0,344,680817,1144818,368.35,1.189,3845,3829,3837,16,0,108.6,42.6,103.6,39.8,none,none,94.4,34.7,3837,-3845,3834,-3842,3837,3841,3838,3839,3835,-3841,3835,-3841,3834,-3843,3835,-3843,3834,3841,3835,-3841,3834,-3841,3834,-3842,3835,-3843,3833,-3843,3834,-3840,3835,-3841,3837,-3840,3835,3842,3835,-3841,3834,-3840,3835,-3840,3837,-3842,3836,-3841,3836,3839,3834,-3841,3836,-3843,3835,-3841,3837,-3841,3835,3841,3836,-3841,3832,-3844,3832,-3844,3832,-3845,3832,-3842,3834,-3843,3832,-3842,3831,-3844,3830,3844,3829,-3845,3831,-3844,3830,-3845,3830,-3843,3832,3843,3832,-3842,3835,-3843,3831,-3841,3833,-3842,3832,-3839,-0.34,SJNFAAZE1U0005576,117.76,14.40,9161.97265625,79,75,0,0,0,0,14.5,99.17,-172940,100,1528030162.327,0,2,0,0,6,0,0,0,0,4,368.42,368.42,7F,1,1,1,0080,74,40,40,0,0,19,0.00
03/06/2018 13:49:26,55 59.40535,-2 30.55496,239,0,344,680806,1144818,368.35,1.220,3844,3830,3837,14,0,108.6,42.6,103.6,39.8,none,none,94.4,34.7,3837,-3844,3834,-3842,3837,3840,3837,-3839,3836,-3841,3835,3841,3835,-3842,3835,-3841,3835,-3840,3834,-3840,3835,3839,3835,-3841,3835,-3842,3834,-3841,3835,-3840,3836,-3840,3837,3840,3836,-3841,3836,-3840,3835,-3840,3837,-3840,3839,-3842,3838,-3840,3838,-3837,3835,-3840,3836,3842,3835,-3841,3837,-3840,3835,-3840,3836,-3840,3834,3841,3834,-3843,3834,-3844,3833,-3841,3836,-3842,3833,-3840,3832,-3843,3831,-3843,3830,-3843,3831,3843,3832,-3844,3831,-3842,3833,-3841,3833,-3840,3835,3842,3832,-3840,3834,-3841,3832,-3838,-0.38,SJNFAAZE1U0005576,117.76,14.40,9161.97265625,79,75,0,0,0,0,14.5,99.17,-172940,100,1528030166.042,0,2,0,0,0,0,0,0,0,4,368.43,368.43,7F,1,1,1,0080,74,40,40,0,0,19,0.00
03/06/2018 13:49:29,55 59.40535,-2 30.55496,239,0,344,680795,1144818,368.35,1.220,3845,3829,3837,16,0,108.6,42.6,103.6,39.8,none,none,94.4,34.7,3837,-3844,3833,-3843,3836,3841,3837,-3840,3835,-3841,3834,-3841,3836,-3843,3835,3842,3834,-3841,3834,-3840,3835,-3841,3835,-3842,3835,-3843,3834,-3842,3834,-3840,3837,-3841,3837,-3840,3835,-3840,3835,3841,3834,-3840,3836,-3841,3839,-3842,3836,-3841,3836,-3838,3834,-3842,3835,-3843,3835,-3841,3837,3841,3835,-3841,3836,-3841,3833,-3843,3832,-3844,3832,3845,3832,-3843,3834,-3844,3832,-3841,3831,-3844,3830,-3845,3829,-3844,3831,-3844,3831,-3845,3829,3843,3831,-3844,3831,-3841,3835,-3844,3833,-3841,3833,3842,3832,-3838,-0.36,SJNFAAZE1U0005576,117.76,14.40,9161.97265625,79,75,0,0,0,0,14.5,99.17,-172940,100,1528030169.755,0,2,0,0,0,0,0,0,0,4,368.43,368.43,7F,1,1,1,0080,74,40,40,0,0,19,0.00
03/06/2018 13:49:33,55 59.40535,-2 30.55496,239,0,344,680783,1144818,368.45,1.220,3846,3829,3838,17,0,108.6,42.6,103.6,39.8,none,none,94.4,34.7,3842,3838,3840,-3834,-3842,3836,-3841,-3835,-3841,3836,-3840,3835,-3842,3835,-3842,3835,-3841,3835,-3841,3834,3842,-3834,-3841,3836,3842,-3834,3843,-3834,3841,-3836,3840,3837,3841,-3837,3841,-3838,3841,-3836,3840,-3835,3841,3837,3842,-3838,3841,-3836,3841,-3834,3841,-3833,3843,-3835,3842,-3834,3843,-3834,3841,-3833,3845,3833,3843,-3832,3844,-3832,3845,-3835,3844,-3832,3844,3832,3842,-3833,3843,-3830,3846,-3829,3845,-3829,3845,-3830,3845,-3831,3844,-3832,3843,-3832,3843,3833,3844,-3836,3840,-3832,3842,-3833,3842,-3831,-0.36,SJNFAAZE1U0005576,117.76,14.40,9161.97265625,79,75,0,0,0,0,14.5,99.17,-172940,100,1528030173.635,0,2,0,0,0,0,0,0,0,4,368.43,368.43,7F,1,1,1,0080,74,40,40,0,0,19,0.00
03/06/2018 13:49:37,55 59.40535,-2 30.55496,239,0,344,680767,1144818,368.35,2.075,3845,3828,3837,17,0,108.6,42.6,103.6,39.8,none,none,94.4,34.7,-3841,3838,-3841,3834,-3843,3836,-3840,3834,-3841,3835,-3840,3836,-3841,3835,-3841,3834,-3840,3834,-3841,3834,-3841,3834,-3841,3836,-3842,3833,-3842,3833,-3841,3836,-3840,3836,-3840,3835,-3840,3837,-3839,3835,-3839,3834,-3840,3836,-3844,3838,-3841,3836,-3841,3834,-3839,3832,-3843,3835,-3842,3835,-3843,3834,-3841,3833,-3844,3833,-3843,3832,-3844,3832,-3845,3834,-3843,3832,-3843,3832,-3842,3833,-3843,3829,-3844,3829,-3843,3828,-3845,3828,-3844,3830,-3844,3831,-3842,3831,-3841,3832,-3843,3835,-3840,3831,-3843,3832,-3841,3831,-0.34,SJNFAAZE1U0005576,117.76,14.40,9161.97265625,79,75,0,0,0,0,14.5,99.17,-172940,100,1528030177.495,0,2,1,0,5,0,0,0,0,4,368.39,368.39,7F,1,1,1,0080,74,40,40,0,0,19,0.00
03/06/2018 13:49:41,55 59.40535,-2 30.55496,239,0,344,680754,1144818,368.35,1.189,3844,3830,3837,14,0,108.6,42.6,103.6,39.8,none,none,94.4,34.7,-3842,3839,-3841,3835,-3842,3836,-3840,3835,-3840,3835,-3840,3836,-3841,3836,-3841,3836,-3841,3835,-3840,3835,-3841,3835,-3840,3836,-3841,3835,-3841,3834,-3840,3836,-3841,3837,-3840,3836,-3840,3838,-3839,3836,-3840,3836,-3841,3836,-3842,3838,-3841,3837,-3841,3835,-3840,3833,-3841,3835,-3841,3836,-3842,3836,-3841,3834,-3844,3834,-3842,3833,-3842,3833,-3843,3835,-3842,3834,-3843,3833,-3841,3834,-3842,3831,-3844,3830,-3842,3831,-3844,3831,-3843,3833,-3843,3832,-3841,3834,-3841,3833,-3843,3837,-3840,3833,-3841,3832,-3840,3833,-0.31,SJNFAAZE1U0005576,117.76,14.40,9161.97265625,79,75,0,0,0,0,14.5,99.17,-172940,100,1528030181.152,0,2,0,0,0,0,0,0,0,4,368.45,368.45,7F,1,1,1,0080,74,40,40,0,0,19,0.00
03/06/2018 13:49:44,55 59.40535,-2 30.55496,239,0,344,680743,1144818,368.45,1.250,3844,3830,3838,14,0,108.6,42.6,103.6,39.8,none,none,94.4,34.7,-3842,3838,-3840,3835,-3842,3835,-3840,3836,-3840,3835,-3840,3836,-3841,3836,-3842,3836,-3840,3835,-3839,3836,-3842,3835,-3841,3837,-3841,3835,-3842,3836,-3840,3836,-3840,3836,-3840,3836,-3840,3838,-3840,3836,-3840,3836,-3841,3836,-3843,3838,-3841,3835,-3841,3835,-3840,3834,-3842,3836,-3841,3836,-3843,3835,-3841,3834,-3843,3834,-3842,3832,-3843,3833,-3843,3835,-3843,3833,-3842,3833,-3843,3835,-3841,3831,-3843,3830,-3843,3831,-3844,3832,-3844,3832,-3842,3833,-3842,3833,-3842,3833,-3843,3837,-3839,3834,-3842,3833,-3841,3833,-0.38,SJNFAAZE1U0005576,117.76,14.40,9161.97265625,79,75,0,0,0,0,14.5,99.17,-172940,100,1528030184.788,0,3,0,0,0,0,0,0,0,4,368.44,368.44,7F,1,1,1,0080,74,40,40,0,0,19,0.00
03/06/2018 13:49:48,55 59.40535,-2 30.55496,239,0,344,680732,1144818,368.35,1.220,3845,3829,3837,16,0,108.6,42.6,103.6,39.8,none,none,94.2,34.6,-3842,3837,-3841,3836,-3843,3835,-3840,3835,-3841,3835,-3840,3837,-3842,3835,-3842,3834,-3842,3835,-3841,3835,-3841,3833,-3841,3835,-3841,3834,-3842,3834,-3841,3836,-3841,3836,-3840,3836,-3840,3837,-3840,3835,-3840,3835,-3842,3835,-3843,3837,-3841,3836,-3841,3835,-3841,3834,-3844,3834,-3842,3834,-3843,3835,-3841,3833,-3845,3833,-3842,3831,-3844,3831,-3844,3834,-3843,3832,-3843,3833,-3843,3833,-3841,3830,-3845,3829,-3844,3829,-3845,3830,-3845,3831,-3844,3833,-3842,3832,-3843,3832,-3843,3836,-3841,3832,-3843,3833,-3842,3831,-0.35,SJNFAAZE1U0005576,117.76,14.40,9161.97265625,79,75,0,0,0,0,14.5,99.17,-172940,100,1528030188.279,0,2,0,0,0,0,0,0,0,4,368.45,368.45,7F,1,1,1,0080,74,40,40,0,0,19,0.00
03/06/2018 13:49:51,55 59.40535,-2 30.55496,239,0,344,680722,1144818,368.35,2.746,3845,3829,3837,16,0,108.6,42.6,103.6,39.8,none,none,94.4,34.7,3836,-3844,3833,-3843,3836,3839,3838,-3839,3835,-3840,3835,-3841,3835,-3843,3833,-3842,3833,-3841,3832,-3840,3835,-3841,3834,3842,3834,-3843,3833,-3842,3834,-3841,3835,-3840,3836,3840,3835,-3842,3834,-3840,3834,-3840,3837,-3841,3838,-3841,3836,-3841,3836,-3838,3834,-3842,3835,3843,3835,-3842,3837,-3840,3833,-3841,3836,-3841,3832,3842,3833,-3843,3833,-3845,3831,-3843,3833,-3843,3832,-3841,3830,-3843,3829,-3843,3829,-3844,3830,3845,3830,-3845,3829,-3843,3831,-3841,3831,-3841,3836,-3843,3831,3840,3834,-3842,3831,-3838,-0.35,SJNFAAZE1U0005576,117.76,14.40,9161.97265625,79,75,0,0,0,0,14.5,99.17,-172940,100,1528030191.852,0,2,0,0,0,0,0,0,0,4,368.37,368.37,7F,1,1,1,0080,73,40,40,0,0,19,0.00
03/06/2018 13:49:55,55 59.40535,-2 30.55496,239,0,344,680703,1144818,368.35,1.220,3845,3828,3837,17,0,108.6,42.6,103.6,39.8,none,none,94.4,34.7,3837,-3845,3834,-3842,3837,3841,3838,-3839,3834,3841,3834,-3841,3834,-3842,3833,-3842,3834,-3842,3834,-3841,3835,-3840,3834,-3841,3834,-3843,3834,3842,3835,-3840,3836,-3841,3837,-3840,3836,-3841,3835,3840,3835,-3840,3837,-3840,3838,-3842,3836,-3840,3836,-3838,3835,-3841,3835,-3843,3835,-3841,3836,3840,3834,-3841,3836,-3841,3834,-3843,3833,-3844,3833,3845,3832,-3843,3834,-3844,3833,-3842,3832,-3844,3829,-3844,3828,3843,3830,-3844,3831,-3845,3830,-3843,3832,-3842,3831,-3841,3835,-3843,3833,-3842,3835,-3841,3830,3840,-0.33,SJNFAAZE1U0005576,117.76,14.40,9161.97265625,79,75,0,0,0,0,14.5,99.17,-172940,100,1528030195.736,0,2,1,0,6,0,0,0,0,4,368.44,368.44,7F,1,1,1,0080,73,40,40,0,0,19,0.00
03/06/2018 13:49:59,55 59.40535,-2 30.55496,239,0,344,680692,1144818,368.45,1.220,3846,3829,3838,17,0,108.6,42.6,103.6,39.8,none,none,94.4,34.7,3837,-3846,3835,3842,3837,3841,3838,-3839,3836,-3842,3835,-3841,3835,3844,3835,-3842,3834,-3841,3834,-3841,3834,-3841,3835,-3842,3835,-3843,3833,-3842,3834,-3841,3837,3842,3837,-3841,3837,-3842,3835,-3841,3835,-3840,3836,3841,3838,-3842,3836,-3841,3838,-3838,3834,-3842,3834,-3843,3834,-3842,3837,-3841,3834,-3840,3836,3840,3832,-3843,3833,-3843,3833,-3845,3833,-3843,3834,3842,3833,-3842,3832,-3845,3830,-3845,3829,-3845,3829,-3845,3829,3845,3830,-3843,3831,-3843,3831,-3842,3835,-3843,3832,-3841,3833,-3843,3832,-3839,-0.34,SJNFAAZE1U0005576,117.76,14.40,9161.97265625,79,75,0,0,0,0,14.5,99.17,-172940,100,1528030199.659,0,2,0,0,0,0,0,0,0,4,368.46,368.46,7F,1,1,1,0080,73,40,40,0,0,19,0.00
03/06/2018 13:50:03,55 59.40535,-2 30.55496,239,0,344,680680,1144818,368.45,1.220,3846,3828,3838,18,0,108.6,42.6,103.6,39.8,none,none,94.4,34.7,3837,-3845,3834,-3842,3836,3841,3838,3840,3835,-3841,3836,-3841,3836,-3843,3833,-3842,3834,3841,3834,-3841,3835,-3840,3834,-3841,3835,-3843,3834,-3843,3833,-3840,3837,-3842,3836,-3840,3837,3840,3835,-3840,3834,-3840,3835,-3841,3839,-3842,3836,3841,3836,-3838,3834,-3841,3834,-3843,3835,-3842,3838,-3840,3834,-3841,3836,-3841,3833,-3843,3832,3844,3833,-3846,3832,-3843,3833,-3843,3833,-3842,3832,-3845,3828,-3844,3830,-3844,3830,-3845,3830,-3845,3830,-3843,3831,3842,3832,-3843,3836,-3845,3832,-3841,3834,-3843,3832,-3839,-0.37,SJNFAAZE1U0005576,117.76,14.40,9161.97265625,79,75,0,0,0,0,14.5,99.17,-172940,100,1528030203.439,0,2,0,0,0,0,0,0,0,4,368.45,368.45,7F,1,1,1,0080,73,40,40,0,0,19,0.00
03/06/2018 13:50:07,55 59.40535,-2 30.55496,239,0,344,680669,1144818,368.45,1.220,3844,3830,3838,14,0,108.6,42.6,103.6,39.8,none,none,94.4,34.7,3842,-3838,3840,-3835,3841,3836,3840,-3835,3840,-3836,3840,3836,3841,-3836,3840,-3836,3840,-3835,3840,-3835,3841,3835,3841,-3836,3841,-3835,3841,-3835,3840,-3837,3841,-3837,3841,-3837,3840,-3839,3840,-3835,3840,3836,3841,-3836,3843,-3839,3841,-3837,3840,-3836,3840,3834,3842,-3836,-3842,3835,-3843,-3835,-3841,3834,-3844,3834,-3842,3833,-3842,3833,-3844,3835,-3842,3833,-3843,3834,-3842,3835,3842,3831,-3844,3831,3843,-3830,3844,3831,3844,-3833,3842,-3833,3842,-3832,3842,-3833,3843,3837,3840,-3833,3842,-3834,3841,-3833,-0.32,SJNFAAZE1U0005576,117.76,14.40,9161.97265625,79,75,0,0,0,0,14.5,99.17,-172940,100,1528030207.384,0,2,0,0,0,0,0,0,0,4,368.44,368.44,7F,1,1,1,0080,72,40,40,0,0,19,0.00
03/06/2018 13:50:11,55 59.40535,-2 30.55496,239,0,344,680654,1144818,368.35,2.105,3845,3828,3837,17,0,108.6,42.6,103.6,39.8,none,none,94.4,34.7,-3842,3837,-3841,3835,-3842,3836,-3840,3834,-3841,3835,-3840,3836,-3842,3834,-3842,3834,-3840,3835,-3839,3834,-3841,3834,-3841,3835,-3842,3834,-3842,3832,-3840,3836,-3841,3836,-3841,3835,-3840,3838,-3840,3835,-3840,3834,-3841,3835,-3844,3837,-3841,3836,-3841,3834,-3840,3833,-3842,3834,-3841,3834,-3843,3834,-3842,3832,-3844,3833,-3843,3831,-3844,3831,-3844,3834,-3843,3832,-3843,3832,-3842,3833,-3842,3828,-3845,3829,-3843,3828,-3845,3829,-3845,3830,-3843,3830,-3842,3831,-3843,3833,-3843,3835,-3840,3832,-3843,3833,-3840,3832,-0.35,SJNFAAZE1U0005576,117.76,14.40,9161.97265625,79,75,0,0,0,0,14.5,99.17,-172940,100,1528030211.157,0,2,1,0,5,0,0,0,0,4,368.40,368.40,7F,1,1,1,0080,72,40,40,0,0,19,0.00
03/06/2018 13:50:14,55 59.40535,-2 30.55496,239,0,344,680639,1144818,368.45,1.220,3844,3830,3838,14,0,108.6,42.6,103.6,39.8,none,none,94.4,34.7,-3842,3839,-3841,3836,-3842,3837,-3841,3836,-3841,3836,-3840,3836,-3841,3836,-3842,3835,-3839,3836,-3840,3834,-3840,3834,-3840,3836,-3841,3835,-3842,3835,-3841,3836,-3840,3837,-3841,3836,-3840,3838,-3840,3835,-3839,3835,-3841,3836,-3842,3838,-3840,3836,-3841,3835,-3840,3834,-3842,3836,-3842,3836,-3842,3835,-3842,3834,-3844,3833,-3842,3833,-3844,3833,-3843,3835,-3843,3833,-3842,3834,-3842,3833,-3841,3830,-3843,3831,-3843,3831,-3844,3832,-3844,3832,-3844,3833,-3841,3832,-3841,3834,-3843,3836,-3840,3832,-3842,3834,-3840,3833,-0.36,SJNFAAZE1U0005576,117.76,14.40,9161.97265625,79,75,0,0,0,0,14.5,99.17,-172940,100,1528030214.963,0,3,0,0,0,0,0,0,0,4,368.45,368.45,7F,1,1,1,0080,72,40,40,0,0,19,0.00
03/06/2018 13:50:18,55 59.40535,-2 30.55496,239,0,344,680627,1144818,368.35,1.220,3846,3829,3837,17,0,108.6,42.6,103.6,39.8,none,none,94.2,34.6,-3842,3837,-3841,3834,-3842,3836,-3841,3835,-3841,3836,-3841,3836,-3842,3835,-3842,3834,-3841,3834,-3840,3834,-3840,3834,-3841,3836,-3841,3834,-3842,3833,-3840,3836,-3841,3837,-3840,3836,-3840,3838,-3840,3834,-3840,3834,-3841,3836,-3843,3837,-3841,3836,-3841,3835,-3840,3833,-3843,3836,-3842,3835,-3843,3835,-3842,3833,-3845,3833,-3843,3831,-3844,3832,-3845,3834,-3844,3832,-3845,3832,-3843,3834,-3844,3829,-3846,3830,-3844,3829,-3846,3829,-3844,3830,-3843,3831,-3842,3832,-3842,3832,-3844,3836,-3841,3832,-3842,3832,-3842,3832,-0.35,SJNFAAZE1U0005576,117.76,14.40,9161.97265625,79,75,0,0,0,0,14.5,99.17,-172940,100,1528030218.651,0,2,0,0,0,0,0,0,0,4,368.44,368.44,7F,1,1,1,0080,72,40,40,0,0,19,0.00
03/06/2018 13:50:22,55 59.40535,-2 30.55496,239,0,344,680616,1144818,368.45,1.220,3845,3828,3838,17,0,108.6,42.6,103.6,39.8,none,none,94.4,34.7,-3843,3838,-3841,3835,-3844,3837,-3840,3836,-3840,3835,-3841,3836,-3841,3836,-3842,3835,-3841,3834,-3840,3834,-3842,3834,-3842,3836,-3842,3835,-3842,3834,-3840,3835,-3840,3837,-3841,3836,-3841,3837,-3840,3835,-3840,3835,-3841,3835,-3842,3837,-3842,3836,-3842,3835,-3840,3834,-3843,3835,-3843,3836,-3844,3834,-3841,3833,-3844,3832,-3843,3832,-3845,3833,-3845,3834,-3844,3833,-3844,3833,-3843,3832,-3842,3829,-3845,3828,-3844,3829,-3845,3830,-3843,3831,-3844,3830,-3842,3833,-3843,3832,-3844,3835,-3841,3833,-3843,3833,-3842,3832,-0.33,SJNFAAZE1U0005576,117.76,14.40,9161.97265625,79,75,0,0,0,0,14.5,99.17,-172940,100,1528030222.371,0,2,0,0,0,0,0,0,0,4,368.45,368.45,7F,1,1,1,0080,72,40,40,0,0,19,0.00
03/06/2018 13:50:26,55 59.40535,-2 30.55496,239,0,344,680605,1144818,368.35,1.220,3843,3829,3837,14,0,108.6,42.6,103.3,39.6,none,none,94.2,34.6,3837,-3843,3834,3840,3836,3840,3838,-3837,3835,-3840,3836,-3840,3836,3842,3833,-3840,3834,-3841,3834,-3839,3835,-3839,3835,-3841,3835,-3842,3834,-3842,3834,-3840,3836,3840,3835,-3839,3835,-3840,3835,-3840,3834,-3840,3836,3838,3838,-3842,3836,-3840,3836,-3837,3835,-3840,3835,-3843,3834,3841,3837,-3839,3835,-3840,3836,-3840,3833,-3841,3834,-3842,3833,-3843,3832,-3841,3834,-3841,3833,3840,3833,-3842,3831,-3842,3829,-3842,3831,-3842,3831,3843,3831,-3841,3832,-3841,3833,-3840,3835,-3843,3832,-3841,3833,-3841,3832,-3838,-0.38,SJNFAAZE1U0005576,117.76,14.40,9161.97265625,79,75,0,0,0,0,14.5,99.17,-172940,100,1528030226.111,0,2,0,0,0,0,0,0,0,4,368.45,368.45,7F,1,1,1,0080,72,40,40,0,0,19,0.00
03/06/2018 13:50:30,55 59.40535,-2 30.55496,239,0,344,680587,1144818,368.45,2.105,3845,3830,3838,15,0,108.6,42.6,103.6,39.8,none,none,94.4,34.7,3837,-3844,3834,-3842,3837,3840,3837,3839,3836,-3840,3835,-3840,3836,-3842,3835,-3842,3835,3841,3834,-3839,3836,-3840,3835,-3841,3836,-3842,3835,-3841,3835,-3840,3837,-3840,3836,-3839,3836,3841,3837,-3840,3835,-3840,3837,-3840,3839,-3842,3836,3840,3837,-3838,3835,-3840,3835,-3843,3835,-3841,3838,-3840,3835,3841,3837,-3840,3833,-3842,3834,-3843,3834,-3845,3834,-3842,3835,-3842,3834,-3841,3833,-3843,3831,3842,3830,-3842,3832,-3843,3832,-3844,3831,-3841,3834,3841,3833,-3841,3836,-3845,3834,-3840,3834,-3841,3833,-3839,-0.36,SJNFAAZE1U0005576,117.76,14.40,9161.97265625,79,75,0,0,0,0,14.5,99.17,-172940,100,1528030230.175,0,2,1,0,6,0,0,0,0,4,368.40,368.40,7F,1,1,1,0080,72,40,40,0,0,11,0.00
03/06/2018 13:50:34,55 59.40535,-2 30.55496,239,0,344,680574,1144818,368.35,1.220,3846,3829,3837,17,0,108.6,42.6,103.3,39.6,none,none,94.2,34.6,3837,-3845,3834,-3843,3836,3840,3837,-3840,3836,-3841,3834,3841,3835,-3843,3833,-3843,3834,-3841,3835,-3840,3835,3842,3833,-3841,3835,-3843,3833,-3842,3834,-3841,3836,-3841,3835,-3840,3836,-3840,3836,-3840,3834,3840,3836,-3841,3838,-3841,3836,-3841,3835,-3838,3834,3842,3834,-3844,3835,-3841,3836,-3841,3834,-3842,3836,-3841,3833,3843,3833,-3844,3833,-3846,3833,-3843,3834,-3843,3832,-3843,3832,-3844,3830,-3844,3830,-3844,3830,3845,3829,-3845,3830,-3844,3832,-3842,3831,-3842,3836,3844,3833,-3842,3835,-3842,3832,-3838,-0.33,SJNFAAZE1U0005576,117.76,14.40,9161.97265625,79,75,0,0,0,0,14.5,99.17,-172940,100,1528030234.164,0,2,0,0,0,0,0,0,0,4,368.44,368.44,7F,1,1,1,0080,72,40,40,0,0,19,0.00
03/06/2018 13:50:37,55 59.40535,-2 30.55496,239,0,344,680526,1144818,367.68,21.941,3839,3821,3830,18,0,108.6,42.6,103.6,39.8,none,none,94.2,34.6,3830,-3838,3826,-3833,3829,3833,3831,-3833,3829,-3834,3827,-3834,3829,-3836,3827,3835,3827,-3834,3826,-3833,3827,-3833,3827,-3834,3828,3836,3826,-3835,3827,-3833,3828,-3834,3828,-3833,3828,-3833,3827,-3833,3828,-3833,3828,-3833,3832,3834,3830,-3834,3829,-3830,3827,-3832,3826,-3836,3827,3833,3829,-3833,3828,-3834,3827,-3833,3824,-3835,3825,-3836,3827,-3838,3824,-3837,3827,-3836,3825,3834,3826,-3837,3822,-3836,3822,-3838,3823,-3839,3825,-3837,3821,3836,3825,-3835,3825,-3836,3828,-3836,3826,-3835,3827,3835,3824,-3831,-0.34,SJNFAAZE1U0005576,117.76,14.40,9161.97265625,79,75,0,0,0,0,14.5,99.17,-172940,100,1528030237.995,4440,2,0,0,0,0,0,0,0,4,367.80,367.80,7F,1,1,1,0080,71,40,40,0,0,11,41.00
03/06/2018 13:50:41,55 59.40535,-2 30.55496,239,0,344,680458,1144818,368.35,0.183,3845,3829,3837,16,0,108.6,42.6,103.6,39.8,none,none,94.2,34.6,3842,3837,3840,-3835,-3841,3835,-3840,-3836,-3840,3835,-3839,3835,-3842,3835,-3842,3835,-3840,3834,-3840,3834,-3841,3834,-3840,3836,-3841,3834,-3843,3833,-3840,3836,-3840,3837,-3841,3835,-3839,3837,-3840,3834,-3839,3834,-3842,3835,-3842,3836,-3841,3835,-3841,3834,-3840,3833,-3843,3834,-3842,3835,-3843,3835,-3842,3832,-3844,3832,-3841,3831,-3844,3832,3844,-3834,3843,3832,3843,3832,3842,-3832,3842,-3829,3844,-3829,3844,-3830,3845,-3829,3844,-3830,3844,-3832,3842,-3831,3842,3831,3843,-3835,3840,-3832,3843,-3832,3840,-3832,-0.38,SJNFAAZE1U0005576,117.76,14.40,9161.97265625,79,75,0,0,0,0,14.5,99.17,-172940,100,1528030241.809,0,2,0,0,0,0,0,0,0,4,368.40,368.40,7F,1,1,1,0080,71,40,40,0,0,19,-19.50
03/06/2018 13:50:45,55 59.40535,-2 30.55496,239,0,344,680449,1144818,368.26,-0.305,3844,3828,3836,16,0,108.6,42.6,103.3,39.6,none,none,94.2,34.6,-3841,3836,-3841,3834,-3843,3834,-3839,3835,-3840,3834,-3839,3834,-3841,3835,-3841,3833,-3840,3834,-3839,3834,-3842,3833,-3840,3835,-3840,3833,-3841,3832,-3839,3834,-3839,3835,-3840,3834,-3839,3836,-3839,3833,-3839,3834,-3840,3834,-3842,3837,-3840,3835,-3841,3833,-3839,3832,-3842,3834,-3840,3833,-3842,3833,-3841,3832,-3844,3831,-3842,3830,-3843,3832,-3844,3832,-3842,3831,-3843,3832,-3841,3832,-3840,3828,-3844,3828,-3843,3828,-3844,3829,-3843,3830,-3844,3831,-3842,3830,-3841,3832,-3843,3836,-3840,3830,-3842,3831,-3840,3832,-0.36,SJNFAAZE1U0005576,117.76,14.40,9161.97265625,79,75,0,0,0,0,14.5,99.17,-172940,100,1528030245.678,0,2,1,0,5,0,0,0,0,4,368.37,368.37,7F,1,1,1,0080,71,40,40,0,0,11,4.00
03/06/2018 13:50:49,55 59.40535,-2 30.55496,239,0,344,680284,1144818,366.72,48.522,3827,3812,3820,15,0,108.6,42.6,103.3,39.6,none,none,94.2,34.6,-3821,3820,-3822,3817,-3824,3820,-3823,3818,-3823,3820,-3822,3820,-3824,3818,-3823,3819,-3823,3819,-3823,3818,-3823,3818,-3823,3819,-3824,3818,-3824,3817,-3821,3819,-3823,3819,-3823,3821,-3821,3820,-3822,3818,-3821,3818,-3824,3819,-3824,3821,-3823,3819,-3822,3818,-3820,3815,-3822,3818,-3821,3818,-3824,3816,-3824,3816,-3826,3815,-3822,3814,-3825,3816,-3826,3818,-3823,3814,-3824,3816,-3823,3815,-3824,3812,-3824,3812,-3824,3814,-3827,3814,-3825,3815,-3823,3815,-3822,3815,-3824,3815,-3823,3818,-3821,3814,-3822,3815,-3821,3815,-0.36,SJNFAAZE1U0005576,117.76,14.40,9161.97265625,79,75,0,0,0,0,14.5,99.17,-172940,100,1528030249.432,12680,2,0,0,0,0,0,0,0,4,366.78,366.78,7F,1,1,1,0080,71,40,40,0,0,19,112.50
03/06/2018 13:50:53,55 59.40535,-2 30.55496,239,0,344,679820,1144818,365.95,58.623,3819,3804,3812,15,0,108.6,42.6,103.3,39.6,none,none,94.2,34.6,-3815,3811,-3814,3809,-3816,3811,-3815,3810,-3815,3811,-3815,3812,-3815,3811,-3816,3811,-3815,3810,-3815,3809,-3816,3809,-3815,3812,-3816,3809,-3816,3810,-3814,3812,-3816,3812,-3816,3810,-3815,3812,-3814,3811,-3815,3809,-3816,3811,-3817,3813,-3814,3810,-3814,3809,-3811,3806,-3813,3809,-3813,3807,-3815,3808,-3815,3808,-3816,3807,-3815,3807,-3817,3806,-3817,3809,-3816,3808,-3818,3808,-3816,3807,-3819,3804,-3817,3805,-3817,3805,-3819,3805,-3818,3806,-3816,3806,-3814,3806,-3815,3809,-3815,3809,-3813,3807,-3815,3807,-3813,3806,-0.34,SJNFAAZE1U0005576,117.76,14.40,9161.97265625,79,75,0,0,0,0,14.5,99.17,-172940,100,1528030253.142,16440,2,0,0,0,0,0,0,0,4,366.01,366.01,7F,1,1,1,0080,72,40,40,0,0,19,61.00
03/06/2018 13:50:56,55 59.40535,-2 30.55496,239,0,344,679419,1144818,366.24,39.001,3823,3806,3815,17,0,108.4,42.4,103.3,39.6,none,none,94.2,34.6,-3819,3814,-3818,3813,-3821,3814,-3819,3812,-3820,3814,-3819,3815,-3820,3815,-3820,3814,-3819,3813,-3819,3812,-3820,3812,-3819,3814,-3820,3813,-3821,3812,-3819,3814,-3819,3815,-3820,3815,-3819,3816,-3819,3813,-3820,3813,-3820,3814,-3822,3815,-3818,3814,-3818,3812,-3816,3809,-3819,3811,-3817,3811,-3819,3811,-3819,3810,-3821,3810,-3819,3808,-3820,3810,-3822,3812,-3820,3811,-3821,3811,-3820,3810,-3821,3806,-3822,3807,-3821,3807,-3823,3808,-3821,3808,-3820,3809,-3819,3809,-3820,3809,-3819,3812,-3817,3809,-3820,3810,-3818,3809,-0.36,SJNFAAZE1U0005576,117.76,14.40,9161.97265625,79,75,0,0,0,0,14.5,99.17,-172940,100,1528030256.844,12280,3,0,0,0,0,0,0,0,4,366.28,366.28,7F,1,1,1,0080,72,40,40,0,0,19,34.50
03/06/2018 13:51:00,55 59.40535,-2 30.55496,239,0,344,679179,1144818,366.91,15.502,3828,3815,3822,13,0,108.4,42.4,103.3,39.6,none,none,94.2,34.6,3820,-3828,3819,-3825,3822,3825,3823,-3823,3819,-3826,3821,3825,3820,-3826,3819,-3826,3819,-3826,3819,-3824,3820,3825,3820,-3826,3820,-3828,3819,-3826,3819,-3825,3820,-3826,3821,-3825,3820,-3825,3821,-3824,3820,3824,3821,-3825,3823,-3825,3821,-3824,3821,-3822,3819,-3825,3819,3826,3819,-3824,3820,-3823,3819,-3824,3820,-3824,3817,3826,3818,-3827,3819,-3828,3818,-3828,3820,-3827,3818,-3825,3818,-3828,3815,-3827,3815,-3828,3818,3826,3815,-3828,3816,-3826,3816,-3825,3817,-3825,3819,3827,3818,-3825,3818,-3825,3815,-3822,-0.38,SJNFAAZE1U0005576,117.76,14.40,9161.97265625,79,75,0,0,0,0,14.5,99.17,-172940,100,1528030260.673,5800,2,0,0,0,0,0,0,0,4,367.01,367.01,7F,1,1,1,0080,72,40,40,0,0,19,19.50
03/06/2018 13:51:04,55 59.40535,-2 30.55496,239,0,343,678862,1144818,365.57,54.381,3816,3798,3808,18,0,108.4,42.4,103.3,39.6,none,none,94.2,34.6,3805,-3814,3804,-3813,3807,3812,3809,-3810,3806,-3813,3806,-3813,3805,-3813,3805,3813,3805,-3813,3806,-3813,3806,-3813,3806,-3814,3806,3815,3805,-3814,3805,-3812,3808,-3813,3806,-3811,3807,-3813,3806,-3811,3805,-3811,3807,-3811,3809,3814,3807,-3812,3806,-3808,3802,-3810,3803,-3812,3803,-3810,3806,3809,3804,-3810,3805,-3810,3800,-3813,3801,-3814,3803,3815,3803,-3815,3805,-3813,3802,-3811,3803,-3813,3799,-3814,3798,-3815,3801,-3816,3801,-3815,3798,3812,3801,-3812,3802,-3811,3803,-3812,3803,-3811,3803,3812,3801,-3808,-0.36,SJNFAAZE1U0005576,117.76,14.40,9161.97265625,79,75,0,0,0,0,14.5,99.17,-172940,100,1528030264.412,14840,3,1,0,6,0,0,0,0,4,365.67,365.67,7F,1,1,1,0080,72,40,40,0,0,19,53.00
03/06/2018 13:51:08,55 59.40535,-2 30.55496,239,0,343,678314,1144818,365.66,49.376,3817,3800,3809,17,0,108.4,42.4,103.3,39.6,none,none,94.2,34.6,3806,3815,3805,-3813,3808,3812,3811,-3812,3807,-3815,3807,-3813,3807,-3816,3806,-3815,3807,-3814,3808,3813,3807,-3813,3806,-3814,3807,-3816,3805,-3815,3807,3813,3808,-3815,3809,-3813,3808,-3814,3809,-3814,3808,-3813,3809,3813,3810,-3815,3806,-3812,3806,-3810,3805,-3811,3804,-3813,3805,-3812,3807,-3811,3807,-3813,3807,3811,3802,-3814,3805,-3817,3805,-3817,3804,-3816,3806,3815,3804,-3813,3806,-3816,3800,-3816,3801,-3815,3802,-3817,3802,-3816,3800,-3814,3803,-3815,3804,3815,3806,-3815,3804,-3813,3805,-3813,3803,-3809,-0.37,SJNFAAZE1U0005576,117.76,14.40,9161.97265625,79,75,0,0,0,0,14.5,99.17,-172940,100,1528030268.100,18200,2,0,0,0,0,0,0,0,4,365.33,365.33,7F,1,1,1,0080,72,40,40,0,0,19,16.75
03/06/2018 13:51:11,55 59.40535,-2 30.55496,239,0,343,678181,1144818,366.62,11.596,3826,3813,3819,13,0,108.4,42.4,103.3,39.6,none,none,94.2,34.6,3818,-3826,3816,-3823,3819,3823,3820,-3821,3818,-3824,3817,-3824,3818,-3824,3816,-3823,3817,-3823,3816,-3823,3818,-3823,3817,3823,3818,-3825,3816,-3824,3817,-3823,3818,-3823,3819,-3822,3818,3823,3818,-3823,3817,-3821,3819,-3823,3820,-3825,3818,3823,3818,-3820,3816,-3821,3817,-3824,3817,-3822,3818,-3822,3817,-3823,3817,-3821,3815,-3823,3815,3825,3816,-3826,3816,-3825,3817,-3825,3815,-3823,3817,3824,3813,-3825,3813,-3824,3813,-3825,3813,-3825,3813,-3823,3815,-3823,3814,-3824,3817,-3825,3814,3822,3815,-3823,3814,-3819,-0.37,SJNFAAZE1U0005576,117.76,14.40,9161.97265625,79,75,0,0,0,0,14.5,99.17,-172940,100,1528030271.967,3000,3,0,0,0,0,0,0,0,4,366.72,366.72,7F,1,1,1,0080,72,40,40,0,0,19,6.75
03/06/2018 13:51:15,55 59.40535,-2 30.55496,239,0,343,678062,1144818,366.34,26.549,3824,3807,3816,17,0,108.4,42.4,103.3,39.6,none,none,94.2,34.6,-3818,3816,-3819,3813,-3820,3815,-3818,3814,-3820,3814,-3820,3816,-3821,3815,-3821,3814,-3819,3814,-3819,3813,-3820,3814,-3821,3815,-3821,3814,-3821,3813,3818,-3816,3819,-3816,3819,-3815,3819,-3817,3820,-3814,3819,3814,3820,-3815,3822,-3817,3819,-3815,3820,-3815,3817,3811,3820,-3813,-3820,3812,-3819,-3812,-3821,3811,-3822,3811,-3821,3809,-3822,3811,-3824,3813,-3821,3810,-3822,3811,-3821,3812,-3824,3808,-3824,3808,-3823,3807,-3824,3809,-3823,3810,-3821,3810,-3820,3810,-3820,3811,-3819,3813,-3818,3811,-3819,3811,-3818,3812,-0.37,SJNFAAZE1U0005576,117.76,14.40,9161.97265625,79,75,0,0,0,0,14.5,99.17,-172940,100,1528030275.623,7440,2,0,0,0,0,0,0,0,4,366.39,366.39,7F,1,1,1,0080,72,40,40,0,0,11,24.00
03/06/2018 13:51:19,55 59.40535,-2 30.55496,239,0,343,677926,1144818,367.01,3.447,3831,3816,3823,15,0,108.4,42.4,103.3,39.6,none,none,94.2,34.6,-3827,3823,-3826,3821,-3827,3823,-3826,3822,-3827,3822,-3826,3823,-3827,3823,-3826,3821,-3826,3822,-3826,3820,-3827,3821,-3827,3823,-3827,3821,-3828,3820,-3827,3822,-3827,3823,-3826,3822,-3825,3824,-3826,3821,-3826,3821,-3827,3823,-3828,3825,-3827,3821,-3826,3820,-3825,3820,-3827,3820,-3827,3820,-3827,3820,-3827,3819,-3829,3819,-3827,3818,-3828,3819,-3830,3821,-3829,3820,-3829,3819,-3828,3819,-3827,3816,-3829,3817,-3830,3816,-3831,3817,-3829,3818,-3828,3819,-3827,3818,-3828,3818,-3828,3821,-3826,3819,-3826,3819,-3825,3818,-0.39,SJNFAAZE1U0005576,117.76,14.40,9163.58203125,79,75,0,0,0,0,14.5,99.17,-172940,100,1528030279.117,0,2,1,0,5,0,0,0,0,4,367.06,367.06,7F,1,1,1,0080,72,40,40,0,0,19,0.00
03/06/2018 13:51:22,55 59.40535,-2 30.55496,239,0,343,677824,1144818,366.34,27.526,3824,3809,3816,15,0,108.6,42.6,103.3,39.6,none,none,94.2,34.6,-3819,3816,-3818,3815,-3821,3815,-3820,3814,-3819,3815,-3819,3816,-3819,3815,-3820,3815,-3818,3815,-3819,3814,-3819,3814,-3819,3816,-3820,3815,-3820,3814,-3819,3815,-3820,3817,-3819,3816,-3819,3817,-3820,3816,-3818,3816,-3819,3816,-3821,3817,-3818,3815,-3818,3814,-3817,3812,-3819,3814,-3819,3812,-3820,3812,-3819,3813,-3821,3810,-3820,3811,-3822,3812,-3821,3814,-3820,3811,-3822,3812,-3819,3812,-3822,3809,-3822,3810,-3821,3810,-3824,3810,-3823,3812,-3819,3810,-3820,3810,-3820,3811,-3820,3814,-3818,3812,-3820,3812,-3817,3811,-0.35,SJNFAAZE1U0005576,117.76,14.40,9163.58203125,79,75,0,0,0,0,14.5,99.17,-172940,100,1528030282.824,6000,3,0,0,0,0,0,0,0,4,366.43,366.43,7F,1,1,1,0080,72,40,40,0,0,11,29.25
03/06/2018 13:51:26,55 59.40535,-2 30.55496,239,0,343,677599,1144818,366.72,12.633,3827,3811,3820,16,0,108.6,42.6,103.3,39.6,none,none,94.2,34.6,-3823,3818,-3824,3816,-3826,3818,-3824,3817,-3823,3819,-3823,3818,-3824,3818,-3825,3817,-3824,3817,-3823,3817,-3824,3816,-3824,3818,-3825,3816,-3826,3816,-3823,3818,-3824,3819,-3824,3817,-3823,3820,-3822,3817,-3823,3818,-3824,3817,-3825,3820,-3824,3819,-3823,3817,-3820,3814,-3824,3816,-3822,3815,-3824,3816,-3824,3813,-3826,3812,-3824,3815,-3826,3815,-3827,3815,-3827,3815,-3825,3816,-3824,3815,-3826,3812,-3827,3811,-3825,3813,-3827,3812,-3826,3812,-3826,3813,-3823,3814,-3824,3814,-3824,3817,-3822,3814,-3825,3815,-3824,3814,-0.41,SJNFAAZE1U0005576,117.76,14.40,9163.58203125,79,75,0,0,0,0,14.5,99.17,-172940,100,1528030286.534,5080,3,0,0,0,0,0,0,0,4,366.69,366.69,7F,1,1,1,0080,72,40,40,0,0,11,16.25
03/06/2018 13:51:30,55 59.40535,-2 30.55496,239,0,343,677465,1144818,366.91,3.325,3830,3814,3822,16,0,108.4,42.4,103.3,39.6,none,none,94.2,34.6,-3827,3822,-3826,3820,-3827,3821,-3825,3821,-3826,3820,-3825,3821,-3827,3820,-3826,3820,-3826,3819,-3825,3819,-3826,3819,-3826,3822,-3827,3820,-3827,3819,-3825,3822,-3825,3822,-3826,3822,-3825,3823,-3825,3820,-3825,3820,-3827,3821,-3827,3823,-3825,3820,-3825,3820,-3824,3818,-3826,3818,-3826,3819,-3827,3819,-3827,3817,-3829,3818,-3828,3816,-3829,3817,-3830,3819,-3828,3816,-3828,3817,-3827,3818,-3827,3814,-3829,3815,-3829,3815,-3830,3816,-3829,3815,-3828,3817,-3826,3817,-3828,3817,-3826,3819,-3824,3816,-3827,3818,-3825,3817,-0.38,SJNFAAZE1U0005576,117.76,14.40,9163.58203125,79,75,0,0,0,0,14.5,99.17,-172940,100,1528030290.258,2440,3,0,0,0,0,0,0,0,4,366.97,366.97,7F,1,1,1,0080,72,40,40,0,0,11,1.50
03/06/2018 13:51:34,55 59.40535,-2 30.55496,239,0,343,677395,1144818,366.82,14.647,3829,3814,3821,15,0,108.4,42.4,103.3,39.6,none,none,94.2,34.6,3820,-3829,3818,3826,3821,3824,3822,-3823,3820,-3825,3819,-3826,3820,3827,3819,-3826,3819,-3825,3819,-3825,3820,-3824,3819,-3825,3820,-3827,3819,-3826,3818,-3825,3821,3826,3820,-3824,3821,-3826,3820,-3825,3819,-3824,3820,3824,3821,-3826,3820,-3824,3820,-3822,3818,-3824,3818,-3825,3818,-3824,3820,-3823,3818,-3824,3820,3823,3816,-3825,3817,-3827,3817,-3829,3816,-3826,3818,3826,3816,-3826,3816,-3826,3814,-3826,3814,-3826,3816,-3828,3815,3827,3814,-3825,3816,-3826,3816,-3825,3819,-3826,3817,-3824,3817,-3825,3815,-3822,-0.39,SJNFAAZE1U0005576,117.76,14.40,9163.58203125,79,75,0,0,0,0,14.5,99.17,-172940,100,1528030294.284,4360,2,0,0,0,0,0,0,0,4,366.81,366.81,7F,1,1,1,0080,72,40,40,0,0,19,-40.25
03/06/2018 13:51:38,55 59.40535,-2 30.55496,239,0,343,677520,1144818,367.68,-5.950,3838,3823,3830,15,0,108.4,42.4,103.3,39.6,none,none,94.2,34.6,3829,-3838,3827,-3834,3830,3833,3830,3832,3828,-3834,3828,-3834,3828,-3835,3827,-3835,3827,3834,3828,-3835,3828,-3834,3828,-3834,3828,-3836,3826,-3835,3827,-3833,3829,-3834,3829,-3833,3829,3834,3829,-3834,3828,-3833,3829,-3833,3831,-3835,3829,3833,3830,-3831,3825,-3833,3827,-3836,3828,-3834,3830,-3832,3828,-3833,3829,-3834,3827,-3835,3826,3835,3827,-3837,3826,-3835,3826,-3835,3825,-3834,3825,3836,3824,-3835,3823,-3836,3824,-3837,3825,-3837,3824,-3834,3826,3835,3825,-3834,3827,-3837,3826,-3833,3827,-3835,3824,-3831,-0.36,SJNFAAZE1U0005576,117.76,14.40,9163.58203125,79,75,0,0,0,0,14.5,99.17,-172946,100,1528030298.260,0,2,1,0,6,0,0,0,0,4,367.70,367.70,7F,1,1,1,0080,72,40,40,0,0,11,8.50
03/06/2018 13:51:41,55 59.40535,-2 30.55496,239,0,343,677410,1144818,366.53,30.547,3826,3808,3818,18,0,108.4,42.4,103.3,39.6,none,none,94.2,34.6,3817,-3824,3814,-3823,3816,3821,3817,-3820,3815,-3822,3816,3823,3815,-3823,3814,-3822,3814,-3821,3814,-3821,3816,3822,3815,-3822,3815,-3825,3814,-3823,3815,-3821,3817,-3823,3817,-3821,3817,-3822,3816,-3822,3816,3821,3816,-3821,3816,-3823,3816,-3822,3816,-3818,3813,3821,3812,-3822,3813,-3821,3815,-3821,3816,-3822,3814,-3821,3811,-3823,3811,-3824,3813,-3826,3812,3824,3814,-3824,3813,-3823,3814,-3824,3810,-3825,3808,3825,3810,-3825,3811,-3826,3808,-3824,3811,-3822,3813,-3822,3813,-3823,3811,-3821,3812,-3821,3811,3818,-0.36,SJNFAAZE1U0005576,117.76,14.40,9163.58203125,79,75,0,0,0,0,14.5,99.17,-172946,100,1528030301.963,7360,2,0,0,0,0,0,0,0,4,366.49,366.49,7F,1,1,1,0080,72,40,40,0,0,19,29.25
03/06/2018 13:51:45,55 59.40535,-2 30.55496,239,0,343,677136,1144818,365.86,37.658,3818,3804,3811,14,0,108.4,42.4,103.3,39.6,none,none,94.2,34.6,3810,-3817,3808,-3816,3811,3814,3813,-3814,3811,-3815,3810,-3815,3811,-3816,3810,3817,3810,-3815,3809,-3816,3810,-3815,3810,-3816,3811,3817,3810,-3816,3810,-3814,3811,-3816,3811,-3815,3811,-3816,3811,-3814,3810,-3815,3811,-3814,3813,3816,3810,-3814,3810,-3811,3807,-3813,3808,-3815,3808,3813,3810,-3813,3809,-3815,3809,-3813,3805,-3817,3805,-3817,3808,-3818,3807,-3816,3809,-3816,3807,3814,3810,-3816,3805,-3817,3804,-3818,3806,-3817,3806,-3817,3804,3816,3805,-3815,3807,-3815,3807,-3816,3805,-3814,3806,3813,3805,-3811,-0.33,SJNFAAZE1U0005576,117.76,14.40,9163.58203125,79,75,0,0,0,0,14.5,99.17,-172946,100,1528030305.467,10560,3,0,0,0,0,0,0,0,4,366.08,366.08,7F,1,1,1,0080,72,40,40,0,0,19,34.00
03/06/2018 13:51:49,55 59.40535,-2 30.55496,239,0,342,676828,1144818,366.05,29.723,3819,3805,3813,14,0,108.4,42.4,103.3,39.6,none,none,94.2,34.6,3815,3813,3814,-3811,-3816,3812,-3816,-3812,-3816,3812,-3815,3813,-3815,3812,-3817,3812,-3816,3811,-3816,3811,-3816,3811,-3817,3812,-3817,3812,-3818,3810,-3815,3813,-3816,3813,-3816,3812,-3815,3814,-3815,3812,-3815,3811,-3815,3813,-3818,3814,-3816,3811,-3815,3809,-3813,3808,-3816,3810,-3814,3810,-3816,3809,-3817,3809,-3818,3808,-3815,3808,-3819,3810,3818,3810,-3816,3810,3819,3809,3817,-3810,3817,-3805,3818,-3807,3817,-3806,3819,-3807,3818,-3808,3816,-3807,3816,-3808,3818,3808,3816,-3811,3814,-3809,3816,-3807,3814,-3807,-0.39,SJNFAAZE1U0005576,117.76,14.40,9163.58203125,79,75,0,0,0,0,14.5,99.17,-172946,100,1528030309.167,9160,3,0,0,0,0,0,0,0,4,366.02,366.02,7F,1,1,1,0080,72,40,40,0,0,19,17.25
03/06/2018 13:51:52,55 59.40535,-2 30.55496,239,0,342,676589,1144818,366.05,28.289,3820,3805,3813,15,0,108.4,42.4,103.3,39.6,none,none,94.2,34.6,-3816,3813,-3815,3811,-3817,3812,-3816,3812,-3816,3812,-3815,3813,-3816,3812,-3817,3812,-3816,3811,-3817,3811,-3817,3811,-3816,3814,-3818,3812,-3816,3812,-3816,3813,-3816,3813,-3816,3811,-3814,3814,-3816,3812,-3816,3812,-3816,3812,-3817,3815,-3815,3812,-3816,3810,-3813,3808,-3815,3810,-3815,3809,-3816,3808,-3817,3809,-3818,3809,-3816,3806,-3818,3808,-3818,3810,-3817,3809,-3820,3808,-3818,3809,-3818,3805,-3818,3806,-3818,3806,-3819,3806,-3819,3807,-3816,3808,-3816,3807,-3816,3810,-3817,3810,-3814,3807,-3815,3807,-3814,3808,-0.38,SJNFAAZE1U0005576,117.76,14.40,9163.58203125,79,75,0,0,0,0,14.5,99.17,-172946,100,1528030312.882,8320,3,1,0,5,0,0,0,0,4,366.05,366.05,7F,1,1,1,0080,72,40,40,0,0,19,21.00
03/06/2018 13:51:56,55 59.40535,-2 30.55496,239,0,342,676425,1144818,366.34,13.305,3824,3807,3816,17,0,108.4,42.4,103.3,39.6,none,none,94.2,34.6,-3819,3815,-3821,3814,-3821,3815,-3819,3814,-3820,3815,-3820,3815,-3821,3815,-3821,3814,-3820,3813,-3820,3814,-3820,3813,-3821,3816,-3822,3814,-3821,3813,-3820,3815,-3819,3816,-3821,3815,-3818,3817,-3820,3815,-3819,3814,-3821,3815,-3821,3816,-3820,3815,-3819,3813,-3817,3811,-3819,3812,-3819,3811,-3820,3812,-3821,3811,-3822,3811,-3820,3809,-3822,3811,-3823,3811,-3821,3811,-3822,3811,-3820,3812,-3822,3808,-3823,3808,-3824,3807,-3823,3808,-3823,3809,-3822,3810,-3820,3810,-3820,3811,-3821,3813,-3818,3811,-3819,3810,-3818,3811,-0.38,SJNFAAZE1U0005576,117.76,14.40,9163.58203125,79,75,0,0,0,0,14.5,99.17,-172946,100,1528030316.723,3480,2,0,0,0,0,0,0,0,4,366.53,366.53,7F,1,1,1,0080,72,40,40,0,0,11,2.75
03/06/2018 13:52:00,55 59.40535,-2 30.55496,239,0,342,676362,1144818,367.01,3.051,3829,3816,3823,13,0,108.4,42.4,103.3,39.6,none,none,94.2,34.6,-3826,3823,-3826,3820,-3827,3822,-3825,3821,-3826,3821,-3825,3823,-3827,3823,-3826,3821,-3826,3821,-3826,3821,-3827,3820,-3827,3823,-3827,3821,-3827,3820,-3826,3822,-3826,3823,-3826,3822,-3826,3824,-3827,3822,-3825,3822,-3827,3823,-3828,3824,-3826,3822,-3826,3820,-3824,3818,-3826,3820,-3826,3821,-3827,3820,-3827,3818,-3829,3818,-3826,3817,-3828,3818,-3829,3820,-3827,3819,-3828,3819,-3827,3819,-3826,3816,-3829,3816,-3827,3817,-3829,3817,-3828,3817,-3827,3817,-3826,3819,-3826,3819,-3827,3821,-3824,3818,-3826,3818,-3825,3817,-0.36,SJNFAAZE1U0005576,117.76,14.40,9163.58203125,79,75,0,0,0,0,14.5,99.17,-172946,100,1528030320.596,3680,2,0,0,0,0,0,0,0,4,366.93,366.93,7F,1,1,1,0080,72,40,40,0,0,19,-13.50
03/06/2018 13:52:04,55 59.40535,-2 30.55496,239,0,342,676571,1144818,368.26,-33.996,3843,3828,3836,15,0,108.4,42.4,103.3,39.6,none,none,94.2,34.6,-3840,3834,-3838,3833,-3841,3834,-3839,3833,-3839,3834,-3838,3834,-3840,3834,-3840,3833,-3838,3833,-3837,3832,-3839,3834,-3839,3833,-3839,3834,-3841,3833,-3838,3835,-3839,3835,-3838,3834,-3838,3835,-3838,3834,-3838,3833,-3839,3833,-3841,3835,-3839,3834,-3840,3833,-3837,3833,-3841,3834,-3839,3834,-3841,3833,-3840,3832,-3843,3832,-3840,3831,-3842,3832,-3841,3833,-3841,3833,-3840,3832,-3840,3832,-3839,3830,-3843,3828,-3840,3828,-3842,3830,-3842,3830,-3841,3831,-3841,3830,-3839,3831,-3841,3835,-3838,3831,-3841,3832,-3838,3830,-0.38,SJNFAAZE1U0005576,117.76,14.40,9163.58203125,79,75,0,0,0,0,14.5,99.17,-172954,100,1528030324.373,0,3,0,0,0,0,0,0,0,4,368.55,368.55,7F,1,1,1,0080,72,40,40,0,0,19,4.50
03/06/2018 13:52:08,55 59.40535,-2 30.55496,239,0,342,676539,1144818,367.78,3.081,3839,3822,3831,17,0,108.6,42.6,103.3,39.6,none,none,94.2,34.6,3829,-3838,3827,-3835,3830,3834,3831,-3832,3829,-3835,3828,3835,3829,-3837,3828,-3836,3827,-3835,3827,-3834,3828,3834,3827,-3837,3829,-3837,3827,-3835,3828,-3835,3830,-3835,3830,-3834,3829,-3835,3829,-3835,3828,3834,3829,-3834,3831,-3837,3829,-3834,3830,-3832,3827,3835,3828,-3837,3829,-3835,3830,-3834,3828,-3835,3829,-3835,3826,3837,3826,-3837,3826,-3839,3826,-3838,3827,-3837,3826,-3835,3826,-3838,3823,-3837,3822,-3838,3823,3839,3824,-3839,3823,-3837,3826,-3836,3826,-3837,3827,3838,3825,-3835,3827,-3836,3825,-3833,-0.35,SJNFAAZE1U0005576,117.76,14.40,9163.58203125,79,75,0,0,0,0,14.5,99.17,-172954,100,1528030328.042,7560,3,0,0,0,0,0,0,0,4,367.26,367.26,7F,1,1,1,0080,72,40,40,0,0,19,-6.00
03/06/2018 13:52:11,55 59.40535,-2 30.55496,239,0,342,676637,1144818,368.16,-28.655,3843,3828,3835,15,0,108.4,42.4,103.3,39.6,none,none,94.2,34.6,3835,-3842,3832,-3839,3834,3838,3836,-3837,3833,-3838,3833,-3838,3834,-3839,3832,3839,3832,-3838,3832,-3838,3834,-3838,3832,-3839,3833,3840,3832,-3839,3832,-3839,3834,-3839,3835,-3838,3833,-3839,3833,3838,3833,-3837,3834,-3838,3836,-3839,3834,-3838,3835,-3835,3832,-3838,3834,-3840,3834,-3837,3834,3838,3833,-3837,3834,-3838,3831,-3839,3831,-3841,3832,3843,3831,-3839,3832,-3839,3830,-3838,3829,-3840,3829,-3840,3828,-3840,3829,-3841,3829,-3841,3828,3839,3829,-3837,3831,-3838,3833,-3840,3831,-3837,3831,3839,3830,-3835,-0.36,SJNFAAZE1U0005576,117.76,14.40,9163.58203125,79,75,0,0,0,0,14.5,99.17,-172958,100,1528030331.752,0,2,1,0,6,0,0,0,0,4,368.48,368.48,7F,1,1,1,0080,72,40,40,0,0,11,-9.75
03/06/2018 13:52:15,55 59.40535,-2 30.55496,239,0,342,676748,1144818,368.16,-10.894,3843,3826,3835,17,0,108.4,42.4,103.3,39.6,none,none,94.2,34.6,3834,3841,3831,-3839,3833,3837,3835,-3837,3833,-3839,3831,-3838,3833,-3839,3831,-3840,3831,-3838,3831,3838,3832,-3838,3832,-3839,3832,-3840,3831,-3840,3831,3838,3834,-3838,3834,-3836,3833,-3839,3833,-3838,3832,-3836,3834,3837,3836,-3839,3834,-3838,3833,-3836,3831,-3839,3832,-3839,3833,-3839,3834,-3838,3831,-3839,3833,3838,3830,-3840,3830,-3842,3830,-3843,3829,-3840,3831,3841,3830,-3838,3828,-3842,3828,-3840,3826,-3842,3828,-3841,3827,-3842,3827,-3840,3829,-3840,3828,3840,3832,-3841,3829,-3839,3829,-3840,3829,-3835,-0.34,SJNFAAZE1U0005576,117.76,14.40,9163.58203125,79,75,0,0,0,0,14.5,99.17,-172963,100,1528030335.447,0,2,0,0,0,0,0,0,0,4,368.05,368.05,7F,1,1,1,0080,72,40,40,0,0,19,-23.25
03/06/2018 13:52:18,55 59.40535,-2 30.55496,239,0,342,676767,1144818,367.20,18.371,3832,3818,3825,14,0,108.4,42.4,103.3,39.6,none,none,94.2,34.6,3825,-3832,3821,-3829,3825,3828,3825,-3828,3822,-3829,3821,-3830,3823,-3830,3821,-3830,3821,-3829,3822,-3827,3823,-3828,3821,-3830,3823,-3832,3821,-3830,3822,-3829,3824,-3829,3824,-3828,3824,3830,3822,-3827,3822,-3827,3824,-3829,3826,-3829,3824,3827,3822,-3825,3821,-3828,3822,-3830,3821,-3827,3824,-3828,3823,-3828,3824,-3828,3820,-3829,3820,3831,3820,-3832,3819,-3828,3822,-3829,3820,-3828,3822,3831,3818,-3831,3818,-3831,3818,-3831,3819,-3831,3818,-3829,3820,-3829,3820,-3829,3822,-3829,3819,3827,3820,-3827,3819,-3826,-0.35,SJNFAAZE1U0005576,117.76,14.40,9163.58203125,79,75,0,0,0,0,14.5,99.17,-172964,100,1528030338.992,4600,2,0,0,0,0,0,0,0,4,367.25,367.25,7F,1,1,1,0080,72,40,40,0,0,19,27.50
03/06/2018 13:52:22,55 59.40535,-2 30.55496,239,0,342,676613,1144818,367.39,5.340,3834,3818,3827,16,0,108.4,42.4,103.3,39.6,none,none,94.2,34.6,-3831,3826,-3830,3825,-3831,3826,-3830,3824,-3830,3826,-3830,3826,3831,3826,-3832,3824,3830,-3824,3830,-3824,3830,3824,3831,-3826,3832,-3825,3831,-3824,3829,-3826,3830,-3826,3830,-3826,3829,-3827,3830,-3824,3829,3825,3830,-3827,3832,-3827,3830,-3825,3829,-3824,3828,3822,3831,-3824,-3831,3824,-3830,-3824,-3831,3823,-3833,3822,-3832,3821,-3833,3822,-3834,3824,-3832,3822,-3833,3822,-3831,3822,-3832,3818,-3834,3819,-3833,3818,-3834,3820,-3834,3821,-3833,3820,-3831,3821,-3833,3820,-3831,3825,-3829,3821,-3830,3822,-3829,3822,-0.38,SJNFAAZE1U0005576,117.76,14.40,9163.58203125,79,75,0,0,0,0,14.5,99.17,-172964,100,1528030342.834,4000,3,0,0,0,0,0,0,0,4,367.39,367.39,7F,1,1,1,0080,72,40,40,0,0,19,0.00
03/06/2018 13:52:26,55 59.40535,-2 30.55496,239,0,342,676662,1144818,368.06,-11.809,3840,3826,3834,14,0,108.6,42.6,103.3,39.6,none,none,94.2,34.6,-3838,3834,-3836,3831,-3839,3833,-3837,3832,-3837,3831,-3836,3833,-3837,3832,-3837,3832,-3837,3832,-3836,3830,-3838,3831,-3837,3833,-3838,3832,-3838,3831,-3837,3831,-3837,3833,-3837,3832,-3835,3834,-3836,3831,-3836,3831,-3836,3832,-3839,3834,-3837,3833,-3838,3831,-3834,3831,-3839,3832,-3838,3832,-3838,3830,-3837,3829,-3840,3829,-3838,3828,-3839,3829,-3839,3831,-3838,3830,-3838,3830,-3838,3830,-3836,3827,-3839,3826,-3840,3827,-3839,3827,-3840,3829,-3838,3829,-3836,3828,-3837,3830,-3839,3833,-3835,3830,-3838,3829,-3837,3829,-0.35,SJNFAAZE1U0005576,117.76,14.40,9163.58203125,79,75,0,0,0,0,14.5,99.17,-172966,100,1528030346.660,0,2,1,0,5,0,0,0,0,4,368.11,368.11,7F,1,1,1,0080,72,40,40,0,0,11,-22.00
03/06/2018 13:52:30,55 59.40535,-2 30.55496,239,0,342,676628,1144818,367.49,3.661,3835,3821,3828,14,0,108.4,42.4,103.3,39.6,none,none,94.0,34.4,-3832,3829,-3831,3825,-3832,3827,-3831,3826,-3830,3827,-3830,3828,-3831,3826,-3832,3826,-3831,3825,-3830,3825,-3831,3825,-3832,3827,-3832,3826,-3831,3825,-3831,3827,-3831,3827,-3831,3826,-3831,3828,-3830,3826,-3829,3826,-3833,3826,-3832,3829,-3831,3827,-3831,3825,-3829,3823,-3831,3826,-3831,3826,-3832,3825,-3832,3823,-3834,3823,-3832,3824,-3833,3824,-3834,3825,-3834,3824,-3833,3825,-3832,3824,-3832,3821,-3834,3821,-3833,3822,-3835,3822,-3834,3823,-3833,3823,-3831,3823,-3832,3824,-3832,3827,-3830,3824,-3832,3824,-3829,3824,-0.35,SJNFAAZE1U0005576,117.76,14.40,9163.58203125,79,75,0,0,0,0,14.5,99.17,-172966,100,1528030350.529,3920,2,0,0,0,0,0,0,0,4,367.56,367.56,7F,1,1,1,0080,72,40,40,0,0,19,63.75
03/06/2018 13:52:34,55 59.40535,-2 30.55496,239,0,342,676203,1144818,364.70,78.094,3808,3792,3799,16,0,108.4,42.4,103.3,39.6,none,none,94.2,34.6,-3801,3799,-3800,3797,-3803,3799,-3803,3797,-3803,3799,-3802,3799,-3803,3800,-3803,3798,-3803,3799,-3803,3798,-3803,3799,-3804,3801,-3804,3798,-3804,3799,-3802,3801,-3804,3801,-3802,3799,-3802,3802,-3802,3799,-3801,3799,-3803,3798,-3803,3800,-3801,3798,-3801,3796,-3799,3794,-3799,3796,-3799,3794,-3801,3795,-3803,3795,-3803,3794,-3801,3793,-3804,3796,-3805,3797,-3803,3795,-3804,3796,-3802,3796,-3808,3792,-3803,3793,-3803,3793,-3805,3793,-3805,3794,-3802,3795,-3802,3794,-3803,3796,-3801,3796,-3800,3794,-3801,3794,-3800,3794,-0.37,SJNFAAZE1U0005576,117.76,14.40,9163.58203125,79,75,0,0,0,0,14.5,99.17,-172966,100,1528030354.202,22160,2,0,0,0,0,0,0,0,4,364.84,364.84,7F,1,1,1,0080,72,40,40,0,0,19,69.50
03/06/2018 13:52:37,55 59.40535,-2 30.55496,239,0,342,675806,1144818,366.43,16.479,3824,3810,3817,14,0,108.4,42.4,103.3,39.6,none,none,94.0,34.4,-3820,3817,-3819,3815,-3822,3817,-3820,3816,-3821,3816,-3820,3817,-3821,3816,-3821,3816,-3820,3816,-3820,3816,-3820,3815,-3821,3816,-3821,3815,-3822,3815,-3820,3817,-3820,3817,-3820,3817,-3819,3818,-3820,3815,-3820,3816,-3821,3816,-3822,3818,-3820,3817,-3820,3814,-3818,3812,-3819,3814,-3820,3813,-3821,3814,-3820,3813,-3823,3813,-3820,3812,-3823,3813,-3822,3815,-3821,3813,-3823,3813,-3822,3814,-3820,3811,-3822,3810,-3822,3810,-3824,3810,-3823,3811,-3822,3812,-3820,3812,-3821,3812,-3820,3816,-3819,3811,-3820,3813,-3819,3812,-0.36,SJNFAAZE1U0005576,117.76,14.40,9163.58203125,79,75,0,0,0,0,14.5,99.17,-172966,100,1528030357.801,6320,2,0,0,0,0,0,0,0,4,366.36,366.36,7F,1,1,1,0080,72,40,40,0,0,19,29.25
03/06/2018 13:52:41,55 59.40535,-2 30.55496,239,0,342,675516,1144818,365.76,43.975,3817,3802,3810,15,0,108.6,42.6,103.3,39.6,none,none,94.2,34.6,3808,-3816,3807,3813,3809,3813,3810,-3813,3809,-3814,3808,-3814,3809,3815,3808,-3815,3807,-3814,3808,-3813,3807,-3814,3808,-3815,3809,-3817,3807,-3815,3807,-3813,3811,3815,3809,-3813,3809,-3813,3809,-3814,3808,-3812,3809,3814,3811,-3816,3808,-3812,3808,-3810,3806,-3811,3806,-3814,3807,-3812,3809,-3811,3807,-3812,3808,3811,3805,-3814,3806,-3815,3807,-3816,3805,-3816,3808,3816,3805,-3812,3808,-3815,3803,-3816,3805,-3816,3805,-3817,3804,3817,3802,-3813,3806,-3815,3806,-3815,3806,-3814,3805,-3812,3805,-3813,3804,-3810,-0.38,SJNFAAZE1U0005576,117.76,14.40,9163.58203125,79,75,0,0,0,0,14.5,99.17,-172966,100,1528030361.389,13760,2,0,0,0,0,0,0,0,4,365.48,365.48,7F,1,1,1,0080,72,40,40,0,0,19,28.00
03/06/2018 13:52:44,55 59.40535,-2 30.55496,239,0,342,675315,1144818,366.43,13.518,3825,3808,3817,17,0,108.4,42.4,103.3,39.6,none,none,94.2,34.6,3813,-3824,3813,-3822,3815,3820,3818,3819,3815,-3821,3814,-3822,3814,-3823,3813,-3822,3813,3821,3814,-3821,3814,-3821,3814,-3822,3815,-3824,3813,-3823,3814,-3821,3816,-3821,3816,-3821,3816,3821,3816,-3821,3815,-3821,3817,-3821,3817,-3822,3815,3820,3814,-3817,3812,-3820,3811,-3822,3812,-3819,3814,-3819,3814,-3821,3814,-3819,3811,-3822,3812,3823,3812,-3823,3811,-3823,3813,-3822,3811,-3822,3812,-3823,3809,3824,3808,-3823,3809,-3824,3808,-3825,3808,-3822,3810,3821,3810,-3821,3813,-3821,3809,-3820,3811,-3821,3810,-3819,-0.38,SJNFAAZE1U0005576,117.76,14.40,9163.58203125,79,75,0,0,0,0,14.5,99.17,-172966,100,1528030364.941,4520,2,1,0,5,0,0,0,0,4,366.43,366.43,7F,1,1,1,0080,72,40,40,0,0,19,34.75
03/06/2018 13:52:48,55 59.40535,-2 30.55496,239,0,341,674961,1144818,364.80,55.388,3808,3792,3800,16,0,108.4,42.4,103.1,39.5,none,none,94.0,34.4,3798,-3807,3798,-3805,3799,3804,3802,-3803,3798,-3806,3798,3806,3799,-3807,3798,-3807,3798,-3806,3798,-3805,3800,3805,3799,-3806,3800,-3807,3797,-3807,3799,-3804,3801,-3805,3800,-3804,3800,-3804,3800,-3805,3799,3804,3801,-3804,3801,-3805,3799,-3803,3796,-3801,3795,3802,3795,-3804,3795,-3802,3797,-3802,3798,-3804,3798,-3803,3794,3805,3795,-3807,3796,-3807,3795,-3808,3796,-3806,3795,-3805,3797,-3806,3792,-3807,3792,-3807,3794,3807,3793,-3808,3792,-3807,3794,-3805,3795,-3806,3795,3805,3794,-3804,3794,-3804,3793,-3800,-0.38,SJNFAAZE1U0005576,117.76,14.40,9163.58203125,79,75,0,0,0,0,14.5,99.17,-172966,100,1528030368.558,16000,2,0,0,0,0,0,0,0,4,364.96,364.96,7F,1,1,1,0080,72,40,40,0,0,11,31.75
03/06/2018 13:52:52,55 59.40535,-2 30.55496,239,0,341,674595,1144818,365.09,42.358,3810,3793,3803,17,0,108.4,42.4,103.3,39.6,none,none,94.2,34.6,3799,-3809,3800,-3806,3801,3806,3804,-3806,3802,-3807,3801,-3809,3802,-3809,3801,3808,3801,-3809,3801,-3806,3801,-3808,3802,-3808,3802,3809,3800,-3809,3800,-3807,3803,-3807,3803,-3806,3803,-3808,3802,-3807,3801,-3808,3804,-3807,3804,3809,3801,-3806,3800,-3803,3797,-3805,3797,-3806,3798,-3805,3801,3804,3799,-3806,3801,-3805,3794,-3807,3797,-3809,3798,3809,3798,-3810,3799,-3809,3797,-3806,3798,-3809,3795,-3808,3793,-3810,3796,-3809,3796,-3810,3794,3808,3796,-3807,3798,-3807,3799,-3806,3797,-3805,3796,3806,3795,-3803,-0.36,SJNFAAZE1U0005576,117.76,14.40,9163.58203125,79,75,0,0,0,0,14.5,99.17,-172966,100,1528030372.318,12400,2,0,0,0,0,0,0,0,4,365.12,365.12,7F,1,1,1,0080,72,40,40,0,0,19,48.50
03/06/2018 13:52:56,55 59.40535,-2 30.55496,239,0,341,674181,1144818,364.90,41.778,3808,3793,3801,15,0,108.4,42.4,103.3,39.6,none,none,94.0,34.4,3803,3800,3803,-3799,-3806,3800,-3804,-3799,-3805,3800,-3804,3801,-3806,3800,-3805,3800,-3805,3800,-3805,3799,-3806,3798,-3805,3800,-3806,3800,-3806,3799,-3805,3801,-3805,3801,-3806,3801,-3804,3802,-3804,3800,-3803,3799,3805,3800,-3806,3803,3805,-3799,3802,-3797,3800,-3795,3801,-3797,3803,-3797,3803,-3796,3803,-3796,3805,3795,3802,-3796,3806,-3796,3806,-3797,3804,-3796,3805,3797,3804,-3797,3808,-3793,3805,-3794,3806,-3794,3806,-3794,3807,-3795,3804,-3795,3804,-3796,3805,3797,3802,-3797,3801,-3795,3803,-3795,3802,-3795,-0.46,SJNFAAZE1U0005576,117.76,14.40,9163.58203125,79,75,0,0,0,0,14.5,99.17,-172966,100,1528030376.054,13240,3,0,0,0,0,0,0,0,4,364.96,364.96,7F,1,1,1,0080,72,40,40,0,0,19,42.25
03/06/2018 13:52:59,55 59.40535,-2 30.55496,239,0,341,673794,1144818,364.61,46.233,3806,3789,3798,17,0,108.4,42.4,103.3,39.6,none,none,94.2,34.6,-3799,3796,-3801,3796,-3803,3797,-3801,3796,-3802,3797,-3802,3798,-3802,3797,-3804,3797,-3803,3797,-3802,3796,-3803,3796,-3802,3798,-3805,3795,-3803,3796,-3802,3798,-3802,3799,-3801,3798,-3801,3799,-3802,3796,-3801,3796,-3801,3797,-3802,3799,-3801,3797,-3799,3795,-3798,3791,-3799,3793,-3800,3794,-3800,3793,-3801,3793,-3802,3792,-3800,3792,-3804,3792,-3804,3796,-3803,3793,-3803,3793,-3801,3793,-3804,3789,-3803,3789,-3804,3790,-3806,3791,-3804,3792,-3803,3791,-3801,3792,-3801,3793,-3800,3795,-3799,3791,-3800,3791,-3799,3791,-0.36,SJNFAAZE1U0005576,117.76,14.40,9163.58203125,79,75,0,0,0,0,14.5,99.17,-172966,100,1528030379.787,13240,3,0,0,0,0,0,0,0,4,364.72,364.72,7F,1,1,1,0080,72,40,40,0,0,19,38.00
03/06/2018 13:53:03,55 59.40535,-2 30.55496,239,0,341,673474,1144818,365.28,24.871,3813,3797,3805,16,0,108.4,42.4,103.3,39.6,none,none,94.2,34.6,-3808,3804,-3808,3801,-3809,3805,-3809,3803,-3809,3804,-3808,3805,-3810,3804,-3809,3803,-3808,3804,-3808,3802,-3809,3805,-3809,3805,-3810,3803,-3810,3804,-3808,3806,-3809,3805,-3809,3805,-3808,3807,-3809,3804,-3808,3803,-3810,3805,-3811,3805,-3807,3804,-3807,3802,-3805,3799,-3807,3801,-3808,3801,-3808,3801,-3810,3799,-3810,3799,-3808,3798,-3811,3799,-3811,3802,-3809,3799,-3812,3800,-3809,3801,-3809,3797,-3811,3797,-3811,3798,-3813,3797,-3812,3799,-3809,3799,-3809,3798,-3809,3801,-3809,3801,-3807,3799,-3809,3800,-3807,3799,-0.41,SJNFAAZE1U0005576,117.76,14.40,9163.58203125,79,75,0,0,0,0,14.5,99.17,-172966,100,1528030383.426,8600,2,1,0,6,0,0,0,0,4,365.25,365.25,7F,1,1,1,0080,73,40,40,0,0,19,13.50
03/06/2018 13:53:07,55 59.40535,-2 30.55496,239,0,341,673378,1144818,366.14,2.776,3822,3806,3814,16,0,108.4,42.4,103.3,39.6,none,none,94.2,34.6,-3818,3813,-3818,3811,-3820,3813,-3819,3812,-3819,3813,-3818,3813,-3819,3812,-3819,3812,-3818,3812,-3818,3811,-3819,3812,-3818,3813,-3820,3812,-3819,3812,-3818,3814,-3818,3813,-3818,3813,-3818,3815,-3818,3813,-3817,3812,-3819,3813,-3821,3814,-3818,3815,-3818,3812,-3815,3808,-3817,3812,-3817,3811,-3818,3809,-3820,3809,-3821,3810,-3818,3809,-3821,3808,-3822,3811,-3819,3810,-3820,3810,-3820,3809,-3819,3806,-3821,3806,-3821,3806,-3822,3807,-3822,3807,-3820,3807,-3817,3808,-3819,3809,-3818,3811,-3817,3808,-3818,3809,-3817,3807,-0.35,SJNFAAZE1U0005576,117.76,14.40,9163.58203125,79,75,0,0,0,0,14.5,99.17,-172966,100,1528030387.123,2000,2,0,0,0,0,0,0,0,4,366.18,366.18,7F,1,1,1,0080,73,40,40,0,0,19,7.00
03/06/2018 13:53:10,55 59.40535,-2 30.55496,239,0,341,673299,1144818,366.24,6.255,3824,3806,3815,18,0,108.4,42.4,103.3,39.6,none,none,94.2,34.6,-3818,3815,-3819,3813,-3821,3813,-3818,3813,-3819,3815,-3819,3815,-3819,3813,-3819,3813,-3819,3813,-3819,3812,-3819,3812,-3820,3815,-3821,3812,-3821,3812,-3819,3814,-3819,3814,-3819,3814,-3818,3816,-3818,3814,-3819,3812,-3820,3814,-3820,3817,-3820,3814,-3818,3813,-3818,3811,-3819,3813,-3819,3812,-3819,3811,-3821,3810,-3822,3810,-3819,3809,-3822,3810,-3823,3812,-3821,3811,-3822,3812,-3821,3811,-3819,3806,-3823,3807,-3822,3807,-3824,3808,-3823,3808,-3821,3809,-3819,3809,-3820,3810,-3820,3813,-3818,3809,-3819,3810,-3817,3809,-0.38,SJNFAAZE1U0005576,117.75,14.40,9163.58203125,79,75,0,0,0,0,14.5,99.17,-172966,100,1528030390.858,3320,2,0,0,0,0,0,0,0,4,366.19,366.19,7F,1,1,1,0080,73,40,40,0,0,19,0.00
03/06/2018 13:53:14,55 59.40535,-2 30.55496,239,0,341,673248,1144818,366.43,2.471,3825,3808,3817,17,0,108.4,42.4,103.3,39.6,none,none,94.2,34.6,3816,-3824,3812,-3821,3815,3820,3818,-3819,3814,-3821,3815,-3821,3815,-3823,3814,-3823,3814,-3822,3814,-3821,3814,-3821,3815,3822,3815,-3823,3813,-3823,3815,-3821,3817,-3822,3816,3820,3815,-3821,3816,-3822,3814,-3819,3816,-3820,3818,-3822,3816,-3819,3815,-3817,3812,-3820,3813,3822,3813,-3820,3814,-3818,3814,-3821,3815,-3820,3811,3822,3811,-3824,3813,-3825,3812,-3823,3814,-3822,3811,-3822,3812,-3823,3809,-3823,3808,-3824,3810,3824,3811,-3824,3808,-3821,3810,-3822,3811,-3821,3813,3823,3812,-3820,3812,-3820,3811,-3817,-0.36,SJNFAAZE1U0005576,117.75,14.40,9163.58203125,79,75,0,0,0,0,14.5,99.17,-172966,100,1528030394.799,2080,2,0,0,0,0,0,0,0,4,366.44,366.44,7F,1,1,1,0080,73,40,40,0,0,11,0.00
03/06/2018 13:53:18,55 59.40535,-2 30.55496,239,0,341,673247,1144818,367.20,-14.434,3833,3816,3825,17,0,108.4,42.4,103.3,39.6,none,none,94.0,34.4,3824,-3832,3822,-3829,3824,3828,3825,-3827,3822,3829,3823,-3829,3823,-3831,3822,-3831,3822,-3829,3822,-3829,3824,-3829,3823,-3830,3823,-3832,3822,3830,3823,-3829,3825,-3830,3824,-3827,3823,-3828,3824,3830,3823,-3829,3824,-3828,3826,-3830,3823,-3829,3825,-3826,3821,-3829,3822,-3832,3821,-3827,3824,3827,3823,-3829,3824,-3829,3819,-3829,3819,-3831,3820,3833,3820,-3830,3820,-3831,3820,-3830,3821,-3832,3817,-3832,3816,-3831,3817,-3832,3817,-3831,3817,3831,3819,-3829,3818,-3829,3822,-3831,3819,-3828,3820,3830,3819,-3826,-0.32,SJNFAAZE1U0005576,117.75,14.40,9163.58203125,79,75,0,0,0,0,14.5,99.17,-172966,100,1528030398.183,0,2,1,0,5,0,0,0,0,4,367.07,367.07,7F,1,1,1,0080,73,40,40,0,0,19,-31.75
03/06/2018 13:53:21,55 59.40535,-2 30.55496,239,0,341,673444,1144818,367.87,-24.993,3839,3824,3832,15,0,108.4,42.4,103.3,39.6,none,none,94.0,34.4,3831,-3838,3828,3835,3831,3835,3832,-3834,3830,-3834,3830,-3835,3829,3836,3829,-3836,3828,-3834,3829,-3835,3830,-3835,3828,-3835,3829,-3837,3828,-3835,3830,-3835,3831,3835,3832,-3835,3830,-3835,3829,-3835,3829,-3834,3832,3835,3832,-3836,3831,-3834,3831,-3832,3829,-3835,3829,-3837,3830,-3834,3832,-3834,3831,-3835,3831,3834,3828,-3835,3828,-3837,3827,-3839,3827,-3837,3829,3836,3828,-3835,3825,-3838,3826,-3837,3826,-3836,3826,-3837,3826,3838,3824,-3836,3827,-3835,3827,-3836,3830,-3836,3828,-3834,3828,-3835,3826,-3832,-0.37,SJNFAAZE1U0005576,117.75,14.40,9163.58203125,79,75,0,0,0,0,14.5,99.17,-172974,100,1528030401.827,0,3,1,0,6,0,0,0,0,4,367.80,367.80,7F,1,1,1,0080,73,40,40,0,0,19,-62.25
03/06/2018 13:53:25,55 59.40535,-2 30.55496,239,0,341,673830,1144818,368.64,-40.618,3849,3832,3840,17,0,108.4,42.4,103.3,39.6,none,none,94.0,34.4,3839,-3848,3836,-3846,3839,3843,3841,3843,3838,-3845,3837,-3844,3837,-3845,3838,-3845,3836,3843,3837,-3844,3837,-3843,3837,-3845,3836,-3846,3836,-3846,3838,-3843,3838,-3845,3840,-3843,3838,3844,3838,-3843,3837,-3843,3839,-3844,3842,-3845,3840,3844,3840,-3841,3836,-3845,3838,-3845,3839,-3844,3840,-3844,3839,-3846,3841,-3845,3836,-3846,3834,3848,3836,-3849,3835,-3847,3836,-3846,3834,-3844,3832,-3847,3834,3847,3832,-3846,3832,-3847,3832,-3849,3833,-3847,3835,3845,3834,-3846,3837,-3847,3835,-3845,3837,-3846,3835,-3842,-0.34,SJNFAAZE1U0005576,117.75,14.40,9163.58203125,79,75,0,0,0,0,14.5,99.17,-172990,100,1528030405.470,0,2,0,0,0,0,0,0,0,4,368.79,368.79,7F,1,1,1,0080,73,40,40,0,0,19,-75.75
03/06/2018 13:53:29,55 59.40535,-2 30.55496,239,0,341,674063,1144818,367.97,-12.176,3841,3825,3833,16,0,108.4,42.4,103.3,39.6,none,none,94.0,34.4,3839,-3832,3838,-3830,3838,3831,3836,-3830,3837,-3831,3836,3832,3837,-3832,3837,-3831,3837,-3830,3835,-3830,3838,3829,3836,-3833,3837,-3830,3838,-3829,3836,-3831,3837,-3832,3837,-3831,3835,-3833,3837,-3830,3835,3830,3838,-3832,3840,-3834,3837,-3832,3838,-3830,3835,3830,3839,-3831,-3837,3831,-3838,-3830,-3838,3828,-3841,3829,-3837,3826,-3841,3828,3841,3830,-3839,3829,3839,-3828,3839,-3828,3837,-3825,3840,-3825,3839,-3825,3841,3826,3840,-3826,3840,-3827,3838,-3827,3837,-3828,3839,3831,3836,-3828,3838,-3829,3836,-3827,-0.36,SJNFAAZE1U0005576,117.75,14.40,9163.58203125,79,75,0,0,0,0,14.5,99.17,-172999,100,1528030409.454,0,2,0,0,0,0,0,0,0,4,368.10,368.10,7F,1,1,1,0080,73,40,40,0,0,19,-39.00
03/06/2018 13:53:33,55 59.40535,-2 30.55496,239,0,341,674191,1144818,367.78,-3.295,3837,3823,3831,14,0,108.4,42.4,103.3,39.6,none,none,94.0,34.4,-3834,3830,-3834,3830,-3835,3830,-3834,3829,-3833,3829,-3833,3829,-3834,3829,-3834,3828,-3834,3828,-3833,3828,-3834,3828,-3833,3830,-3834,3829,-3834,3829,-3834,3830,-3833,3830,-3834,3830,-3833,3831,-3833,3829,-3834,3828,-3834,3829,-3836,3831,-3834,3830,-3834,3829,-3832,3827,-3834,3829,-3834,3829,-3836,3827,-3834,3827,-3836,3827,-3834,3825,-3836,3826,-3837,3828,-3835,3827,-3836,3828,-3834,3827,-3835,3825,-3836,3823,-3836,3825,-3837,3825,-3836,3826,-3835,3825,-3835,3826,-3835,3826,-3836,3829,-3832,3826,-3835,3826,-3832,3825,-0.36,SJNFAAZE1U0005576,117.75,14.40,9163.58203125,79,75,0,0,0,0,14.5,99.17,-173005,100,1528030413.079,0,3,0,0,0,0,0,0,0,4,367.87,367.87,7F,1,1,1,0080,73,40,40,0,0,19,-35.50
03/06/2018 13:53:37,55 59.40535,-2 30.55496,239,0,341,674180,1144818,367.58,2.044,3837,3820,3829,17,0,108.4,42.4,103.3,39.6,none,none,94.2,34.6,-3833,3827,-3832,3826,-3834,3826,-3832,3826,-3833,3826,-3831,3828,-3832,3825,-3833,3826,-3832,3826,-3832,3826,-3832,3824,-3832,3827,-3832,3826,-3834,3825,-3832,3827,-3832,3828,-3831,3827,-3831,3828,-3832,3827,-3832,3825,-3833,3827,-3834,3829,-3832,3827,-3832,3825,-3831,3824,-3833,3826,-3832,3827,-3834,3824,-3832,3824,-3835,3822,-3834,3822,-3835,3823,-3836,3826,-3835,3823,-3835,3824,-3834,3824,-3833,3820,-3836,3822,-3835,3820,-3837,3822,-3836,3823,-3835,3823,-3833,3823,-3833,3823,-3834,3826,-3832,3823,-3834,3823,-3832,3823,-0.40,SJNFAAZE1U0005576,117.75,14.40,9163.58203125,79,75,0,0,0,0,14.5,99.17,-173005,100,1528030417.023,0,2,0,0,0,0,0,0,0,4,367.59,367.59,7F,1,1,1,0080,73,40,40,0,0,19,0.00
03/06/2018 13:53:40,55 59.40535,-2 30.55496,239,0,341,674160,1144818,367.49,1.281,3837,3820,3828,17,0,108.4,42.4,103.3,39.6,none,none,94.2,34.6,-3833,3828,-3832,3826,-3833,3827,-3832,3826,-3832,3826,-3831,3827,-3833,3826,-3833,3826,-3833,3825,-3831,3825,-3833,3825,-3832,3827,-3833,3825,-3834,3825,-3831,3827,-3831,3827,-3832,3826,-3831,3829,-3831,3827,-3831,3826,-3833,3827,-3834,3828,-3832,3826,-3831,3825,-3830,3824,-3834,3826,-3832,3825,-3833,3826,-3832,3824,-3836,3823,-3834,3821,-3835,3822,-3836,3824,-3833,3824,-3836,3824,-3832,3825,-3834,3820,-3836,3820,-3835,3821,-3837,3821,-3835,3822,-3834,3823,-3833,3823,-3834,3823,-3834,3826,-3832,3823,-3834,3823,-3833,3823,-0.38,SJNFAAZE1U0005576,117.75,14.40,9163.58203125,79,75,0,0,0,0,14.5,99.17,-173005,100,1528030420.886,0,2,1,0,6,0,0,0,0,4,367.57,367.57,7F,1,1,1,0080,74,40,40,0,0,11,0.00
03/06/2018 13:53:44,55 59.40535,-2 30.55496,239,0,341,674149,1144818,367.49,1.220,3836,3820,3828,16,0,108.4,42.4,103.3,39.6,none,none,94.0,34.4,-3833,3828,-3832,3826,-3833,3827,-3832,3826,-3832,3826,-3831,3828,-3833,3826,-3833,3826,-3833,3826,-3831,3826,-3832,3825,-3833,3827,-3832,3825,-3834,3825,-3831,3827,-3831,3827,-3832,3828,-3831,3829,-3831,3826,-3832,3825,-3832,3827,-3834,3829,-3833,3827,-3831,3826,-3831,3824,-3834,3826,-3832,3826,-3833,3824,-3832,3824,-3835,3824,-3834,3823,-3834,3823,-3836,3825,-3835,3824,-3836,3824,-3834,3824,-3833,3821,-3836,3821,-3835,3820,-3836,3822,-3835,3822,-3835,3823,-3833,3822,-3832,3823,-3834,3826,-3831,3823,-3833,3823,-3831,3822,-0.36,SJNFAAZE1U0005576,117.75,14.40,9163.58203125,79,75,0,0,0,0,14.5,99.17,-173005,100,1528030424.577,0,2,0,0,0,0,0,0,0,4,367.58,367.58,7F,1,1,1,0080,74,40,40,0,0,19,0.00
03/06/2018 13:53:48,55 59.40535,-2 30.55496,239,0,341,674138,1144818,367.49,1.220,3835,3821,3828,14,0,108.4,42.4,103.3,39.6,none,none,94.0,34.4,3829,-3835,3826,3832,3827,3831,3829,-3830,3827,-3832,3828,-3832,3827,3833,3826,-3833,3826,-3832,3826,-3830,3827,-3831,3826,-3832,3826,-3833,3825,-3833,3826,-3831,3829,3832,3828,-3831,3827,-3831,3828,-3831,3826,-3831,3829,3831,3830,-3833,3827,-3831,3826,-3829,3825,-3831,3826,-3834,3826,3831,3828,-3830,3827,-3832,3827,-3831,3824,-3834,3825,-3834,3825,-3835,3824,-3833,3826,-3833,3823,3832,3824,-3833,3822,-3833,3822,-3835,3823,-3835,3823,3834,3821,-3833,3823,-3832,3824,-3832,3826,-3833,3823,-3831,3825,-3831,3823,-3829,-0.34,SJNFAAZE1U0005576,117.75,14.40,9163.58203125,79,75,0,0,0,0,14.5,99.17,-173005,100,1528030428.237,0,2,0,0,0,0,0,0,0,4,367.57,367.57,7F,1,1,1,0080,74,40,40,0,0,19,0.00
03/06/2018 13:53:52,55 59.40535,-2 30.55496,239,0,341,674127,1144818,367.49,1.220,3835,3821,3828,14,0,108.4,42.4,103.3,39.6,none,none,94.2,34.6,3828,-3835,3825,-3831,3827,3831,3829,3829,3827,-3832,3826,-3831,3828,-3833,3826,-3833,3826,3831,3825,-3831,3826,-3833,3826,-3832,3826,-3834,3826,-3833,3827,-3831,3829,-3832,3829,-3831,3827,3832,3827,-3831,3827,-3831,3828,-3831,3830,-3832,3829,-3831,3827,3829,3826,-3833,3825,-3834,3826,-3831,3828,-3830,3826,3831,3829,-3831,3825,-3832,3825,-3834,3825,-3835,3824,-3833,3826,-3832,3824,-3832,3824,-3834,3823,3833,3821,-3834,3824,-3835,3823,-3835,3822,-3833,3823,3832,3823,-3832,3827,-3833,3823,-3831,3825,-3832,3823,-3828,-0.36,SJNFAAZE1U0005576,117.75,14.40,9163.58203125,79,75,0,0,0,0,14.5,99.17,-173005,100,1528030432.060,0,2,0,0,0,0,0,0,0,4,367.58,367.58,7F,1,1,1,0080,74,40,40,0,0,19,0.00
03/06/2018 13:53:55,55 59.40535,-2 30.55496,239,0,341,674113,1144818,367.49,1.892,3837,3820,3828,17,0,108.6,42.6,103.3,39.6,none,none,94.0,34.4,3827,-3836,3826,-3832,3827,3832,3829,-3830,3827,-3832,3826,3832,3825,-3834,3825,-3833,3824,-3832,3825,-3832,3826,3832,3825,-3833,3826,-3834,3824,-3833,3824,-3832,3827,-3833,3828,-3831,3826,-3831,3827,-3832,3826,3831,3827,-3831,3829,-3834,3827,-3832,3827,-3829,3825,-3832,3825,3834,3825,-3831,3827,-3830,3825,-3832,3826,-3832,3824,3833,3823,-3835,3823,-3836,3823,-3833,3824,-3834,3823,-3833,3823,-3835,3822,-3834,3820,-3835,3821,3835,3821,-3837,3820,-3834,3822,-3833,3823,-3832,3825,3835,3823,-3831,3823,-3833,3822,-3829,-0.38,SJNFAAZE1U0005576,117.75,14.40,9163.58203125,79,75,0,0,0,0,14.5,99.17,-173005,100,1528030435.774,0,2,1,0,5,0,0,0,0,4,367.55,367.55,7F,1,1,1,0080,74,40,40,0,0,19,0.00
03/06/2018 13:53:59,55 59.40535,-2 30.55496,239,0,341,674097,1144818,367.58,1.250,3837,3820,3829,17,0,108.4,42.4,103.1,39.5,none,none,94.0,34.4,3827,-3835,3825,-3833,3827,3832,3829,-3831,3827,-3833,3827,-3833,3826,-3833,3825,3834,3825,-3832,3826,-3832,3825,-3833,3826,-3833,3827,3835,3825,-3833,3825,-3832,3827,-3833,3827,-3832,3827,-3832,3826,3831,3825,-3831,3828,-3831,3830,-3834,3828,-3832,3827,-3828,3825,-3832,3826,-3835,3826,-3833,3827,3831,3825,-3833,3827,-3832,3823,-3833,3824,-3835,3824,3836,3823,-3834,3824,-3834,3823,-3834,3823,-3835,3821,-3835,3820,-3835,3822,-3836,3823,-3837,3821,3834,3822,-3833,3822,-3833,3826,-3835,3824,-3831,3824,3833,3823,-3829,-0.36,SJNFAAZE1U0005576,117.75,14.40,9163.58203125,79,75,0,0,0,0,14.5,99.17,-173005,100,1528030439.455,0,2,0,0,0,0,0,0,0,4,367.57,367.57,7F,1,1,1,0080,74,40,40,0,0,19,0.00
03/06/2018 13:54:02,55 59.40535,-2 30.55496,239,0,341,674087,1144818,367.58,1.220,3837,3820,3829,17,0,108.4,42.4,103.3,39.6,none,none,94.2,34.6,3833,3829,3833,-3826,-3834,3827,-3832,-3826,-3833,3826,-3831,3827,-3834,3826,-3833,3826,-3832,3827,-3831,3826,3833,-3826,3833,-3828,3833,-3826,3834,-3825,3832,-3828,3831,3829,3832,-3827,3831,-3829,3832,-3827,3832,-3826,3832,3827,3834,-3829,3833,-3828,3833,-3826,3831,-3825,3834,-3826,3833,-3826,3834,-3826,3833,-3823,3836,3823,3833,-3823,3835,-3824,3837,-3826,3835,-3825,3836,3825,3834,-3824,3834,-3820,3836,-3821,3835,-3820,3837,-3821,3836,-3822,3835,-3823,3833,-3822,3834,3823,3834,-3826,3832,-3823,3834,-3823,3832,-3823,-0.36,SJNFAAZE1U0005576,117.75,14.40,9163.58203125,79,75,0,0,0,0,14.5,99.17,-173005,100,1528030442.986,0,2,0,0,0,0,0,0,0,4,367.60,367.60,7F,1,1,1,0080,74,40,40,0,0,19,0.00
03/06/2018 13:54:06,55 59.40535,-2 30.55496,239,0,341,674076,1144818,367.58,1.220,3837,3821,3829,16,0,108.4,42.4,103.3,39.6,none,none,94.0,34.4,-3833,3829,-3832,3826,-3834,3827,-3832,3827,-3833,3827,-3832,3827,-3833,3827,-3834,3825,-3832,3826,-3832,3826,-3833,3826,-3833,3828,-3833,3825,-3834,3826,-3833,3828,-3833,3829,-3833,3827,-3831,3828,-3831,3826,-3832,3826,-3833,3827,-3834,3829,-3832,3826,-3833,3826,-3831,3824,-3834,3826,-3833,3826,-3834,3826,-3834,3825,-3836,3824,-3834,3822,-3835,3823,-3836,3825,-3834,3823,-3835,3824,-3834,3825,-3834,3821,-3837,3821,-3835,3821,-3837,3822,-3836,3822,-3835,3823,-3834,3823,-3833,3823,-3835,3827,-3832,3824,-3834,3825,-3832,3824,-0.36,SJNFAAZE1U0005576,117.75,14.40,9163.58203125,79,75,0,0,0,0,14.5,99.17,-173005,100,1528030446.670,0,2,0,0,0,0,0,0,0,4,367.61,367.61,7F,1,1,1,0080,74,40,40,0,0,19,0.00
03/06/2018 13:54:10,55 59.40535,-2 30.55496,239,0,341,674065,1144818,367.58,1.220,3837,3820,3829,17,0,108.4,42.4,103.3,39.6,none,none,94.0,34.4,-3833,3828,-3833,3826,-3834,3828,-3832,3827,-3833,3827,-3831,3828,-3833,3827,-3833,3826,-3832,3827,-3831,3825,-3833,3826,-3833,3827,-3833,3826,-3834,3825,-3831,3827,-3832,3827,-3832,3829,-3831,3828,-3831,3826,-3833,3827,-3834,3828,-3834,3829,-3833,3827,-3834,3827,-3831,3825,-3834,3826,-3833,3825,-3834,3825,-3832,3824,-3836,3823,-3834,3823,-3835,3823,-3837,3826,-3835,3824,-3836,3824,-3835,3824,-3833,3820,-3836,3820,-3836,3820,-3836,3821,-3837,3822,-3835,3824,-3833,3823,-3833,3823,-3835,3827,-3833,3823,-3833,3824,-3833,3823,-0.39,SJNFAAZE1U0005576,117.75,14.40,9163.58203125,79,75,0,0,0,0,14.5,99.17,-173005,100,1528030450.303,0,3,0,0,0,0,0,0,0,4,367.62,367.62,7F,1,1,1,0080,73,40,40,0,0,19,0.00
03/06/2018 13:54:14,55 59.40535,-2 30.55496,239,0,341,674050,1144818,367.49,1.861,3836,3820,3828,16,0,108.4,42.4,103.3,39.6,none,none,94.2,34.6,-3833,3827,-3832,3826,-3834,3826,-3833,3826,-3833,3826,-3832,3828,-3833,3826,-3833,3826,-3832,3826,-3832,3825,-3833,3825,-3831,3827,-3833,3825,-3833,3825,-3832,3827,-3831,3828,-3832,3826,-3832,3829,-3831,3826,-3831,3825,-3833,3828,-3834,3829,-3832,3827,-3832,3826,-3831,3824,-3833,3826,-3833,3826,-3833,3824,-3832,3823,-3836,3824,-3833,3822,-3835,3822,-3836,3824,-3834,3823,-3835,3824,-3833,3824,-3833,3820,-3836,3821,-3835,3820,-3836,3821,-3835,3821,-3835,3822,-3833,3822,-3834,3824,-3834,3826,-3831,3823,-3833,3824,-3832,3823,-0.35,SJNFAAZE1U0005576,117.75,14.40,9163.58203125,79,75,0,0,0,0,14.5,99.17,-173005,100,1528030454.074,0,2,1,0,5,0,0,0,0,4,367.59,367.59,7F,1,1,1,0080,73,40,40,0,0,11,0.00
03/06/2018 13:54:17,55 59.40535,-2 30.55496,239,0,341,674036,1144818,367.58,1.220,3837,3820,3829,17,0,108.4,42.4,103.3,39.6,none,none,94.2,34.6,-3833,3829,-3832,3826,-3835,3828,-3833,3827,-3833,3827,-3832,3829,-3833,3826,-3833,3826,-3833,3827,-3831,3826,-3834,3825,-3833,3826,-3833,3826,-3834,3825,-3832,3828,-3833,3829,-3832,3827,-3831,3829,-3831,3827,-3832,3826,-3833,3828,-3834,3829,-3833,3827,-3832,3826,-3831,3825,-3835,3827,-3834,3826,-3834,3826,-3833,3824,-3837,3824,-3833,3823,-3836,3823,-3836,3826,-3836,3824,-3836,3824,-3835,3825,-3835,3820,-3836,3820,-3835,3821,-3837,3822,-3836,3823,-3835,3824,-3834,3823,-3834,3824,-3834,3827,-3833,3824,-3835,3824,-3833,3824,-0.37,SJNFAAZE1U0005576,117.75,14.40,9163.58203125,79,75,0,0,0,0,14.5,99.17,-173005,100,1528030457.946,0,2,0,0,0,0,0,0,0,4,367.63,367.63,7F,1,1,1,0080,73,40,40,0,0,19,0.00
03/06/2018 13:54:21,55 59.40535,-2 30.55496,239,0,341,673995,1144818,367.10,13.366,3832,3816,3824,16,0,108.4,42.4,103.1,39.5,none,none,94.0,34.4,3823,-3832,3821,-3829,3823,3828,3825,-3827,3823,-3829,3822,-3829,3823,-3831,3822,-3830,3821,-3828,3821,-3829,3822,-3828,3821,3830,3821,-3831,3820,-3831,3820,-3828,3823,-3828,3823,3827,3822,-3829,3822,-3828,3822,-3826,3824,-3828,3825,-3830,3823,-3828,3824,-3825,3821,-3828,3821,3830,3820,-3827,3823,-3827,3821,-3829,3824,-3827,3818,3829,3819,-3831,3820,-3832,3819,-3830,3821,-3830,3819,-3828,3818,-3830,3817,-3831,3816,-3832,3818,3831,3817,-3832,3817,-3830,3819,-3828,3819,-3829,3822,-3830,3819,3828,3820,-3828,3818,-3825,-0.38,SJNFAAZE1U0005576,117.75,14.40,9163.58203125,79,75,0,0,0,0,14.5,99.17,-173005,100,1528030461.561,2840,2,0,0,0,0,0,0,0,4,367.23,367.23,7F,1,1,1,0080,73,40,40,0,0,19,28.25
03/06/2018 13:54:25,55 59.40535,-2 30.55496,239,0,341,673965,1144818,367.68,-1.464,3838,3822,3830,16,0,108.4,42.4,103.1,39.5,none,none,94.0,34.4,3829,-3837,3826,-3835,3828,3832,3830,-3832,3826,3834,3826,-3833,3827,-3835,3826,-3834,3827,-3833,3827,-3833,3826,-3833,3827,-3834,3827,-3836,3826,3835,3826,-3832,3828,-3833,3828,-3832,3827,-3833,3828,3833,3827,-3833,3829,-3833,3830,-3835,3829,-3833,3828,-3830,3825,-3834,3826,-3835,3827,-3834,3828,3833,3826,-3834,3828,-3832,3825,-3835,3824,-3836,3825,-3838,3825,3836,3826,-3836,3825,-3835,3823,-3836,3822,-3836,3822,3837,3823,-3837,3823,-3837,3822,-3836,3823,-3835,3823,-3834,3827,-3835,3824,-3834,3825,-3835,3823,3830,-0.35,SJNFAAZE1U0005576,117.75,14.40,9163.58203125,79,75,0,0,0,0,14.5,99.17,-173005,100,1528030465.152,480,2,0,0,0,0,0,0,0,4,367.63,367.63,7F,1,1,1,0080,73,40,40,0,0,11,-30.50
03/06/2018 13:54:28,55 59.40535,-2 30.55496,239,0,341,673987,1144818,367.68,-2.044,3839,3822,3830,17,0,108.4,42.4,103.1,39.5,none,none,94.0,34.4,3830,-3837,3826,3835,3829,3833,3831,-3832,3828,-3833,3827,-3835,3827,3836,3826,-3835,3827,-3835,3827,-3834,3828,-3834,3826,-3834,3828,-3836,3826,-3835,3827,-3833,3828,3834,3828,-3833,3828,-3834,3828,-3833,3827,-3833,3828,3833,3832,-3834,3828,-3834,3829,-3831,3826,-3835,3827,-3836,3828,-3834,3829,-3833,3827,-3833,3828,3834,3825,-3836,3824,-3837,3826,-3839,3825,-3836,3827,-3836,3824,3834,3825,-3837,3823,-3837,3822,-3837,3822,-3838,3823,3837,3822,-3836,3824,-3835,3824,-3835,3827,-3837,3825,-3835,3826,-3835,3824,-3833,-0.42,SJNFAAZE1U0005576,117.75,14.40,9163.58203125,79,75,0,0,0,0,14.5,99.17,-173005,100,1528030468.895,0,2,0,0,0,0,0,0,0,4,367.71,367.71,7F,1,1,1,0080,73,40,40,0,0,19,-18.25
03/06/2018 13:54:32,55 59.40535,-2 30.55496,239,0,341,674007,1144818,367.68,-3.600,3837,3822,3830,15,0,108.4,42.4,103.1,39.5,none,none,94.0,34.4,3829,-3837,3825,-3834,3828,3832,3830,3830,3828,-3832,3827,-3833,3826,-3836,3826,-3835,3826,3834,3826,-3833,3827,-3835,3827,-3834,3828,-3836,3825,-3834,3826,-3832,3828,-3833,3828,-3833,3828,3833,3827,-3833,3827,-3833,3828,-3833,3832,-3833,3828,3833,3828,-3830,3825,-3834,3827,-3836,3826,-3834,3828,-3832,3827,-3833,3828,-3834,3825,-3835,3824,-3837,3826,-3837,3824,-3835,3826,-3836,3825,-3834,3824,-3837,3822,3837,3822,-3835,3823,-3836,3823,-3836,3822,-3836,3824,3835,3825,-3834,3827,-3835,3825,-3833,3825,-3834,3823,-3830,-0.40,SJNFAAZE1U0005576,117.75,14.40,9163.58203125,79,75,0,0,0,0,14.5,99.17,-173006,100,1528030472.785,0,2,1,0,6,0,0,0,0,4,367.83,367.83,7F,1,1,1,0080,73,40,40,0,0,19,-52.25
03/06/2018 13:54:36,55 59.40535,-2 30.55496,239,0,341,673998,1144818,367.68,1.281,3837,3823,3830,14,0,108.4,42.4,103.3,39.6,none,none,94.0,34.4,3833,-3830,3832,-3827,3834,3829,3833,-3828,3834,-3828,3832,3829,3833,-3826,3832,-3827,3833,-3827,3832,-3827,3832,3827,3833,-3829,3833,-3828,3833,-3827,3833,-3829,3833,-3829,3833,-3828,3831,-3829,3832,-3827,3832,3827,3833,-3828,3835,-3830,3833,-3828,3832,-3827,3831,3827,3834,-3829,-3834,3828,-3833,-3826,-3832,3826,-3835,3824,3834,3824,3835,3825,3836,-3827,3834,-3825,3835,-3826,3834,-3826,3834,-3823,3836,-3823,3834,-3824,3837,3824,3836,-3824,3835,-3825,3834,-3826,3834,-3825,3835,3828,3831,-3825,3834,-3826,3832,-3825,-0.39,SJNFAAZE1U0005576,117.75,14.40,9163.58203125,79,75,0,0,0,0,14.5,99.17,-173006,100,1528030476.651,0,2,0,0,0,0,0,0,0,4,367.71,367.71,7F,1,1,1,0080,73,40,40,0,0,19,0.00
03/06/2018 13:54:40,55 59.40535,-2 30.55496,239,0,341,673986,1144818,367.68,1.555,3837,3823,3830,14,0,108.4,42.4,103.1,39.5,none,none,94.0,34.4,-3834,3831,-3832,3828,-3834,3829,-3832,3827,-3832,3828,-3832,3829,-3832,3827,-3833,3828,-3833,3827,-3832,3827,-3833,3826,-3833,3829,-3833,3828,-3834,3827,-3831,3828,-3833,3830,-3833,3829,-3832,3831,-3832,3828,-3832,3827,-3833,3828,-3834,3830,-3832,3828,-3832,3827,-3832,3826,-3834,3827,-3833,3828,-3834,3827,-3833,3826,-3837,3825,-3834,3823,-3835,3825,-3836,3827,-3834,3825,-3836,3826,-3833,3826,-3833,3823,-3835,3823,-3835,3823,-3836,3824,-3835,3824,-3835,3825,-3833,3825,-3834,3825,-3835,3828,-3832,3825,-3834,3824,-3832,3825,-0.37,SJNFAAZE1U0005576,117.75,14.40,9163.58203125,79,75,0,0,0,0,14.5,99.17,-173006,100,1528030480.633,0,2,0,0,0,0,0,0,0,4,367.68,367.68,7F,1,1,1,0080,72,40,40,0,0,19,0.00
03/06/2018 13:54:44,55 59.40535,-2 30.55496,239,0,341,673973,1144818,367.68,1.250,3836,3823,3830,13,0,108.4,42.4,103.1,39.5,none,none,94.0,34.4,-3835,3830,-3833,3828,-3834,3828,-3833,3828,-3833,3829,-3831,3829,-3833,3828,-3834,3827,-3832,3827,-3832,3827,-3833,3826,-3832,3829,-3834,3828,-3834,3827,-3833,3829,-3833,3830,-3831,3829,-3832,3830,-3832,3828,-3833,3828,-3833,3829,-3835,3830,-3833,3829,-3832,3827,-3831,3827,-3835,3828,-3834,3827,-3835,3827,-3833,3826,-3836,3826,-3834,3825,-3835,3825,-3835,3827,-3834,3826,-3835,3826,-3834,3826,-3833,3823,-3835,3823,-3835,3823,-3836,3824,-3836,3824,-3835,3824,-3833,3825,-3833,3825,-3834,3829,-3832,3825,-3834,3826,-3833,3825,-0.41,SJNFAAZE1U0005576,117.75,14.40,9163.58203125,79,75,0,0,0,0,14.5,99.17,-173006,100,1528030484.423,0,2,0,0,0,0,0,0,0,4,367.70,367.70,7F,1,1,1,0080,72,40,40,0,0,19,0.00
03/06/2018 13:54:48,55 59.40535,-2 30.55496,239,0,341,673957,1144818,367.58,2.136,3837,3820,3829,17,0,108.4,42.4,103.1,39.5,none,none,94.0,34.4,-3834,3829,-3833,3826,-3834,3827,-3833,3827,-3833,3827,-3832,3828,-3833,3827,-3834,3826,-3833,3827,-3832,3826,-3834,3826,-3833,3827,-3834,3827,-3834,3825,-3832,3827,-3830,3829,-3832,3827,-3832,3829,-3831,3828,-3832,3826,-3833,3828,-3835,3829,-3833,3828,-3833,3827,-3832,3824,-3834,3826,-3834,3826,-3834,3826,-3834,3824,-3836,3824,-3835,3823,-3836,3824,-3837,3826,-3835,3825,-3836,3824,-3834,3825,-3834,3821,-3836,3821,-3836,3820,-3837,3822,-3837,3823,-3836,3823,-3834,3823,-3835,3825,-3835,3827,-3832,3824,-3834,3824,-3833,3824,-0.40,SJNFAAZE1U0005576,117.75,14.40,9163.58203125,79,75,0,0,0,0,14.5,99.17,-173006,100,1528030488.306,0,3,1,0,6,0,0,0,0,4,367.66,367.66,7F,1,1,1,0080,72,40,40,0,0,19,0.00
03/06/2018 13:54:52,55 59.40535,-2 30.55496,239,0,341,673941,1144818,367.68,1.250,3837,3822,3830,15,0,108.4,42.4,103.1,39.5,none,none,94.0,34.4,-3834,3830,-3833,3828,-3834,3828,-3832,3827,-3832,3828,-3833,3830,-3833,3828,-3833,3828,-3833,3828,-3832,3827,-3834,3827,-3833,3829,-3833,3827,-3833,3827,-3832,3828,-3832,3829,-3832,3828,-3831,3830,-3832,3828,-3832,3827,-3834,3829,-3835,3830,-3832,3829,-3833,3827,-3832,3826,-3835,3828,-3833,3827,-3835,3826,-3833,3826,-3837,3826,-3834,3825,-3835,3825,-3835,3827,-3835,3826,-3835,3827,-3834,3827,-3834,3823,-3836,3822,-3834,3823,-3836,3824,-3836,3824,-3835,3825,-3835,3825,-3834,3825,-3833,3829,-3832,3824,-3834,3825,-3833,3825,-0.39,SJNFAAZE1U0005576,117.75,14.40,9163.58203125,79,75,0,0,0,0,14.5,99.17,-173006,100,1528030492.185,0,2,0,0,0,0,0,0,0,4,367.70,367.70,7F,1,1,1,0080,72,40,40,0,0,19,0.00
03/06/2018 13:54:55,55 59.40535,-2 30.55496,239,0,341,673929,1144818,367.68,2.075,3836,3823,3830,13,0,108.4,42.4,103.1,39.5,none,none,94.0,34.4,3830,-3835,3827,3834,3828,3833,3830,-3831,3828,-3832,3827,-3833,3828,3833,3826,-3835,3827,-3832,3827,-3833,3827,-3832,3827,-3834,3828,-3834,3826,-3834,3827,-3831,3828,3833,3828,-3832,3829,-3833,3828,-3832,3827,-3832,3829,3832,3831,-3835,3829,-3833,3829,-3830,3826,-3833,3828,-3834,3827,-3833,3830,-3832,3828,-3833,3830,3833,3826,-3834,3826,-3834,3826,-3836,3825,-3835,3826,-3835,3825,3832,3825,-3835,3825,-3836,3823,-3835,3824,-3835,3823,3836,3824,-3834,3826,-3833,3824,-3833,3828,-3835,3825,-3833,3827,-3834,3825,-3830,-0.37,SJNFAAZE1U0005576,117.75,14.40,9163.58203125,79,75,0,0,0,0,14.5,99.17,-173006,100,1528030495.813,120,2,0,0,0,0,0,0,0,4,367.65,367.65,7F,1,1,1,0080,72,40,40,0,0,11,6.00
03/06/2018 13:54:59,55 59.40535,-2 30.55496,239,0,341,673915,1144818,367.68,1.433,3838,3821,3830,17,0,108.4,42.4,103.1,39.5,none,none,94.0,34.4,3829,-3837,3826,-3834,3829,3833,3829,3832,3827,-3833,3827,-3834,3828,-3835,3827,-3835,3826,3833,3826,-3834,3826,-3832,3827,-3834,3827,-3835,3826,-3835,3827,-3833,3829,-3833,3828,-3832,3828,3833,3828,-3834,3827,-3833,3828,-3833,3831,-3835,3829,3833,3829,-3830,3826,-3833,3827,-3835,3828,-3832,3829,-3833,3826,-3834,3827,-3833,3823,-3835,3825,3836,3826,-3838,3824,-3835,3827,-3835,3824,-3834,3824,-3836,3822,3836,3822,-3837,3823,-3838,3823,-3838,3821,-3835,3824,3834,3824,-3834,3827,-3836,3825,-3833,3826,-3835,3825,-3831,-0.40,SJNFAAZE1U0005576,117.75,14.40,9163.58203125,79,75,0,0,0,0,14.5,99.17,-173006,100,1528030499.754,40,2,0,0,0,0,0,0,0,4,367.70,367.70,7F,1,1,1,0080,72,40,40,0,0,19,5.50
03/06/2018 13:55:03,55 59.40535,-2 30.55496,239,0,341,673825,1144818,367.30,15.105,3832,3818,3826,14,0,108.1,42.3,103.1,39.5,none,none,93.8,34.3,3825,-3832,3823,-3830,3825,3828,3826,-3827,3824,-3829,3824,3829,3824,-3830,3822,-3829,3823,-3829,3824,-3829,3823,3829,3823,-3829,3824,-3831,3823,-3830,3823,-3828,3825,-3829,3824,-3828,3825,-3830,3824,-3828,3824,3828,3824,-3829,3827,-3830,3825,-3828,3824,-3826,3823,3829,3822,-3830,3822,-3828,3824,-3828,3822,-3828,3824,-3828,3823,3829,3823,-3830,3822,-3831,3821,-3830,3822,-3830,3821,-3829,3822,-3831,3819,-3831,3818,-3831,3820,3831,3820,-3832,3818,-3830,3820,-3830,3821,-3830,3823,3831,3821,-3828,3822,-3830,3819,-3826,-0.39,SJNFAAZE1U0005576,117.75,14.40,9163.58203125,79,75,0,0,0,0,14.5,99.17,-173006,100,1528030503.613,5440,2,1,0,5,0,0,0,0,4,367.16,367.16,7F,1,1,1,0080,72,40,40,0,0,11,-26.75
03/06/2018 13:55:07,55 59.40535,-2 30.55496,239,0,341,673846,1144818,367.30,8.849,3833,3819,3826,14,0,108.1,42.3,103.1,39.5,none,none,94.0,34.4,3825,-3832,3823,-3830,3825,3829,3826,-3828,3824,-3830,3823,-3829,3824,-3831,3823,3830,3823,-3828,3823,-3828,3824,-3828,3823,-3831,3824,3831,3822,-3830,3823,-3829,3825,-3830,3825,-3829,3824,-3829,3824,-3829,3823,-3828,3825,-3829,3827,3830,3826,-3829,3825,-3826,3823,-3829,3823,-3831,3823,3828,3826,-3828,3824,-3828,3825,-3829,3821,-3831,3822,-3831,3822,3833,3822,-3831,3823,-3831,3821,-3830,3822,-3830,3819,-3831,3819,-3830,3821,-3831,3820,-3833,3819,3831,3820,-3829,3821,-3830,3824,-3831,3821,-3829,3822,3828,3820,-3827,-0.36,SJNFAAZE1U0005576,117.75,14.40,9163.58203125,79,75,0,0,0,0,14.5,99.17,-173007,100,1528030507.592,0,2,0,0,0,0,0,0,0,4,367.48,367.48,7F,1,1,1,0080,72,40,40,0,0,19,31.50
03/06/2018 13:55:11,55 59.40535,-2 30.55496,239,0,341,673804,1144818,367.49,-5.095,3834,3821,3828,13,0,108.4,42.4,103.1,39.5,none,none,94.0,34.4,3832,3828,3831,-3826,-3833,3827,-3830,-3826,-3831,3826,-3831,3827,-3831,3825,-3832,3826,-3831,3826,-3831,3825,-3830,3824,-3832,3827,-3833,3826,-3832,3825,-3831,3826,-3830,3828,-3831,3828,-3831,3829,-3830,3827,-3830,3825,-3831,3826,-3834,3828,-3832,3828,-3831,3826,-3830,3825,-3833,3826,-3832,3827,-3833,3826,-3832,3825,-3834,3824,-3833,3824,-3834,3824,3833,3825,-3833,3824,3834,3824,3833,-3825,3833,-3821,3834,-3821,3833,-3824,3834,-3823,3834,-3823,3833,-3824,3832,-3824,3832,3824,3833,-3827,3830,-3824,3834,-3824,3830,-3824,-0.38,SJNFAAZE1U0005576,117.75,14.40,9165.19140625,79,75,0,0,0,0,14.5,99.17,-173007,100,1528030511.343,0,2,0,0,0,0,0,0,0,4,367.81,367.81,7F,1,1,1,0080,72,40,40,0,0,19,22.00
03/06/2018 13:55:15,55 59.40535,-2 30.55496,239,0,341,673745,1144818,367.30,10.131,3832,3820,3826,12,0,108.1,42.3,103.1,39.5,none,none,94.0,34.4,-3830,3827,-3829,3825,-3830,3826,-3829,3824,-3829,3825,-3829,3825,-3831,3825,-3829,3825,-3829,3825,-3829,3824,-3830,3824,-3829,3826,-3829,3825,-3829,3823,-3828,3826,-3828,3827,-3829,3827,-3827,3826,-3828,3825,-3828,3825,-3830,3826,-3831,3827,-3829,3825,-3829,3824,-3829,3823,-3830,3825,-3830,3825,-3831,3823,-3831,3823,-3832,3822,-3831,3822,-3832,3823,-3831,3825,-3831,3823,-3832,3823,-3829,3822,-3830,3820,-3832,3820,-3831,3820,-3832,3821,-3832,3821,-3831,3821,-3830,3822,-3831,3822,-3831,3825,-3828,3821,-3830,3822,-3828,3822,-0.52,SJNFAAZE1U0005576,117.75,14.40,9165.19140625,79,75,0,0,0,0,14.5,99.17,-173007,100,1528030515.040,3320,3,0,0,0,0,0,0,0,4,367.33,367.33,7F,1,1,1,0080,72,40,40,0,0,19,-42.75
03/06/2018 13:55:18,55 59.40535,-2 30.55496,239,0,341,673654,1144818,366.05,38.604,3822,3804,3813,18,0,108.4,42.4,103.1,39.5,none,none,94.0,34.4,-3817,3812,-3817,3810,-3819,3813,-3816,3811,-3818,3811,-3817,3813,-3818,3811,-3819,3812,-3818,3812,-3816,3810,-3819,3810,-3818,3814,-3819,3812,-3819,3810,-3817,3813,-3817,3812,-3817,3813,-3815,3814,-3817,3811,-3817,3810,-3818,3812,-3819,3814,-3818,3812,-3817,3811,-3814,3807,-3817,3810,-3817,3810,-3817,3809,-3816,3809,-3820,3808,-3818,3807,-3820,3808,-3821,3809,-3819,3807,-3820,3808,-3818,3808,-3822,3804,-3821,3805,-3820,3806,-3822,3806,-3821,3807,-3820,3806,-3818,3807,-3819,3808,-3819,3811,-3815,3807,-3818,3807,-3816,3807,-0.36,SJNFAAZE1U0005576,117.75,14.40,9165.19140625,79,75,0,0,0,0,14.5,99.17,-173007,100,1528030518.919,10600,2,0,0,0,0,0,0,0,4,366.45,366.45,7F,1,1,1,0080,72,40,40,0,0,19,92.25
03/06/2018 13:55:22,55 59.40535,-2 30.55496,239,0,340,673098,1144818,364.90,63.018,3811,3794,3801,17,0,108.4,42.4,103.1,39.5,none,none,93.8,34.3,-3803,3801,-3805,3798,-3805,3801,-3805,3800,-3805,3801,-3805,3802,-3807,3802,-3807,3800,-3805,3801,-3805,3799,-3805,3800,-3806,3801,-3808,3801,-3808,3799,-3805,3803,-3805,3803,-3805,3802,-3804,3803,-3805,3800,-3804,3799,-3805,3801,-3807,3802,-3804,3800,-3803,3800,-3802,3794,-3804,3798,-3803,3798,-3805,3797,-3805,3797,-3807,3795,-3804,3795,-3808,3796,-3808,3798,-3807,3795,-3808,3796,-3805,3796,-3811,3794,-3808,3794,-3806,3795,-3809,3795,-3808,3795,-3807,3795,-3805,3796,-3807,3797,-3805,3799,-3803,3794,-3804,3795,-3803,3796,-0.35,SJNFAAZE1U0005576,117.75,14.40,9165.19140625,79,75,0,0,0,0,14.5,99.17,-173007,100,1528030522.735,20960,2,1,0,6,0,0,0,0,4,364.93,364.93,7F,1,1,1,0080,72,40,40,0,0,19,80.50
03/06/2018 13:55:26,55 59.40535,-2 30.55496,239,0,340,672822,1144818,367.58,-31.890,3837,3820,3829,17,0,108.4,42.4,103.1,39.5,none,none,94.0,34.4,-3834,3829,-3833,3826,-3835,3827,-3832,3827,-3833,3827,-3832,3827,-3834,3827,-3833,3827,-3833,3826,-3832,3824,-3833,3825,-3833,3826,-3835,3826,-3835,3825,-3832,3827,-3833,3828,-3833,3827,-3832,3828,-3832,3826,-3832,3825,-3833,3828,-3836,3828,-3833,3827,-3833,3826,-3833,3824,-3835,3826,-3834,3826,-3834,3825,-3833,3823,-3837,3824,-3835,3823,-3836,3823,-3836,3825,-3835,3824,-3835,3824,-3835,3825,-3834,3820,-3837,3820,-3836,3821,-3836,3821,-3837,3822,-3836,3824,-3833,3823,-3834,3824,-3834,3827,-3832,3824,-3833,3824,-3834,3822,-0.36,SJNFAAZE1U0005576,117.75,14.40,9165.19140625,79,75,0,0,0,0,14.5,99.17,-173007,100,1528030526.439,0,2,0,0,0,0,0,0,0,4,367.72,367.72,7F,1,1,1,0080,72,40,40,0,0,19,-32.75
03/06/2018 13:55:30,55 59.40535,-2 30.55496,239,0,340,672909,1144818,367.39,26.336,3834,3820,3827,14,0,108.4,42.4,103.1,39.5,none,none,93.8,34.3,3827,-3832,3824,-3831,3826,3829,3828,-3829,3826,-3830,3825,3830,3826,-3831,3824,-3831,3825,-3829,3824,-3830,3825,3829,3825,-3831,3825,-3832,3823,-3830,3825,-3830,3825,-3830,3828,-3829,3826,-3830,3826,-3830,3824,3828,3826,-3829,3828,-3831,3827,-3830,3826,-3826,3824,-3830,3825,3831,3826,-3830,3827,-3829,3826,-3830,3827,-3829,3822,3832,3823,-3832,3825,-3834,3823,-3833,3824,-3831,3824,-3830,3822,-3832,3822,-3832,3821,-3832,3823,3833,3821,-3833,3820,-3832,3822,-3830,3821,-3832,3825,3832,3823,-3830,3824,-3830,3822,-3827,-0.39,SJNFAAZE1U0005576,117.75,14.40,9165.19140625,79,75,0,0,0,0,14.5,99.17,-173011,100,1528030530.378,4600,2,0,0,0,0,0,0,0,4,366.48,366.48,7F,1,1,1,0080,72,40,40,0,0,11,-62.00
03/06/2018 13:55:34,55 59.40535,-2 30.55496,239,0,340,672887,1144818,365.95,35.979,3820,3802,3812,18,0,108.1,42.3,102.9,39.4,none,none,93.8,34.3,3809,-3819,3807,-3817,3810,3815,3812,-3815,3809,-3816,3810,-3816,3809,-3818,3808,3817,3809,-3817,3809,-3816,3809,-3817,3809,-3818,3809,3818,3807,-3818,3808,-3815,3810,-3817,3810,-3815,3810,-3816,3809,-3815,3809,-3815,3810,-3815,3812,3818,3810,-3816,3808,-3813,3807,-3814,3807,-3817,3808,-3814,3810,-3813,3808,-3815,3810,-3814,3805,-3818,3806,-3818,3806,3820,3806,-3818,3808,-3818,3807,-3816,3807,-3819,3803,-3820,3803,-3819,3806,-3820,3805,-3820,3802,3816,3806,-3817,3807,-3816,3808,-3818,3807,-3815,3807,3816,3804,-3812,-0.40,SJNFAAZE1U0005576,117.75,14.40,9165.19140625,79,75,0,0,0,0,14.5,99.17,-173011,100,1528030534.245,8280,2,0,0,0,0,0,0,0,4,366.21,366.21,7F,1,1,1,0080,72,40,40,0,0,19,126.25
03/06/2018 13:55:38,55 59.40535,-2 30.55496,239,0,340,672405,1144818,364.80,58.135,3808,3792,3800,16,0,108.1,42.3,103.1,39.5,none,none,93.8,34.3,3797,3807,3797,-3804,3799,3804,3801,-3803,3800,-3805,3799,-3805,3800,-3806,3799,-3806,3799,-3805,3799,3806,3799,-3806,3799,-3805,3800,-3806,3798,-3806,3798,3805,3801,-3805,3800,-3804,3799,-3805,3799,-3805,3798,-3804,3800,-3804,3801,-3806,3799,-3803,3798,3800,3795,-3802,3796,-3804,3796,-3802,3798,-3802,3799,-3804,3797,3802,3794,-3805,3797,-3806,3797,-3808,3796,-3805,3797,3806,3796,-3806,3798,-3805,3793,-3805,3793,-3806,3794,-3807,3794,-3807,3792,-3805,3795,-3805,3796,3804,3797,-3804,3795,-3802,3796,-3803,3794,-3801,-0.37,SJNFAAZE1U0005576,117.75,14.40,9165.19140625,79,75,0,0,0,0,14.5,99.17,-173011,100,1528030538.079,16800,2,1,0,4,0,0,0,0,4,365.00,365.00,7F,1,1,1,0080,72,40,40,0,0,11,83.50
03/06/2018 13:55:41,55 59.40535,-2 30.55496,239,0,340,672059,1144818,366.43,2.227,3825,3809,3817,16,0,108.1,42.3,103.1,39.5,none,none,93.8,34.3,3816,-3825,3815,-3821,3816,3820,3819,-3820,3815,-3821,3815,-3821,3815,-3823,3814,-3822,3815,-3822,3814,-3821,3815,-3821,3815,3822,3815,-3823,3814,-3823,3814,-3822,3816,-3821,3817,3821,3816,-3822,3816,-3820,3815,-3822,3817,-3821,3819,-3823,3817,-3821,3816,-3818,3813,-3821,3814,3822,3815,-3820,3815,-3820,3815,-3821,3816,-3821,3812,-3823,3812,3823,3813,-3825,3813,-3823,3814,-3823,3813,-3822,3811,3824,3810,-3824,3809,-3824,3810,-3824,3811,-3824,3809,-3823,3811,-3822,3811,-3822,3815,-3822,3812,3821,3812,-3822,3811,-3818,-0.35,SJNFAAZE1U0005576,117.75,14.40,9165.19140625,79,75,0,0,0,0,14.5,99.17,-173011,100,1528030541.952,1880,2,0,0,0,0,0,0,0,4,366.42,366.42,7F,1,1,1,0080,72,40,40,0,0,19,0.00
03/06/2018 13:55:45,55 59.40535,-2 30.55496,239,0,340,671893,1144818,366.05,29.937,3820,3805,3813,15,0,108.1,42.3,103.1,39.5,none,none,93.8,34.3,-3816,3814,-3817,3811,-3819,3813,-3818,3812,-3817,3812,-3817,3813,-3817,3812,-3817,3811,-3817,3810,-3817,3810,-3817,3810,-3817,3812,-3818,3811,-3818,3811,-3816,3813,-3816,3813,-3817,3813,-3815,3813,-3816,3812,-3816,3812,-3818,3812,-3819,3814,-3817,3812,-3817,3810,3813,3809,3816,-3810,-3815,3811,-3816,-3809,-3817,3810,-3820,3808,-3816,3808,-3817,3808,-3819,3810,-3818,3808,-3818,3810,-3817,3809,-3818,3805,-3819,3807,-3818,3807,-3818,3807,-3819,3806,-3818,3808,-3816,3808,-3816,3809,-3817,3812,-3815,3808,-3817,3809,-3816,3808,-0.38,SJNFAAZE1U0005576,117.75,14.40,9165.19140625,79,75,0,0,0,0,14.5,99.17,-173011,100,1528030545.882,12960,2,0,0,0,0,0,0,0,4,365.61,365.61,7F,1,1,1,0080,73,40,40,0,0,19,3.25
03/06/2018 13:55:49,55 59.40535,-2 30.55496,239,0,340,671794,1144818,366.34,21.392,3823,3809,3816,14,0,108.1,42.3,103.1,39.5,none,none,94.0,34.4,-3819,3817,-3819,3814,-3821,3816,-3819,3814,-3819,3815,-3820,3816,-3820,3816,-3820,3815,-3819,3815,-3819,3814,-3819,3814,-3820,3816,-3820,3815,-3821,3814,-3819,3816,-3820,3816,-3819,3815,-3818,3818,-3819,3815,-3819,3814,-3821,3816,-3821,3817,-3820,3816,-3819,3814,-3816,3812,-3819,3814,-3820,3813,-3820,3814,-3820,3812,-3822,3812,-3820,3812,-3822,3812,-3822,3814,-3821,3813,-3822,3813,-3821,3813,-3821,3809,-3821,3809,-3821,3810,-3823,3811,-3822,3811,-3820,3811,-3819,3811,-3819,3812,-3820,3814,-3817,3812,-3820,3811,-3818,3812,-0.32,SJNFAAZE1U0005576,117.75,14.40,9165.19140625,79,75,0,0,0,0,14.5,99.17,-173011,100,1528030549.606,3840,3,0,0,0,0,0,0,0,4,366.10,366.10,7F,1,1,1,0080,73,40,40,0,0,19,24.50
03/06/2018 13:55:53,55 59.40535,-2 30.55496,239,0,340,671665,1144818,365.86,26.000,3818,3802,3811,16,0,108.4,42.4,103.1,39.5,none,none,94.0,34.4,-3814,3810,-3815,3809,-3817,3811,-3815,3809,-3815,3809,-3814,3810,-3815,3809,-3817,3809,-3815,3808,-3815,3809,-3815,3808,-3815,3810,-3817,3809,-3816,3809,-3814,3810,-3815,3811,-3815,3810,-3814,3811,-3815,3809,-3814,3808,-3816,3810,-3818,3811,-3815,3809,-3815,3808,-3813,3807,-3815,3808,-3814,3808,-3815,3807,-3815,3807,-3817,3805,-3814,3806,-3818,3804,-3817,3806,-3816,3805,-3817,3806,-3816,3807,-3817,3803,-3818,3802,-3817,3803,-3818,3804,-3818,3804,-3817,3804,-3815,3806,-3816,3806,-3814,3808,-3813,3805,-3815,3805,-3814,3804,-0.35,SJNFAAZE1U0005576,117.75,14.40,9165.19140625,79,75,0,0,0,0,14.5,99.17,-173011,100,1528030553.343,5880,2,0,0,0,0,0,0,0,4,365.94,365.94,7F,1,1,1,0080,73,40,40,0,0,19,92.00
03/06/2018 13:55:57,55 59.40535,-2 30.55496,239,0,340,671346,1144818,365.38,34.148,3811,3797,3806,14,0,108.1,42.3,102.9,39.4,none,none,93.8,34.3,-3808,3806,-3810,3803,-3810,3805,-3808,3804,-3810,3804,-3809,3805,-3809,3804,-3810,3805,-3809,3805,-3809,3804,-3810,3804,-3810,3805,-3810,3805,-3810,3804,-3809,3805,-3809,3807,-3809,3806,-3809,3807,-3808,3804,-3809,3803,-3809,3805,-3811,3807,-3808,3805,-3808,3803,-3805,3801,-3808,3804,-3808,3802,-3809,3802,-3810,3802,-3811,3801,-3808,3800,-3811,3801,-3811,3803,-3811,3802,-3811,3802,-3809,3802,-3811,3797,-3810,3799,-3811,3800,-3811,3800,-3810,3801,-3809,3801,-3808,3801,-3809,3802,-3810,3804,-3807,3800,-3808,3801,-3807,3800,-0.38,SJNFAAZE1U0005576,117.75,14.40,9165.19140625,79,75,0,0,0,0,14.5,99.17,-173011,100,1528030557.215,10800,2,1,0,5,0,0,0,0,4,365.37,365.37,7F,1,1,1,0080,73,40,40,0,0,11,84.75
03/06/2018 13:56:00,55 59.40535,-2 30.55496,239,0,339,671081,1144818,365.38,27.434,3814,3797,3806,17,0,108.1,42.3,103.1,39.5,none,none,94.0,34.4,-3805,3813,-3801,3811,-3805,3809,-3807,3809,-3804,3811,-3804,3811,-3804,3812,-3803,3812,-3803,3811,-3803,3810,-3804,3812,-3803,3811,-3805,3812,-3803,3812,3804,-3810,3806,3812,3806,-3810,3805,-3810,3804,-3810,3804,-3810,-3805,3809,3807,3812,-3804,3811,-3804,3807,-3801,3808,-3801,3811,-3801,3809,-3804,3807,-3805,3810,-3804,3808,-3799,3811,-3800,3814,-3801,3814,-3800,3814,-3802,3813,-3802,3811,-3801,3812,-3798,3812,-3798,3813,-3799,3814,-3800,3814,-3797,3812,-3800,3811,-3800,3811,-3803,3812,-3801,3810,-3801,3809,-3798,3807,-0.40,SJNFAAZE1U0005576,117.75,14.40,9165.19140625,79,75,0,0,0,0,14.5,99.17,-173011,100,1528030560.855,8200,2,0,0,0,0,0,0,0,4,365.52,365.52,7F,1,1,1,0080,73,40,40,0,0,19,88.00
03/06/2018 13:56:04,55 59.40535,-2 30.55496,239,0,339,670821,1144818,366.05,17.944,3820,3806,3813,14,0,108.4,42.4,103.1,39.5,none,none,94.0,34.4,3812,3818,3811,-3817,3813,3817,3814,-3816,3812,-3817,3812,-3817,3812,-3818,3811,-3818,3810,-3817,3810,3816,3812,-3817,3812,-3818,3813,-3820,3810,-3818,3811,-3815,3813,3817,3813,-3815,3813,-3818,3813,-3817,3812,-3817,3813,3817,3816,-3818,3812,-3817,3812,-3813,3810,-3816,3811,-3817,3810,-3816,3812,-3815,3811,-3817,3812,3816,3809,-3817,3810,-3819,3810,-3820,3809,-3818,3810,3818,3809,-3816,3809,-3818,3806,-3817,3807,-3819,3808,-3820,3808,-3820,3807,-3817,3808,-3816,3809,3816,3810,-3817,3808,-3815,3809,-3817,3808,-3814,-0.39,SJNFAAZE1U0005576,117.75,14.40,9165.19140625,79,75,0,0,0,0,14.5,99.17,-173011,100,1528030564.487,6800,3,0,0,0,0,0,0,0,4,365.66,365.66,7F,1,1,1,0080,74,40,40,0,0,19,-83.00
03/06/2018 13:56:08,55 59.40535,-2 30.55496,239,0,339,670718,1144818,365.47,25.115,3813,3798,3807,15,0,108.1,42.3,103.1,39.5,none,none,93.8,34.3,3805,-3812,3803,-3810,3805,3809,3807,-3809,3805,-3810,3804,-3810,3804,-3811,3804,-3811,3804,3811,3803,-3810,3805,-3811,3805,-3812,3805,-3813,3804,-3812,3804,-3810,3806,-3811,3807,-3809,3805,3811,3806,-3810,3805,-3810,3806,-3809,3807,-3812,3805,3809,3805,-3807,3803,-3809,3802,-3811,3803,-3809,3805,-3808,3803,-3810,3804,-3807,3801,-3811,3803,3812,3803,-3813,3801,-3813,3804,-3813,3803,-3810,3804,3812,3799,-3811,3800,-3813,3801,-3812,3801,-3813,3798,-3810,3802,-3811,3803,-3810,3804,-3811,3802,3808,3802,-3809,3800,-3807,-0.39,SJNFAAZE1U0005576,117.75,14.40,9165.19140625,79,75,0,0,0,0,14.5,99.17,-173011,100,1528030568.151,8040,2,0,0,0,0,0,0,0,4,365.61,365.61,7F,1,1,1,0080,74,40,40,0,0,11,71.50
03/06/2018 13:56:12,55 59.40535,-2 30.55496,239,0,339,670548,1144818,366.72,1.800,3828,3812,3820,16,0,108.4,42.4,103.1,39.5,none,none,93.8,34.3,3818,-3828,3817,-3824,3819,3823,3820,-3822,3818,3823,3818,-3824,3817,-3824,3817,-3825,3817,-3824,3817,-3823,3817,3824,3817,-3825,3818,-3826,3817,-3825,3816,-3824,3819,-3824,3819,-3823,3819,-3823,3819,-3823,3818,3823,3819,-3824,3821,-3824,3819,-3824,3818,-3820,3815,3823,3817,-3825,3818,-3824,3818,-3822,3817,-3823,3818,-3823,3815,-3825,3815,-3826,3815,-3828,3815,3826,3816,-3826,3815,-3826,3813,-3827,3813,-3826,3812,3827,3813,-3827,3813,-3828,3812,-3825,3813,-3825,3814,-3823,3816,-3825,3815,-3823,3815,-3824,3815,3821,-0.36,SJNFAAZE1U0005576,117.75,14.40,9165.19140625,79,75,0,0,0,0,14.5,99.17,-173011,100,1528030572.054,2520,2,0,0,0,0,0,0,0,4,366.26,366.26,7F,1,1,1,0080,74,40,40,0,0,19,-2.50
03/06/2018 13:56:15,55 59.40535,-2 30.55496,239,0,339,670652,1144818,366.62,-5.004,3827,3811,3819,16,0,108.1,42.3,103.1,39.5,none,none,93.8,34.3,3818,-3826,3815,3824,3818,3822,3820,-3821,3817,-3823,3816,-3823,3817,3825,3816,-3825,3815,-3823,3816,-3823,3817,-3823,3816,-3824,3817,3825,3815,-3825,3816,-3823,3818,-3823,3818,-3822,3817,-3822,3818,-3822,3817,-3822,3818,-3822,3820,3824,3817,-3823,3817,-3819,3815,-3823,3815,-3824,3816,3823,3817,-3823,3817,-3822,3817,-3823,3814,-3825,3814,-3825,3815,-3826,3815,-3825,3816,-3825,3813,3823,3813,-3826,3811,-3825,3812,-3826,3812,-3826,3812,3827,3811,-3824,3813,-3825,3814,-3824,3815,-3824,3814,-3822,3814,-3823,3813,-3820,-0.38,SJNFAAZE1U0005576,117.75,14.40,9165.19140625,79,75,0,0,0,0,14.5,99.17,-173015,100,1528030575.797,0,2,1,0,5,0,0,0,0,4,366.88,366.88,7F,1,1,1,0080,74,40,40,0,0,11,-58.50
03/06/2018 13:56:19,55 59.40535,-2 30.55496,239,0,339,670635,1144818,366.62,8.422,3825,3811,3819,14,0,108.4,42.4,103.1,39.5,none,none,93.8,34.3,-3822,3819,-3821,3816,-3824,3818,-3821,3817,-3822,3818,-3821,3819,-3823,3818,-3823,3816,-3821,3817,-3822,3815,-3823,3816,-3821,3818,-3822,3816,-3823,3816,-3822,3817,-3822,3818,-3822,3817,-3821,3819,-3822,3817,-3821,3816,-3822,3818,-3824,3819,-3822,3817,-3822,3817,-3821,3814,-3823,3816,-3822,3817,-3823,3816,-3823,3814,-3825,3813,-3822,3814,-3824,3814,-3825,3816,-3823,3815,-3824,3814,-3823,3815,-3823,3812,-3825,3812,-3824,3811,-3825,3813,-3825,3813,-3823,3814,-3821,3813,-3823,3814,-3822,3817,-3820,3813,-3822,3813,-3820,3813,-0.39,SJNFAAZE1U0005576,117.75,14.40,9165.19140625,79,75,0,0,0,0,14.5,99.17,-173015,100,1528030579.682,1280,2,0,0,0,0,0,0,0,4,366.47,366.47,7F,1,1,1,0080,74,40,40,0,0,19,-45.25
03/06/2018 13:56:23,55 59.40535,-2 30.55496,239,0,339,670534,1144818,366.24,14.922,3823,3808,3815,15,0,108.1,42.3,103.1,39.5,none,none,94.0,34.4,-3818,3815,-3818,3814,-3819,3815,-3818,3813,-3818,3814,-3817,3815,-3818,3815,-3819,3813,-3818,3814,-3817,3812,-3818,3814,-3818,3815,-3820,3813,-3819,3814,-3818,3815,-3818,3815,-3818,3814,-3817,3816,-3818,3814,-3818,3814,-3819,3814,-3821,3816,-3818,3814,-3818,3812,-3816,3811,-3818,3813,-3819,3812,-3818,3812,-3818,3811,-3820,3810,-3818,3810,-3820,3810,-3821,3814,-3820,3811,-3821,3811,-3819,3813,-3819,3809,-3820,3809,-3820,3808,-3823,3809,-3820,3811,-3820,3810,-3818,3810,-3819,3811,-3819,3813,-3816,3810,-3818,3811,-3816,3810,-0.34,SJNFAAZE1U0005576,117.75,14.40,9165.19140625,79,75,0,0,0,0,14.5,99.17,-173015,100,1528030583.593,5720,2,0,0,0,0,0,0,0,4,366.18,366.18,7F,1,1,1,0080,74,40,40,0,0,19,54.50
03/06/2018 13:56:27,55 59.40535,-2 30.55496,239,0,339,670323,1144818,364.99,40.252,3810,3793,3802,17,0,108.1,42.3,103.1,39.5,none,none,93.8,34.3,-3805,3801,-3805,3799,-3807,3801,-3805,3799,-3806,3801,-3807,3802,-3808,3801,-3807,3801,-3806,3800,-3806,3799,-3806,3799,-3806,3801,-3807,3800,-3808,3800,-3805,3801,-3806,3802,-3806,3802,-3806,3804,-3806,3801,-3804,3800,-3807,3801,-3807,3803,-3805,3801,-3804,3798,-3802,3797,-3805,3797,-3805,3798,-3806,3797,-3806,3798,-3808,3795,-3805,3795,-3808,3796,-3808,3798,-3807,3798,-3808,3797,-3806,3797,-3810,3794,-3808,3793,-3808,3794,-3809,3795,-3809,3795,-3807,3795,-3806,3797,-3807,3797,-3806,3799,-3803,3796,-3805,3796,-3803,3796,-0.40,SJNFAAZE1U0005576,117.75,14.40,9165.19140625,79,75,0,0,0,0,14.5,99.17,-173015,100,1528030587.337,10600,2,0,0,0,0,0,0,0,4,365.27,365.27,7F,1,1,1,0080,74,40,40,0,0,19,148.00
03/06/2018 13:56:30,55 59.40535,-2 30.55496,239,0,339,669869,1144818,364.90,42.449,3808,3791,3801,17,0,108.1,42.3,103.1,39.5,none,none,93.8,34.3,-3803,3800,-3804,3798,-3806,3800,-3804,3798,-3805,3799,-3804,3800,-3805,3799,-3806,3798,-3805,3799,-3806,3799,-3806,3799,-3806,3800,-3805,3799,-3807,3799,-3805,3800,-3806,3802,-3805,3800,-3805,3802,-3803,3799,-3804,3799,-3805,3799,-3807,3802,-3804,3799,-3803,3798,-3800,3795,-3804,3796,-3803,3797,-3803,3796,-3805,3796,-3807,3794,-3803,3793,-3807,3794,-3808,3797,-3806,3797,-3807,3796,-3806,3796,-3806,3791,-3807,3792,-3807,3792,-3808,3794,-3807,3794,-3806,3794,-3803,3794,-3805,3795,-3804,3797,-3802,3795,-3804,3795,-3803,3795,-0.43,SJNFAAZE1U0005576,117.74,14.40,9165.19140625,79,75,0,0,0,0,14.5,99.17,-173015,100,1528030590.930,13280,2,0,0,0,0,0,0,0,4,364.81,364.81,7F,1,1,1,0080,75,40,40,0,0,19,124.00
03/06/2018 13:56:34,55 59.40535,-2 30.55496,239,0,339,669525,1144818,366.24,-13.305,3822,3807,3815,15,0,108.1,42.3,103.1,39.5,none,none,93.8,34.3,-3815,-3822,3812,-3820,-3815,3819,-3815,3818,-3813,3819,-3813,3820,-3812,3820,-3813,3820,-3813,3819,-3814,3819,-3814,3819,-3812,3820,-3814,3821,-3812,3820,-3811,3819,-3815,3820,-3815,3819,-3814,3819,-3813,3819,-3813,3817,-3814,3818,-3817,3820,-3813,3819,-3813,3816,-3812,3819,-3811,3819,-3812,3819,-3814,3817,-3814,3818,-3814,3819,-3810,3821,-3812,3821,-3812,3822,-3811,3819,-3812,3820,-3811,3819,-3809,3821,-3808,3821,3809,-3821,3810,3821,3811,-3821,3807,-3820,3811,-3820,3811,-3819,3813,-3821,3812,3818,3811,-3819,3809,-3816,-0.38,SJNFAAZE1U0005576,117.74,14.40,9165.19140625,79,75,0,0,0,0,14.5,99.17,-173015,100,1528030594.927,0,2,1,0,5,0,0,0,0,4,366.23,366.23,7F,1,1,1,0080,75,40,40,0,0,19,-22.00
03/06/2018 13:56:38,55 59.40535,-2 30.55496,239,0,339,669367,1144818,365.09,37.444,3810,3795,3803,15,0,108.1,42.3,102.9,39.4,none,none,93.8,34.3,3801,-3810,3801,-3807,3804,3807,3805,-3805,3803,-3807,3802,3807,3802,-3808,3801,-3808,3802,-3807,3802,-3805,3802,3807,3803,-3807,3803,-3809,3802,-3808,3802,-3807,3804,-3807,3803,-3807,3804,-3807,3802,-3807,3803,3806,3802,-3806,3806,-3808,3803,-3806,3802,-3803,3797,3804,3800,-3806,3799,-3805,3802,-3804,3800,-3806,3801,-3805,3797,-3807,3799,-3808,3801,-3810,3798,3807,3800,-3808,3798,-3807,3799,-3807,3796,-3808,3795,3809,3798,-3809,3798,-3809,3797,-3807,3797,-3807,3798,-3806,3800,-3807,3798,-3805,3798,-3806,3797,3802,-0.36,SJNFAAZE1U0005576,117.74,14.40,9165.19140625,79,75,0,0,0,0,14.5,99.17,-173015,100,1528030598.688,12440,2,0,0,0,0,0,0,0,4,364.91,364.91,7F,1,1,1,0080,75,40,40,0,0,19,76.50
03/06/2018 13:56:42,55 59.40535,-2 30.55496,239,0,338,669067,1144818,365.38,-6.286,3814,3797,3806,17,0,108.1,42.3,103.1,39.5,none,none,93.8,34.3,3804,-3813,3803,3810,3804,3809,3807,-3808,3803,-3810,3805,-3811,3804,-3813,3803,3812,3803,-3810,3803,-3810,3804,-3810,3805,-3811,3805,3812,3803,-3812,3804,-3810,3807,-3810,3806,-3809,3804,-3811,3805,-3811,3804,-3810,3806,-3810,3807,3812,3805,-3809,3805,-3807,3801,-3809,3801,-3810,3804,3808,3803,-3808,3804,-3809,3803,-3809,3800,-3812,3801,-3812,3802,-3813,3800,-3812,3803,-3812,3801,3811,3801,-3812,3798,-3813,3798,-3813,3800,-3814,3799,3813,3797,-3812,3799,-3812,3801,-3810,3802,-3811,3801,-3809,3800,-3809,3799,-3806,-0.38,SJNFAAZE1U0005576,117.74,14.40,9165.19140625,79,75,0,0,0,0,14.5,99.17,-173015,100,1528030602.498,4000,2,0,0,0,0,0,0,0,4,365.94,365.94,7F,1,1,1,0080,75,40,40,0,0,19,17.75
03/06/2018 13:56:46,55 59.40535,-2 30.55496,239,0,338,669106,1144818,366.24,-7.812,3822,3808,3815,14,0,108.1,42.3,102.9,39.4,none,none,93.8,34.3,3814,3822,3812,-3818,3815,3819,3816,-3817,3814,-3819,3814,-3820,3813,-3820,3813,-3819,3813,-3818,3813,3819,3814,-3819,3813,-3820,3813,-3821,3812,-3820,3813,3819,3814,-3819,3815,-3818,3815,-3818,3815,-3819,3814,-3817,3814,-3818,3818,-3821,3814,-3818,3815,3815,3812,-3819,3812,-3819,3813,-3817,3814,-3816,3813,3818,3813,-3817,3811,-3820,3811,-3821,3813,-3822,3811,-3820,3812,-3820,3811,-3819,3811,-3820,3809,3820,3809,-3822,3810,-3821,3809,-3821,3808,-3820,3811,3818,3811,-3819,3813,-3820,3810,-3818,3811,-3819,3810,-3816,-0.37,SJNFAAZE1U0005576,117.74,14.40,9165.19140625,79,75,0,0,0,0,14.5,99.17,-173017,100,1528030606.384,0,2,0,0,0,0,0,0,0,4,366.50,366.50,7F,1,1,1,0080,76,40,40,0,0,19,52.75
03/06/2018 13:56:50,55 59.40535,-2 30.55496,239,0,338,668841,1144818,364.13,47.881,3800,3785,3793,15,0,108.4,42.4,103.1,39.5,none,none,93.8,34.3,3791,-3799,3788,-3796,3792,3797,3793,-3795,3791,-3797,3792,-3799,3792,-3798,3791,-3798,3792,-3798,3792,-3797,3792,-3797,3792,3799,3792,-3799,3791,-3800,3791,-3798,3793,-3799,3792,3797,3794,-3799,3793,-3797,3791,-3798,3792,-3796,3794,-3799,3791,-3797,3790,-3793,3787,-3794,3788,3797,3788,-3794,3789,-3793,3790,-3797,3790,-3795,3787,3797,3789,-3799,3789,-3800,3788,-3797,3790,-3798,3788,-3798,3791,-3799,3786,-3799,3785,-3800,3787,3799,3787,-3799,3785,-3796,3787,-3797,3789,-3797,3789,3796,3787,-3795,3787,-3796,3785,-3793,-0.33,SJNFAAZE1U0005576,117.74,14.40,9165.19140625,79,75,0,0,0,0,14.5,99.17,-173017,100,1528030610.167,17440,3,0,0,0,0,0,0,0,4,364.53,364.53,7F,1,1,1,0080,76,40,40,0,0,19,148.00
03/06/2018 13:56:53,55 59.40535,-2 30.55496,239,0,338,668474,1144818,364.90,15.075,3808,3794,3801,14,0,108.1,42.3,103.1,39.5,none,none,93.8,34.3,-3803,3801,-3804,3799,-3806,3801,-3805,3800,-3804,3801,-3805,3803,-3804,3801,-3805,3800,-3804,3801,-3805,3800,-3805,3801,-3806,3802,-3807,3800,-3806,3800,-3804,3802,-3804,3801,-3806,3801,-3804,3803,-3805,3800,-3804,3800,-3804,3801,-3807,3803,-3804,3801,-3804,3798,-3802,3796,-3803,3798,-3802,3797,-3804,3798,-3803,3797,-3806,3796,-3803,3795,-3807,3797,-3806,3800,-3806,3797,-3807,3797,-3805,3798,-3806,3794,-3806,3794,-3806,3795,-3808,3795,-3807,3796,-3805,3796,-3803,3797,-3806,3797,-3805,3798,-3803,3796,-3804,3796,-3803,3796,-0.33,SJNFAAZE1U0005576,117.74,14.40,9165.19140625,79,75,0,0,0,0,14.5,99.17,-173017,100,1528030613.940,4480,3,1,0,6,0,0,0,0,4,365.29,365.29,7F,1,1,1,0080,76,40,40,0,0,19,54.50
03/06/2018 13:56:57,55 59.40535,-2 30.55496,239,0,338,668297,1144818,365.47,15.014,3813,3799,3807,14,0,108.1,42.3,103.1,39.5,none,none,93.8,34.3,-3810,3807,-3809,3804,-3811,3807,-3809,3805,-3810,3807,-3810,3807,-3810,3807,-3811,3805,-3810,3805,-3810,3804,-3810,3805,-3810,3806,-3811,3806,-3811,3805,-3810,3807,-3809,3807,-3810,3807,-3809,3808,-3810,3806,-3809,3805,-3811,3806,-3811,3808,-3810,3806,-3809,3805,-3808,3802,-3809,3805,-3810,3804,-3811,3803,-3811,3803,-3813,3803,-3809,3801,-3812,3802,-3812,3804,-3811,3803,-3813,3803,-3811,3803,-3811,3799,-3812,3800,-3812,3800,-3813,3799,-3812,3802,-3810,3802,-3810,3801,-3810,3802,-3811,3805,-3808,3801,-3809,3802,-3808,3802,-0.33,SJNFAAZE1U0005576,117.74,14.40,9165.19140625,79,75,0,0,0,0,14.5,99.17,-173017,100,1528030617.554,5400,3,0,0,0,0,0,0,0,4,365.42,365.42,7F,1,1,1,0080,76,40,40,0,0,11,-23.25
03/06/2018 13:57:01,55 59.40535,-2 30.55496,239,0,338,668251,1144818,365.38,13.946,3813,3798,3806,15,0,108.1,42.3,103.1,39.5,none,none,93.8,34.3,-3808,3805,-3809,3804,-3811,3806,-3810,3806,-3809,3806,-3809,3806,-3811,3805,-3811,3806,-3810,3805,-3810,3804,-3810,3805,-3810,3807,-3811,3805,-3811,3804,-3811,3807,-3809,3807,-3810,3807,-3809,3808,-3809,3805,-3809,3805,-3811,3806,-3811,3808,-3810,3805,-3809,3803,-3807,3802,-3809,3804,-3808,3803,-3809,3803,-3809,3802,-3811,3801,-3809,3800,-3811,3802,-3811,3804,-3811,3803,-3812,3802,-3810,3803,-3810,3798,-3811,3800,-3811,3799,-3812,3801,-3813,3801,-3810,3801,-3808,3800,-3810,3802,-3809,3803,-3807,3801,-3808,3802,-3808,3801,-0.38,SJNFAAZE1U0005576,117.74,14.40,9165.19140625,79,75,0,0,0,0,14.5,99.17,-173017,100,1528030621.228,5160,2,0,0,0,0,0,0,0,4,365.63,365.63,7F,1,1,1,0080,76,40,40,0,0,11,-33.50
03/06/2018 13:57:05,55 59.40535,-2 30.55496,239,0,338,668111,1144818,365.66,9.612,3816,3800,3809,16,0,108.1,42.3,103.1,39.5,none,none,93.8,34.3,-3812,3808,-3813,3805,-3813,3809,-3812,3807,-3813,3807,-3812,3809,-3812,3809,-3814,3807,-3813,3806,-3811,3805,-3813,3806,-3813,3809,-3813,3807,-3814,3807,-3812,3808,-3812,3809,-3812,3808,-3811,3809,-3813,3807,-3812,3806,-3813,3807,-3814,3810,-3812,3807,-3812,3805,-3810,3804,-3813,3806,-3813,3805,-3813,3805,-3814,3804,-3815,3804,-3813,3802,-3815,3804,-3816,3806,-3814,3803,-3816,3803,-3814,3804,-3815,3801,-3815,3800,-3816,3800,-3816,3801,-3816,3802,-3815,3803,-3812,3803,-3815,3804,-3813,3805,-3811,3802,-3811,3804,-3810,3803,-0.34,SJNFAAZE1U0005576,117.74,14.40,9165.19140625,79,75,0,0,0,0,14.5,99.17,-173017,100,1528030625.103,3840,2,0,0,0,0,0,0,0,4,365.69,365.69,7F,1,1,1,0080,76,40,40,0,0,19,9.75
03/06/2018 13:57:09,55 59.40535,-2 30.55496,239,0,338,668214,1144818,366.91,-25.939,3830,3813,3822,17,0,108.1,42.3,103.1,39.5,none,none,94.0,34.4,-3821,3829,-3817,3826,-3820,3825,-3822,3824,-3820,3825,-3818,3825,-3819,3828,-3819,3827,-3819,3826,-3818,3824,-3819,3825,-3819,3826,-3818,3828,-3818,3828,3818,-3825,3820,3826,3820,-3824,3820,-3825,3819,-3824,3820,-3824,3820,-3825,3822,3826,3820,-3825,3821,-3822,3819,-3825,3819,-3827,3819,3826,3821,-3823,3819,-3825,3820,-3825,3817,-3828,3818,-3828,3816,-3830,3816,-3828,3819,-3828,3817,3826,-3816,3829,3814,-3827,-3814,3828,-3815,3829,-3815,3828,-3813,3828,-3816,3827,-3816,3828,-3819,3827,-3818,3826,-3817,3825,-3815,3822,-0.35,SJNFAAZE1U0005576,117.74,14.40,9165.19140625,79,75,0,0,0,0,14.5,99.17,-173021,100,1528030629.006,0,3,1,0,4,0,0,0,0,4,367.11,367.11,7F,1,1,1,0080,76,40,40,0,0,19,-69.50
03/06/2018 13:57:12,55 59.40535,-2 30.55496,239,0,338,668441,1144818,367.30,-20.476,3833,3818,3826,15,0,108.1,42.3,103.1,39.5,none,none,93.8,34.3,3825,3833,3822,-3830,3824,3829,3826,-3827,3824,-3829,3822,-3829,3822,-3830,3821,-3831,3822,-3829,3822,3828,3823,-3829,3823,-3830,3822,-3832,3822,-3831,3823,3829,3824,-3829,3824,-3828,3824,-3829,3824,-3829,3823,-3828,3824,-3829,3825,-3831,3824,-3829,3824,3826,3823,-3830,3823,-3831,3823,-3829,3826,-3829,3823,3829,3823,-3829,3821,-3832,3821,-3832,3820,-3833,3821,-3832,3824,-3832,3821,-3829,3819,-3833,3818,3833,3819,-3833,3819,-3833,3819,-3833,3818,-3831,3820,-3831,3820,3831,3823,-3832,3821,-3830,3822,-3830,3819,-3826,-0.38,SJNFAAZE1U0005576,117.74,14.40,9165.19140625,79,75,0,0,0,0,14.5,99.17,-173030,100,1528030632.925,0,2,0,0,0,0,0,0,0,4,367.34,367.34,7F,1,1,1,0080,76,40,40,0,0,11,-57.25
03/06/2018 13:57:16,55 59.40535,-2 30.55496,239,0,338,668627,1144818,366.53,15.349,3825,3811,3818,14,0,108.1,42.3,103.1,39.5,none,none,93.8,34.3,3817,-3824,3814,-3822,3817,3821,3818,-3820,3816,-3821,3816,-3822,3816,-3823,3814,-3822,3815,-3821,3816,-3820,3816,-3821,3816,3823,3816,-3823,3815,-3822,3815,-3821,3818,-3821,3817,3820,3817,-3822,3817,-3821,3816,-3820,3817,-3822,3818,-3821,3817,-3821,3816,-3819,3815,-3821,3815,3822,3815,-3820,3817,-3819,3816,-3820,3817,-3819,3814,3822,3815,-3824,3814,-3825,3814,-3823,3815,-3822,3812,-3821,3814,-3824,3811,-3823,3811,-3824,3812,-3823,3813,-3824,3811,-3821,3813,-3822,3813,-3821,3816,-3822,3813,3820,3814,-3821,3812,-3819,-0.38,SJNFAAZE1U0005576,117.74,14.40,9165.19140625,79,75,0,0,0,0,14.5,99.17,-173038,100,1528030636.552,0,2,0,0,0,0,0,0,0,4,366.68,366.68,7F,1,1,1,0080,76,40,40,0,0,19,-51.50
03/06/2018 13:57:20,55 59.40535,-2 30.55496,239,0,338,668834,1144818,367.87,-18.615,3839,3823,3832,16,0,108.1,42.3,103.1,39.5,none,none,94.0,34.4,3832,-3839,3828,-3835,3831,3834,3832,-3833,3830,3834,3829,-3834,3829,-3837,3829,-3836,3828,-3835,3827,-3835,3829,-3835,3828,-3836,3830,-3837,3828,3836,3828,-3833,3830,-3835,3831,-3833,3831,-3836,3830,3835,3830,-3835,3831,-3834,3832,-3836,3830,-3835,3830,-3832,3829,-3835,3830,-3838,3830,-3835,3831,3834,3829,-3836,3831,-3835,3827,-3837,3827,-3838,3828,-3839,3827,3838,3828,-3838,3826,-3836,3825,-3838,3825,-3837,3825,3838,3825,-3839,3824,-3839,3823,-3837,3825,-3836,3825,-3836,3830,-3838,3827,-3837,3827,-3836,3826,3833,-0.38,SJNFAAZE1U0005576,117.74,14.40,9165.19140625,79,75,0,0,0,0,14.5,99.17,-173046,100,1528030640.054,0,2,0,0,0,0,0,0,0,4,367.80,367.80,7F,1,1,1,0080,77,40,40,0,0,11,-83.25
03/06/2018 13:57:23,55 59.40535,-2 30.55496,239,0,338,668945,1144818,367.01,2.746,3830,3816,3823,14,0,108.1,42.3,102.9,39.4,none,none,93.8,34.3,3823,-3830,3820,3826,3822,3826,3824,-3824,3821,-3825,3821,-3827,3822,3828,3820,-3827,3820,-3827,3820,-3826,3820,-3826,3821,-3827,3821,-3829,3820,-3827,3820,-3826,3823,3828,3822,-3826,3823,-3827,3823,-3826,3821,-3825,3823,-3826,3824,-3827,3822,-3826,3823,-3823,3821,-3827,3822,-3828,3820,3826,3823,-3825,3822,-3826,3823,-3826,3819,-3828,3819,-3829,3820,-3830,3819,-3829,3820,-3828,3819,3826,3819,-3829,3818,-3828,3816,-3828,3817,-3828,3818,3829,3816,-3827,3819,-3827,3818,-3826,3821,-3829,3819,-3826,3819,-3826,3818,-3824,-0.38,SJNFAAZE1U0005576,117.74,14.40,9165.19140625,79,75,0,0,0,0,14.5,99.17,-173051,100,1528030643.644,200,2,1,0,0,0,0,0,0,4,367.08,367.08,7F,1,1,1,0080,77,40,40,0,0,19,0.00
03/06/2018 13:57:27,55 59.40535,-2 30.55496,239,0,338,668921,1144818,367.01,1.831,3830,3814,3823,16,0,108.1,42.3,103.1,39.5,none,none,93.8,34.3,-3826,3823,-3826,3820,-3828,3822,-3826,3821,-3827,3821,-3826,3822,-3827,3821,-3827,3820,-3827,3820,-3826,3819,-3825,3819,-3827,3821,-3827,3820,-3827,3820,-3826,3821,-3825,3822,-3826,3821,-3825,3822,-3826,3820,-3826,3820,-3828,3821,-3828,3823,-3826,3822,-3826,3820,-3825,3819,-3827,3820,-3826,3820,-3827,3819,-3826,3818,-3829,3818,-3828,3817,-3829,3817,-3830,3819,-3829,3816,-3829,3818,-3828,3817,-3827,3814,-3830,3815,-3829,3815,-3830,3816,-3830,3816,-3829,3816,-3826,3816,-3828,3817,-3828,3821,-3825,3817,-3827,3818,-3826,3816,-0.35,SJNFAAZE1U0005576,117.74,14.40,9165.19140625,79,75,0,0,0,0,14.5,99.17,-173051,100,1528030647.417,160,2,1,0,6,0,0,0,0,4,367.02,367.02,7F,1,1,1,0080,77,40,40,0,0,11,0.00
03/06/2018 13:57:31,55 59.40535,-2 30.55496,239,0,338,668906,1144818,366.91,1.678,3830,3814,3822,16,0,108.1,42.3,102.9,39.4,none,none,93.8,34.3,-3827,3821,-3826,3820,-3828,3821,-3825,3821,-3827,3821,-3826,3822,-3827,3819,-3826,3819,-3827,3820,-3826,3819,-3827,3819,-3826,3821,-3826,3820,-3827,3819,-3826,3821,-3825,3822,-3825,3821,-3825,3823,-3826,3821,-3826,3820,-3826,3821,-3828,3822,-3827,3820,-3827,3819,-3824,3818,-3828,3820,-3827,3820,-3827,3819,-3826,3817,-3829,3818,-3827,3817,-3829,3817,-3829,3818,-3829,3818,-3829,3817,-3829,3818,-3827,3814,-3830,3814,-3829,3815,-3830,3815,-3829,3816,-3829,3816,-3827,3818,-3828,3817,-3827,3821,-3825,3817,-3827,3816,-3826,3816,-0.38,SJNFAAZE1U0005576,117.74,14.40,9165.19140625,79,75,0,0,0,0,14.5,99.17,-173051,100,1528030651.149,160,2,0,0,0,0,0,0,0,4,367.00,367.00,7F,1,1,1,0080,77,40,40,0,0,19,-0.25
03/06/2018 13:57:35,55 59.40535,-2 30.55496,239,0,338,668880,1144818,367.10,17.150,3832,3815,3824,17,0,108.1,42.3,103.1,39.5,none,none,93.8,34.3,-3829,3823,-3828,3821,-3830,3822,-3827,3821,-3828,3822,-3827,3822,-3829,3821,-3828,3821,-3827,3820,-3827,3820,-3828,3820,-3828,3821,-3829,3821,-3829,3821,-3827,3822,-3828,3824,-3828,3822,-3827,3824,-3827,3822,-3827,3821,-3828,3823,-3830,3823,-3827,3822,-3828,3821,-3826,3819,-3828,3821,-3829,3822,-3829,3820,-3828,3818,-3831,3819,-3828,3818,-3831,3818,-3832,3821,-3830,3819,-3831,3820,-3830,3820,-3828,3815,-3832,3816,-3830,3816,-3832,3816,-3831,3817,-3831,3818,-3829,3818,-3828,3820,-3829,3822,-3828,3819,-3830,3819,-3828,3818,-0.34,SJNFAAZE1U0005576,117.74,14.40,9165.19140625,79,75,0,0,0,0,14.5,99.17,-173051,100,1528030655.066,1840,2,0,0,0,0,0,0,0,4,366.52,366.52,7F,1,1,1,0080,77,40,40,0,0,11,-11.50
03/06/2018 13:57:38,55 59.40535,-2 30.55496,239,0,338,668965,1144818,366.53,-12.756,3824,3811,3818,13,0,108.1,42.3,103.1,39.5,none,none,93.8,34.3,-3822,3818,-3820,3817,-3823,3818,-3821,3816,-3821,3817,-3821,3818,-3821,3818,-3822,3817,-3820,3817,-3820,3816,-3822,3816,-3821,3817,-3822,3816,-3822,3816,-3822,3818,-3821,3819,-3820,3817,-3821,3820,-3820,3818,-3821,3817,-3822,3817,-3824,3819,-3820,3817,-3822,3816,-3819,3813,-3821,3817,-3820,3815,-3823,3815,-3822,3815,-3824,3813,-3822,3813,-3824,3814,-3823,3816,-3822,3814,-3824,3814,-3823,3814,-3824,3812,-3823,3812,-3822,3812,-3824,3811,-3824,3813,-3822,3814,-3822,3814,-3822,3814,-3822,3816,-3820,3813,-3822,3813,-3819,3814,-0.38,SJNFAAZE1U0005576,117.74,14.40,9165.19140625,79,75,0,0,0,0,14.5,99.17,-173054,100,1528030658.778,0,2,0,0,0,0,0,0,0,4,367.58,367.58,7F,1,1,1,0080,76,40,40,0,0,19,100.75
03/06/2018 13:57:42,55 59.40535,-2 30.55496,239,0,338,668672,1144818,366.05,17.272,3822,3805,3813,17,0,108.1,42.3,102.9,39.4,none,none,93.8,34.3,3810,-3820,3810,-3817,3813,3817,3815,-3816,3811,-3818,3811,-3817,3811,-3819,3811,-3819,3810,-3817,3812,-3817,3812,-3817,3811,3817,-3811,3819,-3810,-3819,-3811,3818,-3813,3818,-3812,3816,-3812,3818,-3812,3817,-3811,3818,-3814,3817,-3814,3819,-3812,3816,-3811,3814,-3808,3817,-3810,3817,-3810,3816,-3811,3816,-3810,3816,-3811,3816,-3807,3817,-3807,3820,-3809,3822,-3807,3819,-3809,3817,-3807,3819,-3809,3820,-3806,3820,3805,-3820,3805,3821,3805,-3821,3806,-3819,3806,-3818,3807,-3818,3809,-3818,3807,3816,3808,-3817,3807,-3813,-0.36,SJNFAAZE1U0005576,117.74,14.40,9165.19140625,79,75,0,0,0,0,14.5,99.17,-173054,100,1528030662.827,9640,2,1,0,5,0,0,0,0,4,366.18,366.18,7F,1,1,1,0080,76,40,40,0,0,19,23.25
03/06/2018 13:57:46,55 59.40535,-2 30.55496,239,0,338,668570,1144818,367.78,-13.518,3840,3823,3831,17,0,108.1,42.3,103.1,39.5,none,none,93.8,34.3,3830,-3840,3828,-3836,3830,3834,3831,-3833,3829,3835,3828,-3835,3828,-3836,3828,-3836,3828,-3835,3828,-3835,3827,-3834,3828,-3833,3829,-3838,3827,3836,3828,-3834,3829,-3834,3829,-3834,3830,-3835,3829,-3834,3829,3835,3830,-3834,3832,-3836,3830,-3835,3829,-3832,3828,3836,3830,-3837,3829,-3835,3830,-3834,3830,-3834,3830,-3835,3827,-3837,3825,-3838,3827,-3839,3826,3837,3827,-3837,3826,-3835,3825,-3838,3824,-3839,3823,3837,3823,-3839,3824,-3839,3824,-3837,3826,-3835,3824,-3835,3829,-3837,3826,-3834,3827,-3835,3826,3832,-0.30,SJNFAAZE1U0005576,117.74,14.40,9165.19140625,79,75,0,0,0,0,14.5,99.17,-173054,100,1528030666.741,0,3,0,0,0,0,0,0,0,4,367.18,367.18,7F,1,1,1,0080,76,40,40,0,0,19,-56.00
03/06/2018 13:57:50,55 59.40535,-2 30.55496,239,0,338,668590,1144818,367.30,1.769,3835,3819,3826,16,0,108.1,42.3,103.1,39.5,none,none,93.8,34.3,3826,-3833,3822,3831,3825,3830,3826,-3829,3824,-3830,3823,-3829,3824,3832,3823,-3831,3823,-3830,3822,-3831,3823,-3829,3823,-3831,3823,-3832,3822,-3832,3823,-3829,3825,3829,3825,-3829,3824,-3829,3824,-3829,3823,-3829,3824,-3829,3827,3830,3825,-3830,3825,-3826,3823,-3830,3823,-3833,3825,3831,3826,-3830,3824,-3831,3825,-3829,3821,-3832,3821,-3833,3822,-3835,3821,-3832,3824,-3832,3821,3831,3820,-3832,3819,-3833,3819,-3832,3820,-3834,3820,3833,3819,-3831,3821,-3831,3820,-3831,3824,-3832,3822,-3829,3822,-3832,3820,-3828,-0.36,SJNFAAZE1U0005576,117.74,14.40,9165.19140625,79,75,0,0,0,0,14.5,99.17,-173055,100,1528030670.714,3440,2,0,0,0,0,0,0,0,4,366.79,366.79,7F,1,1,1,0080,76,40,40,0,0,19,-46.25
03/06/2018 13:57:54,55 59.40535,-2 30.55496,239,0,338,668642,1144818,366.53,2.318,3826,3809,3818,17,0,108.1,42.3,102.9,39.4,none,none,93.8,34.3,3816,-3825,3815,-3823,3816,3821,3818,3820,3816,-3822,3815,-3822,3815,-3823,3814,-3822,3814,3822,3814,-3821,3814,-3821,3815,-3822,3816,-3824,3814,-3823,3815,-3822,3817,-3822,3816,-3820,3816,3823,3816,-3820,3815,-3821,3817,-3822,3819,-3823,3816,-3821,3816,3817,3813,-3821,3813,-3823,3815,-3820,3816,-3820,3815,3820,3816,-3822,3813,-3823,3812,-3825,3813,-3825,3813,-3823,3814,-3823,3813,-3823,3813,-3824,3810,3825,3809,-3825,3811,-3825,3811,-3826,3809,-3822,3811,3822,3812,-3822,3814,-3823,3812,-3821,3813,-3821,3812,-3818,-0.34,SJNFAAZE1U0005576,117.74,14.40,9165.19140625,79,75,0,0,0,0,14.5,99.17,-173057,100,1528030674.493,120,3,0,0,0,0,0,0,0,4,366.92,366.92,7F,1,1,1,0080,76,40,40,0,0,19,58.75
03/06/2018 13:57:58,55 59.40535,-2 30.55496,239,0,338,668516,1144818,366.05,21.209,3821,3803,3813,18,0,108.1,42.3,102.9,39.4,none,none,93.8,34.3,3811,-3819,3808,-3817,3811,3816,3813,-3815,3811,-3817,3809,3817,3809,-3817,3809,-3818,3810,-3818,3810,-3816,3809,3817,3809,-3818,3810,-3819,3809,-3819,3809,-3816,3811,-3817,3812,3816,3812,-3817,3811,-3816,3811,-3814,3811,-3816,3813,-3817,3811,-3816,3810,-3814,3808,-3816,3808,3818,3808,-3816,3811,-3816,3809,-3816,3810,-3816,3807,3818,3808,-3820,3808,-3821,3807,-3818,3810,-3818,3807,-3817,3808,-3820,3803,-3819,3803,-3819,3805,3819,3807,-3820,3805,-3818,3808,-3818,3807,-3816,3809,3818,3808,-3815,3807,-3816,3806,-3813,-0.38,SJNFAAZE1U0005576,117.74,14.40,9165.19140625,79,75,0,0,0,0,14.5,99.17,-173057,100,1528030678.321,2600,2,1,0,5,0,0,0,0,4,366.30,366.30,7F,1,1,1,0080,76,40,40,0,0,19,81.25
03/06/2018 13:58:02,55 59.40535,-2 30.55496,239,0,338,668318,1144818,367.39,-16.723,3833,3819,3827,14,0,108.1,42.3,102.9,39.4,none,none,93.8,34.3,-3830,3828,-3830,3824,-3830,3828,-3830,3825,-3829,3825,-3829,3825,-3830,3824,-3830,3825,-3830,3825,-3829,3823,-3829,3823,-3830,3826,-3830,3825,-3831,3824,-3829,3826,-3830,3826,-3830,3825,-3829,3826,-3829,3825,-3828,3824,-3830,3825,-3832,3827,-3829,3825,-3830,3824,-3827,3824,-3832,3824,-3830,3824,-3830,3824,-3831,3823,-3833,3823,-3830,3822,-3831,3822,-3832,3825,-3832,3823,-3833,3822,-3831,3823,-3828,3820,-3833,3821,-3831,3819,-3833,3820,-3832,3822,-3831,3821,-3830,3821,-3830,3821,-3831,3826,-3828,3821,-3831,3823,-3830,3822,-0.37,SJNFAAZE1U0005576,117.74,14.40,9165.19140625,79,75,0,0,0,0,14.5,99.17,-173057,100,1528030682.155,0,3,0,0,0,0,0,0,0,4,367.15,367.15,7F,1,1,1,0080,76,40,40,0,0,19,-80.50
03/06/2018 13:58:05,55 59.40535,-2 30.55496,239,0,338,668398,1144818,366.34,21.453,3824,3807,3816,17,0,108.1,42.3,102.9,39.4,none,none,93.6,34.2,-3819,3815,-3819,3813,-3822,3815,-3818,3813,-3819,3814,-3819,3815,-3821,3813,-3820,3813,-3819,3813,-3819,3812,-3820,3813,-3819,3815,-3821,3813,-3820,3812,-3819,3814,-3818,3815,-3820,3815,-3818,3816,-3819,3814,-3818,3814,-3820,3813,-3821,3816,-3819,3815,-3819,3813,-3818,3810,-3820,3814,-3819,3815,-3821,3813,-3821,3811,-3822,3811,-3821,3809,-3823,3810,-3823,3813,-3822,3811,-3823,3812,-3821,3812,-3821,3807,-3823,3807,-3822,3808,-3824,3809,-3823,3810,-3822,3810,-3819,3810,-3821,3812,-3820,3814,-3818,3811,-3820,3810,-3819,3810,-0.34,SJNFAAZE1U0005576,117.74,14.40,9165.19140625,79,75,0,0,0,0,14.5,99.17,-173061,100,1528030685.915,5560,2,0,0,0,0,0,0,0,4,366.32,366.32,7F,1,1,1,0080,76,40,40,0,0,19,86.00
03/06/2018 13:58:09,55 59.40535,-2 30.55496,239,0,338,668313,1144818,366.72,4.729,3828,3812,3820,16,0,108.1,42.3,102.9,39.4,none,none,93.8,34.3,-3825,3820,-3824,3818,-3826,3819,-3825,3818,-3825,3819,-3823,3819,-3825,3818,-3824,3817,-3824,3818,-3824,3817,-3824,3817,-3825,3820,-3824,3818,-3825,3815,-3823,3819,-3824,3820,-3823,3818,-3823,3820,-3822,3818,-3824,3817,-3824,3818,-3826,3821,-3824,3818,-3825,3818,-3822,3815,-3826,3817,-3825,3817,-3825,3816,-3825,3816,-3827,3815,-3826,3814,-3827,3815,-3828,3818,-3827,3815,-3827,3815,-3826,3816,-3825,3812,-3828,3812,-3827,3812,-3828,3812,-3827,3813,-3826,3815,-3825,3814,-3826,3815,-3826,3818,-3824,3814,-3826,3815,-3824,3815,-0.36,SJNFAAZE1U0005576,117.74,14.40,9165.19140625,79,75,0,0,0,0,14.5,99.17,-173061,100,1528030689.525,0,2,0,0,0,0,0,0,0,4,366.75,366.75,7F,1,1,1,0080,76,40,40,0,0,19,0.00
03/06/2018 13:58:13,55 59.40535,-2 30.55496,239,0,338,668198,1144818,366.53,17.974,3825,3811,3818,14,0,108.1,42.3,102.9,39.4,none,none,93.8,34.3,-3821,3818,-3820,3815,-3822,3816,-3820,3816,-3820,3817,-3820,3817,-3822,3816,-3822,3815,-3821,3816,-3822,3815,-3821,3814,-3821,3817,-3823,3815,-3822,3816,-3820,3817,-3820,3817,-3822,3816,-3820,3818,-3820,3816,-3821,3815,-3821,3817,-3823,3817,-3820,3816,-3820,3815,-3819,3813,-3821,3816,-3821,3815,-3822,3814,-3821,3813,-3824,3814,-3822,3813,-3823,3813,-3825,3815,-3822,3814,-3822,3814,-3821,3814,-3822,3811,-3824,3811,-3823,3811,-3823,3811,-3823,3812,-3822,3814,-3820,3813,-3821,3814,-3822,3816,-3818,3813,-3821,3813,-3821,3813,-0.36,SJNFAAZE1U0005576,117.74,14.40,9165.19140625,79,75,0,0,0,0,14.5,99.17,-173061,100,1528030693.471,6440,2,0,0,0,0,0,0,0,4,366.21,366.21,7F,1,1,1,0080,76,40,40,0,0,19,-18.25
03/06/2018 13:58:17,55 59.40535,-2 30.55496,239,0,338,667950,1144818,364.90,54.534,3809,3792,3801,17,0,108.1,42.3,103.1,39.5,none,none,93.8,34.3,3798,-3808,3797,3806,3800,3804,3803,-3805,3799,-3806,3799,-3806,3800,3808,3799,-3806,-3799,3806,3798,-3806,-3800,3805,-3799,3807,-3799,3808,-3798,3808,3798,-3805,3801,3806,3801,-3805,3801,-3806,3800,-3805,3799,-3805,3801,-3805,3802,3807,3799,-3805,3799,-3801,3795,-3803,3796,-3805,3796,3804,3798,-3804,3797,-3804,3799,-3803,3794,-3806,3796,-3807,3796,-3808,3795,-3807,3798,-3807,3797,3806,3799,-3807,3793,-3808,3793,-3809,3794,-3808,3794,3809,3792,-3806,3795,-3806,3796,-3807,3797,-3806,3795,-3805,3794,-3806,3795,-3801,-0.31,SJNFAAZE1U0005576,117.74,14.40,9165.19140625,79,75,0,0,0,0,14.5,99.17,-173061,100,1528030697.055,14920,2,1,0,5,0,0,0,0,4,364.94,364.94,7F,1,1,1,0080,76,40,40,0,0,11,63.50
03/06/2018 13:58:20,55 59.40535,-2 30.55496,239,0,338,667865,1144818,367.97,-50.597,3841,3824,3833,17,0,108.1,42.3,102.9,39.4,none,none,93.8,34.3,3834,3839,3830,-3837,3834,3836,3834,-3835,3832,-3838,3832,-3837,3831,-3837,3829,-3837,3831,-3836,3830,3836,3831,-3836,3831,-3837,3830,-3837,3830,-3837,3831,3835,3832,-3837,3833,-3836,3832,-3837,3831,-3835,3831,-3834,3833,-3836,3834,-3837,3833,-3837,3833,3834,3831,-3836,3832,-3838,3833,-3836,3834,-3836,3833,3837,3834,-3838,3829,-3836,3829,-3838,3831,-3841,3830,-3840,3831,-3838,3830,-3838,3824,-3838,3828,3838,3829,-3840,3828,-3840,3827,-3841,3827,-3838,3829,3836,3829,-3835,3833,-3839,3830,-3837,3830,-3838,3829,-3835,-0.36,SJNFAAZE1U0005576,117.74,14.40,9165.19140625,79,75,0,0,0,0,14.5,99.17,-173061,100,1528030700.682,0,2,0,0,0,0,0,0,0,4,367.98,367.98,7F,1,1,1,0080,76,40,40,0,0,19,-76.75
03/06/2018 13:58:24,55 59.40535,-2 30.55496,239,0,338,668012,1144818,367.49,-24.291,3836,3820,3828,16,0,108.1,42.3,102.9,39.4,none,none,93.8,34.3,3828,-3835,3824,-3832,3826,3831,3828,-3830,3825,-3831,3825,-3832,3826,-3833,3823,-3832,3824,-3831,3824,-3831,3825,-3831,3825,3832,3824,-3834,3824,-3832,3825,-3831,3826,-3831,3827,3831,3825,-3831,3826,-3830,3824,-3829,3826,-3831,3828,-3833,3827,-3832,3827,-3828,3825,-3832,3825,3834,3824,-3833,3827,-3831,3825,-3832,3826,-3831,3824,3834,3823,-3834,3823,-3835,3823,-3833,3824,-3834,3823,-3832,3821,-3834,3820,-3834,3820,-3835,3822,3836,3821,-3834,3821,-3834,3823,-3833,3823,-3832,3825,3834,3824,-3832,3825,-3832,3823,-3829,-0.37,SJNFAAZE1U0005576,117.74,14.40,9165.19140625,79,75,0,0,0,0,14.5,99.17,-173067,100,1528030704.646,0,2,0,0,0,0,0,0,0,4,367.56,367.56,7F,1,1,1,0080,76,40,40,0,0,19,-52.50
03/06/2018 13:58:28,55 59.40535,-2 30.55496,239,0,338,668208,1144818,367.68,-16.082,3836,3823,3830,13,0,107.9,42.1,102.9,39.4,none,none,93.6,34.2,3829,-3836,3827,-3833,3830,3832,3831,-3831,3829,3831,3828,-3833,3828,-3834,3827,-3833,3827,-3832,3827,-3832,3827,-3831,3827,-3833,3828,-3833,3827,3834,3827,-3831,3830,-3833,3829,-3832,3828,-3833,3829,3832,3828,-3831,3830,-3832,3831,-3833,3830,-3833,3830,-3829,3828,-3833,3829,-3834,3828,-3833,3830,3833,3828,-3833,3829,-3833,3826,-3835,3825,-3835,3827,3836,3826,-3835,3827,-3835,3826,-3834,3824,-3834,3824,-3834,3823,-3835,3824,-3836,3824,-3836,3824,3835,3827,-3833,3825,-3833,3828,-3835,3826,-3834,3826,3833,3826,-3831,-0.38,SJNFAAZE1U0005576,117.74,14.40,9165.19140625,79,75,0,0,0,0,14.5,99.17,-173075,100,1528030708.699,0,3,0,0,0,0,0,0,0,4,367.63,367.63,7F,1,1,1,0080,77,40,40,0,0,19,-28.00
03/06/2018 13:58:32,55 59.40535,-2 30.55496,239,0,338,668170,1144818,365.66,41.350,3817,3800,3809,17,0,108.1,42.3,102.9,39.4,none,none,93.6,34.2,3813,3807,3812,-3806,-3813,3808,-3812,-3808,-3812,3807,-3812,3808,-3812,3806,-3812,3806,3812,3806,-3812,3806,3813,-3806,3813,-3807,3813,-3806,3814,-3806,3813,-3808,3811,3809,3812,-3808,3813,-3810,3812,-3807,3812,-3807,3812,3807,3813,-3809,3811,-3807,3811,-3806,3810,-3803,3812,-3804,3811,-3805,3813,-3805,3812,-3804,3815,3803,3812,-3802,3815,-3802,3815,-3805,3815,-3805,3817,3804,3814,-3804,3815,-3800,3815,-3801,3815,-3801,3817,-3801,3817,-3802,3815,-3803,3813,-3802,3814,3804,3813,-3806,3811,-3804,3813,-3803,3810,-3803,-0.35,SJNFAAZE1U0005576,117.74,14.40,9165.19140625,79,75,0,0,0,0,14.5,99.17,-173075,100,1528030712.678,10440,2,1,0,5,0,0,0,0,4,365.85,365.85,7F,1,1,1,0080,77,40,40,0,0,19,71.00
03/06/2018 13:58:36,55 59.40535,-2 30.55496,239,0,338,667842,1144818,365.18,44.402,3814,3796,3804,18,0,108.1,42.3,102.9,39.4,none,none,93.8,34.3,-3807,3803,-3808,3802,-3809,3803,-3808,3803,-3809,3803,-3809,3803,-3809,3803,-3810,3803,-3807,3803,-3808,3802,-3808,3802,-3809,3803,-3809,3803,-3810,3803,-3808,3803,-3809,3803,-3808,3803,-3807,3804,-3808,3803,-3808,3802,-3808,3803,-3809,3804,-3807,3803,-3807,3800,-3805,3799,-3808,3801,-3806,3801,-3807,3799,-3807,3800,-3810,3798,-3808,3799,-3810,3799,-3810,3801,-3810,3799,-3810,3799,-3808,3800,-3814,3797,-3811,3796,-3811,3798,-3812,3798,-3810,3798,-3809,3799,-3808,3800,-3809,3799,-3808,3802,-3806,3798,-3807,3798,-3807,3798,-0.27,SJNFAAZE1U0005576,117.74,14.40,9165.19140625,79,75,0,0,0,0,14.5,99.17,-173075,100,1528030716.706,11280,3,0,0,0,0,0,0,0,4,365.35,365.35,7F,1,1,1,0080,77,40,40,0,0,19,54.00
03/06/2018 13:58:40,55 59.40535,-2 30.55496,239,0,338,667644,1144818,366.53,-1.128,3826,3810,3818,16,0,108.1,42.3,102.9,39.4,none,none,93.6,34.2,-3823,3818,-3821,3816,-3824,3817,-3822,3816,-3822,3817,-3821,3817,-3823,3816,-3822,3816,-3822,3816,-3821,3815,-3822,3815,-3822,3817,-3823,3816,-3823,3815,-3822,3816,-3821,3817,-3821,3817,-3821,3819,-3821,3816,-3822,3816,-3822,3817,-3823,3818,-3821,3817,-3822,3815,-3820,3814,-3823,3816,-3823,3816,-3823,3814,-3823,3813,-3825,3813,-3823,3813,-3825,3814,-3825,3816,-3824,3814,-3825,3813,-3824,3814,-3824,3811,-3825,3810,-3824,3810,-3826,3812,-3826,3811,-3825,3813,-3823,3813,-3822,3813,-3823,3815,-3822,3813,-3823,3814,-3822,3813,-0.36,SJNFAAZE1U0005576,117.74,14.40,9165.19140625,79,75,0,0,0,0,14.5,99.17,-173075,100,1528030720.503,0,2,0,0,0,0,0,0,0,4,366.57,366.57,7F,1,1,1,0080,77,40,40,0,0,19,-1.50
03/06/2018 13:58:44,55 59.40535,-2 30.55496,239,0,338,667402,1144818,365.86,26.641,3819,3802,3811,17,0,108.1,42.3,102.9,39.4,none,none,93.8,34.3,-3814,3810,-3816,3809,-3816,3809,-3815,3810,-3815,3809,-3816,3810,-3817,3808,-3816,3808,-3815,3809,-3816,3808,-3816,3808,-3816,3810,-3817,3808,-3817,3808,-3815,3810,-3815,3810,-3815,3809,-3815,3811,-3815,3809,-3814,3809,-3815,3809,-3817,3812,-3814,3809,-3815,3808,-3812,3806,-3815,3807,-3815,3807,-3816,3807,-3816,3805,-3817,3805,-3815,3806,-3817,3806,-3818,3807,-3817,3807,-3817,3807,-3816,3806,-3817,3802,-3818,3803,-3818,3802,-3819,3804,-3818,3804,-3817,3804,-3815,3805,-3817,3806,-3815,3809,-3814,3805,-3816,3806,-3814,3805,-0.35,SJNFAAZE1U0005576,117.74,14.40,9165.19140625,79,75,0,0,0,0,14.5,99.17,-173075,100,1528030724.165,12320,2,0,0,0,0,0,0,0,4,365.52,365.52,7F,1,1,1,0080,77,40,40,0,0,11,-17.00
03/06/2018 13:58:48,55 59.40535,-2 30.55496,239,0,338,667449,1144818,367.20,-23.406,3832,3818,3825,14,0,108.1,42.3,102.9,39.4,none,none,93.6,34.2,-3830,3825,-3828,3823,-3831,3824,-3829,3823,-3829,3824,-3828,3824,-3830,3823,-3829,3823,-3829,3824,-3828,3822,-3829,3822,-3829,3824,-3830,3823,-3830,3822,-3827,3824,-3828,3825,-3829,3824,-3827,3825,-3828,3824,-3828,3823,-3829,3824,-3831,3826,-3829,3824,-3829,3822,-3827,3822,-3831,3823,-3830,3825,-3830,3822,-3829,3821,-3832,3820,-3830,3820,-3831,3821,-3831,3823,-3831,3821,-3830,3821,-3831,3821,-3827,3818,-3832,3818,-3831,3819,-3832,3819,-3831,3821,-3831,3821,-3829,3821,-3830,3820,-3831,3824,-3828,3821,-3830,3821,-3829,3821,-0.34,SJNFAAZE1U0005576,117.74,14.40,9165.19140625,79,75,0,0,0,0,14.5,99.17,-173077,100,1528030728.096,0,2,0,0,0,0,0,0,0,4,367.27,367.27,7F,1,1,1,0080,77,40,40,0,0,19,-39.00
03/06/2018 13:58:51,55 59.40535,-2 30.55496,239,0,338,667578,1144818,366.05,23.284,3821,3805,3813,16,0,107.9,42.1,102.9,39.4,none,none,93.8,34.3,3811,-3820,3810,-3817,3812,3817,3813,-3816,3812,-3817,3811,3817,3811,-3818,3810,-3818,3810,-3817,3810,-3816,3811,-3817,3810,3817,3811,-3819,3809,-3817,3809,-3817,3812,-3817,3812,3817,3813,-3817,3811,-3817,3811,-3815,3812,-3816,3814,-3818,3813,-3816,3811,-3813,3810,-3816,3810,3818,3810,-3816,3810,-3816,3809,-3816,3810,-3815,3808,3817,3807,-3819,3809,-3821,3808,-3817,3810,-3818,3808,-3816,3810,-3819,3806,-3819,3805,-3819,3807,3819,3807,-3819,3805,-3818,3806,-3817,3808,-3818,3811,3817,3809,-3816,3809,-3817,3807,-3815,-0.38,SJNFAAZE1U0005576,117.74,14.40,9165.19140625,79,75,0,0,0,0,14.5,99.17,-173082,100,1528030731.973,2200,3,1,0,6,0,0,0,0,4,366.30,366.30,7F,1,1,1,0080,77,40,40,0,0,19,30.50
03/06/2018 13:58:55,55 59.40535,-2 30.55496,239,0,338,667460,1144818,366.62,2.441,3825,3812,3819,13,0,108.1,42.3,102.9,39.4,none,none,93.6,34.2,3818,-3825,3816,-3823,3818,3822,3819,-3820,3818,-3822,3817,-3822,3816,-3823,3817,3822,3816,-3822,3816,-3823,3817,-3822,3817,-3823,3816,-3825,3816,3824,3816,-3822,3818,-3822,3819,-3822,3818,-3822,3819,3822,3817,-3821,3819,-3821,3820,-3823,3819,-3822,3819,-3819,3816,-3821,3816,-3823,3816,-3822,3818,3821,3818,-3822,3818,-3822,3814,-3824,3815,-3824,3816,3825,3816,-3823,3817,-3823,3816,-3823,3814,-3824,3813,-3824,3812,-3825,3813,-3825,3814,-3825,3812,3823,3814,-3823,3815,-3823,3817,-3823,3815,-3821,3815,3822,3814,-3820,-0.38,SJNFAAZE1U0005576,117.74,14.40,9165.19140625,79,75,0,0,0,0,14.5,99.17,-173082,100,1528030735.825,0,2,0,0,0,0,0,0,0,4,366.66,366.66,7F,1,1,1,0080,77,40,40,0,0,19,-24.50
03/06/2018 13:58:59,55 59.40535,-2 30.55496,239,0,338,667632,1144818,367.20,-25.390,3834,3817,3825,17,0,108.1,42.3,102.9,39.4,none,none,93.6,34.2,3825,3832,3821,-3831,3824,3829,3826,-3827,3822,-3829,3824,-3829,3823,-3830,3821,-3831,3822,-3829,3821,3829,3822,-3829,3822,-3829,3823,-3831,3821,-3830,3821,-3828,3824,3829,3823,-3828,3823,-3829,3821,-3829,3822,-3828,3824,3828,3826,-3830,3823,-3830,3823,-3826,3822,-3830,3821,-3831,3823,-3830,3825,-3828,3822,-3829,3824,3830,3821,-3832,3821,-3831,3820,-3834,3819,-3831,3821,3831,3820,-3830,3819,-3832,3818,-3832,3817,-3832,3819,-3833,3818,-3834,3817,-3831,3819,-3830,3819,3829,3822,-3831,3820,-3829,3821,-3830,3819,-3826,-0.40,SJNFAAZE1U0005576,117.74,14.40,9165.19140625,79,75,0,0,0,0,14.5,99.17,-173089,100,1528030739.608,0,2,0,0,0,0,0,0,0,4,367.82,367.82,7F,1,1,1,0080,77,40,40,0,0,19,13.75
03/06/2018 13:59:03,55 59.40535,-2 30.55496,239,0,338,667653,1144818,367.20,-8.513,3834,3817,3825,17,0,107.9,42.1,102.9,39.4,none,none,93.6,34.2,3824,-3833,3821,-3831,3823,3828,3826,-3827,3824,-3830,3823,-3830,3824,-3831,3822,-3830,3821,-3830,3822,-3828,3823,-3828,3821,3830,3822,-3831,3820,-3830,3821,-3828,3824,-3828,3824,-3828,3823,3829,3823,-3830,3823,-3828,3823,-3830,3826,-3831,3824,3830,3824,-3826,3822,-3829,3823,-3832,3823,-3829,3824,-3829,3823,-3829,3823,-3829,3821,-3831,3819,3832,3820,-3834,3820,-3832,3821,-3830,3820,-3830,3820,3833,3818,-3833,3818,-3833,3817,-3831,3818,-3833,3817,-3831,3820,-3830,3819,-3831,3823,-3832,3821,3829,3822,-3831,3819,-3827,-0.38,SJNFAAZE1U0005576,117.74,14.40,9165.19140625,79,75,0,0,0,0,14.5,99.17,-173090,100,1528030743.469,0,2,0,0,0,0,0,0,0,4,367.28,367.28,7F,1,1,1,0080,77,40,40,0,0,19,-1.25
03/06/2018 13:59:07,55 59.40535,-2 30.55496,239,0,338,667697,1144818,367.39,-17.821,3834,3820,3827,14,0,108.1,42.3,102.9,39.4,none,none,93.8,34.3,-3832,3827,-3830,3825,-3832,3827,-3830,3825,-3830,3826,-3830,3826,-3830,3826,-3829,3824,3830,3824,-3829,3824,3831,3824,3830,-3826,3830,-3826,3831,-3823,3830,-3826,3830,-3826,3831,-3826,3828,-3826,3830,-3827,3829,3824,3830,-3825,3831,-3827,3830,-3826,3831,-3824,3830,3824,3832,-3825,-3831,3826,-3832,-3824,-3829,3824,-3833,3824,-3831,3822,-3833,3822,-3833,3825,-3832,3822,-3832,3824,-3831,3822,-3831,3820,-3834,3821,-3832,3821,-3834,3822,-3833,3821,-3833,3823,-3832,3822,-3832,3823,-3832,3825,-3829,3822,-3832,3823,-3832,3822,-0.36,SJNFAAZE1U0005576,117.74,14.40,9165.19140625,79,75,0,0,0,0,14.5,99.17,-173092,100,1528030747.304,0,2,1,0,5,0,0,0,0,4,367.57,367.57,7F,1,1,1,0080,77,40,40,0,0,19,10.00
03/06/2018 13:59:11,55 59.40535,-2 30.55496,239,0,338,667523,1144818,365.76,28.075,3819,3801,3810,18,0,108.1,42.3,102.9,39.4,none,none,93.6,34.2,-3815,3809,-3814,3808,-3815,3809,-3814,3809,-3815,3808,-3814,3810,-3815,3808,-3815,3807,-3814,3807,-3814,3808,-3814,3807,-3814,3809,-3817,3807,-3817,3807,-3814,3810,-3814,3809,-3815,3808,-3814,3811,-3813,3808,-3814,3808,-3815,3809,-3818,3809,-3815,3809,-3814,3807,-3811,3805,-3814,3806,-3815,3807,-3815,3807,-3815,3805,-3817,3805,-3815,3803,-3817,3805,-3818,3806,-3817,3806,-3817,3805,-3816,3806,-3816,3801,-3818,3801,-3817,3802,-3819,3803,-3818,3803,-3817,3804,-3814,3804,-3815,3806,-3816,3808,-3812,3805,-3815,3804,-3813,3804,-0.37,SJNFAAZE1U0005576,117.74,14.40,9165.19140625,79,75,0,0,0,0,14.5,99.17,-173092,100,1528030751.206,10160,2,0,0,0,0,0,0,0,4,365.93,365.93,7F,1,1,1,0080,76,40,40,0,0,11,42.00
03/06/2018 13:59:14,55 59.40535,-2 30.55496,239,0,338,667333,1144818,365.95,6.225,3821,3803,3812,18,0,107.9,42.1,102.9,39.4,none,none,93.6,34.2,-3816,3811,-3816,3809,-3817,3811,-3816,3810,-3816,3810,-3816,3811,-3817,3810,-3816,3809,-3817,3810,-3815,3809,-3816,3808,-3817,3811,-3817,3809,-3818,3809,-3815,3812,-3815,3811,-3816,3811,-3815,3813,-3816,3810,-3816,3809,-3817,3811,-3818,3813,-3816,3810,-3816,3809,-3815,3807,-3816,3809,-3816,3809,-3817,3808,-3816,3808,-3818,3807,-3818,3806,-3820,3807,-3819,3808,-3819,3807,-3819,3808,-3817,3808,-3819,3803,-3819,3804,-3818,3805,-3821,3805,-3820,3805,-3818,3806,-3817,3806,-3818,3808,-3817,3810,-3816,3807,-3817,3807,-3816,3807,-0.36,SJNFAAZE1U0005576,117.74,14.40,9165.19140625,79,75,0,0,0,0,14.5,99.17,-173092,100,1528030754.992,0,2,0,0,0,0,0,0,0,4,366.49,366.49,7F,1,1,1,0080,76,40,40,0,0,11,40.00
03/06/2018 13:59:18,55 59.40535,-2 30.55496,239,0,338,667250,1144818,367.20,-9.826,3832,3818,3825,14,0,108.1,42.3,102.9,39.4,none,none,93.6,34.2,-3828,3826,-3829,3823,-3829,3826,-3828,3824,-3828,3824,-3828,3825,-3827,3823,-3828,3823,-3828,3822,-3826,3822,-3828,3823,-3829,3824,-3829,3823,-3829,3823,-3829,3824,-3828,3825,-3828,3823,-3827,3826,-3827,3824,-3827,3823,-3828,3824,-3830,3825,-3829,3825,-3829,3823,-3827,3823,-3830,3824,-3829,3823,-3831,3822,-3829,3820,-3832,3821,-3830,3820,-3830,3821,-3832,3823,-3830,3821,-3831,3821,-3830,3822,-3829,3819,-3831,3819,-3830,3818,-3832,3819,-3831,3820,-3831,3821,-3829,3819,-3829,3821,-3830,3824,-3826,3820,-3830,3822,-3829,3821,-0.34,SJNFAAZE1U0005576,117.74,14.40,9165.19140625,79,75,0,0,0,0,14.5,99.17,-173092,100,1528030758.725,1040,2,0,0,0,0,0,0,0,4,366.98,366.98,7F,1,1,1,0080,76,40,40,0,0,11,-64.75
03/06/2018 13:59:22,55 59.40535,-2 30.55496,239,0,337,667201,1144818,365.86,25.634,3819,3802,3811,17,0,107.9,42.1,102.9,39.4,none,none,93.6,34.2,-3814,3810,-3815,3807,-3817,3809,-3815,3809,-3814,3810,-3815,3810,-3815,3810,-3816,3808,-3814,3809,-3815,3808,-3815,3809,-3816,3811,-3817,3808,-3817,3808,-3814,3809,-3815,3810,-3814,3810,-3814,3811,-3815,3809,-3815,3809,-3815,3809,-3817,3811,-3815,3810,-3815,3807,-3812,3806,-3814,3808,-3813,3808,-3816,3806,-3816,3807,-3818,3805,-3815,3804,-3817,3805,-3819,3808,-3818,3807,-3818,3807,-3816,3806,-3817,3802,-3818,3803,-3818,3803,-3819,3805,-3818,3804,-3817,3805,-3814,3805,-3815,3806,-3816,3808,-3813,3807,-3815,3806,-3814,3805,-0.37,SJNFAAZE1U0005576,117.74,14.40,9165.19140625,79,75,0,0,0,0,14.5,99.17,-173092,100,1528030762.245,6560,2,0,0,0,0,0,0,0,4,365.97,365.97,7F,1,1,1,0080,76,40,40,0,0,19,66.50
03/06/2018 13:59:25,55 59.40535,-2 30.55496,239,0,337,666933,1144818,365.66,40.923,3816,3802,3809,14,0,108.1,42.3,102.9,39.4,none,none,93.6,34.2,3808,-3814,3804,3812,3807,3812,3810,-3810,3807,-3811,3808,-3812,3807,3813,3807,-3813,3806,-3812,3806,-3812,3807,-3812,3806,-3813,3808,-3814,3806,-3813,3806,-3812,3809,3813,3809,-3811,3808,-3813,3808,-3811,3807,-3811,3808,3812,3810,-3813,3807,-3811,3808,-3809,3806,-3811,3806,-3813,3807,-3811,3807,-3811,3806,-3811,3807,3809,3803,-3813,3805,-3813,3805,-3815,3804,-3815,3807,3814,3805,-3812,3805,-3814,3802,-3814,3803,-3816,3804,-3815,3803,3816,3802,-3813,3804,-3813,3805,-3814,3806,-3814,3805,-3812,3805,-3811,3804,-3809,-0.40,SJNFAAZE1U0005576,117.74,14.40,9165.19140625,79,75,0,0,0,0,14.5,99.17,-173092,100,1528030765.795,12320,2,1,0,6,0,0,0,0,4,365.20,365.20,7F,1,1,1,0080,76,40,40,0,0,19,30.75
03/06/2018 13:59:29,55 59.40535,-2 30.55496,239,0,337,666698,1144818,366.14,4.943,3821,3807,3814,14,0,108.1,42.3,102.9,39.4,none,none,93.6,34.2,3814,-3820,3812,-3818,3813,3818,3815,3817,3813,-3817,3813,-3817,3812,-3819,3811,-3818,3812,3816,3811,-3817,3812,-3817,3812,-3818,3812,-3820,3811,-3819,3812,-3817,3813,-3817,3813,-3817,3813,3818,3814,-3818,3813,-3817,3814,-3817,3816,-3819,3813,3817,3813,-3814,3811,-3817,3812,-3819,3812,-3816,3814,-3816,3811,-3818,3813,-3816,3810,-3819,3811,3819,3811,-3820,3809,-3819,3812,-3818,3809,-3818,3809,-3819,3808,3819,3807,-3820,3808,-3821,3808,-3821,3807,-3818,3809,3817,3809,-3818,3812,-3819,3809,-3817,3811,-3817,3809,-3815,-0.29,SJNFAAZE1U0005576,117.74,14.40,9165.19140625,79,75,0,0,0,0,14.5,99.17,-173092,100,1528030769.408,5920,3,0,0,0,0,0,0,0,4,366.05,366.05,7F,1,1,1,0080,76,40,40,0,0,11,13.75
03/06/2018 13:59:33,55 59.40535,-2 30.55496,239,0,337,666633,1144818,366.34,2.807,3823,3809,3816,14,0,108.1,42.3,102.9,39.4,none,none,93.6,34.2,3816,-3822,3813,-3819,3814,3818,3816,-3818,3815,-3819,3814,3821,3814,-3821,3814,-3820,3813,-3818,3814,-3818,3814,3818,3813,-3819,3814,-3821,3812,-3819,3813,-3818,3814,-3820,3816,-3819,3815,-3819,3814,-3818,3814,3819,3815,-3819,3818,-3820,3816,-3819,3815,-3816,3813,3818,3814,-3821,3813,-3819,3815,-3818,3814,-3818,3815,-3817,3811,-3820,3811,-3821,3812,-3823,3811,-3820,3814,-3819,3812,-3820,3811,-3822,3810,-3822,3809,-3821,3810,3821,3811,-3821,3809,-3820,3810,-3818,3812,-3820,3813,3821,3811,-3818,3813,-3819,3811,-3817,-0.38,SJNFAAZE1U0005576,117.74,14.40,9165.19140625,79,75,0,0,0,0,14.5,99.17,-173092,100,1528030773.001,3280,2,0,0,0,0,0,0,0,4,366.26,366.26,7F,1,1,1,0080,76,40,40,0,0,11,-24.50
03/06/2018 13:59:36,55 59.40535,-2 30.55496,239,0,337,666612,1144818,365.95,25.786,3820,3802,3812,18,0,108.1,42.3,102.9,39.4,none,none,93.6,34.2,3810,-3819,3808,-3816,3810,3815,3813,-3814,3810,-3817,3809,-3817,3810,-3817,3808,3817,3809,-3815,3808,-3815,3809,-3815,3809,-3816,3809,3818,3808,-3816,3807,-3815,3811,-3816,3810,-3814,3810,-3816,3810,-3815,3810,-3815,3811,-3815,3813,3818,3810,-3815,3809,-3812,3807,-3816,3808,-3816,3808,-3814,3809,3814,3808,-3816,3809,-3814,3807,-3817,3806,-3819,3806,3819,3806,-3817,3807,-3817,3805,-3816,3807,-3819,3804,-3818,3804,-3818,3804,-3819,3804,-3820,3802,3817,3805,-3817,3805,-3816,3808,-3816,3805,-3814,3807,3816,3806,-3812,-0.33,SJNFAAZE1U0005576,117.74,14.40,9166.80078125,79,75,0,0,0,0,14.5,99.17,-173092,100,1528030776.577,4720,2,0,0,0,0,0,0,0,4,365.76,365.76,7F,1,1,1,0080,76,40,40,0,0,19,42.25
03/06/2018 13:59:39,55 59.40535,-2 30.55496,239,0,337,666574,1144818,366.34,-1.342,3823,3809,3816,14,0,107.9,42.1,102.9,39.4,none,none,93.6,34.2,3820,3815,3820,-3814,-3820,3814,-3819,-3814,-3819,3815,-3819,3814,-3819,3814,-3819,3813,-3819,3813,-3818,3813,-3819,3813,-3819,3815,3820,3813,-3820,3812,3818,-3814,3818,3815,3819,-3814,3818,-3816,3819,-3813,3818,-3813,3818,3813,3821,-3816,3819,-3815,3819,-3812,3817,-3812,3819,-3812,3819,-3814,3820,-3812,3819,-3812,3821,3811,3819,-3812,3822,-3811,3821,-3813,3821,-3813,3822,3812,3821,-3811,3820,-3809,3822,-3809,3821,-3809,3823,-3811,3821,-3809,3821,-3811,3820,-3812,3819,3811,3820,-3815,3818,-3811,3819,-3811,3818,-3810,-0.27,SJNFAAZE1U0005576,117.74,14.40,9166.80078125,79,75,0,0,0,0,14.5,99.17,-173092,100,1528030779.906,0,3,0,0,0,0,0,0,0,4,366.62,366.62,7F,1,1,1,0080,76,40,40,0,0,19,23.25
03/06/2018 13:59:43,55 59.40535,-2 30.55496,239,0,337,666550,1144818,366.62,-7.263,3827,3810,3819,17,0,107.9,42.1,102.9,39.4,none,none,93.6,34.2,-3822,3818,-3821,3816,-3824,3817,-3822,3816,-3823,3816,-3822,3817,-3823,3816,-3822,3815,-3822,3816,-3822,3816,-3823,3815,-3822,3819,-3823,3816,-3823,3815,-3821,3818,-3822,3819,-3822,3817,-3820,3818,-3821,3817,-3821,3816,-3823,3817,-3824,3819,-3822,3817,-3821,3816,-3820,3814,-3824,3816,-3824,3816,-3824,3815,-3823,3814,-3825,3814,-3824,3813,-3825,3814,-3826,3815,-3825,3814,-3825,3814,-3824,3815,-3823,3810,-3826,3811,-3825,3811,-3827,3811,-3826,3813,-3825,3811,-3823,3813,-3824,3814,-3823,3816,-3822,3814,-3823,3814,-3823,3814,-0.39,SJNFAAZE1U0005576,117.74,14.40,9166.80078125,79,75,0,0,0,0,14.5,99.17,-173092,100,1528030783.228,0,3,1,0,6,0,0,0,0,4,366.77,366.77,7F,1,1,1,0080,76,40,40,0,0,19,11.50
03/06/2018 13:59:46,55 59.40535,-2 30.55496,239,0,337,666519,1144818,366.53,9.063,3824,3810,3818,14,0,108.1,42.3,102.9,39.4,none,none,93.6,34.2,-3821,3818,-3821,3815,-3822,3817,-3821,3816,-3821,3817,-3820,3817,-3821,3816,-3821,3815,-3820,3815,-3819,3815,-3821,3816,-3821,3817,-3822,3816,-3823,3815,-3820,3816,-3820,3818,-3821,3817,-3821,3818,-3820,3816,-3820,3815,-3821,3816,-3823,3818,-3821,3817,-3820,3816,-3820,3814,-3822,3815,-3822,3815,-3822,3815,-3821,3814,-3823,3814,-3822,3813,-3823,3813,-3824,3815,-3823,3814,-3823,3814,-3822,3813,-3821,3812,-3824,3811,-3823,3810,-3824,3812,-3823,3813,-3823,3814,-3822,3812,-3821,3815,-3823,3816,-3820,3813,-3822,3813,-3821,3812,-0.38,SJNFAAZE1U0005576,117.74,14.40,9166.80078125,79,75,0,0,0,0,14.5,99.17,-173092,100,1528030786.758,2440,2,0,0,0,0,0,0,0,4,366.35,366.35,7F,1,1,1,0080,76,40,40,0,0,11,6.00
03/06/2018 13:59:50,55 59.40535,-2 30.55496,239,0,337,666503,1144818,366.53,1.678,3827,3810,3818,17,0,107.9,42.1,102.9,39.4,none,none,93.6,34.2,-3824,3818,-3822,3816,-3823,3818,-3822,3816,-3822,3817,-3821,3817,-3822,3816,-3822,3815,-3822,3816,-3820,3815,-3822,3815,-3823,3816,-3823,3816,-3823,3814,-3822,3817,-3822,3818,-3822,3816,-3821,3819,-3822,3817,-3822,3815,-3823,3818,-3824,3818,-3822,3817,-3822,3816,-3821,3814,-3823,3816,-3823,3815,-3823,3815,-3822,3814,-3825,3814,-3823,3813,-3824,3813,-3826,3815,-3824,3813,-3824,3814,-3824,3814,-3823,3810,-3825,3810,-3826,3810,-3827,3812,-3826,3812,-3825,3813,-3823,3813,-3823,3813,-3824,3816,-3821,3811,-3823,3813,-3822,3813,-0.31,SJNFAAZE1U0005576,117.74,14.40,9166.80078125,79,75,0,0,0,0,14.5,99.17,-173092,100,1528030790.601,0,2,0,0,0,0,0,0,0,4,366.64,366.64,7F,1,1,1,0080,76,40,40,0,0,19,0.00
03/06/2018 13:59:54,55 59.40535,-2 30.55496,239,0,337,666425,1144818,365.95,21.544,3820,3803,3812,17,0,107.9,42.1,102.9,39.4,none,none,93.6,34.2,-3816,3812,-3817,3810,-3817,3811,-3816,3810,-3816,3812,-3815,3811,-3817,3811,-3817,3810,-3817,3810,-3817,3809,-3817,3810,-3817,3811,-3817,3809,-3817,3809,-3815,3810,-3815,3812,-3815,3812,-3815,3813,-3815,3811,-3816,3810,-3817,3811,-3818,3812,-3817,3811,-3816,3809,-3814,3807,-3817,3809,-3816,3809,-3817,3810,-3818,3808,-3820,3808,-3817,3806,-3818,3806,-3820,3808,-3819,3808,-3818,3808,-3817,3808,-3818,3803,-3820,3805,-3819,3804,-3820,3805,-3819,3806,-3820,3806,-3816,3807,-3816,3807,-3817,3810,-3814,3807,-3816,3807,-3815,3808,-0.36,SJNFAAZE1U0005576,117.74,14.40,9166.80078125,79,75,0,0,0,0,14.5,99.17,-173092,100,1528030794.306,4400,2,0,0,0,0,0,0,0,4,365.99,365.99,7F,1,1,1,0080,76,40,40,0,0,19,10.75
03/06/2018 13:59:57,55 59.40535,-2 30.55496,239,0,337,666391,1144818,366.82,-0.976,3830,3813,3821,17,0,107.9,42.1,102.9,39.4,none,none,93.6,34.2,3820,-3828,3817,-3826,3820,3825,3822,-3823,3820,-3825,3818,-3826,3817,-3826,3816,-3826,3817,-3825,3817,-3824,3818,-3825,3818,3825,3818,-3828,3817,-3826,3819,-3825,3820,-3825,3820,3824,3818,-3825,3818,-3824,3818,-3824,3820,-3825,3822,-3825,3819,-3824,3819,-3822,-3818,3825,3817,3827,-3819,3825,-3820,3825,-3818,3825,-3820,3825,-3816,3827,-3816,3828,-3816,3830,-3815,3827,-3818,3827,-3816,3825,-3815,3829,-3813,3827,3813,-3828,3813,3828,3813,-3829,3813,-3826,3815,-3826,3816,-3826,3818,-3827,3814,3824,3817,-3825,3814,-3823,-0.38,SJNFAAZE1U0005576,117.74,14.40,9166.80078125,79,75,0,0,0,0,14.5,99.17,-173092,100,1528030797.686,0,2,1,0,5,0,0,0,0,4,366.66,366.66,7F,1,1,1,0080,76,40,40,0,0,19,-106.25
03/06/2018 14:00:00,55 59.40535,-2 30.55496,239,0,337,666371,1144818,365.09,47.393,3811,3794,3803,17,0,107.9,42.1,102.9,39.4,none,none,93.6,34.2,3801,-3811,3799,-3808,3802,3807,3805,-3807,3802,3809,3802,-3808,3800,-3809,3800,-3809,3800,-3808,3800,-3807,3801,3809,3801,-3808,3802,-3810,3800,-3809,3800,-3808,3802,-3808,3803,-3808,3802,-3808,3801,-3807,3801,3806,3802,-3807,3805,-3808,3802,-3807,3801,-3804,3798,3805,3798,-3808,3799,-3806,3800,-3805,3800,-3807,3801,-3806,3797,-3809,3798,-3810,3798,-3811,3799,3810,3800,-3810,3798,-3808,3799,-3809,3794,-3809,3795,3810,3796,-3811,3796,-3811,3794,-3809,3796,-3808,3797,-3808,3799,-3809,3796,-3807,3798,-3807,3796,3804,-0.51,SJNFAAZE1U0005576,117.74,14.40,9166.80078125,79,75,0,0,0,0,14.5,99.17,-173092,100,1528030800.909,12520,3,0,0,6,0,0,0,0,4,365.32,365.32,7F,1,1,1,0080,75,40,40,0,0,19,67.50
03/06/2018 14:00:04,55 59.40535,-2 30.55496,239,0,337,666059,1144818,364.99,35.369,3810,3792,3802,18,0,107.9,42.1,102.9,39.4,none,none,93.6,34.2,3798,-3809,3797,-3807,3800,3806,3803,-3805,3799,-3807,3799,-3807,3799,-3808,3799,3808,3799,-3807,3800,-3806,3800,-3807,3799,-3807,3800,3809,3798,-3808,3799,-3806,3801,-3807,3802,-3806,3800,-3808,3800,-3806,3799,-3805,3801,-3806,3803,3808,3800,-3806,3799,-3803,3796,-3804,3796,-3806,3798,3804,3799,-3806,3800,-3807,3799,-3805,3796,-3806,3796,-3808,3797,-3809,3797,-3809,3798,-3806,3796,3807,3796,-3808,3793,-3809,3792,-3809,3795,-3808,3794,3810,3792,-3808,3795,-3807,3796,-3806,3796,-3806,3796,-3805,3796,3806,3794,-3802,-0.39,SJNFAAZE1U0005576,117.74,14.40,9166.80078125,79,75,0,0,0,0,14.5,99.17,-173092,100,1528030804.183,10920,2,0,0,0,0,0,0,0,4,365.22,365.22,7F,1,1,1,0080,75,40,40,0,0,19,48.25
03/06/2018 14:00:07,55 59.40535,-2 30.55496,239,0,337,665858,1144818,365.38,24.657,3813,3798,3806,15,0,107.9,42.1,102.9,39.4,none,none,93.6,34.2,3806,3813,3803,-3811,3806,3810,3807,-3808,3805,-3810,3805,-3810,3805,-3811,3803,-3811,3804,-3811,3803,3809,3803,-3809,3804,-3811,3804,-3812,3803,-3811,3804,3809,3806,-3810,3805,-3809,3805,-3809,3805,-3810,3804,-3809,3806,-3809,3808,-3810,3805,-3808,3804,3807,3802,-3809,3802,-3810,3803,-3808,3805,-3809,3804,-3810,3803,-3809,3802,-3811,3802,-3811,3802,-3812,3801,-3811,3804,3810,3802,-3810,3804,-3812,3799,-3811,3800,-3812,3801,-3812,3801,-3812,3798,-3810,3802,-3810,3802,3811,3803,-3810,3801,-3808,3802,-3809,3801,-3807,-0.37,SJNFAAZE1U0005576,117.74,14.40,9166.80078125,79,75,0,0,0,0,14.5,99.17,-173092,100,1528030807.470,6080,2,0,0,0,0,0,0,0,4,365.48,365.48,7F,1,1,1,0080,75,40,40,0,0,19,0.75
03/06/2018 14:00:11,55 59.40535,-2 30.55496,239,0,337,665843,1144818,366.72,-18.676,3829,3811,3820,18,0,107.9,42.1,102.9,39.4,none,none,93.6,34.2,3819,-3828,3816,-3825,3819,3824,3821,-3823,3819,-3825,3818,-3825,3818,-3826,3816,-3826,3816,-3824,3816,-3824,3817,-3824,3816,3825,3818,-3826,3816,-3826,3816,-3825,3818,-3824,3819,3824,3818,-3825,3818,-3823,3816,-3823,3819,-3824,3821,-3826,3818,3823,3818,-3820,3817,-3824,3817,-3826,3818,-3824,3821,-3823,3819,-3825,3819,-3824,3814,-3825,3815,3827,3815,-3829,3815,-3826,3816,-3825,3816,-3825,3813,3827,3811,-3827,3813,-3826,3813,-3827,3814,-3828,3811,-3825,3815,-3824,3814,-3825,3818,-3826,3815,3823,3816,-3826,3814,-3822,-0.36,SJNFAAZE1U0005576,117.74,14.40,9166.80078125,79,75,0,0,0,0,14.5,99.17,-173092,100,1528030811.018,0,2,0,0,0,0,0,0,0,4,366.83,366.83,7F,1,1,1,0080,75,40,40,0,0,19,15.75
03/06/2018 14:00:14,55 59.40535,-2 30.55496,239,0,337,665703,1144818,365.18,33.507,3811,3796,3804,15,0,108.1,42.3,102.9,39.4,none,none,93.6,34.2,-3806,3804,-3807,3802,-3809,3804,-3807,3803,-3808,3804,-3808,3803,-3809,3804,-3808,3803,3808,3802,-3808,3802,3808,3803,3807,-3804,3809,-3802,3808,-3802,3807,-3805,3808,-3805,3808,-3805,3807,-3805,3807,-3802,3807,3803,3808,-3803,3810,-3806,3807,-3804,3807,-3802,3804,3799,3808,-3801,-3806,3801,-3808,-3801,-3808,3800,-3809,3799,-3807,3800,-3809,3800,-3810,3801,-3808,3801,-3809,3800,-3807,3801,-3809,3796,-3809,3797,-3808,3798,-3811,3800,-3810,3799,-3807,3800,-3807,3800,-3807,3800,-3807,3803,-3805,3799,-3806,3800,-3806,3799,-0.36,SJNFAAZE1U0005576,117.74,14.40,9166.80078125,79,75,0,0,0,0,14.5,99.17,-173092,100,1528030814.562,9320,2,1,0,5,0,0,0,0,4,365.26,365.26,7F,1,1,1,0080,75,40,40,0,0,11,37.00
03/06/2018 14:00:18,55 59.40535,-2 30.55496,239,0,337,665464,1144818,365.57,33.324,3816,3799,3808,17,0,107.9,42.1,102.9,39.4,none,none,93.6,34.2,-3812,3807,-3811,3805,-3813,3807,-3811,3806,-3812,3807,-3811,3807,-3811,3806,-3811,3806,-3812,3807,-3812,3805,-3812,3806,-3812,3808,-3813,3806,-3813,3805,-3811,3808,-3810,3808,-3812,3807,-3810,3810,-3811,3806,-3810,3805,-3813,3806,-3813,3808,-3811,3807,-3811,3805,-3810,3803,-3812,3804,-3812,3806,-3813,3804,-3813,3804,-3814,3804,-3811,3802,-3814,3803,-3814,3805,-3814,3803,-3816,3803,-3814,3805,-3815,3799,-3815,3799,-3815,3801,-3816,3801,-3816,3801,-3814,3801,-3812,3801,-3813,3803,-3813,3805,-3810,3802,-3813,3803,-3811,3802,-0.36,SJNFAAZE1U0005576,117.74,14.40,9166.80078125,79,75,0,0,0,0,14.5,99.17,-173092,100,1528030818.014,9680,2,0,0,0,0,0,0,0,4,365.06,365.06,7F,1,1,1,0080,75,40,40,0,0,19,28.25
03/06/2018 14:00:21,55 59.40535,-2 30.55496,239,0,337,665336,1144818,365.86,23.589,3818,3802,3811,16,0,107.9,42.1,102.7,39.2,none,none,93.6,34.2,-3814,3810,-3813,3808,-3816,3810,-3814,3809,-3814,3809,-3813,3809,-3815,3808,-3815,3808,-3814,3808,-3814,3808,-3815,3808,-3814,3810,-3816,3809,-3815,3808,-3814,3809,-3814,3811,-3813,3810,-3813,3811,-3814,3811,-3813,3809,-3815,3810,-3816,3811,-3814,3808,-3814,3807,-3812,3807,-3815,3808,-3815,3807,-3815,3807,-3815,3807,-3817,3806,-3816,3804,-3817,3806,-3817,3807,-3816,3806,-3816,3806,-3815,3806,-3816,3803,-3817,3803,-3817,3802,-3818,3804,-3818,3804,-3817,3804,-3815,3805,-3815,3805,-3816,3809,-3813,3806,-3815,3806,-3815,3805,-0.37,SJNFAAZE1U0005576,117.74,14.40,9166.80078125,79,75,0,0,0,0,14.5,99.17,-173092,100,1528030821.386,6360,2,0,0,0,0,0,0,0,4,365.37,365.37,7F,1,1,1,0080,75,40,40,0,0,19,-25.50
03/06/2018 14:00:24,55 59.40535,-2 30.55496,239,0,337,665299,1144818,364.99,35.918,3812,3794,3802,18,0,107.9,42.1,102.7,39.2,none,none,93.6,34.2,-3806,3801,-3805,3799,-3808,3801,-3806,3800,-3806,3802,-3805,3802,-3807,3800,-3807,3800,-3806,3800,-3806,3800,-3807,3800,-3807,3801,-3807,3800,-3808,3799,-3806,3802,-3806,3803,-3806,3801,-3805,3802,-3805,3801,-3805,3800,-3807,3801,-3808,3803,-3805,3800,-3805,3799,-3804,3797,-3806,3798,-3805,3798,-3807,3798,-3806,3798,-3808,3797,-3805,3797,-3809,3795,-3809,3799,-3808,3799,-3809,3798,-3809,3799,-3809,3794,-3809,3795,-3808,3795,-3812,3795,-3810,3796,-3808,3797,-3807,3797,-3808,3797,-3807,3800,-3806,3797,-3808,3797,-3805,3797,-0.42,SJNFAAZE1U0005576,117.74,14.40,9166.80078125,79,75,0,0,0,0,14.5,99.17,-173092,100,1528030824.917,16440,3,0,0,0,0,0,0,0,4,365.15,365.15,7F,1,1,1,0080,75,40,40,0,0,19,24.75
03/06/2018 14:00:28,55 59.40535,-2 30.55496,239,0,336,665095,1144818,365.09,18.401,3812,3795,3803,17,0,107.9,42.1,102.7,39.2,none,none,93.6,34.2,-3807,3802,-3807,3800,-3808,3800,-3807,3800,-3807,3801,-3807,3801,-3808,3800,-3809,3801,-3807,3801,-3807,3800,-3806,3799,-3807,3802,-3808,3801,-3808,3800,-3806,3802,-3807,3803,-3807,3801,-3806,3803,-3807,3801,-3806,3800,-3808,3800,-3809,3804,-3806,3801,-3807,3799,-3804,3797,-3807,3800,-3806,3800,-3808,3798,-3807,3798,-3809,3797,-3807,3796,-3809,3797,-3810,3799,-3808,3798,-3810,3798,-3808,3799,-3809,3795,-3811,3795,-3810,3795,-3812,3796,-3810,3796,-3809,3797,-3808,3797,-3808,3798,-3807,3799,-3806,3797,-3807,3797,-3806,3797,-0.35,SJNFAAZE1U0005576,117.74,14.40,9166.80078125,79,75,0,0,0,0,14.5,99.17,-173092,100,1528030828.483,5680,2,0,0,0,0,0,0,0,4,365.45,365.45,7F,1,1,1,0080,75,40,40,0,0,19,43.75
03/06/2018 14:00:31,55 59.40535,-2 30.55496,239,0,336,664905,1144818,365.86,-3.448,3819,3802,3811,17,0,107.9,42.1,102.9,39.4,none,none,93.6,34.2,3810,-3818,3807,3815,3809,3814,3812,-3813,3809,-3815,3808,-3815,3809,3817,3808,-3816,-3809,-3815,3808,-3815,-3808,3814,-3808,3815,-3808,3817,-3807,3815,3809,-3814,3810,3814,3809,-3814,3810,-3815,3810,-3814,3809,-3813,3810,-3813,3812,3815,3809,-3814,3809,-3811,3808,-3814,3807,-3815,3807,3814,3809,-3814,3807,-3814,3808,-3814,3805,-3816,3805,-3816,3807,-3819,3806,-3817,3806,-3816,3806,3815,3805,-3817,3802,-3817,3802,-3817,3803,-3818,3804,3819,3802,-3817,3804,-3816,3806,-3814,3807,-3816,3806,-3814,3806,-3815,3804,-3811,-0.37,SJNFAAZE1U0005576,117.74,14.40,9166.80078125,79,75,0,0,0,0,14.5,99.17,-173092,100,1528030831.825,0,2,1,0,5,0,0,0,0,4,366.02,366.02,7F,1,1,1,0080,75,40,40,0,0,19,-0.50
03/06/2018 14:00:35,55 59.40535,-2 30.55496,239,0,336,664890,1144818,366.05,1.708,3820,3805,3813,15,0,107.9,42.1,102.9,39.4,none,none,93.6,34.2,3811,3820,3810,-3817,3811,3816,3813,-3815,3811,-3816,3811,-3816,3810,-3818,3809,-3818,3809,-3816,3810,3816,3809,-3816,3810,-3817,3811,-3819,3809,-3818,3811,3816,3812,-3817,3812,-3817,3811,-3816,3811,-3816,3810,-3816,3811,-3816,3814,-3818,3812,-3816,3812,3813,3808,-3816,3810,-3817,3809,-3816,3812,-3815,3809,3817,3812,-3815,3807,-3818,3808,-3819,3808,-3820,3808,-3819,3808,-3819,3807,-3818,3808,-3819,3805,3819,3805,-3820,3805,-3819,3805,-3820,3805,-3819,3807,3818,3807,-3816,3810,-3819,3807,-3816,3808,-3817,3807,-3813,-0.32,SJNFAAZE1U0005576,117.74,14.40,9166.80078125,79,75,0,0,0,0,14.5,99.17,-173092,100,1528030835.079,240,2,0,0,0,0,0,0,0,4,366.06,366.06,7F,1,1,1,0080,75,40,40,0,0,19,-0.50
03/06/2018 14:00:38,55 59.40535,-2 30.55496,239,0,336,664875,1144818,366.14,1.861,3821,3806,3814,15,0,107.9,42.1,102.7,39.2,none,none,93.6,34.2,3813,-3819,3811,-3818,3813,3817,3814,-3816,3813,-3817,3812,-3817,3812,-3819,3812,-3818,3811,-3817,3812,-3816,3813,-3817,3812,3818,3812,-3819,3811,-3817,3811,-3816,3813,-3816,3813,3816,3813,-3817,3812,-3817,3812,-3816,3814,-3817,3815,-3818,3813,-3817,3812,-3813,3811,-3816,3811,3819,3812,-3817,3813,-3815,3812,-3817,3813,-3816,3809,-3817,3810,3819,3811,-3821,3810,-3818,3811,-3819,3810,-3818,3809,3819,3806,-3819,3806,-3819,3807,-3820,3808,-3820,3808,-3817,3809,-3817,3810,-3817,3811,-3818,3809,3816,3809,-3817,3808,-3814,-0.39,SJNFAAZE1U0005576,117.74,14.40,9166.80078125,79,75,0,0,0,0,14.5,99.17,-173092,100,1528030838.326,240,3,0,0,0,0,0,0,0,4,366.14,366.14,7F,1,1,1,0080,75,40,40,0,0,19,0.00
03/06/2018 14:00:41,55 59.40535,-2 30.55496,239,0,336,664859,1144818,366.14,1.861,3822,3806,3814,16,0,107.9,42.1,102.9,39.4,none,none,93.6,34.2,3813,-3821,3811,-3818,3814,3817,3815,-3817,3813,3818,3812,-3819,3812,-3820,3810,-3818,3811,-3819,3811,-3817,3812,-3817,3811,-3819,3812,-3820,3812,3819,3811,-3818,3813,-3818,3813,-3817,3812,-3818,3813,-3817,3812,3818,3814,-3817,3816,-3820,3813,-3817,3814,-3814,3811,3817,3811,-3819,3811,-3817,3813,-3818,3811,-3818,3812,-3818,3809,-3820,3809,-3821,3811,-3822,3809,3819,3811,-3820,3810,-3819,3809,-3821,3806,-3821,3806,3820,3808,-3822,3807,-3822,3806,-3819,3808,-3818,3808,-3819,3811,-3820,3809,-3817,3810,-3819,3808,3815,-0.35,SJNFAAZE1U0005576,117.74,14.40,9166.80078125,79,75,0,0,0,0,14.5,99.17,-173092,100,1528030841.577,0,3,0,0,0,0,0,0,0,4,366.19,366.19,7F,1,1,1,0080,75,40,40,0,0,19,-1.25
03/06/2018 14:00:45,55 59.40535,-2 30.55496,239,0,336,664794,1144818,365.95,16.997,3820,3803,3812,17,0,107.9,42.1,102.7,39.2,none,none,93.6,34.2,3810,-3819,3808,3817,3812,3816,3813,-3814,3811,-3816,3809,-3816,3810,-3817,3809,3817,3809,-3816,3808,-3815,3809,-3816,3809,-3817,3810,3818,3808,-3817,3810,-3815,3812,-3816,3812,-3815,3811,-3816,3811,-3815,3810,-3814,3811,-3816,3813,3817,3812,-3816,3811,-3813,3807,-3815,3809,-3818,3808,3815,3810,-3815,3808,-3816,3811,-3815,3806,-3818,3806,-3819,3808,-3820,3807,-3818,3809,-3817,3807,3817,3808,-3818,3805,-3819,3803,-3819,3805,-3819,3805,3820,3803,-3817,3806,-3818,3806,-3817,3808,-3818,3806,-3816,3807,-3816,3806,-3812,-0.44,SJNFAAZE1U0005576,117.74,14.40,9166.80078125,79,75,0,0,0,0,14.5,99.17,-173092,100,1528030845.024,5360,3,0,0,0,0,0,0,0,4,365.68,365.68,7F,1,1,1,0080,75,40,40,0,0,19,-41.50
03/06/2018 14:00:48,55 59.40535,-2 30.55496,239,0,336,664783,1144818,366.34,-0.823,3824,3807,3816,17,0,107.9,42.1,102.9,39.4,none,none,93.4,34.1,3819,3814,3820,-3813,-3821,3814,-3818,-3813,-3819,3814,-3819,3814,-3819,3813,-3820,3813,-3819,3812,-3818,3812,-3819,3812,-3819,3814,-3821,3813,-3821,3812,-3819,3814,-3819,3815,-3819,3814,-3818,3815,-3818,3813,-3819,3813,-3820,3813,-3822,3815,-3819,3814,-3820,3813,-3818,3810,-3821,3813,-3819,3813,-3821,3812,-3820,3811,-3822,3810,-3820,3810,-3822,3810,-3823,3813,-3821,3811,-3822,3811,-3820,3811,3821,-3807,3823,3808,3822,-3807,3824,-3808,3823,-3809,3822,-3810,3819,-3810,3821,3810,3820,-3814,3819,-3810,3820,-3810,3818,-3810,-0.35,SJNFAAZE1U0005576,117.74,14.40,9166.80078125,79,75,0,0,0,0,14.5,99.17,-173092,100,1528030848.314,320,3,0,0,0,0,0,0,0,4,366.29,366.29,7F,1,1,1,0080,75,40,40,0,0,19,-18.25
03/06/2018 14:00:51,55 59.40535,-2 30.55496,239,0,336,664749,1144818,365.86,12.756,3819,3802,3811,17,0,107.9,42.1,102.7,39.2,none,none,93.4,34.1,-3815,3811,-3815,3808,-3816,3810,-3814,3808,-3814,3809,-3814,3811,-3815,3809,-3816,3808,-3815,3808,-3814,3808,-3814,3809,-3814,3809,-3816,3807,-3815,3808,-3814,3810,-3814,3811,-3815,3810,-3813,3811,-3814,3809,-3814,3808,-3815,3810,-3816,3811,-3814,3810,-3815,3808,-3813,3806,-3815,3808,-3815,3809,-3816,3808,-3816,3807,-3818,3807,-3815,3805,-3817,3806,-3817,3808,-3816,3806,-3818,3806,-3816,3807,-3817,3802,-3817,3803,-3818,3803,-3819,3804,-3818,3805,-3817,3805,-3815,3805,-3816,3806,-3816,3808,-3813,3805,-3815,3806,-3813,3805,-0.36,SJNFAAZE1U0005576,117.74,14.40,9166.80078125,79,75,0,0,0,0,14.5,99.17,-173092,100,1528030851.742,2560,2,2,0,10,0,0,0,0,4,365.94,365.94,7F,1,1,1,0080,75,40,40,0,0,19,-2.25
03/06/2018 14:00:55,55 59.40535,-2 30.55496,239,0,336,664699,1144818,366.34,3.112,3823,3807,3816,16,0,107.9,42.1,102.9,39.4,none,none,93.6,34.2,-3820,3814,-3819,3813,-3821,3814,-3819,3813,-3818,3813,-3818,3815,-3820,3812,-3820,3812,-3819,3813,-3819,3812,-3819,3812,-3819,3815,-3821,3813,-3821,3812,-3819,3814,-3819,3815,-3818,3814,-3818,3816,-3819,3813,-3819,3813,-3820,3814,-3821,3816,-3820,3814,-3819,3813,-3818,3812,-3821,3813,-3820,3814,-3821,3812,-3821,3812,-3823,3811,-3821,3810,-3823,3811,-3823,3813,-3822,3812,-3822,3811,-3821,3812,-3822,3807,-3822,3808,-3823,3807,-3823,3808,-3822,3809,-3821,3810,-3819,3809,-3821,3811,-3821,3814,-3819,3811,-3821,3811,-3819,3810,-0.37,SJNFAAZE1U0005576,117.74,14.40,9166.80078125,79,75,0,0,0,0,14.5,99.17,-173092,100,1528030855.153,2160,2,2,0,11,0,0,0,0,4,366.20,366.20,7F,1,1,1,0080,75,40,40,0,0,19,-3.75
03/06/2018 14:00:58,55 59.40535,-2 30.55496,239,0,336,664690,1144818,366.24,2.776,3824,3807,3815,17,0,107.9,42.1,102.7,39.2,none,none,93.6,34.2,-3819,3814,-3818,3812,-3820,3814,-3818,3813,-3818,3813,-3818,3814,-3819,3813,-3819,3812,-3819,3812,-3817,3812,-3819,3812,-3818,3813,-3820,3812,-3820,3810,-3818,3814,-3819,3814,-3818,3812,-3818,3815,-3818,3813,-3819,3812,-3820,3814,-3821,3815,-3818,3813,-3819,3812,-3818,3810,-3819,3812,-3819,3812,-3821,3812,-3819,3810,-3822,3810,-3819,3810,-3821,3810,-3823,3811,-3821,3811,-3822,3811,-3821,3811,-3820,3807,-3822,3807,-3822,3807,-3824,3808,-3823,3808,-3822,3807,-3819,3809,-3820,3809,-3820,3812,-3818,3810,-3820,3809,-3818,3809,-0.37,SJNFAAZE1U0005576,117.74,14.40,9166.80078125,79,75,0,0,0,0,14.5,99.17,-173092,100,1528030858.501,0,2,2,0,10,0,0,0,0,4,366.28,366.28,7F,1,1,1,0080,75,40,40,0,0,19,18.50
03/06/2018 14:01:02,55 59.40535,-2 30.55496,239,0,336,664663,1144818,366.24,2.715,3822,3808,3815,14,0,107.9,42.1,102.7,39.2,none,none,93.6,34.2,-3819,3815,-3817,3813,-3819,3815,-3818,3814,-3818,3814,-3817,3815,-3819,3813,-3818,3813,-3818,3813,-3817,3811,-3818,3812,-3817,3814,-3819,3813,-3819,3812,-3818,3814,-3818,3815,-3818,3814,-3817,3816,-3818,3814,-3818,3813,-3819,3815,-3820,3816,-3818,3814,-3818,3812,-3817,3811,-3820,3814,-3818,3813,-3820,3812,-3820,3811,-3822,3811,-3819,3809,-3821,3811,-3822,3813,-3820,3812,-3820,3811,-3820,3812,-3820,3808,-3822,3809,-3822,3809,-3822,3809,-3821,3811,-3820,3811,-3819,3810,-3819,3812,-3820,3813,-3817,3811,-3820,3811,-3818,3809,-0.37,SJNFAAZE1U0005576,117.74,14.40,9166.80078125,79,75,0,0,0,0,14.5,99.17,-173092,100,1528030862.122,0,2,2,0,9,0,0,0,0,4,366.31,366.31,7F,1,1,1,0080,75,40,40,0,0,19,0.00
03/06/2018 14:01:05,55 59.40535,-2 30.55496,239,0,336,664641,1144818,366.34,2.349,3822,3809,3816,13,0,107.9,42.1,102.7,39.2,none,none,93.6,34.2,3815,-3821,3813,-3819,3815,3818,3816,-3817,3813,-3819,3814,-3819,3813,-3820,3814,-3820,3813,-3819,3813,-3818,3814,-3818,3813,3820,3814,-3821,3812,-3820,3813,-3819,3816,-3819,3815,3818,3814,-3819,3815,-3819,3814,-3818,3815,-3818,3816,-3820,3815,-3819,3815,-3816,3813,-3818,3814,3820,3813,-3818,3815,-3817,3814,-3819,3815,-3819,3811,3821,3812,-3821,3813,-3822,3812,-3821,-3813,-3819,3811,-3819,-3810,3821,-3809,3821,3809,-3821,3810,3822,3810,-3821,3809,-3820,3811,-3820,3811,-3820,3813,-3820,3811,3818,3812,-3819,3811,-3816,-0.36,SJNFAAZE1U0005576,117.74,14.40,9166.80078125,79,75,0,0,0,0,14.5,99.17,-173092,100,1528030865.685,0,2,1,0,8,0,0,0,0,4,366.34,366.34,7F,1,1,1,0080,75,40,40,0,0,11,37.00
03/06/2018 14:01:09,55 59.40535,-2 30.55496,239,0,336,664605,1144818,366.05,6.988,3821,3803,3813,18,0,107.9,42.1,102.9,39.4,none,none,93.6,34.2,3812,-3821,3809,-3817,3812,3815,3813,-3815,3810,3818,3811,-3817,3810,-3819,3810,-3818,3809,-3817,3809,-3816,3810,-3816,3810,-3817,3810,-3819,3809,3818,3809,-3817,3812,-3818,3812,-3816,3811,-3817,3811,3816,3810,-3817,3811,-3816,3813,-3818,3811,-3815,3811,-3813,3810,-3817,3810,-3819,3810,-3816,3812,3815,3811,-3816,3811,-3816,3807,-3818,3807,-3819,3809,-3820,3808,3820,3809,-3818,3808,-3818,3808,-3821,3804,-3819,3803,3820,3807,-3820,3806,-3821,3806,-3819,3807,-3817,3807,-3818,3809,-3819,3807,-3817,3808,-3817,3806,3814,-0.40,SJNFAAZE1U0005576,117.74,14.40,9166.80078125,79,75,0,0,0,0,14.5,99.17,-173092,100,1528030869.269,720,2,1,0,6,0,0,0,0,4,366.21,366.21,7F,1,1,1,0080,75,40,40,0,0,19,87.25
03/06/2018 14:01:13,55 59.40535,-2 30.55496,239,0,336,664466,1144818,365.66,18.249,3817,3801,3809,16,0,107.9,42.1,102.9,39.4,none,none,93.4,34.1,3808,-3816,3805,3814,3808,3812,3810,-3812,3807,-3814,3806,-3813,3807,3815,3806,-3815,3807,-3813,3806,-3814,3807,-3813,3807,-3814,3807,-3816,3805,-3814,3805,-3812,3809,3813,3808,-3812,3807,-3813,3808,-3813,3807,-3813,3809,3813,3810,-3815,3808,-3813,3807,-3810,3804,-3812,3805,-3814,3806,3812,3807,-3812,3806,-3813,3807,-3813,3804,-3815,3803,-3816,3804,-3816,3805,-3815,3805,-3815,3803,3813,3804,-3817,3801,-3817,3801,-3816,3802,-3816,3801,3817,3801,-3815,3803,-3813,3803,-3814,3806,-3813,3802,-3814,3803,-3812,3802,-3810,-0.36,SJNFAAZE1U0005576,117.74,14.40,9166.80078125,79,75,0,0,0,0,14.5,99.17,-173092,100,1528030873.003,4920,2,1,0,6,0,0,0,0,4,365.75,365.75,7F,1,1,1,0080,75,40,40,0,0,19,48.75
03/06/2018 14:01:16,55 59.40535,-2 30.55496,239,0,336,664380,1144818,365.86,8.239,3818,3804,3811,14,0,107.9,42.1,102.7,39.2,none,none,93.4,34.1,3811,-3818,3807,-3816,3812,3814,3812,3814,3809,-3814,3809,-3814,3809,-3817,3808,-3816,3808,3815,3808,-3814,3809,-3814,3809,-3815,3809,-3815,3808,-3816,3808,-3814,3810,-3815,3810,-3814,3809,3815,3810,-3815,3809,-3814,3811,-3816,3812,-3816,3810,-3814,3809,3811,3808,-3814,3808,-3816,3810,-3813,3811,-3813,3810,3815,3810,-3814,3806,-3816,3807,-3816,3807,-3818,3807,-3817,3809,-3816,3807,-3816,3808,-3816,3804,3817,3805,-3816,3805,-3817,3806,-3817,3805,-3816,3805,3815,3806,-3815,3809,-3816,3806,-3814,3807,-3814,3805,-3811,-0.35,SJNFAAZE1U0005576,117.74,14.40,9166.80078125,79,75,0,0,0,0,14.5,99.17,-173092,100,1528030876.647,1280,2,1,0,5,0,0,0,0,4,366.04,366.04,7F,1,1,1,0080,74,40,40,0,0,11,46.50
03/06/2018 14:01:20,55 59.40535,-2 30.55496,239,0,336,664313,1144818,366.24,9.246,3823,3807,3815,16,0,107.9,42.1,102.7,39.2,none,none,93.4,34.1,3814,-3822,3812,-3820,3813,3818,3815,-3817,3813,-3819,3813,3819,3813,-3820,3812,-3820,3810,-3820,3812,-3818,3812,3819,3813,-3819,3813,-3821,3811,-3821,3811,-3819,3814,-3819,3814,3818,3813,-3819,3814,-3819,3812,-3818,3814,-3819,3816,-3821,3813,-3818,3813,-3816,3812,-3818,3812,3821,3812,-3820,3813,-3817,3813,-3820,3813,-3819,3810,3821,3811,-3822,3810,-3823,3809,-3822,3813,-3821,3811,-3819,3809,-3822,3808,-3822,3807,-3822,3807,3822,3808,-3822,3807,-3820,3810,-3820,3810,-3819,3812,3821,3809,-3819,3810,-3820,3809,-3816,-0.38,SJNFAAZE1U0005576,117.74,14.40,9166.80078125,79,75,0,0,0,0,14.5,99.17,-173092,100,1528030880.240,2440,2,1,0,5,0,0,0,0,4,366.03,366.03,7F,1,1,1,0080,74,40,40,0,0,11,-36.50
03/06/2018 14:01:23,55 59.40535,-2 30.55496,239,0,336,664298,1144818,366.05,11.870,3820,3805,3813,15,0,107.6,42.0,102.7,39.2,none,none,93.4,34.1,-3817,3813,-3816,3810,-3818,3812,-3816,3811,-3817,3810,-3816,3812,-3817,3810,-3817,3811,-3816,3810,-3815,3811,-3817,3809,-3816,3812,-3817,3810,-3817,3809,-3816,3813,-3816,3812,-3816,3811,-3814,3814,-3816,3811,-3815,3810,-3816,3811,-3819,3813,-3816,3812,-3817,3809,-3815,3809,-3817,3810,-3816,3810,-3817,3810,-3817,3809,-3818,3808,-3817,3807,-3819,3807,-3820,3810,-3818,3809,-3819,3808,-3818,3809,-3819,3805,-3820,3805,-3819,3805,-3820,3806,-3820,3807,-3819,3806,-3819,3807,-3817,3806,-3817,3810,-3816,3807,-3818,3809,-3816,3807,-0.41,SJNFAAZE1U0005576,117.74,14.40,9166.80078125,79,75,0,0,0,0,14.5,99.17,-173092,100,1528030883.754,2520,2,1,0,5,0,0,0,0,4,365.98,365.98,7F,1,1,1,0080,74,40,40,0,0,19,4.75
03/06/2018 14:01:27,55 59.40535,-2 30.55496,239,0,336,664172,1144818,365.09,33.446,3811,3795,3803,16,0,107.9,42.1,102.7,39.2,none,none,93.4,34.1,-3806,3803,-3807,3800,-3808,3801,-3807,3801,-3807,3802,-3807,3803,-3806,3801,-3808,3800,-3807,3801,-3807,3801,-3807,3800,-3808,3802,-3807,3800,-3809,3801,-3807,3801,-3807,3803,-3806,3802,-3806,3804,-3807,3801,-3807,3800,-3806,3801,-3809,3803,-3807,3802,-3807,3800,-3803,3798,-3806,3798,-3805,3799,-3807,3799,-3807,3798,-3810,3797,-3806,3796,-3809,3797,-3810,3800,-3809,3799,-3810,3798,-3808,3799,-3809,3795,-3810,3795,-3810,3795,-3811,3796,-3810,3796,-3809,3796,-3806,3797,-3807,3799,-3807,3801,-3805,3797,-3808,3797,-3806,3797,-0.39,SJNFAAZE1U0005576,117.74,14.40,9166.80078125,79,75,0,0,0,0,14.5,99.17,-173092,100,1528030887.390,7360,3,1,0,5,0,0,0,0,4,365.32,365.32,7F,1,1,1,0080,74,40,40,0,0,19,92.50
03/06/2018 14:01:30,55 59.40535,-2 30.55496,239,0,336,663933,1144818,366.24,-8.391,3824,3807,3815,17,0,107.9,42.1,102.7,39.2,none,none,93.4,34.1,-3821,3814,-3819,3812,-3821,3814,-3819,3813,-3819,3813,-3819,3814,-3820,3813,-3820,3812,-3819,3811,-3818,3812,-3819,3812,-3819,3814,-3820,3812,-3820,3811,-3818,3813,-3819,3815,-3819,3814,-3819,3815,-3819,3813,-3818,3813,-3820,3814,-3821,3814,-3819,3813,-3819,3812,-3819,3811,-3820,3812,-3820,3813,-3820,3812,-3820,3811,-3823,3810,-3820,3809,-3822,3810,-3823,3812,-3821,3811,-3822,3811,-3821,3810,-3819,3807,-3823,3807,-3822,3807,-3824,3808,-3822,3808,-3822,3811,-3820,3810,-3820,3810,-3821,3813,-3818,3810,-3820,3811,-3819,3810,-0.39,SJNFAAZE1U0005576,117.74,14.32,9166.80078125,79,75,0,0,0,0,14.5,99.17,-173092,100,1528030890.798,880,2,1,0,5,0,0,0,0,4,366.20,366.20,7F,1,1,1,0080,74,40,40,0,0,19,-17.00
03/06/2018 14:01:34,55 59.40535,-2 30.55496,239,0,336,663848,1144818,365.66,24.963,3816,3801,3809,15,0,107.9,42.1,102.7,39.2,none,none,93.4,34.1,-3812,3809,-3811,3807,-3813,3809,-3811,3807,-3812,3808,-3812,3809,-3812,3808,-3811,3807,-3811,3807,-3812,3807,-3812,3807,-3813,3808,-3812,3808,-3813,3807,-3812,3808,-3812,3809,-3812,3808,-3812,3810,-3812,3807,-3812,3807,-3812,3808,-3814,3810,-3812,3807,-3812,3808,-3811,3805,-3812,3807,-3813,3806,-3813,3806,-3812,3806,-3815,3805,-3813,3804,-3814,3805,-3814,3806,-3813,3805,-3814,3805,-3813,3805,-3813,3801,-3815,3802,-3816,3803,-3815,3803,-3815,3804,-3813,3803,-3812,3804,-3813,3805,-3813,3806,-3811,3805,-3813,3805,-3812,3804,-0.41,SJNFAAZE1U0005576,117.74,14.32,9166.80078125,79,75,0,0,0,0,14.5,99.17,-173092,100,1528030894.440,8520,2,1,0,6,0,0,0,0,4,365.33,365.33,7F,1,1,1,0080,74,40,40,0,0,19,-20.75
03/06/2018 14:01:37,55 59.40535,-2 30.55496,239,0,336,663822,1144818,366.24,-0.244,3823,3807,3815,16,0,107.9,42.1,102.7,39.2,none,none,93.4,34.1,-3814,3823,-3811,3819,-3814,3818,-3816,3816,-3813,3818,-3814,3819,-3813,3821,-3812,3819,-3812,3818,-3812,3818,-3813,3818,-3813,3819,-3812,3820,-3811,3821,3812,-3818,3814,3819,3814,-3818,3813,-3818,3814,-3817,3813,-3818,3815,-3818,3817,3821,-3814,3818,3815,-3815,-3813,3819,-3813,3821,-3812,3819,-3813,3818,-3813,3818,-3814,3818,-3810,3821,-3810,3822,-3811,3823,-3811,3822,-3813,3821,-3810,3820,-3809,3821,-3807,3822,-3807,3822,-3809,3822,-3809,3823,-3808,3821,-3810,3819,-3809,3820,-3812,3821,-3811,3820,-3810,3820,-3809,3815,-0.41,SJNFAAZE1U0005576,117.74,14.32,9166.80078125,79,75,0,0,0,0,14.5,99.17,-173092,100,1528030897.946,2040,2,1,0,6,0,0,0,0,4,366.18,366.18,7F,1,1,1,0080,74,40,40,0,0,19,-20.75
03/06/2018 14:01:41,55 59.40535,-2 30.55496,239,0,336,663823,1144818,365.86,5.492,3820,3802,3811,18,0,107.9,42.1,102.7,39.2,none,none,93.4,34.1,3809,3818,3807,-3815,3810,3814,3812,-3813,3808,-3815,3808,-3815,3808,-3817,3807,-3816,3807,-3815,3806,3814,3808,-3815,3808,-3816,3809,-3817,3808,-3816,3807,3814,3810,-3814,3809,-3813,3810,-3815,3810,-3814,3808,-3814,3809,3814,3811,-3816,3809,-3814,3809,-3811,3807,-3814,3807,-3817,3807,-3813,3808,-3813,3808,-3815,3809,3814,3805,-3816,3806,-3817,3806,-3820,3805,-3816,3807,3815,3805,-3815,3806,-3818,3802,-3817,3802,-3818,3803,-3817,3804,-3818,3802,-3817,3805,-3816,3806,3815,3808,-3815,3805,-3814,3805,-3816,3804,-3812,-0.37,SJNFAAZE1U0005576,117.74,14.32,9166.80078125,79,75,0,0,0,0,14.5,99.17,-173092,100,1528030901.525,0,2,1,0,6,0,0,0,0,4,366.10,366.10,7F,1,1,1,0080,74,40,40,0,0,19,52.75
03/06/2018 14:01:45,55 59.40535,-2 30.55496,239,0,336,663772,1144818,365.28,22.063,3813,3796,3805,17,0,107.6,42.0,102.7,39.2,none,none,93.4,34.1,3803,-3811,3801,-3810,3804,3808,3806,-3808,3804,-3810,3803,-3810,3802,-3811,3802,-3811,3802,-3809,3803,-3809,3803,-3809,3803,-3810,3803,-3811,3801,-3810,3801,-3808,3805,-3809,3804,-3808,3804,3810,3802,-3809,3803,-3809,3805,-3809,3805,-3810,3804,3809,3804,-3805,3800,-3808,3800,-3810,3801,-3808,3804,-3808,3804,-3810,3804,-3807,3799,-3811,3800,3812,3800,-3813,3799,-3812,3802,-3812,3800,-3811,3801,3811,3796,-3811,3797,-3812,3798,-3813,3798,-3813,3797,-3812,3800,-3810,3800,-3811,3802,-3811,3800,3809,3801,-3809,3798,-3806,-0.41,SJNFAAZE1U0005576,117.74,14.32,9166.80078125,79,75,0,0,0,0,14.5,99.17,-173092,100,1528030905.098,2320,2,1,0,6,0,0,0,0,4,365.70,365.70,7F,1,1,1,0080,74,40,40,0,0,19,71.00
03/06/2018 14:01:48,55 59.40535,-2 30.55496,239,0,336,663618,1144818,366.05,18.615,3819,3806,3813,13,0,107.9,42.1,102.7,39.2,none,none,93.4,34.1,3811,-3819,3810,-3817,3812,3816,3814,-3815,3812,-3816,3812,3816,3812,-3817,3810,-3817,3809,-3815,3810,-3815,3811,3816,3811,-3816,3812,-3819,3810,-3818,3811,-3817,3812,-3816,3812,-3816,3812,-3817,3811,-3816,3812,3816,3813,-3816,3814,-3818,3812,-3816,3812,-3813,3810,3815,3809,-3817,3811,-3815,3813,-3815,3811,-3817,3812,-3815,3809,-3818,3809,-3819,3811,-3819,3809,3817,3811,-3818,3810,-3818,3809,-3818,3806,-3818,3807,3818,3808,-3818,3808,-3819,3806,-3817,3807,-3816,3808,-3816,3811,-3818,3808,-3815,3809,-3818,3808,3814,-0.40,SJNFAAZE1U0005576,117.74,14.32,9166.80078125,79,75,0,0,0,0,14.5,99.17,-173092,100,1528030908.687,5200,2,1,0,6,0,0,0,0,4,365.60,365.60,7F,1,1,1,0080,74,40,40,0,0,19,40.50
03/06/2018 14:01:52,55 59.40535,-2 30.55496,239,0,336,663494,1144818,366.24,7.079,3823,3808,3815,15,0,107.9,42.1,102.7,39.2,none,none,93.4,34.1,3815,-3822,3812,-3819,3814,3817,3816,-3817,3813,-3819,3812,-3818,3814,-3821,3813,3820,3812,-3819,3812,-3818,3812,-3819,3812,-3818,3813,3821,3811,-3820,3812,-3819,3814,-3819,3814,-3818,3814,-3819,3814,-3819,3813,-3819,3815,-3818,3816,3821,3813,-3819,3814,-3816,3812,-3819,3811,-3821,3812,3820,3814,-3817,3812,-3819,3814,-3820,3810,-3821,3810,-3822,3811,-3823,3810,-3821,3811,-3820,3810,3820,3809,-3822,3808,-3822,3808,-3823,3808,-3823,3809,3823,3808,-3821,3809,-3821,3810,-3820,3813,-3821,3810,-3819,3811,3819,3810,-3816,-0.37,SJNFAAZE1U0005576,117.74,14.32,9166.80078125,79,75,0,0,0,0,14.5,99.17,-173092,100,1528030912.006,2400,2,1,0,6,0,0,0,0,4,365.84,365.84,7F,1,1,1,0080,74,40,40,0,0,19,-20.75
03/06/2018 14:01:55,55 59.40535,-2 30.55496,239,0,336,663499,1144818,365.09,30.883,3810,3796,3803,14,0,107.9,42.1,102.7,39.2,none,none,93.4,34.1,3805,3803,3805,-3801,-3806,3803,-3807,-3802,-3807,3803,-3807,3804,-3808,3803,-3807,3802,-3806,3802,-3807,3801,-3807,3802,-3807,3804,-3807,3801,-3807,3801,-3807,3803,-3808,3804,-3807,3803,-3807,3805,-3806,3802,-3807,3801,-3807,3802,-3809,3804,-3806,3803,-3806,3801,-3804,3798,-3806,3801,3807,-3801,-3806,3801,3809,-3800,3810,3799,3806,-3799,3808,-3799,3809,-3801,3808,-3802,3809,3801,3807,-3800,3808,-3796,3808,-3796,3808,-3798,3810,-3798,3810,-3798,3808,-3799,3805,-3798,3807,3800,3807,-3801,3804,-3800,3806,-3798,3806,-3799,-0.33,SJNFAAZE1U0005576,117.74,14.32,9166.80078125,79,75,0,0,0,0,14.5,99.17,-173092,100,1528030915.268,7560,2,1,0,7,0,0,0,0,4,365.32,365.32,7F,1,1,1,0080,74,40,40,0,0,19,91.75
03/06/2018 14:01:58,55 59.40535,-2 30.55496,239,0,336,663310,1144818,366.34,-4.790,3824,3808,3816,16,0,107.9,42.1,102.7,39.2,none,none,93.2,34.0,-3821,3815,-3820,3813,-3822,3814,-3820,3814,-3820,3814,-3820,3815,-3820,3813,-3821,3813,-3820,3813,-3820,3814,-3820,3813,-3820,3815,-3821,3814,-3822,3813,-3819,3814,-3820,3815,-3820,3814,-3819,3816,-3820,3815,-3820,3814,-3820,3814,-3822,3817,-3819,3815,-3820,3813,-3819,3812,-3821,3812,-3821,3814,-3821,3813,-3822,3812,-3823,3812,-3822,3810,-3823,3811,-3824,3812,-3823,3812,-3823,3812,-3823,3812,-3821,3808,-3824,3808,-3823,3808,-3824,3810,-3823,3810,-3823,3811,-3821,3811,-3821,3812,-3822,3814,-3820,3811,-3821,3811,-3819,3810,-0.40,SJNFAAZE1U0005576,117.74,14.32,9166.80078125,79,75,0,0,0,0,14.5,99.17,-173092,100,1528030918.835,280,2,1,0,7,0,0,0,0,4,366.11,366.11,7F,1,1,1,0080,74,40,40,0,0,19,-66.00
03/06/2018 14:02:02,55 59.40535,-2 30.55496,239,0,336,663279,1144818,364.99,32.927,3808,3795,3802,13,0,107.9,42.1,102.7,39.2,none,none,93.4,34.1,-3805,3802,-3804,3799,-3806,3801,-3805,3799,-3804,3801,-3805,3802,-3806,3801,-3805,3801,-3805,3802,-3805,3799,-3806,3799,-3806,3801,-3806,3801,-3806,3800,-3804,3802,-3806,3802,-3805,3801,-3804,3803,-3804,3800,-3804,3801,-3805,3801,-3807,3802,-3804,3800,-3805,3798,-3802,3798,-3804,3799,-3804,3800,-3805,3797,-3803,3798,-3807,3797,-3804,3797,-3807,3798,-3807,3799,-3806,3797,-3807,3798,-3805,3798,-3807,3795,-3807,3796,-3806,3796,-3808,3798,-3807,3796,-3806,3797,-3804,3797,-3806,3797,-3805,3800,-3803,3797,-3805,3797,-3803,3797,-0.39,SJNFAAZE1U0005576,117.74,14.32,9166.80078125,79,75,0,0,0,0,14.5,99.17,-173092,100,1528030922.413,7920,2,1,0,6,0,0,0,0,4,365.22,365.22,7F,1,1,1,0080,74,40,40,0,0,19,109.25
03/06/2018 14:02:05,55 59.40535,-2 30.55496,239,0,335,662848,1144818,363.65,61.309,3796,3779,3788,17,0,107.9,42.1,102.7,39.2,none,none,93.4,34.1,-3788,3787,-3790,3785,-3793,3788,-3793,3785,-3793,3787,-3793,3788,-3793,3787,-3793,3786,-3794,3786,-3793,3786,-3794,3787,-3793,3788,-3794,3787,-3795,3786,-3793,3788,-3793,3789,-3793,3788,-3792,3789,-3792,3787,-3792,3785,-3793,3787,-3795,3789,-3792,3787,-3791,3785,-3786,3782,-3791,3783,-3790,3785,-3791,3784,-3793,3784,-3794,3783,-3791,3783,-3794,3782,-3795,3783,-3794,3784,-3796,3784,-3793,3783,-3796,3779,-3795,3780,-3794,3781,-3795,3782,-3795,3782,-3794,3783,-3790,3784,-3793,3784,-3792,3784,-3789,3783,-3791,3782,-3790,3783,-0.43,SJNFAAZE1U0005576,117.74,14.32,9166.80078125,79,75,0,0,0,0,14.5,99.17,-173092,100,1528030925.923,17000,3,1,0,6,0,0,0,0,4,363.81,363.81,7F,1,1,1,0080,74,40,40,0,0,19,92.50
03/06/2018 14:02:09,55 59.40535,-2 30.55496,239,0,335,662368,1144818,365.09,20.354,3811,3793,3803,18,0,107.6,42.0,102.7,39.2,none,none,93.4,34.1,-3806,3801,-3806,3799,-3808,3801,-3806,3801,-3807,3801,-3807,3802,-3807,3801,-3807,3801,-3806,3800,-3806,3799,-3808,3800,-3807,3801,-3807,3800,-3808,3800,-3806,3801,-3807,3803,-3806,3801,-3806,3803,-3806,3801,-3805,3801,-3806,3801,-3807,3803,-3804,3801,-3806,3799,-3804,3797,-3807,3798,-3806,3798,-3807,3799,-3807,3798,-3808,3798,-3807,3795,-3810,3797,-3811,3799,-3808,3798,-3810,3799,-3808,3797,-3807,3793,-3810,3794,-3809,3795,-3811,3796,-3809,3796,-3808,3796,-3807,3797,-3807,3798,-3807,3800,-3806,3797,-3807,3797,-3806,3796,-0.38,SJNFAAZE1U0005576,117.74,14.32,9166.80078125,79,75,0,0,0,0,14.5,99.17,-173092,100,1528030929.304,12920,2,1,0,6,0,0,0,0,4,364.47,364.47,7F,1,1,1,0080,74,40,40,0,0,19,-9.75
03/06/2018 14:02:12,55 59.40535,-2 30.55496,239,0,335,662263,1144818,364.13,37.505,3801,3785,3793,16,0,107.9,42.1,102.4,39.1,none,none,93.4,34.1,3791,-3798,3789,-3796,3793,3797,3793,-3795,3792,-3796,3792,-3797,3793,-3799,3792,-3797,3792,-3798,3791,-3797,3792,-3798,3791,3798,3793,-3799,3791,-3799,3792,-3798,3794,-3797,3793,3796,3793,-3798,3794,-3796,3793,-3797,3793,-3796,3795,-3797,3791,-3796,3792,-3793,3789,-3795,3789,3797,3789,-3796,3790,-3794,-3790,3796,-3791,-3795,-3788,3798,-3789,3798,-3790,3801,-3788,3798,-3790,3797,-3788,3797,-3792,3799,-3786,3798,3785,-3800,3787,3798,3787,-3798,3785,-3797,3788,-3797,3789,-3798,3790,-3798,3788,3795,3789,-3794,3787,-3794,-0.38,SJNFAAZE1U0005576,117.74,14.32,9166.80078125,79,75,0,0,0,0,14.5,99.17,-173092,100,1528030932.739,9960,3,1,0,6,0,0,0,0,4,364.36,364.36,7F,1,1,1,0080,74,40,40,0,0,19,62.50
03/06/2018 14:02:16,55 59.40535,-2 30.55496,239,0,335,661900,1144818,363.65,47.180,3795,3780,3788,15,0,107.9,42.1,102.7,39.2,none,none,93.4,34.1,3784,-3793,3784,-3791,3787,3791,3790,-3791,3787,3792,3786,-3793,3787,-3794,3787,-3794,3786,-3792,3788,-3792,3787,-3792,3787,-3793,3787,-3794,3786,3794,3786,-3792,3788,-3793,3788,-3792,3788,-3794,3787,-3792,3786,3792,3789,-3791,3790,-3793,3787,-3791,3785,-3787,3782,3789,3782,-3791,3785,-3789,3786,-3790,3787,-3791,3785,-3789,3780,-3792,3782,-3792,3784,-3794,3784,3795,3785,-3793,3783,-3791,3786,-3792,3780,-3794,3782,3794,3782,-3794,3782,-3795,3780,-3793,3783,-3791,3783,-3792,3784,-3791,3782,-3791,3783,-3792,3781,3788,-0.39,SJNFAAZE1U0005576,117.74,14.32,9166.80078125,79,75,0,0,0,0,14.5,99.17,-173092,100,1528030936.100,13280,2,1,0,6,0,0,0,0,4,363.73,363.73,7F,1,1,1,0080,75,40,40,0,0,11,67.50
03/06/2018 14:02:19,55 59.40535,-2 30.55496,239,0,335,661515,1144818,363.65,42.144,3795,3781,3788,14,0,107.9,42.1,102.7,39.2,none,none,93.4,34.1,3785,-3794,3785,3792,3788,3792,3790,-3791,3787,-3792,3787,-3793,3788,-3795,3787,3794,3786,-3793,3787,-3792,3787,-3794,3787,-3794,3789,3795,3786,-3795,3786,-3793,3789,-3793,3788,-3793,3789,-3793,3788,-3792,3786,-3791,3787,-3792,3789,3793,3786,-3792,3786,-3789,3784,-3790,3783,-3792,3785,3789,3785,-3790,3788,-3792,3786,-3791,3782,-3792,3784,-3794,3784,-3795,3783,-3793,3786,-3793,3783,3793,3785,-3794,3781,-3794,3782,-3794,3783,-3794,3783,3795,3781,-3792,3782,-3792,3783,-3792,3784,-3792,3782,-3791,3784,-3791,3782,-3789,-0.38,SJNFAAZE1U0005576,117.74,14.32,9166.80078125,79,75,0,0,0,0,14.5,99.17,-173092,100,1528030939.620,13280,3,1,0,6,0,0,0,0,4,363.68,363.68,7F,1,1,1,0080,75,40,40,0,0,19,11.00
03/06/2018 14:02:23,55 59.40535,-2 30.55496,239,0,335,661501,1144818,365.57,-8.880,3816,3800,3808,16,0,107.9,42.1,102.7,39.2,none,none,93.2,34.0,3807,-3814,3804,-3811,3806,3810,3808,3810,3806,-3812,3805,-3811,3805,-3813,3805,-3813,3805,-3811,3805,3810,3806,-3811,3805,-3810,3806,-3813,3804,-3813,3806,3811,3808,-3811,3807,-3811,3806,-3812,3806,-3810,3805,-3810,3806,-3810,3809,-3812,3805,-3810,3806,3808,3803,-3810,3804,-3812,3805,-3810,3806,-3810,3805,3812,3806,-3810,3802,-3813,3802,-3813,3803,-3815,3803,-3814,3804,-3814,3802,-3812,3802,-3814,3800,3814,3800,-3814,3800,-3816,3801,-3814,3800,-3814,3801,3812,3802,-3812,3805,-3814,3802,-3811,3803,-3812,3801,-3807,-0.38,SJNFAAZE1U0005576,117.74,14.32,9166.80078125,79,75,0,0,0,0,14.5,99.17,-173092,100,1528030943.386,0,2,1,0,6,0,0,0,0,4,365.59,365.59,7F,1,1,1,0080,75,40,40,0,0,11,-18.25
03/06/2018 14:02:26,55 59.40535,-2 30.55496,239,0,335,661444,1144818,364.22,37.231,3802,3785,3794,17,0,107.9,42.1,102.7,39.2,none,none,93.4,34.1,3791,-3800,3790,-3798,3793,3796,3795,-3796,3792,-3799,3791,-3798,3792,-3801,3793,-3800,3791,-3799,3792,-3799,3793,-3798,3793,3800,3794,-3801,3792,-3801,3791,-3798,3794,-3798,3794,3798,3794,-3799,3793,-3797,3792,-3797,3793,-3798,3795,-3799,3793,-3796,3791,-3795,3790,-3796,3789,3799,3789,-3797,3792,-3796,3792,-3797,3792,-3796,3787,3800,3788,-3800,3790,-3801,3789,-3800,3792,-3800,3789,-3799,3790,-3800,3786,-3801,3786,-3802,3787,3802,3787,-3801,3785,-3799,3788,-3799,3789,-3799,3789,3799,3787,-3797,3788,-3797,3787,-3794,-0.36,SJNFAAZE1U0005576,117.74,14.32,9166.80078125,79,75,0,0,0,0,14.5,99.17,-173092,100,1528030946.822,10000,2,1,0,6,0,0,0,0,4,364.37,364.37,7F,1,1,1,0080,75,40,40,0,0,19,95.50
03/06/2018 14:02:30,55 59.40535,-2 30.55496,239,0,334,661091,1144818,364.51,15.014,3805,3788,3797,17,0,107.9,42.1,102.7,39.2,none,none,93.4,34.1,-3799,3795,-3800,3794,-3802,3795,-3802,3795,-3801,3796,-3801,3797,-3802,3795,-3801,3795,-3801,3795,-3800,3794,-3801,3794,-3801,3797,-3802,3794,-3803,3794,-3801,3796,-3801,3798,-3801,3796,-3800,3798,-3800,3796,-3801,3795,-3802,3795,-3803,3797,-3800,3795,-3801,3794,-3796,3791,-3800,3793,-3799,3794,-3801,3793,-3802,3793,-3803,3791,-3801,3790,-3803,3791,-3804,3792,-3803,3795,-3803,3792,-3801,3792,-3801,3788,-3804,3788,-3803,3788,-3805,3790,-3803,3790,-3802,3791,-3800,3791,-3801,3791,-3800,3794,-3798,3792,-3800,3792,-3800,3791,-0.37,SJNFAAZE1U0005576,117.74,14.32,9166.80078125,79,75,0,0,0,0,14.5,99.17,-173092,100,1528030950.262,4960,2,1,0,6,0,0,0,0,4,364.55,364.55,7F,1,1,1,0080,75,40,40,0,0,11,0.00
03/06/2018 14:02:33,55 59.40535,-2 30.55496,239,0,334,661006,1144818,364.61,11.230,3806,3790,3798,16,0,107.9,42.1,102.7,39.2,none,none,93.4,34.1,-3801,3796,-3802,3794,-3802,3796,-3801,3795,-3800,3796,-3802,3797,-3803,3797,-3803,3796,-3802,3796,-3801,3794,-3802,3795,-3803,3798,-3802,3795,-3804,3795,-3801,3796,-3802,3797,-3801,3796,-3801,3798,-3801,3796,-3801,3796,-3802,3796,-3803,3798,-3800,3796,-3800,3795,-3799,3791,-3801,3793,-3801,3795,-3802,3793,-3802,3793,-3803,3792,-3800,3792,-3805,3792,-3804,3794,-3803,3794,-3804,3793,-3803,3794,-3804,3790,-3805,3790,-3805,3791,-3806,3791,-3805,3790,-3802,3791,-3802,3793,-3802,3793,-3802,3795,-3800,3792,-3802,3792,-3802,3791,-0.33,SJNFAAZE1U0005576,117.74,14.32,9166.80078125,79,75,0,0,0,0,14.5,99.17,-173092,100,1528030953.583,3800,2,1,0,6,0,0,0,0,4,364.89,364.89,7F,1,1,1,0080,75,40,40,0,0,19,66.75
03/06/2018 14:02:37,55 59.40535,-2 30.55496,239,0,334,660689,1144818,363.84,43.273,3797,3781,3790,16,0,107.9,42.1,102.7,39.2,none,none,93.4,34.1,-3790,3788,-3792,3786,-3794,3788,-3793,3788,-3793,3789,-3793,3788,-3795,3789,-3795,3787,-3794,3788,-3793,3786,-3794,3788,-3794,3790,-3795,3787,-3795,3786,-3794,3789,-3794,3789,-3794,3789,-3794,3790,-3794,3788,-3793,3788,-3794,3789,-3795,3791,-3793,3788,-3791,3787,-3790,3784,-3792,3786,-3792,3786,-3792,3786,-3795,3784,-3795,3784,-3792,3782,-3796,3784,-3796,3787,-3796,3785,-3796,3787,-3794,3786,-3797,3781,-3796,3782,-3796,3781,-3797,3783,-3797,3783,-3794,3782,-3794,3784,-3795,3785,-3793,3786,-3791,3783,-3793,3784,-3792,3783,-0.41,SJNFAAZE1U0005576,117.73,14.32,9166.80078125,79,75,0,0,0,0,14.5,99.17,-173092,100,1528030957.021,12560,2,0,0,0,0,0,0,0,4,363.72,363.72,7F,1,1,1,0080,75,40,40,0,0,11,37.50
03/06/2018 14:02:40,55 59.40535,-2 30.55496,239,0,334,660468,1144818,364.22,24.505,3800,3787,3794,13,0,107.6,42.0,102.7,39.2,none,none,93.4,34.1,-3795,3792,-3796,3792,-3798,3794,-3796,3792,-3796,3794,-3797,3795,-3797,3793,-3797,3793,-3796,3793,-3797,3791,-3797,3793,-3798,3794,-3798,3793,-3798,3792,-3797,3794,-3798,3795,-3797,3794,-3797,3795,-3796,3793,-3796,3792,-3797,3793,-3799,3795,-3795,3792,-3795,3790,-3794,3789,-3796,3790,-3797,3790,-3797,3791,-3797,3790,-3798,3788,-3796,3788,-3799,3789,-3800,3791,-3798,3790,-3799,3790,-3797,3789,-3798,3787,-3799,3787,-3798,3787,-3800,3787,-3799,3788,-3798,3789,-3796,3788,-3798,3789,-3797,3792,-3794,3788,-3796,3789,-3796,3787,-0.40,SJNFAAZE1U0005576,117.73,14.32,9166.80078125,79,75,0,0,0,0,14.5,99.17,-173092,100,1528030960.264,8280,3,0,0,0,0,0,0,0,4,364.24,364.24,7F,1,1,1,0080,75,40,40,0,0,19,23.00
03/06/2018 14:02:43,55 59.40535,-2 30.55496,239,0,334,660460,1144818,365.57,-16.051,3815,3801,3808,14,0,107.9,42.1,102.4,39.1,none,none,93.2,34.0,-3812,3808,-3812,3805,-3812,3807,-3812,3806,-3811,3807,-3811,3809,-3812,3806,-3813,3806,-3811,3805,-3810,3806,-3811,3806,-3811,3808,-3813,3806,-3814,3806,-3812,3808,-3811,3808,-3812,3808,-3811,3809,-3811,3808,-3811,3806,-3812,3807,-3813,3810,-3811,3807,-3811,3805,-3809,3804,-3813,3806,-3810,3805,-3813,3805,-3812,3805,-3815,3804,-3812,3803,-3814,3804,-3815,3806,-3813,3805,-3815,3804,-3812,3805,-3812,3802,-3814,3802,-3813,3801,-3815,3802,-3815,3802,-3813,3803,-3811,3804,-3812,3804,-3812,3806,-3811,3803,-3812,3803,-3811,3804,-0.41,SJNFAAZE1U0005576,117.73,14.32,9166.80078125,79,75,0,0,0,0,14.5,99.17,-173092,100,1528030963.538,0,2,0,0,0,0,0,0,0,4,365.71,365.71,7F,1,1,1,0080,75,40,40,0,0,19,-44.00
03/06/2018 14:02:46,55 59.40535,-2 30.55496,239,0,334,660534,1144818,365.28,-0.793,3811,3798,3805,13,0,107.9,42.1,102.7,39.2,none,none,93.4,34.1,3804,-3811,3802,3808,3805,3807,3805,-3807,3804,-3808,3803,-3808,3803,3809,3803,-3809,3802,-3807,3803,-3807,3803,-3808,3803,-3808,3803,-3809,3802,-3809,3802,-3807,3805,3808,3804,-3807,3804,-3807,3804,-3807,3803,-3807,3805,-3807,3806,3808,3804,-3807,3803,-3804,3801,-3806,3802,-3808,3801,3805,3805,-3805,3803,-3807,3803,-3807,3800,-3808,3801,-3810,3802,-3811,3800,-3810,3803,-3809,3800,3808,3801,-3809,3798,-3808,3798,-3810,3800,-3810,3799,3811,3798,-3809,3799,-3808,3801,-3808,3802,-3808,3800,-3807,3801,-3808,3800,-3804,-0.34,SJNFAAZE1U0005576,117.73,14.32,9166.80078125,79,75,0,0,0,0,14.5,99.17,-173095,100,1528030966.963,0,3,0,0,0,0,0,0,0,4,365.49,365.49,7F,1,1,1,0080,75,40,40,0,0,19,75.50
03/06/2018 14:02:50,55 59.40535,-2 30.55496,239,0,334,660449,1144818,365.38,1.616,3814,3797,3806,17,0,107.6,42.0,102.7,39.2,none,none,93.4,34.1,3805,-3813,3802,-3810,3805,3809,3808,3808,3804,-3811,3803,-3811,3804,-3811,3803,-3811,3802,3809,3802,-3809,3803,-3810,3803,-3811,3804,-3812,3802,-3812,3803,3809,3804,-3810,3805,-3809,3805,-3810,3805,-3810,3803,-3810,3804,-3810,3807,-3810,3804,-3809,3805,3807,3802,-3810,3802,-3811,3803,-3809,3804,-3808,3803,3810,3804,-3810,3800,-3812,3801,-3812,3802,-3814,3801,-3812,3803,-3812,3800,-3811,3800,-3813,3797,3813,3797,-3813,3798,-3812,3799,-3814,3798,-3811,3800,3811,3800,-3810,3803,-3812,3799,-3809,3801,-3809,3800,-3806,-0.38,SJNFAAZE1U0005576,117.73,14.32,9166.80078125,79,75,0,0,0,0,14.5,99.17,-173095,100,1528030970.454,2240,2,0,0,0,0,0,0,0,4,365.39,365.39,7F,1,1,1,0080,75,40,40,0,0,19,24.75
03/06/2018 14:02:53,55 59.40535,-2 30.55496,239,0,334,660408,1144818,365.38,1.861,3814,3798,3806,16,0,107.9,42.1,102.7,39.2,none,none,93.2,34.0,3804,-3813,3802,-3810,3806,3810,3807,-3808,3805,-3811,3804,-3811,3805,-3812,3802,-3811,3803,-3810,3803,-3809,3805,-3809,3804,3812,3805,-3814,3804,-3812,3803,-3810,3805,-3810,3806,3810,3806,-3811,3805,-3810,3803,-3810,3805,-3810,3808,-3811,3804,-3810,3805,-3806,3803,-3810,3803,3812,3803,-3809,3804,-3809,3803,-3810,3804,-3809,3800,3812,3801,-3813,3802,-3813,3801,-3813,3804,-3813,3801,-3811,3800,-3813,3798,-3813,3798,-3813,3800,3814,3799,-3814,3798,-3812,3801,-3811,3801,-3810,3802,3812,3800,-3810,3801,-3810,3801,-3807,-0.38,SJNFAAZE1U0005576,117.73,14.32,9166.80078125,79,75,0,0,0,0,14.5,99.17,-173095,100,1528030973.898,1560,2,1,0,4,0,0,0,0,4,365.45,365.45,7F,1,1,1,0080,75,40,40,0,0,19,10.25
03/06/2018 14:02:57,55 59.40535,-2 30.55496,239,0,334,660352,1144818,365.47,3.203,3814,3799,3807,15,0,107.9,42.1,102.7,39.2,none,none,93.2,34.0,3805,-3812,3804,-3810,3807,3810,3808,-3808,3806,3810,3805,-3810,3805,-3811,3805,-3811,3804,-3810,3805,-3809,3805,-3810,3804,-3811,3806,-3812,3804,3811,3804,-3809,3806,-3810,3806,-3810,3806,-3810,3805,3809,3804,-3809,3806,-3809,3808,-3811,3806,-3810,3806,-3806,3803,-3809,3804,-3811,3803,-3809,3805,3809,3804,-3810,3805,-3808,3802,-3811,3802,-3811,3803,3814,3802,-3811,3803,-3811,3802,-3810,3802,-3812,3801,-3812,3800,3811,3801,-3812,3801,-3813,3799,-3811,3800,-3810,3802,-3810,3804,-3811,3802,-3809,3803,-3810,3800,3807,-0.41,SJNFAAZE1U0005576,117.73,14.32,9166.80078125,79,75,0,0,0,0,14.5,99.17,-173095,100,1528030977.386,2760,3,0,0,0,0,0,0,0,4,365.39,365.39,7F,1,1,1,0080,75,40,40,0,0,19,-41.50
03/06/2018 14:03:00,55 59.40535,-2 30.55496,239,0,334,660301,1144818,365.09,20.354,3811,3794,3803,17,0,107.9,42.1,102.7,39.2,none,none,93.4,34.1,3801,-3809,3800,3806,3802,3806,3804,-3805,3803,-3807,3802,-3807,3802,3808,3801,-3809,3800,-3807,3800,-3806,3801,-3807,3801,-3808,3801,-3808,3800,-3809,3801,-3806,3802,3806,3804,-3805,3802,-3807,3801,-3807,3801,-3807,3802,3806,3805,-3809,3802,-3806,3802,-3802,3800,-3806,3800,-3808,3799,3806,3801,-3806,3800,-3806,3802,-3806,3797,-3809,3797,-3809,3798,-3811,3799,-3809,3800,-3810,3797,3808,3797,-3809,3795,-3810,3794,-3810,3796,-3811,3796,3810,3794,-3810,3797,-3809,3797,-3807,3800,-3810,3797,-3806,3798,-3807,3797,-3803,-0.34,SJNFAAZE1U0005576,117.73,14.40,9166.80078125,79,75,0,0,0,0,14.5,99.17,-173095,100,1528030980.530,4800,2,0,0,0,0,0,0,0,4,364.97,364.97,7F,1,1,1,0080,75,40,40,0,0,19,44.00
03/06/2018 14:03:03,55 59.40535,-2 30.55496,239,0,334,660237,1144818,365.28,4.424,3814,3796,3805,18,0,107.9,42.1,102.7,39.2,none,none,93.4,34.1,-3809,3803,-3809,3802,-3810,3804,-3809,3804,-3808,3804,-3807,3804,-3809,3803,-3809,3803,-3808,3804,-3808,3801,-3809,3802,-3808,3805,-3809,3803,-3810,3802,-3808,3804,-3809,3804,-3808,3804,-3808,3806,-3808,3804,-3808,3803,-3809,3804,-3810,3805,-3808,3803,-3809,3802,-3805,3800,-3809,3802,-3808,3802,-3810,3802,-3809,3802,-3810,3801,-3809,3799,-3812,3799,-3812,3802,-3809,3800,-3811,3800,-3811,3801,-3811,3796,-3813,3797,-3812,3797,-3814,3798,-3812,3799,-3810,3798,-3810,3799,-3809,3799,-3809,3802,-3807,3799,-3808,3800,-3808,3798,-0.35,SJNFAAZE1U0005576,117.73,14.40,9166.80078125,79,75,0,0,0,0,14.5,99.17,-173095,100,1528030983.778,2040,2,0,0,0,0,0,0,0,4,365.40,365.40,7F,1,1,1,0080,75,40,40,0,0,19,33.75
03/06/2018 14:03:07,55 59.40535,-2 30.55496,239,0,334,660202,1144818,365.57,1.647,3816,3799,3808,17,0,107.9,42.1,102.7,39.2,none,none,93.4,34.1,-3812,3807,-3811,3805,-3813,3807,-3812,3806,-3812,3805,-3811,3808,-3811,3807,-3812,3806,-3812,3805,-3811,3804,-3812,3804,-3813,3807,-3814,3806,-3812,3805,-3812,3807,-3811,3807,-3811,3807,-3811,3809,-3811,3806,-3812,3805,-3813,3806,-3813,3808,-3812,3806,-3811,3805,-3810,3803,-3811,3804,-3812,3805,-3812,3803,-3812,3803,-3815,3803,-3813,3803,-3815,3802,-3814,3804,-3814,3804,-3814,3804,-3814,3804,-3813,3799,-3816,3800,-3814,3800,-3816,3801,-3815,3801,-3815,3801,-3812,3802,-3813,3802,-3812,3805,-3810,3801,-3812,3803,-3810,3803,-0.34,SJNFAAZE1U0005576,117.73,14.40,9166.80078125,79,75,0,0,0,0,14.5,99.17,-173095,100,1528030987.441,0,2,0,0,0,0,0,0,0,4,365.58,365.58,7F,1,1,1,0080,75,40,40,0,0,19,-44.00
03/06/2018 14:03:10,55 59.40535,-2 30.55496,239,0,334,660184,1144818,365.28,10.802,3814,3797,3805,17,0,107.6,42.0,102.7,39.2,none,none,93.4,34.1,-3808,3804,-3808,3802,-3809,3804,-3809,3803,-3808,3803,-3808,3805,-3809,3802,-3809,3802,-3809,3802,-3808,3802,-3809,3802,-3808,3805,-3810,3803,-3811,3802,-3808,3804,-3808,3805,-3808,3803,-3807,3805,-3808,3803,-3808,3803,-3809,3804,-3810,3806,-3807,3803,-3808,3802,-3807,3800,-3808,3803,-3809,3801,-3809,3801,-3809,3801,-3812,3800,-3810,3799,-3812,3799,-3811,3802,-3811,3800,-3812,3800,-3811,3801,-3811,3797,-3811,3797,-3812,3798,-3814,3798,-3812,3797,-3810,3799,-3809,3798,-3811,3801,-3810,3802,-3808,3799,-3808,3799,-3808,3799,-0.36,SJNFAAZE1U0005576,117.73,14.40,9166.80078125,79,75,0,0,0,0,14.5,99.17,-173095,100,1528030990.912,1520,2,1,0,4,0,0,0,0,4,365.39,365.39,7F,1,1,1,0080,75,40,40,0,0,19,102.25
03/06/2018 14:03:14,55 59.40535,-2 30.55496,239,0,334,660048,1144818,365.38,6.377,3813,3797,3806,16,0,107.6,42.0,102.7,39.2,none,none,93.4,34.1,-3808,3805,-3809,3803,-3810,3805,-3809,3804,-3810,3804,-3809,3805,-3809,3804,-3809,3804,-3810,3803,-3809,3803,-3810,3802,-3809,3805,-3811,3804,-3810,3804,-3809,3805,-3809,3805,-3809,3805,-3809,3807,-3809,3805,-3808,3803,-3810,3805,-3811,3806,-3808,3804,-3809,3803,-3807,3801,-3810,3803,-3810,3803,-3810,3802,-3811,3802,-3812,3800,-3811,3799,-3812,3800,-3812,3803,-3812,3800,-3812,3801,-3811,3802,-3811,3798,-3813,3797,-3813,3798,-3813,3799,-3813,3800,-3811,3800,-3810,3799,-3811,3801,-3811,3803,-3807,3799,-3810,3801,-3808,3800,-0.36,SJNFAAZE1U0005576,117.73,14.40,9166.80078125,79,75,0,0,0,0,14.5,99.17,-173095,100,1528030994.205,3640,2,0,0,0,0,0,0,0,4,365.36,365.36,7F,1,1,1,0080,75,40,40,0,0,19,0.00
03/06/2018 14:03:17,55 59.40535,-2 30.55496,239,0,334,660048,1144818,365.66,3.783,3815,3801,3809,14,0,107.9,42.1,102.7,39.2,none,none,93.2,34.0,-3811,3808,-3812,3807,-3813,3808,-3812,3807,-3812,3808,-3811,3809,-3813,3807,-3811,3807,-3812,3807,-3810,3806,-3812,3807,-3812,3807,-3811,3807,-3812,3807,-3811,3808,-3812,3808,-3811,3808,-3811,3810,-3812,3807,-3811,3806,-3812,3808,-3814,3809,-3812,3807,-3812,3807,-3809,3804,-3811,3806,-3813,3807,-3813,3806,-3812,3805,-3813,3805,-3813,3804,-3815,3804,-3815,3805,-3814,3805,-3815,3805,-3813,3805,-3813,3801,-3815,3803,-3814,3803,-3815,3804,-3815,3803,-3813,3804,-3812,3803,-3813,3805,-3812,3806,-3811,3804,-3813,3805,-3811,3804,-0.39,SJNFAAZE1U0005576,117.73,14.40,9166.80078125,79,75,0,0,0,0,14.5,99.17,-173095,100,1528030997.555,0,2,0,0,0,0,0,0,0,4,365.57,365.57,7F,1,1,1,0080,75,40,40,0,0,19,25.75
03/06/2018 14:03:20,55 59.40535,-2 30.55496,239,0,334,660003,1144818,365.76,-0.579,3818,3802,3810,16,0,107.9,42.1,102.4,39.1,none,none,93.4,34.1,3810,-3817,3807,-3814,3810,3813,3811,-3812,3809,-3814,3807,-3814,3807,-3816,3807,-3814,3807,-3813,3807,-3813,3808,-3812,3807,3814,3808,-3816,3807,-3815,3808,-3813,3809,-3814,3810,3813,3809,-3813,3808,-3813,3808,-3813,3810,-3813,3812,-3815,3809,-3813,3809,-3810,3807,-3814,3808,3815,3807,-3814,3809,-3813,3808,-3814,3809,-3814,3805,3816,3806,-3816,3806,-3818,3805,-3818,3807,-3816,3805,-3814,3805,-3817,3802,-3817,3802,-3817,3805,3817,3803,-3818,3802,-3815,3805,-3815,3805,-3815,3807,3816,3805,-3814,3806,-3814,3804,-3811,-0.35,SJNFAAZE1U0005576,117.73,14.40,9166.80078125,79,75,0,0,0,0,14.5,99.17,-173095,100,1528031000.897,1960,2,0,0,0,0,0,0,0,4,365.65,365.65,7F,1,1,1,0080,75,40,40,0,0,19,-5.75
03/06/2018 14:03:24,55 59.40535,-2 30.55496,239,0,334,660000,1144818,365.66,1.342,3816,3801,3809,15,0,107.6,42.0,102.4,39.1,none,none,93.2,34.0,3809,-3814,3806,-3813,3809,3812,3810,-3812,3808,3813,3808,-3813,3808,-3813,3806,-3813,3807,-3812,3805,-3812,3808,-3811,3807,-3813,3808,-3813,3806,3814,3807,-3811,3808,-3813,3808,-3812,3808,-3812,3808,3812,3808,-3811,3809,-3812,3810,-3814,3808,-3812,3809,-3809,3806,-3811,3806,-3813,3806,-3812,3808,3811,3808,-3811,3808,-3810,3804,-3813,3805,-3814,3806,3816,3806,-3814,3806,-3814,3805,-3813,3805,-3814,3802,-3814,3801,-3814,3805,-3815,3803,-3815,3801,-3813,3804,-3812,3804,-3812,3807,-3814,3805,-3812,3805,-3812,3803,3808,-0.38,SJNFAAZE1U0005576,117.73,14.40,9166.80078125,79,75,0,0,0,0,14.5,99.17,-173095,100,1528031004.358,0,2,0,0,0,0,0,0,0,4,365.74,365.74,7F,1,1,1,0080,75,40,40,0,0,19,24.00
03/06/2018 14:03:27,55 59.40535,-2 30.55496,239,0,334,659963,1144818,365.47,7.446,3814,3800,3807,14,0,107.6,42.0,102.7,39.2,none,none,93.4,34.1,3806,-3813,3805,3811,3807,3811,3808,-3809,3805,-3811,3807,-3812,3806,3812,3805,-3812,3805,-3810,3805,-3809,3806,-3810,3806,-3812,3805,-3812,3804,-3812,3805,-3810,3808,3811,3807,-3809,3806,-3810,3807,-3811,3806,-3810,3808,3810,3809,-3812,3806,-3810,3806,-3807,3805,-3811,3804,-3812,3805,3810,3807,-3809,3806,-3810,3806,-3809,3802,-3811,3803,-3813,3805,-3813,3805,-3812,3806,-3812,3803,3811,3804,-3812,3801,-3812,3801,-3813,3803,-3813,3802,3814,3800,-3813,3803,-3810,3803,-3811,3805,-3812,3803,-3809,3804,-3811,3803,-3808,-0.38,SJNFAAZE1U0005576,117.73,14.40,9166.80078125,79,75,0,0,0,0,14.5,99.17,-173095,100,1528031007.757,1640,2,0,0,0,0,0,0,0,4,365.55,365.55,7F,1,1,1,0080,75,40,40,0,0,19,7.50
03/06/2018 14:03:31,55 59.40535,-2 30.55496,239,0,334,659929,1144818,365.66,3.845,3817,3801,3809,16,0,107.6,42.0,102.7,39.2,none,none,93.4,34.1,3807,-3815,3805,-3813,3807,3812,3809,3811,3806,-3812,3807,-3812,3807,-3814,3805,-3813,3805,3812,3805,-3812,3806,-3812,3806,-3813,3806,-3815,3806,-3814,3804,-3811,3808,-3812,3807,-3811,3807,3812,3807,-3812,3807,-3811,3808,-3811,3810,-3813,3807,-3812,3807,3808,3804,-3812,3806,-3814,3806,-3812,3807,-3810,3806,3813,3807,-3813,3803,-3815,3803,-3815,3804,-3817,3803,-3815,3804,-3814,3803,-3813,3804,-3816,3802,3815,3801,-3816,3802,-3816,3802,-3816,3801,-3814,3803,3814,3802,-3814,3805,-3814,3803,-3811,3804,-3812,3803,-3809,-0.35,SJNFAAZE1U0005576,117.73,14.40,9166.80078125,79,75,0,0,0,0,14.5,99.17,-173095,100,1528031011.235,1720,2,1,0,4,0,0,0,0,4,365.67,365.67,7F,1,1,1,0080,75,40,40,0,0,19,12.25
03/06/2018 14:03:34,55 59.40535,-2 30.55496,239,0,334,659905,1144818,365.76,2.288,3817,3801,3810,16,0,107.6,42.0,102.7,39.2,none,none,93.2,34.0,3808,-3817,3806,-3814,3809,3813,3811,-3812,3808,-3814,3807,3814,3808,-3815,3807,-3814,3806,-3813,3807,-3814,3807,-3813,3807,3814,3809,-3816,3807,-3815,3807,-3812,3809,-3813,3808,3812,3808,-3813,3807,-3812,3806,-3813,3808,-3814,3811,-3815,3809,-3813,3809,-3809,3805,-3813,3806,3815,3806,-3814,3808,-3812,3808,-3814,3809,-3813,3803,3815,3804,-3817,3806,-3817,3804,-3815,3807,-3815,3804,-3813,3804,-3817,3802,-3817,3802,-3817,3803,3817,3802,-3817,3801,-3815,3804,-3814,3804,-3815,3806,3815,3804,-3813,3805,-3815,3804,-3810,-0.38,SJNFAAZE1U0005576,117.73,14.40,9166.80078125,79,75,0,0,0,0,14.5,99.17,-173095,100,1528031014.666,1720,2,0,0,0,0,0,0,0,4,365.75,365.75,7F,1,1,1,0080,75,40,40,0,0,19,15.75
03/06/2018 14:03:38,55 59.40535,-2 30.55496,239,0,334,659889,1144818,365.76,2.014,3817,3803,3810,14,0,107.6,42.0,102.4,39.1,none,none,93.2,34.0,-3813,3810,-3812,3808,-3815,3808,-3814,3808,-3813,3808,-3813,3809,-3814,3808,-3814,3808,-3813,3808,-3813,3807,-3814,3808,-3814,3810,-3814,3808,-3814,3808,-3813,3809,-3812,3810,-3813,3809,-3812,3811,-3813,3809,-3812,3808,-3813,3809,-3815,3810,-3813,3809,-3813,3808,-3812,3806,-3814,3809,-3814,3807,-3814,3808,-3814,3807,-3816,3807,-3814,3804,-3816,3806,-3816,3807,-3815,3807,-3815,3807,-3815,3806,-3812,3803,-3816,3803,-3816,3803,-3817,3805,-3816,3805,-3814,3805,-3814,3806,-3814,3807,-3814,3808,-3812,3805,-3814,3806,-3812,3806,-0.34,SJNFAAZE1U0005576,117.73,14.40,9166.80078125,79,75,0,0,0,0,14.5,99.17,-173095,100,1528031018.115,160,2,0,0,0,0,0,0,0,4,365.82,365.82,7F,1,1,1,0080,75,40,40,0,0,19,22.25
03/06/2018 14:03:41,55 59.40535,-2 30.55496,239,0,334,659871,1144818,365.76,2.105,3819,3801,3810,18,0,107.6,42.0,102.4,39.1,none,none,93.4,34.1,-3814,3809,-3815,3808,-3816,3809,-3814,3808,-3814,3809,-3814,3810,-3814,3809,-3815,3807,-3814,3808,-3813,3807,-3814,3808,-3815,3809,-3815,3807,-3815,3807,-3814,3809,-3814,3810,-3814,3808,-3813,3811,-3813,3809,-3814,3807,-3815,3808,-3816,3810,-3814,3808,-3814,3807,-3812,3805,-3816,3807,-3816,3807,-3816,3807,-3815,3806,-3818,3805,-3815,3804,-3817,3804,-3818,3807,-3816,3806,-3817,3805,-3816,3806,-3815,3801,-3817,3801,-3817,3802,-3819,3804,-3819,3804,-3816,3804,-3814,3804,-3816,3805,-3816,3808,-3814,3805,-3816,3805,-3814,3804,-0.38,SJNFAAZE1U0005576,117.73,14.40,9166.80078125,79,75,0,0,0,0,14.5,99.17,-173095,100,1528031021.464,200,2,0,0,0,0,0,0,0,4,365.84,365.84,7F,1,1,1,0080,74,40,40,0,0,19,21.75
03/06/2018 14:03:44,55 59.40535,-2 30.55496,239,0,334,659856,1144818,365.86,1.861,3818,3804,3811,14,0,107.6,42.0,102.7,39.2,none,none,93.2,34.0,-3814,3811,-3814,3809,-3815,3811,-3814,3809,-3814,3809,-3813,3810,-3814,3808,-3815,3809,-3814,3809,-3814,3809,-3814,3808,-3814,3811,-3815,3808,-3814,3809,-3813,3810,-3814,3810,-3814,3810,-3813,3810,-3814,3809,-3813,3807,-3814,3809,-3816,3811,-3813,3809,-3814,3807,-3812,3807,-3815,3808,-3815,3808,-3815,3808,-3815,3807,-3817,3807,-3815,3805,-3816,3807,-3817,3808,-3815,3807,-3817,3807,-3816,3808,-3815,3804,-3816,3804,-3815,3804,-3818,3805,-3817,3805,-3816,3805,-3814,3806,-3814,3805,-3815,3809,-3813,3805,-3814,3807,-3813,3806,-0.34,SJNFAAZE1U0005576,117.73,14.40,9166.80078125,79,75,0,0,0,0,14.5,99.17,-173095,100,1528031024.902,200,2,0,0,0,0,0,0,0,4,365.87,365.87,7F,1,1,1,0080,74,40,40,0,0,19,20.25
03/06/2018 14:03:48,55 59.40535,-2 30.55496,239,0,334,659840,1144818,365.86,1.861,3819,3802,3811,17,0,107.6,42.0,102.4,39.1,none,none,93.2,34.0,-3815,3811,-3815,3809,-3817,3810,-3815,3809,-3814,3809,-3814,3810,-3816,3808,-3815,3809,-3814,3808,-3814,3807,-3815,3808,-3815,3809,-3816,3808,-3816,3807,-3814,3810,-3814,3810,-3814,3810,-3814,3811,-3814,3809,-3813,3808,-3814,3809,-3816,3811,-3815,3810,-3814,3807,-3814,3807,-3815,3808,-3815,3808,-3816,3807,-3815,3806,-3818,3806,-3815,3804,-3817,3805,-3819,3809,-3817,3806,-3818,3807,-3816,3806,-3816,3803,-3817,3802,-3817,3802,-3818,3803,-3819,3804,-3817,3806,-3816,3805,-3816,3805,-3816,3808,-3815,3805,-3816,3807,-3814,3805,-0.35,SJNFAAZE1U0005576,117.73,14.40,9166.80078125,79,75,0,0,0,0,14.5,99.17,-173095,100,1528031028.259,0,2,0,0,0,0,0,0,0,4,365.90,365.90,7F,1,1,1,0080,74,40,40,0,0,19,19.75
03/06/2018 14:03:51,55 59.40535,-2 30.55496,239,0,334,659824,1144818,365.86,2.410,3819,3802,3811,17,0,107.6,42.0,102.4,39.1,none,none,93.2,34.0,-3816,3810,-3814,3808,-3815,3809,-3814,3808,-3815,3810,-3814,3809,-3814,3808,-3815,3808,-3814,3808,-3814,3807,-3815,3807,-3815,3810,-3815,3807,-3816,3807,-3815,3809,-3814,3812,-3814,3808,-3813,3811,-3814,3808,-3814,3809,-3816,3810,-3818,3811,-3814,3809,-3814,3808,-3813,3806,-3816,3807,-3815,3808,-3816,3808,-3816,3806,-3817,3806,-3816,3804,-3817,3806,-3819,3808,-3817,3805,-3818,3807,-3817,3806,-3816,3802,-3818,3803,-3817,3803,-3819,3803,-3818,3805,-3817,3805,-3816,3805,-3816,3806,-3817,3808,-3814,3805,-3817,3806,-3814,3805,-0.37,SJNFAAZE1U0005576,117.73,14.40,9166.80078125,79,75,0,0,0,0,14.5,99.17,-173095,100,1528031031.671,0,2,1,0,0,0,0,0,0,4,365.89,365.89,7F,1,1,1,0080,74,40,40,0,0,19,19.25
03/06/2018 14:03:54,55 59.40535,-2 30.55496,239,0,334,659806,1144818,365.86,2.075,3817,3803,3811,14,0,107.9,42.1,102.7,39.2,none,none,93.4,34.1,3810,-3817,3807,3815,3811,3814,3812,-3812,3811,-3814,3809,-3814,3809,3815,3808,-3815,3808,-3813,3808,-3814,3809,-3813,3809,-3814,3810,-3816,3808,-3815,3809,-3813,3811,3815,3810,-3813,3810,-3814,3811,-3814,3809,-3813,3810,3814,3813,-3815,3809,-3814,3810,-3810,3808,-3814,3809,-3815,3808,-3813,3810,-3813,3809,-3814,3809,3813,3807,-3815,3808,-3815,3808,-3817,3807,-3817,3809,-3815,3806,3815,3806,-3816,3805,-3816,3804,-3816,3805,-3817,3806,3817,3803,-3814,3806,-3815,3806,-3815,3810,-3815,3807,-3814,3807,-3815,3805,-3810,-0.36,SJNFAAZE1U0005576,117.73,14.40,9166.80078125,79,75,0,0,0,0,14.5,99.17,-173095,100,1528031034.866,0,2,0,0,0,0,0,0,0,4,365.93,365.93,7F,1,1,1,0080,74,40,40,0,0,19,58.25
03/06/2018 14:03:58,55 59.40535,-2 30.55496,239,0,334,659767,1144818,365.66,7.385,3818,3801,3809,17,0,107.6,42.0,102.4,39.1,none,none,93.2,34.0,3808,-3816,3806,-3813,3808,3812,3810,3812,3808,-3813,3808,-3813,3808,-3815,3807,-3815,3806,3813,3807,-3812,3808,-3812,3806,-3814,3807,-3816,3807,-3814,3806,-3813,3808,-3813,3809,-3812,3808,3813,3808,-3813,3807,-3812,3808,-3813,3810,-3814,3808,-3813,3807,3809,3806,-3813,3806,-3815,3806,-3812,3808,-3813,3807,3813,3807,-3812,3803,-3814,3804,-3816,3805,-3817,3805,-3815,3807,-3815,3806,-3815,3804,-3816,3802,3816,3801,-3816,3803,-3816,3802,-3818,3801,-3815,3804,3814,3805,-3813,3806,-3814,3805,-3812,3805,-3813,3803,-3810,-0.36,SJNFAAZE1U0005576,117.73,14.40,9166.80078125,79,75,0,0,0,0,14.5,99.17,-173095,100,1528031038.092,1560,2,0,0,0,0,0,0,0,4,365.75,365.75,7F,1,1,1,0080,74,40,40,0,0,19,42.75
03/06/2018 14:04:01,55 59.40535,-2 30.55496,239,0,334,659714,1144818,365.66,6.103,3816,3802,3809,14,0,107.6,42.0,102.7,39.2,none,none,93.4,34.1,3808,-3816,3805,-3813,3809,3813,3809,-3811,3808,-3813,3807,-3814,3807,-3814,3807,-3814,3806,-3813,3807,-3813,3808,-3813,3807,3814,3807,-3816,3807,-3814,3806,-3814,3808,-3814,3807,3812,3809,-3814,3807,-3813,3807,-3812,3808,-3812,3810,-3814,3807,-3813,3808,-3810,3806,-3812,3805,3814,3807,-3812,3808,-3812,3807,-3813,3808,-3812,3806,3813,3806,-3816,3805,-3816,3805,-3815,3807,-3814,3805,-3813,3805,-3815,3802,-3815,3803,-3816,3804,3815,3804,-3816,3802,-3814,3805,-3813,3804,-3814,3807,3814,3804,-3812,3806,-3813,3804,-3810,-0.38,SJNFAAZE1U0005576,117.73,14.40,9166.80078125,79,75,0,0,0,0,14.5,99.17,-173095,100,1528031041.231,1680,2,0,0,0,0,0,0,0,4,365.73,365.73,7F,1,1,1,0080,74,40,40,0,0,11,26.25
03/06/2018 14:04:04,55 59.40535,-2 30.55496,239,0,334,659678,1144818,365.86,3.478,3817,3804,3811,13,0,107.6,42.0,102.4,39.1,none,none,93.0,33.9,3811,-3817,3809,-3814,3810,3814,3812,-3813,3810,3814,3808,-3815,3810,-3814,3808,-3815,3808,-3813,3808,-3813,3809,-3815,3809,-3815,3809,-3816,3808,3815,3807,-3813,3811,-3814,3811,-3813,3810,-3815,3810,3814,3808,-3813,3810,-3814,3812,-3816,3811,-3814,3810,-3811,3808,-3814,3808,-3816,3809,-3813,3810,3814,3809,-3814,3811,-3814,3807,-3815,3808,-3816,3808,-3817,3806,3816,3809,-3815,3808,-3816,3806,-3816,3804,-3816,3805,3816,3805,-3817,3806,-3817,3806,-3814,3807,-3815,3807,-3814,3808,-3816,3807,-3815,3808,-3814,3806,3811,-0.40,SJNFAAZE1U0005576,117.73,14.40,9166.80078125,79,75,0,0,0,0,14.5,99.17,-173095,100,1528031044.451,1680,3,0,0,0,0,0,0,0,4,365.83,365.83,7F,1,1,1,0080,74,40,40,0,0,19,-33.00
03/06/2018 14:04:07,55 59.40535,-2 30.55496,239,0,334,659664,1144818,365.86,2.807,3818,3802,3811,16,0,107.6,42.0,102.4,39.1,none,none,93.2,34.0,3810,-3818,3807,3815,3810,3815,3812,-3813,3809,-3816,3807,-3814,3808,3816,3808,-3816,3807,-3814,3807,-3813,3808,-3814,3808,-3815,3809,-3817,3807,-3816,3808,-3815,3809,3814,3810,-3814,3810,-3814,3809,-3814,3809,-3814,3810,-3814,3812,3815,3809,-3813,3810,-3812,3807,-3815,3807,-3818,3808,3815,3810,-3813,3808,-3814,3808,-3814,3805,-3816,3806,-3817,3807,-3818,3806,-3818,3808,-3816,3806,3816,3805,-3817,3803,-3817,3803,-3818,3805,-3818,3804,3818,3802,-3817,3805,-3816,3806,-3815,3807,-3816,3806,-3815,3806,-3816,3804,-3811,-0.33,SJNFAAZE1U0005576,117.73,14.40,9166.80078125,79,75,0,0,0,0,14.5,99.17,-173095,100,1528031047.681,840,2,0,0,0,0,0,0,0,4,365.89,365.89,7F,1,1,1,0080,74,40,40,0,0,19,75.75
03/06/2018 14:04:11,55 59.40535,-2 30.55496,239,0,334,659578,1144818,365.57,13.671,3816,3799,3808,17,0,107.6,42.0,102.4,39.1,none,none,93.2,34.0,-3812,3807,-3812,3805,-3814,3807,-3813,3806,-3813,3806,-3811,3807,-3813,3805,-3812,3806,-3811,3806,-3812,3805,-3813,3805,-3812,3806,-3813,3805,-3813,3804,-3811,3806,-3811,3807,-3812,3806,-3811,3808,-3811,3806,-3811,3804,-3812,3806,-3813,3808,-3811,3806,-3812,3805,-3810,3803,-3813,3805,-3812,3806,-3814,3805,-3812,3803,-3816,3803,-3812,3803,-3815,3802,-3815,3804,-3814,3803,-3815,3805,-3814,3804,-3813,3799,-3816,3800,-3815,3801,-3816,3802,-3815,3802,-3815,3803,-3813,3805,-3813,3803,-3813,3806,-3810,3804,-3813,3803,-3811,3802,-0.36,SJNFAAZE1U0005576,117.73,14.40,9166.80078125,79,75,0,0,0,0,14.5,99.17,-173095,100,1528031051.020,4440,2,0,0,0,0,0,0,0,4,365.52,365.52,7F,1,1,1,0080,74,40,40,0,0,19,17.00
03/06/2018 14:04:14,55 59.40535,-2 30.55496,239,0,334,659534,1144818,365.76,3.081,3819,3802,3810,17,0,107.6,42.0,102.4,39.1,none,none,93.2,34.0,-3814,3809,-3814,3807,-3815,3808,-3813,3808,-3814,3808,-3813,3808,-3814,3808,-3814,3807,-3814,3807,-3814,3806,-3815,3808,-3815,3808,-3814,3807,-3815,3806,-3814,3809,-3814,3810,-3813,3808,-3812,3810,-3813,3809,-3813,3807,-3814,3809,-3815,3811,-3814,3808,-3814,3806,-3812,3804,-3814,3807,-3815,3807,-3815,3807,-3815,3806,-3817,3805,-3815,3803,-3817,3805,-3817,3806,-3815,3806,-3817,3804,-3815,3805,-3817,3803,-3817,3802,-3817,3803,-3819,3803,-3818,3803,-3816,3805,-3815,3804,-3815,3804,-3816,3807,-3813,3805,-3814,3805,-3814,3804,-0.38,SJNFAAZE1U0005576,117.73,14.40,9166.80078125,79,75,0,0,0,0,14.5,99.17,-173095,100,1528031054.362,1840,2,0,0,0,0,0,0,0,4,365.83,365.83,7F,1,1,1,0080,74,40,40,0,0,19,31.00
03/06/2018 14:04:17,55 59.40535,-2 30.55496,239,0,334,659498,1144818,365.76,5.493,3816,3803,3810,13,0,107.6,42.0,102.4,39.1,none,none,93.2,34.0,-3813,3809,-3812,3808,-3814,3810,-3812,3808,-3813,3809,-3812,3810,-3813,3808,-3812,3807,-3812,3807,-3812,3806,-3812,3807,-3813,3809,-3813,3808,-3814,3807,-3812,3810,-3812,3810,-3812,3809,-3811,3811,-3812,3809,-3811,3808,-3812,3808,-3814,3811,-3811,3809,-3812,3807,-3810,3806,-3813,3808,-3813,3807,-3813,3806,-3814,3806,-3815,3805,-3813,3805,-3814,3805,-3815,3808,-3814,3806,-3814,3806,-3814,3806,-3813,3804,-3815,3804,-3815,3803,-3816,3804,-3815,3805,-3814,3806,-3813,3805,-3813,3805,-3814,3808,-3811,3805,-3814,3806,-3811,3805,-0.34,SJNFAAZE1U0005576,117.73,14.40,9166.80078125,79,75,0,0,0,0,14.5,99.17,-173095,100,1528031057.637,1840,2,0,0,0,0,0,0,0,4,365.76,365.76,7F,1,1,1,0080,74,40,40,0,0,19,39.50
03/06/2018 14:04:21,55 59.40535,-2 30.55496,239,0,334,659450,1144818,365.66,8.452,3816,3801,3809,15,0,107.6,42.0,102.4,39.1,none,none,93.2,34.0,-3812,3809,-3813,3807,-3815,3807,-3813,3808,-3812,3807,-3812,3807,-3813,3807,-3813,3806,-3812,3807,-3813,3807,-3813,3806,-3812,3808,-3814,3807,-3813,3806,-3811,3808,-3812,3809,-3812,3808,-3812,3811,-3812,3807,-3811,3807,-3813,3808,-3814,3809,-3812,3808,-3813,3807,-3811,3805,-3813,3807,-3813,3807,-3815,3805,-3814,3805,-3815,3804,-3814,3803,-3815,3804,-3816,3806,-3815,3804,-3815,3804,-3815,3805,-3815,3801,-3816,3802,-3816,3802,-3816,3803,-3816,3804,-3816,3803,-3813,3804,-3815,3805,-3814,3807,-3812,3803,-3814,3805,-3813,3803,-0.38,SJNFAAZE1U0005576,117.73,14.40,9166.80078125,79,75,0,0,0,0,14.5,99.17,-173095,100,1528031061.320,1840,2,1,0,4,0,0,0,0,4,365.68,365.68,7F,1,1,1,0080,74,40,40,0,0,19,40.00
03/06/2018 14:04:24,55 59.40535,-2 30.55496,239,0,334,659396,1144818,365.38,10.314,3814,3798,3806,16,0,107.6,42.0,102.4,39.1,none,none,93.2,34.0,-3809,3806,-3809,3803,-3810,3805,-3809,3804,-3809,3805,-3809,3805,-3809,3804,-3809,3804,-3808,3803,-3808,3803,-3809,3803,-3809,3805,-3810,3803,-3810,3802,-3807,3805,-3809,3806,-3809,3805,-3807,3807,-3808,3804,-3809,3804,-3810,3805,-3810,3807,-3808,3805,-3809,3803,-3807,3801,-3810,3803,-3810,3802,-3811,3802,-3812,3801,-3812,3801,-3811,3801,-3812,3801,-3812,3803,-3811,3800,-3812,3801,-3811,3801,-3813,3798,-3812,3798,-3813,3798,-3814,3799,-3813,3799,-3811,3798,-3810,3801,-3810,3801,-3811,3802,-3807,3800,-3810,3801,-3809,3800,-0.35,SJNFAAZE1U0005576,117.73,14.40,9166.80078125,79,75,0,0,0,0,14.5,99.17,-173095,100,1528031064.957,2040,2,0,0,0,0,0,0,0,4,365.61,365.61,7F,1,1,1,0080,74,40,40,0,0,19,133.50
03/06/2018 14:04:28,55 59.40535,-2 30.55496,239,0,333,659274,1144818,365.76,2.075,3818,3801,3810,17,0,107.6,42.0,102.4,39.1,none,none,93.2,34.0,3808,-3817,3807,-3814,3809,3813,3811,-3812,3807,-3813,3808,3814,3807,-3815,3806,-3815,3807,-3814,3806,-3813,3807,-3813,3806,3814,3807,-3816,3806,-3815,3806,-3813,3808,-3814,3809,3813,3807,-3813,3807,-3814,3807,-3812,3808,-3813,3811,-3814,3809,-3813,3808,-3810,3807,-3813,3806,3816,3807,-3814,3808,-3812,3807,-3813,3808,-3813,3805,3815,3804,-3816,3806,-3818,3805,-3815,3806,-3815,3804,-3815,3804,-3816,3803,-3817,3801,-3818,3803,3817,3804,-3817,3802,-3815,3804,-3814,3804,-3814,3806,3815,3805,-3814,3805,-3814,3803,-3811,-0.33,SJNFAAZE1U0005576,117.73,14.40,9166.80078125,79,75,0,0,0,0,14.5,99.17,-173095,100,1528031068.505,1880,2,0,0,0,0,0,0,0,4,365.76,365.76,7F,1,1,1,0080,74,40,40,0,0,19,12.25
03/06/2018 14:04:32,55 59.40535,-2 30.55496,239,0,333,659245,1144818,365.66,4.638,3818,3802,3809,16,0,107.6,42.0,102.4,39.1,none,none,93.2,34.0,3809,-3817,3806,-3814,3809,3812,3810,-3812,3807,3813,3806,-3814,3807,-3814,3806,-3814,3806,-3812,3806,-3812,3807,-3813,3806,-3814,3807,-3815,3807,3814,3805,-3812,3808,-3813,3808,-3812,3808,-3812,3807,3814,3808,-3812,3808,-3813,3811,-3814,3808,-3812,3807,-3810,3806,-3814,3807,-3815,3807,-3813,3809,3812,3808,-3812,3808,-3812,3806,-3814,3805,-3816,3805,3816,3805,-3814,3807,-3815,3805,-3815,3805,-3815,3803,-3815,3803,-3814,3804,-3816,3803,-3818,3802,3814,3804,-3813,3804,-3814,3806,-3815,3804,-3812,3805,-3813,3803,3811,-0.34,SJNFAAZE1U0005576,117.73,14.40,9166.80078125,79,75,0,0,0,0,14.5,99.17,-173095,100,1528031072.164,1800,2,0,0,0,0,0,0,0,4,365.76,365.76,7F,1,1,1,0080,74,40,40,0,0,19,39.25
03/06/2018 14:04:35,55 59.40535,-2 30.55496,239,0,333,659211,1144818,365.76,3.784,3818,3801,3810,17,0,107.4,41.9,102.4,39.1,none,none,93.2,34.0,3809,-3817,3807,3814,3809,3814,3809,-3811,3807,-3814,3807,-3813,3807,3815,3806,-3815,3805,-3813,3806,-3812,3806,-3813,3807,-3813,3808,-3816,3806,-3814,3806,-3812,3808,3813,3808,-3812,3808,-3813,3808,-3813,3808,-3812,3808,3813,3809,-3815,3808,-3813,3808,-3810,3806,-3813,3806,-3815,3807,-3813,3809,-3812,3807,-3813,3808,3812,3803,-3814,3805,-3815,3805,-3817,3804,-3816,3806,3815,3804,-3814,3803,-3816,3802,-3817,3802,-3817,3802,-3817,3803,-3818,3801,-3816,3804,-3814,3804,-3815,3807,-3815,3804,-3814,3805,-3813,3804,-3811,-0.37,SJNFAAZE1U0005576,117.73,14.40,9166.80078125,79,75,0,0,0,0,14.5,99.17,-173095,100,1528031075.737,1800,2,0,0,0,0,0,0,0,4,365.76,365.76,7F,1,1,1,0080,74,40,40,0,0,19,62.50
03/06/2018 14:04:39,55 59.40535,-2 30.55496,239,0,333,659170,1144818,365.66,5.095,3818,3801,3809,17,0,107.6,42.0,102.4,39.1,none,none,93.2,34.0,3808,-3816,3805,-3814,3808,3813,3809,3811,3808,-3814,3807,-3814,3807,-3815,3806,-3815,3805,3814,3805,-3813,3807,-3814,3806,-3813,3807,-3816,3805,-3815,3805,-3813,3808,-3813,3809,-3814,3808,3814,3807,-3814,3806,-3813,3807,-3813,3810,-3814,3807,3814,3807,-3811,3806,-3813,3806,-3816,3806,-3813,3808,-3813,3806,-3814,3806,-3812,3805,-3816,3804,3817,3805,-3818,3804,-3814,3806,-3816,3804,-3814,3804,-3816,3801,3816,3802,-3816,3803,-3818,3802,-3818,3801,-3815,3804,3815,3803,-3814,3806,-3815,3804,-3813,3804,-3814,3802,-3810,-0.34,SJNFAAZE1U0005576,117.73,14.40,9166.80078125,79,75,0,0,0,0,14.5,99.17,-173095,100,1528031079.133,1800,2,0,0,0,0,0,0,0,4,365.77,365.77,7F,1,1,1,0080,74,40,40,0,0,19,52.50
03/06/2018 14:04:42,55 59.40535,-2 30.55496,239,0,333,659121,1144818,365.47,10.894,3816,3798,3807,18,0,107.6,42.0,102.4,39.1,none,none,93.2,34.0,3806,-3814,3803,-3811,3805,3810,3807,-3808,3804,-3811,3803,3812,3804,-3813,3803,-3811,3803,-3810,3803,-3809,3805,3809,3804,-3811,3804,-3813,3803,-3813,3803,-3809,3806,-3810,3805,-3809,3805,-3810,3805,-3811,3805,3810,3806,-3811,3807,-3812,3806,-3811,3805,-3808,3803,-3811,3803,3813,3804,-3810,3805,-3810,3805,-3810,3805,-3810,3802,3812,3801,-3814,3803,-3816,3802,-3814,3802,-3812,3802,-3813,3802,-3814,3799,-3814,3799,-3814,3800,3814,3800,-3816,3798,-3813,3802,-3812,3801,-3812,3804,3812,3802,-3810,3802,-3811,3800,-3808,-0.34,SJNFAAZE1U0005576,117.73,14.40,9166.80078125,79,75,0,0,0,0,14.5,99.17,-173095,100,1528031082.647,2240,2,0,0,0,0,0,0,0,4,365.56,365.56,7F,1,1,1,0080,74,40,40,0,0,19,42.00
03/06/2018 14:04:46,55 59.40535,-2 30.55496,239,0,333,659065,1144818,365.76,3.417,3818,3801,3810,17,0,107.6,42.0,102.4,39.1,none,none,93.2,34.0,-3815,3809,-3813,3807,-3815,3808,-3814,3807,-3813,3807,-3812,3808,-3813,3807,-3813,3807,-3813,3807,-3812,3806,-3813,3806,-3814,3808,-3815,3806,-3814,3805,-3813,3808,-3813,3809,-3813,3808,-3812,3810,-3814,3807,-3812,3807,-3815,3808,-3815,3810,-3813,3808,-3814,3807,-3812,3805,-3814,3806,-3815,3807,-3815,3806,-3815,3806,-3817,3805,-3815,3803,-3817,3804,-3816,3806,-3816,3806,-3815,3804,-3816,3804,-3816,3801,-3818,3801,-3818,3801,-3818,3802,-3816,3802,-3815,3804,-3815,3803,-3814,3804,-3815,3806,-3813,3805,-3815,3806,-3813,3804,-0.36,SJNFAAZE1U0005576,117.73,14.40,9166.80078125,79,75,0,0,0,0,14.5,99.17,-173095,100,1528031086.232,2120,2,0,0,0,0,0,0,0,4,365.78,365.78,7F,1,1,1,0080,74,40,40,0,0,19,30.50
03/06/2018 14:04:49,55 59.40535,-2 30.55496,239,0,333,659036,1144818,365.76,3.295,3819,3801,3810,18,0,107.6,42.0,102.2,39.0,none,none,93.0,33.9,-3815,3810,-3814,3807,-3815,3808,-3814,3808,-3814,3807,-3812,3809,-3815,3808,-3813,3807,-3813,3807,-3813,3807,-3814,3807,-3814,3809,-3814,3807,-3815,3807,-3814,3809,-3813,3810,-3814,3809,-3813,3810,-3812,3808,-3814,3808,-3813,3808,-3815,3811,-3814,3808,-3814,3806,-3813,3805,-3815,3807,-3814,3808,-3815,3806,-3815,3806,-3817,3806,-3815,3803,-3817,3804,-3817,3806,-3816,3806,-3817,3805,-3817,3806,-3816,3802,-3817,3801,-3817,3802,-3819,3804,-3817,3804,-3817,3803,-3815,3805,-3816,3804,-3816,3808,-3814,3805,-3815,3805,-3813,3804,-0.37,SJNFAAZE1U0005576,117.73,14.40,9166.80078125,79,75,0,0,0,0,14.5,99.17,-173095,100,1528031089.930,1960,2,1,0,5,0,0,0,0,4,365.81,365.81,7F,1,1,1,0080,74,40,40,0,0,19,50.50
03/06/2018 14:04:53,55 59.40535,-2 30.55496,239,0,333,659008,1144818,365.76,3.051,3817,3803,3810,14,0,107.6,42.0,102.4,39.1,none,none,93.2,34.0,-3814,3811,-3814,3808,-3816,3809,-3813,3809,-3814,3809,-3812,3811,-3814,3807,-3814,3808,-3813,3808,-3813,3808,-3814,3807,-3813,3809,-3814,3808,-3815,3807,-3812,3808,-3813,3809,-3813,3809,-3813,3811,-3813,3808,-3813,3808,-3814,3809,-3815,3810,-3814,3810,-3814,3808,-3812,3806,-3814,3808,-3814,3808,-3814,3807,-3814,3806,-3817,3807,-3814,3805,-3817,3806,-3816,3809,-3815,3807,-3815,3806,-3815,3807,-3814,3804,-3816,3803,-3816,3803,-3817,3805,-3816,3806,-3815,3805,-3814,3805,-3815,3807,-3815,3809,-3813,3807,-3814,3807,-3812,3806,-0.37,SJNFAAZE1U0005576,117.73,14.40,9166.80078125,79,75,0,0,0,0,14.5,99.17,-173095,100,1528031093.346,0,2,0,0,0,0,0,0,0,4,365.83,365.83,7F,1,1,1,0080,74,40,40,0,0,19,49.25
03/06/2018 14:04:56,55 59.40535,-2 30.55496,239,0,333,658985,1144818,365.86,2.898,3818,3802,3811,16,0,107.6,42.0,102.4,39.1,none,none,93.2,34.0,-3815,3811,-3814,3808,-3815,3809,-3815,3807,-3815,3808,-3814,3809,-3814,3807,-3815,3808,-3814,3807,-3813,3807,-3814,3807,-3815,3809,-3815,3808,-3816,3807,-3814,3808,-3814,3810,-3814,3810,-3813,3810,-3814,3808,-3814,3807,-3815,3809,-3816,3811,-3815,3810,-3814,3808,-3814,3806,-3815,3809,-3814,3808,-3816,3807,-3815,3805,-3817,3806,-3816,3804,-3817,3805,-3818,3806,-3817,3805,-3818,3807,-3816,3806,-3816,3802,-3817,3803,-3817,3803,-3818,3803,-3818,3803,-3817,3804,-3815,3804,-3815,3805,-3815,3808,-3814,3806,-3816,3806,-3815,3805,-0.35,SJNFAAZE1U0005576,117.73,14.40,9166.80078125,79,75,0,0,0,0,14.5,99.17,-173095,100,1528031096.801,280,2,0,0,0,0,0,0,0,4,365.85,365.85,7F,1,1,1,0080,74,40,40,0,0,19,49.25
03/06/2018 14:05:00,55 59.40535,-2 30.55496,239,0,333,658961,1144818,365.86,2.715,3819,3802,3811,17,0,107.6,42.0,102.2,39.0,none,none,93.2,34.0,-3809,3817,-3808,3815,-3809,3814,-3811,3813,-3808,3814,-3808,3815,-3808,3816,-3807,3815,-3807,3815,-3808,3814,-3808,3814,-3808,3815,-3809,3816,-3807,3816,3808,-3814,3809,3814,3809,-3813,3810,-3814,3809,-3814,3809,-3813,3809,-3814,3812,3816,3810,-3815,3810,-3812,3807,-3814,3808,-3816,3807,3814,3810,-3814,3808,-3815,3809,-3814,-3806,3817,-3806,-3817,-3807,3819,-3807,3818,-3808,3816,-3806,3815,-3805,3817,-3803,3818,-3803,3818,-3804,3818,-3804,3819,-3802,3816,-3805,3815,-3805,3815,-3808,3816,-3805,3815,-3807,3816,-3805,3812,-0.43,SJNFAAZE1U0005576,117.73,14.40,9166.80078125,79,75,0,0,0,0,14.5,99.17,-173095,100,1528031100.290,0,2,0,0,0,0,0,0,0,4,365.88,365.88,7F,1,1,1,0080,74,40,40,0,0,19,48.50
03/06/2018 14:05:03,55 59.40535,-2 30.55496,239,0,333,658938,1144818,365.86,2.746,3818,3804,3811,14,0,107.6,42.0,102.4,39.1,none,none,93.2,34.0,3810,3817,3808,-3815,3810,3813,3812,-3813,3809,-3814,3808,-3815,3809,-3816,3809,-3814,3807,-3814,3808,3814,3808,-3814,3809,-3814,3809,-3814,3807,-3815,3808,3813,3810,-3814,3810,-3813,3809,-3815,3810,-3814,3809,-3813,3810,3814,3813,-3815,3810,-3813,3810,-3811,3808,-3813,3809,-3816,3808,-3813,3810,-3813,3809,-3814,3810,3813,3807,-3815,3807,-3816,3808,-3818,3807,-3816,3809,3815,3808,-3815,3806,-3817,3805,-3816,3804,-3816,3805,-3816,3806,-3817,3805,-3815,3806,-3814,3806,3815,3809,-3815,3806,-3814,3807,-3815,3807,-3811,-0.40,SJNFAAZE1U0005576,117.73,14.40,9166.80078125,79,75,0,0,0,0,14.5,99.17,-173095,100,1528031103.663,0,2,0,0,0,0,0,0,0,4,365.89,365.89,7F,1,1,1,0080,74,40,40,0,0,19,48.75
03/06/2018 14:05:07,55 59.40535,-2 30.55496,239,0,333,658915,1144818,365.86,2.715,3818,3804,3811,14,0,107.4,41.9,102.2,39.0,none,none,93.0,33.9,3810,-3818,3808,-3815,3811,3814,3812,-3813,3809,-3814,3809,-3815,3809,-3815,3808,-3815,3808,3814,3809,-3813,3809,-3813,3809,-3815,3809,-3816,3807,-3814,3808,-3813,3811,-3815,3810,-3813,3810,3814,3810,-3814,3809,-3813,3811,-3814,3813,-3816,3810,3814,3811,-3812,3808,-3815,3809,-3815,3809,-3813,3809,-3813,3810,-3814,3811,-3814,3806,-3815,3807,3817,3808,-3818,3807,-3816,3809,-3816,3807,-3816,3806,3816,3806,-3817,3804,-3818,3806,-3817,3806,-3817,3805,-3816,3806,-3815,3806,-3815,3809,-3817,3807,3814,3808,-3815,3806,-3812,-0.45,SJNFAAZE1U0005576,117.73,14.24,9166.80078125,79,75,0,0,0,0,14.5,99.17,-173095,100,1528031107.137,0,2,0,0,0,0,0,0,0,4,365.91,365.91,7F,1,1,1,0080,74,40,40,0,0,19,48.75
03/06/2018 14:05:10,55 59.40535,-2 30.55496,239,0,333,658892,1144818,365.86,2.654,3820,3802,3811,18,0,107.6,42.0,102.2,39.0,none,none,93.0,33.9,3810,-3818,3808,-3816,3810,3814,3812,-3813,3809,-3814,3808,3815,3809,-3816,3808,-3816,3808,-3815,3808,-3814,3808,3815,3808,-3815,3809,-3818,3808,-3817,3807,-3815,3810,-3816,3810,-3815,3810,-3815,3810,-3814,3808,3814,3810,-3814,3811,-3815,3810,-3815,3810,-3811,3808,3815,3808,-3818,3807,-3814,3810,-3813,3809,-3815,3810,-3814,3806,-3816,3807,-3818,3806,-3820,3806,3817,3807,-3817,3806,-3815,3805,-3818,3803,-3818,3802,3818,3804,-3819,3804,-3818,3803,-3817,3805,-3816,3805,-3816,3808,-3817,3806,-3814,3806,-3816,3805,3812,-0.57,SJNFAAZE1U0005576,117.73,13.92,9166.80078125,79,75,0,0,0,0,14.5,99.17,-173095,100,1528031110.623,0,2,0,0,0,0,0,0,0,4,365.93,365.93,7F,1,1,1,0080,74,40,40,0,0,19,48.75
03/06/2018 14:05:14,55 59.40535,-2 30.55496,239,0,333,658848,1144818,365.38,13.885,3813,3799,3806,14,0,107.6,42.0,102.2,39.0,none,none,93.0,33.9,3805,-3813,3802,-3811,3806,3809,3806,-3809,3804,-3809,3804,-3810,3805,-3811,3805,3811,3804,-3809,3803,-3809,3804,-3810,3804,-3811,3805,3811,3804,-3812,3804,-3810,3805,-3809,3805,-3810,3805,-3810,3805,-3809,3805,-3809,3806,-3809,3807,3810,3805,-3809,3806,-3806,3804,-3809,3803,-3810,3804,3810,3806,-3808,3804,-3811,3806,-3809,3802,-3811,3802,-3811,3804,-3813,3802,-3811,3804,-3811,3803,3810,3803,-3811,3800,-3812,3800,-3813,3801,-3813,3801,-3813,3799,3811,3801,-3810,3802,-3810,3805,-3811,3803,-3809,3803,3810,3801,-3807,-1.30,SJNFAAZE1U0005576,117.73,13.68,9166.80078125,79,75,0,0,0,0,14.5,99.17,-173095,100,1528031114.037,2520,2,0,0,0,0,0,0,0,4,365.61,365.61,7F,1,1,1,0080,74,40,40,0,0,19,93.25
03/06/2018 14:05:17,55 59.40535,-2 30.55496,239,0,333,658763,1144818,365.76,2.746,3819,3802,3810,17,0,107.4,41.9,102.4,39.1,none,none,93.0,33.9,3815,3810,3815,-3807,-3816,3809,-3814,-3808,-3814,3808,-3813,3810,-3815,3808,-3814,3807,-3814,3808,-3813,3807,-3814,3808,-3813,3809,-3814,3807,-3815,3807,-3814,3809,-3814,3809,-3815,3809,-3813,3810,-3813,3808,-3813,3808,-3815,3808,-3815,3810,-3814,3810,-3814,3806,-3813,3805,-3815,3807,3814,-3808,3815,3807,3816,-3806,3817,3806,3816,-3804,3818,-3806,3818,-3808,3815,-3806,3817,3806,3816,-3806,3816,-3803,3819,-3803,3818,-3802,3819,-3802,3818,-3803,3816,-3804,3815,-3805,3815,3805,3815,-3807,3814,-3804,3816,-3806,3814,-3805,-0.50,SJNFAAZE1U0005576,117.73,13.44,9166.80078125,79,75,0,0,0,0,15.0,99.17,-173095,100,1528031117.444,2040,3,0,0,0,0,0,0,0,4,365.82,365.82,7F,1,1,1,0080,74,40,40,0,0,19,27.75
03/06/2018 14:05:21,55 59.40535,-2 30.55496,239,0,333,658728,1144818,365.66,6.042,3818,3801,3809,17,0,107.6,42.0,102.4,39.1,none,none,93.2,34.0,-3814,3809,-3813,3806,-3814,3808,-3813,3806,-3813,3807,-3813,3807,-3813,3806,-3813,3806,-3813,3805,-3812,3806,-3813,3805,-3812,3807,-3815,3806,-3813,3805,-3812,3807,-3812,3807,-3812,3808,-3812,3809,-3813,3807,-3812,3806,-3813,3807,-3815,3809,-3813,3807,-3812,3806,-3811,3804,-3815,3806,-3813,3806,-3814,3805,-3813,3805,-3816,3804,-3814,3802,-3816,3804,-3817,3806,-3815,3803,-3816,3804,-3815,3805,-3814,3801,-3816,3802,-3816,3801,-3818,3802,-3816,3802,-3816,3803,-3815,3804,-3814,3804,-3815,3806,-3812,3803,-3814,3804,-3812,3803,-0.34,SJNFAAZE1U0005576,117.73,13.60,9166.80078125,79,75,0,0,0,0,15.0,99.17,-173095,100,1528031121.118,1840,2,0,0,0,0,0,0,0,4,365.77,365.77,7F,1,1,1,0080,74,40,40,0,0,19,81.50
03/06/2018 14:05:24,55 59.40535,-2 30.55496,239,0,333,658652,1144818,365.66,7.293,3817,3800,3809,17,0,107.6,42.0,102.4,39.1,none,none,93.2,34.0,-3813,3808,-3813,3806,-3813,3807,-3812,3806,-3813,3807,-3812,3808,-3812,3807,-3812,3804,-3813,3806,-3812,3805,-3814,3805,-3813,3807,-3813,3806,-3814,3805,-3813,3807,-3812,3808,-3811,3807,-3811,3808,-3812,3806,-3812,3805,-3813,3806,-3815,3809,-3813,3807,-3812,3805,-3812,3803,-3813,3805,-3813,3806,-3815,3804,-3813,3804,-3815,3804,-3813,3802,-3815,3803,-3816,3805,-3815,3803,-3815,3803,-3814,3804,-3814,3800,-3816,3800,-3816,3801,-3817,3801,-3816,3801,-3816,3803,-3813,3803,-3814,3803,-3814,3806,-3812,3804,-3814,3804,-3812,3803,-0.36,SJNFAAZE1U0005576,117.73,13.92,9166.80078125,79,75,0,0,0,0,15.0,99.17,-173095,100,1528031124.792,2160,2,0,0,0,0,0,0,0,4,365.68,365.68,7F,1,1,1,0080,74,40,40,0,0,19,57.00
03/06/2018 14:05:28,55 59.40535,-2 30.55496,239,0,333,658583,1144818,365.57,9.063,3816,3800,3808,16,0,107.6,42.0,102.4,39.1,none,none,93.2,34.0,-3811,3807,-3812,3805,-3813,3807,-3813,3806,-3812,3806,-3811,3807,-3812,3806,-3811,3805,-3811,3806,-3810,3805,-3812,3805,-3811,3806,-3812,3805,-3812,3806,-3811,3806,-3812,3807,-3811,3807,-3810,3809,-3811,3806,-3811,3806,-3812,3807,-3813,3808,-3812,3807,-3811,3805,-3810,3804,-3812,3806,-3812,3805,-3813,3806,-3812,3803,-3814,3803,-3813,3802,-3814,3803,-3814,3805,-3814,3803,-3814,3803,-3813,3804,-3814,3800,-3815,3800,-3815,3800,-3816,3801,-3815,3802,-3814,3801,-3812,3803,-3812,3802,-3813,3806,-3811,3803,-3813,3803,-3810,3803,-0.33,SJNFAAZE1U0005576,117.73,14.24,9166.80078125,79,75,0,0,0,0,15.0,99.17,-173095,100,1528031128.329,2160,2,0,0,0,0,0,0,0,4,365.62,365.62,7F,1,1,1,0080,74,40,40,0,0,19,60.50
03/06/2018 14:05:31,55 59.40535,-2 30.55496,239,0,333,658500,1144818,365.47,10.527,3814,3800,3807,14,0,107.6,42.0,102.4,39.1,none,none,93.0,33.9,-3810,3807,-3808,3805,-3810,3807,-3810,3805,-3809,3806,-3810,3806,-3810,3806,-3809,3804,-3810,3805,-3808,3805,-3809,3805,-3810,3807,-3811,3804,-3812,3804,-3808,3806,-3810,3807,-3808,3807,-3808,3808,-3809,3805,-3809,3805,-3811,3806,-3812,3807,-3810,3806,-3809,3804,-3808,3803,-3810,3805,-3811,3805,-3812,3804,-3811,3803,-3813,3803,-3811,3802,-3812,3803,-3813,3805,-3810,3804,-3813,3802,-3812,3804,-3811,3800,-3812,3800,-3812,3801,-3814,3801,-3813,3801,-3811,3803,-3810,3802,-3811,3802,-3812,3806,-3810,3804,-3810,3802,-3809,3802,-0.33,SJNFAAZE1U0005576,117.73,14.40,9166.80078125,79,75,0,0,0,0,15.0,99.17,-173095,100,1528031131.851,2440,2,0,0,0,0,0,0,0,4,365.51,365.51,7F,1,1,1,0080,74,40,40,0,0,19,60.75
03/06/2018 14:05:35,55 59.40535,-2 30.55496,239,0,333,658406,1144818,365.38,11.748,3813,3797,3806,16,0,107.6,42.0,102.2,39.0,none,none,93.0,33.9,3804,-3812,3802,-3810,3805,3809,3806,-3808,3803,-3810,3803,-3810,3803,-3811,3802,-3811,3802,-3810,3802,-3810,3803,-3809,3803,3810,3804,-3811,3802,-3810,3802,-3809,3804,-3808,3804,3809,3804,-3809,3803,-3809,3803,-3809,3804,-3809,3807,-3811,3804,-3809,3804,-3805,3801,-3808,3802,3811,3803,-3809,3803,-3809,3804,-3808,3804,-3808,3800,3811,3802,-3813,3802,-3813,3800,-3812,3802,-3812,3801,-3810,3801,-3812,3797,-3811,3797,-3813,3798,3813,3798,-3813,3797,-3810,3799,-3810,3800,-3811,3802,-3811,3800,3810,3801,-3809,3799,-3807,-0.31,SJNFAAZE1U0005576,117.73,14.40,9166.80078125,79,75,0,0,0,0,15.0,99.17,-173095,100,1528031135.286,2720,2,0,0,0,0,0,0,0,4,365.41,365.41,7F,1,1,1,0080,74,40,40,0,0,19,61.25
03/06/2018 14:05:38,55 59.40535,-2 30.55496,239,0,333,658309,1144818,365.47,9.002,3815,3797,3807,18,0,107.4,41.9,102.2,39.0,none,none,93.0,33.9,3805,-3814,3803,-3811,3805,3810,3807,-3809,3804,3810,3803,-3811,3804,-3813,3803,-3813,3803,-3810,3803,-3810,3804,-3810,3804,-3811,3804,-3813,3802,3812,3803,-3810,3806,-3811,3805,-3810,3804,-3811,3804,3810,3804,-3810,3806,-3811,3807,-3811,3805,-3811,3804,-3807,3803,-3811,3803,-3812,3803,-3809,3804,3809,3804,-3810,3804,-3810,3801,-3811,3802,-3813,3801,-3815,3801,3812,3803,-3812,3801,-3812,3802,-3815,3797,-3814,3799,3815,3799,-3814,3800,-3815,3797,-3812,3800,-3812,3801,-3811,3804,-3813,3801,-3810,3802,-3811,3801,3808,-0.33,SJNFAAZE1U0005576,117.73,14.40,9166.80078125,79,75,0,0,0,0,15.0,99.17,-173095,100,1528031138.615,3040,2,0,0,0,0,0,0,0,4,365.49,365.49,7F,1,1,1,0080,74,40,40,0,0,19,44.25
03/06/2018 14:05:42,55 59.40535,-2 30.55496,239,0,333,658243,1144818,365.47,6.774,3815,3798,3807,17,0,107.6,42.0,102.2,39.0,none,none,93.0,33.9,3805,-3814,3804,3811,3806,3810,3808,-3809,3806,-3811,3805,-3812,3805,3812,3805,-3811,3804,-3811,3804,-3810,3805,-3810,3804,-3811,3804,-3813,3804,-3812,3804,-3810,3806,3811,3806,-3810,3807,-3812,3806,-3811,3806,-3811,3806,-3811,3809,3813,3807,-3811,3806,-3808,3803,-3811,3804,-3812,3803,3811,3805,-3810,3804,-3811,3806,-3812,3802,-3813,3802,-3814,3803,-3815,3802,-3813,3803,-3813,3801,3812,3803,-3815,3799,-3815,3798,-3814,3799,-3815,3800,3815,3799,-3813,3801,-3812,3801,-3812,3803,-3813,3801,-3811,3802,-3812,3801,-3809,-0.33,SJNFAAZE1U0005576,117.73,14.40,9166.80078125,79,75,0,0,0,0,15.0,99.17,-173095,100,1528031142.054,3040,2,0,0,0,0,0,0,0,4,365.55,365.55,7F,1,1,1,0080,74,40,40,0,0,19,50.00
03/06/2018 14:05:45,55 59.40535,-2 30.55496,239,0,333,658183,1144818,365.47,7.385,3816,3799,3807,17,0,107.6,42.0,102.2,39.0,none,none,93.0,33.9,3807,-3815,3805,-3811,3805,3810,3808,3809,3805,-3810,3804,-3811,3805,-3812,3803,-3812,3804,-3811,3805,3810,3805,-3810,3804,-3811,3805,-3814,3803,-3812,3803,3811,3807,-3811,3806,-3810,3806,-3811,3805,-3811,3805,-3810,3806,-3811,3808,-3811,3805,-3811,3806,3808,3804,-3810,3804,-3812,3804,-3810,3806,-3809,3805,3811,3805,-3811,3802,-3814,3803,-3815,3804,-3815,3802,-3813,3803,-3813,3803,-3813,3802,-3814,3799,3813,3799,-3814,3801,-3816,3800,-3815,3799,-3813,3802,3812,3802,-3812,3804,-3813,3802,-3810,3803,-3811,3801,-3808,-0.36,SJNFAAZE1U0005576,117.73,14.40,9166.80078125,79,75,0,0,0,0,15.0,99.17,-173095,100,1528031145.424,3040,2,0,0,0,0,0,0,0,4,365.53,365.53,7F,1,1,1,0080,74,40,40,0,0,19,41.25
03/06/2018 14:05:48,55 59.40535,-2 30.55496,239,0,333,658123,1144818,365.47,8.300,3815,3799,3807,16,0,107.4,41.9,102.2,39.0,none,none,93.0,33.9,3805,-3814,3804,-3811,3805,3810,3808,-3808,3805,-3810,3804,-3811,3805,-3812,3805,-3812,3804,-3810,3804,-3810,3804,-3811,3804,3810,3805,-3813,3804,-3812,3803,-3809,3806,-3811,3805,3808,3806,-3810,3805,-3810,3804,-3809,3806,-3810,3808,-3812,3806,-3810,3805,-3808,3803,-3810,3803,3811,3804,-3810,3806,-3810,3804,-3811,3805,-3811,3802,3812,3803,-3813,3802,-3814,3802,-3813,3804,-3813,3801,-3812,3802,-3814,3799,-3814,3799,-3814,3800,3813,3799,-3815,3799,-3812,3801,-3811,3801,-3811,3805,-3811,3801,3811,3802,-3812,3801,-3808,-0.34,SJNFAAZE1U0005576,117.73,14.40,9166.80078125,79,75,0,0,0,0,15.0,99.17,-173095,100,1528031148.782,2840,2,0,0,0,0,0,0,0,4,365.49,365.49,7F,1,1,1,0080,74,40,40,0,0,19,57.25
03/06/2018 14:05:52,55 59.40535,-2 30.55496,239,0,333,658055,1144818,365.38,8.819,3816,3797,3806,19,0,107.4,41.9,102.2,39.0,none,none,93.0,33.9,-3810,3805,-3809,3803,-3812,3804,-3810,3804,-3810,3804,-3810,3806,-3809,3804,-3811,3803,-3810,3804,-3809,3803,-3811,3803,-3810,3805,-3811,3803,-3812,3802,-3809,3806,-3810,3805,-3809,3804,-3809,3806,-3809,3803,-3810,3804,-3810,3804,-3813,3805,-3810,3805,-3810,3803,-3809,3801,-3811,3802,-3811,3804,-3812,3803,-3811,3802,-3812,3801,-3810,3800,-3813,3801,-3814,3802,-3812,3803,-3813,3802,-3812,3802,-3811,3797,-3813,3798,-3813,3799,-3816,3801,-3814,3799,-3811,3800,-3810,3800,-3811,3802,-3812,3805,-3809,3802,-3811,3801,-3809,3800,-0.30,SJNFAAZE1U0005576,117.73,14.40,9166.80078125,79,75,0,0,0,0,15.0,99.17,-173095,100,1528031152.134,2840,2,0,0,0,0,0,0,0,4,365.46,365.46,7F,1,1,1,0080,74,40,40,0,0,19,55.75
03/06/2018 14:05:55,55 59.40535,-2 30.55496,239,0,333,657979,1144818,365.38,9.429,3814,3798,3806,16,0,107.4,41.9,102.4,39.1,none,none,93.0,33.9,-3810,3806,-3809,3803,-3812,3806,-3809,3804,-3810,3804,-3809,3806,-3810,3804,-3810,3804,-3809,3803,-3808,3803,-3810,3803,-3810,3806,-3810,3804,-3810,3802,-3809,3805,-3809,3806,-3809,3805,-3809,3806,-3810,3804,-3810,3804,-3811,3805,-3812,3806,-3809,3805,-3810,3804,-3808,3802,-3810,3804,-3809,3803,-3812,3803,-3811,3802,-3813,3801,-3812,3801,-3812,3801,-3813,3803,-3813,3802,-3813,3802,-3812,3802,-3812,3798,-3813,3798,-3813,3798,-3814,3799,-3814,3800,-3812,3799,-3810,3801,-3811,3800,-3811,3805,-3809,3801,-3811,3801,-3810,3800,-0.35,SJNFAAZE1U0005576,117.73,14.40,9166.80078125,79,75,0,0,0,0,15.0,99.17,-173095,100,1528031155.485,2840,2,0,0,0,0,0,0,0,4,365.44,365.44,7F,1,1,1,0080,74,40,40,0,0,11,52.75
03/06/2018 14:05:58,55 59.40535,-2 30.55496,239,0,333,657907,1144818,365.47,8.239,3816,3797,3807,19,0,107.4,41.9,102.2,39.0,none,none,93.0,33.9,-3810,3806,-3810,3803,-3813,3804,-3811,3804,-3811,3804,-3811,3806,-3811,3804,-3811,3804,-3810,3803,-3810,3802,-3810,3803,-3811,3805,-3811,3803,-3812,3803,-3810,3806,-3810,3805,-3810,3805,-3810,3806,-3810,3805,-3810,3804,-3811,3805,-3813,3807,-3811,3805,-3810,3804,-3809,3802,-3811,3804,-3811,3804,-3812,3803,-3811,3803,-3813,3802,-3812,3800,-3813,3802,-3814,3804,-3813,3801,-3814,3802,-3812,3802,-3812,3797,-3815,3798,-3814,3798,-3816,3800,-3815,3799,-3814,3801,-3811,3801,-3812,3801,-3812,3805,-3810,3801,-3812,3801,-3809,3801,-0.36,SJNFAAZE1U0005576,117.73,14.40,9166.80078125,79,75,0,0,0,0,15.0,99.17,-173095,100,1528031158.811,2840,2,0,0,0,0,0,0,0,4,365.44,365.44,7F,1,1,1,0080,74,40,40,0,0,19,28.25
03/06/2018 14:06:02,55 59.40535,-2 30.55496,239,0,333,657860,1144818,365.47,5.278,3816,3798,3807,18,0,107.6,42.0,102.4,39.1,none,none,93.0,33.9,-3812,3807,-3811,3804,-3813,3806,-3811,3805,-3812,3805,-3811,3805,-3811,3805,-3812,3804,-3811,3804,-3810,3804,-3811,3803,-3811,3805,-3812,3804,-3812,3803,-3810,3806,-3810,3807,-3811,3805,-3810,3808,-3811,3805,-3811,3805,-3811,3806,-3812,3807,-3811,3806,-3811,3805,-3809,3803,-3813,3805,-3813,3805,-3813,3804,-3813,3803,-3813,3802,-3812,3802,-3814,3803,-3815,3803,-3813,3802,-3813,3802,-3813,3802,-3814,3798,-3815,3799,-3815,3801,-3816,3800,-3815,3800,-3813,3802,-3812,3802,-3812,3802,-3813,3805,-3811,3802,-3812,3802,-3811,3802,-0.36,SJNFAAZE1U0005576,117.73,14.40,9166.80078125,79,75,0,0,0,0,15.0,99.17,-173095,100,1528031162.352,2480,2,1,0,5,0,0,0,0,4,365.55,365.55,7F,1,1,1,0080,74,40,40,0,0,19,19.75
03/06/2018 14:06:05,55 59.40535,-2 30.55496,239,0,333,657832,1144818,365.66,2.868,3815,3802,3809,13,0,107.4,41.9,102.2,39.0,none,none,93.0,33.9,-3812,3808,-3812,3807,-3814,3808,-3811,3807,-3811,3806,-3812,3807,-3812,3806,-3812,3805,-3811,3806,-3810,3805,-3811,3806,-3811,3808,-3813,3807,-3812,3805,-3812,3807,-3811,3809,-3811,3807,-3812,3809,-3811,3807,-3811,3806,-3812,3807,-3814,3808,-3811,3807,-3811,3806,-3810,3805,-3813,3806,-3812,3807,-3813,3806,-3814,3804,-3815,3804,-3813,3803,-3815,3804,-3815,3807,-3814,3806,-3813,3804,-3812,3804,-3814,3802,-3813,3802,-3813,3802,-3815,3803,-3814,3803,-3814,3804,-3813,3803,-3812,3805,-3813,3808,-3811,3805,-3812,3804,-3812,3804,-0.35,SJNFAAZE1U0005576,117.73,14.40,9166.80078125,79,75,0,0,0,0,15.0,99.17,-173095,100,1528031165.992,0,2,0,0,0,0,0,0,0,4,365.66,365.66,7F,1,1,1,0080,74,40,40,0,0,19,26.75
03/06/2018 14:06:09,55 59.40535,-2 30.55496,239,0,333,657815,1144818,365.76,1.525,3819,3801,3810,18,0,107.4,41.9,102.2,39.0,none,none,93.0,33.9,3809,-3817,3806,3814,3808,3814,3810,-3812,3807,-3813,3808,-3814,3808,3815,3805,-3815,3806,-3813,3806,-3812,3808,-3813,3807,-3813,3807,-3815,3805,-3815,3806,-3813,3808,3813,3808,-3812,3807,-3813,3808,-3813,3808,-3812,3809,3813,3811,-3814,3808,-3814,3808,-3810,3805,-3814,3806,-3815,3807,-3814,3808,-3812,3807,-3813,3808,-3814,3805,-3815,3805,-3816,3805,-3819,3805,-3815,3806,-3815,3804,3815,3803,-3816,3801,-3816,3801,-3816,3803,-3816,3803,3817,3802,-3815,3805,-3815,3804,-3813,3806,-3816,3805,-3813,3805,-3815,3803,-3810,-0.35,SJNFAAZE1U0005576,117.73,14.40,9166.80078125,79,75,0,0,0,0,15.0,99.17,-173095,100,1528031169.652,0,2,0,0,0,0,0,0,0,4,365.77,365.77,7F,1,1,1,0080,74,40,40,0,0,19,0.00
03/06/2018 14:06:13,55 59.40535,-2 30.55496,239,0,333,657804,1144818,365.76,1.220,3817,3802,3810,15,0,107.4,41.9,102.2,39.0,none,none,93.0,33.9,3810,-3816,3808,-3814,3810,3814,3811,3812,3809,-3813,3808,-3814,3809,-3814,3807,-3814,3807,3813,3806,-3812,3808,-3813,3808,-3813,3808,-3814,3807,-3813,3807,-3813,3808,-3814,3809,-3812,3809,3813,3809,-3814,3807,-3813,3809,-3813,3812,-3815,3810,-3812,3809,-3809,3807,-3812,3808,-3815,3808,-3813,3810,-3811,3808,3814,3810,-3812,3807,-3816,3806,-3815,3807,-3817,3806,-3816,3807,-3815,3806,-3813,3806,-3816,3803,3815,3803,-3816,3805,-3817,3804,-3816,3802,-3814,3805,3814,3805,-3814,3808,-3815,3806,-3812,3808,-3813,3805,-3811,-0.35,SJNFAAZE1U0005576,117.73,14.40,9166.80078125,79,75,0,0,0,0,15.0,99.17,-173095,100,1528031173.092,0,2,0,0,0,0,0,0,0,4,365.81,365.81,7F,1,1,1,0080,74,40,40,0,0,19,0.00
03/06/2018 14:06:16,55 59.40535,-2 30.55496,239,0,333,657793,1144818,365.76,1.281,3819,3802,3810,17,0,107.4,41.9,102.2,39.0,none,none,93.0,33.9,3809,-3818,3806,-3815,3809,3814,3812,-3813,3809,-3814,3807,3814,3808,-3815,3807,-3815,3807,-3815,3807,-3813,3808,-3813,3807,3815,3808,-3816,3807,-3815,3807,-3813,3810,-3814,3810,3813,3809,-3814,3809,-3814,3808,-3812,3809,-3814,3811,-3815,3809,-3814,3809,-3811,3807,-3814,3807,3816,3807,-3814,3809,-3813,3808,-3814,3808,-3814,3806,3816,3806,-3818,3806,-3819,3806,-3816,3807,-3816,3805,-3815,3805,-3817,3802,-3817,3803,-3818,3803,3818,3804,-3818,3803,-3815,3805,-3815,3804,-3814,3807,3816,3805,-3813,3806,-3815,3804,-3812,-0.38,SJNFAAZE1U0005576,117.73,14.40,9166.80078125,79,75,0,0,0,0,15.0,99.17,-173095,100,1528031176.410,0,2,0,0,0,0,0,0,0,4,365.83,365.83,7F,1,1,1,0080,74,40,40,0,0,19,0.00
03/06/2018 14:06:19,55 59.40535,-2 30.55496,239,0,333,657782,1144818,365.86,1.220,3818,3804,3811,14,0,107.4,41.9,102.2,39.0,none,none,93.0,33.9,3810,-3817,3808,-3815,3809,3814,3812,-3813,3809,3813,3808,-3814,3809,-3814,3808,-3814,3808,-3813,3808,-3812,3808,-3813,3809,-3814,3809,-3815,3808,3815,3808,-3813,3810,-3814,3810,-3812,3809,-3813,3810,3813,3809,-3813,3810,-3813,3812,-3815,3810,-3813,3810,-3811,3808,-3814,3808,-3815,3809,-3813,3810,3813,3809,-3814,3809,-3813,3807,-3815,3807,-3815,3807,3818,3806,-3815,3809,-3816,3806,-3814,3806,-3815,3805,-3816,3804,-3816,3804,-3816,3804,-3817,3804,3815,3806,-3814,3806,-3814,3808,-3817,3806,-3814,3806,-3815,3805,-3812,-0.37,SJNFAAZE1U0005576,117.73,14.40,9166.80078125,79,75,0,0,0,0,15.0,99.17,-173095,100,1528031179.808,0,2,0,0,0,0,0,0,0,4,365.85,365.85,7F,1,1,1,0080,74,40,40,0,0,19,0.00
03/06/2018 14:06:23,55 59.40535,-2 30.55496,239,0,333,657772,1144818,365.86,1.250,3819,3803,3811,16,0,107.4,41.9,102.2,39.0,none,none,92.8,33.8,3810,-3817,3807,3815,3809,3814,3811,-3813,3808,-3815,3809,-3815,3807,3817,3807,-3815,3808,-3813,3807,-3815,3809,-3813,3808,-3815,3808,-3816,3807,-3815,3806,-3814,3808,3814,3810,-3813,3809,-3815,3809,-3814,3808,-3814,3810,3814,3812,-3816,3810,-3814,3810,-3811,3807,-3815,3809,-3816,3808,-3815,3810,-3813,3808,-3815,3809,3815,3805,-3817,3806,-3817,3806,-3819,3806,-3817,3807,3817,3806,-3817,3806,-3817,3803,-3818,3804,-3819,3804,-3818,3803,3819,3804,-3816,3805,-3816,3806,-3815,3809,-3817,3806,-3814,3806,-3815,3804,-3812,-0.39,SJNFAAZE1U0005576,117.73,14.40,9166.80078125,79,75,0,0,0,0,15.0,99.17,-173095,100,1528031183.374,0,2,0,0,0,0,0,0,0,4,365.89,365.89,7F,1,1,1,0080,74,40,40,0,0,11,0.00
03/06/2018 14:06:26,55 59.40535,-2 30.55496,239,0,333,657760,1144818,365.86,1.220,3818,3804,3811,14,0,107.4,41.9,102.2,39.0,none,none,93.0,33.9,-3816,3811,-3813,3809,-3817,3810,-3814,3809,-3815,3809,-3813,3811,-3814,3810,-3814,3808,-3814,3808,-3813,3808,-3814,3809,-3814,3810,-3814,3809,-3816,3808,-3814,3809,-3814,3811,-3814,3810,-3813,3812,-3813,3810,-3813,3809,-3815,3810,-3815,3811,-3814,3810,-3814,3808,-3813,3808,-3816,3810,-3815,3810,-3816,3808,-3815,3808,-3817,3807,-3815,3806,-3817,3807,-3817,3809,-3816,3807,-3816,3806,-3815,3807,-3815,3804,-3816,3805,-3818,3805,-3817,3806,-3817,3806,-3816,3806,-3815,3806,-3815,3806,-3816,3810,-3813,3807,-3815,3807,-3813,3806,-0.39,SJNFAAZE1U0005576,117.73,14.40,9166.80078125,79,75,0,0,0,0,15.0,99.17,-173095,100,1528031186.926,0,2,0,0,0,0,0,0,0,4,365.90,365.90,7F,1,1,1,0080,74,40,40,0,0,19,0.00
03/06/2018 14:06:30,55 59.40535,-2 30.55496,239,0,333,657749,1144818,365.86,1.281,3819,3803,3811,16,0,107.4,41.9,102.2,39.0,none,none,92.8,33.8,-3815,3810,-3815,3808,-3816,3809,-3814,3809,-3814,3811,-3815,3809,-3816,3809,-3814,3809,-3814,3809,-3815,3808,-3815,3807,-3815,3809,-3816,3808,-3816,3808,-3814,3808,-3814,3811,-3815,3810,-3813,3810,-3815,3809,-3814,3809,-3816,3809,-3817,3811,-3814,3809,-3815,3808,-3813,3808,-3816,3808,-3816,3808,-3815,3807,-3816,3807,-3818,3806,-3816,3805,-3817,3805,-3818,3808,-3817,3807,-3817,3805,-3816,3806,-3816,3803,-3818,3803,-3818,3804,-3819,3803,-3819,3804,-3818,3805,-3816,3806,-3815,3806,-3817,3809,-3813,3806,-3817,3806,-3815,3806,-0.38,SJNFAAZE1U0005576,117.73,14.40,9166.80078125,79,75,0,0,0,0,15.0,99.17,-173095,100,1528031190.368,0,2,0,0,0,0,0,0,0,4,365.91,365.91,7F,1,1,1,0080,74,40,40,0,0,19,92.50
03/06/2018 14:06:33,55 59.40535,-2 30.55496,239,0,333,657681,1144818,364.99,23.772,3810,3793,3802,17,0,107.4,41.9,102.2,39.0,none,none,93.0,33.9,-3806,3801,-3806,3799,-3807,3801,-3805,3801,-3805,3799,-3804,3801,-3805,3801,-3806,3800,-3805,3800,-3805,3799,-3805,3799,-3806,3800,-3807,3799,-3807,3798,-3804,3801,-3804,3802,-3805,3800,-3804,3803,-3806,3800,-3805,3799,-3806,3800,-3806,3801,-3804,3800,-3805,3798,-3804,3797,-3806,3798,-3805,3798,-3805,3797,-3805,3797,-3807,3797,-3806,3794,-3808,3796,-3809,3798,-3807,3796,-3809,3797,-3806,3796,-3808,3794,-3808,3793,-3807,3793,-3810,3794,-3809,3796,-3808,3795,-3807,3796,-3807,3797,-3806,3799,-3805,3795,-3807,3797,-3804,3795,-0.36,SJNFAAZE1U0005576,117.73,14.40,9166.80078125,79,75,0,0,0,0,15.0,99.17,-173095,100,1528031193.539,4960,2,0,0,0,0,0,0,0,4,365.20,365.20,7F,1,1,1,0080,74,40,40,0,0,11,140.25
03/06/2018 14:06:37,55 59.40535,-2 30.55496,239,0,333,657381,1144818,364.22,33.355,3800,3785,3794,15,0,107.4,41.9,102.0,38.9,none,none,92.8,33.8,-3796,3793,-3797,3791,-3798,3794,-3797,3792,-3797,3793,-3797,3794,-3798,3793,-3798,3793,-3797,3792,-3797,3791,-3797,3791,-3798,3794,-3798,3793,-3798,3792,-3797,3794,-3797,3794,-3797,3794,-3796,3795,-3797,3792,-3796,3792,-3797,3792,-3798,3794,-3797,3793,-3796,3790,-3795,3789,-3796,3791,-3797,3791,-3798,3790,-3797,3790,-3799,3789,-3797,3789,-3799,3790,-3800,3791,-3799,3791,-3799,3791,-3798,3790,-3800,3785,-3799,3787,-3798,3787,-3799,3789,-3799,3788,-3798,3789,-3797,3789,-3798,3791,-3797,3791,-3796,3790,-3797,3788,-3796,3788,-0.32,SJNFAAZE1U0005576,117.73,14.40,9166.80078125,79,75,0,0,0,0,15.0,99.17,-173095,100,1528031197.094,11480,2,0,0,0,0,0,0,0,4,364.50,364.50,7F,1,1,1,0080,74,40,40,0,0,19,69.50
03/06/2018 14:06:40,55 59.40535,-2 30.55496,239,0,332,657200,1144818,365.09,22.033,3810,3797,3803,13,0,107.4,41.9,102.2,39.0,none,none,93.0,33.9,-3808,3804,-3806,3801,-3808,3803,-3807,3802,-3806,3803,-3805,3803,-3807,3803,-3806,3801,-3805,3802,-3807,3801,-3806,3802,-3807,3803,-3807,3802,-3808,3802,-3806,3803,-3806,3804,-3806,3802,-3805,3804,-3806,3802,-3806,3802,-3806,3802,-3809,3805,-3806,3802,-3806,3801,-3805,3800,-3806,3802,-3807,3801,-3808,3801,-3808,3800,-3809,3800,-3807,3799,-3808,3799,-3809,3801,-3808,3800,-3809,3800,-3808,3800,-3809,3797,-3810,3797,-3808,3798,-3809,3798,-3809,3798,-3808,3797,-3806,3799,-3807,3799,-3808,3802,-3805,3799,-3808,3798,-3805,3800,-0.36,SJNFAAZE1U0005576,117.73,14.40,9166.80078125,79,75,0,0,0,0,15.0,99.17,-173095,100,1528031200.697,4640,3,0,0,0,0,0,0,0,4,364.83,364.83,7F,1,1,1,0080,74,40,40,0,0,11,14.00
03/06/2018 14:06:44,55 59.40535,-2 30.55496,239,0,332,657081,1144818,365.38,3.112,3815,3798,3806,17,0,107.4,41.9,102.2,39.0,none,none,93.0,33.9,3806,-3813,3802,-3811,3804,3809,3807,-3808,3804,-3810,3804,3811,3803,-3811,3802,-3810,3803,-3811,3802,-3809,3803,3810,3802,-3811,3803,-3812,3802,-3811,3802,-3809,3805,-3810,3805,-3809,3804,-3810,3805,-3811,3804,3810,3805,-3810,3807,-3812,3806,-3810,3804,-3807,3803,3810,3803,-3812,3803,-3810,3805,-3809,3804,-3810,3805,-3811,3801,3812,3801,-3812,3802,-3815,3802,-3813,3803,-3814,3801,-3812,3801,-3813,3799,-3814,3799,-3813,3799,3814,3799,-3813,3798,-3812,3801,-3812,3801,-3812,3804,3812,3801,-3811,3802,-3811,3800,-3808,-0.36,SJNFAAZE1U0005576,117.73,14.40,9166.80078125,79,75,0,0,0,0,15.0,99.17,-173095,100,1528031204.189,6240,2,0,0,0,0,0,0,0,4,365.26,365.26,7F,1,1,1,0080,74,40,40,0,0,11,53.50
03/06/2018 14:06:47,55 59.40535,-2 30.55496,239,0,332,656965,1144818,364.61,29.906,3804,3790,3798,14,0,107.4,41.9,102.2,39.0,none,none,92.8,33.8,3796,-3804,3794,-3802,3797,3801,3799,-3801,3796,-3802,3796,-3802,3796,-3803,3796,3803,3796,-3802,3795,-3801,3796,-3802,3795,-3802,3797,3803,3795,-3802,3795,-3801,3797,-3803,3797,-3801,3797,-3802,3797,3801,3796,-3801,3797,-3801,3798,-3803,3796,-3801,3796,-3798,3794,-3801,3794,-3803,3795,-3800,3796,3799,3796,-3800,3797,-3800,3794,-3803,3793,-3803,3795,3803,3794,-3803,3795,-3803,3792,-3801,3796,-3803,3791,-3803,3792,-3803,3791,-3804,3792,-3804,3790,3802,3792,-3802,3793,-3803,3795,-3803,3792,-3800,3792,3801,3792,-3798,-0.33,SJNFAAZE1U0005576,117.73,14.40,9166.80078125,79,75,0,0,0,0,15.0,99.17,-173095,100,1528031207.647,7680,2,0,0,0,0,0,0,0,4,364.51,364.51,7F,1,1,1,0080,74,40,40,0,0,19,36.50
03/06/2018 14:06:51,55 59.40535,-2 30.55496,239,0,332,656882,1144818,365.18,6.866,3813,3796,3804,17,0,107.4,41.9,102.2,39.0,none,none,93.0,33.9,3803,3811,3800,-3809,3803,3806,3805,-3805,3802,-3808,3802,-3808,3802,-3809,3801,-3808,3802,-3807,3800,3807,3802,-3807,3802,-3809,3803,-3810,3801,-3808,3801,-3807,3802,3807,3803,-3807,3802,-3808,3803,-3808,3802,-3807,3803,3807,3805,-3809,3803,-3807,3803,-3805,3800,-3807,3802,-3809,3801,-3808,3803,-3807,3802,-3808,3802,3807,3798,-3809,3799,-3811,3800,-3812,3799,-3810,3800,3810,3799,-3810,3800,-3810,3797,-3810,3796,-3810,3797,-3811,3797,-3813,3796,-3809,3799,-3808,3799,3808,3802,-3808,3799,-3807,3800,-3808,3798,-3806,-0.34,SJNFAAZE1U0005576,117.73,14.40,9166.80078125,79,75,0,0,0,0,15.0,99.17,-173095,100,1528031211.302,1280,2,0,0,4,0,0,0,0,4,365.27,365.27,7F,1,1,1,0080,74,40,40,0,0,19,0.00
03/06/2018 14:06:54,55 59.40535,-2 30.55496,239,0,332,656847,1144818,365.47,6.652,3815,3798,3807,17,0,107.4,41.9,102.2,39.0,none,none,93.0,33.9,3805,-3814,3803,-3812,3805,3810,3807,-3809,3805,-3811,3804,-3812,3804,-3812,3804,-3811,3803,3810,3803,-3810,3804,-3811,3804,-3812,3805,-3813,3804,-3812,3804,-3811,3806,-3811,3805,-3809,3805,3811,3806,-3811,3805,-3809,3805,-3810,3808,-3811,3805,3811,3805,-3806,3803,-3811,3803,-3813,3803,-3810,3805,-3811,3804,-3811,3805,-3811,3802,-3812,3801,3813,3802,-3815,3801,-3812,3803,-3812,3802,-3812,3802,3814,3799,-3813,3799,-3813,3799,-3815,3800,-3815,3798,-3813,3801,-3811,3801,-3811,3804,-3813,3803,3810,3802,-3812,3801,-3808,-0.37,SJNFAAZE1U0005576,117.73,14.40,9166.80078125,79,75,0,0,0,0,15.0,99.17,-173095,100,1528031214.757,2440,2,0,0,0,0,0,0,0,4,365.33,365.33,7F,1,1,1,0080,74,40,40,0,0,11,-0.25
03/06/2018 14:06:58,55 59.40535,-2 30.55496,239,0,332,656847,1144818,365.57,-2.349,3816,3802,3808,14,0,107.4,41.9,102.2,39.0,none,none,92.8,33.8,3811,-3808,3811,-3806,3813,3807,3811,-3806,3811,-3807,3811,3808,3811,-3807,3812,-3806,3811,-3807,3811,-3806,3811,3805,3811,-3808,3812,-3807,3813,-3805,3811,-3807,3811,-3808,3811,-3807,3811,-3810,3811,-3806,3810,3806,3813,-3808,3813,-3810,3811,-3807,3812,-3806,3810,3805,3812,-3807,-3812,3807,-3813,-3806,-3813,3805,-3814,3804,-3813,3803,-3813,3805,-3815,3807,-3813,3805,-3814,3804,-3813,3805,-3813,3802,-3816,3802,-3815,3802,-3815,3804,-3814,3804,-3815,3804,-3812,3804,-3812,3805,3812,3807,3810,-3804,3812,-3805,3810,-3803,-0.32,SJNFAAZE1U0005576,117.73,14.40,9166.80078125,79,75,0,0,0,0,15.0,99.17,-173095,100,1528031218.271,0,2,0,0,0,0,0,0,0,4,365.67,365.67,7F,1,1,1,0080,74,40,40,0,0,19,0.00
03/06/2018 14:07:01,55 59.40535,-2 30.55496,239,0,332,656841,1144818,365.57,1.494,3815,3801,3808,14,0,107.4,41.9,102.2,39.0,none,none,93.0,33.9,-3812,3808,-3811,3806,-3812,3807,-3811,3807,-3811,3807,-3810,3807,-3812,3806,-3811,3805,-3810,3805,-3810,3804,-3810,3806,-3812,3807,-3811,3806,-3812,3805,-3811,3807,-3812,3808,-3811,3807,-3811,3808,-3811,3807,-3811,3806,-3811,3807,-3814,3809,-3811,3808,-3812,3806,-3811,3805,-3812,3806,-3811,3805,-3813,3805,-3812,3804,-3814,3803,-3812,3803,-3813,3804,-3814,3806,-3814,3803,-3813,3805,-3814,3804,-3812,3801,-3814,3802,-3812,3801,-3815,3802,-3814,3802,-3813,3803,-3811,3804,-3812,3804,-3813,3806,-3811,3803,-3813,3805,-3812,3803,-0.33,SJNFAAZE1U0005576,117.73,14.40,9166.80078125,79,75,0,0,0,0,15.0,99.17,-173095,100,1528031221.557,120,2,0,0,0,0,0,0,0,4,365.62,365.62,7F,1,1,1,0080,74,40,40,0,0,11,-0.25
03/06/2018 14:07:04,55 59.40535,-2 30.55496,239,0,332,656828,1144818,365.57,1.525,3817,3800,3808,17,0,107.4,41.9,102.2,39.0,none,none,92.8,33.8,-3812,3808,-3812,3806,-3814,3807,-3812,3806,-3813,3806,-3811,3806,-3812,3806,-3812,3805,-3812,3806,-3811,3804,-3812,3804,-3813,3807,-3812,3806,-3813,3804,-3811,3806,-3812,3808,-3812,3806,-3810,3809,-3811,3806,-3812,3805,-3812,3807,-3815,3809,-3813,3807,-3812,3806,-3811,3804,-3814,3805,-3812,3806,-3813,3806,-3813,3804,-3816,3803,-3813,3802,-3816,3803,-3816,3805,-3815,3804,-3814,3803,-3814,3803,-3814,3801,-3816,3800,-3816,3801,-3817,3801,-3816,3802,-3815,3803,-3813,3802,-3813,3803,-3813,3806,-3812,3803,-3813,3804,-3812,3803,-0.33,SJNFAAZE1U0005576,117.73,14.40,9166.80078125,79,75,0,0,0,0,15.0,99.17,-173095,100,1528031224.838,80,2,0,0,0,0,0,0,0,4,365.65,365.65,7F,1,1,1,0080,74,40,40,0,0,19,0.00
03/06/2018 14:07:08,55 59.40535,-2 30.55496,239,0,332,656816,1144818,365.66,1.281,3816,3802,3809,14,0,107.4,41.9,102.2,39.0,none,none,93.0,33.9,-3813,3809,-3811,3806,-3814,3809,-3812,3807,-3811,3808,-3811,3809,-3812,3808,-3811,3807,-3812,3807,-3811,3806,-3812,3806,-3811,3808,-3813,3806,-3813,3806,-3812,3808,-3811,3808,-3812,3808,-3812,3809,-3810,3807,-3811,3807,-3812,3807,-3814,3809,-3812,3808,-3812,3806,-3811,3804,-3813,3807,-3812,3806,-3814,3807,-3812,3805,-3816,3805,-3813,3804,-3815,3803,-3815,3807,-3814,3806,-3815,3806,-3814,3804,-3812,3802,-3815,3803,-3815,3802,-3815,3802,-3815,3803,-3814,3803,-3813,3804,-3813,3804,-3813,3807,-3811,3804,-3812,3804,-3812,3804,-0.34,SJNFAAZE1U0005576,117.73,14.40,9166.80078125,79,75,0,0,0,0,15.0,99.17,-173095,100,1528031228.006,40,2,0,0,0,0,0,0,0,4,365.69,365.69,7F,1,1,1,0080,74,40,40,0,0,19,-3.75
03/06/2018 14:07:11,55 59.40535,-2 30.55496,239,0,332,656807,1144818,365.66,1.372,3817,3800,3809,17,0,107.4,41.9,102.2,39.0,none,none,92.8,33.8,-3813,3808,-3813,3806,-3814,3808,-3812,3806,-3813,3806,-3812,3808,-3813,3806,-3813,3806,-3813,3806,-3811,3805,-3812,3806,-3812,3807,-3814,3805,-3814,3805,-3812,3806,-3812,3807,-3811,3807,-3811,3809,-3812,3806,-3812,3805,-3813,3807,-3815,3810,-3812,3807,-3812,3806,-3811,3805,-3814,3805,-3813,3806,-3814,3805,-3813,3805,-3816,3804,-3814,3802,-3816,3803,-3816,3805,-3814,3803,-3814,3804,-3813,3804,-3813,3800,-3816,3800,-3816,3801,-3817,3802,-3817,3802,-3816,3802,-3814,3804,-3814,3805,-3814,3807,-3812,3803,-3814,3804,-3812,3804,-0.35,SJNFAAZE1U0005576,117.73,14.40,9166.80078125,79,75,0,0,0,0,15.0,99.17,-173095,100,1528031231.302,40,2,0,0,0,0,0,0,0,4,365.71,365.71,7F,1,1,1,0080,74,40,40,0,0,19,-20.75
03/06/2018 14:07:14,55 59.40535,-2 30.55496,239,0,332,656794,1144818,365.66,1.403,3818,3800,3809,18,0,107.4,41.9,102.2,39.0,none,none,92.8,33.8,-3809,3817,-3805,3813,-3808,3812,-3809,3812,-3807,3813,-3806,3813,-3807,3814,-3806,3814,-3805,3812,-3805,3813,-3806,3812,-3806,3814,-3806,3815,-3805,3814,3805,-3813,3807,3813,3807,-3812,3807,-3813,3808,-3813,3806,-3812,3808,-3812,3810,3815,-3807,3813,3808,-3809,-3806,3813,-3806,3815,-3806,3813,-3807,3812,-3806,3814,-3807,3813,-3804,3816,-3804,3816,-3805,3817,-3804,3814,-3806,3815,-3804,3815,-3803,3816,-3802,3815,-3800,3817,-3802,3816,-3801,3818,-3801,3814,-3804,3814,-3804,3813,-3806,3815,-3805,3812,-3804,3814,-3804,3810,-0.36,SJNFAAZE1U0005576,117.73,14.40,9166.80078125,79,75,0,0,0,0,15.0,99.17,-173095,100,1528031234.811,0,3,0,0,0,0,0,0,0,4,365.73,365.73,7F,1,1,1,0080,74,40,40,0,0,19,0.00
03/06/2018 14:07:18,55 59.40535,-2 30.55496,239,0,332,656782,1144818,365.66,1.220,3816,3802,3809,14,0,107.4,41.9,102.2,39.0,none,none,92.8,33.8,3809,3816,3807,-3813,3809,3813,3810,-3812,3808,-3813,3807,-3814,3808,-3813,3806,-3813,3806,-3813,3806,3811,3807,-3812,3807,-3813,3808,-3814,3805,-3814,3806,-3812,3809,-3813,3808,-3811,3809,-3813,3808,-3812,3807,-3812,3808,3812,3811,-3814,3810,-3812,3809,-3809,3806,-3812,3808,-3814,3807,-3813,3809,-3812,3807,-3813,3809,3812,3806,-3813,3806,-3814,3806,-3816,3805,-3814,3807,3813,3806,-3813,3804,-3815,3803,-3814,3802,-3814,3804,-3816,3803,-3815,3803,-3814,3804,-3814,3806,3814,3807,-3815,3804,-3811,3806,-3812,3805,-3811,-0.34,SJNFAAZE1U0005576,117.73,14.40,9166.80078125,79,75,0,0,0,0,15.0,99.17,-173095,100,1528031238.300,0,2,0,0,0,0,0,0,0,4,365.75,365.75,7F,1,1,1,0080,73,40,40,0,0,19,0.00
03/06/2018 14:07:21,55 59.40535,-2 30.55496,239,0,332,656772,1144818,365.76,1.250,3817,3801,3810,16,0,107.4,41.9,102.2,39.0,none,none,92.8,33.8,3809,-3817,3807,-3814,3808,3812,3811,-3811,3808,-3813,3807,-3814,3807,-3814,3806,-3813,3806,3813,3807,-3813,3807,-3812,3806,-3814,3806,-3815,3805,-3815,3806,-3813,3808,-3813,3809,-3812,3808,3813,3808,-3813,3807,-3813,3808,-3813,3811,-3815,3808,3813,3807,-3810,3806,-3814,3806,-3816,3806,-3813,3808,-3812,3806,-3814,3809,-3814,3804,-3815,3805,3816,3804,-3817,3804,-3815,3806,-3815,3804,-3814,3804,3817,3802,-3817,3802,-3817,3802,-3817,3803,-3817,3801,-3815,3804,-3815,3804,-3813,3807,-3816,3805,3814,3805,-3814,3805,-3811,-0.36,SJNFAAZE1U0005576,117.73,14.40,9166.80078125,79,75,0,0,0,0,15.0,99.17,-173095,100,1528031241.657,0,2,0,0,0,0,0,0,0,4,365.76,365.76,7F,1,1,1,0080,73,40,40,0,0,19,0.00
03/06/2018 14:07:24,55 59.40535,-2 30.55496,239,0,332,656762,1144818,365.76,1.220,3818,3803,3810,15,0,107.4,41.9,102.2,39.0,none,none,92.8,33.8,3809,-3817,3809,-3814,3809,3813,3810,-3811,3809,-3812,3809,3814,3807,-3814,3807,-3814,3807,-3813,3807,-3813,3808,3812,3808,-3813,3808,-3814,3807,-3814,3807,-3812,3809,-3813,3808,-3812,3808,-3814,3808,-3813,3808,3812,3809,-3812,3811,-3814,3809,-3813,3809,-3810,3806,3813,3807,-3814,3808,-3814,3809,-3812,3808,-3813,3808,-3813,3806,-3815,3806,-3816,3807,-3818,3806,3815,3807,-3814,3806,-3814,3805,-3815,3804,-3815,3803,-3815,3805,3815,3803,-3815,3803,-3814,3806,-3814,3805,-3812,3807,3815,3806,-3813,3806,-3813,3805,-3810,-0.35,SJNFAAZE1U0005576,117.73,14.40,9166.80078125,79,75,0,0,0,0,15.0,99.17,-173095,100,1528031244.875,0,2,0,0,0,0,0,0,0,4,365.79,365.79,7F,1,1,1,0080,73,40,40,0,0,19,0.00
03/06/2018 14:07:28,55 59.40535,-2 30.55496,239,0,332,656748,1144818,365.76,1.342,3818,3801,3810,17,0,107.4,41.9,102.2,39.0,none,none,92.8,33.8,3809,-3816,3806,-3814,3809,3812,3810,-3811,3807,-3814,3808,-3814,3808,-3816,3807,3815,3807,-3813,3806,-3813,3807,-3813,3806,-3813,3808,3816,3806,-3815,3806,-3813,3809,-3813,3809,-3812,3808,-3813,3808,-3814,3807,-3812,3807,-3813,3811,3815,3809,-3813,3808,-3811,3806,-3814,3806,-3815,3807,-3814,3809,3813,3806,-3813,3807,-3813,3805,-3816,3805,-3816,3805,3817,3806,-3816,3805,-3815,3804,-3815,3804,-3818,3802,-3817,3801,-3817,3803,-3817,3803,-3817,3802,3815,3804,-3814,3805,-3815,3807,-3815,3804,-3813,3806,3814,3804,-3810,-0.35,SJNFAAZE1U0005576,117.73,14.40,9166.80078125,79,75,0,0,0,0,15.0,99.17,-173095,100,1528031248.310,360,2,0,0,0,0,0,0,0,4,365.79,365.79,7F,1,1,1,0080,73,40,40,0,0,19,23.00
03/06/2018 14:07:31,55 59.40535,-2 30.55496,239,0,332,656698,1144818,365.57,8.239,3816,3799,3808,17,0,107.4,41.9,102.2,39.0,none,none,92.8,33.8,3812,3807,3812,-3804,-3814,3806,-3810,-3805,-3812,3806,-3812,3807,-3812,3805,-3812,3805,-3811,3805,-3811,3804,-3812,3805,-3812,3807,-3813,3804,-3813,3805,3812,-3806,-3811,3807,3811,-3806,3810,-3807,3811,-3806,3811,-3805,3812,3806,3813,-3808,3811,-3807,3811,-3805,3810,-3804,3812,-3804,3813,-3806,3813,-3805,3812,-3803,3815,3803,3813,-3803,3816,-3802,3815,-3804,3814,-3804,3814,3805,3813,-3803,3814,-3799,3816,-3799,3815,-3801,3816,-3803,3816,-3801,3816,-3803,3812,-3804,3813,3804,3814,-3806,3811,-3803,3814,-3804,3812,-3802,-0.36,SJNFAAZE1U0005576,117.73,14.40,9166.80078125,79,75,0,0,0,0,15.0,99.17,-173095,100,1528031251.784,2320,2,0,0,0,0,0,0,0,4,365.52,365.52,7F,1,1,1,0080,73,40,40,0,0,19,-4.25
03/06/2018 14:07:35,55 59.40535,-2 30.55496,239,0,332,656691,1144818,365.76,-2.044,3818,3802,3810,16,0,107.4,41.9,102.0,38.9,none,none,92.8,33.8,-3814,3810,-3815,3807,-3815,3809,-3814,3808,-3815,3809,-3814,3810,-3814,3808,-3815,3807,-3815,3807,-3812,3806,-3814,3807,-3814,3808,-3814,3807,-3815,3807,-3814,3809,-3814,3810,-3814,3809,-3813,3810,-3814,3808,-3812,3809,-3814,3808,-3817,3811,-3814,3809,-3814,3807,-3813,3806,-3815,3808,-3815,3809,-3815,3806,-3816,3807,-3818,3806,-3816,3804,-3817,3805,-3817,3807,-3816,3805,-3817,3806,-3816,3807,-3816,3802,-3818,3802,-3818,3803,-3818,3803,-3817,3803,-3816,3804,-3815,3805,-3815,3806,-3816,3809,-3814,3805,-3815,3805,-3814,3805,-0.35,SJNFAAZE1U0005576,117.73,14.40,9166.80078125,79,75,0,0,0,0,15.0,99.17,-173095,100,1528031255.257,0,2,0,0,0,0,0,0,0,4,365.86,365.86,7F,1,1,1,0080,72,40,40,0,0,19,0.00
03/06/2018 14:07:38,55 59.40535,-2 30.55496,239,0,332,656684,1144818,365.76,1.647,3817,3803,3810,14,0,107.4,41.9,102.2,39.0,none,none,93.0,33.9,-3815,3811,-3813,3808,-3815,3810,-3813,3808,-3813,3808,-3812,3808,-3812,3808,-3814,3808,-3812,3807,-3811,3807,-3813,3807,-3813,3809,-3813,3808,-3813,3806,-3813,3808,-3813,3810,-3812,3808,-3811,3811,-3813,3808,-3813,3808,-3814,3810,-3815,3811,-3813,3809,-3812,3808,-3811,3806,-3815,3808,-3814,3809,-3815,3807,-3814,3806,-3816,3806,-3816,3805,-3816,3805,-3817,3808,-3815,3805,-3816,3806,-3814,3806,-3815,3804,-3817,3803,-3816,3804,-3817,3805,-3817,3805,-3815,3806,-3813,3806,-3814,3805,-3816,3808,-3812,3806,-3814,3806,-3813,3805,-0.36,SJNFAAZE1U0005576,117.73,14.40,9166.80078125,79,75,0,0,0,0,15.0,99.17,-173095,100,1528031258.811,160,2,0,0,0,0,0,0,0,4,365.81,365.81,7F,1,1,1,0080,72,40,40,0,0,19,0.00
03/06/2018 14:07:42,55 59.40535,-2 30.55496,239,0,332,656669,1144818,365.76,1.555,3818,3802,3810,16,0,107.4,41.9,102.0,38.9,none,none,92.8,33.8,-3815,3810,-3813,3807,-3816,3808,-3814,3808,-3814,3808,-3814,3809,-3814,3807,-3814,3807,-3813,3806,-3812,3806,-3814,3807,-3813,3808,-3814,3807,-3814,3806,-3813,3808,-3813,3810,-3813,3808,-3813,3810,-3813,3808,-3812,3807,-3815,3809,-3817,3809,-3814,3808,-3814,3807,-3813,3807,-3816,3807,-3815,3808,-3816,3806,-3815,3805,-3817,3805,-3815,3804,-3817,3805,-3817,3807,-3816,3805,-3817,3805,-3815,3805,-3816,3802,-3817,3802,-3817,3802,-3818,3803,-3818,3804,-3817,3804,-3815,3805,-3816,3804,-3816,3808,-3813,3805,-3815,3805,-3814,3805,-0.36,SJNFAAZE1U0005576,117.73,14.40,9166.80078125,79,75,0,0,0,0,15.0,99.17,-173095,100,1528031262.118,80,2,0,0,0,0,0,0,0,4,365.82,365.82,7F,1,1,1,0080,72,40,40,0,0,19,19.75
03/06/2018 14:07:45,55 59.40535,-2 30.55496,239,0,332,656621,1144818,366.05,0.060,3820,3805,3813,15,0,107.4,41.9,102.0,38.9,none,none,92.8,33.8,-3818,3813,-3815,3811,-3818,3812,-3816,3811,-3816,3812,-3815,3812,-3815,3811,-3816,3811,-3816,3811,-3816,3810,-3816,3809,-3815,3811,-3816,3810,-3817,3810,-3815,3812,-3815,3812,-3814,3811,-3816,3812,-3816,3811,-3815,3810,-3817,3811,-3819,3813,-3816,3812,-3817,3811,-3815,3809,-3818,3811,-3816,3811,-3817,3810,-3817,3809,-3820,3809,-3818,3808,-3819,3809,-3819,3811,-3818,3810,-3819,3809,-3818,3808,-3817,3806,-3819,3806,-3819,3805,-3820,3807,-3819,3807,-3818,3808,-3817,3808,-3816,3809,-3818,3812,-3816,3809,-3819,3809,-3816,3808,-0.32,SJNFAAZE1U0005576,117.73,14.40,9166.80078125,79,75,0,0,0,0,15.0,99.17,-173095,100,1528031265.372,1800,2,0,0,0,0,0,0,0,4,365.80,365.80,7F,1,1,1,0080,72,40,40,0,0,19,8.25
03/06/2018 14:07:48,55 59.40535,-2 30.55496,239,0,332,656630,1144818,365.76,8.972,3818,3802,3810,16,0,107.4,41.9,102.0,38.9,none,none,92.8,33.8,3809,-3817,3807,-3814,3807,3814,3810,-3812,-3807,-3813,3807,-3814,-3807,3815,-3807,3814,-3807,3814,-3806,3813,-3807,3812,-3807,3814,-3808,3815,-3806,3814,-3806,3812,-3809,3814,-3809,3813,-3808,3814,-3809,3813,-3808,3812,-3810,3813,-3811,3814,-3809,3814,-3809,3810,-3807,3814,-3807,3816,-3807,3814,-3809,3814,-3807,3814,-3808,3813,-3805,3816,-3804,3817,-3805,3816,-3805,3815,-3806,3816,-3804,3815,-3804,3817,-3802,3816,3802,-3817,3802,3818,3803,-3818,3802,-3816,3805,-3814,3804,-3814,3807,-3815,3805,3814,3805,-3813,3804,-3812,-0.33,SJNFAAZE1U0005576,117.73,14.40,9166.80078125,79,75,0,0,0,0,15.0,99.17,-173096,100,1528031268.703,2200,2,0,0,0,0,0,0,0,4,365.66,365.66,7F,1,1,1,0080,72,40,40,0,0,19,-28.00
03/06/2018 14:07:52,55 59.40535,-2 30.55496,239,0,332,656563,1144818,364.70,27.587,3805,3792,3799,13,0,107.2,41.8,102.2,39.0,none,none,92.8,33.8,3798,-3804,3796,-3802,3798,3801,3799,-3801,3796,-3802,3796,3802,3797,-3803,3795,-3803,3796,-3801,3797,-3801,3797,3801,3797,-3803,3797,-3804,3796,-3803,3795,-3800,3798,-3801,3797,-3801,3797,-3802,3797,-3802,3796,3800,3798,-3801,3799,-3803,3796,-3803,3797,-3800,3796,3801,3795,-3802,3796,-3802,3798,-3800,3796,-3802,3797,-3800,3795,-3803,3795,-3803,3796,-3805,3794,3803,3796,-3804,3794,-3802,3797,-3804,3792,-3803,3792,3805,3794,-3804,3794,-3804,3792,-3803,3795,-3803,3794,-3802,3797,3803,3794,-3801,3796,-3802,3793,-3797,-0.30,SJNFAAZE1U0005576,117.73,14.40,9166.80078125,79,75,0,0,0,0,15.0,99.17,-173096,100,1528031272.193,6600,2,0,0,0,0,0,0,0,4,365.03,365.03,7F,1,1,1,0080,72,40,40,0,0,19,77.50
03/06/2018 14:07:55,55 59.40535,-2 30.55496,239,0,332,656319,1144818,365.38,5.492,3814,3797,3806,17,0,107.4,41.9,102.2,39.0,none,none,92.8,33.8,3805,-3813,3803,-3810,3804,3810,3807,-3808,3804,-3810,3804,-3810,3804,-3811,3802,3810,3802,-3811,3803,-3810,3803,-3808,3804,-3809,3804,3812,3803,-3811,3802,-3809,3806,-3809,3805,-3808,3804,-3810,3805,-3809,3805,-3809,3805,-3810,3807,3810,3805,-3810,3805,-3806,3801,-3808,3802,-3811,3803,3809,3805,-3809,3803,-3811,3804,-3809,3801,-3812,3801,-3813,3802,3814,3801,-3812,3803,-3811,3802,-3811,3800,-3812,3798,-3813,3797,-3813,3798,-3813,3798,-3813,3798,3811,3800,-3810,3800,-3811,3803,-3812,3801,-3810,3802,3811,3799,-3807,-0.34,SJNFAAZE1U0005576,117.73,14.40,9166.80078125,79,75,0,0,0,0,15.0,99.17,-173096,100,1528031275.395,4840,2,0,0,0,0,0,0,0,4,365.31,365.31,7F,1,1,1,0080,72,40,40,0,0,19,11.50
03/06/2018 14:07:58,55 59.40535,-2 30.55496,239,0,332,656308,1144818,366.14,-20.232,3822,3806,3814,16,0,107.2,41.8,102.0,38.9,none,none,92.8,33.8,3814,3821,3811,-3817,3814,3817,3814,-3816,3812,-3818,3811,-3818,3812,-3819,3811,-3819,3810,-3817,3810,3816,3812,-3816,3811,-3818,3812,-3819,3811,-3818,3811,-3816,3813,3818,3813,-3816,3813,-3817,3813,-3817,3813,-3817,3813,3816,3815,-3819,3813,-3818,3813,-3814,3812,-3818,3812,-3820,3812,-3818,3814,-3816,3813,-3818,3814,3818,3810,-3818,3810,-3820,3811,-3822,3811,-3818,3811,3818,3810,-3819,3809,-3819,3808,-3820,3806,-3819,3809,-3820,3808,-3821,3808,-3818,3809,-3818,3810,3817,3812,-3819,3810,-3817,3812,-3818,3810,-3815,-0.32,SJNFAAZE1U0005576,117.73,14.40,9166.80078125,79,75,0,0,0,0,15.0,99.17,-173096,100,1528031278.525,0,2,0,0,0,0,0,0,0,4,366.15,366.15,7F,1,1,1,0080,72,40,40,0,0,11,0.00
03/06/2018 14:08:01,55 59.40535,-2 30.55496,239,0,332,656535,1144818,367.20,-33.263,3833,3819,3825,14,0,107.4,41.9,102.0,38.9,none,none,92.8,33.8,3827,-3832,3823,-3828,3826,3827,3825,3826,3823,-3827,3823,-3828,3824,-3829,3824,-3829,3823,3827,3822,-3826,3823,-3826,3821,-3827,3824,-3829,3822,-3829,3822,-3827,3824,-3827,3825,-3827,3824,3828,3824,-3827,3823,-3827,3825,-3827,3826,-3828,3825,3828,3825,-3825,3825,-3829,3825,-3830,3825,-3830,3827,-3828,3823,-3829,3826,-3829,3823,-3830,3822,3831,3821,-3832,3821,-3831,3823,-3831,3822,-3829,3819,3831,3820,-3830,3820,-3831,3820,-3831,3820,-3832,3820,-3830,3822,-3831,3822,-3829,3825,-3833,3823,-3830,3823,-3829,3821,-3826,-0.41,SJNFAAZE1U0005576,117.73,14.40,9168.41015625,79,75,0,0,0,0,15.0,99.17,-173105,100,1528031281.723,0,3,0,0,0,0,0,0,0,4,367.03,367.03,7F,1,1,1,0080,72,40,40,0,0,19,-108.50
03/06/2018 14:08:05,55 59.40535,-2 30.55496,239,0,332,656790,1144818,366.43,-11.229,3826,3809,3817,17,0,107.4,41.9,102.0,38.9,none,none,92.8,33.8,3822,-3817,3821,-3815,3822,3816,3821,-3814,3820,-3814,3820,3815,3822,-3814,3821,-3813,3821,-3813,3820,-3813,3821,3813,3821,-3814,3822,-3813,3822,-3813,3821,-3814,3820,-3816,3821,-3815,3821,-3816,3820,-3814,3820,3814,3822,-3815,3823,-3816,3822,-3816,3822,-3815,3819,3813,3823,-3815,-3823,3815,-3824,-3814,-3822,3813,-3825,3813,-3823,3811,-3825,3811,-3825,3814,-3824,3812,3824,-3812,3823,-3812,3821,-3809,3824,-3809,3824,-3809,3826,3810,3824,-3811,3825,-3811,3823,-3811,3823,-3811,3824,3816,3822,-3812,3823,-3813,3822,-3812,-0.32,SJNFAAZE1U0005576,117.73,14.40,9168.41015625,79,75,0,0,0,0,15.0,99.17,-173115,100,1528031285.331,0,2,0,0,0,0,0,0,0,4,366.68,366.68,7F,1,1,1,0080,72,40,40,0,0,19,-81.75
03/06/2018 14:08:08,55 59.40535,-2 30.55496,239,0,332,656791,1144818,366.05,1.494,3822,3804,3813,18,0,107.4,41.9,102.0,38.9,none,none,92.8,33.8,-3818,3813,-3818,3811,-3818,3813,-3818,3811,-3817,3812,-3816,3812,-3817,3810,-3817,3811,-3816,3810,-3816,3809,-3817,3809,-3817,3812,-3817,3810,-3818,3809,-3817,3812,-3817,3811,-3816,3811,-3816,3812,-3815,3812,-3816,3811,-3817,3811,-3820,3813,-3817,3812,-3817,3812,-3816,3809,-3819,3811,-3817,3811,-3820,3810,-3818,3810,-3820,3809,-3819,3807,-3820,3808,-3821,3810,-3819,3808,-3820,3809,-3818,3809,-3818,3804,-3821,3805,-3820,3806,-3822,3807,-3821,3806,-3819,3808,-3818,3807,-3818,3808,-3819,3812,-3816,3807,-3818,3807,-3817,3808,-0.34,SJNFAAZE1U0005576,117.73,14.40,9168.41015625,79,75,0,0,0,0,15.0,99.17,-173115,100,1528031288.668,0,2,0,0,0,0,0,0,0,4,366.13,366.13,7F,1,1,1,0080,72,40,40,0,0,19,0.00
03/06/2018 14:08:12,55 59.40535,-2 30.55496,239,0,332,656780,1144818,366.05,1.250,3820,3806,3813,14,0,107.4,41.9,102.0,38.9,none,none,92.6,33.7,-3817,3814,-3816,3811,-3818,3812,-3816,3812,-3816,3811,-3816,3812,-3815,3811,-3817,3810,-3816,3811,-3815,3810,-3815,3810,-3816,3813,-3816,3810,-3817,3810,-3816,3811,-3816,3813,-3815,3812,-3815,3813,-3816,3811,-3816,3810,-3816,3812,-3818,3814,-3816,3812,-3816,3810,-3816,3810,-3817,3812,-3816,3811,-3818,3811,-3817,3810,-3819,3808,-3818,3808,-3820,3809,-3818,3811,-3817,3808,-3818,3809,-3818,3809,-3818,3807,-3819,3807,-3818,3806,-3819,3807,-3819,3808,-3817,3808,-3818,3808,-3817,3809,-3817,3813,-3815,3809,-3818,3809,-3817,3808,-0.30,SJNFAAZE1U0005576,117.73,14.40,9168.41015625,79,75,0,0,0,0,15.0,99.17,-173115,100,1528031292.180,0,2,0,0,0,0,0,0,0,4,366.09,366.09,7F,1,1,1,0080,72,40,40,0,0,19,0.00
03/06/2018 14:08:15,55 59.40535,-2 30.55496,239,0,332,656765,1144818,365.76,5.736,3818,3801,3810,17,0,107.4,41.9,102.0,38.9,none,none,92.8,33.8,-3814,3809,-3813,3807,-3815,3808,-3813,3808,-3813,3807,-3812,3808,-3813,3807,-3813,3807,-3813,3807,-3813,3807,-3813,3805,-3813,3808,-3814,3807,-3813,3806,-3812,3809,-3813,3809,-3813,3809,-3812,3810,-3812,3807,-3812,3807,-3813,3808,-3815,3810,-3813,3808,-3814,3808,-3812,3805,-3815,3808,-3815,3806,-3816,3806,-3815,3806,-3816,3805,-3816,3803,-3816,3804,-3816,3807,-3816,3805,-3816,3805,-3814,3806,-3814,3801,-3816,3803,-3817,3802,-3818,3803,-3817,3803,-3816,3804,-3814,3803,-3814,3803,-3815,3808,-3813,3805,-3815,3804,-3812,3804,-0.32,SJNFAAZE1U0005576,117.73,14.40,9168.41015625,79,75,0,0,0,0,15.0,99.17,-173115,100,1528031295.578,560,2,0,0,0,0,0,0,0,4,365.91,365.91,7F,1,1,1,0080,72,40,40,0,0,11,103.25
03/06/2018 14:08:19,55 59.40535,-2 30.55496,239,0,332,656556,1144818,364.51,37.505,3805,3789,3797,16,0,107.4,41.9,102.0,38.9,none,none,92.8,33.8,-3800,3796,-3800,3795,-3802,3796,-3802,3795,-3801,3796,-3800,3797,-3801,3795,-3802,3795,-3801,3795,-3802,3795,-3802,3795,-3801,3796,-3803,3794,-3803,3794,-3802,3796,-3801,3797,-3802,3796,-3801,3797,-3801,3796,-3800,3794,-3801,3796,-3803,3797,-3800,3795,-3800,3794,-3799,3791,-3802,3794,-3800,3794,-3802,3794,-3801,3793,-3804,3791,-3800,3791,-3803,3791,-3804,3793,-3804,3792,-3803,3793,-3802,3793,-3805,3789,-3805,3789,-3804,3790,-3805,3791,-3804,3791,-3805,3791,-3801,3792,-3802,3793,-3802,3796,-3800,3791,-3802,3791,-3801,3791,-0.30,SJNFAAZE1U0005576,117.73,14.40,9168.41015625,79,75,0,0,0,0,15.0,99.17,-173115,100,1528031299.023,11440,3,0,0,0,0,0,0,0,4,364.72,364.72,7F,1,1,1,0080,72,40,40,0,0,19,124.75
03/06/2018 14:08:22,55 59.40535,-2 30.55496,239,0,332,656367,1144818,366.05,-19.866,3819,3806,3813,13,0,107.4,41.9,102.2,39.0,none,none,92.8,33.8,-3813,3819,-3809,3816,-3813,3815,-3813,3814,-3811,3816,-3811,3815,-3811,3816,-3810,3815,-3809,3815,-3808,3814,-3811,3815,-3811,3816,-3810,3817,-3809,3816,3810,-3814,3811,3816,3811,-3814,3811,-3815,3811,-3815,3811,-3815,3812,-3816,3813,3816,3812,-3816,3812,-3813,3810,-3815,3811,-3818,3811,3816,3812,-3815,3811,-3816,3812,-3815,3809,-3818,3809,-3818,-3809,3819,-3809,3819,-3810,3817,-3808,3816,-3808,3818,-3806,3818,-3806,3819,-3808,3819,-3807,3819,-3806,3817,-3808,3817,-3807,3816,-3811,3818,-3809,3815,-3810,3817,-3808,3812,-0.34,SJNFAAZE1U0005576,117.73,14.40,9168.41015625,79,75,0,0,0,0,15.0,99.17,-173115,100,1528031302.620,0,2,0,0,0,0,0,0,0,4,366.26,366.26,7F,1,1,1,0080,72,40,40,0,0,19,20.50
03/06/2018 14:08:26,55 59.40535,-2 30.55496,239,0,332,656259,1144818,365.28,19.134,3813,3797,3805,16,0,107.4,41.9,102.0,38.9,none,none,92.8,33.8,3804,3812,3802,-3809,3805,3809,3807,-3807,3804,-3809,3803,-3809,3803,-3809,3802,-3809,3801,-3808,3802,3808,3803,-3809,3803,-3809,3802,-3811,3802,-3811,3802,3808,3804,-3808,3805,-3807,3803,-3809,3804,-3808,3803,-3807,3805,-3808,3806,-3809,3803,-3808,3803,3805,3802,-3808,3804,-3811,3802,-3808,3805,-3807,3803,-3808,3804,3808,3802,-3810,3801,-3812,3801,-3813,3800,-3810,3802,3809,3802,-3809,3802,-3811,3798,-3811,3798,-3810,3800,-3813,3799,-3812,3797,-3810,3800,-3808,3801,3810,3803,-3810,3801,-3807,3801,-3810,3800,-3806,-0.25,SJNFAAZE1U0005576,117.73,14.40,9168.41015625,79,75,0,0,0,0,15.0,99.17,-173115,100,1528031306.228,5760,2,0,0,0,0,0,0,0,4,365.11,365.11,7F,1,1,1,0080,72,40,40,0,0,19,-30.00
03/06/2018 14:08:29,55 59.40535,-2 30.55496,239,0,332,656253,1144818,365.66,-0.610,3818,3801,3809,17,0,107.4,41.9,102.0,38.9,none,none,92.8,33.8,3809,-3816,3806,-3814,3808,3812,3809,-3811,3807,-3813,3806,-3812,3806,-3814,3806,-3812,3806,-3812,3806,-3812,3807,-3813,3806,3814,3806,-3814,3806,-3814,3805,-3812,3807,-3813,3807,3812,3807,-3813,3808,-3813,3807,-3812,3808,-3813,3810,-3815,3808,3813,3808,-3810,3806,-3813,3806,-3814,3807,-3812,3808,-3813,3807,-3814,3808,-3813,3805,-3815,3803,3816,3804,-3817,3804,-3816,3806,-3815,3805,-3814,3804,3817,3801,-3816,3803,-3817,3802,-3816,3803,-3818,3801,-3815,3803,-3814,3803,-3814,3807,-3815,3804,3813,3806,-3814,3804,-3810,-0.30,SJNFAAZE1U0005576,117.73,14.40,9168.41015625,79,75,0,0,0,0,15.0,99.17,-173115,100,1528031309.857,0,2,0,0,0,0,0,0,0,4,365.73,365.73,7F,1,1,1,0080,72,40,40,0,0,19,-20.75
03/06/2018 14:08:33,55 59.40535,-2 30.55496,239,0,332,656243,1144818,365.66,1.831,3817,3801,3809,16,0,107.4,41.9,102.0,38.9,none,none,92.8,33.8,3809,-3817,3806,-3815,3808,3812,3810,-3813,3807,3814,3807,-3813,3807,-3814,3805,-3814,3806,-3813,3806,-3812,3806,-3813,3806,-3813,3807,-3816,3806,3815,3806,-3813,3808,-3813,3808,-3812,3807,-3813,3807,-3813,3807,3813,3808,-3812,3810,-3814,3808,-3813,3808,-3810,3806,3813,3807,-3815,3807,-3813,3808,-3812,3805,-3814,3808,-3812,3803,-3816,3804,-3815,3804,-3817,3804,3814,3806,-3816,3805,-3814,3804,-3817,3802,-3816,3801,3816,3803,-3816,3802,-3817,3802,-3815,3804,-3814,3804,-3815,3806,-3815,3804,-3813,3805,-3815,3805,3811,-0.36,SJNFAAZE1U0005576,117.73,14.40,9168.41015625,79,75,0,0,0,0,15.0,99.17,-173115,100,1528031313.406,0,3,0,0,0,0,0,0,0,4,365.74,365.74,7F,1,1,1,0080,73,40,40,0,0,19,0.00
03/06/2018 14:08:36,55 59.40535,-2 30.55496,239,0,332,656225,1144818,365.66,2.136,3816,3803,3809,13,0,107.4,41.9,102.0,38.9,none,none,92.8,33.8,3810,-3816,3807,3814,3809,3813,3810,-3811,3808,-3813,3807,-3814,3808,-3812,3806,3813,3806,-3812,3806,-3811,3807,-3812,3808,-3813,3807,3814,3807,-3813,3806,-3812,3809,-3813,3809,-3811,3809,-3813,3808,-3812,3806,-3811,3809,-3812,3811,3814,3809,-3812,3808,-3809,3807,-3812,3808,-3814,3807,3813,3809,-3813,3808,-3814,3809,-3812,3806,-3814,3806,-3816,3806,-3816,3806,-3814,3807,-3814,3805,3813,3805,-3815,3803,-3814,3804,-3814,3804,-3816,3803,3816,3803,-3814,3805,-3813,3805,-3813,3807,-3814,3806,-3812,3806,-3813,3805,-3810,-0.39,SJNFAAZE1U0005576,117.73,14.40,9168.41015625,79,75,0,0,0,0,15.0,99.17,-173115,100,1528031316.904,0,3,1,0,3,0,0,0,0,4,365.73,365.73,7F,1,1,1,0080,73,40,40,0,0,19,0.00
03/06/2018 14:08:40,55 59.40535,-2 30.55496,239,0,332,656162,1144818,365.18,15.288,3812,3795,3804,17,0,107.4,41.9,102.0,38.9,none,none,92.8,33.8,3809,3805,3808,-3801,-3809,3803,-3808,-3803,-3808,3803,-3807,3804,-3809,3802,-3808,3801,-3807,3801,-3806,3801,-3808,3801,-3807,3803,-3809,3802,-3809,3802,-3807,3804,-3808,3805,-3807,3804,-3807,3804,-3808,3802,-3808,3801,-3809,3804,-3809,3804,-3807,3803,-3809,3801,-3807,3800,-3809,3802,-3808,3801,-3809,3801,-3810,3800,-3811,3799,-3809,3798,-3811,3799,-3810,3801,-3811,3800,-3812,3799,-3811,3799,-3811,3795,-3811,3796,-3811,3796,-3812,3796,-3812,3797,-3810,3797,3808,3797,-3810,3801,3810,-3802,3808,-3799,3809,-3799,3808,-3799,-0.36,SJNFAAZE1U0005576,117.73,14.40,9168.41015625,79,75,0,0,0,0,15.0,99.17,-173115,100,1528031320.174,3480,3,0,0,0,0,0,0,0,4,365.31,365.31,7F,1,1,1,0080,73,40,40,0,0,19,56.50
03/06/2018 14:08:43,55 59.40535,-2 30.55496,239,0,332,656033,1144818,365.47,3.905,3815,3799,3807,16,0,107.2,41.8,102.0,38.9,none,none,92.8,33.8,-3811,3806,-3812,3804,-3813,3807,-3811,3805,-3812,3806,-3811,3806,-3812,3804,-3811,3806,-3812,3805,-3810,3804,-3811,3804,-3811,3806,-3812,3804,-3812,3803,-3810,3805,-3810,3806,-3811,3805,-3810,3808,-3811,3805,-3809,3805,-3811,3805,-3812,3808,-3811,3805,-3811,3804,-3810,3803,-3813,3805,-3812,3805,-3812,3804,-3811,3803,-3815,3803,-3812,3801,-3814,3802,-3814,3804,-3813,3802,-3813,3802,-3813,3803,-3813,3799,-3814,3799,-3814,3800,-3815,3800,-3814,3800,-3813,3801,-3812,3802,-3812,3802,-3813,3806,-3811,3802,-3812,3804,-3811,3802,-0.36,SJNFAAZE1U0005576,117.73,14.40,9168.41015625,79,75,0,0,0,0,15.0,99.17,-173115,100,1528031323.477,3280,3,0,0,0,0,0,0,0,4,365.43,365.43,7F,1,1,1,0080,73,40,40,0,0,19,5.00
03/06/2018 14:08:47,55 59.40535,-2 30.55496,239,0,332,655950,1144818,364.99,38.940,3809,3794,3802,15,0,107.2,41.8,102.0,38.9,none,none,92.8,33.8,-3806,3801,-3804,3798,-3806,3801,-3804,3800,-3805,3801,-3804,3802,-3805,3800,-3805,3800,-3804,3800,-3804,3799,-3805,3800,-3805,3801,-3806,3800,-3806,3800,-3804,3802,-3805,3802,-3805,3800,-3804,3802,-3805,3800,-3804,3800,-3806,3800,-3807,3802,-3803,3801,-3804,3799,-3804,3799,-3805,3798,-3806,3800,-3807,3799,-3805,3799,-3808,3797,-3806,3797,-3807,3798,-3808,3800,-3807,3799,-3807,3799,-3806,3799,-3807,3795,-3807,3794,-3807,3796,-3809,3797,-3808,3797,-3806,3798,-3807,3798,-3807,3798,-3806,3802,-3804,3799,-3806,3798,-3805,3797,-0.37,SJNFAAZE1U0005576,117.73,14.40,9168.41015625,79,75,0,0,0,0,15.0,99.17,-173115,100,1528031327.053,10280,3,0,0,0,0,0,0,0,4,364.49,364.49,7F,1,1,1,0080,73,40,40,0,0,19,-24.50
03/06/2018 14:08:50,55 59.40535,-2 30.55496,239,0,332,655984,1144818,365.76,-4.577,3817,3803,3810,14,0,107.4,41.9,102.0,38.9,none,none,92.6,33.7,-3814,3810,-3813,3809,-3815,3810,-3814,3809,-3813,3809,-3812,3809,-3813,3808,-3813,3808,-3813,3808,-3812,3807,-3813,3808,-3813,3809,-3814,3808,-3815,3808,-3812,3809,-3813,3810,-3812,3809,-3812,3809,-3813,3808,-3813,3808,-3813,3809,-3816,3811,-3813,3809,-3813,3808,-3812,3808,-3814,3808,-3815,3809,-3815,3808,-3814,3806,-3816,3806,-3815,3805,-3816,3806,-3816,3808,-3815,3807,-3816,3807,-3815,3806,-3814,3803,-3816,3804,-3816,3803,-3817,3805,-3816,3805,-3815,3806,-3813,3806,-3814,3806,-3815,3809,-3813,3805,-3814,3807,-3813,3806,-0.37,SJNFAAZE1U0005576,117.73,14.40,9168.41015625,79,75,0,0,0,0,15.0,99.17,-173117,100,1528031330.615,0,3,0,0,0,0,0,0,0,4,365.91,365.91,7F,1,1,1,0080,73,40,40,0,0,19,-19.50
03/06/2018 14:08:54,55 59.40535,-2 30.55496,239,0,332,655988,1144818,365.57,3.692,3817,3799,3808,18,0,107.4,41.9,102.0,38.9,none,none,92.8,33.8,-3812,3807,-3813,3805,-3814,3807,-3812,3807,-3812,3805,-3811,3807,-3813,3806,-3813,3806,-3811,3805,-3810,3804,-3812,3806,-3812,3807,-3813,3805,-3813,3804,-3811,3806,-3812,3808,-3811,3805,-3811,3808,-3811,3807,-3812,3806,-3812,3806,-3814,3808,-3812,3807,-3812,3806,-3811,3804,-3813,3806,-3813,3805,-3814,3805,-3814,3804,-3815,3803,-3813,3802,-3815,3803,-3816,3805,-3814,3805,-3815,3804,-3814,3805,-3814,3799,-3816,3800,-3816,3800,-3817,3801,-3816,3803,-3815,3804,-3814,3803,-3814,3803,-3814,3806,-3811,3804,-3814,3804,-3812,3802,-0.39,SJNFAAZE1U0005576,117.73,14.40,9168.41015625,79,75,0,0,0,0,15.0,99.17,-173117,100,1528031334.248,400,3,0,0,0,0,0,0,0,4,365.67,365.67,7F,1,1,1,0080,73,40,40,0,0,19,-55.00
03/06/2018 14:08:57,55 59.40535,-2 30.55496,239,0,332,655972,1144818,365.76,1.433,3817,3801,3810,16,0,107.4,41.9,102.0,38.9,none,none,92.8,33.8,3809,-3817,3805,-3814,3808,3813,3811,-3813,3808,-3814,3807,-3814,3808,-3815,3806,-3814,3806,-3812,3805,-3813,3806,-3813,3807,3814,3806,-3815,3806,-3814,3805,-3813,3808,-3813,3809,3812,3808,-3813,3808,-3812,3807,-3813,3809,-3813,3811,-3814,3808,-3813,3807,-3810,3806,-3813,3806,3815,3807,-3814,3809,-3813,3807,-3814,3808,-3813,3805,3816,3805,-3816,3805,-3817,3805,-3815,3805,-3816,3805,-3814,3804,-3816,3801,-3817,3801,-3817,3802,3817,3803,-3817,3801,-3816,3804,-3814,3804,-3814,3807,3816,3804,-3813,3805,-3815,3805,-3810,-0.36,SJNFAAZE1U0005576,117.73,14.40,9168.41015625,79,75,0,0,0,0,15.0,99.17,-173117,100,1528031337.862,640,3,0,0,0,0,0,0,0,4,365.76,365.76,7F,1,1,1,0080,73,40,40,0,0,19,-20.75
03/06/2018 14:09:01,55 59.40535,-2 30.55496,239,0,332,655965,1144818,365.95,-3.112,3820,3804,3812,16,0,107.4,41.9,102.0,38.9,none,none,92.8,33.8,3812,-3820,3810,-3816,3811,3815,3813,-3813,3811,3815,3810,-3815,3810,-3816,3807,-3816,3810,-3815,3808,-3815,3810,-3815,3810,-3815,3809,-3817,3809,3816,3809,-3815,3811,-3815,3812,-3813,3811,-3815,3810,3815,3809,-3814,3811,-3815,3813,-3817,3812,-3814,3811,-3812,3810,-3816,3811,-3818,3809,-3816,3812,3815,3810,-3816,3811,-3815,3808,-3818,3807,-3819,3808,3819,3807,-3817,3809,-3817,3808,-3816,3806,-3818,3805,-3818,3804,-3819,3805,-3819,3805,-3819,3804,-3818,3807,-3817,3806,-3817,3810,-3817,3807,-3815,3808,-3817,3807,3813,-0.38,SJNFAAZE1U0005576,117.73,14.40,9168.41015625,79,75,0,0,0,0,15.0,99.17,-173117,100,1528031341.373,480,3,0,0,0,0,0,0,0,4,365.88,365.88,7F,1,1,1,0080,73,40,40,0,0,19,-35.50
03/06/2018 14:09:05,55 59.40535,-2 30.55496,239,0,332,655988,1144818,365.57,8.086,3816,3801,3808,15,0,107.2,41.8,102.0,38.9,none,none,92.8,33.8,3808,-3815,3805,3812,3807,3811,3809,-3810,3806,-3812,3806,-3812,3806,3813,3805,-3812,3805,-3812,3805,-3810,3805,-3810,3804,-3812,3806,-3814,3805,-3812,3806,-3811,3806,3812,3807,-3811,3806,-3812,3806,-3811,3805,-3810,3807,3810,3808,-3813,3807,-3810,3807,-3809,3804,-3812,3805,-3813,3805,-3811,3807,-3810,3806,-3811,3807,3811,3804,-3814,3805,-3813,3804,-3816,3803,-3812,3805,-3813,3804,3812,3805,-3814,3802,-3813,3801,-3813,3803,-3815,3803,3815,3801,-3812,3804,-3812,3803,-3811,3806,-3813,3804,-3811,3805,-3812,3803,-3809,-0.38,SJNFAAZE1U0005576,117.73,14.40,9168.41015625,79,75,0,0,0,0,15.0,99.17,-173118,100,1528031345.036,1200,3,0,0,0,0,0,0,0,4,365.65,365.65,7F,1,1,1,0080,73,40,40,0,0,19,34.50
03/06/2018 14:09:08,55 59.40535,-2 30.55496,239,0,332,655927,1144818,365.76,-1.006,3817,3802,3810,15,0,107.4,41.9,102.0,38.9,none,none,92.8,33.8,3809,-3817,3806,-3814,3809,3813,3810,3812,3807,-3813,3806,-3813,3807,-3815,3805,-3814,3805,3813,3805,-3812,3806,-3813,3806,-3813,3807,-3815,3806,-3814,3806,-3813,3809,-3813,3808,-3812,3808,3814,3808,-3813,3807,-3813,3808,-3812,3811,-3814,3807,3813,3808,-3810,3807,-3814,3806,-3815,3807,-3813,3808,-3813,3807,3814,3809,-3814,3805,-3815,3805,-3817,3805,-3817,3804,-3815,3806,-3814,3804,-3815,3804,-3817,3802,3817,3802,-3817,3803,-3817,3803,-3817,3802,-3815,3804,3815,3804,-3815,3806,-3815,3806,-3813,3805,-3813,3803,-3810,-0.35,SJNFAAZE1U0005576,117.73,14.40,9168.41015625,79,75,0,0,0,0,15.0,99.17,-173118,100,1528031348.512,280,3,0,0,0,0,0,0,0,4,365.79,365.79,7F,1,1,1,0080,73,40,40,0,0,19,-45.25
03/06/2018 14:09:11,55 59.40535,-2 30.55496,239,0,332,655935,1144818,365.76,0.122,3818,3803,3810,15,0,107.2,41.8,102.0,38.9,none,none,92.6,33.7,3810,-3817,3808,-3814,3809,3813,3811,-3813,3809,-3814,3807,3814,3808,-3814,3808,-3814,3807,-3813,3808,-3813,3808,3812,3808,-3814,3808,-3815,3807,-3813,3808,-3813,3810,-3813,3810,-3811,3809,-3814,3809,-3813,3808,-3813,3809,-3813,3812,-3814,3809,-3812,3810,-3811,3808,-3815,3808,3815,3808,-3813,3811,-3813,3807,-3813,3810,-3815,3806,3814,3807,-3817,3807,-3818,3806,-3815,3807,-3815,3806,-3814,3806,-3815,3804,-3816,3804,-3816,3805,3815,3805,-3817,3803,-3815,3806,-3814,3805,-3812,3809,3816,3806,-3814,3808,-3813,3805,-3811,-0.37,SJNFAAZE1U0005576,117.73,14.40,9168.41015625,79,75,0,0,0,0,15.0,99.17,-173118,100,1528031351.969,0,3,0,0,0,0,0,0,0,4,365.89,365.89,7F,1,1,1,0080,73,40,40,0,0,19,-11.00
03/06/2018 14:09:15,55 59.40535,-2 30.55496,239,0,332,655897,1144818,365.66,2.502,3816,3803,3809,13,0,107.4,41.9,102.0,38.9,none,none,92.8,33.8,-3813,3809,-3812,3807,-3814,3809,-3813,3807,-3813,3808,-3812,3809,-3812,3807,-3813,3807,-3812,3807,-3810,3805,-3812,3807,-3812,3809,-3812,3806,-3813,3806,-3812,3808,-3812,3809,-3811,3807,-3811,3810,-3811,3807,-3812,3807,-3813,3809,-3815,3809,-3812,3808,-3811,3806,-3812,3807,-3814,3807,-3813,3808,-3813,3807,-3813,3806,-3815,3805,-3813,3804,-3815,3805,-3816,3807,-3814,3805,-3815,3806,-3814,3806,-3813,3803,-3815,3803,-3814,3803,-3816,3804,-3815,3804,-3815,3805,-3814,3805,-3813,3806,-3815,3807,-3811,3804,-3814,3805,-3813,3806,-0.32,SJNFAAZE1U0005576,117.73,14.40,9168.41015625,79,75,0,0,0,0,15.0,99.17,-173118,100,1528031355.327,2320,3,0,0,0,0,0,0,0,2,365.72,365.72,7F,1,1,1,0080,73,40,40,0,0,19,-18.00
03/06/2018 14:09:18,55 59.40535,-2 30.55496,239,0,332,655868,1144818,365.57,2.868,3815,3801,3808,14,0,107.2,41.8,102.0,38.9,none,none,92.6,33.7,-3811,3809,-3811,3807,-3813,3808,-3810,3808,-3811,3807,-3811,3808,-3811,3807,-3810,3807,-3810,3806,-3810,3806,-3810,3806,-3810,3807,-3812,3806,-3812,3805,-3810,3807,-3811,3808,-3810,3808,-3810,3809,-3810,3807,-3811,3806,-3812,3807,-3812,3809,-3811,3807,-3811,3805,-3809,3806,-3812,3807,-3812,3806,-3813,3806,-3813,3804,-3815,3805,-3813,3803,-3814,3804,-3815,3807,-3813,3806,-3814,3804,-3812,3805,-3812,3802,-3814,3801,-3814,3802,-3815,3803,-3814,3804,-3814,3804,-3811,3804,-3812,3804,-3813,3807,-3811,3805,-3812,3805,-3811,3803,-0.32,SJNFAAZE1U0005576,117.73,14.40,9168.41015625,79,75,0,0,0,0,15.0,99.17,-173118,100,1528031358.708,40,3,0,0,0,0,0,0,0,2,365.73,365.73,7F,1,1,1,0080,73,40,40,0,0,19,75.50
03/06/2018 14:09:22,55 59.40535,-2 30.55496,239,0,332,655828,1144818,365.57,6.133,3815,3799,3808,16,0,107.4,41.9,102.0,38.9,none,none,92.8,33.8,-3812,3808,-3812,3807,-3813,3806,-3811,3806,-3813,3806,-3811,3807,-3813,3804,-3813,3805,-3812,3806,-3812,3804,-3811,3804,-3811,3807,-3813,3805,-3813,3804,-3812,3806,-3812,3808,-3811,3806,-3810,3807,-3811,3805,-3812,3805,-3812,3807,-3814,3807,-3812,3806,-3812,3804,-3809,3804,-3813,3805,-3812,3807,-3813,3805,-3812,3804,-3815,3803,-3812,3802,-3813,3802,-3815,3805,-3815,3803,-3814,3803,-3813,3804,-3814,3799,-3815,3801,-3814,3800,-3814,3800,-3814,3802,-3814,3801,-3812,3802,-3812,3802,-3813,3806,-3810,3802,-3812,3803,-3812,3802,-0.44,SJNFAAZE1U0005576,117.73,14.16,9168.41015625,79,75,0,0,0,0,15.0,99.17,-173118,100,1528031362.194,400,3,0,0,0,0,0,0,0,2,365.61,365.61,7F,1,1,1,0080,73,40,40,0,0,19,0.00
03/06/2018 14:09:25,55 59.40535,-2 30.55496,239,0,332,655792,1144818,365.66,1.892,3817,3802,3809,15,0,107.4,41.9,102.0,38.9,none,none,92.8,33.8,-3813,3809,-3812,3808,-3814,3808,-3812,3807,-3812,3808,-3813,3808,-3813,3807,-3812,3806,-3812,3807,-3812,3807,-3813,3807,-3812,3808,-3813,3806,-3813,3806,-3812,3809,-3812,3809,-3812,3809,-3812,3809,-3811,3807,-3811,3806,-3813,3808,-3815,3810,-3812,3808,-3813,3806,-3812,3807,-3813,3807,-3814,3808,-3814,3806,-3813,3805,-3816,3806,-3814,3804,-3815,3805,-3815,3807,-3814,3807,-3814,3806,-3814,3805,-3814,3802,-3815,3802,-3814,3803,-3817,3803,-3815,3805,-3815,3805,-3814,3804,-3813,3804,-3814,3808,-3813,3805,-3813,3805,-3812,3804,-0.34,SJNFAAZE1U0005576,117.73,13.92,9168.41015625,79,75,0,0,0,0,15.0,99.17,-173118,100,1528031365.637,1240,3,0,0,0,0,0,0,0,2,365.73,365.73,7F,1,1,1,0080,73,40,40,0,0,19,-31.00
03/06/2018 14:09:28,55 59.40535,-2 30.55496,239,0,332,655767,1144818,365.66,1.831,3817,3800,3809,17,0,107.4,41.9,102.0,38.9,none,none,92.6,33.7,-3813,3808,-3813,3806,-3815,3807,-3812,3806,-3813,3806,-3812,3808,-3813,3806,-3813,3807,-3812,3805,-3811,3806,-3813,3804,-3812,3806,-3813,3806,-3813,3805,-3813,3806,-3812,3809,-3812,3807,-3812,3809,-3811,3807,-3812,3806,-3813,3807,-3813,3809,-3811,3807,-3812,3805,-3811,3805,-3814,3806,-3813,3805,-3815,3807,-3814,3804,-3816,3803,-3813,3802,-3816,3803,-3816,3805,-3814,3805,-3816,3804,-3815,3804,-3815,3800,-3816,3801,-3816,3802,-3817,3802,-3817,3802,-3816,3803,-3813,3803,-3814,3804,-3815,3807,-3812,3803,-3814,3804,-3812,3803,-0.95,SJNFAAZE1U0005576,117.73,13.60,9168.41015625,79,75,0,0,0,0,15.0,99.17,-173118,100,1528031368.960,0,3,0,0,0,0,0,0,0,2,365.75,365.75,7F,1,1,1,0080,73,40,40,0,0,19,-8.50
03/06/2018 14:09:32,55 59.40535,-2 30.55496,239,0,332,655745,1144818,365.57,3.234,3817,3800,3808,17,0,107.2,41.8,102.0,38.9,none,none,92.6,33.7,3807,-3816,3804,3812,3807,3812,3809,-3811,3807,-3812,3806,-3811,3806,3814,3805,-3812,3805,-3812,3805,-3812,3806,-3812,3806,-3812,3805,-3813,3804,-3812,3804,-3811,3807,3811,3807,-3810,3806,-3812,3807,-3811,3806,-3811,3806,3811,3809,-3813,3807,-3812,3808,-3809,3805,-3812,3805,-3814,3806,-3814,3807,-3812,3805,-3812,3807,3812,3803,-3815,3804,-3815,3804,-3816,3804,-3814,3805,3814,3804,-3812,3804,-3814,3800,-3814,3800,-3817,3801,-3816,3801,-3815,3800,-3815,3803,-3814,3802,3814,3806,-3815,3804,-3813,3803,-3814,3803,-3810,-0.53,SJNFAAZE1U0005576,117.73,13.36,9168.41015625,79,75,0,0,0,0,15.0,99.17,-173118,100,1528031372.348,0,3,1,0,3,0,0,0,0,2,365.70,365.70,7F,1,1,1,0080,73,40,40,0,0,19,0.00
03/06/2018 14:09:35,55 59.40535,-2 30.55496,239,0,332,655721,1144818,365.66,2.227,3817,3800,3809,17,0,107.2,41.8,102.0,38.9,none,none,92.6,33.7,3807,-3816,3805,-3814,3808,3813,3809,3811,3807,-3812,3806,-3813,3806,-3814,3805,-3813,3806,3813,3805,-3811,3806,-3812,3806,-3813,3807,-3814,3805,-3813,3806,-3813,3807,-3812,3807,-3811,3806,3812,3807,-3813,3807,-3812,3807,-3812,3810,-3814,3807,3812,3808,-3810,3806,-3812,3806,-3815,3805,-3812,3807,-3813,3808,-3813,3808,-3813,3804,-3814,3804,3816,3805,-3817,3803,-3815,3805,-3814,3804,-3813,3804,-3815,3801,3815,3800,-3816,3802,-3817,3802,-3817,3801,-3814,3803,3813,3804,-3814,3807,-3815,3804,-3813,3804,-3814,3803,-3811,-0.61,SJNFAAZE1U0005576,117.73,13.12,9168.41015625,79,75,0,0,0,0,15.0,99.17,-173118,100,1528031375.648,320,3,0,0,0,0,0,0,0,2,365.72,365.72,7F,1,1,1,0080,73,40,40,0,0,19,-0.50
03/06/2018 14:09:39,55 59.40535,-2 30.55496,239,0,332,655702,1144818,365.76,1.769,3818,3801,3810,17,0,107.2,41.8,102.0,38.9,none,none,92.6,33.7,3809,-3817,3806,-3814,3808,3814,3810,-3812,3807,-3813,3807,3813,3808,-3814,3807,-3814,3806,-3812,3806,-3813,3807,3812,3807,-3814,3807,-3815,3806,-3814,3807,-3812,3809,-3813,3808,-3812,3807,-3812,3807,-3813,3806,3813,3809,-3813,3810,-3815,3808,-3813,3809,-3810,3806,-3814,3808,3816,3806,-3814,3808,-3813,3807,-3814,3808,-3813,3805,3815,3804,-3816,3805,-3818,3805,-3815,3806,-3815,3804,-3814,3804,-3816,3802,-3817,3801,-3817,3802,3817,3804,-3818,3802,-3814,3805,-3814,3803,-3814,3808,3815,3805,-3814,3805,-3814,3804,-3812,-0.67,SJNFAAZE1U0005576,117.73,13.04,9168.41015625,79,75,0,0,0,0,15.0,99.17,-173118,100,1528031379.160,0,3,0,0,0,0,0,0,0,2,365.76,365.76,7F,1,1,1,0080,72,40,40,0,0,19,0.00
03/06/2018 14:09:42,55 59.40535,-2 30.55496,239,0,332,655687,1144818,365.76,2.227,3817,3802,3810,15,0,107.2,41.8,102.0,38.9,none,none,92.6,33.7,3810,-3817,3807,-3814,3810,3813,3811,-3811,3808,-3813,3808,-3814,3808,-3815,3807,3813,3807,-3813,3807,-3812,3808,-3813,3807,-3814,3808,3815,3807,-3813,3807,-3812,3808,-3812,3808,-3812,3808,-3812,3809,3812,3807,-3812,3809,-3812,3811,-3814,3809,-3812,3809,-3811,3808,-3813,3808,-3815,3808,-3813,3809,3812,3808,-3813,3809,-3812,3806,-3815,3806,-3814,3807,3816,3806,-3816,3807,-3815,3805,-3814,3805,-3814,3804,-3815,3802,-3816,3805,-3816,3804,-3816,3803,3814,3805,-3813,3804,-3813,3808,-3816,3807,-3812,3807,3814,3805,-3811,-0.60,SJNFAAZE1U0005576,117.73,13.04,9168.41015625,79,75,0,0,0,0,15.0,99.17,-173118,100,1528031382.877,0,3,0,0,0,0,0,0,0,1,365.76,365.76,7F,1,1,1,0080,72,40,40,0,0,19,0.00
03/06/2018 14:09:46,55 59.40535,-2 30.55496,239,0,332,655673,1144818,365.86,0.122,3819,3801,3811,18,0,107.2,41.8,102.0,38.9,none,none,92.6,33.7,3815,3811,3815,-3808,-3816,3810,-3814,-3808,-3814,3808,-3813,3809,-3815,3808,-3815,3808,-3814,3807,-3813,3807,-3814,3807,-3814,3808,-3815,3807,-3815,3807,-3814,3809,-3813,3810,3814,-3809,-3813,3810,3813,-3808,3813,-3807,3814,3809,3817,-3810,3814,-3809,3815,-3808,3814,-3807,3816,-3808,3816,-3809,3817,-3808,3815,-3807,3818,3806,3816,-3805,3818,-3804,3818,-3807,3817,-3805,3817,3806,3815,-3806,3816,-3804,3818,-3801,3818,-3803,3819,-3804,3818,-3804,3818,-3805,3816,-3805,3816,3806,3817,-3808,3814,-3806,3816,-3806,3815,-3806,-0.63,SJNFAAZE1U0005576,117.73,13.04,9168.41015625,79,75,0,0,0,0,15.0,99.17,-173118,100,1528031386.563,0,0,0,0,0,0,0,0,0,1,365.87,365.87,7F,1,1,1,0080,72,40,40,0,0,19,0.00
03/06/2018 14:09:49,55 59.40535,-2 30.55496,239,0,332,655673,1144818,365.86,-0.000,3818,3804,3811,14,0,107.4,41.9,102.0,38.9,none,none,92.6,33.7,-3815,3812,-3813,3809,-3816,3810,-3813,3809,-3815,3810,-3813,3809,-3814,3809,-3814,3809,-3814,3809,-3813,3807,-3814,3808,-3814,3810,-3814,3809,-3814,3807,-3813,3810,-3814,3810,-3813,3810,-3812,3810,-3814,3809,-3813,3808,-3814,3809,-3816,3811,-3814,3809,-3815,3808,-3813,3808,-3816,3810,-3816,3809,-3817,3809,-3815,3808,-3817,3807,-3815,3807,-3816,3807,-3817,3809,-3817,3807,-3816,3807,-3815,3807,-3815,3804,-3816,3804,-3816,3804,-3818,3806,-3817,3805,-3816,3807,-3815,3806,-3815,3808,-3818,3810,-3813,3807,-3816,3807,-3814,3807,-8.30,SJNFAAZE1U0005576,117.73,12.56,9168.41015625,79,75,0,0,0,0,15.0,99.17,-173118,100,1528031389.443,0,0,0,0,0,0,0,0,0,1,365.81,365.81,77,0,1,1,0000,72,40,40,0,0,19,0.00
03/06/2018 14:09:52,55 59.40535,-2 30.55496,239,0,332,655673,1144818,365.86,0.091,3817,3803,3811,14,0,107.2,41.8,102.0,38.9,none,none,92.6,33.7,-3815,3811,-3814,3810,-3816,3811,-3814,3809,-3814,3809,-3814,3810,-3814,3811,-3814,3809,-3814,3808,-3813,3808,-3814,3808,-3815,3811,-3815,3808,-3815,3808,-3813,3810,-3814,3811,-3813,3809,-3813,3811,-3814,3808,-3812,3808,-3816,3810,-3817,3812,-3814,3810,-3815,3808,-3814,3808,-3816,3809,-3816,3810,-3817,3809,-3815,3808,-3817,3807,-3815,3806,-3817,3807,-3816,3809,-3816,3808,-3816,3807,-3815,3808,-3815,3803,-3816,3804,-3817,3805,-3817,3806,-3817,3806,-3816,3806,-3815,3807,-3815,3806,-3816,3810,-3814,3807,-3815,3807,-3815,3807,-8.21,SJNFAAZE1U0005576,117.73,12.48,9168.41015625,79,75,0,0,0,0,15.0,99.17,-173118,100,1528031392.171,0,0,0,0,0,0,0,0,0,1,365.91,365.91,77,0,1,1,0000,72,40,40,0,0,19,0.00
03/06/2018 14:09:54,55 59.40535,-2 30.55496,239,0,332,655673,1144818,365.86,0.061,3820,3803,3811,17,0,107.2,41.8,102.0,38.9,none,none,92.6,33.7,-3816,3812,-3815,3809,-3816,3811,-3814,3810,-3815,3810,-3815,3811,-3815,3808,-3816,3809,-3814,3808,-3814,3808,-3815,3807,-3815,3809,-3815,3808,-3815,3808,-3813,3810,-3815,3810,-3814,3809,-3813,3811,-3814,3809,-3814,3808,-3816,3810,-3817,3811,-3815,3810,-3816,3808,-3814,3807,-3816,3808,-3816,3809,-3817,3809,-3816,3808,-3818,3807,-3817,3806,-3818,3806,-3818,3808,-3818,3807,-3818,3806,-3816,3807,-3816,3804,-3818,3803,-3818,3803,-3820,3804,-3818,3805,-3818,3806,-3817,3806,-3817,3806,-3817,3808,-3815,3807,-3817,3806,-3815,3805,-7.41,SJNFAAZE1U0005576,117.73,12.48,9168.41015625,79,75,0,0,0,0,15.0,99.17,-173118,100,1528031394.951,0,0,0,0,0,0,0,0,0,1,365.93,365.93,77,0,1,1,0000,72,40,40,0,0,19,0.00
03/06/2018 14:09:57,55 59.40535,-2 30.55496,239,0,332,655673,1144818,365.86,0.061,3820,3803,3811,17,0,107.2,41.8,102.0,38.9,none,none,92.8,33.8,-3816,3813,-3816,3809,-3816,3810,-3814,3808,-3814,3809,-3815,3810,-3816,3808,-3816,3808,-3815,3809,-3815,3807,-3815,3807,-3814,3810,-3815,3808,-3816,3807,-3814,3809,-3814,3810,-3814,3811,-3814,3811,-3814,3809,-3814,3808,-3814,3809,-3816,3811,-3815,3811,-3815,3808,-3813,3807,-3816,3809,-3816,3809,-3817,3809,-3816,3808,-3818,3806,-3816,3805,-3819,3806,-3819,3809,-3817,3807,-3818,3807,-3817,3807,-3817,3804,-3818,3803,-3819,3804,-3820,3805,-3819,3805,-3818,3806,-3816,3806,-3816,3807,-3817,3809,-3814,3807,-3818,3806,-3815,3807,-7.32,SJNFAAZE1U0005576,117.73,12.48,9168.41015625,79,75,0,0,0,0,15.0,99.17,-173118,100,1528031397.660,0,0,0,0,0,0,0,0,0,1,365.93,365.93,77,0,1,1,0000,72,40,40,0,0,19,0.00
03/06/2018 14:10:00,55 59.40535,-2 30.55496,239,0,332,655673,1144818,365.86,0.091,3818,3804,3811,14,0,107.2,41.8,102.0,38.9,none,none,92.6,33.7,-3816,3812,-3814,3809,-3816,3812,-3814,3810,-3816,3810,-3813,3810,-3815,3809,-3815,3809,-3814,3809,-3813,3808,-3814,3808,-3814,3811,-3815,3808,-3815,3808,-3814,3811,-3814,3811,-3815,3809,-3813,3812,-3814,3809,-3813,3808,-3814,3810,-3817,3812,-3814,3811,-3816,3809,-3813,3809,-3816,3810,-3816,3809,-3817,3809,-3816,3807,-3818,3808,-3816,3806,-3817,3807,-3818,3810,-3817,3808,-3817,3808,-3816,3808,-3816,3805,-3817,3805,-3817,3804,-3817,3806,-3818,3807,-3816,3806,-3815,3807,-3815,3807,-3817,3811,-3814,3807,-3816,3807,-3814,3807,-7.46,SJNFAAZE1U0005576,117.73,12.40,9168.41015625,79,75,0,0,0,0,15.0,99.17,-173118,100,1528031400.344,0,0,0,0,0,0,0,0,0,1,365.94,365.94,77,0,1,1,0000,72,40,40,0,0,19,0.00
03/06/2018 14:10:02,55 59.40535,-2 30.55496,239,0,332,655673,1144818,365.95,0.061,3819,3803,3812,16,0,107.2,41.8,102.0,38.9,none,none,92.6,33.7,3811,-3819,3808,-3816,3811,3815,3812,-3813,3809,-3816,3809,-3815,3808,-3817,3808,-3817,3807,-3815,3808,-3815,3808,-3815,3809,3815,-3808,3817,-3807,3816,-3808,3815,-3810,3815,-3811,3814,-3810,3815,-3810,3814,-3808,3815,-3810,3815,-3813,3816,-3810,3815,-3810,3813,-3807,3816,-3809,3817,-3810,3815,-3811,3814,-3809,3816,-3810,3815,-3806,3817,-3806,3818,-3806,3819,-3807,3817,-3809,3817,-3806,3816,-3807,3818,-3803,3818,3804,-3818,3804,3819,3805,-3818,3804,-3817,3805,-3816,3805,-3817,3808,-3818,3807,3815,3807,-3817,3807,-3813,-7.29,SJNFAAZE1U0005576,117.73,12.40,9168.41015625,79,75,0,0,0,0,15.0,99.17,-173118,100,1528031402.993,0,0,0,0,0,0,0,0,0,1,365.94,365.94,77,0,1,1,0000,72,40,40,0,0,19,0.00
03/06/2018 14:10:05,55 59.40535,-2 30.55496,239,0,332,655673,1144818,365.95,0.244,3819,3805,3812,14,0,107.2,41.8,102.0,38.9,none,none,92.6,33.7,3812,-3819,3809,-3816,3812,3815,3812,-3813,3809,-3814,3809,3815,3809,-3816,3808,-3816,3808,-3814,3808,-3813,3810,3814,3809,-3816,3810,-3817,3810,-3815,3809,-3814,3811,-3814,3810,-3813,3811,-3815,3811,-3814,3809,3815,3811,-3814,3812,-3815,3810,-3815,3812,-3813,3809,3815,3810,-3817,3810,-3815,3812,-3815,3809,-3815,3812,-3814,3808,3816,3808,-3817,3809,-3818,3808,-3817,3809,-3816,3807,-3816,3806,-3817,3806,-3817,3805,-3818,3806,3817,3806,-3818,3805,-3816,3808,-3816,3806,-3816,3811,3817,3808,-3814,3809,-3815,3807,-3813,-7.41,SJNFAAZE1U0005576,117.73,12.32,9168.41015625,79,75,0,0,0,0,15.0,99.17,-173118,100,1528031405.619,0,0,0,0,0,0,0,0,0,1,365.97,365.97,77,0,1,1,0000,72,40,40,0,0,19,0.00
03/06/2018 14:10:08,55 59.40535,-2 30.55496,239,0,332,655673,1144818,365.95,0.030,3819,3805,3812,14,0,107.2,41.8,102.0,38.9,none,none,92.6,33.7,3811,-3818,3809,-3817,3812,3814,3812,-3814,3811,3816,3809,-3816,3809,-3816,3808,-3815,3809,-3814,3809,-3814,3809,-3813,3809,-3815,3810,-3815,3809,3815,3809,-3813,3811,-3815,3810,-3813,3811,-3815,3811,3814,3810,-3814,3810,-3814,3813,-3816,3811,-3814,3810,-3812,3810,-3815,3810,-3817,3810,-3816,3812,3815,3810,-3815,3812,-3814,3809,-3817,3807,-3817,3809,3819,3808,-3816,3809,-3817,3808,-3815,3807,-3816,3805,-3817,3805,-3818,3806,-3818,3807,-3818,3805,3817,3807,-3816,3806,-3816,3811,-3817,3808,-3815,3809,-3816,3807,3813,-6.79,SJNFAAZE1U0005576,117.73,12.32,9168.41015625,79,75,0,0,0,0,15.0,99.17,-173118,100,1528031408.177,0,0,0,0,0,0,0,0,0,1,365.95,365.95,77,0,1,1,0000,72,40,40,0,0,19,0.00
03/06/2018 14:10:10,55 59.40535,-2 30.55496,239,0,332,655673,1144818,365.95,0.061,3820,3803,3812,17,0,107.2,41.8,102.0,38.9,none,none,92.6,33.7,3811,-3818,3809,3816,3810,3815,3812,-3814,3809,-3814,3809,-3815,3810,3816,3808,-3816,3808,-3815,3808,-3814,3809,-3815,3808,-3816,3809,-3817,3807,-3817,3808,-3815,3810,3815,3811,-3814,3809,-3815,3810,-3815,3809,-3815,3811,-3815,3813,3816,3810,-3815,3811,-3812,3809,-3817,3809,-3818,3809,3815,3811,-3815,3809,-3816,3810,-3816,3808,-3818,3807,-3818,3808,-3820,3807,-3818,3808,-3817,3806,3816,3807,-3819,3804,-3818,3803,-3819,3805,-3818,3804,3819,3804,-3818,3806,-3817,3806,-3817,3809,-3818,3807,-3816,3807,-3817,3806,-3813,-5.34,SJNFAAZE1U0005576,117.73,12.40,9168.41015625,79,75,0,0,0,0,15.5,99.17,-173118,100,1528031410.787,0,0,0,0,0,0,0,0,0,1,365.97,365.97,77,0,1,1,0000,72,40,40,0,0,19,0.00
03/06/2018 14:10:13,55 59.40535,-2 30.55496,239,0,332,655673,1144818,365.95,0.091,3820,3804,3812,16,0,107.2,41.8,102.0,38.9,none,none,92.6,33.7,3812,3819,3809,-3816,3811,3816,3812,-3814,3810,-3815,3809,-3816,3809,-3816,3808,-3816,3808,-3815,3808,3814,3808,-3814,3808,-3815,3809,-3817,3807,-3816,3808,3814,3811,-3815,3810,-3813,3810,-3815,3810,-3814,3809,-3815,3810,-3815,3813,-3817,3811,-3815,3811,3813,3809,-3816,3808,-3818,3810,-3817,3811,-3816,3809,3815,3811,-3816,3807,-3817,3807,-3817,3807,-3820,3807,-3819,3808,3817,3807,-3817,3805,-3819,3805,-3818,3805,-3819,3805,-3819,3805,-3819,3804,-3818,3807,-3817,3806,3816,3809,-3818,3806,-3815,3806,-3817,3806,-3814,-5.19,SJNFAAZE1U0005576,117.73,12.40,9168.41015625,79,75,0,0,0,0,15.0,99.17,-173118,100,1528031413.457,0,0,0,0,0,0,0,0,0,1,365.99,365.99,77,0,1,1,0000,72,40,40,0,0,19,0.00
03/06/2018 14:10:16,55 59.40535,-2 30.55496,239,0,332,655673,1144818,365.95,0.091,3821,3803,3812,18,0,107.2,41.8,102.0,38.9,none,none,92.6,33.7,3812,-3820,3808,-3817,3812,3816,3811,-3814,3810,-3816,3810,-3816,3810,-3817,3809,-3816,3808,3815,3808,-3815,3809,-3814,3808,-3816,3809,-3817,3808,-3817,3807,-3814,3810,-3815,3810,-3814,3809,3815,3810,-3814,3810,-3815,3811,-3815,3813,-3817,3811,3816,3812,-3813,3809,-3816,3809,-3818,3809,-3816,3811,-3815,3809,-3816,3810,-3816,3807,-3819,3806,3819,3807,-3821,3807,-3818,3808,-3817,3806,-3817,3806,3818,3804,-3819,3803,-3819,3805,-3819,3805,-3820,3805,-3818,3806,-3817,3806,-3817,3809,-3818,3807,3816,3808,-3816,3806,-3813,-5.19,SJNFAAZE1U0005576,117.73,12.40,9168.41015625,79,75,0,0,0,0,15.5,99.17,-173118,100,1528031416.305,0,0,0,0,0,0,0,0,0,1,366.00,366.00,77,0,1,1,0000,71,40,40,0,0,19,0.00
03/06/2018 14:10:19,55 59.40535,-2 30.55496,239,0,332,655673,1144818,365.95,0.152,3820,3804,3812,16,0,107.2,41.8,101.8,38.8,none,none,92.6,33.7,3816,-3812,3816,-3809,3817,3811,3816,-3810,3815,-3810,3815,3810,3816,-3809,3816,-3809,3815,-3809,3814,-3808,3816,3809,3815,-3810,3817,-3808,3816,-3808,3815,-3810,3816,-3811,3816,-3810,3814,-3812,3814,-3810,3815,3809,3816,-3811,3818,-3811,3815,-3810,3816,-3809,3814,3807,3817,-3810,3817,-3810,3818,-3809,3817,-3807,3819,-3807,3818,3807,3819,-3806,3819,-3809,3819,-3808,3818,-3807,3818,-3808,3817,-3804,3820,-3805,3819,-3804,3820,3804,3819,-3806,3818,-3807,3817,-3807,3817,-3807,3818,3811,3816,-3807,3818,-3807,3817,-3807,-5.88,SJNFAAZE1U0005576,117.73,12.32,9168.41015625,79,75,0,0,0,0,15.5,99.17,-173118,100,1528031419.295,0,0,0,0,0,0,0,0,0,1,365.98,365.98,77,0,1,1,0000,71,40,40,0,0,19,0.00
03/06/2018 14:10:22,55 59.40535,-2 30.55496,239,0,332,655673,1144818,365.95,0.305,3819,3805,3812,14,0,107.2,41.8,102.0,38.9,none,none,92.6,33.7,-3816,3812,-3815,3811,-3817,3811,-3815,3810,-3815,3810,-3815,3811,-3815,3809,-3815,3810,-3814,3810,-3814,3809,-3815,3808,-3815,3812,-3816,3810,-3816,3808,-3814,3810,-3815,3812,-3814,3811,-3813,3813,-3815,3809,-3814,3810,-3816,3811,-3817,3813,-3815,3812,-3815,3810,-3814,3809,-3817,3811,-3816,3811,-3817,3809,-3816,3808,-3819,3808,-3816,3807,-3818,3808,-3817,3809,-3817,3808,-3818,3807,-3817,3809,-3816,3805,-3818,3806,-3818,3806,-3819,3806,-3818,3807,-3818,3807,-3816,3807,-3817,3807,-3817,3810,-3815,3808,-3817,3809,-3815,3808,-7.26,SJNFAAZE1U0005576,117.73,12.32,9168.41015625,79,75,0,0,0,0,15.5,99.17,-173118,100,1528031422.646,0,0,0,0,0,0,0,0,0,1,365.99,365.99,77,0,1,1,0000,71,40,40,0,0,19,0.00
03/06/2018 14:10:25,55 59.40535,-2 30.55496,239,0,332,655673,1144818,365.95,0.274,3821,3804,3812,17,0,107.2,41.8,101.8,38.8,none,none,92.6,33.7,-3816,3812,-3815,3810,-3818,3811,-3815,3810,-3816,3810,-3816,3811,-3815,3810,-3815,3808,-3815,3808,-3815,3808,-3815,3808,-3816,3810,-3817,3810,-3816,3808,-3815,3810,-3815,3811,-3815,3809,-3815,3813,-3814,3809,-3814,3810,-3816,3811,-3817,3812,-3816,3811,-3816,3810,-3814,3808,-3818,3810,-3816,3810,-3818,3810,-3817,3806,-3819,3807,-3817,3806,-3820,3807,-3819,3810,-3818,3807,-3819,3808,-3819,3807,-3818,3804,-3821,3805,-3820,3804,-3821,3805,-3820,3805,-3819,3806,-3817,3806,-3818,3807,-3817,3810,-3816,3806,-3818,3808,-3816,3807,-7.38,SJNFAAZE1U0005576,117.73,12.32,9168.41015625,79,75,0,0,0,0,15.5,99.17,-173118,100,1528031425.794,0,0,0,0,0,0,0,0,0,1,366.02,366.02,77,0,1,1,0000,71,40,40,0,0,19,0.00
03/06/2018 14:10:28,55 59.40535,-2 30.55496,239,0,332,655673,1144818,365.95,0.122,3821,3804,3812,17,0,107.2,41.8,102.0,38.9,none,none,92.6,33.7,-3817,3813,-3816,3810,-3818,3811,-3816,3810,-3816,3810,-3814,3810,-3815,3809,-3816,3810,-3815,3809,-3815,3809,-3816,3809,-3816,3811,-3817,3810,-3816,3809,-3815,3811,-3815,3812,-3814,3810,-3814,3812,-3815,3810,-3815,3810,-3815,3810,-3818,3812,-3816,3811,-3817,3809,-3814,3807,-3818,3809,-3817,3810,-3818,3808,-3818,3807,-3819,3808,-3817,3806,-3819,3807,-3819,3809,-3818,3808,-3819,3808,-3818,3808,-3817,3804,-3819,3804,-3820,3804,-3821,3806,-3820,3806,-3819,3807,-3817,3806,-3817,3806,-3818,3810,-3815,3807,-3818,3807,-3816,3807,-7.25,SJNFAAZE1U0005576,117.73,12.24,9168.41015625,79,75,0,0,0,0,15.5,99.17,-173118,100,1528031428.529,0,0,0,0,0,0,0,0,0,1,366.01,366.01,77,0,1,1,0000,71,40,40,0,0,19,0.00
03/06/2018 14:10:31,55 59.40535,-2 30.55496,239,0,332,655673,1144818,365.95,0.122,3820,3804,3812,16,0,107.2,41.8,101.8,38.8,none,none,92.6,33.7,-3816,3812,-3816,3811,-3817,3810,-3816,3810,-3815,3809,-3815,3811,-3816,3810,-3816,3809,-3815,3809,-3815,3808,-3816,3808,-3815,3811,-3816,3809,-3817,3808,-3816,3810,-3814,3811,-3815,3811,-3815,3812,-3814,3810,-3816,3809,-3816,3810,-3818,3812,-3815,3810,-3815,3810,-3815,3808,-3818,3810,-3817,3811,-3818,3811,-3818,3808,-3819,3808,-3818,3807,-3820,3807,-3819,3809,-3819,3809,-3818,3807,-3818,3808,-3817,3804,-3820,3804,-3819,3804,-3820,3804,-3820,3805,-3819,3806,-3817,3807,-3818,3807,-3818,3810,-3816,3807,-3817,3808,-3816,3808,-7.33,SJNFAAZE1U0005576,117.73,12.24,9168.41015625,79,75,0,0,0,0,15.5,99.17,-173118,100,1528031431.364,0,0,0,0,0,0,0,0,0,1,366.03,366.03,77,0,1,1,0000,71,40,40,0,0,19,0.00
03/06/2018 14:10:34,55 59.40535,-2 30.55496,239,0,332,655673,1144818,365.95,0.244,3819,3805,3812,14,0,107.2,41.8,101.8,38.8,none,none,92.6,33.7,-3816,3813,-3815,3809,-3817,3812,-3815,3811,-3815,3811,-3814,3811,-3815,3810,-3815,3810,-3814,3810,-3813,3809,-3815,3810,-3814,3810,-3815,3809,-3815,3809,-3814,3811,-3815,3812,-3814,3811,-3815,3812,-3815,3811,-3814,3810,-3816,3810,-3817,3813,-3815,3811,-3816,3809,-3815,3809,-3817,3811,-3816,3810,-3817,3809,-3816,3809,-3819,3808,-3817,3808,-3818,3808,-3818,3810,-3817,3809,-3817,3809,-3817,3809,-3817,3805,-3818,3807,-3818,3806,-3818,3807,-3818,3807,-3817,3807,-3817,3808,-3816,3808,-3818,3811,-3815,3808,-3817,3809,-3815,3809,-7.18,SJNFAAZE1U0005576,117.73,12.24,9168.41015625,79,75,0,0,0,0,15.5,99.17,-173118,100,1528031434.718,0,0,0,0,0,0,0,0,0,1,366.03,366.03,77,0,1,1,0000,71,40,40,0,0,19,0.00
03/06/2018 14:10:53,55 59.40535,-2 30.55496,239,0,332,655673,1144818,365.95,0.061,3820,3804,3812,16,0,107.2,41.8,102.0,38.9,none,none,92.6,33.7,3811,-3820,3809,3818,3812,3816,3812,-3815,3811,-3815,3809,-3816,3810,3819,3808,-3816,3809,-3816,3808,-3815,3808,-3816,3809,-3816,3810,-3818,3809,-3817,3808,-3815,3811,3815,3810,-3814,3811,-3815,3811,-3815,3810,-3814,3811,3815,3813,-3817,3811,-3817,3811,-3814,3810,-3816,3809,-3818,3810,-3817,3811,-3815,3810,-3817,3811,3815,3808,-3818,3808,-3819,3808,-3819,3807,-3818,3809,-3817,3808,3818,3806,-3819,3804,-3819,3804,-3820,3805,-3820,3806,3820,3805,-3818,3806,-3817,3807,-3817,3809,-3819,3808,-3816,3807,-3817,3807,-3815,-5.19,SJNFAAZE1U0005576,117.73,12.32,9168.41015625,79,75,0,0,0,0,15.5,99.17,-173118,100,1528031453.248,0,0,0,0,0,0,0,0,0,1,366.03,366.03,77,0,1,1,0000,71,40,40,0,0,19,0.00
03/06/2018 18:05:32,55 59.40535,-2 30.55496,239,0,332,655672,1144818,366.24,1.907,3822,3812,3815,10,0,96.2,35.7,88.6,31.4,none,none,82.6,28.1,3816,3822,3812,3818,3817,3816,3815,3814,3815,3815,3814,3816,3815,3814,3814,3815,3814,3815,3815,3814,3814,3814,3814,3816,3815,3815,3814,3814,3814,3815,3814,3815,3815,3814,3815,3815,3815,3815,3815,3815,3816,3816,3818,3816,3815,3816,3816,3814,3816,3816,3817,3817,3815,3816,3816,3815,3816,3815,3819,3814,3815,3814,3815,3815,3816,3817,3815,3814,3815,3815,3814,3815,3814,3814,3814,3813,3813,3814,3815,3814,3814,3815,3815,3814,3815,3815,3814,3815,3817,3818,3814,3815,3815,3814,3815,3814,-7.65,SJNFAAZE1U0005576,117.73,12.16,0,79,75,0,0,0,0,16.0,99.17,-173118,63,1528045532.771,0,0,0,0,0,0,0,0,0,1,366.29,366.29,17,0,1,1,0000,62,40,40,0,0,19,0.00
03/06/2018 18:05:36,55 59.40535,-2 30.55496,239,0,332,655671,1144818,366.14,2.089,3822,3808,3814,14,0,96.2,35.7,88.6,31.4,none,none,82.6,28.1,3815,3822,3812,-3818,3813,3817,3815,-3815,3813,-3817,3812,-3817,3811,-3817,3811,-3817,3810,-3816,3812,3816,3811,-3815,3811,-3817,3812,-3819,3810,-3818,3810,3815,3813,-3816,3812,-3815,3812,-3817,3813,-3817,3812,-3815,3813,3816,3816,-3817,3813,3817,3813,3814,3812,3817,3813,3819,3813,3818,3815,3817,3813,3817,3814,3816,3810,3818,3810,3820,3811,3821,3809,3819,3812,3819,3810,3816,3809,3819,3808,3819,3808,3819,3809,3819,3810,3820,3808,3818,3811,3818,3810,3819,3814,3820,3811,3817,3812,3818,3811,3815,15.56,SJNFAAZE1U0005576,117.73,13.92,9168.41015625,79,75,0,0,0,0,16.0,99.17,-173118,63,1528045536.322,0,3,0,0,0,0,0,0,0,1,366.23,366.23,1F,1,1,1,0080,62,40,40,0,0,19,0.00
03/06/2018 18:05:40,55 59.40535,-2 30.55496,239,0,332,655663,1144818,366.05,3.188,3821,3807,3813,14,0,96.2,35.7,88.6,31.4,none,none,82.6,28.1,3814,-3821,3810,-3817,3812,3815,3813,-3814,3811,-3815,3810,-3816,3812,-3818,3810,-3816,3809,-3816,3809,-3815,3811,-3815,3811,3815,3811,-3817,3809,-3815,3810,-3816,3812,-3816,3811,3814,3811,-3816,3812,-3814,3812,-3814,3812,-3816,3814,-3816,3812,3816,3813,-3813,3811,-3816,3812,-3818,3811,-3816,3813,-3816,3811,-3816,3812,-3815,3811,-3817,3809,3819,3809,-3819,3809,-3817,3810,-3817,3808,-3816,3809,3818,3807,-3817,3807,-3818,3808,-3820,3808,-3818,3807,-3818,3808,-3816,3808,-3816,3812,-3818,3810,3817,3810,-3818,3809,-3814,8.34,SJNFAAZE1U0005576,117.73,14.32,9168.41015625,79,75,0,0,0,0,16.0,99.17,-173118,63,1528045540.132,0,3,1,0,4,0,0,0,0,1,366.18,366.18,1F,1,1,1,0080,62,40,40,0,0,19,0.00
03/06/2018 18:05:43,55 59.40535,-2 30.55496,239,0,332,655650,1144818,365.95,3.646,3820,3806,3812,14,0,96.2,35.7,88.6,31.4,none,none,82.6,28.1,3813,-3819,3811,-3817,3812,3814,3812,-3813,3810,3815,3810,-3815,3811,-3816,3809,-3815,3810,-3815,3809,-3814,3810,-3814,3810,-3815,3810,-3816,3810,3815,3810,-3814,3811,-3815,3811,-3814,3811,-3814,3811,-3814,3811,3814,3812,-3814,3813,-3816,3812,-3815,3812,-3813,3810,3816,3811,-3817,3811,-3815,3813,-3816,3809,-3815,3812,-3816,3809,-3817,3809,-3817,3809,-3820,3809,3817,3811,-3816,3809,-3816,3809,-3817,3806,-3817,3807,3818,3807,-3818,3808,-3820,3806,-3818,3810,-3817,3808,-3817,3811,-3818,3808,-3817,3811,-3816,3808,3814,5.13,SJNFAAZE1U0005576,117.73,14.40,9168.41015625,79,75,0,0,0,0,16.0,99.17,-173118,63,1528045543.843,0,3,1,0,5,0,0,0,0,1,365.96,365.96,1F,1,1,1,0080,62,40,40,0,0,19,0.00
03/06/2018 18:05:47,55 59.40535,-2 30.55496,239,0,332,655638,1144818,366.05,2.914,3820,3806,3813,14,0,96.4,35.8,88.6,31.4,none,none,82.6,28.1,3814,-3820,3810,3817,3813,3817,3814,-3815,3812,-3817,3811,-3816,3811,3816,3809,-3816,3810,-3816,3809,-3815,3810,-3815,3811,-3816,3811,3817,3810,-3816,3810,-3815,3813,-3816,3812,-3815,3812,-3816,3812,-3816,3811,-3816,3812,-3815,3814,3817,3813,-3817,3814,-3815,3811,-3817,3813,-3819,3811,3817,3814,-3816,3811,-3816,3813,-3817,3810,-3818,3809,-3818,3810,-3820,3810,-3819,3811,-3816,3809,3816,3810,-3819,3806,-3819,3806,-3818,3807,-3818,3808,3819,3807,-3818,3809,-3816,3809,-3817,3813,-3819,3809,-3817,3811,-3818,3809,-3814,3.90,SJNFAAZE1U0005576,117.73,14.40,9168.41015625,79,75,0,0,0,0,16.0,99.17,-173118,63,1528045547.444,0,3,1,0,6,0,0,0,0,1,366.12,366.12,1F,1,1,1,0080,62,40,40,0,0,19,0.00
03/06/2018 18:05:50,55 59.40535,-2 30.55496,239,0,332,655632,1144818,366.14,1.845,3822,3805,3814,17,0,96.4,35.8,88.6,31.4,none,none,82.6,28.1,-3819,3814,-3818,3812,3818,3813,3817,3811,3818,-3812,3817,-3812,3816,-3810,3817,-3811,-3816,-3811,3816,3809,-3816,3810,-3818,3812,-3817,3811,-3818,3809,-3816,3811,-3816,3812,-3816,3812,-3815,3813,-3816,3810,-3816,3810,-3817,3812,-3819,3813,-3817,3811,-3818,3812,-3817,3811,-3819,3812,-3819,3812,-3819,3812,-3817,3808,-3821,3808,-3819,3808,-3820,3809,-3821,3810,-3819,3809,-3819,3809,-3818,3809,-3818,3805,-3822,3805,-3821,3806,-3822,3806,-3820,3807,-3820,3808,-3819,3807,-3819,3808,-3821,3813,-3817,3809,-3819,3809,-3817,3809,3.38,SJNFAAZE1U0005576,117.73,14.40,9168.41015625,79,75,0,0,0,0,16.0,99.17,-173118,63,1528045550.813,0,3,0,0,0,0,0,0,0,1,366.15,366.15,1F,1,1,1,0080,62,40,40,0,0,19,0.00
03/06/2018 18:05:54,55 59.40535,-2 30.55496,239,0,332,655632,1144818,366.14,1.967,3821,3805,3814,16,0,96.2,35.7,88.6,31.4,none,none,82.6,28.1,-3819,3815,-3818,3811,-3818,3812,-3817,3812,-3818,3812,-3816,3812,-3816,3810,-3818,3811,-3816,3811,-3816,3809,-3818,3810,-3816,3811,-3816,3809,-3818,3809,-3816,3812,-3817,3812,-3816,3812,-3816,3813,-3816,3811,-3816,3811,-3817,3812,-3819,3813,-3818,3813,-3818,3811,-3816,3809,-3819,3811,-3820,3812,-3821,3811,-3818,3809,-3821,3809,-3819,3807,-3820,3808,-3821,3810,-3819,3810,-3820,3809,-3819,3809,-3818,3806,-3821,3805,-3820,3806,-3821,3806,-3820,3807,-3819,3808,-3819,3809,-3818,3809,-3820,3812,-3818,3810,-3819,3809,-3818,3808,3.05,SJNFAAZE1U0005576,117.73,14.40,9168.41015625,79,75,0,0,0,0,16.0,99.17,-173118,63,1528045554.304,0,3,0,0,0,0,0,0,0,1,366.16,366.16,1F,1,1,1,0080,62,40,40,0,0,19,0.00
03/06/2018 18:05:58,55 59.40535,-2 30.55496,239,0,332,655631,1144818,366.05,1.998,3821,3805,3813,16,0,96.2,35.7,88.6,31.4,none,none,82.6,28.1,-3819,3813,-3817,3812,-3819,3813,-3816,3812,-3817,3811,-3816,3812,-3817,3811,-3817,3810,-3816,3810,-3815,3810,-3817,3810,-3817,3812,-3817,3810,-3817,3809,-3816,3811,-3815,3812,-3815,3810,-3815,3813,-3817,3811,-3816,3810,-3816,3811,-3819,3813,-3817,3812,-3819,3811,-3816,3810,-3819,3812,-3818,3812,-3820,3811,-3817,3809,-3821,3808,-3819,3807,-3819,3809,-3820,3811,-3820,3809,-3820,3809,-3819,3808,-3818,3805,-3820,3806,-3820,3807,-3821,3807,-3821,3806,-3820,3808,-3819,3808,-3818,3809,-3820,3813,-3817,3809,-3819,3810,-3818,3809,2.77,SJNFAAZE1U0005576,117.73,14.40,9168.41015625,79,75,0,0,0,0,16.0,99.17,-173118,63,1528045558.162,0,3,0,0,0,0,0,0,0,1,366.15,366.15,1F,1,1,1,0080,62,40,40,0,0,19,0.00
03/06/2018 18:06:01,55 59.40535,-2 30.55496,239,0,332,655625,1144818,366.05,2.975,3819,3806,3813,13,0,96.4,35.8,88.6,31.4,none,none,82.6,28.1,-3818,3813,-3815,3812,-3818,3812,-3815,3811,-3816,3812,-3815,3812,-3815,3810,-3816,3809,-3815,3810,-3814,3810,-3815,3811,-3815,3812,-3816,3811,-3815,3810,-3815,3811,-3815,3812,-3815,3812,-3814,3813,-3816,3811,-3815,3811,-3816,3812,-3817,3813,-3816,3812,-3816,3810,-3816,3810,-3817,3811,-3817,3811,-3819,3811,-3817,3808,-3819,3809,-3818,3808,-3818,3808,-3818,3812,-3818,3809,-3818,3808,-3818,3810,-3819,3807,-3819,3806,-3818,3806,-3819,3807,-3819,3807,-3818,3808,-3818,3809,-3816,3809,-3819,3812,-3816,3810,-3818,3810,-3817,3809,2.58,SJNFAAZE1U0005576,117.73,14.40,9168.41015625,79,75,0,0,0,0,16.0,99.17,-173118,63,1528045561.731,0,3,1,0,6,0,0,0,0,1,366.09,366.09,1F,1,1,1,0080,62,40,40,0,0,19,0.00
03/06/2018 18:06:05,55 59.40535,-2 30.55496,239,0,332,655619,1144818,366.05,1.998,3822,3805,3813,17,0,96.2,35.7,88.6,31.4,none,none,82.6,28.1,-3818,3814,-3817,3812,-3818,3812,-3817,3812,-3816,3810,-3815,3812,-3816,3810,-3816,3810,-3817,3810,-3816,3809,-3816,3809,-3816,3812,-3817,3810,-3817,3809,-3816,3811,-3816,3812,-3816,3812,-3815,3812,-3816,3811,-3816,3810,-3816,3812,-3818,3814,-3817,3812,-3818,3811,-3816,3809,-3819,3812,-3818,3811,-3819,3811,-3818,3809,-3821,3810,-3819,3808,-3820,3808,-3820,3810,-3819,3808,-3820,3809,-3818,3810,-3819,3806,-3820,3805,-3819,3806,-3822,3807,-3821,3807,-3821,3808,-3818,3808,-3818,3808,-3820,3812,-3817,3809,-3820,3809,-3817,3809,2.43,SJNFAAZE1U0005576,117.73,14.40,9168.41015625,79,75,0,0,0,0,16.0,99.17,-173118,63,1528045565.213,0,3,0,0,0,0,0,0,0,1,366.12,366.12,1F,1,1,1,0080,62,40,40,0,0,19,0.00
03/06/2018 18:06:08,55 59.40535,-2 30.55496,239,0,332,655618,1144818,366.05,1.937,3819,3806,3813,13,0,96.2,35.7,88.6,31.4,none,none,82.6,28.1,3814,-3819,3810,-3816,3813,3817,3813,-3815,3811,-3815,3811,3815,3811,-3817,3810,-3817,3810,-3815,3809,-3814,3810,3814,3810,-3816,3810,-3816,3809,-3815,3810,-3814,3811,-3816,3812,3815,3811,-3815,3812,-3814,3810,-3814,3812,-3814,3815,-3817,3812,-3816,3813,-3813,3811,-3816,3812,3818,3812,-3816,3814,-3816,3811,-3816,3812,-3815,3811,3817,3809,-3819,3810,-3819,3809,-3818,3811,-3817,3809,-3817,3809,-3817,3807,-3817,3806,-3818,3807,3818,3808,-3818,3808,-3818,3809,-3817,3809,-3816,3812,3818,3810,-3815,3810,-3817,3809,-3814,2.29,SJNFAAZE1U0005576,117.73,14.40,9168.41015625,79,75,0,0,0,0,16.0,99.17,-173118,63,1528045568.778,0,3,0,0,0,0,0,0,0,1,366.12,366.12,1F,1,1,1,0080,62,40,40,0,0,19,33.25
03/06/2018 18:06:12,55 59.40535,-2 30.55496,239,0,332,655609,1144818,365.95,3.341,3820,3805,3812,15,0,96.4,35.8,88.6,31.4,none,none,82.6,28.1,3812,-3820,3809,-3817,3810,3816,3812,-3815,3809,-3816,3809,-3815,3809,-3817,3808,3816,3809,-3815,3808,-3814,3808,-3814,3809,-3816,3809,-3817,3808,3816,3808,-3814,3810,-3815,3810,-3814,3810,-3813,3809,3815,3809,-3815,3811,-3815,3813,-3816,3811,-3815,3811,-3813,3810,-3816,3809,-3818,3810,-3816,3812,3816,3809,-3816,3811,-3815,3808,-3818,3808,-3818,3808,3820,3809,-3818,3809,-3818,3807,-3816,3808,-3818,3805,-3818,3805,-3820,3806,-3819,3805,-3819,3805,3819,3807,-3817,3807,-3816,3810,-3819,3807,-3816,3808,3817,3807,-3813,2.06,SJNFAAZE1U0005576,117.73,14.32,9168.41015625,79,75,0,0,0,0,16.0,99.17,-173118,63,1528045572.443,0,3,0,0,0,0,0,0,0,4,366.03,366.03,1F,1,1,1,0080,62,40,40,0,0,19,34.25
03/06/2018 18:06:16,55 59.40535,-2 30.55496,239,0,332,655594,1144818,365.95,4.470,3820,3804,3812,16,0,96.2,35.7,88.4,31.3,none,none,82.6,28.1,3812,3819,3808,-3817,3810,3815,3813,-3814,3809,-3815,3809,-3815,3809,3816,3808,-3816,3808,-3814,3809,-3815,3809,-3814,3810,-3815,3809,-3817,3808,-3816,3807,-3815,3810,3815,3810,-3814,3810,-3814,3810,-3815,3810,-3814,3811,3816,3813,-3816,3811,-3815,3811,-3813,3809,-3816,3810,-3817,3810,-3816,3811,-3815,3809,-3816,3812,3815,3807,-3817,3807,-3818,3808,-3819,3806,-3818,3808,3817,3806,-3817,3807,-3819,3804,-3818,3805,-3818,3805,-3819,3805,-3820,3805,-3818,3807,-3815,3806,3817,3810,-3819,3807,-3816,3809,-3817,3807,-3814,1.68,SJNFAAZE1U0005576,117.73,14.00,9168.41015625,79,75,0,0,0,0,16.0,99.17,-173118,63,1528045576.071,0,3,0,0,0,0,0,0,0,4,366.00,366.00,1F,1,1,1,0080,62,40,40,0,0,19,40.50
03/06/2018 18:06:19,55 59.40535,-2 30.55496,239,0,332,655577,1144818,365.86,3.951,3818,3805,3811,13,0,96.2,35.7,88.4,31.3,none,none,82.6,28.1,3812,-3818,3809,-3816,3811,3814,3811,3814,3809,-3815,3807,-3815,3809,-3816,3809,-3816,3808,3814,3807,-3814,3809,-3814,3808,-3814,3809,-3817,3808,-3815,3807,-3814,3809,-3815,3810,-3814,3809,3814,3809,-3814,3808,-3814,3810,-3815,3812,-3816,3811,3815,3811,-3813,3808,-3814,3809,-3817,3811,-3815,3811,-3814,3810,-3814,3811,-3814,3807,-3817,3806,3817,3809,-3818,3808,-3816,3809,-3817,3807,-3816,3806,3817,3805,-3816,3805,-3817,3806,-3817,3805,-3818,3805,-3816,3807,-3815,3807,-3814,3810,-3818,3807,3814,3808,-3816,3807,-3812,1.37,SJNFAAZE1U0005576,117.73,13.68,9168.41015625,79,75,0,0,0,0,16.0,99.17,-173118,63,1528045579.902,0,3,1,0,6,0,0,0,0,4,365.95,365.95,1F,1,1,1,0080,62,40,40,0,0,19,39.50
03/06/2018 18:06:23,55 59.40535,-2 30.55496,239,0,332,655541,1144818,365.86,4.470,3818,3802,3811,16,0,96.4,35.8,88.6,31.4,none,none,82.6,28.1,3816,-3811,3816,-3809,3816,3810,3814,-3809,3814,-3808,3813,3809,3815,-3807,3814,-3807,3813,-3808,3813,-3807,3814,3807,3814,-3809,3815,-3806,3815,-3806,3813,-3808,3813,-3809,3813,-3808,3813,-3810,3814,-3808,3814,3809,3814,-3809,3816,-3811,3814,-3810,3816,-3808,3812,3807,3816,-3808,3815,-3808,3815,-3808,3814,-3805,3818,-3806,3815,-3805,3816,-3805,-3818,-3807,3817,3806,-3817,3805,-3816,3806,-3816,3803,-3818,3802,-3816,3802,-3818,3803,-3818,3804,-3817,3805,-3816,3805,-3815,3806,-3817,3809,-3814,3807,-3815,3806,-3814,3805,1.05,SJNFAAZE1U0005576,117.73,13.36,9168.41015625,79,75,0,0,0,0,16.0,99.17,-173118,63,1528045583.663,1760,3,0,0,0,0,0,0,0,4,365.89,365.89,1F,1,1,1,0080,62,40,40,0,0,19,25.00
03/06/2018 18:06:27,55 59.40535,-2 30.55496,239,0,332,655508,1144818,365.76,6.515,3818,3802,3810,16,0,96.4,35.8,88.6,31.4,none,none,82.6,28.1,-3814,3810,-3815,3808,-3815,3809,-3814,3808,-3814,3808,-3814,3808,-3814,3808,-3814,3806,-3813,3808,-3814,3806,-3814,3807,-3813,3808,-3814,3807,-3815,3807,-3812,3808,-3814,3810,-3814,3809,-3812,3810,-3812,3807,-3813,3808,-3813,3808,-3816,3810,-3814,3809,-3815,3808,-3812,3806,-3816,3808,-3815,3808,-3816,3807,-3814,3806,-3818,3806,-3816,3805,-3816,3805,-3817,3807,-3818,3806,-3816,3806,-3815,3805,-3816,3802,-3817,3802,-3816,3802,-3817,3802,-3817,3803,-3817,3804,-3814,3804,-3815,3805,-3816,3809,-3813,3806,-3815,3806,-3815,3806,0.50,SJNFAAZE1U0005576,117.73,13.12,9168.41015625,79,75,0,0,0,0,16.0,99.17,-173118,63,1528045587.297,1760,3,0,0,0,0,0,0,0,4,365.82,365.82,1F,1,1,1,0080,62,40,40,0,0,19,11.50
03/06/2018 18:06:30,55 59.40535,-2 30.55496,239,0,332,655489,1144818,365.66,6.637,3816,3802,3809,14,0,96.2,35.7,88.6,31.4,none,none,82.6,28.1,-3814,3810,-3811,3808,-3813,3809,-3812,3807,-3812,3807,-3811,3808,-3812,3808,-3811,3806,-3811,3807,-3811,3806,-3811,3806,-3811,3808,-3813,3807,-3812,3806,-3811,3808,-3811,3809,-3812,3808,-3810,3810,-3811,3807,-3811,3807,-3812,3808,-3814,3810,-3813,3809,-3812,3807,-3811,3806,-3813,3808,-3814,3807,-3813,3807,-3812,3805,-3816,3806,-3813,3804,-3813,3805,-3814,3806,-3814,3805,-3814,3805,-3813,3806,-3814,3802,-3814,3803,-3815,3803,-3815,3804,-3815,3804,-3814,3806,-3813,3805,-3813,3805,-3815,3808,-3812,3805,-3813,3806,-3812,3805,0.30,SJNFAAZE1U0005576,117.73,13.04,9168.41015625,79,75,0,0,0,0,16.0,99.17,-173118,63,1528045590.625,1760,3,0,0,0,0,0,0,0,4,365.84,365.84,1F,1,1,1,0080,62,40,40,0,0,19,6.75
03/06/2018 18:06:34,55 59.40535,-2 30.55496,239,0,332,655469,1144818,365.86,3.005,3819,3802,3811,17,0,96.4,35.8,88.6,31.4,none,none,82.6,28.1,-3816,3811,-3815,3809,-3817,3810,-3815,3809,-3814,3809,-3814,3811,-3815,3808,-3815,3808,-3814,3808,-3813,3808,-3815,3807,-3814,3809,-3815,3807,-3815,3806,-3813,3809,-3813,3810,-3814,3809,-3814,3811,-3814,3808,-3814,3808,-3815,3809,-3817,3811,-3815,3810,-3816,3809,-3814,3807,-3816,3809,-3816,3809,-3817,3808,-3816,3807,-3819,3807,-3817,3805,-3818,3805,-3818,3809,-3817,3807,-3818,3805,-3817,3807,-3815,3802,-3818,3803,-3818,3804,-3819,3804,-3818,3804,-3817,3805,-3817,3806,-3816,3806,-3818,3810,-3815,3808,-3817,3807,-3815,3806,0.31,SJNFAAZE1U0005576,117.73,13.04,9168.41015625,79,75,0,0,0,0,16.0,99.17,-173118,62,1528045594.121,40,3,1,0,6,0,0,0,0,4,365.92,365.92,1F,1,1,1,0080,62,40,40,0,0,19,5.25
03/06/2018 18:06:37,55 59.40535,-2 30.55496,239,0,332,655457,1144818,365.86,3.310,3819,3802,3811,17,0,96.2,35.7,88.6,31.4,none,none,82.4,28.0,-3816,3811,-3814,3808,-3816,3810,-3814,3808,-3815,3808,-3814,3809,-3814,3809,-3813,3808,-3814,3808,-3814,3807,-3813,3807,-3814,3809,-3815,3807,-3815,3807,-3813,3809,-3813,3810,-3813,3808,-3812,3810,-3813,3808,-3813,3808,-3814,3809,-3816,3811,-3813,3809,-3815,3809,-3814,3807,-3817,3809,-3817,3809,-3817,3808,-3816,3807,-3818,3807,-3817,3804,-3817,3805,-3819,3808,-3817,3807,-3817,3806,-3815,3806,-3816,3802,-3818,3803,-3818,3803,-3818,3804,-3818,3803,-3818,3807,-3815,3805,-3816,3806,-3816,3810,-3814,3806,-3817,3806,-3814,3806,0.40,SJNFAAZE1U0005576,117.73,13.04,9168.41015625,79,75,0,0,0,0,16.0,99.17,-173118,62,1528045597.501,480,3,0,0,0,0,0,0,0,4,365.90,365.90,1F,1,1,1,0080,62,40,40,0,0,19,29.50
03/06/2018 18:06:41,55 59.40535,-2 30.55496,239,0,332,655449,1144818,365.86,2.242,3819,3803,3811,16,0,96.2,35.7,88.4,31.3,none,none,82.6,28.1,3811,-3818,3807,3817,3811,3815,3811,-3813,-3808,3814,-3808,3814,-3808,3815,-3807,3815,-3807,3814,-3807,3814,-3808,3813,-3808,3814,-3809,3815,-3806,3815,-3807,3814,-3810,3814,-3809,3814,-3810,3814,-3808,3813,-3808,3813,3809,3814,-3812,3816,3810,-3814,3810,-3811,3807,-3816,3809,-3818,3809,3815,3811,-3814,3808,-3815,3810,-3815,3807,-3816,3806,-3818,3806,-3819,3807,-3817,3807,-3816,3806,3815,3807,-3818,3803,-3818,3804,-3818,3804,-3818,3804,3818,3805,-3817,3806,-3816,3806,-3816,3810,-3818,3807,-3815,3808,-3817,3806,-3813,0.43,SJNFAAZE1U0005576,117.73,13.04,9168.41015625,79,75,0,0,0,0,16.0,99.17,-173118,62,1528045601.068,0,3,0,0,0,0,0,0,0,4,365.94,365.94,1F,1,1,1,0080,62,40,40,0,0,19,44.25
03/06/2018 18:06:44,55 59.40535,-2 30.55496,239,0,332,655428,1144818,365.76,3.676,3818,3801,3810,17,0,96.2,35.7,88.6,31.4,none,none,82.6,28.1,3810,3817,3806,-3815,3808,3814,3809,-3813,3808,-3814,3807,-3813,3807,-3814,3806,-3814,3806,-3813,3804,3812,3806,-3813,3806,-3814,3806,-3815,3805,-3815,3805,3813,3808,-3813,3807,-3812,3807,-3813,3807,-3813,3807,-3813,3807,-3813,3810,-3814,3808,-3814,3808,3811,3806,-3814,3808,-3817,3809,-3814,3809,-3813,3807,3814,3808,-3814,3805,-3816,3805,-3816,3805,-3818,3804,-3816,3806,-3815,3804,-3815,3804,-3816,3802,3817,3801,-3817,3802,-3817,3802,-3817,3802,-3815,3804,3815,3804,-3814,3808,-3816,3806,-3814,3805,-3815,3804,-3812,0.36,SJNFAAZE1U0005576,117.73,13.04,9168.41015625,79,75,0,0,0,0,16.0,99.17,-173118,62,1528045604.622,1080,3,0,0,0,0,0,0,0,4,365.85,365.85,1F,1,1,1,0080,62,40,40,0,0,19,24.75
03/06/2018 18:06:47,55 59.40535,-2 30.55496,239,0,332,655407,1144818,365.76,5.050,3818,3802,3810,16,0,96.4,35.8,88.4,31.3,none,none,82.6,28.1,3809,-3818,3807,-3814,3808,3813,3810,-3812,3807,-3813,3806,-3813,3807,-3815,3806,-3814,3806,-3813,3805,-3813,3807,-3813,3806,3815,3806,-3816,3805,-3814,3805,-3813,3808,-3813,3808,3813,3807,-3814,3807,-3813,3807,-3813,3808,-3813,3810,-3815,3808,-3813,3809,-3811,3805,-3815,3807,3816,3807,-3815,3809,-3813,3806,-3814,3808,-3813,3805,3816,3805,-3816,3805,-3818,3804,-3816,3806,-3815,3804,-3814,3805,3817,3802,-3817,3803,-3817,3802,-3818,3802,-3818,3802,-3816,3805,-3815,3804,-3815,3808,-3816,3806,3815,3804,-3815,3805,-3811,0.41,SJNFAAZE1U0005576,117.73,13.04,9168.41015625,79,75,0,0,0,0,16.0,99.17,-173118,62,1528045607.925,1280,3,0,0,0,0,0,0,0,4,365.81,365.81,1F,1,1,1,0080,63,40,40,0,0,19,25.25
03/06/2018 18:06:51,55 59.40535,-2 30.55496,239,0,332,655376,1144818,365.76,4.897,3818,3801,3810,17,0,96.2,35.7,88.4,31.3,none,none,82.4,28.0,3809,-3818,3806,-3815,3808,3813,3810,-3811,3807,3814,3806,-3814,3806,-3814,3806,-3814,3806,-3813,3805,-3813,3806,-3812,3806,-3814,3807,-3815,3805,3814,3806,-3813,3807,-3813,3808,-3813,3808,-3813,3808,3813,3807,-3813,3808,-3813,3810,-3814,3809,-3813,3809,-3811,3807,-3815,3807,-3816,3808,-3814,3808,-3813,3807,-3813,3808,-3813,3805,-3815,3804,-3817,3804,-3818,3803,3816,3806,-3816,3804,-3816,3804,-3816,3801,-3817,3802,3817,3802,-3817,3802,-3818,3802,-3814,3805,-3815,3804,-3814,3807,-3816,3806,-3814,3806,-3815,3803,3811,0.37,SJNFAAZE1U0005576,117.73,13.04,9168.41015625,79,75,0,0,0,0,16.0,99.17,-173118,62,1528045611.651,1280,2,1,0,6,0,0,0,0,4,365.78,365.78,1F,1,1,1,0080,63,40,40,0,0,19,4.25
03/06/2018 18:06:55,55 59.40535,-2 30.55496,239,0,331,655363,1144818,365.28,14.480,3813,3796,3805,17,0,96.2,35.7,88.6,31.4,none,none,82.4,28.0,3805,-3813,3802,3810,3804,3809,3805,-3808,3803,-3810,3802,-3809,3803,3811,3802,-3810,3802,-3809,3802,-3809,3801,-3809,3802,-3809,3802,-3811,3801,-3810,3801,-3809,3803,3809,3803,-3808,3802,-3809,3803,-3809,3802,-3808,3803,3809,3806,-3810,3805,-3809,3804,-3807,3802,-3809,3802,-3811,3802,3809,3804,-3809,3802,-3810,3803,-3808,3801,-3811,3800,-3812,3800,-3813,3800,-3811,3800,-3810,3800,3809,3801,-3812,3796,-3812,3797,-3812,3798,-3812,3798,3813,3797,-3811,3800,-3810,3800,-3810,3803,-3812,3801,-3809,3801,-3810,3799,-3807,0.42,SJNFAAZE1U0005576,117.73,13.04,9168.41015625,79,75,0,0,0,0,16.0,99.17,-173118,62,1528045615.419,1560,2,0,0,0,0,0,0,0,4,365.55,365.55,1F,1,1,1,0080,63,40,40,0,0,19,35.00
03/06/2018 18:06:58,55 59.40535,-2 30.55496,239,0,331,655220,1144818,364.80,26.076,3807,3791,3800,16,0,96.4,35.8,88.4,31.3,none,none,82.4,28.0,-3804,3801,-3804,3798,-3805,3799,-3803,3798,-3803,3798,-3801,3799,-3804,3798,-3803,3799,-3803,3797,-3803,3797,-3804,3796,-3803,3798,-3804,3798,-3805,3798,-3802,3799,-3803,3799,-3803,3799,-3802,3801,-3802,3799,-3803,3798,-3804,3798,-3805,3800,-3803,3798,-3804,3798,-3802,3796,-3803,3798,-3804,3797,-3804,3796,-3804,3795,-3806,3795,-3804,3793,-3805,3795,-3806,3797,-3805,3795,-3805,3795,-3803,3795,-3806,3792,-3806,3792,-3806,3791,-3807,3792,-3806,3794,-3806,3794,-3804,3794,-3804,3795,-3804,3797,-3802,3796,-3804,3795,-3802,3795,0.38,SJNFAAZE1U0005576,117.73,13.04,9168.41015625,79,75,0,0,0,0,16.0,99.17,-173118,62,1528045618.945,6800,2,0,0,0,0,0,0,0,4,364.87,364.87,1F,1,1,1,0080,63,40,40,0,0,19,58.50
03/06/2018 18:07:02,55 59.40535,-2 30.55496,239,0,331,655102,1144818,365.28,9.078,3812,3797,3805,15,0,96.2,35.7,88.4,31.3,none,none,82.4,28.0,-3810,3805,-3808,3804,-3809,3804,-3808,3803,-3808,3804,-3807,3804,-3809,3803,-3808,3802,-3807,3802,-3808,3802,-3809,3802,-3808,3804,-3809,3802,-3809,3803,-3807,3803,-3808,3805,-3808,3803,-3808,3805,-3807,3803,-3808,3802,-3809,3804,-3810,3806,-3809,3804,-3809,3803,-3807,3800,-3810,3802,-3809,3804,-3809,3802,-3809,3802,-3812,3800,-3810,3800,-3811,3800,-3811,3802,-3810,3801,-3811,3802,-3810,3801,-3809,3797,-3810,3798,-3810,3800,-3812,3800,-3812,3799,-3811,3801,-3809,3801,-3808,3801,-3811,3805,-3808,3801,-3810,3801,-3807,3801,0.32,SJNFAAZE1U0005576,117.73,13.04,9168.41015625,79,75,0,0,0,0,16.0,99.17,-173118,62,1528045622.527,3920,2,0,0,0,0,0,0,0,4,365.36,365.36,1F,1,1,1,0080,63,40,40,0,0,19,18.00
03/06/2018 18:07:06,55 59.40535,-2 30.55496,239,0,331,655044,1144818,365.38,6.942,3812,3798,3806,14,0,96.2,35.7,88.4,31.3,none,none,82.6,28.1,-3811,3806,-3809,3804,-3809,3805,-3808,3804,-3808,3803,-3808,3805,-3808,3803,-3808,3803,-3808,3803,-3808,3802,-3808,3803,-3808,3805,-3809,3803,-3810,3802,-3808,3804,-3809,3805,-3808,3805,-3808,3805,-3809,3804,-3808,3802,-3809,3804,-3810,3805,-3809,3805,-3809,3803,-3808,3802,-3810,3804,-3809,3804,-3811,3804,-3809,3801,-3812,3802,-3809,3800,-3811,3800,-3812,3804,-3810,3801,-3811,3802,-3810,3801,-3809,3798,-3811,3798,-3811,3799,-3812,3800,-3811,3799,-3811,3801,-3809,3802,-3809,3802,-3812,3806,-3809,3801,-3810,3802,-3808,3801,0.36,SJNFAAZE1U0005576,117.73,13.04,9168.41015625,79,75,0,0,0,0,16.0,99.17,-173118,62,1528045626.052,3160,2,0,0,0,0,0,0,0,4,365.44,365.44,1F,1,1,1,0080,63,40,40,0,0,19,16.50
03/06/2018 18:07:09,55 59.40535,-2 30.55496,239,0,331,654993,1144818,365.38,7.614,3814,3798,3806,16,0,96.2,35.7,88.4,31.3,none,none,82.6,28.1,-3810,3807,-3810,3803,-3812,3805,-3809,3804,-3810,3803,-3809,3805,-3811,3803,-3810,3803,-3809,3802,-3809,3803,-3810,3802,-3810,3804,-3811,3803,-3811,3802,-3808,3804,-3809,3805,-3810,3804,-3808,3806,-3809,3803,-3809,3803,-3810,3805,-3812,3806,-3811,3805,-3810,3803,-3808,3802,-3811,3804,-3811,3804,-3810,3804,-3809,3802,-3812,3801,-3812,3800,-3812,3801,-3814,3803,-3813,3801,-3811,3801,-3811,3800,-3812,3799,-3814,3798,-3813,3799,-3814,3798,-3813,3799,-3814,3801,-3811,3801,-3810,3801,-3811,3803,-3809,3800,-3810,3802,-3810,3801,0.32,SJNFAAZE1U0005576,117.73,13.04,9168.41015625,79,75,0,0,0,0,16.0,99.17,-173118,62,1528045629.504,3120,2,1,0,6,0,0,0,0,4,365.41,365.41,1F,1,1,1,0080,63,40,40,0,0,19,18.25
03/06/2018 18:07:13,55 59.40535,-2 30.55496,239,0,331,654937,1144818,365.28,11.154,3812,3796,3805,16,0,96.2,35.7,88.6,31.4,none,none,82.6,28.1,-3810,3804,-3808,3803,-3809,3804,-3808,3803,-3808,3803,-3808,3803,-3808,3803,-3809,3803,-3808,3803,-3807,3803,-3808,3802,-3809,3805,-3809,3802,-3809,3802,-3807,3804,-3807,3804,-3807,3803,-3806,3805,-3808,3802,-3808,3803,-3808,3804,-3810,3806,-3808,3805,-3808,3803,-3807,3801,-3810,3803,-3810,3802,-3811,3802,-3810,3801,-3812,3800,-3810,3798,-3810,3798,-3811,3802,-3810,3800,-3811,3801,-3810,3800,-3810,3796,-3812,3796,-3811,3798,-3812,3798,-3812,3799,-3812,3800,-3810,3799,-3810,3800,-3811,3804,-3808,3800,-3810,3801,-3808,3800,0.28,SJNFAAZE1U0005576,117.73,13.04,9168.41015625,79,75,0,0,0,0,16.0,99.17,-173118,62,1528045633.284,3080,2,0,0,0,0,0,0,0,4,365.24,365.24,1F,1,1,1,0080,63,40,40,0,0,19,29.50
03/06/2018 18:07:17,55 59.40535,-2 30.55496,239,0,331,654885,1144818,365.38,6.271,3814,3798,3806,16,0,96.2,35.7,88.4,31.3,none,none,82.6,28.1,3805,-3813,3803,-3812,3805,3809,3808,-3808,3804,-3809,3804,3809,3804,-3810,3803,-3810,3803,-3809,3802,-3809,3803,3809,3803,-3810,3803,-3811,3803,-3811,3804,-3808,3805,-3809,3805,-3808,3804,-3809,3805,-3809,3804,3809,3805,-3809,3808,-3811,3805,-3810,3806,-3807,3802,3810,3804,-3811,3802,-3810,3805,-3809,3803,-3809,3805,-3809,3802,-3811,3800,-3813,3802,-3814,3802,3812,3801,-3812,3800,-3811,3801,-3812,3799,-3813,3798,-3813,3799,3813,3798,-3813,3798,-3812,3800,-3811,3800,-3811,3804,3813,3800,-3809,3801,-3811,3800,-3807,0.27,SJNFAAZE1U0005576,117.73,13.04,9168.41015625,79,75,0,0,0,0,16.0,99.17,-173118,62,1528045637.102,2960,2,0,0,0,0,0,0,0,4,365.42,365.42,1F,1,1,1,0080,63,40,40,0,0,19,11.75
03/06/2018 18:07:20,55 59.40535,-2 30.55496,239,0,331,654871,1144818,365.57,2.975,3815,3800,3808,15,0,96.2,35.7,88.4,31.3,none,none,82.6,28.1,3808,-3815,3806,-3810,3808,3812,3808,-3810,3806,-3810,3806,-3810,3805,-3811,3804,3811,3804,-3809,3804,-3810,3805,-3810,3805,-3811,3806,3813,3804,-3811,3805,-3809,3807,-3811,3806,-3809,3806,-3811,3806,-3810,3805,-3810,3807,-3809,3808,3812,3807,-3811,3807,-3807,3805,-3811,3807,-3813,3805,3811,3808,-3810,3805,-3811,3807,-3810,3805,-3812,3803,-3813,3804,-3814,3803,-3813,3804,-3812,3803,-3811,3803,-3812,3802,-3813,3800,-3812,3802,-3813,3802,-3813,3802,3812,3804,-3812,3803,-3811,3806,-3813,3804,-3811,3804,3811,3803,-3808,0.23,SJNFAAZE1U0005576,117.73,13.04,9168.41015625,79,75,0,0,0,0,16.0,99.17,-173118,62,1528045640.851,2000,2,0,0,0,0,0,0,0,4,365.55,365.55,1F,1,1,1,0080,63,40,40,0,0,19,44.00
03/06/2018 18:07:24,55 59.40535,-2 30.55496,239,0,331,654865,1144818,365.57,2.426,3816,3800,3808,16,0,96.2,35.7,88.4,31.3,none,none,82.6,28.1,3809,3815,3804,-3813,3807,3811,3808,-3809,3806,-3812,3805,-3812,3806,-3813,3804,-3813,3805,-3812,3804,3811,3805,-3811,3805,-3812,3805,-3813,3804,-3812,3804,3810,3807,-3812,3807,-3811,3806,-3811,3806,-3811,3806,-3810,3807,-3811,3808,-3812,3808,-3812,3807,3809,3805,-3812,3805,-3814,3805,-3812,3807,-3811,3806,3813,3808,-3811,3804,-3814,3802,-3814,3803,-3816,3803,-3813,3805,3814,3803,-3813,3803,-3815,3801,-3814,3801,-3815,3801,-3815,3801,-3815,3800,-3814,3804,-3813,3803,3813,3805,-3816,3804,-3812,3804,-3813,3803,-3809,0.22,SJNFAAZE1U0005576,117.73,13.04,9168.41015625,79,75,0,0,0,0,16.0,99.17,-173118,62,1528045644.530,0,2,0,0,0,0,0,0,0,4,365.60,365.60,1F,1,1,1,0080,63,40,40,0,0,19,9.00
03/06/2018 18:07:28,55 59.40535,-2 30.55496,239,0,331,654862,1144818,365.66,2.365,3816,3803,3809,13,0,96.2,35.7,88.4,31.3,none,none,82.6,28.1,3809,-3816,3806,-3813,3809,3812,3808,-3810,3807,-3812,3806,-3812,3807,-3812,3806,-3812,3805,-3810,3805,-3811,3806,-3811,3807,3812,3807,-3814,3805,-3813,3805,-3811,3807,-3811,3807,3811,3807,-3812,3807,-3811,3807,-3810,3808,-3811,3810,-3813,3808,-3811,3808,-3810,3807,-3812,3807,3814,3807,-3813,3809,-3811,3806,-3812,3809,-3811,3805,-3814,3805,3815,3804,-3815,3806,-3813,3806,-3813,3805,-3812,3805,3814,3803,-3814,3803,-3814,3804,-3815,3804,-3814,3803,-3813,3804,-3812,3805,-3812,3808,-3814,3805,3811,3806,-3813,3804,-3810,0.20,SJNFAAZE1U0005576,117.73,13.04,9168.41015625,79,75,0,0,0,0,16.0,99.17,-173118,62,1528045648.320,0,2,1,0,6,0,0,0,0,4,365.63,365.63,1F,1,1,1,0080,63,40,40,0,0,19,0.00
03/06/2018 18:07:32,55 59.40535,-2 30.55496,239,0,331,654862,1144818,365.66,1.235,3817,3803,3809,14,0,96.2,35.7,88.6,31.4,none,none,82.6,28.1,-3813,3811,-3812,3808,-3814,3808,-3812,3808,-3812,3807,-3812,3808,-3811,3807,-3812,3807,-3812,3807,-3811,3805,-3812,3806,-3812,3808,-3813,3806,-3812,3805,-3811,3808,-3812,3808,-3811,3807,-3811,3809,-3812,3807,-3812,3806,-3813,3808,-3815,3808,-3812,3808,-3812,3806,3812,3806,3814,3809,3814,-3808,3814,-3807,3813,-3806,3817,-3805,3813,-3803,3814,-3805,-3814,-3807,3814,3806,-3814,3805,-3813,3805,-3813,3803,-3815,3803,-3815,3804,-3816,3803,-3814,3803,-3815,3805,-3813,3804,-3813,3805,-3815,3807,-3812,3805,-3814,3806,-3812,3805,0.19,SJNFAAZE1U0005576,117.73,13.04,9168.41015625,79,75,0,0,0,0,16.0,99.17,-173118,62,1528045652.005,0,2,0,0,0,0,0,0,0,4,365.71,365.71,1F,1,1,1,0080,63,40,40,0,0,19,0.00
03/06/2018 18:07:35,55 59.40535,-2 30.55496,239,0,331,654861,1144818,365.66,1.327,3816,3803,3809,13,0,96.2,35.7,88.6,31.4,none,none,82.6,28.1,-3813,3810,-3813,3808,-3814,3809,-3813,3807,-3811,3808,-3812,3808,-3813,3807,-3812,3807,-3812,3806,-3811,3806,-3811,3806,-3812,3807,-3813,3807,-3812,3806,-3811,3808,-3811,3809,-3812,3808,-3810,3811,-3810,3807,-3811,3807,-3814,3808,-3815,3810,-3813,3809,-3813,3808,-3813,3806,-3813,3808,-3813,3808,-3815,3806,-3813,3806,-3815,3806,-3814,3805,-3815,3805,-3816,3807,-3814,3805,-3814,3805,-3814,3806,-3814,3804,-3814,3803,-3814,3803,-3815,3803,-3814,3804,-3814,3805,-3813,3805,-3813,3804,-3815,3808,-3812,3805,-3814,3806,-3813,3805,0.20,SJNFAAZE1U0005576,117.73,13.04,9168.41015625,79,75,0,0,0,0,16.0,99.17,-173118,62,1528045655.816,0,2,0,0,0,0,0,0,0,4,365.74,365.74,1F,1,1,1,0080,63,40,40,0,0,19,0.00
03/06/2018 18:07:39,55 59.40535,-2 30.55496,239,0,331,654860,1144818,365.66,1.235,3818,3801,3809,17,0,96.2,35.7,88.4,31.3,none,none,82.6,28.1,-3815,3810,-3814,3808,-3815,3809,-3813,3807,-3813,3806,-3812,3807,-3812,3807,-3814,3806,-3812,3807,-3812,3806,-3813,3806,-3813,3807,-3813,3806,-3813,3805,-3812,3807,-3812,3808,-3812,3807,-3811,3807,-3812,3807,-3812,3807,-3813,3807,-3815,3809,-3813,3807,-3814,3807,-3813,3806,-3816,3807,-3814,3807,-3815,3807,-3814,3805,-3816,3805,-3816,3803,-3817,3804,-3816,3805,-3816,3805,-3816,3804,-3815,3805,-3814,3801,-3817,3802,-3816,3801,-3818,3802,-3817,3803,-3816,3804,-3815,3804,-3815,3804,-3816,3807,-3813,3805,-3815,3805,-3813,3805,0.19,SJNFAAZE1U0005576,117.73,13.04,9168.41015625,79,75,0,0,0,0,16.0,99.17,-173118,62,1528045659.476,0,2,0,0,0,0,0,0,0,4,365.75,365.75,1F,1,1,1,0080,63,40,40,0,0,19,0.00
03/06/2018 18:07:43,55 59.40535,-2 30.55496,239,0,331,654860,1144818,365.66,1.876,3816,3802,3809,14,0,96.2,35.7,88.4,31.3,none,none,82.4,28.0,-3814,3810,-3812,3808,-3814,3808,-3811,3807,-3811,3808,-3811,3808,-3812,3808,-3813,3808,-3812,3806,-3812,3806,-3812,3807,-3812,3808,-3812,3807,-3813,3806,-3811,3807,-3812,3808,-3812,3808,-3811,3809,-3812,3807,-3811,3806,-3812,3808,-3815,3809,-3812,3808,-3812,3807,-3811,3806,-3814,3808,-3812,3807,-3814,3807,-3813,3805,-3815,3805,-3813,3804,-3815,3805,-3816,3807,-3814,3806,-3814,3805,-3813,3805,-3812,3803,-3814,3802,-3815,3803,-3815,3804,-3814,3805,-3816,3805,-3814,3804,-3813,3805,-3815,3808,-3812,3805,-3815,3806,-3812,3805,0.18,SJNFAAZE1U0005576,117.73,13.04,9168.41015625,79,75,0,0,0,0,16.0,99.17,-173118,62,1528045663.211,0,2,1,0,5,0,0,0,0,4,365.74,365.74,1F,1,1,1,0080,63,40,40,0,0,19,0.00
03/06/2018 18:07:46,55 59.40535,-2 30.55496,239,0,331,654859,1144818,365.76,1.235,3817,3801,3810,16,0,96.2,35.7,88.4,31.3,none,none,82.6,28.1,-3815,3809,-3814,3807,-3815,3808,-3813,3807,-3813,3807,-3811,3808,-3813,3806,-3813,3807,-3812,3806,-3812,3806,-3814,3806,-3813,3808,-3814,3806,-3814,3805,-3813,3809,-3812,3809,-3813,3808,-3812,3809,-3812,3807,-3812,3807,-3815,3807,-3815,3809,-3813,3809,-3814,3807,-3813,3806,-3815,3808,-3814,3808,-3816,3806,-3815,3805,-3817,3804,-3815,3804,-3817,3804,-3817,3806,-3815,3804,-3815,3804,-3815,3805,-3815,3801,-3816,3801,-3816,3802,-3817,3803,-3816,3804,-3816,3804,-3815,3804,-3814,3804,-3816,3808,-3813,3805,-3815,3806,-3814,3805,0.16,SJNFAAZE1U0005576,117.73,13.04,9168.41015625,79,75,0,0,0,0,16.0,99.17,-173118,62,1528045666.907,0,2,0,0,0,0,0,0,0,4,365.76,365.76,1F,1,1,1,0080,63,40,40,0,0,19,0.00
03/06/2018 18:07:50,55 59.40535,-2 30.55496,239,0,331,654859,1144818,365.76,1.174,3819,3801,3810,18,0,96.2,35.7,88.6,31.4,none,none,82.4,28.0,3810,3819,3806,-3815,3809,3813,3810,-3811,3808,-3814,3807,-3813,3807,3815,3807,-3813,3807,-3814,3806,-3812,3808,-3813,3807,-3813,3807,-3815,3806,-3815,3806,-3813,3808,3813,3808,-3811,3808,-3813,3808,-3812,3807,-3813,3808,3812,3811,-3814,3808,-3813,3809,-3810,3806,-3814,3807,-3815,3808,-3814,3810,-3814,3806,-3813,3808,3813,3805,-3816,3804,-3816,3805,-3817,3804,-3817,3806,3815,3805,-3814,3805,-3816,3803,-3817,3801,-3817,3803,-3816,3802,-3818,3802,-3816,3805,-3815,3805,3814,3808,-3816,3805,-3814,3806,-3815,3805,-3811,0.14,SJNFAAZE1U0005576,117.73,13.04,9168.41015625,79,75,0,0,0,0,16.0,99.17,-173118,62,1528045670.401,0,2,0,0,0,0,0,0,0,4,365.77,365.77,1F,1,1,1,0080,63,40,40,0,0,19,0.00
03/06/2018 18:07:54,55 59.40535,-2 30.55496,239,0,331,654852,1144818,365.38,8.468,3813,3799,3806,14,0,96.2,35.7,88.4,31.3,none,none,82.6,28.1,3805,-3813,3803,-3809,3806,3809,3806,3807,3803,-3808,3803,-3809,3803,-3810,3802,-3809,3803,3809,3802,-3808,3803,-3809,3804,-3809,3803,-3810,3804,-3810,3803,-3809,3804,-3809,3805,-3808,3805,3810,3804,-3808,3804,-3807,3804,-3808,3807,-3810,3805,3809,3804,-3806,3803,-3808,3803,-3810,3803,-3808,3804,-3808,3804,-3808,3805,-3808,3801,-3809,3803,3810,3801,-3813,3802,-3812,3803,-3810,3801,-3809,3802,3811,3799,-3811,3799,-3811,3800,-3812,3800,-3811,3799,-3810,3802,-3809,3800,-3810,3805,-3812,3802,3809,3802,-3810,3801,-3807,0.12,SJNFAAZE1U0005576,117.73,13.04,9168.41015625,79,75,0,0,0,0,16.0,99.17,-173118,62,1528045674.084,960,2,0,0,0,0,0,0,0,4,365.52,365.52,1F,1,1,1,0080,63,40,40,0,0,19,93.25
03/06/2018 18:07:57,55 59.40535,-2 30.55496,239,0,331,654687,1144818,363.74,47.164,3795,3781,3789,14,0,96.2,35.7,88.4,31.3,none,none,82.6,28.1,3787,-3795,3786,-3792,3788,3791,3790,-3790,3788,-3792,3787,3793,3787,-3794,3787,-3793,3787,-3794,3788,-3793,3788,3793,3787,-3794,3788,-3793,3787,-3793,3787,-3793,3790,-3793,3789,-3792,3788,-3793,3787,-3793,3786,3792,3788,-3792,3790,-3794,3788,-3791,3788,-3790,3784,3789,3784,-3792,3785,-3791,3787,-3790,3786,-3791,3788,-3790,3782,-3792,3783,-3793,3784,-3794,3784,3795,3786,-3793,3785,-3793,3787,-3793,3781,-3793,3782,3795,3783,-3795,3783,-3795,3782,-3794,3783,-3792,3783,-3792,3786,3794,3784,-3791,3785,-3792,3782,-3789,0.12,SJNFAAZE1U0005576,117.73,13.04,9168.41015625,79,75,0,0,0,0,16.0,99.17,-173118,62,1528045677.760,11440,2,0,0,0,0,0,0,0,4,363.97,363.97,1F,1,1,1,0080,63,40,40,0,0,19,136.25
03/06/2018 18:08:01,55 59.40535,-2 30.55496,239,0,331,654424,1144818,364.42,17.928,3804,3789,3796,15,0,96.2,35.7,88.4,31.3,none,none,82.6,28.1,3797,-3804,3793,-3799,3795,3799,3796,-3797,3794,-3800,3793,-3800,3795,-3801,3793,3800,3795,-3800,3793,-3799,3794,-3799,3793,-3800,3795,3802,3793,-3801,3794,-3799,3795,-3800,3795,-3799,3795,-3801,3794,-3799,3793,-3799,3795,-3798,3797,3800,3795,-3800,3795,-3796,3793,-3799,3793,-3800,3794,3799,3795,-3798,3793,-3799,3794,-3799,3792,-3800,3791,-3801,3790,-3802,3792,-3800,3793,-3800,3792,3800,3793,-3801,3789,-3801,3790,-3800,3791,-3802,3791,-3801,3790,3799,3792,-3799,3792,-3799,3793,-3800,3792,-3798,3792,3799,3791,-3796,0.09,SJNFAAZE1U0005576,117.73,13.04,9168.41015625,79,75,0,0,0,0,16.0,99.17,-173118,62,1528045681.430,5640,2,2,0,0,0,0,0,0,4,364.55,364.55,1F,1,1,1,0080,64,40,40,0,0,19,57.00
03/06/2018 18:08:05,55 59.40535,-2 30.55496,239,0,331,654198,1144818,363.74,37.826,3795,3782,3789,13,0,96.2,35.7,88.4,31.3,none,none,82.6,28.1,3793,3790,3792,-3787,3794,3788,3792,-3788,3793,-3789,3792,-3789,3794,-3788,3793,-3788,-3792,-3788,3792,3787,-3793,3788,-3793,3789,-3794,3788,-3794,3787,-3792,3789,-3793,3789,-3792,3789,-3792,3790,-3792,3788,-3792,3787,-3793,3789,-3794,3791,-3792,3787,-3791,3787,-3789,3784,-3792,3786,-3791,3786,-3793,3785,-3791,3785,-3794,3785,-3791,3784,-3793,3785,-3795,3785,-3793,3785,3793,3786,3792,-3786,3794,-3782,3794,-3782,3794,-3783,3795,-3784,3794,-3784,3793,-3785,3792,-3784,3792,3785,3793,-3788,3790,-3784,3792,-3785,3791,-3785,0.12,SJNFAAZE1U0005576,117.73,13.04,9168.41015625,79,75,0,0,0,0,16.0,99.17,-173118,62,1528045685.153,10680,2,1,0,6,0,0,0,0,4,363.71,363.71,1F,1,1,1,0080,64,40,40,0,0,19,46.75
03/06/2018 18:08:08,55 59.40535,-2 30.55496,239,0,331,653960,1144818,363.55,36.757,3794,3779,3787,15,0,96.2,35.7,88.4,31.3,none,none,82.4,28.0,-3791,3787,-3790,3786,-3790,3787,-3790,3786,-3790,3787,-3790,3788,-3791,3787,-3791,3785,-3791,3787,-3790,3786,-3791,3785,-3791,3788,-3792,3787,-3792,3785,-3790,3788,-3791,3788,-3790,3787,-3790,3788,-3790,3786,-3791,3786,-3791,3786,-3792,3789,-3789,3786,-3790,3786,-3787,3782,-3790,3784,-3790,3784,-3792,3784,-3792,3783,-3793,3782,-3790,3780,-3793,3781,-3793,3784,-3793,3783,-3793,3782,-3792,3783,-3794,3779,-3793,3780,-3793,3779,-3794,3779,-3793,3781,-3792,3781,-3792,3781,-3792,3781,-3791,3785,-3789,3782,-3792,3782,-3790,3781,0.07,SJNFAAZE1U0005576,117.73,13.04,9168.41015625,79,75,0,0,0,0,16.0,99.17,-173118,62,1528045688.843,9800,2,0,0,0,0,0,0,0,4,363.61,363.61,1F,1,1,1,0080,64,40,40,0,0,19,48.50
03/06/2018 18:08:12,55 59.40535,-2 30.55496,239,0,331,653713,1144818,363.46,33.065,3793,3777,3786,16,0,96.0,35.6,88.4,31.3,none,none,82.6,28.1,-3790,3784,-3789,3783,-3790,3786,-3789,3784,-3789,3784,-3789,3786,-3791,3785,-3791,3784,-3790,3784,-3788,3783,-3790,3783,-3790,3785,-3792,3784,-3791,3783,-3789,3785,-3790,3785,-3789,3786,-3789,3787,-3790,3785,-3789,3784,-3790,3784,-3792,3787,-3789,3783,-3789,3783,-3785,3781,-3788,3782,-3789,3782,-3789,3781,-3788,3780,-3792,3780,-3790,3780,-3791,3779,-3792,3782,-3791,3781,-3791,3781,-3791,3781,-3793,3777,-3791,3777,-3792,3778,-3792,3779,-3792,3778,-3792,3779,-3790,3780,-3789,3780,-3790,3783,-3788,3780,-3789,3780,-3788,3779,0.10,SJNFAAZE1U0005576,117.73,13.04,9168.41015625,79,75,0,0,0,0,16.0,99.17,-173118,62,1528045692.575,10320,2,0,0,0,0,0,0,0,4,363.53,363.53,1F,1,1,1,0080,64,40,40,0,0,19,42.00
03/06/2018 18:08:16,55 59.40535,-2 30.55496,239,0,331,653539,1144818,364.13,11.306,3800,3786,3793,14,0,96.2,35.7,88.4,31.3,none,none,82.6,28.1,-3798,3795,-3795,3792,-3797,3793,-3796,3792,-3796,3793,-3797,3794,-3797,3793,-3797,3793,-3796,3792,-3795,3791,-3796,3792,-3796,3793,-3797,3792,-3797,3792,-3796,3792,-3796,3793,-3796,3794,-3796,3794,-3796,3792,-3796,3792,-3796,3792,-3798,3794,-3796,3792,-3796,3792,-3794,3789,-3797,3790,-3796,3791,-3797,3791,-3797,3790,-3799,3789,-3797,3789,-3798,3789,-3799,3790,-3798,3790,-3798,3789,-3798,3790,-3799,3786,-3798,3787,-3798,3787,-3800,3788,-3799,3789,-3798,3789,-3797,3789,-3796,3789,-3798,3791,-3795,3790,-3797,3790,-3795,3789,0.06,SJNFAAZE1U0005576,117.73,13.04,9168.41015625,79,75,0,0,0,0,16.0,99.17,-173118,62,1528045696.000,4680,2,0,0,0,0,0,0,0,4,364.18,364.18,1F,1,1,1,0080,64,40,40,0,0,19,13.50
03/06/2018 18:08:19,55 59.40535,-2 30.55496,239,0,331,653423,1144818,363.65,26.382,3795,3779,3788,16,0,96.2,35.7,88.4,31.3,none,none,82.6,28.1,-3791,3788,-3792,3787,-3793,3788,-3792,3787,-3793,3787,-3791,3788,-3792,3787,-3793,3787,-3793,3787,-3792,3787,-3792,3787,-3794,3789,-3793,3786,-3793,3785,-3792,3788,-3792,3788,-3791,3788,-3792,3789,-3791,3788,-3791,3786,-3792,3787,-3792,3789,-3792,3787,-3791,3786,-3789,3783,-3791,3785,-3791,3785,-3791,3785,-3792,3784,-3795,3783,-3792,3782,-3793,3784,-3794,3784,-3795,3783,-3793,3783,-3792,3784,-3794,3779,-3794,3780,-3795,3781,-3795,3780,-3794,3782,-3793,3783,-3793,3782,-3792,3783,-3792,3786,-3790,3782,-3793,3783,-3791,3782,0.07,SJNFAAZE1U0005576,117.73,13.04,9168.41015625,79,75,0,0,0,0,16.0,99.17,-173118,62,1528045699.655,7480,2,0,0,0,0,0,0,0,4,363.76,363.76,1F,1,1,1,0080,64,40,40,0,0,19,34.75
03/06/2018 18:08:23,55 59.40535,-2 30.55496,239,0,330,653275,1144818,363.84,14.266,3798,3782,3790,16,0,96.2,35.7,88.4,31.3,none,none,82.6,28.1,3789,-3798,3786,-3794,3789,3793,3791,-3792,3788,-3792,3788,3794,3788,-3795,3787,-3795,3787,-3794,3787,-3794,3788,-3793,3788,3795,3789,-3797,3788,-3796,3786,-3793,3790,-3794,3790,3794,3789,-3794,3789,-3794,3788,-3793,3789,-3793,3792,-3796,3789,-3793,3789,-3790,3786,-3792,3786,3795,3786,-3792,3789,-3793,3788,-3792,3788,-3792,3784,3795,3785,-3796,3785,-3796,3785,-3797,3787,-3796,3785,-3795,3786,-3796,3782,-3795,3782,-3797,3783,3796,3783,-3797,3783,-3794,3784,-3794,3785,-3795,3787,3796,3785,-3794,3785,-3794,3784,-3790,0.05,SJNFAAZE1U0005576,117.73,13.04,9168.41015625,79,75,0,0,0,0,16.0,99.17,-173118,62,1528045703.143,4680,2,1,0,5,0,0,0,0,4,364.10,364.10,1F,1,1,1,0080,64,40,40,0,0,19,29.50
03/06/2018 18:08:26,55 59.40535,-2 30.55496,239,0,330,653133,1144818,363.94,12.160,3799,3782,3791,17,0,96.2,35.7,88.6,31.4,none,none,82.6,28.1,3791,-3799,3787,-3796,3790,3795,3792,-3793,3790,3796,3789,-3796,3789,-3796,3788,-3796,3789,-3796,3788,-3796,3789,-3796,3790,-3795,3790,-3797,3788,3797,3789,-3795,3790,-3796,3791,-3794,3790,-3796,3789,3795,3789,-3794,3790,-3794,3791,-3796,3790,-3795,3790,-3792,3787,-3794,3787,-3796,3787,-3795,3789,3793,3788,-3795,3790,-3795,3785,-3796,3786,-3797,3786,3798,3786,-3796,3787,-3796,3786,-3795,3786,-3797,3782,-3797,3783,-3797,3783,-3798,3784,-3798,3784,3796,3786,-3795,3786,-3795,3789,-3797,3786,-3794,3787,-3797,3786,3792,0.06,SJNFAAZE1U0005576,117.73,13.04,9168.41015625,79,75,0,0,0,0,16.0,99.17,-173118,62,1528045706.565,6160,2,0,0,0,0,0,0,0,4,364.08,364.08,1F,1,1,1,0080,65,40,40,0,0,19,22.75
03/06/2018 18:08:30,55 59.40535,-2 30.55496,239,0,330,653047,1144818,364.03,7.644,3799,3785,3792,14,0,96.2,35.7,88.4,31.3,none,none,82.6,28.1,3793,-3799,3789,3797,3792,3796,3793,-3793,3790,-3796,3790,-3798,3791,3798,3790,-3798,3790,-3797,3790,-3794,3791,-3796,3790,-3797,3791,-3798,3791,-3796,3790,-3795,3792,3796,3793,-3795,3791,-3796,3791,-3796,3791,-3795,3792,3795,3793,-3797,3792,-3795,3791,-3792,3789,-3794,3790,-3796,3790,-3795,3792,-3795,3790,-3796,3791,3795,3787,-3796,3788,-3796,3789,-3798,3788,-3796,3790,-3797,3789,-3796,3787,-3797,3785,-3797,3786,-3798,3787,-3797,3786,3797,3785,-3797,3788,-3796,3787,-3795,3791,-3797,3789,-3795,3788,-3796,3788,-3794,0.02,SJNFAAZE1U0005576,117.73,13.04,9168.41015625,79,75,0,0,0,0,16.0,99.17,-173118,62,1528045710.044,3040,2,0,0,0,0,0,0,0,4,364.33,364.33,1F,1,1,1,0080,65,40,40,0,0,19,28.50
03/06/2018 18:08:33,55 59.40535,-2 30.55496,239,0,330,652927,1144818,363.84,21.651,3797,3781,3790,16,0,96.2,35.7,88.4,31.3,none,none,82.6,28.1,3788,-3797,3786,-3793,3788,3793,3791,3793,3788,-3793,3787,-3794,3788,-3795,3786,-3795,3788,3794,3787,-3794,3788,-3794,3788,-3795,3788,-3795,3787,-3795,3788,-3795,3790,-3795,3790,-3794,3789,3795,3789,-3794,3788,-3793,3789,-3793,3790,-3795,3789,3794,3789,-3791,3784,-3792,3786,-3794,3785,-3792,3787,-3792,3786,3793,3787,-3793,3784,-3794,3783,-3795,3785,-3797,3784,-3795,3785,-3795,3784,-3795,3785,-3796,3782,3796,3781,-3796,3782,-3796,3782,-3797,3782,-3795,3784,3795,3784,-3795,3786,-3795,3784,-3793,3784,-3793,3784,-3790,0.04,SJNFAAZE1U0005576,117.73,13.04,9168.41015625,79,75,0,0,0,0,16.0,99.17,-173118,62,1528045713.529,5680,2,0,0,0,0,0,0,0,4,363.79,363.79,1F,1,1,1,0080,65,40,40,0,0,19,25.50
03/06/2018 18:08:37,55 59.40535,-2 30.55496,239,0,330,652773,1144818,363.46,26.107,3794,3776,3786,18,0,96.2,35.7,88.4,31.3,none,none,82.4,28.0,3784,-3792,3783,-3791,3784,3789,3788,-3788,3784,-3789,3783,3790,3783,-3791,3783,-3791,3784,-3790,3783,-3790,3784,3790,3784,-3790,3785,-3792,3783,-3791,3783,-3789,3785,-3789,3786,-3788,3785,-3789,3785,-3790,3784,3789,3786,-3789,3786,-3791,3784,-3789,3785,-3786,3780,-3788,3781,3790,3781,-3789,3783,-3787,3782,-3789,3784,-3787,3779,3790,3780,-3791,3782,-3794,3780,-3791,3782,-3792,3780,-3790,3779,-3792,3777,-3792,3776,-3793,3778,3793,3779,-3792,3778,-3791,3780,-3790,3779,-3790,3782,3791,3780,-3788,3780,-3789,3780,-3787,0.04,SJNFAAZE1U0005576,117.73,13.04,9168.41015625,79,75,0,0,0,0,15.5,99.17,-173118,62,1528045717.350,6920,2,0,0,0,0,0,0,0,4,363.48,363.48,1F,1,1,1,0080,65,40,40,0,0,19,31.25
03/06/2018 18:08:41,55 59.40535,-2 30.55496,239,0,330,652592,1144818,363.65,24.398,3794,3780,3788,14,0,96.2,35.7,88.4,31.3,none,none,82.6,28.1,-3791,3788,-3790,3785,-3792,3787,-3791,3786,-3791,3786,-3791,3788,-3792,3787,-3793,3787,-3791,3786,-3791,3785,-3792,3787,-3791,3788,-3793,3786,-3792,3785,-3791,3788,-3791,3788,-3791,3787,-3791,3789,-3791,3786,-3791,3786,-3792,3787,-3793,3789,-3790,3787,-3789,3785,-3789,3783,-3791,3784,-3790,3784,-3790,3784,-3790,3783,-3793,3783,-3792,3782,-3792,3783,-3794,3785,-3792,3783,-3792,3783,-3791,3784,-3793,3780,-3793,3780,-3793,3781,-3792,3781,-3793,3782,-3792,3783,-3791,3783,-3791,3784,-3791,3785,-3789,3784,-3791,3783,-3790,3782,0.01,SJNFAAZE1U0005576,117.73,13.04,9168.41015625,79,75,0,0,0,0,15.5,99.17,-173118,62,1528045721.171,7120,2,1,0,6,0,0,0,0,4,363.49,363.49,1F,1,1,1,0080,65,40,40,0,0,19,25.50
03/06/2018 18:08:44,55 59.40535,-2 30.55496,239,0,330,652435,1144818,363.26,26.198,3791,3775,3784,16,0,96.2,35.7,88.4,31.3,none,none,82.6,28.1,-3787,3784,-3787,3781,-3788,3783,-3787,3783,-3788,3783,-3788,3784,-3788,3784,-3789,3783,-3788,3784,-3788,3782,-3788,3782,-3789,3784,-3790,3783,-3789,3782,-3788,3784,-3787,3785,-3788,3784,-3787,3786,-3787,3783,-3788,3783,-3788,3783,-3789,3785,-3788,3783,-3787,3782,-3784,3778,-3787,3780,-3787,3780,-3787,3781,-3788,3779,-3790,3778,-3788,3777,-3789,3779,-3791,3780,-3789,3779,-3790,3779,-3787,3780,-3789,3775,-3790,3776,-3790,3777,-3791,3776,-3789,3777,-3789,3777,-3787,3777,-3788,3778,-3788,3781,-3785,3779,-3787,3779,-3786,3778,0.05,SJNFAAZE1U0005576,117.73,13.04,9168.41015625,79,75,0,0,0,0,15.5,99.17,-173118,62,1528045724.727,7320,2,0,0,0,0,0,0,0,4,363.39,363.39,1F,1,1,1,0080,65,40,40,0,0,19,28.50
03/06/2018 18:08:48,55 59.40535,-2 30.55496,239,0,330,652288,1144818,363.74,13.289,3796,3781,3789,15,0,96.2,35.7,88.4,31.3,none,none,82.4,28.0,-3792,3789,-3792,3787,-3793,3789,-3793,3787,-3793,3787,-3791,3788,-3794,3788,-3793,3786,-3794,3787,-3794,3787,-3793,3787,-3794,3789,-3793,3786,-3794,3786,-3793,3789,-3793,3789,-3792,3789,-3791,3790,-3792,3787,-3792,3787,-3793,3788,-3794,3790,-3792,3787,-3792,3787,-3789,3783,-3793,3785,-3793,3784,-3793,3785,-3794,3783,-3795,3785,-3794,3782,-3794,3783,-3795,3785,-3795,3785,-3794,3784,-3793,3784,-3794,3781,-3795,3781,-3796,3781,-3795,3781,-3794,3782,-3794,3783,-3792,3784,-3793,3785,-3792,3786,-3791,3784,-3792,3784,-3792,3783,-0.01,SJNFAAZE1U0005576,117.73,13.04,9168.41015625,79,75,0,0,0,0,15.5,99.17,-173118,62,1528045728.052,6720,2,0,0,0,0,0,0,0,4,363.74,363.74,1F,1,1,1,0080,65,40,40,0,0,19,19.00
03/06/2018 18:08:51,55 59.40535,-2 30.55496,239,0,330,652158,1144818,363.46,20.248,3792,3779,3786,13,0,96.2,35.7,88.4,31.3,none,none,82.4,28.0,-3791,3786,-3789,3784,-3791,3786,-3789,3784,-3789,3784,-3790,3785,-3791,3785,-3791,3785,-3790,3785,-3790,3784,-3791,3785,-3791,3786,-3792,3786,-3792,3785,-3791,3786,-3790,3787,-3790,3786,-3790,3788,-3790,3786,-3790,3784,-3790,3786,-3792,3787,-3790,3785,-3790,3784,-3787,3781,-3790,3783,-3788,3783,-3790,3783,-3790,3781,-3792,3781,-3789,3780,-3790,3782,-3791,3783,-3791,3783,-3791,3782,-3789,3783,-3791,3779,-3792,3779,-3791,3780,-3792,3780,-3790,3781,-3791,3782,-3789,3781,-3789,3782,-3789,3784,-3787,3782,-3790,3782,-3788,3781,0.03,SJNFAAZE1U0005576,117.73,13.04,9168.41015625,79,75,0,0,0,0,15.5,99.17,-173118,62,1528045731.647,6680,2,0,0,0,0,0,0,0,4,363.49,363.49,1F,1,1,1,0080,65,40,40,0,0,19,27.50
03/06/2018 18:08:55,55 59.40535,-2 30.55496,239,0,330,652009,1144818,363.26,22.567,3791,3777,3784,14,0,96.2,35.7,88.4,31.3,none,none,82.4,28.0,-3785,3790,-3781,3787,-3784,3787,-3785,3787,-3782,3787,-3782,3789,-3784,3789,-3782,3788,-3782,3788,-3783,3787,-3784,3788,-3784,3789,-3784,3789,-3783,3789,-3783,3787,-3785,3788,-3785,3788,-3785,3788,-3784,3788,-3783,3787,3784,3788,-3785,3790,3784,-3788,3784,-3784,3781,-3785,3781,-3788,3781,3788,3784,-3786,3782,-3786,3783,-3786,3779,-3789,3781,-3788,3781,-3791,3780,-3790,3782,-3789,3781,3787,3781,-3788,3777,-3788,-3778,3790,3779,-3790,-3779,3789,-3777,3788,-3780,3789,-3780,3788,-3782,3789,-3779,3787,-3781,3787,-3778,3784,0.01,SJNFAAZE1U0005576,117.73,13.04,9168.41015625,79,75,0,0,0,0,15.5,99.17,-173118,62,1528045735.431,7120,2,0,0,0,0,0,0,0,4,363.37,363.37,1F,1,1,1,0080,65,40,40,0,0,19,19.25
03/06/2018 18:08:59,55 59.40535,-2 30.55496,239,0,330,651876,1144818,363.46,20.797,3793,3777,3786,16,0,96.2,35.7,88.4,31.3,none,none,82.6,28.1,3785,3793,3782,-3790,3785,3790,3786,-3787,3784,-3790,3784,-3790,3784,-3791,3784,-3791,3784,-3790,3784,3789,3783,-3790,3784,-3791,3784,-3793,3783,-3791,3783,3790,3786,-3789,3785,-3789,3786,-3790,3784,-3789,3785,-3788,3786,-3790,3786,-3790,3784,-3790,3784,3785,3780,-3789,3781,-3790,3782,-3789,3784,-3788,3782,3789,3783,-3789,3781,-3791,3780,-3792,3780,-3793,3780,-3792,3781,-3792,3780,-3790,3782,-3792,3778,3792,3778,-3792,3779,-3793,3779,-3793,3777,-3792,3780,-3790,3780,3790,3782,-3791,3781,-3788,3781,-3789,3779,-3787,0.02,SJNFAAZE1U0005576,117.73,13.04,9168.41015625,79,75,0,0,0,0,15.5,99.17,-173118,62,1528045739.060,5280,2,1,0,5,0,0,0,0,4,363.40,363.40,1F,1,1,1,0080,65,40,40,0,0,19,21.25
03/06/2018 18:09:02,55 59.40535,-2 30.55496,239,0,330,651769,1144818,363.65,14.876,3794,3780,3788,14,0,96.0,35.6,88.4,31.3,none,none,82.4,28.0,3788,-3794,3785,-3791,3787,3791,3788,-3790,3786,-3792,3786,-3792,3786,-3793,3786,-3793,3785,-3792,3786,-3791,3786,-3790,3786,3792,3786,-3793,3785,-3793,3785,-3792,3788,-3792,3787,3792,3788,-3792,3788,-3791,3786,-3790,3788,-3790,3788,-3793,3787,-3790,3787,-3788,3785,-3790,3785,3792,3785,-3790,3787,-3790,3786,-3791,3787,-3790,3783,-3791,3783,-3793,3784,-3794,3784,-3792,3786,-3793,3784,-3791,3783,3792,3780,-3792,3782,-3794,3783,-3794,3782,-3793,3780,-3792,3783,-3791,3783,-3791,3785,-3793,3783,3790,3784,-3791,3782,-3788,0.01,SJNFAAZE1U0005576,117.73,13.04,9168.41015625,79,75,0,0,0,0,15.5,99.17,-173118,62,1528045742.607,4520,2,0,0,0,0,0,0,0,4,363.64,363.64,1F,1,1,1,0080,65,40,40,0,0,19,19.75
03/06/2018 18:09:06,55 59.40535,-2 30.55496,239,0,330,651665,1144818,363.55,13.686,3794,3779,3787,15,0,96.2,35.7,88.4,31.3,none,none,82.6,28.1,3786,-3793,3783,-3790,3786,3790,3787,-3788,3785,3790,3784,-3791,3786,-3792,3785,-3791,3784,-3790,3784,-3791,3786,-3791,3786,-3791,3786,-3792,3785,3791,3785,-3790,3785,-3792,3787,-3790,3787,-3791,3786,3791,3785,-3790,3786,-3789,3788,-3792,3785,-3790,3786,-3787,3783,3789,3783,-3790,3785,-3790,3786,-3788,3784,-3790,3785,-3789,3782,-3790,3782,-3791,3782,-3792,3783,3793,3783,-3792,3782,-3791,3782,-3791,3779,-3791,3781,3793,3781,-3794,3780,-3792,3780,-3792,3783,-3791,3782,-3790,3784,-3792,3782,-3789,3783,-3789,3782,3787,0.02,SJNFAAZE1U0005576,117.73,13.04,9168.41015625,79,75,0,0,0,0,15.5,99.17,-173118,62,1528045746.410,4760,2,0,0,0,0,0,0,0,4,363.68,363.68,1F,1,1,1,0080,65,40,40,0,0,19,20.00
03/06/2018 18:09:10,55 59.40535,-2 30.55496,239,0,330,651618,1144818,364.13,2.089,3800,3787,3793,13,0,96.2,35.7,88.4,31.3,none,none,82.6,28.1,3793,-3800,3791,3797,3792,3796,3794,-3795,3791,-3797,3792,-3796,3793,3797,3792,-3797,3791,-3796,3791,-3796,3792,-3796,3792,-3797,3793,-3798,3791,-3797,3792,-3797,3794,3796,3792,-3796,3793,-3795,3792,-3797,3792,-3796,3792,3795,3794,-3798,3792,-3795,3793,-3793,3790,-3796,3791,-3797,3791,3797,3792,-3795,3790,-3796,3792,-3796,3789,-3797,3790,-3798,3790,-3800,3790,-3797,3791,-3798,3789,3797,3789,-3799,3787,-3797,3787,-3798,3788,-3798,3788,3799,3787,-3797,3790,-3796,3788,-3797,3792,-3798,3789,-3796,3790,-3797,3788,-3793,-0.05,SJNFAAZE1U0005576,117.73,13.04,9168.41015625,79,75,0,0,0,0,15.5,99.17,-173118,62,1528045750.231,0,2,0,0,0,0,0,0,0,4,364.18,364.18,1F,1,1,1,0080,65,40,40,0,0,19,0.00
03/06/2018 18:09:13,55 59.40535,-2 30.55496,239,0,330,651617,1144818,364.22,2.456,3800,3787,3794,13,0,96.2,35.7,88.4,31.3,none,none,82.6,28.1,-3799,3794,-3798,3792,-3799,3794,-3797,3793,-3797,3793,-3797,3794,-3799,3794,-3798,3793,-3798,3793,-3797,3792,-3797,3792,-3798,3794,-3799,3792,-3799,3791,-3797,3794,-3798,3794,-3798,3793,-3797,3795,-3796,3792,-3796,3793,-3798,3793,-3800,3795,-3798,3793,-3797,3792,-3796,3790,-3797,3791,-3797,3791,-3798,3791,-3798,3790,-3799,3790,-3798,3789,-3799,3790,-3799,3791,-3799,3789,-3799,3791,-3799,3790,-3798,3787,-3800,3788,-3799,3788,-3800,3789,-3800,3788,-3799,3789,-3798,3790,-3799,3790,-3799,3792,-3796,3789,-3798,3789,-3796,3790,-0.04,SJNFAAZE1U0005576,117.73,13.04,9168.41015625,79,75,0,0,0,0,15.5,99.17,-173118,62,1528045753.942,0,2,1,0,11,0,0,0,0,4,364.30,364.30,1F,1,1,1,0080,65,40,40,0,0,19,0.00
03/06/2018 18:09:17,55 59.40535,-2 30.55496,239,0,330,651595,1144818,363.74,15.761,3798,3781,3789,17,0,96.2,35.7,88.4,31.3,none,none,82.6,28.1,-3794,3788,-3793,3786,-3794,3788,-3793,3787,-3792,3788,-3792,3789,-3794,3788,-3794,3788,-3793,3787,-3794,3787,-3794,3787,-3794,3790,-3795,3787,-3795,3787,-3793,3789,-3793,3790,-3793,3788,-3792,3791,-3792,3787,-3793,3788,-3794,3787,-3794,3789,-3792,3788,-3793,3787,-3791,3783,-3792,3786,-3794,3787,-3794,3785,-3793,3784,-3796,3783,-3793,3784,-3795,3783,-3795,3785,-3794,3785,-3795,3785,-3794,3784,-3796,3781,-3795,3781,-3796,3782,-3798,3783,-3796,3782,-3794,3784,-3794,3784,-3793,3784,-3794,3787,-3792,3783,-3794,3784,-3792,3783,-0.06,SJNFAAZE1U0005576,117.73,13.04,9168.41015625,79,75,0,0,0,0,15.5,99.17,-173118,62,1528045757.699,3400,2,1,0,6,0,0,0,0,4,363.92,363.92,1F,1,1,1,0080,65,40,40,0,0,19,58.75
03/06/2018 18:09:21,55 59.40535,-2 30.55496,239,0,330,651463,1144818,363.36,21.499,3791,3777,3785,14,0,96.2,35.7,88.6,31.4,none,none,82.6,28.1,-3788,3785,-3788,3783,-3789,3783,-3788,3783,-3788,3784,-3788,3785,-3789,3784,-3789,3784,-3789,3784,-3789,3782,-3789,3783,-3790,3786,-3790,3783,-3790,3783,-3788,3785,-3790,3784,-3788,3785,-3788,3786,-3789,3783,-3788,3783,-3789,3784,-3790,3787,-3788,3783,-3788,3782,-3785,3780,-3788,3781,-3787,3782,-3788,3781,-3788,3780,-3790,3780,-3787,3781,-3789,3779,-3790,3782,-3789,3782,-3790,3781,-3788,3781,-3789,3777,-3790,3777,-3789,3778,-3791,3779,-3790,3779,-3790,3779,-3788,3780,-3788,3781,-3788,3783,-3786,3780,-3788,3781,-3787,3780,-0.07,SJNFAAZE1U0005576,117.73,13.04,9168.41015625,79,75,0,0,0,0,15.5,99.17,-173118,62,1528045761.300,5520,2,0,0,0,0,0,0,0,4,363.57,363.57,1F,1,1,1,0080,65,40,40,0,0,19,63.50
03/06/2018 18:09:24,55 59.40535,-2 30.55496,239,0,329,651312,1144818,363.74,19.668,3796,3780,3789,16,0,96.0,35.6,88.4,31.3,none,none,82.6,28.1,-3793,3789,-3793,3785,-3794,3787,-3792,3785,-3792,3786,-3792,3788,-3794,3787,-3794,3786,-3793,3786,-3792,3786,-3793,3786,-3794,3787,-3794,3787,-3794,3785,-3793,3788,-3792,3789,-3793,3788,-3793,3789,-3792,3787,-3792,3787,-3792,3787,-3794,3788,-3793,3787,-3792,3786,-3789,3783,-3792,3784,-3792,3787,-3791,3785,-3792,3783,-3794,3783,-3793,3784,-3794,3783,-3795,3784,-3795,3783,-3793,3783,-3794,3783,-3794,3780,-3795,3780,-3795,3781,-3796,3781,-3795,3781,-3794,3782,-3793,3783,-3793,3785,-3793,3787,-3791,3782,-3792,3783,-3793,3783,-0.03,SJNFAAZE1U0005576,117.73,13.04,9168.41015625,79,75,0,0,0,0,15.5,99.17,-173118,62,1528045764.824,5840,2,0,0,0,0,0,0,0,4,363.51,363.51,1F,1,1,1,0080,65,40,40,0,0,19,0.00
03/06/2018 18:09:28,55 59.40535,-2 30.55496,239,0,329,651294,1144818,364.22,1.815,3798,3789,3794,9,0,96.0,35.6,88.4,31.3,none,none,82.4,28.0,-3797,3796,-3795,3793,-3797,3794,-3797,3792,-3795,3793,-3795,3795,-3796,3794,-3796,3794,-3796,3792,-3796,3793,-3796,3793,-3796,3795,-3796,3795,-3796,3792,-3796,3794,-3796,3795,-3797,3794,-3796,3794,-3796,3794,-3796,3793,-3796,3794,-3797,3794,-3796,3793,-3796,3792,-3794,3792,-3797,3793,-3796,3792,-3797,3793,-3796,3792,-3798,3791,-3795,3792,-3797,3791,-3796,3793,-3797,3792,-3797,3793,-3797,3793,-3796,3790,-3796,3789,-3796,3790,-3796,3791,-3796,3792,-3796,3791,-3796,3791,-3796,3791,-3796,3793,-3794,3790,-3797,3791,-3794,3790,-0.09,SJNFAAZE1U0005576,117.73,13.04,9168.41015625,79,75,0,0,0,0,15.5,99.17,-173118,62,1528045768.214,0,2,0,0,0,0,0,0,0,4,364.24,364.24,1F,1,1,1,0080,65,40,40,0,0,19,0.00
03/06/2018 18:09:31,55 59.40535,-2 30.55496,239,0,329,651349,1144818,364.51,-3.371,3803,3789,3797,14,0,96.2,35.7,88.4,31.3,none,none,82.4,28.0,3797,-3803,3794,-3800,3796,3800,3797,-3799,3795,-3801,3795,3800,3795,-3801,3794,-3802,3795,-3799,3793,-3799,3794,3800,3795,-3800,3795,-3802,3795,-3801,3793,-3800,3797,-3800,3796,-3799,3795,-3800,3795,-3800,3795,3799,3796,-3800,3798,-3800,3795,-3800,3796,-3796,3794,3799,3795,-3801,3796,-3799,3796,-3799,3796,-3799,3796,-3799,3793,-3800,3793,-3801,3793,-3802,3793,3802,3794,-3801,3792,-3800,3793,-3802,3791,-3801,3791,-3802,3791,3802,3790,-3803,3789,-3801,3792,-3800,3792,-3800,3795,3802,3793,-3800,3794,-3800,3792,-3797,-0.06,SJNFAAZE1U0005576,117.73,13.04,9168.41015625,79,75,0,0,0,0,15.5,99.17,-173121,62,1528045771.846,0,2,0,0,0,0,0,0,0,4,364.62,364.62,1F,1,1,1,0080,65,40,40,0,0,19,-32.25
03/06/2018 18:09:35,55 59.40535,-2 30.55496,239,0,329,651306,1144818,363.84,15.029,3797,3783,3790,14,0,96.2,35.7,88.6,31.4,none,none,82.6,28.1,3790,-3797,3787,-3794,3790,3793,3790,-3792,3789,-3794,3789,-3795,3789,-3795,3789,3795,3789,-3794,3789,-3794,3789,-3794,3789,-3794,3790,3796,3789,-3796,3789,-3794,3790,-3795,3791,-3793,3791,-3794,3789,-3793,3789,-3793,3790,-3793,3792,3795,3790,-3793,3789,-3791,3787,-3792,3787,-3794,3787,3793,3789,-3792,3788,-3793,3790,-3792,3786,-3795,3786,-3796,3786,3796,3786,-3794,3789,-3795,3785,-3794,3786,-3794,3783,-3795,3784,-3796,3785,-3795,3784,-3795,3783,3794,3786,-3794,3785,-3795,3788,-3794,3786,-3793,3786,3794,3785,-3790,-0.08,SJNFAAZE1U0005576,117.73,13.04,9168.41015625,79,75,0,0,0,0,15.5,99.17,-173121,62,1528045775.598,4240,2,1,0,5,0,0,0,0,4,363.95,363.95,1F,1,1,1,0080,65,40,40,0,0,19,46.00
03/06/2018 18:09:39,55 59.40535,-2 30.55496,239,0,329,651224,1144818,363.84,13.686,3797,3783,3790,14,0,96.0,35.6,88.4,31.3,none,none,82.4,28.0,3791,3796,3788,-3795,3788,3794,3791,-3792,3789,-3794,3789,-3795,3788,-3795,3789,-3794,3788,-3795,3788,3794,3789,-3793,3789,-3795,3790,-3796,3789,-3795,3788,3794,3790,-3794,3790,-3793,3790,-3795,3790,-3794,3789,-3793,3790,-3793,3791,-3795,3789,-3793,3789,3791,3787,-3792,3788,-3795,3788,-3794,3790,-3792,3788,3794,3789,-3792,3786,-3794,3786,-3795,3786,-3797,3786,-3794,3788,3794,3787,-3795,3787,-3795,3783,-3796,3784,-3795,3784,-3795,3784,-3795,3783,-3794,3786,-3794,3786,3793,3788,-3794,3785,-3792,3787,-3793,3785,-3791,-0.06,SJNFAAZE1U0005576,117.73,13.04,9168.41015625,79,75,0,0,0,0,15.5,99.17,-173121,62,1528045779.535,3120,2,0,0,0,0,0,0,0,4,364.01,364.01,1F,1,1,1,0080,65,40,40,0,0,19,33.50
03/06/2018 18:09:43,55 59.40535,-2 30.55496,239,0,329,651204,1144818,364.90,-10.176,3809,3793,3801,16,0,96.2,35.7,88.4,31.3,none,none,82.4,28.0,3801,-3808,3797,-3805,3800,3804,3801,-3803,3799,-3805,3797,-3805,3799,-3807,3799,-3806,3798,-3804,3798,-3804,3798,-3804,3798,3805,3799,-3807,3798,-3806,3798,-3804,3800,-3804,3800,3803,3799,-3804,3799,-3805,3799,-3803,3800,-3804,3802,-3806,3800,-3805,3800,-3802,3799,-3806,3798,3807,3799,-3806,3800,-3803,3798,-3805,3800,-3804,3797,3807,3795,-3808,3796,-3809,3797,-3806,3796,-3806,3796,-3805,3795,3808,3793,-3807,3793,-3808,3794,-3808,3793,-3808,3793,-3807,3796,-3805,3795,-3805,3799,-3807,3796,3805,3797,-3805,3797,-3802,-0.08,SJNFAAZE1U0005576,117.73,13.04,9168.41015625,79,75,0,0,0,0,15.5,99.17,-173121,62,1528045783.362,0,2,0,0,0,0,0,0,0,4,364.81,364.81,1F,1,1,1,0080,65,40,40,0,0,19,-72.00
03/06/2018 18:09:46,55 59.40535,-2 30.55496,239,0,329,651299,1144818,364.80,0.991,3809,3792,3800,17,0,96.2,35.7,88.4,31.3,none,none,82.4,28.0,-3806,3800,-3805,3797,-3807,3800,-3804,3798,-3804,3798,-3803,3799,-3804,3797,-3805,3798,-3804,3798,-3805,3797,-3804,3796,-3803,3798,-3805,3798,-3806,3796,-3804,3798,-3805,3799,-3803,3798,-3803,3800,-3804,3798,-3804,3797,-3805,3799,-3806,3800,-3803,3799,-3805,3797,-3803,3796,-3806,3799,-3805,3798,-3806,3796,3805,-3796,-3808,3794,3806,-3794,3807,-3795,-3808,-3797,3806,3795,-3807,3796,-3807,3797,-3806,3792,-3807,3792,-3807,3792,-3809,3792,-3807,3793,-3808,3795,-3806,3795,-3804,3795,-3807,3797,-3804,3795,-3806,3795,-3804,3794,-0.06,SJNFAAZE1U0005576,117.73,13.04,9168.41015625,79,75,0,0,0,0,15.5,99.17,-173124,62,1528045786.858,0,2,0,0,0,0,0,0,0,4,364.69,364.69,1F,1,1,1,0080,65,40,40,0,0,19,-33.00
03/06/2018 18:09:50,55 59.40535,-2 30.55496,239,0,329,651341,1144818,364.80,-3.432,3807,3792,3800,15,0,96.2,35.7,88.4,31.3,none,none,82.4,28.0,-3804,3801,-3803,3799,-3805,3799,-3803,3799,-3803,3799,-3802,3800,-3804,3798,-3803,3798,-3803,3798,-3802,3798,-3803,3798,-3803,3799,-3804,3798,-3803,3797,-3804,3799,-3803,3800,-3803,3799,-3803,3801,-3802,3799,-3803,3797,-3803,3799,-3805,3801,-3803,3800,-3803,3798,-3802,3797,-3803,3799,-3805,3798,-3803,3798,-3804,3797,-3806,3797,-3804,3796,-3805,3795,-3805,3797,-3806,3796,-3805,3796,-3805,3797,-3804,3793,-3804,3792,-3806,3793,-3807,3795,-3805,3794,-3804,3796,-3804,3795,-3804,3796,-3805,3799,-3803,3795,-3804,3797,-3803,3796,-0.07,SJNFAAZE1U0005576,117.73,13.04,9168.41015625,79,75,0,0,0,0,15.5,99.17,-173126,62,1528045790.366,0,2,0,0,0,0,0,0,0,4,364.88,364.88,1F,1,1,1,0080,65,40,40,0,0,19,-36.50
03/06/2018 18:09:53,55 59.40535,-2 30.55496,239,0,329,651353,1144818,364.70,0.198,3805,3792,3799,13,0,96.2,35.7,88.4,31.3,none,none,82.4,28.0,-3803,3799,-3802,3797,-3804,3798,-3801,3797,-3803,3797,-3801,3799,-3803,3797,-3802,3797,-3802,3796,-3801,3796,-3802,3797,-3801,3798,-3803,3797,-3802,3797,-3801,3797,-3802,3798,-3802,3799,-3801,3800,-3802,3798,-3801,3797,-3803,3798,-3804,3800,-3802,3798,-3801,3797,-3800,3794,-3802,3797,-3802,3796,-3803,3796,-3802,3795,-3804,3794,-3803,3794,-3804,3795,-3804,3795,-3804,3795,-3804,3794,-3804,3795,-3803,3792,-3804,3792,-3804,3792,-3805,3792,-3805,3794,-3803,3795,-3803,3794,-3802,3794,-3804,3798,-3800,3795,-3803,3795,-3802,3795,-0.10,SJNFAAZE1U0005576,117.73,13.04,9168.41015625,79,75,0,0,0,0,15.5,99.17,-173127,62,1528045793.957,0,2,0,0,0,0,0,0,0,4,364.83,364.83,1F,1,1,1,0080,65,40,40,0,0,19,93.75
03/06/2018 18:09:57,55 59.40535,-2 30.55496,239,0,329,651284,1144818,364.70,0.503,3807,3790,3799,17,0,96.0,35.6,88.4,31.3,none,none,82.4,28.0,-3804,3798,-3802,3797,-3803,3797,-3802,3796,-3801,3796,-3801,3797,-3802,3796,-3803,3797,-3802,3797,-3801,3795,-3803,3795,-3803,3797,-3803,3796,-3803,3795,-3801,3797,-3802,3798,-3802,3797,-3801,3798,-3801,3797,-3802,3796,-3803,3797,-3804,3798,-3801,3797,-3803,3797,-3801,3794,-3803,3795,-3804,3796,-3804,3795,-3803,3794,-3806,3794,-3803,3793,-3805,3793,-3805,3795,-3805,3794,-3804,3794,-3803,3794,-3803,3790,-3805,3790,-3805,3791,-3807,3792,-3806,3792,-3805,3793,-3804,3792,-3802,3794,-3804,3796,-3802,3793,-3803,3793,-3802,3793,-0.11,SJNFAAZE1U0005576,117.73,13.04,9168.41015625,79,75,0,0,0,0,15.5,99.17,-173127,62,1528045797.480,960,2,1,0,5,0,0,0,0,4,364.68,364.68,1F,1,1,1,0080,65,40,40,0,0,19,-8.50
03/06/2018 18:10:00,55 59.40535,-2 30.55496,239,0,329,651254,1144818,364.22,13.778,3801,3785,3794,16,0,96.2,35.7,88.4,31.3,none,none,82.4,28.0,-3797,3794,-3797,3791,-3800,3793,-3797,3792,-3797,3792,-3798,3793,-3798,3793,-3798,3792,-3798,3792,-3797,3791,-3798,3791,-3798,3794,-3799,3793,-3798,3791,-3797,3794,-3797,3794,-3797,3793,-3797,3796,-3797,3792,-3796,3791,-3798,3792,-3799,3793,-3797,3793,-3798,3792,-3794,3788,-3797,3791,-3797,3791,-3798,3790,-3798,3789,-3800,3789,-3798,3787,-3799,3789,-3801,3790,-3799,3788,-3798,3789,-3797,3790,-3799,3785,-3800,3785,-3800,3785,-3800,3787,-3799,3787,-3798,3787,-3799,3788,-3798,3788,-3798,3791,-3795,3788,-3798,3790,-3796,3788,-0.10,SJNFAAZE1U0005576,117.73,13.04,9168.41015625,79,75,0,0,0,0,15.5,99.17,-173127,62,1528045800.925,3680,2,0,0,0,0,0,0,0,4,364.24,364.24,1F,1,1,1,0080,65,40,40,0,0,19,24.50
03/06/2018 18:10:04,55 59.40535,-2 30.55496,239,0,329,651222,1144818,364.61,1.754,3806,3789,3798,17,0,96.0,35.6,88.4,31.3,none,none,82.4,28.0,3799,-3806,3794,3803,3797,3801,3799,-3801,3796,-3802,3796,-3801,3796,3804,3794,-3803,3796,-3801,3795,-3802,3795,-3801,3795,-3802,3795,-3804,3795,-3803,3795,-3801,3797,3802,3797,-3801,3796,-3802,3796,-3801,3796,-3801,3797,3801,3798,-3802,3796,-3801,3797,-3798,3794,-3801,3795,-3803,3794,-3801,3797,-3800,3795,-3802,3796,3800,3794,-3803,3792,-3803,3793,-3805,3793,-3804,3794,-3803,3792,3803,3793,-3804,3790,-3804,3789,-3805,3791,-3804,3790,3804,3790,-3803,3793,-3803,3792,-3802,3795,-3804,3793,-3801,3794,-3802,3793,-3799,-0.08,SJNFAAZE1U0005576,117.73,13.04,9168.41015625,79,75,0,0,0,0,15.5,99.17,-173127,62,1528045804.328,0,2,0,0,0,0,0,0,0,4,364.64,364.64,1F,1,1,1,0080,65,40,40,0,0,19,-28.00
03/06/2018 18:10:08,55 59.40535,-2 30.55496,239,0,329,651245,1144818,364.61,4.745,3804,3791,3798,13,0,96.2,35.7,88.4,31.3,none,none,82.4,28.0,3798,-3804,3795,-3801,3797,3800,3798,3800,3797,-3801,3796,-3801,3796,-3802,3796,-3802,3796,3800,3796,-3801,3797,-3800,3795,-3801,3797,-3802,3796,-3802,3795,-3800,3797,-3801,3797,-3800,3797,3801,3797,-3800,3796,-3801,3796,-3801,3799,-3802,3798,3801,3797,-3797,3794,-3800,3795,-3802,3795,-3799,3796,-3800,3795,3800,3797,-3800,3794,-3801,3794,-3802,3794,-3803,3794,-3802,3795,-3801,3794,-3801,3794,-3803,3791,3802,3792,-3802,3792,-3803,3792,-3804,3791,-3801,3794,3801,3793,-3801,3796,-3802,3794,-3800,3795,-3800,3792,-3798,-0.10,SJNFAAZE1U0005576,117.73,13.04,9168.41015625,79,75,0,0,0,0,15.5,99.17,-173128,62,1528045808.396,1000,2,0,0,0,0,0,0,0,4,364.67,364.67,1F,1,1,1,0080,65,40,40,0,0,19,4.00
03/06/2018 18:10:12,55 59.40535,-2 30.55496,239,0,329,651235,1144818,364.32,4.012,3803,3786,3795,17,0,96.2,35.7,88.4,31.3,none,none,82.4,28.0,3795,-3802,3792,-3800,3793,3798,3796,-3797,3793,-3798,3792,3799,3793,-3800,3792,-3800,3792,-3799,3792,-3799,3793,3799,3794,-3800,3793,-3801,3792,-3800,3792,-3798,3794,-3799,3794,-3799,3794,-3798,3793,-3799,3792,3798,3793,-3798,3795,-3800,3793,-3798,3793,-3796,3791,3798,3791,-3801,3792,-3798,3794,-3797,3792,-3798,3794,-3799,3789,-3800,3790,-3801,3789,-3802,3790,3800,3792,-3799,3789,-3799,3790,-3800,3786,-3801,3786,-3800,3788,3801,3788,-3803,3786,-3800,3790,-3799,3789,-3799,3792,3800,3790,-3798,3791,-3799,3789,-3795,-0.11,SJNFAAZE1U0005576,117.73,13.04,9168.41015625,79,75,0,0,0,0,15.5,99.17,-173128,62,1528045812.172,320,2,0,0,0,0,0,0,0,4,364.67,364.67,1F,1,1,1,0080,65,40,40,0,0,19,16.25
03/06/2018 18:10:16,55 59.40535,-2 30.55496,239,0,329,651154,1144818,364.61,4.653,3805,3791,3798,14,0,96.0,35.6,88.4,31.3,none,none,82.4,28.0,3799,-3805,3795,-3801,3797,3800,3799,-3799,3796,-3801,3795,-3801,3796,-3802,3796,3801,3796,-3800,3795,-3801,3796,-3801,3796,-3801,3796,3803,3795,-3803,3795,-3801,3797,-3801,3797,-3801,3796,-3801,3795,-3800,3796,-3800,3797,-3800,3799,3802,3796,-3800,3798,-3798,3794,-3800,3795,-3802,3795,3801,3798,-3800,3796,-3801,3797,-3800,3794,-3802,3793,-3803,3794,-3804,3794,-3803,3795,-3802,3794,3801,3793,-3802,3791,-3802,3791,-3804,3792,-3803,3792,-3803,3791,3802,3793,-3801,3793,-3801,3796,-3802,3793,-3800,3795,3801,3793,-3798,-0.07,SJNFAAZE1U0005576,117.73,13.04,9168.41015625,79,75,0,0,0,0,15.5,99.17,-173128,62,1528045816.217,5000,2,0,0,0,0,0,0,0,4,364.51,364.51,1F,1,1,1,0080,65,40,40,0,0,19,0.00
03/06/2018 18:10:20,55 59.40535,-2 30.55496,239,0,329,651200,1144818,365.28,-12.649,3812,3796,3805,16,0,96.0,35.6,88.2,31.2,none,none,82.4,28.0,3810,3805,3809,-3802,3809,3804,3809,-3803,3809,-3803,3808,-3803,3809,-3803,3810,-3802,-3808,-3802,3807,3802,-3809,3801,-3809,3804,-3810,3802,-3810,3801,-3808,3804,-3809,3804,-3808,3802,-3807,3804,-3807,3802,-3808,3801,-3810,3803,-3810,3804,-3808,3802,-3809,3802,-3808,3801,-3811,3802,-3810,3803,-3810,3802,-3808,3800,-3812,3800,-3811,3799,-3812,3800,-3812,3801,-3812,3800,-3810,3800,-3810,3799,-3808,3796,-3811,3796,3811,-3796,3812,-3798,3812,-3798,3811,-3799,3810,-3800,3809,3800,3810,-3803,3808,-3800,3810,-3801,3810,-3799,-0.11,SJNFAAZE1U0005576,117.73,13.04,9168.41015625,79,75,0,0,0,0,15.5,99.17,-173130,62,1528045820.028,0,2,1,0,4,0,0,0,0,4,365.26,365.26,1F,1,1,1,0080,65,40,40,0,0,19,-37.75
03/06/2018 18:10:23,55 59.40535,-2 30.55496,239,0,329,651341,1144818,365.38,-10.970,3813,3798,3806,15,0,96.2,35.7,88.4,31.3,none,none,82.4,28.0,-3809,3805,-3809,3804,-3811,3805,-3809,3803,-3808,3804,-3808,3804,-3809,3803,-3809,3803,-3808,3803,-3808,3802,-3809,3802,-3808,3804,-3810,3803,-3809,3802,-3809,3804,-3808,3805,-3809,3804,-3808,3805,-3808,3804,-3808,3803,-3808,3805,-3811,3806,-3809,3805,-3810,3803,-3807,3803,-3811,3804,-3811,3805,-3810,3803,-3810,3803,-3813,3802,-3810,3800,-3811,3800,-3812,3802,-3811,3802,-3811,3802,-3810,3802,-3811,3798,-3812,3799,-3810,3800,-3812,3799,-3811,3800,-3812,3801,-3810,3801,-3810,3802,-3811,3805,-3809,3803,-3810,3802,-3809,3800,-0.10,SJNFAAZE1U0005576,117.73,13.04,9168.41015625,79,75,0,0,0,0,15.5,99.17,-173135,62,1528045823.535,0,2,0,0,0,0,0,0,0,4,365.45,365.45,1F,1,1,1,0080,65,40,40,0,0,19,-30.50
03/06/2018 18:10:27,55 59.40535,-2 30.55496,239,0,329,651407,1144818,365.18,-5.630,3812,3795,3804,17,0,96.2,35.7,88.2,31.2,none,none,82.4,28.0,-3810,3804,-3808,3801,-3810,3802,-3808,3801,-3808,3801,-3807,3802,-3808,3801,-3809,3801,-3808,3800,-3807,3800,-3807,3801,-3807,3802,-3809,3801,-3808,3799,-3808,3802,-3807,3803,-3807,3801,-3807,3804,-3807,3802,-3807,3801,-3808,3802,-3809,3803,-3807,3802,-3809,3801,-3808,3799,-3810,3801,-3809,3802,-3810,3802,-3808,3799,-3811,3799,-3810,3798,-3811,3799,-3811,3800,-3811,3799,-3811,3799,-3810,3800,-3810,3795,-3811,3795,-3811,3795,-3812,3797,-3811,3797,-3812,3799,-3809,3798,-3809,3799,-3809,3802,-3808,3799,-3810,3799,-3808,3796,-0.12,SJNFAAZE1U0005576,117.73,13.04,9168.41015625,79,75,0,0,0,0,15.5,99.17,-173138,62,1528045827.370,0,2,0,0,0,0,0,0,0,4,365.26,365.26,1F,1,1,1,0080,65,40,40,0,0,19,-36.50
03/06/2018 18:10:31,55 59.40535,-2 30.55496,239,0,330,651430,1144818,364.99,1.174,3809,3795,3802,14,0,96.0,35.6,88.2,31.2,none,none,82.4,28.0,-3806,3803,-3805,3801,-3807,3801,-3805,3800,-3806,3802,-3804,3801,-3806,3800,-3806,3801,-3805,3799,-3804,3799,-3805,3800,-3806,3801,-3806,3800,-3806,3800,-3804,3801,-3805,3802,-3806,3801,-3804,3803,-3805,3801,-3804,3800,-3806,3801,-3807,3802,-3805,3801,-3806,3799,-3804,3799,-3806,3800,-3805,3800,-3807,3799,-3805,3799,-3809,3798,-3807,3797,-3807,3797,-3808,3800,-3807,3797,-3808,3798,-3806,3798,-3805,3795,-3807,3795,-3806,3795,-3809,3796,-3807,3797,-3807,3797,-3807,3797,-3805,3797,-3806,3801,-3805,3797,-3806,3798,-3804,3797,-0.12,SJNFAAZE1U0005576,117.73,13.04,9168.41015625,79,75,0,0,0,0,15.5,99.17,-173139,62,1528045831.119,0,2,0,0,0,0,0,0,0,4,365.07,365.07,1F,1,1,1,0080,65,40,40,0,0,19,-3.75
03/06/2018 18:10:34,55 59.40535,-2 30.55496,239,0,329,651416,1144818,364.32,12.038,3802,3786,3795,16,0,96.0,35.6,88.4,31.3,none,none,82.4,28.0,-3799,3795,-3798,3792,-3800,3794,-3798,3792,-3799,3792,-3798,3794,-3799,3793,-3799,3793,-3799,3792,-3798,3793,-3799,3792,-3799,3793,-3800,3792,-3800,3791,-3798,3794,-3797,3795,-3798,3794,-3798,3795,-3797,3792,-3798,3792,-3799,3793,-3799,3795,-3797,3793,-3798,3792,-3796,3789,-3799,3791,-3798,3792,-3800,3791,-3798,3790,-3801,3789,-3799,3787,-3801,3788,-3801,3791,-3801,3789,-3801,3790,-3799,3790,-3801,3786,-3800,3786,-3801,3787,-3802,3788,-3802,3787,-3799,3789,-3799,3789,-3799,3791,-3800,3792,-3797,3788,-3799,3789,-3798,3788,-0.16,SJNFAAZE1U0005576,117.73,13.04,9168.41015625,79,75,0,0,0,0,15.5,99.17,-173139,62,1528045834.807,1880,2,0,0,0,0,0,0,0,4,364.62,364.62,1F,1,1,1,0080,65,40,40,0,0,19,125.25
03/06/2018 18:10:38,55 59.40535,-2 30.55496,239,0,329,651183,1144818,363.26,37.490,3790,3776,3784,14,0,96.0,35.6,88.2,31.2,none,none,82.4,28.0,3784,-3790,3781,-3788,3783,3787,3786,-3786,3783,-3788,3783,3789,3784,-3790,3784,-3789,3782,-3787,3782,-3788,3784,3788,3784,-3789,3783,-3790,3783,-3789,3783,-3787,3786,-3790,3785,3789,3785,-3789,3782,-3788,3783,-3787,3784,-3787,3785,-3788,3783,-3788,3784,-3784,3780,-3784,3780,3787,3780,-3785,3783,-3786,3783,-3786,3783,-3785,3778,3788,3779,-3789,3781,-3790,3781,-3790,3781,-3789,3780,-3788,3781,-3788,3776,-3788,3778,-3790,3779,3790,3777,-3790,3777,-3788,3778,-3788,3779,-3788,3782,3788,3779,-3786,3780,-3786,3779,-3784,-0.14,SJNFAAZE1U0005576,117.73,13.04,9168.41015625,79,75,0,0,0,0,15.5,99.17,-173139,62,1528045838.292,10600,2,0,0,0,0,0,0,0,4,363.34,363.34,1F,1,1,1,0080,66,40,40,0,0,19,56.75
03/06/2018 18:10:41,55 59.40535,-2 30.55496,239,0,329,650978,1144818,363.55,27.938,3794,3778,3787,16,0,96.0,35.6,88.4,31.3,none,none,82.4,28.0,3785,-3794,3784,-3792,3786,3790,3787,-3788,3785,3790,3785,-3791,3786,-3792,3784,-3792,3784,-3792,3783,-3790,3785,-3791,3786,-3792,3787,-3794,3784,3792,3784,-3790,3786,-3791,3787,-3789,3786,-3791,3786,3790,3785,-3790,3786,-3790,3788,-3791,3784,-3790,3786,-3788,3782,-3789,3782,-3791,3783,-3789,3785,3788,3783,-3791,3785,-3789,3780,-3792,3781,-3792,3782,3794,3782,-3791,3782,-3790,3782,-3790,3782,-3792,3779,-3792,3778,-3792,3778,-3792,3778,-3793,3779,3791,3781,-3791,3780,-3790,3782,-3791,3781,-3790,3781,3790,3780,-3787,-0.15,SJNFAAZE1U0005576,117.73,13.04,9168.41015625,79,75,0,0,0,0,15.5,99.17,-173139,62,1528045841.640,9080,2,1,0,4,0,0,0,0,4,363.47,363.47,1F,1,1,1,0080,66,40,40,0,0,19,39.00
03/06/2018 18:10:45,55 59.40535,-2 30.55496,239,0,329,650816,1144818,362.88,34.469,3788,3770,3780,18,0,96.0,35.6,88.4,31.3,none,none,82.4,28.0,3779,-3788,3776,3785,3778,3783,3781,-3782,3777,-3785,3778,-3785,3779,3787,3778,-3787,3778,-3785,3778,-3786,3779,-3785,3778,-3786,3779,-3788,3778,-3787,3778,-3785,3780,3785,3780,-3784,3779,-3785,3780,-3785,3778,-3784,3779,3785,3780,-3786,3777,-3784,3778,-3780,3776,-3782,3774,-3785,3775,-3783,3778,-3781,3777,-3783,3777,3782,3773,-3786,3774,-3786,3774,-3786,3773,-3784,3776,3785,3774,-3785,3779,-3786,3770,-3786,3771,-3787,3772,-3787,3774,-3786,3771,-3785,3775,-3785,3775,3784,3776,-3785,3774,-3783,3774,-3784,3773,-3780,-0.13,SJNFAAZE1U0005576,117.73,13.04,9168.41015625,79,75,0,0,0,0,15.5,99.17,-173139,62,1528045845.263,8360,2,0,0,0,0,0,0,0,4,363.20,363.20,1F,1,1,1,0080,66,40,40,0,0,19,72.00
03/06/2018 18:10:48,55 59.40535,-2 30.55496,239,0,329,650517,1144818,362.40,42.800,3782,3766,3775,16,0,96.0,35.6,88.2,31.2,none,none,82.4,28.0,3774,-3782,3772,-3780,3773,3778,3776,3778,3773,-3781,3772,-3780,3774,-3782,3774,-3782,3773,3780,3773,-3780,3773,-3781,3774,-3781,3774,-3782,3772,-3782,3773,-3780,3775,-3780,3775,-3779,3774,3780,3773,-3780,3773,-3779,3774,-3779,3776,-3781,3773,3778,3773,-3777,3770,-3777,3769,-3778,3769,-3778,3773,-3777,3773,-3779,3772,-3777,3768,-3780,3769,3782,3770,-3782,3769,-3781,3771,-3779,3769,-3779,3772,3781,3766,-3782,3767,-3782,3768,-3782,3766,-3782,3766,-3781,3769,3780,3770,-3780,3771,-3779,3769,-3777,3770,-3779,3767,-3775,-0.18,SJNFAAZE1U0005576,117.73,13.04,9168.41015625,79,75,0,0,0,0,15.5,99.17,-173139,62,1528045848.975,12320,2,0,0,0,0,0,0,0,4,362.53,362.53,1F,1,1,1,0080,66,40,40,0,0,19,61.50
03/06/2018 18:10:52,55 59.40535,-2 30.55496,239,0,329,650216,1144818,362.59,31.356,3785,3768,3777,17,0,96.0,35.6,88.4,31.3,none,none,82.4,28.0,3781,-3776,3780,-3774,3782,3776,3781,-3775,3781,-3777,3780,3776,3782,-3776,3783,-3776,3782,-3777,3782,-3776,3782,3776,3782,-3777,3783,-3776,3784,-3775,3781,-3778,3782,-3778,3781,-3777,3781,-3779,3781,-3776,3780,3776,3781,-3776,3783,-3778,3781,-3775,3779,-3774,3778,3772,3780,-3774,3779,-3774,3781,-3773,3781,-3773,3783,-3771,3781,-3772,3784,-3771,-3783,-3773,3782,3773,3784,-3772,-3783,3772,3785,-3768,3783,-3768,3785,-3771,3785,3771,3783,-3770,3782,-3771,3782,-3772,3782,-3772,3780,3774,3779,-3771,3781,-3771,3780,-3771,-0.17,SJNFAAZE1U0005576,117.73,13.04,9168.41015625,79,75,0,0,0,0,15.5,99.17,-173139,62,1528045852.502,12880,2,0,0,0,0,0,0,0,4,362.60,362.60,1F,1,1,1,0080,66,40,40,0,0,19,20.50
03/06/2018 18:10:56,55 59.40535,-2 30.55496,239,0,329,650183,1144818,364.32,-6.819,3802,3785,3795,17,0,96.0,35.6,88.2,31.2,none,none,82.2,27.9,-3799,3793,-3797,3791,-3800,3792,-3799,3793,-3798,3792,-3798,3793,-3799,3792,-3800,3791,-3799,3792,-3798,3791,-3799,3791,-3799,3793,-3800,3791,-3800,3791,-3798,3793,-3799,3794,-3799,3794,-3798,3794,-3798,3792,-3798,3791,-3798,3793,-3801,3794,-3797,3792,-3798,3791,-3796,3790,-3800,3791,-3800,3793,-3801,3791,-3799,3790,-3802,3789,-3800,3789,-3801,3789,-3801,3790,-3801,3789,-3801,3789,-3799,3790,-3799,3787,-3801,3785,-3802,3787,-3802,3787,-3802,3788,-3801,3789,-3799,3789,-3798,3790,-3801,3792,-3798,3789,-3800,3790,-3798,3789,-0.16,SJNFAAZE1U0005576,117.73,13.04,9168.41015625,79,75,0,0,0,0,15.5,99.17,-173139,61,1528045856.243,0,2,0,0,0,0,0,0,0,4,364.21,364.21,1F,1,1,1,0080,67,40,40,0,0,19,-13.50
03/06/2018 18:10:59,55 59.40535,-2 30.55496,239,0,329,650216,1144818,364.22,1.083,3801,3785,3794,16,0,96.0,35.6,88.2,31.2,none,none,82.4,28.0,-3799,3793,-3797,3791,-3799,3793,-3797,3792,-3797,3791,-3797,3793,-3798,3792,-3799,3792,-3797,3791,-3796,3790,-3798,3791,-3798,3793,-3798,3792,-3799,3789,-3796,3793,-3797,3793,-3797,3792,-3797,3794,-3797,3793,-3797,3791,-3799,3793,-3798,3794,-3797,3792,-3797,3791,-3796,3789,-3798,3791,-3798,3791,-3799,3791,-3799,3789,-3801,3789,-3798,3788,-3799,3788,-3800,3789,-3799,3790,-3800,3789,-3799,3789,-3799,3786,-3800,3785,-3800,3786,-3801,3787,-3801,3787,-3801,3788,-3799,3788,-3798,3788,-3799,3791,-3796,3788,-3798,3790,-3796,3788,-0.17,SJNFAAZE1U0005576,117.73,13.04,9168.41015625,79,75,0,0,0,0,15.5,99.17,-173140,61,1528045859.744,0,2,0,0,0,0,0,0,0,4,364.22,364.22,1F,1,1,1,0080,67,40,40,0,0,19,-17.00
03/06/2018 18:11:03,55 59.40535,-2 30.55496,239,0,329,650212,1144818,364.13,4.836,3799,3786,3793,13,0,96.0,35.6,88.2,31.2,none,none,82.4,28.0,-3797,3793,-3796,3791,-3796,3793,-3796,3792,-3796,3792,-3794,3793,-3796,3792,-3797,3792,-3795,3791,-3795,3791,-3795,3792,-3796,3792,-3797,3791,-3797,3791,-3795,3792,-3796,3793,-3795,3792,-3795,3794,-3796,3793,-3795,3791,-3796,3791,-3797,3794,-3795,3792,-3796,3791,-3793,3788,-3795,3792,-3795,3791,-3796,3790,-3796,3789,-3798,3789,-3797,3787,-3797,3789,-3797,3791,-3797,3788,-3798,3789,-3797,3789,-3797,3786,-3797,3786,-3798,3786,-3799,3787,-3799,3787,-3795,3787,-3796,3788,-3795,3788,-3796,3792,-3795,3788,-3797,3789,-3795,3788,-0.19,SJNFAAZE1U0005576,117.73,13.04,9168.41015625,79,75,0,0,0,0,15.5,99.17,-173140,61,1528045863.383,720,2,1,0,4,0,0,0,0,4,364.15,364.15,1F,1,1,1,0080,67,40,40,0,0,19,24.00
03/06/2018 18:11:07,55 59.40535,-2 30.55496,239,0,329,650200,1144818,364.22,2.792,3801,3785,3794,16,0,96.2,35.7,88.4,31.3,none,none,82.6,28.1,-3798,3794,-3798,3791,-3800,3792,-3797,3791,-3798,3792,-3797,3793,-3798,3792,-3799,3792,-3797,3791,-3797,3791,-3797,3791,-3798,3794,-3798,3790,-3799,3790,-3798,3793,-3798,3794,-3797,3792,-3797,3794,-3796,3792,-3796,3790,-3798,3791,-3799,3793,-3797,3792,-3798,3791,-3796,3789,-3798,3791,-3798,3792,-3800,3789,-3799,3789,-3800,3789,-3799,3787,-3801,3787,-3800,3791,-3799,3790,-3800,3789,-3798,3790,-3799,3786,-3800,3785,-3800,3787,-3801,3786,-3801,3786,-3801,3787,-3798,3788,-3798,3789,-3798,3791,-3797,3789,-3798,3788,-3797,3787,-0.20,SJNFAAZE1U0005576,117.73,13.04,9168.41015625,79,75,0,0,0,0,15.5,99.17,-173140,61,1528045867.246,240,2,0,0,0,0,0,0,0,4,364.24,364.24,1F,1,1,1,0080,67,40,40,0,0,19,53.75
03/06/2018 18:11:10,55 59.40535,-2 30.55496,239,0,329,650196,1144818,364.32,1.479,3803,3787,3795,16,0,96.2,35.7,88.4,31.3,none,none,82.6,28.1,3795,-3802,3792,3799,3794,3797,3796,-3796,3794,-3799,3794,-3800,3793,3800,3793,-3800,3793,-3797,3792,-3799,-3792,3799,-3793,-3799,-3794,3801,-3792,3801,-3792,3798,-3795,3800,-3794,3798,-3793,3799,-3793,3799,-3793,3797,3794,3799,-3796,3800,3793,-3798,3794,-3796,3792,-3798,3792,-3800,3792,3799,3794,-3798,3792,-3799,3794,-3798,3790,-3800,3790,-3801,3791,-3802,3790,-3801,3792,-3800,3790,3800,3789,-3801,3787,-3801,3787,-3802,3788,-3802,3788,3803,3787,-3800,3790,-3800,3790,-3799,3793,-3801,3789,-3798,3791,-3800,3790,-3795,-0.15,SJNFAAZE1U0005576,117.73,13.04,9168.41015625,79,75,0,0,0,0,15.5,99.17,-173140,61,1528045870.820,0,2,0,0,0,0,0,0,0,4,364.37,364.37,1F,1,1,1,0080,67,40,40,0,0,19,183.50
03/06/2018 18:11:14,55 59.40535,-2 30.55496,239,0,329,649993,1144818,361.82,57.998,3776,3760,3769,16,0,96.0,35.6,88.2,31.2,none,none,82.4,28.0,3767,3775,3766,-3772,3768,3773,3770,-3773,3768,-3774,3769,-3775,3768,-3775,3768,-3775,3768,-3774,3769,3774,3768,-3775,3768,-3776,3770,-3775,3768,-3775,3768,3774,3770,-3775,3769,-3774,3770,-3775,3769,-3772,3768,-3774,3769,-3772,3771,-3775,3768,-3773,3767,3770,3762,-3769,3762,-3771,3763,-3770,3766,-3770,3767,3772,3765,-3770,3761,-3772,3763,-3773,3765,-3773,3765,-3773,3766,-3773,3764,-3772,3767,-3772,3760,3773,3762,-3775,3763,-3774,3762,-3774,3761,-3772,3763,3771,3764,-3773,3765,-3772,3763,-3769,3763,-3770,3762,-3769,-0.18,SJNFAAZE1U0005576,117.73,13.04,9168.41015625,79,75,0,0,0,0,15.5,99.17,-173140,61,1528045874.347,15840,2,0,0,0,0,0,0,0,4,362.12,362.12,1F,1,1,1,0080,67,40,40,0,0,19,141.50
03/06/2018 18:11:17,55 59.40535,-2 30.55496,239,0,329,649556,1144818,361.44,59.920,3772,3754,3765,18,0,96.2,35.7,88.4,31.3,none,none,82.4,28.0,3763,-3772,3761,-3769,3763,3768,3766,-3767,3763,-3769,3764,-3771,3764,-3772,3764,-3771,3763,-3771,3764,-3769,3765,-3770,3764,3771,3765,-3772,3763,-3772,3763,-3771,3766,-3770,3765,3769,3765,-3769,3766,-3770,3764,-3769,3765,-3769,3766,-3770,3763,-3768,3763,-3765,3758,-3765,3759,3768,3760,-3766,3760,-3765,3761,-3767,3762,-3766,3758,3769,3758,-3769,3759,-3771,3759,-3770,3760,-3769,3759,-3769,3763,-3770,3754,-3770,3757,-3771,3758,3771,3756,-3770,3756,-3768,3759,-3768,3759,-3769,3761,-3768,3758,3766,3758,-3767,3756,-3763,-0.16,SJNFAAZE1U0005576,117.73,13.04,9168.41015625,79,75,0,0,0,0,15.5,99.17,-173140,61,1528045877.864,18120,2,0,0,0,0,0,0,0,4,361.38,361.38,1F,1,1,1,0080,67,40,40,0,0,19,85.25
03/06/2018 18:11:21,55 59.40535,-2 30.55496,239,0,328,649271,1144818,363.26,10.177,3791,3775,3784,16,0,96.2,35.7,88.4,31.3,none,none,82.4,28.0,3782,-3790,3779,-3788,3782,3786,3784,-3786,3781,3787,3780,-3788,3782,-3790,3782,-3789,3781,-3788,3781,-3787,3782,-3787,3782,-3788,3782,-3790,3781,3789,3781,-3786,3782,-3788,3784,-3787,3783,-3787,3783,3787,3781,-3787,3783,-3787,3785,-3788,3782,-3786,3782,-3784,3779,-3786,3780,-3788,3780,-3786,3782,3786,3780,-3786,3781,-3787,3777,-3789,3778,-3790,3778,3791,3779,-3789,3781,-3789,3779,-3789,3778,-3789,3775,-3790,3776,3790,3777,-3790,3777,-3791,3776,-3789,3777,-3788,3777,-3788,3780,-3788,3778,-3786,3780,-3787,3779,3783,-0.15,SJNFAAZE1U0005576,117.73,13.04,9168.41015625,79,75,0,0,0,0,15.5,99.17,-173140,61,1528045881.384,4920,2,0,0,0,0,0,0,0,4,362.95,362.95,1F,1,1,1,0080,67,40,40,0,0,19,0.00
03/06/2018 18:11:24,55 59.40535,-2 30.55496,239,0,328,649275,1144818,363.55,3.798,3794,3779,3787,15,0,96.0,35.6,88.4,31.3,none,none,82.4,28.0,3787,-3794,3783,3791,3786,3790,3787,-3788,3785,-3791,3784,-3791,3785,3792,3784,-3792,3784,-3791,3785,-3790,3785,-3791,3784,-3791,3786,-3793,3784,-3792,3784,-3791,3786,3792,3787,-3791,3786,-3792,3786,-3792,3785,-3791,3786,3789,3788,-3792,3786,-3791,3785,-3788,3783,-3790,3783,-3791,3784,3790,3785,-3790,3785,-3791,3786,-3790,3781,-3792,3782,-3793,3782,-3794,3782,-3792,3784,-3792,3782,3791,3781,-3792,3780,-3792,3779,-3794,3780,-3794,3780,3794,3779,-3792,3782,-3791,3782,-3791,3783,-3792,3782,-3790,3782,-3791,3780,-3786,-0.17,SJNFAAZE1U0005576,117.73,13.04,9168.41015625,79,75,0,0,0,0,15.5,99.17,-173141,61,1528045884.806,1040,2,0,0,0,0,0,0,0,4,363.51,363.51,1F,1,1,1,0080,67,40,40,0,0,19,0.00
03/06/2018 18:11:28,55 59.40535,-2 30.55496,239,0,328,649281,1144818,363.74,1.479,3795,3781,3789,14,0,96.2,35.7,88.2,31.2,none,none,82.4,28.0,-3793,3789,-3792,3786,-3793,3788,-3792,3788,-3792,3788,-3792,3789,-3793,3789,-3793,3788,-3792,3788,-3793,3787,-3793,3787,-3793,3789,-3793,3788,-3794,3788,-3792,3788,-3792,3790,-3792,3789,-3792,3790,-3792,3788,-3791,3787,-3794,3788,-3794,3790,-3792,3788,-3792,3787,-3789,3785,-3793,3787,-3793,3787,-3793,3786,-3792,3784,-3795,3785,-3792,3784,-3794,3784,-3795,3786,-3794,3784,-3794,3785,-3794,3785,-3794,3782,-3794,3782,-3794,3781,-3795,3783,-3794,3782,-3793,3783,-3792,3785,-3793,3785,-3793,3787,-3791,3784,-3792,3785,-3792,3784,-0.21,SJNFAAZE1U0005576,117.73,13.04,9168.41015625,79,75,0,0,0,0,15.5,99.17,-173141,61,1528045888.235,0,2,1,0,4,0,0,0,0,4,363.83,363.83,1F,1,1,1,0080,68,40,40,0,0,19,0.00
03/06/2018 18:11:31,55 59.40535,-2 30.55496,239,0,328,649081,1144818,362.59,29.342,3783,3769,3777,14,0,96.0,35.6,88.2,31.2,none,none,82.4,28.0,-3780,3776,-3780,3774,-3782,3777,-3780,3775,-3781,3777,-3780,3776,-3781,3777,-3782,3776,-3782,3776,-3781,3775,-3782,3776,-3782,3777,-3782,3776,-3783,3776,-3781,3777,-3782,3779,-3782,3777,-3781,3778,-3780,3777,-3779,3776,-3782,3776,-3782,3777,-3779,3776,-3781,3775,-3776,3771,-3779,3773,-3779,3775,-3779,3773,-3780,3773,-3782,3772,-3780,3771,-3781,3771,-3782,3774,-3782,3774,-3781,3774,-3781,3773,-3782,3769,-3781,3770,-3781,3771,-3782,3771,-3782,3770,-3781,3772,-3780,3772,-3780,3773,-3780,3774,-3778,3772,-3780,3772,-3779,3771,-0.15,SJNFAAZE1U0005576,117.73,13.04,9170.01953125,79,75,0,0,0,0,15.5,99.17,-173141,61,1528045891.665,9280,2,0,0,0,0,0,0,0,4,362.54,362.54,1F,1,1,1,0080,68,40,40,0,0,19,26.50
03/06/2018 18:11:35,55 59.40535,-2 30.55496,239,0,328,648945,1144818,363.07,14.510,3789,3774,3782,15,0,96.0,35.6,88.4,31.3,none,none,82.4,28.0,-3785,3782,-3785,3780,-3787,3782,-3786,3780,-3786,3781,-3786,3782,-3786,3781,-3788,3782,-3787,3780,-3787,3780,-3787,3781,-3787,3782,-3788,3781,-3788,3780,-3787,3782,-3787,3783,-3786,3781,-3785,3784,-3786,3781,-3785,3780,-3787,3782,-3788,3783,-3785,3781,-3785,3779,-3781,3777,-3785,3778,-3786,3778,-3785,3778,-3787,3778,-3787,3777,-3786,3776,-3787,3776,-3788,3779,-3789,3777,-3787,3777,-3787,3778,-3788,3774,-3788,3774,-3789,3774,-3789,3774,-3787,3774,-3788,3776,-3786,3777,-3786,3777,-3786,3779,-3784,3776,-3785,3777,-3785,3775,-0.16,SJNFAAZE1U0005576,117.73,13.04,9170.01953125,79,75,0,0,0,0,15.5,99.17,-173141,61,1528045895.313,5560,2,0,0,0,0,0,0,0,4,363.09,363.09,1F,1,1,1,0080,68,40,40,0,0,19,12.00
03/06/2018 18:11:39,55 59.40535,-2 30.55496,239,0,328,648876,1144818,364.03,2.456,3800,3784,3792,16,0,96.0,35.6,88.2,31.2,none,none,82.4,28.0,-3796,3792,-3796,3789,-3798,3791,-3797,3791,-3795,3790,-3795,3791,-3796,3790,-3797,3789,-3796,3789,-3795,3789,-3796,3789,-3797,3792,-3797,3790,-3797,3789,-3796,3790,-3796,3791,-3795,3791,-3794,3792,-3794,3790,-3795,3789,-3796,3790,-3798,3792,-3794,3790,-3797,3789,-3795,3789,-3797,3789,-3798,3790,-3798,3789,-3796,3789,-3799,3787,-3798,3787,-3797,3787,-3799,3788,-3798,3788,-3799,3788,-3798,3788,-3796,3784,-3798,3784,-3800,3784,-3800,3786,-3798,3785,-3798,3787,-3796,3786,-3796,3787,-3798,3789,-3795,3787,-3797,3787,-3796,3786,-0.18,SJNFAAZE1U0005576,117.73,13.04,9170.01953125,79,75,0,0,0,0,16.0,99.17,-173141,61,1528045899.056,2040,2,0,0,0,0,0,0,0,4,363.57,363.57,1F,1,1,1,0080,68,40,40,0,0,19,-24.00
03/06/2018 18:11:42,55 59.40535,-2 30.55496,239,0,328,649067,1144818,364.99,-22.719,3808,3794,3802,14,0,96.0,35.6,88.4,31.3,none,none,82.4,28.0,-3807,3803,-3805,3799,-3806,3800,-3805,3800,-3805,3800,-3804,3800,-3806,3799,-3805,3799,-3805,3799,-3803,3798,-3805,3799,-3805,3801,-3807,3798,-3805,3798,-3804,3799,-3804,3801,-3804,3799,-3804,3801,-3803,3799,-3805,3799,-3806,3800,-3807,3802,-3805,3801,-3806,3798,-3804,3799,-3807,3799,-3806,3800,-3807,3798,-3807,3798,-3808,3798,-3806,3797,-3807,3796,-3807,3798,-3807,3797,-3807,3798,-3807,3798,-3805,3794,-3808,3795,-3807,3795,-3808,3797,-3807,3796,-3807,3797,-3806,3797,-3805,3797,-3807,3800,-3804,3797,-3807,3799,-3805,3796,-0.17,SJNFAAZE1U0005576,117.73,13.04,9170.01953125,79,75,0,0,0,0,16.0,99.17,-173149,61,1528045902.762,0,2,0,0,0,0,0,0,0,4,364.83,364.83,1F,1,1,1,0080,68,40,40,0,0,19,-53.75
03/06/2018 18:11:46,55 59.40535,-2 30.55496,239,0,328,649306,1144818,365.09,-20.857,3810,3794,3803,16,0,96.0,35.6,88.2,31.2,none,none,82.4,28.0,3803,-3809,3799,-3807,3802,3806,3802,-3804,3801,-3807,3800,3806,3799,-3808,3799,-3807,3798,-3806,3799,-3806,3800,3805,3799,-3806,3799,-3808,3798,-3807,3798,-3805,3801,-3805,3802,-3804,3800,-3806,3801,-3805,3800,3805,3802,-3805,3803,-3808,3801,-3806,3802,-3804,3800,3806,3800,-3809,3801,-3807,3802,-3806,3801,-3806,3802,-3806,3799,-3809,3797,-3810,3797,-3810,3798,3808,3799,-3808,3798,-3807,3797,-3809,3795,-3808,3796,-3810,3797,3810,3795,-3810,3794,-3808,3798,-3808,3797,-3806,3801,3808,3799,-3806,3799,-3808,3797,-3804,-0.19,SJNFAAZE1U0005576,117.73,13.04,9170.01953125,79,75,0,0,0,0,15.5,99.17,-173159,61,1528045906.343,0,2,0,0,0,0,0,0,0,4,365.06,365.06,1F,1,1,1,0080,68,40,40,0,0,19,-61.00
03/06/2018 18:11:50,55 59.40535,-2 30.55496,239,0,328,649444,1144818,364.70,-7.827,3806,3791,3799,15,0,96.0,35.6,88.2,31.2,none,none,82.4,28.0,3799,-3806,3796,-3803,3797,3801,3800,-3800,3797,-3803,3797,-3802,3797,-3803,3796,3803,3796,-3801,3795,-3801,3796,-3801,3796,-3802,3797,3804,3795,-3802,3796,-3801,3798,-3803,3797,-3801,3798,-3802,3796,-3801,3795,-3802,3798,-3801,3800,3802,3798,-3802,3797,-3799,3796,-3801,3796,-3804,3796,3802,3798,-3801,3796,-3801,3797,-3801,3793,-3803,3793,-3804,3794,3806,3794,-3805,3795,-3804,3794,-3802,3793,-3804,3792,-3805,3791,-3804,3792,-3805,3792,-3805,3791,3804,3793,-3803,3793,-3804,3796,-3803,3794,-3802,3794,3804,3794,-3800,-0.20,SJNFAAZE1U0005576,117.73,13.04,9170.01953125,79,75,0,0,0,0,16.0,99.17,-173164,61,1528045910.046,0,2,2,0,0,0,0,0,0,4,364.79,364.79,1F,1,1,1,0080,68,40,40,0,0,19,-56.00
03/06/2018 18:11:53,55 59.40535,-2 30.55496,239,0,329,649460,1144818,364.42,1.418,3803,3789,3796,14,0,96.0,35.6,88.4,31.3,none,none,82.4,28.0,3797,3803,3793,-3799,3795,3799,3797,-3798,3794,-3799,3794,-3799,3795,-3800,3793,-3800,3793,-3798,3794,3799,3794,-3799,3794,-3800,3795,-3800,3793,-3800,3793,3798,3795,-3799,3794,-3798,3795,-3799,3794,-3799,3794,-3798,3795,3798,3797,-3801,3794,-3798,3795,-3796,3793,-3798,3793,-3800,3793,-3799,3796,-3799,3793,-3799,3796,3798,3792,-3800,3792,-3801,3791,-3803,3792,-3800,3793,3800,3793,-3800,3791,-3800,3789,-3801,3789,-3801,3790,-3802,3791,-3802,3789,-3800,3792,-3798,3791,3799,3794,-3800,3791,-3798,3792,-3799,3791,-3795,-0.22,SJNFAAZE1U0005576,117.73,13.04,9170.01953125,79,75,0,0,0,0,15.5,99.17,-173165,61,1528045913.693,0,2,0,0,5,0,0,0,0,4,364.44,364.44,1F,1,1,1,0080,68,40,40,0,0,19,0.00
03/06/2018 18:11:57,55 59.40535,-2 30.55496,239,0,329,649459,1144818,364.42,1.327,3803,3789,3796,14,0,96.0,35.6,88.4,31.3,none,none,82.4,28.0,3796,-3803,3793,-3799,3795,3799,3796,-3797,3794,-3799,3794,-3800,3794,-3800,3793,-3800,3792,-3799,3793,-3798,3795,-3798,3794,3800,3794,-3801,3793,-3800,3793,-3798,3796,-3799,3796,-3798,3795,3799,3794,-3798,3793,-3798,3795,-3798,3797,-3801,3794,3800,3796,-3796,3793,-3798,3793,-3800,3794,-3799,3795,-3798,3794,-3799,3794,-3798,3792,-3800,3792,3801,3792,-3801,3792,-3800,3793,-3800,3792,-3799,3792,3801,3790,-3800,3790,-3802,3791,-3801,3791,-3802,3789,-3800,3791,-3799,3792,-3798,3794,-3801,3792,3798,3793,-3799,3791,-3796,-0.20,SJNFAAZE1U0005576,117.73,13.04,9170.01953125,79,75,0,0,0,0,15.5,99.17,-173165,61,1528045917.203,0,2,0,0,0,0,0,0,0,4,364.45,364.45,1F,1,1,1,0080,68,40,40,0,0,19,0.00
03/06/2018 18:12:00,55 59.40535,-2 30.55496,239,0,329,649459,1144818,364.42,1.357,3804,3787,3796,17,0,96.0,35.6,88.2,31.2,none,none,82.4,28.0,-3801,3797,-3799,3794,-3801,3796,-3799,3794,-3800,3794,-3799,3795,3801,-3794,3801,-3795,3799,-3793,3800,-3793,3800,3793,3800,-3795,3801,-3793,3801,-3793,3800,-3795,3799,-3795,3799,-3795,3799,-3797,3799,-3794,3799,3794,3800,-3794,3801,-3796,3800,-3795,3800,-3794,3798,3791,3800,-3793,3801,-3795,3801,-3793,3800,-3791,3803,-3791,3801,-3790,3802,-3790,-3802,-3792,3802,3790,-3802,3791,-3801,3792,-3801,3787,-3803,3788,-3802,3788,-3804,3789,-3803,3788,-3802,3789,-3800,3790,-3801,3790,-3801,3794,-3799,3790,-3801,3790,-3801,3790,-0.22,SJNFAAZE1U0005576,117.73,13.04,9170.01953125,79,75,0,0,0,0,15.5,99.17,-173165,61,1528045920.733,0,2,0,0,0,0,0,0,0,4,364.46,364.46,1F,1,1,1,0080,68,40,40,0,0,19,0.00
03/06/2018 18:12:04,55 59.40535,-2 30.55496,239,0,329,649459,1144818,364.42,1.357,3804,3789,3796,15,0,96.0,35.6,88.4,31.3,none,none,82.4,28.0,-3800,3797,-3799,3793,-3801,3795,-3799,3794,-3799,3795,-3799,3796,-3800,3796,-3800,3794,-3800,3794,-3799,3793,-3799,3793,-3800,3796,-3801,3794,-3801,3793,-3799,3796,-3799,3796,-3799,3794,-3798,3797,-3799,3795,-3798,3794,-3799,3794,-3801,3797,-3800,3795,-3800,3794,-3797,3793,-3800,3794,-3800,3794,-3800,3794,-3800,3793,-3801,3792,-3800,3791,-3802,3792,-3801,3794,-3802,3792,-3801,3791,-3800,3791,-3800,3790,-3801,3789,-3802,3789,-3804,3791,-3801,3789,-3801,3791,-3800,3791,-3800,3791,-3800,3794,-3798,3791,-3800,3793,-3799,3792,-0.22,SJNFAAZE1U0005576,117.73,13.04,9170.01953125,79,75,0,0,0,0,15.5,99.17,-173165,61,1528045924.287,0,2,0,0,0,0,0,0,0,4,364.47,364.47,1F,1,1,1,0080,68,40,40,0,0,19,0.00
03/06/2018 18:12:08,55 59.40535,-2 30.55496,239,0,329,649458,1144818,364.51,1.144,3803,3789,3797,14,0,96.0,35.6,88.2,31.2,none,none,82.4,28.0,-3802,3798,-3799,3794,-3801,3796,-3799,3795,-3799,3795,-3800,3796,-3800,3796,-3801,3795,-3799,3794,-3798,3794,-3800,3794,-3801,3796,-3801,3795,-3800,3794,-3799,3795,-3800,3797,-3800,3795,-3799,3796,-3799,3795,-3798,3794,-3801,3795,-3802,3798,-3799,3795,-3800,3794,-3798,3793,-3801,3794,-3801,3794,-3801,3794,-3800,3793,-3802,3792,-3800,3792,-3802,3792,-3801,3793,-3801,3793,-3801,3792,-3801,3793,-3801,3789,-3802,3790,-3802,3790,-3803,3791,-3802,3791,-3801,3792,-3800,3792,-3800,3792,-3800,3794,-3799,3792,-3800,3792,-3799,3792,-0.19,SJNFAAZE1U0005576,117.73,13.04,9170.01953125,79,75,0,0,0,0,15.5,99.17,-173165,61,1528045928.069,0,2,0,0,0,0,0,0,0,4,364.50,364.50,1F,1,1,1,0080,68,40,40,0,0,19,0.00
03/06/2018 18:12:11,55 59.40535,-2 30.55496,239,0,329,649457,1144818,364.51,1.113,3806,3788,3797,18,0,96.0,35.6,88.4,31.3,none,none,82.4,28.0,-3802,3796,-3801,3795,-3802,3796,-3801,3795,-3801,3795,-3799,3796,-3801,3795,-3801,3794,-3800,3795,-3800,3793,-3800,3793,-3801,3796,-3800,3794,-3802,3793,-3800,3795,-3799,3796,-3800,3794,-3799,3797,-3800,3794,-3800,3794,-3801,3795,-3802,3797,-3800,3795,-3801,3793,-3798,3792,-3802,3793,-3801,3795,-3802,3793,-3800,3793,-3803,3792,-3802,3790,-3803,3792,-3803,3793,-3803,3793,-3804,3791,-3802,3793,-3801,3789,-3803,3789,-3803,3788,-3806,3789,-3804,3790,-3801,3791,-3801,3790,-3802,3791,-3802,3794,-3799,3790,-3802,3792,-3800,3791,-0.19,SJNFAAZE1U0005576,117.73,13.04,9170.01953125,79,75,0,0,0,0,15.5,99.17,-173165,61,1528045931.784,0,2,0,0,0,0,0,0,0,4,364.53,364.53,1F,1,1,1,0080,68,40,40,0,0,19,0.00
03/06/2018 18:12:15,55 59.40535,-2 30.55496,239,0,329,649456,1144818,364.51,1.754,3803,3789,3797,14,0,96.0,35.6,88.2,31.2,none,none,82.4,28.0,-3801,3797,-3799,3794,-3801,3795,-3800,3794,-3799,3795,-3800,3796,-3800,3795,-3800,3794,-3800,3794,-3799,3793,-3800,3794,-3800,3795,-3801,3795,-3801,3794,-3798,3795,-3801,3796,-3800,3795,-3799,3797,-3799,3795,-3800,3795,-3800,3795,-3802,3797,-3800,3796,-3800,3794,-3798,3792,-3801,3795,-3800,3795,-3801,3794,-3800,3793,-3803,3792,-3800,3792,-3802,3792,-3801,3793,-3800,3793,-3801,3792,-3801,3793,-3800,3789,-3802,3789,-3802,3791,-3802,3791,-3802,3791,-3802,3791,-3801,3791,-3800,3792,-3800,3796,-3800,3792,-3801,3792,-3799,3792,-0.20,SJNFAAZE1U0005576,117.73,13.04,9170.01953125,79,75,0,0,0,0,16.0,99.17,-173165,61,1528045935.565,0,2,1,0,4,0,0,0,0,4,364.51,364.51,1F,1,1,1,0080,68,40,40,0,0,19,0.00
03/06/2018 18:12:19,55 59.40535,-2 30.55496,239,0,329,649455,1144818,364.51,1.144,3804,3790,3797,14,0,96.0,35.6,88.4,31.3,none,none,82.4,28.0,3797,-3804,3794,3801,3797,3799,3797,-3798,3795,-3800,3795,-3801,3795,3801,3795,-3801,3794,-3800,3794,-3800,3795,-3801,3795,-3801,3795,-3803,3794,-3801,3794,-3800,3796,3801,3797,-3800,3796,-3800,3796,-3800,3795,-3799,3796,3800,3799,-3801,3796,-3801,3797,-3798,3795,-3799,3795,-3801,3795,-3800,3797,-3800,3794,-3801,3797,3801,3793,-3802,3793,-3802,3794,-3803,3793,-3801,3793,-3801,3793,3801,3793,-3801,3790,-3802,3791,-3802,3791,-3802,3791,3802,3790,-3802,3793,-3801,3792,-3801,3795,-3802,3793,-3799,3794,-3800,3793,-3798,-0.20,SJNFAAZE1U0005576,117.73,13.04,9170.01953125,79,75,0,0,0,0,16.0,99.17,-173165,61,1528045939.262,0,2,0,0,0,0,0,0,0,4,364.56,364.56,1F,1,1,1,0080,68,40,40,0,0,19,0.00
03/06/2018 18:12:22,55 59.40535,-2 30.55496,239,0,329,649454,1144818,364.51,1.113,3804,3790,3797,14,0,96.0,35.6,88.4,31.3,none,none,82.4,28.0,3798,-3804,3794,-3802,3796,3800,3797,3799,3796,-3800,3795,-3800,3796,-3802,3794,-3801,3794,3800,3796,-3799,3795,-3800,3795,-3801,3796,-3802,3794,-3802,3794,-3800,3798,-3800,3796,-3800,3796,3801,3796,-3800,3795,-3800,3797,-3800,3798,-3802,3795,3800,3797,-3797,3795,-3801,3795,-3803,3795,-3801,3797,-3799,3795,3799,3797,-3800,3793,-3801,3793,-3802,3794,-3804,3794,-3801,3794,-3801,3792,-3801,3792,-3801,3790,3802,3790,-3802,3791,-3804,3791,-3803,3791,-3801,3793,3801,3793,-3800,3795,-3801,3793,-3800,3794,-3801,3793,-3798,-0.20,SJNFAAZE1U0005576,117.73,13.04,9170.01953125,79,75,0,0,0,0,16.0,99.17,-173165,61,1528045942.719,0,2,0,0,0,0,0,0,0,4,364.57,364.57,1F,1,1,1,0080,68,40,40,0,0,19,0.00
03/06/2018 18:12:26,55 59.40535,-2 30.55496,239,0,329,649454,1144818,364.61,1.144,3805,3791,3798,14,0,96.0,35.6,88.2,31.2,none,none,82.4,28.0,3798,-3805,3794,-3802,3797,3801,3799,-3799,3796,-3800,3796,3801,3796,-3801,3795,-3801,3795,-3801,3796,-3800,3796,3800,3796,-3801,3795,-3802,3795,-3801,3795,-3800,3797,-3801,3796,3800,3797,-3801,3797,-3799,3795,-3800,3796,-3800,3798,-3803,3796,-3801,3797,-3798,3794,-3800,3796,3802,3795,-3801,3797,-3800,3795,-3800,3797,-3800,3794,3802,3792,-3803,3794,-3803,3794,-3802,3795,-3802,3794,-3800,3793,-3802,3791,-3803,3792,-3802,3792,3804,3792,-3805,3792,-3802,3793,-3801,3792,-3800,3796,3802,3793,-3800,3794,-3801,3792,-3797,-0.22,SJNFAAZE1U0005576,117.73,13.04,9170.01953125,79,75,0,0,0,0,16.0,99.17,-173165,61,1528045946.139,0,2,0,0,0,0,0,0,0,4,364.58,364.58,1F,1,1,1,0080,68,40,40,0,0,19,0.00
03/06/2018 18:12:29,55 59.40535,-2 30.55496,239,0,329,649453,1144818,364.61,1.235,3805,3790,3798,15,0,96.2,35.7,88.4,31.3,none,none,82.6,28.1,3798,-3805,3795,-3801,3797,3801,3798,-3800,3796,-3801,3795,-3802,3796,-3803,3796,3801,3795,-3801,3795,-3801,3796,-3801,3796,-3802,3796,-3803,3795,3802,3794,-3800,3797,-3801,3796,-3800,3797,-3801,3797,3799,3796,-3802,3796,-3799,3799,-3802,3797,-3801,3797,-3798,3795,-3800,3795,-3803,3796,-3800,3798,3800,3795,-3800,3797,-3800,3793,-3801,3795,-3802,3794,3804,3794,-3802,3795,-3802,3795,-3801,3794,-3801,3790,-3802,3791,-3803,3792,-3803,3791,-3803,3790,3802,3793,-3801,3793,-3801,3797,-3802,3793,-3800,3794,3801,3793,-3798,-0.21,SJNFAAZE1U0005576,117.73,13.04,9170.01953125,79,75,0,0,0,0,16.0,99.17,-173165,61,1528045949.867,0,2,0,0,0,0,0,0,0,4,364.61,364.61,1F,1,1,1,0080,68,40,40,0,0,19,0.00
03/06/2018 18:12:33,55 59.40535,-2 30.55496,239,0,329,649452,1144818,364.61,1.113,3806,3789,3798,17,0,96.0,35.6,88.4,31.3,none,none,82.4,28.0,3798,3806,3795,-3802,3797,3802,3799,-3799,3796,-3802,3795,-3802,3797,3803,3795,-3802,3794,-3800,3795,-3801,3796,-3801,3795,-3802,3796,-3803,3795,-3803,3794,-3801,3797,3802,3798,-3801,3797,-3802,3796,-3801,3795,-3801,3797,3802,3798,-3802,3796,-3802,3797,-3798,3794,-3802,3795,-3803,3795,-3802,3796,-3801,3795,-3802,3796,3801,3792,-3804,3793,-3803,3793,-3805,3793,-3803,3795,3803,3793,-3802,3793,-3804,3789,-3804,3790,-3804,3791,-3805,3790,-3804,3790,-3803,3794,-3803,3792,3801,3795,-3804,3793,-3802,3794,-3802,3793,-3798,-0.21,SJNFAAZE1U0005576,117.73,13.04,9170.01953125,79,75,0,0,0,0,16.0,99.17,-173165,61,1528045953.318,0,2,0,0,0,0,0,0,0,4,364.64,364.64,1F,1,1,1,0080,68,40,40,0,0,19,0.00
03/06/2018 18:12:37,55 59.40535,-2 30.55496,239,0,329,649451,1144818,364.61,1.601,3806,3789,3798,17,0,96.0,35.6,88.2,31.2,none,none,82.4,28.0,-3802,3798,-3801,3795,-3802,3797,-3801,3796,-3801,3796,-3801,3796,-3801,3796,-3802,3795,-3801,3795,-3801,3795,-3801,3795,-3801,3797,-3802,3794,-3802,3794,-3801,3796,-3800,3797,-3801,3796,-3800,3797,-3801,3796,-3800,3795,-3802,3795,-3803,3798,-3800,3796,-3802,3795,-3801,3793,-3803,3795,-3802,3796,-3803,3794,-3801,3793,-3804,3793,-3803,3792,-3805,3792,-3805,3793,-3804,3792,-3804,3792,-3803,3793,-3803,3789,-3804,3789,-3803,3790,-3806,3791,-3804,3791,-3804,3792,-3802,3792,-3803,3792,-3803,3796,-3800,3792,-3803,3793,-3801,3792,-0.22,SJNFAAZE1U0005576,117.73,13.04,9170.01953125,79,75,0,0,0,0,16.0,99.17,-173165,61,1528045957.117,0,2,1,0,6,0,0,0,0,4,364.62,364.62,1F,1,1,1,0080,68,40,40,0,0,19,0.00
03/06/2018 18:12:40,55 59.40535,-2 30.55496,239,0,328,649380,1144818,362.02,56.991,3780,3763,3771,17,0,96.0,35.6,88.2,31.2,none,none,82.4,28.0,-3774,3772,-3774,3769,-3775,3770,-3774,3770,-3774,3771,-3774,3772,-3776,3772,-3776,3770,-3775,3771,-3775,3769,-3775,3770,-3776,3772,-3778,3771,-3777,3770,-3775,3771,-3776,3773,-3776,3770,-3775,3772,-3775,3771,-3774,3770,-3775,3771,-3776,3772,-3773,3770,-3773,3768,-3769,3764,-3771,3766,-3770,3766,-3773,3766,-3772,3766,-3775,3765,-3774,3766,-3775,3764,-3775,3767,-3774,3767,-3775,3767,-3773,3767,-3780,3763,-3774,3764,-3776,3766,-3776,3765,-3774,3763,-3773,3765,-3773,3767,-3774,3766,-3772,3767,-3770,3764,-3773,3764,-3771,3764,-0.21,SJNFAAZE1U0005576,117.73,13.04,9170.01953125,79,75,0,0,0,0,16.0,99.17,-173165,61,1528045960.878,10440,2,0,0,0,0,0,0,0,4,362.78,362.78,1F,1,1,1,0080,68,40,40,0,0,19,180.25
03/06/2018 18:12:44,55 59.40535,-2 30.55496,239,0,328,648872,1144818,361.92,65.780,3777,3760,3770,17,0,96.0,35.6,88.2,31.2,none,none,82.4,28.0,-3772,3769,-3773,3767,-3774,3770,-3774,3769,-3773,3769,-3774,3770,-3775,3770,-3775,3770,-3775,3769,-3775,3768,-3775,3768,-3776,3770,-3776,3768,-3776,3769,-3775,3770,-3776,3772,-3774,3770,-3774,3772,-3774,3768,-3773,3769,-3774,3769,-3775,3770,-3772,3768,-3773,3768,-3768,3763,-3772,3765,-3772,3765,-3773,3765,-3775,3764,-3775,3764,-3772,3763,-3774,3763,-3776,3765,-3775,3767,-3775,3764,-3774,3765,-3776,3761,-3775,3760,-3777,3761,-3776,3762,-3776,3763,-3775,3762,-3774,3763,-3774,3765,-3772,3765,-3771,3763,-3773,3763,-3772,3764,-0.24,SJNFAAZE1U0005576,117.73,13.04,9170.01953125,79,75,0,0,0,0,16.0,99.17,-173165,61,1528045964.616,18320,2,0,0,0,0,0,0,0,4,361.46,361.46,1F,1,1,1,0080,68,40,40,0,0,19,68.00
03/06/2018 18:12:48,55 59.40535,-2 30.55496,239,0,328,648607,1144818,363.46,12.160,3794,3777,3786,17,0,96.0,35.6,88.4,31.3,none,none,82.4,28.0,-3791,3786,-3790,3783,-3790,3784,-3790,3784,-3789,3784,-3789,3785,-3790,3784,-3791,3783,-3790,3784,-3790,3783,-3790,3784,-3790,3785,-3792,3784,-3791,3784,-3790,3785,-3791,3786,-3790,3784,-3790,3786,-3790,3783,-3789,3784,-3790,3785,-3792,3786,-3789,3783,-3790,3783,-3788,3781,-3791,3783,-3790,3782,-3791,3782,-3790,3781,-3792,3781,-3790,3780,-3792,3779,-3793,3782,-3792,3781,-3792,3781,-3791,3781,-3791,3777,-3792,3778,-3793,3779,-3794,3779,-3793,3779,-3792,3780,-3792,3781,-3791,3782,-3791,3783,-3788,3780,-3791,3781,-3790,3780,-0.21,SJNFAAZE1U0005576,117.73,13.04,9170.01953125,79,75,0,0,0,0,16.0,99.17,-173165,61,1528045968.262,3840,2,0,0,0,0,0,0,0,4,363.13,363.13,1F,1,1,1,0080,68,40,40,0,0,19,-23.25
03/06/2018 18:12:51,55 59.40535,-2 30.55496,239,0,328,648553,1144818,364.51,21.987,3805,3790,3797,15,0,96.0,35.6,88.2,31.2,none,none,82.4,28.0,3798,-3805,3794,-3801,3796,3801,3798,-3799,3796,-3801,3795,-3801,3795,-3802,3793,-3801,3793,-3801,3794,-3800,3794,-3800,3794,3801,3794,-3803,3793,-3801,3793,-3799,3796,-3801,3797,3800,3796,-3801,3795,-3800,3794,-3799,3797,-3800,3799,-3802,3796,-3800,3796,-3798,3793,-3801,3796,3803,3796,-3801,3796,-3802,3794,-3802,3797,-3801,3793,3802,3792,-3803,-3793,3805,-3793,3802,-3794,3802,-3792,3801,-3791,3803,-3790,3804,-3791,3804,-3790,3804,-3791,3804,-3791,3802,-3791,3801,-3792,3801,3794,3803,-3793,3801,3794,-3802,3793,-3800,-0.26,SJNFAAZE1U0005576,117.73,13.04,9170.01953125,79,75,0,0,0,0,16.0,99.17,-173165,61,1528045971.959,7840,2,0,0,0,0,0,0,0,4,363.04,363.04,1F,1,1,1,0080,68,40,40,0,0,19,-14.75
03/06/2018 18:12:55,55 59.40535,-2 30.55496,239,0,328,648447,1144818,362.21,40.359,3780,3763,3773,17,0,96.0,35.6,88.2,31.2,none,none,82.4,28.0,3771,-3779,3769,-3777,3771,3776,3774,-3775,3771,3777,3771,-3778,3771,-3780,3771,-3779,3771,-3778,3772,-3777,3772,-3779,3772,-3778,3772,-3780,3771,3778,3771,-3778,3774,-3779,3773,-3777,3774,-3778,3772,3776,3771,-3777,3773,-3776,3774,-3777,3771,-3776,3771,-3773,3766,-3774,3768,-3777,3768,-3775,3769,-3775,3769,-3777,3770,-3775,3765,-3777,3766,-3777,3767,-3779,3767,3779,3770,-3777,3767,-3777,3769,-3778,3763,-3779,3764,3779,3764,-3780,3766,-3779,3763,-3776,3767,-3777,3766,-3777,3769,-3778,3767,-3775,3767,-3776,3765,3772,-0.26,SJNFAAZE1U0005576,117.73,13.04,9170.01953125,79,75,0,0,0,0,16.0,99.17,-173165,61,1528045975.384,12880,2,0,0,0,0,0,0,0,4,362.29,362.29,1F,1,1,1,0080,68,40,40,0,0,19,-34.25
03/06/2018 18:12:58,55 59.40535,-2 30.55496,239,0,328,648565,1144818,363.84,-13.503,3797,3783,3790,14,0,96.0,35.6,88.2,31.2,none,none,82.4,28.0,3790,-3797,3787,3795,3789,3793,3790,-3792,3789,-3794,3788,-3794,3788,3796,3788,-3796,3788,-3794,3787,-3794,3789,-3795,3789,-3795,3789,3795,3788,-3795,3788,-3795,3791,-3794,3790,-3794,3789,-3794,3789,-3793,3789,-3792,3790,-3792,3792,3795,3789,-3793,3790,-3792,3786,-3793,3787,-3794,3788,3793,3788,-3793,3788,-3793,3789,-3794,3786,-3794,3785,-3796,3785,-3797,3786,-3795,3787,-3794,3787,3794,3786,-3795,3783,-3794,3784,-3795,3784,-3796,3784,3796,3783,-3794,3786,-3794,3785,-3793,3788,-3796,3785,-3793,3787,-3794,3785,-3791,-0.26,SJNFAAZE1U0005576,117.73,13.04,9170.01953125,79,75,0,0,0,0,16.0,99.17,-173170,61,1528045978.674,0,2,1,0,0,0,0,0,0,4,364.42,364.42,1F,1,1,1,0080,68,40,40,0,0,19,8.75
03/06/2018 18:13:02,55 59.40535,-2 30.55496,239,0,328,648426,1144818,362.78,34.469,3787,3769,3779,18,0,96.0,35.6,88.2,31.2,none,none,82.2,27.9,3778,-3786,3776,-3783,3778,3783,3780,3782,3776,-3784,3777,-3784,3777,-3785,3778,-3785,3777,-3784,3777,3783,3778,-3783,3778,-3785,3779,-3785,3777,-3785,3777,3783,3780,-3784,3779,-3782,3780,-3784,3779,-3783,3778,-3783,3777,-3782,3780,-3785,3778,-3782,3778,3780,3774,-3781,3775,-3783,3775,-3781,3775,-3781,3776,3782,3777,-3782,3772,-3785,3773,-3785,3775,-3786,3774,-3785,3775,-3785,3773,-3785,3775,-3785,3771,3785,3771,-3787,3772,-3786,3771,-3786,3769,-3784,3774,3784,3772,-3783,3775,-3784,3773,-3781,3773,-3782,3772,-3779,-0.25,SJNFAAZE1U0005576,117.73,13.04,9170.01953125,79,75,0,0,0,0,16.0,99.17,-173170,61,1528045982.348,10760,2,1,0,5,0,0,0,0,4,362.58,362.58,1F,1,1,1,0080,69,40,40,0,0,19,0.00
03/06/2018 18:13:06,55 59.40535,-2 30.55496,239,0,328,648349,1144818,363.55,14.571,3794,3780,3787,14,0,96.0,35.6,88.4,31.3,none,none,82.4,28.0,3787,-3793,3783,-3790,3786,3789,3787,-3788,3785,-3789,3785,-3790,3786,-3792,3785,-3791,3785,-3790,3785,-3790,3786,-3791,3786,3791,3786,-3792,3785,-3791,3786,-3790,3787,-3790,3787,3790,3787,-3790,3786,-3790,3785,-3788,3787,-3790,3789,-3791,3785,-3789,3786,-3788,3783,-3789,3784,3790,3784,-3790,3786,-3789,3786,-3789,3786,-3788,3782,3790,3783,-3791,3782,-3793,3783,-3792,3784,-3791,3783,-3790,3782,-3791,3780,-3790,3781,-3794,3782,3793,3781,-3791,3781,-3791,3783,-3791,3781,-3791,3785,3793,3782,-3790,3783,-3790,3782,-3788,-0.24,SJNFAAZE1U0005576,117.73,13.04,9170.01953125,79,75,0,0,0,0,16.0,99.17,-173170,60,1528045986.259,40,2,0,0,0,0,0,0,0,4,363.40,363.40,1F,1,1,1,0080,69,40,40,0,0,19,6.25
03/06/2018 18:13:10,55 59.40535,-2 30.55496,239,0,328,648309,1144818,364.13,2.150,3800,3783,3793,17,0,96.0,35.6,88.2,31.2,none,none,82.4,28.0,-3797,3792,-3796,3790,-3798,3790,-3796,3790,-3796,3791,-3796,3791,-3796,3791,-3798,3790,-3797,3790,-3797,3789,-3796,3789,-3797,3792,-3798,3789,-3797,3788,-3796,3791,-3797,3792,-3795,3791,-3795,3793,-3796,3790,-3796,3789,-3797,3791,-3798,3792,-3796,3790,-3796,3790,-3794,3788,-3798,3790,-3798,3790,-3798,3789,-3797,3788,-3800,3787,-3797,3786,-3799,3786,-3800,3789,-3798,3788,-3800,3787,-3799,3789,-3797,3784,-3799,3783,-3800,3784,-3800,3786,-3799,3787,-3799,3788,-3798,3788,-3797,3788,-3798,3790,-3796,3787,-3798,3787,-3796,3787,-0.23,SJNFAAZE1U0005576,117.73,13.04,9170.01953125,79,75,0,0,0,0,16.0,99.17,-173170,60,1528045990.055,2160,2,0,0,0,0,0,0,0,4,363.83,363.83,1F,1,1,1,0080,69,40,40,0,0,19,-9.75
03/06/2018 18:13:13,55 59.40535,-2 30.55496,239,0,328,648355,1144818,364.13,-3.371,3800,3785,3793,15,0,96.0,35.6,88.2,31.2,none,none,82.4,28.0,-3797,3794,-3796,3791,-3797,3792,-3796,3792,-3796,3792,-3795,3792,-3796,3791,-3797,3792,-3796,3791,-3795,3790,-3796,3790,-3796,3792,-3797,3791,-3799,3790,-3795,3792,-3795,3793,-3795,3792,-3795,3794,-3795,3792,-3796,3790,-3796,3791,-3797,3793,-3795,3792,-3796,3791,-3794,3790,-3797,3791,-3796,3790,-3797,3790,-3796,3789,-3800,3789,-3796,3788,-3798,3789,-3798,3791,-3798,3790,-3798,3790,-3798,3790,-3796,3785,-3798,3786,-3798,3786,-3800,3787,-3798,3787,-3798,3788,-3797,3787,-3796,3789,-3798,3792,-3795,3789,-3797,3789,-3796,3789,-0.21,SJNFAAZE1U0005576,117.73,13.04,9170.01953125,79,75,0,0,0,0,16.0,99.17,-173172,60,1528045993.637,0,2,0,0,0,0,0,0,0,4,364.19,364.19,1F,1,1,1,0080,69,40,40,0,0,19,4.00
03/06/2018 18:13:17,55 59.40535,-2 30.55496,239,0,328,648349,1144818,363.84,7.735,3797,3782,3790,15,0,96.0,35.6,88.2,31.2,none,none,82.4,28.0,-3794,3790,-3793,3788,-3795,3789,-3793,3788,-3793,3788,-3792,3789,-3794,3789,-3794,3789,-3794,3788,-3793,3789,-3794,3788,-3793,3790,-3795,3788,-3794,3787,-3792,3788,-3794,3790,-3793,3789,-3793,3791,-3793,3788,-3793,3788,-3794,3789,-3795,3791,-3793,3789,-3793,3787,-3791,3786,-3795,3788,-3793,3787,-3793,3788,-3793,3786,-3797,3785,-3793,3785,-3794,3785,-3796,3788,-3795,3785,-3795,3786,-3794,3787,-3795,3782,-3794,3782,-3795,3784,-3794,3784,-3794,3784,-3795,3784,-3793,3784,-3792,3785,-3794,3789,-3791,3786,-3793,3786,-3793,3785,-0.27,SJNFAAZE1U0005576,117.73,13.04,9170.01953125,79,75,0,0,0,0,16.0,99.17,-173172,60,1528045997.313,1560,2,0,0,0,0,0,0,0,4,363.85,363.85,1F,1,1,1,0080,69,40,40,0,0,19,6.25
03/06/2018 18:13:20,55 59.40535,-2 30.55496,239,0,328,648333,1144818,364.03,2.120,3799,3784,3792,15,0,96.0,35.6,88.2,31.2,none,none,82.4,28.0,-3797,3792,-3794,3789,-3797,3791,-3795,3790,-3794,3790,-3794,3791,-3796,3790,-3796,3789,-3796,3790,-3795,3789,-3796,3790,-3796,3791,-3796,3790,-3796,3790,-3795,3791,-3795,3792,-3794,3791,-3795,3792,-3795,3791,-3795,3789,-3796,3791,-3796,3791,-3794,3790,-3795,3788,-3793,3788,-3796,3789,-3796,3789,-3796,3789,-3795,3789,-3798,3787,-3796,3786,-3796,3787,-3797,3789,-3796,3788,-3797,3788,-3797,3789,-3795,3784,-3796,3786,-3797,3785,-3799,3787,-3797,3786,-3796,3787,-3795,3786,-3795,3788,-3795,3789,-3794,3787,-3796,3788,-3794,3787,-0.23,SJNFAAZE1U0005576,117.73,13.04,9170.01953125,79,75,0,0,0,0,16.0,99.17,-173172,60,1528046000.891,0,2,0,0,0,0,0,0,0,4,364.04,364.04,1F,1,1,1,0080,68,40,40,0,0,19,0.00
03/06/2018 18:13:24,55 59.40535,-2 30.55496,239,0,328,648332,1144818,364.03,2.089,3800,3783,3792,17,0,96.2,35.7,88.4,31.3,none,none,82.4,28.0,-3792,3800,-3788,3796,-3791,3795,-3791,3793,-3789,3795,-3789,3796,-3790,3797,-3789,3795,-3789,3795,-3788,3795,-3790,3795,-3790,3795,-3790,3798,-3788,3797,-3789,3794,-3791,3795,-3791,3795,-3791,3796,-3791,3795,-3790,3795,3791,3795,-3792,3796,3790,-3795,3790,-3793,3787,-3794,3789,-3797,3788,3795,3790,-3795,-3790,3795,-3791,3794,-3786,3797,-3786,3797,-3787,3799,-3787,3798,-3788,3796,-3788,3796,-3786,3798,-3783,3798,-3783,3798,-3785,3798,-3785,3798,-3784,3796,-3786,3796,-3786,3796,-3789,3797,-3787,3795,-3787,3796,-3787,3792,-0.24,SJNFAAZE1U0005576,117.73,13.04,9170.01953125,79,75,0,0,0,0,16.0,99.17,-173172,60,1528046004.381,680,2,0,0,0,0,0,0,0,4,364.08,364.08,1F,1,1,1,0080,68,40,40,0,0,19,4.75
03/06/2018 18:13:27,55 59.40535,-2 30.55496,239,0,328,648326,1144818,364.03,3.585,3799,3784,3792,15,0,95.8,35.4,88.2,31.2,none,none,82.4,28.0,3793,3799,3789,-3797,3792,3795,3793,-3793,3791,-3796,3791,-3796,3791,-3796,3790,-3797,3790,-3795,3789,3794,3791,-3795,3791,-3796,3790,-3797,3790,-3796,3790,3794,3791,-3796,3791,-3795,3792,-3796,3791,-3795,3789,-3794,3791,3795,3794,-3796,3791,-3794,3791,-3792,3789,-3795,3790,-3797,3790,-3795,3792,-3795,3790,-3795,3791,3794,3788,-3797,3788,-3797,3788,-3799,3789,-3797,3789,3796,3789,-3796,3787,-3796,3784,-3797,3786,-3797,3787,-3798,3786,-3798,3785,-3796,3788,-3795,3787,3797,3791,-3797,3788,-3794,3789,-3797,3787,-3791,-0.21,SJNFAAZE1U0005576,117.73,13.04,9170.01953125,79,75,0,0,0,0,16.0,99.17,-173172,60,1528046007.939,1200,2,0,0,0,0,0,0,0,4,364.01,364.01,1F,1,1,1,0080,68,40,40,0,0,19,0.00
03/06/2018 18:13:35,55 59.40535,-2 30.55496,239,0,328,648259,1144818,363.55,14.358,3793,3779,3787,14,0,95.8,35.4,88.2,31.2,none,none,82.4,28.0,3787,-3793,3783,-3790,3786,3790,3788,-3789,3786,-3790,3785,3790,3786,-3792,3785,-3791,3785,-3789,3785,-3790,3785,3790,3785,-3791,3785,-3792,3784,-3792,3785,-3792,3787,-3791,3786,-3790,3787,-3791,3786,-3790,3786,3789,3787,-3790,3788,-3792,3786,-3790,3786,-3788,3784,3790,3784,-3791,3784,-3789,3787,-3789,3784,-3789,3786,-3789,3782,-3791,3783,-3792,3783,-3793,3783,3792,3785,-3792,3785,-3790,3783,-3791,3779,-3790,3780,3792,3782,-3793,3781,-3792,3780,-3791,3782,-3791,3782,-3790,3785,-3792,3782,-3789,3784,-3790,3782,3787,-0.23,SJNFAAZE1U0005576,117.73,13.04,9170.01953125,79,75,0,0,0,0,16.0,99.17,-173172,60,1528046015.141,6760,2,1,0,4,0,0,0,0,4,363.64,363.64,1F,1,1,1,0080,68,40,40,0,0,19,11.50
03/06/2018 18:13:38,55 59.40535,-2 30.55496,239,0,328,648214,1144818,364.22,-0.899,3802,3786,3794,16,0,96.0,35.6,88.2,31.2,none,none,82.4,28.0,3794,-3801,3790,3798,3794,3797,3796,-3796,3792,-3797,3792,-3798,3792,-3798,3791,3799,3791,-3797,3792,-3796,3792,-3797,3792,-3797,3792,3800,3791,-3799,3791,-3797,3793,-3798,3794,-3796,3793,-3797,3793,-3797,3792,-3796,3793,-3796,3796,3798,3792,-3796,3794,-3793,3791,-3797,3792,-3799,3792,3797,3793,-3798,3791,-3798,3794,-3797,3788,-3800,3790,-3800,3790,-3802,3790,-3800,3791,-3799,3789,3799,3788,-3800,3786,-3800,3787,-3801,3787,-3801,3787,3801,3786,-3800,3790,-3798,3788,-3798,3791,-3800,3789,-3797,3791,-3799,3788,-3795,-0.24,SJNFAAZE1U0005576,117.73,13.04,9170.01953125,79,75,0,0,0,0,16.0,99.17,-173172,60,1528046018.822,0,2,0,0,0,0,0,0,0,4,364.04,364.04,1F,1,1,1,0080,68,40,40,0,0,19,-12.25
03/06/2018 18:13:42,55 59.40535,-2 30.55496,239,0,328,648268,1144818,364.13,1.906,3801,3786,3793,15,0,96.0,35.6,88.2,31.2,none,none,82.4,28.0,3797,3794,3797,-3791,3798,3793,3796,-3791,3796,-3791,3795,-3793,3797,-3792,3797,-3791,-3797,-3791,3796,3791,-3797,3791,-3797,3793,-3798,3791,-3797,3790,-3797,3793,-3796,3793,-3797,3792,-3796,3794,-3796,3791,-3796,3791,-3797,3793,-3798,3795,-3796,3792,-3796,3791,-3794,3790,-3798,3791,-3797,3791,-3798,3791,-3796,3789,-3800,3789,-3798,3788,-3798,3788,-3799,3790,-3797,3789,-3798,3789,-3798,3790,-3797,3786,-3798,3787,-3798,3786,-3801,3788,-3800,3788,-3798,3788,3798,-3788,3797,3789,3798,-3792,3795,-3788,3797,-3790,3796,-3788,-0.23,SJNFAAZE1U0005576,117.73,13.04,9170.01953125,79,75,0,0,0,0,16.0,99.17,-173174,60,1528046022.207,240,2,0,0,0,0,0,0,0,4,364.21,364.21,1F,1,1,1,0080,68,40,40,0,0,19,8.25
03/06/2018 18:13:45,55 59.40535,-2 30.55496,239,0,328,648240,1144818,364.13,1.845,3800,3783,3793,17,0,96.0,35.6,88.4,31.3,none,none,82.4,28.0,-3798,3793,-3796,3790,-3797,3792,-3797,3790,-3796,3791,-3796,3792,-3797,3790,-3798,3790,-3796,3790,-3795,3789,-3796,3790,-3796,3791,-3797,3790,-3797,3790,-3796,3791,-3796,3792,-3796,3792,-3795,3794,-3796,3791,-3796,3790,-3797,3790,-3798,3792,-3797,3792,-3796,3790,-3794,3788,-3797,3790,-3797,3790,-3798,3790,-3798,3788,-3800,3788,-3798,3786,-3799,3787,-3800,3789,-3798,3788,-3799,3788,-3798,3788,-3797,3783,-3799,3785,-3799,3785,-3800,3786,-3798,3786,-3799,3788,-3798,3787,-3798,3788,-3798,3790,-3795,3787,-3798,3788,-3796,3787,-0.25,SJNFAAZE1U0005576,117.73,13.04,9170.01953125,79,75,0,0,0,0,16.0,99.17,-173174,60,1528046025.718,1960,2,0,0,0,0,0,0,0,4,364.15,364.15,1F,1,1,1,0080,68,40,40,0,0,19,7.75
03/06/2018 18:13:49,55 59.40535,-2 30.55496,239,0,328,648308,1144818,364.32,-3.218,3802,3786,3795,16,0,96.0,35.6,88.2,31.2,none,none,82.2,27.9,-3800,3795,-3798,3792,-3800,3794,-3799,3793,-3798,3793,-3798,3793,-3799,3793,-3800,3793,-3799,3792,-3797,3792,-3799,3792,-3799,3793,-3801,3792,-3800,3792,-3799,3793,-3799,3794,-3798,3794,-3798,3795,-3798,3793,-3798,3793,-3799,3794,-3801,3795,-3798,3794,-3798,3791,-3797,3791,-3800,3793,-3800,3793,-3801,3792,-3800,3790,-3802,3791,-3800,3789,-3801,3790,-3801,3791,-3801,3790,-3801,3789,-3801,3790,-3801,3786,-3801,3786,-3801,3787,-3802,3789,-3801,3788,-3801,3789,-3799,3790,-3799,3790,-3800,3794,-3799,3789,-3800,3791,-3798,3789,-0.26,SJNFAAZE1U0005576,117.73,13.04,9170.01953125,79,75,0,0,0,0,16.0,99.17,-173177,60,1528046029.203,0,2,0,0,0,0,0,0,0,4,364.52,364.52,1F,1,1,1,0080,68,40,40,0,0,19,24.75
03/06/2018 18:13:52,55 59.40535,-2 30.55496,239,0,328,648224,1144818,363.36,24.733,3793,3775,3785,18,0,96.0,35.6,88.2,31.2,none,none,82.2,27.9,-3788,3784,-3788,3781,-3790,3783,-3788,3782,-3788,3783,-3788,3785,-3789,3783,-3789,3783,-3789,3782,-3788,3783,-3789,3782,-3789,3784,-3790,3783,-3790,3781,-3789,3784,-3790,3785,-3788,3784,-3788,3785,-3788,3783,-3789,3782,-3790,3782,-3791,3785,-3788,3783,-3788,3782,-3785,3779,-3789,3781,-3788,3782,-3788,3781,-3790,3780,-3791,3779,-3787,3779,-3790,3779,-3792,3781,-3790,3780,-3791,3779,-3790,3781,-3791,3775,-3791,3775,-3791,3777,-3793,3778,-3790,3778,-3789,3778,-3789,3780,-3788,3780,-3789,3782,-3787,3779,-3789,3780,-3788,3779,-0.21,SJNFAAZE1U0005576,117.73,13.04,9170.01953125,79,75,0,0,0,0,16.0,99.17,-173177,60,1528046032.694,6280,2,0,0,0,0,0,0,0,4,363.38,363.38,1F,1,1,1,0080,68,40,40,0,0,19,46.25
03/06/2018 18:13:56,55 59.40535,-2 30.55496,239,0,328,648103,1144818,364.13,1.906,3801,3785,3793,16,0,96.0,35.6,88.2,31.2,none,none,82.4,28.0,-3797,3793,-3796,3790,-3797,3792,-3795,3792,-3795,3791,-3795,3792,-3796,3791,-3798,3791,-3797,3791,-3796,3789,-3796,3790,-3797,3792,-3798,3790,-3798,3789,-3796,3791,-3796,3792,-3795,3792,-3795,3792,-3796,3791,-3796,3790,-3796,3791,-3798,3793,-3796,3792,-3797,3790,-3794,3789,-3799,3791,-3798,3791,-3798,3791,-3797,3788,-3800,3787,-3799,3787,-3799,3788,-3799,3789,-3799,3788,-3798,3789,-3798,3789,-3799,3785,-3799,3785,-3801,3786,-3800,3786,-3800,3787,-3799,3787,-3798,3787,-3797,3787,-3797,3791,-3796,3787,-3798,3789,-3796,3787,-0.28,SJNFAAZE1U0005576,117.73,13.04,9170.01953125,79,75,0,0,0,0,16.0,99.17,-173177,60,1528046036.172,2320,2,0,0,0,0,0,0,0,4,363.98,363.98,1F,1,1,1,0080,68,40,40,0,0,19,-15.75
03/06/2018 18:13:59,55 59.40535,-2 30.55496,239,0,328,648198,1144818,365.09,-18.874,3809,3796,3803,13,0,96.0,35.6,88.2,31.2,none,none,82.4,28.0,3802,-3809,3800,-3807,3802,3805,3803,-3804,3800,-3806,3799,-3806,3801,-3807,3800,-3806,3799,-3805,3800,-3804,3800,-3805,3800,3806,3801,-3808,3800,-3805,3798,-3804,3801,-3806,3801,3804,3801,-3805,3801,-3805,3800,-3805,3803,-3805,3804,-3806,3801,-3806,3802,-3802,3800,-3806,3801,3808,3801,-3805,3803,-3807,3802,-3807,3802,-3806,3800,3807,3798,-3808,3799,-3809,3800,-3807,3800,-3807,3798,-3806,3798,-3807,3796,-3808,3797,-3807,3797,3809,3797,-3809,3798,-3806,-3799,3806,-3797,-3806,3802,3807,-3798,3805,3800,-3806,3798,-3803,-0.28,SJNFAAZE1U0005576,117.73,13.04,9170.01953125,79,75,0,0,0,0,16.0,99.17,-173181,60,1528046039.674,0,2,0,0,0,0,0,0,0,4,364.89,364.89,1F,1,1,1,0080,68,40,40,0,0,19,-72.00
03/06/2018 18:14:03,55 59.40535,-2 30.55496,239,0,328,648484,1144818,365.38,-24.184,3814,3798,3806,16,0,95.8,35.4,88.2,31.2,none,none,82.4,28.0,3806,-3814,3802,-3811,3805,3809,3806,-3808,3803,3809,3802,-3809,3803,-3811,3802,-3810,3802,-3808,3802,-3808,3802,-3808,3803,-3810,3804,-3811,3802,3810,3802,-3809,3804,-3809,3805,-3808,3804,-3809,3804,3810,3803,-3808,3805,-3809,3807,-3810,3805,-3809,3805,-3808,3803,-3812,3805,-3813,3805,-3810,3804,3810,3803,-3810,3804,-3810,3802,-3812,3800,-3812,3801,3814,3801,-3811,3802,-3811,3801,-3810,3800,-3813,3799,-3813,3798,3812,3799,-3812,3799,-3813,3799,-3812,3802,-3811,3800,-3810,3804,-3812,3801,-3810,3802,-3811,3801,3807,-0.27,SJNFAAZE1U0005576,117.73,13.04,9170.01953125,79,75,0,0,0,0,16.0,99.17,-173192,60,1528046043.292,0,2,2,0,5,0,0,0,0,4,365.51,365.51,1F,1,1,1,0080,68,40,40,0,0,19,-46.25
03/06/2018 18:14:06,55 59.40535,-2 30.55496,239,0,328,648514,1144818,364.03,14.388,3800,3784,3792,16,0,95.8,35.4,88.2,31.2,none,none,82.2,27.9,3792,-3800,3788,3796,3791,3795,3793,-3795,3790,-3797,3790,-3796,3789,3797,3789,-3797,3788,-3796,3789,-3795,3789,-3796,3790,-3796,3790,-3798,3789,-3796,3789,-3795,3791,3796,3791,-3795,3790,-3797,3790,-3796,3789,-3795,3790,3795,3793,-3797,3790,-3795,3790,-3793,3788,-3795,3789,-3796,3789,-3794,3791,-3794,3789,-3797,3790,3796,3787,-3797,3786,-3798,3788,-3799,3787,-3797,3788,-3796,3788,3797,3787,-3797,3784,-3799,3784,-3798,3786,-3799,3785,3798,3784,-3797,3786,-3796,3787,-3795,3789,-3797,3787,-3796,3788,-3796,3786,-3793,-0.27,SJNFAAZE1U0005576,117.73,13.04,9170.01953125,79,75,0,0,0,0,16.0,99.17,-173194,60,1528046046.905,3880,2,0,0,0,0,0,0,0,4,364.13,364.13,1F,1,1,1,0080,68,40,40,0,0,19,3.50
03/06/2018 18:14:10,55 59.40535,-2 30.55496,239,0,328,648540,1144818,364.03,9.566,3800,3783,3792,17,0,96.0,35.6,88.2,31.2,none,none,82.2,27.9,3792,-3799,3788,-3797,3790,3796,3794,3794,3790,-3796,3790,-3797,3790,-3799,3790,-3798,3790,3797,3790,-3795,3790,-3796,3790,-3797,3791,-3799,3789,-3797,3789,-3795,3791,-3797,3792,-3796,3792,3796,3791,-3796,3789,-3795,3792,-3796,3793,-3798,3791,-3796,3792,-3793,3789,-3796,3789,-3797,3789,-3796,3790,-3795,3790,3797,3791,-3795,3788,-3798,3787,-3798,3789,-3800,3788,-3798,3789,-3796,3787,-3797,3788,-3798,3784,3798,3783,-3799,3787,-3799,3785,-3799,3784,-3797,3788,3798,3787,-3796,3790,-3797,3788,-3796,3788,-3796,3787,-3794,-0.31,SJNFAAZE1U0005576,117.74,13.04,9170.01953125,79,75,0,0,0,0,16.0,99.17,-173195,60,1528046050.417,0,2,0,0,0,0,0,0,0,4,364.35,364.35,1F,1,1,1,0080,68,40,40,0,0,19,34.75
03/06/2018 18:14:14,55 59.40535,-2 30.55496,239,0,328,648496,1144818,364.22,3.280,3802,3787,3794,15,0,95.8,35.4,88.2,31.2,none,none,82.2,27.9,3794,-3802,3791,-3799,3794,3797,3794,-3797,3792,-3798,3791,3798,3792,-3799,3791,-3798,3791,-3797,3791,-3798,3792,3797,3792,-3798,3792,-3799,3790,-3798,3791,-3797,3793,-3798,3793,3797,3792,-3798,3792,-3796,3791,-3797,3793,-3797,3793,-3799,3793,-3797,3793,-3795,3791,-3797,3791,3799,3792,-3797,3794,-3797,3793,-3797,3793,-3796,3790,3799,3789,-3799,3791,-3800,3789,-3799,3791,-3798,3791,-3798,3791,-3799,3787,-3799,3787,-3800,3788,3800,3789,-3800,3787,-3798,3789,-3797,3789,-3798,3792,3799,3790,-3797,3791,-3798,3789,-3795,-0.34,SJNFAAZE1U0005576,117.74,13.04,9170.01953125,79,75,0,0,0,0,16.0,99.17,-173195,60,1528046054.201,160,2,0,0,0,0,0,0,0,4,364.38,364.38,1F,1,1,1,0080,68,40,40,0,0,19,49.50
03/06/2018 18:14:18,55 59.40535,-2 30.55496,239,0,328,648228,1144818,362.02,56.533,3780,3763,3771,17,0,96.0,35.6,88.2,31.2,none,none,82.4,28.0,-3774,3770,-3773,3769,-3776,3770,-3775,3770,-3773,3771,-3773,3772,-3776,3771,-3776,3772,-3776,3770,-3774,3770,-3775,3769,-3776,3771,-3777,3771,-3777,3769,-3775,3771,-3776,3772,-3775,3772,-3775,3772,-3775,3771,-3775,3770,-3775,3769,-3775,3772,-3772,3770,-3774,3768,-3771,3764,-3771,3767,-3773,3767,-3773,3767,-3774,3766,-3775,3765,-3773,3764,-3775,3765,-3776,3767,-3775,3767,-3775,3766,-3775,3767,-3780,3763,-3774,3764,-3777,3764,-3777,3765,-3775,3765,-3774,3765,-3774,3765,-3775,3767,-3773,3767,-3771,3765,-3773,3765,-3770,3763,-0.30,SJNFAAZE1U0005576,117.74,13.04,9170.01953125,79,75,0,0,0,0,16.0,99.17,-173195,60,1528046058.069,16200,2,0,0,0,0,0,0,0,4,362.11,362.11,1F,1,1,1,0080,68,40,40,0,0,19,82.50
03/06/2018 18:14:21,55 59.40535,-2 30.55496,239,0,328,647800,1144818,361.73,47.469,3776,3759,3768,17,0,96.0,35.6,88.2,31.2,none,none,82.4,28.0,-3770,3768,-3771,3765,-3773,3767,-3771,3767,-3772,3768,-3772,3769,-3773,3767,-3773,3767,-3773,3768,-3773,3767,-3774,3767,-3774,3769,-3775,3767,-3774,3767,-3772,3768,-3774,3770,-3772,3769,-3773,3770,-3772,3768,-3772,3767,-3773,3767,-3774,3768,-3770,3767,-3770,3766,-3767,3761,-3770,3764,-3770,3764,-3772,3764,-3773,3765,-3772,3762,-3770,3762,-3774,3762,-3774,3764,-3773,3764,-3773,3763,-3773,3764,-3776,3759,-3773,3759,-3775,3760,-3775,3762,-3774,3762,-3773,3762,-3772,3762,-3772,3763,-3772,3765,-3769,3762,-3771,3762,-3770,3761,-0.27,SJNFAAZE1U0005576,117.73,13.04,9170.01953125,79,75,0,0,0,0,16.0,99.17,-173195,60,1528046061.777,15520,2,0,0,0,0,0,0,0,4,361.76,361.76,1F,1,1,1,0080,68,40,40,0,0,19,46.00
03/06/2018 18:14:25,55 59.40535,-2 30.55496,239,0,328,647485,1144818,361.73,44.967,3775,3759,3768,16,0,96.0,35.6,88.2,31.2,none,none,82.4,28.0,-3773,3767,-3771,3764,-3773,3767,-3770,3767,-3770,3767,-3771,3768,-3772,3768,-3773,3767,-3773,3768,-3772,3766,-3772,3766,-3773,3769,-3774,3767,-3774,3766,-3773,3769,-3773,3769,-3772,3768,-3771,3770,-3772,3768,-3771,3766,-3771,3768,-3772,3768,-3770,3766,-3770,3764,-3767,3761,-3769,3763,-3769,3765,-3772,3763,-3770,3763,-3772,3762,-3770,3761,-3774,3762,-3773,3763,-3772,3761,-3774,3762,-3773,3763,-3774,3759,-3771,3759,-3773,3760,-3775,3761,-3773,3760,-3772,3760,-3771,3762,-3773,3762,-3772,3764,-3770,3760,-3771,3761,-3769,3761,-0.26,SJNFAAZE1U0005576,117.74,13.04,9170.01953125,79,75,0,0,0,0,16.0,99.17,-173195,60,1528046065.406,13640,2,0,0,0,0,0,0,0,4,361.66,361.66,1F,1,1,1,0080,68,40,40,0,0,19,37.75
03/06/2018 18:14:28,55 59.40535,-2 30.55496,239,0,327,647202,1144818,361.73,36.269,3774,3760,3768,14,0,96.0,35.6,88.2,31.2,none,none,82.4,28.0,-3771,3768,-3771,3766,-3773,3768,-3772,3767,-3771,3767,-3771,3768,-3773,3769,-3774,3768,-3772,3768,-3772,3767,-3773,3767,-3773,3770,-3774,3767,-3774,3767,-3773,3769,-3773,3770,-3772,3769,-3773,3771,-3771,3768,-3772,3767,-3773,3768,-3773,3769,-3771,3768,-3772,3766,-3767,3762,-3770,3764,-3770,3764,-3770,3764,-3772,3764,-3772,3762,-3771,3761,-3772,3762,-3774,3765,-3773,3764,-3773,3763,-3771,3764,-3773,3761,-3772,3760,-3773,3761,-3774,3762,-3772,3762,-3772,3763,-3771,3763,-3770,3764,-3771,3764,-3769,3762,-3770,3763,-3770,3763,-0.27,SJNFAAZE1U0005576,117.74,13.04,9170.01953125,79,75,0,0,0,0,16.0,99.17,-173195,60,1528046068.959,12640,2,0,0,0,0,0,0,0,4,361.83,361.83,1F,1,1,1,0080,68,40,40,0,0,19,25.00
03/06/2018 18:14:32,55 59.40535,-2 30.55496,239,0,327,647007,1144818,362.59,15.487,3783,3769,3777,14,0,96.0,35.6,88.2,31.2,none,none,82.4,28.0,-3776,3783,-3773,3781,-3776,3780,-3777,3779,-3776,3781,-3775,3781,-3776,3782,-3776,3783,-3776,3782,-3775,3780,-3776,3781,-3775,3782,-3776,3783,-3775,3782,-3775,3782,-3777,3781,-3777,3781,-3777,3782,-3776,3780,-3775,3780,3776,3780,-3778,3782,3775,-3780,3776,-3777,3771,-3779,3773,-3780,3774,3779,3774,-3778,3775,-3781,3775,-3778,3771,-3781,3771,-3781,3773,-3783,3772,-3781,3774,-3780,3772,3781,3772,-3781,3769,-3781,3770,-3783,3770,-3782,3770,3783,3769,-3781,3771,-3780,3771,-3781,3773,-3781,3770,-3778,-3772,-3780,3771,-3777,-0.28,SJNFAAZE1U0005576,117.74,13.04,9170.01953125,79,75,0,0,0,0,16.0,99.17,-173195,60,1528046072.475,5360,2,1,0,3,0,0,0,0,4,362.52,362.52,1F,1,1,1,0080,68,40,40,0,0,19,8.75
03/06/2018 18:14:35,55 59.40535,-2 30.55496,239,0,327,646928,1144818,362.78,11.001,3785,3771,3779,14,0,96.0,35.6,88.2,31.2,none,none,82.2,27.9,3778,3784,3775,-3782,3777,3781,3779,-3780,3777,-3782,3777,-3782,3778,-3784,3778,-3783,3777,-3783,3777,3781,3777,-3782,3778,-3783,3778,-3784,3776,-3783,3777,3782,3779,-3784,3779,-3782,3780,-3783,3778,-3783,3777,-3781,3779,-3781,3780,-3784,3776,-3782,3777,3779,3775,-3779,3775,-3783,3777,-3780,3777,-3781,3777,3781,3777,-3780,3774,-3782,3774,-3783,3775,-3783,3775,-3784,3776,3782,3774,-3782,3775,-3783,3771,-3783,3772,-3784,3772,-3784,3771,-3785,3771,-3782,3774,-3782,3774,3782,3776,-3782,3773,-3781,3774,-3781,3773,-3779,-0.25,SJNFAAZE1U0005576,117.74,13.04,9170.01953125,79,75,0,0,0,0,16.0,99.17,-173195,60,1528046075.813,4280,2,0,0,0,0,0,0,0,4,362.73,362.73,1F,1,1,1,0080,68,40,40,0,0,19,8.75
03/06/2018 18:14:39,55 59.40535,-2 30.55496,239,0,327,646846,1144818,362.30,13.472,3782,3766,3774,16,0,96.0,35.6,88.2,31.2,none,none,82.4,28.0,3773,-3781,3771,-3778,3772,3777,3776,-3776,3773,-3778,3772,-3780,3773,-3781,3773,-3780,3773,-3780,3773,-3778,3774,-3779,3773,3780,3774,-3781,3772,-3781,3772,-3778,3775,-3779,3775,3778,3775,-3779,3774,-3778,3773,-3777,3775,-3778,3776,-3780,3773,-3778,3772,-3774,3769,-3777,3770,3779,3771,-3778,3771,-3776,3772,-3777,3772,-3776,3768,-3780,3768,3781,3770,-3781,3769,-3780,3771,-3779,3768,-3779,3771,3779,3766,-3780,3766,-3781,3767,-3782,3766,-3781,3766,-3781,3769,-3780,3768,-3779,3770,-3778,3768,3777,3769,-3778,3768,-3774,-0.30,SJNFAAZE1U0005576,117.74,13.04,9170.01953125,79,75,0,0,0,0,16.0,99.17,-173195,60,1528046079.509,4120,2,0,0,0,0,0,0,0,4,362.80,362.80,1F,1,1,1,0080,68,40,40,0,0,19,27.75
03/06/2018 18:14:43,55 59.40535,-2 30.55496,239,0,327,646647,1144818,362.11,23.635,3780,3763,3772,17,0,95.8,35.4,88.2,31.2,none,none,82.4,28.0,3771,-3779,3769,-3776,3771,3776,3774,-3774,3772,3776,3771,-3777,3771,-3779,3771,-3778,3771,-3779,3771,-3776,3771,-3777,3771,-3777,3773,-3779,3771,3779,3770,-3777,3772,-3777,3772,-3776,3773,-3777,3772,3776,3771,-3776,3772,-3776,3773,-3777,3771,-3775,3771,-3773,3766,3775,3768,-3776,3767,-3774,3769,-3775,3769,-3776,3770,-3774,3765,-3777,3766,-3778,3767,-3779,3767,3777,3768,-3777,3767,-3777,3768,-3777,3763,-3777,3764,3780,3765,-3780,3764,-3779,3764,-3777,3766,-3777,3766,-3777,3768,-3776,3766,-3774,3767,-3776,3766,3772,-0.28,SJNFAAZE1U0005576,117.74,13.04,9170.01953125,79,75,0,0,0,0,16.0,99.17,-173195,60,1528046083.123,8160,2,0,0,0,0,0,0,0,4,362.27,362.27,1F,1,1,1,0080,68,40,40,0,0,19,22.50
03/06/2018 18:14:46,55 59.40535,-2 30.55496,239,0,327,646507,1144818,363.74,-2.456,3797,3782,3789,15,0,96.0,35.6,88.2,31.2,none,none,82.4,28.0,3790,-3796,3786,3794,3789,3792,3791,-3791,3787,-3792,3787,-3793,3788,3795,3787,-3794,3787,-3792,3786,-3792,3787,-3792,3787,-3792,3788,-3795,3787,-3794,3787,-3791,3789,3793,3788,-3792,3788,-3793,3789,-3792,3787,-3791,3789,-3791,3791,3795,3788,-3791,3788,-3789,3786,-3793,3787,-3795,3787,3793,3789,-3792,3787,-3794,3789,-3793,3784,-3795,3784,-3795,3785,-3796,3785,-3795,3786,-3795,3785,3793,3783,-3796,3782,-3794,3784,-3797,3783,-3797,3782,3796,3782,-3795,3784,-3794,3784,-3794,3786,-3795,3785,-3793,3785,-3793,3784,-3790,-0.29,SJNFAAZE1U0005576,117.74,13.04,9170.01953125,79,75,0,0,0,0,16.0,99.17,-173195,60,1528046086.693,2120,2,0,0,0,0,0,0,0,4,363.09,363.09,1F,1,1,1,0080,68,40,40,0,0,19,-39.00
03/06/2018 18:14:50,55 59.40535,-2 30.55496,239,0,327,646930,1144818,365.76,-60.439,3818,3802,3810,16,0,96.0,35.6,88.2,31.2,none,none,82.2,27.9,-3816,3811,-3813,3807,-3815,3810,-3813,3806,-3814,3807,-3813,3808,-3812,3807,-3813,3807,-3813,3806,-3813,3805,-3813,3806,-3813,3806,-3814,3806,-3814,3805,-3813,3807,-3811,3808,-3812,3808,-3811,3809,-3811,3807,-3812,3806,-3814,3808,-3816,3810,-3813,3809,-3814,3807,-3814,3807,-3817,3809,-3818,3810,-3816,3808,-3815,3806,-3818,3806,-3818,3805,-3818,3805,-3817,3808,-3816,3804,-3817,3804,-3816,3806,-3813,3802,-3817,3802,-3817,3803,-3818,3803,-3817,3803,-3816,3804,-3815,3805,-3814,3803,-3816,3808,-3814,3804,-3816,3807,-3815,3805,-0.30,SJNFAAZE1U0005576,117.74,13.04,9170.01953125,79,75,0,0,0,0,16.0,99.17,-173212,60,1528046090.266,0,2,0,0,0,0,0,0,0,4,365.85,365.85,1F,1,1,1,0080,68,40,40,0,0,19,-14.75
03/06/2018 18:14:54,55 59.40535,-2 30.55496,239,0,327,646971,1144818,362.11,39.382,3781,3763,3772,18,0,96.0,35.6,88.2,31.2,none,none,82.2,27.9,-3776,3772,-3776,3770,-3777,3771,-3776,3771,-3776,3772,-3777,3773,-3778,3773,-3778,3771,-3778,3772,-3777,3771,-3778,3771,-3777,3773,-3779,3771,-3778,3771,-3777,3774,-3777,3774,-3777,3773,-3777,3774,-3776,3772,-3776,3771,-3776,3772,-3778,3774,-3776,3771,-3775,3770,-3772,3767,-3776,3768,-3775,3768,-3776,3768,-3776,3768,-3778,3766,-3775,3764,-3777,3767,-3778,3769,-3777,3767,-3778,3767,-3778,3768,-3781,3763,-3778,3764,-3779,3764,-3778,3766,-3777,3765,-3776,3764,-3776,3766,-3776,3767,-3775,3768,-3773,3766,-3775,3766,-3775,3765,-0.28,SJNFAAZE1U0005576,117.74,13.04,9170.01953125,79,75,0,0,0,0,16.0,99.17,-173214,60,1528046094.091,9440,2,0,0,0,0,0,0,0,4,362.47,362.47,1F,1,1,1,0080,68,40,40,0,0,19,52.00
03/06/2018 18:14:57,55 59.40535,-2 30.55496,239,0,327,646657,1144818,361.92,35.445,3778,3760,3770,18,0,96.0,35.6,88.2,31.2,none,none,82.4,28.0,-3774,3770,-3773,3767,-3774,3769,-3774,3768,-3773,3770,-3774,3770,-3776,3770,-3776,3769,-3775,3769,-3774,3768,-3775,3768,-3776,3770,-3777,3768,-3776,3768,-3775,3771,-3774,3771,-3775,3770,-3774,3772,-3774,3770,-3773,3768,-3776,3769,-3776,3770,-3772,3768,-3773,3767,-3771,3764,-3773,3766,-3774,3766,-3774,3766,-3774,3765,-3777,3764,-3774,3764,-3776,3764,-3775,3765,-3776,3766,-3776,3765,-3775,3766,-3778,3760,-3775,3761,-3776,3763,-3778,3763,-3776,3763,-3774,3764,-3776,3765,-3776,3766,-3774,3766,-3773,3764,-3774,3764,-3772,3763,-0.29,SJNFAAZE1U0005576,117.74,13.04,9170.01953125,79,75,0,0,0,0,16.0,99.17,-173214,60,1528046097.746,11680,2,0,0,0,0,0,0,0,4,361.97,361.97,1F,1,1,1,0080,68,40,40,0,0,19,16.25
03/06/2018 18:15:01,55 59.40535,-2 30.55496,239,0,327,646880,1144818,365.86,-88.637,3820,3802,3811,18,0,95.8,35.4,88.2,31.2,none,none,82.4,28.0,-3818,3811,-3815,3808,-3816,3809,-3813,3807,-3814,3807,-3813,3808,-3814,3807,-3816,3806,-3814,3806,-3812,3805,-3813,3805,-3814,3808,-3815,3807,-3814,3805,-3813,3807,-3813,3809,-3814,3807,-3813,3810,-3814,3808,-3814,3808,-3815,3808,-3816,3809,-3814,3808,-3816,3807,-3817,3809,-3819,3810,-3818,3810,-3819,3809,-3814,3806,-3820,3807,-3819,3806,-3819,3806,-3819,3807,-3817,3806,-3817,3805,-3818,3807,-3816,3804,-3820,3803,-3818,3802,-3819,3804,-3818,3803,-3818,3805,-3818,3806,-3816,3806,-3818,3810,-3816,3805,-3818,3807,-3816,3806,-0.30,SJNFAAZE1U0005576,117.74,13.04,9170.01953125,79,75,0,0,0,0,16.0,99.17,-173223,60,1528046101.470,0,2,1,0,4,0,0,0,0,4,366.66,366.66,1F,1,1,1,0080,68,40,40,0,0,19,-17.00
03/06/2018 18:15:04,55 59.40535,-2 30.55496,239,0,327,646993,1144818,363.26,12.466,3792,3775,3784,17,0,96.0,35.6,88.2,31.2,none,none,82.4,28.0,-3789,3784,-3787,3781,-3790,3783,-3788,3782,-3787,3783,-3787,3784,-3789,3784,-3790,3782,-3789,3783,-3788,3781,-3788,3783,-3788,3784,-3790,3782,-3790,3782,-3789,3783,-3789,3784,-3788,3783,-3787,3785,-3788,3782,-3788,3782,-3789,3783,-3789,3785,-3787,3783,-3788,3782,-3786,3779,-3788,3782,-3788,3781,-3789,3781,-3789,3779,-3791,3779,-3789,3778,-3791,3778,-3791,3781,-3790,3780,-3790,3779,-3790,3780,-3791,3775,-3790,3775,-3791,3775,-3792,3777,-3790,3776,-3789,3778,-3790,3779,-3789,3779,-3789,3781,-3787,3778,-3789,3778,-3787,3778,-0.27,SJNFAAZE1U0005576,117.74,13.04,9171.62890625,79,75,0,0,0,0,16.0,99.17,-173228,60,1528046104.963,3200,2,0,0,0,0,0,0,0,4,363.41,363.41,1F,1,1,1,0080,69,40,40,0,0,19,26.00
03/06/2018 18:15:08,55 59.40535,-2 30.55496,239,0,327,646796,1144818,362.02,37.337,3778,3761,3771,17,0,95.8,35.4,88.2,31.2,none,none,82.2,27.9,3770,-3778,3766,-3776,3768,3774,3772,-3774,3769,-3776,3768,3776,3769,-3777,3770,-3778,3768,-3777,3768,-3775,3769,3777,3769,-3778,3770,-3778,3769,-3777,3768,-3775,3771,-3777,3771,-3775,3770,-3776,3771,-3776,3769,3775,3770,-3775,3772,-3777,3769,-3775,3769,-3772,3766,3773,3765,-3776,3767,-3773,3768,-3773,3769,-3775,3767,-3772,3764,-3776,3765,-3776,3766,-3777,3764,3776,3767,-3775,3765,-3775,3769,-3777,3761,-3776,3763,-3778,3764,3778,3763,-3778,3761,-3775,3765,-3776,3765,-3776,3766,3775,3765,-3773,3765,-3774,3762,-3770,-0.30,SJNFAAZE1U0005576,117.74,13.04,9171.62890625,79,75,0,0,0,0,16.0,99.17,-173228,60,1528046108.672,11080,2,0,0,0,0,0,0,0,4,362.25,362.25,1F,1,1,1,0080,69,40,40,0,0,19,37.50
03/06/2018 18:15:12,55 59.40535,-2 30.55496,239,0,327,646545,1144818,362.78,22.872,3785,3771,3779,14,0,96.0,35.6,88.2,31.2,none,none,82.4,28.0,3780,-3785,3777,-3783,3779,3782,3780,-3780,3778,-3781,3777,-3782,3778,-3785,3778,3783,3777,-3783,3778,-3783,3778,-3783,3779,-3783,3778,3785,3777,-3784,3777,-3783,3780,-3784,3779,-3781,3779,-3784,3779,-3782,3778,-3782,3779,-3782,3781,3783,3779,-3781,3779,-3779,3775,-3780,3777,-3783,3776,3781,3778,-3781,3777,-3782,3779,-3781,3775,-3784,3775,-3783,3776,3785,3776,-3783,3777,-3783,3775,-3784,3774,-3782,3771,-3783,3772,-3783,3774,-3784,3773,-3785,3773,3783,3775,-3783,3774,-3782,3777,-3783,3775,-3780,3776,3782,3774,-3779,-0.30,SJNFAAZE1U0005576,117.74,13.04,9171.62890625,79,75,0,0,0,0,16.0,99.17,-173228,60,1528046112.551,8400,2,0,0,0,0,0,0,0,4,362.43,362.43,1F,1,1,1,0080,69,40,40,0,0,19,7.00
03/06/2018 18:15:16,55 59.40535,-2 30.55496,239,0,327,646434,1144818,361.44,35.537,3774,3756,3765,18,0,96.0,35.6,88.2,31.2,none,none,82.4,28.0,3764,3772,3762,-3770,3764,3769,3766,-3768,3764,-3770,3763,-3770,3764,-3773,3764,-3772,3764,-3770,3765,3770,3765,-3770,3765,-3772,3765,-3774,3763,-3772,3762,3770,3766,-3772,3764,-3770,3765,-3771,3765,-3769,3763,-3770,3765,-3768,3767,-3771,3763,-3769,3764,3765,3758,-3765,3759,-3768,3759,-3766,3762,-3766,3763,3768,3762,-3766,3759,-3770,3758,-3770,3759,-3771,3760,-3773,3761,3769,3759,-3770,3764,-3770,3756,-3770,3757,-3770,3758,-3772,3757,-3772,3756,-3770,3759,-3769,3758,3771,3760,-3767,3758,-3768,3759,-3767,3757,-3764,-0.31,SJNFAAZE1U0005576,117.74,13.04,9171.62890625,79,75,0,0,0,0,16.0,99.17,-173228,60,1528046116.269,7160,2,0,0,0,0,0,0,0,4,362.08,362.08,1F,1,1,1,0080,69,40,40,0,0,19,47.75
03/06/2018 18:15:19,55 59.40535,-2 30.55496,239,0,327,646067,1144818,360.96,49.514,3767,3751,3760,16,0,96.0,35.6,88.2,31.2,none,none,82.4,28.0,3759,-3766,3756,-3762,3759,3764,3761,-3762,3758,-3764,3759,-3764,3759,-3766,3759,-3766,3758,-3765,3760,-3764,3760,-3766,3759,3766,3760,-3767,3759,-3766,3759,-3765,3761,-3765,3761,3764,3761,-3765,3760,-3765,3758,-3764,3761,-3763,3761,-3765,3759,-3762,3758,-3760,3754,-3760,3753,-3762,3755,-3761,3756,-3760,3756,-3763,3757,-3760,3754,-3763,3755,3764,3755,-3765,3755,-3764,3757,-3762,3756,-3763,3757,3763,3751,-3763,3753,-3765,3755,-3765,3754,-3765,3752,-3765,3755,-3763,3755,-3763,3756,-3762,3754,3760,3755,-3762,3753,-3759,-0.32,SJNFAAZE1U0005576,117.74,13.04,9171.62890625,79,75,0,0,0,0,16.0,99.17,-173228,60,1528046119.637,15400,2,0,0,0,0,0,0,0,4,361.02,361.02,1F,1,1,1,0080,69,40,40,0,0,19,37.00
03/06/2018 18:15:23,55 59.40535,-2 30.55496,239,0,327,645788,1144818,361.54,34.164,3771,3758,3766,13,0,96.0,35.6,88.2,31.2,none,none,82.4,28.0,-3770,3765,-3768,3763,-3769,3766,-3769,3765,-3769,3766,-3769,3767,-3770,3767,-3771,3766,-3770,3766,-3769,3765,3771,3766,-3771,3767,3771,-3765,3770,-3765,3770,-3766,3770,-3767,3769,-3767,3769,-3768,3769,-3766,3768,3765,3769,-3765,3771,-3768,3768,-3765,3768,-3764,3765,3759,3767,-3762,3768,-3762,3768,-3763,3771,-3762,3771,-3761,3768,-3760,3770,-3761,-3771,-3763,3770,3763,-3771,3762,-3769,3762,-3771,3758,-3769,3758,-3770,3759,-3771,3761,-3771,3759,-3769,3762,-3769,3761,-3769,3762,-3770,3762,-3766,3761,-3769,3761,-3766,3759,-0.30,SJNFAAZE1U0005576,117.74,13.04,9171.62890625,79,75,0,0,0,0,16.0,99.17,-173228,60,1528046123.063,11440,2,0,0,0,0,0,0,0,4,361.39,361.39,1F,1,1,1,0080,69,40,40,0,0,19,13.25
03/06/2018 18:15:26,55 59.40535,-2 30.55496,239,0,327,645691,1144818,362.21,4.592,3781,3763,3773,18,0,96.0,35.6,88.2,31.2,none,none,82.4,28.0,-3777,3772,-3776,3770,-3776,3771,-3776,3771,-3776,3770,-3776,3772,-3778,3772,-3778,3773,-3777,3772,-3777,3769,-3778,3771,-3779,3772,-3778,3770,-3778,3770,-3777,3772,-3778,3774,-3778,3772,-3776,3774,-3776,3771,-3776,3771,-3777,3771,-3778,3773,-3776,3771,-3776,3770,-3772,3767,-3775,3769,-3776,3770,-3776,3768,-3778,3768,-3778,3767,-3776,3766,-3779,3765,-3779,3769,-3779,3768,-3778,3768,-3779,3768,-3779,3763,-3778,3764,-3780,3765,-3781,3766,-3779,3765,-3778,3766,-3778,3768,-3777,3767,-3776,3770,-3775,3767,-3777,3768,-3774,3766,-0.29,SJNFAAZE1U0005576,117.74,13.04,9171.62890625,79,75,0,0,0,0,16.0,99.17,-173228,60,1528046126.502,2880,2,0,0,0,0,0,0,0,4,362.56,362.56,1F,1,1,1,0080,69,40,40,0,0,19,12.25
03/06/2018 18:15:29,55 59.40535,-2 30.55496,239,0,327,645566,1144818,362.02,20.461,3779,3761,3771,18,0,96.0,35.6,88.2,31.2,none,none,82.2,27.9,-3774,3770,-3774,3767,-3776,3770,-3776,3768,-3775,3770,-3774,3772,-3777,3770,-3776,3769,-3775,3770,-3775,3768,-3776,3770,-3777,3771,-3778,3770,-3777,3768,-3776,3772,-3776,3772,-3775,3772,-3776,3772,-3775,3771,-3775,3769,-3775,3769,-3777,3772,-3774,3769,-3774,3769,-3771,3765,-3774,3766,-3773,3767,-3774,3767,-3774,3766,-3776,3764,-3774,3764,-3776,3764,-3779,3766,-3776,3766,-3775,3765,-3775,3767,-3776,3761,-3777,3763,-3777,3762,-3778,3763,-3776,3763,-3776,3765,-3774,3764,-3776,3766,-3774,3767,-3772,3764,-3774,3765,-3773,3765,-0.33,SJNFAAZE1U0005576,117.74,13.04,9171.62890625,79,75,0,0,0,0,16.0,99.17,-173228,60,1528046129.903,6000,2,1,0,4,0,0,0,0,4,362.05,362.05,1F,1,1,1,0080,69,40,40,0,0,19,13.50
03/06/2018 18:15:33,55 59.40535,-2 30.55496,239,0,326,645443,1144818,362.50,14.693,3784,3767,3776,17,0,96.0,35.6,88.2,31.2,none,none,82.4,28.0,-3780,3775,-3779,3773,-3780,3775,-3780,3773,-3779,3774,-3780,3775,-3781,3775,-3782,3774,-3780,3774,-3780,3773,-3781,3774,-3781,3777,-3782,3774,-3782,3773,-3780,3775,-3781,3776,-3780,3775,-3780,3777,-3780,3774,-3780,3774,-3781,3774,-3782,3775,-3779,3775,-3780,3774,-3778,3770,-3780,3772,-3781,3773,-3781,3772,-3782,3772,-3782,3771,-3779,3769,-3782,3771,-3782,3772,-3782,3772,-3782,3771,-3782,3772,-3783,3767,-3783,3768,-3784,3768,-3784,3770,-3783,3769,-3781,3771,-3781,3769,-3781,3771,-3780,3772,-3778,3771,-3780,3771,-3779,3769,-0.29,SJNFAAZE1U0005576,117.74,13.04,9171.62890625,79,75,0,0,0,0,16.0,99.17,-173228,60,1528046133.115,5760,2,0,0,0,0,0,0,0,4,362.26,362.26,1F,1,1,1,0080,69,40,40,0,0,19,0.00
03/06/2018 18:15:36,55 59.40535,-2 30.55496,239,0,326,645405,1144818,362.59,12.283,3785,3768,3777,17,0,96.0,35.6,88.2,31.2,none,none,82.4,28.0,-3781,3776,-3781,3774,-3780,3776,-3780,3775,-3780,3776,-3780,3776,-3781,3775,-3781,3775,-3781,3776,-3781,3774,-3781,3774,-3782,3777,-3781,3775,-3781,3774,-3780,3776,-3780,3777,-3780,3776,-3781,3778,-3781,3776,-3781,3775,-3781,3776,-3782,3777,-3779,3775,-3780,3774,-3778,3772,-3780,3772,-3780,3774,-3781,3774,-3782,3773,-3782,3773,-3781,3770,-3783,3771,-3782,3773,-3782,3772,-3782,3771,-3781,3773,-3781,3768,-3781,3768,-3784,3769,-3785,3770,-3782,3769,-3781,3770,-3781,3771,-3781,3772,-3781,3773,-3779,3771,-3782,3771,-3780,3771,-0.32,SJNFAAZE1U0005576,117.74,13.04,9171.62890625,79,75,0,0,0,0,16.0,99.17,-173228,60,1528046136.374,3200,2,0,0,0,0,0,0,0,4,362.42,362.42,1F,1,1,1,0080,69,40,40,0,0,19,0.00
03/06/2018 18:15:39,55 59.40535,-2 30.55496,239,0,326,645423,1144818,362.88,1.479,3787,3773,3780,14,0,96.0,35.6,88.2,31.2,none,none,82.4,28.0,-3780,3786,-3777,3783,-3779,3783,-3781,3781,-3778,3784,-3779,3784,-3779,3785,-3779,3785,-3778,3784,-3779,3783,-3779,3783,-3779,3785,-3780,3786,-3779,3785,-3779,3782,-3781,3786,-3780,3783,-3781,3784,-3780,3782,-3778,3782,3780,3783,-3781,3785,3779,-3783,3780,-3780,3777,-3782,3777,-3784,3778,3783,3780,-3782,3779,-3783,3780,-3782,3776,-3785,3776,-3785,3777,-3786,3777,-3786,3779,-3784,3777,3784,3776,-3785,3773,-3785,3773,-3784,3776,-3787,-3774,3785,-3773,-3783,-3776,3784,-3776,3785,-3777,3784,-3776,3783,-3777,3784,-3774,3779,-0.34,SJNFAAZE1U0005576,117.74,13.04,9171.62890625,79,75,0,0,0,0,16.0,99.17,-173228,60,1528046139.594,0,2,0,0,0,0,0,0,0,4,363.02,363.02,1F,1,1,1,0080,69,40,40,0,0,19,0.00
03/06/2018 18:15:43,55 59.40535,-2 30.55496,239,0,326,645416,1144818,362.98,2.761,3789,3771,3781,18,0,96.0,35.6,88.2,31.2,none,none,82.4,28.0,3781,3787,3777,-3785,3780,3784,3782,-3782,3779,-3784,3779,-3784,3779,-3786,3778,-3786,3779,-3785,3778,3784,3780,-3785,3779,-3785,3779,-3787,3778,-3787,3779,3785,3781,-3786,3781,-3784,3780,-3785,3779,-3786,3778,-3784,3781,-3784,3782,-3786,3779,-3784,3780,3781,3777,-3784,3778,-3786,3777,-3785,3779,-3784,3779,-3784,3779,-3784,3776,-3785,3776,-3786,3778,-3789,3776,-3786,3778,3785,3776,-3786,3775,-3787,3771,-3787,3773,-3787,3775,-3788,3773,-3787,3772,-3786,3776,-3785,3776,3784,3778,-3785,3776,-3783,3776,-3785,3776,-3780,-0.32,SJNFAAZE1U0005576,117.74,13.04,9171.62890625,79,75,0,0,0,0,16.0,99.17,-173228,60,1528046143.141,0,2,0,0,0,0,0,0,0,4,363.00,363.00,1F,1,1,1,0080,69,40,40,0,0,19,-12.25
03/06/2018 18:15:46,55 59.40535,-2 30.55496,239,0,326,645441,1144818,363.36,-5.202,3793,3776,3785,17,0,96.0,35.6,88.2,31.2,none,none,82.4,28.0,3784,-3793,3781,-3789,3783,3788,3785,-3786,3782,-3789,3781,-3790,3782,-3792,3782,-3790,3781,-3789,3782,-3789,3782,-3790,3783,3789,3783,-3791,3782,-3790,3781,-3788,3784,-3790,3784,3787,3784,-3789,3783,-3788,3782,-3788,3784,-3787,3785,-3790,3782,3789,3783,-3785,3780,-3789,3781,-3790,3782,-3789,3783,-3788,3782,-3788,3782,-3788,3781,-3791,3779,3791,3780,-3792,3780,-3790,3781,-3790,3779,-3790,3779,3790,3776,-3792,3776,-3791,3778,-3793,3778,-3792,3776,-3790,3780,-3790,3779,-3789,3782,-3790,3779,3788,3781,-3790,3779,-3786,-0.35,SJNFAAZE1U0005576,117.74,13.04,9171.62890625,79,75,0,0,0,0,16.0,99.17,-173229,60,1528046146.633,520,2,0,0,0,0,0,0,0,4,363.41,363.41,1F,1,1,1,0080,69,40,40,0,0,19,1.75
03/06/2018 18:15:50,55 59.40535,-2 30.55496,239,0,326,645459,1144818,363.26,1.693,3791,3776,3784,15,0,96.0,35.6,88.4,31.3,none,none,82.4,28.0,3783,-3791,3781,-3788,3782,3787,3785,-3786,3782,3788,3781,-3789,3782,-3789,3782,-3790,3781,-3788,3781,-3788,3782,-3788,3782,-3789,3782,-3791,3781,3790,3781,-3788,3784,-3789,3783,-3788,3784,-3789,3783,-3788,3781,3788,3783,-3788,3785,-3789,3782,-3787,3782,-3784,3780,3787,3780,-3789,3780,-3788,3782,-3786,3781,-3788,3783,-3787,3779,-3789,3778,-3789,3779,-3790,3779,3789,3781,-3789,3780,-3788,3779,-3789,3776,-3789,3776,3790,3777,-3791,3776,-3790,3776,-3788,3779,-3788,3778,-3788,3781,-3789,3779,-3787,3780,-3788,3778,3784,-0.34,SJNFAAZE1U0005576,117.74,13.04,9171.62890625,79,75,0,0,0,0,16.0,99.17,-173230,60,1528046150.208,0,2,0,0,0,0,0,0,0,4,363.27,363.27,1F,1,1,1,0080,69,40,40,0,0,19,0.00
03/06/2018 18:15:53,55 59.40535,-2 30.55496,239,0,326,645396,1144818,362.98,17.837,3788,3772,3781,16,0,96.0,35.6,88.2,31.2,none,none,82.4,28.0,3779,-3788,3777,3784,3779,3784,3782,-3782,3778,-3784,3778,-3785,3780,3788,3780,-3787,3778,-3785,3778,-3784,3780,-3785,3779,-3787,3779,3786,3777,-3786,3778,-3785,3781,-3785,3781,-3784,3780,-3785,3781,-3785,3779,-3784,3781,-3785,3783,3785,3779,-3784,3780,-3781,3777,-3783,3776,-3785,3777,3784,3779,-3783,3779,-3784,3779,-3783,3775,-3786,3775,-3787,3776,-3788,3776,-3786,3776,-3785,3776,3785,3776,-3786,3772,-3787,3772,-3786,3773,-3788,3772,3788,3773,-3785,3774,-3785,3774,-3786,3777,-3785,3775,-3784,3775,-3785,3775,-3781,-0.31,SJNFAAZE1U0005576,117.74,13.04,9171.62890625,79,75,0,0,0,0,16.0,99.17,-173230,60,1528046153.745,6000,2,0,0,0,0,0,0,0,4,362.62,362.62,1F,1,1,1,0080,69,40,40,0,0,19,-18.25
03/06/2018 18:15:57,55 59.40535,-2 30.55496,239,0,327,645651,1144818,364.61,-26.564,3806,3788,3798,18,0,96.0,35.6,88.2,31.2,none,none,82.2,27.9,3804,3797,3801,-3794,3803,3796,3801,-3795,3802,-3795,3800,-3796,3802,-3795,3801,-3794,-3801,-3794,3800,3793,-3801,3795,-3801,3796,-3802,3793,-3802,3794,-3800,3795,-3801,3796,-3800,3796,-3801,3797,-3800,3795,-3800,3794,-3801,3796,-3802,3798,-3800,3796,-3802,3794,-3801,3794,-3804,3796,-3803,3796,-3804,3795,-3804,3794,-3804,3794,-3804,3792,-3805,3791,-3805,3793,-3804,3794,-3804,3792,-3804,3793,-3802,3788,-3805,3789,-3804,3789,-3806,3791,-3805,3791,-3804,3793,-3804,3792,-3802,3792,-3804,3796,-3801,3792,3804,-3793,-3802,3792,-0.31,SJNFAAZE1U0005576,117.74,13.04,9171.62890625,79,75,0,0,0,0,16.0,99.17,-173241,60,1528046157.328,0,2,0,0,0,0,0,0,0,4,364.55,364.55,1F,1,1,1,0080,69,40,40,0,0,19,-6.00
03/06/2018 18:16:00,55 59.40535,-2 30.55496,239,0,327,645757,1144818,363.84,-3.920,3798,3781,3790,17,0,96.0,35.6,88.2,31.2,none,none,82.2,27.9,-3794,3790,-3793,3788,-3795,3789,-3793,3787,-3793,3788,-3794,3789,-3794,3789,-3794,3788,-3792,3787,-3792,3787,-3793,3787,-3794,3790,-3795,3788,-3795,3786,-3794,3789,-3793,3789,-3793,3789,-3792,3790,-3793,3789,-3793,3787,-3795,3788,-3794,3790,-3792,3789,-3794,3787,-3792,3785,-3795,3787,-3794,3788,-3795,3787,-3794,3785,-3797,3785,-3795,3784,-3796,3785,-3796,3786,-3796,3786,-3797,3784,-3795,3785,-3794,3781,-3795,3782,-3796,3782,-3798,3783,-3796,3783,-3796,3783,-3795,3784,-3795,3785,-3795,3788,-3793,3784,-3795,3786,-3793,3784,-0.34,SJNFAAZE1U0005576,117.74,13.04,9171.62890625,79,75,0,0,0,0,16.0,99.17,-173245,60,1528046160.902,0,2,0,0,0,0,0,0,0,4,363.91,363.91,1F,1,1,1,0080,69,40,40,0,0,19,-7.25
03/06/2018 18:16:04,55 59.40535,-2 30.55496,239,0,327,645846,1144818,364.51,-12.984,3805,3789,3797,16,0,96.0,35.6,88.2,31.2,none,none,82.2,27.9,-3803,3798,-3801,3795,-3802,3796,-3800,3795,-3801,3795,-3799,3796,-3801,3795,-3802,3794,-3800,3795,-3798,3794,-3801,3793,-3801,3796,-3801,3794,-3801,3793,-3799,3796,-3800,3797,-3800,3795,-3799,3797,-3799,3795,-3800,3794,-3801,3795,-3803,3797,-3800,3795,-3801,3794,-3801,3793,-3803,3795,-3803,3796,-3804,3795,-3802,3794,-3804,3793,-3803,3792,-3805,3792,-3804,3794,-3803,3793,-3804,3793,-3803,3793,-3802,3789,-3804,3789,-3804,3789,-3805,3791,-3804,3791,-3804,3792,-3804,3792,-3803,3792,-3804,3795,-3801,3793,-3803,3793,-3801,3791,-0.32,SJNFAAZE1U0005576,117.74,13.04,9171.62890625,79,75,0,0,0,0,16.0,99.17,-173249,60,1528046164.559,0,2,1,0,4,0,0,0,0,4,364.28,364.28,1F,1,1,1,0080,69,40,40,0,0,19,-28.00
03/06/2018 18:16:07,55 59.40535,-2 30.55496,239,0,327,646111,1144818,365.47,-36.604,3815,3797,3807,18,0,96.0,35.6,88.2,31.2,none,none,82.2,27.9,-3813,3806,-3810,3803,-3811,3805,-3809,3804,-3809,3804,-3808,3804,-3810,3804,-3810,3804,-3808,3802,-3808,3801,-3809,3802,-3809,3803,-3811,3803,-3810,3802,-3808,3804,-3809,3805,-3809,3804,-3808,3805,-3809,3804,-3809,3803,-3810,3804,-3812,3806,-3809,3806,-3811,3804,-3811,3804,-3815,3805,-3813,3806,-3814,3805,-3813,3802,-3814,3803,-3813,3801,-3813,3802,-3813,3804,-3813,3802,-3814,3802,-3813,3802,-3811,3798,-3813,3798,-3813,3797,-3815,3801,-3813,3801,-3813,3801,-3812,3801,-3811,3802,-3812,3804,-3811,3803,-3813,3804,-3812,3802,-0.29,SJNFAAZE1U0005576,117.74,13.04,9171.62890625,79,75,0,0,0,0,16.0,99.17,-173260,60,1528046167.931,0,2,0,0,0,0,0,0,0,4,365.37,365.37,1F,1,1,1,0080,69,40,40,0,0,19,-47.25
03/06/2018 18:16:11,55 59.40535,-2 30.55496,239,0,327,646365,1144818,364.03,1.784,3801,3782,3792,19,0,95.8,35.4,88.2,31.2,none,none,82.4,28.0,-3797,3792,-3795,3789,-3797,3790,-3796,3789,-3795,3790,-3794,3791,-3795,3790,-3796,3790,-3795,3788,-3796,3788,-3796,3789,-3796,3791,-3797,3789,-3797,3788,-3795,3791,-3796,3792,-3795,3791,-3794,3793,-3794,3789,-3795,3789,-3796,3790,-3797,3792,-3796,3791,-3797,3789,-3794,3786,-3797,3788,-3797,3789,-3796,3789,-3797,3787,-3798,3786,-3797,3785,-3798,3786,-3799,3787,-3797,3787,-3799,3786,-3798,3788,-3798,3782,-3798,3782,-3798,3784,-3801,3784,-3799,3784,-3798,3786,-3797,3786,-3798,3787,-3798,3789,-3795,3785,-3797,3788,-3796,3786,-0.35,SJNFAAZE1U0005576,117.74,13.04,9171.62890625,79,75,0,0,0,0,16.0,99.17,-173270,60,1528046171.188,0,2,0,0,0,0,0,0,0,4,364.36,364.36,1F,1,1,1,0080,69,40,40,0,0,19,5.50
03/06/2018 18:16:14,55 59.40535,-2 30.55496,239,0,327,646338,1144818,364.51,-10.604,3805,3788,3797,17,0,95.8,35.4,88.2,31.2,none,none,82.2,27.9,3798,-3805,3793,-3803,3796,3800,3797,-3799,3794,-3802,3794,3801,3795,-3802,3794,-3802,3794,-3801,3794,-3800,3794,-3801,3794,3802,3794,-3803,3793,-3801,3793,-3800,3796,-3802,3796,3800,3795,-3801,3795,-3800,3794,-3799,3795,-3800,3797,-3803,3795,-3801,3797,-3799,3794,-3803,3794,3804,3795,-3801,3797,-3801,3795,-3802,3796,-3802,3792,3804,3793,-3805,3793,-3805,3793,-3803,3794,-3801,3793,-3803,3791,-3804,3788,-3804,3789,-3804,3791,3805,3791,-3805,3790,-3803,3793,-3802,3791,-3801,3795,3803,3793,-3801,3794,-3803,3792,-3799,-0.31,SJNFAAZE1U0005576,117.74,13.04,9171.62890625,79,75,0,0,0,0,16.0,99.17,-173270,60,1528046174.901,2120,2,0,0,0,0,0,0,0,4,364.41,364.41,1F,1,1,1,0080,69,40,40,0,0,19,-11.00
03/06/2018 18:16:18,55 59.40535,-2 30.55496,239,0,327,646276,1144818,363.26,25.832,3791,3774,3784,17,0,96.0,35.6,88.2,31.2,none,none,82.4,28.0,3783,-3791,3780,-3789,3783,3787,3784,-3785,3781,3788,3781,-3788,3783,-3790,3781,-3790,3781,-3788,3782,-3788,3781,-3788,3783,-3789,3782,-3790,3781,3789,3780,-3788,3784,-3788,3784,-3787,3783,-3788,3782,3787,3782,-3788,3784,-3787,3784,-3789,3782,-3787,3782,-3784,3779,-3787,3781,-3788,3780,-3787,3783,3787,3781,-3788,3782,-3787,3778,-3789,3778,-3789,3779,3791,3779,-3789,3779,-3789,3779,-3789,3779,-3788,3774,-3789,3775,-3790,3777,-3790,3776,-3791,3776,3788,3779,-3788,3778,-3788,3781,-3789,3778,-3787,3778,3788,3778,-3784,-0.29,SJNFAAZE1U0005576,117.74,13.04,9171.62890625,79,75,0,0,0,0,16.0,99.17,-173270,60,1528046178.638,7480,2,0,0,0,0,0,0,0,4,363.09,363.09,1F,1,1,1,0080,69,40,40,0,0,19,0.00
03/06/2018 18:16:22,55 59.40535,-2 30.55496,239,0,327,646313,1144818,364.80,-17.073,3808,3792,3800,16,0,95.8,35.4,88.2,31.2,none,none,82.2,27.9,3802,-3808,3797,3804,3798,3804,3800,-3801,3798,-3803,3796,-3803,3796,3805,3797,-3804,3796,-3803,3796,-3802,3797,-3804,3796,-3803,3797,-3806,3797,-3804,3797,-3802,3799,3804,3797,-3801,3797,-3803,3798,-3803,3797,-3802,3799,3803,3801,-3804,3798,-3803,3799,-3800,3798,-3804,3799,-3806,3799,-3805,3800,-3805,3799,-3804,3799,3804,3797,-3807,3795,-3806,3795,-3807,3796,-3806,3797,3805,3796,-3805,3795,-3807,3792,-3807,3794,-3806,3794,-3807,3793,-3807,3793,-3806,3795,-3805,3795,3806,3798,-3805,3797,-3804,3797,-3804,3794,-3801,-0.32,SJNFAAZE1U0005576,117.74,13.04,9171.62890625,79,75,0,0,0,0,16.0,99.17,-173272,60,1528046182.420,0,2,0,0,0,0,0,0,0,4,364.70,364.70,1F,1,1,1,0080,69,40,40,0,0,19,-35.50
03/06/2018 18:16:26,55 59.40535,-2 30.55496,239,0,327,646494,1144818,364.80,-15.761,3808,3791,3800,17,0,96.0,35.6,88.2,31.2,none,none,82.2,27.9,3800,-3807,3795,-3805,3797,3803,3799,3801,3798,-3804,3797,-3804,3797,-3805,3796,-3804,3795,3803,3797,-3803,3796,-3804,3797,-3805,3796,-3805,3795,-3804,3796,-3802,3798,-3804,3799,-3803,3798,3803,3797,-3803,3796,-3802,3798,-3803,3800,-3804,3798,3803,3798,-3800,3798,-3805,3797,-3806,3799,-3803,3799,-3803,3797,-3805,3799,-3804,3795,-3805,3794,3807,3794,-3808,3794,-3806,3797,-3804,3796,-3805,3793,3806,3791,-3806,3793,-3806,3793,-3807,3793,-3808,3791,-3805,3795,-3804,3794,-3804,3798,-3805,3795,3804,3796,-3805,3794,-3802,-0.30,SJNFAAZE1U0005576,117.74,13.04,9171.62890625,79,75,0,0,0,0,16.0,99.17,-173279,59,1528046186.197,0,2,0,0,0,0,0,0,0,4,364.92,364.92,1F,1,1,1,0080,69,40,40,0,0,19,-26.75
03/06/2018 18:16:29,55 59.40535,-2 30.55496,239,0,327,646589,1144818,364.61,-7.522,3805,3790,3798,15,0,95.8,35.4,88.2,31.2,none,none,82.2,27.9,3803,-3799,3801,-3796,3802,3796,3800,-3796,3799,-3797,3800,3798,3801,-3796,3801,-3795,3800,-3796,3800,-3795,3802,3796,3801,-3796,3801,-3796,3802,-3796,3800,-3798,3801,-3798,3800,-3797,3800,-3799,3800,-3797,3801,3795,3802,-3797,3804,-3799,3800,-3798,3802,-3796,3802,3795,3803,-3797,3802,-3797,3804,-3797,3803,-3795,3804,-3794,3802,-3793,3803,-3794,-3803,-3796,3804,3794,-3804,3794,-3803,3794,-3802,3790,-3803,3791,-3803,3791,-3805,3793,-3804,3793,-3803,3793,3803,3794,-3802,3794,3804,3796,3802,-3794,3803,-3795,3801,-3793,-0.30,SJNFAAZE1U0005576,117.74,13.04,9171.62890625,79,75,0,0,0,0,16.0,99.17,-173283,59,1528046189.959,0,2,0,0,0,0,0,0,0,4,364.67,364.67,1F,1,1,1,0080,69,40,40,0,0,19,-19.50
03/06/2018 18:16:33,55 59.40535,-2 30.55496,239,0,327,646634,1144818,364.51,-2.730,3803,3789,3797,14,0,95.8,35.4,88.2,31.2,none,none,82.2,27.9,-3801,3799,-3799,3795,-3801,3795,-3799,3794,-3799,3795,-3798,3796,-3800,3795,-3801,3794,-3799,3794,-3799,3794,-3800,3795,-3800,3796,-3800,3794,-3801,3793,-3799,3796,-3799,3795,-3799,3795,-3799,3797,-3798,3795,-3798,3794,-3800,3795,-3802,3796,-3799,3795,-3800,3795,-3799,3793,-3801,3795,-3801,3795,-3801,3794,-3800,3793,-3803,3793,-3801,3792,-3802,3792,-3802,3794,-3801,3793,-3802,3792,-3801,3793,-3802,3789,-3801,3789,-3801,3789,-3803,3791,-3802,3791,-3801,3792,-3801,3792,-3800,3792,-3801,3795,-3799,3792,-3801,3793,-3800,3793,-0.32,SJNFAAZE1U0005576,117.74,13.04,9171.62890625,79,75,0,0,0,0,16.0,99.17,-173285,59,1528046193.678,0,2,0,0,0,0,0,0,0,4,364.52,364.52,1F,1,1,1,0080,69,40,40,0,0,19,-12.25
03/06/2018 18:16:37,55 59.40535,-2 30.55496,239,0,327,646670,1144818,364.51,-4.287,3806,3788,3797,18,0,96.0,35.6,88.2,31.2,none,none,82.2,27.9,-3802,3797,-3802,3794,-3803,3795,-3801,3794,-3801,3794,-3800,3795,-3802,3795,-3802,3794,-3801,3794,-3801,3793,-3801,3794,-3802,3796,-3801,3793,-3802,3792,-3800,3794,-3800,3796,-3800,3794,-3800,3798,-3801,3794,-3800,3795,-3802,3795,-3803,3796,-3801,3795,-3802,3794,-3800,3793,-3803,3794,-3802,3796,-3803,3794,-3802,3793,-3804,3792,-3802,3791,-3804,3791,-3804,3794,-3804,3793,-3804,3792,-3804,3792,-3802,3788,-3804,3789,-3804,3789,-3806,3790,-3803,3789,-3804,3792,-3803,3792,-3802,3793,-3804,3795,-3801,3791,-3803,3793,-3802,3791,-0.33,SJNFAAZE1U0005576,117.74,13.04,9171.62890625,79,75,0,0,0,0,16.0,99.17,-173286,59,1528046197.311,0,2,0,0,0,0,0,0,0,4,364.60,364.60,1F,1,1,1,0080,69,40,40,0,0,19,-42.75
03/06/2018 18:16:41,55 59.40535,-2 30.55496,239,0,327,646696,1144818,364.32,-1.021,3802,3786,3795,16,0,95.8,35.4,88.2,31.2,none,none,82.2,27.9,-3800,3796,-3799,3793,-3800,3795,-3798,3792,-3799,3793,-3798,3794,-3800,3793,-3800,3792,-3799,3793,-3798,3792,-3799,3792,-3801,3794,-3800,3792,-3800,3792,-3798,3793,-3798,3794,-3798,3794,-3799,3796,-3799,3794,-3797,3792,-3799,3793,-3801,3795,-3798,3793,-3799,3791,-3797,3791,-3801,3793,-3801,3794,-3800,3792,-3799,3791,-3802,3791,-3800,3788,-3802,3790,-3802,3791,-3801,3791,-3801,3790,-3800,3790,-3800,3786,-3802,3786,-3802,3786,-3802,3787,-3801,3789,-3801,3789,-3800,3790,-3800,3790,-3801,3793,-3797,3790,-3801,3790,-3798,3790,-0.34,SJNFAAZE1U0005576,117.74,13.04,9171.62890625,79,75,0,0,0,0,16.0,99.17,-173287,59,1528046201.159,0,2,0,0,0,0,0,0,0,4,364.45,364.45,1F,1,1,1,0080,69,40,40,0,0,19,-24.00
03/06/2018 18:16:44,55 59.40535,-2 30.55496,239,0,327,646686,1144818,364.32,1.144,3802,3787,3795,15,0,96.0,35.6,88.2,31.2,none,none,82.2,27.9,-3800,3795,-3798,3793,-3800,3794,-3797,3793,-3797,3794,-3799,3795,-3798,3794,-3799,3794,-3798,3793,-3797,3792,-3798,3793,-3799,3795,-3799,3792,-3799,3792,-3797,3794,-3798,3795,-3797,3794,-3798,3795,-3798,3792,-3796,3793,-3798,3794,-3800,3795,-3797,3794,-3799,3793,-3797,3792,-3800,3794,-3799,3794,-3799,3793,-3799,3792,-3802,3791,-3799,3791,-3801,3791,-3801,3792,-3800,3792,-3801,3791,-3799,3792,-3799,3788,-3800,3787,-3800,3788,-3802,3791,-3800,3789,-3800,3791,-3799,3791,-3799,3791,-3799,3793,-3798,3791,-3800,3792,-3798,3790,-0.32,SJNFAAZE1U0005576,117.74,13.04,9171.62890625,79,75,0,0,0,0,16.0,99.17,-173287,59,1528046204.926,0,2,0,0,0,0,0,0,0,4,364.36,364.36,1F,1,1,1,0080,69,40,40,0,0,19,0.00
03/06/2018 18:16:48,55 59.40535,-2 30.55496,239,0,327,646675,1144818,364.32,1.449,3802,3787,3795,15,0,96.0,35.6,88.2,31.2,none,none,82.4,28.0,3794,-3801,3792,3799,3794,3798,3794,-3797,3792,-3798,3792,-3798,3792,3799,3792,-3800,3791,-3798,3791,-3798,3793,-3798,3791,-3799,3793,-3801,3791,-3799,3793,-3796,3794,3799,3793,-3798,3793,-3799,3793,-3798,3792,-3797,3793,3797,3795,-3800,3793,-3799,3793,-3795,3791,-3797,3792,-3801,3793,-3798,3794,-3797,3792,-3799,3793,3798,3790,-3800,3789,-3801,3790,-3802,3790,-3799,3791,-3799,3790,3800,3790,-3801,3787,-3801,3787,-3801,3788,-3802,3787,3801,3787,-3799,3790,-3800,3789,-3799,3793,-3800,3789,-3798,3791,-3799,3789,-3796,-0.33,SJNFAAZE1U0005576,117.74,13.04,9171.62890625,79,75,0,0,0,0,16.0,99.17,-173287,59,1528046208.748,0,2,0,0,0,0,0,0,0,4,364.34,364.34,1F,1,1,1,0080,69,40,40,0,0,19,0.00
03/06/2018 18:16:52,55 59.40535,-2 30.55496,239,0,327,646628,1144818,363.55,17.562,3795,3778,3787,17,0,96.0,35.6,88.2,31.2,none,none,82.2,27.9,3785,-3795,3783,-3792,3785,3791,3788,3789,3785,-3791,3784,-3791,3784,-3792,3785,-3792,3785,3791,3785,-3792,3786,-3790,3785,-3792,3785,-3794,3783,-3792,3784,-3791,3787,-3792,3786,-3790,3786,3791,3785,-3790,3784,-3789,3786,-3789,3788,-3792,3785,3791,3786,-3787,3782,-3789,3784,-3791,3785,-3790,3784,-3790,3784,-3791,3785,-3789,3781,-3792,3781,-3793,3783,-3794,3782,-3793,3783,-3791,3782,-3792,3783,-3793,3778,3794,3780,-3794,3780,-3793,3778,-3793,3778,-3792,3781,3792,3780,-3791,3783,-3792,3781,-3790,3782,-3792,3781,-3787,-0.36,SJNFAAZE1U0005576,117.74,13.04,9171.62890625,79,75,0,0,0,0,16.0,99.17,-173287,59,1528046212.571,3400,2,0,0,0,0,0,0,0,4,363.71,363.71,1F,1,1,1,0080,69,40,40,0,0,19,90.25
03/06/2018 18:16:56,55 59.40535,-2 30.55496,239,0,327,646356,1144818,362.59,35.934,3785,3767,3777,18,0,95.8,35.4,88.2,31.2,none,none,82.2,27.9,3776,-3784,3773,-3781,3775,3780,3778,-3779,3775,-3780,3775,3782,3775,-3784,3775,-3783,3774,-3782,3775,-3781,3775,3782,3776,-3783,3776,-3783,3775,-3783,3775,-3782,3777,-3782,3776,-3782,3777,-3782,3775,-3781,3776,3780,3776,-3779,3778,-3782,3775,-3781,3777,-3778,3772,3779,3773,-3781,3774,-3779,3775,-3779,3775,-3781,3776,-3780,3769,3781,3771,-3783,3773,-3784,3772,-3784,3774,-3781,3772,-3781,3771,-3783,3767,-3782,3769,-3783,3771,3784,3770,-3785,3769,-3782,3771,-3779,3770,-3781,3773,3780,3771,-3780,3772,-3781,3771,-3777,-0.30,SJNFAAZE1U0005576,117.74,13.04,9171.62890625,79,75,0,0,0,0,16.0,99.17,-173287,59,1528046216.207,9960,2,0,0,0,0,0,0,0,4,362.72,362.72,1F,1,1,1,0080,69,40,40,0,0,19,67.50
03/06/2018 18:17:00,55 59.40535,-2 30.55496,239,0,327,646021,1144818,362.30,33.218,3780,3766,3774,14,0,96.0,35.6,88.2,31.2,none,none,82.4,28.0,3775,-3780,3771,-3777,3772,3778,3775,-3776,3772,-3778,3772,-3779,3773,-3779,3773,3779,3772,-3779,3773,-3777,3773,-3778,3773,-3779,3774,3780,3772,-3779,3773,-3778,3775,-3779,3775,-3778,3775,-3778,3774,-3778,3773,-3777,3774,-3777,3775,3778,3773,-3777,3773,-3774,3770,-3775,3770,-3778,3771,-3777,3772,3776,3773,-3778,3773,-3775,3769,-3778,3769,-3778,3770,3780,3769,-3779,3772,-3778,3771,-3778,3770,-3778,3766,-3778,3767,-3778,3769,-3779,3769,-3780,3767,3778,3770,-3778,3770,-3778,3771,-3778,3769,-3777,3770,3777,3768,-3775,-0.33,SJNFAAZE1U0005576,117.74,13.04,9171.62890625,79,75,0,0,0,0,16.0,99.17,-173287,59,1528046220.046,10560,2,0,0,0,0,0,0,0,4,362.45,362.45,1F,1,1,1,0080,69,40,40,0,0,19,44.50
03/06/2018 18:17:03,55 59.40535,-2 30.55496,239,0,327,645760,1144818,362.78,18.111,3787,3769,3779,18,0,96.0,35.6,88.2,31.2,none,none,82.2,27.9,3784,3779,3783,-3776,3784,3778,3783,-3776,3782,-3777,3782,-3778,3784,-3778,3784,-3777,-3783,-3777,3783,3777,-3783,3776,-3784,3778,-3784,3777,-3785,3776,-3782,3778,-3783,3779,-3783,3778,-3783,3779,-3783,3778,-3781,3777,-3782,3778,-3785,3780,3783,-3779,-3783,3776,3780,-3773,3783,-3776,3784,-3776,3784,-3776,3784,-3775,3785,3773,3784,-3773,3785,-3772,3785,-3774,3785,-3775,3786,3774,3785,-3774,3785,-3769,3784,-3770,3787,-3770,3787,-3773,3786,-3772,3785,-3773,3784,-3775,3784,3776,3783,-3777,3781,-3774,3783,-3774,3781,-3774,-0.35,SJNFAAZE1U0005576,117.74,13.04,9171.62890625,79,75,0,0,0,0,16.0,99.17,-173287,59,1528046223.814,6600,2,0,0,0,0,0,0,0,4,362.84,362.84,1F,1,1,1,0080,69,40,40,0,0,19,0.00
03/06/2018 18:17:07,55 59.40535,-2 30.55496,239,0,327,645624,1144818,362.40,26.900,3782,3768,3775,14,0,95.8,35.4,88.2,31.2,none,none,82.2,27.9,-3779,3776,-3777,3773,-3779,3775,-3778,3774,-3777,3775,-3778,3776,-3779,3775,-3779,3775,-3779,3774,-3779,3774,-3778,3774,-3778,3776,-3780,3774,-3781,3774,-3779,3777,-3779,3777,-3779,3775,-3778,3777,-3778,3775,-3778,3773,-3779,3775,-3780,3776,-3777,3774,-3778,3774,-3776,3770,-3778,3772,-3777,3773,-3780,3772,-3779,3771,-3781,3769,-3779,3770,-3780,3771,-3780,3773,-3779,3772,-3780,3771,-3780,3772,-3781,3768,-3779,3768,-3780,3769,-3782,3770,-3781,3770,-3779,3770,-3780,3771,-3779,3771,-3778,3772,-3777,3771,-3779,3771,-3777,3769,-0.32,SJNFAAZE1U0005576,117.74,13.04,9171.62890625,79,75,0,0,0,0,16.0,99.17,-173287,59,1528046227.464,7920,2,0,0,0,0,0,0,0,4,362.56,362.56,1F,1,1,1,0080,69,40,40,0,0,19,34.00
03/06/2018 18:17:11,55 59.40535,-2 30.55496,239,0,326,645399,1144818,362.59,22.140,3783,3770,3777,13,0,95.8,35.4,88.2,31.2,none,none,82.2,27.9,-3780,3777,-3779,3774,-3780,3776,-3780,3775,-3780,3776,-3779,3776,-3781,3775,-3782,3776,-3781,3775,-3780,3775,-3781,3775,-3781,3777,-3782,3775,-3781,3775,-3781,3777,-3782,3777,-3780,3776,-3780,3779,-3780,3775,-3778,3775,-3780,3776,-3782,3778,-3779,3776,-3779,3775,-3777,3772,-3780,3774,-3779,3774,-3779,3774,-3782,3774,-3782,3773,-3780,3772,-3781,3772,-3783,3774,-3781,3773,-3781,3771,-3781,3773,-3781,3770,-3781,3770,-3782,3770,-3782,3771,-3782,3771,-3780,3772,-3780,3772,-3780,3772,-3780,3774,-3778,3772,-3780,3773,-3778,3771,-0.35,SJNFAAZE1U0005576,117.74,13.04,9171.62890625,79,75,0,0,0,0,16.0,99.17,-173287,59,1528046231.248,7200,2,0,0,0,0,0,0,0,4,362.54,362.54,1F,1,1,1,0080,69,40,40,0,0,19,9.25
03/06/2018 18:17:14,55 59.40535,-2 30.55496,239,0,326,645277,1144818,363.07,8.895,3789,3773,3782,16,0,95.8,35.4,88.2,31.2,none,none,82.2,27.9,-3786,3782,-3785,3780,-3787,3781,-3785,3781,-3785,3781,-3785,3781,-3785,3781,-3787,3781,-3786,3781,-3786,3781,-3786,3780,-3787,3782,-3787,3781,-3787,3779,-3785,3781,-3786,3783,-3785,3782,-3786,3784,-3785,3781,-3784,3780,-3785,3781,-3787,3783,-3785,3780,-3784,3779,-3784,3778,-3786,3779,-3786,3779,-3787,3780,-3787,3778,-3789,3777,-3787,3777,-3788,3776,-3788,3778,-3788,3779,-3789,3777,-3788,3778,-3787,3773,-3787,3774,-3788,3775,-3789,3775,-3788,3776,-3787,3776,-3788,3777,-3787,3778,-3787,3780,-3785,3776,-3787,3778,-3785,3776,-0.33,SJNFAAZE1U0005576,117.74,13.04,9171.62890625,79,75,0,0,0,0,16.0,99.17,-173287,59,1528046234.969,4560,2,0,0,0,0,0,0,0,4,363.05,363.05,1F,1,1,1,0080,69,40,40,0,0,19,-17.00
03/06/2018 18:17:18,55 59.40535,-2 30.55496,239,0,326,645332,1144818,363.46,1.754,3792,3779,3786,13,0,95.8,35.4,88.2,31.2,none,none,82.2,27.9,-3790,3787,-3788,3783,-3790,3785,-3788,3783,-3788,3784,-3789,3785,-3789,3786,-3789,3785,-3789,3784,-3788,3784,-3789,3785,-3789,3786,-3790,3785,-3790,3784,-3788,3785,-3790,3787,-3788,3786,-3788,3787,-3788,3785,-3787,3784,-3790,3785,-3790,3786,-3788,3785,-3789,3783,-3787,3783,-3789,3783,-3789,3785,-3790,3784,-3790,3783,-3792,3782,-3790,3781,-3790,3781,-3791,3783,-3791,3782,-3791,3783,-3792,3782,-3789,3779,-3790,3779,-3791,3779,-3792,3781,-3791,3780,-3789,3781,-3791,3782,-3789,3781,-3790,3784,-3787,3781,-3791,3782,-3788,3781,-0.32,SJNFAAZE1U0005576,117.74,13.04,9171.62890625,79,75,0,0,0,0,16.0,99.17,-173290,59,1528046238.767,0,2,0,0,0,0,0,0,0,4,363.60,363.60,1F,1,1,1,0080,69,40,40,0,0,19,2.00
03/06/2018 18:17:22,55 59.40535,-2 30.55496,239,0,326,645264,1144818,362.69,21.346,3786,3768,3778,18,0,95.8,35.4,88.2,31.2,none,none,82.2,27.9,3777,-3786,3774,-3782,3776,3781,3779,-3781,3775,-3783,3775,3783,3777,-3785,3776,-3784,3776,-3782,3776,-3783,3777,-3783,3776,-3784,3776,-3785,3775,-3785,3775,-3783,3777,-3785,3777,3782,3778,-3783,3777,-3783,3776,-3781,3777,-3782,3779,-3784,3776,-3783,3777,-3779,3773,-3781,3773,3784,3775,-3781,3777,-3781,3776,-3783,3776,-3782,3774,3783,3772,-3785,3772,-3786,3772,-3783,3774,-3784,3773,-3783,3774,-3784,3768,-3784,3771,-3784,3771,3785,3770,-3786,3769,-3784,3773,-3783,3773,-3782,3775,3784,3773,-3781,3773,-3783,3771,-3780,-0.37,SJNFAAZE1U0005576,117.74,13.04,9171.62890625,79,75,0,0,0,0,16.0,99.17,-173290,59,1528046242.633,5840,2,0,0,0,0,0,0,0,4,362.89,362.89,1F,1,1,1,0080,69,40,40,0,0,19,29.25
03/06/2018 18:17:26,55 59.40535,-2 30.55496,239,0,326,645143,1144818,362.98,6.576,3787,3773,3781,14,0,95.8,35.4,88.2,31.2,none,none,82.2,27.9,3780,-3787,3777,-3784,3780,3783,3781,-3782,3779,-3784,3779,-3784,3779,-3787,3779,3786,3779,-3784,3779,-3784,3779,-3784,3778,-3786,3781,-3786,3779,3786,3779,-3785,3781,-3785,3780,-3784,3781,-3785,3779,3783,3779,-3783,3781,-3784,3782,-3785,3779,-3784,3779,-3780,3778,-3783,3778,-3785,3778,-3783,3781,3782,3780,-3783,3780,-3783,3775,-3785,3776,-3785,3777,3786,3778,-3785,3778,-3784,3777,-3784,3778,-3784,3773,-3785,3774,-3786,3775,-3786,3774,-3786,3773,3785,3777,-3784,3776,-3785,3778,-3784,3776,-3783,3777,3784,3775,-3781,-0.36,SJNFAAZE1U0005576,117.74,13.04,9171.62890625,79,75,0,0,0,0,16.0,99.17,-173290,59,1528046246.503,0,2,0,0,0,0,0,0,0,4,363.35,363.35,1F,1,1,1,0080,69,40,40,0,0,19,27.50
03/06/2018 18:17:30,55 59.40535,-2 30.55496,239,0,326,644877,1144818,362.30,33.462,3782,3764,3774,18,0,95.8,35.4,88.2,31.2,none,none,82.2,27.9,3772,3782,3771,-3779,3772,3777,3776,-3775,3771,-3777,3771,-3779,3772,-3780,3772,-3779,3772,-3779,3772,3777,3773,-3778,3772,-3779,3774,-3780,3772,-3779,3772,-3777,3774,3778,3774,-3778,3774,-3779,3773,-3778,3772,-3777,3773,3777,3774,-3779,3772,-3777,3772,-3774,3769,-3776,3770,-3778,3770,-3777,3773,-3776,3771,-3777,3772,3777,3768,-3780,3769,-3779,3769,-3781,3769,-3780,3770,3779,3770,-3779,3769,-3777,3764,-3780,3766,-3781,3768,-3782,3767,-3781,3765,-3779,3770,-3779,3768,3778,3771,-3779,3768,-3778,3770,-3779,3768,-3774,-0.33,SJNFAAZE1U0005576,117.74,13.04,9173.23828125,79,75,0,0,0,0,16.0,99.17,-173290,59,1528046250.295,10280,2,0,0,0,0,0,0,0,4,362.09,362.09,1F,1,1,1,0080,69,40,40,0,0,19,29.00
03/06/2018 18:17:34,55 59.40535,-2 30.55496,239,0,326,644770,1144818,363.84,-12.435,3798,3782,3790,16,0,95.8,35.4,88.2,31.2,none,none,82.2,27.9,3790,-3798,3787,-3793,3789,3792,3791,-3791,3788,-3792,3788,-3793,3788,-3794,3788,-3794,3787,-3792,3786,-3792,3788,-3792,3788,3794,3787,-3794,3787,-3795,3786,-3793,3789,-3794,3790,-3792,3789,3793,3788,-3793,3788,-3792,3789,-3792,3791,-3794,3788,3792,3789,-3790,3787,-3794,3788,-3795,3789,-3794,3789,-3793,3787,-3794,3789,-3794,3786,-3796,3786,3796,3786,-3797,3785,-3796,3787,-3794,3786,-3795,3783,3795,3782,-3795,3782,-3796,3782,-3797,3783,-3797,3783,-3795,3785,-3794,3784,-3795,3788,-3797,3786,3794,3787,-3795,3785,-3790,-0.34,SJNFAAZE1U0005576,117.74,13.04,9173.23828125,79,75,0,0,0,0,16.0,99.17,-173290,59,1528046254.172,200,2,0,0,0,0,0,0,0,4,363.60,363.60,1F,1,1,1,0080,69,40,40,0,0,19,-26.75
03/06/2018 18:17:38,55 59.40535,-2 30.55496,239,0,326,644863,1144818,363.74,-6.789,3795,3781,3789,14,0,95.8,35.4,88.2,31.2,none,none,82.2,27.9,-3794,3789,-3792,3787,-3793,3789,-3791,3787,-3792,3787,-3791,3789,-3792,3788,-3792,3787,-3792,3786,-3791,3786,3792,3788,-3792,3789,3793,-3787,3792,-3786,3791,-3787,3793,-3790,3792,-3789,3790,-3789,3792,-3787,3791,3787,3792,-3788,3794,-3790,3791,-3788,3792,-3787,3790,3785,3794,-3787,3793,-3786,3793,-3787,3794,-3785,3795,-3784,3793,-3783,3794,-3785,-3794,-3786,3793,3786,-3794,3783,-3793,3786,-3792,3781,-3794,3782,-3794,3781,-3795,3783,-3793,3783,-3793,3784,-3793,3783,-3792,3784,-3793,3786,-3791,3784,-3793,3785,-3792,3785,-0.31,SJNFAAZE1U0005576,117.74,13.04,9173.23828125,79,75,0,0,0,0,16.0,99.17,-173294,59,1528046258.040,0,2,1,0,4,0,0,0,0,4,363.85,363.85,1F,1,1,1,0080,69,40,40,0,0,19,11.00
03/06/2018 18:17:41,55 59.40535,-2 30.55496,239,0,326,644725,1144818,361.92,38.711,3778,3761,3770,17,0,95.8,35.4,88.2,31.2,none,none,82.2,27.9,-3773,3770,-3773,3767,-3775,3769,-3774,3769,-3773,3769,-3773,3770,-3775,3770,-3775,3769,-3774,3768,-3774,3768,-3774,3769,-3774,3770,-3775,3768,-3777,3768,-3773,3770,-3774,3771,-3774,3769,-3773,3772,-3773,3770,-3774,3768,-3774,3768,-3776,3771,-3772,3769,-3773,3768,-3770,3765,-3772,3765,-3773,3766,-3773,3767,-3776,3765,-3776,3764,-3774,3764,-3773,3764,-3776,3765,-3775,3767,-3776,3765,-3774,3766,-3777,3761,-3773,3761,-3777,3763,-3778,3763,-3776,3763,-3774,3763,-3773,3765,-3773,3765,-3773,3766,-3770,3764,-3773,3764,-3771,3763,-0.32,SJNFAAZE1U0005576,117.74,13.04,9173.23828125,79,75,0,0,0,0,16.0,99.17,-173294,59,1528046261.759,10760,2,0,0,0,0,0,0,0,4,362.04,362.04,1F,1,1,1,0080,69,40,40,0,0,19,47.50
03/06/2018 18:17:45,55 59.40535,-2 30.55496,239,0,326,644439,1144818,362.59,10.940,3784,3770,3777,14,0,95.8,35.4,88.2,31.2,none,none,82.2,27.9,-3781,3778,-3780,3775,-3781,3777,-3780,3776,-3780,3776,-3780,3777,-3782,3777,-3782,3777,-3779,3776,-3780,3777,-3780,3776,-3781,3778,-3782,3776,-3782,3775,-3780,3776,-3781,3779,-3780,3778,-3781,3779,-3780,3777,-3779,3776,-3781,3777,-3781,3778,-3780,3776,-3781,3775,-3779,3773,-3781,3775,-3781,3775,-3782,3775,-3782,3774,-3783,3773,-3781,3772,-3782,3773,-3783,3774,-3782,3774,-3784,3773,-3782,3775,-3782,3770,-3781,3770,-3783,3770,-3783,3771,-3782,3772,-3780,3772,-3782,3772,-3781,3774,-3782,3775,-3779,3774,-3781,3773,-3780,3771,-0.30,SJNFAAZE1U0005576,117.74,13.04,9173.23828125,79,75,0,0,0,0,16.0,99.17,-173294,59,1528046265.382,4760,2,0,0,0,0,0,0,0,4,362.68,362.68,1F,1,1,1,0080,69,40,40,0,0,19,26.50
03/06/2018 18:17:48,55 59.40535,-2 30.55496,239,0,326,644341,1144818,363.65,-18.691,3797,3779,3788,18,0,95.8,35.4,88.2,31.2,none,none,82.2,27.9,-3793,3789,-3792,3785,-3793,3786,-3793,3786,-3791,3786,-3791,3788,-3792,3787,-3793,3786,-3792,3786,-3791,3785,-3792,3785,-3792,3787,-3793,3786,-3793,3785,-3791,3787,-3792,3787,-3792,3787,-3791,3788,-3791,3786,-3791,3786,-3792,3786,-3794,3789,-3791,3786,-3792,3786,-3790,3784,-3794,3786,-3793,3786,-3794,3786,-3793,3784,-3795,3785,-3794,3784,-3795,3783,-3795,3785,-3795,3783,-3794,3784,-3793,3784,-3793,3779,-3794,3780,-3795,3780,-3797,3782,-3795,3781,-3795,3783,-3794,3784,-3793,3783,-3793,3787,-3792,3782,-3793,3784,-3792,3783,-0.30,SJNFAAZE1U0005576,117.74,13.04,9173.23828125,79,75,0,0,0,0,16.0,99.17,-173294,59,1528046268.883,240,2,0,0,0,0,0,0,0,4,363.71,363.71,1F,1,1,1,0080,69,40,40,0,0,19,-24.50
03/06/2018 18:17:52,55 59.40535,-2 30.55496,239,0,326,644457,1144818,363.84,-11.031,3798,3780,3790,18,0,95.8,35.4,88.2,31.2,none,none,82.2,27.9,-3795,3789,-3793,3787,-3794,3788,-3793,3787,-3792,3787,-3793,3787,-3794,3788,-3794,3787,-3793,3786,-3792,3787,-3793,3786,-3793,3788,-3795,3787,-3795,3786,-3792,3788,-3794,3789,-3792,3789,-3792,3789,-3793,3787,-3792,3786,-3794,3787,-3794,3790,-3793,3787,-3795,3786,-3792,3785,-3796,3787,-3795,3787,-3795,3787,-3795,3785,-3798,3785,-3794,3784,-3796,3784,-3796,3786,-3796,3786,-3795,3784,-3795,3785,-3794,3780,-3796,3780,-3796,3782,-3798,3783,-3796,3783,-3797,3784,-3795,3785,-3795,3784,-3794,3788,-3792,3786,-3795,3784,-3794,3785,-0.32,SJNFAAZE1U0005576,117.74,13.04,9173.23828125,79,75,0,0,0,0,16.0,99.17,-173298,59,1528046272.355,0,2,0,0,0,0,0,0,0,4,363.87,363.87,1F,1,1,1,0080,69,40,40,0,0,19,-22.00
03/06/2018 18:17:55,55 59.40535,-2 30.55496,239,0,326,644529,1144818,363.84,-6.728,3798,3780,3790,18,0,95.8,35.4,88.2,31.2,none,none,82.2,27.9,3790,-3797,3785,3794,3789,3792,3791,-3792,3787,-3792,3787,-3793,3787,3796,3787,-3794,3786,-3792,3786,-3793,3787,-3794,3787,-3794,3788,-3795,3786,-3794,3786,-3792,3789,3793,3789,-3792,3789,-3793,3788,-3793,3787,-3792,3787,3792,3790,-3794,3787,-3793,3788,-3790,3787,-3793,3787,-3796,3787,-3794,3790,-3793,3788,-3794,3789,3793,3786,-3795,3785,-3795,3785,-3796,3785,-3796,3787,-3795,3785,3794,3784,-3795,3780,-3796,3783,-3796,3784,-3798,3783,3797,3781,-3796,3786,-3795,3786,-3794,3788,-3795,3785,-3793,3786,-3795,3784,-3791,-0.33,SJNFAAZE1U0005576,117.74,13.04,9173.23828125,79,75,0,0,0,0,16.0,99.17,-173301,59,1528046275.962,0,2,0,0,0,0,0,0,0,4,363.87,363.87,1F,1,1,1,0080,69,40,40,0,0,19,-28.00
03/06/2018 18:17:59,55 59.40535,-2 30.55496,239,0,326,644609,1144818,364.03,-10.756,3799,3784,3792,15,0,95.8,35.4,88.2,31.2,none,none,82.2,27.9,3792,-3799,3788,-3795,3790,3794,3792,3794,3789,-3795,3789,-3795,3790,-3796,3788,-3795,3788,3795,3789,-3795,3789,-3795,3790,-3796,3789,-3797,3789,-3797,3788,-3794,3791,-3796,3791,-3794,3791,3795,3790,-3795,3789,-3793,3791,-3794,3793,-3796,3790,3794,3791,-3791,3789,-3796,3790,-3798,3790,-3796,3792,-3796,3790,3796,3790,-3796,3787,-3797,3787,-3798,3788,-3799,3788,-3798,3789,-3796,3787,-3795,3786,-3796,3784,3798,3785,-3799,3786,-3798,3786,-3798,3784,-3798,3787,3796,3785,-3797,3790,-3798,3787,-3796,3788,-3797,3787,-3792,-0.36,SJNFAAZE1U0005576,117.74,13.04,9173.23828125,79,75,0,0,0,0,16.0,99.17,-173305,59,1528046279.779,0,2,0,0,0,0,0,0,0,4,364.11,364.11,1F,1,1,1,0080,69,40,40,0,0,19,-80.50
03/06/2018 18:18:03,55 59.40535,-2 30.55496,239,0,326,644653,1144818,363.65,1.296,3796,3779,3788,17,0,95.8,35.4,88.0,31.1,none,none,82.2,27.9,3789,-3796,3784,-3793,3787,3792,3788,-3790,3786,-3792,3786,3793,3785,-3794,3785,-3793,3786,-3792,3785,-3790,3786,3791,3786,-3793,3786,-3793,3786,-3793,3786,-3790,3788,-3793,3788,-3792,3788,-3792,3787,-3791,3785,3792,3787,-3791,3789,-3792,3787,-3792,3787,-3789,3786,-3792,3786,3794,3785,-3793,3788,-3792,3786,-3793,3788,-3792,3783,3793,3783,-3794,3783,-3796,3783,-3793,3786,-3792,3784,-3793,3782,-3794,3780,-3794,3781,-3794,3782,3796,3781,-3796,3779,-3793,3785,-3794,3781,-3794,3786,3794,3784,-3792,3785,-3793,3783,-3790,-0.33,SJNFAAZE1U0005576,117.74,13.04,9173.23828125,79,75,0,0,0,0,16.0,99.17,-173306,59,1528046283.406,40,2,0,0,0,0,0,0,0,4,363.77,363.77,1F,1,1,1,0080,69,40,40,0,0,19,28.00
03/06/2018 18:18:07,55 59.40535,-2 30.55496,239,0,326,644635,1144818,363.65,1.815,3796,3780,3788,16,0,95.8,35.4,88.2,31.2,none,none,82.2,27.9,3788,-3796,3784,-3793,3786,3791,3790,-3790,3786,-3792,3785,-3792,3786,-3793,3786,3793,3785,-3792,3785,-3792,3786,-3792,3786,-3793,3787,3794,3786,-3793,3784,-3791,3787,-3792,3787,-3791,3788,-3792,3786,3792,3786,-3791,3787,-3790,3789,-3792,3786,-3791,3787,-3789,3785,-3792,3785,-3794,3785,-3792,3787,3792,3786,-3792,3787,-3792,3783,-3793,3782,-3794,3784,3796,3783,-3794,3785,-3794,3783,-3793,3783,-3793,3780,-3793,3781,-3794,3781,-3795,3781,-3795,3781,3793,3784,-3794,3782,-3792,3786,-3794,3784,-3791,3785,3793,3783,-3789,-0.32,SJNFAAZE1U0005576,117.74,13.04,9173.23828125,79,75,0,0,0,0,16.0,99.17,-173306,59,1528046287.061,0,2,1,0,4,0,0,0,0,4,363.71,363.71,1F,1,1,1,0080,69,40,40,0,0,19,0.00
03/06/2018 18:18:10,55 59.40535,-2 30.55496,239,0,326,644624,1144818,363.74,1.083,3796,3779,3789,17,0,95.8,35.4,88.2,31.2,none,none,82.2,27.9,3794,3789,3792,-3785,3794,3787,3793,-3786,3793,-3786,3791,-3787,3793,-3787,3793,-3786,-3792,-3786,3791,3785,3792,-3786,3793,3788,3794,-3786,3793,-3784,3791,-3787,3793,3789,3792,-3788,3792,-3789,3792,-3787,3792,-3785,3794,3787,3794,-3789,3791,-3787,3792,-3786,3791,-3784,3793,-3786,3794,-3787,3793,-3786,3794,-3784,3795,3784,3793,-3783,3795,-3782,3795,-3784,3795,-3784,3795,3784,3795,-3785,3793,-3780,3794,-3780,3796,-3779,3796,-3781,3796,-3782,3794,-3783,3794,-3783,3793,3784,3793,-3786,3792,-3784,3795,-3784,3793,-3783,-0.34,SJNFAAZE1U0005576,117.74,13.04,9173.23828125,79,75,0,0,0,0,16.0,99.17,-173306,59,1528046290.578,0,2,0,0,0,0,0,0,0,4,363.77,363.77,1F,1,1,1,0080,69,40,40,0,0,19,0.00
03/06/2018 18:18:14,55 59.40535,-2 30.55496,239,0,326,644614,1144818,363.74,1.113,3797,3780,3789,17,0,95.8,35.4,88.2,31.2,none,none,82.2,27.9,-3794,3789,-3792,3786,-3794,3788,-3792,3787,-3792,3787,-3793,3787,-3792,3788,-3794,3787,-3792,3786,-3792,3786,-3793,3786,-3792,3787,-3794,3787,-3794,3785,-3791,3787,-3794,3789,-3793,3788,-3792,3790,-3792,3787,-3792,3786,-3792,3787,-3794,3788,-3790,3787,-3793,3785,-3792,3783,-3793,3786,-3794,3787,-3794,3786,-3794,3784,-3796,3784,-3795,3782,-3796,3784,-3796,3785,-3796,3784,-3795,3784,-3795,3785,-3794,3780,-3795,3780,-3796,3781,-3797,3782,-3796,3782,-3794,3782,-3794,3783,-3793,3783,-3794,3786,-3792,3783,-3793,3785,-3793,3783,-0.34,SJNFAAZE1U0005576,117.74,13.04,9173.23828125,79,75,0,0,0,0,16.0,99.17,-173306,59,1528046294.387,0,2,0,0,0,0,0,0,0,4,363.78,363.78,1F,1,1,1,0080,69,40,40,0,0,19,0.00
03/06/2018 18:18:18,55 59.40535,-2 30.55496,239,0,326,644604,1144818,363.74,1.144,3797,3780,3789,17,0,95.8,35.4,88.2,31.2,none,none,82.2,27.9,-3793,3789,-3793,3786,-3794,3788,-3793,3787,-3792,3787,-3791,3788,-3794,3787,-3794,3787,-3793,3786,-3793,3786,-3794,3787,-3793,3789,-3795,3787,-3794,3786,-3792,3787,-3794,3789,-3792,3786,-3792,3789,-3792,3788,-3792,3786,-3793,3788,-3795,3789,-3791,3787,-3793,3786,-3791,3785,-3795,3786,-3793,3787,-3794,3786,-3793,3786,-3796,3784,-3794,3784,-3795,3783,-3796,3786,-3795,3785,-3796,3783,-3795,3785,-3794,3780,-3795,3781,-3796,3781,-3797,3783,-3795,3782,-3795,3783,-3795,3783,-3794,3784,-3794,3787,-3792,3783,-3795,3784,-3793,3783,-0.32,SJNFAAZE1U0005576,117.74,13.04,9173.23828125,79,75,0,0,0,0,16.0,99.17,-173306,59,1528046298.146,0,2,0,0,0,0,0,0,0,4,363.79,363.79,1F,1,1,1,0080,69,40,40,0,0,19,0.00
03/06/2018 18:18:21,55 59.40535,-2 30.55496,239,0,326,644594,1144818,363.74,1.144,3797,3780,3789,17,0,95.8,35.4,88.2,31.2,none,none,82.2,27.9,-3794,3790,-3793,3786,-3794,3787,-3793,3787,-3792,3787,-3793,3787,-3792,3788,-3794,3787,-3792,3786,-3793,3785,-3792,3786,-3793,3789,-3794,3786,-3794,3786,-3792,3788,-3793,3790,-3792,3787,-3793,3789,-3793,3787,-3792,3786,-3794,3787,-3795,3788,-3792,3787,-3792,3786,-3791,3786,-3794,3785,-3794,3787,-3794,3787,-3794,3785,-3797,3784,-3794,3783,-3796,3784,-3796,3784,-3796,3786,-3796,3783,-3796,3786,-3794,3780,-3795,3780,-3795,3780,-3797,3782,-3796,3782,-3795,3783,-3794,3784,-3794,3784,-3795,3786,-3793,3784,-3794,3785,-3792,3784,-0.34,SJNFAAZE1U0005576,117.74,13.04,9173.23828125,79,75,0,0,0,0,16.0,99.17,-173306,59,1528046301.909,0,2,0,0,0,0,0,0,0,4,363.81,363.81,1F,1,1,1,0080,69,40,40,0,0,19,0.00
03/06/2018 18:18:25,55 59.40535,-2 30.55496,239,0,326,644583,1144818,363.74,1.144,3796,3781,3789,15,0,95.8,35.4,88.0,31.1,none,none,82.2,27.9,-3795,3791,-3792,3787,-3794,3788,-3793,3788,-3793,3788,-3791,3789,-3793,3788,-3793,3787,-3792,3787,-3791,3787,-3794,3786,-3793,3790,-3794,3787,-3794,3786,-3792,3789,-3792,3789,-3792,3788,-3792,3790,-3792,3788,-3791,3787,-3793,3788,-3795,3790,-3792,3788,-3793,3787,-3791,3786,-3794,3788,-3793,3788,-3795,3788,-3794,3785,-3795,3785,-3793,3784,-3794,3786,-3795,3787,-3794,3786,-3795,3785,-3794,3787,-3794,3781,-3794,3782,-3794,3782,-3796,3783,-3794,3784,-3794,3785,-3794,3785,-3793,3785,-3794,3788,-3792,3786,-3794,3785,-3792,3785,-0.32,SJNFAAZE1U0005576,117.74,13.04,9173.23828125,79,75,0,0,0,0,16.0,99.17,-173306,59,1528046305.661,0,2,0,0,0,0,0,0,0,4,363.82,363.82,1F,1,1,1,0080,69,40,40,0,0,19,0.00
03/06/2018 18:18:29,55 59.40535,-2 30.55496,239,0,326,644573,1144818,363.74,1.113,3796,3780,3789,16,0,95.8,35.4,88.2,31.2,none,none,82.0,27.8,3789,-3796,3785,-3793,3788,3792,3790,-3791,3786,-3792,3786,-3793,3787,-3795,3786,-3794,3786,-3793,3786,-3793,3787,-3793,3787,3793,3787,-3796,3786,-3795,3786,-3793,3789,-3794,3789,3793,3788,-3793,3788,-3792,3787,-3792,3789,-3792,3790,-3794,3789,-3793,3788,-3789,3786,-3794,3788,3796,3787,-3793,3789,-3793,3787,-3794,3788,-3792,3785,3795,3785,-3795,3785,-3796,3785,-3795,3786,-3794,3785,-3794,3784,-3794,3780,-3796,3782,-3796,3782,3796,3782,-3796,3781,-3795,3784,-3795,3784,-3794,3786,3795,3784,-3792,3785,-3794,3784,-3791,-0.33,SJNFAAZE1U0005576,117.74,13.04,9173.23828125,79,75,0,0,0,0,16.0,99.17,-173306,59,1528046309.437,0,2,0,0,0,0,0,0,0,4,363.84,363.84,1F,1,1,1,0080,69,40,40,0,0,19,0.00
03/06/2018 18:18:33,55 59.40535,-2 30.55496,239,0,326,644560,1144818,363.74,1.632,3797,3781,3789,16,0,95.8,35.4,88.0,31.1,none,none,82.2,27.9,3789,-3797,3785,-3794,3787,3793,3790,-3791,3787,3792,3787,-3793,3786,-3794,3786,-3794,3786,-3793,3786,-3792,3786,-3792,3787,-3794,3788,-3796,3786,3794,3785,-3791,3788,-3793,3789,-3793,3788,-3793,3787,3793,3786,-3792,3788,-3791,3790,-3793,3788,-3791,3788,-3790,3786,-3793,3786,-3795,3787,-3793,3788,3793,3788,-3793,3787,-3792,3785,-3794,3784,-3796,3785,3796,3784,-3795,3787,-3793,3785,-3794,3784,-3795,3781,-3795,3782,-3795,3783,-3796,3781,-3796,3781,3795,3784,-3794,3784,-3793,3787,-3794,3784,-3792,3785,-3794,3784,3790,-0.36,SJNFAAZE1U0005576,117.74,13.04,9173.23828125,79,75,0,0,0,0,16.5,99.17,-173306,59,1528046313.105,0,2,1,0,4,0,0,0,0,4,363.82,363.82,1F,1,1,1,0080,69,40,40,0,0,19,0.00
03/06/2018 18:18:36,55 59.40535,-2 30.55496,239,0,326,644548,1144818,363.84,1.144,3797,3781,3790,16,0,95.8,35.4,88.0,31.1,none,none,82.2,27.9,3789,-3797,3786,3794,3788,3793,3790,-3791,3787,-3793,3787,-3793,3787,3795,3788,-3795,3787,-3793,3787,-3792,3787,-3794,3787,-3794,3788,-3796,3785,-3794,3786,-3792,3788,3793,3787,-3792,3788,-3793,3788,-3793,3787,-3792,3788,3793,3791,-3795,3788,-3793,3788,-3790,3787,-3793,3787,-3796,3787,-3794,3789,-3793,3788,-3793,3788,3793,3785,-3796,3784,-3796,3785,-3796,3785,-3796,3787,3794,3785,-3795,3785,-3794,3781,-3795,3781,-3796,3782,-3797,3783,3796,3782,-3796,3786,-3795,3784,-3794,3787,-3796,3785,-3793,3786,-3795,3785,-3790,-0.32,SJNFAAZE1U0005576,117.74,13.04,9173.23828125,79,75,0,0,0,0,16.5,99.17,-173306,59,1528046316.657,0,2,0,0,0,0,0,0,0,4,363.87,363.87,1F,1,1,1,0080,69,40,40,0,0,19,0.00
03/06/2018 18:18:40,55 59.40535,-2 30.55496,239,0,326,644507,1144818,362.69,22.903,3785,3769,3778,16,0,95.8,35.4,88.2,31.2,none,none,82.0,27.8,3778,-3783,3774,-3781,3776,3781,3779,3780,3776,-3782,3776,-3783,3776,-3783,3776,-3783,3776,3782,3776,-3782,3777,-3782,3778,-3784,3778,-3784,3776,-3784,3776,-3782,3778,-3784,3778,-3782,3779,3783,3777,-3782,3777,-3782,3778,-3780,3778,-3783,3777,3781,3776,-3778,3774,-3779,3774,-3782,3775,-3780,3777,-3780,3777,3781,3778,-3780,3774,-3782,3773,-3782,3773,-3785,3774,-3784,3777,-3783,3774,-3783,3775,-3781,3769,3783,3771,-3784,3773,-3784,3773,-3784,3771,-3783,3774,3781,3774,-3783,3775,-3783,3773,-3781,3775,-3781,3772,-3777,-0.35,SJNFAAZE1U0005576,117.74,13.04,9173.23828125,79,75,0,0,0,0,16.0,99.17,-173306,59,1528046320.156,3960,2,0,0,0,0,0,0,0,4,363.10,363.10,1F,1,1,1,0080,69,40,40,0,0,19,134.50
03/06/2018 18:18:43,55 59.40535,-2 30.55496,239,0,326,644219,1144818,362.69,21.285,3785,3768,3778,17,0,95.8,35.4,88.0,31.1,none,none,82.2,27.9,3777,-3784,3774,-3782,3775,3781,3779,-3780,3776,-3782,3775,3782,3776,-3784,3775,-3784,3776,-3782,3776,-3782,3776,3783,3776,-3783,3776,-3785,3776,-3784,3775,-3782,3778,-3783,3778,-3781,3777,-3782,3777,-3781,3775,-3781,3778,-3781,3779,-3783,3775,-3780,3776,-3778,3773,-3781,3775,3783,3774,-3781,3776,-3780,3776,-3782,3777,-3781,3773,3783,3771,-3784,3773,-3783,3774,-3784,3774,-3782,3771,-3783,3773,-3783,3768,-3783,3770,-3784,3770,3785,3770,-3784,3769,-3783,3772,-3783,3771,-3782,3774,3782,3771,-3781,3773,-3783,3771,-3778,-0.34,SJNFAAZE1U0005576,117.74,13.04,9173.23828125,79,75,0,0,0,0,16.5,99.17,-173306,59,1528046323.582,8400,2,0,0,0,0,0,0,0,4,362.66,362.66,1F,1,1,1,0080,69,40,40,0,0,19,41.00
03/06/2018 18:18:47,55 59.40535,-2 30.55496,239,0,326,644040,1144818,363.07,8.925,3789,3772,3782,17,0,95.8,35.4,88.0,31.1,none,none,82.0,27.8,-3785,3782,-3784,3779,-3787,3779,-3785,3780,-3785,3780,-3785,3781,-3787,3780,-3787,3779,-3786,3780,-3784,3779,-3786,3779,-3786,3781,-3788,3779,-3788,3779,-3784,3780,-3786,3782,-3786,3781,-3785,3782,-3785,3780,-3785,3779,-3786,3781,-3788,3781,-3785,3780,-3785,3779,-3782,3777,-3787,3778,-3787,3779,-3786,3779,-3787,3778,-3789,3777,-3787,3777,-3787,3776,-3789,3778,-3788,3777,-3788,3776,-3787,3778,-3787,3772,-3788,3774,-3789,3774,-3789,3775,-3787,3774,-3788,3778,-3787,3777,-3785,3777,-3786,3778,-3784,3776,-3787,3778,-3785,3777,-0.36,SJNFAAZE1U0005576,117.74,13.04,9173.23828125,79,75,0,0,0,0,16.5,99.17,-173306,59,1528046327.027,4800,2,0,0,0,0,0,0,0,4,363.03,363.03,1F,1,1,1,0080,69,40,40,0,0,19,11.00
03/06/2018 18:18:50,55 59.40535,-2 30.55496,239,0,326,643880,1144818,362.02,33.767,3779,3760,3771,19,0,95.8,35.4,88.2,31.2,none,none,82.2,27.9,-3774,3770,-3773,3768,-3774,3768,-3775,3769,-3773,3769,-3774,3770,-3775,3770,-3777,3770,-3776,3768,-3775,3768,-3776,3769,-3776,3770,-3776,3770,-3777,3768,-3775,3770,-3775,3772,-3774,3771,-3775,3772,-3773,3770,-3774,3768,-3775,3770,-3776,3771,-3773,3769,-3774,3768,-3772,3764,-3774,3766,-3773,3767,-3775,3767,-3775,3766,-3776,3765,-3774,3764,-3777,3765,-3777,3766,-3776,3767,-3776,3765,-3776,3766,-3776,3760,-3774,3761,-3777,3762,-3779,3763,-3777,3764,-3775,3764,-3776,3765,-3775,3765,-3775,3766,-3772,3764,-3774,3765,-3774,3764,-0.36,SJNFAAZE1U0005576,117.74,13.04,9173.23828125,79,75,0,0,0,0,16.5,99.17,-173306,59,1528046330.719,9280,2,0,0,0,0,0,0,0,4,362.17,362.17,1F,1,1,1,0080,69,40,40,0,0,19,62.00
03/06/2018 18:18:54,55 59.40535,-2 30.55496,239,0,325,643453,1144818,361.54,45.577,3774,3755,3766,19,0,95.8,35.4,88.0,31.1,none,none,82.0,27.8,-3769,3764,-3769,3762,-3770,3765,-3770,3763,-3768,3764,-3769,3765,-3771,3765,-3771,3764,-3770,3765,-3770,3764,-3770,3764,-3771,3766,-3772,3764,-3771,3763,-3769,3764,-3771,3766,-3769,3765,-3769,3767,-3769,3765,-3769,3764,-3770,3765,-3771,3767,-3768,3764,-3769,3763,-3766,3760,-3768,3761,-3769,3761,-3769,3762,-3770,3761,-3771,3760,-3769,3759,-3771,3759,-3772,3761,-3771,3763,-3772,3760,-3772,3761,-3771,3755,-3770,3757,-3772,3758,-3774,3758,-3772,3758,-3769,3759,-3771,3761,-3771,3760,-3770,3762,-3767,3759,-3770,3759,-3768,3759,-0.41,SJNFAAZE1U0005576,117.74,13.04,9173.23828125,79,75,0,0,0,0,16.5,99.17,-173306,59,1528046334.480,16280,2,0,0,0,0,0,0,0,4,361.23,361.23,1F,1,1,1,0080,69,40,40,0,0,19,11.50
03/06/2018 18:18:58,55 59.40535,-2 30.55496,239,0,325,643279,1144818,362.02,24.520,3779,3761,3771,18,0,95.6,35.3,88.0,31.1,none,none,82.0,27.8,-3776,3770,-3773,3767,-3775,3770,-3775,3769,-3773,3770,-3774,3771,-3775,3771,-3776,3770,-3775,3770,-3774,3768,-3775,3769,-3775,3770,-3776,3770,-3775,3768,-3774,3770,-3775,3772,-3774,3771,-3774,3771,-3773,3770,-3774,3769,-3775,3770,-3776,3772,-3773,3769,-3773,3768,-3771,3764,-3773,3766,-3774,3766,-3775,3767,-3775,3766,-3777,3766,-3775,3764,-3777,3765,-3777,3767,-3777,3767,-3777,3765,-3777,3766,-3777,3761,-3776,3762,-3777,3762,-3779,3763,-3776,3764,-3775,3765,-3775,3766,-3775,3765,-3774,3767,-3772,3764,-3775,3766,-3772,3764,-0.36,SJNFAAZE1U0005576,117.74,13.04,9173.23828125,79,75,0,0,0,0,16.5,99.17,-173306,59,1528046338.005,6080,2,0,0,0,0,0,0,0,4,362.04,362.04,1F,1,1,1,0080,69,40,40,0,0,19,24.50
03/06/2018 18:19:01,55 59.40535,-2 30.55496,239,0,325,643086,1144818,362.59,6.576,3784,3768,3777,16,0,95.8,35.4,88.2,31.2,none,none,82.2,27.9,-3776,3784,-3773,3781,-3775,3780,-3778,3778,-3775,3780,-3774,3781,-3776,3783,-3775,3782,-3775,3781,-3775,3781,-3776,3782,-3775,3782,-3776,3783,-3775,3782,-3774,3780,-3777,3781,-3777,3780,-3776,3781,-3776,3781,-3775,3780,3777,3780,-3778,3783,3776,-3780,3776,-3778,3773,-3781,3774,-3783,3775,3780,3777,-3780,3777,-3781,3776,-3779,-3773,3782,-3772,-3782,-3774,3784,-3772,3783,-3775,3782,-3772,3781,-3772,3782,-3768,3783,-3768,3784,-3771,3784,-3769,3783,-3769,3783,-3772,3782,-3771,3782,-3774,3782,-3771,3781,-3773,3782,-3771,3778,-0.38,SJNFAAZE1U0005576,117.74,13.04,9173.23828125,79,75,0,0,0,0,16.5,99.17,-173306,59,1528046341.487,6760,2,1,0,6,0,0,0,0,4,362.48,362.48,1F,1,1,1,0080,69,40,40,0,0,19,16.25
03/06/2018 18:19:04,55 59.40535,-2 30.55496,239,0,325,642991,1144818,362.11,13.076,3780,3762,3772,18,0,95.6,35.3,88.0,31.1,none,none,82.0,27.8,3771,3780,3767,-3775,3769,3775,3773,-3774,3768,-3776,3769,-3776,3770,-3778,3770,-3778,3769,-3776,3769,3776,3769,-3776,3770,-3777,3771,-3779,3768,-3778,3769,3776,3771,-3777,3770,-3777,3771,-3777,3771,-3777,3771,-3775,3772,-3776,3772,-3777,3769,-3776,3770,3773,3767,-3774,3767,-3777,3768,-3775,3770,-3775,3770,-3776,3769,3775,3765,-3776,3766,-3777,3766,-3778,3767,-3778,3769,3776,3767,-3777,3768,-3777,3762,-3777,3764,-3778,3764,-3778,3763,-3779,3762,-3777,3766,-3777,3767,3775,3769,-3775,3766,-3775,3767,-3775,3765,-3772,-0.39,SJNFAAZE1U0005576,117.74,13.04,9173.23828125,79,75,0,0,0,0,16.5,99.17,-173306,59,1528046344.998,2520,2,0,0,0,0,0,0,0,4,362.45,362.45,1F,1,1,1,0080,69,40,40,0,0,19,26.00
03/06/2018 18:19:08,55 59.40535,-2 30.55496,239,0,325,642830,1144818,363.46,-9.688,3794,3777,3786,17,0,95.8,35.4,88.0,31.1,none,none,82.0,27.8,3784,-3794,3783,-3790,3784,3788,3786,-3788,3783,-3790,3782,-3789,3783,-3791,3783,-3791,3782,-3790,3783,-3789,3782,-3790,3783,3790,3783,-3792,3782,-3790,3782,-3788,3785,-3789,3785,-3788,3785,3789,3784,-3788,3783,-3789,3785,-3789,3786,-3791,3784,3789,3785,-3786,3783,-3791,3784,-3791,3783,-3790,3786,-3790,3783,-3790,3785,-3789,3782,-3791,3781,3793,3781,-3794,3782,-3791,3782,-3790,3781,-3790,3779,3791,3777,-3793,3777,-3791,3778,-3793,3778,-3793,3778,-3791,3781,-3791,3780,-3791,3783,-3791,3780,3789,3782,-3792,3780,-3787,-0.34,SJNFAAZE1U0005576,117.74,13.04,9173.23828125,79,75,0,0,0,0,16.5,99.17,-173306,59,1528046348.273,1960,2,0,0,0,0,0,0,0,4,363.04,363.04,1F,1,1,1,0080,69,40,40,0,0,19,-33.00
03/06/2018 18:19:11,55 59.40535,-2 30.55496,239,0,325,642867,1144818,361.92,28.487,3776,3762,3770,14,0,95.6,35.3,88.0,31.1,none,none,82.0,27.8,3770,-3776,3768,-3774,3770,3773,3771,-3772,3769,-3773,3768,3774,3771,-3776,3770,-3775,3769,-3774,3769,-3773,3770,3774,3770,-3774,3770,-3776,3769,-3775,3768,-3774,3772,-3775,3770,-3773,3771,-3774,3770,-3774,3768,3772,3771,-3772,3772,-3774,3769,-3773,3770,-3769,3765,3771,3767,-3773,3767,-3772,3768,-3773,3768,-3773,3769,-3772,3766,-3773,3765,-3775,3767,-3775,3766,3775,3767,-3774,3766,-3773,3769,-3773,3762,-3774,3765,3775,3765,-3776,3764,-3775,3763,-3774,3765,-3775,3765,-3775,3767,-3774,3764,-3773,3766,-3773,3765,3769,-0.38,SJNFAAZE1U0005576,117.74,13.04,9173.23828125,79,75,0,0,0,0,16.5,99.17,-173308,59,1528046351.894,5720,2,0,0,0,0,0,0,0,4,362.14,362.14,1F,1,1,1,0080,70,40,40,0,0,19,37.50
03/06/2018 18:19:15,55 59.40535,-2 30.55496,239,0,325,642737,1144818,362.21,21.743,3781,3763,3773,18,0,95.6,35.3,88.0,31.1,none,none,82.0,27.8,3772,-3781,3768,-3777,3771,3776,3773,-3775,3770,-3778,3770,-3778,3772,-3780,3771,3779,3771,-3778,3770,-3776,3771,-3779,3771,-3778,3771,3780,3770,-3779,3770,-3776,3772,-3778,3771,-3777,3772,-3778,3771,-3776,3771,-3776,3771,-3776,3773,3777,3769,-3776,3771,-3773,3768,-3777,3769,-3777,3769,3776,3770,-3775,3770,-3777,3769,-3776,3767,-3778,3768,-3779,3766,-3779,3768,-3780,3769,-3777,3768,3778,3768,-3778,3763,-3779,3765,-3778,3766,-3779,3765,-3780,3763,-3776,3767,-3777,3767,-3777,3769,-3777,3767,-3776,3767,3776,3765,-3773,-0.38,SJNFAAZE1U0005576,117.74,13.04,9173.23828125,79,75,0,0,0,0,16.5,99.17,-173308,59,1528046355.317,4800,2,0,0,0,0,0,0,0,4,362.23,362.23,1F,1,1,1,0080,69,40,40,0,0,19,22.75
03/06/2018 18:19:19,55 59.40535,-2 30.55496,239,0,325,642573,1144818,362.40,13.076,3782,3766,3775,16,0,95.6,35.3,88.0,31.1,none,none,82.0,27.8,3778,3774,3778,-3772,3779,3773,3779,-3772,3777,-3773,3778,-3773,3779,-3773,3780,-3773,-3778,-3772,3778,3773,-3779,3773,-3780,3776,-3780,3772,-3780,3772,-3778,3773,-3779,3775,-3778,3774,-3778,3777,-3777,3773,-3777,3773,-3779,3773,-3780,3775,-3776,3774,-3778,3772,-3775,3771,-3778,3770,-3779,3772,-3778,3772,-3781,3771,-3781,3770,-3779,3769,-3781,3769,-3782,3770,-3781,3770,-3780,3769,-3780,3770,3781,-3766,3780,3766,3782,-3766,3781,-3768,3781,-3768,3780,-3768,3778,-3769,3778,3770,3778,-3771,3777,-3770,3778,-3770,3778,-3769,-0.36,SJNFAAZE1U0005576,117.74,13.04,9173.23828125,79,75,0,0,0,0,16.5,99.17,-173308,59,1528046359.159,4840,2,0,0,0,0,0,0,0,4,362.38,362.38,1F,1,1,1,0080,70,40,40,0,0,19,2.25
03/06/2018 18:19:22,55 59.40535,-2 30.55496,239,0,325,642538,1144818,363.17,-8.773,3791,3774,3783,17,0,95.6,35.3,88.0,31.1,none,none,82.0,27.8,-3788,3784,-3787,3781,-3788,3782,-3786,3782,-3786,3782,-3786,3782,-3788,3782,-3788,3782,-3786,3781,-3786,3780,-3787,3781,-3787,3783,-3789,3781,-3788,3780,-3786,3782,-3787,3784,-3787,3782,-3786,3784,-3786,3782,-3786,3781,-3787,3782,-3789,3784,-3786,3781,-3787,3781,-3786,3779,-3788,3781,-3788,3781,-3788,3781,-3788,3780,-3790,3779,-3789,3777,-3789,3778,-3790,3780,-3789,3778,-3790,3777,-3789,3780,-3788,3774,-3788,3774,-3790,3774,-3791,3777,-3789,3777,-3788,3778,-3788,3777,-3788,3778,-3788,3781,-3787,3778,-3788,3779,-3787,3779,-0.36,SJNFAAZE1U0005576,117.74,13.04,9173.23828125,79,75,0,0,0,0,16.5,99.17,-173308,59,1528046362.647,0,2,0,0,0,0,0,0,0,4,363.26,363.26,1F,1,1,1,0080,69,40,40,0,0,19,15.00
03/06/2018 18:19:26,55 59.40535,-2 30.55496,239,0,325,642500,1144818,362.59,3.615,3784,3768,3777,16,0,95.6,35.3,88.0,31.1,none,none,82.0,27.8,-3781,3776,-3780,3774,-3781,3776,-3780,3773,-3779,3774,-3779,3776,-3781,3776,-3780,3775,-3780,3775,-3780,3773,-3781,3774,-3782,3777,-3782,3774,-3782,3774,-3781,3777,-3781,3778,-3780,3776,-3780,3778,-3779,3775,-3779,3774,-3781,3776,-3782,3776,-3779,3775,-3780,3773,-3779,3773,-3781,3774,-3781,3774,-3781,3773,-3782,3773,-3784,3771,-3781,3770,-3783,3771,-3782,3772,-3782,3772,-3783,3770,-3782,3772,-3782,3768,-3782,3769,-3782,3769,-3784,3769,-3783,3769,-3782,3770,-3782,3771,-3781,3772,-3781,3773,-3779,3771,-3781,3771,-3779,3770,-0.38,SJNFAAZE1U0005576,117.74,13.04,9173.23828125,79,75,0,0,0,0,16.5,99.17,-173308,59,1528046366.168,0,2,0,0,0,0,0,0,0,4,362.90,362.90,1F,1,1,1,0080,69,40,40,0,0,19,20.50
03/06/2018 18:19:30,55 59.40535,-2 30.55496,239,0,325,642381,1144818,362.40,7.277,3782,3767,3775,15,0,95.6,35.3,88.0,31.1,none,none,82.0,27.8,-3780,3775,-3778,3772,-3779,3774,-3778,3773,-3777,3772,-3777,3774,-3779,3775,-3780,3774,-3778,3773,-3778,3772,-3779,3774,-3780,3775,-3779,3774,-3779,3772,-3778,3775,-3779,3776,-3778,3775,-3779,3777,-3778,3775,-3777,3773,-3778,3774,-3779,3776,-3777,3773,-3778,3773,-3775,3770,-3778,3772,-3778,3772,-3780,3773,-3778,3772,-3781,3771,-3778,3769,-3779,3770,-3781,3771,-3780,3771,-3780,3771,-3780,3772,-3780,3767,-3778,3768,-3780,3768,-3782,3769,-3780,3769,-3778,3770,-3779,3770,-3779,3770,-3779,3772,-3777,3769,-3779,3771,-3777,3770,-0.36,SJNFAAZE1U0005576,117.74,13.04,9173.23828125,79,75,0,0,0,0,16.5,99.17,-173308,59,1528046370.006,3200,2,0,0,0,0,0,0,0,4,362.67,362.67,1F,1,1,1,0080,69,40,40,0,0,19,33.00
03/06/2018 18:19:33,55 59.40535,-2 30.55496,239,0,325,641992,1144818,360.29,61.477,3760,3744,3753,16,0,95.8,35.4,88.0,31.1,none,none,82.2,27.9,-3755,3753,-3755,3750,-3757,3752,-3756,3752,-3755,3753,-3756,3755,-3758,3755,-3759,3754,-3757,3754,-3757,3754,-3758,3754,-3759,3756,-3759,3752,-3758,3752,-3758,3754,-3758,3755,-3757,3753,-3756,3756,-3756,3753,-3757,3753,-3758,3754,-3759,3755,-3755,3753,-3755,3751,-3751,3747,-3753,3748,-3754,3749,-3755,3749,-3757,3749,-3757,3748,-3754,3747,-3757,3747,-3757,3750,-3758,3750,-3758,3749,-3756,3750,-3760,3744,-3755,3746,-3759,3746,-3759,3748,-3757,3748,-3756,3748,-3755,3748,-3756,3748,-3754,3748,-3753,3747,-3754,3747,-3753,3745,-0.35,SJNFAAZE1U0005576,117.74,13.04,9173.23828125,79,75,0,0,0,0,16.5,99.17,-173308,59,1528046373.612,17480,2,0,0,0,0,0,0,0,4,360.39,360.39,1F,1,1,1,0080,69,40,40,0,0,19,61.00
03/06/2018 18:19:37,55 59.40535,-2 30.55496,239,0,325,641566,1144818,361.73,29.037,3775,3758,3768,17,0,95.8,35.4,88.0,31.1,none,none,82.2,27.9,3768,-3775,3764,-3772,3766,3771,3770,-3770,3765,-3772,3766,3773,3767,-3774,3766,-3773,3765,-3773,3766,-3773,3766,3772,3767,-3772,3767,-3774,3766,-3773,3766,-3772,3768,-3774,3768,3773,3768,-3772,3767,-3772,3767,-3771,3768,-3771,3768,-3773,3765,-3771,3766,-3768,3764,-3770,3764,3773,3764,-3771,3766,-3771,3766,-3771,3765,-3771,3762,3773,3762,-3773,3762,-3775,3762,-3773,3764,-3772,3763,-3772,3763,-3774,3758,-3773,3759,-3774,3761,3775,3761,-3775,3760,-3772,3763,-3773,3762,-3773,3765,3773,3762,-3770,3764,-3772,3762,-3768,-0.36,SJNFAAZE1U0005576,117.74,13.04,9173.23828125,79,75,0,0,0,0,16.5,99.17,-173308,59,1528046377.369,10120,2,0,0,0,0,0,0,0,4,361.16,361.16,1F,1,1,1,0080,69,40,40,0,0,19,9.50
03/06/2018 18:19:41,55 59.40535,-2 30.55496,239,0,324,641407,1144818,361.63,13.534,3774,3757,3767,17,0,95.8,35.4,88.2,31.2,none,none,82.2,27.9,3766,-3774,3762,-3772,3764,3770,3768,-3770,3764,-3771,3764,-3772,3766,-3774,3764,3774,3764,-3771,3764,-3772,3764,-3772,3766,-3773,3766,-3773,3764,3774,3765,-3772,3767,-3773,3767,-3772,3766,-3773,3765,3773,3765,-3771,3767,-3770,3767,-3773,3764,-3771,3765,-3769,3762,-3770,3763,-3771,3763,-3770,3765,3770,3765,-3771,3764,-3771,3761,-3772,3760,-3773,3761,3773,3761,-3772,3763,-3772,3761,-3772,3763,-3773,3757,-3772,3759,-3774,3760,-3773,3759,-3774,3758,3772,3761,-3772,3761,-3772,3763,-3772,3761,-3769,3761,3772,3760,-3767,-0.36,SJNFAAZE1U0005576,117.74,13.04,9173.23828125,79,75,0,0,0,0,16.5,99.17,-173308,59,1528046381.105,4800,2,0,0,0,0,0,0,0,4,361.77,361.77,1F,1,1,1,0080,69,40,40,0,0,19,16.75
03/06/2018 18:19:44,55 59.40535,-2 30.55496,239,0,324,641223,1144818,361.54,21.316,3774,3757,3766,17,0,95.6,35.3,88.0,31.1,none,none,82.0,27.8,3763,3773,3762,-3770,3764,3769,3767,-3768,3764,-3769,3764,-3772,3765,-3774,3765,-3773,3764,-3771,3764,3770,3765,-3772,3766,-3771,3765,-3773,3763,-3771,3764,-3770,3767,3772,3766,-3770,3766,-3771,3765,-3770,3765,-3770,3766,3770,3768,-3771,3764,-3769,3765,-3766,3759,-3768,3761,-3770,3762,-3769,3763,-3768,3764,-3770,3763,3768,3760,-3772,3759,-3772,3762,-3772,3761,-3772,3762,3770,3760,-3771,3760,-3770,3757,-3771,3757,-3772,3758,-3772,3757,-3772,3757,-3771,3760,-3770,3759,3771,3761,-3770,3759,-3768,3760,-3770,3759,-3766,-0.34,SJNFAAZE1U0005576,117.74,13.04,9173.23828125,79,75,0,0,0,0,16.5,99.17,-173308,59,1528046384.890,5960,2,0,0,0,0,0,0,0,4,361.57,361.57,1F,1,1,1,0080,69,40,40,0,0,19,10.25
03/06/2018 18:19:48,55 59.40535,-2 30.55496,239,0,324,641094,1144818,361.73,13.686,3775,3759,3768,16,0,95.6,35.3,88.0,31.1,none,none,82.0,27.8,3767,-3774,3766,-3772,3767,3772,3769,-3770,3767,-3772,3767,-3772,3768,-3775,3767,-3774,3766,3773,3766,-3772,3767,-3773,3767,-3773,3768,-3775,3767,-3774,3766,-3772,3769,-3773,3769,-3772,3769,3772,3768,-3773,3767,-3772,3768,-3771,3770,-3774,3766,3771,3768,-3768,3764,-3771,3765,-3773,3764,-3771,3766,-3770,3765,-3771,3766,-3770,3762,-3774,3763,3774,3764,-3775,3764,-3773,3764,-3772,3762,-3773,3764,3773,3760,-3773,3759,-3775,3761,-3775,3760,-3774,3760,-3774,3763,-3773,3761,-3772,3765,-3773,3762,3770,3763,-3772,3762,-3767,-0.36,SJNFAAZE1U0005576,117.74,13.04,9173.23828125,79,75,0,0,0,0,16.5,99.17,-173308,59,1528046388.663,4440,2,1,0,3,0,0,0,0,4,361.82,361.82,1F,1,1,1,0080,69,40,40,0,0,19,11.50
03/06/2018 18:19:52,55 59.40535,-2 30.55496,239,0,324,640985,1144818,362.21,5.202,3780,3764,3773,16,0,95.6,35.3,88.0,31.1,none,none,82.0,27.8,-3777,3772,-3775,3770,-3777,3772,-3776,3771,-3775,3771,-3776,3772,3778,-3772,3778,-3773,3777,-3771,3775,-3770,3778,3771,3778,-3773,3779,-3771,3779,-3771,3776,-3773,3776,-3774,3777,-3773,3777,-3775,3776,-3771,3776,3771,3776,-3772,3778,-3774,3775,-3772,3777,-3770,3773,3767,3776,-3770,3777,-3771,3777,-3770,3778,-3769,3779,-3768,3778,-3766,3779,-3767,-3779,-3769,3779,3769,-3780,3768,-3779,3770,-3778,3764,-3777,3764,-3779,3764,-3780,3767,-3779,3767,-3778,3767,-3778,3766,-3778,3768,-3776,3770,-3775,3767,-3777,3768,-3776,3767,-0.40,SJNFAAZE1U0005576,117.74,13.04,9173.23828125,79,75,0,0,0,0,16.5,99.17,-173308,59,1528046392.652,3040,2,0,0,0,0,0,0,0,4,362.16,362.16,1F,1,1,1,0080,69,40,40,0,0,19,2.25
03/06/2018 18:19:56,55 59.40535,-2 30.55496,239,0,324,640992,1144818,363.17,-19.576,3790,3773,3783,17,0,95.6,35.3,88.0,31.1,none,none,82.0,27.8,-3787,3782,-3785,3780,-3788,3780,-3786,3780,-3786,3780,-3785,3781,-3786,3781,-3788,3780,-3786,3779,-3786,3779,-3786,3780,-3786,3781,-3789,3779,-3788,3779,-3785,3781,-3787,3783,-3786,3782,-3785,3784,-3786,3780,-3786,3779,-3787,3781,-3788,3783,-3785,3781,-3786,3779,-3784,3778,-3787,3780,-3788,3782,-3788,3781,-3788,3779,-3790,3778,-3788,3777,-3789,3777,-3789,3778,-3789,3777,-3789,3777,-3788,3778,-3787,3773,-3788,3774,-3790,3775,-3790,3777,-3790,3775,-3789,3776,-3787,3777,-3787,3778,-3787,3780,-3785,3777,-3787,3779,-3787,3777,-0.39,SJNFAAZE1U0005576,117.74,13.04,9173.23828125,79,75,0,0,0,0,16.5,99.17,-173308,59,1528046396.464,0,2,0,0,0,0,0,0,0,4,363.25,363.25,1F,1,1,1,0080,69,40,40,0,0,19,-17.00
03/06/2018 18:20:00,55 59.40535,-2 30.55496,239,0,324,640906,1144818,361.44,29.555,3773,3754,3765,19,0,95.6,35.3,88.0,31.1,none,none,82.0,27.8,-3768,3764,-3768,3762,-3769,3763,-3769,3763,-3768,3763,-3769,3765,-3769,3764,-3770,3763,-3769,3762,-3768,3762,-3768,3763,-3770,3765,-3771,3763,-3770,3763,-3768,3763,-3769,3765,-3769,3764,-3768,3766,-3768,3764,-3768,3762,-3769,3762,-3770,3765,-3766,3763,-3768,3762,-3764,3758,-3768,3760,-3768,3761,-3767,3761,-3770,3760,-3770,3759,-3769,3758,-3770,3758,-3771,3759,-3770,3761,-3772,3759,-3770,3761,-3772,3754,-3769,3755,-3771,3757,-3773,3758,-3771,3757,-3769,3759,-3769,3759,-3769,3761,-3768,3760,-3766,3760,-3769,3758,-3767,3757,-0.35,SJNFAAZE1U0005576,117.74,13.04,9173.23828125,79,75,0,0,0,0,16.5,99.17,-173308,59,1528046400.176,9040,2,0,0,0,0,0,0,0,4,361.48,361.48,1F,1,1,1,0080,69,40,40,0,0,19,10.00
03/06/2018 18:20:03,55 59.40535,-2 30.55496,239,0,324,640728,1144818,361.15,33.675,3769,3751,3762,18,0,95.6,35.3,88.2,31.2,none,none,82.2,27.9,-3767,3761,-3765,3758,-3766,3761,-3766,3760,-3765,3761,-3765,3761,-3766,3761,-3767,3761,-3767,3760,-3766,3760,-3766,3761,-3768,3763,-3769,3761,-3768,3759,-3766,3761,-3767,3763,-3767,3762,-3767,3764,-3765,3761,-3765,3760,-3767,3761,-3767,3762,-3765,3760,-3766,3760,-3762,3755,-3764,3758,-3764,3758,-3766,3758,-3766,3757,-3767,3757,-3765,3755,-3768,3756,-3767,3756,-3767,3757,-3769,3757,-3768,3757,-3768,3751,-3766,3753,-3769,3755,-3769,3755,-3768,3754,-3766,3756,-3767,3758,-3766,3757,-3765,3757,-3763,3756,-3767,3757,-3763,3755,-0.37,SJNFAAZE1U0005576,117.74,13.04,9173.23828125,79,75,0,0,0,0,16.5,99.17,-173308,59,1528046403.596,9440,2,0,0,0,0,0,0,0,4,361.24,361.24,1F,1,1,1,0080,69,40,40,0,0,19,34.25
03/06/2018 18:20:07,55 59.40535,-2 30.55496,239,0,324,640496,1144818,361.54,17.623,3772,3758,3766,14,0,95.8,35.4,88.0,31.1,none,none,82.0,27.8,-3770,3766,-3769,3763,-3770,3766,-3770,3765,-3769,3764,-3769,3767,-3770,3767,-3772,3765,-3770,3766,-3769,3764,-3770,3764,-3771,3766,-3772,3765,-3771,3765,-3770,3766,-3771,3768,-3770,3767,-3770,3768,-3769,3766,-3770,3765,-3770,3766,-3771,3768,-3768,3764,-3770,3764,-3767,3762,-3768,3763,-3770,3764,-3770,3763,-3770,3762,-3772,3761,-3769,3761,-3771,3761,-3771,3762,-3771,3763,-3772,3763,-3770,3764,-3770,3758,-3770,3758,-3772,3760,-3772,3761,-3771,3761,-3770,3761,-3771,3762,-3770,3763,-3769,3764,-3767,3761,-3770,3763,-3767,3759,-0.35,SJNFAAZE1U0005576,117.74,13.04,9173.23828125,79,75,0,0,0,0,16.5,99.17,-173308,59,1528046407.132,6240,2,0,0,0,0,0,0,0,4,361.60,361.60,1F,1,1,1,0080,69,40,40,0,0,19,24.25
03/06/2018 18:20:10,55 59.40535,-2 30.55496,239,0,324,640253,1144818,361.15,31.356,3769,3753,3762,16,0,95.6,35.3,88.0,31.1,none,none,82.0,27.8,3761,-3769,3758,3765,3761,3765,3763,-3765,3761,-3766,3760,-3766,3761,3768,3760,-3767,3760,-3767,3760,-3766,3761,-3766,3761,-3767,3762,-3769,3760,-3768,3760,-3766,3762,3767,3762,-3766,3763,-3767,3762,-3766,3761,-3766,3762,3765,3763,-3767,3759,-3765,3760,-3762,3757,-3763,3757,-3766,3759,-3763,3759,-3763,3760,-3765,3760,-3764,3757,-3765,3758,-3766,3758,-3768,3758,-3767,3760,-3765,3758,3766,3760,-3765,3753,-3766,3755,-3767,3756,-3768,3756,3767,3754,-3766,3758,-3765,3756,-3766,3758,-3765,3756,-3764,3757,-3766,3755,-3761,-0.38,SJNFAAZE1U0005576,117.74,13.04,9173.23828125,79,75,0,0,0,0,16.5,99.17,-173308,58,1528046410.558,10480,2,0,0,0,0,0,0,0,4,361.00,361.00,1F,1,1,1,0080,69,40,40,0,0,19,20.25
03/06/2018 18:20:14,55 59.40535,-2 30.55496,239,0,324,640095,1144818,361.63,13.228,3776,3758,3767,18,0,95.6,35.3,88.0,31.1,none,none,82.0,27.8,3766,-3774,3764,-3771,3765,3770,3768,3769,3766,-3770,3765,-3772,3767,-3774,3766,-3773,3766,3771,3765,-3770,3766,-3772,3766,-3773,3767,-3774,3765,-3773,3765,-3770,3768,-3773,3767,-3771,3767,3772,3767,-3771,3766,-3770,3768,-3770,3768,-3773,3766,-3770,3766,3768,3763,-3770,3764,-3771,3763,-3770,3765,-3770,3766,3772,3766,-3770,3762,-3773,3761,-3774,3763,-3773,3763,-3774,3763,-3770,3762,-3771,3762,-3771,3758,3773,3759,-3775,3761,-3776,3759,-3773,3759,-3772,3761,3773,3761,-3772,3762,-3771,3761,-3770,3761,-3771,3760,-3767,-0.35,SJNFAAZE1U0005576,117.74,13.04,9173.23828125,79,75,0,0,0,0,16.5,99.17,-173308,58,1528046414.221,5080,2,0,0,0,0,0,0,0,4,361.67,361.67,1F,1,1,1,0080,69,40,40,0,0,19,9.50
03/06/2018 18:20:17,55 59.40535,-2 30.55496,239,0,324,639983,1144818,361.63,14.754,3774,3757,3767,17,0,95.6,35.3,88.0,31.1,none,none,82.0,27.8,3768,-3773,3764,-3770,3766,3770,3768,-3769,3765,-3770,3765,3771,3766,-3774,3766,-3772,3765,-3771,3766,-3770,3766,3771,3765,-3772,3768,-3773,3765,-3772,3766,-3771,3768,-3771,3767,3770,3768,-3771,3767,-3771,3766,-3769,3767,-3770,3768,-3772,3766,-3769,3765,-3767,3762,-3769,3763,3771,3764,-3769,3766,-3769,3765,-3770,3766,-3769,3762,3771,3762,-3771,3763,-3771,3762,-3771,3764,-3771,3763,-3770,3763,-3771,3757,-3771,3761,-3772,3762,3772,3761,-3772,3760,-3770,3763,-3770,3761,-3771,3763,3769,3761,-3767,3762,-3770,3760,-3766,-0.41,SJNFAAZE1U0005576,117.74,13.04,9173.23828125,79,75,0,0,0,0,16.5,99.17,-173308,58,1528046417.946,4600,2,0,0,0,0,0,0,0,4,361.69,361.69,1F,1,1,1,0080,69,40,40,0,0,19,12.25
03/06/2018 18:20:21,55 59.40535,-2 30.55496,239,0,324,639843,1144818,361.54,15.304,3775,3756,3766,19,0,95.6,35.3,88.0,31.1,none,none,82.0,27.8,3766,-3775,3763,-3770,3764,3769,3768,-3769,3763,-3771,3764,-3771,3765,-3773,3765,3773,3764,-3771,3764,-3770,3765,-3771,3765,-3771,3766,3774,3764,-3772,3763,-3770,3767,-3771,3766,-3770,3766,-3771,3765,3771,3765,-3769,3766,-3770,3767,-3772,3764,-3769,3765,-3767,3762,-3768,3762,-3771,3763,-3768,3764,3770,3765,-3771,3764,-3769,3761,-3771,3762,-3772,3761,3771,3761,-3773,3763,-3771,3762,-3771,3763,-3772,3756,-3772,3758,-3771,3759,-3773,3759,-3773,3757,3771,3761,-3772,3761,-3772,3762,-3770,3760,-3769,3762,3771,3760,-3766,-0.38,SJNFAAZE1U0005576,117.74,13.04,9173.23828125,79,75,0,0,0,0,16.5,99.17,-173308,58,1528046421.664,4600,2,0,0,0,0,0,0,0,4,361.65,361.65,1F,1,1,1,0080,69,40,40,0,0,19,13.25
03/06/2018 18:20:25,55 59.40535,-2 30.55496,239,0,324,639701,1144818,361.44,18.508,3772,3757,3765,15,0,95.8,35.4,88.0,31.1,none,none,82.0,27.8,3763,3770,3761,-3768,3764,3768,3766,-3767,3763,-3769,3764,-3770,3764,3771,3764,-3771,3763,-3769,3764,-3768,3764,-3769,3765,-3770,3764,-3772,3763,-3770,3763,-3768,3766,3770,3765,-3768,3766,-3770,3764,-3769,3764,-3768,3765,3768,3766,-3770,3763,-3768,3764,-3764,3759,-3766,3761,-3768,3761,-3767,3761,-3767,3763,-3768,3763,3767,3760,-3769,3759,-3769,3761,-3771,3761,-3770,3761,3767,3760,-3769,3761,-3768,3757,-3769,3757,-3769,3759,-3770,3758,-3771,3758,-3769,3760,-3769,3760,3768,3760,-3768,3759,-3767,3759,-3767,3759,-3764,-0.38,SJNFAAZE1U0005576,117.74,13.04,9173.23828125,79,75,0,0,0,0,16.5,99.17,-173308,58,1528046425.112,5120,2,0,0,0,0,0,0,0,4,361.51,361.51,1F,1,1,1,0080,69,40,40,0,0,19,28.00
03/06/2018 18:20:28,55 59.40535,-2 30.55496,239,0,323,639453,1144818,360.77,30.288,3765,3750,3758,15,0,95.6,35.3,88.0,31.1,none,none,82.0,27.8,-3762,3759,-3761,3756,-3762,3758,-3761,3758,-3761,3759,-3762,3760,-3763,3758,-3764,3758,-3763,3759,-3762,3758,-3764,3759,-3763,3760,-3765,3758,-3763,3757,-3762,3758,-3763,3759,-3761,3759,-3763,3760,-3762,3758,-3761,3757,-3762,3758,-3764,3760,-3760,3757,-3761,3757,-3757,3752,-3759,3754,-3761,3756,-3761,3755,-3763,3755,-3763,3752,-3760,3754,-3763,3753,-3763,3755,-3763,3755,-3765,3754,-3763,3756,-3763,3750,-3761,3751,-3764,3752,-3764,3754,-3762,3752,-3762,3755,-3762,3754,-3762,3754,-3761,3756,-3759,3752,-3762,3753,-3760,3751,-0.38,SJNFAAZE1U0005576,117.74,13.04,9173.23828125,79,75,0,0,0,0,16.5,99.17,-173308,58,1528046428.897,8760,2,0,0,0,0,0,0,0,4,360.89,360.89,1F,1,1,1,0080,69,40,40,0,0,19,27.25
03/06/2018 18:20:32,55 59.40535,-2 30.55496,239,0,323,639156,1144818,360.48,36.666,3763,3745,3755,18,0,95.8,35.4,88.0,31.1,none,none,82.2,27.9,-3758,3754,-3759,3752,-3760,3754,-3759,3752,-3758,3754,-3759,3757,-3760,3756,-3761,3755,-3760,3754,-3759,3753,-3761,3754,-3761,3756,-3762,3754,-3761,3753,-3760,3755,-3760,3756,-3759,3754,-3760,3756,-3760,3756,-3759,3753,-3761,3755,-3761,3757,-3757,3753,-3759,3752,-3753,3748,-3757,3749,-3757,3750,-3757,3750,-3758,3751,-3760,3748,-3758,3748,-3760,3749,-3761,3751,-3761,3751,-3761,3748,-3759,3750,-3762,3745,-3759,3746,-3761,3746,-3763,3747,-3761,3748,-3759,3747,-3759,3749,-3758,3748,-3757,3749,-3756,3748,-3757,3748,-3757,3747,-0.39,SJNFAAZE1U0005576,117.74,13.04,9173.23828125,79,75,0,0,0,0,16.5,99.17,-173308,58,1528046432.620,10000,2,0,0,0,0,0,0,0,4,360.50,360.50,1F,1,1,1,0080,69,40,40,0,0,19,33.00
03/06/2018 18:20:36,55 59.40535,-2 30.55496,239,0,323,638616,1144818,357.79,99.256,3735,3716,3727,19,0,95.6,35.3,88.0,31.1,none,none,82.0,27.8,-3727,3726,-3730,3724,-3731,3727,-3731,3726,-3730,3728,-3731,3729,-3733,3729,-3734,3729,-3734,3729,-3732,3728,-3734,3729,-3735,3732,-3734,3728,-3734,3727,-3731,3730,-3732,3730,-3731,3729,-3732,3730,-3732,3729,-3730,3728,-3732,3729,-3731,3729,-3729,3726,-3728,3724,-3723,3717,-3726,3719,-3726,3721,-3727,3721,-3729,3722,-3730,3719,-3727,3719,-3731,3721,-3731,3721,-3730,3721,-3733,3720,-3731,3723,-3735,3716,-3729,3718,-3732,3719,-3733,3719,-3732,3719,-3728,3720,-3730,3720,-3730,3720,-3727,3721,-3726,3719,-3726,3719,-3725,3718,-0.35,SJNFAAZE1U0005576,117.74,13.04,9173.23828125,79,75,0,0,0,0,16.5,99.17,-173308,58,1528046436.452,27920,2,0,0,0,0,0,0,0,4,358.06,358.06,1F,1,1,1,0080,69,40,40,0,0,19,74.25
03/06/2018 18:20:40,55 59.40535,-2 30.55496,239,0,323,637880,1144818,359.42,38.802,3752,3734,3744,18,0,95.6,35.3,88.0,31.1,none,none,82.0,27.8,-3748,3744,-3748,3741,-3749,3743,-3749,3743,-3749,3743,-3749,3745,-3750,3745,-3751,3744,-3750,3744,-3750,3743,-3750,3743,-3750,3744,-3752,3744,-3751,3741,-3749,3745,-3750,3746,-3749,3744,-3749,3746,-3748,3744,-3749,3744,-3750,3744,-3750,3745,-3747,3742,-3748,3741,-3743,3737,-3746,3739,-3745,3739,-3745,3740,-3749,3740,-3749,3737,-3747,3737,-3749,3738,-3750,3739,-3750,3739,-3750,3739,-3748,3738,-3751,3734,-3749,3736,-3751,3736,-3751,3737,-3751,3736,-3749,3737,-3748,3738,-3748,3740,-3746,3738,-3745,3737,-3747,3737,-3746,3736,-0.37,SJNFAAZE1U0005576,117.74,13.04,9174.84765625,79,75,0,0,0,0,16.5,99.17,-173308,58,1528046440.216,12960,2,0,0,0,0,0,0,0,4,359.48,359.48,1F,1,1,1,0080,69,40,40,0,0,19,26.25
03/06/2018 18:20:43,55 59.40535,-2 30.55496,239,0,322,637543,1144818,359.62,37.215,3755,3736,3746,19,0,95.8,35.4,88.2,31.2,none,none,82.2,27.9,3744,-3754,3741,-3750,3743,3750,3747,-3749,3744,-3751,3744,-3752,3745,-3753,3744,-3754,3744,-3752,3744,-3751,3745,-3752,3745,3752,3746,-3755,3744,-3752,3743,-3751,3746,-3752,3745,3751,3746,-3752,3746,-3751,3744,-3751,3746,-3750,3747,-3752,3743,-3749,3744,-3747,3739,-3746,3740,3749,3741,-3747,3742,-3747,3744,-3750,3742,-3747,3739,3750,3739,-3751,3740,-3752,3740,-3752,3742,-3750,3740,-3750,3744,-3750,3736,-3751,-3738,3752,3739,3752,-3738,3752,-3736,3750,-3739,3749,-3740,3750,3739,3748,-3739,3747,3739,-3749,3738,-3744,-0.39,SJNFAAZE1U0005576,117.74,13.04,9174.84765625,79,75,0,0,0,0,16.5,99.17,-173308,58,1528046443.783,11560,2,0,0,0,0,0,0,0,4,359.58,359.58,1F,1,1,1,0080,69,40,40,0,0,19,27.50
03/06/2018 18:20:47,55 59.40535,-2 30.55496,239,0,322,637259,1144818,359.81,29.769,3756,3737,3748,19,0,95.8,35.4,88.0,31.1,none,none,82.0,27.8,3747,-3754,3743,-3751,3746,3751,3749,-3750,3746,3754,3746,-3753,3747,-3755,3747,-3754,3745,-3753,3747,-3753,3747,-3754,3748,-3755,3748,-3756,3746,3754,3745,-3753,3748,-3754,3747,-3752,3748,-3753,3747,3753,3746,-3752,3748,-3752,3749,-3754,3746,-3750,3746,-3749,3742,-3748,3741,-3750,3742,-3750,3745,3749,3745,-3751,3745,-3750,3740,-3753,3741,-3753,3743,-3754,3743,3754,3744,-3753,3742,-3752,3743,-3752,3737,-3753,3739,3754,3742,-3756,3740,-3755,3737,-3752,3742,-3752,3742,-3751,3742,-3750,3741,-3749,3741,-3751,3740,3747,-0.38,SJNFAAZE1U0005576,117.74,13.04,9174.84765625,79,75,0,0,0,0,16.5,99.17,-173308,58,1528046447.218,9600,2,0,0,0,0,0,0,0,4,359.84,359.84,1F,1,1,1,0080,69,40,40,0,0,19,21.75
03/06/2018 18:20:51,55 59.40535,-2 30.55496,239,0,322,636994,1144818,359.81,33.553,3757,3737,3748,20,0,95.6,35.3,88.0,31.1,none,none,82.0,27.8,3747,-3756,3744,3751,3745,3750,3750,-3751,3746,-3754,3747,-3754,3747,3756,3747,-3755,3747,-3754,3747,-3753,3748,-3754,3748,-3755,3748,-3757,3747,-3754,3746,-3752,3748,3753,3748,-3753,3748,-3754,3749,-3754,3748,-3752,3748,3752,3749,-3754,3745,-3750,3746,-3748,3742,-3749,3742,-3752,3744,3748,3744,-3750,3746,-3752,3745,-3750,3742,-3753,3742,-3754,3743,-3753,3742,-3754,3744,-3751,3742,3753,3747,-3754,3737,-3754,3742,-3754,3741,-3755,3738,3753,3738,-3752,3742,-3752,3742,-3754,3741,-3750,3740,-3749,3741,-3751,3739,-3747,-0.38,SJNFAAZE1U0005576,117.74,13.04,9174.84765625,79,75,0,0,0,0,16.5,99.17,-173308,58,1528046451.040,9120,2,0,0,0,0,0,0,0,4,359.75,359.75,1F,1,1,1,0080,69,40,40,0,0,19,23.00
03/06/2018 18:20:54,55 59.40535,-2 30.55496,239,0,322,636692,1144818,359.52,36.056,3753,3734,3745,19,0,95.6,35.3,88.2,31.2,none,none,82.2,27.9,3745,-3752,3741,-3749,3743,3749,3747,3747,3743,-3750,3744,-3751,3744,-3753,3745,-3752,3744,3751,3744,-3750,3744,-3752,3744,-3752,3746,-3753,3743,-3752,3743,-3749,3746,-3751,3745,-3750,3746,3751,3744,-3751,3743,-3749,3746,-3749,3747,-3751,3743,-3748,3744,3746,3738,-3745,3739,-3748,3741,-3747,3742,-3746,3743,3749,3742,-3747,3737,-3749,3739,-3750,3739,-3750,3739,-3751,3742,-3749,3740,-3750,3739,-3749,3734,3751,3736,-3752,3739,-3752,3737,-3752,3735,-3749,3740,3750,3739,-3749,3740,-3748,3738,-3746,3739,-3748,3737,-3743,-0.37,SJNFAAZE1U0005576,117.74,13.04,9174.84765625,79,75,0,0,0,0,16.5,99.17,-173308,58,1528046454.883,10760,2,0,0,0,0,0,0,0,4,359.59,359.59,1F,1,1,1,0080,69,40,40,0,0,19,25.75
03/06/2018 18:20:58,55 59.40535,-2 30.55496,239,0,322,636463,1144818,360.67,3.097,3764,3747,3757,17,0,95.6,35.3,88.0,31.1,none,none,82.0,27.8,3757,-3764,3753,-3761,3756,3760,3759,-3760,3756,-3761,3756,3762,3757,-3764,3757,-3764,3755,-3763,3755,-3761,3756,3763,3757,-3763,3757,-3764,3754,-3763,3755,-3760,3758,-3763,3758,-3761,3757,-3763,3757,-3762,3756,-3760,3758,-3762,3759,-3762,3755,-3760,3756,-3758,3752,-3760,3753,3761,3754,-3760,3754,-3760,3755,-3760,3755,-3760,3751,3762,3752,-3763,3753,-3763,3752,-3763,3753,-3761,3753,-3761,3753,-3762,3747,-3761,3749,-3763,3751,3764,3750,-3763,3749,-3761,3752,-3763,3750,-3762,3752,3762,3751,-3759,3752,-3761,3751,-3756,-0.36,SJNFAAZE1U0005576,117.74,13.04,9174.84765625,79,75,0,0,0,0,16.5,99.17,-173308,58,1528046458.387,2160,2,0,0,0,0,0,0,0,4,360.70,360.70,1F,1,1,1,0080,69,40,40,0,0,19,-34.25
03/06/2018 18:21:01,55 59.40535,-2 30.55496,239,0,322,636537,1144818,360.77,12.588,3765,3750,3758,15,0,95.6,35.3,88.0,31.1,none,none,82.2,27.9,-3762,3759,-3761,3755,-3762,3758,-3762,3758,-3761,3757,-3761,3759,-3763,3758,-3763,3759,-3763,3758,-3761,3757,-3763,3758,-3762,3759,-3764,3757,-3763,3756,-3762,3759,-3763,3760,-3762,3758,-3762,3761,-3762,3758,-3761,3757,-3763,3758,-3763,3760,-3761,3758,-3761,3756,-3757,3753,-3760,3754,-3760,3755,-3762,3755,-3763,3755,-3763,3753,-3761,3753,-3763,3754,-3762,3755,-3762,3755,-3764,3754,-3761,3755,-3762,3750,-3761,3752,-3764,3750,-3765,3753,-3763,3753,-3761,3753,-3762,3753,-3760,3754,-3761,3755,-3759,3753,-3761,3754,-3759,3752,-0.40,SJNFAAZE1U0005576,117.75,13.04,9174.84765625,79,75,0,0,0,0,16.5,99.17,-173311,58,1528046461.873,2960,2,0,0,0,0,0,0,0,4,360.86,360.86,1F,1,1,1,0080,70,40,40,0,0,19,-35.50
03/06/2018 18:21:05,55 59.40535,-2 30.55496,239,0,322,636820,1144818,364.61,-79.268,3807,3789,3798,18,0,95.8,35.4,88.0,31.1,none,none,82.2,27.9,-3804,3798,-3801,3795,-3804,3795,-3800,3794,-3800,3794,-3799,3795,-3801,3794,-3802,3794,-3800,3792,-3800,3793,-3801,3793,-3801,3795,-3801,3793,-3801,3792,-3800,3793,-3801,3796,-3800,3794,-3799,3797,-3800,3795,-3800,3794,-3802,3796,-3804,3797,-3801,3796,-3804,3794,-3802,3795,-3806,3797,-3805,3799,-3805,3797,-3805,3795,-3807,3794,-3806,3793,-3805,3793,-3805,3795,-3806,3794,-3805,3792,-3806,3794,-3797,3789,-3805,3790,-3806,3790,-3807,3793,-3806,3791,-3805,3793,-3804,3792,-3803,3792,-3805,3797,-3803,3793,-3805,3795,-3803,3793,-0.38,SJNFAAZE1U0005576,117.75,13.04,9174.84765625,79,75,0,0,0,0,16.5,99.17,-173323,58,1528046465.436,0,2,0,0,0,0,0,0,0,4,364.41,364.41,1F,1,1,1,0080,70,40,40,0,0,19,-117.75
03/06/2018 18:21:09,55 59.40535,-2 30.55496,239,0,322,637349,1144818,363.26,-34.743,3791,3775,3784,16,0,95.8,35.4,88.2,31.2,none,none,82.0,27.8,-3789,3784,-3786,3783,-3788,3783,-3786,3782,-3786,3782,-3787,3783,-3787,3784,-3788,3782,-3786,3782,-3786,3780,-3788,3782,-3788,3783,-3788,3782,-3788,3780,-3786,3782,-3787,3784,-3787,3784,-3787,3785,-3786,3783,-3786,3781,-3788,3783,-3788,3785,-3786,3783,-3788,3782,-3787,3781,-3788,3782,-3789,3784,-3789,3783,-3789,3780,-3791,3781,-3789,3780,-3790,3780,-3789,3782,-3789,3781,-3790,3779,-3790,3781,-3787,3775,-3788,3777,-3789,3777,-3791,3779,-3790,3779,-3788,3778,-3789,3779,-3788,3780,-3788,3783,-3787,3780,-3790,3782,-3786,3779,-0.38,SJNFAAZE1U0005576,117.75,13.04,9174.84765625,79,75,0,0,0,0,16.5,99.17,-173345,58,1528046469.007,0,2,0,0,0,0,0,0,0,4,363.85,363.85,1F,1,1,1,0080,70,40,40,0,0,19,-106.25
03/06/2018 18:21:12,55 59.40535,-2 30.55496,239,0,322,637392,1144818,362.30,1.754,3783,3765,3774,18,0,95.8,35.4,88.2,31.2,none,none,82.2,27.9,-3778,3775,-3777,3771,-3779,3773,-3778,3772,-3777,3772,-3777,3774,-3780,3773,-3780,3772,-3778,3772,-3778,3770,-3778,3772,-3780,3774,-3781,3772,-3780,3771,-3778,3774,-3779,3775,-3778,3774,-3778,3775,-3778,3773,-3777,3772,-3778,3773,-3780,3774,-3777,3772,-3779,3772,-3775,3769,-3779,3771,-3778,3772,-3779,3771,-3779,3770,-3781,3769,-3780,3769,-3781,3768,-3780,3769,-3781,3769,-3781,3768,-3780,3770,-3779,3765,-3779,3766,-3781,3765,-3783,3768,-3780,3766,-3780,3768,-3779,3769,-3778,3768,-3778,3771,-3776,3769,-3779,3769,-3777,3768,-0.40,SJNFAAZE1U0005576,117.75,13.04,9174.84765625,79,75,0,0,0,0,16.5,99.17,-173346,58,1528046472.473,0,2,0,0,0,0,0,0,0,4,362.36,362.36,1F,1,1,1,0080,70,40,40,0,0,19,0.25
03/06/2018 18:21:16,55 59.40535,-2 30.55496,239,0,322,637310,1144818,360.48,43.654,3761,3745,3755,16,0,95.8,35.4,88.0,31.1,none,none,82.0,27.8,-3754,3761,-3751,3758,-3754,3757,-3757,3758,-3753,3758,-3753,3761,-3754,3761,-3755,3761,-3753,3761,-3755,3759,-3755,3761,-3755,3761,-3755,3761,-3754,3761,-3754,3760,-3756,3760,-3756,3759,-3756,3760,-3754,3759,-3754,3758,3757,3758,-3756,3761,3753,-3758,3753,-3755,3748,-3754,3749,-3757,-3750,3756,-3752,3757,-3755,3758,-3753,3755,-3748,3757,-3749,3758,-3750,3760,-3751,3761,-3753,3759,-3751,3758,-3751,3757,-3745,3758,-3748,3760,-3750,3761,-3748,3760,-3747,3758,-3749,3758,-3748,3757,-3750,3757,-3748,3757,-3748,3757,-3748,3753,-0.38,SJNFAAZE1U0005576,117.75,13.04,9174.84765625,79,75,0,0,0,0,16.5,99.17,-173346,58,1528046476.023,9240,2,0,0,0,0,0,0,0,4,360.83,360.83,1F,1,1,1,0080,70,40,40,0,0,19,137.75
03/06/2018 18:21:19,55 59.40535,-2 30.55496,239,0,322,636826,1144818,359.33,57.631,3753,3732,3743,21,0,95.8,35.4,88.2,31.2,none,none,82.2,27.9,3742,3751,3739,-3748,3742,3747,3745,-3747,3741,-3748,3741,-3751,3743,-3753,3742,-3752,3742,-3751,3742,3750,3744,-3751,3744,-3751,3744,-3751,3742,-3751,3742,3748,3744,-3751,3743,-3749,3744,-3749,3744,-3749,3742,-3749,3744,-3748,3745,-3751,3741,-3747,3742,-3745,3736,-3743,3735,-3746,3736,-3745,3740,-3745,3740,-3747,3741,3745,3735,-3747,3737,-3749,3738,-3749,3738,-3748,3740,3748,3738,-3749,3740,-3748,3732,-3748,3735,-3751,3737,-3750,3735,-3750,3733,-3748,3737,-3748,3737,3747,3737,-3745,3736,-3743,3737,-3746,3735,-3741,-0.38,SJNFAAZE1U0005576,117.75,13.04,9174.84765625,79,75,0,0,0,0,16.5,99.17,-173346,58,1528046479.681,13960,2,0,0,0,0,0,0,0,4,359.69,359.69,1F,1,1,1,0080,70,40,40,0,0,19,80.75
03/06/2018 18:21:23,55 59.40535,-2 30.55496,239,0,322,636287,1144818,359.33,52.779,3750,3732,3743,18,0,95.8,35.4,88.0,31.1,none,none,82.0,27.8,3741,-3750,3739,-3746,3740,3746,3744,-3746,3741,-3748,3742,-3750,3742,-3750,3742,-3750,3742,-3749,3742,-3748,3742,-3750,3744,3749,3743,-3750,3740,-3750,3741,-3748,3743,-3748,3743,-3746,3744,3748,3743,-3749,3741,-3747,3744,-3747,3743,-3749,3740,3747,3741,-3743,3735,-3743,3736,-3745,3736,-3746,3739,-3744,3739,-3746,3739,-3744,3735,-3748,3736,3748,3737,-3749,3738,-3748,3740,-3748,3737,-3748,3737,3747,3732,-3747,3733,-3749,3735,-3750,3736,-3750,3733,-3747,3737,-3746,3736,-3747,3736,-3745,3735,3743,3735,-3744,3734,-3742,-0.34,SJNFAAZE1U0005576,117.75,13.04,9174.84765625,79,75,0,0,0,0,16.5,99.17,-173346,58,1528046483.193,19200,2,0,0,0,0,0,0,0,4,359.21,359.21,1F,1,1,1,0080,71,40,40,0,0,19,50.50
03/06/2018 18:21:26,55 59.40535,-2 30.55496,239,0,322,635869,1144818,358.37,64.162,3743,3721,3733,22,0,95.8,35.4,88.0,31.1,none,none,82.0,27.8,3732,-3741,3729,-3738,3732,3737,3735,-3737,3732,-3739,3732,3741,3733,-3743,3733,-3742,3733,-3741,3733,-3739,3734,3741,3734,-3741,3735,-3742,3732,-3740,3731,-3739,3734,-3740,3733,-3739,3733,-3740,3735,-3740,3733,3739,3734,-3738,3735,-3741,3730,-3737,3731,-3734,3725,3733,3725,-3736,3726,-3734,3728,-3734,3731,-3735,3729,-3735,3726,-3737,3726,-3739,3727,-3738,3727,3739,3729,-3737,3727,-3738,3733,-3738,3721,-3739,3725,3739,3727,-3740,3724,-3741,3722,-3738,3726,-3738,3727,-3738,3726,-3735,3726,-3735,3725,-3735,3723,3732,-0.36,SJNFAAZE1U0005576,117.75,13.04,9174.84765625,79,75,0,0,0,0,16.5,99.17,-173346,58,1528046486.665,16160,2,0,0,0,0,0,0,0,4,358.79,358.79,1F,1,1,1,0080,71,40,40,0,0,19,70.25
03/06/2018 18:21:30,55 59.40535,-2 30.55496,239,0,321,635295,1144818,359.04,44.326,3748,3729,3740,19,0,95.8,35.4,88.2,31.2,none,none,82.2,27.9,3737,-3747,3735,-3744,3738,3743,3742,-3744,3738,-3745,3738,-3746,3739,-3748,3740,3748,3739,-3746,3739,-3745,3739,-3746,3740,-3746,3740,3748,3738,-3747,3737,-3744,3740,-3745,3739,-3745,3740,-3745,3740,-3746,3739,-3744,3740,-3743,3741,3747,3738,-3743,3737,-3741,3732,-3742,3732,-3744,3734,3739,3736,-3741,3739,-3743,3736,-3742,3732,-3743,3734,-3745,3734,-3745,3734,-3746,3736,-3743,3734,3745,3739,-3745,3729,-3745,3732,-3746,3733,-3747,3732,3747,3729,-3743,3735,-3743,3733,-3744,3733,-3742,3732,-3740,3733,3743,3731,-3739,-0.34,SJNFAAZE1U0005576,117.74,13.04,9174.84765625,79,75,0,0,0,0,16.5,99.17,-173346,58,1528046490.400,13880,2,0,0,0,0,0,0,0,4,358.97,358.97,1F,1,1,1,0080,71,40,40,0,0,19,37.00
03/06/2018 18:21:34,55 59.40535,-2 30.55496,239,0,321,634905,1144818,359.33,32.332,3751,3735,3743,16,0,95.6,35.3,88.2,31.2,none,none,82.0,27.8,3746,3743,3746,-3741,3748,3744,3748,-3743,3747,-3743,3747,-3745,3749,-3744,3750,-3744,-3748,-3743,3749,3742,-3748,3744,-3749,3745,-3751,3743,-3750,3743,-3747,3744,-3748,3746,-3747,3744,-3747,3746,-3747,3744,-3747,3742,-3748,3744,-3749,3745,-3746,3742,-3747,3742,-3741,3737,-3744,3739,-3745,3739,-3746,3739,-3748,3740,-3748,3738,-3746,3737,-3747,3738,-3748,3740,-3749,3740,-3748,3738,-3747,3740,-3748,3735,-3746,3736,-3748,3736,-3749,3737,3748,-3738,-3747,3738,3747,-3738,3747,3739,3744,-3739,3743,-3736,3745,-3737,3743,-3736,-0.39,SJNFAAZE1U0005576,117.74,13.04,9174.84765625,79,75,0,0,0,0,16.5,99.17,-173346,58,1528046494.071,10720,2,0,0,0,0,0,0,0,4,359.36,359.36,1F,1,1,1,0080,71,40,40,0,0,19,23.50
03/06/2018 18:21:37,55 59.40535,-2 30.55496,239,0,321,634641,1144818,359.62,27.511,3753,3735,3746,18,0,95.8,35.4,88.2,31.2,none,none,82.2,27.9,-3749,3745,-3749,3743,-3750,3746,-3750,3745,-3750,3746,-3749,3747,-3751,3746,-3752,3746,-3751,3745,-3752,3745,-3752,3745,-3751,3748,-3753,3745,-3752,3744,-3750,3746,-3751,3748,-3750,3746,-3751,3747,-3750,3747,-3749,3746,-3750,3745,-3751,3748,-3748,3745,-3749,3743,-3744,3740,-3748,3741,-3749,3741,-3747,3742,-3752,3741,-3751,3739,-3750,3739,-3750,3740,-3751,3741,-3751,3742,-3752,3741,-3750,3742,-3752,3735,-3750,3738,-3752,3738,-3753,3739,-3752,3738,-3750,3740,-3750,3739,-3749,3741,-3748,3740,-3745,3739,-3748,3740,-3747,3738,-0.38,SJNFAAZE1U0005576,117.74,13.04,9174.84765625,79,75,0,0,0,0,16.5,99.17,-173346,58,1528046497.548,9400,2,0,0,0,0,0,0,0,4,359.53,359.53,1F,1,1,1,0080,72,40,40,0,0,19,18.50
03/06/2018 18:21:41,55 59.40535,-2 30.55496,239,0,321,634477,1144818,360.58,-78.108,3763,3748,3756,15,0,95.8,35.4,88.2,31.2,none,none,82.2,27.9,-3759,3756,-3758,3754,-3759,3756,-3760,3754,-3759,3755,-3759,3757,-3761,3757,-3761,3757,-3760,3754,-3760,3755,-3761,3756,-3761,3757,-3763,3755,-3762,3755,-3759,3756,-3760,3758,-3759,3756,-3759,3759,-3760,3756,-3758,3756,-3760,3756,-3761,3758,-3758,3755,-3759,3754,-3756,3750,-3758,3752,-3758,3752,-3759,3753,-3760,3753,-3760,3751,-3758,3751,-3760,3751,-3761,3753,-3761,3753,-3761,3751,-3760,3752,-3760,3748,-3758,3749,-3761,3749,-3762,3750,-3760,3750,-3759,3749,-3759,3751,-3759,3752,-3759,3752,-3757,3749,-3758,3751,-3757,3750,-0.40,SJNFAAZE1U0005576,117.74,13.04,9174.84765625,79,75,0,0,0,0,16.5,99.17,-173346,58,1528046501.421,40,2,0,0,0,0,0,0,0,4,362.94,362.94,1F,1,1,1,0080,72,40,40,0,0,19,35.00
03/06/2018 18:21:45,55 59.40535,-2 30.55496,239,0,321,634257,1144818,360.96,5.446,3768,3750,3760,18,0,95.8,35.4,88.0,31.1,none,none,82.2,27.9,-3765,3760,-3763,3758,-3764,3759,-3763,3757,-3762,3758,-3762,3760,-3764,3760,-3765,3759,-3762,3758,-3763,3757,-3765,3758,-3766,3761,-3766,3758,-3765,3757,-3764,3760,-3764,3761,-3763,3760,-3763,3760,-3763,3759,-3763,3758,-3765,3759,-3765,3760,-3761,3758,-3764,3757,-3761,3755,-3764,3757,-3764,3757,-3764,3756,-3765,3756,-3766,3755,-3765,3753,-3766,3754,-3766,3756,-3765,3755,-3767,3753,-3766,3756,-3763,3750,-3764,3751,-3766,3751,-3768,3753,-3766,3753,-3765,3755,-3766,3753,-3764,3754,-3764,3756,-3763,3754,-3765,3756,-3762,3754,-0.41,SJNFAAZE1U0005576,117.74,13.04,9174.84765625,79,75,0,0,0,0,16.5,99.17,-173346,58,1528046505.040,2160,2,0,0,0,0,0,0,0,4,360.37,360.37,1F,1,1,1,0080,72,40,40,0,0,19,2.25
03/06/2018 18:21:48,55 59.40535,-2 30.55496,239,0,321,634166,1144818,359.90,21.285,3755,3741,3749,14,0,96.0,35.6,88.4,31.3,none,none,82.4,28.0,-3752,3749,-3751,3746,-3753,3749,-3752,3748,-3752,3749,-3750,3750,-3753,3749,-3754,3749,-3753,3750,-3752,3748,-3754,3749,-3754,3750,-3754,3748,-3753,3748,-3752,3749,-3752,3751,-3752,3750,-3753,3751,-3753,3749,-3752,3749,-3753,3750,-3755,3751,-3750,3749,-3751,3747,-3748,3744,-3750,3745,-3749,3745,-3752,3745,-3752,3746,-3753,3744,-3751,3743,-3754,3744,-3753,3746,-3753,3743,-3754,3744,-3755,3745,-3753,3741,-3751,3741,-3753,3742,-3755,3743,-3754,3743,-3752,3744,-3751,3743,-3751,3743,-3751,3745,-3748,3742,-3751,3744,-3749,3743,-0.40,SJNFAAZE1U0005576,117.75,13.04,9174.84765625,79,75,0,0,0,0,16.5,99.17,-173346,58,1528046508.737,6120,2,0,0,0,0,0,0,0,4,360.03,360.03,1F,1,1,1,0080,72,40,40,0,0,19,16.75
03/06/2018 18:21:52,55 59.40535,-2 30.55496,239,0,321,633924,1144818,359.71,28.396,3755,3737,3747,18,0,95.8,35.4,88.2,31.2,none,none,82.2,27.9,3745,-3755,3743,-3751,3744,3750,3750,-3750,3745,-3753,3745,3753,3748,-3755,3747,-3754,3747,-3752,3747,-3753,3747,3753,3747,-3754,3748,-3755,3746,-3755,3746,-3753,3748,-3753,3747,-3752,3748,-3752,3748,-3753,3746,3752,3748,-3751,3749,-3753,3745,-3751,3745,-3747,3740,-3748,3741,3750,3743,-3749,3744,-3750,3746,-3750,3744,-3749,3741,3752,3741,-3752,3742,-3752,3743,-3754,3743,-3751,3741,-3752,3745,-3752,3737,-3752,3740,-3753,3740,3755,3739,-3754,3737,-3752,3741,-3751,3739,-3753,3741,3749,3739,-3750,3741,-3751,3740,-3746,-0.39,SJNFAAZE1U0005576,117.75,13.04,9174.84765625,79,75,0,0,0,0,16.5,99.17,-173346,58,1528046512.481,8360,2,0,0,0,0,0,0,0,4,359.71,359.71,1F,1,1,1,0080,72,40,40,0,0,19,20.25
03/06/2018 18:21:56,55 59.40535,-2 30.55496,239,0,321,633679,1144818,359.62,27.480,3753,3737,3746,16,0,95.8,35.4,88.2,31.2,none,none,82.2,27.9,3746,-3753,3742,-3750,3745,3750,3747,-3749,3745,-3750,3746,-3752,3747,-3753,3746,3753,3745,-3751,3746,-3750,3747,-3752,3747,-3753,3747,3753,3745,-3751,3745,-3751,3747,-3752,3745,-3750,3747,-3751,3747,3751,3745,-3750,3746,-3750,3747,-3753,3744,-3748,3745,-3747,3740,-3746,3741,-3749,3742,-3748,3743,3747,3744,-3749,3743,-3747,3741,-3750,3740,-3751,3741,3751,3742,-3751,3743,-3749,3741,-3751,3743,-3750,3737,-3751,3739,-3751,3741,-3752,3738,-3752,3738,3749,3741,-3750,3740,-3749,3740,-3748,3738,-3748,3741,3748,3738,-3745,-0.42,SJNFAAZE1U0005576,117.75,13.04,9174.84765625,79,75,0,0,0,0,16.5,99.17,-173346,58,1528046516.198,8360,2,0,0,0,0,0,0,0,4,359.64,359.64,1F,1,1,1,0080,72,40,40,0,0,19,22.00
03/06/2018 18:21:59,55 59.40535,-2 30.55496,239,0,320,633483,1144818,361.92,-27.785,3778,3761,3770,17,0,95.8,35.4,88.2,31.2,none,none,82.2,27.9,3771,3777,3767,-3773,3769,3772,3770,-3771,3767,-3773,3767,-3773,3769,-3775,3768,-3776,3767,-3772,3767,3771,3768,-3773,3768,-3774,3769,-3777,3768,-3775,3768,-3772,3770,3774,3770,-3772,3770,-3773,3769,-3775,3768,-3772,3770,3773,3771,-3775,3768,-3772,3770,-3771,3768,-3774,3770,-3775,3768,-3775,3770,-3774,3768,-3774,3770,3773,3767,-3777,3766,-3777,3766,-3778,3767,-3776,3768,3775,3767,-3774,3763,-3775,3762,-3776,3763,-3777,3764,-3778,3763,-3777,3761,-3776,3766,-3775,3765,3776,3768,-3775,3766,-3773,3767,-3775,3765,-3770,-0.49,SJNFAAZE1U0005576,117.75,13.04,9174.84765625,79,75,0,0,0,0,16.5,99.17,-173346,58,1528046519.686,0,2,0,0,0,0,0,0,0,4,361.45,361.45,1F,1,1,1,0080,72,40,40,0,0,19,-61.00
03/06/2018 18:22:03,55 59.40535,-2 30.55496,239,0,321,633933,1144818,362.88,-36.513,3788,3771,3780,17,0,95.8,35.4,88.2,31.2,none,none,82.0,27.8,3780,-3788,3775,-3784,3779,3782,3781,3782,3777,-3783,3777,-3784,3778,-3785,3778,-3785,3777,3782,3776,-3783,3777,-3784,3777,-3784,3779,-3786,3776,-3785,3776,-3782,3779,-3785,3779,-3783,3779,3784,3778,-3784,3777,-3782,3780,-3784,3782,-3785,3777,3783,3780,-3781,3777,-3785,3778,-3785,3778,-3784,3780,-3785,3780,-3785,3779,-3784,3774,-3786,3776,3787,3776,-3786,3776,-3786,3777,-3784,3776,-3785,3773,3785,3771,-3786,3772,-3786,3774,-3788,3773,-3786,3771,-3785,3776,-3785,3774,-3784,3778,-3786,3776,3782,3776,-3786,3774,-3780,-0.39,SJNFAAZE1U0005576,117.74,13.04,9174.84765625,79,75,0,0,0,0,16.5,99.17,-173365,58,1528046523.037,0,2,0,0,0,0,0,0,0,4,362.83,362.83,1F,1,1,1,0080,72,40,40,0,0,19,-85.50
03/06/2018 18:22:06,55 59.40535,-2 30.55496,239,0,321,634361,1144818,363.36,-47.774,3793,3776,3785,17,0,95.8,35.4,88.2,31.2,none,none,82.2,27.9,3789,-3786,3789,-3782,3790,3783,3788,-3781,3789,-3782,3788,3783,3789,-3784,3790,-3783,3787,-3782,3787,-3780,3789,3782,3789,-3783,3789,-3783,3790,-3780,3788,-3783,3788,-3785,3789,-3783,3788,-3785,3788,-3783,3786,3781,3789,-3784,3791,-3786,3788,-3783,3789,-3783,3789,3782,3791,-3783,3792,-3784,3791,-3783,3791,-3782,3792,-3781,3791,-3780,3791,-3780,-3793,-3782,3792,3780,-3793,3778,-3792,3781,-3789,3776,-3791,3777,-3793,3776,-3793,3778,3792,-3777,-3791,3779,3791,-3779,3789,-3778,3791,3782,3788,-3780,3791,-3781,3788,-3780,-0.39,SJNFAAZE1U0005576,117.74,13.04,9174.84765625,79,75,0,0,0,0,16.5,99.17,-173383,58,1528046526.789,0,2,0,0,0,0,0,0,0,4,363.72,363.72,1F,1,1,1,0080,72,40,40,0,0,19,-98.50
03/06/2018 18:22:10,55 59.40535,-2 30.55496,239,0,321,634463,1144818,359.81,52.199,3756,3737,3748,19,0,95.8,35.4,88.2,31.2,none,none,82.2,27.9,-3750,3747,-3751,3745,-3752,3748,-3753,3747,-3751,3748,-3753,3749,-3753,3749,-3755,3748,-3754,3747,-3754,3747,-3753,3748,-3755,3749,-3755,3747,-3754,3746,-3752,3748,-3754,3751,-3753,3749,-3753,3752,-3752,3748,-3752,3747,-3754,3748,-3753,3751,-3751,3747,-3752,3746,-3746,3740,-3749,3742,-3750,3743,-3749,3744,-3753,3744,-3753,3742,-3749,3741,-3753,3742,-3752,3743,-3753,3744,-3754,3742,-3753,3743,-3756,3737,-3751,3739,-3755,3741,-3756,3742,-3753,3741,-3751,3741,-3751,3742,-3751,3742,-3749,3742,-3747,3741,-3750,3742,-3749,3740,-0.40,SJNFAAZE1U0005576,117.74,13.04,9174.84765625,79,75,0,0,0,0,16.5,99.17,-173387,58,1528046530.376,12400,2,0,0,0,0,0,0,0,4,360.33,360.33,1F,1,1,1,0080,72,40,40,0,0,19,148.00
03/06/2018 18:22:14,55 59.40535,-2 30.55496,239,0,321,633969,1144818,360.10,33.492,3759,3740,3751,19,0,95.8,35.4,88.2,31.2,none,none,82.2,27.9,-3755,3750,-3753,3748,-3755,3751,-3755,3749,-3754,3750,-3755,3752,-3757,3751,-3758,3751,-3756,3751,-3756,3749,-3757,3750,-3757,3752,-3758,3750,-3759,3750,-3755,3750,-3757,3752,-3755,3751,-3756,3753,-3756,3752,-3755,3750,-3756,3750,-3758,3753,-3753,3750,-3754,3749,-3750,3744,-3753,3746,-3753,3746,-3753,3746,-3757,3747,-3757,3745,-3754,3743,-3756,3744,-3756,3747,-3756,3747,-3757,3744,-3756,3748,-3758,3740,-3755,3741,-3756,3742,-3759,3745,-3756,3743,-3755,3743,-3755,3744,-3754,3745,-3753,3745,-3751,3744,-3755,3745,-3752,3743,-0.38,SJNFAAZE1U0005576,117.74,13.04,9174.84765625,79,75,0,0,0,0,16.5,99.17,-173387,58,1528046534.029,10560,2,0,0,0,0,0,0,0,4,360.10,360.10,1F,1,1,1,0080,72,40,40,0,0,19,43.50
03/06/2018 18:22:17,55 59.40535,-2 30.55496,239,0,320,633625,1144818,358.85,49.788,3746,3727,3738,19,0,95.6,35.3,88.2,31.2,none,none,82.2,27.9,-3741,3737,-3741,3735,-3742,3738,-3742,3737,-3742,3738,-3743,3741,-3744,3740,-3745,3739,-3743,3739,-3744,3737,-3744,3740,-3746,3741,-3745,3738,-3745,3737,-3743,3740,-3744,3741,-3742,3739,-3744,3741,-3743,3739,-3743,3737,-3743,3738,-3743,3741,-3740,3737,-3741,3736,-3735,3730,-3739,3733,-3739,3735,-3740,3734,-3743,3734,-3742,3731,-3739,3731,-3743,3732,-3743,3733,-3743,3733,-3745,3733,-3743,3734,-3744,3727,-3741,3729,-3742,3732,-3745,3732,-3744,3731,-3741,3731,-3741,3732,-3741,3734,-3739,3732,-3737,3731,-3740,3731,-3739,3730,-0.38,SJNFAAZE1U0005576,117.74,13.04,9174.84765625,79,75,0,0,0,0,16.5,99.17,-173387,58,1528046537.778,13440,2,0,0,0,0,0,0,0,4,359.33,359.33,1F,1,1,1,0080,73,40,40,0,0,19,63.50
03/06/2018 18:22:21,55 59.40535,-2 30.55496,239,0,320,633137,1144818,358.75,53.024,3744,3727,3737,17,0,95.8,35.4,88.2,31.2,none,none,82.2,27.9,-3739,3735,-3740,3734,-3742,3736,-3742,3736,-3741,3736,-3741,3739,-3742,3738,-3744,3737,-3742,3736,-3742,3736,-3743,3737,-3744,3739,-3744,3735,-3743,3736,-3742,3737,-3742,3739,-3741,3738,-3742,3740,-3743,3738,-3741,3736,-3743,3735,-3743,3738,-3740,3735,-3740,3734,-3735,3728,-3737,3731,-3738,3732,-3738,3731,-3742,3732,-3742,3730,-3738,3729,-3742,3730,-3742,3730,-3742,3733,-3744,3731,-3741,3732,-3744,3727,-3741,3728,-3742,3728,-3744,3730,-3742,3729,-3741,3730,-3740,3731,-3740,3732,-3738,3731,-3736,3729,-3738,3730,-3736,3728,-0.38,SJNFAAZE1U0005576,117.74,13.04,9174.84765625,79,75,0,0,0,0,16.5,99.17,-173387,58,1528046541.346,16480,2,0,0,0,0,0,0,0,4,358.74,358.74,1F,1,1,1,0080,73,40,40,0,0,19,48.00
03/06/2018 18:22:24,55 59.40535,-2 30.55496,239,0,320,632737,1144818,358.85,43.258,3746,3728,3738,18,0,95.8,35.4,88.2,31.2,none,none,82.2,27.9,3737,-3745,3735,3742,3737,3740,3738,-3741,3737,-3742,3737,-3744,3738,3746,3739,-3745,3737,-3743,3736,-3743,-3738,-3744,3738,-3744,-3738,3745,-3737,3744,-3736,3742,-3739,3744,-3737,3743,-3739,3743,-3738,3744,-3738,3742,3738,3742,-3739,3744,3737,-3740,3737,-3738,3732,-3738,3732,-3739,3732,3740,3734,-3738,3736,-3740,3735,-3739,3731,-3742,3733,-3743,3733,-3743,3734,-3743,3737,-3741,3734,3742,3736,-3741,3729,-3741,3731,-3744,3733,-3744,3732,3742,3728,-3741,3733,-3741,3733,-3742,3733,-3740,3731,-3739,3732,-3740,3730,-3736,-0.37,SJNFAAZE1U0005576,117.74,13.04,9174.84765625,79,75,0,0,0,0,16.5,99.17,-173387,58,1528046544.682,13680,2,0,0,0,0,0,0,0,4,358.89,358.89,1F,1,1,1,0080,74,40,40,0,0,19,38.25
03/06/2018 18:22:28,55 59.40535,-2 30.55496,239,0,320,632350,1144818,358.46,50.643,3742,3725,3734,17,0,95.8,35.4,88.2,31.2,none,none,82.2,27.9,3732,3740,3730,-3738,3733,3738,3736,-3736,3733,-3739,3734,-3740,3734,-3742,3734,-3742,3734,-3739,3734,3739,3735,-3741,3735,-3742,3735,-3740,3734,-3739,3733,3739,3737,-3739,3734,-3739,3736,-3739,3736,-3741,3733,-3739,3735,-3738,3737,-3740,3732,-3737,3733,3735,3728,-3733,3728,-3735,3729,-3735,3731,-3735,3733,3736,3732,-3735,3727,-3737,3729,-3739,3730,-3739,3730,-3739,3732,-3737,3730,-3739,3731,-3737,3725,3738,3727,-3739,3729,-3741,3727,-3738,3726,-3736,3728,3737,3729,-3737,3728,-3735,3726,-3734,3728,-3734,3727,-3732,-0.38,SJNFAAZE1U0005576,117.74,13.04,9174.84765625,79,75,0,0,0,0,16.5,99.17,-173387,58,1528046548.204,14640,2,0,0,0,0,0,0,0,4,358.51,358.51,1F,1,1,1,0080,74,40,40,0,0,19,41.25
03/06/2018 18:22:31,55 59.40535,-2 30.55496,239,0,320,631902,1144818,358.66,46.859,3743,3726,3736,17,0,95.8,35.4,88.2,31.2,none,none,82.2,27.9,3734,-3743,3733,-3739,3734,3739,3738,-3739,3734,-3741,3735,-3742,3736,-3743,3736,-3743,3736,-3742,3735,-3740,3736,-3742,3737,3742,3737,-3742,3734,-3742,3734,-3740,3737,-3742,3735,3740,3737,-3741,3737,-3742,3735,-3740,3737,-3741,3736,-3742,3734,-3738,3734,-3736,3729,-3736,3730,3738,3732,-3736,3731,-3736,3734,-3739,3732,-3736,3730,3740,3730,-3740,3732,-3742,3731,-3741,3733,-3738,3731,-3740,3735,-3739,3727,-3740,3729,-3741,3730,3741,3728,-3740,3726,-3738,3731,-3739,3730,-3740,3730,-3737,3728,-3736,3730,-3737,3728,-3734,-0.37,SJNFAAZE1U0005576,117.74,13.04,9174.84765625,79,75,0,0,0,0,16.5,99.17,-173387,58,1528046551.842,14640,2,0,0,0,0,0,0,0,4,358.48,358.48,1F,1,1,1,0080,74,40,40,0,0,19,29.00
03/06/2018 18:22:35,55 59.40535,-2 30.55496,239,0,319,631550,1144818,358.75,43.655,3745,3726,3737,19,0,95.8,35.4,88.2,31.2,none,none,82.2,27.9,3735,-3743,3733,-3740,3736,3739,3738,-3739,3735,3741,3735,-3743,3737,-3745,3737,-3745,3736,-3742,3736,-3742,3736,-3743,3736,-3743,3737,-3744,3735,3743,3735,-3740,3737,-3742,3737,-3741,3737,-3741,3737,3743,3738,-3742,3737,-3740,3738,-3743,3735,-3741,3735,-3737,3731,-3737,3730,-3739,3732,-3738,3733,3738,3734,-3740,3733,-3737,3730,-3742,3732,-3742,3731,3743,3732,-3743,3734,-3742,3732,-3741,3735,-3741,3727,-3742,3730,3743,3730,-3744,3728,-3744,3726,-3741,3731,-3741,3731,-3742,3730,-3739,3730,-3737,3731,-3740,3729,3734,-0.36,SJNFAAZE1U0005576,117.74,13.04,9174.84765625,79,75,0,0,0,0,16.5,99.17,-173387,57,1528046555.309,12840,2,0,0,0,0,0,0,0,4,358.48,358.48,1F,1,1,1,0080,74,40,40,0,0,19,22.25
03/06/2018 18:22:38,55 59.40535,-2 30.55496,239,0,319,631356,1144818,359.14,26.137,3749,3731,3741,18,0,95.8,35.4,88.2,31.2,none,none,82.2,27.9,3740,-3748,3736,3744,3738,3744,3743,-3743,3739,-3746,3739,-3747,3739,3749,3740,-3747,3739,-3746,3739,-3746,3740,-3747,3740,-3747,3740,-3749,3738,-3747,3739,-3746,3743,3747,3740,-3745,3740,-3745,3741,-3747,3739,-3745,3742,3745,3742,-3748,3739,-3744,3739,-3741,3735,-3742,3734,-3744,3736,-3742,3737,-3742,3738,-3745,3737,-3742,3734,-3745,3735,-3747,3735,-3747,3736,-3747,3738,-3745,3736,3745,3737,-3745,3731,-3746,3733,-3747,3735,-3748,3734,3747,3731,-3745,3735,-3745,3735,-3746,3735,-3744,3735,-3741,3735,-3744,3733,-3738,-0.40,SJNFAAZE1U0005576,117.74,13.04,9174.84765625,79,75,0,0,0,0,16.5,99.17,-173387,57,1528046558.938,6280,2,0,0,0,0,0,0,0,4,359.25,359.25,1F,1,1,1,0080,74,40,40,0,0,19,19.00
03/06/2018 18:22:42,55 59.40535,-2 30.55496,239,0,319,631154,1144818,359.52,17.806,3753,3735,3745,18,0,95.8,35.4,88.2,31.2,none,none,82.2,27.9,-3749,3745,-3748,3742,-3749,3743,-3750,3744,-3748,3744,-3749,3745,-3751,3746,-3752,3745,-3749,3743,-3750,3743,-3750,3745,-3751,3746,-3752,3744,-3752,3743,-3748,3744,-3750,3747,-3748,3745,-3749,3747,-3750,3745,-3749,3743,-3751,3744,-3750,3746,-3748,3744,-3749,3742,-3745,3739,-3747,3741,-3749,3741,-3749,3741,-3751,3740,-3750,3738,-3749,3738,-3751,3739,-3751,3740,-3750,3741,-3752,3740,-3749,3742,-3751,3735,-3750,3737,-3752,3737,-3753,3739,-3750,3737,-3749,3738,-3750,3740,-3749,3740,-3748,3740,-3746,3739,-3749,3739,-3747,3737,-0.43,SJNFAAZE1U0005576,117.74,13.04,9174.84765625,79,75,0,0,0,0,16.5,99.17,-173387,57,1528046562.660,6240,2,0,0,0,0,0,0,0,4,359.53,359.53,1F,1,1,1,0080,74,40,40,0,0,19,9.50
03/06/2018 18:22:46,55 59.40535,-2 30.55496,239,0,319,631030,1144818,359.81,14.358,3756,3737,3748,19,0,95.8,35.4,88.2,31.2,none,none,82.2,27.9,-3752,3747,-3750,3745,-3752,3747,-3753,3745,-3751,3747,-3752,3748,-3754,3747,-3755,3748,-3753,3747,-3752,3745,-3755,3747,-3755,3747,-3755,3746,-3754,3744,-3752,3747,-3752,3749,-3752,3748,-3753,3749,-3753,3747,-3753,3746,-3754,3747,-3755,3749,-3750,3746,-3752,3745,-3748,3742,-3752,3742,-3751,3744,-3751,3744,-3754,3743,-3754,3741,-3751,3742,-3753,3742,-3754,3742,-3753,3743,-3754,3743,-3752,3743,-3754,3737,-3753,3738,-3754,3740,-3756,3743,-3755,3741,-3753,3741,-3753,3743,-3751,3742,-3750,3745,-3749,3740,-3751,3742,-3751,3740,-0.37,SJNFAAZE1U0005576,117.74,13.04,9176.45703125,79,75,0,0,0,0,16.5,99.17,-173387,57,1528046566.274,4400,2,0,0,0,0,0,0,0,4,359.79,359.79,1F,1,1,1,0080,74,40,40,0,0,19,11.75
03/06/2018 18:22:50,55 59.40535,-2 30.55496,239,0,319,630856,1144818,359.33,24.001,3751,3733,3743,18,0,96.0,35.6,88.4,31.3,none,none,82.4,28.0,-3747,3742,-3746,3740,-3748,3743,-3747,3742,-3746,3742,-3747,3744,-3748,3744,-3749,3743,-3749,3742,-3747,3743,-3748,3743,-3750,3744,-3750,3741,-3749,3740,-3747,3743,-3748,3744,-3747,3744,-3747,3745,-3747,3744,-3747,3741,-3748,3743,-3749,3745,-3746,3742,-3747,3741,-3742,3736,-3745,3738,-3746,3739,-3747,3738,-3748,3739,-3748,3737,-3747,3736,-3748,3737,-3748,3738,-3748,3739,-3750,3738,-3748,3740,-3749,3733,-3747,3733,-3749,3734,-3751,3736,-3749,3736,-3746,3738,-3747,3736,-3746,3736,-3746,3738,-3743,3736,-3747,3737,-3745,3734,-0.36,SJNFAAZE1U0005576,117.74,13.04,9176.45703125,79,75,0,0,0,0,16.5,99.17,-173387,57,1528046570.207,6720,2,0,0,0,0,0,0,0,4,359.45,359.45,1F,1,1,1,0080,74,40,40,0,0,19,18.00
03/06/2018 18:22:54,55 59.40535,-2 30.55496,239,0,319,631064,1144818,363.55,-83.418,3796,3777,3787,19,0,95.8,35.4,88.2,31.2,none,none,82.2,27.9,-3792,3787,-3791,3784,-3793,3785,-3791,3784,-3790,3784,-3789,3784,-3790,3784,-3791,3784,-3790,3783,-3789,3782,-3791,3783,-3790,3785,-3791,3782,-3791,3781,-3789,3783,-3790,3786,-3790,3784,-3789,3786,-3789,3784,-3789,3783,-3791,3785,-3793,3787,-3791,3785,-3792,3784,-3791,3784,-3795,3786,-3794,3786,-3794,3786,-3794,3784,-3796,3784,-3794,3781,-3794,3782,-3794,3783,-3795,3781,-3795,3781,-3793,3782,-3788,3778,-3794,3777,-3795,3777,-3796,3781,-3793,3780,-3794,3781,-3793,3781,-3791,3781,-3793,3784,-3791,3781,-3794,3785,-3793,3782,-0.40,SJNFAAZE1U0005576,117.74,13.04,9176.45703125,79,75,0,0,0,0,16.5,99.17,-173395,57,1528046574.027,0,2,0,0,0,0,0,0,0,4,363.61,363.61,1F,1,1,1,0080,74,40,40,0,0,19,-24.25
03/06/2018 18:22:57,55 59.40535,-2 30.55496,239,0,319,631263,1144818,361.06,-0.502,3767,3752,3761,15,0,95.8,35.4,88.2,31.2,none,none,82.2,27.9,3762,-3767,3757,-3764,3759,3763,3762,-3762,3759,-3765,3758,-3765,3760,-3767,3760,-3766,3760,-3764,3759,-3763,3760,-3765,3760,3766,3761,-3767,3757,-3765,-3759,-3763,3761,-3765,-3760,3763,-3760,3766,-3760,3765,-3759,3763,-3760,3764,-3762,3765,-3759,3763,-3759,3761,-3756,3762,-3757,3764,-3758,3764,-3759,3763,-3759,3764,-3760,3764,-3756,3765,-3755,3765,-3757,3767,-3756,3765,-3758,3765,-3757,3764,-3756,3764,-3752,3764,-3754,3765,-3756,3767,-3754,3765,-3752,3765,-3757,3764,-3755,3764,3757,3764,-3756,3762,3757,-3764,3754,-3759,-0.41,SJNFAAZE1U0005576,117.74,13.04,9176.45703125,79,75,0,0,0,0,16.5,99.17,-173404,57,1528046577.546,0,2,0,0,0,0,0,0,0,4,361.06,361.06,1F,1,1,1,0080,74,40,40,0,0,19,-4.25
03/06/2018 18:23:00,55 59.40535,-2 30.55496,239,0,319,631257,1144818,361.06,1.266,3768,3750,3761,18,0,95.8,35.4,88.2,31.2,none,none,82.2,27.9,3760,-3768,3756,-3765,3759,3764,3761,-3763,3758,-3764,3758,3766,3759,-3768,3760,-3767,3759,-3764,3758,-3765,3759,3766,3760,-3766,3760,-3767,3758,-3766,3758,-3764,3760,-3766,3760,-3765,3761,-3765,3759,-3766,3759,3764,3760,-3764,3761,-3765,3758,-3763,3760,-3762,3756,3764,3757,-3765,3757,-3763,3759,-3763,3759,-3766,3758,-3764,3755,-3765,3755,-3767,3755,-3767,3756,3766,3758,-3764,3756,-3765,3755,-3764,3750,-3765,3752,3766,3753,-3768,3752,-3767,3752,-3764,3756,-3765,3753,-3765,3756,-3765,3754,-3762,3756,-3765,3753,3760,-0.38,SJNFAAZE1U0005576,117.74,13.04,9176.45703125,79,75,0,0,0,0,16.5,99.17,-173404,57,1528046580.776,0,2,0,0,0,0,0,0,0,4,361.05,361.05,1F,1,1,1,0080,74,40,40,0,0,19,-1.25
03/06/2018 18:23:04,55 59.40535,-2 30.55496,239,0,319,631159,1144818,359.23,42.678,3748,3731,3742,17,0,96.0,35.6,88.4,31.3,none,none,82.4,28.0,3743,-3747,3738,-3745,3741,3745,3744,-3745,3742,-3747,3741,-3748,3742,-3748,3742,3748,3741,-3746,3741,-3747,3743,-3748,3743,-3748,3741,3747,3740,-3746,3740,-3745,3743,-3748,3743,-3746,3743,-3748,3742,-3747,3741,-3745,3743,-3746,3744,3747,3740,-3744,3741,-3743,3735,-3741,3736,-3743,3737,3742,3740,-3744,3742,-3746,3739,-3742,3735,-3744,3738,-3745,3738,3746,3739,-3748,3740,-3745,3739,-3746,3739,-3744,3731,-3745,3735,-3747,3738,-3748,3736,-3747,3733,3746,3736,-3745,3737,-3745,3736,-3744,3735,-3743,3737,3744,3735,-3740,-0.39,SJNFAAZE1U0005576,117.74,13.04,9176.45703125,79,75,0,0,0,0,16.5,99.17,-173404,57,1528046584.057,10120,2,0,0,0,0,0,0,0,4,359.62,359.62,1F,1,1,1,0080,74,40,40,0,0,19,148.00
03/06/2018 18:23:07,55 59.40535,-2 30.55496,239,0,319,630684,1144818,359.33,32.576,3750,3731,3743,19,0,95.8,35.4,88.4,31.3,none,none,82.4,28.0,3742,3748,3738,-3747,3741,3746,3743,-3746,3741,-3747,3741,-3748,3742,-3750,3742,-3750,3741,-3749,3741,3747,3740,-3749,3744,-3749,3743,-3750,3740,-3748,3740,3747,3743,-3748,3741,-3747,3742,-3748,3742,-3749,3742,-3747,3743,-3747,3744,-3748,3739,-3745,3741,3743,3736,-3744,3737,-3745,3739,-3744,3739,-3744,3740,-3746,3739,3745,3736,-3748,3737,-3748,3737,-3749,3737,-3748,3740,3746,3737,-3747,3739,-3748,3731,-3747,3736,-3750,3737,-3750,3735,-3749,3733,-3748,3737,-3747,3736,3747,3738,-3746,3735,-3744,3736,-3746,3734,-3741,-0.38,SJNFAAZE1U0005576,117.74,13.04,9176.45703125,79,75,0,0,0,0,16.5,99.17,-173404,57,1528046587.582,13240,2,0,0,0,0,0,0,0,4,359.25,359.25,1F,1,1,1,0080,74,40,40,0,0,19,34.25
03/06/2018 18:23:11,55 59.40535,-2 30.55496,239,0,319,630368,1144818,357.89,58.669,3737,3716,3728,21,0,96.0,35.6,88.4,31.3,none,none,82.4,28.0,3726,-3735,3725,-3732,3726,3732,3731,-3732,3727,-3735,3727,-3736,3727,-3737,3728,-3736,3727,-3735,3729,-3735,3728,-3736,3729,3737,3728,-3736,3728,-3735,3726,-3734,3730,-3736,3728,3734,3729,-3735,3728,-3735,3727,-3733,3727,-3733,3729,-3736,3725,3732,3727,-3729,3720,-3728,3720,-3731,3722,-3729,3724,-3729,3727,-3731,3723,-3730,3720,-3733,3722,3734,3721,-3733,3722,-3736,3725,-3732,3722,-3733,3725,3732,3716,-3733,3720,-3735,3721,-3736,3720,-3734,3717,-3732,3721,-3733,3721,-3733,3721,-3729,3719,3730,3721,-3731,3718,-3726,-0.41,SJNFAAZE1U0005576,117.74,13.04,9176.45703125,79,75,0,0,0,0,16.5,99.17,-173404,57,1528046591.434,15360,2,0,0,0,0,0,0,0,4,358.27,358.27,1F,1,1,1,0080,74,40,40,0,0,19,81.50
03/06/2018 18:23:15,55 59.40535,-2 30.55496,239,0,319,629797,1144818,357.70,61.660,3733,3718,3726,15,0,95.8,35.4,88.2,31.2,none,none,82.2,27.9,-3729,3727,-3728,3723,-3729,3726,-3730,3725,-3730,3727,-3729,3728,-3732,3729,-3733,3728,-3731,3727,-3732,3727,-3731,3728,-3733,3728,-3733,3726,-3732,3726,-3729,3727,-3732,3729,-3729,3728,-3730,3729,3731,-3726,3730,3726,3730,-3726,3731,-3728,3727,-3725,3729,-3724,3723,3718,3725,-3721,3726,-3721,3727,-3721,3731,-3722,3728,-3720,3726,-3719,3729,-3720,-3730,-3721,3730,3723,-3731,3720,-3728,3722,-3733,3718,-3728,3718,-3731,3719,-3732,3721,-3729,3720,-3728,3720,-3729,3721,-3728,3722,-3726,3720,-3724,3719,-3726,3720,-3725,3718,-0.40,SJNFAAZE1U0005576,117.74,13.04,9176.45703125,79,75,0,0,0,0,16.5,99.17,-173404,57,1528046595.211,16120,2,0,0,0,0,0,0,0,4,357.82,357.82,1F,1,1,1,0080,74,40,40,0,0,19,60.00
03/06/2018 18:23:18,55 59.40535,-2 30.55496,239,0,318,629222,1144818,357.50,61.507,3732,3712,3724,20,0,95.8,35.4,88.2,31.2,none,none,82.2,27.9,-3727,3722,-3726,3720,-3729,3722,-3729,3722,-3727,3723,-3729,3725,-3731,3724,-3731,3724,-3729,3724,-3730,3722,-3730,3725,-3730,3725,-3732,3722,-3729,3722,-3729,3725,-3730,3726,-3728,3725,-3729,3727,-3729,3724,-3729,3723,-3730,3723,-3729,3725,-3727,3722,-3726,3720,-3721,3715,-3723,3718,-3725,3718,-3725,3719,-3728,3719,-3728,3717,-3725,3717,-3729,3717,-3729,3719,-3729,3719,-3730,3718,-3728,3720,-3730,3712,-3728,3715,-3730,3716,-3732,3717,-3729,3716,-3727,3717,-3727,3717,-3728,3717,-3725,3718,-3724,3717,-3726,3716,-3724,3714,-0.41,SJNFAAZE1U0005576,117.74,13.04,9176.45703125,79,75,0,0,0,0,16.5,99.17,-173404,57,1528046598.905,18720,2,0,0,0,0,0,0,0,4,357.45,357.45,1F,1,1,1,0080,75,40,40,0,0,19,44.00
03/06/2018 18:23:22,55 59.40535,-2 30.55496,239,0,318,628790,1144818,357.79,46.920,3735,3719,3727,16,0,95.8,35.4,88.2,31.2,none,none,82.2,27.9,-3730,3728,-3730,3725,-3732,3728,-3731,3727,-3730,3728,-3731,3731,-3733,3728,-3734,3729,-3732,3728,-3732,3728,-3733,3728,-3735,3730,-3734,3727,-3733,3726,-3731,3728,-3732,3731,-3731,3729,-3731,3730,-3731,3729,-3731,3728,-3733,3728,-3732,3729,-3730,3726,-3730,3725,-3725,3720,-3727,3722,-3727,3723,-3729,3724,-3732,3724,-3731,3722,-3727,3721,-3730,3722,-3732,3723,-3731,3724,-3733,3723,-3731,3724,-3732,3719,-3730,3720,-3732,3721,-3733,3723,-3732,3721,-3730,3722,-3730,3722,-3729,3723,-3727,3722,-3726,3722,-3728,3722,-3726,3720,-0.42,SJNFAAZE1U0005576,117.74,13.04,9176.45703125,79,75,0,0,0,0,16.5,99.17,-173404,57,1528046602.367,14560,2,0,0,0,0,0,0,0,4,357.86,357.86,1F,1,1,1,0080,75,40,40,0,0,19,32.25
03/06/2018 18:23:25,55 59.40535,-2 30.55496,239,0,318,628416,1144818,357.79,44.387,3735,3717,3727,18,0,95.8,35.4,88.2,31.2,none,none,82.2,27.9,-3729,3726,-3730,3723,-3732,3726,-3731,3725,-3731,3727,-3732,3728,-3732,3727,-3734,3727,-3732,3728,-3732,3726,-3734,3727,-3735,3729,-3734,3725,-3734,3725,-3732,3728,-3733,3728,-3731,3728,-3733,3730,-3732,3727,-3732,3727,-3733,3727,-3733,3729,-3730,3726,-3730,3723,-3725,3718,-3727,3721,-3728,3722,-3729,3722,-3730,3721,-3732,3719,-3728,3719,-3732,3720,-3732,3722,-3732,3720,-3734,3721,-3731,3722,-3730,3717,-3731,3717,-3732,3720,-3735,3719,-3732,3720,-3731,3720,-3732,3719,-3730,3721,-3729,3722,-3728,3719,-3729,3721,-3728,3719,-0.39,SJNFAAZE1U0005576,117.74,13.04,9176.45703125,79,75,0,0,0,0,16.5,99.17,-173404,57,1528046605.862,13480,2,0,0,0,0,0,0,0,4,357.91,357.91,1F,1,1,1,0080,75,40,40,0,0,19,31.50
03/06/2018 18:23:29,55 59.40535,-2 30.55496,239,0,318,628175,1144818,359.04,2.944,3746,3731,3740,15,0,95.8,35.4,88.2,31.2,none,none,82.2,27.9,-3744,3739,-3742,3737,-3743,3739,-3745,3738,-3744,3739,-3743,3741,-3745,3740,-3745,3740,-3744,3739,-3743,3739,-3745,3741,-3745,3741,-3746,3739,-3744,3738,-3744,3740,-3744,3742,-3744,3739,-3744,3742,-3744,3740,-3744,3739,-3745,3740,-3746,3742,-3742,3739,-3743,3738,-3739,3734,-3742,3736,-3741,3736,-3743,3736,-3744,3736,-3745,3734,-3743,3734,-3744,3734,-3745,3737,-3743,3735,-3746,3735,-3745,3736,-3745,3731,-3743,3732,-3744,3733,-3746,3734,-3744,3734,-3743,3734,-3744,3734,-3742,3734,-3741,3736,-3740,3733,-3742,3735,-3741,3734,-0.39,SJNFAAZE1U0005576,117.74,13.04,9176.45703125,79,75,0,0,0,0,16.5,99.17,-173404,57,1528046609.491,2840,2,0,0,0,0,0,0,0,4,359.35,359.35,1F,1,1,1,0080,75,40,40,0,0,19,18.50
03/06/2018 18:23:33,55 59.40535,-2 30.55496,239,0,318,627953,1144818,358.46,29.891,3741,3724,3734,17,0,95.8,35.4,88.2,31.2,none,none,82.2,27.9,3733,-3739,3730,3738,3733,3738,3735,-3736,3732,-3738,3733,-3739,3734,3740,3734,-3740,3733,-3739,3733,-3738,3734,-3740,3735,-3740,3734,-3741,3732,-3738,3732,-3739,3734,3739,3734,-3738,3734,-3739,3734,-3738,3733,-3738,3734,3737,3735,-3739,3732,-3737,3733,-3733,3727,-3733,3728,-3736,3730,-3735,3730,-3735,3732,-3736,3730,3735,3728,-3738,3729,-3739,3728,-3738,3729,-3738,3731,-3738,3730,-3738,3731,-3737,3724,-3737,3727,-3740,3729,-3739,3727,3740,3725,-3738,3729,-3737,3728,-3736,3729,-3736,3726,-3735,3728,-3736,3726,-3732,-0.38,SJNFAAZE1U0005576,117.74,13.04,9176.45703125,79,75,0,0,0,0,16.5,99.17,-173404,57,1528046613.169,8360,2,0,0,0,0,0,0,0,4,358.51,358.51,1F,1,1,1,0080,75,40,40,0,0,19,20.75
03/06/2018 18:23:36,55 59.40535,-2 30.55496,239,0,317,627705,1144818,358.56,25.374,3742,3725,3735,17,0,95.8,35.4,88.2,31.2,none,none,82.2,27.9,3734,-3741,3732,-3738,3734,3738,3738,3738,3733,-3740,3734,-3740,3734,-3742,3735,-3742,3734,3740,3735,-3739,3735,-3742,3735,-3742,3735,-3742,3734,-3741,3732,-3739,3735,-3740,3735,-3739,3735,3739,3735,-3740,3735,-3739,3736,-3739,3736,-3741,3733,3739,3733,-3736,3728,-3736,3729,-3737,3729,-3737,3732,-3736,3732,-3739,3731,-3737,3728,-3740,3729,3741,3730,-3740,3730,-3741,3732,-3740,3730,-3739,3731,-3740,3726,3740,3726,-3741,3728,-3741,3727,-3741,3725,-3741,3729,3739,3728,-3739,3729,-3737,3727,-3736,3728,-3737,3728,-3733,-0.40,SJNFAAZE1U0005576,117.74,13.04,9176.45703125,79,75,0,0,0,0,16.5,99.17,-173404,57,1528046616.860,8040,2,0,0,0,0,0,0,0,4,358.63,358.63,1F,1,1,1,0080,75,40,40,0,0,19,18.75
03/06/2018 18:23:40,55 59.40535,-2 30.55496,239,0,317,627470,1144818,358.46,27.175,3743,3725,3734,18,0,95.8,35.4,88.2,31.2,none,none,82.2,27.9,3732,-3743,3731,-3739,3733,3739,3736,-3738,3733,-3740,3733,3740,3733,-3743,3733,-3742,3733,-3740,3733,-3740,3734,3741,3735,-3742,3734,-3742,3732,-3740,3732,-3739,3734,-3741,3734,-3739,3735,-3740,3734,-3741,3734,3739,3736,-3740,3736,-3741,3732,-3737,3733,-3736,3727,3736,3728,-3737,3729,-3737,3731,-3736,3731,-3738,3730,-3737,3727,3739,3728,-3739,3729,-3742,3729,-3739,3731,-3739,3729,-3739,3730,-3739,3725,-3740,3726,-3741,3727,3741,3726,-3741,3725,-3741,3728,-3739,3727,-3738,3727,3737,3726,-3736,3727,-3737,3726,-3734,-0.42,SJNFAAZE1U0005576,117.74,13.04,9176.45703125,79,75,0,0,0,0,16.5,99.17,-173404,57,1528046620.593,8040,2,0,0,0,0,0,0,0,4,358.56,358.56,1F,1,1,1,0080,75,40,40,0,0,19,18.75
03/06/2018 18:23:44,55 59.40535,-2 30.55496,239,0,317,627234,1144818,358.56,25.893,3742,3726,3735,16,0,95.8,35.4,88.2,31.2,none,none,82.4,28.0,3733,-3740,3731,-3737,3734,3738,3737,-3737,3734,-3738,3734,-3739,3736,-3741,3735,3742,3735,-3740,3734,-3738,3736,-3740,3735,-3741,3735,3742,3734,-3740,3734,-3739,3735,-3740,3735,-3739,3736,-3740,3736,-3739,3735,-3739,3736,-3738,3737,3740,3733,-3736,3734,-3735,3729,-3735,3730,-3737,3730,-3736,3731,3736,3732,-3736,3733,-3735,3728,-3738,3729,-3739,3731,3739,3731,-3739,3732,-3738,3730,-3739,3731,-3738,3726,-3738,3728,-3740,3730,-3740,3729,-3740,3727,3740,3730,-3738,3729,-3736,3731,-3737,3727,-3735,3729,3737,3728,-3732,-0.40,SJNFAAZE1U0005576,117.74,13.04,9176.45703125,79,75,0,0,0,0,16.5,99.17,-173404,57,1528046624.341,8040,2,0,0,0,0,0,0,0,4,358.54,358.54,1F,1,1,1,0080,75,40,40,0,0,19,17.75
03/06/2018 18:23:48,55 59.40535,-2 30.55496,239,0,317,626988,1144818,358.46,28.274,3742,3724,3734,18,0,96.0,35.6,88.4,31.3,none,none,82.2,27.9,3738,3734,3738,-3731,3739,3734,3739,-3733,3739,-3733,3739,-3736,3740,-3734,3741,-3734,-3739,-3735,3740,3733,-3740,3734,-3741,3735,-3741,3733,-3740,3731,-3739,3735,-3740,3736,-3739,3735,-3739,3736,-3740,3735,-3739,3733,-3741,3734,-3740,3736,3736,-3734,-3738,3731,3734,-3728,3737,-3729,3737,-3731,3737,-3729,3739,-3729,3739,3727,3737,-3728,3740,-3727,3740,-3729,3740,-3729,3741,3728,3739,-3730,3739,-3724,3740,-3725,3740,-3727,3742,-3728,3740,-3726,3739,-3728,3738,-3728,3737,3727,3736,-3730,3735,-3727,3737,-3727,3735,-3726,-0.40,SJNFAAZE1U0005576,117.74,13.04,9176.45703125,79,75,0,0,0,0,16.5,99.17,-173404,57,1528046628.125,8040,2,0,0,0,0,0,0,0,4,358.52,358.52,1F,1,1,1,0080,75,40,40,0,0,19,18.50
03/06/2018 18:23:51,55 59.40535,-2 30.55496,239,0,317,626577,1144818,358.08,57.418,3737,3721,3730,16,0,95.8,35.4,88.4,31.3,none,none,82.2,27.9,-3732,3730,-3733,3728,-3733,3730,-3734,3729,-3734,3731,-3733,3732,-3735,3732,-3737,3731,-3735,3730,-3734,3729,-3736,3730,-3736,3732,-3737,3730,-3736,3729,-3734,3730,-3734,3732,-3734,3730,-3733,3733,-3734,3731,-3734,3730,-3735,3730,-3736,3732,-3732,3729,-3733,3728,-3728,3723,-3731,3726,-3731,3725,-3731,3726,-3735,3726,-3734,3725,-3733,3723,-3733,3724,-3735,3726,-3735,3725,-3735,3725,-3732,3727,-3735,3721,-3733,3723,-3736,3722,-3736,3724,-3733,3723,-3732,3724,-3733,3725,-3733,3726,-3732,3726,-3730,3723,-3731,3724,-3729,3723,-0.45,SJNFAAZE1U0005576,117.74,13.04,9176.45703125,79,75,0,0,0,0,16.5,99.17,-173404,57,1528046631.932,17600,2,0,0,0,0,0,0,0,4,357.32,357.32,1F,1,1,1,0080,75,40,40,0,0,19,0.00
03/06/2018 18:23:55,55 59.40535,-2 30.55496,239,0,317,626567,1144818,361.15,-57.570,3769,3755,3762,14,0,95.8,35.4,88.2,31.2,none,none,82.2,27.9,-3767,3763,-3765,3760,-3766,3761,-3764,3759,-3765,3760,-3764,3760,-3766,3761,-3767,3760,-3765,3759,-3764,3758,-3766,3760,-3767,3761,-3767,3760,-3767,3759,-3765,3761,-3766,3762,-3764,3761,-3766,3763,-3765,3761,-3766,3759,-3766,3761,-3767,3764,-3764,3760,-3766,3760,-3765,3758,-3768,3760,-3767,3760,-3768,3760,-3766,3758,-3769,3758,-3767,3758,-3768,3758,-3768,3760,-3767,3757,-3769,3757,-3768,3759,-3763,3755,-3767,3755,-3768,3755,-3768,3757,-3767,3756,-3767,3757,-3768,3758,-3765,3757,-3767,3761,-3764,3757,-3768,3759,-3765,3756,-0.34,SJNFAAZE1U0005576,117.74,13.04,9176.45703125,79,75,0,0,0,0,16.5,99.17,-173404,57,1528046635.564,0,2,0,0,0,0,0,0,0,4,361.41,361.41,1F,1,1,1,0080,75,40,40,0,0,19,-66.00
03/06/2018 18:23:59,55 59.40535,-2 30.55496,239,0,317,627246,1144818,364.22,-97.884,3804,3784,3794,20,0,95.8,35.4,88.2,31.2,none,none,82.2,27.9,-3801,3793,-3796,3790,-3799,3791,-3797,3789,-3796,3790,-3796,3790,-3796,3790,-3798,3788,-3796,3787,-3795,3788,-3796,3788,-3797,3790,-3798,3788,-3797,3786,-3796,3789,-3797,3791,-3796,3790,-3796,3793,-3796,3789,-3795,3788,-3798,3789,-3800,3792,-3798,3791,-3800,3791,-3799,3791,-3803,3792,-3803,3794,-3803,3793,-3802,3790,-3804,3790,-3802,3788,-3802,3788,-3801,3789,-3802,3791,-3802,3789,-3802,3790,-3792,3784,-3801,3785,-3802,3784,-3804,3789,-3802,3786,-3801,3790,-3801,3789,-3799,3787,-3802,3792,-3799,3789,-3802,3791,-3801,3788,-0.40,SJNFAAZE1U0005576,117.74,13.04,9176.45703125,79,75,0,0,0,0,16.5,99.17,-173432,57,1528046639.053,0,2,0,0,0,0,0,0,0,4,363.95,363.95,1F,1,1,1,0080,75,40,40,0,0,19,-138.75
03/06/2018 18:24:02,55 59.40535,-2 30.55496,239,0,317,627677,1144818,361.15,-8.895,3769,3751,3762,18,0,95.8,35.4,88.2,31.2,none,none,82.2,27.9,-3766,3763,-3764,3759,-3766,3759,-3765,3759,-3764,3760,-3764,3761,-3766,3761,-3767,3762,-3766,3760,-3765,3758,-3766,3759,-3767,3762,-3768,3761,-3768,3759,-3765,3761,-3767,3762,-3766,3761,-3766,3763,-3765,3761,-3765,3759,-3767,3760,-3768,3763,-3764,3760,-3766,3759,-3763,3756,-3766,3759,-3767,3759,-3766,3758,-3766,3757,-3768,3757,-3766,3755,-3768,3755,-3767,3757,-3768,3756,-3767,3756,-3767,3757,-3767,3751,-3766,3753,-3769,3753,-3769,3755,-3767,3754,-3765,3755,-3766,3756,-3766,3755,-3766,3758,-3763,3755,-3767,3756,-3765,3754,-0.42,SJNFAAZE1U0005576,117.74,13.04,9176.45703125,79,75,0,0,0,0,16.5,99.17,-173449,57,1528046642.619,0,2,0,0,0,0,0,0,0,4,361.40,361.40,1F,1,1,1,0080,75,40,40,0,0,19,-33.00
03/06/2018 18:24:06,55 59.40535,-2 30.55496,239,0,317,627676,1144818,360.77,1.083,3766,3750,3758,16,0,95.8,35.4,88.2,31.2,none,none,82.2,27.9,3757,-3765,3755,-3761,3758,3760,3759,-3760,3756,-3761,3757,-3763,3758,-3766,3758,-3764,3757,-3762,3756,-3760,3756,-3764,3758,3763,3758,-3763,3757,-3763,3755,-3760,3759,-3764,3757,3761,3759,-3763,3758,-3762,3757,-3762,3760,-3761,3760,-3763,3757,-3761,3758,-3758,3754,-3761,3755,3762,3756,-3760,3758,-3761,3758,-3762,3757,-3760,3754,3762,3754,-3762,3755,-3763,3755,-3763,3756,-3762,3754,-3762,3754,-3761,3750,-3761,3751,-3763,3753,3764,3752,-3763,3751,-3762,3754,-3762,3752,-3760,3755,3761,-3753,3759,3755,-3763,3753,-3757,-0.39,SJNFAAZE1U0005576,117.74,13.04,9176.45703125,79,75,0,0,0,0,16.5,99.17,-173449,57,1528046646.154,0,2,0,0,0,0,0,0,0,4,360.86,360.86,1F,1,1,1,0080,75,40,40,0,0,19,0.00
03/06/2018 18:24:09,55 59.40535,-2 30.55496,239,0,317,627667,1144818,360.77,0.869,3766,3749,3758,17,0,95.8,35.4,88.2,31.2,none,none,82.2,27.9,3757,-3766,3754,-3762,3757,3760,3759,-3760,3756,3761,3755,-3763,3757,-3766,3757,-3765,3756,-3762,3756,-3761,3756,-3762,3756,-3764,3756,-3765,3755,3764,3755,-3761,3758,-3763,3756,-3762,3758,-3763,3758,3763,3756,-3761,3758,-3762,3759,-3764,3756,-3761,3757,-3759,3754,-3761,3754,-3762,3755,-3761,3757,3761,3756,-3762,3756,-3761,3752,-3763,3753,-3765,3753,3765,3753,-3764,3756,-3762,3754,-3764,3753,-3763,3749,-3764,3750,3764,3753,-3766,3751,-3765,3749,-3763,3754,-3763,3751,-3762,3754,-3762,3752,-3760,3752,-3762,3752,3758,-0.39,SJNFAAZE1U0005576,117.74,13.04,9176.45703125,79,75,0,0,0,0,16.5,99.17,-173449,57,1528046649.686,0,2,0,0,0,0,0,0,0,4,360.83,360.83,1F,1,1,1,0080,75,40,40,0,0,19,0.00
03/06/2018 18:24:13,55 59.40535,-2 30.55496,239,0,317,627658,1144818,360.77,0.961,3767,3748,3758,19,0,96.0,35.6,88.2,31.2,none,none,82.2,27.9,3758,-3765,3754,3762,3756,3760,3759,-3760,3755,-3762,3756,-3763,3757,3765,3757,-3764,3755,-3763,3755,-3761,3757,-3763,3757,-3764,3757,-3765,3755,-3763,3755,-3762,3758,3764,3758,-3762,3758,-3764,3757,-3763,3757,-3762,3759,3762,3760,-3764,3756,-3762,3758,-3758,3754,-3761,3754,-3762,3756,-3762,3756,-3761,3756,-3764,3756,3762,3753,-3763,3752,-3764,3752,-3764,3754,-3764,3756,-3762,3754,3764,3753,-3764,3748,-3763,3751,-3764,3751,-3767,3750,3765,3748,-3763,3753,-3763,3751,-3762,3754,-3762,3753,-3760,3755,-3763,3752,-3758,-0.41,SJNFAAZE1U0005576,117.74,13.04,9176.45703125,79,75,0,0,0,0,16.5,99.17,-173449,57,1528046653.519,0,2,0,0,0,0,0,0,0,4,360.84,360.84,1F,1,1,1,0080,75,40,40,0,0,19,0.00
03/06/2018 18:24:17,55 59.40535,-2 30.55496,239,0,317,627650,1144818,360.86,0.961,3767,3748,3759,19,0,95.8,35.4,88.4,31.3,none,none,82.2,27.9,3758,-3767,3754,-3762,3757,3761,3759,3761,3756,-3762,3756,-3764,3758,-3766,3757,-3765,3755,3762,3756,-3761,3757,-3763,3757,-3764,3758,-3765,3755,-3764,3755,-3762,3758,-3764,3758,-3763,3759,3763,3757,-3763,3756,-3762,3759,-3762,3760,-3764,3756,3761,3757,-3759,3753,-3760,3754,-3764,3756,-3762,3755,-3762,3758,-3763,3757,-3762,3753,-3763,3754,3764,3753,-3765,3754,-3763,3756,-3763,3754,-3764,3754,-3763,3748,3764,3750,-3765,3751,-3766,3751,-3764,3749,-3763,3753,3764,3752,-3762,3754,-3762,3752,-3761,3754,-3763,3752,-3759,-0.39,SJNFAAZE1U0005576,117.74,13.04,9176.45703125,79,75,0,0,0,0,16.5,99.17,-173449,57,1528046657.333,0,2,0,0,0,0,0,0,0,4,360.87,360.87,1F,1,1,1,0080,75,40,40,0,0,19,0.00
03/06/2018 18:24:20,55 59.40535,-2 30.55496,239,0,317,627605,1144818,359.62,27.602,3754,3735,3746,19,0,96.0,35.6,88.2,31.2,none,none,82.4,28.0,3744,-3753,3741,-3749,3743,3749,3747,-3748,3743,-3750,3744,3753,3744,-3753,3744,-3754,3743,-3751,3744,-3750,3745,3753,3746,-3753,3745,-3753,3741,-3752,3743,-3750,3747,-3752,3745,-3751,3747,-3752,3745,-3751,3744,3750,3745,-3750,3747,-3753,3743,-3750,3745,-3748,3738,-3746,3739,-3750,3742,-3748,3743,-3749,3746,-3750,3743,-3748,3739,3750,3740,-3751,3740,-3752,3740,-3753,3743,-3750,3742,-3751,3741,-3750,3735,-3751,3736,-3752,3739,3753,3738,-3752,3735,-3751,3740,-3749,3738,-3749,3740,3748,3739,-3747,3740,-3749,3738,-3745,-0.37,SJNFAAZE1U0005576,117.74,13.04,9176.45703125,79,75,0,0,0,0,16.5,99.17,-173449,57,1528046660.872,5280,2,0,0,0,0,0,0,0,4,359.99,359.99,1F,1,1,1,0080,76,40,40,0,0,19,147.25
03/06/2018 18:24:24,55 59.40535,-2 30.55496,239,0,317,627159,1144818,359.14,32.455,3749,3731,3741,18,0,95.8,35.4,88.4,31.3,none,none,82.2,27.9,-3744,3741,-3744,3739,-3746,3740,-3745,3739,-3745,3740,-3745,3742,-3747,3742,-3748,3741,-3746,3741,-3745,3739,-3747,3741,-3748,3743,-3747,3739,-3747,3738,-3745,3740,-3747,3743,-3745,3741,-3746,3743,-3745,3742,-3745,3739,-3746,3741,-3748,3743,-3745,3740,-3745,3739,-3740,3734,-3743,3736,-3743,3736,-3743,3738,-3746,3737,-3747,3736,-3744,3735,-3746,3735,-3747,3737,-3748,3737,-3747,3735,-3745,3736,-3746,3732,-3745,3731,-3747,3732,-3749,3735,-3747,3733,-3745,3734,-3744,3734,-3743,3736,-3744,3736,-3741,3734,-3744,3736,-3743,3734,-0.40,SJNFAAZE1U0005576,117.74,13.04,9176.45703125,79,75,0,0,0,0,16.5,99.17,-173449,57,1528046664.662,13880,2,0,0,0,0,0,0,0,4,359.16,359.16,1F,1,1,1,0080,76,40,40,0,0,19,40.00
03/06/2018 18:24:28,55 59.40535,-2 30.55496,239,0,317,626814,1144818,359.23,28.701,3751,3732,3742,19,0,95.8,35.4,88.2,31.2,none,none,82.4,28.0,-3747,3742,-3745,3739,-3748,3742,-3746,3740,-3746,3741,-3747,3742,-3747,3743,-3748,3742,-3747,3741,-3746,3741,-3747,3741,-3749,3743,-3749,3740,-3749,3739,-3747,3741,-3747,3743,-3746,3741,-3747,3744,-3746,3742,-3746,3739,-3749,3741,-3748,3743,-3745,3740,-3746,3740,-3743,3735,-3745,3738,-3746,3739,-3746,3738,-3748,3738,-3748,3736,-3745,3737,-3749,3736,-3748,3737,-3748,3738,-3750,3737,-3747,3737,-3748,3732,-3747,3733,-3748,3734,-3751,3737,-3749,3735,-3746,3736,-3747,3736,-3746,3737,-3745,3737,-3743,3736,-3746,3737,-3744,3735,-0.38,SJNFAAZE1U0005576,117.74,13.04,9176.45703125,79,75,0,0,0,0,16.5,99.17,-173449,57,1528046668.470,11280,2,0,0,0,0,0,0,0,4,359.05,359.05,1F,1,1,1,0080,76,40,40,0,0,19,31.00
03/06/2018 18:24:32,55 59.40535,-2 30.55496,239,0,317,626578,1144818,358.66,25.863,3743,3725,3736,18,0,95.8,35.4,88.4,31.3,none,none,82.4,28.0,-3739,3736,-3738,3732,-3740,3736,-3740,3734,-3739,3736,-3739,3738,-3740,3737,-3742,3737,-3741,3736,-3741,3735,-3741,3737,-3741,3738,-3742,3734,-3741,3734,-3739,3736,-3742,3738,-3739,3736,-3739,3738,-3739,3737,-3739,3735,-3741,3735,-3741,3738,-3738,3734,-3739,3733,-3732,3728,-3737,3731,-3738,3730,-3738,3732,-3741,3731,-3740,3729,-3738,3728,-3741,3730,-3741,3731,-3742,3732,-3743,3729,-3740,3732,-3741,3725,-3739,3726,-3741,3727,-3743,3729,-3740,3729,-3740,3728,-3739,3729,-3738,3729,-3736,3730,-3735,3728,-3738,3730,-3737,3728,-0.38,SJNFAAZE1U0005576,117.74,13.04,9176.45703125,79,75,0,0,0,0,16.5,99.17,-173449,57,1528046672.163,8600,2,0,0,0,0,0,0,0,4,359.17,359.17,1F,1,1,1,0080,76,40,40,0,0,19,50.00
03/06/2018 18:24:35,55 59.40535,-2 30.55496,239,0,317,626366,1144818,360.38,1.540,3762,3746,3754,16,0,96.0,35.6,88.2,31.2,none,none,82.2,27.9,-3758,3754,-3756,3751,-3757,3753,-3756,3753,-3757,3752,-3756,3754,-3759,3754,-3759,3753,-3757,3752,-3757,3752,-3757,3752,-3759,3754,-3759,3752,-3759,3750,-3758,3752,-3757,3755,-3756,3752,-3757,3755,-3757,3753,-3757,3751,-3758,3752,-3760,3754,-3755,3752,-3757,3751,-3756,3749,-3758,3751,-3758,3752,-3758,3751,-3758,3751,-3760,3750,-3758,3749,-3759,3748,-3759,3751,-3759,3750,-3762,3749,-3760,3751,-3758,3746,-3758,3746,-3759,3747,-3762,3749,-3760,3748,-3758,3749,-3759,3749,-3758,3750,-3758,3751,-3756,3749,-3758,3750,-3757,3749,-0.42,SJNFAAZE1U0005576,117.74,13.04,9176.45703125,79,75,0,0,0,0,16.5,99.17,-173449,57,1528046675.710,1920,2,0,0,0,0,0,0,0,4,359.96,359.96,1F,1,1,1,0080,76,40,40,0,0,19,-85.00
03/06/2018 18:24:39,55 59.40535,-2 30.55496,239,0,317,626512,1144818,359.23,32.516,3750,3732,3742,18,0,95.8,35.4,88.4,31.3,none,none,82.2,27.9,3740,-3750,3738,3747,-3741,3747,3744,-3745,-3741,3747,-3741,3748,-3742,3750,-3741,3749,-3740,3747,-3739,3746,-3742,3748,-3742,3749,-3742,3750,-3740,3748,-3739,3745,-3741,3747,-3740,3746,-3742,3748,-3742,3748,-3740,3747,3744,3746,-3744,3748,3740,-3746,3740,-3743,3735,-3743,3737,-3745,3737,3744,3739,-3745,3740,-3747,3740,-3745,3735,-3746,3736,-3748,3736,-3748,3737,-3748,3739,-3747,3737,3747,3738,-3746,3732,-3747,3734,-3749,3735,-3750,3733,3749,3733,-3748,3736,-3747,3735,-3746,3735,-3746,3734,-3744,3736,-3746,3735,-3741,-0.41,SJNFAAZE1U0005576,117.74,13.04,9176.45703125,79,75,0,0,0,0,16.5,99.17,-173455,57,1528046679.202,8440,2,0,0,0,0,0,0,0,4,359.44,359.44,1F,1,1,1,0080,76,40,40,0,0,19,36.25
03/06/2018 18:24:42,55 59.40535,-2 30.55496,239,0,317,626247,1144818,358.75,36.330,3745,3727,3737,18,0,95.8,35.4,88.2,31.2,none,none,82.2,27.9,3735,3745,3734,-3741,3736,3741,3740,-3740,3736,-3742,3737,-3744,3738,-3745,3737,-3744,3736,-3742,3735,3742,3737,-3744,3739,-3745,3738,-3745,3735,-3744,3734,3741,3738,-3743,3737,-3741,3739,-3742,3738,-3743,3736,-3741,3738,-3742,3739,-3743,3736,-3740,3735,3738,3731,-3739,3732,-3740,3733,-3739,3734,-3739,3735,3741,3735,-3738,3730,-3743,3732,-3743,3732,-3744,3733,-3743,3733,-3741,3732,-3742,3734,-3741,3727,3744,3729,-3743,3730,-3744,3728,-3743,3727,-3742,3732,3742,3730,-3741,3731,-3741,3730,-3738,3731,-3740,3731,-3735,-0.40,SJNFAAZE1U0005576,117.74,13.04,9176.45703125,79,75,0,0,0,0,16.5,99.17,-173455,57,1528046682.889,10160,2,0,0,0,0,0,0,0,4,358.90,358.90,1F,1,1,1,0080,76,40,40,0,0,19,47.75
03/06/2018 18:24:46,55 59.40535,-2 30.55496,239,0,317,625878,1144818,358.46,33.309,3741,3724,3734,17,0,95.8,35.4,88.2,31.2,none,none,82.2,27.9,3732,-3740,3730,-3736,3732,3738,3735,-3737,3732,-3738,3732,-3739,3734,-3741,3734,-3741,3733,-3739,3732,-3738,3733,-3741,3733,3740,3733,-3741,3732,-3740,3731,-3737,3735,-3740,3733,3737,3734,-3738,3734,-3739,3732,-3738,3734,-3738,3735,-3741,3732,-3737,3733,-3733,3726,-3734,3728,3736,3729,-3734,3729,-3735,3732,-3736,3730,-3734,3728,3738,3727,-3739,3728,-3739,3729,-3739,3731,-3738,3728,-3738,3731,-3738,3724,-3739,3725,-3740,3727,3741,3725,-3740,3724,-3739,3728,-3738,3726,-3738,3728,-3736,3725,3735,3727,-3737,3725,-3732,-0.38,SJNFAAZE1U0005576,117.74,13.04,9176.45703125,79,75,0,0,0,0,16.5,99.17,-173455,57,1528046686.507,11040,2,0,0,0,0,0,0,0,4,358.68,358.68,1F,1,1,1,0080,76,40,40,0,0,19,46.25
03/06/2018 18:24:50,55 59.40535,-2 30.55496,239,0,316,625405,1144818,357.22,67.184,3729,3709,3721,20,0,95.8,35.4,88.4,31.3,none,none,82.4,28.0,3719,-3728,3715,-3724,3718,3724,3722,-3723,3719,3726,3719,-3727,3720,-3728,3721,-3729,3720,-3727,3721,-3726,3721,-3728,3721,-3727,3721,-3729,3720,3729,3720,-3726,3722,-3728,3721,-3727,3721,-3727,3722,3727,3719,-3725,3722,-3726,3722,-3727,3718,-3724,3718,-3721,3712,-3719,3712,-3723,3714,-3721,3716,3721,3718,-3724,3717,-3722,3712,-3724,3714,-3726,3714,3726,3716,-3726,3718,-3724,3715,-3726,3718,-3725,3709,-3725,3712,3726,3714,-3727,3713,-3727,3710,-3726,3714,-3725,3714,-3724,3714,-3722,3712,-3722,3713,-3722,3711,3719,-0.40,SJNFAAZE1U0005576,117.74,13.04,9176.45703125,79,75,0,0,0,0,16.5,99.17,-173455,57,1528046690.342,18040,2,0,0,0,0,0,0,0,4,357.30,357.30,1F,1,1,1,0080,76,40,40,0,0,19,46.25
03/06/2018 18:24:54,55 59.40535,-2 30.55496,239,0,316,624977,1144818,358.66,25.222,3744,3727,3736,17,0,96.0,35.6,88.4,31.3,none,none,82.2,27.9,3735,-3743,3733,3740,3734,3739,3738,-3739,3735,-3740,3735,-3741,3736,3744,3736,-3744,3736,-3740,3736,-3740,3736,-3741,3737,-3742,3737,-3743,3735,-3741,3734,-3740,3736,3741,3736,-3740,3737,-3741,3737,-3742,3736,-3739,3737,3740,3739,-3742,3735,-3739,3736,-3737,3731,-3737,3732,-3739,3733,-3737,3733,-3739,3736,-3739,3735,3737,3732,-3741,3732,-3742,3732,-3742,3734,-3741,3734,-3739,3731,3741,3733,-3740,3727,-3740,3730,-3741,3730,-3742,3729,3742,3728,-3740,3732,-3739,3730,-3739,3730,-3738,3730,-3738,3731,-3739,3729,-3735,-0.42,SJNFAAZE1U0005576,117.74,13.04,9176.45703125,79,75,0,0,0,0,16.5,99.17,-173455,57,1528046694.015,9320,2,0,0,0,0,0,0,0,4,358.47,358.47,1F,1,1,1,0080,76,40,40,0,0,19,1.25
03/06/2018 18:24:57,55 59.40535,-2 30.55496,239,0,316,624916,1144818,359.33,3.249,3750,3733,3743,17,0,95.8,35.4,88.2,31.2,none,none,82.2,27.9,-3748,3743,-3746,3740,-3747,3743,-3748,3742,-3747,3742,-3747,3744,-3748,3744,-3749,3743,-3747,3742,-3747,3742,-3748,3743,-3750,3744,-3749,3742,-3748,3741,-3746,3743,-3747,3745,-3746,3743,-3747,3745,-3747,3743,-3746,3742,-3748,3743,-3749,3745,-3746,3742,-3747,3740,-3744,3738,-3747,3739,-3747,3741,-3747,3739,-3750,3740,-3749,3738,-3748,3738,-3749,3737,-3749,3739,-3749,3739,-3750,3737,-3749,3740,-3748,3733,-3748,3735,-3750,3735,-3750,3737,-3750,3737,-3747,3737,-3748,3738,-3747,3738,-3747,3739,-3745,3738,-3747,3739,-3745,3736,-0.41,SJNFAAZE1U0005576,117.74,13.04,9176.45703125,79,75,0,0,0,0,16.5,99.17,-173455,57,1528046697.588,0,2,0,0,0,0,0,0,0,4,359.50,359.50,1F,1,1,1,0080,76,40,40,0,0,19,4.50
03/06/2018 18:25:00,55 59.40535,-2 30.55496,239,0,316,624862,1144818,359.62,3.280,3754,3736,3746,18,0,95.8,35.4,88.2,31.2,none,none,82.2,27.9,-3750,3745,-3749,3742,-3751,3744,-3749,3743,-3748,3744,-3749,3745,-3751,3745,-3752,3745,-3750,3744,-3749,3742,-3751,3743,-3751,3746,-3752,3744,-3751,3744,-3750,3744,-3750,3747,-3749,3744,-3750,3746,-3750,3745,-3749,3744,-3751,3745,-3752,3747,-3748,3743,-3749,3743,-3746,3740,-3750,3742,-3749,3742,-3749,3743,-3752,3741,-3752,3740,-3750,3739,-3751,3739,-3751,3742,-3753,3742,-3753,3740,-3751,3741,-3752,3736,-3751,3736,-3753,3737,-3754,3739,-3752,3739,-3751,3740,-3751,3740,-3750,3740,-3749,3742,-3747,3740,-3749,3740,-3748,3738,-0.49,SJNFAAZE1U0005576,117.74,13.04,9176.45703125,79,75,0,0,0,0,16.5,99.17,-173455,57,1528046700.973,0,2,0,0,0,0,0,0,0,4,359.60,359.60,1F,1,1,1,0080,76,40,40,0,0,19,0.75
03/06/2018 18:25:04,55 59.40535,-2 30.55496,239,0,316,624729,1144818,358.66,33.370,3745,3726,3736,19,0,95.8,35.4,88.2,31.2,none,none,82.2,27.9,-3739,3736,-3739,3732,-3740,3734,-3740,3735,-3738,3734,-3739,3736,-3742,3737,-3743,3736,-3741,3734,-3740,3734,-3740,3736,-3742,3736,-3742,3734,-3742,3734,-3740,3735,-3741,3737,-3739,3736,-3739,3737,-3741,3736,-3741,3735,-3741,3735,-3741,3737,-3738,3736,-3739,3734,-3735,3729,-3738,3731,-3739,3731,-3738,3732,-3742,3731,-3740,3730,-3738,3728,-3741,3730,-3741,3730,-3742,3731,-3742,3729,-3740,3731,-3745,3726,-3741,3727,-3743,3727,-3743,3728,-3740,3728,-3740,3728,-3739,3729,-3739,3731,-3737,3728,-3735,3729,-3738,3729,-3737,3728,-0.46,SJNFAAZE1U0005576,117.74,13.04,9178.06640625,79,75,0,0,0,0,16.5,99.17,-173455,57,1528046704.497,9760,2,0,0,0,0,0,0,0,4,358.60,358.60,1F,1,1,1,0080,76,40,40,0,0,19,18.50
03/06/2018 18:25:08,55 59.40535,-2 30.55496,239,0,316,624480,1144818,359.42,10.970,3751,3735,3744,16,0,95.8,35.4,88.2,31.2,none,none,82.2,27.9,-3747,3743,-3745,3742,-3748,3742,-3747,3742,-3747,3742,-3748,3744,-3748,3745,-3750,3744,-3747,3741,-3747,3742,-3747,3743,-3750,3745,-3751,3742,-3749,3741,-3746,3742,-3747,3744,-3746,3743,-3747,3745,-3747,3743,-3747,3742,-3748,3743,-3749,3744,-3746,3742,-3746,3741,-3743,3739,-3746,3740,-3747,3739,-3747,3739,-3748,3740,-3749,3738,-3746,3738,-3747,3739,-3749,3741,-3748,3740,-3750,3739,-3748,3740,-3749,3735,-3747,3737,-3750,3736,-3750,3739,-3748,3736,-3747,3739,-3748,3738,-3746,3739,-3746,3740,-3743,3738,-3746,3739,-3745,3737,-0.39,SJNFAAZE1U0005576,117.74,13.04,9178.06640625,79,75,0,0,0,0,16.5,99.17,-173455,57,1528046708.220,6600,2,0,0,0,0,0,0,0,4,359.12,359.12,1F,1,1,1,0080,76,40,40,0,0,19,1.00
03/06/2018 18:25:11,55 59.40535,-2 30.55496,239,0,316,624316,1144818,358.46,33.065,3741,3725,3734,16,0,95.8,35.4,88.4,31.3,none,none,82.2,27.9,-3734,3740,3730,-3737,-3733,3737,-3735,3736,-3732,3738,-3733,3740,-3734,3741,-3734,3741,-3733,3738,-3733,3738,-3733,3739,-3735,3739,-3734,3740,-3732,3738,-3732,3738,-3735,3739,-3734,3738,-3735,3737,-3735,3739,-3733,3737,-3735,3738,-3736,3740,-3731,3736,-3732,3734,-3729,3734,-3729,3737,-3729,3737,-3732,3734,-3732,3737,-3731,3735,-3728,3738,-3729,3738,-3729,3739,-3730,3739,-3733,3737,-3730,3739,-3730,3737,-3725,3738,-3727,3739,-3729,3740,-3728,3739,-3725,3738,-3730,3737,-3729,3737,3730,3736,-3728,3735,3728,-3736,3727,-3732,-0.41,SJNFAAZE1U0005576,117.74,13.04,9178.06640625,79,75,0,0,0,0,16.5,99.17,-173455,57,1528046711.951,8920,2,0,0,0,0,0,0,0,4,358.44,358.44,1F,1,1,1,0080,76,40,40,0,0,19,13.75
03/06/2018 18:25:15,55 59.40535,-2 30.55496,239,0,316,624120,1144818,359.04,13.168,3747,3731,3740,16,0,95.8,35.4,88.2,31.2,none,none,82.2,27.9,3740,-3746,3736,-3742,3739,3743,3740,-3742,3738,-3743,3739,3744,3739,-3747,3739,-3746,3738,-3744,3738,-3743,3739,3745,3739,-3745,3739,-3746,3737,-3744,3737,-3743,3740,-3744,3738,-3743,3739,-3744,3740,-3744,3739,3743,3740,-3743,3742,-3745,3738,-3744,3739,-3741,3735,3741,3735,-3742,3736,-3741,3737,-3741,3739,-3743,3738,-3741,3734,-3742,3735,-3744,3736,-3745,3736,3743,3739,-3741,3735,-3743,3735,-3743,3732,-3742,3733,3744,3735,-3746,3734,-3744,3731,-3744,3736,-3742,3733,-3742,3735,-3742,3733,-3740,3735,-3742,3733,-3738,-0.41,SJNFAAZE1U0005576,117.74,13.04,9178.06640625,79,75,0,0,0,0,16.5,99.17,-173455,56,1528046715.659,5600,2,0,0,0,0,0,0,0,4,359.11,359.11,1F,1,1,1,0080,76,40,40,0,0,19,3.50
03/06/2018 18:25:19,55 59.40535,-2 30.55496,239,0,316,624044,1144818,359.33,8.376,3751,3733,3743,18,0,95.8,35.4,88.2,31.2,none,none,82.2,27.9,3742,-3749,3739,-3745,3740,3746,3744,-3745,3740,-3746,3741,-3747,3743,-3750,3743,3749,3740,-3747,3741,-3746,3741,-3747,3742,-3747,3743,3749,3739,-3747,3738,-3745,3743,-3748,3742,-3745,3742,-3748,3743,-3747,3742,-3745,3743,-3746,3744,3748,3741,-3745,3742,-3743,3737,-3744,3739,-3745,3739,3745,3741,-3745,3740,-3745,3740,-3744,3737,-3748,3738,-3748,3738,-3748,3738,-3748,3739,-3747,3739,3746,3737,-3747,3733,-3748,3736,-3750,3736,-3751,3735,3748,3734,-3747,3737,-3748,3735,-3747,3738,-3746,3736,-3744,3738,3746,3736,-3741,-0.38,SJNFAAZE1U0005576,117.74,13.04,9178.06640625,79,75,0,0,0,0,16.5,99.17,-173455,56,1528046719.329,3000,2,0,0,0,0,0,0,0,4,359.31,359.31,1F,1,1,1,0080,76,40,40,0,0,19,4.25
03/06/2018 18:25:22,55 59.40535,-2 30.55496,239,0,316,623962,1144818,359.42,9.109,3751,3735,3744,16,0,95.8,35.4,88.2,31.2,none,none,82.2,27.9,3744,3750,3741,-3746,3743,3746,3745,-3745,3742,-3747,3743,-3747,3743,-3750,3744,-3749,3742,-3747,3741,3746,3743,-3748,3743,-3748,3744,-3748,3742,-3748,3742,3745,3745,-3749,3744,-3747,3744,-3747,3744,-3747,3744,-3746,3745,-3746,3745,-3748,3742,-3746,3743,3743,3740,-3744,3741,-3747,3741,-3746,3742,-3745,3742,3746,3743,-3745,3738,-3747,3740,-3747,3739,-3748,3741,-3749,3742,-3747,3741,-3747,3740,-3747,3736,-3747,3738,-3748,3739,-3751,3738,-3749,3735,-3747,3741,-3748,3739,3747,3739,-3747,3738,-3744,3739,-3747,3738,-3742,-0.39,SJNFAAZE1U0005576,117.74,13.04,9178.06640625,79,75,0,0,0,0,16.5,99.17,-173455,56,1528046722.819,3000,2,0,0,0,0,0,0,0,4,359.40,359.40,1F,1,1,1,0080,76,40,40,0,0,19,3.25
03/06/2018 18:25:26,55 59.40535,-2 30.55496,239,0,316,623891,1144818,359.42,8.529,3752,3735,3744,17,0,95.8,35.4,88.2,31.2,none,none,82.2,27.9,3744,-3752,3741,-3748,3743,3747,3746,-3746,3741,-3747,3742,-3750,3743,-3751,3743,-3750,3742,-3749,3742,-3748,3743,-3749,3743,3749,3744,-3750,3741,-3749,3742,-3747,3744,-3750,3743,3746,3744,-3749,3745,-3749,3742,-3747,3745,-3747,3745,-3750,3743,-3747,3743,-3744,3739,-3746,3740,3747,3741,-3746,3742,-3746,3742,-3747,3742,-3747,3737,-3748,3739,3749,3738,-3751,3739,-3749,3741,-3748,3740,-3749,3738,3749,3735,-3748,3737,-3750,3738,-3751,3737,-3750,3735,-3750,3740,-3748,3738,-3748,3740,-3747,3737,3745,3739,-3748,3738,-3742,-0.40,SJNFAAZE1U0005576,117.74,13.04,9178.06640625,79,75,0,0,0,0,16.5,99.17,-173455,56,1528046726.367,3000,2,0,0,0,0,0,0,0,4,359.45,359.45,1F,1,1,1,0080,76,40,40,0,0,19,2.75
03/06/2018 18:25:29,55 59.40535,-2 30.55496,239,0,315,623771,1144818,358.75,23.177,3744,3727,3737,17,0,95.8,35.4,88.2,31.2,none,none,82.2,27.9,-3740,3737,-3739,3734,-3742,3737,-3741,3736,-3742,3735,-3742,3739,-3744,3739,-3744,3737,-3742,3736,-3742,3735,-3742,3737,-3744,3738,-3744,3735,-3744,3735,-3741,3736,-3741,3739,-3741,3736,-3742,3739,-3742,3737,-3741,3736,3743,3738,-3743,3739,3740,-3736,3741,-3735,3736,3730,3740,-3733,3740,-3733,3739,-3734,3742,-3733,3742,-3732,3740,-3731,3742,-3731,-3743,-3732,3743,3732,-3743,3732,-3742,3734,-3742,3727,-3742,3728,-3743,3729,-3744,3730,-3742,3730,-3741,3730,-3741,3731,-3740,3732,-3739,3732,-3737,3730,-3740,3732,-3739,3730,-0.41,SJNFAAZE1U0005576,117.74,13.04,9178.06640625,79,75,0,0,0,0,16.5,99.17,-173455,56,1528046729.969,5800,2,0,0,0,0,0,0,0,4,359.02,359.02,1F,1,1,1,0080,76,40,40,0,0,19,17.50
03/06/2018 18:25:33,55 59.40535,-2 30.55496,239,0,315,623495,1144818,358.18,35.903,3737,3721,3731,16,0,95.8,35.4,88.2,31.2,none,none,82.2,27.9,-3734,3731,-3731,3728,-3735,3730,-3734,3731,-3734,3731,-3734,3733,-3736,3732,-3737,3732,-3735,3732,-3735,3729,-3734,3732,-3737,3733,-3736,3730,-3735,3730,-3734,3730,-3735,3734,-3734,3732,-3735,3733,-3735,3732,-3735,3730,-3735,3731,-3737,3733,-3732,3730,-3733,3730,-3729,3725,-3732,3727,-3732,3726,-3733,3727,-3735,3728,-3736,3727,-3734,3725,-3736,3727,-3734,3727,-3736,3727,-3736,3726,-3736,3728,-3735,3721,-3732,3722,-3736,3724,-3737,3726,-3735,3725,-3732,3726,-3734,3726,-3734,3727,-3732,3727,-3730,3725,-3733,3726,-3731,3724,-0.41,SJNFAAZE1U0005576,117.74,13.04,9178.06640625,79,75,0,0,0,0,16.5,99.17,-173455,56,1528046733.421,10760,2,0,0,0,0,0,0,0,4,358.32,358.32,1F,1,1,1,0080,75,40,40,0,0,19,19.25
03/06/2018 18:25:37,55 59.40535,-2 30.55496,239,0,315,623208,1144818,358.18,33.401,3739,3722,3731,17,0,95.8,35.4,88.2,31.2,none,none,82.2,27.9,-3735,3731,-3735,3729,-3736,3730,-3735,3730,-3734,3730,-3735,3732,-3738,3732,-3738,3731,-3736,3730,-3736,3729,-3736,3732,-3738,3733,-3738,3730,-3738,3729,-3735,3731,-3737,3733,-3736,3732,-3735,3733,-3737,3732,-3736,3731,-3738,3732,-3737,3733,-3734,3730,-3734,3728,-3730,3725,-3733,3727,-3734,3728,-3734,3727,-3736,3727,-3736,3725,-3735,3725,-3736,3725,-3737,3727,-3738,3728,-3738,3726,-3735,3727,-3739,3722,-3736,3723,-3739,3723,-3739,3725,-3738,3724,-3735,3725,-3735,3726,-3733,3728,-3734,3727,-3731,3724,-3734,3725,-3732,3724,-0.38,SJNFAAZE1U0005576,117.74,13.04,9178.06640625,79,75,0,0,0,0,16.5,99.17,-173455,56,1528046737.024,10280,2,0,0,0,0,0,0,0,4,358.26,358.26,1F,1,1,1,0080,75,40,40,0,0,19,32.25
03/06/2018 18:25:40,55 59.40535,-2 30.55496,239,0,315,622280,1144818,353.76,125.738,3695,3674,3685,21,0,95.8,35.4,88.2,31.2,none,none,82.2,27.9,-3685,3683,-3688,3682,-3690,3686,-3690,3685,-3690,3687,-3690,3689,-3693,3688,-3694,3688,-3694,3688,-3692,3687,-3694,3688,-3694,3689,-3695,3686,-3693,3686,-3692,3689,-3692,3689,-3691,3688,-3691,3689,-3691,3687,-3691,3686,-3692,3687,-3690,3687,-3687,3684,-3687,3682,-3679,3674,-3681,3676,-3681,3677,-3683,3677,-3688,3680,-3688,3675,-3683,3677,-3689,3677,-3690,3679,-3688,3679,-3691,3680,-3688,3680,-3695,3674,-3687,3676,-3689,3678,-3692,3678,-3689,3676,-3687,3678,-3687,3679,-3688,3681,-3683,3678,-3681,3675,-3684,3675,-3683,3675,-0.39,SJNFAAZE1U0005576,117.74,13.04,9178.06640625,79,75,0,0,0,0,16.5,99.17,-173455,56,1528046740.820,35520,2,0,0,0,0,0,0,0,4,354.40,354.40,1F,1,1,1,0080,75,40,40,0,0,19,74.75
03/06/2018 18:25:44,55 59.40535,-2 30.55496,239,0,314,621042,1144818,356.45,81.984,3721,3705,3713,16,0,95.8,35.4,88.2,31.2,none,none,82.2,27.9,-3716,3712,-3715,3710,-3716,3713,-3716,3711,-3717,3713,-3718,3715,-3718,3714,-3720,3714,-3718,3714,-3717,3713,-3717,3714,-3719,3715,-3720,3713,-3718,3712,-3717,3714,-3718,3716,-3717,3714,-3717,3716,-3718,3714,-3717,3713,-3718,3713,-3718,3716,-3716,3713,-3715,3712,-3712,3706,-3714,3708,-3714,3708,-3716,3708,-3718,3708,-3717,3707,-3716,3707,-3719,3707,-3718,3709,-3718,3708,-3720,3708,-3717,3710,-3720,3705,-3718,3706,-3719,3706,-3721,3706,-3719,3707,-3716,3706,-3716,3707,-3717,3709,-3716,3708,-3714,3705,-3715,3707,-3713,3706,-0.38,SJNFAAZE1U0005576,117.74,13.04,9178.06640625,79,75,0,0,0,0,16.5,99.17,-173455,56,1528046744.741,31280,2,0,0,0,0,0,0,0,4,355.06,355.06,1F,1,1,1,0080,75,40,40,0,0,19,17.75
03/06/2018 18:25:48,55 59.40535,-2 30.55496,239,0,314,620657,1144818,356.35,52.565,3720,3703,3712,17,0,95.8,35.4,88.2,31.2,none,none,82.2,27.9,3710,-3717,3709,3716,3712,3716,3714,-3715,3712,-3717,3711,-3717,3713,3719,3713,-3720,3713,-3718,3713,-3717,3714,-3719,3713,-3719,3713,-3720,3712,-3719,3711,-3717,3714,3718,3713,-3717,3713,-3719,3713,-3718,3712,-3717,3714,3717,3714,-3717,3710,-3715,3711,-3713,3705,-3711,3706,-3713,3707,-3712,3709,-3713,3710,-3714,3709,3713,3705,-3714,3707,-3716,3707,-3717,3707,-3717,3710,3715,3708,-3716,3710,-3716,3703,-3716,3705,-3718,3707,-3717,3705,-3717,3704,-3714,3707,-3716,3707,3715,3707,-3714,3706,-3713,3706,-3714,3704,-3710,-0.41,SJNFAAZE1U0005576,117.74,13.04,9178.06640625,79,75,0,0,0,0,16.5,99.17,-173455,56,1528046748.397,15720,2,0,0,0,0,0,0,0,4,356.33,356.33,1F,1,1,1,0080,75,40,40,0,0,19,21.25
03/06/2018 18:25:52,55 59.40535,-2 30.55496,239,0,314,620250,1144818,356.54,43.258,3722,3705,3714,17,0,95.8,35.4,88.2,31.2,none,none,82.2,27.9,3711,-3720,3711,-3718,3712,3717,3716,3717,3713,-3719,3714,-3720,3715,-3722,3714,-3720,3713,3720,3713,-3719,3715,-3719,3715,-3721,3716,-3721,3713,-3721,3713,-3719,3715,-3720,3715,-3718,3714,3720,3716,-3720,3714,-3719,3714,-3718,3715,-3719,3712,3717,3711,-3715,3707,-3713,3708,-3717,3709,-3715,3711,-3715,3711,-3717,3711,-3715,3707,-3718,3708,3719,3708,-3719,3709,-3719,3711,-3719,3708,-3719,3711,3718,3705,-3719,3706,-3721,3708,-3721,3706,-3720,3705,-3718,3707,-3718,3709,-3719,3709,-3717,3707,-3716,3708,-3716,3706,-3712,-0.44,SJNFAAZE1U0005576,117.74,13.04,9178.06640625,79,75,0,0,0,0,16.5,99.17,-173455,56,1528046752.179,12760,2,0,0,0,0,0,0,0,4,356.69,356.69,1F,1,1,1,0080,75,40,40,0,0,19,21.50
03/06/2018 18:25:55,55 59.40535,-2 30.55496,239,0,313,619830,1144818,356.16,53.603,3719,3700,3710,19,0,95.8,35.4,88.4,31.3,none,none,82.2,27.9,3708,-3716,3707,-3714,3708,3714,3712,-3714,3709,-3716,3710,3715,3711,-3719,3710,-3718,3709,-3717,3711,-3716,3711,3717,3711,-3718,3710,-3717,3710,-3718,3709,-3715,3712,-3716,3710,-3715,3711,-3716,3711,-3716,3709,3715,3711,-3715,3712,-3716,3708,-3714,3708,-3710,3702,3710,3703,-3713,3704,-3711,3706,-3711,3707,-3714,3707,-3711,3702,-3713,3704,-3715,3704,-3716,3705,3715,3706,-3715,3705,-3714,3706,-3715,3700,-3715,3702,-3717,3703,-3717,3702,-3717,3701,-3715,3704,-3714,3704,-3714,3705,3712,3703,-3711,3703,-3712,3702,-3709,-0.43,SJNFAAZE1U0005576,117.74,13.04,9178.06640625,79,75,0,0,0,0,16.5,99.17,-173455,56,1528046755.591,14400,2,0,0,0,0,0,0,0,4,356.29,356.29,1F,1,1,1,0080,75,40,40,0,0,19,24.50
03/06/2018 18:25:59,55 59.40535,-2 30.55496,239,0,313,619415,1144818,356.06,49.605,3717,3699,3709,18,0,95.8,35.4,88.4,31.3,none,none,82.2,27.9,3706,-3715,3705,-3713,3707,3713,3711,-3712,3708,-3714,3707,-3715,3710,-3717,3709,3716,3708,-3716,3708,-3714,3709,-3716,3710,-3716,3710,3717,3708,-3716,3708,-3715,3711,-3715,3709,-3714,3710,-3715,3710,-3715,3708,-3715,3710,-3713,3710,3716,3706,-3712,3707,-3709,3701,-3708,3701,-3711,3704,-3710,3704,-3709,3706,-3712,3706,-3710,3702,-3713,3703,-3714,3704,3714,3704,-3714,3705,-3713,3704,-3713,3705,-3713,3699,-3714,3701,-3716,3703,-3715,3702,-3715,3699,3713,3702,-3714,3703,-3713,3703,-3712,3701,-3710,3701,3711,3700,-3707,-0.41,SJNFAAZE1U0005576,117.74,13.04,9178.06640625,79,75,0,0,0,0,16.5,99.17,-173455,56,1528046759.055,13560,2,0,0,0,0,0,0,0,4,356.31,356.31,1F,1,1,1,0080,75,40,40,0,0,19,24.00
03/06/2018 18:26:02,55 59.40535,-2 30.55496,239,0,313,618991,1144818,356.16,48.140,3718,3700,3710,18,0,96.0,35.6,88.4,31.3,none,none,82.4,28.0,3711,3708,3713,-3707,3714,3710,3714,-3709,3714,-3710,3714,-3711,3715,-3710,3716,-3710,-3716,-3711,3715,3709,-3717,3711,-3716,3712,-3717,3709,-3716,3709,3715,-3711,3715,3711,3714,-3710,3715,-3712,3714,-3710,3716,-3711,3715,3711,3715,-3712,3712,-3709,3713,-3707,3707,-3702,3711,-3704,3710,-3704,3712,-3704,3713,-3705,3714,3704,3711,-3702,3714,-3703,3715,-3706,3714,-3704,3715,3705,3714,-3706,3715,-3700,3715,-3702,3715,-3703,3718,-3702,3715,-3702,3714,-3704,3713,-3704,3714,3704,3712,-3705,3710,-3702,3712,-3703,3710,-3701,-0.43,SJNFAAZE1U0005576,117.74,13.04,9178.06640625,79,75,0,0,0,0,16.5,99.17,-173455,56,1528046762.469,14720,2,0,0,0,0,0,0,0,4,356.25,356.25,1F,1,1,1,0080,75,40,40,0,0,19,24.00
03/06/2018 18:26:06,55 59.40535,-2 30.55496,239,0,313,618544,1144818,356.16,49.575,3716,3702,3710,14,0,96.0,35.6,88.4,31.3,none,none,82.4,28.0,-3711,3708,-3711,3707,-3714,3710,-3713,3710,-3714,3710,-3713,3712,-3715,3711,-3716,3711,-3716,3711,-3716,3709,-3716,3712,-3716,3714,-3716,3711,-3716,3709,-3714,3712,-3714,3713,-3714,3711,-3714,3714,-3715,3712,-3714,3710,-3714,3710,-3715,3712,-3712,3710,-3712,3707,-3707,3703,-3710,3705,-3709,3705,-3710,3706,-3713,3707,-3713,3704,-3711,3702,-3713,3704,-3714,3706,-3714,3706,-3715,3705,-3714,3706,-3714,3702,-3713,3702,-3714,3703,-3715,3703,-3714,3704,-3712,3704,-3713,3704,-3712,3704,-3711,3705,-3710,3703,-3710,3704,-3709,3702,-0.41,SJNFAAZE1U0005576,117.74,13.04,9178.06640625,79,75,0,0,0,0,16.5,99.17,-173455,56,1528046766.035,14440,2,0,0,0,0,0,0,0,4,356.15,356.15,1F,1,1,1,0080,75,40,40,0,0,19,21.75
03/06/2018 18:26:09,55 59.40535,-2 30.55496,239,0,313,618134,1144818,356.06,50.826,3716,3700,3709,16,0,95.8,35.4,88.4,31.3,none,none,82.4,28.0,-3710,3708,-3712,3706,-3712,3709,-3713,3708,-3713,3708,-3713,3711,-3714,3711,-3716,3710,-3715,3711,-3715,3710,-3715,3710,-3715,3712,-3716,3709,-3715,3710,-3714,3710,-3714,3712,-3713,3710,-3713,3711,-3714,3710,-3713,3710,-3713,3709,-3714,3711,-3711,3708,-3711,3707,-3706,3702,-3708,3703,-3709,3704,-3710,3705,-3712,3704,-3713,3704,-3710,3702,-3713,3704,-3714,3705,-3713,3704,-3714,3704,-3712,3705,-3715,3701,-3712,3701,-3713,3700,-3715,3702,-3714,3702,-3712,3703,-3712,3703,-3711,3705,-3710,3704,-3708,3703,-3709,3704,-3708,3702,-0.39,SJNFAAZE1U0005576,117.74,13.04,9178.06640625,79,75,0,0,0,0,16.5,99.17,-173455,56,1528046769.476,14160,2,0,0,0,0,0,0,0,4,356.05,356.05,1F,1,1,1,0080,75,40,40,0,0,19,24.00
03/06/2018 18:26:13,55 59.40535,-2 30.55496,239,0,312,617696,1144818,356.06,47.957,3716,3699,3709,17,0,96.0,35.6,88.4,31.3,none,none,82.4,28.0,-3710,3706,-3711,3706,-3712,3708,-3714,3707,-3713,3708,-3713,3709,-3715,3710,-3715,3708,-3715,3708,-3714,3708,-3714,3709,-3716,3711,-3716,3707,-3715,3708,-3714,3710,-3714,3709,-3714,3710,-3713,3710,-3714,3708,-3713,3708,-3714,3708,-3713,3710,-3711,3707,-3711,3706,-3707,3701,-3709,3702,-3710,3703,-3710,3702,-3714,3703,-3712,3702,-3710,3701,-3713,3703,-3714,3703,-3713,3704,-3715,3704,-3712,3704,-3716,3699,-3714,3700,-3715,3701,-3716,3702,-3714,3701,-3713,3702,-3712,3703,-3713,3704,-3711,3703,-3709,3702,-3710,3702,-3708,3701,-0.41,SJNFAAZE1U0005576,117.74,13.04,9178.06640625,79,75,0,0,0,0,16.5,99.17,-173455,56,1528046773.296,14520,2,0,0,0,0,0,0,0,4,355.99,355.99,1F,1,1,1,0080,75,40,40,0,0,19,22.25
03/06/2018 18:26:17,55 59.40535,-2 30.55496,239,0,312,617268,1144818,356.16,43.075,3717,3702,3710,15,0,96.0,35.6,88.6,31.4,none,none,82.4,28.0,-3712,3710,-3713,3708,-3713,3710,-3716,3709,-3715,3710,-3715,3712,-3715,3711,-3716,3710,-3716,3710,-3715,3710,-3717,3712,-3716,3712,-3717,3709,-3717,3710,-3714,3711,-3716,3712,-3715,3711,-3715,3713,-3715,3711,-3715,3711,-3716,3710,-3715,3712,-3712,3709,-3712,3707,-3708,3703,-3710,3706,-3710,3706,-3712,3706,-3714,3705,-3714,3704,-3710,3704,-3714,3705,-3715,3706,-3714,3706,-3716,3706,-3713,3706,-3715,3702,-3714,3702,-3714,3704,-3716,3704,-3714,3704,-3713,3704,-3712,3705,-3713,3706,-3711,3706,-3709,3704,-3711,3704,-3710,3702,-0.41,SJNFAAZE1U0005576,117.74,13.04,9179.67578125,79,75,0,0,0,0,16.5,99.17,-173455,56,1528046777.145,12640,2,0,0,0,0,0,0,0,4,356.20,356.20,1F,1,1,1,0080,76,40,40,0,0,19,19.00
03/06/2018 18:26:20,55 59.40535,-2 30.55496,239,0,312,616896,1144818,356.26,38.161,3718,3701,3711,17,0,96.0,35.6,88.6,31.4,none,none,82.4,28.0,3707,-3716,3707,-3714,3708,3714,3712,-3714,3710,-3717,3710,-3716,3710,-3717,3710,-3718,3709,-3717,3710,-3715,3711,-3718,3711,3718,3711,-3718,3709,-3718,3709,-3715,3711,-3716,3711,3714,3711,-3715,3711,-3716,3710,-3716,3711,-3716,3711,-3716,3708,-3715,3708,-3711,3703,-3710,3704,3713,3706,-3712,3706,-3711,3706,-3714,3706,-3712,3703,3715,3704,-3716,3705,-3717,3705,-3715,3707,-3716,3704,-3714,3707,-3716,3702,-3716,-3703,3718,3704,3718,-3703,3716,-3701,3715,-3705,3714,-3704,3715,3704,3713,-3703,3712,3703,-3713,3703,-3709,-0.42,SJNFAAZE1U0005576,117.74,13.04,9179.67578125,79,75,0,0,0,0,16.5,99.17,-173455,56,1528046780.747,11480,2,0,0,0,0,0,0,0,4,356.35,356.35,1F,1,1,1,0080,76,40,40,0,0,19,18.50
03/06/2018 18:26:24,55 59.40535,-2 30.55496,239,0,312,616563,1144818,356.54,31.661,3721,3704,3714,17,0,96.0,35.6,88.4,31.3,none,none,82.4,28.0,3711,-3718,3710,-3718,3712,3717,3716,-3716,3713,3720,3713,-3719,3714,-3721,3714,-3720,3712,-3719,3714,-3718,3714,-3720,3715,-3720,3714,-3721,3712,3720,3713,-3718,3716,-3719,3714,-3717,3714,-3719,3715,3720,3714,-3719,3715,-3718,3715,-3719,3712,-3716,3712,-3714,3708,-3713,3708,-3715,3708,-3714,3711,3714,3712,-3716,3711,-3714,3707,-3716,3708,-3718,3710,-3719,3709,3718,3711,-3717,3709,-3717,3711,-3718,3706,-3718,3706,3718,3708,-3718,3707,-3718,3704,-3715,3709,-3716,3709,-3718,3708,-3715,3706,-3715,3707,-3715,3707,3712,-0.40,SJNFAAZE1U0005576,117.74,13.04,9179.67578125,79,75,0,0,0,0,16.5,99.17,-173455,56,1528046784.437,10800,2,0,0,0,0,0,0,0,4,356.57,356.57,1F,1,1,1,0080,75,40,40,0,0,19,14.25
03/06/2018 18:26:28,55 59.40535,-2 30.55496,239,0,312,616293,1144818,356.45,27.846,3722,3704,3713,18,0,96.0,35.6,88.6,31.4,none,none,82.4,28.0,3710,-3719,3710,3716,3711,3717,3716,-3716,3712,-3719,3713,-3718,3714,3722,3713,-3721,3712,-3721,3713,-3719,3713,-3721,3714,-3720,3713,-3720,3712,-3720,3712,-3719,3714,3719,3714,-3718,3714,-3718,3714,-3719,3714,-3718,3714,3718,3714,-3719,3713,-3717,3711,-3714,3706,-3714,3707,-3716,3707,-3715,3708,-3715,3710,-3716,3710,-3715,3705,-3717,3707,-3719,3708,-3720,3708,-3719,3709,-3718,3708,3718,3709,-3719,3704,-3719,3705,-3720,3706,-3719,3706,3720,3704,-3719,3706,-3718,3707,-3718,3707,-3716,3705,-3715,3707,-3716,3706,-3712,-0.44,SJNFAAZE1U0005576,117.74,13.04,9179.67578125,79,75,0,0,0,0,16.5,99.17,-173455,56,1528046788.016,8720,2,0,0,0,0,0,0,0,4,356.67,356.67,1F,1,1,1,0080,75,40,40,0,0,19,16.00
03/06/2018 18:26:31,55 59.40535,-2 30.55496,239,0,312,616030,1144818,356.54,32.332,3722,3704,3714,18,0,96.0,35.6,88.6,31.4,none,none,82.4,28.0,3712,-3720,3711,-3717,3712,3718,3715,3717,3713,-3720,3714,-3720,3713,-3721,3714,-3721,3713,3720,3713,-3720,3713,-3721,3714,-3720,3715,-3722,3712,-3720,3713,-3719,3716,-3719,3715,-3718,3714,3719,3714,-3721,3714,-3719,3715,-3718,3715,-3720,3712,-3717,3711,3714,3706,-3714,3708,-3715,3708,-3715,3709,-3716,3711,3717,3710,-3715,3706,-3717,3708,-3720,3710,-3721,3708,-3719,3710,-3720,3709,-3718,3709,-3720,3705,3719,3705,-3720,3707,-3720,3706,-3720,3704,-3719,3708,3718,3708,-3718,3708,-3717,3706,-3716,3707,-3717,3706,-3713,-0.42,SJNFAAZE1U0005576,117.74,13.04,9179.67578125,79,75,0,0,0,0,16.5,99.17,-173455,56,1528046791.379,9200,2,0,0,0,0,0,0,0,4,356.62,356.62,1F,1,1,1,0080,75,40,40,0,0,19,15.75
03/06/2018 18:26:34,55 59.40535,-2 30.55496,239,0,311,615753,1144818,356.45,32.699,3722,3704,3713,18,0,96.0,35.6,88.4,31.3,none,none,82.2,27.9,3709,-3719,3710,-3716,3712,3717,3714,-3718,3713,-3719,3711,3719,3714,-3722,3712,-3721,3712,-3720,3713,-3719,3713,-3720,3713,3720,3712,-3720,3710,-3720,3712,-3719,3714,-3720,3714,3718,3714,-3719,3715,-3719,3713,-3719,3713,-3717,3713,-3719,3711,-3717,3712,-3714,3706,-3714,3707,3716,3708,-3714,3710,-3715,3711,-3716,3710,-3716,3706,3717,3707,-3719,3708,-3719,3708,-3719,3710,-3719,3707,-3717,3708,-3718,3704,-3719,3705,-3720,3706,3721,3705,-3720,3704,-3718,3707,-3717,3707,-3717,3707,3716,3705,-3715,3707,-3716,3705,-3713,-0.42,SJNFAAZE1U0005576,117.74,13.04,9179.67578125,79,75,0,0,0,0,16.5,99.17,-173455,56,1528046794.864,9800,2,0,0,0,0,0,0,0,4,356.56,356.56,1F,1,1,1,0080,75,40,40,0,0,19,13.75
03/06/2018 18:26:38,55 59.40535,-2 30.55496,239,0,311,615472,1144818,356.54,33.584,3722,3706,3714,16,0,96.0,35.6,88.6,31.4,none,none,82.4,28.0,-3717,3712,-3718,3711,-3718,3713,-3720,3712,-3719,3713,-3720,3714,-3721,3714,-3722,3715,-3721,3713,-3720,3712,-3721,3714,-3721,3716,-3720,3713,-3721,3712,-3719,3715,-3720,3716,-3718,3714,-3719,3716,-3720,3715,-3720,3715,-3720,3713,-3719,3715,-3719,3713,-3718,3711,-3713,3707,-3717,3709,-3716,3710,-3717,3709,-3719,3710,-3719,3708,-3717,3707,-3720,3707,-3720,3708,-3719,3710,-3721,3710,-3718,3709,-3721,3706,-3720,3706,-3721,3707,-3722,3708,-3720,3708,-3719,3708,-3717,3709,-3719,3710,-3716,3710,-3714,3707,-3716,3706,-3716,3707,-0.37,SJNFAAZE1U0005576,117.74,13.04,9179.67578125,79,75,0,0,0,0,16.5,99.17,-173455,56,1528046798.540,9560,2,0,0,0,0,0,0,0,4,356.50,356.50,1F,1,1,1,0080,76,40,40,0,0,19,13.75
03/06/2018 18:26:42,55 59.40535,-2 30.55496,239,0,311,615174,1144818,356.64,31.478,3721,3707,3715,14,0,96.0,35.6,88.6,31.4,none,none,82.4,28.0,-3717,3714,-3717,3712,-3719,3713,-3719,3714,-3718,3715,-3718,3715,-3720,3716,-3720,3715,-3720,3715,-3720,3714,-3719,3715,-3721,3716,-3720,3715,-3720,3714,-3718,3716,-3718,3716,-3719,3715,-3717,3717,-3719,3715,-3718,3715,-3719,3715,-3720,3715,-3717,3714,-3717,3712,-3714,3709,-3715,3709,-3716,3710,-3717,3710,-3718,3711,-3717,3710,-3717,3709,-3719,3710,-3720,3711,-3718,3711,-3719,3711,-3718,3712,-3721,3707,-3718,3708,-3720,3709,-3721,3709,-3720,3708,-3718,3709,-3718,3709,-3719,3710,-3717,3710,-3715,3709,-3717,3709,-3715,3707,-0.39,SJNFAAZE1U0005576,117.74,13.04,9179.67578125,79,75,0,0,0,0,16.5,99.17,-173455,56,1528046802.335,9560,2,0,0,0,0,0,0,0,4,356.57,356.57,1F,1,1,1,0080,75,40,40,0,0,19,12.25
03/06/2018 18:26:45,55 59.40535,-2 30.55496,239,0,311,614923,1144818,356.64,28.731,3722,3705,3715,17,0,96.0,35.6,88.6,31.4,none,none,82.4,28.0,-3718,3714,-3717,3711,-3720,3712,-3719,3714,-3718,3713,-3718,3715,-3720,3715,-3721,3714,-3719,3713,-3720,3714,-3720,3715,-3721,3716,-3722,3714,-3721,3712,-3718,3715,-3720,3716,-3718,3715,-3719,3717,-3719,3715,-3719,3715,-3719,3714,-3721,3716,-3717,3714,-3717,3712,-3714,3708,-3715,3710,-3716,3710,-3718,3710,-3719,3710,-3719,3709,-3716,3708,-3721,3708,-3720,3710,-3719,3709,-3721,3710,-3719,3710,-3721,3705,-3719,3707,-3720,3707,-3722,3708,-3721,3707,-3719,3708,-3719,3709,-3720,3710,-3717,3710,-3716,3708,-3718,3708,-3716,3708,-0.39,SJNFAAZE1U0005576,117.74,13.04,9179.67578125,79,75,0,0,0,0,16.5,99.17,-173455,56,1528046805.918,8760,2,0,0,0,0,0,0,0,4,356.65,356.65,1F,1,1,1,0080,76,40,40,0,0,19,14.00
03/06/2018 18:26:49,55 59.40535,-2 30.55496,239,0,311,614659,1144818,356.54,31.387,3721,3705,3714,16,0,96.0,35.6,88.6,31.4,none,none,82.4,28.0,-3716,3712,-3716,3708,-3718,3712,-3719,3712,-3719,3714,-3719,3714,-3720,3714,-3720,3713,-3719,3713,-3719,3713,-3720,3713,-3720,3715,-3720,3712,-3720,3712,-3719,3713,-3718,3714,-3719,3713,-3719,3715,-3719,3714,-3719,3713,-3719,3713,-3719,3714,-3716,3712,-3718,3710,-3713,3705,-3715,3708,-3715,3709,-3716,3708,-3719,3708,-3718,3708,-3716,3707,-3719,3707,-3720,3708,-3719,3709,-3720,3709,-3719,3709,-3720,3705,-3719,3705,-3721,3706,-3721,3707,-3719,3706,-3719,3707,-3717,3709,-3718,3710,-3716,3710,-3714,3707,-3715,3707,-3715,3706,-0.39,SJNFAAZE1U0005576,117.74,13.04,9179.67578125,79,75,0,0,0,0,16.5,99.17,-173455,56,1528046809.406,9120,2,0,0,0,0,0,0,0,4,356.59,356.59,1F,1,1,1,0080,75,40,40,0,0,19,15.00
03/06/2018 18:26:52,55 59.40535,-2 30.55496,239,0,311,614381,1144818,356.26,35.873,3720,3702,3711,18,0,96.0,35.6,88.6,31.4,none,none,82.4,28.0,-3709,3717,-3707,3714,-3709,3714,-3713,3714,-3710,3716,-3710,3717,-3711,3720,-3711,3719,-3711,3718,-3711,3716,-3711,3718,-3711,3717,-3711,3718,-3710,3718,-3711,3716,-3713,3717,-3711,3716,-3712,3716,-3713,3717,-3711,3717,3713,3715,-3712,3717,-3710,3714,3709,-3712,-3705,3711,-3706,3714,-3705,3712,-3707,3712,-3708,3714,-3707,3712,-3703,3715,-3705,3717,-3706,3716,-3706,3717,-3708,3716,-3706,3715,-3708,3716,-3702,3717,-3703,3717,-3704,3718,-3702,3717,-3702,3715,-3705,3716,-3704,3716,-3705,3714,-3704,3713,-3704,3714,-3703,3711,-0.42,SJNFAAZE1U0005576,117.74,13.04,9179.67578125,79,75,0,0,0,0,16.5,99.17,-173455,56,1528046812.779,9600,2,0,0,0,0,0,0,0,4,356.35,356.35,1F,1,1,1,0080,76,40,40,0,0,19,16.00
03/06/2018 18:26:56,55 59.40535,-2 30.55496,239,0,311,614083,1144818,356.35,32.546,3719,3702,3712,17,0,96.0,35.6,88.6,31.4,none,none,82.4,28.0,3710,3718,3707,-3714,3709,3714,3713,-3713,3710,-3716,3711,-3717,3711,-3718,3711,-3718,3710,-3719,3710,3716,3712,-3718,3712,-3718,3711,-3719,3710,-3718,3710,3716,3711,-3717,3712,-3716,3712,-3717,3712,-3717,3712,-3717,3712,3716,3712,-3717,3709,-3714,3710,-3712,3706,-3711,3704,-3713,3707,-3714,3708,-3713,3708,-3715,3708,3713,3703,-3716,3707,-3717,3706,-3718,3706,-3716,3708,3716,3707,-3716,3707,-3717,3702,-3717,3703,-3718,3705,-3718,3704,-3718,3702,-3715,3706,-3716,3707,3715,3707,-3716,3705,-3713,3705,-3715,3704,-3710,-0.41,SJNFAAZE1U0005576,117.74,13.04,9179.67578125,79,75,0,0,0,0,16.5,99.17,-173455,56,1528046816.465,9640,2,0,0,0,0,0,0,0,4,356.45,356.45,1F,1,1,1,0080,75,40,40,0,0,19,15.25
03/06/2018 18:27:00,55 59.40535,-2 30.55496,239,0,310,613787,1144818,356.35,34.133,3719,3702,3712,17,0,96.0,35.6,88.4,31.3,none,none,82.4,28.0,3709,-3718,3708,-3716,3710,3715,3713,-3715,3711,-3717,3711,-3717,3712,-3719,3712,-3719,3710,-3718,3712,-3717,3712,-3719,3712,3719,3712,-3719,3711,-3719,3711,-3717,3712,-3718,3712,-3717,3712,3717,3712,-3719,3711,-3717,3712,-3717,3713,-3718,3710,3715,3710,-3713,3704,-3713,3706,-3714,3707,-3713,3708,-3712,3708,-3715,3708,-3714,3704,-3717,3705,3717,3707,-3718,3705,-3717,3708,-3717,3706,-3716,3709,3718,3704,-3718,3704,-3719,3706,-3719,3704,-3718,3702,-3717,3705,-3716,3706,-3716,3706,-3715,3704,3713,3704,-3714,3704,-3710,-0.42,SJNFAAZE1U0005576,117.74,13.04,9179.67578125,79,75,0,0,0,0,16.5,99.17,-173455,56,1528046820.233,9680,2,0,0,0,0,0,0,0,4,356.37,356.37,1F,1,1,1,0080,75,40,40,0,0,19,15.25
03/06/2018 18:27:03,55 59.40535,-2 30.55496,239,0,310,613476,1144818,356.26,34.225,3718,3700,3711,18,0,95.8,35.4,88.4,31.3,none,none,82.4,28.0,3708,-3715,3706,-3714,3710,3713,3711,-3713,3710,3716,3710,-3717,3710,-3718,3709,-3718,3709,-3717,3710,-3716,3710,3717,3711,-3717,3710,-3717,3708,-3717,3709,-3716,3711,-3716,3711,-3716,3711,-3717,3711,-3716,3710,3715,3710,-3716,3711,-3716,3709,-3714,3709,-3711,3705,3711,3704,-3713,3706,-3712,3707,-3712,3708,-3713,3707,-3713,3703,-3715,3705,-3715,3705,-3717,3705,3716,3707,-3716,3706,-3715,3705,-3716,3700,-3716,3702,3718,3704,-3717,3703,-3717,3700,-3715,3704,-3715,3706,-3714,3705,-3714,3704,-3712,3704,-3713,3703,3710,-0.43,SJNFAAZE1U0005576,117.74,13.04,9179.67578125,79,75,0,0,0,0,16.5,99.17,-173455,56,1528046823.920,10520,2,0,0,0,0,0,0,0,4,356.32,356.32,1F,1,1,1,0080,76,40,40,0,0,19,14.75
03/06/2018 18:27:07,55 59.40535,-2 30.55496,239,0,310,613171,1144818,356.35,30.959,3719,3703,3712,16,0,96.0,35.6,88.4,31.3,none,none,82.4,28.0,3710,-3718,3708,3715,3710,3715,3713,-3714,3712,-3717,3711,-3717,3713,3719,3711,-3718,3711,-3718,3712,-3716,3712,-3718,3712,-3718,3713,3718,3711,-3718,3711,-3718,3713,-3717,3713,-3716,3713,-3716,3712,-3717,3712,-3717,3713,-3716,3713,3717,3710,-3715,3710,-3712,3704,-3712,3706,-3714,3706,3712,3709,-3713,3709,-3716,3708,-3714,3705,-3716,3706,-3718,3706,-3718,3706,-3717,3708,-3717,3706,3716,3708,-3718,3703,-3717,3705,-3719,3704,-3718,3704,3718,3703,-3717,3706,-3717,3706,-3717,3706,-3715,3704,-3713,3705,-3713,3704,-3711,-0.40,SJNFAAZE1U0005576,117.74,13.04,9179.67578125,79,75,0,0,0,0,16.5,99.17,-173455,56,1528046827.644,9400,2,0,0,0,0,0,0,0,4,356.45,356.45,1F,1,1,1,0080,75,40,40,0,0,19,16.00
03/06/2018 18:27:11,55 59.40535,-2 30.55496,239,0,310,612864,1144818,356.26,35.048,3718,3703,3711,15,0,96.0,35.6,88.4,31.3,none,none,82.4,28.0,-3713,3709,-3714,3708,3715,3709,-3715,3709,3715,-3711,3715,-3712,3717,-3711,3717,-3711,-3716,-3710,3715,3711,-3717,3712,-3718,3713,-3717,3710,-3717,3710,-3715,3711,-3716,3712,-3716,3712,-3716,3713,-3716,3711,-3715,3711,-3717,3711,-3717,3712,-3714,3710,-3713,3707,-3710,3703,-3713,3705,-3712,3706,-3712,3706,-3715,3706,-3716,3705,-3714,3704,-3716,3704,-3717,3706,-3716,3707,-3717,3706,-3714,3705,-3718,3703,-3717,3704,-3718,3704,-3718,3704,-3716,3704,-3715,3705,-3714,3706,-3716,3706,-3713,3707,-3710,3703,-3712,3704,-3712,3704,-0.40,SJNFAAZE1U0005576,117.74,13.04,9179.67578125,79,75,0,0,0,0,16.5,99.17,-173455,56,1528046831.401,10000,2,0,0,0,0,0,0,0,4,356.29,356.29,1F,1,1,1,0080,75,40,40,0,0,19,17.00
03/06/2018 18:27:15,55 59.40535,-2 30.55496,239,0,310,612545,1144818,356.26,33.309,3717,3703,3711,14,0,96.0,35.6,88.4,31.3,none,none,82.4,28.0,-3713,3710,-3713,3709,-3715,3710,-3714,3710,-3715,3712,-3715,3711,-3715,3712,-3717,3712,-3716,3712,-3715,3711,-3716,3712,-3717,3713,-3717,3711,-3716,3710,-3715,3711,-3715,3713,-3715,3712,-3716,3714,-3716,3712,-3715,3711,-3716,3712,-3715,3711,-3713,3709,-3713,3708,-3709,3704,-3711,3707,-3713,3706,-3712,3707,-3713,3707,-3715,3705,-3712,3705,-3714,3706,-3715,3707,-3714,3706,-3715,3707,-3714,3707,-3716,3703,-3715,3704,-3716,3705,-3716,3705,-3715,3706,-3713,3705,-3713,3706,-3714,3706,-3712,3707,-3710,3705,-3712,3705,-3712,3703,-0.39,SJNFAAZE1U0005576,117.74,13.04,9179.67578125,79,75,0,0,0,0,16.5,99.17,-173455,56,1528046835.169,10000,2,0,0,0,0,0,0,0,4,356.30,356.30,1F,1,1,1,0080,75,40,40,0,0,19,13.75
03/06/2018 18:27:18,55 59.40535,-2 30.55496,239,0,310,612259,1144818,355.97,38.985,3716,3700,3708,16,0,96.2,35.7,88.6,31.4,none,none,82.4,28.0,-3710,3708,-3711,3706,-3712,3708,-3713,3707,-3713,3709,-3712,3709,-3714,3709,-3714,3709,-3713,3709,-3714,3708,-3714,3708,-3714,3710,-3715,3709,-3714,3707,-3713,3710,-3713,3710,-3712,3708,-3713,3710,-3714,3710,-3713,3708,-3713,3708,-3714,3709,-3711,3706,-3710,3706,-3706,3702,-3709,3703,-3709,3703,-3710,3703,-3713,3704,-3712,3703,-3710,3700,-3713,3703,-3713,3703,-3713,3702,-3712,3702,-3712,3704,-3716,3701,-3714,3700,-3715,3700,-3714,3701,-3714,3701,-3712,3702,-3712,3703,-3712,3704,-3710,3703,-3708,3703,-3710,3702,-3708,3701,-0.40,SJNFAAZE1U0005576,117.74,13.04,9181.28515625,79,75,0,0,0,0,16.5,99.17,-173455,55,1528046838.629,10360,2,0,0,0,0,0,0,0,4,356.11,356.11,1F,1,1,1,0080,76,40,40,0,0,19,18.00
03/06/2018 18:27:22,55 59.40535,-2 30.55496,239,0,310,611960,1144818,356.35,28.121,3720,3703,3712,17,0,96.0,35.6,88.6,31.4,none,none,82.4,28.0,-3715,3711,-3714,3709,-3715,3711,-3715,3710,-3717,3711,-3716,3711,-3717,3711,-3717,3711,-3717,3711,-3717,3711,-3718,3711,-3719,3713,-3718,3710,-3717,3710,-3716,3712,-3717,3712,-3715,3711,-3715,3713,-3716,3713,-3716,3712,-3717,3712,-3717,3713,-3714,3710,-3714,3710,-3711,3704,-3713,3706,-3713,3706,-3714,3707,-3715,3707,-3716,3706,-3712,3704,-3717,3706,-3717,3708,-3717,3707,-3717,3706,-3717,3707,-3717,3703,-3717,3704,-3717,3703,-3720,3705,-3718,3705,-3715,3705,-3715,3705,-3717,3706,-3714,3707,-3713,3704,-3715,3705,-3712,3704,-0.43,SJNFAAZE1U0005576,117.74,13.04,9181.28515625,79,75,0,0,0,0,16.5,99.17,-173455,55,1528046842.138,9680,2,0,0,0,0,0,0,0,4,356.38,356.38,1F,1,1,1,0080,76,40,40,0,0,19,12.75
03/06/2018 18:27:25,55 59.40535,-2 30.55496,239,0,309,611679,1144818,356.06,36.330,3716,3701,3709,15,0,96.0,35.6,88.6,31.4,none,none,82.4,28.0,-3710,3708,-3711,3707,-3713,3709,-3713,3708,-3713,3709,-3713,3711,-3715,3710,-3715,3709,-3714,3710,-3713,3708,-3715,3710,-3715,3711,-3716,3709,-3715,3708,-3713,3711,-3714,3711,-3713,3710,-3713,3712,-3714,3710,-3713,3709,-3714,3710,-3714,3711,-3711,3708,-3712,3707,-3707,3702,-3709,3704,-3710,3705,-3710,3704,-3712,3705,-3713,3703,-3710,3703,-3713,3704,-3713,3706,-3712,3704,-3713,3705,-3713,3705,-3714,3701,-3713,3701,-3714,3702,-3715,3702,-3713,3702,-3712,3703,-3712,3705,-3711,3704,-3710,3705,-3708,3702,-3710,3703,-3710,3703,-0.39,SJNFAAZE1U0005576,117.74,13.04,9181.28515625,79,75,0,0,0,0,16.5,99.17,-173455,55,1528046845.792,9720,2,0,0,0,0,0,0,0,4,356.13,356.13,1F,1,1,1,0080,76,40,40,0,0,19,14.25
03/06/2018 18:27:29,55 59.40535,-2 30.55496,239,0,309,611393,1144818,356.16,31.264,3717,3700,3710,17,0,96.0,35.6,88.6,31.4,none,none,82.4,28.0,3707,-3716,3706,-3713,3708,3714,3711,-3713,3708,-3715,3709,3716,3709,-3717,3709,-3717,3709,-3717,3709,-3716,3711,3716,3711,-3717,3710,-3717,3708,-3717,3708,-3715,3711,-3716,3711,-3714,3710,-3716,3711,-3715,3709,3715,3710,-3715,3711,-3716,3708,-3713,3707,-3710,3703,-3711,3703,3713,3705,-3711,3706,-3710,3706,-3714,3707,-3712,3702,3714,3703,-3715,3704,-3717,3704,-3714,3706,-3715,3704,-3714,3705,-3716,3701,-3715,3701,-3717,3703,3716,3702,-3717,3700,-3714,3702,-3713,3704,-3714,3704,3713,3703,-3712,3703,-3713,3703,-3709,-0.41,SJNFAAZE1U0005576,117.74,13.04,9181.28515625,79,75,0,0,0,0,16.5,99.17,-173455,55,1528046849.434,9360,2,0,0,0,0,0,0,0,4,356.19,356.19,1F,1,1,1,0080,76,40,40,0,0,19,13.50
03/06/2018 18:27:33,55 59.40535,-2 30.55496,239,0,309,611099,1144818,356.26,33.431,3717,3702,3711,15,0,96.0,35.6,88.4,31.3,none,none,82.4,28.0,3709,-3716,3707,-3714,3710,3714,3711,-3714,3709,-3715,3709,-3716,3711,-3717,3710,3717,3709,-3717,3710,-3715,3711,-3716,3712,-3717,3711,3717,3709,-3716,3709,-3715,3711,-3716,3711,-3715,3711,-3715,3711,3716,3710,-3715,3710,-3713,3712,-3717,3709,-3714,3709,-3710,3706,-3711,3705,-3713,3706,-3712,3707,3711,3708,-3713,3708,-3711,3705,-3714,3707,-3716,3705,3715,3706,-3715,3709,-3715,3706,-3714,3709,-3715,3703,-3715,3704,-3716,3705,-3715,3705,-3715,3702,3714,3707,-3714,3707,-3714,3706,-3714,3704,-3712,3705,3713,3703,-3709,-0.41,SJNFAAZE1U0005576,117.74,13.04,9181.28515625,79,75,0,0,0,0,16.5,99.17,-173455,55,1528046853.018,9640,2,0,0,0,0,0,0,0,4,356.18,356.18,1F,1,1,1,0080,76,40,40,0,0,19,11.75
03/06/2018 18:27:36,55 59.40535,-2 30.55496,239,0,309,610859,1144818,356.16,31.783,3717,3703,3710,14,0,96.0,35.6,88.6,31.4,none,none,82.4,28.0,3708,3714,3708,-3713,3709,3713,3711,-3712,3710,-3714,3710,-3715,3711,3716,3710,-3717,3710,-3715,3711,-3714,3711,-3716,3712,-3716,3712,-3715,3710,-3715,3710,-3714,3712,3715,3710,-3714,3712,-3715,3712,-3715,3711,-3715,3712,3713,3713,-3716,3710,-3714,3709,-3710,3704,-3710,3705,-3712,3706,-3711,3707,-3710,3708,-3712,3709,3711,3704,-3714,3705,-3714,3706,-3715,3707,-3714,3708,3714,3706,-3713,3707,-3714,3703,-3714,3705,-3717,3704,-3716,3705,-3714,3703,-3713,3705,-3713,3705,3715,3706,-3712,3704,-3711,3705,-3712,3704,-3708,-0.38,SJNFAAZE1U0005576,117.74,13.04,9181.28515625,79,75,0,0,0,0,16.5,99.17,-173455,55,1528046856.421,8680,2,0,0,0,0,0,0,0,4,356.22,356.22,1F,1,1,1,0080,76,40,40,0,0,19,11.50
03/06/2018 18:27:40,55 59.40535,-2 30.55496,239,0,309,610612,1144818,356.26,29.677,3719,3701,3711,18,0,95.8,35.4,88.4,31.3,none,none,82.4,28.0,3709,-3716,3705,-3714,3709,3714,3712,3714,3709,-3716,3709,-3716,3710,-3719,3711,-3717,3709,3717,3709,-3716,3711,-3718,3711,-3718,3710,-3718,3709,-3717,3709,-3716,3710,-3716,3710,-3716,3710,3716,3712,-3717,3710,-3715,3710,-3715,3712,-3717,3708,3714,3709,-3711,3705,-3711,3705,-3714,3705,-3712,3707,-3712,3709,-3714,3707,-3713,3704,-3715,3705,3716,3704,-3717,3705,-3717,3707,-3716,3706,-3714,3708,3716,3701,-3717,3703,-3718,3704,-3718,3702,-3717,3701,-3715,3705,-3716,3705,-3716,3706,-3714,3705,3712,3704,-3713,3702,-3710,-0.42,SJNFAAZE1U0005576,117.74,13.04,9181.28515625,79,75,0,0,0,0,16.5,99.17,-173455,55,1528046860.148,8400,2,0,0,0,0,0,0,0,4,356.25,356.25,1F,1,1,1,0080,76,40,40,0,0,19,13.00
03/06/2018 18:27:43,55 59.40535,-2 30.55496,239,0,309,610344,1144818,356.16,30.807,3718,3701,3710,17,0,96.0,35.6,88.6,31.4,none,none,82.4,28.0,3712,-3708,3713,-3706,3714,3709,3715,-3709,3715,-3709,3714,3711,3716,-3711,3717,-3710,3716,-3710,3715,-3709,3716,3711,3716,-3711,3717,-3708,3717,-3709,3714,-3711,3715,-3712,3715,-3710,3714,-3712,3714,-3710,3715,3710,3716,-3710,3714,-3711,3713,-3708,3713,-3707,3708,3702,3711,-3705,3711,-3704,3712,-3704,3715,-3705,3714,-3704,3712,-3703,3715,-3705,-3715,-3704,3715,3706,-3715,3705,-3714,3706,-3716,3702,-3715,3701,-3716,3702,-3718,3702,-3715,3702,-3714,3702,-3714,3704,-3715,3706,-3712,3704,-3710,3703,3711,-3703,3712,3702,-0.41,SJNFAAZE1U0005576,117.74,13.04,9181.28515625,79,75,0,0,0,0,16.5,99.17,-173455,55,1528046863.855,8880,2,0,0,0,0,0,0,0,4,356.17,356.17,1F,1,1,1,0080,76,40,40,0,0,19,16.25
03/06/2018 18:27:47,55 59.40535,-2 30.55496,239,0,309,610054,1144818,356.16,31.142,3716,3702,3710,14,0,95.8,35.4,88.4,31.3,none,none,82.4,28.0,-3711,3709,-3712,3708,-3714,3709,-3713,3708,-3713,3709,-3713,3711,-3715,3712,-3716,3711,-3714,3710,-3714,3710,-3715,3711,-3716,3712,-3716,3710,-3715,3709,-3714,3710,-3715,3712,-3713,3710,-3714,3712,-3714,3712,-3714,3711,-3714,3710,-3714,3711,-3712,3709,-3712,3708,-3709,3704,-3711,3705,-3710,3706,-3711,3706,-3714,3706,-3714,3704,-3712,3704,-3714,3705,-3714,3706,-3714,3706,-3714,3705,-3713,3706,-3715,3703,-3715,3702,-3715,3703,-3715,3703,-3714,3704,-3713,3704,-3712,3705,-3713,3706,-3711,3705,-3710,3703,-3711,3703,-3710,3704,-0.40,SJNFAAZE1U0005576,117.74,13.04,9181.28515625,79,75,0,0,0,0,16.5,99.17,-173455,55,1528046867.550,9600,2,0,0,0,0,0,0,0,4,356.18,356.18,1F,1,1,1,0080,76,40,40,0,0,19,14.50
03/06/2018 18:27:51,55 59.40535,-2 30.55496,239,0,308,609759,1144818,355.97,35.903,3716,3699,3708,17,0,95.8,35.4,88.4,31.3,none,none,82.2,27.9,-3711,3706,-3711,3705,-3713,3708,-3712,3706,-3713,3708,-3711,3708,-3713,3708,-3714,3709,-3714,3708,-3713,3707,-3714,3709,-3714,3710,-3714,3707,-3715,3706,-3712,3708,-3713,3709,-3712,3708,-3712,3709,-3713,3709,-3713,3706,-3713,3708,-3713,3710,-3711,3707,-3711,3705,-3708,3701,-3709,3703,-3710,3703,-3710,3702,-3712,3704,-3712,3701,-3710,3702,-3713,3702,-3713,3703,-3712,3704,-3715,3703,-3713,3703,-3714,3699,-3714,3699,-3715,3700,-3716,3700,-3714,3700,-3712,3700,-3713,3702,-3714,3703,-3711,3703,-3710,3701,-3710,3700,-3709,3700,-0.43,SJNFAAZE1U0005576,117.74,13.04,9181.28515625,79,75,0,0,0,0,16.5,99.17,-173455,55,1528046871.342,9240,2,0,0,0,0,0,0,0,4,355.95,355.95,1F,1,1,1,0080,76,40,40,0,0,19,13.00
03/06/2018 18:27:54,55 59.40535,-2 30.55496,239,0,308,609453,1144818,355.87,33.401,3715,3698,3707,17,0,95.8,35.4,88.4,31.3,none,none,82.2,27.9,-3711,3705,-3711,3704,-3712,3706,-3712,3705,-3711,3707,-3711,3708,-3713,3707,-3713,3707,-3713,3708,-3713,3706,-3712,3707,-3714,3708,-3714,3706,-3714,3705,-3711,3708,-3712,3709,-3712,3707,-3712,3710,-3712,3708,-3712,3706,-3712,3707,-3711,3709,-3710,3705,-3710,3704,-3706,3700,-3708,3701,-3709,3702,-3710,3702,-3711,3703,-3712,3702,-3710,3700,-3713,3701,-3712,3702,-3712,3702,-3714,3703,-3713,3703,-3714,3698,-3713,3698,-3713,3699,-3715,3700,-3713,3699,-3711,3701,-3711,3701,-3712,3702,-3711,3703,-3709,3700,-3711,3701,-3709,3700,-0.46,SJNFAAZE1U0005576,117.74,13.04,9181.28515625,79,75,0,0,0,0,16.5,99.17,-173455,55,1528046874.932,9840,2,0,0,0,0,0,0,0,4,356.04,356.04,1F,1,1,1,0080,76,40,40,0,0,19,16.50
03/06/2018 18:27:58,55 59.40535,-2 30.55496,239,0,308,609142,1144818,355.68,37.643,3712,3696,3705,16,0,95.8,35.4,88.4,31.3,none,none,82.2,27.9,-3706,3705,-3709,3702,-3710,3705,-3710,3704,-3710,3706,-3708,3706,-3710,3706,-3712,3706,-3711,3706,-3711,3704,-3712,3706,-3711,3708,-3711,3705,-3712,3705,-3710,3708,-3710,3707,-3710,3706,-3709,3708,-3711,3707,-3710,3706,-3711,3705,-3711,3707,-3708,3704,-3707,3703,-3704,3699,-3706,3700,-3707,3699,-3706,3701,-3709,3701,-3709,3699,-3708,3697,-3710,3698,-3710,3701,-3710,3700,-3711,3699,-3710,3702,-3711,3696,-3711,3697,-3712,3698,-3712,3698,-3711,3698,-3709,3699,-3709,3699,-3708,3701,-3706,3699,-3705,3698,-3707,3698,-3705,3699,-0.44,SJNFAAZE1U0005576,117.74,13.04,9181.28515625,79,75,0,0,0,0,16.5,99.17,-173455,55,1528046878.437,10920,2,0,0,0,0,0,0,0,4,355.86,355.86,1F,1,1,1,0080,76,40,40,0,0,19,20.75
03/06/2018 18:28:01,55 59.40535,-2 30.55496,239,0,308,608777,1144818,355.39,42.678,3710,3692,3702,18,0,95.8,35.4,88.4,31.3,none,none,82.2,27.9,3699,-3707,3698,3705,3700,3705,3704,-3705,3701,-3708,3700,-3707,3702,3709,3702,-3709,3701,-3708,3701,-3707,3702,-3709,3703,-3708,3703,-3710,3701,-3709,3701,-3707,3703,3707,-3702,3707,-3702,-3707,-3702,3708,-3701,3707,3702,3706,-3703,3708,3700,-3705,3700,-3702,3693,-3703,3694,-3704,3697,3703,3697,-3702,3699,-3704,3697,-3703,3694,-3706,3695,-3706,3696,-3709,3697,-3707,3697,-3707,3695,3706,3698,-3707,3692,-3707,3694,-3708,3694,-3708,3694,3708,3692,-3706,3695,-3707,3696,-3706,3694,-3705,3693,-3703,3694,-3704,3693,-3700,-0.42,SJNFAAZE1U0005576,117.74,13.04,9181.28515625,79,75,0,0,0,0,16.5,99.17,-173455,55,1528046881.891,12440,2,0,0,0,0,0,0,0,4,355.56,355.56,1F,1,1,1,0080,76,40,40,0,0,19,21.50
03/06/2018 18:28:05,55 59.40535,-2 30.55496,239,0,308,608415,1144818,355.39,42.312,3709,3694,3702,15,0,95.8,35.4,88.4,31.3,none,none,82.2,27.9,3700,-3706,3699,-3704,3701,3705,3703,3704,3701,-3706,3701,-3707,3702,-3708,3702,-3708,3703,-3708,3702,3706,3703,-3708,3704,-3709,3703,-3707,3701,-3708,3702,3707,3702,-3706,3702,-3706,3703,-3707,3703,-3706,3702,-3706,3703,-3706,3703,-3707,3701,-3703,3700,3703,3695,-3701,3696,-3703,3696,-3701,3697,-3700,3700,3705,3700,-3702,3695,-3704,3696,-3705,3698,-3706,3697,-3705,3699,-3706,3698,-3705,3698,-3705,3694,3705,3695,-3708,3697,-3706,3696,-3706,3694,-3705,3696,3705,3697,-3704,3696,-3704,3696,-3701,3695,-3703,3695,-3700,-0.41,SJNFAAZE1U0005576,117.74,13.04,9181.28515625,79,75,0,0,0,0,16.5,99.17,-173455,55,1528046885.346,12680,2,0,0,0,0,0,0,0,4,355.48,355.48,1F,1,1,1,0080,76,40,40,0,0,19,20.50
03/06/2018 18:28:08,55 59.40535,-2 30.55496,239,0,308,608038,1144818,355.20,47.988,3709,3691,3700,18,0,95.8,35.4,88.4,31.3,none,none,82.2,27.9,3697,-3707,3697,-3704,3698,3703,3702,-3704,3700,-3705,3699,-3706,3701,-3708,3700,-3708,3699,-3707,3700,-3706,3700,-3709,3700,3707,3701,-3709,3699,-3708,3700,-3706,3702,-3707,3701,3706,3700,-3705,3702,-3706,3701,-3706,3701,-3705,3700,-3706,3699,-3703,3697,-3701,3693,-3701,3693,3703,3695,-3701,3696,-3701,3698,-3703,3696,-3702,3691,3705,3694,-3706,3695,-3707,3694,-3706,3696,-3705,3694,-3704,3699,-3705,3692,-3707,3693,-3707,3692,3707,3693,-3707,3691,-3705,3694,-3705,3694,-3706,3694,-3703,3693,-3702,3693,-3702,3691,-3699,-0.43,SJNFAAZE1U0005576,117.74,13.04,9181.28515625,79,75,0,0,0,0,16.5,99.17,-173455,55,1528046888.771,13080,2,0,0,0,0,0,0,0,4,355.22,355.22,1F,1,1,1,0080,76,40,40,0,0,19,22.50
03/06/2018 18:28:12,55 59.40535,-2 30.55496,239,0,307,607597,1144818,355.01,52.169,3706,3688,3698,18,0,95.8,35.4,88.4,31.3,none,none,82.2,27.9,3694,-3702,3694,-3702,3696,3702,3700,-3701,3697,3704,3698,-3705,3698,-3706,3698,-3706,3698,-3705,3698,-3705,3698,-3706,3700,-3705,3699,-3706,3698,3705,3697,-3703,3698,-3704,3699,-3704,3700,-3704,3699,3705,3698,-3704,3699,-3703,3699,-3704,3696,-3702,3696,-3699,3691,-3698,3691,-3701,3692,-3698,3694,3698,3695,-3701,3694,-3699,3690,-3703,3692,-3702,3693,3705,3691,-3703,3694,-3703,3693,-3702,3696,-3703,3689,-3704,3690,3705,3691,-3704,3690,-3704,3688,-3702,3691,-3703,3692,-3703,3692,-3701,3689,-3700,3691,-3700,3690,3696,-0.42,SJNFAAZE1U0005576,117.74,13.04,9181.28515625,79,75,0,0,0,0,16.5,99.17,-173455,55,1528046892.302,15600,2,0,0,0,0,0,0,0,4,354.94,354.94,1F,1,1,1,0080,76,40,40,0,0,19,22.75
03/06/2018 18:28:16,55 59.40535,-2 30.55496,239,0,307,607167,1144818,354.91,51.314,3705,3686,3697,19,0,95.8,35.4,88.4,31.3,none,none,82.2,27.9,3693,-3703,3693,3701,3695,3700,3700,-3701,3696,-3704,3696,-3704,3697,3705,3698,-3705,3697,-3704,3696,-3703,3698,-3705,3697,-3705,3699,-3705,3696,-3705,3697,-3702,3699,3704,3697,-3701,3699,-3702,3699,-3704,3697,-3704,3697,3702,3698,-3704,3694,-3700,3694,-3698,3690,-3697,3690,-3699,3690,-3697,3693,-3697,3694,-3700,3693,3698,3689,-3701,3691,-3702,3691,-3702,3692,-3703,3693,-3702,3691,3701,3695,-3703,3688,-3703,3689,-3704,3690,-3703,3690,3704,3686,-3700,3691,-3701,3691,-3702,3690,-3700,3689,-3699,3688,-3699,3688,-3696,-0.44,SJNFAAZE1U0005576,117.74,13.04,9181.28515625,79,75,0,0,0,0,16.5,99.17,-173455,55,1528046896.078,13840,2,0,0,0,0,0,0,0,4,354.95,354.95,1F,1,1,1,0080,76,40,40,0,0,19,23.50
03/06/2018 18:28:19,55 59.40535,-2 30.55496,239,0,307,606728,1144818,354.91,48.141,3704,3687,3697,17,0,95.8,35.4,88.4,31.3,none,none,82.2,27.9,-3697,3695,-3699,3693,-3701,3697,-3701,3696,-3701,3696,-3701,3697,-3702,3697,-3704,3698,-3702,3697,-3702,3697,-3704,3698,-3703,3698,-3704,3696,-3704,3696,-3702,3699,-3702,3699,-3702,3697,-3703,3698,-3702,3697,-3701,3698,-3702,3697,-3702,3698,-3699,3695,-3699,3695,-3694,3688,-3696,3691,-3697,3692,-3699,3692,-3700,3692,-3701,3691,-3698,3690,-3701,3691,-3701,3692,-3701,3691,-3702,3692,-3700,3693,-3704,3687,-3701,3688,-3703,3690,-3704,3689,-3702,3690,-3700,3690,-3700,3691,-3701,3691,-3698,3692,-3696,3689,-3697,3689,-3697,3688,-0.44,SJNFAAZE1U0005576,117.74,13.04,9181.28515625,79,75,0,0,0,0,16.5,99.17,-173455,55,1528046899.504,14200,2,0,0,0,0,0,0,0,4,354.89,354.89,1F,1,1,1,0080,76,40,40,0,0,19,23.00
03/06/2018 18:28:23,55 59.40535,-2 30.55496,239,0,307,606305,1144818,354.82,48.995,3704,3687,3696,17,0,95.8,35.4,88.4,31.3,none,none,82.2,27.9,-3697,3694,-3698,3693,-3701,3696,-3702,3695,-3700,3697,-3701,3698,-3702,3698,-3703,3697,-3701,3697,-3703,3697,-3703,3697,-3704,3698,-3703,3695,-3703,3695,-3701,3698,-3701,3697,-3701,3698,-3701,3700,-3702,3698,-3702,3697,-3702,3697,-3701,3698,-3699,3695,-3699,3694,-3694,3688,-3696,3690,-3698,3690,-3697,3691,-3699,3692,-3700,3689,-3696,3688,-3700,3690,-3701,3692,-3700,3690,-3702,3692,-3701,3692,-3703,3687,-3701,3688,-3703,3689,-3702,3690,-3701,3689,-3700,3690,-3699,3690,-3700,3691,-3697,3692,-3696,3689,-3697,3689,-3697,3688,-0.41,SJNFAAZE1U0005576,117.74,13.04,9182.8935546875,79,75,0,0,0,0,16.5,99.17,-173455,55,1528046903.142,14480,2,0,0,0,0,0,0,0,4,354.90,354.90,1F,1,1,1,0080,76,40,40,0,0,19,23.75
03/06/2018 18:28:26,55 59.40535,-2 30.55496,239,0,306,605791,1144818,353.95,71.059,3696,3677,3687,19,0,96.0,35.6,88.2,31.2,none,none,82.4,28.0,-3688,3685,-3690,3684,-3690,3687,-3690,3686,-3692,3687,-3691,3688,-3694,3689,-3694,3687,-3693,3689,-3693,3687,-3693,3688,-3694,3689,-3695,3687,-3694,3688,-3692,3689,-3692,3689,-3692,3688,-3692,3690,-3693,3688,-3691,3688,-3692,3687,-3691,3689,-3689,3686,-3688,3684,-3683,3677,-3685,3680,-3686,3680,-3688,3681,-3691,3682,-3690,3680,-3687,3679,-3691,3681,-3691,3681,-3691,3682,-3692,3682,-3690,3682,-3696,3678,-3691,3678,-3691,3679,-3694,3679,-3693,3679,-3689,3680,-3689,3680,-3691,3681,-3688,3680,-3686,3679,-3686,3680,-3685,3678,-0.42,SJNFAAZE1U0005576,117.74,13.04,9182.8935546875,79,75,0,0,0,0,16.5,99.17,-173455,55,1528046906.739,18680,2,0,0,0,0,0,0,0,4,354.00,354.00,1F,1,1,1,0080,76,40,40,0,0,19,33.25
03/06/2018 18:28:30,55 59.40535,-2 30.55496,239,0,306,605221,1144818,353.95,69.594,3695,3677,3687,18,0,95.8,35.4,88.4,31.3,none,none,82.2,27.9,-3688,3684,-3690,3683,-3691,3686,-3692,3686,-3692,3688,-3692,3689,-3693,3688,-3694,3688,-3693,3688,-3693,3687,-3694,3688,-3694,3689,-3695,3686,-3694,3686,-3692,3689,-3693,3689,-3691,3688,-3692,3690,-3693,3688,-3692,3687,-3693,3687,-3693,3689,-3689,3685,-3688,3684,-3683,3677,-3685,3679,-3686,3681,-3688,3681,-3689,3682,-3690,3679,-3687,3679,-3692,3680,-3691,3681,-3691,3681,-3692,3681,-3690,3682,-3693,3677,-3691,3679,-3692,3679,-3693,3678,-3692,3679,-3690,3680,-3690,3680,-3690,3682,-3686,3680,-3686,3678,-3687,3679,-3687,3678,-0.43,SJNFAAZE1U0005576,117.74,13.04,9182.8935546875,79,75,0,0,0,0,16.5,99.17,-173455,55,1528046910.223,19040,2,0,0,0,0,0,0,0,4,353.88,353.88,1F,1,1,1,0080,76,40,40,0,0,19,30.75
03/06/2018 18:28:33,55 59.40535,-2 30.55496,239,0,306,604657,1144818,353.76,65.078,3692,3677,3685,15,0,95.8,35.4,88.4,31.3,none,none,82.2,27.9,-3686,3683,-3687,3683,-3688,3684,-3689,3685,-3689,3686,-3689,3687,-3691,3686,-3692,3686,-3691,3687,-3691,3686,-3691,3687,-3692,3688,-3692,3686,-3692,3686,-3689,3687,-3691,3689,-3689,3687,-3691,3688,-3692,3687,-3690,3687,-3690,3686,-3690,3687,-3687,3684,-3687,3683,-3682,3677,-3682,3678,-3684,3679,-3684,3680,-3688,3681,-3687,3679,-3685,3679,-3689,3679,-3688,3680,-3689,3681,-3690,3681,-3688,3681,-3692,3677,-3688,3679,-3690,3680,-3691,3680,-3689,3679,-3687,3680,-3687,3680,-3689,3682,-3686,3681,-3684,3679,-3685,3678,-3683,3677,-0.43,SJNFAAZE1U0005576,117.74,13.04,9182.8935546875,79,75,0,0,0,0,16.5,99.17,-173455,55,1528046913.717,18920,2,0,0,0,0,0,0,0,4,353.97,353.97,1F,1,1,1,0080,76,40,40,0,0,19,32.50
03/06/2018 18:28:37,55 59.40535,-2 30.55496,239,0,306,604089,1144818,353.66,66.390,3692,3673,3684,19,0,96.0,35.6,88.4,31.3,none,none,82.2,27.9,3679,-3688,3680,-3687,3682,3688,3685,-3688,3684,-3691,3685,3689,3684,-3692,3684,-3692,3684,-3692,3684,-3690,3684,3691,3685,-3692,3685,-3692,3684,-3690,3684,-3690,3685,-3691,3685,-3690,3685,-3691,3685,-3691,3685,3690,3685,-3688,3684,-3691,3682,-3687,3681,-3684,3674,3682,3675,-3684,3676,-3682,3678,-3683,3681,-3688,3679,-3685,3674,-3687,3676,-3689,3678,-3689,3677,3690,3679,-3688,3677,-3688,3681,-3689,3674,-3689,3675,-3691,3676,3690,3676,-3690,3673,-3688,3676,-3687,3677,-3688,3676,3685,3676,-3685,3675,-3684,3674,-3682,-0.39,SJNFAAZE1U0005576,117.74,13.04,9182.8935546875,79,75,0,0,0,0,16.5,99.17,-173455,55,1528046917.430,17320,2,0,0,0,0,0,0,0,4,353.70,353.70,1F,1,1,1,0080,76,40,40,0,0,19,36.25
03/06/2018 18:28:41,55 59.40535,-2 30.55496,239,0,305,603446,1144818,353.47,69.259,3691,3672,3682,19,0,96.0,35.6,88.4,31.3,none,none,82.4,28.0,3678,-3686,3678,-3686,3680,3687,3684,-3686,3681,-3688,3682,-3690,3682,-3690,3682,3691,3682,-3689,3682,-3689,3683,-3691,3683,-3689,3683,3690,3682,-3691,3681,-3688,3684,-3689,3684,-3688,3683,-3688,3684,-3689,3683,-3687,3683,-3687,3683,3689,3680,-3685,3679,-3682,3674,-3680,3673,-3683,3675,3683,3676,-3682,3679,-3685,3677,-3683,3674,-3685,3676,-3686,3676,-3688,3676,-3688,3678,-3687,3676,-3686,3678,-3686,3672,-3687,3673,-3690,3675,-3689,3676,-3688,3672,3686,3675,-3687,3677,-3686,3675,-3684,3673,-3683,3674,3683,3673,-3680,-0.43,SJNFAAZE1U0005576,117.74,13.04,9182.8935546875,79,75,0,0,0,0,16.5,99.17,-173455,55,1528046921.150,19880,2,0,0,0,0,0,0,0,4,353.46,353.46,1F,1,1,1,0080,76,40,40,0,0,19,34.00
03/06/2018 18:28:44,55 59.40535,-2 30.55496,239,0,305,602834,1144818,353.28,68.862,3688,3671,3680,17,0,96.0,35.6,88.4,31.3,none,none,82.2,27.9,3677,3684,3677,-3683,3679,3684,3683,-3684,3680,-3686,3680,-3687,3681,-3687,3681,-3687,3681,-3688,3681,3686,3682,-3687,3682,-3687,3682,-3687,3680,-3687,3680,3686,3682,-3686,3682,-3685,3682,-3686,3683,-3686,3681,-3686,3682,-3685,3681,-3686,3679,-3682,3677,3680,3671,-3677,3671,-3680,3674,-3680,3675,-3679,3677,-3681,3676,3679,3673,-3683,3674,-3684,3675,-3685,3676,-3684,3679,3685,3674,-3684,3678,-3684,3672,-3684,3673,-3686,3675,-3686,3675,-3685,3672,-3683,3674,-3683,3675,3684,3673,-3682,3672,-3680,3672,-3679,3672,-3676,-0.40,SJNFAAZE1U0005576,117.74,13.04,9182.8935546875,79,75,0,0,0,0,16.5,99.17,-173455,55,1528046924.792,19120,2,0,0,0,0,0,0,0,4,353.41,353.41,1F,1,1,1,0080,76,40,40,0,0,19,35.75
03/06/2018 18:28:48,55 59.40535,-2 30.55496,239,0,305,602154,1144818,352.61,87.280,3682,3662,3673,20,0,96.0,35.6,88.4,31.3,none,none,82.4,28.0,3668,-3677,3668,-3677,3671,3677,3676,-3676,3673,-3679,3673,-3679,3674,-3682,3673,-3681,3673,-3681,3674,-3680,3674,-3682,3674,3681,3675,-3681,3673,-3682,3672,-3680,3675,-3680,3675,3679,3675,-3680,3675,-3680,3674,-3679,3674,-3678,3673,-3679,3671,-3677,3670,-3674,3662,-3670,3662,3672,3665,-3672,3666,-3672,3670,-3675,3668,-3672,3663,-3676,3666,3678,3666,-3677,3666,-3678,3668,-3678,3667,-3677,3670,3677,3663,-3679,3664,-3680,3666,-3679,3665,-3679,3663,-3678,3665,-3677,3667,-3676,3664,-3674,3663,3673,3663,-3673,3663,-3670,-0.41,SJNFAAZE1U0005576,117.74,13.04,9182.8935546875,79,75,0,0,0,0,16.5,99.17,-173455,55,1528046928.514,22760,2,0,0,0,0,0,0,0,4,352.69,352.69,1F,1,1,1,0080,76,40,40,0,0,19,43.00
03/06/2018 18:28:52,55 59.40535,-2 30.55496,239,0,304,601371,1144818,352.51,80.001,3680,3661,3672,19,0,96.0,35.6,88.4,31.3,none,none,82.4,28.0,-3672,3670,-3675,3669,-3676,3672,-3677,3672,-3677,3674,-3677,3674,-3679,3673,-3680,3674,-3679,3674,-3679,3672,-3680,3674,-3680,3676,-3680,3673,-3680,3673,-3678,3675,-3678,3675,-3678,3674,-3679,3676,-3679,3674,-3678,3674,3678,-3674,3678,3674,3674,-3671,3674,-3669,3667,3661,3670,-3665,3671,-3664,3671,-3665,3675,-3666,3674,-3665,3671,-3663,3676,-3665,-3677,-3666,3676,3667,-3677,3667,-3675,3667,-3679,3662,-3676,3664,-3678,3664,-3678,3664,-3676,3665,-3676,3664,-3674,3665,-3676,3668,-3671,3665,-3670,3663,-3671,3663,-3671,3664,-0.43,SJNFAAZE1U0005576,117.74,13.04,9182.8935546875,79,75,0,0,0,0,16.5,99.17,-173455,55,1528046932.260,24040,2,0,0,0,0,0,0,0,4,352.62,352.62,1F,1,1,1,0080,76,40,40,0,0,19,35.75
03/06/2018 18:28:55,55 59.40535,-2 30.55496,239,0,304,600669,1144818,352.70,75.210,3682,3665,3674,17,0,96.0,35.6,88.6,31.4,none,none,82.4,28.0,-3673,3672,-3677,3671,-3678,3674,-3679,3674,-3679,3676,-3678,3677,-3680,3676,-3681,3676,-3680,3676,-3681,3675,-3680,3676,-3682,3677,-3682,3674,-3681,3675,-3678,3676,-3680,3678,-3680,3676,-3679,3677,-3680,3676,-3680,3675,-3679,3675,-3678,3676,-3676,3673,-3675,3671,-3670,3665,-3672,3667,-3672,3668,-3673,3667,-3675,3669,-3676,3667,-3673,3668,-3677,3669,-3678,3669,-3677,3670,-3678,3670,-3675,3670,-3681,3665,-3676,3666,-3679,3669,-3679,3669,-3677,3668,-3675,3669,-3676,3669,-3677,3670,-3672,3668,-3671,3666,-3672,3666,-3672,3665,-0.44,SJNFAAZE1U0005576,117.74,13.04,9182.8935546875,79,75,0,0,0,0,16.5,99.17,-173455,55,1528046935.938,21080,2,0,0,0,0,0,0,0,4,352.75,352.75,1F,1,1,1,0080,77,40,40,0,0,19,32.75
03/06/2018 18:28:59,55 59.40535,-2 30.55496,239,0,303,600060,1144818,352.80,68.526,3683,3666,3675,17,0,96.0,35.6,88.6,31.4,none,none,82.4,28.0,-3674,3675,-3677,3673,-3678,3677,-3680,3677,-3680,3678,-3680,3679,-3681,3678,-3681,3677,-3682,3678,-3681,3676,-3681,3678,-3683,3679,-3683,3676,-3682,3676,-3681,3679,-3680,3679,-3680,3678,-3681,3680,-3680,3679,-3681,3677,-3680,3678,-3680,3678,-3676,3676,-3677,3674,-3671,3666,-3672,3669,-3674,3670,-3675,3668,-3677,3672,-3677,3669,-3675,3669,-3679,3670,-3678,3672,-3678,3671,-3679,3673,-3678,3673,-3681,3668,-3677,3668,-3681,3671,-3681,3669,-3679,3670,-3677,3669,-3678,3671,-3680,3671,-3674,3671,-3674,3668,-3674,3669,-3674,3667,-0.43,SJNFAAZE1U0005576,117.74,13.04,9182.8935546875,79,75,0,0,0,0,16.5,99.17,-173455,55,1528046939.656,18960,2,0,0,0,0,0,0,0,4,352.91,352.91,1F,1,1,1,0080,77,40,40,0,0,19,32.75
03/06/2018 18:29:03,55 59.40535,-2 30.55496,239,0,303,599460,1144818,353.09,61.751,3686,3668,3678,18,0,96.0,35.6,88.6,31.4,none,none,82.4,28.0,-3678,3676,-3682,3676,-3683,3678,-3684,3678,-3683,3679,-3683,3680,-3684,3678,-3685,3680,-3684,3679,-3685,3678,-3685,3679,-3686,3681,-3685,3679,-3685,3679,-3684,3681,-3684,3681,-3684,3679,-3683,3681,-3684,3680,-3683,3679,-3683,3678,-3682,3680,-3681,3677,-3680,3676,-3675,3668,-3677,3671,-3677,3671,-3678,3672,-3682,3673,-3681,3671,-3678,3671,-3682,3672,-3683,3673,-3682,3673,-3684,3673,-3682,3674,-3686,3669,-3682,3670,-3685,3671,-3685,3670,-3683,3671,-3680,3671,-3680,3673,-3682,3674,-3678,3673,-3678,3671,-3678,3670,-3677,3670,-0.40,SJNFAAZE1U0005576,117.74,13.04,9182.8935546875,79,75,0,0,0,0,16.5,99.17,-173455,55,1528046943.418,18280,2,0,0,0,0,0,0,0,4,353.07,353.07,1F,1,1,1,0080,77,40,40,0,0,19,27.75
03/06/2018 18:29:07,55 59.40535,-2 30.55496,239,0,303,598913,1144818,353.18,58.150,3687,3669,3679,18,0,96.0,35.6,88.6,31.4,none,none,82.4,28.0,-3680,3677,-3683,3676,-3682,3679,-3684,3679,-3683,3679,-3684,3681,-3685,3680,-3685,3681,-3684,3680,-3685,3680,-3684,3681,-3686,3681,-3686,3679,-3687,3679,-3685,3681,-3684,3683,-3684,3681,-3683,3682,-3685,3681,-3684,3680,-3685,3679,-3684,3682,-3680,3677,-3680,3676,-3675,3669,-3678,3673,-3678,3673,-3679,3672,-3684,3674,-3681,3671,-3680,3671,-3684,3672,-3684,3673,-3683,3675,-3684,3674,-3683,3674,-3686,3671,-3683,3671,-3685,3671,-3686,3671,-3684,3672,-3682,3671,-3682,3673,-3684,3674,-3679,3672,-3679,3672,-3679,3671,-3678,3671,-0.45,SJNFAAZE1U0005576,117.74,13.04,9182.8935546875,79,75,0,0,0,0,16.5,99.17,-173455,55,1528046947.081,16800,2,0,0,0,0,0,0,0,4,353.16,353.16,1F,1,1,1,0080,77,40,40,0,0,19,26.00
03/06/2018 18:29:10,55 59.40535,-2 30.55496,239,0,303,598448,1144818,353.47,51.223,3690,3673,3682,17,0,96.2,35.7,88.8,31.6,none,none,82.6,28.1,3679,3687,3679,-3685,3680,3685,3684,-3685,3682,-3687,3682,-3688,3682,3689,3682,-3690,3682,-3688,3683,-3688,3683,-3688,3684,-3689,3683,-3689,3682,-3689,3682,-3688,3683,3688,3683,-3686,3684,-3688,3684,-3688,3682,-3687,3683,3686,3682,-3688,3680,-3685,3680,-3682,3674,-3680,3674,-3683,3676,-3682,3678,-3682,3679,-3684,3678,3682,3674,-3685,3676,-3685,3677,-3686,3677,-3685,3679,3686,3676,-3686,3679,-3686,3674,-3686,3675,-3687,3677,-3687,3675,-3687,3673,-3685,3676,-3684,3678,3684,3675,-3684,3674,-3682,3675,-3682,3674,-3679,-0.45,SJNFAAZE1U0005576,117.74,13.04,9182.8935546875,79,75,0,0,0,0,16.5,99.17,-173455,55,1528046950.916,14280,2,0,0,0,0,0,0,0,4,353.40,353.40,1F,1,1,1,0080,77,40,40,0,0,19,21.00
03/06/2018 18:29:14,55 59.40535,-2 30.55496,239,0,302,598032,1144818,353.95,39.901,3695,3677,3687,18,0,96.0,35.6,88.6,31.4,none,none,82.4,28.0,3684,-3692,3683,-3691,3685,3691,3689,-3690,3686,-3692,3686,-3693,3687,-3694,3687,-3695,3686,3694,3687,-3693,3686,-3694,3688,-3694,3687,-3694,3686,-3694,3686,-3693,3689,-3693,3688,-3692,3688,3692,3687,-3693,3687,-3692,3687,-3692,3687,-3692,3685,3690,3684,-3688,3679,-3687,3680,-3687,3681,-3688,3683,-3687,3683,-3690,3683,-3689,3679,-3691,3681,3692,3682,-3693,3681,-3692,3684,-3692,3682,-3690,3683,3692,3678,-3692,3678,-3694,3680,-3693,3680,-3693,3677,-3691,3680,-3691,3681,-3691,3681,-3690,3680,3689,3679,-3689,3678,-3685,-0.40,SJNFAAZE1U0005576,117.74,13.04,9182.8935546875,79,75,0,0,0,0,16.5,99.17,-173455,55,1528046954.680,12160,2,0,0,0,0,0,0,0,4,353.86,353.86,1F,1,1,1,0080,77,40,40,0,0,19,19.00
03/06/2018 18:29:18,55 59.40535,-2 30.55496,239,0,302,597667,1144818,353.95,39.596,3695,3677,3687,18,0,96.0,35.6,88.6,31.4,none,none,82.4,28.0,3682,-3692,3683,-3691,3685,3691,3689,-3690,3687,-3692,3686,-3694,3687,-3695,3687,-3694,3687,-3694,3686,-3693,3688,3694,3688,-3693,3688,-3695,3685,-3695,3686,-3693,3688,-3693,3687,-3692,3688,-3692,3688,-3693,3687,3693,3687,-3692,3687,-3693,3685,-3690,3684,-3687,3679,3686,3679,-3689,3680,-3687,3682,-3686,3683,-3689,3683,-3688,3678,-3691,3681,-3692,3682,-3691,3681,3692,3684,-3692,3681,-3691,3682,-3693,3679,-3692,3678,3694,3679,-3693,3679,-3693,3677,-3690,3681,-3691,3681,-3691,3680,-3690,3680,-3689,3679,-3687,3678,3686,-0.43,SJNFAAZE1U0005576,117.74,13.04,9182.8935546875,79,75,0,0,0,0,16.5,99.17,-173455,55,1528046958.460,11320,2,0,0,0,0,0,0,0,4,353.92,353.92,1F,1,1,1,0080,77,40,40,0,0,19,18.00
03/06/2018 18:29:22,55 59.40535,-2 30.55496,239,0,302,597309,1144818,353.86,39.351,3694,3676,3686,18,0,96.2,35.7,88.6,31.4,none,none,82.6,28.1,3682,-3692,3682,3691,3685,3690,3689,-3690,3686,-3692,3686,-3693,3686,-3694,3687,3694,3685,-3693,3686,-3693,3687,-3694,3687,-3694,3687,3694,3685,-3693,3686,-3693,3688,-3693,3688,-3691,3688,-3691,3688,-3692,3687,-3692,3687,-3691,3688,3691,3684,-3689,3684,-3687,3679,-3687,3678,-3688,3680,3686,3681,-3686,3683,-3690,3682,-3687,3679,-3690,3681,-3691,3680,-3692,3680,-3692,3682,-3692,3680,3691,3683,-3691,3676,-3692,3678,-3693,3679,-3693,3678,3693,3676,-3691,3679,-3690,3680,-3690,3680,-3689,3678,-3688,3678,-3688,3678,-3685,-0.43,SJNFAAZE1U0005576,117.74,13.04,9182.8935546875,79,75,0,0,0,0,16.5,99.17,-173455,55,1528046962.302,11320,2,0,0,0,0,0,0,0,4,353.90,353.90,1F,1,1,1,0080,77,40,40,0,0,19,16.75
03/06/2018 18:29:26,55 59.40535,-2 30.55496,239,0,302,596990,1144818,354.24,33.645,3697,3683,3690,14,0,96.2,35.7,88.8,31.6,none,none,82.6,28.1,3692,3689,-3693,3689,3693,3690,3695,-3690,3695,-3692,3695,-3692,3696,-3692,3697,-3692,-3696,-3692,3695,3691,-3696,3692,-3697,3693,-3697,3691,-3696,3691,-3695,3691,-3695,3693,-3695,3691,-3695,3694,-3696,3692,-3694,3692,-3695,3692,-3695,3691,-3692,3690,-3692,3688,-3689,3683,-3690,3687,-3691,3686,-3692,3686,-3693,3686,-3693,3685,-3692,3683,-3695,3685,-3695,3686,-3694,3685,-3696,3686,-3694,3687,-3695,3683,-3694,3683,-3695,3684,-3696,3684,-3695,3684,-3692,3685,-3693,3685,-3695,3685,-3691,3686,-3691,3683,-3692,3684,-3690,3684,-0.39,SJNFAAZE1U0005576,117.74,13.04,9184.5029296875,79,75,0,0,0,0,16.5,99.17,-173455,55,1528046966.119,9320,2,0,0,0,0,0,0,0,4,354.22,354.22,1F,1,1,1,0080,77,40,40,0,0,19,13.75
03/06/2018 18:29:29,55 59.40535,-2 30.55496,239,0,302,596738,1144818,354.62,21.957,3702,3686,3694,16,0,96.0,35.6,88.6,31.4,none,none,82.6,28.1,-3696,3692,-3697,3691,-3698,3692,-3699,3693,-3698,3694,-3699,3695,-3701,3694,-3701,3695,-3700,3694,-3701,3693,-3700,3695,-3701,3695,-3701,3693,-3701,3693,-3700,3695,-3700,3696,-3699,3695,-3699,3696,-3701,3695,-3699,3695,-3700,3693,-3699,3696,-3697,3692,-3697,3692,-3694,3687,-3695,3689,-3697,3689,-3697,3689,-3699,3688,-3699,3688,-3696,3688,-3700,3687,-3701,3689,-3700,3690,-3701,3690,-3700,3690,-3701,3686,-3700,3686,-3700,3687,-3702,3687,-3700,3687,-3698,3688,-3699,3689,-3700,3690,-3697,3691,-3696,3687,-3696,3687,-3695,3688,-0.42,SJNFAAZE1U0005576,117.74,13.04,9184.5029296875,79,75,0,0,0,0,16.5,99.17,-173455,55,1528046969.995,7040,2,0,0,0,0,0,0,0,4,354.66,354.66,1F,1,1,1,0080,77,40,40,0,0,19,7.75
03/06/2018 18:29:33,55 59.40535,-2 30.55496,239,0,302,596565,1144818,354.91,15.243,3706,3688,3697,18,0,96.0,35.6,88.8,31.6,none,none,82.6,28.1,-3699,3694,-3700,3693,-3701,3696,-3702,3695,-3701,3696,-3701,3698,-3703,3696,-3703,3697,-3702,3696,-3702,3696,-3703,3697,-3704,3699,-3704,3696,-3703,3695,-3702,3697,-3701,3697,-3701,3697,-3702,3698,-3701,3697,-3701,3696,-3702,3697,-3701,3698,-3699,3694,-3699,3694,-3696,3690,-3699,3691,-3699,3693,-3698,3690,-3700,3693,-3702,3691,-3698,3690,-3702,3691,-3702,3692,-3701,3692,-3704,3693,-3701,3692,-3702,3688,-3701,3688,-3703,3690,-3706,3690,-3703,3689,-3701,3690,-3701,3691,-3701,3691,-3700,3692,-3698,3690,-3700,3690,-3698,3689,-0.43,SJNFAAZE1U0005576,117.74,13.04,9184.5029296875,79,75,0,0,0,0,16.0,99.17,-173455,55,1528046973.491,5160,2,0,0,0,0,0,0,0,4,355.01,355.01,1F,1,1,1,0080,77,40,40,0,0,19,4.75
03/06/2018 18:29:37,55 59.40535,-2 30.55496,239,0,302,596435,1144818,355.10,13.961,3707,3691,3699,16,0,96.0,35.6,88.8,31.6,none,none,82.6,28.1,-3701,3697,-3702,3696,-3705,3698,-3704,3698,-3705,3700,-3704,3700,-3706,3699,-3706,3699,-3705,3699,-3705,3698,-3706,3699,-3707,3700,-3706,3698,-3707,3698,-3705,3699,-3705,3700,-3704,3699,-3704,3700,-3705,3700,-3705,3698,-3705,3699,-3705,3700,-3704,3698,-3701,3696,-3699,3693,-3701,3694,-3701,3695,-3701,3693,-3703,3694,-3705,3693,-3702,3693,-3704,3692,-3706,3694,-3706,3693,-3705,3695,-3704,3695,-3706,3691,-3707,3691,-3706,3693,-3707,3692,-3705,3692,-3705,3692,-3703,3693,-3704,3694,-3701,3695,-3700,3692,-3702,3692,-3700,3692,-0.43,SJNFAAZE1U0005576,117.74,13.04,9184.5029296875,79,75,0,0,0,0,16.0,99.17,-173455,55,1528046977.070,4960,2,0,0,0,0,0,0,0,4,355.24,355.24,1F,1,1,1,0080,77,40,40,0,0,19,6.25
03/06/2018 18:29:40,55 59.40535,-2 30.55496,239,0,302,596308,1144818,355.20,18.447,3706,3692,3700,14,0,96.2,35.7,88.6,31.4,none,none,82.4,28.0,-3701,3698,-3702,3697,-3704,3698,-3703,3699,-3703,3700,-3703,3701,-3704,3700,-3705,3700,-3704,3699,-3704,3698,-3706,3700,-3705,3701,-3706,3700,-3705,3699,-3705,3700,-3704,3701,-3704,3700,-3703,3702,-3704,3700,-3704,3700,-3704,3700,-3704,3699,-3701,3698,-3701,3696,-3699,3694,-3701,3695,-3701,3695,-3701,3696,-3703,3696,-3703,3693,-3701,3693,-3705,3695,-3704,3695,-3704,3695,-3704,3695,-3703,3696,-3705,3693,-3704,3692,-3705,3692,-3706,3693,-3705,3694,-3703,3694,-3703,3694,-3704,3696,-3701,3695,-3701,3693,-3702,3693,-3699,3693,-0.43,SJNFAAZE1U0005576,117.74,13.04,9184.5029296875,79,75,0,0,0,0,16.0,99.17,-173455,55,1528046980.969,4320,2,0,0,0,0,0,0,0,4,355.15,355.15,1F,1,1,1,0080,77,40,40,0,0,19,7.00
03/06/2018 18:29:44,55 59.40535,-2 30.55496,239,0,302,596158,1144818,355.30,15.640,3709,3691,3701,18,0,96.0,35.6,88.8,31.6,none,none,82.6,28.1,3699,-3706,3697,-3704,3699,3704,3702,-3703,3700,-3706,3701,3707,3700,-3709,3701,-3708,3700,-3707,3700,-3706,3700,3708,3701,-3707,3700,-3708,3699,-3708,3699,-3706,3702,-3706,3701,-3705,3700,-3706,3701,-3706,3701,3707,3701,-3705,3702,-3707,3699,-3704,3699,-3701,3695,3703,3695,-3704,3696,-3701,3698,-3703,3698,-3704,3698,-3703,3694,-3706,3695,-3706,3695,-3707,3695,3706,3697,-3706,3696,-3704,3696,-3707,3692,-3708,3692,-3708,3694,3707,3694,-3708,3691,-3705,3696,-3704,3695,-3706,3696,3704,3694,-3702,3694,-3703,3693,-3701,-0.41,SJNFAAZE1U0005576,117.74,13.04,9184.5029296875,79,75,0,0,0,0,16.0,99.17,-173455,55,1528046984.632,4960,2,0,0,0,0,0,0,0,4,355.27,355.27,1F,1,1,1,0080,77,40,40,0,0,19,4.75
03/06/2018 18:29:48,55 59.40535,-2 30.55496,239,0,301,596054,1144818,355.39,18.905,3709,3694,3702,15,0,96.2,35.7,88.8,31.6,none,none,82.6,28.1,3700,-3706,3699,-3705,3700,3705,3703,-3705,3701,-3707,3701,-3707,3701,-3709,3701,3709,3701,-3708,3702,-3707,3702,-3708,3702,-3708,3702,3708,3701,-3708,3700,-3706,3704,-3706,3703,-3707,3704,-3707,3703,-3707,3701,-3706,3702,-3706,3703,3707,3701,-3705,3700,-3703,3698,-3703,3697,-3704,3698,-3703,3699,3703,3701,-3705,3699,-3704,3696,-3705,3697,-3706,3698,3707,3697,-3706,3699,-3706,3698,-3705,3698,-3707,3695,-3707,3696,-3707,3698,-3707,3697,-3708,3694,3706,3697,-3705,3697,-3705,3697,-3704,3695,-3704,3696,3703,3695,-3702,-0.46,SJNFAAZE1U0005576,117.74,13.04,9184.5029296875,79,75,0,0,0,0,16.0,99.17,-173455,55,1528046988.187,3600,2,0,0,0,0,0,0,0,4,355.26,355.26,1F,1,1,1,0080,77,40,40,0,0,19,4.25
03/06/2018 18:29:51,55 59.40535,-2 30.55496,239,0,301,595973,1144818,355.78,5.141,3712,3699,3706,13,0,96.0,35.6,88.6,31.4,none,none,82.6,28.1,3705,3711,3703,-3709,3705,3709,3708,-3707,3706,-3710,3705,-3711,3706,-3712,3705,-3712,3705,-3711,3705,3710,3706,-3712,3707,-3711,3707,-3711,3705,-3712,3706,3710,3707,-3711,3707,-3710,3706,-3710,3707,-3710,3706,-3709,3707,3710,3706,-3712,3705,-3709,3704,-3707,3702,-3707,3702,-3709,3703,-3708,3704,-3706,3704,-3709,3704,3708,3700,-3708,3701,-3711,3702,-3712,3702,-3711,3704,3710,3701,-3709,3701,-3711,3700,-3711,3700,-3712,3701,-3711,3700,-3712,3699,-3710,3702,-3709,3702,3709,3703,-3709,3700,-3708,3701,-3708,3700,-3705,-0.46,SJNFAAZE1U0005576,117.74,13.04,9184.5029296875,79,75,0,0,0,0,16.0,99.17,-173455,55,1528046991.856,2480,2,0,0,0,0,0,0,0,4,355.84,355.84,1F,1,1,1,0080,77,40,40,0,0,19,0.50
03/06/2018 18:29:55,55 59.40535,-2 30.55496,239,0,301,595904,1144818,355.58,10.421,3711,3696,3704,15,0,96.2,35.7,88.8,31.6,none,none,82.6,28.1,3701,-3710,3700,-3708,3702,3707,3706,-3707,3704,-3710,3704,-3709,3705,-3710,3704,-3710,3703,-3709,3704,-3709,3705,-3710,3705,3710,3705,-3711,3703,-3710,3704,-3709,3705,-3709,3704,-3709,3706,3709,3706,-3710,3704,-3708,3705,-3708,3705,-3709,3703,3707,3703,-3705,3698,-3705,3699,-3707,3701,-3705,3700,-3705,3702,-3706,3702,-3706,3699,-3707,3698,3709,3700,-3709,3700,-3709,3701,-3708,3699,-3707,3700,3709,3697,-3709,3698,-3710,3698,-3709,3698,-3710,3696,-3709,3698,-3707,3700,-3707,3699,-3707,3698,3705,3698,-3705,3697,-3704,-0.42,SJNFAAZE1U0005576,117.74,13.04,9184.5029296875,79,75,0,0,0,0,16.0,99.17,-173455,55,1528046995.517,3720,2,0,0,0,0,0,0,0,4,355.74,355.74,1F,1,1,1,0080,77,40,40,0,0,19,5.50
03/06/2018 18:29:59,55 59.40535,-2 30.55496,239,0,301,595756,1144818,355.58,15.059,3712,3696,3704,16,0,96.0,35.6,88.8,31.6,none,none,82.6,28.1,-3706,3702,-3707,3701,-3707,3703,-3708,3702,-3708,3704,-3708,3705,-3709,3704,-3710,3705,-3709,3703,-3709,3703,-3710,3704,-3710,3706,3711,-3703,3710,3702,3708,-3704,3708,-3705,3708,-3704,3708,-3705,3709,-3705,3709,3704,3709,-3703,3709,-3705,3707,-3702,3706,-3701,3704,3697,3707,-3699,3706,-3699,3706,-3699,3708,-3701,3708,-3698,3708,-3697,3710,-3698,-3710,-3699,3709,3699,-3711,3699,-3708,3699,-3710,3696,-3710,3696,-3710,3696,-3712,3697,-3710,3697,-3708,3697,-3708,3698,-3709,3700,-3707,3700,-3706,3697,-3708,3698,-3705,3696,-0.43,SJNFAAZE1U0005576,117.74,13.04,9184.5029296875,79,75,0,0,0,0,16.0,99.17,-173455,55,1528046999.251,4880,2,0,0,0,0,0,0,0,4,355.56,355.56,1F,1,1,1,0080,77,40,40,0,0,19,8.75
03/06/2018 18:30:02,55 59.40535,-2 30.55496,239,0,301,595582,1144818,355.39,21.499,3709,3693,3702,16,0,96.0,35.6,88.8,31.6,none,none,82.6,28.1,-3704,3700,-3705,3699,-3706,3699,-3706,3700,-3706,3702,-3707,3701,-3708,3702,-3708,3701,-3707,3701,-3708,3701,-3707,3701,-3708,3703,-3708,3701,-3708,3700,-3706,3702,-3706,3703,-3706,3702,-3705,3703,-3707,3702,-3707,3701,-3707,3701,-3706,3702,-3704,3700,-3705,3698,-3700,3696,-3702,3696,-3704,3697,-3703,3697,-3706,3696,-3706,3696,-3703,3694,-3706,3695,-3707,3697,-3707,3697,-3707,3698,-3706,3697,-3708,3693,-3708,3694,-3708,3694,-3709,3693,-3707,3694,-3706,3695,-3705,3696,-3707,3697,-3704,3697,-3703,3694,-3703,3696,-3703,3695,-0.46,SJNFAAZE1U0005576,117.74,13.04,9184.5029296875,79,75,0,0,0,0,16.0,99.17,-173455,55,1528047002.970,5680,2,0,0,0,0,0,0,0,4,355.35,355.35,1F,1,1,1,0080,77,40,40,0,0,19,7.75
03/06/2018 18:30:06,55 59.40535,-2 30.55496,239,0,301,595407,1144818,355.39,18.630,3709,3694,3702,15,0,96.0,35.6,88.6,31.4,none,none,82.4,28.0,-3704,3700,-3705,3699,-3705,3699,-3706,3700,-3707,3701,-3706,3702,-3708,3701,-3708,3700,-3708,3703,-3706,3700,-3707,3702,-3708,3703,-3708,3700,-3709,3700,-3706,3703,-3707,3704,-3707,3702,-3706,3704,-3707,3701,-3707,3700,-3706,3702,-3707,3702,-3705,3700,-3705,3700,-3702,3695,-3703,3697,-3705,3698,-3705,3698,-3705,3698,-3707,3697,-3705,3695,-3707,3696,-3707,3697,-3707,3695,-3707,3697,-3706,3697,-3706,3694,-3708,3694,-3708,3695,-3709,3695,-3709,3694,-3707,3696,-3706,3696,-3707,3697,-3706,3698,-3703,3696,-3705,3695,-3703,3695,-0.45,SJNFAAZE1U0005576,117.74,13.04,9184.5029296875,79,75,0,0,0,0,16.0,99.17,-173455,55,1528047006.776,5640,2,0,0,0,0,0,0,0,4,355.42,355.42,1F,1,1,1,0080,77,40,40,0,0,19,8.25
03/06/2018 18:30:10,55 59.40535,-2 30.55496,239,0,301,595219,1144818,355.20,19.942,3707,3693,3700,14,0,96.0,35.6,88.6,31.4,none,none,82.6,28.1,-3702,3698,-3704,3697,-3704,3699,-3704,3699,-3704,3700,-3704,3701,-3706,3701,-3706,3700,-3705,3701,-3706,3699,-3706,3700,-3707,3702,-3707,3700,-3706,3698,-3704,3701,-3705,3702,-3705,3701,-3704,3702,-3705,3700,-3704,3700,-3704,3700,-3705,3700,-3702,3699,-3702,3698,-3700,3694,-3701,3695,-3703,3696,-3703,3695,-3704,3696,-3704,3695,-3704,3693,-3706,3694,-3705,3696,-3705,3696,-3706,3695,-3704,3695,-3707,3693,-3705,3693,-3707,3693,-3707,3693,-3706,3693,-3704,3694,-3704,3694,-3705,3695,-3703,3696,-3701,3693,-3702,3693,-3701,3693,-0.44,SJNFAAZE1U0005576,117.74,13.04,9184.5029296875,79,75,0,0,0,0,16.0,99.17,-173455,55,1528047010.591,6080,2,0,0,0,0,0,0,0,4,355.40,355.40,1F,1,1,1,0080,77,40,40,0,0,19,8.00
03/06/2018 18:30:14,55 59.40535,-2 30.55496,239,0,301,595039,1144818,355.58,13.564,3712,3696,3704,16,0,96.0,35.6,88.6,31.4,none,none,82.4,28.0,-3706,3702,-3707,3700,-3708,3703,-3708,3702,-3707,3704,-3708,3704,-3710,3703,-3710,3704,-3710,3705,-3709,3702,-3710,3704,-3710,3705,-3710,3702,-3709,3703,-3708,3705,-3708,3704,-3708,3704,-3708,3706,-3710,3704,-3708,3704,-3710,3705,-3709,3706,-3707,3703,-3707,3701,-3704,3698,-3706,3700,-3706,3700,-3707,3701,-3708,3700,-3709,3699,-3707,3696,-3710,3699,-3710,3700,-3710,3699,-3711,3700,-3709,3700,-3709,3697,-3711,3696,-3710,3697,-3712,3698,-3711,3698,-3709,3698,-3708,3698,-3709,3699,-3707,3700,-3706,3699,-3708,3698,-3706,3698,-0.44,SJNFAAZE1U0005576,117.74,13.04,9184.5029296875,79,75,0,0,0,0,16.0,99.17,-173455,55,1528047014.402,5760,2,0,0,0,0,0,0,0,4,355.60,355.60,1F,1,1,1,0080,77,40,40,0,0,19,5.50
03/06/2018 18:30:18,55 59.40535,-2 30.55496,239,0,301,594897,1144818,355.49,17.226,3711,3693,3703,18,0,96.0,35.6,88.6,31.4,none,none,82.4,28.0,3700,3709,3700,-3706,3701,3706,3704,-3706,3702,-3708,3701,-3708,3703,3710,3701,-3710,3702,-3709,3702,-3708,3702,-3709,3703,-3708,3703,-3710,3701,-3710,3701,-3707,3703,3709,3704,-3708,3704,-3708,3703,-3708,3702,-3708,3703,3707,3702,-3708,3701,-3706,3701,-3704,3698,-3705,3698,-3706,3698,-3705,3700,-3706,3701,-3706,3699,3705,3697,-3708,3698,-3709,3697,-3709,3698,-3709,3701,3709,3698,-3708,3699,-3709,3695,-3709,3695,-3711,3697,-3710,3696,-3709,3693,-3708,3697,-3708,3699,3708,3699,-3708,3696,-3706,3697,-3706,3695,-3702,-0.48,SJNFAAZE1U0005576,117.74,13.04,9184.5029296875,79,75,0,0,0,0,16.0,99.17,-173455,54,1528047018.097,4880,2,0,0,0,0,0,0,0,4,355.53,355.53,1F,1,1,1,0080,77,40,40,0,0,19,6.75
03/06/2018 18:30:21,55 59.40535,-2 30.55496,239,0,301,594749,1144818,355.49,16.768,3709,3694,3703,15,0,96.0,35.6,88.6,31.4,none,none,82.4,28.0,3701,-3707,3699,-3706,3702,3706,3704,3705,3702,-3706,3701,-3708,3702,-3709,3703,-3709,3702,3708,3701,-3707,3703,-3707,3703,-3708,3704,-3709,3702,-3708,3701,-3708,3703,-3707,3704,-3706,3704,3707,3704,-3708,3702,-3708,3703,-3706,3703,-3707,3701,3705,3701,-3703,3697,-3703,3698,-3705,3698,-3705,3700,-3702,3700,-3705,3700,-3704,3698,-3706,3698,3708,3698,-3708,3698,-3706,3701,-3707,3699,-3706,3698,3707,3696,-3708,3696,-3708,3697,-3708,3697,-3708,3694,-3706,3698,-3707,3699,-3706,3699,-3706,3698,3704,3698,-3704,3696,-3701,-0.45,SJNFAAZE1U0005576,117.74,13.04,9184.5029296875,79,75,0,0,0,0,16.0,99.17,-173455,54,1528047021.819,3920,2,0,0,0,0,0,0,0,4,355.55,355.55,1F,1,1,1,0080,77,40,40,0,0,19,6.25
03/06/2018 18:30:25,55 59.40535,-2 30.55496,239,0,301,594604,1144818,355.58,18.844,3711,3694,3704,17,0,96.0,35.6,88.6,31.4,none,none,82.4,28.0,3702,-3708,3699,-3708,3702,3706,3706,-3706,3702,-3709,3702,3709,3704,-3711,3702,-3710,3702,-3710,3703,-3708,3703,3709,3704,-3709,3703,-3711,3702,-3710,3702,-3708,3704,-3709,3703,-3708,3703,-3708,3705,-3709,3702,3709,3703,-3707,3704,-3709,3701,-3707,3702,-3703,3698,3705,3699,-3707,3699,-3705,3699,-3705,3701,-3707,3699,-3706,3697,-3708,3697,-3708,3698,-3709,3698,3710,3701,-3708,3699,-3708,3700,-3710,3696,-3710,3696,3711,3697,-3710,3696,-3710,3694,-3709,3699,-3707,3699,-3710,3699,3707,3697,-3706,3697,-3707,3696,-3703,-0.46,SJNFAAZE1U0005576,117.74,13.04,9184.5029296875,79,75,0,0,0,0,16.0,99.17,-173455,54,1528047025.486,5280,2,0,0,0,0,0,0,0,4,355.54,355.54,1F,1,1,1,0080,77,40,40,0,0,19,7.00
03/06/2018 18:30:29,55 59.40535,-2 30.55496,239,0,301,594439,1144818,355.49,21.468,3709,3694,3703,15,0,96.0,35.6,88.6,31.4,none,none,82.4,28.0,3700,-3706,3700,-3706,3701,3706,3704,-3705,3702,-3706,3702,-3707,3703,-3709,3702,3708,3702,-3708,3702,-3706,3703,-3708,3704,-3708,3703,3709,3702,-3708,3701,-3707,3703,-3707,3703,-3707,3704,-3707,3704,-3707,3703,-3707,3702,-3706,3703,3707,3700,-3705,3701,-3703,3698,-3703,3697,-3706,3699,3705,3700,-3703,3700,-3706,3700,-3705,3697,-3707,3699,-3707,3699,-3708,3698,-3707,3699,-3707,3699,3705,3699,-3707,3695,-3707,3696,-3709,3699,-3709,3696,-3708,3694,3707,3697,-3706,3698,-3707,3699,-3706,3697,-3704,3697,3704,3696,-3702,-0.47,SJNFAAZE1U0005576,117.74,13.04,9184.5029296875,79,75,0,0,0,0,16.0,99.17,-173455,54,1528047029.265,5320,2,1,0,3,0,0,0,0,4,355.42,355.42,1F,1,1,1,0080,77,40,40,0,0,19,5.25
03/06/2018 18:30:32,55 59.40535,-2 30.55496,239,0,301,594299,1144818,355.58,25.741,3711,3695,3704,16,0,95.8,35.4,88.6,31.4,none,none,82.4,28.0,3705,3701,3706,-3700,3708,3703,3707,-3702,3708,-3702,3708,-3704,3709,-3703,3710,-3703,-3709,-3703,3708,3702,-3710,3703,-3709,3705,-3710,3702,-3709,3702,-3708,3704,-3708,3704,-3709,3703,-3708,3706,-3708,3704,-3708,3703,-3709,3703,-3707,3704,-3707,3703,-3706,3701,-3704,3697,-3706,3699,-3705,3700,-3706,3699,-3708,3700,-3709,3698,-3707,3696,-3710,3697,-3710,3700,-3710,3699,-3710,3699,-3709,3699,3709,-3695,-3710,3695,3709,-3696,3711,-3696,3710,-3696,3708,-3696,3708,-3697,3709,3699,3707,-3700,3705,-3697,3706,-3697,3706,-3697,-0.48,SJNFAAZE1U0005576,117.74,13.04,9186.1123046875,79,75,0,0,0,0,16.0,99.17,-173455,54,1528047032.990,4320,2,0,0,0,0,0,0,0,4,355.37,355.37,1F,1,1,1,0080,77,40,40,0,0,19,7.75
03/06/2018 18:30:36,55 59.40535,-2 30.55496,239,0,300,594122,1144818,355.39,14.205,3709,3695,3702,14,0,96.0,35.6,88.6,31.4,none,none,82.4,28.0,-3705,3701,-3705,3700,-3707,3700,-3706,3701,-3705,3702,-3706,3703,-3707,3703,-3708,3703,-3708,3701,-3708,3701,-3708,3703,-3708,3704,-3709,3702,-3709,3702,-3708,3702,-3707,3704,-3707,3702,-3706,3703,-3707,3703,-3707,3702,-3707,3702,-3708,3703,-3705,3701,-3704,3699,-3703,3696,-3704,3698,-3703,3698,-3705,3697,-3706,3698,-3706,3697,-3704,3697,-3707,3697,-3706,3698,-3707,3698,-3708,3699,-3706,3698,-3709,3695,-3708,3696,-3709,3696,-3709,3697,-3708,3697,-3706,3696,-3707,3698,-3707,3698,-3704,3698,-3703,3696,-3705,3697,-3703,3696,-0.45,SJNFAAZE1U0005576,117.74,13.04,9186.1123046875,79,75,0,0,0,0,16.0,99.17,-173455,54,1528047036.856,6040,2,0,0,0,0,0,0,0,4,355.67,355.67,1F,1,1,1,0080,77,40,40,0,0,19,5.75
03/06/2018 18:30:40,55 59.40535,-2 30.55496,239,0,300,593955,1144818,355.39,16.982,3710,3693,3702,17,0,96.0,35.6,88.6,31.4,none,none,82.4,28.0,-3705,3699,-3705,3698,-3706,3701,-3706,3700,-3707,3702,-3706,3702,-3708,3702,-3709,3701,-3708,3701,-3708,3700,-3708,3701,-3709,3703,-3708,3700,-3708,3700,-3707,3703,-3706,3703,-3706,3701,-3707,3703,-3708,3702,-3707,3701,-3707,3701,-3707,3702,-3705,3700,-3704,3699,-3702,3695,-3703,3696,-3704,3699,-3704,3697,-3706,3698,-3707,3696,-3704,3694,-3708,3696,-3708,3697,-3707,3697,-3709,3699,-3708,3697,-3708,3693,-3709,3693,-3708,3695,-3710,3694,-3709,3695,-3707,3695,-3706,3697,-3707,3698,-3705,3697,-3703,3696,-3705,3695,-3704,3695,-0.44,SJNFAAZE1U0005576,117.74,13.04,9186.1123046875,79,75,0,0,0,0,16.0,99.17,-173455,54,1528047040.685,5520,2,0,0,0,0,0,0,0,4,355.59,355.59,1F,1,1,1,0080,77,40,40,0,0,19,9.75
03/06/2018 18:30:44,55 59.40535,-2 30.55496,239,0,300,593755,1144818,355.20,25.375,3707,3692,3700,15,0,95.8,35.4,88.6,31.4,none,none,82.4,28.0,-3702,3698,-3704,3696,-3704,3698,-3704,3698,-3705,3699,-3704,3700,-3706,3699,-3707,3700,-3706,3700,-3706,3698,-3706,3700,-3707,3701,-3707,3698,-3707,3699,-3705,3701,-3704,3701,-3705,3700,-3704,3701,-3706,3700,-3705,3699,-3704,3698,-3705,3700,-3703,3697,-3702,3696,-3699,3692,-3702,3695,-3702,3696,-3703,3695,-3704,3696,-3705,3694,-3702,3692,-3706,3693,-3705,3695,-3704,3696,-3705,3696,-3704,3696,-3705,3692,-3704,3692,-3706,3693,-3707,3693,-3706,3692,-3704,3694,-3705,3695,-3704,3696,-3702,3696,-3700,3695,-3701,3693,-3701,3692,-0.43,SJNFAAZE1U0005576,117.74,13.04,9186.1123046875,79,75,0,0,0,0,16.0,99.17,-173455,54,1528047044.585,6440,2,0,0,0,0,0,0,0,4,355.31,355.31,1F,1,1,1,0080,77,40,40,0,0,19,12.50
03/06/2018 18:30:48,55 59.40535,-2 30.55496,239,0,300,593457,1144818,354.62,38.894,3700,3686,3694,14,0,96.0,35.6,88.6,31.4,none,none,82.4,28.0,-3694,3692,-3695,3692,-3697,3694,-3697,3693,-3698,3696,-3697,3696,-3699,3696,-3699,3695,-3699,3696,-3699,3694,-3699,3695,-3699,3697,-3700,3694,-3699,3694,-3698,3696,-3698,3695,-3698,3695,-3698,3697,-3698,3696,-3698,3694,-3698,3694,-3698,3695,-3696,3694,-3696,3692,-3692,3686,-3694,3690,-3695,3690,-3695,3690,-3697,3690,-3697,3688,-3695,3687,-3698,3688,-3698,3691,-3697,3688,-3698,3690,-3697,3691,-3698,3687,-3698,3688,-3699,3688,-3698,3688,-3698,3689,-3696,3688,-3696,3689,-3697,3690,-3694,3690,-3693,3688,-3694,3688,-3694,3688,-0.43,SJNFAAZE1U0005576,117.74,13.04,9186.1123046875,79,75,0,0,0,0,16.0,99.17,-173455,54,1528047048.210,10320,2,0,0,0,0,0,0,0,4,354.68,354.68,1F,1,1,1,0080,77,40,40,0,0,19,18.50
03/06/2018 18:30:51,55 59.40535,-2 30.55496,239,0,300,593079,1144818,354.14,48.934,3697,3680,3689,17,0,95.8,35.4,88.6,31.4,none,none,82.4,28.0,3685,-3693,3685,-3692,3688,3692,3692,-3693,3689,-3695,3689,3695,3688,-3697,3689,-3696,3688,-3696,3688,-3695,3689,3696,3689,-3696,3689,-3696,3688,-3696,3688,-3695,3690,-3695,3690,-3695,3691,-3695,3691,-3695,3688,3695,3689,-3694,3690,-3695,3688,-3693,3686,-3689,3682,3688,3682,-3692,3683,-3691,3685,-3689,3686,-3692,3684,-3690,3680,3694,3682,-3694,3683,-3694,3683,-3693,3685,-3694,3683,-3693,3686,-3695,3680,-3695,3680,-3696,3682,3695,3681,-3696,3680,-3693,3683,-3694,3683,-3694,3682,3691,3681,-3690,3681,-3692,3681,-3688,-0.45,SJNFAAZE1U0005576,117.74,13.04,9186.1123046875,79,75,0,0,0,0,16.0,99.17,-173455,54,1528047051.737,13200,2,1,0,3,0,0,0,0,4,354.13,354.13,1F,1,1,1,0080,77,40,40,0,0,19,22.75
03/06/2018 18:30:55,55 59.40535,-2 30.55496,239,0,300,592644,1144818,354.14,45.333,3697,3678,3689,19,0,95.8,35.4,88.4,31.3,none,none,82.2,27.9,3685,-3694,3685,-3692,3687,3692,3690,-3691,3688,-3695,3688,-3695,3688,-3697,3689,3695,3689,-3695,3689,-3695,3689,-3696,3690,-3696,3689,3697,3686,-3696,3689,-3694,3690,-3695,3689,-3694,3690,-3695,3689,-3695,3687,-3695,3688,-3692,3688,3694,3687,-3691,3685,-3688,3681,-3689,3681,-3691,3682,-3689,3683,3689,3686,-3692,3684,-3690,3681,-3693,3681,-3694,3681,3694,3683,-3694,3684,-3694,3682,-3692,3686,-3695,3680,-3694,3680,-3695,3680,-3695,3680,-3696,3678,3692,3682,-3693,3683,-3694,3682,-3692,3680,-3690,3681,3691,3680,-3686,-0.43,SJNFAAZE1U0005576,117.74,13.04,9186.1123046875,79,75,0,0,0,0,16.0,99.17,-173455,54,1528047055.294,13600,2,0,0,0,0,0,0,0,4,354.16,354.16,1F,1,1,1,0080,77,40,40,0,0,19,21.75
03/06/2018 18:30:58,55 59.40535,-2 30.55496,239,0,300,592269,1144818,353.95,48.507,3695,3677,3687,18,0,95.8,35.4,88.4,31.3,none,none,82.2,27.9,3684,3693,3681,-3690,3684,3691,3689,-3690,3685,-3693,3687,-3694,3688,-3694,3686,-3695,3687,-3694,3686,3693,3686,-3694,3687,-3695,3688,-3695,3686,-3695,3686,-3693,3688,3694,3688,-3692,3687,-3692,3688,-3693,3686,-3692,3688,3691,3688,-3693,3685,-3691,3684,-3687,3680,-3687,3679,-3689,3681,-3687,3682,-3688,3685,-3691,3683,3689,3679,-3691,3681,-3692,3681,-3692,3681,-3691,3683,3693,3680,-3692,3684,-3692,3677,-3693,3677,-3694,3679,-3694,3679,-3693,3677,-3691,3680,-3691,3681,3692,3680,-3690,3680,-3689,3680,-3689,3679,-3685,-0.43,SJNFAAZE1U0005576,117.74,13.04,9186.1123046875,79,75,0,0,0,0,16.0,99.17,-173455,54,1528047058.788,13880,2,0,0,0,0,0,0,0,4,353.91,353.91,1F,1,1,1,0080,77,40,40,0,0,19,20.50
03/06/2018 18:31:02,55 59.40535,-2 30.55496,239,0,299,591857,1144818,354.05,42.922,3695,3677,3688,18,0,95.8,35.4,88.4,31.3,none,none,82.2,27.9,3684,-3692,3684,-3691,3685,3691,3690,-3691,3687,-3694,3687,-3693,3688,-3695,3687,-3695,3686,3694,3687,-3693,3688,-3694,3688,-3694,3688,-3695,3686,-3695,3688,-3693,3689,-3694,3689,-3693,3689,3693,3689,-3694,3688,-3693,3689,-3692,3689,-3694,3686,3690,3686,-3688,3681,-3687,3681,-3689,3681,-3688,3683,-3687,3686,-3691,3684,-3688,3679,-3692,3681,3692,3683,-3693,3682,-3692,3683,-3693,3682,-3691,3684,3693,3679,-3694,3679,-3694,3680,-3694,3679,-3694,3677,-3692,3681,-3692,3683,-3692,3680,-3691,3681,3689,3679,-3689,3679,-3685,-0.43,SJNFAAZE1U0005576,117.74,13.04,9186.1123046875,79,75,0,0,0,0,16.0,99.17,-173455,54,1528047062.383,13240,2,0,0,0,0,0,0,0,4,354.06,354.06,1F,1,1,1,0080,77,40,40,0,0,19,20.75
03/06/2018 18:31:06,55 59.40535,-2 30.55496,239,0,299,591475,1144818,353.86,42.251,3694,3677,3686,17,0,95.8,35.4,88.4,31.3,none,none,82.2,27.9,3689,-3684,3691,-3683,3690,3685,3692,-3685,3691,-3686,3692,3688,3692,-3687,3693,-3686,3692,-3687,3692,-3686,3693,3686,3693,-3688,3694,-3686,3693,-3684,3692,-3687,3692,-3686,3692,-3686,3692,-3688,3692,-3686,3692,3686,3692,-3685,3692,-3686,3689,-3684,3689,-3683,3685,3677,3686,-3680,3688,-3680,3688,-3682,3690,-3681,3690,-3680,3688,-3679,3691,-3680,-3692,-3682,3691,3681,-3692,3681,-3690,3681,-3693,3678,-3692,3678,-3692,3679,-3693,3679,-3693,3679,-3690,3680,-3690,3680,-3691,3682,-3687,3681,-3687,3679,3689,3679,-3687,3678,-0.47,SJNFAAZE1U0005576,117.74,13.04,9186.1123046875,79,75,0,0,0,0,16.0,99.17,-173455,54,1528047066.076,12640,2,0,0,0,0,0,0,0,4,353.98,353.98,1F,1,1,1,0080,77,40,40,0,0,19,20.75
03/06/2018 18:31:09,55 59.40535,-2 30.55496,239,0,299,591081,1144818,353.86,45.058,3693,3678,3686,15,0,95.8,35.4,88.4,31.3,none,none,82.2,27.9,-3688,3684,-3689,3683,-3689,3686,-3690,3685,-3690,3686,-3690,3687,-3691,3687,-3692,3687,-3691,3686,-3691,3686,-3692,3687,-3692,3688,-3692,3685,-3693,3685,-3692,3688,-3691,3687,-3691,3686,-3691,3688,-3691,3688,-3691,3686,-3690,3686,-3691,3687,-3689,3684,-3688,3684,-3684,3678,-3686,3681,-3687,3681,-3689,3681,-3689,3681,-3690,3680,-3687,3680,-3692,3679,-3692,3682,-3690,3680,-3692,3681,-3691,3681,-3692,3678,-3690,3678,-3692,3680,-3693,3679,-3692,3680,-3689,3680,-3690,3681,-3691,3681,-3688,3682,-3688,3680,-3688,3680,-3686,3678,-0.44,SJNFAAZE1U0005576,117.74,13.04,9186.1123046875,79,75,0,0,0,0,16.0,99.17,-173455,54,1528047069.762,12120,2,0,0,0,0,0,0,0,4,353.88,353.88,1F,1,1,1,0080,77,40,40,0,0,19,18.75
03/06/2018 18:31:13,55 59.40535,-2 30.55496,239,0,299,590683,1144818,353.57,47.042,3690,3673,3683,17,0,95.8,35.4,88.4,31.3,none,none,82.2,27.9,-3683,3679,-3685,3680,-3686,3682,-3687,3683,-3687,3683,-3686,3684,-3689,3683,-3689,3683,-3689,3684,-3689,3683,-3690,3684,-3690,3685,-3690,3682,-3690,3682,-3688,3684,-3688,3685,-3687,3683,-3687,3684,-3688,3684,-3688,3683,-3688,3683,-3688,3684,-3685,3681,-3685,3680,-3681,3674,-3682,3676,-3683,3677,-3683,3677,-3686,3677,-3687,3676,-3684,3675,-3687,3676,-3688,3680,-3687,3677,-3689,3679,-3686,3679,-3689,3673,-3688,3674,-3688,3676,-3690,3675,-3688,3675,-3686,3675,-3685,3677,-3687,3677,-3684,3677,-3683,3675,-3684,3675,-3682,3674,-0.45,SJNFAAZE1U0005576,117.74,13.04,9186.1123046875,79,75,0,0,0,0,16.0,99.17,-173455,54,1528047073.397,13240,2,0,0,0,0,0,0,0,4,353.71,353.71,1F,1,1,1,0080,78,40,40,0,0,19,24.50
03/06/2018 18:31:17,55 59.40535,-2 30.55496,239,0,298,590203,1144818,353.18,58.913,3687,3670,3679,17,0,95.8,35.4,88.4,31.3,none,none,82.2,27.9,-3680,3677,-3682,3676,-3684,3677,-3684,3679,-3685,3681,-3684,3680,-3685,3680,-3687,3680,-3685,3680,-3686,3678,-3685,3681,-3687,3681,-3687,3679,-3687,3678,-3686,3681,-3685,3680,-3684,3680,-3685,3682,-3685,3681,-3684,3679,-3685,3680,-3685,3681,-3682,3677,-3682,3676,-3678,3671,-3679,3673,-3679,3673,-3680,3674,-3683,3674,-3683,3672,-3681,3672,-3685,3673,-3685,3674,-3684,3674,-3685,3674,-3685,3675,-3687,3671,-3685,3671,-3686,3672,-3686,3672,-3686,3672,-3684,3673,-3683,3673,-3684,3676,-3682,3674,-3680,3671,-3680,3671,-3680,3670,-0.43,SJNFAAZE1U0005576,117.74,13.04,9186.1123046875,79,75,0,0,0,0,16.0,99.17,-173455,54,1528047077.213,15520,2,1,0,3,0,0,0,0,4,353.19,353.19,1F,1,1,1,0080,78,40,40,0,0,19,27.25
03/06/2018 18:31:20,55 59.40535,-2 30.55496,239,0,298,589647,1144818,352.80,63.399,3684,3666,3675,18,0,95.8,35.4,88.4,31.3,none,none,82.2,27.9,-3677,3672,-3678,3672,-3680,3675,-3681,3675,-3681,3676,-3680,3677,-3682,3676,-3683,3677,-3682,3677,-3682,3675,-3682,3676,-3683,3678,-3683,3675,-3683,3675,-3681,3677,-3681,3678,-3680,3676,-3681,3677,-3681,3677,-3681,3676,-3681,3676,-3680,3677,-3678,3674,-3677,3672,-3673,3666,-3673,3669,-3675,3668,-3676,3670,-3679,3671,-3678,3668,-3676,3667,-3680,3669,-3680,3670,-3679,3671,-3681,3669,-3680,3672,-3684,3666,-3680,3667,-3682,3668,-3683,3668,-3681,3668,-3679,3668,-3678,3669,-3679,3671,-3676,3669,-3675,3668,-3676,3667,-3674,3666,-0.45,SJNFAAZE1U0005576,117.74,13.04,9186.1123046875,79,75,0,0,0,0,16.0,99.17,-173455,54,1528047080.967,17000,2,0,0,0,0,0,0,0,4,352.94,352.94,1F,1,1,1,0080,78,40,40,0,0,19,32.50
03/06/2018 18:31:24,55 59.40535,-2 30.55496,239,0,298,589052,1144818,352.51,64.742,3682,3662,3672,20,0,95.8,35.4,88.4,31.3,none,none,82.2,27.9,3668,-3677,3669,3676,3670,3675,3674,-3676,3672,-3679,3672,-3680,3673,3682,3673,-3680,3673,-3680,3672,-3678,3673,-3680,3672,-3680,3673,-3680,3671,-3681,3671,-3679,3673,3679,3673,-3677,3673,-3679,3674,-3678,3673,-3679,3673,3677,3673,-3679,3670,-3676,3669,-3673,3664,-3671,3662,-3674,3665,-3671,3666,-3671,3669,-3674,3667,3673,3664,-3675,3666,-3677,3665,-3677,3666,-3677,3669,-3677,3666,3676,3671,-3677,3663,-3678,3664,-3680,3665,-3678,3664,3678,3662,-3677,3666,-3676,3667,-3677,3665,-3674,3664,-3672,3664,-3673,3662,-3670,-0.45,SJNFAAZE1U0005576,117.74,13.04,9186.1123046875,79,75,0,0,0,0,16.0,99.17,-173455,54,1528047084.697,18880,2,0,0,0,0,0,0,0,4,352.63,352.63,1F,1,1,1,0080,78,40,40,0,0,19,31.25
03/06/2018 18:31:28,55 59.40535,-2 30.55496,239,0,298,588457,1144818,352.42,66.939,3680,3660,3671,20,0,95.8,35.4,88.4,31.3,none,none,82.2,27.9,3667,-3675,3667,-3674,3668,3674,3674,3674,3670,-3677,3670,-3677,3672,-3680,3670,-3679,3670,3678,3671,-3678,3672,-3678,3672,-3678,3672,-3680,3669,-3679,3669,-3676,3673,-3677,3672,-3676,3671,3676,3673,-3678,3671,-3677,3671,-3675,3671,-3678,3668,3674,3668,-3671,3662,-3669,3661,-3672,3664,-3671,3665,-3670,3668,3674,3666,-3671,3662,-3675,3664,-3675,3665,-3675,3665,-3677,3668,-3677,3664,-3675,3670,-3676,3660,3676,3664,-3678,3664,-3677,3664,-3677,3660,-3675,3664,3676,3665,-3676,3663,-3672,3662,-3673,3662,-3671,3661,-3669,-0.43,SJNFAAZE1U0005576,117.74,13.04,9186.1123046875,79,75,0,0,0,0,16.0,99.17,-173455,54,1528047088.377,18720,2,0,0,0,0,0,0,0,4,352.41,352.41,1F,1,1,1,0080,78,40,40,0,0,19,30.25
03/06/2018 18:31:32,55 59.40535,-2 30.55496,239,0,297,587862,1144818,352.32,66.939,3678,3661,3670,17,0,95.8,35.4,88.4,31.3,none,none,82.2,27.9,3666,-3674,3666,-3672,3668,3673,3671,-3672,3670,-3676,3669,3676,3671,-3677,3671,-3677,3669,-3676,3670,-3675,3671,3676,3671,-3677,3672,-3678,3669,-3676,3670,-3674,3671,-3676,3671,-3675,3671,-3674,3671,-3676,3671,3675,3671,-3674,3670,-3676,3668,-3673,3667,-3670,3662,-3666,3661,3669,3663,-3668,3665,-3669,3668,-3671,3666,-3669,3662,3673,3664,-3673,3665,-3674,3665,-3674,3667,-3673,3664,-3673,3670,-3673,3662,-3674,3663,-3674,3664,3673,3663,-3674,3661,-3673,3664,-3673,3665,-3674,3663,3670,3662,-3670,3662,-3670,3662,-3667,-0.44,SJNFAAZE1U0005576,117.74,13.04,9186.1123046875,79,75,0,0,0,0,16.0,99.17,-173455,54,1528047092.200,18720,2,0,0,0,0,0,0,0,4,352.29,352.29,1F,1,1,1,0080,78,40,40,0,0,19,30.50
03/06/2018 18:31:35,55 59.40535,-2 30.55496,239,0,297,587216,1144818,352.22,68.160,3677,3658,3669,19,0,95.8,35.4,88.4,31.3,none,none,82.2,27.9,3665,-3674,3666,-3672,3667,3673,3671,-3672,3669,-3676,3669,-3676,3669,-3677,3668,3676,3669,-3676,3669,-3675,3670,-3676,3671,-3677,3670,3677,3668,-3677,3669,-3675,3670,-3676,3670,-3674,3670,-3675,3671,-3676,3670,-3675,3670,-3674,3670,3676,3666,-3672,3667,-3670,3660,-3668,3660,-3670,3661,-3668,3664,3669,3665,-3672,3663,-3670,3659,-3672,3663,-3674,3662,3675,3662,-3674,3665,-3675,3663,-3673,3666,-3673,3660,-3674,3660,-3676,3662,-3675,3662,-3675,3658,3672,3663,-3673,3663,-3673,3662,-3671,3661,-3669,3660,3669,3659,-3667,-0.44,SJNFAAZE1U0005576,117.74,13.04,9187.7216796875,79,75,0,0,0,0,16.0,99.17,-173455,54,1528047095.968,19840,2,0,0,0,0,0,0,0,4,352.08,352.08,1F,1,1,1,0080,78,40,40,0,0,19,31.00
03/06/2018 18:31:39,55 59.40535,-2 30.55496,239,0,297,586618,1144818,352.03,67.184,3675,3658,3667,17,0,95.8,35.4,88.4,31.3,none,none,82.2,27.9,3668,3664,3670,-3664,3671,3666,3673,-3666,3672,-3668,3672,-3669,3673,-3668,3674,-3668,-3673,-3668,3673,3667,-3674,3669,-3675,3670,-3675,3668,-3674,3666,-3672,3669,-3672,3669,-3672,3668,-3673,3670,-3673,3668,-3673,3667,3673,3667,-3671,3667,3670,-3665,3669,-3664,3662,-3658,3664,-3659,3666,-3659,3666,-3661,3671,-3661,3670,3660,3666,-3658,3670,-3660,3673,-3662,3672,-3662,3672,3662,3670,-3661,3675,-3658,3672,-3658,3672,-3659,3672,-3660,3671,-3660,3670,-3660,3669,-3661,3671,3661,3665,-3661,3665,-3658,3665,-3659,3667,-3658,-0.44,SJNFAAZE1U0005576,117.74,13.04,9187.7216796875,79,75,0,0,0,0,16.0,99.17,-173455,54,1528047099.934,18760,2,0,0,0,0,0,0,0,4,352.15,352.15,1F,1,1,1,0080,78,40,40,0,0,19,32.25
03/06/2018 18:31:43,55 59.40535,-2 30.55496,239,0,296,585955,1144818,351.84,68.282,3673,3655,3665,18,0,95.8,35.4,88.4,31.3,none,none,82.2,27.9,-3665,3662,-3668,3661,-3669,3664,-3670,3665,-3670,3666,-3671,3667,-3671,3666,-3671,3666,-3671,3667,-3671,3665,-3671,3666,-3673,3668,-3673,3665,-3672,3664,-3672,3668,-3671,3667,-3670,3666,-3671,3667,-3671,3666,-3670,3667,-3671,3667,-3670,3667,-3668,3664,-3667,3663,-3662,3655,-3663,3658,-3663,3658,-3666,3658,-3668,3660,-3668,3657,-3664,3656,-3669,3658,-3670,3661,-3669,3659,-3671,3660,-3669,3660,-3671,3656,-3669,3656,-3670,3657,-3673,3657,-3671,3657,-3668,3658,-3669,3658,-3670,3659,-3665,3659,-3664,3658,-3665,3657,-3665,3656,-0.45,SJNFAAZE1U0005576,117.74,13.04,9187.7216796875,79,75,0,0,0,0,16.0,99.17,-173455,54,1528047103.820,19080,2,1,0,3,0,0,0,0,4,351.92,351.92,1F,1,1,1,0080,78,40,40,0,0,19,32.25
03/06/2018 18:31:47,55 59.40535,-2 30.55496,239,0,296,585324,1144818,351.84,63.674,3673,3655,3665,18,0,95.8,35.4,88.4,31.3,none,none,82.2,27.9,-3666,3662,-3667,3661,-3669,3665,-3670,3663,-3670,3666,-3671,3666,-3672,3666,-3672,3666,-3671,3666,-3671,3665,-3672,3667,-3673,3667,-3673,3664,-3673,3665,-3670,3666,-3671,3667,-3671,3667,-3670,3667,-3670,3667,-3670,3666,-3669,3665,-3670,3666,-3667,3664,-3666,3662,-3661,3655,-3664,3658,-3663,3658,-3665,3658,-3668,3660,-3668,3657,-3665,3657,-3669,3658,-3670,3659,-3669,3659,-3670,3659,-3668,3661,-3673,3656,-3669,3656,-3670,3657,-3672,3657,-3670,3658,-3668,3658,-3667,3658,-3668,3660,-3665,3660,-3664,3656,-3665,3657,-3664,3656,-0.47,SJNFAAZE1U0005576,117.74,13.04,9187.7216796875,79,75,0,0,0,0,16.0,99.17,-173455,54,1528047107.578,18520,2,0,0,0,0,0,0,0,4,352.00,352.00,1F,1,1,1,0080,78,40,40,0,0,19,29.75
03/06/2018 18:31:51,55 59.40535,-2 30.55496,239,0,296,584755,1144818,351.74,67.336,3673,3655,3664,18,0,95.8,35.4,88.6,31.4,none,none,82.2,27.9,-3665,3662,-3668,3662,-3668,3664,-3669,3663,-3669,3665,-3670,3666,-3670,3665,-3671,3665,-3670,3666,-3671,3665,-3672,3666,-3672,3667,-3673,3665,-3671,3665,-3670,3666,-3670,3667,-3670,3665,-3669,3666,-3671,3666,-3670,3666,-3669,3664,-3668,3665,-3667,3662,-3666,3661,-3661,3655,-3663,3658,-3664,3657,-3664,3657,-3667,3659,-3667,3657,-3665,3656,-3669,3657,-3669,3658,-3668,3659,-3670,3660,-3668,3660,-3673,3655,-3668,3656,-3669,3656,-3671,3656,-3669,3657,-3667,3657,-3667,3658,-3670,3660,-3665,3657,-3664,3657,-3665,3656,-3664,3656,-0.41,SJNFAAZE1U0005576,117.74,13.04,9187.7216796875,79,75,0,0,0,0,15.5,99.17,-173455,54,1528047111.133,18920,2,0,0,0,0,0,0,0,4,351.85,351.85,1F,1,1,1,0080,78,40,40,0,0,19,32.00
03/06/2018 18:31:54,55 59.40535,-2 30.55496,239,0,295,584180,1144818,351.55,67.611,3670,3654,3662,16,0,95.8,35.4,88.6,31.4,none,none,82.2,27.9,-3663,3661,-3664,3661,-3665,3665,-3667,3663,-3667,3664,-3667,3667,-3669,3664,-3668,3665,-3667,3665,-3668,3664,-3668,3665,-3669,3667,-3670,3664,-3669,3664,-3667,3666,-3667,3665,-3667,3666,-3666,3666,-3668,3665,-3668,3665,-3668,3665,-3667,3666,-3665,3661,-3664,3661,-3658,3654,-3659,3656,-3661,3658,-3661,3657,-3665,3659,-3664,3656,-3661,3656,-3666,3657,-3665,3659,-3664,3658,-3667,3659,-3666,3658,-3667,3655,-3665,3656,-3667,3658,-3668,3657,-3666,3657,-3663,3655,-3665,3658,-3666,3659,-3661,3658,-3661,3655,-3661,3655,-3661,3655,-0.45,SJNFAAZE1U0005576,117.74,13.04,9187.7216796875,79,75,0,0,0,0,15.5,99.17,-173455,54,1528047114.828,18320,2,0,0,0,0,0,0,0,4,351.74,351.74,1F,1,1,1,0080,78,40,40,0,0,19,32.00
03/06/2018 18:31:58,55 59.40535,-2 30.55496,239,0,295,583598,1144818,351.65,66.787,3672,3652,3663,20,0,95.8,35.4,88.6,31.4,none,none,82.2,27.9,3658,-3667,3659,-3666,3660,3667,3665,-3667,3662,-3670,3663,3670,3663,-3672,3664,-3671,3662,-3670,3664,-3669,3664,-3671,3664,3671,3664,-3671,3663,-3671,3664,-3670,3663,-3671,3664,3669,3665,-3669,3666,-3671,3664,-3669,3663,-3668,3663,-3669,3659,-3666,3659,-3664,3654,-3662,3655,3663,3656,-3662,3656,-3662,3661,-3665,3658,-3663,3655,3665,3657,-3667,3657,-3667,3657,-3667,3659,-3667,3658,-3666,3663,-3666,3654,-3668,3657,-3668,3656,3668,3655,-3669,3652,-3665,3657,-3666,3658,-3667,3656,3663,3655,-3662,3654,-3663,3653,-3661,-0.42,SJNFAAZE1U0005576,117.74,13.04,9187.7216796875,79,75,0,0,0,0,15.5,99.17,-173455,54,1528047118.424,18480,2,0,0,0,0,0,0,0,4,351.59,351.59,1F,1,1,1,0080,78,40,40,0,0,19,30.50
03/06/2018 18:32:01,55 59.40535,-2 30.55496,239,0,295,583038,1144818,351.46,66.787,3669,3652,3661,17,0,96.0,35.6,88.6,31.4,none,none,82.2,27.9,3658,-3665,3659,-3664,3660,3666,3663,-3664,3661,3667,3662,-3668,3662,-3668,3662,-3668,3661,-3668,3662,-3667,3663,-3668,3664,-3668,3663,-3669,3662,3668,3661,-3667,3664,-3668,3664,-3667,3664,-3668,3664,3668,3662,-3667,3663,-3666,3663,-3667,3659,-3664,3659,-3662,3653,-3659,3653,-3661,3654,-3661,3656,3661,3659,-3663,3657,-3660,3654,-3663,3656,-3664,3656,3666,3656,-3665,3659,-3666,3656,-3665,3660,-3664,3652,-3665,3654,-3668,3656,-3666,3655,-3666,3652,3665,3655,-3665,3657,-3665,3655,-3663,3654,-3662,3654,-3661,3652,-3658,-0.46,SJNFAAZE1U0005576,117.74,13.04,9187.7216796875,79,75,0,0,0,0,15.5,99.17,-173455,54,1528047121.799,18480,2,0,0,0,0,0,0,0,4,351.49,351.49,1F,1,1,1,0080,78,40,40,0,0,19,30.25
03/06/2018 18:32:05,55 59.40535,-2 30.55496,239,0,295,582462,1144818,351.46,67.947,3669,3651,3661,18,0,96.0,35.6,88.6,31.4,none,none,82.4,28.0,3658,-3664,3657,3663,3660,3664,3663,-3664,3662,-3667,3662,-3668,3662,3667,3661,-3668,3661,-3667,3661,-3667,3661,-3669,3662,-3668,3662,-3668,3661,-3668,3661,-3667,3662,3666,3662,-3665,3663,-3667,3663,-3667,3661,-3667,3662,3666,3661,-3666,3659,-3664,3659,-3661,3652,-3659,3652,-3660,3654,-3660,3655,-3660,3658,-3662,3656,3660,3653,-3664,3654,-3664,3656,-3665,3655,-3664,3658,3665,3655,-3663,3660,-3663,3652,-3664,3654,-3667,3655,-3667,3654,3666,3651,-3662,3654,-3664,3657,-3665,3654,-3662,3653,-3660,3652,-3661,3653,-3658,-0.46,SJNFAAZE1U0005576,117.74,13.04,9187.7216796875,79,75,0,0,0,0,15.5,99.17,-173455,54,1528047125.501,18360,2,0,0,0,0,0,0,0,4,351.48,351.48,1F,1,1,1,0080,78,40,40,0,0,19,30.75
03/06/2018 18:32:09,55 59.40535,-2 30.55496,239,0,294,581867,1144818,351.46,66.420,3670,3650,3661,20,0,95.8,35.4,88.6,31.4,none,none,82.4,28.0,3657,-3666,3657,-3665,3658,3664,3663,3664,3660,-3668,3661,-3669,3661,-3670,3661,-3669,3661,3668,3661,-3667,3661,-3668,3661,-3669,3662,-3668,3661,-3669,3660,-3666,3664,-3668,3662,-3667,3662,3667,3662,-3668,3662,-3667,3661,-3666,3662,-3667,3659,3665,3658,-3661,3652,-3660,3652,-3662,3654,-3660,3654,-3660,3658,-3663,3655,-3662,3651,-3664,3654,3666,3654,-3665,3654,-3666,3657,-3666,3655,-3665,3661,-3667,3651,-3667,3653,-3668,3654,-3667,3653,-3668,3650,-3666,3654,3664,3655,-3667,3654,-3662,3652,-3662,3653,-3663,3651,-3658,-0.46,SJNFAAZE1U0005576,117.74,13.04,9187.7216796875,79,75,0,0,0,0,15.5,99.17,-173455,54,1528047129.368,18680,2,0,0,0,0,0,0,0,4,351.36,351.36,1F,1,1,1,0080,78,40,40,0,0,19,29.75
03/06/2018 18:32:12,55 59.40535,-2 30.55496,239,0,294,581283,1144818,351.46,59.798,3669,3652,3661,17,0,96.0,35.6,88.8,31.6,none,none,82.6,28.1,3661,-3659,3665,-3659,3666,3661,3666,-3661,3667,-3663,3667,3665,3668,-3663,3668,-3663,3667,-3663,3668,-3661,3668,3662,3668,-3664,3669,-3661,3669,-3661,3667,-3665,3667,-3664,3666,-3662,3666,-3664,3668,-3664,3667,3663,3668,-3661,3666,-3663,3664,-3660,3663,-3659,3657,3652,3660,-3655,3662,-3655,3661,-3655,3666,-3656,3664,-3654,3663,-3654,3666,-3655,-3667,-3656,3667,3656,3667,3656,-3665,3657,3669,-3653,3666,-3653,3668,-3654,3668,3654,3667,-3654,3664,-3655,3664,-3655,3666,-3657,3661,3655,3660,-3653,3662,-3655,3660,-3652,-0.44,SJNFAAZE1U0005576,117.74,13.04,9187.7216796875,79,75,0,0,0,0,15.5,99.17,-173455,54,1528047132.951,17320,2,0,0,0,0,0,0,0,4,351.55,351.55,1F,1,1,1,0080,79,40,40,0,0,19,27.00
03/06/2018 18:32:16,55 59.40535,-2 30.55496,239,0,294,580787,1144818,351.65,55.892,3672,3654,3663,18,0,96.0,35.6,88.6,31.4,none,none,82.4,28.0,-3664,3660,-3666,3660,-3667,3663,-3669,3662,-3669,3665,-3670,3666,-3670,3664,-3671,3664,-3669,3665,-3670,3663,-3671,3664,-3671,3666,-3671,3663,-3672,3664,-3670,3665,-3670,3666,-3669,3664,-3669,3666,-3671,3666,-3669,3664,-3669,3663,-3668,3665,-3666,3662,-3666,3660,-3661,3654,-3662,3656,-3663,3656,-3665,3658,-3667,3658,-3667,3656,-3663,3656,-3668,3656,-3670,3657,-3668,3659,-3669,3659,-3668,3659,-3670,3654,-3668,3654,-3669,3655,-3670,3655,-3669,3656,-3666,3656,-3667,3658,-3668,3658,-3664,3657,-3662,3657,-3664,3654,-3663,3655,-0.45,SJNFAAZE1U0005576,117.74,13.04,9187.7216796875,79,75,0,0,0,0,15.5,99.17,-173455,54,1528047136.471,16320,2,0,0,0,0,0,0,0,4,351.67,351.67,1F,1,1,1,0080,79,40,40,0,0,19,26.50
03/06/2018 18:32:20,55 59.40535,-2 30.55496,239,0,293,580302,1144818,351.74,52.932,3672,3655,3664,17,0,96.0,35.6,88.6,31.4,none,none,82.4,28.0,-3664,3660,-3667,3660,-3667,3663,-3669,3663,-3670,3665,-3669,3665,-3669,3664,-3671,3664,-3670,3665,-3670,3664,-3672,3665,-3672,3666,-3672,3663,-3672,3663,-3669,3666,-3670,3665,-3669,3664,-3670,3666,-3670,3666,-3670,3665,-3670,3665,-3668,3666,-3667,3664,-3665,3661,-3661,3656,-3664,3657,-3664,3659,-3664,3658,-3668,3658,-3667,3657,-3665,3657,-3668,3658,-3670,3659,-3669,3660,-3670,3659,-3668,3660,-3671,3655,-3668,3655,-3671,3656,-3670,3657,-3670,3656,-3668,3658,-3667,3659,-3669,3660,-3664,3659,-3664,3657,-3664,3656,-3664,3655,-0.48,SJNFAAZE1U0005576,117.74,13.04,9187.7216796875,79,75,0,0,0,0,15.5,99.17,-173455,54,1528047140.288,15760,2,0,0,0,0,0,0,0,4,351.76,351.76,1F,1,1,1,0080,79,40,40,0,0,19,24.25
03/06/2018 18:32:24,55 59.40535,-2 30.55496,239,0,293,579822,1144818,351.84,48.965,3672,3657,3665,15,0,96.0,35.6,88.8,31.6,none,none,82.4,28.0,-3666,3664,-3668,3663,-3668,3666,-3669,3665,-3670,3666,-3670,3667,-3671,3666,-3672,3666,-3670,3666,-3671,3665,-3672,3667,-3672,3668,-3672,3665,-3672,3665,-3670,3668,-3670,3668,-3669,3667,-3670,3667,-3671,3668,-3671,3666,-3671,3666,-3668,3667,-3667,3665,-3666,3662,-3662,3658,-3664,3659,-3663,3659,-3665,3659,-3668,3661,-3667,3658,-3665,3658,-3669,3661,-3669,3661,-3668,3660,-3670,3662,-3669,3662,-3670,3657,-3669,3658,-3669,3660,-3671,3659,-3670,3659,-3667,3659,-3667,3661,-3669,3661,-3665,3659,-3664,3657,-3665,3657,-3664,3657,-0.46,SJNFAAZE1U0005576,117.74,13.04,9187.7216796875,79,75,0,0,0,0,15.5,99.17,-173455,54,1528047144.016,14920,2,0,0,0,0,0,0,0,4,351.87,351.87,1F,1,1,1,0080,79,40,40,0,0,19,21.50
03/06/2018 18:32:27,55 59.40535,-2 30.55496,239,0,293,579403,1144818,351.94,51.253,3674,3655,3666,19,0,96.0,35.6,88.6,31.4,none,none,82.4,28.0,-3667,3663,-3668,3662,-3669,3664,-3670,3665,-3671,3667,-3671,3667,-3671,3666,-3673,3666,-3671,3667,-3671,3665,-3671,3667,-3673,3668,-3673,3665,-3674,3665,-3671,3667,-3671,3667,-3670,3667,-3671,3668,-3672,3666,-3672,3667,-3671,3665,-3670,3666,-3668,3664,-3667,3663,-3664,3657,-3665,3659,-3665,3659,-3667,3660,-3670,3661,-3668,3659,-3667,3658,-3670,3660,-3671,3659,-3669,3661,-3672,3660,-3670,3660,-3673,3655,-3671,3657,-3672,3659,-3673,3657,-3672,3658,-3669,3659,-3668,3660,-3670,3661,-3668,3660,-3666,3658,-3666,3657,-3666,3658,-0.45,SJNFAAZE1U0005576,117.74,13.04,9187.7216796875,79,75,0,0,0,0,15.5,99.17,-173455,54,1528047147.509,13720,2,0,0,0,0,0,0,0,4,351.89,351.89,1F,1,1,1,0080,79,40,40,0,0,19,23.25
03/06/2018 18:32:31,55 59.40535,-2 30.55496,239,0,293,578960,1144818,351.94,47.164,3675,3656,3666,19,0,96.0,35.6,88.8,31.6,none,none,82.6,28.1,3661,-3670,3663,3670,3664,3670,3669,-3669,3666,-3672,3665,-3674,3667,3673,3666,-3674,3665,-3672,3667,-3672,-3666,3673,3667,-3673,-3667,3674,-3665,3675,-3665,3672,-3668,3672,-3666,3672,-3667,3672,-3667,3673,-3667,3673,3667,3670,-3667,3672,3664,-3670,3664,-3667,3657,-3666,3658,-3667,3660,3665,3661,-3666,3664,-3669,3660,-3666,3657,-3671,3660,-3671,3660,-3672,3660,-3673,3662,-3671,3660,3670,3665,-3671,3657,-3672,3659,-3672,3659,-3672,3658,3672,3656,-3670,3659,-3671,3660,-3672,3658,-3667,3658,-3668,3658,-3667,3657,-3664,-0.46,SJNFAAZE1U0005576,117.74,13.04,9187.7216796875,79,75,0,0,0,0,15.5,99.17,-173455,54,1528047151.422,14040,2,0,0,0,0,0,0,0,4,351.95,351.95,1F,1,1,1,0080,79,40,40,0,0,19,22.50
03/06/2018 18:32:35,55 59.40535,-2 30.55496,239,0,293,578495,1144818,351.84,48.385,3674,3655,3665,19,0,96.0,35.6,88.8,31.6,none,none,82.4,28.0,3661,-3671,3662,-3669,3663,3669,3668,3669,3665,-3672,3666,-3672,3665,-3673,3665,-3674,3665,3672,3665,-3671,3665,-3673,3666,-3673,3667,-3674,3665,-3674,3664,3671,3667,-3671,3666,-3671,3667,-3671,3668,-3672,3666,-3672,3666,-3670,3665,-3672,3664,-3669,3663,3666,3657,-3665,3657,-3667,3658,-3665,3659,-3665,3663,3668,3661,-3666,3657,-3670,3659,-3671,3659,-3671,3660,-3670,3662,-3671,3660,-3669,3662,-3670,3655,3671,3656,-3672,3658,-3671,3657,-3672,3655,-3669,3658,3670,3661,-3671,3658,-3668,3658,-3666,3657,-3667,3656,-3663,-0.44,SJNFAAZE1U0005576,117.74,13.04,9187.7216796875,79,75,0,0,0,0,15.5,99.17,-173455,54,1528047155.117,14000,2,1,0,4,0,0,0,0,4,351.84,351.84,1F,1,1,1,0080,79,40,40,0,0,19,21.50
03/06/2018 18:32:38,55 59.40535,-2 30.55496,239,0,292,578070,1144818,351.84,47.683,3673,3655,3665,18,0,96.0,35.6,88.8,31.6,none,none,82.4,28.0,3661,-3668,3661,-3668,3662,3669,3667,-3669,3664,-3671,3664,3672,3664,-3673,3664,-3673,3664,-3673,3664,-3671,3665,-3671,3666,3672,3666,-3673,3664,-3672,3664,-3672,3666,-3671,3665,3670,3666,-3670,3666,-3671,3664,-3671,3666,-3670,3665,-3671,3663,-3668,3662,-3665,3656,-3664,3656,3666,3658,-3665,3659,-3665,3662,-3668,3660,-3666,3658,3669,3658,-3670,3659,-3670,3658,-3670,3661,-3670,3659,-3669,3662,-3671,3656,-3670,3657,-3672,3658,3671,3658,-3671,3655,-3670,3658,-3669,3660,-3670,3657,3666,3657,-3666,3656,-3666,3655,-3664,-0.46,SJNFAAZE1U0005576,117.74,13.04,9189.3310546875,79,75,0,0,0,0,15.5,99.17,-173455,54,1528047158.745,13720,2,0,0,0,0,0,0,0,4,351.91,351.91,1F,1,1,1,0080,79,40,40,0,0,19,23.50
03/06/2018 18:32:42,55 59.40535,-2 30.55496,239,0,292,577637,1144818,351.84,44.753,3673,3655,3665,18,0,96.2,35.7,88.8,31.6,none,none,82.6,28.1,3662,-3669,3661,-3669,3662,3668,3667,-3669,3665,3671,3664,-3671,3664,-3672,3665,-3673,3664,-3671,3664,-3671,3664,-3672,3666,-3672,3666,-3673,3663,3673,3664,-3671,3665,-3671,3666,-3669,3666,-3670,3666,3671,3665,-3671,3665,-3669,3665,-3670,3663,-3668,3662,-3665,3657,-3665,3656,-3666,3658,-3663,3660,3664,3662,-3667,3660,-3665,3657,-3668,3660,-3670,3659,3669,3658,-3670,3662,-3669,3660,-3669,3663,-3669,3655,-3670,3656,-3671,3658,-3671,3657,-3671,3655,3669,3659,-3669,3660,-3670,3657,-3666,3657,-3666,3658,3666,3655,-3662,-0.44,SJNFAAZE1U0005576,117.74,13.04,9189.3310546875,79,75,0,0,0,0,15.5,99.17,-173455,54,1528047162.517,13640,2,0,0,0,0,0,0,0,4,352.02,352.02,1F,1,1,1,0080,79,40,40,0,0,19,20.50
03/06/2018 18:32:46,55 59.40535,-2 30.55496,239,0,292,577218,1144818,351.84,45.180,3674,3656,3665,18,0,96.2,35.7,88.8,31.6,none,none,82.6,28.1,3661,3670,3662,-3669,3663,3670,3668,-3669,3665,-3672,3666,-3673,3665,3673,3665,-3674,3664,-3673,3665,-3671,3666,-3673,3666,-3671,3667,-3674,3664,-3672,3665,-3672,3666,3672,3666,-3671,3666,-3672,3667,-3673,3666,-3671,3667,3671,3665,-3671,3664,-3669,3663,-3666,3656,-3665,3657,-3666,3659,-3666,3661,-3666,3662,-3669,3660,3666,3657,-3669,3658,-3670,3660,-3671,3659,-3670,3662,3670,3660,-3670,3662,-3671,3656,-3672,3657,-3673,3659,-3672,3658,-3672,3656,-3670,3659,-3670,3660,3669,3658,-3667,3658,-3666,3656,-3667,3656,-3664,-0.46,SJNFAAZE1U0005576,117.74,13.04,9189.3310546875,79,75,0,0,0,0,15.5,99.17,-173455,54,1528047166.430,12760,2,0,0,0,0,0,0,0,4,351.96,351.96,1F,1,1,1,0080,79,40,40,0,0,19,21.25
03/06/2018 18:32:50,55 59.40535,-2 30.55496,239,0,292,576774,1144818,351.84,46.889,3672,3657,3665,15,0,96.0,35.6,88.8,31.6,none,none,82.4,28.0,-3665,3663,-3667,3663,-3669,3666,-3669,3664,-3669,3666,-3670,3668,-3670,3667,-3672,3667,-3671,3667,-3670,3665,-3671,3667,-3671,3667,-3672,3665,-3672,3666,-3670,3668,-3670,3667,-3670,3667,-3671,3667,-3671,3667,-3670,3666,-3670,3668,-3669,3667,-3667,3665,-3667,3663,-3661,3657,-3664,3659,-3663,3660,-3664,3659,-3667,3661,-3667,3659,-3665,3659,-3669,3660,-3670,3662,-3668,3660,-3669,3662,-3668,3662,-3670,3657,-3669,3659,-3670,3660,-3670,3659,-3670,3660,-3667,3659,-3667,3660,-3669,3661,-3665,3660,-3664,3658,-3664,3658,-3663,3657,-0.45,SJNFAAZE1U0005576,117.74,13.04,9189.3310546875,79,75,0,0,0,0,15.5,99.17,-173455,54,1528047170.104,13320,2,0,0,0,0,0,0,0,4,351.88,351.88,1F,1,1,1,0080,79,40,40,0,0,19,23.75
03/06/2018 18:32:53,55 59.40535,-2 30.55496,239,0,291,576360,1144818,351.94,44.478,3674,3655,3666,19,0,96.0,35.6,88.8,31.6,none,none,82.4,28.0,-3667,3663,-3669,3663,-3670,3665,-3671,3665,-3672,3666,-3671,3666,-3673,3666,-3673,3666,-3672,3667,-3673,3665,-3673,3666,-3673,3667,-3674,3665,-3673,3665,-3671,3667,-3671,3667,-3671,3666,-3672,3668,-3671,3667,-3670,3666,-3672,3665,-3671,3666,-3669,3664,-3669,3663,-3663,3657,-3667,3659,-3666,3660,-3667,3659,-3670,3661,-3669,3658,-3668,3658,-3671,3659,-3672,3661,-3671,3660,-3672,3660,-3670,3660,-3673,3655,-3671,3657,-3672,3658,-3674,3658,-3671,3659,-3669,3659,-3669,3661,-3671,3661,-3667,3659,-3667,3657,-3666,3658,-3666,3657,-0.48,SJNFAAZE1U0005576,117.74,13.04,9189.3310546875,79,75,0,0,0,0,15.5,99.17,-173455,53,1528047173.623,13640,2,0,0,0,0,0,0,0,4,351.92,351.92,1F,1,1,1,0080,79,40,40,0,0,19,22.00
03/06/2018 18:32:57,55 59.40535,-2 30.55496,239,0,291,575948,1144818,351.84,46.767,3673,3656,3665,17,0,96.0,35.6,88.8,31.6,none,none,82.6,28.1,-3666,3662,-3669,3662,-3670,3665,-3670,3664,-3669,3666,-3670,3667,-3671,3665,-3673,3666,-3672,3666,-3671,3664,-3672,3666,-3673,3667,-3673,3664,-3673,3665,-3671,3667,-3671,3667,-3670,3666,-3670,3668,-3672,3666,-3671,3666,-3671,3665,-3671,3666,-3668,3664,-3667,3663,-3662,3656,-3665,3658,-3666,3659,-3666,3660,-3668,3660,-3668,3658,-3667,3658,-3670,3658,-3671,3660,-3669,3659,-3672,3660,-3670,3661,-3671,3656,-3671,3657,-3671,3658,-3673,3658,-3671,3657,-3669,3659,-3668,3659,-3670,3660,-3666,3660,-3665,3658,-3666,3657,-3665,3657,-0.47,SJNFAAZE1U0005576,117.74,13.04,9189.3310546875,79,75,0,0,0,0,15.5,99.17,-173455,53,1528047177.414,13400,2,0,0,0,0,0,0,0,4,351.86,351.86,1F,1,1,1,0080,79,40,40,0,0,19,20.50
03/06/2018 18:33:00,55 59.40535,-2 30.55496,239,0,291,575527,1144818,351.84,46.828,3672,3656,3665,16,0,96.0,35.6,88.8,31.6,none,none,82.4,28.0,-3665,3663,-3667,3662,-3668,3664,-3668,3664,-3669,3666,-3669,3667,-3670,3666,-3672,3666,-3670,3667,-3669,3664,-3671,3666,-3671,3668,-3671,3665,-3670,3666,-3670,3667,-3670,3667,-3670,3666,-3670,3668,-3670,3666,-3670,3666,-3670,3666,-3668,3667,-3668,3664,-3666,3663,-3660,3656,-3664,3659,-3664,3660,-3665,3659,-3667,3661,-3667,3659,-3665,3660,-3667,3660,-3668,3661,-3668,3660,-3669,3661,-3667,3661,-3671,3657,-3668,3657,-3668,3659,-3670,3659,-3669,3659,-3666,3658,-3666,3660,-3668,3661,-3664,3660,-3663,3658,-3665,3657,-3663,3658,-0.45,SJNFAAZE1U0005576,117.74,13.04,9189.3310546875,79,75,0,0,0,0,15.5,99.17,-173455,53,1528047180.983,14280,2,1,0,4,0,0,0,0,4,351.84,351.84,1F,1,1,1,0080,79,40,40,0,0,19,21.00
03/06/2018 18:33:04,55 59.40535,-2 30.55496,239,0,291,575113,1144818,351.55,51.681,3670,3650,3662,20,0,96.0,35.6,88.8,31.6,none,none,82.4,28.0,3658,-3666,3657,-3665,3660,3665,3665,-3665,3661,-3668,3662,-3669,3663,-3670,3662,-3670,3661,-3669,3662,-3668,3662,-3670,3663,3668,3664,-3670,3661,-3670,3661,-3668,3664,-3668,3664,3667,3663,-3668,3664,-3668,3662,-3668,3662,-3667,3663,-3667,3659,-3664,3659,-3663,3652,-3661,3654,3663,-3655,3661,3656,-3662,-3657,3664,-3657,3662,-3654,3665,-3656,3666,-3657,3667,-3656,3667,-3659,3667,-3656,3667,-3660,3666,-3652,3667,-3655,3669,-3655,3667,-3654,3668,-3650,3666,-3654,3665,-3656,3667,3655,3663,-3654,3662,3654,-3662,3652,-3659,-0.46,SJNFAAZE1U0005576,117.74,13.04,9189.3310546875,79,75,0,0,0,0,15.5,99.17,-173455,53,1528047184.712,13640,2,0,0,0,0,0,0,0,4,351.61,351.61,1F,1,1,1,0080,79,40,40,0,0,19,26.00
03/06/2018 18:33:08,55 59.40535,-2 30.55496,239,0,291,574632,1144818,351.46,53.390,3669,3649,3661,20,0,96.0,35.6,88.6,31.4,none,none,82.4,28.0,3657,-3665,3657,-3666,3658,3664,3663,-3665,3660,3668,3661,-3668,3661,-3668,3661,-3669,3661,-3668,3660,-3667,3661,-3669,3661,-3669,3662,-3669,3659,3669,3659,-3667,3662,-3667,3661,-3667,3662,-3667,3662,3667,3661,-3667,3660,-3666,3661,-3667,3658,-3664,3658,-3662,3651,-3660,3652,-3662,3654,-3660,3654,-3661,3658,-3664,3655,-3662,3652,-3665,3654,-3666,3654,-3666,3653,3665,3657,-3666,3655,-3667,3658,-3666,3650,-3667,3652,3668,3653,-3666,3652,-3667,3649,-3664,3655,-3665,3655,-3665,3653,-3663,3653,-3661,3652,-3663,3651,3658,-0.45,SJNFAAZE1U0005576,117.74,13.04,9189.3310546875,79,75,0,0,0,0,15.5,99.17,-173455,53,1528047188.443,14600,2,0,0,0,0,0,0,0,4,351.51,351.51,1F,1,1,1,0080,79,40,40,0,0,19,25.50
03/06/2018 18:33:12,55 59.40535,-2 30.55496,239,0,290,574144,1144818,351.36,55.373,3668,3650,3660,18,0,96.0,35.6,88.8,31.6,none,none,82.4,28.0,3656,-3664,3656,3664,3658,3664,3663,-3663,3660,-3667,3660,-3667,3660,3668,3659,-3668,3660,-3667,3660,-3666,3661,-3667,3661,-3668,3660,-3667,3660,-3668,3659,-3667,3662,3667,3661,-3665,3663,-3666,3662,-3666,3659,-3666,3661,3665,3661,-3666,3658,-3663,3657,-3660,3650,-3658,3652,-3660,3653,3660,3654,-3660,3657,-3662,3655,-3661,3651,-3663,3653,-3665,3654,-3664,3654,-3664,3656,-3665,3654,3664,3655,-3665,3650,-3665,3650,-3667,3653,-3666,3653,3667,3650,-3664,3653,-3663,3655,-3665,3653,-3662,3652,-3661,3651,-3660,3651,-3658,-0.45,SJNFAAZE1U0005576,117.74,13.04,9189.3310546875,79,75,0,0,0,0,15.5,99.17,-173455,53,1528047192.164,15400,2,0,0,0,0,0,0,0,4,351.39,351.39,1F,1,1,1,0080,79,40,40,0,0,19,25.50
03/06/2018 18:33:15,55 59.40535,-2 30.55496,239,0,290,573644,1144818,351.26,54.824,3668,3649,3659,19,0,96.0,35.6,88.8,31.6,none,none,82.4,28.0,3655,-3663,3656,-3663,3658,3663,3662,3662,3659,-3665,3659,-3666,3659,-3668,3660,-3667,3659,3666,3659,-3665,3661,-3666,3661,-3666,3660,-3668,3659,-3667,3659,-3664,3660,-3665,3660,-3664,3661,3665,3661,-3666,3660,-3666,3660,-3664,3659,-3664,3658,-3663,3656,3659,3649,-3659,3650,-3659,3652,-3660,3653,-3658,3656,3662,3654,-3660,3650,-3662,3652,-3664,3653,-3663,3652,-3664,3655,-3664,3652,-3663,3656,-3664,3649,3664,3651,-3666,3651,-3664,3649,-3666,3649,-3663,3651,3664,3653,-3664,3651,-3660,3650,-3660,3650,-3661,3650,-3657,-0.43,SJNFAAZE1U0005576,117.74,13.04,9189.3310546875,79,75,0,0,0,0,15.5,99.17,-173455,53,1528047195.752,15760,2,0,0,0,0,0,0,0,4,351.30,351.30,1F,1,1,1,0080,79,40,40,0,0,19,27.00
03/06/2018 18:33:19,55 59.40535,-2 30.55496,239,0,290,573146,1144818,350.88,58.883,3665,3645,3655,20,0,96.0,35.6,88.8,31.6,none,none,82.4,28.0,3651,-3660,3653,-3659,3653,3660,3659,-3660,3655,-3661,3655,3663,3656,-3665,3656,-3664,3656,-3663,3656,-3662,3656,3663,3656,-3663,3657,-3664,3655,-3664,3655,-3662,3656,-3663,3657,3661,3657,-3661,3657,-3663,3657,-3662,3656,-3661,3656,-3661,3654,-3659,3652,-3656,3646,-3653,3646,3657,3648,-3654,3650,-3655,3653,-3659,3649,-3657,3647,3658,3649,-3660,3649,-3660,3648,-3661,3652,-3660,3649,-3659,3654,-3660,3646,-3661,3648,-3662,3647,3662,3647,-3662,3645,-3659,3648,-3660,3650,-3660,3648,3656,3647,-3656,3647,-3657,3645,-3653,-0.45,SJNFAAZE1U0005576,117.74,13.04,9189.3310546875,79,75,0,0,0,0,15.5,99.17,-173455,53,1528047199.466,15760,2,0,0,0,0,0,0,0,4,351.14,351.14,1F,1,1,1,0080,80,40,40,0,0,19,27.50
03/06/2018 18:33:23,55 59.40535,-2 30.55496,239,0,290,572609,1144818,350.98,61.599,3663,3647,3656,16,0,96.0,35.6,88.8,31.6,none,none,82.4,28.0,-3657,3654,-3657,3653,-3659,3657,-3660,3656,-3661,3657,-3660,3658,-3662,3658,-3662,3658,-3662,3657,-3661,3656,-3661,3659,-3662,3659,-3663,3657,-3662,3657,-3662,3659,-3662,3659,-3661,3659,-3661,3660,-3661,3658,-3660,3658,-3661,3658,-3660,3658,-3657,3655,-3657,3654,-3651,3648,-3654,3650,-3654,3650,-3655,3650,-3658,3653,-3658,3649,-3655,3651,-3659,3651,-3660,3652,-3659,3651,-3660,3652,-3658,3652,-3663,3648,-3658,3648,-3660,3650,-3662,3649,-3660,3650,-3657,3650,-3657,3650,-3658,3652,-3655,3650,-3655,3649,-3655,3649,-3654,3647,-0.45,SJNFAAZE1U0005576,117.74,13.04,9189.3310546875,79,75,0,0,0,0,15.5,99.17,-173455,53,1528047203.398,16360,2,0,0,0,0,0,0,0,4,350.96,350.96,1F,1,1,1,0080,80,40,40,0,0,19,28.25
03/06/2018 18:33:27,55 59.40535,-2 30.55496,239,0,289,572032,1144818,350.78,60.256,3662,3646,3654,16,0,96.0,35.6,88.8,31.6,none,none,82.4,28.0,-3655,3652,-3656,3653,-3657,3655,-3659,3654,-3659,3656,-3659,3657,-3659,3655,-3661,3656,-3659,3657,-3660,3655,-3660,3657,-3662,3658,-3661,3654,-3661,3655,-3659,3658,-3660,3658,-3659,3656,-3660,3658,-3660,3657,-3659,3656,-3659,3656,-3659,3655,-3658,3654,-3655,3652,-3651,3647,-3652,3649,-3654,3648,-3654,3648,-3657,3651,-3657,3647,-3653,3648,-3657,3649,-3658,3651,-3657,3649,-3659,3650,-3658,3651,-3660,3646,-3657,3647,-3659,3649,-3661,3648,-3659,3648,-3655,3648,-3656,3649,-3658,3650,-3655,3649,-3653,3647,-3653,3647,-3653,3647,-0.45,SJNFAAZE1U0005576,117.74,13.04,9189.3310546875,79,75,0,0,0,0,15.5,99.17,-173455,53,1528047207.213,16880,2,1,0,4,0,0,0,0,4,350.88,350.88,1F,1,1,1,0080,80,40,40,0,0,19,28.25
03/06/2018 18:33:31,55 59.40535,-2 30.55496,239,0,289,571489,1144818,350.78,62.545,3662,3644,3654,18,0,96.0,35.6,88.8,31.6,none,none,82.4,28.0,-3654,3651,-3657,3650,-3657,3652,-3658,3653,-3658,3654,-3657,3656,-3659,3655,-3662,3654,-3659,3656,-3660,3653,-3661,3654,-3661,3656,-3662,3653,-3660,3655,-3660,3655,-3659,3656,-3658,3656,-3659,3656,-3660,3655,-3659,3655,-3659,3655,-3658,3654,-3656,3651,-3656,3651,-3650,3645,-3652,3647,-3653,3648,-3655,3648,-3658,3649,-3657,3647,-3654,3645,-3658,3647,-3659,3648,-3658,3649,-3659,3648,-3657,3649,-3662,3644,-3658,3645,-3660,3646,-3661,3646,-3659,3646,-3657,3647,-3657,3647,-3659,3650,-3654,3648,-3653,3647,-3654,3645,-3652,3645,-0.46,SJNFAAZE1U0005576,117.74,13.04,9189.3310546875,79,75,0,0,0,0,15.5,99.17,-173455,53,1528047211.052,17000,2,0,0,0,0,0,0,0,4,350.79,350.79,1F,1,1,1,0080,80,40,40,0,0,19,28.25
03/06/2018 18:33:34,55 59.40535,-2 30.55496,239,0,289,570920,1144818,350.78,59.218,3661,3645,3654,16,0,96.2,35.7,88.8,31.6,none,none,82.6,28.1,-3653,3651,-3656,3652,-3655,3654,-3658,3654,-3657,3655,-3658,3656,-3658,3654,-3659,3655,-3660,3655,-3659,3653,-3660,3655,-3660,3657,-3660,3655,-3661,3655,-3659,3656,-3659,3656,-3658,3656,-3658,3657,-3659,3655,-3658,3654,-3659,3656,-3658,3655,-3656,3653,-3654,3652,-3650,3645,-3651,3648,-3653,3647,-3653,3648,-3657,3650,-3656,3647,-3653,3647,-3657,3648,-3657,3649,-3657,3648,-3659,3650,-3657,3650,-3659,3646,-3657,3647,-3657,3648,-3659,3648,-3658,3650,-3655,3649,-3655,3649,-3658,3649,-3653,3648,-3652,3647,-3654,3646,-3653,3647,-0.46,SJNFAAZE1U0005576,117.74,13.04,9189.3310546875,79,75,0,0,0,0,15.5,99.17,-173455,53,1528047214.894,17000,2,0,0,0,0,0,0,0,4,350.83,350.83,1F,1,1,1,0080,80,40,40,0,0,19,28.00
03/06/2018 18:33:38,55 59.40535,-2 30.55496,239,0,288,570382,1144818,350.59,59.951,3660,3642,3652,18,0,96.2,35.7,88.8,31.6,none,none,82.6,28.1,3647,-3657,3649,3656,3650,3655,3655,-3656,3653,-3658,3652,-3660,-3652,3660,3652,-3660,-3652,3659,-3653,3658,-3653,3660,-3654,3660,-3654,3659,-3652,3660,-3652,3658,-3656,3658,-3654,3658,-3654,3659,-3654,3659,-3653,3658,3654,3657,-3653,3658,3651,-3654,3650,-3652,3643,-3650,3644,-3653,3645,3651,3645,-3651,3650,-3655,3648,-3654,3644,-3654,3644,-3656,3647,-3656,3646,-3658,3649,-3656,3645,3656,3650,-3656,3643,-3657,3645,-3658,3645,-3658,3644,3658,3642,-3657,3645,-3655,3646,-3657,3644,-3653,3644,-3654,3643,-3653,3643,-3650,-0.45,SJNFAAZE1U0005576,117.74,13.04,9189.3310546875,79,75,0,0,0,0,15.5,99.17,-173455,53,1528047218.528,16920,2,0,0,0,0,0,0,0,4,350.68,350.68,1F,1,1,1,0080,80,40,40,0,0,19,28.50
03/06/2018 18:33:42,55 59.40535,-2 30.55496,239,0,288,569843,1144818,350.69,60.378,3661,3642,3653,19,0,96.0,35.6,88.8,31.6,none,none,82.6,28.1,3648,-3657,3649,-3657,3650,3657,3655,3657,3652,-3659,3652,-3660,3654,-3660,3653,-3661,3652,-3660,3653,3659,3653,-3661,3653,-3660,3655,-3661,3652,-3661,3653,3660,3654,-3659,3653,-3658,3654,-3658,3654,-3660,3653,-3659,3653,-3658,3652,-3658,3649,-3655,3649,3654,3644,-3652,3644,-3654,3644,-3652,3647,-3653,3650,3656,3647,-3654,3643,-3657,3646,-3658,3647,-3657,3646,-3658,3649,-3657,3647,-3657,3651,-3658,3642,3658,3644,-3660,3647,-3659,3645,-3658,3642,-3657,3646,3656,3647,-3658,3645,-3654,3645,-3653,3644,-3653,3643,-3652,-0.46,SJNFAAZE1U0005576,117.74,13.04,9190.9404296875,79,75,0,0,0,0,15.5,99.17,-173455,53,1528047222.363,16120,2,0,0,0,0,0,0,0,4,350.68,350.68,1F,1,1,1,0080,80,40,40,0,0,19,26.00
03/06/2018 18:33:46,55 59.40535,-2 30.55496,239,0,288,569354,1144818,350.98,52.261,3664,3645,3656,19,0,96.0,35.6,88.8,31.6,none,none,82.4,28.0,3651,-3660,3651,-3659,3654,3660,3659,-3659,3655,-3662,3656,-3663,3655,-3664,3656,-3664,3656,-3663,3656,-3661,3657,-3663,3657,3663,3657,-3663,3656,-3663,3655,-3662,3657,-3662,3657,3660,3658,-3662,3657,-3662,3655,-3661,3656,-3661,3656,-3661,3653,-3659,3652,-3656,3646,-3656,3647,3657,3649,-3655,3649,-3655,3653,-3659,3651,-3657,3646,3660,3649,-3661,3649,-3662,3649,-3661,3652,-3662,3649,-3660,3652,-3661,3647,-3661,3648,-3662,3649,3662,3648,-3662,3645,-3659,3649,-3660,3650,-3659,3648,3658,3648,-3658,3648,-3656,3647,-3653,-0.44,SJNFAAZE1U0005576,117.74,13.04,9190.9404296875,79,75,0,0,0,0,15.5,99.17,-173455,53,1528047226.121,14840,2,0,0,0,0,0,0,0,4,350.91,350.91,1F,1,1,1,0080,80,40,40,0,0,19,22.25
03/06/2018 18:33:49,55 59.40535,-2 30.55496,239,0,288,568916,1144818,351.07,53.237,3665,3646,3657,19,0,96.0,35.6,88.8,31.6,none,none,82.4,28.0,3652,-3661,3653,-3660,3655,3660,3658,-3660,3656,3663,3656,-3663,3657,-3664,3656,-3665,3656,-3664,3656,-3663,3656,-3665,3658,-3664,3658,-3665,3655,3665,3654,-3663,3658,-3663,3658,-3661,3658,-3662,3658,3664,3658,-3663,3658,-3662,3657,-3662,3654,-3660,3653,-3656,3648,-3656,3648,-3658,3650,-3657,3651,3657,3652,-3661,3652,-3658,3648,-3661,3650,-3663,3651,3662,3650,-3660,3653,-3662,3651,-3661,3653,-3662,3648,-3663,3648,-3664,3650,-3663,3649,-3664,3646,3661,3650,-3661,3651,-3661,3649,-3658,3649,-3658,3648,3658,3648,-3654,-0.45,SJNFAAZE1U0005576,117.74,13.04,9190.9404296875,79,75,0,0,0,0,15.5,99.17,-173455,53,1528047229.739,13720,2,0,0,0,0,0,0,0,4,350.91,350.91,1F,1,1,1,0080,80,40,40,0,0,19,20.75
03/06/2018 18:33:53,55 59.40535,-2 30.55496,239,0,288,568522,1144818,351.26,41.732,3666,3651,3659,15,0,96.2,35.7,88.8,31.6,none,none,82.4,28.0,3656,-3663,3656,3663,3658,3662,3661,-3662,3659,-3665,3660,-3665,3660,3665,3659,-3666,3660,-3666,3660,-3664,3660,-3666,3661,-3665,3660,-3666,3660,-3665,3659,-3664,3661,3664,3660,-3664,3662,-3665,3661,-3665,3660,-3664,3660,3664,3660,-3664,3658,-3663,3657,-3659,3652,-3658,3652,-3660,3653,-3660,3654,-3658,3657,-3662,3657,3660,3651,-3662,3654,-3664,3654,-3664,3654,-3663,3657,3664,3655,-3663,3656,-3663,3653,-3664,3652,-3666,3654,-3664,3654,3665,3652,-3662,3654,-3662,3655,-3662,3653,-3661,3653,-3658,3652,-3660,3652,-3657,-0.43,SJNFAAZE1U0005576,117.74,13.04,9190.9404296875,79,75,0,0,0,0,15.5,99.17,-173455,53,1528047233.189,12320,2,1,0,4,0,0,0,0,4,351.28,351.28,1F,1,1,1,0080,80,40,40,0,0,19,19.00
03/06/2018 18:33:57,55 59.40535,-2 30.55496,239,0,287,568162,1144818,351.26,43.135,3666,3650,3659,16,0,96.0,35.6,88.8,31.6,none,none,82.4,28.0,-3660,3656,-3661,3655,-3662,3660,-3663,3658,-3664,3661,-3664,3662,-3664,3660,-3666,3659,-3666,3661,-3665,3659,-3665,3661,-3666,3661,-3666,3659,-3665,3659,-3664,3662,-3664,3661,-3664,3661,-3665,3662,-3664,3661,-3664,3660,-3665,3660,-3664,3661,-3661,3658,-3661,3657,-3656,3652,-3658,3654,-3659,3655,-3658,3653,-3662,3655,-3662,3654,-3659,3653,-3663,3654,-3663,3655,-3663,3654,-3664,3655,-3663,3656,-3663,3650,-3662,3652,-3663,3653,-3665,3654,-3664,3654,-3663,3654,-3661,3654,-3663,3656,-3659,3654,-3658,3654,-3658,3653,-3659,3653,-0.45,SJNFAAZE1U0005576,117.74,13.04,9190.9404296875,79,75,0,0,0,0,15.5,99.17,-173455,53,1528047237.019,11880,2,0,0,0,0,0,0,0,4,351.31,351.31,1F,1,1,1,0080,80,40,40,0,0,19,18.25
03/06/2018 18:34:00,55 59.40535,-2 30.55496,239,0,287,567801,1144818,351.36,37.154,3667,3651,3660,16,0,96.0,35.6,89.0,31.7,none,none,82.6,28.1,-3660,3659,-3663,3657,-3665,3659,-3665,3659,-3664,3661,-3665,3663,-3665,3662,-3667,3661,-3666,3660,-3666,3660,-3666,3661,-3667,3662,-3667,3660,-3666,3660,-3666,3662,-3666,3661,-3665,3662,-3665,3662,-3666,3661,-3665,3661,-3666,3661,-3665,3662,-3663,3660,-3661,3658,-3657,3653,-3660,3654,-3661,3654,-3660,3655,-3665,3655,-3663,3654,-3661,3653,-3665,3654,-3665,3654,-3664,3655,-3665,3656,-3663,3655,-3667,3651,-3665,3652,-3667,3652,-3666,3652,-3665,3653,-3663,3653,-3663,3654,-3664,3656,-3661,3654,-3660,3654,-3660,3652,-3660,3653,-0.45,SJNFAAZE1U0005576,117.74,13.04,9190.9404296875,79,75,0,0,0,0,15.5,99.17,-173455,53,1528047240.711,11320,2,0,0,0,0,0,0,0,4,351.48,351.48,1F,1,1,1,0080,80,40,40,0,0,19,18.00
03/06/2018 18:34:04,55 59.40535,-2 30.55496,239,0,287,567434,1144818,351.26,41.091,3666,3649,3659,17,0,96.0,35.6,88.8,31.6,none,none,82.4,28.0,-3660,3656,-3662,3655,-3664,3658,-3665,3659,-3663,3660,-3664,3661,-3666,3659,-3665,3659,-3665,3660,-3665,3658,-3666,3660,-3666,3661,-3666,3658,-3666,3657,-3665,3661,-3665,3661,-3664,3660,-3665,3662,-3665,3660,-3665,3660,-3665,3660,-3664,3660,-3661,3657,-3662,3656,-3656,3651,-3659,3652,-3659,3654,-3659,3653,-3663,3654,-3663,3652,-3659,3651,-3663,3652,-3665,3653,-3663,3654,-3664,3654,-3663,3654,-3665,3649,-3665,3651,-3665,3652,-3666,3650,-3665,3651,-3663,3652,-3662,3653,-3664,3653,-3659,3654,-3659,3651,-3660,3651,-3659,3652,-0.46,SJNFAAZE1U0005576,117.74,13.04,9190.9404296875,79,75,0,0,0,0,15.5,99.17,-173455,53,1528047244.366,11360,2,0,0,0,0,0,0,0,4,351.40,351.40,1F,1,1,1,0080,80,40,40,0,0,19,21.50
03/06/2018 18:34:08,55 59.40535,-2 30.55496,239,0,287,566997,1144818,351.07,50.643,3665,3648,3657,17,0,96.0,35.6,88.8,31.6,none,none,82.6,28.1,-3659,3654,-3661,3655,-3661,3657,-3663,3656,-3662,3658,-3662,3659,-3663,3658,-3664,3658,-3663,3659,-3663,3657,-3664,3659,-3664,3659,-3664,3657,-3665,3658,-3663,3659,-3662,3659,-3663,3658,-3663,3660,-3663,3658,-3663,3658,-3661,3656,-3662,3659,-3660,3655,-3659,3655,-3654,3649,-3656,3650,-3659,3652,-3658,3652,-3662,3653,-3660,3651,-3658,3651,-3662,3651,-3663,3652,-3662,3653,-3664,3653,-3661,3652,-3664,3648,-3662,3649,-3663,3650,-3664,3650,-3663,3650,-3661,3650,-3660,3652,-3661,3654,-3658,3651,-3657,3650,-3658,3650,-3657,3650,-0.44,SJNFAAZE1U0005576,117.74,13.04,9190.9404296875,79,75,0,0,0,0,15.5,99.17,-173455,53,1528047248.180,13680,2,0,0,0,0,0,0,0,4,351.06,351.06,1F,1,1,1,0080,80,40,40,0,0,19,22.00
03/06/2018 18:34:11,55 59.40535,-2 30.55496,239,0,287,566589,1144818,351.17,46.950,3665,3649,3658,16,0,96.0,35.6,88.8,31.6,none,none,82.4,28.0,3655,-3662,3656,-3660,3656,3661,3661,-3661,3658,-3663,3659,-3663,3659,-3665,3659,-3664,3659,-3663,3658,-3663,3659,-3663,3660,3663,3660,-3664,3658,-3664,3659,-3663,3660,-3663,3659,3662,3659,-3663,3659,-3663,3659,-3662,3658,-3662,3659,-3663,-3657,3660,-3655,3658,-3650,3656,-3651,3658,-3652,3657,-3652,3656,-3654,3659,-3653,3657,-3651,3661,-3653,3661,-3654,3662,-3652,3661,-3655,3661,-3653,3660,-3654,3661,-3650,3661,-3651,3663,-3653,3662,-3651,3662,-3649,3659,-3652,3660,-3654,3662,3651,3659,-3651,3658,3651,-3657,3650,-3655,-0.43,SJNFAAZE1U0005576,117.74,13.04,9190.9404296875,79,75,0,0,0,0,15.5,99.17,-173455,53,1528047251.862,13520,2,0,0,0,0,0,0,0,4,351.09,351.09,1F,1,1,1,0080,80,40,40,0,0,19,20.25
03/06/2018 18:34:15,55 59.40535,-2 30.55496,239,0,286,566173,1144818,350.98,45.882,3664,3646,3656,18,0,96.0,35.6,88.8,31.6,none,none,82.6,28.1,3652,-3661,3653,-3660,3655,3661,3659,-3660,3657,3663,3655,-3664,3657,-3663,3656,-3664,3656,-3664,3656,-3662,3657,-3664,3657,-3664,3657,-3664,3656,3664,3655,-3663,3657,-3662,3656,-3662,3658,-3662,3657,3663,3657,-3662,3657,-3661,3657,-3662,3654,-3660,3653,-3657,3648,3656,3649,-3658,3650,-3657,3651,-3656,3654,-3660,3651,-3658,3647,-3660,3650,-3661,3650,-3662,3650,3660,3652,-3662,3650,-3660,3652,-3662,3646,-3661,3648,3664,3650,-3663,3647,-3662,3646,-3660,3649,-3660,3651,-3661,3648,-3658,3647,-3657,3648,-3658,3647,3653,-0.46,SJNFAAZE1U0005576,117.74,13.04,9190.9404296875,79,75,0,0,0,0,15.5,99.17,-173455,53,1528047255.650,13200,2,0,0,0,0,0,0,0,4,351.10,351.10,1F,1,1,1,0080,80,40,40,0,0,19,21.25
03/06/2018 18:34:19,55 59.40535,-2 30.55496,239,0,286,565768,1144818,353.09,6.240,3685,3670,3678,15,0,96.0,35.6,88.8,31.6,none,none,82.4,28.0,3675,-3683,3674,3682,3677,3682,3680,-3681,3678,-3683,3678,-3683,3678,3685,3677,-3685,3676,-3684,3677,-3682,3678,-3684,3678,-3683,3678,-3684,3676,-3684,3676,-3682,3679,3683,3678,-3682,3678,-3681,3679,-3684,3678,-3682,3678,-3683,3678,3683,3676,-3681,3676,-3678,3672,-3681,3674,-3682,3674,3679,3675,-3681,3676,-3683,3675,-3680,3673,-3682,3673,-3684,3673,-3684,3674,-3684,3674,-3683,3674,3682,3673,-3683,3670,-3685,3670,-3684,3672,-3683,3671,3685,3670,-3682,3672,-3682,3672,-3683,3673,-3681,3672,-3680,3673,-3681,3672,-3678,-0.45,SJNFAAZE1U0005576,117.74,13.04,9190.9404296875,79,75,0,0,0,0,15.5,99.17,-173455,53,1528047259.291,11760,2,1,0,4,0,0,0,0,4,352.23,352.23,1F,1,1,1,0080,80,40,40,0,0,19,-20.00
03/06/2018 18:34:23,55 59.40535,-2 30.55496,239,0,286,566040,1144818,353.76,-17.287,3691,3678,3685,13,0,96.2,35.7,89.0,31.7,none,none,82.6,28.1,3683,-3690,3683,-3689,3684,3689,3687,3687,3685,-3689,3683,-3690,3685,-3691,3685,-3691,3685,3691,3685,-3688,3685,-3690,3686,-3690,3686,-3691,3685,-3689,3684,3689,3686,-3689,3685,-3689,3685,-3690,3687,-3690,3685,-3689,3686,-3689,3686,-3690,3684,-3688,3683,3686,3681,-3687,3682,-3688,3681,-3686,3683,-3687,3683,3689,3684,-3687,3680,-3688,3681,-3689,3682,-3689,3681,-3689,3683,-3690,3682,-3688,3680,-3690,3680,3690,3679,-3689,3679,-3690,3679,-3689,3678,-3689,3681,3688,3681,-3689,3682,-3688,3680,-3687,3680,-3688,3679,-3685,-0.47,SJNFAAZE1U0005576,117.74,13.04,9190.9404296875,79,75,0,0,0,0,15.5,99.17,-173467,53,1528047263.130,0,2,0,0,0,0,0,0,0,4,353.86,353.86,1F,1,1,1,0080,80,40,40,0,0,19,-11.00
03/06/2018 18:34:26,55 59.40535,-2 30.55496,239,0,286,566031,1144818,352.32,27.480,3678,3660,3670,18,0,96.0,35.6,88.8,31.6,none,none,82.4,28.0,3667,-3675,3666,-3674,3668,3673,3672,-3673,3670,-3676,3669,3677,3669,-3677,3669,-3677,3670,-3677,3668,-3674,3670,3676,3670,-3677,3670,-3677,3669,-3677,3669,-3675,3671,-3676,3671,3675,3671,-3675,3671,-3676,3670,-3675,3671,-3675,3671,-3677,3668,-3674,3668,-3671,3663,-3672,3664,3673,3664,-3671,3666,-3671,3667,-3674,3666,-3673,3662,3675,3665,-3676,3664,-3676,3664,-3674,3667,-3675,3665,-3674,3666,-3675,3661,-3677,3663,-3677,3663,3676,3663,-3678,3660,-3674,3665,-3673,3666,-3674,3664,3673,3664,-3671,3664,-3672,3662,-3669,-0.43,SJNFAAZE1U0005576,117.74,13.04,9190.9404296875,79,75,0,0,0,0,15.5,99.17,-173467,53,1528047266.851,6920,2,0,0,0,0,0,0,0,4,352.54,352.54,1F,1,1,1,0080,80,40,40,0,0,19,8.50
03/06/2018 18:34:30,55 59.40535,-2 30.55496,239,0,286,565913,1144818,352.80,16.708,3683,3666,3675,17,0,96.0,35.6,88.8,31.6,none,none,82.4,28.0,-3677,3672,-3677,3673,-3679,3674,-3680,3674,-3680,3674,-3680,3676,-3680,3675,-3682,3675,-3681,3674,-3680,3674,-3680,3675,-3681,3676,-3682,3675,-3681,3674,-3679,3676,-3681,3676,-3679,3675,-3679,3676,-3679,3674,-3679,3676,-3680,3676,-3680,3676,-3678,3674,-3678,3673,-3675,3668,-3676,3670,-3676,3669,-3677,3670,-3679,3671,-3679,3669,-3677,3668,-3681,3669,-3681,3671,-3681,3669,-3680,3669,-3681,3671,-3680,3666,-3681,3667,-3680,3668,-3683,3667,-3682,3668,-3679,3668,-3679,3669,-3680,3670,-3677,3670,-3676,3667,-3677,3668,-3676,3668,-0.50,SJNFAAZE1U0005576,117.75,13.04,9190.9404296875,79,75,0,0,0,0,15.5,99.17,-173467,53,1528047270.488,4720,2,0,0,0,0,0,0,0,4,352.80,352.80,1F,1,1,1,0080,80,40,40,0,0,19,9.50
03/06/2018 18:34:34,55 59.40535,-2 30.55496,239,0,286,565791,1144818,353.28,3.981,3687,3671,3680,16,0,96.0,35.6,88.8,31.6,none,none,82.4,28.0,-3682,3678,-3683,3677,-3684,3678,-3684,3679,-3684,3680,-3684,3680,-3684,3680,-3686,3679,-3685,3679,-3685,3679,-3685,3679,-3685,3681,-3686,3678,-3685,3678,-3685,3680,-3684,3680,-3683,3681,-3684,3682,-3685,3680,-3684,3680,-3685,3680,-3683,3681,-3683,3678,-3682,3678,-3678,3674,-3682,3675,-3682,3676,-3682,3674,-3684,3677,-3684,3674,-3684,3673,-3685,3674,-3685,3675,-3684,3676,-3686,3675,-3684,3676,-3684,3671,-3685,3672,-3686,3672,-3687,3672,-3685,3673,-3684,3673,-3684,3674,-3684,3675,-3683,3675,-3680,3674,-3681,3673,-3680,3673,-0.44,SJNFAAZE1U0005576,117.75,13.04,9190.9404296875,79,75,0,0,0,0,15.5,99.17,-173467,53,1528047274.151,2040,2,0,0,0,0,0,0,0,4,353.26,353.26,1F,1,1,1,0080,80,40,40,0,0,19,9.25
03/06/2018 18:34:37,55 59.40535,-2 30.55496,239,0,286,565580,1144818,351.94,43.197,3674,3656,3666,18,0,96.0,35.6,88.8,31.6,none,none,82.6,28.1,-3667,3663,-3669,3663,-3670,3665,-3671,3666,-3672,3666,-3672,3667,-3673,3666,-3673,3665,-3672,3666,-3673,3665,-3673,3666,-3673,3667,-3673,3665,-3673,3665,-3672,3666,-3671,3668,-3672,3667,-3671,3668,-3672,3667,-3671,3667,-3672,3666,-3672,3667,-3669,3666,-3668,3664,-3664,3658,-3666,3659,-3666,3660,-3668,3659,-3671,3661,-3670,3659,-3668,3659,-3670,3659,-3671,3660,-3671,3661,-3672,3661,-3670,3661,-3671,3656,-3671,3658,-3672,3659,-3674,3659,-3671,3658,-3671,3660,-3669,3660,-3670,3663,-3668,3660,-3666,3659,-3667,3658,-3667,3658,-0.41,SJNFAAZE1U0005576,117.75,13.04,9190.9404296875,79,75,0,0,0,0,15.5,99.17,-173467,53,1528047277.764,11200,2,0,0,0,0,0,0,0,4,352.03,352.03,1F,1,1,1,0080,80,40,40,0,0,19,38.50
03/06/2018 18:34:41,55 59.40535,-2 30.55496,239,0,286,565042,1144818,350.69,72.799,3661,3644,3653,17,0,96.0,35.6,88.8,31.6,none,none,82.4,28.0,-3653,3651,-3655,3650,-3656,3652,-3658,3653,-3657,3654,-3657,3655,-3658,3654,-3660,3655,-3659,3654,-3660,3654,-3659,3654,-3660,3656,-3660,3653,-3660,3653,-3658,3655,-3659,3655,-3658,3655,-3658,3656,-3658,3655,-3659,3654,-3658,3653,-3657,3654,-3656,3651,-3654,3650,-3649,3644,-3651,3647,-3651,3646,-3653,3647,-3657,3648,-3655,3645,-3653,3644,-3657,3646,-3656,3647,-3657,3648,-3658,3648,-3655,3649,-3661,3645,-3656,3645,-3659,3646,-3661,3644,-3658,3646,-3654,3646,-3656,3646,-3657,3649,-3652,3646,-3651,3646,-3654,3645,-3651,3644,-0.42,SJNFAAZE1U0005576,117.75,13.04,9190.9404296875,79,75,0,0,0,0,15.5,99.17,-173467,53,1528047281.150,20800,2,0,0,0,0,0,0,0,4,350.63,350.63,1F,1,1,1,0080,80,40,40,0,0,19,51.00
03/06/2018 18:34:44,55 59.40535,-2 30.55496,239,0,285,564462,1144818,350.40,67.062,3659,3641,3650,18,0,96.0,35.6,88.8,31.6,none,none,82.4,28.0,-3646,3653,-3648,3653,-3648,3654,-3652,3654,-3651,3656,-3650,3658,-3651,3657,-3652,3658,-3651,3659,-3651,3657,-3652,3658,-3653,3658,-3652,3658,-3651,3657,-3650,3657,-3653,3657,-3652,3656,-3652,3656,-3652,3657,-3651,3656,3652,3655,-3650,3656,3649,-3653,3648,-3652,-3641,3648,-3642,-3651,-3644,3650,-3645,3649,-3647,3653,-3646,3652,-3641,3652,-3645,3654,-3645,3655,-3645,3653,-3648,3654,-3646,3654,-3646,3653,-3642,3654,-3643,3656,-3646,3655,-3644,3656,-3642,3654,-3645,3652,-3646,3652,-3644,3652,-3644,3649,-3643,3652,-3642,3648,-0.44,SJNFAAZE1U0005576,117.75,13.04,9190.9404296875,79,75,0,0,0,0,15.5,99.17,-173467,53,1528047284.596,20360,2,0,0,0,0,0,0,0,4,350.59,350.59,1F,1,1,1,0080,80,40,40,0,0,19,43.50
03/06/2018 18:34:48,55 59.40535,-2 30.55496,239,0,285,563822,1144818,349.73,83.846,3652,3632,3643,20,0,96.0,35.6,88.8,31.6,none,none,82.4,28.0,3639,3647,3640,-3646,3641,3647,3647,-3647,3643,-3650,3645,-3650,3645,-3651,3644,-3651,3645,-3651,3645,3650,3646,-3650,3646,-3651,3646,-3651,3643,-3652,3643,-3650,3646,3649,3645,-3649,3646,-3650,3646,-3649,3644,-3650,3645,3647,3644,-3648,3641,-3646,3640,-3644,3632,-3641,3634,-3642,3635,-3640,3636,-3641,3641,-3645,3638,3643,3634,-3645,3637,-3647,3639,-3647,3638,-3647,3639,3646,3637,-3647,3642,-3646,3634,-3647,3636,-3648,3637,-3648,3637,-3649,3634,-3646,3636,-3646,3639,3648,3635,-3642,3636,-3643,3635,-3643,3635,-3640,-0.45,SJNFAAZE1U0005576,117.75,13.04,9190.9404296875,79,75,0,0,0,0,15.5,99.17,-173467,53,1528047288.021,23920,2,1,0,4,0,0,0,0,4,349.74,349.74,1F,1,1,1,0080,80,40,40,0,0,19,45.25
03/06/2018 18:34:51,55 59.40535,-2 30.55496,239,0,285,563227,1144818,350.40,60.286,3659,3639,3650,20,0,96.0,35.6,88.8,31.6,none,none,82.4,28.0,3646,-3656,3646,-3654,3647,3654,3653,-3654,3650,-3657,3650,-3658,3650,-3659,3650,-3658,3650,3657,3651,-3656,3650,-3658,3651,-3658,3651,-3658,3649,-3659,3650,-3657,3652,-3657,3650,-3656,3652,3657,3652,-3657,3651,-3658,3651,-3654,3650,-3657,3648,3654,3647,-3650,3641,-3650,3642,-3651,3643,-3649,3645,-3650,3648,-3652,3645,-3651,3642,-3654,3644,3655,3644,-3655,3644,-3656,3646,-3655,3643,-3654,3650,3655,3641,-3657,3642,-3656,3644,-3657,3644,-3657,3639,-3654,3643,-3654,3645,-3656,3643,-3651,3642,3652,3641,-3651,3641,-3648,-0.45,SJNFAAZE1U0005576,117.75,13.04,9190.9404296875,79,75,0,0,0,0,15.5,99.17,-173467,53,1528047291.530,17640,2,0,0,0,0,0,0,0,4,350.36,350.36,1F,1,1,1,0080,80,40,40,0,0,19,35.00
03/06/2018 18:34:55,55 59.40535,-2 30.55496,239,0,284,561483,1144818,343.30,299.969,3589,3558,3576,31,0,96.0,35.6,88.8,31.6,none,none,82.4,28.0,3567,-3580,3572,-3579,3572,3582,3580,-3582,3576,-3586,3578,3587,3579,-3588,3579,-3589,3579,-3589,3581,-3587,3580,3589,3581,-3589,3582,-3588,3579,-3589,3579,-3588,3582,-3588,3579,-3586,3582,-3587,3581,-3586,3578,3587,3577,-3583,3575,-3584,3573,-3580,3571,-3577,3559,3567,3558,-3570,3561,-3570,3563,-3571,3572,-3577,3566,-3572,3561,-3576,3567,-3580,3568,-3578,3567,3582,3571,-3581,3568,-3580,3583,-3579,3562,-3580,3567,3583,3568,-3580,3566,-3582,3562,-3578,3566,-3579,3570,-3583,3562,-3573,3562,-3574,3562,-3573,3562,-3569,-0.44,SJNFAAZE1U0005576,117.75,13.04,9192.5498046875,79,75,0,0,0,0,15.5,99.17,-173467,53,1528047295.122,80000,2,0,0,0,0,0,0,0,4,341.17,341.17,1F,1,1,1,0080,80,40,40,0,0,19,49.75
03/06/2018 18:34:58,55 59.40535,-2 30.55496,239,0,284,560824,1144818,353.18,-23.299,3686,3671,3679,15,0,96.0,35.6,88.8,31.6,none,none,82.4,28.0,3676,-3683,3676,-3682,3676,3681,3680,-3680,3677,-3683,3677,-3682,3677,-3684,3677,3684,3676,-3682,3676,-3682,3678,-3684,3677,-3683,3677,3684,3677,-3683,3676,-3681,3678,-3682,3678,-3682,3678,-3682,3678,-3684,3676,-3683,3677,-3681,3678,3683,3676,-3681,3677,-3679,3674,-3681,3675,-3682,3676,3681,3676,-3680,3677,-3683,3675,-3682,3673,-3685,3674,-3684,3674,-3685,3674,-3685,3675,-3684,3674,3684,3672,-3684,3671,-3684,3673,-3686,3672,-3685,3672,-3686,3671,3684,3673,-3683,3674,-3684,3675,-3682,3675,-3682,3674,3683,3672,-3679,-0.41,SJNFAAZE1U0005576,117.75,13.04,9192.5498046875,79,75,0,0,0,0,15.5,99.17,-173467,53,1528047298.599,0,2,0,0,0,0,0,0,0,4,352.18,352.18,1F,1,1,1,0080,80,40,40,0,0,19,-72.25
03/06/2018 18:35:02,55 59.40535,-2 30.55496,239,0,284,561590,1144818,353.86,-47.774,3694,3678,3686,16,0,96.2,35.7,89.0,31.7,none,none,82.6,28.1,3688,3683,3690,-3683,3690,3685,3691,-3685,3691,-3685,3690,-3686,3692,-3686,3692,-3685,-3691,-3683,3691,3683,-3692,3684,-3692,3685,-3691,3684,-3691,3683,-3689,3685,-3691,3686,-3691,3686,-3690,3686,-3690,3685,-3690,3685,-3691,3686,-3690,3686,-3689,3684,-3690,3683,-3686,3682,-3690,3683,-3688,3683,-3689,3683,3690,3682,-3692,3681,3691,-3679,3692,-3680,3692,-3682,3692,-3680,3692,3681,3691,-3682,3689,-3678,3693,-3679,3693,-3678,3694,-3678,3692,-3679,3692,-3680,3692,-3680,3691,3680,3690,-3682,3688,-3680,3690,-3680,3689,-3681,-0.45,SJNFAAZE1U0005576,117.75,13.04,9192.5498046875,79,75,0,0,0,0,15.5,99.17,-173498,53,1528047302.222,0,2,0,0,0,0,0,0,0,4,354.50,354.50,1F,1,1,1,0080,81,40,40,0,0,19,10.00
03/06/2018 18:35:05,55 59.40535,-2 30.55496,239,0,284,561512,1144818,351.94,22.536,3674,3658,3666,16,0,96.2,35.7,89.0,31.7,none,none,82.6,28.1,-3668,3664,-3669,3664,-3670,3666,-3671,3665,-3671,3666,-3671,3668,-3671,3666,-3673,3666,-3672,3667,-3672,3665,-3673,3666,-3673,3667,-3673,3665,-3672,3665,-3671,3668,-3671,3668,-3670,3667,-3670,3668,-3671,3666,-3671,3666,-3671,3667,-3670,3667,-3669,3665,-3668,3665,-3665,3660,-3668,3661,-3669,3662,-3669,3662,-3670,3662,-3671,3661,-3668,3658,-3672,3661,-3671,3662,-3671,3661,-3672,3662,-3670,3662,-3673,3658,-3671,3659,-3673,3659,-3674,3659,-3673,3660,-3670,3661,-3671,3660,-3671,3662,-3669,3662,-3669,3660,-3669,3661,-3667,3659,-0.45,SJNFAAZE1U0005576,117.75,13.04,9192.5498046875,79,75,0,0,0,0,15.5,99.17,-173498,53,1528047305.759,6560,2,0,0,0,0,0,0,0,4,352.11,352.11,1F,1,1,1,0080,81,40,40,0,0,19,14.50
03/06/2018 18:35:09,55 59.40535,-2 30.55496,239,0,284,561324,1144818,352.61,3.005,3681,3664,3673,17,0,96.2,35.7,89.0,31.7,none,none,82.6,28.1,-3674,3671,-3676,3670,-3676,3672,-3677,3672,-3677,3674,-3677,3673,-3678,3672,-3679,3672,-3678,3672,-3678,3671,-3678,3673,-3678,3673,-3679,3671,-3679,3671,-3677,3672,-3677,3674,-3676,3674,-3676,3674,-3677,3673,-3677,3673,-3677,3672,-3676,3674,-3675,3672,-3675,3670,-3672,3667,-3674,3667,-3676,3669,-3675,3668,-3677,3669,-3676,3668,-3675,3666,-3678,3668,-3678,3668,-3678,3669,-3678,3669,-3678,3668,-3677,3664,-3679,3666,-3680,3665,-3681,3666,-3679,3666,-3678,3667,-3677,3667,-3678,3669,-3675,3669,-3674,3666,-3675,3668,-3674,3666,-0.45,SJNFAAZE1U0005576,117.75,13.04,9192.5498046875,79,75,0,0,0,0,15.5,99.17,-173498,53,1528047309.327,5640,2,0,0,0,0,0,0,0,4,352.66,352.66,1F,1,1,1,0080,81,40,40,0,0,19,11.75
03/06/2018 18:35:12,55 59.40535,-2 30.55496,239,0,284,561099,1144818,351.36,39.138,3666,3652,3660,14,0,96.2,35.7,89.2,31.8,none,none,82.8,28.2,-3661,3660,-3663,3658,-3663,3660,-3665,3660,-3664,3662,-3665,3662,-3666,3660,-3666,3662,-3665,3662,-3665,3660,-3666,3662,-3666,3663,-3666,3659,-3666,3661,-3664,3662,-3665,3663,-3665,3662,-3665,3663,-3665,3661,-3665,3662,-3666,3662,-3664,3661,-3663,3659,-3661,3659,-3657,3654,-3659,3655,-3661,3656,-3661,3656,-3664,3657,-3664,3655,-3661,3654,-3664,3656,-3665,3657,-3664,3656,-3664,3657,-3664,3657,-3665,3652,-3665,3655,-3665,3655,-3666,3653,-3665,3655,-3663,3654,-3662,3655,-3664,3656,-3660,3654,-3659,3653,-3660,3655,-3660,3654,-0.43,SJNFAAZE1U0005576,117.75,13.04,9192.5498046875,79,75,0,0,0,0,15.5,99.17,-173498,53,1528047312.896,10160,2,1,0,4,0,0,0,0,4,351.56,351.56,1F,1,1,1,0080,81,40,40,0,0,19,26.50
03/06/2018 18:35:16,55 59.40535,-2 30.55496,239,0,284,560768,1144818,351.17,44.082,3666,3648,3658,18,0,96.4,35.8,89.2,31.8,none,none,82.6,28.1,-3660,3655,-3662,3655,-3663,3657,-3664,3657,-3663,3659,-3665,3660,-3664,3658,-3665,3658,-3664,3659,-3664,3657,-3666,3658,-3666,3659,-3665,3658,-3665,3657,-3664,3659,-3665,3660,-3664,3658,-3664,3660,-3664,3659,-3665,3657,-3663,3658,-3663,3659,-3662,3657,-3660,3655,-3655,3649,-3658,3651,-3659,3653,-3659,3653,-3662,3654,-3662,3652,-3659,3652,-3663,3651,-3664,3652,-3663,3653,-3665,3654,-3663,3654,-3665,3648,-3664,3649,-3663,3651,-3665,3651,-3665,3651,-3662,3651,-3661,3652,-3663,3653,-3659,3652,-3659,3651,-3659,3650,-3659,3650,-0.46,SJNFAAZE1U0005576,117.75,13.04,9192.5498046875,79,75,0,0,0,0,15.5,99.17,-173498,53,1528047316.264,12360,2,0,0,0,0,0,0,0,4,351.26,351.26,1F,1,1,1,0080,81,40,40,0,0,19,27.50
03/06/2018 18:35:19,55 59.40535,-2 30.55496,239,0,283,560383,1144818,350.98,45.913,3664,3646,3656,18,0,96.4,35.8,89.2,31.8,none,none,82.8,28.2,3652,-3661,3652,-3660,3654,3660,3659,-3660,3655,-3663,3657,-3662,3654,-3664,3656,-3663,3656,-3662,3656,-3661,3656,-3664,3657,3663,3657,-3664,3655,-3664,3654,-3662,3657,-3662,3657,3662,3656,-3661,3657,-3663,3656,-3662,3656,-3661,3656,-3662,3654,-3659,3653,-3657,3649,-3656,3649,3658,3650,-3656,3651,-3656,3653,-3660,3652,-3658,3648,3660,3649,-3661,3651,-3662,3649,-3662,-3653,3662,-3650,-3661,-3653,3661,-3647,3662,-3649,3664,-3650,3663,-3649,3664,-3646,3661,-3650,3661,-3651,3660,3649,3658,-3649,3657,3648,-3657,3647,-3655,-0.46,SJNFAAZE1U0005576,117.75,13.04,9192.5498046875,79,75,0,0,0,0,15.5,99.17,-173498,53,1528047319.713,13240,2,0,0,0,0,0,0,0,4,351.09,351.09,1F,1,1,1,0080,81,40,40,0,0,19,28.00
03/06/2018 18:35:23,55 59.40535,-2 30.55496,239,0,283,559986,1144818,350.88,47.103,3663,3645,3655,18,0,96.4,35.8,89.4,31.9,none,none,82.9,28.3,3651,-3660,3652,-3659,3653,3660,3657,-3658,3655,3662,3654,-3662,3654,-3662,3655,-3662,3654,-3662,3654,-3660,3654,-3662,3656,-3662,3655,-3662,3654,3661,3655,-3662,3657,-3661,3655,-3660,3657,-3661,3656,3661,3655,-3661,3655,-3661,3655,-3660,3653,-3658,3652,-3656,3646,-3655,3647,-3656,3650,-3656,3650,3655,3652,-3659,3651,-3657,3646,-3658,3649,-3660,3648,-3662,3649,3658,3651,-3661,3649,-3659,3650,-3659,3645,-3660,3647,3663,3647,-3662,3647,-3662,3645,-3659,3648,-3659,3649,-3659,3648,-3658,3647,-3655,3647,-3658,3646,3653,-0.46,SJNFAAZE1U0005576,117.75,13.04,9192.5498046875,79,75,0,0,0,0,15.5,99.17,-173498,53,1528047323.324,13600,2,0,0,0,0,0,0,0,4,350.98,350.98,1F,1,1,1,0080,81,40,40,0,0,19,27.75
03/06/2018 18:35:26,55 59.40535,-2 30.55496,239,0,283,559559,1144818,351.07,38.802,3665,3647,3657,18,0,96.6,35.9,89.4,31.9,none,none,82.9,28.3,3653,-3661,3654,3661,3655,3662,3659,-3660,3656,-3664,3656,-3663,3656,3664,3656,-3665,3655,-3665,3655,-3662,3656,-3664,3657,-3663,3657,-3665,3655,-3664,3656,-3663,3658,3663,3657,-3662,3657,-3663,3657,-3663,3656,-3663,3656,3662,3657,-3663,3655,-3660,3654,-3658,3649,-3657,3649,-3658,3651,3658,3652,-3657,3653,-3661,3652,-3659,3648,-3660,3650,-3662,3651,-3663,3650,-3660,3654,-3662,3652,3662,3651,-3662,3647,-3662,3647,-3664,3651,-3663,3649,3663,3647,-3661,3650,-3660,3652,-3660,3651,-3660,3650,-3657,3650,-3659,3648,-3657,-0.46,SJNFAAZE1U0005576,117.75,13.04,9192.5498046875,79,75,0,0,0,0,15.5,99.17,-173498,53,1528047326.985,13200,2,0,0,0,0,0,0,0,4,351.09,351.09,1F,1,1,1,0080,81,40,40,0,0,19,19.75
03/06/2018 18:35:30,55 59.40535,-2 30.55496,239,0,283,559660,1144818,353.38,-20.461,3687,3674,3681,13,0,96.4,35.8,89.4,31.9,none,none,82.8,28.2,3678,-3685,3678,-3683,3680,3683,3683,3683,3681,-3686,3680,-3686,3680,-3686,3681,-3687,3680,3685,3680,-3685,3682,-3686,3681,-3685,3682,-3686,3681,-3686,3680,-3684,3681,-3685,3681,-3684,3682,-3684,3681,-3685,3680,-3685,3681,-3684,3682,-3685,3680,-3683,3680,3681,3676,-3683,3677,-3684,3678,-3683,3678,-3682,3681,3684,3679,-3683,3676,-3685,3676,-3685,3677,-3686,3677,-3684,3679,-3685,3678,-3684,3677,-3686,3675,3686,3675,-3687,3675,-3687,3674,-3686,3674,-3685,3677,3684,3677,-3685,3677,-3685,3677,-3683,3676,-3684,3675,-3679,-0.47,SJNFAAZE1U0005576,117.75,13.04,9192.5498046875,79,75,0,0,0,0,15.5,99.17,-173502,53,1528047330.548,0,2,0,0,0,0,0,0,0,4,353.63,353.63,1F,1,1,1,0080,81,40,40,0,0,19,3.25
03/06/2018 18:35:34,55 59.40535,-2 30.55496,239,0,283,559632,1144818,352.80,3.005,3683,3666,3675,17,0,96.4,35.8,89.4,31.9,none,none,82.9,28.3,3673,-3680,3672,-3680,3673,3677,3677,-3677,3674,-3680,3673,3681,3675,-3681,3674,-3682,3673,-3681,3674,-3680,3675,3682,3674,-3681,3674,-3683,3674,-3682,3674,-3681,3676,-3681,3676,3679,3675,-3679,3675,-3681,3674,-3679,3676,-3679,3675,-3680,3674,-3677,3673,-3675,3670,-3676,3670,3678,3671,-3678,3672,-3677,3673,-3679,3672,-3678,3669,3679,3669,-3681,3669,-3680,3670,-3680,3671,-3680,3670,-3679,3669,-3681,3667,-3681,3668,-3681,3669,3682,3669,-3682,3666,-3681,3671,-3679,3671,-3679,3670,3678,3669,-3678,3669,-3678,3668,-3674,-0.46,SJNFAAZE1U0005576,117.76,13.04,9192.5498046875,79,75,0,0,0,0,15.5,99.17,-173502,53,1528047334.316,720,2,0,0,0,0,0,0,0,4,352.87,352.87,1F,1,1,1,0080,81,40,40,0,0,19,6.50
03/06/2018 18:35:37,55 59.40535,-2 30.55496,239,0,283,559413,1144818,351.46,44.417,3670,3652,3661,18,0,96.6,35.9,89.4,31.9,none,none,82.9,28.3,-3663,3659,-3665,3658,-3665,3661,-3666,3660,-3666,3661,-3667,3662,-3668,3661,-3668,3661,-3667,3661,-3667,3660,-3667,3661,-3668,3662,-3669,3660,-3669,3660,-3666,3662,-3667,3662,-3666,3661,-3666,3663,-3666,3662,-3667,3662,-3668,3661,-3666,3661,-3664,3659,-3663,3658,-3660,3654,-3662,3655,-3662,3656,-3663,3656,-3666,3657,-3665,3655,-3664,3654,-3666,3654,-3668,3655,-3666,3656,-3667,3656,-3665,3656,-3670,3652,-3667,3652,-3669,3653,-3669,3654,-3667,3655,-3665,3654,-3665,3655,-3666,3657,-3662,3656,-3662,3654,-3663,3654,-3662,3653,-0.45,SJNFAAZE1U0005576,117.76,13.04,9192.5498046875,79,75,0,0,0,0,15.5,99.17,-173502,53,1528047337.907,12560,2,1,0,3,0,0,0,0,4,351.51,351.51,1F,1,1,1,0080,81,40,40,0,0,19,28.00
03/06/2018 18:35:41,55 59.40535,-2 30.55496,239,0,283,559025,1144818,351.65,41.793,3670,3654,3663,16,0,96.4,35.8,89.2,31.8,none,none,82.9,28.3,-3663,3660,-3667,3660,-3667,3663,-3668,3662,-3668,3663,-3667,3663,-3669,3663,-3668,3663,-3668,3662,-3668,3662,-3669,3664,-3669,3663,-3670,3661,-3669,3661,-3668,3664,-3668,3664,-3667,3663,-3668,3664,-3669,3663,-3668,3663,-3668,3663,-3667,3664,-3665,3661,-3664,3661,-3661,3656,-3664,3658,-3663,3657,-3663,3658,-3667,3658,-3666,3657,-3665,3655,-3667,3657,-3667,3658,-3668,3658,-3667,3658,-3667,3658,-3670,3655,-3668,3656,-3668,3655,-3670,3656,-3668,3656,-3667,3657,-3666,3656,-3667,3659,-3664,3656,-3663,3657,-3665,3655,-3664,3654,-0.46,SJNFAAZE1U0005576,117.76,13.04,9192.5498046875,79,75,0,0,0,0,15.5,99.17,-173502,53,1528047341.787,12600,2,0,0,0,0,0,0,0,4,351.36,351.36,1F,1,1,1,0080,81,40,40,0,0,19,19.50
03/06/2018 18:35:45,55 59.40535,-2 30.55496,239,0,283,558746,1144818,351.74,29.555,3670,3655,3664,15,0,96.6,35.9,89.4,31.9,none,none,82.9,28.3,-3665,3662,-3667,3662,-3667,3665,-3668,3663,-3668,3666,-3668,3666,-3668,3664,-3669,3665,-3668,3665,-3668,3663,-3669,3664,-3669,3665,-3670,3663,-3669,3663,-3668,3665,-3669,3665,-3668,3665,-3668,3666,-3668,3665,-3668,3665,-3668,3665,-3668,3665,-3665,3662,-3665,3661,-3661,3657,-3664,3659,-3664,3660,-3665,3659,-3667,3661,-3667,3658,-3665,3658,-3669,3659,-3669,3660,-3668,3660,-3670,3660,-3667,3660,-3669,3655,-3667,3657,-3669,3658,-3670,3659,-3669,3658,-3667,3659,-3667,3659,-3668,3660,-3665,3660,-3664,3658,-3664,3658,-3663,3657,-0.45,SJNFAAZE1U0005576,117.76,13.04,9192.5498046875,79,75,0,0,0,0,15.5,99.17,-173502,53,1528047345.327,9480,2,0,0,0,0,0,0,0,4,351.76,351.76,1F,1,1,1,0080,81,40,40,0,0,19,18.75
03/06/2018 18:35:48,55 59.40535,-2 30.55496,239,0,282,558542,1144818,352.32,13.747,3677,3663,3670,14,0,96.4,35.8,89.4,31.9,none,none,82.9,28.3,-3672,3669,-3673,3668,-3675,3669,-3675,3670,-3675,3671,-3675,3671,-3675,3670,-3676,3670,-3675,3670,-3675,3669,-3675,3670,-3676,3671,-3677,3669,-3677,3669,-3674,3671,-3676,3672,-3674,3670,-3674,3672,-3676,3671,-3675,3670,-3674,3670,-3675,3671,-3673,3668,-3673,3668,-3669,3665,-3672,3665,-3672,3667,-3672,3666,-3674,3667,-3674,3665,-3672,3667,-3675,3665,-3675,3666,-3675,3666,-3675,3667,-3674,3666,-3676,3665,-3676,3663,-3674,3666,-3677,3665,-3675,3664,-3674,3664,-3674,3666,-3673,3666,-3671,3666,-3671,3664,-3672,3665,-3672,3664,-0.46,SJNFAAZE1U0005576,117.76,13.04,9192.5498046875,79,75,0,0,0,0,15.5,99.17,-173502,53,1528047348.908,4880,2,0,0,0,0,0,0,0,4,352.38,352.38,1F,1,1,1,0080,81,40,40,0,0,19,0.25
03/06/2018 18:35:52,55 59.40535,-2 30.55496,239,0,282,558452,1144818,352.22,15.639,3676,3660,3669,16,0,96.4,35.8,89.2,31.8,none,none,82.9,28.3,-3667,3673,-3666,3673,-3667,3673,-3670,3672,-3669,3675,-3668,3674,-3667,3676,-3668,3675,-3669,3674,-3667,3673,-3668,3674,-3669,3675,-3669,3675,-3668,3674,-3667,3674,-3669,3673,-3669,3673,-3670,3674,-3670,3675,-3668,3673,3669,3672,-3669,3673,3667,-3672,3666,-3668,3663,-3670,3664,-3672,3664,3670,3665,-3670,3667,-3672,3664,-3669,3662,-3673,3664,-3673,3664,-3673,3664,-3672,3666,-3673,3665,3672,3665,-3673,3661,-3674,-3661,3675,3662,-3674,-3663,3674,-3660,3671,-3663,3672,-3665,3672,-3664,3671,-3662,3669,-3663,3670,-3662,3667,-0.47,SJNFAAZE1U0005576,117.76,13.04,9192.5498046875,79,75,0,0,0,0,15.5,99.17,-173502,53,1528047352.734,4240,2,0,0,0,0,0,0,0,4,352.39,352.39,1F,1,1,1,0080,81,40,40,0,0,19,15.25
03/06/2018 18:35:56,55 59.40535,-2 30.55496,239,0,282,558197,1144818,351.84,32.515,3673,3654,3665,19,0,96.4,35.8,89.4,31.9,none,none,82.9,28.3,3660,3671,3661,-3669,3663,3668,3667,-3667,3664,-3670,3664,-3671,3664,-3673,3665,-3671,3664,-3671,3664,3670,3665,-3672,3665,-3671,3665,-3672,3663,-3672,3663,3670,3665,-3671,3666,-3669,3666,-3670,3666,-3672,3666,-3671,3665,-3670,3665,-3671,3664,-3668,3662,3666,3657,-3665,3658,-3667,3659,-3665,3660,-3666,3663,3669,3661,-3667,3657,-3668,3658,-3670,3659,-3671,3659,-3670,3662,-3669,3659,-3670,3660,-3670,3657,3671,3657,-3671,3658,-3671,3658,-3672,3654,-3668,3657,-3668,3659,3670,3660,-3667,3657,-3666,3657,-3668,3657,-3665,-0.45,SJNFAAZE1U0005576,117.76,13.04,9192.5498046875,79,75,0,0,0,0,15.5,99.17,-173502,53,1528047356.448,9120,2,0,0,0,0,0,0,0,4,351.85,351.85,1F,1,1,1,0080,81,40,40,0,0,19,18.00
03/06/2018 18:36:00,55 59.40535,-2 30.55496,239,0,282,557940,1144818,351.74,32.118,3670,3656,3664,14,0,96.4,35.8,89.4,31.9,none,none,82.8,28.2,3661,-3668,3661,-3666,3662,3667,3666,-3666,3663,-3669,3664,-3669,3664,-3670,3663,-3670,3663,-3669,3664,-3668,3665,-3670,3664,3670,3664,-3670,3663,-3669,3664,-3669,3665,-3668,3665,3668,3664,-3668,3665,-3669,3664,-3668,3664,-3668,3664,-3669,3662,-3666,3662,-3665,3657,-3663,3658,3665,3660,-3665,3660,-3664,3662,-3667,3660,-3665,3658,3666,3659,-3668,3660,-3669,3658,-3669,3661,-3668,3659,-3667,3662,3668,3656,-3669,3658,-3670,3658,-3669,3657,-3669,3657,-3667,3659,-3667,3660,-3668,3658,-3666,3657,3665,3656,-3665,3656,-3662,-0.45,SJNFAAZE1U0005576,117.76,13.04,9192.5498046875,79,75,0,0,0,0,15.5,99.17,-173502,53,1528047360.160,9040,2,0,0,0,0,0,0,0,4,351.83,351.83,1F,1,1,1,0080,81,40,40,0,0,19,23.50
03/06/2018 18:36:03,55 59.40535,-2 30.55496,239,0,282,557634,1144818,351.36,35.689,3667,3651,3660,16,0,96.4,35.8,89.2,31.8,none,none,82.8,28.2,3657,-3665,3656,-3664,3659,3663,3662,-3663,3660,3665,3660,-3666,3659,-3667,3659,-3667,3659,-3666,3659,-3665,3660,-3666,3660,-3666,3661,-3667,3659,3667,3660,-3665,3661,-3665,3661,-3664,3662,-3666,3662,3666,3660,-3665,3661,-3665,3660,-3666,3658,-3663,3657,-3660,3652,-3659,3653,-3662,3654,-3661,3655,3659,3658,-3663,3656,-3660,3651,-3664,3654,-3665,3655,-3666,3653,3664,3656,-3666,3654,-3665,3655,-3665,3651,-3666,3651,3667,3653,-3666,3653,-3666,3651,-3664,3653,-3664,3655,-3665,3654,-3662,3652,-3661,3652,-3661,3652,3658,-0.43,SJNFAAZE1U0005576,117.76,13.04,9192.5498046875,79,75,0,0,0,0,15.5,99.17,-173502,53,1528047363.827,10200,2,0,0,0,0,0,0,0,4,351.58,351.58,1F,1,1,1,0080,81,40,40,0,0,19,27.75
03/06/2018 18:36:07,55 59.40535,-2 30.55496,239,0,282,557283,1144818,351.55,34.438,3668,3653,3662,15,0,96.4,35.8,89.2,31.8,none,none,82.8,28.2,3659,-3665,3659,3665,3661,3665,3664,-3664,3662,-3667,3661,-3668,3662,3668,3661,-3668,3660,-3668,3663,-3667,3662,-3668,3662,-3668,3663,-3668,3661,-3668,3661,-3667,3663,3666,3663,-3667,3662,-3666,3664,-3667,3663,-3666,3663,3666,3662,-3666,3661,-3663,3661,-3662,3655,-3662,3655,-3663,3657,3662,3657,-3661,3659,-3665,3659,-3663,3654,-3666,3657,-3666,3657,-3667,3656,-3666,3658,-3666,3658,3664,3658,-3666,3653,-3666,3655,-3668,3656,-3667,3655,3667,3653,-3664,3655,-3666,3658,-3665,3655,-3664,3655,-3662,3654,-3663,3654,-3660,-0.46,SJNFAAZE1U0005576,117.76,13.04,9192.5498046875,79,75,0,0,0,0,15.5,99.17,-173502,53,1528047367.563,10560,2,1,0,4,0,0,0,0,4,351.56,351.56,1F,1,1,1,0080,81,40,40,0,0,19,20.25
03/06/2018 18:36:11,55 59.40535,-2 30.55496,239,0,282,557018,1144818,352.03,18.996,3674,3660,3667,14,0,96.4,35.8,89.2,31.8,none,none,82.8,28.2,-3668,3665,-3670,3665,-3670,3667,-3671,3667,-3672,3668,-3671,3667,-3672,3668,-3673,3669,-3672,3667,-3672,3667,-3673,3668,-3672,3669,-3673,3666,-3674,3667,-3672,3669,-3671,3668,-3672,3669,-3671,3669,-3671,3668,-3671,3667,-3673,3668,-3672,3668,-3670,3667,-3669,3665,-3666,3662,-3668,3663,-3667,3662,-3669,3663,-3671,3664,-3670,3662,-3670,3662,-3671,3663,-3672,3663,-3672,3663,-3672,3662,-3670,3663,-3671,3660,-3672,3661,-3672,3661,-3674,3662,-3672,3661,-3670,3662,-3669,3663,-3670,3663,-3668,3662,-3668,3662,-3669,3661,-3667,3661,-0.45,SJNFAAZE1U0005576,117.76,13.04,9192.5498046875,79,75,0,0,0,0,15.5,99.17,-173502,53,1528047371.199,6880,2,0,0,0,0,0,0,0,4,352.12,352.12,1F,1,1,1,0080,81,40,40,0,0,19,11.00
03/06/2018 18:36:14,55 59.40535,-2 30.55496,239,0,282,556879,1144818,352.70,6.820,3682,3665,3674,17,0,96.4,35.8,89.4,31.9,none,none,82.9,28.3,-3675,3671,-3677,3671,-3678,3672,-3678,3671,-3678,3673,-3678,3673,-3679,3672,-3679,3672,-3679,3673,-3679,3671,-3679,3672,-3678,3674,-3679,3671,-3680,3672,-3679,3673,-3678,3674,-3678,3672,-3678,3674,-3679,3674,-3678,3673,-3679,3673,-3678,3674,-3675,3671,-3675,3671,-3674,3668,-3676,3669,-3675,3669,-3676,3669,-3678,3670,-3678,3668,-3676,3666,-3679,3668,-3681,3670,-3678,3669,-3680,3669,-3679,3669,-3679,3666,-3680,3665,-3680,3667,-3682,3667,-3681,3667,-3678,3668,-3678,3668,-3678,3668,-3676,3669,-3676,3667,-3676,3667,-3676,3667,-0.47,SJNFAAZE1U0005576,117.76,13.04,9192.5498046875,79,75,0,0,0,0,15.5,99.17,-173502,53,1528047374.687,3600,2,0,0,0,0,0,0,0,4,352.59,352.59,1F,1,1,1,0080,81,40,40,0,0,19,0.00
03/06/2018 18:36:18,55 59.40535,-2 30.55496,239,0,282,556850,1144818,353.28,3.219,3688,3671,3680,17,0,96.4,35.8,89.2,31.8,none,none,82.8,28.2,-3683,3678,-3683,3676,-3683,3679,-3683,3678,-3685,3680,-3684,3680,-3684,3679,-3685,3680,-3684,3679,-3685,3677,-3684,3679,-3685,3680,-3685,3678,-3685,3677,-3684,3679,-3683,3680,-3683,3679,-3684,3681,-3684,3679,-3683,3679,-3684,3680,-3684,3680,-3683,3678,-3682,3678,-3680,3675,-3683,3676,-3683,3676,-3682,3676,-3686,3677,-3684,3675,-3683,3673,-3685,3675,-3686,3676,-3685,3675,-3685,3674,-3684,3676,-3685,3672,-3686,3673,-3687,3671,-3688,3672,-3686,3673,-3684,3674,-3684,3674,-3685,3675,-3683,3675,-3681,3674,-3683,3674,-3683,3674,-0.47,SJNFAAZE1U0005576,117.76,13.04,9194.1591796875,79,75,0,0,0,0,15.5,99.17,-173502,53,1528047378.376,0,2,0,0,0,0,0,0,0,4,352.86,352.86,1F,1,1,1,0080,81,40,40,0,0,19,-12.25
03/06/2018 18:36:21,55 59.40535,-2 30.55496,239,0,282,556896,1144818,353.28,0.198,3687,3672,3680,15,0,96.4,35.8,89.2,31.8,none,none,82.8,28.2,-3683,3678,-3684,3676,-3684,3679,-3684,3678,-3685,3680,-3684,3681,-3686,3679,-3686,3679,-3685,3679,-3684,3678,-3685,3679,-3685,3679,-3685,3678,-3686,3678,-3684,3680,-3684,3680,-3684,3681,-3685,3680,-3685,3680,-3684,3680,-3685,3679,-3685,3680,-3682,3678,-3683,3678,-3681,3674,-3683,3677,-3682,3676,-3683,3677,-3685,3677,-3685,3675,-3683,3675,-3685,3674,-3686,3675,-3685,3675,-3687,3676,-3684,3676,-3685,3672,-3687,3672,-3686,3672,-3687,3673,-3686,3674,-3686,3673,-3684,3675,-3685,3676,-3683,3676,-3681,3673,-3684,3674,-3682,3674,-0.48,SJNFAAZE1U0005576,117.76,13.04,9194.1591796875,79,75,0,0,0,0,15.5,99.17,-173504,53,1528047381.941,0,2,0,0,0,0,0,0,0,4,353.22,353.22,1F,1,1,1,0080,81,40,40,0,0,19,-3.75
03/06/2018 18:36:25,55 59.40535,-2 30.55496,239,0,282,557087,1144818,357.70,-96.602,3735,3720,3726,15,0,96.4,35.8,89.2,31.8,none,none,82.8,28.2,-3732,3725,-3729,3723,-3731,3725,-3729,3723,-3729,3723,-3728,3723,-3727,3722,-3729,3722,-3728,3723,-3726,3721,-3729,3722,-3727,3721,-3729,3721,-3729,3720,-3727,3723,-3726,3723,-3727,3723,-3727,3724,-3728,3724,-3728,3722,-3729,3725,-3730,3725,-3729,3723,-3731,3724,-3731,3727,-3735,3726,-3734,3728,-3734,3725,-3730,3724,-3734,3725,-3733,3722,-3733,3723,-3733,3726,-3732,3720,-3732,3722,-3733,3723,-3721,3720,-3735,3720,-3732,3721,-3733,3720,-3732,3721,-3733,3722,-3732,3721,-3731,3720,-3734,3726,-3731,3722,-3732,3725,-3732,3724,-0.48,SJNFAAZE1U0005576,117.76,13.04,9194.1591796875,79,75,0,0,0,0,15.5,99.17,-173512,52,1528047385.463,0,2,0,0,0,0,0,0,0,4,356.29,356.29,1F,1,1,1,0080,81,40,40,0,0,19,-120.00
03/06/2018 18:36:29,55 59.40535,-2 30.55496,239,0,282,558121,1144818,356.54,-95.992,3722,3707,3714,15,0,96.2,35.7,89.2,31.8,none,none,82.6,28.1,3712,-3720,3711,-3718,3712,3717,3717,-3715,3712,-3717,3713,3717,3712,-3718,3711,-3718,3711,-3717,3711,-3716,3712,3717,3711,-3717,3712,-3718,3710,-3718,3711,-3715,3713,-3717,3713,-3716,3712,-3717,3713,-3717,3711,3718,3714,-3717,3714,-3717,3713,-3718,3713,-3714,3712,3719,3713,-3720,3714,-3719,3713,-3718,3715,-3719,3713,-3719,3711,-3720,3710,-3721,3710,-3721,3710,3721,3711,-3721,3711,-3720,3707,-3721,3709,-3722,3709,-3720,3707,3721,3709,-3721,3708,-3721,3709,-3719,3710,-3720,3712,3720,3712,-3719,3710,-3719,3709,-3716,-0.46,SJNFAAZE1U0005576,117.76,13.04,9194.1591796875,79,75,0,0,0,0,15.5,99.17,-173555,52,1528047389.000,0,2,0,0,0,0,0,0,0,4,357.59,357.59,1F,1,1,1,0080,81,40,40,0,0,19,-61.00
03/06/2018 18:36:32,55 59.40535,-2 30.55496,239,0,282,558236,1144818,353.76,19.973,3691,3676,3685,15,0,96.2,35.7,89.2,31.8,none,none,82.8,28.2,3683,-3689,3682,-3688,3683,3687,3686,-3686,3684,-3689,3684,-3689,3683,-3690,3685,3690,3684,-3689,3685,-3689,3684,-3689,3684,-3690,3685,3691,3684,-3690,3683,-3689,3685,-3689,3685,-3689,3685,-3689,3685,-3690,3685,-3689,3685,-3687,3685,3689,3684,-3687,3683,-3685,3681,-3686,3681,-3688,3681,-3687,3682,3686,3684,-3688,3682,-3687,3679,-3688,3680,-3689,3680,3689,3680,-3690,3682,-3689,3680,-3688,3682,-3690,3679,-3690,3678,-3691,3680,-3691,3680,-3689,3676,3689,3680,-3689,3681,-3689,3680,-3688,3680,-3687,3680,3686,3679,-3683,-0.42,SJNFAAZE1U0005576,117.76,13.04,9194.1591796875,79,75,0,0,0,0,15.5,99.17,-173559,52,1528047392.549,6960,2,0,0,0,0,0,0,0,4,353.59,353.59,1F,1,1,1,0080,81,40,40,0,0,19,-16.50
03/06/2018 18:36:36,55 59.40535,-2 30.55496,239,0,282,558237,1144818,354.05,3.005,3695,3679,3688,16,0,96.2,35.7,89.2,31.8,none,none,82.6,28.1,3685,3693,3684,-3691,3686,3691,3689,-3690,3687,-3693,3686,-3693,3686,-3693,3686,-3694,3687,-3694,3686,3692,3686,-3693,3687,-3694,3687,-3694,3686,-3694,3685,3693,3688,-3692,3687,-3692,3687,-3691,3687,-3693,3687,-3692,3688,-3692,3688,-3692,3686,-3690,3685,-3688,3683,-3690,3683,-3692,3685,-3690,3684,-3691,3686,-3692,3684,3692,3681,-3693,3682,-3693,3682,-3693,3682,-3693,3684,3692,3683,-3692,3683,-3695,3680,-3695,3679,-3695,3682,-3694,3681,-3694,3680,-3692,3683,-3692,3681,3692,3684,-3692,3683,-3691,3683,-3691,3682,-3688,-0.49,SJNFAAZE1U0005576,117.76,13.04,9194.1591796875,79,75,0,0,0,0,15.5,99.17,-173559,52,1528047396.244,360,2,1,0,4,0,0,0,0,4,354.09,354.09,1F,1,1,1,0080,81,40,40,0,0,19,0.00
03/06/2018 18:36:40,55 59.40535,-2 30.55496,239,0,282,558214,1144818,354.05,2.242,3694,3680,3688,14,0,96.4,35.8,89.2,31.8,none,none,82.8,28.2,3685,-3693,3684,-3691,3686,3692,3690,-3690,3686,-3693,3687,-3693,3687,-3693,3686,-3694,3686,-3692,3686,-3693,3687,-3693,3687,3693,3686,-3694,3686,-3693,3686,-3692,3688,-3692,3686,3691,3688,-3692,3688,-3693,3687,-3692,3688,-3691,3688,-3692,3687,3690,3686,-3688,3683,-3690,3684,-3692,3684,-3690,3685,-3690,3686,-3692,3684,-3691,3683,-3693,3682,3693,3682,-3694,3683,-3693,3684,-3693,3684,-3692,3682,3693,3680,-3694,3680,-3694,3681,-3694,3680,-3694,3680,-3691,3681,-3693,3682,-3693,3685,-3692,3682,3690,3682,-3690,3681,-3687,-0.47,SJNFAAZE1U0005576,117.76,13.04,9194.1591796875,79,75,0,0,0,0,15.5,99.17,-173559,52,1528047400.086,0,2,0,0,0,0,0,0,0,4,354.10,354.10,1F,1,1,1,0080,81,40,40,0,0,19,-0.25
03/06/2018 18:36:43,55 59.40535,-2 30.55496,239,0,282,558115,1144818,352.90,37.154,3683,3669,3676,14,0,96.2,35.7,89.0,31.7,none,none,82.8,28.2,-3677,3675,-3679,3674,-3680,3676,-3680,3674,-3680,3676,-3679,3677,-3681,3676,-3682,3677,-3680,3676,-3680,3675,-3681,3676,-3681,3677,-3682,3676,-3682,3675,-3681,3677,-3680,3677,3680,3676,-3680,3678,3681,-3676,3680,3676,3680,-3676,3680,-3676,3678,-3675,3678,-3673,3675,3670,3677,-3671,3678,-3673,3677,-3671,3679,-3672,3680,-3671,3677,-3670,3680,-3671,-3679,-3672,3680,3671,-3680,3673,-3679,3671,-3683,3670,-3680,3671,-3682,3671,-3681,3670,-3680,3670,-3679,3671,-3679,3672,-3678,3673,-3678,3672,-3676,3670,-3676,3669,-3676,3669,-0.49,SJNFAAZE1U0005576,117.76,13.04,9194.1591796875,79,75,0,0,0,0,15.5,99.17,-173559,52,1528047403.851,11720,2,0,0,0,0,0,0,0,4,352.89,352.89,1F,1,1,1,0080,81,40,40,0,0,19,69.25
03/06/2018 18:36:47,55 59.40535,-2 30.55496,239,0,282,557477,1144818,350.98,74.447,3664,3647,3656,17,0,96.2,35.7,89.2,31.8,none,none,82.8,28.2,-3656,3653,-3660,3652,-3660,3656,-3662,3655,-3662,3657,-3662,3657,-3661,3656,-3663,3656,-3662,3657,-3662,3655,-3662,3657,-3663,3658,-3663,3656,-3664,3655,-3662,3658,-3662,3658,-3662,3657,-3661,3658,-3661,3656,-3661,3656,-3661,3656,-3661,3657,-3659,3655,-3658,3653,-3653,3647,-3655,3649,-3656,3650,-3656,3650,-3660,3651,-3660,3649,-3656,3648,-3660,3649,-3661,3650,-3661,3650,-3662,3651,-3659,3651,-3663,3647,-3661,3648,-3662,3648,-3662,3648,-3661,3649,-3659,3648,-3658,3649,-3660,3651,-3656,3650,-3656,3648,-3656,3648,-3656,3648,-0.45,SJNFAAZE1U0005576,117.76,13.04,9194.1591796875,79,75,0,0,0,0,15.5,99.17,-173559,52,1528047407.412,22120,2,0,0,0,0,0,0,0,4,351.09,351.09,1F,1,1,1,0080,81,40,40,0,0,19,64.00
03/06/2018 18:36:50,55 59.40535,-2 30.55496,239,0,282,556950,1144818,351.55,52.474,3669,3654,3662,15,0,96.2,35.7,89.0,31.7,none,none,82.6,28.1,-3664,3661,-3664,3660,-3666,3662,-3666,3661,-3666,3662,-3667,3664,-3668,3662,-3668,3663,-3667,3663,-3667,3662,-3667,3663,-3669,3664,-3669,3661,-3668,3661,-3667,3663,-3667,3663,-3665,3664,-3667,3664,-3667,3663,-3666,3663,-3666,3662,-3666,3663,-3665,3661,-3664,3660,-3660,3655,-3662,3657,-3663,3657,-3663,3658,-3667,3659,-3665,3657,-3663,3656,-3667,3657,-3666,3658,-3665,3659,-3667,3658,-3666,3659,-3669,3654,-3666,3655,-3667,3656,-3669,3657,-3668,3656,-3665,3656,-3666,3657,-3666,3659,-3663,3658,-3663,3657,-3663,3656,-3661,3655,-0.45,SJNFAAZE1U0005576,117.76,13.04,9194.1591796875,79,75,0,0,0,0,15.5,99.17,-173559,52,1528047410.800,16760,2,0,0,0,0,0,0,0,4,351.44,351.44,1F,1,1,1,0080,81,40,40,0,0,19,29.50
03/06/2018 18:36:54,55 59.40535,-2 30.55496,239,0,281,556604,1144818,352.03,35.201,3674,3658,3667,16,0,96.4,35.8,89.2,31.8,none,none,82.8,28.2,-3669,3664,-3670,3663,-3671,3666,-3672,3667,-3672,3667,-3672,3669,-3673,3666,-3673,3666,-3673,3667,-3672,3666,-3672,3667,-3673,3669,-3674,3666,-3674,3666,-3671,3668,-3672,3668,-3672,3667,-3672,3669,-3671,3667,-3671,3667,-3672,3668,-3671,3668,-3670,3666,-3669,3664,-3665,3659,-3668,3662,-3669,3663,-3669,3661,-3672,3663,-3672,3661,-3669,3660,-3671,3660,-3672,3663,-3672,3661,-3673,3663,-3671,3663,-3673,3658,-3673,3659,-3673,3662,-3673,3661,-3672,3661,-3671,3662,-3670,3662,-3671,3662,-3668,3663,-3668,3661,-3668,3660,-3668,3659,-0.48,SJNFAAZE1U0005576,117.76,13.04,9194.1591796875,79,75,0,0,0,0,15.5,99.17,-173559,52,1528047414.683,11120,2,0,0,0,0,0,0,0,4,352.00,352.00,1F,1,1,1,0080,81,40,40,0,0,19,24.50
03/06/2018 18:36:58,55 59.40535,-2 30.55496,239,0,281,556361,1144818,352.42,24.154,3678,3665,3671,13,0,96.2,35.7,89.0,31.7,none,none,82.6,28.1,-3673,3670,-3674,3668,-3674,3670,-3676,3670,-3675,3671,-3675,3672,-3675,3671,-3675,3671,-3675,3671,-3675,3670,-3676,3672,-3675,3672,-3677,3671,-3676,3670,-3675,3672,-3675,3672,-3675,3672,-3674,3673,-3675,3672,-3675,3671,-3676,3671,-3674,3672,-3673,3669,-3672,3669,-3670,3665,-3671,3667,-3672,3667,-3673,3669,-3676,3668,-3675,3667,-3673,3665,-3675,3666,-3676,3667,-3674,3668,-3677,3666,-3675,3667,-3677,3665,-3675,3665,-3677,3665,-3678,3665,-3676,3666,-3674,3666,-3675,3666,-3675,3667,-3672,3666,-3672,3666,-3672,3665,-3672,3665,-0.47,SJNFAAZE1U0005576,117.77,13.04,9194.1591796875,79,75,0,0,0,0,15.5,99.17,-173559,52,1528047418.428,7000,2,0,0,0,0,0,0,0,4,352.43,352.43,1F,1,1,1,0080,81,40,40,0,0,19,21.25
03/06/2018 18:37:01,55 59.40535,-2 30.55496,239,0,281,556080,1144818,351.94,39.260,3673,3656,3666,17,0,96.2,35.7,89.2,31.8,none,none,82.6,28.1,3663,-3671,3662,3670,3663,3670,3668,-3669,3665,-3672,3665,-3673,3665,3673,3664,-3673,3664,-3673,3664,-3671,3665,-3673,3665,-3673,3665,-3673,3664,-3673,3664,-3671,3666,3672,3666,-3671,3666,-3671,3666,-3672,3666,-3672,3666,3670,3666,-3671,3663,-3670,3664,-3667,3659,-3668,3659,-3669,3660,-3666,3662,-3668,3664,-3670,3661,3669,3658,-3669,3660,-3671,3660,-3672,3660,-3672,3663,3672,3661,-3671,3664,-3672,3656,-3672,3658,-3673,3660,-3672,3658,3673,3656,-3671,3660,-3670,3661,-3670,3661,-3668,3660,-3668,3659,-3668,3657,-3665,-0.46,SJNFAAZE1U0005576,117.77,13.04,9194.1591796875,79,75,0,0,0,0,15.5,99.17,-173559,52,1528047421.890,11000,2,0,0,0,0,0,0,0,4,351.82,351.82,1F,1,1,1,0080,81,40,40,0,0,19,16.25
03/06/2018 18:37:05,55 59.40535,-2 30.55496,239,0,281,555860,1144818,351.94,23.238,3674,3656,3666,18,0,96.2,35.7,89.0,31.7,none,none,82.6,28.1,3663,-3671,3662,-3670,3663,3670,3667,3669,3666,-3672,3665,-3672,3665,-3673,3664,-3673,3664,3673,3665,-3671,3665,-3673,3665,-3672,3666,-3674,3664,-3673,3664,-3672,3665,-3672,3666,-3670,3666,3671,3667,-3671,3666,-3672,3665,-3671,3666,-3672,3663,3669,3663,-3667,3661,-3668,3659,-3668,3660,-3667,3663,-3667,3662,-3669,3661,-3668,3659,-3670,3660,3671,3660,-3673,3660,-3671,3662,-3672,3661,-3670,3663,-3672,3657,3673,3658,-3672,3660,-3672,3658,-3673,3656,-3671,3660,3670,3661,-3671,3660,-3669,3660,-3668,3659,-3668,3658,-3665,-0.46,SJNFAAZE1U0005576,117.77,13.04,9194.1591796875,79,75,0,0,0,0,15.5,99.17,-173559,52,1528047425.542,7440,2,0,0,0,0,0,0,0,4,352.41,352.41,1F,1,1,1,0080,81,40,40,0,0,19,27.75
03/06/2018 18:37:08,55 59.40535,-2 30.55496,239,0,281,555564,1144818,351.84,36.178,3671,3657,3665,14,0,96.2,35.7,89.0,31.7,none,none,82.6,28.1,3661,-3668,3662,-3668,3664,3668,3666,-3667,3664,-3669,3665,3671,3665,-3670,3665,-3670,3665,-3671,3664,-3669,3665,3671,3665,-3671,3665,-3671,3664,-3670,3663,-3670,3666,-3670,3666,-3668,3665,-3669,3666,-3670,3664,3670,3667,-3669,3665,-3669,3664,-3668,3663,-3665,3658,-3664,3659,3666,3659,-3666,3660,-3665,3662,-3668,3661,-3666,3658,3669,3660,-3669,3660,-3669,3660,-3668,3662,-3670,3660,-3668,3661,-3669,3658,-3668,3657,-3671,3659,3670,3657,-3671,3657,-3668,3659,-3668,3660,-3667,3660,3668,3659,-3665,3658,-3665,3657,-3663,-0.45,SJNFAAZE1U0005576,117.77,13.04,9194.1591796875,79,75,0,0,0,0,15.5,99.17,-173559,52,1528047428.926,10440,2,0,0,0,0,0,0,0,4,351.90,351.90,1F,1,1,1,0080,81,40,40,0,0,19,18.00
03/06/2018 18:37:12,55 59.40535,-2 30.55496,239,0,281,555346,1144818,352.90,16.311,3682,3668,3676,14,0,96.0,35.6,89.0,31.7,none,none,82.6,28.1,3675,-3679,3672,-3679,3676,3677,3677,-3677,3676,-3681,3675,-3680,3675,-3681,3673,3681,3675,-3681,3675,-3680,3674,-3680,3675,-3681,3676,3681,3674,-3681,3674,-3680,3676,-3680,3675,-3679,3676,-3679,3676,3680,3675,-3680,3677,-3679,3676,-3679,3675,-3678,3674,-3676,3673,-3678,3672,-3679,3671,-3677,3673,3678,3674,-3679,3673,-3678,3669,-3680,3672,-3681,3672,3681,3672,-3681,3673,-3680,3672,-3681,3672,-3681,3670,-3681,3670,-3682,3671,-3681,3670,-3682,3668,3680,3671,-3680,3672,-3679,3673,-3679,3672,-3678,3671,3679,3671,-3675,-0.44,SJNFAAZE1U0005576,117.77,13.04,9194.1591796875,79,75,0,0,0,0,15.5,99.17,-173559,52,1528047432.568,7720,2,0,0,0,0,0,0,0,4,352.53,352.53,1F,1,1,1,0080,81,40,40,0,0,19,-13.50
03/06/2018 18:37:16,55 59.40535,-2 30.55496,239,0,281,555452,1144818,354.43,-31.142,3700,3684,3692,16,0,96.2,35.7,89.0,31.7,none,none,82.6,28.1,3695,3690,3695,-3689,3696,3691,3695,-3690,3695,-3690,3695,-3692,3696,-3691,3696,-3690,-3696,-3690,3694,3689,-3695,3690,-3696,3691,3697,-3690,3697,-3689,3695,-3691,3695,3691,3694,-3691,3694,-3692,3695,-3691,3696,-3690,3696,3691,3696,-3692,3694,-3690,3694,-3689,3693,-3688,3697,-3689,3697,-3690,3696,-3689,3697,-3688,3697,3689,3696,-3686,3699,-3687,3698,-3688,3697,-3687,3699,3688,3698,-3688,3695,-3684,3699,-3685,3699,-3684,3700,-3686,3699,-3686,3697,-3686,3698,-3687,3698,3687,3696,-3690,3695,-3687,3695,-3687,3696,-3686,-0.54,SJNFAAZE1U0005576,117.77,13.04,9194.1591796875,79,75,0,0,0,0,15.5,99.17,-173564,52,1528047436.372,0,2,0,0,0,0,0,0,0,4,354.41,354.41,1F,1,1,1,0080,81,40,40,0,0,19,-9.75
03/06/2018 18:37:20,55 59.40535,-2 30.55496,239,0,281,555608,1144818,354.43,-17.714,3701,3684,3692,17,0,96.2,35.7,89.0,31.7,none,none,82.6,28.1,-3696,3690,-3696,3689,-3696,3690,-3696,3689,-3697,3690,-3695,3691,-3697,3690,-3698,3690,-3696,3690,-3696,3689,-3696,3690,-3698,3691,-3697,3689,-3698,3689,-3697,3691,-3696,3691,-3696,3691,-3695,3692,-3697,3690,-3695,3690,-3696,3691,-3696,3691,-3695,3690,-3695,3688,-3695,3688,-3697,3689,-3696,3691,-3698,3689,-3697,3688,-3699,3688,-3696,3687,-3699,3687,-3699,3688,-3698,3687,-3698,3689,-3698,3688,-3696,3685,-3700,3684,-3698,3685,-3701,3686,-3700,3685,-3699,3687,-3697,3687,-3698,3687,-3698,3690,-3696,3687,-3697,3686,-3696,3686,-0.46,SJNFAAZE1U0005576,117.77,13.04,9194.1591796875,79,75,0,0,0,0,15.5,99.17,-173570,52,1528047440.084,0,2,0,0,0,0,0,0,0,4,354.26,354.26,1F,1,1,1,0080,81,40,40,0,0,19,-37.75
03/06/2018 18:37:23,55 59.40535,-2 30.55496,239,0,281,555978,1144818,354.34,-14.266,3699,3684,3691,15,0,96.2,35.7,89.2,31.8,none,none,82.6,28.1,-3693,3689,-3695,3687,-3696,3690,-3694,3689,-3695,3690,-3695,3689,-3696,3689,-3695,3689,-3695,3689,-3696,3689,-3695,3690,-3697,3690,-3696,3688,-3697,3689,-3695,3689,-3695,3690,-3695,3690,-3694,3692,-3696,3690,-3695,3690,-3696,3690,-3696,3690,-3695,3688,-3694,3688,-3693,3686,-3696,3687,-3695,3688,-3694,3688,-3695,3687,-3697,3687,-3695,3684,-3698,3685,-3697,3686,-3697,3686,-3697,3686,-3697,3687,-3696,3684,-3698,3684,-3698,3684,-3699,3684,-3698,3684,-3697,3686,-3695,3685,-3696,3686,-3695,3688,-3694,3685,-3694,3686,-3694,3685,-0.49,SJNFAAZE1U0005576,117.77,13.04,9194.1591796875,79,75,0,0,0,0,15.5,99.17,-173586,52,1528047443.584,0,2,0,0,0,0,0,0,0,4,354.61,354.61,1F,1,1,1,0080,81,40,40,0,0,19,-56.00
03/06/2018 18:37:27,55 59.40535,-2 30.55496,239,0,281,555969,1144818,353.66,16.921,3691,3676,3684,15,0,96.0,35.6,89.0,31.7,none,none,82.6,28.1,-3685,3683,-3687,3681,-3688,3683,-3688,3682,-3687,3684,-3687,3684,-3688,3683,-3690,3682,-3688,3684,-3688,3682,-3688,3684,-3689,3685,-3689,3681,-3689,3681,-3687,3685,-3687,3685,-3688,3684,-3688,3685,-3688,3683,-3688,3683,-3688,3683,-3688,3683,-3686,3683,-3686,3682,-3685,3678,-3687,3680,-3686,3681,-3687,3680,-3690,3681,-3688,3679,-3689,3677,-3689,3678,-3689,3681,-3689,3680,-3690,3680,-3689,3680,-3690,3676,-3690,3676,-3690,3677,-3691,3678,-3691,3678,-3689,3678,-3688,3679,-3689,3680,-3688,3680,-3686,3679,-3686,3678,-3686,3678,-0.48,SJNFAAZE1U0005576,117.77,13.04,9194.1591796875,79,75,0,0,0,0,15.5,99.17,-173586,52,1528047447.053,7440,2,0,0,0,0,0,0,0,4,353.38,353.38,1F,1,1,1,0080,81,40,40,0,0,19,-15.75
03/06/2018 18:37:30,55 59.40535,-2 30.55496,239,0,281,555920,1144818,352.80,30.166,3681,3667,3675,14,0,96.2,35.7,89.0,31.7,none,none,82.6,28.1,-3676,3673,-3679,3672,-3679,3674,-3680,3674,-3680,3677,-3679,3676,-3681,3675,-3681,3674,-3680,3676,-3679,3674,-3680,3674,-3681,3676,-3680,3673,-3681,3674,-3680,3676,-3680,3676,-3679,3676,-3680,3677,-3680,3676,-3680,3674,-3680,3675,-3680,3674,-3679,3674,-3678,3672,-3674,3668,-3677,3669,-3676,3670,-3678,3671,-3680,3671,-3680,3670,-3678,3668,-3680,3669,-3680,3670,-3681,3670,-3681,3670,-3679,3670,-3681,3667,-3681,3667,-3680,3668,-3681,3667,-3681,3668,-3679,3670,-3678,3669,-3679,3671,-3678,3671,-3675,3669,-3678,3669,-3677,3669,-0.45,SJNFAAZE1U0005576,117.77,13.04,9194.1591796875,79,75,0,0,0,0,15.5,99.17,-173586,52,1528047450.539,6040,2,0,0,0,0,0,0,0,4,353.05,353.05,1F,1,1,1,0080,81,40,40,0,0,19,100.25
03/06/2018 18:37:34,55 59.40535,-2 30.55496,239,0,281,555412,1144818,351.26,64.559,3667,3648,3659,19,0,96.2,35.7,89.0,31.7,none,none,82.6,28.1,3655,-3664,3655,-3662,3656,3663,3661,-3662,3658,-3666,3658,-3664,3658,-3667,3658,-3665,3658,-3666,3659,-3665,3659,-3665,3659,3666,3659,-3666,3658,-3666,3657,-3665,3660,-3664,3659,3663,3660,-3665,3660,-3665,3658,-3664,3659,-3664,3658,-3663,3656,-3663,3657,-3660,-3650,-3659,3651,3660,-3651,3659,-3653,3658,-3654,3662,-3654,3660,-3649,3662,-3653,3663,-3652,3665,-3653,3662,-3655,3664,-3653,3663,-3655,3663,-3649,3664,-3649,3666,-3651,3664,-3652,3666,-3648,3663,-3652,3663,-3653,3662,3652,3662,-3651,3659,3651,-3660,3650,-3657,-0.49,SJNFAAZE1U0005576,117.77,13.04,9194.1591796875,79,75,0,0,0,0,15.5,99.17,-173586,52,1528047454.150,19880,2,0,0,0,0,0,0,0,4,351.36,351.36,1F,1,1,1,0080,81,40,40,0,0,19,69.75
03/06/2018 18:37:37,55 59.40535,-2 30.55496,239,0,281,554888,1144818,350.98,60.805,3663,3647,3656,16,0,96.2,35.7,89.0,31.7,none,none,82.6,28.1,3652,-3660,3654,-3660,3655,3659,3658,-3659,3656,3663,3657,-3663,3657,-3663,3656,-3662,3656,-3663,3657,-3661,3656,-3662,3658,-3662,3657,-3663,3655,3663,3655,-3662,3657,-3662,3657,-3661,3658,-3661,3658,3662,3656,-3661,3657,-3661,3656,-3662,3655,-3659,3654,-3657,3648,3655,3649,-3659,3649,-3657,3650,-3657,3653,-3660,3652,-3658,3648,-3659,3649,-3661,3651,-3661,3651,3662,3652,-3661,3649,-3660,3652,-3662,3647,-3662,3647,3663,3649,-3662,3648,-3663,3647,-3660,3648,-3659,3650,-3660,3648,-3659,3648,-3658,3648,-3658,3648,3654,-0.48,SJNFAAZE1U0005576,117.77,13.04,9194.1591796875,79,75,0,0,0,0,15.5,99.17,-173586,52,1528047457.828,17440,2,0,0,0,0,0,0,0,4,351.13,351.13,1F,1,1,1,0080,81,40,40,0,0,19,61.75
03/06/2018 18:37:41,55 59.40535,-2 30.55496,239,0,280,554395,1144818,351.84,41.091,3673,3656,3665,17,0,96.2,35.7,89.0,31.7,none,none,82.6,28.1,3663,-3670,3661,3669,3662,3669,3667,-3668,3664,-3671,3664,-3670,3664,3670,3663,-3671,3663,-3670,3664,-3670,3664,-3672,3666,-3671,3664,-3672,3663,-3672,3663,-3670,3665,3670,3665,-3670,3664,-3669,3665,-3671,3665,-3671,3665,-3669,3664,3670,3663,-3669,3662,-3666,3659,-3667,3658,-3668,3661,3667,3661,-3667,3663,-3669,3662,-3668,3658,-3670,3659,-3671,3660,-3671,3660,-3670,3663,-3670,3661,3670,3662,-3672,3657,-3671,3658,-3673,3658,-3671,3659,3672,3656,-3670,3660,-3670,3661,-3671,3660,-3669,3659,-3667,3658,-3668,3657,-3665,-0.48,SJNFAAZE1U0005576,117.77,13.04,9194.1591796875,79,75,0,0,0,0,15.5,99.17,-173586,52,1528047461.457,13600,2,0,0,0,0,0,0,0,4,351.59,351.59,1F,1,1,1,0080,81,40,40,0,0,19,22.00
03/06/2018 18:37:45,55 59.40535,-2 30.55496,239,0,280,554148,1144818,351.94,31.752,3673,3657,3666,16,0,96.0,35.6,89.0,31.7,none,none,82.6,28.1,3663,-3671,3663,-3669,3663,3670,3668,3669,3665,-3672,3665,-3672,3664,-3672,3664,-3672,3664,3672,3664,-3670,3665,-3672,3666,-3671,3666,-3673,3665,-3673,3664,3671,3667,-3672,3667,-3671,3666,-3671,3666,-3672,3665,-3671,3666,-3670,3666,-3671,3664,-3668,3664,3667,3660,-3666,3660,-3669,3662,-3668,3662,-3668,3664,3670,3662,-3669,3659,-3670,3661,-3671,3660,-3672,3661,-3672,3664,-3672,3662,-3670,3663,-3672,3657,3672,3659,-3673,3659,-3672,3660,-3673,3657,-3670,3661,3671,3661,-3671,3661,-3669,3660,-3669,3660,-3668,3658,-3665,-0.50,SJNFAAZE1U0005576,117.77,13.04,9194.1591796875,79,75,0,0,0,0,15.5,99.17,-173586,52,1528047465.088,8800,2,0,0,0,0,0,0,0,4,351.97,351.97,1F,1,1,1,0080,81,40,40,0,0,19,15.00
03/06/2018 18:37:48,55 59.40535,-2 30.55496,239,0,280,554043,1144818,352.99,3.036,3683,3670,3677,13,0,96.0,35.6,89.0,31.7,none,none,82.6,28.1,3675,-3681,3675,-3680,3675,3680,3679,-3679,3677,-3682,3676,-3681,3677,-3683,3676,-3683,3676,-3682,3677,-3681,3677,-3682,3677,3682,3676,-3682,3675,-3682,3676,-3681,3677,-3681,3677,3680,3677,-3680,3678,-3681,3677,-3681,3677,-3680,3677,-3680,3675,-3679,3675,-3677,3673,-3679,3673,3680,3673,-3678,3674,-3679,3676,-3680,3674,-3680,3671,3681,3673,-3682,3674,-3682,3673,-3681,3674,-3681,3674,-3680,3673,-3682,3671,-3682,3671,-3682,3672,3683,3672,-3683,3670,-3680,3673,-3681,3673,-3681,3675,3680,3672,-3679,3672,-3679,3671,-3676,-0.44,SJNFAAZE1U0005576,117.77,13.04,9194.1591796875,79,75,0,0,0,0,15.5,99.17,-173586,52,1528047468.607,0,2,1,0,3,0,0,0,0,4,353.02,353.02,1F,1,1,1,0080,81,40,40,0,0,19,0.00
03/06/2018 18:37:52,55 59.40535,-2 30.55496,239,0,280,554072,1144818,354.14,-27.327,3697,3681,3689,16,0,96.0,35.6,89.2,31.8,none,none,82.6,28.1,-3691,3686,-3693,3686,-3693,3687,-3694,3687,-3693,3688,-3693,3688,-3694,3687,-3695,3686,-3694,3687,-3694,3686,-3694,3687,-3694,3688,-3695,3686,-3694,3685,-3694,3688,-3692,3687,-3693,3687,-3692,3689,-3693,3688,-3694,3687,-3693,3688,-3694,3688,-3693,3687,-3692,3686,-3690,3685,-3694,3685,-3693,3687,-3694,3686,-3695,3685,-3695,3685,-3693,3683,-3695,3683,-3696,3685,-3696,3685,-3695,3684,-3695,3684,-3693,3682,-3697,3682,-3696,3681,-3697,3683,-3696,3682,-3695,3683,-3694,3683,-3694,3685,-3694,3687,-3693,3684,-3693,3684,-3693,3684,-0.47,SJNFAAZE1U0005576,117.77,13.04,9194.1591796875,79,75,0,0,0,0,15.5,99.17,-173587,52,1528047472.424,0,2,0,0,0,0,0,0,0,4,354.22,354.22,1F,1,1,1,0080,81,40,40,0,0,19,-26.75
03/06/2018 18:37:56,55 59.40535,-2 30.55496,239,0,280,554185,1144818,353.47,2.395,3689,3674,3682,15,0,96.0,35.6,89.0,31.7,none,none,82.6,28.1,-3684,3678,-3684,3679,-3686,3680,-3685,3680,-3685,3680,-3685,3681,-3686,3681,-3688,3679,-3686,3680,-3685,3679,-3687,3681,-3688,3681,-3687,3679,-3688,3679,-3686,3681,-3686,3682,-3685,3680,-3685,3681,-3686,3681,-3686,3681,-3686,3681,-3686,3682,-3685,3680,-3685,3678,-3682,3676,-3685,3677,-3684,3679,-3684,3678,-3687,3678,-3687,3676,-3684,3675,-3688,3675,-3687,3678,-3686,3676,-3687,3677,-3686,3677,-3686,3674,-3689,3674,-3688,3674,-3689,3676,-3688,3675,-3686,3675,-3686,3676,-3687,3677,-3685,3678,-3683,3675,-3686,3676,-3685,3675,-0.45,SJNFAAZE1U0005576,117.77,13.04,9194.1591796875,79,75,0,0,0,0,15.5,99.17,-173591,52,1528047476.119,0,2,0,0,0,0,0,0,0,4,353.49,353.49,1F,1,1,1,0080,81,40,40,0,0,19,-34.25
03/06/2018 18:37:59,55 59.40535,-2 30.55496,239,0,280,554432,1144818,353.47,-1.204,3688,3675,3682,13,0,96.0,35.6,89.0,31.7,none,none,82.4,28.0,-3685,3682,-3684,3679,-3685,3681,-3686,3681,-3686,3682,-3685,3683,-3686,3682,-3687,3682,-3686,3682,-3686,3680,-3687,3682,-3687,3682,-3687,3681,-3687,3681,-3686,3683,-3686,3684,-3686,3682,-3686,3684,-3686,3682,-3686,3682,-3686,3682,-3686,3683,-3684,3681,-3684,3680,-3684,3678,-3685,3678,-3684,3680,-3685,3679,-3685,3679,-3686,3677,-3685,3676,-3686,3678,-3686,3680,-3686,3678,-3687,3678,-3686,3679,-3686,3675,-3688,3677,-3687,3676,-3688,3677,-3687,3677,-3685,3677,-3686,3677,-3686,3678,-3685,3680,-3682,3676,-3686,3678,-3683,3676,-0.48,SJNFAAZE1U0005576,117.77,13.04,9194.1591796875,79,75,0,0,0,0,15.5,99.17,-173602,52,1528047479.828,0,2,0,0,0,0,0,0,0,4,353.91,353.91,1F,1,1,1,0080,81,40,40,0,0,19,1.25
03/06/2018 18:38:03,55 59.40535,-2 30.55496,239,0,280,554387,1144818,353.66,3.036,3691,3676,3684,15,0,96.0,35.6,89.0,31.7,none,none,82.6,28.1,-3686,3682,-3687,3682,-3688,3683,-3687,3682,-3688,3683,-3689,3684,-3688,3683,-3690,3682,-3689,3682,-3688,3681,-3689,3683,-3689,3683,-3689,3682,-3690,3681,-3688,3684,-3688,3684,-3687,3683,-3688,3685,-3688,3683,-3688,3683,-3688,3684,-3688,3684,-3687,3683,-3687,3680,-3685,3678,-3688,3679,-3687,3680,-3688,3680,-3689,3680,-3689,3680,-3687,3678,-3690,3679,-3690,3680,-3690,3679,-3691,3679,-3690,3680,-3688,3676,-3691,3676,-3690,3676,-3691,3677,-3691,3677,-3690,3679,-3689,3678,-3688,3680,-3688,3680,-3686,3678,-3689,3677,-3686,3677,-0.46,SJNFAAZE1U0005576,117.77,13.04,9194.1591796875,79,75,0,0,0,0,15.5,99.17,-173602,52,1528047483.662,2360,2,0,0,0,0,0,0,0,4,353.67,353.67,1F,1,1,1,0080,81,40,40,0,0,19,0.00
03/06/2018 18:38:07,55 59.40535,-2 30.55496,239,0,280,554364,1144818,354.05,2.487,3696,3679,3688,17,0,96.0,35.6,89.0,31.7,none,none,82.4,28.0,-3685,3692,-3684,3692,-3686,3691,-3689,3689,-3686,3692,-3685,3692,-3685,3694,-3686,3693,-3685,3693,-3685,3691,-3685,3692,-3686,3692,-3686,3694,-3684,3694,-3685,3691,-3687,3692,-3687,3692,-3687,3693,-3687,3693,-3686,3691,3687,3691,-3688,3692,3686,-3691,3685,-3688,3683,-3692,3684,-3693,3684,3691,3685,-3690,3685,-3693,3684,-3692,3682,-3692,3682,-3694,3683,-3694,3683,-3692,3684,-3692,3682,3692,-3682,-3696,3680,-3694,-3680,3693,-3680,3695,-3679,3695,-3680,3693,-3682,3692,-3682,3692,-3684,3692,-3682,3690,-3682,3692,-3681,3688,-0.45,SJNFAAZE1U0005576,117.77,13.04,9194.1591796875,79,75,0,0,0,0,15.5,99.17,-173602,52,1528047487.430,0,2,0,0,0,0,0,0,0,4,353.72,353.72,1F,1,1,1,0080,81,40,40,0,0,19,-18.25
03/06/2018 18:38:11,55 59.40535,-2 30.55496,239,0,280,554492,1144818,354.53,-16.768,3700,3686,3693,14,0,96.0,35.6,89.0,31.7,none,none,82.4,28.0,3691,3697,3690,-3695,3692,3695,3695,-3695,3692,-3697,3691,-3696,3691,-3697,3691,-3697,3691,-3696,3690,3696,3692,-3698,3691,-3696,3691,-3696,3691,-3696,3690,3695,3692,-3696,3692,-3695,3692,-3695,3693,-3696,3691,-3696,3692,-3696,3693,-3696,3692,-3695,3692,3694,3689,-3696,3691,-3696,3691,-3696,3691,-3695,3691,3696,3691,-3696,3689,-3697,3687,-3697,3689,-3698,3689,-3697,3690,3698,3690,-3696,3687,-3699,3687,-3698,3687,-3699,3687,-3700,3688,-3699,3686,-3697,3689,-3696,3688,3696,3690,-3697,3688,-3695,3688,-3696,3688,-3693,-0.47,SJNFAAZE1U0005576,117.77,13.04,9194.1591796875,79,75,0,0,0,0,15.5,99.17,-173607,52,1528047491.168,0,2,0,0,0,0,0,0,0,4,354.52,354.52,1F,1,1,1,0080,81,40,40,0,0,19,-19.50
03/06/2018 18:38:14,55 59.40535,-2 30.55496,239,0,280,554634,1144818,354.34,-9.139,3698,3684,3691,14,0,96.0,35.6,89.0,31.7,none,none,82.4,28.0,3689,-3696,3687,-3694,3690,3694,3692,-3693,3689,-3694,3689,-3695,3690,-3696,3689,-3696,3690,-3695,3690,-3693,3689,-3695,3690,3695,3689,-3696,3689,-3697,3689,-3693,3691,-3694,3690,3694,3690,-3694,3690,-3695,3688,-3694,3691,-3694,3690,-3694,3689,-3693,3689,-3691,3687,-3695,3688,3694,3689,-3694,3689,-3693,3689,-3694,3688,-3694,3686,-3694,3686,3696,3687,-3696,3686,-3695,3687,-3695,3687,-3694,3687,3697,3685,-3696,3685,-3697,3685,-3695,3685,-3698,3684,-3695,3686,-3695,3686,-3693,3687,-3695,3686,3693,3686,-3694,3684,-3691,-0.47,SJNFAAZE1U0005576,117.77,13.04,9194.1591796875,79,75,0,0,0,0,15.5,99.17,-173613,52,1528047494.750,0,2,0,0,0,0,0,0,0,4,354.41,354.41,1F,1,1,1,0080,81,40,40,0,0,19,-7.25
03/06/2018 18:38:18,55 59.40535,-2 30.55496,239,0,281,554751,1144818,355.20,-23.146,3707,3692,3700,15,0,96.0,35.6,88.8,31.6,none,none,82.4,28.0,3698,-3705,3698,-3703,3699,3703,3700,-3701,3698,3704,3698,-3704,3698,-3705,3697,-3705,3697,-3703,3697,-3703,3699,-3703,3699,-3703,3698,-3704,3696,3704,3698,-3703,3699,-3704,3699,-3702,3699,-3703,3698,3704,3698,-3702,3699,-3703,3700,-3703,3699,-3701,3698,-3701,3697,-3704,3698,-3704,3697,-3704,3699,3702,3697,-3705,3698,-3705,3696,-3705,3696,-3706,3695,-3707,3696,3704,3696,-3705,3695,-3704,3693,-3707,3694,-3707,3693,3706,3693,-3707,3693,-3707,3692,-3704,3695,-3704,3695,-3704,3698,-3705,3696,-3703,3696,-3704,3694,3701,-0.48,SJNFAAZE1U0005576,117.77,13.04,9195.7685546875,79,75,0,0,0,0,15.5,99.17,-173618,52,1528047498.620,0,2,0,0,0,0,0,0,0,4,354.90,354.90,1F,1,1,1,0080,80,40,40,0,0,19,-46.50
03/06/2018 18:38:22,55 59.40535,-2 30.55496,239,0,281,555064,1144818,355.58,-27.602,3711,3696,3704,15,0,96.0,35.6,89.0,31.7,none,none,82.4,28.0,3702,-3710,3700,3707,3703,3707,3703,-3705,3702,-3708,3701,-3707,3702,3708,3700,-3708,3701,-3708,3701,-3705,3702,-3707,3702,-3706,3702,-3709,3700,-3709,3700,-3707,3703,3706,3703,-3705,3702,-3706,3703,-3708,3702,-3707,3702,3707,3703,-3708,3702,-3706,3702,-3703,3701,-3708,3701,-3709,3701,-3708,3702,-3706,3700,-3708,3702,3708,3700,-3709,3699,-3710,3700,-3711,3699,-3708,3701,-3708,3699,3708,3696,-3710,3698,-3710,3696,-3710,3698,-3709,3697,3711,3696,-3709,3700,-3709,3699,-3709,3701,-3709,3699,-3707,3700,-3709,3699,-3704,-0.48,SJNFAAZE1U0005576,117.77,13.04,9195.7685546875,79,75,0,0,0,0,15.5,99.17,-173630,52,1528047502.503,0,2,0,0,0,0,0,0,0,4,355.33,355.33,1F,1,1,1,0080,80,40,40,0,0,19,-46.25
03/06/2018 18:38:26,55 59.40535,-2 30.55496,239,0,281,555422,1144818,356.16,-41.823,3719,3702,3710,17,0,96.0,35.6,89.0,31.7,none,none,82.4,28.0,-3715,3708,-3714,3707,-3716,3709,-3714,3708,-3713,3709,-3714,3708,-3714,3707,-3714,3707,-3714,3707,-3712,3707,-3715,3707,-3715,3708,-3714,3706,-3714,3706,-3713,3708,-3713,3708,-3713,3708,-3712,3709,-3713,3708,-3713,3708,-3713,3708,-3715,3709,-3714,3708,-3714,3707,-3714,3708,-3716,3708,-3716,3710,-3716,3708,-3715,3706,-3717,3707,-3717,3705,-3717,3704,-3716,3707,-3716,3705,-3718,3706,-3715,3705,-3713,3702,-3719,3703,-3718,3703,-3719,3704,-3718,3703,-3717,3705,-3715,3705,-3715,3706,-3717,3710,-3715,3705,-3716,3706,-3714,3706,-0.48,SJNFAAZE1U0005576,117.77,13.04,9195.7685546875,79,75,0,0,0,0,15.5,99.17,-173645,52,1528047506.009,0,2,0,0,0,0,0,0,0,4,356.07,356.07,1F,1,1,1,0080,80,40,40,0,0,19,-81.50
03/06/2018 18:38:29,55 59.40535,-2 30.55496,239,0,281,555730,1144818,355.49,-21.193,3712,3696,3703,16,0,96.0,35.6,89.0,31.7,none,none,82.4,28.0,-3707,3700,-3706,3700,-3707,3701,-3706,3700,-3707,3701,-3706,3701,-3706,3701,-3708,3700,-3707,3700,-3706,3700,-3707,3701,-3707,3701,-3707,3700,-3708,3700,-3706,3702,-3705,3701,-3706,3701,-3705,3703,-3705,3701,-3707,3701,-3707,3701,-3708,3702,-3706,3701,-3705,3700,-3706,3699,-3708,3700,-3708,3701,-3708,3699,-3708,3700,-3708,3699,-3708,3697,-3710,3697,-3709,3699,-3708,3698,-3709,3698,-3709,3698,-3708,3696,-3711,3696,-3712,3696,-3712,3697,-3710,3696,-3709,3697,-3709,3699,-3709,3699,-3708,3700,-3707,3698,-3708,3698,-3706,3697,-0.48,SJNFAAZE1U0005576,117.77,13.04,9195.7685546875,79,75,0,0,0,0,15.5,99.17,-173658,52,1528047509.747,0,2,1,0,3,0,0,0,0,4,355.58,355.58,1F,1,1,1,0080,80,40,40,0,0,19,-73.25
03/06/2018 18:38:33,55 59.40535,-2 30.55496,239,0,281,555846,1144818,354.82,-2.120,3702,3689,3696,13,0,96.0,35.6,88.8,31.6,none,none,82.4,28.0,-3697,3695,-3699,3693,-3699,3694,-3699,3695,-3699,3695,-3699,3695,-3699,3695,-3700,3695,-3699,3694,-3699,3694,-3699,3694,-3699,3696,-3699,3694,-3700,3693,-3699,3695,-3698,3696,-3698,3695,-3698,3697,-3699,3695,-3698,3695,-3699,3695,-3699,3696,-3698,3694,-3698,3692,-3696,3692,-3698,3693,-3698,3694,-3698,3692,-3699,3693,-3701,3692,-3699,3690,-3700,3691,-3700,3693,-3699,3692,-3700,3692,-3699,3691,-3699,3690,-3701,3689,-3701,3690,-3702,3691,-3701,3690,-3699,3691,-3699,3690,-3700,3692,-3699,3694,-3698,3691,-3699,3691,-3697,3690,-0.45,SJNFAAZE1U0005576,117.77,13.04,9195.7685546875,79,75,0,0,0,0,15.5,99.17,-173663,52,1528047513.682,0,2,0,0,0,0,0,0,0,4,354.91,354.91,1F,1,1,1,0080,80,40,40,0,0,19,-30.50
03/06/2018 18:38:37,55 59.40535,-2 30.55496,239,0,281,555839,1144818,354.72,1.235,3701,3688,3695,13,0,95.8,35.4,88.8,31.6,none,none,82.2,27.9,-3696,3693,-3698,3692,-3697,3693,-3698,3692,-3698,3694,-3698,3694,-3698,3693,-3698,3693,-3698,3694,-3698,3692,-3699,3695,-3699,3694,-3699,3693,-3698,3693,-3698,3694,-3697,3695,-3698,3695,-3697,3695,-3697,3694,-3698,3693,-3698,3694,-3699,3695,-3697,3693,-3698,3692,-3695,3691,-3698,3692,-3697,3693,-3699,3691,-3698,3691,-3699,3690,-3697,3690,-3699,3691,-3699,3691,-3699,3689,-3700,3691,-3699,3692,-3698,3689,-3701,3688,-3698,3689,-3701,3690,-3700,3690,-3698,3689,-3698,3690,-3699,3690,-3699,3693,-3697,3690,-3698,3689,-3697,3689,-0.46,SJNFAAZE1U0005576,117.77,13.04,9195.7685546875,79,75,0,0,0,0,15.5,99.17,-173663,52,1528047517.513,0,2,0,0,0,0,0,0,0,4,354.72,354.72,1F,1,1,1,0080,80,40,40,0,0,19,0.00
03/06/2018 18:38:41,55 59.40535,-2 30.55496,239,0,281,555805,1144818,354.05,15.029,3694,3681,3688,13,0,96.0,35.6,89.0,31.7,none,none,82.4,28.0,3685,-3692,3686,-3691,3686,3691,3689,-3689,3687,-3692,3687,-3692,3687,-3694,3687,-3693,3687,-3693,3688,-3691,3688,-3692,3686,3692,3688,-3693,3686,-3694,-3687,-3691,3688,-3691,-3688,3691,-3688,3691,-3688,3692,-3688,3692,-3688,3692,-3689,3691,-3686,3691,-3687,3688,-3683,3689,-3683,3691,-3685,3690,-3685,3689,-3686,3691,-3686,3690,-3681,3691,-3683,3692,-3683,3693,-3684,3692,-3685,3692,-3683,3692,-3684,3692,-3682,3693,-3681,3693,-3681,3693,-3682,3693,-3681,3691,-3683,3690,-3683,3690,3684,3691,-3682,3690,3682,-3690,3681,-3687,-0.45,SJNFAAZE1U0005576,117.77,13.04,9195.7685546875,79,75,0,0,0,0,15.5,99.17,-173663,52,1528047521.091,2440,2,0,0,0,0,0,0,0,4,354.21,354.21,1F,1,1,1,0080,80,40,40,0,0,19,90.50
03/06/2018 18:38:44,55 59.40535,-2 30.55496,239,0,281,555639,1144818,354.34,9.719,3698,3682,3691,16,0,96.0,35.6,88.8,31.6,none,none,82.2,27.9,3690,-3696,3689,-3695,3690,3694,3692,-3693,3690,3696,3689,-3696,3689,-3697,3689,-3696,3689,-3696,3688,-3695,3689,-3695,3689,-3697,3690,-3696,3688,-3698,3689,-3695,3691,-3695,3692,-3695,3690,-3695,3690,-3695,3689,3695,3689,-3694,3692,-3695,3689,-3693,3689,-3691,3687,3694,3687,-3695,3687,-3694,3688,-3693,3689,-3695,3689,-3694,3685,-3695,3686,-3697,3686,-3698,3685,3696,3687,-3697,3686,-3695,3685,-3698,3684,-3698,3682,3697,3684,-3697,3684,-3698,3682,-3696,3686,-3695,3686,-3696,3688,-3696,3686,-3694,3686,-3695,3685,3691,-0.43,SJNFAAZE1U0005576,117.77,13.04,9195.7685546875,79,75,0,0,0,0,15.5,99.17,-173663,52,1528047524.868,4560,2,0,0,0,0,0,0,0,4,354.16,354.16,1F,1,1,1,0080,80,40,40,0,0,19,5.75
03/06/2018 18:38:48,55 59.40535,-2 30.55496,239,0,281,555519,1144818,353.57,26.015,3691,3674,3683,17,0,95.8,35.4,88.8,31.6,none,none,82.4,28.0,3680,-3688,3679,3687,3681,3686,3683,-3685,3682,-3687,3682,-3687,3681,-3689,3682,-3689,3682,-3688,3681,-3687,3682,-3688,3681,-3688,3681,3689,3680,-3688,3681,-3687,3682,-3687,3683,-3687,3682,-3686,3682,-3687,3682,-3687,3682,-3687,3683,3687,3681,-3685,3681,-3683,3677,-3684,3678,-3686,3678,3685,3679,-3685,3680,-3687,3680,-3685,3676,-3687,3677,-3688,3678,-3689,3678,-3687,3679,-3688,3678,3686,3678,-3688,3675,-3689,3675,-3691,3675,-3691,3674,3689,3675,-3686,3676,-3687,3677,-3687,3678,-3688,3677,-3686,3676,-3685,3676,-3682,-0.43,SJNFAAZE1U0005576,117.77,13.04,9195.7685546875,79,75,0,0,0,0,15.5,99.17,-173663,52,1528047528.541,7040,2,0,0,0,0,0,0,0,4,353.57,353.57,1F,1,1,1,0080,80,40,40,0,0,19,43.00
03/06/2018 18:38:52,55 59.40535,-2 30.55496,239,0,281,555306,1144818,352.99,38.802,3684,3668,3677,16,0,96.0,35.6,88.8,31.6,none,none,82.4,28.0,3673,-3682,3673,-3681,3675,3681,3678,3679,3675,-3682,3675,-3681,3677,-3682,3675,-3683,3674,-3683,3676,3682,3675,-3682,3676,-3683,3677,-3683,3675,-3683,3675,3682,3677,-3681,3677,-3680,3677,-3681,3678,-3681,3676,-3682,3677,-3681,3678,-3682,3675,-3679,3674,3678,3671,-3678,3671,-3680,3672,-3680,3674,-3678,3673,3680,3673,-3679,3669,-3681,3671,-3682,3671,-3683,3671,-3681,3672,-3682,3671,-3681,3672,-3682,3668,3682,3669,-3684,3669,-3683,3668,-3684,3668,-3682,3670,3680,3670,-3681,3671,-3680,3671,-3680,3670,-3679,3669,-3676,-0.41,SJNFAAZE1U0005576,117.77,13.04,9195.7685546875,79,75,0,0,0,0,15.5,99.17,-173663,52,1528047532.136,10160,2,0,0,0,0,0,0,0,4,353.06,353.06,1F,1,1,1,0080,80,40,40,0,0,19,38.25
03/06/2018 18:38:55,55 59.40535,-2 30.55496,239,0,281,555119,1144818,353.76,16.646,3690,3677,3685,13,0,95.8,35.4,88.8,31.6,none,none,82.4,28.0,3683,-3688,3680,-3688,3683,3688,3686,-3686,3684,-3689,3683,-3689,3685,-3689,3684,-3689,3683,-3690,3683,-3688,3684,-3688,3684,3688,3685,-3690,3683,-3690,3683,-3688,3684,-3688,3685,3688,3684,-3688,3685,-3688,3684,-3688,3684,-3687,3684,-3689,3683,-3687,3684,-3685,3681,-3687,3680,3688,3681,-3687,3683,-3686,3683,-3688,3682,-3686,3679,3688,3680,-3689,3680,-3690,3680,-3689,3682,-3689,3681,-3687,3680,-3689,3678,-3690,3679,-3690,3679,3690,3679,-3690,3677,-3688,3680,-3688,3681,-3688,3681,-3688,3680,3687,3680,-3686,3678,-3684,-0.43,SJNFAAZE1U0005576,117.77,13.04,9195.7685546875,79,75,0,0,0,0,15.5,99.17,-173663,52,1528047535.704,4360,2,0,0,0,0,0,0,0,4,353.66,353.66,1F,1,1,1,0080,80,40,40,0,0,19,0.50
03/06/2018 18:38:59,55 59.40535,-2 30.55496,239,0,281,555196,1144818,355.10,-22.749,3706,3691,3699,15,0,95.8,35.4,88.8,31.6,none,none,82.2,27.9,-3702,3696,-3702,3696,-3702,3697,-3702,3697,-3703,3697,-3702,3697,-3703,3696,-3703,3696,-3702,3698,-3702,3697,-3702,3697,-3703,3697,-3703,3697,-3702,3696,-3702,3698,-3702,3697,-3703,3698,-3701,3699,-3703,3697,-3702,3697,-3703,3697,-3703,3699,-3702,3697,-3701,3695,-3701,3695,-3704,3696,-3702,3698,-3703,3695,-3702,3696,-3705,3695,-3703,3694,-3705,3695,-3704,3696,-3704,3695,-3704,3695,-3703,3695,-3702,3692,-3706,3691,-3704,3693,-3705,3694,-3704,3693,-3704,3694,-3703,3695,-3703,3695,-3703,3698,-3702,3695,-3703,3694,-3702,3693,-0.45,SJNFAAZE1U0005576,117.77,13.04,9195.7685546875,79,75,0,0,0,0,15.5,99.17,-173666,51,1528047539.579,0,2,1,0,3,0,0,0,0,4,355.13,355.13,1F,1,1,1,0080,80,40,40,0,0,19,-39.00
03/06/2018 18:39:03,55 59.40535,-2 30.55496,239,0,281,555356,1144818,355.01,-16.127,3706,3691,3698,15,0,95.8,35.4,88.8,31.6,none,none,82.2,27.9,-3702,3696,-3703,3695,-3703,3697,-3703,3695,-3702,3698,-3702,3697,-3703,3696,-3703,3696,-3702,3695,-3702,3696,-3703,3696,-3702,3697,-3703,3695,-3704,3695,-3702,3697,-3701,3698,-3701,3697,-3701,3699,-3702,3697,-3702,3695,-3702,3697,-3703,3697,-3701,3696,-3702,3695,-3700,3695,-3704,3696,-3703,3696,-3703,3695,-3704,3694,-3704,3695,-3703,3693,-3705,3693,-3704,3694,-3704,3694,-3705,3694,-3704,3693,-3703,3692,-3706,3691,-3705,3691,-3706,3693,-3705,3691,-3704,3692,-3703,3694,-3704,3694,-3703,3696,-3701,3693,-3703,3693,-3703,3693,-0.44,SJNFAAZE1U0005576,117.78,13.04,9195.7685546875,79,75,0,0,0,0,15.5,99.17,-173672,51,1528047543.451,0,2,0,0,0,0,0,0,0,4,355.09,355.09,1F,1,1,1,0080,80,40,40,0,0,19,-51.25
03/06/2018 18:39:07,55 59.40535,-2 30.55496,239,0,281,555528,1144818,355.30,-18.660,3709,3693,3701,16,0,95.8,35.4,88.8,31.6,none,none,82.2,27.9,-3704,3698,-3704,3698,-3706,3699,-3705,3698,-3704,3699,-3704,3699,-3706,3699,-3705,3699,-3705,3699,-3705,3698,-3704,3699,-3705,3700,-3705,3698,-3706,3698,-3704,3700,-3704,3700,-3704,3700,-3703,3701,-3704,3700,-3705,3699,-3705,3700,-3705,3700,-3704,3699,-3704,3698,-3703,3697,-3706,3699,-3706,3698,-3705,3698,-3705,3697,-3707,3698,-3705,3695,-3707,3696,-3707,3697,-3707,3696,-3706,3696,-3707,3697,-3705,3694,-3709,3693,-3707,3693,-3708,3694,-3707,3695,-3706,3696,-3706,3695,-3706,3696,-3706,3698,-3704,3696,-3705,3696,-3704,3696,-0.44,SJNFAAZE1U0005576,117.78,13.04,9195.7685546875,79,75,0,0,0,0,15.5,99.17,-173680,51,1528047547.171,0,2,0,0,0,0,0,0,0,4,355.29,355.29,1F,1,1,1,0080,80,40,40,0,0,19,-70.75
03/06/2018 18:39:10,55 59.40535,-2 30.55496,239,0,281,555633,1144818,354.82,-4.561,3703,3689,3696,14,0,95.8,35.4,88.8,31.6,none,none,82.2,27.9,-3698,3695,-3699,3694,-3699,3695,-3699,3693,-3699,3696,-3699,3695,-3700,3695,-3700,3694,-3699,3695,-3700,3694,-3700,3695,-3700,3696,-3701,3694,-3701,3693,-3698,3696,-3699,3695,-3698,3696,-3698,3696,-3699,3695,-3698,3694,-3700,3694,-3699,3696,-3698,3695,-3698,3693,-3697,3692,-3699,3694,-3699,3694,-3699,3694,-3700,3694,-3703,3692,-3700,3691,-3701,3692,-3701,3693,-3700,3692,-3700,3693,-3701,3692,-3701,3690,-3702,3689,-3702,3690,-3701,3691,-3702,3691,-3701,3691,-3699,3691,-3701,3692,-3700,3693,-3698,3692,-3699,3692,-3699,3691,-0.46,SJNFAAZE1U0005576,117.78,13.04,9195.7685546875,79,75,0,0,0,0,15.5,99.17,-173684,51,1528047550.882,0,2,0,0,0,0,0,0,0,4,354.89,354.89,1F,1,1,1,0080,80,40,40,0,0,19,11.25
03/06/2018 18:39:14,55 59.40535,-2 30.55496,239,0,281,555609,1144818,354.72,-3.066,3704,3687,3695,17,0,95.8,35.4,88.8,31.6,none,none,82.2,27.9,-3693,3700,-3692,3700,-3694,3698,-3696,3698,-3694,3700,-3694,3699,-3693,3701,-3693,3701,-3693,3700,-3693,3700,-3693,3700,-3693,3700,-3693,3702,-3692,3700,-3693,3699,-3694,3699,-3695,3699,-3694,3699,-3694,3698,-3694,3700,3695,3699,-3696,3699,3693,-3699,3694,-3695,3692,-3699,3691,-3701,3691,3698,3693,-3699,3693,-3700,3693,-3700,3690,-3700,3690,-3701,-3691,-3703,3690,-3700,-3691,3700,-3690,3700,-3690,3702,-3688,3702,-3687,3704,-3689,3703,-3688,3702,-3687,3699,-3690,3702,-3690,3700,-3692,3700,-3690,3698,-3690,3699,-3690,3697,-0.45,SJNFAAZE1U0005576,117.78,13.04,9195.7685546875,79,75,0,0,0,0,15.5,99.17,-173684,51,1528047554.639,760,2,0,0,0,0,0,0,0,4,354.76,354.76,1F,1,1,1,0080,80,40,40,0,0,19,-46.25
03/06/2018 18:39:18,55 59.40535,-2 30.55496,239,0,281,555629,1144818,354.62,1.998,3701,3685,3694,16,0,95.8,35.4,88.8,31.6,none,none,82.2,27.9,3692,3699,3691,-3698,3691,3697,3694,-3695,3693,-3697,3692,-3697,3692,-3699,3691,-3699,3691,-3698,3692,3697,3693,-3698,3693,-3699,3692,-3700,3691,-3699,3692,3696,3693,-3697,3693,-3696,3693,-3697,3693,-3698,3692,-3697,3692,-3697,3693,-3697,3692,-3696,3692,3694,3690,-3697,3690,-3698,3690,-3697,3691,-3696,3690,3698,3691,-3697,3687,-3699,3689,-3700,3689,-3700,3689,-3699,3690,3698,3689,-3698,3688,-3700,3687,-3701,3686,-3700,3686,-3701,3687,-3701,3685,-3698,3688,-3698,3689,3698,3691,-3699,3689,-3696,3690,-3698,3688,-3694,-0.46,SJNFAAZE1U0005576,117.78,13.04,9195.7685546875,79,75,0,0,0,0,15.5,99.17,-173685,51,1528047558.404,0,2,0,0,0,0,0,0,0,4,354.66,354.66,1F,1,1,1,0080,80,40,40,0,0,19,-3.75
03/06/2018 18:39:22,55 59.40535,-2 30.55496,239,0,281,555617,1144818,354.62,1.235,3700,3687,3694,13,0,95.8,35.4,88.8,31.6,none,none,82.2,27.9,3693,-3698,3690,-3697,3693,3696,3696,-3696,3693,-3697,3693,-3697,3692,-3698,3692,-3698,3692,-3698,3693,-3697,3692,-3698,3693,3698,3694,-3698,3692,-3698,3691,-3697,3693,-3697,3694,3697,3693,-3696,3693,-3697,3693,-3697,3693,-3697,3693,-3698,3692,-3696,3692,-3694,3690,-3697,3690,3699,3692,-3698,3693,-3696,3692,-3697,3694,-3697,3690,-3698,3690,3699,3690,-3700,3689,-3698,3691,-3698,3690,-3698,3690,3699,3689,-3699,3688,-3699,3689,-3699,3689,-3699,3687,-3698,3690,-3698,3690,-3697,3691,-3699,3690,3696,3690,-3697,3689,-3695,-0.46,SJNFAAZE1U0005576,117.78,13.04,9195.7685546875,79,75,0,0,0,0,15.5,99.17,-173685,51,1528047562.070,0,2,0,0,0,0,0,0,0,4,354.66,354.66,1F,1,1,1,0080,80,40,40,0,0,19,0.00
03/06/2018 18:39:25,55 59.40535,-2 30.55496,239,0,281,555607,1144818,354.62,1.174,3701,3686,3694,15,0,95.8,35.4,88.8,31.6,none,none,82.2,27.9,3692,-3699,3690,-3698,3692,3697,3695,-3696,3692,3697,3692,-3698,3692,-3699,3691,-3699,3692,-3698,3692,-3698,3692,-3698,3692,-3698,3693,-3699,3692,3700,3692,-3697,3694,-3698,3693,-3698,3693,-3697,3693,3698,3692,-3697,3694,-3696,3694,-3698,3692,-3697,3691,-3694,3690,3698,3690,-3699,3691,-3696,3692,-3697,3691,-3698,3691,-3697,3688,-3699,3688,-3700,3688,-3700,3689,3699,3689,-3700,3689,-3698,3688,-3700,3687,-3700,3687,3701,3687,-3701,3687,-3701,3686,-3699,3689,-3698,3689,-3698,3691,-3698,3689,-3698,3688,-3697,3688,3695,-0.46,SJNFAAZE1U0005576,117.78,13.04,9195.7685546875,79,75,0,0,0,0,15.5,99.17,-173685,51,1528047565.557,0,2,0,0,0,0,0,0,0,4,354.64,354.64,1F,1,1,1,0080,80,40,40,0,0,19,0.00
03/06/2018 18:39:28,55 59.40535,-2 30.55496,239,0,281,555596,1144818,354.62,1.662,3701,3685,3694,16,0,95.8,35.4,88.6,31.4,none,none,82.2,27.9,3691,-3699,3690,3698,3692,3697,3695,-3696,3692,-3698,3692,-3697,3692,3699,3692,-3698,3692,-3698,3692,-3697,3691,-3698,3692,-3698,3692,3698,3691,-3699,3691,-3698,3693,-3697,3693,-3696,3693,-3697,3692,-3697,3692,-3697,3693,-3697,3694,3698,3692,-3697,3692,-3693,3690,-3696,3689,-3698,3691,3697,3692,-3696,3691,-3698,3690,-3697,3687,-3699,3689,-3699,3688,-3700,3688,-3698,3690,-3699,3689,3698,3688,-3701,3686,-3700,3685,-3701,3687,-3700,3687,3701,3685,-3698,3689,-3698,3688,-3698,3690,-3699,3689,-3696,3689,-3698,3687,-3695,-0.46,SJNFAAZE1U0005576,117.78,13.04,9195.7685546875,79,75,0,0,0,0,15.5,99.17,-173685,51,1528047568.928,0,2,1,0,3,0,0,0,0,4,354.65,354.65,1F,1,1,1,0080,80,40,40,0,0,19,0.00
03/06/2018 18:39:32,55 59.40535,-2 30.55496,239,0,281,555584,1144818,354.62,1.144,3702,3686,3694,16,0,95.8,35.4,88.8,31.6,none,none,82.2,27.9,-3696,3692,-3697,3690,-3698,3693,-3698,3691,3697,-3692,3697,-3693,3699,-3693,3698,-3692,-3698,-3693,3698,3691,-3698,3692,-3698,3693,-3698,3691,-3699,3691,-3697,3694,-3698,3693,-3698,3693,-3697,3693,-3697,3693,-3696,3692,-3698,3693,-3698,3693,-3696,3693,-3696,3691,-3696,3689,-3698,3691,-3698,3691,-3698,3691,-3698,3691,-3699,3689,-3698,3688,-3699,3688,-3699,3690,-3699,3688,-3700,3690,-3699,3689,-3699,3686,-3701,3687,-3700,3686,-3702,3687,-3701,3687,-3700,3688,-3699,3690,-3699,3689,-3699,3691,-3697,3688,-3697,3689,-3696,3687,-0.46,SJNFAAZE1U0005576,117.78,13.04,9195.7685546875,79,75,0,0,0,0,15.5,99.17,-173685,51,1528047572.754,0,2,0,0,0,0,0,0,0,4,354.66,354.66,1F,1,1,1,0080,80,40,40,0,0,19,0.00
03/06/2018 18:39:36,55 59.40535,-2 30.55496,239,0,281,555574,1144818,354.62,1.113,3702,3686,3694,16,0,95.6,35.3,88.6,31.4,none,none,82.0,27.8,-3697,3692,-3698,3691,-3698,3693,-3698,3692,-3698,3693,-3697,3693,-3698,3691,-3699,3692,-3699,3692,-3698,3691,-3698,3691,-3698,3693,-3698,3692,-3699,3692,-3697,3693,-3698,3693,-3698,3693,-3697,3694,-3698,3693,-3697,3692,-3698,3692,-3698,3693,-3697,3692,-3696,3691,-3695,3689,-3697,3690,-3698,3691,-3698,3692,-3699,3690,-3700,3689,-3698,3687,-3700,3688,-3700,3690,-3699,3688,-3699,3689,-3699,3689,-3699,3687,-3701,3686,-3701,3687,-3702,3687,-3700,3687,-3699,3688,-3699,3688,-3699,3689,-3699,3692,-3697,3688,-3698,3690,-3697,3689,-0.46,SJNFAAZE1U0005576,117.78,13.04,9195.7685546875,79,75,0,0,0,0,15.5,99.17,-173685,51,1528047576.630,0,2,0,0,0,0,0,0,0,4,354.67,354.67,1F,1,1,1,0080,80,40,40,0,0,19,0.00
03/06/2018 18:39:40,55 59.40535,-2 30.55496,239,0,281,555563,1144818,354.62,1.113,3700,3688,3694,12,0,95.6,35.3,88.6,31.4,none,none,82.0,27.8,-3697,3693,-3696,3691,-3698,3693,-3697,3692,-3697,3693,-3698,3694,-3698,3693,-3698,3693,-3698,3694,-3697,3693,-3699,3693,-3698,3693,-3698,3691,-3698,3692,-3697,3694,-3698,3693,-3698,3693,-3697,3695,-3698,3693,-3697,3693,-3697,3693,-3697,3693,-3696,3694,-3696,3691,-3695,3690,-3697,3691,-3698,3692,-3697,3691,-3698,3691,-3699,3689,-3697,3689,-3699,3689,-3698,3691,-3698,3689,-3698,3690,-3699,3690,-3698,3688,-3699,3688,-3699,3688,-3700,3689,-3699,3689,-3699,3689,-3698,3689,-3697,3690,-3698,3691,-3696,3690,-3697,3689,-3696,3689,-0.49,SJNFAAZE1U0005576,117.78,13.04,9195.7685546875,79,75,0,0,0,0,15.5,99.17,-173685,51,1528047580.311,0,2,0,0,0,0,0,0,0,4,354.66,354.66,1F,1,1,1,0080,79,40,40,0,0,19,0.00
03/06/2018 18:39:44,55 59.40535,-2 30.55496,239,0,281,555553,1144818,354.62,1.113,3701,3687,3694,14,0,95.6,35.3,88.6,31.4,none,none,82.2,27.9,-3696,3693,-3697,3692,-3698,3694,-3697,3693,-3698,3692,-3697,3693,-3698,3693,-3698,3693,-3698,3693,-3696,3693,-3698,3693,-3699,3693,-3697,3691,-3699,3692,-3697,3693,-3697,3694,-3696,3693,-3697,3695,-3698,3692,-3697,3694,-3697,3695,-3698,3694,-3696,3693,-3696,3691,-3696,3690,-3698,3692,-3698,3690,-3697,3691,-3697,3691,-3698,3689,-3697,3687,-3699,3689,-3699,3691,-3699,3689,-3700,3691,-3699,3690,-3698,3689,-3699,3688,-3699,3689,-3701,3690,-3699,3688,-3698,3689,-3698,3689,-3697,3690,-3698,3692,-3696,3689,-3697,3689,-3697,3689,-0.47,SJNFAAZE1U0005576,117.78,13.04,9195.7685546875,79,75,0,0,0,0,15.5,99.17,-173685,51,1528047584.006,0,2,0,0,0,0,0,0,0,4,354.67,354.67,1F,1,1,1,0080,79,40,40,0,0,19,0.00
03/06/2018 18:39:47,55 59.40535,-2 30.55496,239,0,281,555544,1144818,354.62,1.174,3701,3686,3694,15,0,95.6,35.3,88.6,31.4,none,none,82.2,27.9,-3697,3692,-3697,3691,-3698,3693,-3698,3692,-3697,3693,-3697,3693,-3698,3692,-3699,3692,-3698,3692,-3698,3692,-3699,3691,-3699,3693,-3699,3692,-3699,3691,-3698,3694,-3697,3693,-3697,3693,-3698,3694,-3698,3693,-3697,3692,-3697,3693,-3698,3693,-3696,3692,-3696,3691,-3695,3690,-3698,3692,-3697,3692,-3698,3690,-3698,3691,-3699,3689,-3699,3687,-3699,3689,-3700,3691,-3700,3689,-3700,3690,-3699,3689,-3699,3686,-3701,3686,-3701,3688,-3701,3687,-3701,3687,-3699,3687,-3699,3688,-3699,3689,-3699,3691,-3697,3688,-3698,3689,-3698,3688,-0.46,SJNFAAZE1U0005576,117.78,13.04,9195.7685546875,79,75,0,0,0,0,16.0,99.17,-173685,51,1528047587.615,0,2,0,0,0,0,0,0,0,4,354.66,354.66,1F,1,1,1,0080,79,40,40,0,0,19,0.00
03/06/2018 18:39:51,55 59.40535,-2 30.55496,239,0,281,555533,1144818,354.62,1.113,3700,3686,3694,14,0,95.6,35.3,88.6,31.4,none,none,82.2,27.9,3692,-3699,3691,-3697,3693,3696,3695,-3695,3694,-3698,3693,3698,3692,-3699,3692,-3698,3693,-3698,3692,-3697,3693,3698,3694,-3698,3693,-3699,3693,-3698,3692,-3698,3694,-3697,3694,-3697,3694,-3697,3694,-3698,3693,3698,3693,-3697,3695,-3698,3693,-3696,3693,-3694,3691,3697,3692,-3698,3691,-3697,3693,-3696,3693,-3698,3693,-3697,3690,-3698,3690,-3699,3690,-3699,3690,3698,3692,-3699,3690,-3697,3690,-3700,3689,-3699,3687,-3699,3689,3700,3688,-3699,3686,-3698,3690,-3698,3690,-3697,3692,3699,3690,-3696,3690,-3697,3690,-3694,-0.47,SJNFAAZE1U0005576,117.78,13.04,9195.7685546875,79,75,0,0,0,0,16.0,99.17,-173685,51,1528047591.409,0,2,0,0,0,0,0,0,0,4,354.66,354.66,1F,1,1,1,0080,79,40,40,0,0,19,0.00
03/06/2018 18:39:55,55 59.40535,-2 30.55496,239,0,281,555523,1144818,354.62,1.144,3702,3686,3694,16,0,95.6,35.3,88.6,31.4,none,none,82.0,27.8,3692,-3699,3690,-3698,3693,3697,3694,-3696,3693,-3698,3692,-3697,3691,-3699,3691,3699,3692,-3699,3691,-3698,3692,-3699,3693,-3698,3692,3699,3691,-3699,3691,-3697,3693,-3697,3693,-3697,3693,-3697,3693,-3698,3693,-3698,3692,-3697,3693,3699,3692,-3697,3692,-3695,3691,-3698,3691,-3699,3692,3698,3692,-3697,3692,-3697,3692,-3698,3689,-3699,3689,-3700,3689,-3701,3689,-3699,3690,-3699,3689,3699,3688,-3701,3687,-3701,3687,-3701,3688,-3702,3688,-3701,3686,3699,3690,-3700,3689,-3699,3691,-3699,3689,-3696,3689,3697,3688,-3695,-0.50,SJNFAAZE1U0005576,117.78,13.04,9195.7685546875,79,75,0,0,0,0,16.0,99.17,-173685,51,1528047595.131,0,2,0,0,0,0,0,0,0,4,354.67,354.67,1F,1,1,1,0080,78,40,40,0,0,19,0.00
03/06/2018 18:39:58,55 59.40535,-2 30.55496,239,0,281,555513,1144818,354.62,1.418,3701,3686,3694,15,0,95.6,35.3,88.6,31.4,none,none,82.0,27.8,3691,3699,3690,-3698,3692,3697,3695,-3696,3693,-3698,3692,-3697,3692,-3699,3691,-3699,3691,-3697,3691,3699,3692,-3698,3692,-3698,3693,-3699,3692,-3699,3691,3697,3693,-3697,3693,-3697,3693,-3698,3693,-3697,3692,-3697,3693,-3697,3694,-3698,3692,-3697,3692,3694,3690,-3698,3690,-3698,3691,-3697,3692,-3696,3692,3697,3692,-3697,3687,-3699,3689,-3701,3689,-3700,3690,-3700,3690,3699,3689,-3698,3688,-3701,3687,-3701,3687,-3701,3688,-3701,3686,-3701,3686,-3698,3689,-3699,3690,3698,3691,-3699,3689,-3697,3689,-3697,3688,-3694,-0.52,SJNFAAZE1U0005576,117.78,13.04,9195.7685546875,79,75,0,0,0,0,16.0,99.17,-173685,51,1528047598.901,0,2,0,0,0,0,0,0,0,4,354.66,354.66,1F,1,1,1,0080,78,40,40,0,0,19,0.00
03/06/2018 18:40:02,55 59.40535,-2 30.55496,239,0,281,555499,1144818,354.62,1.083,3702,3686,3694,16,0,95.6,35.3,88.6,31.4,none,none,82.0,27.8,3692,-3700,3690,-3698,3692,3697,3695,-3697,3692,-3698,3692,-3697,3692,-3699,3691,-3700,3692,-3699,3691,-3698,3693,-3699,3693,3698,3693,-3700,3691,-3699,3691,-3698,3693,-3698,3694,3697,3693,-3697,3693,-3698,3693,-3697,3693,-3697,3693,-3697,3692,-3696,3693,-3694,3690,-3697,3691,3699,3692,-3698,3692,-3696,3693,-3698,3692,-3698,3688,3700,3690,-3700,3689,-3701,3689,-3699,3691,-3699,3689,-3698,3689,3701,3687,-3700,3687,-3701,3688,-3702,3687,-3701,3686,-3699,3689,-3699,3689,-3699,3691,-3699,3690,3698,3689,-3698,3688,-3695,-0.49,SJNFAAZE1U0005576,117.78,13.04,9195.7685546875,79,75,0,0,0,0,16.0,99.17,-173685,51,1528047602.703,0,2,0,0,0,0,0,0,0,4,354.69,354.69,1F,1,1,1,0080,78,40,40,0,0,19,0.00
03/06/2018 18:40:06,55 59.40535,-2 30.55496,239,0,281,555489,1144818,354.62,1.113,3701,3688,3694,13,0,95.6,35.3,88.6,31.4,none,none,82.0,27.8,-3696,3693,-3696,3691,-3698,3694,-3698,3692,-3697,3693,-3698,3694,-3697,3693,-3698,3692,-3697,3693,-3697,3691,-3698,3693,-3698,3693,-3699,3692,-3699,3692,-3697,3694,-3697,3694,-3697,3694,-3696,3695,-3696,3694,-3696,3693,-3697,3694,-3699,3695,-3697,3693,-3696,3692,3696,3690,-3698,3692,3697,-3692,3698,-3691,3697,-3691,3699,-3690,3698,-3689,3700,-3691,-3699,-3691,3698,3689,-3700,3691,-3699,3690,-3698,3689,-3699,3688,-3700,3689,-3701,3689,-3699,3689,-3698,3689,-3698,3689,-3697,3690,-3698,3692,-3696,3690,-3697,3690,-3697,3689,-0.45,SJNFAAZE1U0005576,117.78,13.04,9195.7685546875,79,75,0,0,0,0,16.0,99.17,-173685,51,1528047606.297,0,2,0,0,0,0,0,0,0,4,354.68,354.68,1F,1,1,1,0080,78,40,40,0,0,19,0.00
03/06/2018 18:40:09,55 59.40535,-2 30.55496,239,0,281,555479,1144818,354.62,1.144,3701,3688,3694,13,0,95.6,35.3,88.6,31.4,none,none,81.8,27.7,-3697,3693,-3698,3692,-3699,3693,-3697,3692,-3697,3694,-3697,3693,-3698,3692,-3698,3693,-3698,3693,-3698,3692,-3698,3693,-3698,3693,-3699,3692,-3698,3692,-3698,3693,-3698,3694,-3697,3693,-3696,3694,-3697,3694,-3697,3693,-3697,3693,-3698,3694,-3696,3693,-3697,3692,-3697,3691,-3698,3693,-3697,3692,-3699,3692,-3698,3691,-3700,3690,-3696,3688,-3700,3690,-3699,3692,-3699,3690,-3699,3690,-3699,3691,-3698,3688,-3700,3689,-3698,3689,-3701,3689,-3700,3689,-3699,3689,-3698,3690,-3698,3689,-3698,3692,-3697,3690,-3698,3690,-3696,3689,-0.47,SJNFAAZE1U0005576,117.78,13.04,9195.7685546875,79,75,0,0,0,0,16.0,99.17,-173685,51,1528047609.857,0,2,0,0,0,0,0,0,0,4,354.68,354.68,1F,1,1,1,0080,78,40,40,0,0,19,0.00
03/06/2018 18:40:13,55 59.40535,-2 30.55496,239,0,281,555469,1144818,354.62,1.266,3701,3688,3694,13,0,95.6,35.3,88.6,31.4,none,none,82.0,27.8,-3697,3693,-3696,3692,-3698,3694,-3697,3692,-3699,3693,-3697,3694,-3698,3695,-3698,3694,-3697,3693,-3697,3692,-3698,3692,-3697,3694,-3698,3692,-3698,3691,-3697,3694,-3696,3694,-3697,3693,-3698,3695,-3698,3693,-3697,3693,-3696,3694,-3697,3693,-3697,3693,-3696,3692,-3695,3690,-3697,3691,-3698,3692,-3699,3692,-3698,3691,-3699,3690,-3697,3690,-3699,3690,-3699,3692,-3699,3691,-3700,3690,-3699,3691,-3699,3689,-3700,3688,-3699,3689,-3701,3688,-3701,3689,-3698,3690,-3698,3689,-3699,3690,-3698,3692,-3696,3689,-3696,3689,-3697,3689,-0.50,SJNFAAZE1U0005576,117.78,13.04,9195.7685546875,79,75,0,0,0,0,16.0,99.17,-173685,51,1528047613.532,0,2,0,0,0,0,0,0,0,4,354.69,354.69,1F,1,1,1,0080,77,40,40,0,0,19,0.00
03/06/2018 18:40:17,55 59.40535,-2 30.55496,239,0,281,555458,1144818,354.62,1.235,3701,3687,3694,14,0,95.6,35.3,88.6,31.4,none,none,82.0,27.8,-3698,3691,-3698,3692,-3699,3693,-3698,3692,-3698,3692,-3698,3692,-3697,3692,-3699,3692,-3698,3692,-3698,3691,-3699,3692,-3699,3692,-3699,3690,-3699,3691,-3698,3693,-3696,3692,-3696,3692,-3697,3693,-3698,3693,-3697,3693,-3698,3693,-3698,3693,-3696,3692,-3697,3692,-3696,3689,-3698,3691,-3698,3692,-3699,3691,-3698,3692,-3700,3689,-3699,3687,-3700,3689,-3700,3691,-3699,3689,-3700,3690,-3700,3690,-3699,3687,-3701,3687,-3701,3687,-3701,3688,-3701,3687,-3700,3688,-3698,3688,-3699,3689,-3699,3691,-3698,3689,-3698,3688,-3697,3688,-0.44,SJNFAAZE1U0005576,117.78,13.04,9195.7685546875,79,75,0,0,0,0,16.0,99.17,-173685,51,1528047617.092,0,2,0,0,0,0,0,0,0,4,354.69,354.69,1F,1,1,1,0080,77,40,40,0,0,19,0.00
03/06/2018 18:40:20,55 59.40535,-2 30.55496,239,0,281,555447,1144818,354.62,1.174,3702,3686,3694,16,0,95.6,35.3,88.4,31.3,none,none,82.0,27.8,-3697,3691,-3697,3691,-3699,3694,-3697,3692,-3698,3694,-3698,3693,-3699,3693,-3699,3692,-3698,3693,-3698,3692,-3699,3691,-3699,3693,-3699,3690,-3699,3691,-3697,3693,-3698,3694,-3698,3693,-3696,3694,-3698,3692,-3698,3692,-3698,3693,-3700,3693,-3698,3693,-3697,3691,-3697,3689,-3698,3690,-3698,3692,-3698,3692,-3698,3690,-3699,3691,-3699,3688,-3700,3688,-3701,3691,-3699,3689,-3700,3689,-3699,3690,-3698,3686,-3700,3688,-3702,3687,-3702,3688,-3701,3689,-3700,3688,-3699,3689,-3699,3689,-3699,3692,-3698,3689,-3698,3689,-3697,3688,-0.46,SJNFAAZE1U0005576,117.78,13.04,9195.7685546875,79,75,0,0,0,0,16.0,99.17,-173685,51,1528047620.941,0,2,0,0,0,0,0,0,0,4,354.69,354.69,1F,1,1,1,0080,77,40,40,0,0,19,0.00
03/06/2018 18:40:24,55 59.40535,-2 30.55496,239,0,281,555436,1144818,354.62,1.174,3702,3686,3694,16,0,95.6,35.3,88.4,31.3,none,none,82.0,27.8,3692,3700,3691,-3698,3693,3698,3696,-3696,3693,-3698,3692,-3699,3692,3699,3692,-3700,3692,-3699,3692,-3698,3692,-3698,3693,-3698,3692,-3699,3691,-3699,3691,-3697,3694,3698,3693,-3697,3693,-3697,3693,-3698,3692,-3698,3693,3697,3693,-3698,3692,-3697,3692,-3695,3691,-3698,3691,-3699,3691,-3698,3693,-3697,3692,-3698,3691,3698,3690,-3700,3689,-3700,3689,-3701,3689,-3699,3690,3700,3689,-3699,3689,-3701,3687,-3701,3687,-3702,3688,-3701,3688,-3701,3686,-3699,3689,-3699,3689,3698,3692,-3699,3690,-3697,3689,-3698,3688,-3695,-0.48,SJNFAAZE1U0005576,117.78,13.04,9195.7685546875,79,75,0,0,0,0,16.0,99.17,-173685,51,1528047624.598,0,2,0,0,0,0,0,0,0,4,354.69,354.69,1F,1,1,1,0080,77,40,40,0,0,19,0.00
03/06/2018 18:40:28,55 59.40535,-2 30.55496,239,0,281,555425,1144818,354.62,1.235,3702,3686,3694,16,0,95.4,35.2,88.4,31.3,none,none,81.8,27.7,3692,-3699,3691,-3698,3692,3698,3695,3696,3693,-3698,3693,-3697,3692,-3699,3692,-3698,3692,3698,3692,-3698,3692,-3698,3692,-3698,3692,-3700,3690,-3699,3691,-3697,3693,-3698,3693,-3696,3693,3697,3693,-3698,3693,-3698,3694,-3698,3694,-3698,3692,3696,3692,-3694,3690,-3697,3691,-3699,3692,-3698,3693,-3697,3692,-3699,3693,-3699,3689,-3700,3689,3700,3689,-3701,3689,-3699,3690,-3700,3689,-3699,3688,3702,3686,-3701,3687,-3701,3688,-3701,3687,-3701,3687,-3699,3689,-3699,3689,-3699,3690,-3699,3690,3697,3689,-3698,3688,-3695,-0.43,SJNFAAZE1U0005576,117.78,13.04,9195.7685546875,79,75,0,0,0,0,16.0,99.17,-173685,51,1528047628.335,0,2,0,0,0,0,0,0,0,4,354.69,354.69,1F,1,1,1,0080,77,40,40,0,0,19,0.00
03/06/2018 18:40:32,55 59.40535,-2 30.55496,239,0,281,555411,1144818,354.53,1.815,3700,3687,3693,13,0,95.4,35.2,88.4,31.3,none,none,81.8,27.7,3692,-3697,3690,-3697,3692,3696,3694,-3695,3692,-3697,3693,3696,3691,-3698,3692,-3698,3692,-3696,3692,-3696,3692,3697,3692,-3697,3693,-3698,3691,-3697,3691,-3696,3693,-3696,3693,-3695,3693,-3696,3693,-3696,3692,3696,3693,-3696,3693,-3697,3693,-3696,3692,-3693,3691,3696,3691,-3697,3691,-3697,3693,-3696,3692,-3696,3692,-3696,3689,-3697,3690,-3698,3689,-3700,3689,3699,3691,-3698,3690,-3698,3689,-3698,3687,-3698,3688,3698,3688,-3699,3688,-3698,3687,-3697,3689,-3697,3689,-3697,3691,3697,3690,-3697,3689,-3696,3688,-3693,-0.47,SJNFAAZE1U0005576,117.78,13.04,9195.7685546875,79,75,0,0,0,0,16.0,99.17,-173685,51,1528047632.126,0,2,1,0,3,0,0,0,0,4,354.66,354.66,1F,1,1,1,0080,77,40,40,0,0,19,66.50
03/06/2018 18:40:36,55 59.40535,-2 30.55496,239,0,281,555346,1144818,354.05,15.914,3694,3681,3688,13,0,95.4,35.2,88.4,31.3,none,none,81.8,27.7,3686,-3692,3685,-3690,3686,3690,3689,-3689,3687,-3691,3687,-3692,3687,-3692,3686,3693,3686,-3692,3687,-3691,3687,-3692,3686,-3693,3687,3693,3686,-3693,3686,-3690,3687,-3692,3687,-3691,3686,-3691,3687,-3692,3687,-3691,3686,-3691,3687,3692,3686,-3690,3686,-3687,3685,-3690,3684,-3691,3686,3690,3686,-3689,3685,-3691,3686,-3689,3684,-3693,3684,-3692,3683,-3693,3683,-3693,3685,-3693,3684,3692,3685,-3693,3681,-3692,3682,-3693,3682,-3694,3683,3693,3681,-3692,3684,-3691,3684,-3691,3685,-3693,3684,-3690,3684,3690,3683,-3688,-0.46,SJNFAAZE1U0005576,117.78,13.04,9195.7685546875,79,75,0,0,0,0,16.0,99.17,-173685,51,1528047636.047,3720,2,0,0,0,0,0,0,0,4,354.14,354.14,1F,1,1,1,0080,76,40,40,0,0,19,42.00
03/06/2018 18:40:39,55 59.40535,-2 30.55496,239,0,281,555204,1144818,353.57,25.588,3691,3674,3683,17,0,95.4,35.2,88.4,31.3,none,none,82.0,27.8,3685,3680,3685,-3680,3686,3681,3686,-3681,3686,-3681,3686,-3682,3687,-3681,3687,-3682,-3687,-3682,3687,3680,-3687,3682,-3687,3682,-3687,3679,-3689,3680,-3687,3683,-3687,3683,-3687,3682,-3686,3683,-3686,3681,-3686,3682,-3686,3682,-3686,3683,-3686,3681,-3685,3680,-3683,3677,-3685,3678,-3685,3679,-3685,3678,-3688,3680,-3687,3678,-3685,3676,-3689,3678,-3689,3679,-3689,3678,-3689,3678,-3689,3678,-3688,3674,-3688,3676,-3688,3676,-3691,3676,-3689,3676,-3687,3676,-3687,3678,-3688,3677,-3686,3681,-3685,3677,3686,-3677,3685,-3676,-0.48,SJNFAAZE1U0005576,117.78,13.04,9195.7685546875,79,75,0,0,0,0,16.0,99.17,-173685,51,1528047639.784,4520,2,0,0,0,0,0,0,0,4,353.74,353.74,1F,1,1,1,0080,76,40,40,0,0,19,56.75
03/06/2018 18:40:43,55 59.40535,-2 30.55496,239,0,281,555030,1144818,354.34,2.059,3697,3685,3691,12,0,95.6,35.3,88.6,31.4,none,none,82.0,27.8,-3695,3690,-3694,3689,-3695,3690,-3695,3689,-3695,3691,-3694,3691,-3696,3690,-3696,3690,-3695,3690,-3695,3688,-3695,3690,-3696,3689,-3694,3689,-3695,3689,-3695,3691,-3694,3691,-3694,3690,-3695,3691,-3695,3689,-3694,3690,-3694,3691,-3696,3691,-3693,3689,-3694,3689,-3693,3687,-3694,3688,-3695,3689,-3695,3689,-3694,3688,-3696,3687,-3694,3687,-3696,3687,-3697,3689,-3697,3687,-3696,3687,-3695,3687,-3695,3685,-3697,3685,-3696,3686,-3697,3685,-3697,3686,-3695,3685,-3696,3687,-3695,3688,-3696,3690,-3693,3687,-3695,3687,-3693,3686,-0.45,SJNFAAZE1U0005576,117.78,13.04,9195.7685546875,79,75,0,0,0,0,16.0,99.17,-173685,51,1528047643.597,1840,2,0,0,0,0,0,0,0,4,354.38,354.38,1F,1,1,1,0080,76,40,40,0,0,19,15.00
03/06/2018 18:40:47,55 59.40535,-2 30.55496,239,0,281,554806,1144818,353.09,44.082,3686,3670,3678,16,0,95.4,35.2,88.4,31.3,none,none,81.8,27.7,-3680,3676,-3680,3675,-3682,3677,-3681,3677,-3681,3677,-3680,3678,-3681,3678,-3682,3676,-3682,3678,-3681,3676,-3682,3676,-3683,3679,-3683,3675,-3682,3675,-3682,3679,-3681,3678,-3681,3677,-3681,3679,-3681,3677,-3681,3678,-3682,3679,-3681,3678,-3680,3676,-3679,3675,-3678,3671,-3679,3672,-3680,3673,-3681,3674,-3682,3674,-3682,3673,-3681,3671,-3683,3673,-3684,3674,-3683,3673,-3683,3673,-3682,3675,-3683,3670,-3683,3670,-3684,3670,-3686,3670,-3684,3672,-3682,3672,-3682,3671,-3682,3673,-3681,3673,-3680,3672,-3681,3672,-3678,3671,-0.48,SJNFAAZE1U0005576,117.78,13.04,9195.7685546875,79,75,0,0,0,0,16.0,99.17,-173685,51,1528047647.343,12240,2,0,0,0,0,0,0,0,4,352.90,352.90,1F,1,1,1,0080,76,40,40,0,0,19,32.50
03/06/2018 18:40:51,55 59.40535,-2 30.55496,239,0,280,554565,1144818,353.47,20.339,3690,3674,3682,16,0,95.4,35.2,88.4,31.3,none,none,81.8,27.7,-3685,3680,-3686,3678,-3687,3681,-3686,3680,-3686,3680,-3687,3682,-3687,3681,-3688,3680,-3687,3681,-3687,3680,-3687,3681,-3687,3682,-3688,3680,-3688,3680,-3686,3681,-3686,3681,-3686,3682,-3686,3682,-3687,3681,-3687,3681,-3687,3681,-3687,3682,-3685,3680,-3686,3679,-3683,3677,-3685,3679,-3685,3679,-3686,3679,-3687,3679,-3687,3678,-3686,3676,-3688,3676,-3688,3678,-3688,3677,-3689,3678,-3688,3678,-3690,3674,-3689,3675,-3690,3675,-3690,3676,-3689,3676,-3687,3677,-3687,3677,-3688,3678,-3687,3679,-3686,3677,-3686,3677,-3685,3676,-0.47,SJNFAAZE1U0005576,117.78,13.04,9195.7685546875,79,75,0,0,0,0,16.0,99.17,-173685,51,1528047651.099,7520,2,0,0,0,0,0,0,0,4,353.52,353.52,1F,1,1,1,0080,76,40,40,0,0,19,12.50
03/06/2018 18:40:54,55 59.40535,-2 30.55496,239,0,280,554467,1144818,353.86,9.963,3694,3678,3686,16,0,95.4,35.2,88.4,31.3,none,none,81.8,27.7,-3689,3684,-3689,3685,-3690,3685,-3690,3684,-3690,3685,-3689,3686,-3690,3686,-3691,3684,-3690,3685,-3690,3684,-3690,3685,-3690,3686,-3691,3683,-3692,3684,-3689,3686,-3689,3685,-3690,3685,-3689,3686,-3690,3685,-3690,3685,-3690,3686,-3690,3686,-3689,3686,-3690,3684,-3687,3682,-3689,3683,-3689,3684,-3690,3682,-3690,3682,-3690,3682,-3691,3680,-3692,3681,-3693,3683,-3692,3681,-3692,3682,-3692,3682,-3692,3678,-3694,3679,-3692,3679,-3694,3680,-3693,3680,-3692,3681,-3691,3681,-3692,3682,-3690,3684,-3689,3681,-3691,3681,-3689,3682,-0.48,SJNFAAZE1U0005576,117.78,13.04,9195.7685546875,79,75,0,0,0,0,16.0,99.17,-173685,51,1528047654.820,2600,2,0,0,0,0,0,0,0,4,353.94,353.94,1F,1,1,1,0080,76,40,40,0,0,19,7.50
03/06/2018 18:40:58,55 59.40535,-2 30.55496,239,0,280,554412,1144818,354.53,2.670,3701,3685,3693,16,0,95.4,35.2,88.4,31.3,none,none,81.8,27.7,3691,-3698,3690,-3696,3692,3695,3694,-3695,3692,-3697,3691,3696,3691,-3699,3691,-3697,3690,-3696,3690,-3695,3691,3697,3692,-3697,3691,-3699,3690,-3697,3690,-3695,3693,-3697,3692,-3695,3691,-3695,3693,-3697,3692,3695,3691,-3695,3693,-3696,3691,-3695,3692,-3693,3689,3697,3690,-3698,3690,-3697,3691,-3696,3690,-3697,3691,-3697,3688,-3698,3688,-3699,3688,-3700,3688,3699,3689,-3698,3688,-3698,3687,-3700,3687,-3699,3686,-3701,3686,3699,3686,-3700,3685,-3698,3688,-3698,3689,-3698,3690,3698,3689,-3697,3689,-3696,3688,-3693,-0.46,SJNFAAZE1U0005576,117.78,13.04,9195.7685546875,79,75,0,0,0,0,16.0,99.17,-173685,51,1528047658.559,0,2,0,0,0,0,0,0,0,4,354.20,354.20,1F,1,1,1,0080,76,40,40,0,0,19,-6.00
03/06/2018 18:41:02,55 59.40535,-2 30.55496,239,0,280,554407,1144818,354.24,4.561,3697,3681,3690,16,0,95.4,35.2,88.4,31.3,none,none,81.8,27.7,3688,-3696,3686,-3694,3689,3692,3691,-3692,3690,-3694,3687,-3694,3688,-3695,3687,3694,3688,-3694,3689,-3693,3688,-3694,3687,-3694,3688,3695,3687,-3695,3687,-3693,3689,-3693,3689,-3694,3689,-3694,3689,-3693,3688,-3694,3688,-3694,3689,3694,3689,-3693,3688,-3691,3686,-3693,3686,-3694,3687,3693,3687,-3693,3688,-3694,3687,-3693,3684,-3695,3685,-3695,3686,3697,3685,-3694,3687,-3695,3686,-3694,3684,-3697,3682,-3697,3682,-3697,3682,-3697,3682,-3696,3681,3695,3685,-3695,3686,-3695,3687,-3695,3685,-3693,3685,3694,3684,-3690,-0.49,SJNFAAZE1U0005576,117.78,13.04,9195.7685546875,79,75,0,0,0,0,16.0,99.17,-173685,51,1528047662.339,2640,2,0,0,0,0,0,0,0,4,354.20,354.20,1F,1,1,1,0080,76,40,40,0,0,19,0.00
03/06/2018 18:41:05,55 59.40535,-2 30.55496,239,0,280,554367,1144818,354.53,-7.155,3700,3686,3693,14,0,95.4,35.2,88.4,31.3,none,none,81.8,27.7,3691,3697,3691,-3696,3692,3696,3693,-3694,3692,-3698,3692,-3697,3691,-3698,3692,-3697,3691,-3698,3692,3697,3692,-3697,3691,-3697,3691,-3698,3691,-3698,3691,3696,3692,-3697,3693,-3696,3692,-3697,3692,-3696,3692,-3696,3692,-3696,3693,-3697,3692,-3696,3692,3693,3690,-3696,3690,-3697,3690,-3697,3692,-3695,3691,-3697,3692,3696,3690,-3698,3689,-3699,3689,-3700,3690,-3697,3690,3698,3689,-3697,3689,-3699,3688,-3698,3687,-3699,3688,-3699,3687,-3700,3686,-3698,3689,-3697,3689,3696,3690,-3698,3689,-3696,3690,-3697,3689,-3694,-0.50,SJNFAAZE1U0005576,117.78,13.04,9195.7685546875,79,75,0,0,0,0,16.0,99.17,-173685,51,1528047665.891,2000,2,0,0,0,0,0,0,0,4,354.52,354.52,1F,1,1,1,0080,76,40,40,0,0,19,-1.25
03/06/2018 18:41:09,55 59.40535,-2 30.55496,239,0,280,554368,1144818,354.24,2.456,3698,3683,3690,15,0,95.4,35.2,88.4,31.3,none,none,82.0,27.8,3688,-3695,3687,-3694,3689,3694,3692,-3692,3689,-3694,3689,-3695,3689,-3695,3688,-3695,3687,-3695,3688,-3694,3688,-3695,3689,3694,3688,-3695,3688,-3696,3687,-3693,3690,-3695,3689,3693,3689,-3694,3689,-3695,3689,-3694,3690,-3693,3689,-3694,3689,3693,3688,-3691,3686,-3693,3687,-3696,3687,-3694,3689,-3694,3688,-3695,3687,-3693,3685,-3695,3686,3697,3685,-3698,3686,-3697,3688,-3696,3686,-3694,3685,3698,3683,-3697,3683,-3697,3683,-3697,3683,-3697,3683,-3694,3686,-3695,3686,-3696,3687,-3695,3685,3694,3686,-3695,3684,-3691,-0.46,SJNFAAZE1U0005576,117.78,13.04,9195.7685546875,79,75,0,0,0,0,16.0,99.17,-173685,51,1528047669.478,0,2,0,0,0,0,0,0,0,4,354.33,354.33,1F,1,1,1,0080,75,40,40,0,0,19,0.00
03/06/2018 18:41:13,55 59.40535,-2 30.55496,239,0,280,554447,1144818,355.87,-32.820,3716,3699,3707,17,0,95.4,35.2,88.4,31.3,none,none,81.8,27.7,-3712,3705,-3711,3704,-3712,3705,-3709,3703,-3710,3704,-3710,3704,-3710,3703,-3711,3703,-3710,3703,-3710,3702,-3710,3703,-3710,3703,-3711,3703,-3712,3703,3710,3704,-3710,3704,3709,-3704,3709,-3706,3711,-3705,3711,3703,3711,-3705,3712,-3706,3710,-3704,3711,-3704,3712,3704,3713,-3704,3713,-3705,3712,-3704,3710,-3703,3714,-3703,3713,-3701,3715,-3701,-3714,-3703,3713,3701,-3713,3702,-3714,3703,-3711,3701,-3716,3700,-3715,3700,-3715,3699,-3714,3700,-3714,3701,-3713,3701,-3713,3703,-3714,3706,-3711,3702,-3713,3702,-3711,3702,-0.48,SJNFAAZE1U0005576,117.78,13.04,9195.7685546875,79,75,0,0,0,0,16.0,99.17,-173688,51,1528047673.365,0,2,0,0,0,0,0,0,0,4,355.58,355.58,1F,1,1,1,0080,75,40,40,0,0,19,-74.50
03/06/2018 18:41:17,55 59.40535,-2 30.55496,239,0,281,554830,1144818,354.72,-8.864,3703,3687,3695,16,0,95.4,35.2,88.4,31.3,none,none,81.8,27.7,-3697,3693,-3699,3693,-3699,3693,-3698,3694,-3699,3694,-3699,3694,-3698,3694,-3700,3692,-3699,3694,-3698,3693,-3699,3693,-3699,3694,-3699,3692,-3700,3693,-3699,3695,-3698,3694,-3697,3694,-3698,3695,-3697,3694,-3697,3694,-3698,3694,-3699,3694,-3697,3694,-3697,3693,-3697,3692,-3699,3692,-3698,3693,-3699,3692,-3700,3692,-3701,3690,-3700,3690,-3700,3690,-3700,3691,-3700,3691,-3701,3691,-3700,3690,-3700,3687,-3701,3688,-3702,3689,-3703,3688,-3702,3688,-3700,3689,-3701,3689,-3700,3690,-3699,3692,-3697,3690,-3699,3690,-3698,3690,-0.64,SJNFAAZE1U0005576,117.78,13.04,9195.7685546875,79,75,0,0,0,0,16.0,99.17,-173704,51,1528047677.196,0,2,0,0,0,0,0,0,0,4,355.25,355.25,1F,1,1,1,0080,75,40,40,0,0,19,14.25
03/06/2018 18:41:21,55 59.40535,-2 30.55496,239,0,281,554738,1144818,354.05,16.586,3695,3682,3688,13,0,95.4,35.2,88.4,31.3,none,none,81.8,27.7,-3691,3686,-3690,3686,-3692,3687,-3692,3686,-3692,3687,-3692,3687,-3691,3688,-3692,3686,-3691,3688,-3692,3686,-3692,3686,-3693,3687,-3693,3686,-3693,3686,-3690,3687,-3692,3687,-3691,3688,-3691,3689,-3692,3688,-3690,3689,-3692,3689,-3691,3687,-3689,3687,-3691,3686,-3689,3684,-3691,3686,-3691,3687,-3692,3685,-3692,3685,-3692,3685,-3690,3683,-3693,3683,-3693,3686,-3692,3685,-3693,3685,-3693,3685,-3693,3682,-3694,3682,-3693,3683,-3695,3683,-3694,3682,-3692,3683,-3691,3685,-3692,3684,-3692,3687,-3690,3685,-3691,3682,-3690,3684,-0.50,SJNFAAZE1U0005576,117.78,13.04,9195.7685546875,79,75,0,0,0,0,16.0,99.17,-173704,51,1528047681.069,4440,2,0,0,0,0,0,0,0,4,354.14,354.14,1F,1,1,1,0080,75,40,40,0,0,19,16.00
03/06/2018 18:41:24,55 59.40535,-2 30.55496,239,0,280,554665,1144818,354.72,0.747,3700,3688,3695,12,0,95.2,35.1,88.4,31.3,none,none,81.6,27.6,-3697,3694,-3696,3693,-3698,3693,-3696,3693,-3697,3694,-3699,3695,-3698,3693,-3699,3693,-3698,3694,-3698,3693,-3698,3693,-3698,3694,-3698,3693,-3699,3691,-3697,3695,-3697,3694,-3698,3694,-3697,3695,-3698,3693,-3698,3693,-3697,3693,-3698,3695,-3696,3694,-3696,3691,-3697,3692,-3698,3693,-3699,3693,-3698,3692,-3698,3693,-3699,3691,-3698,3690,-3699,3690,-3699,3691,-3698,3690,-3699,3691,-3699,3691,-3698,3689,-3700,3688,-3700,3689,-3700,3689,-3700,3689,-3699,3690,-3698,3690,-3698,3691,-3698,3693,-3697,3691,-3698,3691,-3697,3691,-0.50,SJNFAAZE1U0005576,117.78,13.04,9195.7685546875,79,75,0,0,0,0,16.0,99.17,-173704,51,1528047684.906,0,2,0,0,0,0,0,0,0,4,354.64,354.64,1F,1,1,1,0080,75,40,40,0,0,19,-5.00
03/06/2018 18:41:28,55 59.40535,-2 30.55496,239,0,281,554770,1144818,354.72,-5.843,3702,3687,3695,15,0,95.4,35.2,88.4,31.3,none,none,81.6,27.6,-3698,3693,-3698,3692,-3699,3693,-3698,3692,-3698,3694,-3698,3693,-3698,3692,-3699,3693,-3699,3693,-3698,3692,-3699,3692,-3698,3693,-3700,3691,-3700,3692,-3698,3694,-3699,3694,-3698,3694,-3697,3693,-3698,3693,-3698,3693,-3698,3694,-3699,3694,-3698,3693,-3697,3692,-3697,3691,-3699,3692,-3699,3693,-3699,3692,-3700,3691,-3701,3691,-3700,3689,-3701,3690,-3701,3691,-3701,3690,-3701,3691,-3701,3690,-3699,3687,-3702,3687,-3702,3687,-3702,3688,-3702,3688,-3701,3690,-3700,3689,-3701,3691,-3700,3693,-3698,3689,-3699,3689,-3698,3689,-0.50,SJNFAAZE1U0005576,117.78,13.04,9195.7685546875,79,75,0,0,0,0,16.0,99.17,-173708,51,1528047688.615,0,2,0,0,0,0,0,0,0,4,354.99,354.99,1F,1,1,1,0080,75,40,40,0,0,19,6.00
03/06/2018 18:41:32,55 59.40535,-2 30.55496,239,0,280,554690,1144818,353.76,23.544,3691,3677,3685,14,0,95.2,35.1,88.2,31.2,none,none,81.8,27.7,3683,3690,3682,-3689,3684,3688,3685,-3688,3684,-3689,3684,-3690,3685,-3691,3683,-3690,3682,-3689,3683,-3689,3684,-3689,3684,-3689,3683,-3690,3683,-3690,3682,-3689,3685,3689,3685,-3689,3684,-3688,3684,-3690,3683,-3688,3685,3688,3685,-3689,3684,-3688,3683,-3685,3681,-3687,3680,-3689,3682,-3687,3684,-3686,3683,-3688,3683,3687,3679,-3689,3682,-3689,3681,-3690,3680,-3689,3682,3689,3680,-3688,3682,-3691,3679,-3690,3679,-3691,3680,-3691,3680,-3690,3677,-3689,3681,-3688,3681,3689,3682,-3688,3681,-3687,3680,-3687,3679,-3685,-0.57,SJNFAAZE1U0005576,117.78,13.04,9195.7685546875,79,75,0,0,0,0,16.0,99.17,-173708,51,1528047692.219,5800,2,0,0,0,0,0,0,0,4,353.88,353.88,1F,1,1,1,0080,75,40,40,0,0,19,69.75
03/06/2018 18:41:36,55 59.40535,-2 30.55496,239,0,280,554543,1144818,354.82,2.028,3701,3689,3696,12,0,95.4,35.2,88.2,31.2,none,none,81.8,27.7,3695,-3700,3693,-3699,3694,3698,3696,-3697,3694,-3699,3694,-3699,3693,-3699,3694,-3699,3694,3700,3694,-3699,3694,-3699,3693,-3699,3694,-3699,3694,-3700,3693,-3699,3694,-3699,3696,-3698,3695,3697,3695,-3699,3694,-3699,3695,-3698,3696,-3698,3694,3698,3695,-3695,3693,-3699,3694,-3700,3694,-3699,3695,-3698,3695,-3699,3695,-3700,3691,-3700,3692,3700,3692,-3701,3692,-3701,3693,-3700,3692,-3699,3691,3700,3690,-3700,3689,-3701,3690,-3701,3690,-3701,3689,-3700,3692,-3700,3692,-3701,3694,-3701,3693,3700,3693,-3700,3692,-3696,-0.46,SJNFAAZE1U0005576,117.78,13.04,9195.7685546875,79,75,0,0,0,0,16.0,99.17,-173708,51,1528047696.169,3840,2,0,0,0,0,0,0,0,4,354.42,354.42,1F,1,1,1,0080,75,40,40,0,0,19,14.25
03/06/2018 18:41:40,55 59.40535,-2 30.55496,239,0,280,554426,1144818,353.66,21.591,3691,3676,3684,15,0,95.4,35.2,88.2,31.2,none,none,81.8,27.7,3682,-3689,3681,-3688,3683,3688,3685,-3686,3683,3689,3683,-3687,3683,-3690,3682,-3690,3683,-3689,3682,-3688,3682,3689,3684,-3689,3682,-3690,3681,-3690,3683,-3688,3684,-3687,3683,-3688,3684,-3688,3684,-3688,3684,3689,3684,-3688,3684,-3689,3683,-3687,3682,-3685,3681,3686,3680,-3688,3681,-3688,3682,-3686,3682,-3689,3682,-3687,3679,-3691,3680,-3691,3679,-3691,3679,3690,3681,-3690,3679,-3688,3681,-3691,3677,-3691,3677,3691,3678,-3691,3678,-3691,3676,-3689,3680,-3691,3679,-3690,3680,-3689,3679,-3688,3680,-3687,3678,3684,-0.47,SJNFAAZE1U0005576,117.78,13.04,9195.7685546875,79,75,0,0,0,0,16.0,99.17,-173708,51,1528047700.004,7120,2,0,0,0,0,0,0,0,4,353.77,353.77,1F,1,1,1,0080,75,40,40,0,0,19,45.75
03/06/2018 18:41:43,55 59.40535,-2 30.55496,239,0,280,554252,1144818,353.86,15.151,3692,3679,3686,13,0,95.2,35.1,88.2,31.2,none,none,81.8,27.7,3685,-3691,3684,3690,3685,3688,3687,-3688,3686,-3690,3685,-3689,3685,-3691,3685,-3690,3684,-3691,3686,-3689,3684,-3690,3685,-3691,3686,3692,3685,-3691,3684,-3690,3685,-3689,3686,-3689,3687,-3690,3685,-3690,3685,-3690,3686,-3689,3686,3690,3685,-3689,3685,-3687,3683,-3688,3683,-3690,3683,3689,3684,-3688,3685,-3690,3685,-3688,3682,-3690,3682,-3691,3683,-3691,3683,-3691,3684,-3690,3682,3689,3682,-3692,3680,-3691,3680,-3692,3681,-3691,3682,3691,3679,-3690,3682,-3689,3682,-3690,3684,-3690,3683,-3689,3682,-3689,3680,-3687,-0.47,SJNFAAZE1U0005576,117.78,13.04,9195.7685546875,79,75,0,0,0,0,16.0,99.17,-173708,51,1528047703.538,5680,2,0,0,0,0,0,0,0,4,353.90,353.90,1F,1,1,1,0080,75,40,40,0,0,19,15.25
03/06/2018 18:41:47,55 59.40535,-2 30.55496,239,0,280,554195,1144818,354.62,-0.960,3702,3686,3694,16,0,95.2,35.1,88.2,31.2,none,none,81.6,27.6,3697,3692,3698,-3691,3699,3692,3698,-3691,3698,-3693,3698,-3692,3699,-3692,3698,-3692,-3698,-3692,3698,3690,-3698,3691,-3698,3692,-3699,3690,-3699,3691,-3698,3692,-3698,3694,-3698,3692,-3697,3693,-3697,3692,-3698,3692,-3698,3692,-3699,3693,-3698,3692,-3697,3691,-3697,3690,-3699,3692,-3698,3692,-3698,3691,-3699,3691,-3701,3689,-3699,3688,-3701,3689,-3702,3691,-3700,3689,-3701,3690,-3700,3689,-3700,3688,-3702,3687,-3702,3686,-3702,3688,-3701,3686,-3700,3688,-3700,3689,-3699,3689,-3699,3692,-3698,3690,3699,-3689,3697,3688,-0.45,SJNFAAZE1U0005576,117.79,13.04,9195.7685546875,79,75,0,0,0,0,16.0,99.17,-173708,51,1528047707.157,0,2,0,0,0,0,0,0,0,4,354.39,354.39,1F,1,1,1,0080,75,40,40,0,0,19,-33.00
03/06/2018 18:41:50,55 59.40535,-2 30.55496,239,0,280,554262,1144818,354.53,-3.279,3701,3685,3693,16,0,95.2,35.1,88.2,31.2,none,none,81.6,27.6,-3695,3690,-3696,3689,-3697,3691,-3696,3691,-3698,3692,-3696,3692,-3696,3691,-3697,3691,-3697,3690,-3697,3688,-3697,3690,-3696,3691,-3697,3690,-3698,3690,-3695,3692,-3696,3692,-3696,3691,-3695,3693,-3697,3691,-3695,3691,-3696,3691,-3696,3692,-3695,3691,-3695,3690,-3695,3689,-3697,3690,-3696,3690,-3697,3690,-3697,3689,-3698,3689,-3698,3687,-3699,3687,-3699,3689,-3699,3688,-3699,3688,-3698,3688,-3698,3685,-3701,3685,-3699,3685,-3700,3685,-3698,3686,-3699,3687,-3697,3688,-3698,3688,-3697,3690,-3695,3687,-3697,3687,-3696,3687,-0.43,SJNFAAZE1U0005576,117.79,13.04,9195.7685546875,79,75,0,0,0,0,16.0,99.17,-173711,51,1528047710.957,0,2,0,0,0,0,0,0,0,4,354.68,354.68,1F,1,1,1,0080,75,40,40,0,0,19,14.50
03/06/2018 18:41:54,55 59.40535,-2 30.55496,239,0,280,554199,1144818,354.24,4.134,3699,3682,3690,17,0,95.2,35.1,88.2,31.2,none,none,81.6,27.6,-3694,3689,-3695,3688,-3695,3689,-3694,3688,-3694,3689,-3694,3689,-3695,3688,-3695,3688,-3695,3689,-3694,3688,-3694,3688,-3695,3689,-3695,3687,-3695,3687,-3695,3690,-3694,3689,-3694,3689,-3692,3691,-3694,3689,-3693,3688,-3695,3689,-3695,3689,-3694,3689,-3694,3688,-3692,3686,-3695,3687,-3695,3687,-3694,3687,-3695,3686,-3696,3686,-3694,3684,-3696,3684,-3697,3686,-3697,3686,-3696,3685,-3696,3686,-3696,3684,-3698,3682,-3699,3683,-3698,3683,-3698,3684,-3696,3685,-3695,3684,-3696,3686,-3696,3687,-3694,3685,-3696,3685,-3693,3685,-0.47,SJNFAAZE1U0005576,117.79,13.04,9195.7685546875,79,75,0,0,0,0,16.0,99.17,-173711,51,1528047714.767,2720,2,0,0,0,0,0,0,0,4,354.32,354.32,1F,1,1,1,0080,75,40,40,0,0,19,12.50
03/06/2018 18:41:58,55 59.40535,-2 30.55496,239,0,280,554124,1144818,354.24,6.149,3698,3682,3690,16,0,95.2,35.1,88.2,31.2,none,none,81.6,27.6,-3693,3688,-3693,3688,-3695,3688,-3694,3688,-3693,3688,-3694,3689,-3693,3687,-3694,3688,-3694,3688,-3694,3687,-3695,3688,-3695,3690,-3695,3687,-3695,3687,-3694,3688,-3693,3688,-3694,3689,-3693,3690,-3694,3688,-3693,3688,-3695,3688,-3694,3690,-3694,3688,-3693,3686,-3692,3685,-3694,3686,-3694,3687,-3695,3687,-3695,3685,-3696,3685,-3693,3684,-3697,3684,-3696,3686,-3696,3685,-3697,3685,-3695,3685,-3697,3682,-3697,3683,-3697,3683,-3698,3683,-3697,3683,-3696,3686,-3695,3686,-3695,3686,-3695,3687,-3694,3685,-3694,3684,-3693,3684,-0.48,SJNFAAZE1U0005576,117.79,13.04,9195.7685546875,79,75,0,0,0,0,16.0,99.17,-173711,50,1528047718.507,3080,2,0,0,0,0,0,0,0,4,354.24,354.24,1F,1,1,1,0080,75,40,40,0,0,19,8.75
03/06/2018 18:42:02,55 59.40535,-2 30.55496,239,0,280,554095,1144818,354.43,1.601,3699,3684,3692,15,0,95.2,35.1,88.2,31.2,none,none,81.6,27.6,-3696,3689,-3695,3689,-3696,3690,-3696,3690,-3696,3690,-3695,3691,-3696,3689,-3696,3690,-3696,3690,-3695,3689,-3696,3689,-3696,3690,-3696,3687,-3697,3689,-3695,3691,-3696,3690,-3695,3690,-3695,3692,-3695,3691,-3696,3690,-3696,3691,-3695,3690,-3695,3689,-3694,3689,-3694,3687,-3696,3689,-3696,3689,-3695,3689,-3696,3688,-3696,3687,-3696,3686,-3697,3686,-3697,3688,-3697,3686,-3698,3687,-3697,3688,-3697,3684,-3699,3684,-3698,3685,-3699,3685,-3699,3685,-3697,3685,-3696,3687,-3697,3687,-3696,3688,-3695,3685,-3696,3687,-3695,3686,-0.47,SJNFAAZE1U0005576,117.79,13.04,9195.7685546875,79,75,0,0,0,0,16.0,99.17,-173711,50,1528047722.547,0,2,0,0,0,0,0,0,0,4,354.44,354.44,1F,1,1,1,0080,75,40,40,0,0,19,5.00
03/06/2018 18:42:06,55 59.40535,-2 30.55496,239,0,280,554078,1144818,354.43,1.510,3698,3684,3692,14,0,95.4,35.2,88.2,31.2,none,none,81.6,27.6,3691,-3696,3689,-3696,3692,3695,3693,-3693,3691,-3697,3690,3695,3690,-3696,3690,-3696,3690,-3696,3690,-3694,3689,3695,3690,-3695,3692,-3696,3690,-3696,3689,-3695,3691,-3695,3692,-3694,3691,-3695,3692,-3695,3692,3695,3691,-3695,3692,-3695,3690,-3695,3691,-3693,3689,3694,3690,-3696,3689,-3695,3691,-3695,3690,-3696,3690,-3695,3686,-3697,3689,-3697,3688,-3698,3688,3696,3689,-3696,3689,-3695,3688,-3697,3686,-3697,3686,3697,3686,-3698,3687,-3698,3684,-3695,3688,-3695,3688,-3695,3690,3696,3687,-3695,3687,-3695,3687,-3693,-0.45,SJNFAAZE1U0005576,117.79,13.04,9195.7685546875,79,75,0,0,0,0,16.0,99.17,-173711,50,1528047726.385,0,2,0,0,0,0,0,0,0,4,354.47,354.47,1F,1,1,1,0080,75,40,40,0,0,19,0.00
03/06/2018 18:42:10,55 59.40535,-2 30.55496,239,0,280,554058,1144818,354.34,2.914,3698,3684,3691,14,0,95.2,35.1,88.2,31.2,none,none,81.6,27.6,3690,-3696,3688,-3693,3689,3693,3691,-3692,3689,-3694,3689,-3694,3690,-3695,3688,3695,3688,-3695,3689,-3694,3689,-3695,3690,-3694,3689,3695,3689,-3695,3689,-3694,3689,-3694,3690,-3694,3689,-3693,3690,-3695,3691,-3694,3691,-3694,3691,3694,3689,-3693,3689,-3690,3688,-3693,3687,-3695,3689,3694,3689,-3693,3689,-3693,3689,-3693,3686,-3695,3688,-3695,3687,-3696,3686,-3695,3689,-3696,3686,3694,3686,-3696,3685,-3696,3685,-3698,3686,-3697,3685,3697,3684,-3695,3687,-3696,3686,-3695,3689,-3696,3687,-3694,3687,3694,3686,-3691,-0.50,SJNFAAZE1U0005576,117.79,13.04,9195.7685546875,79,75,0,0,0,0,16.0,99.17,-173711,50,1528047730.402,120,2,0,0,0,0,0,0,0,4,354.41,354.41,1F,1,1,1,0080,75,40,40,0,0,19,9.75
03/06/2018 18:42:14,55 59.40535,-2 30.55496,239,0,280,554041,1144818,354.53,-0.808,3701,3685,3693,16,0,95.2,35.1,88.2,31.2,none,none,81.6,27.6,3692,3698,3690,-3697,3691,3696,3694,-3695,3691,-3698,3691,-3697,3692,-3699,3691,-3698,3690,-3697,3690,3697,3691,-3697,3692,-3698,3691,-3698,3691,-3699,3690,3697,3693,-3697,3693,-3696,3691,-3696,3692,-3697,3693,-3696,3692,-3697,3693,-3698,3692,-3697,3692,3694,3690,-3697,3689,-3699,3691,-3698,3692,-3697,3691,3697,3691,-3696,3688,-3699,3689,-3700,3687,-3700,3688,-3699,3690,-3699,3688,-3698,3689,-3700,3686,3700,3686,-3700,3687,-3701,3686,-3700,3685,-3698,3687,3698,3687,-3697,3691,-3699,3688,-3697,3688,-3698,3688,-3694,-0.47,SJNFAAZE1U0005576,117.79,13.04,9195.7685546875,79,75,0,0,0,0,16.0,99.17,-173711,50,1528047734.174,80,2,0,0,0,0,0,0,0,4,354.52,354.52,1F,1,1,1,0080,75,40,40,0,0,19,-90.25
03/06/2018 18:42:17,55 59.40535,-2 30.55496,239,0,280,554037,1144818,354.53,1.418,3698,3687,3693,11,0,95.2,35.1,88.2,31.2,none,none,81.8,27.7,3691,-3697,3690,-3695,3692,3695,3693,-3694,3692,-3696,3691,-3696,3691,-3697,3689,-3697,3691,-3696,3691,-3695,3691,-3696,3691,3696,3691,-3697,3691,-3697,3691,-3695,3691,-3696,3691,3695,3691,-3696,3692,-3696,3692,-3696,3693,-3695,3691,-3696,3692,-3695,3692,-3693,3690,-3696,3690,3696,3690,-3695,3690,-3694,3690,-3695,3691,-3696,3689,3696,3689,-3697,3689,-3698,3689,-3697,3690,-3697,3688,-3696,3688,-3698,3687,-3698,3687,-3698,3688,3698,3688,-3697,3687,-3696,3689,-3697,3689,-3696,3690,-3697,3689,3695,3689,-3696,3688,-3693,-0.46,SJNFAAZE1U0005576,117.79,13.04,9195.7685546875,79,75,0,0,0,0,16.0,99.17,-173711,50,1528047737.865,0,2,0,0,0,0,0,0,0,4,354.51,354.51,1F,1,1,1,0080,75,40,40,0,0,19,0.00
03/06/2018 18:42:20,55 59.40535,-2 30.55496,239,0,280,554028,1144818,354.43,0.228,3699,3686,3692,13,0,95.0,35.0,88.0,31.1,none,none,81.6,27.6,-3695,3691,-3695,3691,-3696,3691,-3695,3690,-3695,3691,-3695,3692,-3696,3690,-3696,3690,-3696,3689,-3696,3690,-3696,3690,-3696,3692,-3696,3690,-3696,3690,-3694,3692,-3695,3692,-3695,3692,-3695,3692,-3696,3691,-3696,3692,-3696,3692,-3696,3693,-3694,3691,-3695,3690,-3695,3689,-3695,3689,-3696,3691,-3696,3690,-3697,3689,-3697,3688,-3696,3686,-3698,3688,-3698,3690,-3697,3689,-3698,3689,-3697,3690,-3697,3686,-3699,3688,-3699,3686,-3698,3688,-3697,3686,-3697,3688,-3697,3688,-3697,3688,-3697,3690,-3695,3689,-3696,3689,-3695,3688,-13.71,SJNFAAZE1U0005576,117.79,12.56,9195.7685546875,79,75,0,0,0,0,16.0,99.17,-173711,50,1528047740.741,0,0,0,0,0,0,0,0,0,0,354.60,354.60,17,0,1,1,0000,75,40,40,0,0,19,0.00
03/06/2018 18:42:23,55 59.40535,-2 30.55496,239,0,280,554028,1144818,354.62,-0.044,3699,3687,3694,12,3686,95.2,35.1,88.0,31.1,none,none,81.6,27.6,-3696,3692,-3697,3691,-3698,3692,-3696,3693,-3697,3693,-3697,3693,-3697,3692,-3697,3692,-3696,3693,-3697,3692,-3697,3692,-3698,3692,-3697,3691,-3698,3691,-3696,3693,-3696,3693,-3696,3693,-3696,3694,-3697,3692,-3696,3693,-3697,3693,-3697,3694,-3696,3692,-3696,3690,-3695,3690,-3697,3691,-3698,3691,-3697,3691,-3697,3691,-3698,3689,-3697,3689,-3698,3689,-3698,3691,-3698,3690,-3698,3690,-3698,3690,-3698,3687,-3699,3688,-3698,3688,-3699,3688,-3699,3689,-3697,3688,-3697,3688,-3697,3691,-3698,3691,-3696,3689,-3697,3689,-3696,3689,-7.68,SJNFAAZE1U0005576,117.79,12.48,9195.7685546875,79,75,0,0,0,0,16.0,99.17,-173711,50,1528047743.852,0,0,0,0,0,0,0,0,0,1,354.52,354.52,17,0,1,1,0000,75,40,40,0,0,19,0.00
03/06/2018 18:42:26,55 59.40535,-2 30.55496,239,0,280,554028,1144818,354.53,0.015,3701,3684,3693,17,3681,95.2,35.1,88.2,31.2,none,none,81.6,27.6,-3695,3691,-3696,3690,-3697,3692,-3696,3691,-3696,3691,-3696,3690,-3696,3691,-3697,3691,-3697,3691,-3696,3690,-3696,3690,-3696,3692,-3697,3689,-3698,3689,-3696,3692,-3696,3692,-3696,3691,-3695,3693,-3696,3692,-3697,3691,-3697,3691,-3697,3693,-3695,3692,-3695,3691,-3696,3688,-3696,3690,-3697,3690,-3698,3690,-3698,3690,-3699,3687,-3697,3686,-3699,3688,-3699,3689,-3698,3688,-3699,3688,-3699,3688,-3698,3684,-3700,3685,-3699,3685,-3701,3686,-3699,3686,-3699,3688,-3698,3687,-3698,3688,-3698,3690,-3696,3688,-3698,3688,-3696,3688,-7.27,SJNFAAZE1U0005576,117.79,12.40,9195.7685546875,79,75,0,0,0,0,16.0,99.17,-173711,50,1528047746.713,0,0,0,0,0,0,0,0,0,1,354.54,354.54,17,0,1,1,0000,75,40,40,0,0,19,0.00
03/06/2018 18:42:29,55 59.40535,-2 30.55496,239,0,280,554028,1144818,354.62,0.167,3700,3687,3694,13,3685,95.2,35.1,88.0,31.1,none,none,81.4,27.4,-3696,3692,-3697,3692,-3698,3694,-3697,3692,-3696,3693,-3697,3693,-3696,3693,-3698,3693,-3697,3692,-3697,3692,-3696,3693,-3698,3693,-3698,3691,-3698,3692,-3696,3693,-3697,3694,-3697,3694,-3696,3693,-3697,3692,-3696,3693,-3696,3693,-3697,3694,-3696,3693,-3696,3692,-3695,3690,-3698,3692,-3698,3693,-3697,3692,-3698,3691,-3699,3689,-3698,3689,-3699,3689,-3699,3691,-3698,3690,-3698,3690,-3698,3690,-3698,3687,-3700,3688,-3700,3689,-3700,3689,-3699,3689,-3699,3689,-3697,3689,-3698,3691,-3699,3692,-3697,3690,-3697,3690,-3697,3688,-5.20,SJNFAAZE1U0005576,117.79,12.40,9195.7685546875,79,75,0,0,0,0,16.0,99.17,-173711,50,1528047749.443,0,0,0,0,0,0,0,0,0,1,354.64,354.64,17,0,1,1,0000,75,40,40,0,0,19,0.00
03/06/2018 18:42:32,55 59.40535,-2 30.55496,239,0,280,554028,1144818,354.53,0.015,3702,3685,3693,17,3679,95.2,35.1,88.0,31.1,none,none,81.6,27.6,-3696,3691,-3697,3690,-3698,3692,-3696,3690,-3697,3692,-3696,3692,-3697,3691,-3697,3690,-3697,3692,-3697,3689,-3697,3691,-3697,3692,-3698,3690,-3698,3690,-3696,3692,-3696,3693,-3696,3693,-3695,3693,-3697,3692,-3697,3691,-3697,3692,-3698,3692,-3696,3691,-3696,3690,-3695,3689,-3697,3690,-3698,3691,-3697,3690,-3698,3689,-3699,3688,-3697,3687,-3699,3687,-3699,3688,-3699,3688,-3699,3688,-3698,3688,-3698,3686,-3702,3685,-3699,3686,-3701,3686,-3699,3687,-3699,3687,-3698,3688,-3698,3689,-3697,3690,-3697,3688,-3697,3687,-3697,3688,-5.11,SJNFAAZE1U0005576,117.79,12.40,9195.7685546875,79,75,0,0,0,0,16.0,99.17,-173711,50,1528047752.215,0,0,0,0,0,0,0,0,0,1,354.66,354.66,17,0,1,1,0000,75,40,40,0,0,19,0.00
03/06/2018 18:42:34,55 59.40535,-2 30.55496,239,0,280,554028,1144818,354.53,0.046,3701,3685,3693,16,3681,95.2,35.1,88.2,31.2,none,none,81.6,27.6,-3696,3691,-3697,3689,-3697,3692,-3696,3691,-3697,3692,-3696,3692,-3697,3691,-3697,3691,-3697,3691,-3697,3690,-3697,3691,-3697,3692,-3697,3690,-3699,3690,-3697,3692,-3696,3693,-3696,3692,-3697,3693,-3696,3691,-3696,3691,-3697,3693,-3697,3692,-3696,3691,-3696,3690,-3695,3689,-3698,3689,-3697,3691,-3697,3689,-3698,3689,-3699,3689,-3698,3687,-3698,3687,-3699,3689,-3698,3688,-3699,3689,-3699,3688,-3698,3686,-3701,3685,-3700,3685,-3700,3686,-3699,3687,-3698,3687,-3698,3688,-3698,3688,-3698,3691,-3696,3688,-3698,3688,-3695,3688,-5.11,SJNFAAZE1U0005576,117.79,12.40,9195.7685546875,79,75,0,0,0,0,16.0,99.17,-173711,50,1528047754.959,0,0,0,0,0,0,0,0,0,1,354.67,354.67,17,0,1,1,0000,75,40,40,0,0,19,0.00
03/06/2018 18:42:37,55 59.40535,-2 30.55496,239,0,280,554028,1144818,354.62,-0.044,3702,3686,3694,16,3682,95.2,35.1,88.2,31.2,none,none,81.6,27.6,3691,-3699,3691,3698,3693,3697,3695,-3697,3692,-3698,3692,-3698,3692,3699,3691,-3698,3691,-3698,3693,-3697,3691,-3698,3692,-3697,3692,-3699,3691,-3699,3691,-3697,3694,3697,3694,-3696,3693,-3698,3692,-3697,3693,-3697,3693,3697,3693,-3698,3693,-3696,3692,-3695,3690,-3697,3691,-3699,3691,-3699,3693,-3698,3692,-3699,3691,3697,3688,-3700,3688,-3701,3689,-3701,3689,-3700,3691,-3699,3689,3698,3688,-3702,3687,-3700,3687,-3700,3687,-3701,3687,3701,3686,-3699,3689,-3699,3688,-3700,3692,-3700,3690,-3698,3690,-3698,3689,-3695,-5.15,SJNFAAZE1U0005576,117.79,12.40,9195.7685546875,79,75,0,0,0,0,16.0,99.17,-173711,50,1528047757.742,0,0,0,0,0,0,0,0,0,1,354.59,354.59,17,0,1,1,0000,74,40,40,0,0,19,0.00
03/06/2018 18:42:40,55 59.40535,-2 30.55496,239,0,280,554028,1144818,354.53,-0.044,3702,3685,3693,17,3679,95.2,35.1,88.2,31.2,none,none,81.6,27.6,3691,-3699,3690,-3697,3691,3696,3695,3695,3691,-3698,3691,-3696,3691,-3699,3691,-3698,3690,-3697,3691,3697,3691,-3698,3691,-3698,3691,-3699,3690,-3698,3691,3696,3692,-3697,3692,-3696,3692,-3697,3692,-3697,3692,-3696,3692,-3697,3693,-3697,3691,-3696,3691,3693,3690,-3696,3690,-3698,3690,-3697,3691,-3696,3691,3697,3690,-3697,3688,-3699,3688,-3699,3688,-3700,3689,-3699,3690,-3698,3688,-3698,3688,-3700,3686,3700,3687,-3702,3686,-3700,3687,-3700,3685,-3698,3689,3698,3689,-3698,3690,-3698,3689,-3697,3689,-3697,3688,-3693,-5.17,SJNFAAZE1U0005576,117.79,12.40,9195.7685546875,79,75,0,0,0,0,16.0,99.17,-173711,50,1528047760.539,0,0,0,0,0,0,0,0,0,1,354.59,354.59,17,0,1,1,0000,74,40,40,0,0,19,0.00
03/06/2018 18:42:43,55 59.40535,-2 30.55496,239,0,280,554028,1144818,354.53,-0.075,3700,3687,3693,13,3682,95.0,35.0,88.0,31.1,none,none,81.4,27.4,3692,-3698,3691,-3696,3692,3696,3694,-3696,3692,-3697,3692,-3696,3693,-3697,3691,-3697,3691,-3697,3691,-3696,3691,-3696,3691,3696,3692,-3697,3691,-3697,3691,-3695,3692,-3696,3693,3696,3692,-3696,3693,-3696,3693,-3696,3693,-3695,3693,-3697,3692,3695,3692,-3694,3692,-3697,3692,-3697,3691,-3697,3692,-3695,3691,-3696,3692,-3697,3689,-3697,3689,3698,3689,-3699,3690,-3698,3691,-3698,3690,-3697,3689,3700,3689,-3698,3687,-3699,3688,-3699,3688,-3699,3687,-3697,3689,-3697,3689,-3697,3690,-3698,3689,3696,3690,-3696,3688,-3694,-5.11,SJNFAAZE1U0005576,117.79,12.32,9195.7685546875,79,75,0,0,0,0,16.0,99.17,-173711,50,1528047763.212,0,0,0,0,0,0,0,0,0,1,354.60,354.60,17,0,1,1,0000,74,40,40,0,0,19,0.00
03/06/2018 18:42:45,55 59.40535,-2 30.55496,239,0,280,554028,1144818,354.62,0.197,3702,3686,3694,16,3682,95.0,35.0,88.0,31.1,none,none,81.4,27.4,3692,-3700,3691,-3698,3693,3697,3695,-3696,3692,-3697,3691,3699,3692,-3700,3691,-3699,3692,-3699,3691,-3697,3692,3699,3692,-3698,3692,-3699,3690,-3700,3691,-3697,3693,-3697,3694,-3697,3693,-3697,3693,-3697,3693,3697,3694,-3697,3693,-3699,3692,-3697,3692,-3695,3691,3697,3692,-3700,3691,-3699,3692,-3698,3693,-3699,3691,-3698,3689,-3700,3688,-3700,3690,-3702,3690,3700,3692,-3700,3690,-3699,3690,-3701,3687,-3702,3687,3702,3687,-3702,3687,-3701,3686,-3699,3690,-3699,3689,-3700,3691,3700,3690,-3698,3689,-3698,3688,-3695,-5.11,SJNFAAZE1U0005576,117.79,12.32,9195.7685546875,79,75,0,0,0,0,16.0,99.17,-173711,50,1528047765.865,0,0,0,0,0,0,0,0,0,1,354.71,354.71,17,0,1,1,0000,74,40,40,0,0,19,0.00
03/06/2018 18:42:48,55 59.40535,-2 30.55496,239,0,280,554028,1144818,354.62,-0.075,3702,3686,3694,16,3682,95.0,35.0,88.0,31.1,none,none,81.4,27.4,3692,-3700,3690,-3698,3692,3697,3696,-3696,3692,-3699,3693,-3699,3692,-3699,3692,3699,3692,-3699,3692,-3698,3692,-3699,3693,-3698,3692,-3699,3690,3700,3693,-3697,3692,-3697,3694,-3696,3692,-3697,3693,3698,3692,-3698,3693,-3697,3694,-3699,3693,-3697,3692,-3695,3691,-3698,3691,-3699,3692,-3699,3692,3697,3692,-3699,3692,-3698,3690,-3700,3689,-3701,3691,3702,3689,-3699,3690,-3700,3690,-3699,3689,-3701,3688,-3702,3687,-3702,3688,-3702,3688,-3702,3686,3699,3690,-3699,3689,-3699,3691,-3700,3689,-3698,3689,3699,3688,-3695,-5.09,SJNFAAZE1U0005576,117.79,12.32,9195.7685546875,79,75,0,0,0,0,16.0,99.17,-173711,50,1528047768.416,0,0,0,0,0,0,0,0,0,1,354.62,354.62,17,0,1,1,0000,74,40,40,0,0,19,0.00
03/06/2018 18:42:51,55 59.40535,-2 30.55496,239,0,280,554028,1144818,354.53,0.167,3699,3686,3693,13,3684,95.0,35.0,88.0,31.1,none,none,81.4,27.4,3692,-3698,3691,3697,3692,3696,3694,-3695,3692,-3697,3692,-3696,3691,3698,3692,-3698,3691,-3697,3692,-3696,3691,-3697,3692,-3697,3693,-3697,3690,-3698,3691,-3696,3692,3696,3693,-3696,3693,-3696,3693,-3696,3691,-3696,3693,3696,3694,-3698,3692,-3695,3692,-3693,3690,-3696,3691,-3697,3691,3697,3693,-3696,3692,-3697,3692,-3696,3689,-3697,3689,-3698,3689,-3699,3689,-3697,3691,-3698,3689,3696,3688,-3699,3688,-3698,3688,-3699,3688,-3699,3688,3699,3686,-3697,3690,-3698,3689,-3698,3692,-3698,3690,-3696,3690,-3697,3689,-3695,-5.10,SJNFAAZE1U0005576,117.79,12.32,9195.7685546875,79,75,0,0,0,0,16.0,99.17,-173711,50,1528047771.023,0,0,0,0,0,0,0,0,0,1,354.71,354.71,17,0,1,1,0000,74,40,40,0,0,19,0.00
03/06/2018 18:42:53,55 59.40535,-2 30.55496,239,0,280,554028,1144818,354.62,-0.014,3701,3686,3694,15,3683,95.0,35.0,88.0,31.1,none,none,81.4,27.4,3697,3692,3698,-3691,3697,3693,3697,-3691,3698,-3692,3697,-3692,3698,-3692,3698,-3691,-3698,-3691,3697,3690,-3698,3691,-3698,3692,-3698,3690,-3699,3690,-3697,3691,-3696,3693,-3696,3693,-3695,3694,-3696,3692,-3697,3691,-3697,3692,-3698,3693,-3697,3692,-3696,3691,-3695,3689,-3697,3691,-3697,3692,-3698,3692,-3698,3691,-3699,3689,-3700,3687,-3700,3688,-3700,3690,-3700,3689,-3699,3688,-3699,3690,-3699,3686,-3701,3686,-3700,3686,-3701,3687,-3700,3687,-3700,3687,-3699,3688,-3699,3690,3698,3691,-3696,3690,3698,-3688,3697,-3688,-5.09,SJNFAAZE1U0005576,117.79,12.32,9195.7685546875,79,75,0,0,0,0,16.0,99.17,-173711,50,1528047773.758,0,0,0,0,0,0,0,0,0,1,354.62,354.62,17,0,1,1,0000,74,40,40,0,0,19,0.00
03/06/2018 18:42:56,55 59.40535,-2 30.55496,239,0,280,554028,1144818,354.62,-0.044,3702,3686,3694,16,3682,95.2,35.1,88.0,31.1,none,none,81.4,27.4,-3697,3692,-3696,3692,-3698,3692,-3697,3692,-3698,3692,-3697,3692,-3698,3692,-3699,3691,-3698,3690,-3698,3691,-3697,3691,-3698,3692,-3699,3690,-3699,3690,-3697,3693,-3697,3693,-3696,3693,-3695,3693,-3697,3692,-3697,3692,-3697,3692,-3697,3693,-3697,3692,-3697,3691,-3696,3690,-3699,3690,-3698,3691,-3699,3692,-3698,3691,-3700,3689,-3698,3688,-3700,3688,-3700,3689,-3700,3688,-3700,3689,-3699,3689,-3699,3686,-3701,3686,-3700,3686,-3702,3686,-3700,3687,-3699,3687,-3699,3688,-3698,3690,-3699,3691,-3696,3690,-3698,3689,-3696,3689,-5.08,SJNFAAZE1U0005576,117.79,12.32,9195.7685546875,79,75,0,0,0,0,16.0,99.17,-173711,50,1528047776.579,0,0,0,0,0,0,0,0,0,1,354.63,354.63,17,0,1,1,0000,74,40,40,0,0,19,0.00
03/06/2018 18:42:59,55 59.40535,-2 30.55496,239,0,280,554028,1144818,354.62,-0.044,3701,3687,3694,14,3683,95.0,35.0,88.0,31.1,none,none,81.4,27.4,-3697,3692,-3697,3690,-3698,3692,-3698,3691,-3698,3693,-3697,3693,-3698,3692,-3699,3692,-3697,3693,-3698,3691,-3698,3692,-3698,3692,-3698,3691,-3697,3692,-3697,3692,-3696,3694,-3696,3693,-3696,3694,-3697,3692,-3697,3692,-3698,3692,-3698,3692,-3697,3691,-3697,3691,-3696,3690,-3698,3691,-3698,3692,-3699,3690,-3698,3690,-3699,3690,-3699,3688,-3699,3688,-3700,3689,-3699,3689,-3700,3690,-3700,3688,-3699,3687,-3701,3687,-3701,3687,-3701,3687,-3700,3687,-3699,3689,-3699,3688,-3699,3689,-3698,3691,-3697,3689,-3698,3687,-3697,3688,-5.08,SJNFAAZE1U0005576,117.79,12.32,9195.7685546875,79,75,0,0,0,0,16.0,99.17,-173711,50,1528047779.354,0,0,0,0,0,0,0,0,0,1,354.64,354.64,17,0,1,1,0000,74,40,40,0,0,19,0.00
03/06/2018 18:43:02,55 59.40535,-2 30.55496,239,0,280,554028,1144818,354.62,0.137,3701,3687,3694,14,3683,95.0,35.0,88.0,31.1,none,none,81.4,27.4,-3696,3693,-3697,3692,-3698,3693,-3696,3692,-3697,3693,-3697,3693,-3697,3691,-3697,3692,-3697,3693,-3695,3691,-3697,3692,-3697,3693,-3698,3691,-3698,3691,-3696,3693,-3696,3694,-3697,3693,-3695,3694,-3697,3693,-3697,3692,-3697,3693,-3697,3693,-3696,3692,-3696,3692,-3695,3690,-3697,3692,-3697,3691,-3697,3692,-3698,3691,-3699,3690,-3697,3689,-3699,3689,-3699,3691,-3698,3690,-3699,3690,-3698,3690,-3698,3687,-3701,3688,-3699,3688,-3701,3689,-3700,3689,-3698,3689,-3698,3689,-3698,3690,-3697,3693,-3696,3690,-3697,3689,-3697,3689,-5.08,SJNFAAZE1U0005576,117.79,12.32,9195.7685546875,79,75,0,0,0,0,16.0,99.17,-173711,50,1528047782.011,0,0,0,0,0,0,0,0,0,1,354.73,354.73,17,0,1,1,0000,74,40,40,0,0,19,0.00
03/06/2018 18:43:04,55 59.40535,-2 30.55496,239,0,280,554028,1144818,354.62,-0.044,3702,3686,3694,16,3682,95.0,35.0,88.0,31.1,none,none,81.4,27.4,-3696,3691,-3698,3691,-3698,3692,-3697,3692,-3698,3692,-3697,3692,-3697,3691,-3698,3691,-3698,3692,-3697,3692,-3698,3691,-3698,3693,-3698,3691,-3698,3691,-3697,3693,-3697,3692,-3698,3693,-3696,3694,-3697,3693,-3696,3692,-3697,3692,-3698,3693,-3697,3691,-3697,3692,-3697,3690,-3698,3692,-3698,3690,-3698,3691,-3699,3690,-3699,3690,-3698,3689,-3701,3689,-3699,3690,-3700,3689,-3699,3690,-3699,3690,-3699,3687,-3702,3686,-3701,3687,-3702,3688,-3701,3687,-3699,3688,-3699,3688,-3698,3689,-3699,3691,-3698,3689,-3698,3688,-3698,3688,-5.10,SJNFAAZE1U0005576,117.79,12.32,9195.7685546875,79,75,0,0,0,0,16.0,99.17,-173711,50,1528047784.679,0,0,0,0,0,0,0,0,0,1,354.65,354.65,17,0,1,1,0000,74,40,40,0,0,19,0.00
03/06/2018 18:43:07,55 59.40535,-2 30.55496,239,0,280,554028,1144818,354.62,-0.014,3701,3685,3694,16,3683,95.0,35.0,88.0,31.1,none,none,81.4,27.4,-3696,3691,-3697,3692,-3698,3693,-3698,3692,-3698,3692,-3697,3693,-3698,3692,-3698,3691,-3697,3691,-3698,3691,-3698,3691,-3698,3692,-3699,3692,-3699,3691,-3697,3692,-3697,3694,-3697,3692,-3696,3694,-3697,3692,-3697,3693,-3696,3692,-3698,3693,-3696,3692,-3697,3690,-3696,3688,-3699,3691,-3699,3691,-3698,3691,-3699,3689,-3699,3690,-3698,3688,-3699,3688,-3700,3690,-3700,3689,-3700,3689,-3699,3689,-3699,3687,-3700,3685,-3700,3687,-3701,3687,-3700,3687,-3700,3688,-3698,3689,-3699,3689,-3699,3691,-3698,3689,-3699,3689,-3696,3688,-5.08,SJNFAAZE1U0005576,117.79,12.32,9195.7685546875,79,75,0,0,0,0,16.0,99.17,-173711,50,1528047787.246,0,0,0,0,0,0,0,0,0,1,354.65,354.65,17,0,1,1,0000,74,40,40,0,0,19,0.00
03/06/2018 18:43:09,55 59.40535,-2 30.55496,239,0,280,554028,1144818,354.72,-0.075,3702,3687,3695,15,3684,95.2,35.1,88.0,31.1,none,none,81.4,27.4,3694,-3701,3692,-3699,3693,3697,3696,-3697,3693,-3699,3693,-3699,3693,-3700,3692,-3699,3693,-3699,3693,-3698,3692,-3699,3693,3698,-3692,3701,-3692,3699,-3692,3698,-3694,3699,-3694,3699,-3694,3698,-3694,3698,-3693,3698,-3694,3698,-3694,3699,-3693,3698,-3693,3695,-3692,3699,-3691,3699,-3692,3699,-3693,3698,-3693,3700,-3693,3699,-3690,3700,-3689,3701,-3690,3702,-3691,3700,-3690,3701,-3691,3699,-3690,3701,-3688,3702,-3687,3702,-3688,3702,-3688,3702,-3687,3701,-3690,3701,-3690,3700,3692,3700,-3691,3699,3690,-3699,3689,-3696,-5.11,SJNFAAZE1U0005576,117.79,12.24,9195.7685546875,79,75,0,0,0,0,16.0,99.17,-173711,50,1528047789.659,0,0,0,0,0,0,0,0,0,1,354.66,354.66,17,0,1,1,0000,73,40,40,0,0,19,0.00
03/06/2018 18:43:12,55 59.40535,-2 30.55496,239,0,280,554028,1144818,354.62,-0.014,3700,3687,3694,13,3685,95.2,35.1,88.0,31.1,none,none,81.4,27.4,3693,-3698,3690,-3697,3693,3696,3695,-3695,3692,-3697,3692,3698,3693,-3698,3693,-3698,3692,-3697,3692,-3698,3693,3697,3692,-3697,3693,-3697,3692,-3699,3692,-3697,3693,-3697,3694,-3697,3693,-3697,3694,-3697,3693,3697,3692,-3696,3693,-3697,3692,-3696,3693,-3693,3691,3698,3692,-3698,3692,-3697,3693,-3696,3693,-3697,3692,-3697,3690,3698,3690,-3700,3691,-3699,3690,-3698,3692,-3699,3690,-3698,3689,-3700,3689,-3699,3688,-3700,3688,3700,3688,-3698,3687,-3698,3691,-3698,3690,-3699,3693,3699,3691,-3698,3690,-3697,3690,-3694,-5.12,SJNFAAZE1U0005576,117.79,12.24,9195.7685546875,79,75,0,0,0,0,16.0,99.17,-173711,50,1528047792.345,0,0,0,0,0,0,0,0,0,1,354.66,354.66,17,0,1,1,0000,73,40,40,0,0,19,0.00
03/06/2018 18:43:15,55 59.40535,-2 30.55496,239,0,280,554028,1144818,354.62,-0.075,3702,3686,3694,16,3682,95.0,35.0,88.0,31.1,none,none,81.4,27.4,3692,-3699,3691,-3698,3693,3698,3694,-3696,3692,-3698,3692,-3697,3692,-3699,3692,-3699,3691,-3699,3691,-3697,3692,-3698,3691,-3698,3692,-3699,3691,3699,3691,-3697,3694,-3697,3693,-3697,3693,-3697,3693,3698,3693,-3698,3692,-3696,3694,-3697,3691,-3696,3692,-3695,3690,-3698,3690,-3700,3692,-3698,3693,3696,3692,-3698,3692,-3697,3688,-3699,3689,-3699,3689,3702,3689,-3699,3691,-3699,3689,-3699,3689,-3700,3687,-3700,3686,-3701,3687,-3700,3688,-3701,3686,3698,3689,-3698,3689,-3698,3690,-3699,3690,-3698,3689,3699,3687,-3695,-4.36,SJNFAAZE1U0005576,117.79,12.32,9195.7685546875,79,75,0,0,0,0,16.0,99.17,-173711,50,1528047795.199,0,0,0,0,0,0,0,0,0,1,354.67,354.67,17,0,1,1,0000,73,40,40,0,0,19,0.00
03/06/2018 18:43:17,55 59.40535,-2 30.55496,239,0,280,554028,1144818,354.72,-0.075,3702,3689,3695,13,3684,95.0,35.0,88.0,31.1,none,none,81.4,27.4,3694,-3700,3693,3697,3694,3697,3696,-3696,3694,-3698,3693,-3698,3693,3699,3693,-3699,3692,-3698,3694,-3698,3694,-3698,3692,-3699,3693,-3700,3693,-3699,3693,-3697,3694,3698,3695,-3697,3694,-3698,3694,-3698,3694,-3697,3694,-3696,3695,-3699,3693,-3698,3693,-3695,3693,-3698,3693,-3699,3693,3699,3694,-3698,3694,-3698,3693,-3698,3691,-3698,3690,-3699,3691,-3702,3691,-3699,3693,-3700,3692,3698,3691,-3700,3689,-3700,3689,-3699,3689,-3701,3690,3700,3689,-3699,3690,-3699,3691,-3699,3693,-3700,3692,-3698,3692,-3698,3690,-3695,-6.38,SJNFAAZE1U0005576,117.79,12.24,9195.7685546875,79,75,0,0,0,0,16.0,99.17,-173711,50,1528047797.688,0,0,0,0,0,0,0,0,0,1,354.67,354.67,17,0,1,1,0000,73,40,40,0,0,19,0.00
03/06/2018 18:43:20,55 59.40535,-2 30.55496,239,0,280,554028,1144818,354.62,-0.044,3702,3686,3694,16,3682,95.0,35.0,88.0,31.1,none,none,81.4,27.4,3692,-3700,3691,-3698,3693,3696,3695,3696,3692,-3698,3692,-3698,3692,-3699,3692,-3699,3692,-3698,3692,3697,3692,-3699,3692,-3698,3692,-3700,3691,-3699,3691,3698,3692,-3697,3693,-3697,3693,-3698,3693,-3698,3693,-3698,3693,-3698,3694,-3698,3693,-3697,3692,3694,3691,-3698,3690,-3699,3692,-3698,3692,-3698,3692,3699,3692,-3698,3688,-3699,3689,-3701,3691,-3702,3689,-3699,3690,-3700,3690,-3698,3688,-3702,3687,3701,3686,-3701,3687,-3701,3687,-3701,3687,-3700,3690,3699,3688,-3699,3691,-3700,3691,-3696,3689,-3698,3688,-3694,-6.36,SJNFAAZE1U0005576,117.79,12.24,9195.7685546875,79,75,0,0,0,0,16.0,99.17,-173711,50,1528047800.908,0,0,0,0,0,0,0,0,0,1,354.68,354.68,17,0,1,1,0000,73,40,40,0,0,19,0.00
03/06/2018 18:43:23,55 59.40535,-2 30.55496,239,0,280,554028,1144818,354.72,-0.044,3703,3688,3695,15,3683,95.0,35.0,88.0,31.1,none,none,81.4,27.4,3693,-3700,3691,-3698,3693,3698,3696,-3696,3693,-3698,3692,-3699,3693,-3701,3692,-3699,3693,-3699,3693,-3699,3693,-3699,3693,3699,3694,-3700,3691,-3700,3692,-3698,3694,-3699,3694,3698,3694,-3698,3694,-3699,3693,-3698,3693,-3699,3694,-3699,3694,3698,3693,-3696,3692,-3699,3693,-3700,3692,-3699,3694,-3698,3693,-3700,3692,-3699,3690,-3700,3690,3702,3690,-3702,3690,-3701,3692,-3701,3691,-3699,3690,3702,3688,-3703,3688,-3701,3688,-3703,3688,-3702,3688,-3701,3690,-3701,3690,-3700,3693,-3700,3691,3699,3691,-3699,3690,-3696,-6.38,SJNFAAZE1U0005576,117.79,12.24,9195.7685546875,79,75,0,0,0,0,16.0,99.17,-173711,50,1528047803.778,0,0,0,0,0,0,0,0,0,1,354.67,354.67,17,0,1,1,0000,73,40,40,0,0,19,0.00
03/06/2018 18:43:27,55 59.40535,-2 30.55496,239,0,280,554028,1144818,354.72,-0.044,3703,3688,3695,15,3683,95.0,35.0,88.0,31.1,none,none,81.4,27.4,-3699,3694,-3698,3691,-3699,3693,-3699,3693,-3698,3693,-3699,3694,-3700,3694,-3700,3693,3700,-3693,3699,-3692,3699,3693,3700,-3694,3700,-3692,3701,-3691,3698,-3694,3698,-3693,3698,-3694,3698,-3695,3698,-3694,3699,3694,3699,-3693,3699,-3694,3698,-3694,3697,-3692,3697,3691,3700,-3692,3701,-3693,3700,-3693,3700,-3692,3701,-3691,3699,-3689,3702,-3689,-3701,-3692,3700,3690,-3702,3691,-3699,3691,-3700,3688,-3703,3688,-3702,3688,-3703,3689,-3701,3688,-3702,3690,-3701,3690,-3700,3690,-3700,3694,-3699,3691,-3700,3690,-3699,3690,-5.59,SJNFAAZE1U0005576,117.79,12.24,9195.7685546875,79,75,0,0,0,0,16.0,99.17,-173711,50,1528047807.193,0,0,0,0,0,0,0,0,0,1,354.69,354.69,17,0,1,1,0000,72,40,40,0,0,19,0.00
03/06/2018 18:43:34,55 59.40535,-2 30.55496,239,0,280,554001,1144818,354.50,-0.0,3703,3688,3695,15,3683,95.2,35.1,88.0,31.1,none,none,81.4,27.4,-3699,3694,-3698,3691,-3699,3693,-3699,3693,-3698,3693,-3699,3694,-3700,3694,-3700,3693,3700,-3693,3699,-3692,3699,3693,3700,-3694,3700,-3692,3701,-3691,3698,-3694,3698,-3693,3698,-3694,3698,-3695,3698,-3694,3699,3694,3699,-3693,3699,-3694,3698,-3694,3697,-3692,3697,3691,3700,-3692,3701,-3693,3700,-3693,3700,-3692,3701,-3691,3699,-3689,3702,-3689,-3701,-3692,3700,3690,-3702,3691,-3699,3691,-3700,3688,-3703,3688,-3702,3688,-3703,3689,-3701,3688,-3702,3690,-3701,3690,-3700,3690,-3700,3694,-3699,3691,-3700,3690,-3699,3690,-2.20,SJNFAAZE1U0005576,117.79,12.32,9195.7685546875,79,75,0,0,0,0,16.0,99.17,-173711,50,1528047814.085,0,0,0,0,0,0,0,0,0,1,354.79,354.50,17,0,0,1,0000,72,40,40,0,0,19,0.00
